Annual Production (AF),Total Water Production (m3),Total Cost ($),Total Energy Cost ($),Total Demand Cost ($),Total Feed Cost ($),Total Brine Cost ($),Total Chemical Cost ($),Total Replacement Cost ($),Degree of Flexibility,Levelized Cost of Water ($/m3)
6000,141089.83568760307,160803.67983529574,7633.62457378402,5190.618872891457,9126.777550688983,7651.908623251364,9648.767687798187,1388.8588100828592,2.855208170324358,1.139725473855838
15000,352724.5890557039,263749.43708927673,25115.73279518517,17077.880347287577,56752.17696088318,19129.750795962307,24121.913663076783,1044.7845646247579,0.5022457118544774,0.747748938613475
