month,tech,total_cost,pv_capacity_kw,wind_capacity_kw,battery_capacity_kwh,total_plant_production_capacity_m3_per_h,total_plant_production_capacity_m3_per_day
June,GAC,1289.6954999653915,0.6246279819525848,0.9527725389177721,1.4674671040951752,5.434782608695652,130.43478260869568
June,IX,853.5992807450084,0.9867719004481811,1.3173482516915176,1.9031576509022963,5.681818181818182,136.36363636363637
October,GAC,2385.197117258718,1.4338047492211219,1.896425570545951,3.1839284958916645,7.352941176470588,176.47058823529414
October,IX,1537.2420928262416,2.2990323927808025,2.268761941094324,3.731299449565941,7.8125,187.50000000000003
