month,tech,total_cost,pv_capacity_kw,wind_capacity_kw,battery_capacity_kwh,total_plant_production_capacity_m3_per_h,total_plant_production_capacity_m3_per_day
October,RO,3495.113127405142,3.7359276382688043,3.6867381542782764,6.063361605544653,7.8125,187.50000000000003
October,UF+GAC,2435.839829854585,1.6933183976332482,1.7445197293167638,4.031507471500267,6.944444444444445,166.66666666666669
October,UF+IX,1591.9295928262418,2.2990323927808025,2.268761941094324,3.731299449565941,7.8125,187.50000000000003
June,RO,2179.822503094806,1.8353957348336196,2.4502677481462207,3.539873230678268,5.681818181818182,136.36363636363637
June,UF+GAC,1327.738978226261,0.6246279819525848,0.9527725389177721,1.4674671040951752,5.434782608695652,130.43478260869568
June,UF+IX,893.3720080177358,0.9867719004481811,1.3173482516915176,1.9031576509022963,5.681818181818182,136.36363636363637
