,Day,Time,LMP,bypass_pretreatment_flow,power_from_grid,intake.op_mode,intake.startup,intake.shutdown,intake.energy_intensity,intake.power_consumption,intake.recovery,intake.feed_flowrate,intake.product_flowrate,intake.reject_flowrate,intake.feed_cost,intake.chemical_cost,pretreatment.op_mode,pretreatment.startup,pretreatment.shutdown,pretreatment.power_consumption,pretreatment.feed_flowrate,pretreatment.product_flowrate,pretreatment.reject_flowrate,pretreatment.inlet_flowrate,pretreatment.leftover_flow,pretreatment.uf_pumps[1].op_mode,pretreatment.uf_pumps[1].startup,pretreatment.uf_pumps[1].shutdown,pretreatment.uf_pumps[1].energy_intensity,pretreatment.uf_pumps[1].power_consumption,pretreatment.uf_pumps[1].recovery,pretreatment.uf_pumps[1].feed_flowrate,pretreatment.uf_pumps[1].product_flowrate,pretreatment.uf_pumps[1].reject_flowrate,pretreatment.uf_pumps[2].op_mode,pretreatment.uf_pumps[2].startup,pretreatment.uf_pumps[2].shutdown,pretreatment.uf_pumps[2].energy_intensity,pretreatment.uf_pumps[2].power_consumption,pretreatment.uf_pumps[2].recovery,pretreatment.uf_pumps[2].feed_flowrate,pretreatment.uf_pumps[2].product_flowrate,pretreatment.uf_pumps[2].reject_flowrate,pretreatment.uf_pumps[3].op_mode,pretreatment.uf_pumps[3].startup,pretreatment.uf_pumps[3].shutdown,pretreatment.uf_pumps[3].energy_intensity,pretreatment.uf_pumps[3].power_consumption,pretreatment.uf_pumps[3].recovery,pretreatment.uf_pumps[3].feed_flowrate,pretreatment.uf_pumps[3].product_flowrate,pretreatment.uf_pumps[3].reject_flowrate,reverse_osmosis.op_mode,reverse_osmosis.startup,reverse_osmosis.shutdown,reverse_osmosis.power_consumption,reverse_osmosis.feed_flowrate,reverse_osmosis.product_flowrate,reverse_osmosis.reject_flowrate,reverse_osmosis.inlet_flowrate,reverse_osmosis.leftover_flow,reverse_osmosis.ro_skid[1].op_mode,reverse_osmosis.ro_skid[1].startup,reverse_osmosis.ro_skid[1].shutdown,reverse_osmosis.ro_skid[1].energy_intensity,reverse_osmosis.ro_skid[1].power_consumption,reverse_osmosis.ro_skid[1].recovery,reverse_osmosis.ro_skid[1].feed_flowrate,reverse_osmosis.ro_skid[1].product_flowrate,reverse_osmosis.ro_skid[1].reject_flowrate,reverse_osmosis.ro_skid[2].op_mode,reverse_osmosis.ro_skid[2].startup,reverse_osmosis.ro_skid[2].shutdown,reverse_osmosis.ro_skid[2].energy_intensity,reverse_osmosis.ro_skid[2].power_consumption,reverse_osmosis.ro_skid[2].recovery,reverse_osmosis.ro_skid[2].feed_flowrate,reverse_osmosis.ro_skid[2].product_flowrate,reverse_osmosis.ro_skid[2].reject_flowrate,reverse_osmosis.ro_skid[3].op_mode,reverse_osmosis.ro_skid[3].startup,reverse_osmosis.ro_skid[3].shutdown,reverse_osmosis.ro_skid[3].energy_intensity,reverse_osmosis.ro_skid[3].power_consumption,reverse_osmosis.ro_skid[3].recovery,reverse_osmosis.ro_skid[3].feed_flowrate,reverse_osmosis.ro_skid[3].product_flowrate,reverse_osmosis.ro_skid[3].reject_flowrate,reverse_osmosis.ro_skid[4].op_mode,reverse_osmosis.ro_skid[4].startup,reverse_osmosis.ro_skid[4].shutdown,reverse_osmosis.ro_skid[4].energy_intensity,reverse_osmosis.ro_skid[4].power_consumption,reverse_osmosis.ro_skid[4].recovery,reverse_osmosis.ro_skid[4].feed_flowrate,reverse_osmosis.ro_skid[4].product_flowrate,reverse_osmosis.ro_skid[4].reject_flowrate,posttreatment.op_mode,posttreatment.startup,posttreatment.shutdown,posttreatment.energy_intensity,posttreatment.power_consumption,posttreatment.feed_flowrate,posttreatment.product_flowrate,posttreatment.reject_flowrate,posttreatment.chemical_cost,brine_discharge.op_mode,brine_discharge.startup,brine_discharge.shutdown,brine_discharge.feed_flowrate,brine_discharge.power_consumption,brine_discharge.brine_cost,num_skids_online,net_power_consumption,water_revenue,demand_response_revenue,emissions_cost,energy_cost
0,1,1,0.1016,0.0,1240.6773619475293,,,,0,0.0,1,2254.971920076492,2254.971920076492,-0.0,360.79550721223876,74.86506774653954,0.0,,,338.7481778895177,2254.971920076492,2164.7730432734324,90.19887680305976,2254.971920076492,0.0,1.0,0.0,0.0,0.1564820750803902,112.91605929650625,0.96,751.6573066921657,721.591014424479,30.066292267686663,1.0,0.0,0.0,0.15648207508039022,112.91605929650682,0.96,751.6573066921693,721.5910144244825,30.066292267686777,1.0,0.0,0.0,0.15648207508038997,112.91605929650478,0.96,751.657306692157,721.5910144244707,30.066292267686322,,,,701.4671066873956,2164.7730432734324,1984.7730432734252,179.99999999999739,2164.7730432734224,1.000444171950221e-11,1.0,0.0,0.0,0.3544799631776616,176.64088996312867,0.9171743483700163,543.3099422028489,498.3099422028492,44.999999999999716,1.0,0.0,0.0,0.3544799631776624,176.64088996312967,0.9171743483700173,543.3099422028503,498.30994220285095,44.99999999999932,1.0,0.0,0.0,0.3544799631776645,176.64088996313217,0.9171743483700174,543.3099422028546,498.309942202855,44.9999999999996,1.0,0.0,0.0,0.35020274030939275,171.54443679800508,0.9158631939269866,534.8432166648688,489.84321666487006,44.99999999999875,1.0,,,0.101,200.46207737061596,1984.7730432734252,1984.7730432734252,0.0,61.52796434147618,0.0,,,270.19887680306715,8.526512829121202e-14,116.18551702531887,4.0,1240.6773619475293,0.0,-0.0,0.0,126.05281997386898
1,1,2,0.1016,0.0,1240.6773619475302,,,,0,0.0,1,2254.971920076488,2254.971920076488,-0.0,360.7955072122381,74.8650677465394,0.0,,,338.74817788951725,2254.971920076488,2164.7730432734284,90.19887680305965,2254.971920076488,0.0,1.0,0.0,0.0,0.1564820750803902,112.91605929650625,0.96,751.6573066921657,721.591014424479,30.066292267686663,1.0,0.0,0.0,0.1564820750803902,112.91605929650618,0.96,751.6573066921652,721.5910144244785,30.066292267686663,1.0,0.0,0.0,0.15648207508038997,112.91605929650478,0.96,751.657306692157,721.5910144244707,30.066292267686322,,,,701.4671066873967,2164.7730432734284,1984.773043273427,179.9999999999983,2164.773043273425,3.183231456205249e-12,1.0,0.0,0.0,0.3544799631776624,176.64088996312967,0.9171743483700172,543.3099422028503,498.3099422028509,44.999999999999375,1.0,0.0,0.0,0.35447996317766306,176.64088996313046,0.9171743483700173,543.3099422028516,498.3099422028522,44.99999999999943,1.0,0.0,0.0,0.35447996317766434,176.64088996313188,0.9171743483700164,543.3099422028546,498.3099422028545,45.000000000000114,1.0,0.0,0.0,0.3502027403093926,171.5444367980048,0.9158631939269855,534.8432166648688,489.84321666486943,44.999999999999375,1.0,,,0.101,200.46207737061613,1984.773043273427,1984.773043273427,0.0,61.527964341476235,0.0,,,270.1988768030611,1.4210854715202004e-13,116.18551702531629,4.0,1240.6773619475302,0.0,-0.0,0.0,126.05281997386906
2,1,3,0.1016,0.0,1240.677361947533,,,,0,0.0,1,2254.971920076488,2254.971920076488,-0.0,360.7955072122381,74.8650677465394,0.0,,,338.74817788951736,2254.971920076488,2164.7730432734284,90.19887680305965,2254.971920076488,0.0,1.0,0.0,0.0,0.1564820750803902,112.91605929650625,0.96,751.6573066921657,721.591014424479,30.066292267686663,1.0,0.0,0.0,0.1564820750803902,112.91605929650618,0.96,751.6573066921652,721.5910144244785,30.066292267686663,1.0,0.0,0.0,0.15648207508038997,112.91605929650478,0.96,751.657306692157,721.5910144244707,30.066292267686322,,,,701.4671066873991,2164.7730432734284,1984.773043273431,179.999999999997,2164.773043273428,4.547473508864641e-13,1.0,0.0,0.0,0.354479963177663,176.64088996313035,0.9171743483700169,543.3099422028516,498.30994220285197,44.99999999999966,1.0,0.0,0.0,0.35447996317766406,176.64088996313183,0.9171743483700194,543.309942202853,498.30994220285464,44.99999999999835,1.0,0.0,0.0,0.3544799631776645,176.64088996313217,0.9171743483700174,543.3099422028546,498.309942202855,44.9999999999996,1.0,0.0,0.0,0.3502027403093926,171.5444367980048,0.9158631939269855,534.8432166648688,489.84321666486943,44.999999999999375,1.0,,,0.101,200.46207737061656,1984.773043273431,1984.773043273431,0.0,61.52796434147636,0.0,,,270.1988768030571,-5.684341886080802e-14,116.18551702531455,4.0,1240.677361947533,0.0,-0.0,0.0,126.05281997386935
3,1,4,0.1016,0.0,1240.6773619475339,,,,0,0.0,1,2254.971920076502,2254.971920076502,-0.0,360.79550721224035,74.86506774653986,0.0,,,338.7481778895194,2254.971920076502,2164.773043273442,90.19887680306022,2254.971920076502,0.0,1.0,0.0,0.0,0.1564820750803902,112.91605929650625,0.96,751.6573066921657,721.591014424479,30.066292267686663,1.0,0.0,0.0,0.1564820750803902,112.91605929650618,0.96,751.6573066921652,721.5910144244785,30.066292267686663,1.0,0.0,0.0,0.15648207508039022,112.91605929650711,0.96,751.6573066921713,721.5910144244845,30.06629226768689,,,,701.4671066873982,2164.773043273442,1984.7730432734293,179.99999999999886,2164.773043273428,1.4097167877480388e-11,1.0,0.0,0.0,0.3544799631776623,176.64088996312944,0.9171743483700163,543.3099422028503,498.30994220285044,44.99999999999983,1.0,0.0,0.0,0.35447996317766417,176.6408899631317,0.9171743483700163,543.3099422028544,498.3099422028542,45.00000000000017,1.0,0.0,0.0,0.35447996317766434,176.64088996313188,0.9171743483700164,543.3099422028546,498.3099422028545,45.000000000000114,1.0,0.0,0.0,0.35020274030939275,171.54443679800508,0.9158631939269866,534.8432166648688,489.84321666487006,44.99999999999875,1.0,,,0.101,200.46207737061636,1984.7730432734293,1984.7730432734293,0.0,61.527964341476306,0.0,,,270.1988768030732,-8.526512829121202e-14,116.18551702532146,4.0,1240.6773619475339,0.0,-0.0,0.0,126.05281997386943
4,1,5,0.1016,0.0,1240.677361947533,,,,0,0.0,1,2254.971920076494,2254.971920076494,-0.0,360.79550721223904,74.8650677465396,0.0,,,338.74817788951805,2254.971920076494,2164.7730432734343,90.19887680305987,2254.971920076494,0.0,1.0,0.0,0.0,0.1564820750803902,112.91605929650625,0.96,751.6573066921657,721.591014424479,30.066292267686663,1.0,0.0,0.0,0.1564820750803902,112.91605929650618,0.96,751.6573066921652,721.5910144244785,30.066292267686663,1.0,0.0,0.0,0.15648207508039014,112.91605929650584,0.96,751.6573066921632,721.5910144244766,30.06629226768655,,,,701.4671066873984,2164.7730432734343,1984.7730432734297,179.99999999999858,2164.773043273428,6.366462912410498e-12,1.0,0.0,0.0,0.3544799631776623,176.64088996312944,0.9171743483700163,543.3099422028503,498.30994220285044,44.99999999999983,1.0,0.0,0.0,0.35447996317766417,176.6408899631317,0.9171743483700163,543.3099422028544,498.3099422028542,45.00000000000017,1.0,0.0,0.0,0.3544799631776646,176.64088996313234,0.9171743483700177,543.3099422028548,498.3099422028553,44.99999999999949,1.0,0.0,0.0,0.35020274030939263,171.5444367980049,0.915863193926986,534.8432166648688,489.8432166648697,44.99999999999909,1.0,,,0.101,200.4620773706164,1984.7730432734297,1984.7730432734297,0.0,61.52796434147632,0.0,,,270.1988768030648,8.526512829121202e-14,116.18551702531786,4.0,1240.677361947533,0.0,-0.0,0.0,126.05281997386935
5,1,6,0.1016,0.0,1240.6773619475339,,,,0,0.0,1,2254.9719200764966,2254.9719200764966,-0.0,360.79550721223944,74.8650677465397,0.0,,,338.7481778895185,2254.9719200764966,2164.7730432734365,90.19887680305999,2254.9719200764966,0.0,1.0,0.0,0.0,0.1564820750803902,112.91605929650625,0.96,751.6573066921657,721.591014424479,30.066292267686663,1.0,0.0,0.0,0.1564820750803902,112.91605929650618,0.96,751.6573066921652,721.5910144244785,30.066292267686663,1.0,0.0,0.0,0.15648207508039014,112.91605929650622,0.96,751.6573066921658,721.5910144244791,30.066292267686663,,,,701.4671066873988,2164.7730432734365,1984.7730432734302,179.99999999999892,2164.773043273429,7.73070496506989e-12,1.0,0.0,0.0,0.3544799631776623,176.64088996312952,0.9171743483700168,543.3099422028503,498.30994220285066,44.9999999999996,1.0,0.0,0.0,0.3544799631776643,176.64088996313185,0.9171743483700168,543.3099422028544,498.3099422028544,44.99999999999994,1.0,0.0,0.0,0.35447996317766495,176.64088996313265,0.9171743483700169,543.3099422028557,498.3099422028557,45.0,1.0,0.0,0.0,0.3502027403093926,171.5444367980048,0.9158631939269855,534.8432166648688,489.84321666486943,44.999999999999375,1.0,,,0.101,200.46207737061647,1984.7730432734302,1984.7730432734302,0.0,61.527964341476334,0.0,,,270.19887680306664,1.4210854715202004e-13,116.18551702531866,4.0,1240.677361947534,0.0,-0.0,0.0,126.05281997386943
6,1,7,0.1016,0.0,1240.6773619475334,,,,0,0.0,1,2254.9719200764966,2254.9719200764966,-0.0,360.79550721223944,74.8650677465397,0.0,,,338.7481778895186,2254.9719200764966,2164.7730432734365,90.19887680305999,2254.9719200764966,0.0,1.0,0.0,0.0,0.1564820750803902,112.91605929650625,0.96,751.6573066921657,721.591014424479,30.066292267686663,1.0,0.0,0.0,0.1564820750803902,112.91605929650618,0.96,751.6573066921652,721.5910144244785,30.066292267686663,1.0,0.0,0.0,0.15648207508039014,112.91605929650622,0.96,751.6573066921658,721.5910144244791,30.066292267686663,,,,701.4671066873984,2164.7730432734365,1984.7730432734297,179.9999999999996,2164.773043273429,7.73070496506989e-12,1.0,0.0,0.0,0.3544799631776623,176.64088996312944,0.9171743483700163,543.3099422028503,498.30994220285044,44.99999999999983,1.0,0.0,0.0,0.35447996317766417,176.6408899631317,0.9171743483700163,543.3099422028544,498.3099422028542,45.00000000000017,1.0,0.0,0.0,0.3544799631776649,176.64088996313254,0.9171743483700164,543.3099422028557,498.3099422028555,45.00000000000023,1.0,0.0,0.0,0.3502027403093926,171.5444367980048,0.9158631939269855,534.8432166648688,489.84321666486943,44.999999999999375,1.0,,,0.101,200.4620773706164,1984.7730432734297,1984.7730432734297,0.0,61.52796434147632,0.0,,,270.1988768030673,-2.842170943040401e-14,116.18551702531894,4.0,1240.6773619475334,0.0,-0.0,0.0,126.05281997386939
7,1,8,0.1016,0.0,1240.6773619584583,,,,0,0.0,1,2254.9719200764966,2254.9719200764966,-0.0,360.79550721223944,74.8650677465397,0.0,,,338.7481778895185,2254.9719200764966,2164.7730432734365,90.19887680305999,2254.9719200764966,0.0,1.0,0.0,0.0,0.1564820750803902,112.91605929650625,0.96,751.6573066921657,721.591014424479,30.066292267686663,1.0,0.0,0.0,0.1564820750803902,112.91605929650618,0.96,751.6573066921652,721.5910144244785,30.066292267686663,1.0,0.0,0.0,0.15648207508039014,112.91605929650622,0.96,751.6573066921658,721.5910144244791,30.066292267686663,,,,701.4671066964607,2164.7730432734365,1984.7730432918725,179.99999998156,2164.7730432734324,4.092726157978177e-12,1.0,0.0,0.0,0.3544799631776623,176.64088996312952,0.9171743483700168,543.3099422028503,498.30994220285066,44.9999999999996,1.0,0.0,0.0,0.35447996317766417,176.6408899631317,0.9171743483700163,543.3099422028544,498.3099422028542,45.00000000000017,1.0,0.0,0.0,0.35447996317766495,176.64088996313265,0.9171743483700169,543.3099422028557,498.3099422028557,45.0,1.0,0.0,0.0,0.3502027403147075,171.54443680706683,0.9158631939614618,534.843216664872,489.84321668331177,44.99999998156022,1.0,,,0.101,200.46207737247914,1984.7730432918725,1984.7730432918725,0.0,61.527964342048044,0.0,,,270.1988767846241,-1.1368683772161603e-13,116.18551701738835,4.0,1240.6773619584583,0.0,-0.0,0.0,126.05281997497936
8,1,9,0.1016,0.0,1240.6773619475316,,,,0,0.0,1,2254.971920076488,2254.971920076488,-0.0,360.7955072122381,74.8650677465394,0.0,,,338.74817788951725,2254.971920076488,2164.7730432734284,90.19887680305965,2254.971920076488,0.0,1.0,0.0,0.0,0.1564820750803902,112.91605929650625,0.96,751.6573066921657,721.591014424479,30.066292267686663,1.0,0.0,0.0,0.1564820750803902,112.91605929650618,0.96,751.6573066921652,721.5910144244785,30.066292267686663,1.0,0.0,0.0,0.15648207508038997,112.91605929650478,0.96,751.657306692157,721.5910144244707,30.066292267686322,,,,701.467106687398,2164.7730432734284,1984.7730432734288,179.99999999999903,2164.773043273428,4.547473508864641e-13,1.0,0.0,0.0,0.3544799631776623,176.64088996312952,0.9171743483700168,543.3099422028503,498.30994220285066,44.9999999999996,1.0,0.0,0.0,0.35447996317766417,176.6408899631317,0.9171743483700163,543.3099422028544,498.3099422028542,45.00000000000017,1.0,0.0,0.0,0.35447996317766495,176.64088996313265,0.9171743483700169,543.3099422028557,498.3099422028557,45.0,1.0,0.0,0.0,0.3502027403093919,171.54443679800403,0.9158631939269855,534.8432166648674,489.8432166648682,44.99999999999926,1.0,,,0.101,200.46207737061633,1984.7730432734288,1984.7730432734288,0.0,61.52796434147629,0.0,,,270.19887680305914,5.684341886080802e-14,116.18551702531542,4.0,1240.6773619475314,0.0,-0.0,0.0,126.0528199738692
9,1,10,0.1016,0.0,1240.6773619475312,,,,0,0.0,1,2254.971920076488,2254.971920076488,-0.0,360.7955072122381,74.8650677465394,0.0,,,338.74817788951714,2254.971920076488,2164.7730432734284,90.19887680305965,2254.971920076488,0.0,1.0,0.0,0.0,0.1564820750803902,112.91605929650625,0.96,751.6573066921657,721.591014424479,30.066292267686663,1.0,0.0,0.0,0.1564820750803902,112.91605929650618,0.96,751.6573066921652,721.5910144244785,30.066292267686663,1.0,0.0,0.0,0.15648207508038997,112.91605929650478,0.96,751.657306692157,721.5910144244707,30.066292267686322,,,,701.4671066873977,2164.7730432734284,1984.7730432734288,179.99999999999886,2164.7730432734274,9.094947017729282e-13,1.0,0.0,0.0,0.3544799631776623,176.64088996312944,0.9171743483700163,543.3099422028503,498.30994220285044,44.99999999999983,1.0,0.0,0.0,0.35447996317766417,176.6408899631317,0.9171743483700163,543.3099422028544,498.3099422028542,45.00000000000017,1.0,0.0,0.0,0.3544799631776649,176.64088996313254,0.9171743483700164,543.3099422028557,498.3099422028555,45.00000000000023,1.0,0.0,0.0,0.3502027403093919,171.54443679800414,0.9158631939269866,534.8432166648671,489.84321666486846,44.999999999998636,1.0,,,0.101,200.46207737061633,1984.7730432734288,1984.7730432734288,0.0,61.52796434147629,0.0,,,270.1988768030594,-5.684341886080802e-14,116.18551702531555,4.0,1240.6773619475312,0.0,-0.0,0.0,126.05281997386916
10,1,11,0.1016,0.0,1240.6773619475312,,,,0,0.0,1,2254.971920076488,2254.971920076488,-0.0,360.7955072122381,74.8650677465394,0.0,,,338.7481778895169,2254.971920076488,2164.7730432734284,90.19887680305965,2254.971920076488,0.0,1.0,0.0,0.0,0.1564820750803902,112.91605929650625,0.96,751.6573066921657,721.591014424479,30.066292267686663,1.0,0.0,0.0,0.1564820750803902,112.91605929650618,0.96,751.6573066921652,721.5910144244785,30.066292267686663,1.0,0.0,0.0,0.15648207508038997,112.91605929650478,0.96,751.657306692157,721.5910144244707,30.066292267686322,,,,701.4671066873979,2164.7730432734284,1984.7730432734286,179.99999999999875,2164.7730432734274,9.094947017729282e-13,1.0,0.0,0.0,0.3544799631776623,176.64088996312952,0.9171743483700168,543.3099422028503,498.30994220285066,44.9999999999996,1.0,0.0,0.0,0.3544799631776643,176.64088996313185,0.9171743483700168,543.3099422028544,498.3099422028544,44.99999999999994,1.0,0.0,0.0,0.35447996317766495,176.64088996313265,0.9171743483700169,543.3099422028557,498.3099422028557,45.0,1.0,0.0,0.0,0.3502027403093917,171.54443679800383,0.9158631939269855,534.8432166648671,489.8432166648679,44.999999999999204,1.0,,,0.101,200.4620773706163,1984.7730432734286,1984.7730432734286,0.0,61.527964341476284,0.0,,,270.1988768030593,8.526512829121202e-14,116.1855170253155,4.0,1240.677361947531,0.0,-0.0,0.0,126.05281997386916
11,1,12,0.1016,0.0,1240.6773619475316,,,,0,0.0,1,2254.971920076488,2254.971920076488,-0.0,360.7955072122381,74.8650677465394,0.0,,,338.74817788951725,2254.971920076488,2164.7730432734284,90.19887680305965,2254.971920076488,0.0,1.0,0.0,0.0,0.1564820750803902,112.91605929650625,0.96,751.6573066921657,721.591014424479,30.066292267686663,1.0,0.0,0.0,0.1564820750803902,112.91605929650618,0.96,751.6573066921652,721.5910144244785,30.066292267686663,1.0,0.0,0.0,0.15648207508038997,112.91605929650478,0.96,751.657306692157,721.5910144244707,30.066292267686322,,,,701.467106687398,2164.7730432734284,1984.7730432734288,179.99999999999847,2164.7730432734274,9.094947017729282e-13,1.0,0.0,0.0,0.3544799631776623,176.64088996312952,0.9171743483700168,543.3099422028503,498.30994220285066,44.9999999999996,1.0,0.0,0.0,0.3544799631776643,176.64088996313185,0.9171743483700168,543.3099422028544,498.3099422028544,44.99999999999994,1.0,0.0,0.0,0.35447996317766495,176.64088996313265,0.9171743483700169,543.3099422028557,498.3099422028557,45.0,1.0,0.0,0.0,0.3502027403093918,171.54443679800397,0.915863193926986,534.8432166648671,489.8432166648682,44.99999999999892,1.0,,,0.101,200.46207737061633,1984.7730432734288,1984.7730432734288,0.0,61.52796434147629,0.0,,,270.198876803059,5.684341886080802e-14,116.18551702531538,4.0,1240.6773619475314,0.0,-0.0,0.0,126.0528199738692
12,1,13,0.1016,0.0,1240.677361947531,,,,0,0.0,1,2254.971920076488,2254.971920076488,-0.0,360.7955072122381,74.8650677465394,0.0,,,338.7481778895169,2254.971920076488,2164.7730432734284,90.19887680305965,2254.971920076488,0.0,1.0,0.0,0.0,0.1564820750803902,112.91605929650625,0.96,751.6573066921657,721.591014424479,30.066292267686663,1.0,0.0,0.0,0.1564820750803902,112.91605929650618,0.96,751.6573066921652,721.5910144244785,30.066292267686663,1.0,0.0,0.0,0.15648207508038997,112.91605929650478,0.96,751.657306692157,721.5910144244707,30.066292267686322,,,,701.4671066873977,2164.7730432734284,1984.7730432734286,179.99999999999898,2164.7730432734274,9.094947017729282e-13,1.0,0.0,0.0,0.3544799631776623,176.64088996312952,0.9171743483700168,543.3099422028503,498.30994220285066,44.9999999999996,1.0,0.0,0.0,0.3544799631776643,176.64088996313185,0.9171743483700168,543.3099422028544,498.3099422028544,44.99999999999994,1.0,0.0,0.0,0.3544799631776649,176.64088996313254,0.9171743483700164,543.3099422028557,498.3099422028555,45.00000000000023,1.0,0.0,0.0,0.3502027403093917,171.54443679800383,0.9158631939269855,534.8432166648671,489.8432166648679,44.999999999999204,1.0,,,0.101,200.4620773706163,1984.7730432734286,1984.7730432734286,0.0,61.527964341476284,0.0,,,270.19887680305953,-2.842170943040401e-14,116.1855170253156,4.0,1240.677361947531,0.0,-0.0,0.0,126.05281997386913
13,1,14,0.1016,0.0,1240.677361947531,,,,0,0.0,1,2254.9719200764875,2254.9719200764875,-0.0,360.795507212238,74.86506774653938,0.0,,,338.74817788951714,2254.9719200764875,2164.773043273428,90.19887680305965,2254.9719200764875,0.0,1.0,0.0,0.0,0.1564820750803901,112.91605929650612,0.96,751.6573066921652,721.5910144244785,30.066292267686663,1.0,0.0,0.0,0.1564820750803902,112.91605929650618,0.96,751.6573066921652,721.5910144244785,30.066292267686663,1.0,0.0,0.0,0.15648207508038997,112.91605929650478,0.96,751.657306692157,721.5910144244707,30.066292267686322,,,,701.4671066873975,2164.773043273428,1984.773043273428,179.99999999999875,2164.773043273427,9.094947017729282e-13,1.0,0.0,0.0,0.3544799631776623,176.64088996312952,0.9171743483700168,543.3099422028503,498.30994220285066,44.9999999999996,1.0,0.0,0.0,0.3544799631776643,176.64088996313185,0.9171743483700168,543.3099422028544,498.3099422028544,44.99999999999994,1.0,0.0,0.0,0.35447996317766495,176.64088996313265,0.9171743483700169,543.3099422028557,498.3099422028557,45.0,1.0,0.0,0.0,0.35020274030939147,171.54443679800352,0.9158631939269855,534.8432166648665,489.8432166648673,44.999999999999204,1.0,,,0.101,200.46207737061624,1984.773043273428,1984.773043273428,0.0,61.52796434147626,0.0,,,270.1988768030593,2.842170943040401e-14,116.1855170253155,4.0,1240.677361947531,0.0,-0.0,0.0,126.05281997386913
14,1,15,0.1016,0.0,1240.6773619475357,,,,0,0.0,1,2254.9719200764976,2254.9719200764976,-0.0,360.7955072122396,74.86506774653972,0.0,,,338.7481778895186,2254.9719200764976,2164.773043273438,90.19887680305999,2254.9719200764976,0.0,1.0,0.0,0.0,0.1564820750803901,112.91605929650612,0.96,751.6573066921652,721.5910144244785,30.066292267686663,1.0,0.0,0.0,0.1564820750803902,112.91605929650618,0.96,751.6573066921652,721.5910144244785,30.066292267686663,1.0,0.0,0.0,0.15648207508039017,112.91605929650648,0.96,751.6573066921673,721.5910144244806,30.066292267686663,,,,701.4671066874002,2164.773043273438,1984.773043273433,179.99999999999875,2164.7730432734315,6.366462912410498e-12,1.0,0.0,0.0,0.3544799631776623,176.64088996312944,0.9171743483700163,543.3099422028503,498.30994220285044,44.99999999999983,1.0,0.0,0.0,0.3544799631776643,176.64088996313185,0.9171743483700168,543.3099422028544,498.3099422028544,44.99999999999994,1.0,0.0,0.0,0.35447996317766495,176.64088996313265,0.9171743483700169,543.3099422028557,498.3099422028557,45.0,1.0,0.0,0.0,0.35020274030939386,171.54443679800636,0.9158631939269866,534.8432166648711,489.8432166648721,44.99999999999898,1.0,,,0.101,200.46207737061673,1984.773043273433,1984.773043273433,0.0,61.52796434147642,0.0,,,270.1988768030651,1.1368683772161603e-13,116.18551702531799,4.0,1240.6773619475357,0.0,-0.0,0.0,126.05281997386962
15,1,16,0.1016,0.0,1240.6773619475352,,,,0,0.0,1,2254.9719200764976,2254.9719200764976,-0.0,360.7955072122396,74.86506774653972,0.0,,,338.74817788951873,2254.9719200764976,2164.773043273438,90.19887680305999,2254.9719200764976,0.0,1.0,0.0,0.0,0.1564820750803901,112.91605929650612,0.96,751.6573066921652,721.5910144244785,30.066292267686663,1.0,0.0,0.0,0.1564820750803902,112.91605929650618,0.96,751.6573066921652,721.5910144244785,30.066292267686663,1.0,0.0,0.0,0.15648207508039017,112.91605929650648,0.96,751.6573066921673,721.5910144244806,30.066292267686663,,,,701.4671066873998,2164.773043273438,1984.7730432734318,179.99999999999955,2164.7730432734315,6.366462912410498e-12,1.0,0.0,0.0,0.3544799631776623,176.64088996312944,0.9171743483700163,543.3099422028503,498.30994220285044,44.99999999999983,1.0,0.0,0.0,0.35447996317766417,176.6408899631317,0.9171743483700163,543.3099422028544,498.3099422028542,45.00000000000017,1.0,0.0,0.0,0.35447996317766495,176.64088996313265,0.9171743483700169,543.3099422028557,498.3099422028557,45.0,1.0,0.0,0.0,0.3502027403093937,171.54443679800607,0.9158631939269855,534.8432166648711,489.84321666487153,44.999999999999545,1.0,,,0.101,200.4620773706166,1984.7730432734318,1984.7730432734318,0.0,61.527964341476384,0.0,,,270.1988768030659,1.1368683772161603e-13,116.18551702531833,4.0,1240.6773619475352,0.0,-0.0,0.0,126.05281997386957
16,1,17,0.1016,0.0,1240.6773619475357,,,,0,0.0,1,2254.9719200764976,2254.9719200764976,-0.0,360.7955072122396,74.86506774653972,0.0,,,338.7481778895186,2254.9719200764976,2164.773043273438,90.19887680305999,2254.9719200764976,0.0,1.0,0.0,0.0,0.1564820750803901,112.91605929650612,0.96,751.6573066921652,721.5910144244785,30.066292267686663,1.0,0.0,0.0,0.1564820750803902,112.91605929650618,0.96,751.6573066921652,721.5910144244785,30.066292267686663,1.0,0.0,0.0,0.15648207508039017,112.91605929650648,0.96,751.6573066921673,721.5910144244806,30.066292267686663,,,,701.4671066874002,2164.773043273438,1984.7730432734324,179.9999999999988,2164.7730432734315,6.366462912410498e-12,1.0,0.0,0.0,0.3544799631776623,176.64088996312952,0.9171743483700168,543.3099422028503,498.30994220285066,44.9999999999996,1.0,0.0,0.0,0.3544799631776643,176.64088996313185,0.9171743483700168,543.3099422028544,498.3099422028544,44.99999999999994,1.0,0.0,0.0,0.35447996317766495,176.64088996313265,0.9171743483700169,543.3099422028557,498.3099422028557,45.0,1.0,0.0,0.0,0.35020274030939375,171.5444367980062,0.915863193926986,534.8432166648711,489.8432166648718,44.99999999999926,1.0,,,0.101,200.4620773706167,1984.7730432734324,1984.7730432734324,0.0,61.527964341476405,0.0,,,270.19887680306516,1.4210854715202004e-13,116.18551702531802,4.0,1240.6773619475357,0.0,-0.0,0.0,126.05281997386962
17,1,18,0.15246,0.0,590.1191718813863,,,,0,0.0,1,1083.3333333333335,1083.3333333333335,-0.0,173.33333333333337,35.96666666666667,0.0,,,168.6152301700331,1083.3333333333335,1040.0,43.33333333333343,1083.3333333333335,0.0,1.0,0.0,0.0,0.15665303378685042,94.97090173078067,0.96,631.5104166500603,606.2499999840578,25.26041666600247,1.0,0.0,0.0,0.16978519524275637,73.64432843925232,0.96,451.8229166832731,433.75000001594213,18.072916667330958,0.0,0.0,1.0,0.271,0.0,0.96,0.0,0.0,-0.0,,,,325.55394171135316,1040.0,950.0,89.99999999999875,1039.9999999999986,1.3642420526593924e-12,1.0,0.0,0.0,0.3426883596961612,162.77697085567655,0.9134615384615397,519.9999999999993,475.0,44.99999999999932,1.0,0.0,0.0,0.34268835969616124,162.77697085567658,0.9134615384615395,519.9999999999994,475.0,44.99999999999943,0.0,0.0,1.0,0.08724817754776787,0.0,0.8800000000000001,0.0,0.0,0.0,0.0,0.0,1.0,0.08724817754776787,0.0,0.8800000000000001,0.0,0.0,0.0,1.0,,,0.101,95.95,950.0,950.0,0.0,29.45,0.0,,,133.33333333333354,-1.4210854715202004e-14,57.33333333333342,2.0,590.1191718813863,0.0,0.0,0.0,89.96956894503616
18,1,19,0.15246,0.0,590.1191718813863,,,,0,0.0,1,1083.3333333333335,1083.3333333333335,-0.0,173.33333333333337,35.96666666666667,0.0,,,168.6152301700331,1083.3333333333335,1040.0,43.33333333333343,1083.3333333333335,0.0,1.0,0.0,0.0,0.15665303378685042,94.97090173078067,0.96,631.5104166500603,606.2499999840578,25.26041666600247,1.0,0.0,0.0,0.16978519524275637,73.64432843925232,0.96,451.8229166832731,433.75000001594213,18.072916667330958,0.0,0.0,0.0,0.271,0.0,0.96,0.0,0.0,-0.0,,,,325.55394171135316,1040.0,950.0,89.99999999999875,1039.9999999999986,1.3642420526593924e-12,1.0,0.0,0.0,0.34268835969616124,162.77697085567658,0.9134615384615395,519.9999999999994,475.0,44.99999999999943,1.0,0.0,0.0,0.3426883596961612,162.77697085567655,0.9134615384615397,519.9999999999993,475.0,44.99999999999932,0.0,0.0,0.0,0.08724817754776787,0.0,0.8800000000000001,0.0,0.0,0.0,0.0,0.0,0.0,0.08724817754776787,0.0,0.8800000000000001,0.0,0.0,0.0,1.0,,,0.101,95.95,950.0,950.0,0.0,29.45,0.0,,,133.33333333333354,-1.4210854715202004e-14,57.33333333333342,2.0,590.1191718813863,0.0,0.0,0.0,89.96956894503616
19,1,20,0.15246,0.0,590.1191718813861,,,,0,0.0,1,1083.3333333333335,1083.3333333333335,-0.0,173.33333333333337,35.96666666666667,0.0,,,168.615230170033,1083.3333333333335,1040.0,43.33333333333343,1083.3333333333335,0.0,1.0,0.0,0.0,0.15665303378685042,94.97090173078067,0.96,631.5104166500603,606.2499999840578,25.26041666600247,1.0,0.0,0.0,0.16978519524275637,73.64432843925232,0.96,451.8229166832731,433.75000001594213,18.072916667330958,0.0,0.0,0.0,0.271,0.0,0.96,0.0,0.0,-0.0,,,,325.55394171135316,1040.0,950.0,89.99999999999875,1039.9999999999986,1.3642420526593924e-12,1.0,0.0,0.0,0.3426883596961612,162.77697085567655,0.9134615384615397,519.9999999999993,475.0,44.99999999999932,1.0,0.0,0.0,0.34268835969616124,162.77697085567658,0.9134615384615395,519.9999999999994,475.0,44.99999999999943,0.0,0.0,0.0,0.08724817754776787,0.0,0.8800000000000001,0.0,0.0,0.0,0.0,0.0,0.0,0.08724817754776787,0.0,0.8800000000000001,0.0,0.0,0.0,1.0,,,0.101,95.95,950.0,950.0,0.0,29.45,0.0,,,133.33333333333354,-1.4210854715202004e-14,57.33333333333342,2.0,590.1191718813861,0.0,0.0,0.0,89.96956894503614
20,1,21,0.15246,0.0,590.1191718813864,,,,0,0.0,1,1083.333333333334,1083.333333333334,-0.0,173.33333333333343,35.96666666666669,0.0,,,168.61523017003304,1083.333333333334,1040.0000000000005,43.33333333333343,1083.333333333334,0.0,1.0,0.0,0.0,0.15665303378685042,94.97090173078067,0.96,631.5104166500603,606.2499999840578,25.26041666600247,1.0,0.0,0.0,0.1697851952427563,73.64432843925238,0.96,451.82291668327366,433.7500000159427,18.072916667330958,0.0,0.0,0.0,0.271,0.0,0.96,0.0,0.0,-0.0,,,,325.55394171135333,1040.0000000000005,950.0,90.0,1040.0,4.547473508864641e-13,1.0,0.0,0.0,0.34268835969616135,162.77697085567664,0.9134615384615384,520.0,475.0,45.0,1.0,0.0,0.0,0.34268835969616135,162.77697085567664,0.9134615384615384,520.0,475.0,45.0,0.0,0.0,0.0,0.08724817754776787,0.0,0.8800000000000001,0.0,0.0,0.0,0.0,0.0,0.0,0.08724817754776787,0.0,0.8800000000000001,0.0,0.0,0.0,1.0,,,0.101,95.95,950.0,950.0,0.0,29.45,0.0,,,133.33333333333388,-1.4210854715202004e-14,57.33333333333357,2.0,590.1191718813864,0.0,0.0,0.0,89.96956894503617
21,1,22,0.15246,0.0,590.1191718813863,,,,0,0.0,1,1083.333333333334,1083.333333333334,-0.0,173.33333333333343,35.96666666666669,0.0,,,168.6152301700331,1083.333333333334,1040.0000000000005,43.33333333333343,1083.333333333334,0.0,1.0,0.0,0.0,0.15665303378685042,94.97090173078067,0.96,631.5104166500603,606.2499999840578,25.26041666600247,1.0,0.0,0.0,0.1697851952427563,73.64432843925238,0.96,451.82291668327366,433.7500000159427,18.072916667330958,0.0,0.0,0.0,0.271,0.0,0.96,0.0,0.0,-0.0,,,,325.55394171135316,1040.0000000000005,950.0,89.99999999999807,1039.9999999999982,2.2737367544323206e-12,1.0,0.0,0.0,0.3426883596961612,162.77697085567655,0.9134615384615403,519.999999999999,475.0,44.99999999999898,1.0,0.0,0.0,0.3426883596961612,162.77697085567655,0.91346153846154,519.9999999999991,475.0,44.99999999999909,0.0,0.0,0.0,0.08724817754776787,0.0,0.8800000000000001,0.0,0.0,0.0,0.0,0.0,0.0,0.08724817754776787,0.0,0.8800000000000001,0.0,0.0,0.0,1.0,,,0.101,95.95,950.0,950.0,0.0,29.45,0.0,,,133.33333333333377,-1.4210854715202004e-14,57.33333333333352,2.0,590.1191718813863,0.0,0.0,0.0,89.96956894503616
22,1,23,0.1016,0.0,736.1202506081718,,,,0,0.0,1,1263.020833349932,1263.020833349932,-0.0,202.08333333598912,41.93229166721774,0.0,,,189.9418034681421,1263.020833349932,1212.5000000159346,50.520833333997416,1263.020833349932,0.0,1.0,0.0,0.0,0.15665303378685033,94.97090173078062,0.96,631.5104166500603,606.2499999840578,25.26041666600247,1.0,0.0,0.0,0.15665303378534912,94.97090173736149,0.96,631.5104166998717,606.2500000318768,25.260416667994946,0.0,0.0,0.0,0.271,0.0,0.96,0.0,0.0,-0.0,,,,432.9006346400311,1212.5000000159346,1121.562499999986,90.93749999999875,1212.4999999999845,1.5950035958667286e-08,1.0,0.0,0.0,0.38597994729677154,216.45031732001416,0.925,606.2499999999901,560.7812499999909,45.468749999999204,1.0,0.0,0.0,0.38597994729677365,216.45031732001692,0.925,606.2499999999945,560.781249999995,45.468749999999545,0.0,0.0,0.0,0.08724817754776784,0.0,0.88,0.0,0.0,0.0,0.0,0.0,0.0,0.08724817754776784,0.0,0.88,0.0,0.0,0.0,1.0,,,0.101,113.27781249999859,1121.562499999986,1121.562499999986,0.0,34.768437499999564,0.0,,,141.4583333499462,-2.842170943040401e-14,60.82708334047687,2.0,736.1202506081718,0.0,0.0,0.0,74.78981746179025
23,1,24,0.1016,0.0,736.1202506081718,,,,0,0.0,1,1263.020833349932,1263.020833349932,-0.0,202.08333333598912,41.93229166721774,0.0,,,189.9418034681421,1263.020833349932,1212.5000000159346,50.520833333997416,1263.020833349932,0.0,1.0,0.0,0.0,0.15665303378685033,94.97090173078062,0.96,631.5104166500603,606.2499999840578,25.26041666600247,1.0,0.0,0.0,0.15665303378534912,94.97090173736149,0.96,631.5104166998717,606.2500000318768,25.260416667994946,0.0,0.0,0.0,0.271,0.0,0.96,0.0,0.0,-0.0,,,,432.9006346400311,1212.5000000159346,1121.562499999986,90.93749999999875,1212.4999999999845,1.5950035958667286e-08,1.0,0.0,0.0,0.38597994729677154,216.45031732001416,0.925,606.2499999999901,560.7812499999909,45.468749999999204,1.0,0.0,0.0,0.38597994729677365,216.45031732001692,0.925,606.2499999999945,560.781249999995,45.468749999999545,0.0,0.0,0.0,0.08724817754776784,0.0,0.88,0.0,0.0,0.0,0.0,0.0,0.0,0.08724817754776784,0.0,0.88,0.0,0.0,0.0,1.0,,,0.101,113.27781249999859,1121.562499999986,1121.562499999986,0.0,34.768437499999564,0.0,,,141.4583333499462,-2.842170943040401e-14,60.82708334047687,2.0,736.1202506081718,0.0,0.0,0.0,74.78981746179025
24,1,25,0.1016,0.0,736.1202506081715,,,,0,0.0,1,1263.020833349932,1263.020833349932,-0.0,202.08333333598912,41.93229166721774,0.0,,,189.94180346814187,1263.020833349932,1212.5000000159346,50.520833333997416,1263.020833349932,0.0,1.0,0.0,0.0,0.15665303378685033,94.97090173078062,0.96,631.5104166500603,606.2499999840578,25.26041666600247,1.0,0.0,0.0,0.15665303378534912,94.97090173736149,0.96,631.5104166998717,606.2500000318768,25.260416667994946,0.0,0.0,0.0,0.271,0.0,0.96,0.0,0.0,-0.0,,,,432.9006346400311,1212.5000000159346,1121.562499999986,90.93749999999875,1212.4999999999845,1.5950035958667286e-08,1.0,0.0,0.0,0.38597994729677154,216.45031732001416,0.925,606.2499999999901,560.7812499999909,45.468749999999204,1.0,0.0,0.0,0.38597994729677365,216.45031732001692,0.925,606.2499999999945,560.781249999995,45.468749999999545,0.0,0.0,0.0,0.08724817754776784,0.0,0.88,0.0,0.0,0.0,0.0,0.0,0.0,0.08724817754776784,0.0,0.88,0.0,0.0,0.0,1.0,,,0.101,113.27781249999859,1121.562499999986,1121.562499999986,0.0,34.768437499999564,0.0,,,141.4583333499462,-2.842170943040401e-14,60.82708334047687,2.0,736.1202506081715,0.0,0.0,0.0,74.78981746179022
25,1,26,0.1016,0.0,1104.1803759155564,,,,0,0.0,1,1894.5312500498017,1894.5312500498017,-0.0,303.12500000796825,62.89843750165342,0.0,,,284.91270520550313,1894.5312500498017,1818.7500000478094,75.78125000199225,1894.5312500498017,0.0,1.0,0.0,0.0,0.15665303378685033,94.97090173078062,0.96,631.5104166500603,606.2499999840578,25.26041666600247,1.0,0.0,0.0,0.15665303378534912,94.97090173736149,0.96,631.5104166998717,606.2500000318768,25.260416667994946,1.0,1.0,0.0,0.15665303378534925,94.97090173736127,0.96,631.5104166998697,606.2500000318748,25.260416667994832,,,,649.3509519600543,1818.7500000478094,1682.34374999999,136.4062499999991,1818.749999999989,4.7820321924518794e-08,1.0,0.0,0.0,0.38597994729677154,216.45031732001416,0.925,606.2499999999901,560.7812499999909,45.468749999999204,1.0,0.0,0.0,0.38597994729677365,216.45031732001692,0.925,606.2499999999945,560.781249999995,45.468749999999545,1.0,1.0,0.0,0.38597994729677854,216.4503173200232,0.925,606.2500000000045,560.7812500000042,45.46875000000034,0.0,0.0,0.0,0.08724817754776784,0.0,0.88,0.0,0.0,0.0,1.0,,,0.101,169.916718749999,1682.34374999999,1682.34374999999,0.0,52.15265624999969,0.0,,,212.18750004981166,-5.684341886080802e-14,91.240625021419,3.0,1104.1803759155564,0.0,-0.0,0.0,112.18472619302052
26,1,27,0.1016,0.0,1104.1803759155605,,,,0,0.0,1,1894.5312500498017,1894.5312500498017,-0.0,303.12500000796825,62.89843750165342,0.0,,,284.91270520550324,1894.5312500498017,1818.7500000478094,75.78125000199225,1894.5312500498017,0.0,1.0,0.0,0.0,0.15665303378685033,94.97090173078062,0.96,631.5104166500603,606.2499999840578,25.26041666600247,1.0,0.0,0.0,0.15665303378534912,94.97090173736149,0.96,631.5104166998717,606.2500000318768,25.260416667994946,1.0,0.0,0.0,0.15665303378534925,94.97090173736127,0.96,631.5104166998697,606.2500000318748,25.260416667994832,,,,649.3509519600577,1818.7500000478094,1682.3437499999952,136.40624999999943,1818.7499999999945,4.7814864956308156e-08,1.0,0.0,0.0,0.38597994729677154,216.45031732001416,0.925,606.2499999999901,560.7812499999909,45.468749999999204,1.0,0.0,0.0,0.38597994729677365,216.45031732001692,0.925,606.2499999999945,560.781249999995,45.468749999999545,1.0,0.0,0.0,0.3859799472967811,216.4503173200266,0.925,606.25000000001,560.7812500000093,45.46875000000068,0.0,0.0,0.0,0.08724817754776784,0.0,0.88,0.0,0.0,0.0,1.0,,,0.101,169.91671874999952,1682.3437499999952,1682.3437499999952,0.0,52.15265624999985,0.0,,,212.18750004980654,0.0,91.24062502141682,3.0,1104.1803759155605,0.0,-0.0,0.0,112.18472619302094
27,1,28,0.1016,0.0,1104.1803759155605,,,,0,0.0,1,1894.5312500498017,1894.5312500498017,-0.0,303.12500000796825,62.89843750165342,0.0,,,284.91270520550324,1894.5312500498017,1818.7500000478094,75.78125000199225,1894.5312500498017,0.0,1.0,0.0,0.0,0.15665303378685033,94.97090173078062,0.96,631.5104166500603,606.2499999840578,25.26041666600247,1.0,0.0,0.0,0.15665303378534912,94.97090173736149,0.96,631.5104166998717,606.2500000318768,25.260416667994946,1.0,0.0,0.0,0.15665303378534925,94.97090173736127,0.96,631.5104166998697,606.2500000318748,25.260416667994832,,,,649.3509519600577,1818.7500000478094,1682.3437499999952,136.40624999999943,1818.7499999999945,4.7814864956308156e-08,1.0,0.0,0.0,0.38597994729677154,216.45031732001416,0.925,606.2499999999901,560.7812499999909,45.468749999999204,1.0,0.0,0.0,0.38597994729677365,216.45031732001692,0.925,606.2499999999945,560.781249999995,45.468749999999545,1.0,0.0,0.0,0.3859799472967811,216.4503173200266,0.925,606.25000000001,560.7812500000093,45.46875000000068,0.0,0.0,0.0,0.08724817754776784,0.0,0.88,0.0,0.0,0.0,1.0,,,0.101,169.91671874999952,1682.3437499999952,1682.3437499999952,0.0,52.15265624999985,0.0,,,212.18750004980654,0.0,91.24062502141682,3.0,1104.1803759155605,0.0,-0.0,0.0,112.18472619302094
28,1,29,0.1016,0.0,1104.1803759155605,,,,0,0.0,1,1894.5312500498017,1894.5312500498017,-0.0,303.12500000796825,62.89843750165342,0.0,,,284.91270520550324,1894.5312500498017,1818.7500000478094,75.78125000199225,1894.5312500498017,0.0,1.0,0.0,0.0,0.15665303378685033,94.97090173078062,0.96,631.5104166500603,606.2499999840578,25.26041666600247,1.0,0.0,0.0,0.15665303378534912,94.97090173736149,0.96,631.5104166998717,606.2500000318768,25.260416667994946,1.0,0.0,0.0,0.15665303378534925,94.97090173736127,0.96,631.5104166998697,606.2500000318748,25.260416667994832,,,,649.3509519600577,1818.7500000478094,1682.3437499999952,136.40624999999943,1818.7499999999945,4.7814864956308156e-08,1.0,0.0,0.0,0.38597994729677154,216.45031732001416,0.925,606.2499999999901,560.7812499999909,45.468749999999204,1.0,0.0,0.0,0.38597994729677365,216.45031732001692,0.925,606.2499999999945,560.781249999995,45.468749999999545,1.0,0.0,0.0,0.3859799472967811,216.4503173200266,0.925,606.25000000001,560.7812500000093,45.46875000000068,0.0,0.0,0.0,0.08724817754776784,0.0,0.88,0.0,0.0,0.0,1.0,,,0.101,169.91671874999952,1682.3437499999952,1682.3437499999952,0.0,52.15265624999985,0.0,,,212.18750004980654,0.0,91.24062502141682,3.0,1104.1803759155605,0.0,-0.0,0.0,112.18472619302094
29,1,30,0.1016,0.0,1104.1803759155605,,,,0,0.0,1,1894.5312500498017,1894.5312500498017,-0.0,303.12500000796825,62.89843750165342,0.0,,,284.91270520550324,1894.5312500498017,1818.7500000478094,75.78125000199225,1894.5312500498017,0.0,1.0,0.0,0.0,0.15665303378685033,94.97090173078062,0.96,631.5104166500603,606.2499999840578,25.26041666600247,1.0,0.0,0.0,0.15665303378534912,94.97090173736149,0.96,631.5104166998717,606.2500000318768,25.260416667994946,1.0,0.0,0.0,0.15665303378534925,94.97090173736127,0.96,631.5104166998697,606.2500000318748,25.260416667994832,,,,649.3509519600577,1818.7500000478094,1682.3437499999952,136.40624999999943,1818.7499999999945,4.7814864956308156e-08,1.0,0.0,0.0,0.38597994729677154,216.45031732001416,0.925,606.2499999999901,560.7812499999909,45.468749999999204,1.0,0.0,0.0,0.38597994729677365,216.45031732001692,0.925,606.2499999999945,560.781249999995,45.468749999999545,1.0,0.0,0.0,0.3859799472967811,216.4503173200266,0.925,606.25000000001,560.7812500000093,45.46875000000068,0.0,0.0,0.0,0.08724817754776784,0.0,0.88,0.0,0.0,0.0,1.0,,,0.101,169.91671874999952,1682.3437499999952,1682.3437499999952,0.0,52.15265624999985,0.0,,,212.18750004980654,0.0,91.24062502141682,3.0,1104.1803759155605,0.0,-0.0,0.0,112.18472619302094
30,1,31,0.1016,0.0,1104.1803759155605,,,,0,0.0,1,1894.5312500498017,1894.5312500498017,-0.0,303.12500000796825,62.89843750165342,0.0,,,284.91270520550324,1894.5312500498017,1818.7500000478094,75.78125000199225,1894.5312500498017,0.0,1.0,0.0,0.0,0.15665303378685033,94.97090173078062,0.96,631.5104166500603,606.2499999840578,25.26041666600247,1.0,0.0,0.0,0.15665303378534912,94.97090173736149,0.96,631.5104166998717,606.2500000318768,25.260416667994946,1.0,0.0,0.0,0.15665303378534925,94.97090173736127,0.96,631.5104166998697,606.2500000318748,25.260416667994832,,,,649.3509519600577,1818.7500000478094,1682.3437499999952,136.40624999999943,1818.7499999999945,4.7814864956308156e-08,1.0,0.0,0.0,0.38597994729677154,216.45031732001416,0.925,606.2499999999901,560.7812499999909,45.468749999999204,1.0,0.0,0.0,0.38597994729677365,216.45031732001692,0.925,606.2499999999945,560.781249999995,45.468749999999545,1.0,0.0,0.0,0.3859799472967811,216.4503173200266,0.925,606.25000000001,560.7812500000093,45.46875000000068,0.0,0.0,0.0,0.08724817754776784,0.0,0.88,0.0,0.0,0.0,1.0,,,0.101,169.91671874999952,1682.3437499999952,1682.3437499999952,0.0,52.15265624999985,0.0,,,212.18750004980654,0.0,91.24062502141682,3.0,1104.1803759155605,0.0,-0.0,0.0,112.18472619302094
31,1,32,0.1016,0.0,1104.1803759155569,,,,0,0.0,1,1894.5312500498017,1894.5312500498017,-0.0,303.12500000796825,62.89843750165342,0.0,,,284.91270520550324,1894.5312500498017,1818.7500000478094,75.78125000199225,1894.5312500498017,0.0,1.0,0.0,0.0,0.15665303378685033,94.97090173078062,0.96,631.5104166500603,606.2499999840578,25.26041666600247,1.0,0.0,0.0,0.15665303378534912,94.97090173736149,0.96,631.5104166998717,606.2500000318768,25.260416667994946,1.0,0.0,0.0,0.15665303378534925,94.97090173736127,0.96,631.5104166998697,606.2500000318748,25.260416667994832,,,,649.3509519600544,1818.7500000478094,1682.3437499999905,136.4062499999991,1818.7499999999895,4.781986717716791e-08,1.0,0.0,0.0,0.38597994729677165,216.4503173200143,0.925,606.2499999999903,560.7812499999911,45.468749999999204,1.0,0.0,0.0,0.38597994729677365,216.45031732001692,0.925,606.2499999999945,560.781249999995,45.468749999999545,1.0,0.0,0.0,0.38597994729677854,216.4503173200232,0.925,606.2500000000045,560.7812500000042,45.46875000000034,0.0,0.0,0.0,0.08724817754776784,0.0,0.88,0.0,0.0,0.0,1.0,,,0.101,169.91671874999903,1682.3437499999905,1682.3437499999905,0.0,52.1526562499997,0.0,,,212.1875000498112,1.4210854715202004e-13,91.24062502141882,3.0,1104.1803759155569,0.0,-0.0,0.0,112.18472619302057
32,1,33,0.1016,0.0,1104.1803759155655,,,,0,0.0,1,1894.5312500498035,1894.5312500498035,-0.0,303.12500000796854,62.898437501653476,0.0,,,284.9127052055037,1894.5312500498035,1818.7500000478112,75.78125000199225,1894.5312500498035,0.0,1.0,0.0,0.0,0.15665303378685033,94.97090173078062,0.96,631.5104166500603,606.2499999840578,25.26041666600247,1.0,0.0,0.0,0.15665303378534912,94.97090173736149,0.96,631.5104166998717,606.2500000318768,25.260416667994946,1.0,0.0,0.0,0.1566530337853492,94.97090173736154,0.96,631.5104166998716,606.2500000318768,25.260416667994832,,,,649.3509519600617,1818.7500000478112,1682.343750000001,136.40625,1818.750000000001,4.781031748279929e-08,1.0,0.0,0.0,0.3859799472967763,216.45031732002033,0.925,606.25,560.78125,45.46875,1.0,0.0,0.0,0.38597994729677654,216.45031732002067,0.925,606.2500000000006,560.7812500000006,45.46875,1.0,0.0,0.0,0.38597994729677654,216.45031732002067,0.925,606.2500000000006,560.7812500000006,45.46875,0.0,0.0,0.0,0.08724817754776784,0.0,0.88,0.0,0.0,0.0,1.0,,,0.101,169.91671875000011,1682.343750000001,1682.343750000001,0.0,52.15265625000003,0.0,,,212.18750004980257,-2.842170943040401e-14,91.2406250214151,3.0,1104.1803759155655,0.0,-0.0,0.0,112.18472619302145
33,1,34,0.1016,0.0,1104.1803759155655,,,,0,0.0,1,1894.5312500498035,1894.5312500498035,-0.0,303.12500000796854,62.898437501653476,0.0,,,284.9127052055036,1894.5312500498035,1818.7500000478112,75.78125000199225,1894.5312500498035,0.0,1.0,0.0,0.0,0.15665303378685033,94.97090173078062,0.96,631.5104166500603,606.2499999840578,25.26041666600247,1.0,0.0,0.0,0.15665303378534912,94.97090173736149,0.96,631.5104166998717,606.2500000318768,25.260416667994946,1.0,0.0,0.0,0.1566530337853492,94.97090173736154,0.96,631.5104166998716,606.2500000318768,25.260416667994832,,,,649.3509519600617,1818.7500000478112,1682.343750000001,136.40625,1818.750000000001,4.781031748279929e-08,1.0,0.0,0.0,0.3859799472967763,216.45031732002033,0.925,606.25,560.78125,45.46875,1.0,0.0,0.0,0.38597994729677654,216.45031732002067,0.925,606.2500000000006,560.7812500000006,45.46875,1.0,0.0,0.0,0.38597994729677654,216.45031732002067,0.925,606.2500000000006,560.7812500000006,45.46875,0.0,0.0,0.0,0.08724817754776784,0.0,0.88,0.0,0.0,0.0,1.0,,,0.101,169.91671875000011,1682.343750000001,1682.343750000001,0.0,52.15265625000003,0.0,,,212.18750004980257,8.526512829121202e-14,91.2406250214151,3.0,1104.1803759155655,0.0,-0.0,0.0,112.18472619302145
34,1,35,0.1016,0.0,1104.180375915566,,,,0,0.0,1,1894.5312500498087,1894.5312500498087,-0.0,303.1250000079694,62.898437501653646,0.0,,,284.91270520550427,1894.5312500498087,1818.7500000478162,75.78125000199248,1894.5312500498087,0.0,1.0,0.0,0.0,0.15665303378685033,94.97090173078062,0.96,631.5104166500603,606.2499999840578,25.26041666600247,1.0,0.0,0.0,0.15665303378534912,94.97090173736149,0.96,631.5104166998717,606.2500000318768,25.260416667994946,1.0,0.0,0.0,0.15665303378534898,94.97090173736217,0.96,631.5104166998767,606.2500000318817,25.26041666799506,,,,649.3509519600617,1818.7500000478162,1682.343750000001,136.40625,1818.750000000001,4.781531970365904e-08,1.0,0.0,0.0,0.3859799472967763,216.45031732002033,0.925,606.25,560.78125,45.46875,1.0,0.0,0.0,0.38597994729677654,216.45031732002067,0.925,606.2500000000006,560.7812500000006,45.46875,1.0,0.0,0.0,0.38597994729677654,216.45031732002067,0.925,606.2500000000006,560.7812500000006,45.46875,0.0,0.0,0.0,0.08724817754776784,0.0,0.88,0.0,0.0,0.0,1.0,,,0.101,169.91671875000011,1682.343750000001,1682.343750000001,0.0,52.15265625000003,0.0,,,212.1875000498078,-1.4210854715202004e-13,91.24062502141734,3.0,1104.180375915566,0.0,-0.0,0.0,112.18472619302149
35,1,36,0.1016,0.0,1104.180375915566,,,,0,0.0,1,1894.5312500498087,1894.5312500498087,-0.0,303.1250000079694,62.898437501653646,0.0,,,284.91270520550427,1894.5312500498087,1818.7500000478162,75.78125000199248,1894.5312500498087,0.0,1.0,0.0,0.0,0.15665303378685033,94.97090173078062,0.96,631.5104166500603,606.2499999840578,25.26041666600247,1.0,0.0,0.0,0.15665303378534912,94.97090173736149,0.96,631.5104166998717,606.2500000318768,25.260416667994946,1.0,0.0,0.0,0.15665303378534898,94.97090173736217,0.96,631.5104166998767,606.2500000318817,25.26041666799506,,,,649.3509519600617,1818.7500000478162,1682.343750000001,136.40625,1818.750000000001,4.781531970365904e-08,1.0,0.0,0.0,0.3859799472967763,216.45031732002033,0.925,606.25,560.78125,45.46875,1.0,0.0,0.0,0.38597994729677654,216.45031732002067,0.925,606.2500000000006,560.7812500000006,45.46875,1.0,0.0,0.0,0.38597994729677654,216.45031732002067,0.925,606.2500000000006,560.7812500000006,45.46875,0.0,0.0,0.0,0.08724817754776784,0.0,0.88,0.0,0.0,0.0,1.0,,,0.101,169.91671875000011,1682.343750000001,1682.343750000001,0.0,52.15265625000003,0.0,,,212.1875000498078,-1.4210854715202004e-13,91.24062502141734,3.0,1104.180375915566,0.0,-0.0,0.0,112.18472619302149
36,1,37,0.1016,0.0,1104.1803759155662,,,,0,0.0,1,1894.5312500498087,1894.5312500498087,-0.0,303.1250000079694,62.898437501653646,0.0,,,284.9127052055044,1894.5312500498087,1818.7500000478162,75.78125000199248,1894.5312500498087,0.0,1.0,0.0,0.0,0.15665303378685033,94.97090173078062,0.96,631.5104166500603,606.2499999840578,25.26041666600247,1.0,0.0,0.0,0.15665303378534912,94.97090173736149,0.96,631.5104166998717,606.2500000318768,25.260416667994946,1.0,0.0,0.0,0.15665303378534898,94.97090173736217,0.96,631.5104166998767,606.2500000318817,25.26041666799506,,,,649.3509519600617,1818.7500000478162,1682.343750000001,136.40625,1818.750000000001,4.781531970365904e-08,1.0,0.0,0.0,0.3859799472967763,216.45031732002033,0.925,606.25,560.78125,45.46875,1.0,0.0,0.0,0.38597994729677654,216.45031732002067,0.925,606.2500000000006,560.7812500000006,45.46875,1.0,0.0,0.0,0.38597994729677654,216.45031732002067,0.925,606.2500000000006,560.7812500000006,45.46875,0.0,0.0,0.0,0.08724817754776784,0.0,0.88,0.0,0.0,0.0,1.0,,,0.101,169.91671875000011,1682.343750000001,1682.343750000001,0.0,52.15265625000003,0.0,,,212.1875000498078,-2.842170943040401e-14,91.24062502141734,3.0,1104.1803759155662,0.0,-0.0,0.0,112.18472619302152
37,1,38,0.1016,0.0,1104.1803759089853,,,,0,0.0,1,1894.5312499999973,1894.5312499999973,-0.0,303.12499999999955,62.89843749999991,0.0,,,284.9127051989235,1894.5312499999973,1818.7499999999973,75.78125,1894.5312499999973,0.0,1.0,0.0,0.0,0.15665303378685033,94.97090173078062,0.96,631.5104166500603,606.2499999840578,25.26041666600247,1.0,0.0,0.0,0.15665303378685025,94.9709017307809,0.96,631.5104166500623,606.2499999840599,25.26041666600247,1.0,0.0,0.0,0.15665303378534903,94.97090173736191,0.96,631.5104166998748,606.2500000318797,25.26041666799506,,,,649.3509519600617,1818.7499999999973,1682.343750000001,136.40625,1818.750000000001,-3.637978807091713e-12,1.0,0.0,0.0,0.3859799472967763,216.45031732002033,0.925,606.25,560.78125,45.46875,1.0,0.0,0.0,0.38597994729677654,216.45031732002067,0.925,606.2500000000006,560.7812500000006,45.46875,1.0,0.0,0.0,0.38597994729677654,216.45031732002067,0.925,606.2500000000006,560.7812500000006,45.46875,0.0,0.0,0.0,0.08724817754776787,0.0,0.8800000000000001,0.0,0.0,0.0,1.0,,,0.101,169.91671875000011,1682.343750000001,1682.343750000001,0.0,52.15265625000003,0.0,,,212.18749999999636,-2.842170943040401e-14,91.24062499999843,3.0,1104.1803759089853,0.0,-0.0,0.0,112.1847261923529
38,1,39,0.1016,0.0,1104.180375904599,,,,0,0.0,1,1894.531249966793,1894.531249966793,-0.0,303.1249999946869,62.89843749889753,0.0,,,284.91270519453656,1894.531249966793,1818.749999968121,75.78124999867191,1894.531249966793,0.0,1.0,0.0,0.0,0.15665303378685033,94.97090173078062,0.96,631.5104166500603,606.2499999840578,25.26041666600247,1.0,0.0,0.0,0.15665303378685025,94.97090173078094,0.96,631.5104166500628,606.2499999840602,25.260416666002584,1.0,0.0,0.0,0.15665303378634976,94.97090173297501,0.96,631.5104166666698,606.250000000003,25.260416666666856,,,,649.3509519600623,1818.749999968121,1682.3437500000018,136.4062500000001,1818.7500000000018,0.0,1.0,0.0,0.0,0.3859799472967763,216.45031732002033,0.925,606.25,560.78125,45.46875,1.0,0.0,0.0,0.38597994729677654,216.45031732002067,0.925,606.2500000000006,560.7812500000006,45.46875,1.0,0.0,0.0,0.385979947296777,216.45031732002124,0.925,606.2500000000015,560.7812500000014,45.468750000000114,0.0,0.0,0.0,0.08724817754776787,0.0,0.8800000000000001,0.0,0.0,0.0,1.0,,,0.101,169.9167187500002,1682.3437500000018,1682.3437500000018,0.0,52.15265625000006,0.0,,,212.18749999867202,0.0,91.24062499942897,3.0,1104.180375904599,0.0,-0.0,0.0,112.18472619190726
39,1,40,0.1016,0.0,1104.180375904599,,,,0,0.0,1,1894.531249966793,1894.531249966793,-0.0,303.1249999946869,62.89843749889753,0.0,,,284.91270519453656,1894.531249966793,1818.749999968121,75.78124999867191,1894.531249966793,0.0,1.0,0.0,0.0,0.15665303378685033,94.97090173078062,0.96,631.5104166500603,606.2499999840578,25.26041666600247,1.0,0.0,0.0,0.15665303378685025,94.97090173078094,0.96,631.5104166500628,606.2499999840602,25.260416666002584,1.0,0.0,0.0,0.15665303378634976,94.97090173297501,0.96,631.5104166666698,606.250000000003,25.260416666666856,,,,649.3509519600623,1818.749999968121,1682.3437500000018,136.4062500000001,1818.7500000000018,0.0,1.0,0.0,0.0,0.3859799472967763,216.45031732002033,0.925,606.25,560.78125,45.46875,1.0,0.0,0.0,0.38597994729677654,216.45031732002067,0.925,606.2500000000006,560.7812500000006,45.46875,1.0,0.0,0.0,0.385979947296777,216.45031732002124,0.925,606.2500000000015,560.7812500000014,45.468750000000114,0.0,0.0,0.0,0.08724817754776784,0.0,0.88,0.0,0.0,0.0,1.0,,,0.101,169.9167187500002,1682.3437500000018,1682.3437500000018,0.0,52.15265625000006,0.0,,,212.18749999867202,0.0,91.24062499942897,3.0,1104.180375904599,0.0,-0.0,0.0,112.18472619190726
40,1,41,0.1016,0.0,1104.180375908985,,,,0,0.0,1,1894.5312499999977,1894.5312499999977,-0.0,303.12499999999966,62.89843749999992,0.0,,,284.91270519892316,1894.5312499999977,1818.7499999999977,75.78125,1894.5312499999977,0.0,1.0,0.0,0.0,0.15665303378534906,94.97090173736161,0.96,631.5104166998727,606.2500000318778,25.260416667994946,1.0,0.0,0.0,0.15665303378685025,94.97090173078094,0.96,631.5104166500628,606.2499999840602,25.260416666002584,1.0,0.0,0.0,0.15665303378685025,94.9709017307809,0.96,631.5104166500623,606.2499999840599,25.26041666600247,,,,649.3509519600618,1818.7499999999977,1682.3437500000014,136.40625,1818.7500000000014,-3.637978807091713e-12,1.0,0.0,0.0,0.38597994729677665,216.4503173200208,0.925,606.2500000000007,560.7812500000007,45.46875,1.0,0.0,0.0,0.38597994729677654,216.45031732002067,0.925,606.2500000000006,560.7812500000006,45.46875,1.0,0.0,0.0,0.3859799472967763,216.45031732002033,0.925,606.25,560.78125,45.46875,0.0,0.0,0.0,0.08724817754776784,0.0,0.88,0.0,0.0,0.0,1.0,,,0.101,169.91671875000014,1682.3437500000014,1682.3437500000014,0.0,52.15265625000004,0.0,,,212.18749999999636,-5.684341886080802e-14,91.24062499999843,3.0,1104.180375908985,0.0,-0.0,0.0,112.18472619235288
41,1,42,0.15246,0.0,1.1368683772161603e-13,,,,0,0.0,1,0.0,0.0,-0.0,0.0,0.0,0.0,,,1.1368683772161603e-13,0.0,0.0,0.0,0.0,0.0,0.0,0.0,1.0,0.271,0.0,0.96,0.0,0.0,-0.0,0.0,0.0,1.0,0.271,0.0,0.96,0.0,0.0,-0.0,0.0,0.0,1.0,0.271,0.0,0.96,0.0,0.0,-0.0,,,,0.0,0.0,0.0,0.0,0.0,0.0,0.0,0.0,1.0,0.08724817754776787,0.0,0.8800000000000001,0.0,0.0,0.0,0.0,0.0,1.0,0.08724817754776787,0.0,0.8800000000000001,0.0,0.0,0.0,0.0,0.0,1.0,0.08724817754776787,0.0,0.8800000000000001,0.0,0.0,0.0,0.0,0.0,0.0,0.08724817754776787,0.0,0.8800000000000001,0.0,0.0,0.0,1.0,,,0.101,0.0,0.0,-0.0,0.0,0.0,0.0,,,0.0,0.0,0.0,0.0,1.1368683772161603e-13,-0.0,2204.0,0.0,1.733269527903758e-14
42,1,43,0.15246,0.0,1.1368683772161603e-13,,,,0,0.0,1,0.0,0.0,-0.0,0.0,0.0,0.0,,,1.1368683772161603e-13,0.0,0.0,0.0,0.0,0.0,0.0,0.0,0.0,0.271,0.0,0.96,0.0,0.0,-0.0,0.0,0.0,0.0,0.271,0.0,0.96,0.0,0.0,-0.0,0.0,0.0,0.0,0.271,0.0,0.96,0.0,0.0,-0.0,,,,0.0,0.0,0.0,0.0,0.0,0.0,0.0,0.0,0.0,0.08724817754776787,0.0,0.8800000000000001,0.0,0.0,0.0,0.0,0.0,0.0,0.08724817754776787,0.0,0.8800000000000001,0.0,0.0,0.0,0.0,0.0,0.0,0.08724817754776787,0.0,0.8800000000000001,0.0,0.0,0.0,0.0,0.0,0.0,0.08724817754776787,0.0,0.8800000000000001,0.0,0.0,0.0,1.0,,,0.101,0.0,0.0,-0.0,0.0,0.0,0.0,,,0.0,0.0,0.0,0.0,1.1368683772161603e-13,-0.0,2204.0,0.0,1.733269527903758e-14
43,1,44,0.15246,0.0,1.1368683772161603e-13,,,,0,0.0,1,0.0,0.0,-0.0,0.0,0.0,0.0,,,1.1368683772161603e-13,0.0,0.0,0.0,0.0,0.0,0.0,0.0,0.0,0.271,0.0,0.96,0.0,0.0,-0.0,0.0,0.0,0.0,0.271,0.0,0.96,0.0,0.0,-0.0,0.0,0.0,0.0,0.271,0.0,0.96,0.0,0.0,-0.0,,,,0.0,0.0,0.0,0.0,0.0,0.0,0.0,0.0,0.0,0.08724817754776787,0.0,0.8800000000000001,0.0,0.0,0.0,0.0,0.0,0.0,0.08724817754776787,0.0,0.8800000000000001,0.0,0.0,0.0,0.0,0.0,0.0,0.08724817754776787,0.0,0.8800000000000001,0.0,0.0,0.0,0.0,0.0,0.0,0.08724817754776787,0.0,0.8800000000000001,0.0,0.0,0.0,1.0,,,0.101,0.0,0.0,-0.0,0.0,0.0,0.0,,,0.0,0.0,0.0,0.0,1.1368683772161603e-13,-0.0,2204.0,0.0,1.733269527903758e-14
44,1,45,0.15246,0.0,1.1368683772161603e-13,,,,0,0.0,1,0.0,0.0,-0.0,0.0,0.0,0.0,,,1.1368683772161603e-13,0.0,0.0,0.0,0.0,0.0,0.0,0.0,0.0,0.271,0.0,0.96,0.0,0.0,-0.0,0.0,0.0,0.0,0.271,0.0,0.96,0.0,0.0,-0.0,0.0,0.0,0.0,0.271,0.0,0.96,0.0,0.0,-0.0,,,,0.0,0.0,0.0,0.0,0.0,0.0,0.0,0.0,0.0,0.08724817754776787,0.0,0.8800000000000001,0.0,0.0,0.0,0.0,0.0,0.0,0.08724817754776787,0.0,0.8800000000000001,0.0,0.0,0.0,0.0,0.0,0.0,0.08724817754776787,0.0,0.8800000000000001,0.0,0.0,0.0,0.0,0.0,0.0,0.08724817754776787,0.0,0.8800000000000001,0.0,0.0,0.0,1.0,,,0.101,0.0,0.0,-0.0,0.0,0.0,0.0,,,0.0,0.0,0.0,0.0,1.1368683772161603e-13,-0.0,2204.0,0.0,1.733269527903758e-14
45,1,46,0.15246,0.0,1.1368683772161603e-13,,,,0,0.0,1,0.0,0.0,-0.0,0.0,0.0,0.0,,,1.1368683772161603e-13,0.0,0.0,0.0,0.0,0.0,0.0,0.0,0.0,0.271,0.0,0.96,0.0,0.0,-0.0,0.0,0.0,0.0,0.271,0.0,0.96,0.0,0.0,-0.0,0.0,0.0,0.0,0.27099999999999996,0.0,0.96,0.0,0.0,-0.0,,,,0.0,0.0,0.0,0.0,0.0,0.0,0.0,0.0,0.0,0.08724817754776787,0.0,0.8800000000000001,0.0,0.0,0.0,0.0,0.0,0.0,0.08724817754776787,0.0,0.8800000000000001,0.0,0.0,0.0,0.0,0.0,0.0,0.08724817754776787,0.0,0.8800000000000001,0.0,0.0,0.0,0.0,0.0,0.0,0.08724817754776787,0.0,0.8800000000000001,0.0,0.0,0.0,1.0,,,0.101,0.0,0.0,-0.0,0.0,0.0,0.0,,,0.0,0.0,0.0,0.0,1.1368683772161603e-13,-0.0,2204.0,0.0,1.733269527903758e-14
46,1,47,0.1016,0.0,570.2746573785873,,,,0,0.0,1,1083.333333333333,1083.333333333333,-0.0,173.3333333333333,35.966666666666654,0.0,,,168.93073381212002,1083.333333333333,1039.9999999999998,43.333333333333314,1083.333333333333,0.0,1.0,1.0,0.0,0.15625533676147463,96.97596837759019,0.96,646.484375,620.625,25.859375,1.0,1.0,0.0,0.1715761917961969,71.95476543453003,0.96,436.84895833333303,419.3749999999997,17.473958333333314,0.0,0.0,0.0,0.271,0.0,0.96,0.0,0.0,-0.0,,,,308.90872356646736,1039.9999999999998,915.2,124.79999999999995,1040.0,-2.2737367544323206e-13,1.0,1.0,0.0,0.3375313850158078,154.45436178323365,0.88,520.0,457.6,62.39999999999998,1.0,1.0,0.0,0.3375313850158078,154.45436178323365,0.88,520.0,457.6,62.39999999999998,0.0,0.0,0.0,0.08724817754776787,0.0,0.8800000000000001,0.0,0.0,0.0,0.0,0.0,0.0,0.08724817754776787,0.0,0.8800000000000001,0.0,0.0,0.0,0.0,,,0.101,92.43520000000001,915.2,0.0,915.2,28.3712,1.0,,,1083.333333333333,-5.684341886080802e-14,465.8333333333332,2.0,570.2746573785873,0.0,0.0,0.0,57.93990518966447
47,1,48,0.1016,0.0,570.2746573785873,,,,0,0.0,1,1083.333333333333,1083.333333333333,-0.0,173.3333333333333,35.966666666666654,0.0,,,168.93073381212002,1083.333333333333,1039.9999999999998,43.333333333333314,1083.333333333333,0.0,1.0,0.0,0.0,0.15625533676147463,96.97596837759019,0.96,646.484375,620.625,25.859375,1.0,0.0,0.0,0.1715761917961969,71.95476543453003,0.96,436.84895833333303,419.3749999999997,17.473958333333314,0.0,0.0,0.0,0.271,0.0,0.96,0.0,0.0,-0.0,,,,308.90872356646736,1039.9999999999998,915.2,124.79999999999995,1040.0,-2.2737367544323206e-13,1.0,0.0,0.0,0.3375313850158078,154.45436178323365,0.88,520.0,457.6,62.39999999999998,1.0,0.0,0.0,0.3375313850158078,154.45436178323365,0.88,520.0,457.6,62.39999999999998,0.0,0.0,0.0,0.08724817754776787,0.0,0.8800000000000001,0.0,0.0,0.0,0.0,0.0,0.0,0.08724817754776787,0.0,0.8800000000000001,0.0,0.0,0.0,0.0,,,0.101,92.43520000000001,915.2,0.0,915.2,28.3712,1.0,,,1083.333333333333,-5.684341886080802e-14,465.8333333333332,2.0,570.2746573785873,0.0,0.0,0.0,57.93990518966447
48,1,49,0.1016,0.0,1141.5374548917928,,,,0,0.0,1,1939.4531249999845,1939.4531249999845,-0.0,310.31249999999756,64.38984374999949,0.0,,,290.9279051327685,1939.4531249999845,1861.8749999999852,77.57812499999943,1939.4531249999845,0.0,1.0,0.0,0.0,0.1562553367614749,96.97596837758859,0.96,646.4843749999882,620.6249999999886,25.859374999999545,1.0,0.0,0.0,0.15625533676147477,96.97596837759028,0.96,646.484375,620.625,25.859375,1.0,1.0,0.0,0.15625533676147463,96.97596837758965,0.96,646.4843749999965,620.6249999999966,25.859374999999886,,,,676.6638778840227,1861.8749999999852,1722.2343750000155,139.64062500000102,1861.8750000000166,-3.1377567211166024e-11,1.0,0.0,0.0,0.3928988340416858,225.55462596133697,0.925,620.6249999999994,574.0781249999995,46.546874999999886,1.0,0.0,0.0,0.392898834041688,225.5546259613399,0.925,620.625000000004,574.0781250000038,46.54687500000023,1.0,1.0,0.0,0.39289883404169246,225.5546259613458,0.925,620.6250000000132,574.0781250000123,46.54687500000091,0.0,0.0,0.0,0.08724817754776784,0.0,0.88,0.0,0.0,0.0,1.0,,,0.101,173.94567187500158,1722.2343750000155,1722.2343750000155,0.0,53.389265625000476,0.0,,,217.21874999996908,2.842170943040401e-14,93.40406249998671,3.0,1141.5374548917928,0.0,-0.0,0.0,115.98020541700615
49,1,50,0.1016,0.0,1141.5374548917928,,,,0,0.0,1,1939.4531249999845,1939.4531249999845,-0.0,310.31249999999756,64.38984374999949,0.0,,,290.9279051327685,1939.4531249999845,1861.8749999999852,77.57812499999943,1939.4531249999845,0.0,1.0,0.0,0.0,0.1562553367614749,96.97596837758859,0.96,646.4843749999882,620.6249999999886,25.859374999999545,1.0,0.0,0.0,0.15625533676147477,96.97596837759028,0.96,646.484375,620.625,25.859375,1.0,0.0,0.0,0.15625533676147468,96.9759683775897,0.96,646.4843749999965,620.6249999999966,25.859374999999886,,,,676.6638778840227,1861.8749999999852,1722.2343750000155,139.64062500000102,1861.8750000000166,-3.1377567211166024e-11,1.0,0.0,0.0,0.3928988340416858,225.55462596133697,0.925,620.6249999999994,574.0781249999995,46.546874999999886,1.0,0.0,0.0,0.392898834041688,225.5546259613399,0.925,620.625000000004,574.0781250000038,46.54687500000023,1.0,0.0,0.0,0.39289883404169246,225.5546259613458,0.925,620.6250000000132,574.0781250000123,46.54687500000091,0.0,0.0,0.0,0.08724817754776784,0.0,0.88,0.0,0.0,0.0,1.0,,,0.101,173.94567187500158,1722.2343750000155,1722.2343750000155,0.0,53.389265625000476,0.0,,,217.21874999996908,2.842170943040401e-14,93.40406249998671,3.0,1141.5374548917928,0.0,-0.0,0.0,115.98020541700615
50,1,51,0.1016,0.0,1141.537454891797,,,,0,0.0,1,1939.4531249999845,1939.4531249999845,-0.0,310.31249999999756,64.38984374999949,0.0,,,290.9279051327685,1939.4531249999845,1861.8749999999852,77.57812499999943,1939.4531249999845,0.0,1.0,0.0,0.0,0.1562553367614749,96.97596837758859,0.96,646.4843749999882,620.6249999999886,25.859374999999545,1.0,0.0,0.0,0.15625533676147477,96.97596837759028,0.96,646.484375,620.625,25.859375,1.0,0.0,0.0,0.1562553367614747,96.97596837758971,0.96,646.4843749999965,620.6249999999966,25.859374999999886,,,,676.6638778840264,1861.8749999999852,1722.234375000021,139.64062500000148,1861.8750000000223,-3.7061909097246826e-11,1.0,0.0,0.0,0.3928988340416858,225.55462596133697,0.925,620.6249999999994,574.0781249999995,46.546874999999886,1.0,0.0,0.0,0.392898834041688,225.5546259613399,0.925,620.625000000004,574.0781250000038,46.54687500000023,1.0,0.0,0.0,0.39289883404169523,225.5546259613495,0.925,620.625000000019,574.0781250000176,46.546875000001364,0.0,0.0,0.0,0.08724817754776784,0.0,0.88,0.0,0.0,0.0,1.0,,,0.101,173.94567187500212,1722.234375000021,1722.234375000021,0.0,53.38926562500065,0.0,,,217.21874999996385,5.684341886080802e-14,93.40406249998445,3.0,1141.537454891797,0.0,-0.0,0.0,115.98020541700659
51,1,52,0.1016,0.0,1141.5374548917969,,,,0,0.0,1,1939.4531249999845,1939.4531249999845,-0.0,310.31249999999756,64.38984374999949,0.0,,,290.9279051327684,1939.4531249999845,1861.8749999999852,77.57812499999943,1939.4531249999845,0.0,1.0,0.0,0.0,0.1562553367614749,96.97596837758859,0.96,646.4843749999882,620.6249999999886,25.859374999999545,1.0,0.0,0.0,0.15625533676147477,96.97596837759028,0.96,646.484375,620.625,25.859375,1.0,0.0,0.0,0.1562553367614747,96.97596837758971,0.96,646.4843749999965,620.6249999999966,25.859374999999886,,,,676.6638778840264,1861.8749999999852,1722.234375000021,139.64062500000148,1861.8750000000223,-3.7061909097246826e-11,1.0,0.0,0.0,0.3928988340416858,225.55462596133697,0.925,620.6249999999994,574.0781249999995,46.546874999999886,1.0,0.0,0.0,0.392898834041688,225.5546259613399,0.925,620.625000000004,574.0781250000038,46.54687500000023,1.0,0.0,0.0,0.39289883404169523,225.5546259613495,0.925,620.625000000019,574.0781250000176,46.546875000001364,0.0,0.0,0.0,0.08724817754776784,0.0,0.88,0.0,0.0,0.0,1.0,,,0.101,173.94567187500212,1722.234375000021,1722.234375000021,0.0,53.38926562500065,0.0,,,217.21874999996385,-5.684341886080802e-14,93.40406249998445,3.0,1141.5374548917969,0.0,-0.0,0.0,115.98020541700656
52,1,53,0.1016,0.0,1141.537454891797,,,,0,0.0,1,1939.4531249999845,1939.4531249999845,-0.0,310.31249999999756,64.38984374999949,0.0,,,290.9279051327685,1939.4531249999845,1861.8749999999852,77.57812499999943,1939.4531249999845,0.0,1.0,0.0,0.0,0.1562553367614749,96.97596837758859,0.96,646.4843749999882,620.6249999999886,25.859374999999545,1.0,0.0,0.0,0.15625533676147477,96.97596837759028,0.96,646.484375,620.625,25.859375,1.0,0.0,0.0,0.1562553367614747,96.97596837758971,0.96,646.4843749999965,620.6249999999966,25.859374999999886,,,,676.6638778840264,1861.8749999999852,1722.234375000021,139.64062500000148,1861.8750000000223,-3.7061909097246826e-11,1.0,0.0,0.0,0.3928988340416858,225.55462596133697,0.925,620.6249999999994,574.0781249999995,46.546874999999886,1.0,0.0,0.0,0.392898834041688,225.5546259613399,0.925,620.625000000004,574.0781250000038,46.54687500000023,1.0,0.0,0.0,0.39289883404169523,225.5546259613495,0.925,620.625000000019,574.0781250000176,46.546875000001364,0.0,0.0,0.0,0.08724817754776784,0.0,0.88,0.0,0.0,0.0,1.0,,,0.101,173.94567187500212,1722.234375000021,1722.234375000021,0.0,53.38926562500065,0.0,,,217.21874999996385,5.684341886080802e-14,93.40406249998445,3.0,1141.537454891797,0.0,-0.0,0.0,115.98020541700659
53,1,54,0.1016,0.0,1141.537454891797,,,,0,0.0,1,1939.4531249999845,1939.4531249999845,-0.0,310.31249999999756,64.38984374999949,0.0,,,290.9279051327685,1939.4531249999845,1861.8749999999852,77.57812499999943,1939.4531249999845,0.0,1.0,0.0,0.0,0.1562553367614749,96.97596837758859,0.96,646.4843749999882,620.6249999999886,25.859374999999545,1.0,0.0,0.0,0.15625533676147477,96.97596837759028,0.96,646.484375,620.625,25.859375,1.0,0.0,0.0,0.1562553367614747,96.97596837758971,0.96,646.4843749999965,620.6249999999966,25.859374999999886,,,,676.6638778840264,1861.8749999999852,1722.234375000021,139.64062500000148,1861.8750000000223,-3.7061909097246826e-11,1.0,0.0,0.0,0.3928988340416858,225.55462596133697,0.925,620.6249999999994,574.0781249999995,46.546874999999886,1.0,0.0,0.0,0.392898834041688,225.5546259613399,0.925,620.625000000004,574.0781250000038,46.54687500000023,1.0,0.0,0.0,0.39289883404169523,225.5546259613495,0.925,620.625000000019,574.0781250000176,46.546875000001364,0.0,0.0,0.0,0.08724817754776784,0.0,0.88,0.0,0.0,0.0,1.0,,,0.101,173.94567187500212,1722.234375000021,1722.234375000021,0.0,53.38926562500065,0.0,,,217.21874999996385,5.684341886080802e-14,93.40406249998445,3.0,1141.537454891797,0.0,-0.0,0.0,115.98020541700659
54,1,55,0.1016,0.0,1141.5374548917994,,,,0,0.0,1,1939.4531249999964,1939.4531249999964,-0.0,310.31249999999943,64.38984374999988,0.0,,,290.9279051327702,1939.4531249999964,1861.8749999999966,77.57812499999989,1939.4531249999964,0.0,1.0,0.0,0.0,0.15625533676147477,96.97596837759028,0.96,646.484375,620.625,25.859375,1.0,0.0,0.0,0.15625533676147463,96.97596837759019,0.96,646.484375,620.625,25.859375,1.0,0.0,0.0,0.15625533676147463,96.97596837758965,0.96,646.4843749999965,620.6249999999966,25.859374999999886,,,,676.663877884027,1861.8749999999966,1722.2343750000218,139.6406250000016,1861.8750000000236,-2.7057467377744615e-11,1.0,0.0,0.0,0.3928988340416836,225.55462596133404,0.925,620.6249999999949,574.0781249999953,46.546874999999545,1.0,0.0,0.0,0.3928988340416907,225.55462596134348,0.925,620.6250000000097,574.078125000009,46.54687500000068,1.0,0.0,0.0,0.39289883404169523,225.5546259613495,0.925,620.625000000019,574.0781250000176,46.546875000001364,0.0,0.0,0.0,0.08724817754776784,0.0,0.88,0.0,0.0,0.0,1.0,,,0.101,173.9456718750022,1722.2343750000218,1722.2343750000218,0.0,53.389265625000675,0.0,,,217.21874999997442,-2.842170943040401e-14,93.404062499989,3.0,1141.5374548917994,0.0,-0.0,0.0,115.98020541700681
55,1,56,0.1016,0.0,1141.5374548917994,,,,0,0.0,1,1939.4531249999964,1939.4531249999964,-0.0,310.31249999999943,64.38984374999988,0.0,,,290.9279051327702,1939.4531249999964,1861.8749999999966,77.57812499999989,1939.4531249999964,0.0,1.0,0.0,0.0,0.15625533676147463,96.97596837759019,0.96,646.484375,620.625,25.859375,1.0,0.0,0.0,0.15625533676147463,96.97596837759019,0.96,646.484375,620.625,25.859375,1.0,0.0,0.0,0.1562553367614747,96.97596837758971,0.96,646.4843749999965,620.6249999999966,25.859374999999886,,,,676.663877884027,1861.8749999999966,1722.2343750000218,139.6406250000016,1861.8750000000236,-2.7057467377744615e-11,1.0,0.0,0.0,0.3928988340416836,225.55462596133404,0.925,620.6249999999949,574.0781249999953,46.546874999999545,1.0,0.0,0.0,0.3928988340416907,225.55462596134348,0.925,620.6250000000097,574.078125000009,46.54687500000068,1.0,0.0,0.0,0.39289883404169523,225.5546259613495,0.925,620.625000000019,574.0781250000176,46.546875000001364,0.0,0.0,0.0,0.08724817754776784,0.0,0.88,0.0,0.0,0.0,1.0,,,0.101,173.9456718750022,1722.2343750000218,1722.2343750000218,0.0,53.389265625000675,0.0,,,217.21874999997442,-2.842170943040401e-14,93.404062499989,3.0,1141.5374548917994,0.0,-0.0,0.0,115.98020541700681
56,1,57,0.1016,0.0,1141.537454891799,,,,0,0.0,1,1939.4531249999932,1939.4531249999932,-0.0,310.3124999999989,64.38984374999977,0.0,,,290.92790513276975,1939.4531249999932,1861.8749999999936,77.57812499999977,1939.4531249999932,0.0,1.0,0.0,0.0,0.15625533676147463,96.97596837759022,0.96,646.4843750000002,620.6250000000002,25.859375,1.0,0.0,0.0,0.15625533676147463,96.97596837759019,0.96,646.484375,620.625,25.859375,1.0,0.0,0.0,0.1562553367614748,96.97596837758924,0.96,646.4843749999931,620.6249999999933,25.859374999999773,,,,676.663877884027,1861.8749999999936,1722.2343750000218,139.6406250000016,1861.8750000000236,-3.001332515850663e-11,1.0,0.0,0.0,0.3928988340416836,225.55462596133404,0.925,620.6249999999949,574.0781249999953,46.546874999999545,1.0,0.0,0.0,0.3928988340416907,225.55462596134348,0.925,620.6250000000097,574.078125000009,46.54687500000068,1.0,0.0,0.0,0.39289883404169523,225.5546259613495,0.925,620.625000000019,574.0781250000176,46.546875000001364,0.0,0.0,0.0,0.08724817754776784,0.0,0.88,0.0,0.0,0.0,1.0,,,0.101,173.9456718750022,1722.2343750000218,1722.2343750000218,0.0,53.389265625000675,0.0,,,217.21874999997135,-2.842170943040401e-14,93.40406249998767,3.0,1141.537454891799,0.0,-0.0,0.0,115.98020541700677
57,1,58,0.1016,0.0,1141.537454891799,,,,0,0.0,1,1939.4531249999932,1939.4531249999932,-0.0,310.3124999999989,64.38984374999977,0.0,,,290.92790513276964,1939.4531249999932,1861.8749999999936,77.57812499999977,1939.4531249999932,0.0,1.0,0.0,0.0,0.15625533676147463,96.97596837759022,0.96,646.4843750000002,620.6250000000002,25.859375,1.0,0.0,0.0,0.15625533676147463,96.97596837759019,0.96,646.484375,620.625,25.859375,1.0,0.0,0.0,0.1562553367614748,96.97596837758924,0.96,646.4843749999931,620.6249999999933,25.859374999999773,,,,676.663877884027,1861.8749999999936,1722.2343750000218,139.6406250000016,1861.8750000000236,-3.001332515850663e-11,1.0,0.0,0.0,0.3928988340416836,225.55462596133404,0.925,620.6249999999949,574.0781249999953,46.546874999999545,1.0,0.0,0.0,0.3928988340416907,225.55462596134348,0.925,620.6250000000097,574.078125000009,46.54687500000068,1.0,0.0,0.0,0.39289883404169523,225.5546259613495,0.925,620.625000000019,574.0781250000176,46.546875000001364,0.0,0.0,0.0,0.08724817754776784,0.0,0.88,0.0,0.0,0.0,1.0,,,0.101,173.9456718750022,1722.2343750000218,1722.2343750000218,0.0,53.389265625000675,0.0,,,217.21874999997135,8.526512829121202e-14,93.40406249998767,3.0,1141.537454891799,0.0,-0.0,0.0,115.98020541700677
58,1,59,0.1016,0.0,1141.5374548918035,,,,0,0.0,1,1939.453125,1939.453125,-0.0,310.3125,64.38984375,0.0,,,290.9279051327703,1939.453125,1861.875,77.578125,1939.453125,0.0,1.0,0.0,0.0,0.15625533676147463,96.97596837759019,0.96,646.484375,620.625,25.859375,1.0,0.0,0.0,0.15625533676147463,96.97596837759019,0.96,646.484375,620.625,25.859375,1.0,0.0,0.0,0.15625533676147463,96.97596837759019,0.96,646.484375,620.625,25.859375,,,,676.6638778840303,1861.875,1722.2343750000268,139.64062500000193,1861.8750000000286,-2.864908310584724e-11,1.0,0.0,0.0,0.3928988340416836,225.55462596133404,0.925,620.6249999999949,574.0781249999953,46.546874999999545,1.0,0.0,0.0,0.3928988340416931,225.55462596134672,0.925,620.6250000000147,574.0781250000136,46.54687500000102,1.0,0.0,0.0,0.39289883404169523,225.5546259613495,0.925,620.625000000019,574.0781250000176,46.546875000001364,0.0,0.0,0.0,0.08724817754776784,0.0,0.88,0.0,0.0,0.0,1.0,,,0.101,173.94567187500272,1722.2343750000268,1722.2343750000268,0.0,53.38926562500083,0.0,,,217.21874999997328,1.4210854715202004e-13,93.40406249998851,3.0,1141.5374548918035,0.0,-0.0,0.0,115.98020541700723
59,1,60,0.1016,0.0,1141.537454891812,,,,0,0.0,1,1939.453125,1939.453125,-0.0,310.3125,64.38984375,0.0,,,290.92790513277055,1939.453125,1861.875,77.578125,1939.453125,0.0,1.0,0.0,0.0,0.15625533676147463,96.97596837759019,0.96,646.484375,620.625,25.859375,1.0,0.0,0.0,0.15625533676147463,96.97596837759019,0.96,646.484375,620.625,25.859375,1.0,0.0,0.0,0.15625533676147463,96.97596837759019,0.96,646.484375,620.625,25.859375,,,,676.6638778840377,1861.875,1722.2343750000375,139.64062500000284,1861.87500000004,-4.001776687800884e-11,1.0,0.0,0.0,0.39289883404168136,225.5546259613311,0.925,620.6249999999903,574.0781249999911,46.546874999999204,1.0,0.0,0.0,0.392898834041696,225.55462596135055,0.925,620.6250000000207,574.0781250000192,46.54687500000148,1.0,0.0,0.0,0.3928988340417001,225.554625961356,0.925,620.6250000000292,574.0781250000271,46.54687500000216,0.0,0.0,0.0,0.08724817754776784,0.0,0.88,0.0,0.0,0.0,1.0,,,0.101,173.9456718750038,1722.2343750000375,1722.2343750000375,0.0,53.389265625001165,0.0,,,217.21874999996282,8.526512829121202e-14,93.40406249998401,3.0,1141.537454891812,0.0,-0.0,0.0,115.98020541700811
60,1,61,0.1016,0.0,1141.537454891812,,,,0,0.0,1,1939.453125,1939.453125,-0.0,310.3125,64.38984375,0.0,,,290.92790513277066,1939.453125,1861.875,77.578125,1939.453125,0.0,1.0,0.0,0.0,0.15625533676147463,96.97596837759019,0.96,646.484375,620.625,25.859375,1.0,0.0,0.0,0.15625533676147463,96.97596837759019,0.96,646.484375,620.625,25.859375,1.0,0.0,0.0,0.15625533676147463,96.97596837759019,0.96,646.484375,620.625,25.859375,,,,676.6638778840377,1861.875,1722.2343750000375,139.64062500000284,1861.87500000004,-4.001776687800884e-11,1.0,0.0,0.0,0.39289883404168136,225.5546259613311,0.925,620.6249999999903,574.0781249999911,46.546874999999204,1.0,0.0,0.0,0.392898834041696,225.55462596135055,0.925,620.6250000000207,574.0781250000192,46.54687500000148,1.0,0.0,0.0,0.3928988340417001,225.554625961356,0.925,620.6250000000292,574.0781250000271,46.54687500000216,0.0,0.0,0.0,0.08724817754776784,0.0,0.88,0.0,0.0,0.0,1.0,,,0.101,173.9456718750038,1722.2343750000375,1722.2343750000375,0.0,53.389265625001165,0.0,,,217.21874999996282,-2.842170943040401e-14,93.40406249998401,3.0,1141.537454891812,0.0,-0.0,0.0,115.98020541700811
61,1,62,0.1016,0.0,1141.537454891812,,,,0,0.0,1,1939.453125,1939.453125,-0.0,310.3125,64.38984375,0.0,,,290.92790513277066,1939.453125,1861.875,77.578125,1939.453125,0.0,1.0,0.0,0.0,0.15625533676147463,96.97596837759019,0.96,646.484375,620.625,25.859375,1.0,0.0,0.0,0.15625533676147463,96.97596837759019,0.96,646.484375,620.625,25.859375,1.0,0.0,0.0,0.15625533676147463,96.97596837759019,0.96,646.484375,620.625,25.859375,,,,676.6638778840377,1861.875,1722.2343750000375,139.64062500000284,1861.87500000004,-4.001776687800884e-11,1.0,0.0,0.0,0.39289883404168136,225.5546259613311,0.925,620.6249999999903,574.0781249999911,46.546874999999204,1.0,0.0,0.0,0.392898834041696,225.55462596135055,0.925,620.6250000000207,574.0781250000192,46.54687500000148,1.0,0.0,0.0,0.3928988340417001,225.554625961356,0.925,620.6250000000292,574.0781250000271,46.54687500000216,0.0,0.0,0.0,0.08724817754776784,0.0,0.88,0.0,0.0,0.0,1.0,,,0.101,173.9456718750038,1722.2343750000375,1722.2343750000375,0.0,53.389265625001165,0.0,,,217.21874999996282,-2.842170943040401e-14,93.40406249998401,3.0,1141.537454891812,0.0,-0.0,0.0,115.98020541700811
62,1,63,0.1016,0.0,1141.537454891819,,,,0,0.0,1,1939.453125,1939.453125,-0.0,310.3125,64.38984375,0.0,,,290.92790513277055,1939.453125,1861.875,77.578125,1939.453125,0.0,1.0,0.0,0.0,0.15625533676147466,96.97596837759019,0.96,646.4843749999999,620.6249999999999,25.859375,1.0,0.0,0.0,0.1562553367614747,96.97596837759025,0.96,646.484375,620.625,25.859375,1.0,0.0,0.0,0.15625533676147463,96.97596837759019,0.96,646.484375,620.625,25.859375,,,,676.6638778840438,1861.875,1722.2343750000464,139.64062500000352,1861.8750000000496,-4.956746124662459e-11,1.0,0.0,0.0,0.39289883404168136,225.5546259613311,0.925,620.6249999999903,574.0781249999911,46.546874999999204,1.0,0.0,0.0,0.392898834041696,225.55462596135055,0.925,620.6250000000207,574.0781250000192,46.54687500000148,1.0,0.0,0.0,0.39289883404170467,225.5546259613621,0.925,620.6250000000388,574.0781250000359,46.54687500000284,0.0,0.0,0.0,0.08724817754776784,0.0,0.88,0.0,0.0,0.0,1.0,,,0.101,173.9456718750047,1722.2343750000464,1722.2343750000464,0.0,53.389265625001435,0.0,,,217.21874999995396,-1.4210854715202004e-13,93.4040624999802,3.0,1141.537454891819,0.0,-0.0,0.0,115.9802054170088
63,1,64,0.1016,0.0,1141.5374548918257,,,,0,0.0,1,1939.453125,1939.453125,-0.0,310.3125,64.38984375,0.0,,,290.92790513277043,1939.453125,1861.875,77.578125,1939.453125,0.0,1.0,0.0,0.0,0.15625533676147463,96.97596837759019,0.96,646.484375,620.625,25.859375,1.0,0.0,0.0,0.15625533676147463,96.97596837759019,0.96,646.484375,620.625,25.859375,1.0,0.0,0.0,0.15625533676147463,96.97596837759019,0.96,646.484375,620.625,25.859375,,,,676.6638778840497,1861.875,1722.234375000055,139.64062500000432,1861.8750000000591,-5.911715561524034e-11,1.0,0.0,0.0,0.39289883404168136,225.5546259613311,0.925,620.6249999999903,574.0781249999911,46.546874999999204,1.0,0.0,0.0,0.392898834041696,225.55462596135055,0.925,620.6250000000207,574.0781250000192,46.54687500000148,1.0,0.0,0.0,0.3928988340417092,225.55462596136812,0.925,620.6250000000482,574.0781250000446,46.54687500000364,0.0,0.0,0.0,0.08724817754776784,0.0,0.88,0.0,0.0,0.0,1.0,,,0.101,173.94567187500556,1722.234375000055,1722.234375000055,0.0,53.389265625001705,0.0,,,217.2187499999452,2.842170943040401e-14,93.40406249997643,3.0,1141.5374548918257,0.0,-0.0,0.0,115.98020541700949
64,1,65,0.1016,0.0,1141.5374548918328,,,,0,0.0,1,1939.453125,1939.453125,-0.0,310.3125,64.38984375,0.0,,,290.92790513277055,1939.453125,1861.875,77.578125,1939.453125,0.0,1.0,0.0,0.0,0.15625533676147463,96.97596837759019,0.96,646.484375,620.625,25.859375,1.0,0.0,0.0,0.15625533676147463,96.97596837759019,0.96,646.484375,620.625,25.859375,1.0,0.0,0.0,0.15625533676147463,96.97596837759019,0.96,646.484375,620.625,25.859375,,,,676.6638778840558,1861.875,1722.2343750000637,139.640625000005,1861.8750000000684,-6.843947630841285e-11,1.0,0.0,0.0,0.39289883404168136,225.5546259613311,0.925,620.6249999999903,574.0781249999911,46.546874999999204,1.0,0.0,0.0,0.392898834041696,225.55462596135055,0.925,620.6250000000207,574.0781250000192,46.54687500000148,1.0,0.0,0.0,0.3928988340417138,225.55462596137411,0.925,620.6250000000575,574.0781250000532,46.54687500000432,0.0,0.0,0.0,0.08724817754776784,0.0,0.88,0.0,0.0,0.0,1.0,,,0.101,173.94567187500644,1722.2343750000637,1722.2343750000637,0.0,53.389265625001975,0.0,,,217.21874999993656,5.684341886080802e-14,93.40406249997272,3.0,1141.5374548918328,0.0,-0.0,0.0,115.98020541701021
65,1,66,0.15246,0.0,590.8488522755679,,,,0,0.0,1,1083.8709477882132,1083.8709477882132,-0.0,173.4193516461141,35.98451546656868,0.0,,,168.99150699011142,1083.8709477882132,1040.5161098766848,43.354837911528534,1083.8709477882132,0.0,1.0,0.0,0.0,0.1562553367614746,96.97596837759018,0.96,646.484375,620.625,25.859375,1.0,0.0,0.0,0.17151003419355837,72.01553861252137,0.96,437.38657278821324,419.8911098766847,17.495462911528534,0.0,0.0,1.0,0.271,0.0,0.96,0.0,0.0,-0.0,,,,325.8552181879113,1040.5161098766848,950.5161098766846,89.99999999999943,1040.516109876684,9.094947017729282e-13,1.0,0.0,0.0,0.3429499946374597,163.07824733223467,0.9135473443643062,520.5161098766846,475.5161098766846,45.0,1.0,0.0,0.0,0.34268835969616124,162.77697085567658,0.9134615384615395,519.9999999999994,475.0,44.99999999999943,0.0,0.0,1.0,0.08724817754776787,0.0,0.8800000000000001,0.0,0.0,0.0,0.0,0.0,0.0,0.08724817754776787,0.0,0.8800000000000001,0.0,0.0,0.0,1.0,,,0.101,96.00212709754516,950.5161098766846,950.5161098766846,0.0,29.46599940617722,0.0,,,133.35483791152888,0.0,57.34258030195742,2.0,590.8488522755679,0.0,0.0,0.0,90.08081601793309
66,1,67,0.15246,0.0,590.8488522755681,,,,0,0.0,1,1083.8709477882132,1083.8709477882132,-0.0,173.4193516461141,35.98451546656868,0.0,,,168.9915069901116,1083.8709477882132,1040.5161098766848,43.354837911528534,1083.8709477882132,0.0,1.0,0.0,0.0,0.1562553367614746,96.97596837759018,0.96,646.484375,620.625,25.859375,1.0,0.0,0.0,0.17151003419355837,72.01553861252137,0.96,437.38657278821324,419.8911098766847,17.495462911528534,0.0,0.0,0.0,0.271,0.0,0.96,0.0,0.0,-0.0,,,,325.85521818791136,1040.5161098766848,950.5161098766848,89.99999999999926,1040.516109876684,9.094947017729282e-13,1.0,0.0,0.0,0.34294999463745973,163.07824733223475,0.9135473443643065,520.5161098766846,475.51610987668477,44.99999999999983,1.0,0.0,0.0,0.34268835969616124,162.77697085567658,0.9134615384615395,519.9999999999994,475.0,44.99999999999943,0.0,0.0,0.0,0.08724817754776787,0.0,0.8800000000000001,0.0,0.0,0.0,0.0,0.0,0.0,0.08724817754776787,0.0,0.8800000000000001,0.0,0.0,0.0,1.0,,,0.101,96.00212709754517,950.5161098766848,950.5161098766848,0.0,29.46599940617723,0.0,,,133.3548379115287,-1.4210854715202004e-14,57.34258030195734,2.0,590.8488522755681,0.0,0.0,0.0,90.08081601793312
67,1,68,0.15246,0.0,590.8488522755679,,,,0,0.0,1,1083.8709477882132,1083.8709477882132,-0.0,173.4193516461141,35.98451546656868,0.0,,,168.99150699011147,1083.8709477882132,1040.5161098766848,43.354837911528534,1083.8709477882132,0.0,1.0,0.0,0.0,0.1562553367614746,96.97596837759018,0.96,646.484375,620.625,25.859375,1.0,0.0,0.0,0.17151003419355837,72.01553861252137,0.96,437.38657278821324,419.8911098766847,17.495462911528534,0.0,0.0,0.0,0.271,0.0,0.96,0.0,0.0,-0.0,,,,325.85521818791125,1040.5161098766848,950.5161098766846,89.99999999999864,1040.5161098766832,1.5916157281026244e-12,1.0,0.0,0.0,0.3429499946374597,163.07824733223467,0.9135473443643062,520.5161098766846,475.5161098766846,45.0,1.0,0.0,0.0,0.34268835969616107,162.7769708556765,0.9134615384615408,519.9999999999986,475.0,44.999999999998636,0.0,0.0,0.0,0.08724817754776787,0.0,0.8800000000000001,0.0,0.0,0.0,0.0,0.0,0.0,0.08724817754776787,0.0,0.8800000000000001,0.0,0.0,0.0,1.0,,,0.101,96.00212709754516,950.5161098766846,950.5161098766846,0.0,29.46599940617722,0.0,,,133.35483791152876,0.0,57.34258030195737,2.0,590.8488522755679,0.0,0.0,0.0,90.08081601793309
68,1,69,0.15246,0.0,590.8488522755679,,,,0,0.0,1,1083.8709477882132,1083.8709477882132,-0.0,173.4193516461141,35.98451546656868,0.0,,,168.9915069901116,1083.8709477882132,1040.5161098766848,43.354837911528534,1083.8709477882132,0.0,1.0,0.0,0.0,0.1562553367614746,96.97596837759018,0.96,646.484375,620.625,25.859375,1.0,0.0,0.0,0.17151003419355837,72.01553861252137,0.96,437.38657278821324,419.8911098766847,17.495462911528534,0.0,0.0,0.0,0.271,0.0,0.96,0.0,0.0,-0.0,,,,325.85521818791113,1040.5161098766848,950.5161098766846,89.99999999999778,1040.5161098766823,2.5011104298755527e-12,1.0,0.0,0.0,0.3429499946374597,163.07824733223464,0.9135473443643061,520.5161098766846,475.51610987668454,45.00000000000006,1.0,0.0,0.0,0.34268835969616085,162.7769708556764,0.9134615384615425,519.9999999999977,475.0,44.999999999997726,0.0,0.0,0.0,0.08724817754776787,0.0,0.8800000000000001,0.0,0.0,0.0,0.0,0.0,0.0,0.08724817754776787,0.0,0.8800000000000001,0.0,0.0,0.0,1.0,,,0.101,96.00212709754516,950.5161098766846,950.5161098766846,0.0,29.46599940617722,0.0,,,133.35483791152882,0.0,57.34258030195739,2.0,590.8488522755679,0.0,0.0,0.0,90.08081601793309
69,1,70,0.15246,0.0,590.8488522755679,,,,0,0.0,1,1083.8709477882132,1083.8709477882132,-0.0,173.4193516461141,35.98451546656868,0.0,,,168.99150699011147,1083.8709477882132,1040.5161098766848,43.354837911528534,1083.8709477882132,0.0,1.0,0.0,0.0,0.1562553367614746,96.97596837759018,0.96,646.484375,620.625,25.859375,1.0,0.0,0.0,0.17151003419355837,72.01553861252137,0.96,437.38657278821324,419.8911098766847,17.495462911528534,0.0,0.0,0.0,0.271,0.0,0.96,0.0,0.0,-0.0,,,,325.85521818791125,1040.5161098766848,950.5161098766846,89.99999999999949,1040.516109876684,9.094947017729282e-13,1.0,0.0,0.0,0.3429499946374597,163.07824733223464,0.9135473443643061,520.5161098766846,475.51610987668454,45.00000000000006,1.0,0.0,0.0,0.34268835969616124,162.77697085567658,0.9134615384615395,519.9999999999994,475.0,44.99999999999943,0.0,0.0,0.0,0.08724817754776787,0.0,0.8800000000000001,0.0,0.0,0.0,0.0,0.0,0.0,0.08724817754776787,0.0,0.8800000000000001,0.0,0.0,0.0,1.0,,,0.101,96.00212709754516,950.5161098766846,950.5161098766846,0.0,29.46599940617722,0.0,,,133.35483791152893,0.0,57.34258030195744,2.0,590.8488522755679,0.0,0.0,0.0,90.08081601793309
70,1,71,0.1016,0.0,1240.7430631340785,,,,0,0.0,1,2252.3090186387108,2252.3090186387108,-0.0,360.36944298219373,74.7766594188052,0.0,,,338.2961758390045,2252.3090186387108,2162.2166578931624,90.09236074554849,2252.3090186387108,0.0,1.0,0.0,0.0,0.15645803791403262,112.76539194632461,0.96,750.7696728795094,720.7388859643289,30.030786915180443,1.0,0.0,0.0,0.15645803791403498,112.7653919463399,0.96,750.7696728795997,720.7388859644158,30.030786915183967,1.0,1.0,0.0,0.15645803791403498,112.7653919463402,0.96,750.7696728796018,720.7388859644177,30.03078691518408,,,,702.259796031398,2162.2166578931624,1982.050408551247,180.16624949922493,2162.216658050472,0.0,1.0,0.0,0.0,0.38403864383659203,213.92888344864042,0.925,602.2166578932399,557.050408551247,45.166249341992966,1.0,0.0,0.0,0.3426883597127168,162.77697086354047,0.9134615383234364,520.0000000786165,475.0,45.000000078616495,1.0,1.0,0.0,0.34268835969616124,162.77697085567658,0.9134615384615395,519.9999999999994,475.0,44.99999999999943,1.0,1.0,0.0,0.34268835971271666,162.7769708635404,0.913461538323437,520.000000078616,475.0,45.00000007861604,1.0,,,0.101,200.18709126367597,1982.050408551247,1982.050408551247,0.0,61.443562665088656,0.0,,,270.2586102447734,8.526512829121202e-14,116.21120240525256,4.0,1240.7430631340785,0.0,-0.0,0.0,126.05949521442237
71,1,72,0.1016,0.0,1240.7430631183506,,,,0,0.0,1,2252.3090186387108,2252.3090186387108,-0.0,360.36944298219373,74.7766594188052,0.0,,,338.2961758390045,2252.3090186387108,2162.2166578931624,90.09236074554849,2252.3090186387108,0.0,1.0,0.0,0.0,0.15645803791403262,112.76539194632461,0.96,750.7696728795094,720.7388859643289,30.030786915180443,1.0,0.0,0.0,0.15645803791403498,112.7653919463399,0.96,750.7696728795997,720.7388859644158,30.030786915183967,1.0,0.0,0.0,0.15645803791403498,112.7653919463402,0.96,750.7696728796018,720.7388859644177,30.03078691518408,,,,702.2597960156702,2162.2166578931624,1982.050408551247,180.16624934199228,2162.2166578932392,-7.685230229981244e-11,1.0,0.0,0.0,0.38403864383659203,213.92888344864042,0.925,602.2166578932399,557.050408551247,45.166249341992966,1.0,0.0,0.0,0.3426883596961613,162.7769708556766,0.9134615384615387,519.9999999999999,475.0,44.999999999999886,1.0,0.0,0.0,0.34268835969616124,162.77697085567658,0.9134615384615395,519.9999999999994,475.0,44.99999999999943,1.0,0.0,0.0,0.34268835969616135,162.77697085567664,0.9134615384615384,520.0,475.0,45.0,1.0,,,0.101,200.18709126367597,1982.050408551247,1982.050408551247,0.0,61.443562665088656,0.0,,,270.2586100874639,-2.842170943040401e-14,116.21120233760948,4.0,1240.7430631183506,0.0,-0.0,0.0,126.05949521282442
72,1,73,0.1016,0.0,1240.7430631183515,,,,0,0.0,1,2252.3090186387094,2252.3090186387094,-0.0,360.3694429821935,74.77665941880515,0.0,,,338.2961758390044,2252.3090186387094,2162.216657893161,90.09236074554849,2252.3090186387094,0.0,1.0,0.0,0.0,0.15645803791403262,112.76539194632461,0.96,750.7696728795094,720.7388859643289,30.030786915180443,1.0,0.0,0.0,0.15645803791403498,112.7653919463399,0.96,750.7696728795997,720.7388859644158,30.030786915183967,1.0,0.0,0.0,0.15645803791403506,112.76539194634003,0.96,750.7696728796003,720.7388859644162,30.03078691518408,,,,702.2597960156711,2162.216657893161,1982.0504085512482,180.16624934199308,2162.216657893241,-8.003553375601768e-11,1.0,0.0,0.0,0.3840386438365927,213.92888344864127,0.925,602.2166578932413,557.0504085512482,45.16624934199308,1.0,0.0,0.0,0.34268835969616135,162.77697085567664,0.9134615384615384,520.0,475.0,45.0,1.0,0.0,0.0,0.34268835969616135,162.77697085567664,0.9134615384615384,520.0,475.0,45.0,1.0,0.0,0.0,0.34268835969616135,162.77697085567664,0.9134615384615384,520.0,475.0,45.0,1.0,,,0.101,200.18709126367608,1982.0504085512482,1982.0504085512482,0.0,61.44356266508869,0.0,,,270.25861008746153,-2.842170943040401e-14,116.21120233760846,4.0,1240.7430631183518,0.0,-0.0,0.0,126.05949521282452
73,1,74,0.1016,0.0,1240.7430631245975,,,,0,0.0,1,2252.3090186387094,2252.3090186387094,-0.0,360.3694429821935,74.77665941880515,0.0,,,338.2961758390045,2252.3090186387094,2162.216657893161,90.09236074554849,2252.3090186387094,0.0,1.0,0.0,0.0,0.15645803791403262,112.76539194632461,0.96,750.7696728795094,720.7388859643289,30.030786915180443,1.0,0.0,0.0,0.15645803791403498,112.7653919463399,0.96,750.7696728795997,720.7388859644158,30.030786915183967,1.0,0.0,0.0,0.15645803791403506,112.76539194634003,0.96,750.7696728796003,720.7388859644162,30.03078691518408,,,,702.2597960219168,2162.216657893161,1982.0504085512482,180.16624940443342,2162.2166579556815,0.0,1.0,0.0,0.0,0.3840386438365927,213.92888344864127,0.925,602.2166578932413,557.0504085512482,45.16624934199308,1.0,0.0,0.0,0.3426883596961613,162.7769708556766,0.9134615384615387,519.9999999999999,475.0,44.999999999999886,1.0,0.0,0.0,0.34268835970931033,162.7769708619224,0.9134615383518521,520.0000000624404,475.0,45.00000006244045,1.0,0.0,0.0,0.34268835969616135,162.77697085567664,0.9134615384615384,520.0,475.0,45.0,1.0,,,0.101,200.18709126367608,1982.0504085512482,1982.0504085512482,0.0,61.44356266508869,0.0,,,270.2586101499819,8.526512829121202e-14,116.21120236449222,4.0,1240.7430631245975,0.0,-0.0,0.0,126.0594952134591
74,1,75,0.1016,0.0,1101.5766516935466,,,,0,0.0,1,1881.9270559163758,1881.9270559163758,-0.0,301.10832894662013,62.47997825642368,0.0,,,291.0037275565941,1881.9270559163758,1806.649973679721,75.27708223665508,1881.9270559163758,0.0,1.0,0.0,0.0,0.15645803791403262,112.76539194632461,0.96,750.7696728795094,720.7388859643289,30.030786915180443,1.0,0.0,0.0,0.15645803791403498,112.7653919463399,0.96,750.7696728795997,720.7388859644158,30.030786915183967,1.0,0.0,0.0,0.17929333982704942,65.47294366392963,0.96,380.38771015726684,365.17220175097617,15.215508406290667,,,,641.7866503459243,1806.649973679721,1671.1512256537453,135.49874802597924,1806.6499736797246,-3.637978807091713e-12,1.0,0.0,0.0,0.3840386438365927,213.92888344864127,0.925,602.2166578932413,557.0504085512482,45.16624934199308,1.0,0.0,0.0,0.3840386438365928,213.92888344864141,0.925,602.2166578932415,557.0504085512484,45.16624934199308,1.0,0.0,0.0,0.3840386438365929,213.92888344864156,0.925,602.2166578932417,557.0504085512487,45.16624934199308,0.0,0.0,1.0,0.08724817754776784,0.0,0.88,0.0,0.0,0.0,1.0,,,0.101,168.7862737910283,1671.1512256537453,1671.1512256537453,0.0,51.805687995266105,0.0,,,210.77583026263068,0.0,90.6336070129312,3.0,1101.5766516935466,0.0,0.0,0.0,111.92018781206433
75,1,76,0.1016,0.0,1101.5766516935414,,,,0,0.0,1,1881.9270559163756,1881.9270559163756,-0.0,301.1083289466201,62.47997825642367,0.0,,,291.00372755658884,1881.9270559163756,1806.6499736797207,75.27708223665508,1881.9270559163756,0.0,1.0,0.0,0.0,0.15645803791403262,112.76539194632461,0.96,750.7696728795094,720.7388859643289,30.030786915180443,1.0,0.0,0.0,0.1564580379140352,112.7653919463413,0.96,750.769672879608,720.7388859644237,30.030786915184308,1.0,0.0,0.0,0.1792933398270354,65.47294366392303,0.96,380.3877101572583,365.172201750968,15.215508406290326,,,,641.7866503459243,1806.6499736797207,1671.1512256537453,135.49874802597924,1806.6499736797246,-3.865352482534945e-12,1.0,0.0,0.0,0.3840386438365927,213.92888344864127,0.925,602.2166578932413,557.0504085512482,45.16624934199308,1.0,0.0,0.0,0.3840386438365928,213.92888344864141,0.925,602.2166578932415,557.0504085512484,45.16624934199308,1.0,0.0,0.0,0.3840386438365929,213.92888344864156,0.925,602.2166578932417,557.0504085512487,45.16624934199308,0.0,0.0,0.0,0.08724817754776787,0.0,0.8800000000000001,0.0,0.0,0.0,1.0,,,0.101,168.7862737910283,1671.1512256537453,1671.1512256537453,0.0,51.805687995266105,0.0,,,210.77583026263045,0.0,90.6336070129311,3.0,1101.5766516935414,0.0,0.0,0.0,111.9201878120638
76,1,77,0.1016,0.0,1101.5766516935464,,,,0,0.0,1,1881.9270559163756,1881.9270559163756,-0.0,301.1083289466201,62.47997825642367,0.0,,,291.00372755659396,1881.9270559163756,1806.6499736797207,75.27708223665508,1881.9270559163756,0.0,1.0,0.0,0.0,0.15645803791403262,112.76539194632461,0.96,750.7696728795094,720.7388859643289,30.030786915180443,1.0,0.0,0.0,0.1564580379140352,112.7653919463413,0.96,750.769672879608,720.7388859644237,30.030786915184308,1.0,0.0,0.0,0.17929333982704942,65.47294366392816,0.96,380.3877101572583,365.172201750968,15.215508406290326,,,,641.7866503459243,1806.6499736797207,1671.1512256537453,135.49874802597924,1806.6499736797246,-3.865352482534945e-12,1.0,0.0,0.0,0.3840386438365927,213.92888344864127,0.925,602.2166578932413,557.0504085512482,45.16624934199308,1.0,0.0,0.0,0.3840386438365928,213.92888344864141,0.925,602.2166578932415,557.0504085512484,45.16624934199308,1.0,0.0,0.0,0.3840386438365929,213.92888344864156,0.925,602.2166578932417,557.0504085512487,45.16624934199308,0.0,0.0,0.0,0.08724817754776787,0.0,0.8800000000000001,0.0,0.0,0.0,1.0,,,0.101,168.7862737910283,1671.1512256537453,1671.1512256537453,0.0,51.805687995266105,0.0,,,210.77583026263045,-1.1368683772161603e-13,90.6336070129311,3.0,1101.5766516935464,0.0,0.0,0.0,111.92018781206431
77,1,78,0.1016,0.0,1101.5766516935464,,,,0,0.0,1,1881.9270559163756,1881.9270559163756,-0.0,301.1083289466201,62.47997825642367,0.0,,,291.00372755659396,1881.9270559163756,1806.6499736797207,75.27708223665508,1881.9270559163756,0.0,1.0,0.0,0.0,0.15645803791403262,112.76539194632461,0.96,750.7696728795094,720.7388859643289,30.030786915180443,1.0,0.0,0.0,0.1564580379140352,112.7653919463413,0.96,750.769672879608,720.7388859644237,30.030786915184308,1.0,0.0,0.0,0.17929333982704942,65.47294366392816,0.96,380.3877101572583,365.172201750968,15.215508406290326,,,,641.7866503459243,1806.6499736797207,1671.1512256537453,135.49874802597924,1806.6499736797246,-3.865352482534945e-12,1.0,0.0,0.0,0.3840386438365927,213.92888344864127,0.925,602.2166578932413,557.0504085512482,45.16624934199308,1.0,0.0,0.0,0.3840386438365928,213.92888344864141,0.925,602.2166578932415,557.0504085512484,45.16624934199308,1.0,0.0,0.0,0.3840386438365929,213.92888344864156,0.925,602.2166578932417,557.0504085512487,45.16624934199308,0.0,0.0,0.0,0.08724817754776787,0.0,0.8800000000000001,0.0,0.0,0.0,1.0,,,0.101,168.7862737910283,1671.1512256537453,1671.1512256537453,0.0,51.805687995266105,0.0,,,210.77583026263045,-1.1368683772161603e-13,90.6336070129311,3.0,1101.5766516935464,0.0,0.0,0.0,111.92018781206431
78,1,79,0.1016,0.0,1101.5766516935466,,,,0,0.0,1,1881.9270559163756,1881.9270559163756,-0.0,301.1083289466201,62.47997825642367,0.0,,,291.0037275565941,1881.9270559163756,1806.6499736797207,75.27708223665508,1881.9270559163756,0.0,1.0,0.0,0.0,0.15645803791403262,112.76539194632461,0.96,750.7696728795094,720.7388859643289,30.030786915180443,1.0,0.0,0.0,0.1564580379140352,112.7653919463413,0.96,750.769672879608,720.7388859644237,30.030786915184308,1.0,0.0,0.0,0.17929333982704942,65.47294366392816,0.96,380.3877101572583,365.172201750968,15.215508406290326,,,,641.7866503459243,1806.6499736797207,1671.1512256537453,135.49874802597924,1806.6499736797246,-3.865352482534945e-12,1.0,0.0,0.0,0.3840386438365927,213.92888344864127,0.925,602.2166578932413,557.0504085512482,45.16624934199308,1.0,0.0,0.0,0.3840386438365928,213.92888344864141,0.925,602.2166578932415,557.0504085512484,45.16624934199308,1.0,0.0,0.0,0.3840386438365929,213.92888344864156,0.925,602.2166578932417,557.0504085512487,45.16624934199308,0.0,0.0,0.0,0.08724817754776784,0.0,0.88,0.0,0.0,0.0,1.0,,,0.101,168.7862737910283,1671.1512256537453,1671.1512256537453,0.0,51.805687995266105,0.0,,,210.77583026263045,0.0,90.6336070129311,3.0,1101.5766516935466,0.0,0.0,0.0,111.92018781206433
79,1,80,0.1016,0.0,1101.5766516935414,,,,0,0.0,1,1881.9270559163763,1881.9270559163763,-0.0,301.1083289466202,62.47997825642369,0.0,,,291.00372755658873,1881.9270559163763,1806.6499736797214,75.27708223665502,1881.9270559163763,0.0,1.0,0.0,0.0,0.15645803791403262,112.76539194632451,0.96,750.7696728795087,720.7388859643283,30.03078691518033,1.0,0.0,0.0,0.1564580379140352,112.7653919463413,0.96,750.769672879608,720.7388859644237,30.030786915184308,1.0,0.0,0.0,0.17929333982703524,65.47294366392319,0.96,380.38771015725956,365.1722017509692,15.215508406290382,,,,641.7866503459243,1806.6499736797214,1671.1512256537453,135.49874802597924,1806.6499736797246,-3.183231456205249e-12,1.0,0.0,0.0,0.3840386438365927,213.92888344864127,0.925,602.2166578932413,557.0504085512482,45.16624934199308,1.0,0.0,0.0,0.3840386438365928,213.92888344864141,0.925,602.2166578932415,557.0504085512484,45.16624934199308,1.0,0.0,0.0,0.3840386438365929,213.92888344864156,0.925,602.2166578932417,557.0504085512487,45.16624934199308,0.0,0.0,0.0,0.08724817754776784,0.0,0.88,0.0,0.0,0.0,1.0,,,0.101,168.7862737910283,1671.1512256537453,1671.1512256537453,0.0,51.805687995266105,0.0,,,210.77583026263108,1.1368683772161603e-13,90.63360701293136,3.0,1101.5766516935414,0.0,0.0,0.0,111.9201878120638
80,1,81,0.1016,0.0,1101.5766516935414,,,,0,0.0,1,1881.9270559163763,1881.9270559163763,-0.0,301.1083289466202,62.47997825642369,0.0,,,291.00372755658884,1881.9270559163763,1806.6499736797214,75.27708223665502,1881.9270559163763,0.0,1.0,0.0,0.0,0.15645803791403262,112.76539194632451,0.96,750.7696728795087,720.7388859643283,30.03078691518033,1.0,0.0,0.0,0.1564580379140352,112.7653919463413,0.96,750.769672879608,720.7388859644237,30.030786915184308,1.0,0.0,0.0,0.17929333982703524,65.47294366392319,0.96,380.38771015725956,365.1722017509692,15.215508406290382,,,,641.7866503459243,1806.6499736797214,1671.1512256537453,135.49874802597924,1806.6499736797246,-3.183231456205249e-12,1.0,0.0,0.0,0.3840386438365927,213.92888344864127,0.925,602.2166578932413,557.0504085512482,45.16624934199308,1.0,0.0,0.0,0.3840386438365928,213.92888344864141,0.925,602.2166578932415,557.0504085512484,45.16624934199308,1.0,0.0,0.0,0.3840386438365929,213.92888344864156,0.925,602.2166578932417,557.0504085512487,45.16624934199308,0.0,0.0,0.0,0.08724817754776784,0.0,0.88,0.0,0.0,0.0,1.0,,,0.101,168.7862737910283,1671.1512256537453,1671.1512256537453,0.0,51.805687995266105,0.0,,,210.77583026263108,0.0,90.63360701293136,3.0,1101.5766516935414,0.0,0.0,0.0,111.9201878120638
81,1,82,0.1016,0.0,1101.5766516935414,,,,0,0.0,1,1881.9270559163763,1881.9270559163763,-0.0,301.1083289466202,62.47997825642369,0.0,,,291.00372755658873,1881.9270559163763,1806.6499736797214,75.27708223665502,1881.9270559163763,0.0,1.0,0.0,0.0,0.15645803791403262,112.76539194632451,0.96,750.7696728795087,720.7388859643283,30.03078691518033,1.0,0.0,0.0,0.1564580379140352,112.7653919463413,0.96,750.769672879608,720.7388859644237,30.030786915184308,1.0,0.0,0.0,0.17929333982703524,65.47294366392319,0.96,380.38771015725956,365.1722017509692,15.215508406290382,,,,641.7866503459243,1806.6499736797214,1671.1512256537453,135.49874802597924,1806.6499736797246,-3.183231456205249e-12,1.0,0.0,0.0,0.3840386438365927,213.92888344864127,0.925,602.2166578932413,557.0504085512482,45.16624934199308,1.0,0.0,0.0,0.3840386438365928,213.92888344864141,0.925,602.2166578932415,557.0504085512484,45.16624934199308,1.0,0.0,0.0,0.3840386438365929,213.92888344864156,0.925,602.2166578932417,557.0504085512487,45.16624934199308,0.0,0.0,0.0,0.08724817754776784,0.0,0.88,0.0,0.0,0.0,1.0,,,0.101,168.7862737910283,1671.1512256537453,1671.1512256537453,0.0,51.805687995266105,0.0,,,210.77583026263108,1.1368683772161603e-13,90.63360701293136,3.0,1101.5766516935414,0.0,0.0,0.0,111.9201878120638
82,1,83,0.1016,0.0,1101.5766516935414,,,,0,0.0,1,1881.9270559163763,1881.9270559163763,-0.0,301.1083289466202,62.47997825642369,0.0,,,291.00372755658884,1881.9270559163763,1806.6499736797214,75.27708223665502,1881.9270559163763,0.0,1.0,0.0,0.0,0.15645803791403262,112.76539194632451,0.96,750.7696728795087,720.7388859643283,30.03078691518033,1.0,0.0,0.0,0.1564580379140352,112.7653919463413,0.96,750.769672879608,720.7388859644237,30.030786915184308,1.0,0.0,0.0,0.17929333982703524,65.47294366392319,0.96,380.38771015725956,365.1722017509692,15.215508406290382,,,,641.7866503459243,1806.6499736797214,1671.1512256537453,135.49874802597924,1806.6499736797246,-3.183231456205249e-12,1.0,0.0,0.0,0.3840386438365927,213.92888344864127,0.925,602.2166578932413,557.0504085512482,45.16624934199308,1.0,0.0,0.0,0.3840386438365928,213.92888344864141,0.925,602.2166578932415,557.0504085512484,45.16624934199308,1.0,0.0,0.0,0.3840386438365929,213.92888344864156,0.925,602.2166578932417,557.0504085512487,45.16624934199308,0.0,0.0,0.0,0.08724817754776784,0.0,0.88,0.0,0.0,0.0,1.0,,,0.101,168.7862737910283,1671.1512256537453,1671.1512256537453,0.0,51.805687995266105,0.0,,,210.77583026263108,0.0,90.63360701293136,3.0,1101.5766516935414,0.0,0.0,0.0,111.9201878120638
83,1,84,0.1016,0.0,1101.5766516935414,,,,0,0.0,1,1881.9270559163763,1881.9270559163763,-0.0,301.1083289466202,62.47997825642369,0.0,,,291.00372755658884,1881.9270559163763,1806.6499736797214,75.27708223665502,1881.9270559163763,0.0,1.0,0.0,0.0,0.15645803791403262,112.76539194632451,0.96,750.7696728795087,720.7388859643283,30.03078691518033,1.0,0.0,0.0,0.1564580379140352,112.7653919463413,0.96,750.769672879608,720.7388859644237,30.030786915184308,1.0,0.0,0.0,0.17929333982703524,65.47294366392319,0.96,380.38771015725956,365.1722017509692,15.215508406290382,,,,641.7866503459243,1806.6499736797214,1671.1512256537453,135.49874802597924,1806.6499736797246,-3.183231456205249e-12,1.0,0.0,0.0,0.3840386438365927,213.92888344864127,0.925,602.2166578932413,557.0504085512482,45.16624934199308,1.0,0.0,0.0,0.3840386438365928,213.92888344864141,0.925,602.2166578932415,557.0504085512484,45.16624934199308,1.0,0.0,0.0,0.3840386438365929,213.92888344864156,0.925,602.2166578932417,557.0504085512487,45.16624934199308,0.0,0.0,0.0,0.08724817754776784,0.0,0.88,0.0,0.0,0.0,1.0,,,0.101,168.7862737910283,1671.1512256537453,1671.1512256537453,0.0,51.805687995266105,0.0,,,210.77583026263108,0.0,90.63360701293136,3.0,1101.5766516935414,0.0,0.0,0.0,111.9201878120638
84,1,85,0.1016,0.0,1101.5766516935414,,,,0,0.0,1,1881.9270559163763,1881.9270559163763,-0.0,301.1083289466202,62.47997825642369,0.0,,,291.00372755658873,1881.9270559163763,1806.6499736797214,75.27708223665502,1881.9270559163763,0.0,1.0,0.0,0.0,0.15645803791403262,112.76539194632451,0.96,750.7696728795087,720.7388859643283,30.03078691518033,1.0,0.0,0.0,0.1564580379140352,112.7653919463413,0.96,750.769672879608,720.7388859644237,30.030786915184308,1.0,0.0,0.0,0.17929333982703524,65.47294366392319,0.96,380.38771015725956,365.1722017509692,15.215508406290382,,,,641.7866503459243,1806.6499736797214,1671.1512256537453,135.49874802597924,1806.6499736797246,-3.183231456205249e-12,1.0,0.0,0.0,0.3840386438365927,213.92888344864127,0.925,602.2166578932413,557.0504085512482,45.16624934199308,1.0,0.0,0.0,0.3840386438365928,213.92888344864141,0.925,602.2166578932415,557.0504085512484,45.16624934199308,1.0,0.0,0.0,0.3840386438365929,213.92888344864156,0.925,602.2166578932417,557.0504085512487,45.16624934199308,0.0,0.0,0.0,0.08724817754776784,0.0,0.88,0.0,0.0,0.0,1.0,,,0.101,168.7862737910283,1671.1512256537453,1671.1512256537453,0.0,51.805687995266105,0.0,,,210.77583026263108,1.1368683772161603e-13,90.63360701293136,3.0,1101.5766516935414,0.0,0.0,0.0,111.9201878120638
85,1,86,0.1016,0.0,1101.5766516935414,,,,0,0.0,1,1881.9270559163763,1881.9270559163763,-0.0,301.1083289466202,62.47997825642369,0.0,,,291.00372755658884,1881.9270559163763,1806.6499736797214,75.27708223665502,1881.9270559163763,0.0,1.0,0.0,0.0,0.15645803791403262,112.76539194632451,0.96,750.7696728795087,720.7388859643283,30.03078691518033,1.0,0.0,0.0,0.1564580379140352,112.7653919463413,0.96,750.769672879608,720.7388859644237,30.030786915184308,1.0,0.0,0.0,0.17929333982703524,65.47294366392319,0.96,380.38771015725956,365.1722017509692,15.215508406290382,,,,641.7866503459243,1806.6499736797214,1671.1512256537453,135.49874802597924,1806.6499736797246,-3.183231456205249e-12,1.0,0.0,0.0,0.3840386438365927,213.92888344864127,0.925,602.2166578932413,557.0504085512482,45.16624934199308,1.0,0.0,0.0,0.3840386438365928,213.92888344864141,0.925,602.2166578932415,557.0504085512484,45.16624934199308,1.0,0.0,0.0,0.3840386438365929,213.92888344864156,0.925,602.2166578932417,557.0504085512487,45.16624934199308,0.0,0.0,0.0,0.08724817754776784,0.0,0.88,0.0,0.0,0.0,1.0,,,0.101,168.7862737910283,1671.1512256537453,1671.1512256537453,0.0,51.805687995266105,0.0,,,210.77583026263108,0.0,90.63360701293136,3.0,1101.5766516935414,0.0,0.0,0.0,111.9201878120638
86,1,87,0.1016,0.0,1101.5766516935414,,,,0,0.0,1,1881.9270559163763,1881.9270559163763,-0.0,301.1083289466202,62.47997825642369,0.0,,,291.00372755658884,1881.9270559163763,1806.6499736797214,75.27708223665502,1881.9270559163763,0.0,1.0,0.0,0.0,0.15645803791403262,112.76539194632451,0.96,750.7696728795087,720.7388859643283,30.03078691518033,1.0,0.0,0.0,0.1564580379140352,112.7653919463413,0.96,750.769672879608,720.7388859644237,30.030786915184308,1.0,0.0,0.0,0.17929333982703524,65.47294366392319,0.96,380.38771015725956,365.1722017509692,15.215508406290382,,,,641.7866503459243,1806.6499736797214,1671.1512256537453,135.49874802597924,1806.6499736797246,-3.183231456205249e-12,1.0,0.0,0.0,0.3840386438365927,213.92888344864127,0.925,602.2166578932413,557.0504085512482,45.16624934199308,1.0,0.0,0.0,0.3840386438365928,213.92888344864141,0.925,602.2166578932415,557.0504085512484,45.16624934199308,1.0,0.0,0.0,0.3840386438365929,213.92888344864156,0.925,602.2166578932417,557.0504085512487,45.16624934199308,0.0,0.0,0.0,0.08724817754776787,0.0,0.8800000000000001,0.0,0.0,0.0,1.0,,,0.101,168.7862737910283,1671.1512256537453,1671.1512256537453,0.0,51.805687995266105,0.0,,,210.77583026263108,0.0,90.63360701293136,3.0,1101.5766516935414,0.0,0.0,0.0,111.9201878120638
87,1,88,0.1016,0.0,1101.5766516935414,,,,0,0.0,1,1881.9270559163763,1881.9270559163763,-0.0,301.1083289466202,62.47997825642369,0.0,,,291.00372755658884,1881.9270559163763,1806.6499736797214,75.27708223665502,1881.9270559163763,0.0,1.0,0.0,0.0,0.15645803791403262,112.76539194632451,0.96,750.7696728795087,720.7388859643283,30.03078691518033,1.0,0.0,0.0,0.1564580379140352,112.7653919463413,0.96,750.769672879608,720.7388859644237,30.030786915184308,1.0,0.0,0.0,0.17929333982703524,65.47294366392319,0.96,380.38771015725956,365.1722017509692,15.215508406290382,,,,641.7866503459243,1806.6499736797214,1671.1512256537453,135.49874802597924,1806.6499736797246,-3.183231456205249e-12,1.0,0.0,0.0,0.3840386438365927,213.92888344864127,0.925,602.2166578932413,557.0504085512482,45.16624934199308,1.0,0.0,0.0,0.3840386438365928,213.92888344864141,0.925,602.2166578932415,557.0504085512484,45.16624934199308,1.0,0.0,0.0,0.3840386438365929,213.92888344864156,0.925,602.2166578932417,557.0504085512487,45.16624934199308,0.0,0.0,0.0,0.08724817754776787,0.0,0.8800000000000001,0.0,0.0,0.0,1.0,,,0.101,168.7862737910283,1671.1512256537453,1671.1512256537453,0.0,51.805687995266105,0.0,,,210.77583026263108,0.0,90.63360701293136,3.0,1101.5766516935414,0.0,0.0,0.0,111.9201878120638
88,1,89,0.1016,0.0,1101.5766516935414,,,,0,0.0,1,1881.9270559163763,1881.9270559163763,-0.0,301.1083289466202,62.47997825642369,0.0,,,291.00372755658884,1881.9270559163763,1806.6499736797214,75.27708223665502,1881.9270559163763,0.0,1.0,0.0,0.0,0.15645803791403262,112.76539194632451,0.96,750.7696728795087,720.7388859643283,30.03078691518033,1.0,0.0,0.0,0.1564580379140352,112.7653919463413,0.96,750.769672879608,720.7388859644237,30.030786915184308,1.0,0.0,0.0,0.17929333982703524,65.47294366392319,0.96,380.38771015725956,365.1722017509692,15.215508406290382,,,,641.7866503459243,1806.6499736797214,1671.1512256537453,135.49874802597924,1806.6499736797246,-3.183231456205249e-12,1.0,0.0,0.0,0.3840386438365927,213.92888344864127,0.925,602.2166578932413,557.0504085512482,45.16624934199308,1.0,0.0,0.0,0.3840386438365928,213.92888344864141,0.925,602.2166578932415,557.0504085512484,45.16624934199308,1.0,0.0,0.0,0.3840386438365929,213.92888344864156,0.925,602.2166578932417,557.0504085512487,45.16624934199308,0.0,0.0,0.0,0.08724817754776787,0.0,0.8800000000000001,0.0,0.0,0.0,1.0,,,0.101,168.7862737910283,1671.1512256537453,1671.1512256537453,0.0,51.805687995266105,0.0,,,210.77583026263108,0.0,90.63360701293136,3.0,1101.5766516935414,0.0,0.0,0.0,111.9201878120638
89,1,90,0.15246,0.0,589.6616855673591,,,,0,0.0,1,1083.8710212661808,1083.8710212661808,-0.0,173.41936340258894,35.984517906037205,0.0,,,167.8043563795996,1083.8710212661808,1040.5161804155337,43.35484085064729,1083.8710212661808,0.0,1.0,0.0,0.0,0.1612702998165644,83.90217818979966,0.96,541.9355106330897,520.2580902077661,21.67742042532359,1.0,0.0,0.0,0.16127029981656443,83.90217818979987,0.96,541.9355106330911,520.2580902077674,21.677420425323703,0.0,0.0,1.0,0.27099999999999996,0.0,0.96,0.0,0.0,-0.0,,,,325.85519496579025,1040.5161804155337,950.5161804155371,89.99999999999915,1040.5161804155362,-2.5011104298755527e-12,1.0,0.0,0.0,0.34281919832583607,162.92759748289484,0.9135044685570769,520.258090207769,475.2580902077678,45.000000000001194,1.0,0.0,0.0,0.3428191983258361,162.92759748289535,0.9135044685570829,520.2580902077672,475.2580902077692,44.999999999997954,0.0,0.0,1.0,0.08724817754776787,0.0,0.8800000000000001,0.0,0.0,0.0,0.0,0.0,0.0,0.08724817754776787,0.0,0.8800000000000001,0.0,0.0,0.0,1.0,,,0.101,96.00213422196924,950.5161804155371,950.5161804155371,0.0,29.46600159288165,0.0,,,133.35484085064394,0.0,57.34258156577689,2.0,589.6616855673591,0.0,0.0,0.0,89.89982058159957
90,1,91,0.15246,0.0,589.6616855673589,,,,0,0.0,1,1083.8710212661808,1083.8710212661808,-0.0,173.41936340258894,35.984517906037205,0.0,,,167.8043563795996,1083.8710212661808,1040.5161804155337,43.35484085064729,1083.8710212661808,0.0,1.0,0.0,0.0,0.1612702998165644,83.90217818979966,0.96,541.9355106330897,520.2580902077661,21.67742042532359,1.0,0.0,0.0,0.16127029981656443,83.90217818979987,0.96,541.9355106330911,520.2580902077674,21.677420425323703,0.0,0.0,0.0,0.27099999999999996,0.0,0.96,0.0,0.0,-0.0,,,,325.8551949657901,1040.5161804155337,950.5161804155366,89.99999999999955,1040.5161804155362,-2.5011104298755527e-12,1.0,0.0,0.0,0.34281919832583596,162.92759748289464,0.9135044685570761,520.258090207769,475.2580902077674,45.00000000000159,1.0,0.0,0.0,0.3428191983258361,162.92759748289535,0.9135044685570829,520.2580902077672,475.2580902077692,44.999999999997954,0.0,0.0,0.0,0.08724817754776787,0.0,0.8800000000000001,0.0,0.0,0.0,0.0,0.0,0.0,0.08724817754776787,0.0,0.8800000000000001,0.0,0.0,0.0,1.0,,,0.101,96.0021342219692,950.5161804155366,950.5161804155366,0.0,29.466001592881636,0.0,,,133.35484085064434,-1.4210854715202004e-14,57.34258156577707,2.0,589.6616855673589,0.0,0.0,0.0,89.89982058159954
91,1,92,0.15246,0.0,589.6616855673586,,,,0,0.0,1,1083.8710212661808,1083.8710212661808,-0.0,173.41936340258894,35.984517906037205,0.0,,,167.80435637959954,1083.8710212661808,1040.5161804155337,43.35484085064729,1083.8710212661808,0.0,1.0,0.0,0.0,0.1612702998165644,83.90217818979966,0.96,541.9355106330897,520.2580902077661,21.67742042532359,1.0,0.0,0.0,0.16127029981656443,83.90217818979987,0.96,541.9355106330911,520.2580902077674,21.677420425323703,0.0,0.0,0.0,0.27099999999999996,0.0,0.96,0.0,0.0,-0.0,,,,325.8551949657899,1040.5161804155337,950.5161804155363,89.99999999999989,1040.5161804155362,-2.5011104298755527e-12,1.0,0.0,0.0,0.34281919832583596,162.92759748289464,0.9135044685570761,520.258090207769,475.2580902077674,45.00000000000159,1.0,0.0,0.0,0.34281919832583607,162.9275974828952,0.9135044685570822,520.2580902077672,475.2580902077689,44.999999999998295,0.0,0.0,0.0,0.08724817754776787,0.0,0.8800000000000001,0.0,0.0,0.0,0.0,0.0,0.0,0.08724817754776787,0.0,0.8800000000000001,0.0,0.0,0.0,1.0,,,0.101,96.00213422196917,950.5161804155363,950.5161804155363,0.0,29.466001592881625,0.0,,,133.35484085064468,1.4210854715202004e-14,57.34258156577721,2.0,589.6616855673586,0.0,0.0,0.0,89.8998205815995
92,1,93,0.15246,0.0,589.6616855673603,,,,0,0.0,1,1083.8710212661817,1083.8710212661817,-0.0,173.41936340258908,35.98451790603723,0.0,,,167.8043563795997,1083.8710212661817,1040.5161804155346,43.35484085064729,1083.8710212661817,0.0,1.0,0.0,0.0,0.1612702998165644,83.90217818979966,0.96,541.9355106330897,520.2580902077661,21.67742042532359,1.0,0.0,0.0,0.16127029981656438,83.9021781898,0.96,541.935510633092,520.2580902077683,21.677420425323703,0.0,0.0,0.0,0.27099999999999996,0.0,0.96,0.0,0.0,-0.0,,,,325.8551949657912,1040.5161804155346,950.5161804155387,89.99999999999949,1040.5161804155382,-3.637978807091713e-12,1.0,0.0,0.0,0.3428191983258366,162.92759748289564,0.9135044685570798,520.2580902077691,475.2580902077694,44.999999999999716,1.0,0.0,0.0,0.3428191983258365,162.92759748289555,0.9135044685570797,520.258090207769,475.2580902077692,44.99999999999977,0.0,0.0,0.0,0.08724817754776787,0.0,0.8800000000000001,0.0,0.0,0.0,0.0,0.0,0.0,0.08724817754776787,0.0,0.8800000000000001,0.0,0.0,0.0,1.0,,,0.101,96.00213422196941,950.5161804155387,950.5161804155387,0.0,29.4660015928817,0.0,,,133.35484085064314,0.0,57.34258156577655,2.0,589.6616855673603,0.0,0.0,0.0,89.89982058159977
93,1,94,0.15246,0.0,589.661685567361,,,,0,0.0,1,1083.8710212661817,1083.8710212661817,-0.0,173.41936340258908,35.98451790603723,0.0,,,167.80435637959977,1083.8710212661817,1040.5161804155346,43.35484085064729,1083.8710212661817,0.0,1.0,0.0,0.0,0.1612702998165644,83.90217818979966,0.96,541.9355106330897,520.2580902077661,21.67742042532359,1.0,0.0,0.0,0.16127029981656438,83.9021781898,0.96,541.935510633092,520.2580902077683,21.677420425323703,0.0,0.0,0.0,0.27099999999999996,0.0,0.96,0.0,0.0,-0.0,,,,325.8551949657917,1040.5161804155346,950.5161804155396,89.99999999999852,1040.5161804155382,-3.637978807091713e-12,1.0,0.0,0.0,0.3428191983258371,162.92759748289652,0.9135044685570832,520.2580902077691,475.2580902077712,44.9999999999979,1.0,0.0,0.0,0.3428191983258363,162.92759748289515,0.913504468557078,520.258090207769,475.25809020776836,45.000000000000625,0.0,0.0,0.0,0.08724817754776787,0.0,0.8800000000000001,0.0,0.0,0.0,0.0,0.0,0.0,0.08724817754776787,0.0,0.8800000000000001,0.0,0.0,0.0,1.0,,,0.101,96.0021342219695,950.5161804155396,950.5161804155396,0.0,29.466001592881728,0.0,,,133.35484085064218,2.842170943040401e-14,57.342581565776136,2.0,589.661685567361,0.0,0.0,0.0,89.89982058159987
94,1,95,0.1016,0.0,1239.4347892642015,,,,0,0.0,1,2250.8065318992835,2250.8065318992835,-0.0,360.12904510388535,74.72677685905622,0.0,,,338.044482186505,2250.8065318992835,2160.774270623312,90.03226127597145,2250.8065318992835,0.0,1.0,0.0,0.0,0.15648709012987377,112.94723875629585,0.96,751.8407659496413,721.7671353116556,30.07363063798573,1.0,0.0,0.0,0.15648709012987377,112.94723875629593,0.96,751.8407659496419,721.7671353116561,30.07363063798573,1.0,1.0,0.0,0.15636328798437504,112.15000467391323,0.96,747.1250000000005,717.2400000000005,29.88499999999999,,,,701.3321057447413,2160.774270623312,1980.7742706233194,179.99999999999864,2160.774270623318,-5.9117155615240335e-12,1.0,0.0,0.0,0.3829717356685546,212.54931329604779,0.9250000000000007,599.9999999999995,555.0,44.999999999999545,1.0,0.0,0.0,0.3428191983258384,162.9275974828976,0.9135044685570797,520.2580902077727,475.2580902077726,45.000000000000114,1.0,1.0,0.0,0.34281919832583774,162.92759748289686,0.9135044685570792,520.2580902077716,475.2580902077714,45.00000000000023,1.0,1.0,0.0,0.34281919832583946,162.92759748289905,0.9135044685570824,520.2580902077741,475.25809020777535,44.99999999999875,1.0,,,0.101,200.05820133295526,1980.7742706233194,1980.7742706233194,0.0,61.4040023893229,0.0,,,270.0322612759642,0.0,116.1138723486646,4.0,1239.4347892642018,0.0,-0.0,0.0,125.92657458924288
95,1,96,0.1016,0.0,1239.4347892642015,,,,0,0.0,1,2250.8065318992835,2250.8065318992835,-0.0,360.12904510388535,74.72677685905622,0.0,,,338.044482186505,2250.8065318992835,2160.774270623312,90.03226127597145,2250.8065318992835,0.0,1.0,0.0,0.0,0.15648709012987377,112.94723875629585,0.96,751.8407659496413,721.7671353116556,30.07363063798573,1.0,0.0,0.0,0.15648709012987377,112.94723875629593,0.96,751.8407659496419,721.7671353116561,30.07363063798573,1.0,0.0,0.0,0.15636328798437504,112.15000467391323,0.96,747.1250000000005,717.2400000000005,29.88499999999999,,,,701.3321057447413,2160.774270623312,1980.7742706233194,179.99999999999932,2160.7742706233184,-6.366462912410498e-12,1.0,0.0,0.0,0.3829717356685547,212.54931329604784,0.925,600.0,555.0,45.0,1.0,0.0,0.0,0.3428191983258383,162.92759748289748,0.9135044685570792,520.2580902077727,475.2580902077724,45.00000000000034,1.0,0.0,0.0,0.34281919832583774,162.92759748289686,0.9135044685570792,520.2580902077716,475.2580902077714,45.00000000000023,1.0,0.0,0.0,0.34281919832583946,162.92759748289905,0.9135044685570824,520.2580902077741,475.25809020777535,44.99999999999875,1.0,,,0.101,200.05820133295526,1980.7742706233194,1980.7742706233194,0.0,61.4040023893229,0.0,,,270.0322612759644,0.0,116.11387234866469,4.0,1239.4347892642018,0.0,-0.0,0.0,125.92657458924288
96,1,97,0.1016,0.0,1239.4347892642018,,,,0,0.0,1,2250.8065318992835,2250.8065318992835,-0.0,360.12904510388535,74.72677685905622,0.0,,,338.04448218650487,2250.8065318992835,2160.774270623312,90.03226127597145,2250.8065318992835,0.0,1.0,0.0,0.0,0.15648709012987377,112.94723875629585,0.96,751.8407659496413,721.7671353116556,30.07363063798573,1.0,0.0,0.0,0.15648709012987377,112.94723875629593,0.96,751.8407659496419,721.7671353116561,30.07363063798573,1.0,0.0,0.0,0.15636328798437504,112.15000467391323,0.96,747.1250000000005,717.2400000000005,29.88499999999999,,,,701.3321057447415,2160.774270623312,1980.7742706233194,179.99999999999886,2160.7742706233184,-6.366462912410498e-12,1.0,0.0,0.0,0.3829717356685547,212.54931329604784,0.925,600.0,555.0,45.0,1.0,0.0,0.0,0.3428191983258384,162.9275974828976,0.9135044685570797,520.2580902077727,475.2580902077726,45.000000000000114,1.0,0.0,0.0,0.34281919832583785,162.927597482897,0.9135044685570797,520.2580902077716,475.2580902077716,45.0,1.0,0.0,0.0,0.34281919832583946,162.92759748289905,0.9135044685570824,520.2580902077741,475.25809020777535,44.99999999999875,1.0,,,0.101,200.05820133295526,1980.7742706233194,1980.7742706233194,0.0,61.4040023893229,0.0,,,270.03226127596395,1.1368683772161603e-13,116.1138723486645,4.0,1239.4347892642018,0.0,-0.0,0.0,125.92657458924289
97,1,98,0.1016,0.0,1239.4347892642004,,,,0,0.0,1,2250.806531899282,2250.806531899282,-0.0,360.1290451038852,74.72677685905617,0.0,,,338.04448218650464,2250.806531899282,2160.7742706233103,90.03226127597134,2250.806531899282,0.0,1.0,0.0,0.0,0.15648709012987377,112.94723875629569,0.96,751.8407659496402,721.7671353116546,30.073630637985616,1.0,0.0,0.0,0.15648709012987377,112.94723875629585,0.96,751.8407659496413,721.7671353116556,30.07363063798573,1.0,0.0,0.0,0.15636328798437504,112.15000467391323,0.96,747.1250000000005,717.2400000000005,29.88499999999999,,,,701.3321057447407,2160.7742706233103,1980.7742706233182,180.0000000000004,2160.7742706233184,-8.185452315956354e-12,1.0,0.0,0.0,0.3829717356685547,212.54931329604784,0.925,600.0,555.0,45.0,1.0,0.0,0.0,0.3428191983258383,162.92759748289748,0.9135044685570792,520.2580902077727,475.2580902077724,45.00000000000034,1.0,0.0,0.0,0.34281919832583774,162.92759748289686,0.9135044685570792,520.2580902077716,475.2580902077714,45.00000000000023,1.0,0.0,0.0,0.3428191983258391,162.9275974828985,0.9135044685570803,520.2580902077741,475.2580902077743,44.99999999999983,1.0,,,0.101,200.05820133295515,1980.7742706233182,1980.7742706233182,0.0,61.40400238932286,0.0,,,270.03226127596355,-1.1368683772161603e-13,116.11387234866433,4.0,1239.4347892642004,0.0,-0.0,0.0,125.92657458924275
98,1,99,0.1016,0.0,1239.4347892642,,,,0,0.0,1,2250.806531899282,2250.806531899282,-0.0,360.1290451038852,74.72677685905617,0.0,,,338.04448218650475,2250.806531899282,2160.7742706233103,90.03226127597134,2250.806531899282,0.0,1.0,0.0,0.0,0.15648709012987377,112.94723875629569,0.96,751.8407659496402,721.7671353116546,30.073630637985616,1.0,0.0,0.0,0.15648709012987377,112.94723875629585,0.96,751.8407659496413,721.7671353116556,30.07363063798573,1.0,0.0,0.0,0.15636328798437504,112.15000467391323,0.96,747.1250000000005,717.2400000000005,29.88499999999999,,,,701.3321057447401,2160.7742706233103,1980.774270623317,180.00000000000068,2160.7742706233175,-7.275957614183426e-12,1.0,0.0,0.0,0.3829717356685547,212.54931329604784,0.925,600.0,555.0,45.0,1.0,0.0,0.0,0.3428191983258383,162.92759748289748,0.9135044685570792,520.2580902077727,475.2580902077724,45.00000000000034,1.0,0.0,0.0,0.34281919832583785,162.927597482897,0.9135044685570797,520.2580902077716,475.2580902077716,45.0,1.0,0.0,0.0,0.3428191983258385,162.92759748289774,0.9135044685570792,520.2580902077732,475.25809020777285,45.00000000000034,1.0,,,0.101,200.05820133295504,1980.774270623317,1980.774270623317,0.0,61.40400238932283,0.0,,,270.03226127596474,0.0,116.11387234866484,4.0,1239.4347892642,0.0,-0.0,0.0,125.9265745892427
99,1,100,0.1016,0.0,1239.4325969528259,,,,0,0.0,1,2250.8065318992835,2250.8065318992835,-0.0,360.12904510388535,74.72677685905622,0.0,,,338.04228987513056,2250.8065318992835,2160.774270623312,90.03226127597134,2250.8065318992835,0.0,1.0,0.0,0.0,0.15648709012987377,112.94723875629569,0.96,751.8407659496402,721.7671353116546,30.073630637985616,1.0,0.0,0.0,0.15642386030982702,112.5475255594174,0.96,749.4828829748207,719.5035676558279,29.979315318992803,1.0,0.0,0.0,0.15642386030982694,112.54752555941764,0.96,749.4828829748227,719.5035676558298,29.979315318992917,,,,701.3321057447401,2160.774270623312,1980.774270623317,180.00000000000068,2160.7742706233175,-5.4569682106375694e-12,1.0,0.0,0.0,0.3829717356685547,212.54931329604784,0.925,600.0,555.0,45.0,1.0,0.0,0.0,0.3428191983258383,162.92759748289748,0.9135044685570792,520.2580902077727,475.2580902077724,45.00000000000034,1.0,0.0,0.0,0.34281919832583785,162.927597482897,0.9135044685570797,520.2580902077716,475.2580902077716,45.0,1.0,0.0,0.0,0.3428191983258385,162.92759748289774,0.9135044685570792,520.2580902077732,475.25809020777285,45.00000000000034,1.0,,,0.101,200.05820133295504,1980.774270623317,1980.774270623317,0.0,61.40400238932283,0.0,,,270.03226127596656,1.1368683772161603e-13,116.11387234866562,4.0,1239.4325969528259,0.0,-0.0,0.0,125.9263518504071
100,1,101,0.1016,0.0,1239.4325969528263,,,,0,0.0,1,2250.8065318992835,2250.8065318992835,-0.0,360.12904510388535,74.72677685905622,0.0,,,338.0422898751308,2250.8065318992835,2160.774270623312,90.03226127597134,2250.8065318992835,0.0,1.0,0.0,0.0,0.15648709012987377,112.94723875629569,0.96,751.8407659496402,721.7671353116546,30.073630637985616,1.0,0.0,0.0,0.15642386030982702,112.5475255594174,0.96,749.4828829748207,719.5035676558279,29.979315318992803,1.0,0.0,0.0,0.15642386030982694,112.54752555941764,0.96,749.4828829748227,719.5035676558298,29.979315318992917,,,,701.3321057447404,2160.774270623312,1980.7742706233173,180.00000000000017,2160.7742706233175,-5.4569682106375694e-12,1.0,0.0,0.0,0.3829717356685547,212.54931329604784,0.925,600.0,555.0,45.0,1.0,0.0,0.0,0.3428191983258384,162.9275974828976,0.9135044685570797,520.2580902077727,475.2580902077726,45.000000000000114,1.0,0.0,0.0,0.34281919832583785,162.927597482897,0.9135044685570797,520.2580902077716,475.2580902077716,45.0,1.0,0.0,0.0,0.3428191983258386,162.92759748289788,0.9135044685570798,520.2580902077732,475.25809020777314,45.00000000000006,1.0,,,0.101,200.05820133295506,1980.7742706233173,1980.7742706233173,0.0,61.404002389322834,0.0,,,270.03226127596605,8.526512829121202e-14,116.1138723486654,4.0,1239.4325969528263,0.0,-0.0,0.0,125.92635185040714
101,1,102,0.1016,0.0,1239.4325969528265,,,,0,0.0,1,2250.8065318992817,2250.8065318992817,-0.0,360.12904510388506,74.72677685905616,0.0,,,338.04228987513056,2250.8065318992817,2160.7742706233103,90.03226127597122,2250.8065318992817,0.0,1.0,0.0,0.0,0.15648709012987377,112.94723875629569,0.96,751.8407659496402,721.7671353116546,30.073630637985616,1.0,0.0,0.0,0.15642386030982702,112.5475255594174,0.96,749.4828829748207,719.5035676558279,29.979315318992803,1.0,0.0,0.0,0.15642386030982702,112.5475255594174,0.96,749.4828829748207,719.5035676558279,29.979315318992803,,,,701.3321057447408,2160.7742706233103,1980.7742706233184,180.00000000000017,2160.7742706233184,-8.185452315956354e-12,1.0,0.0,0.0,0.3829717356685547,212.54931329604784,0.925,600.0,555.0,45.0,1.0,0.0,0.0,0.3428191983258383,162.92759748289748,0.9135044685570792,520.2580902077727,475.2580902077724,45.00000000000034,1.0,0.0,0.0,0.34281919832583785,162.927597482897,0.9135044685570797,520.2580902077716,475.2580902077716,45.0,1.0,0.0,0.0,0.3428191983258391,162.9275974828985,0.9135044685570803,520.2580902077741,475.2580902077743,44.99999999999983,1.0,,,0.101,200.05820133295518,1980.7742706233184,1980.7742706233184,0.0,61.40400238932287,0.0,,,270.0322612759632,-2.842170943040401e-14,116.11387234866417,4.0,1239.4325969528265,0.0,-0.0,0.0,125.92635185040717
102,1,103,0.1016,0.0,1239.4325969528268,,,,0,0.0,1,2250.8065318992817,2250.8065318992817,-0.0,360.12904510388506,74.72677685905616,0.0,,,338.0422898751302,2250.8065318992817,2160.7742706233103,90.03226127597122,2250.8065318992817,0.0,1.0,0.0,0.0,0.15648709012987377,112.94723875629569,0.96,751.8407659496402,721.7671353116546,30.073630637985616,1.0,0.0,0.0,0.15642386030982702,112.5475255594174,0.96,749.4828829748207,719.5035676558279,29.979315318992803,1.0,0.0,0.0,0.15642386030982702,112.5475255594174,0.96,749.4828829748207,719.5035676558279,29.979315318992803,,,,701.3321057447413,2160.7742706233103,1980.7742706233194,179.99999999999932,2160.7742706233184,-8.185452315956354e-12,1.0,0.0,0.0,0.3829717356685547,212.54931329604784,0.925,600.0,555.0,45.0,1.0,0.0,0.0,0.3428191983258383,162.92759748289748,0.9135044685570792,520.2580902077727,475.2580902077724,45.00000000000034,1.0,0.0,0.0,0.34281919832583774,162.92759748289686,0.9135044685570792,520.2580902077716,475.2580902077714,45.00000000000023,1.0,0.0,0.0,0.34281919832583946,162.92759748289905,0.9135044685570824,520.2580902077741,475.25809020777535,44.99999999999875,1.0,,,0.101,200.05820133295526,1980.7742706233194,1980.7742706233194,0.0,61.4040023893229,0.0,,,270.03226127596236,0.0,116.1138723486638,4.0,1239.4325969528268,0.0,-0.0,0.0,125.9263518504072
103,1,104,0.1016,0.0,1239.4325969528263,,,,0,0.0,1,2250.806531899282,2250.806531899282,-0.0,360.1290451038852,74.72677685905617,0.0,,,338.04228987513045,2250.806531899282,2160.7742706233107,90.03226127597134,2250.806531899282,0.0,1.0,0.0,0.0,0.15648709012987377,112.94723875629569,0.96,751.8407659496402,721.7671353116546,30.073630637985616,1.0,0.0,0.0,0.15642386030982702,112.5475255594174,0.96,749.4828829748207,719.5035676558279,29.979315318992803,1.0,0.0,0.0,0.15642386030982702,112.54752555941747,0.96,749.4828829748212,719.5035676558283,29.979315318992917,,,,701.3321057447407,2160.7742706233107,1980.7742706233178,180.00000000000057,2160.7742706233184,-7.73070496506989e-12,1.0,0.0,0.0,0.3829717356685547,212.54931329604784,0.925,600.0,555.0,45.0,1.0,0.0,0.0,0.3428191983258384,162.9275974828976,0.9135044685570797,520.2580902077727,475.2580902077726,45.000000000000114,1.0,0.0,0.0,0.34281919832583785,162.927597482897,0.9135044685570797,520.2580902077716,475.2580902077716,45.0,1.0,0.0,0.0,0.34281919832583896,162.92759748289822,0.9135044685570792,520.2580902077741,475.25809020777365,45.000000000000455,1.0,,,0.101,200.0582013329551,1980.7742706233178,1980.7742706233178,0.0,61.40400238932285,0.0,,,270.0322612759642,5.684341886080802e-14,116.1138723486646,4.0,1239.4325969528263,0.0,-0.0,0.0,125.92635185040714
104,1,105,0.1016,0.0,1239.4325969528268,,,,0,0.0,1,2250.806531899282,2250.806531899282,-0.0,360.1290451038852,74.72677685905617,0.0,,,338.0422898751307,2250.806531899282,2160.7742706233107,90.03226127597134,2250.806531899282,0.0,1.0,0.0,0.0,0.15648709012987377,112.94723875629569,0.96,751.8407659496402,721.7671353116546,30.073630637985616,1.0,0.0,0.0,0.15642386030982702,112.5475255594174,0.96,749.4828829748207,719.5035676558279,29.979315318992803,1.0,0.0,0.0,0.15642386030982702,112.54752555941747,0.96,749.4828829748212,719.5035676558283,29.979315318992917,,,,701.3321057447409,2160.7742706233107,1980.7742706233184,179.99999999999994,2160.7742706233184,-7.73070496506989e-12,1.0,0.0,0.0,0.3829717356685547,212.54931329604784,0.925,600.0,555.0,45.0,1.0,0.0,0.0,0.3428191983258384,162.9275974828976,0.9135044685570797,520.2580902077727,475.2580902077726,45.000000000000114,1.0,0.0,0.0,0.34281919832583785,162.927597482897,0.9135044685570797,520.2580902077716,475.2580902077716,45.0,1.0,0.0,0.0,0.3428191983258391,162.9275974828985,0.9135044685570803,520.2580902077741,475.2580902077743,44.99999999999983,1.0,,,0.101,200.05820133295518,1980.7742706233184,1980.7742706233184,0.0,61.40400238932287,0.0,,,270.03226127596355,-2.842170943040401e-14,116.11387234866433,4.0,1239.4325969528268,0.0,-0.0,0.0,125.9263518504072
105,1,106,0.1016,0.0,1239.432596952826,,,,0,0.0,1,2250.806531899282,2250.806531899282,-0.0,360.1290451038852,74.72677685905617,0.0,,,338.04228987513045,2250.806531899282,2160.7742706233107,90.03226127597134,2250.806531899282,0.0,1.0,0.0,0.0,0.15648709012987377,112.94723875629569,0.96,751.8407659496402,721.7671353116546,30.073630637985616,1.0,0.0,0.0,0.15642386030982702,112.5475255594174,0.96,749.4828829748207,719.5035676558279,29.979315318992803,1.0,0.0,0.0,0.15642386030982702,112.54752555941747,0.96,749.4828829748212,719.5035676558283,29.979315318992917,,,,701.3321057447406,2160.7742706233107,1980.7742706233178,180.0000000000008,2160.7742706233184,-7.73070496506989e-12,1.0,0.0,0.0,0.3829717356685547,212.54931329604784,0.925,600.0,555.0,45.0,1.0,0.0,0.0,0.3428191983258383,162.92759748289748,0.9135044685570792,520.2580902077727,475.2580902077724,45.00000000000034,1.0,0.0,0.0,0.34281919832583785,162.927597482897,0.9135044685570797,520.2580902077716,475.2580902077716,45.0,1.0,0.0,0.0,0.34281919832583896,162.92759748289822,0.9135044685570792,520.2580902077741,475.25809020777365,45.000000000000455,1.0,,,0.101,200.0582013329551,1980.7742706233178,1980.7742706233178,0.0,61.40400238932285,0.0,,,270.0322612759644,-5.684341886080802e-14,116.11387234866469,4.0,1239.432596952826,0.0,-0.0,0.0,125.92635185040713
106,1,107,0.1016,0.0,1239.4325969528263,,,,0,0.0,1,2250.806531899282,2250.806531899282,-0.0,360.1290451038852,74.72677685905617,0.0,,,338.04228987513045,2250.806531899282,2160.7742706233107,90.03226127597134,2250.806531899282,0.0,1.0,0.0,0.0,0.15648709012987377,112.94723875629569,0.96,751.8407659496402,721.7671353116546,30.073630637985616,1.0,0.0,0.0,0.15642386030982702,112.5475255594174,0.96,749.4828829748207,719.5035676558279,29.979315318992803,1.0,0.0,0.0,0.15642386030982702,112.54752555941747,0.96,749.4828829748212,719.5035676558283,29.979315318992917,,,,701.3321057447407,2160.7742706233107,1980.7742706233178,180.0000000000005,2160.7742706233184,-7.73070496506989e-12,1.0,0.0,0.0,0.3829717356685547,212.54931329604784,0.925,600.0,555.0,45.0,1.0,0.0,0.0,0.3428191983258384,162.9275974828976,0.9135044685570797,520.2580902077727,475.2580902077726,45.000000000000114,1.0,0.0,0.0,0.34281919832583774,162.92759748289686,0.9135044685570792,520.2580902077716,475.2580902077714,45.00000000000023,1.0,0.0,0.0,0.34281919832583907,162.92759748289836,0.9135044685570798,520.2580902077741,475.25809020777393,45.00000000000017,1.0,,,0.101,200.0582013329551,1980.7742706233178,1980.7742706233178,0.0,61.40400238932285,0.0,,,270.0322612759641,5.684341886080802e-14,116.11387234866457,4.0,1239.4325969528263,0.0,-0.0,0.0,125.92635185040714
107,1,108,0.1016,0.0,1239.4325969528263,,,,0,0.0,1,2250.8065318992817,2250.8065318992817,-0.0,360.12904510388506,74.72677685905616,0.0,,,338.04228987513034,2250.8065318992817,2160.7742706233103,90.03226127597122,2250.8065318992817,0.0,1.0,0.0,0.0,0.15648709012987377,112.94723875629569,0.96,751.8407659496402,721.7671353116546,30.073630637985616,1.0,0.0,0.0,0.15642386030982702,112.5475255594174,0.96,749.4828829748207,719.5035676558279,29.979315318992803,1.0,0.0,0.0,0.15642386030982702,112.5475255594174,0.96,749.4828829748207,719.5035676558279,29.979315318992803,,,,701.3321057447408,2160.7742706233103,1980.7742706233184,180.00000000000017,2160.7742706233184,-8.185452315956354e-12,1.0,0.0,0.0,0.3829717356685547,212.54931329604784,0.925,600.0,555.0,45.0,1.0,0.0,0.0,0.3428191983258383,162.92759748289748,0.9135044685570792,520.2580902077727,475.2580902077724,45.00000000000034,1.0,0.0,0.0,0.34281919832583785,162.927597482897,0.9135044685570797,520.2580902077716,475.2580902077716,45.0,1.0,0.0,0.0,0.3428191983258391,162.9275974828985,0.9135044685570803,520.2580902077741,475.2580902077743,44.99999999999983,1.0,,,0.101,200.05820133295518,1980.7742706233184,1980.7742706233184,0.0,61.40400238932287,0.0,,,270.0322612759632,-2.842170943040401e-14,116.11387234866417,4.0,1239.4325969528263,0.0,-0.0,0.0,125.92635185040714
108,1,109,0.1016,0.0,1239.4322926099517,,,,0,0.0,1,2250.806531899283,2250.806531899283,-0.0,360.1290451038853,74.7267768590562,0.0,,,338.0419855322567,2250.806531899283,2160.7742706233116,90.03226127597145,2250.806531899283,0.0,1.0,0.0,0.0,0.15648709012987377,112.94723875629585,0.96,751.8407659496413,721.7671353116556,30.07363063798573,1.0,0.0,0.0,0.15642386030982702,112.5475255594174,0.96,749.4828829748207,719.5035676558279,29.979315318992803,1.0,0.0,0.0,0.15642343731974387,112.54722121654355,0.96,749.4828829748212,719.5035676558283,29.979315318992917,,,,701.3321057447401,2160.7742706233116,1980.7742706233162,180.0000000000059,2160.774270623322,-1.0459189070388675e-11,1.0,0.0,0.0,0.3829717356685547,212.54931329604784,0.925,600.0,555.0,45.0,1.0,0.0,0.0,0.34281919832583974,162.92759748289845,0.9135044685570703,520.2580902077787,475.25809020777325,45.0000000000054,1.0,0.0,0.0,0.3428191983258375,162.92759748289652,0.9135044685570779,520.2580902077716,475.2580902077707,45.00000000000091,1.0,0.0,0.0,0.34281919832583807,162.92759748289734,0.9135044685570805,520.2580902077719,475.25809020777234,44.9999999999996,1.0,,,0.101,200.05820133295495,1980.7742706233162,1980.7742706233162,0.0,61.4040023893228,0.0,,,270.0322612759669,-1.4210854715202004e-13,116.11387234866577,4.0,1239.4322926099514,0.0,-0.0,0.0,125.92632092917108
109,1,110,0.1016,0.0,1239.4322926099567,,,,0,0.0,1,2250.806531899283,2250.806531899283,-0.0,360.1290451038853,74.7267768590562,0.0,,,338.04198553225683,2250.806531899283,2160.7742706233116,90.03226127597145,2250.806531899283,0.0,1.0,0.0,0.0,0.15648709012987377,112.94723875629585,0.96,751.8407659496413,721.7671353116556,30.07363063798573,1.0,0.0,0.0,0.15642386030982702,112.5475255594174,0.96,749.4828829748207,719.5035676558279,29.979315318992803,1.0,0.0,0.0,0.15642343731974387,112.54722121654355,0.96,749.4828829748212,719.5035676558283,29.979315318992917,,,,701.3321057447441,2160.7742706233116,1980.7742706233228,180.0000000000071,2160.77427062333,-1.8189894035458565e-11,1.0,0.0,0.0,0.3829717356685547,212.54931329604784,0.925,600.0,555.0,45.0,1.0,0.0,0.0,0.3428191983258434,162.92759748290248,0.9135044685570697,520.2580902077864,475.25809020777996,45.00000000000642,1.0,0.0,0.0,0.3428191983258375,162.92759748289646,0.9135044685570776,520.2580902077716,475.2580902077705,45.00000000000108,1.0,0.0,0.0,0.34281919832583807,162.92759748289734,0.9135044685570805,520.2580902077719,475.25809020777234,44.9999999999996,1.0,,,0.101,200.0582013329556,1980.7742706233228,1980.7742706233228,0.0,61.404002389323004,0.0,,,270.03226127596037,1.1368683772161603e-13,116.11387234866295,4.0,1239.4322926099567,0.0,-0.0,0.0,125.9263209291716
110,1,111,0.1016,0.0,1239.4322926099562,,,,0,0.0,1,2250.806531899283,2250.806531899283,-0.0,360.1290451038853,74.7267768590562,0.0,,,338.0419855322566,2250.806531899283,2160.7742706233116,90.03226127597145,2250.806531899283,0.0,1.0,0.0,0.0,0.15648709012987377,112.94723875629585,0.96,751.8407659496413,721.7671353116556,30.07363063798573,1.0,0.0,0.0,0.15642386030982702,112.5475255594174,0.96,749.4828829748207,719.5035676558279,29.979315318992803,1.0,0.0,0.0,0.15642343731974387,112.54722121654355,0.96,749.4828829748212,719.5035676558283,29.979315318992917,,,,701.332105744744,2160.7742706233116,1980.7742706233225,180.0000000000078,2160.7742706233303,-1.864464138634503e-11,1.0,0.0,0.0,0.3829717356685547,212.54931329604784,0.925,600.0,555.0,45.0,1.0,0.0,0.0,0.3428191983258435,162.92759748290257,0.9135044685570692,520.2580902077868,475.25809020778007,45.000000000006764,1.0,0.0,0.0,0.3428191983258375,162.92759748289646,0.9135044685570776,520.2580902077716,475.2580902077705,45.00000000000108,1.0,0.0,0.0,0.34281919832583796,162.92759748289717,0.9135044685570798,520.2580902077719,475.258090207772,44.99999999999994,1.0,,,0.101,200.05820133295558,1980.7742706233225,1980.7742706233225,0.0,61.404002389323,0.0,,,270.0322612759606,2.842170943040401e-14,116.11387234866305,4.0,1239.4322926099562,0.0,-0.0,0.0,125.92632092917155
111,1,112,0.1016,0.0,1239.4322626292055,,,,0,0.0,1,2250.806531899283,2250.806531899283,-0.0,360.1290451038853,74.7267768590562,0.0,,,338.04195555151466,2250.806531899283,2160.7742706233116,90.03226127597145,2250.806531899283,0.0,1.0,0.0,0.0,0.15648709012987377,112.94723875629585,0.96,751.8407659496413,721.7671353116556,30.07363063798573,1.0,0.0,0.0,0.15642386030982702,112.5475255594174,0.96,749.4828829748207,719.5035676558279,29.979315318992803,1.0,0.0,0.0,0.1564233956510945,112.54719123580166,0.96,749.4828829748211,719.5035676558282,29.979315318992917,,,,701.3321057447363,2160.7742706233116,1980.7742706233112,179.9999999999975,2160.774270623309,2.7284841053187847e-12,1.0,0.0,0.0,0.3829717356685547,212.54931329604784,0.925,600.0,555.0,45.0,1.0,0.0,0.0,0.34281919832583624,162.9275974828955,0.9135044685570832,520.2580902077673,475.2580902077695,44.99999999999778,1.0,0.0,0.0,0.3428191983258367,162.92759748289566,0.9135044685570792,520.2580902077694,475.2580902077694,45.00000000000006,1.0,0.0,0.0,0.34281919832583807,162.92759748289734,0.9135044685570803,520.2580902077719,475.2580902077723,44.99999999999966,1.0,,,0.101,200.05820133295444,1980.7742706233112,1980.7742706233112,0.0,61.40400238932265,0.0,,,270.0322612759717,1.4210854715202004e-13,116.11387234866783,4.0,1239.4322626292058,0.0,-0.0,0.0,125.92631788312728
112,1,113,0.1016,0.0,1239.4322626292053,,,,0,0.0,1,2250.806531899283,2250.806531899283,-0.0,360.1290451038853,74.7267768590562,0.0,,,338.0419555515149,2250.806531899283,2160.7742706233116,90.03226127597145,2250.806531899283,0.0,1.0,0.0,0.0,0.15648709012987377,112.94723875629585,0.96,751.8407659496413,721.7671353116556,30.07363063798573,1.0,0.0,0.0,0.15642386030982702,112.5475255594174,0.96,749.4828829748207,719.5035676558279,29.979315318992803,1.0,0.0,0.0,0.1564233956510945,112.54719123580166,0.96,749.4828829748211,719.5035676558282,29.979315318992917,,,,701.332105744736,2160.7742706233116,1980.774270623311,179.99999999999784,2160.774270623309,2.7284841053187847e-12,1.0,0.0,0.0,0.3829717356685547,212.54931329604784,0.925,600.0,555.0,45.0,1.0,0.0,0.0,0.3428191983258362,162.92759748289538,0.9135044685570827,520.2580902077673,475.2580902077692,44.99999999999807,1.0,0.0,0.0,0.34281919832583674,162.92759748289578,0.9135044685570797,520.2580902077694,475.2580902077696,44.99999999999983,1.0,0.0,0.0,0.34281919832583796,162.92759748289717,0.9135044685570798,520.2580902077719,475.258090207772,44.99999999999994,1.0,,,0.101,200.0582013329544,1980.774270623311,1980.774270623311,0.0,61.40400238932264,0.0,,,270.032261275972,-5.684341886080802e-14,116.11387234866797,4.0,1239.4322626292055,0.0,-0.0,0.0,125.92631788312725
113,1,114,0.15246,0.0,589.9618349044925,,,,0,0.0,1,1084.2584065703911,1084.2584065703911,-0.0,173.4813450512626,35.99737909813699,0.0,,,167.8496319117171,1084.2584065703911,1040.8880703075754,43.37033626281573,1084.2584065703911,0.0,1.0,0.0,0.0,0.16125617796937433,83.92481595585845,0.96,542.1292032851952,520.4440351537874,21.685168131407863,1.0,0.0,0.0,0.16125617796937416,83.92481595585846,0.96,542.1292032851959,520.444035153788,21.685168131407863,0.0,0.0,1.0,0.271,0.0,0.96,0.0,0.0,-0.0,,,,326.0725078917089,1040.8880703075754,950.8880703075897,89.99999999999824,1040.888070307588,-1.2505552149377763e-11,1.0,0.0,0.0,0.34313853871244643,163.29553703603227,0.9136090792530035,520.8880703075885,475.88807030758966,44.999999999998806,1.0,0.0,0.0,0.34268835969616124,162.77697085567658,0.9134615384615395,519.9999999999994,475.0,44.99999999999943,0.0,0.0,1.0,0.08724817754776787,0.0,0.8800000000000001,0.0,0.0,0.0,0.0,0.0,1.0,0.08724817754776787,0.0,0.8800000000000001,0.0,0.0,0.0,1.0,,,0.101,96.03969510106657,950.8880703075897,950.8880703075897,0.0,29.477530179535282,0.0,,,133.37033626280146,0.0,57.34924459300463,2.0,589.9618349044925,0.0,0.0,0.0,89.94558134953894
114,1,115,0.15246,0.0,589.9618349044928,,,,0,0.0,1,1084.2584065703911,1084.2584065703911,-0.0,173.4813450512626,35.99737909813699,0.0,,,167.84963191171687,1084.2584065703911,1040.8880703075754,43.37033626281573,1084.2584065703911,0.0,1.0,0.0,0.0,0.16125617796937433,83.92481595585845,0.96,542.1292032851952,520.4440351537874,21.685168131407863,1.0,0.0,0.0,0.16125617796937416,83.92481595585846,0.96,542.1292032851959,520.444035153788,21.685168131407863,0.0,0.0,0.0,0.271,0.0,0.96,0.0,0.0,-0.0,,,,326.0725078917093,1040.8880703075754,950.8880703075903,89.99999999999818,1040.8880703075884,-1.2960299500264227e-11,1.0,0.0,0.0,0.3431385387124466,163.29553703603258,0.9136090792530047,520.8880703075885,475.8880703075903,44.99999999999818,1.0,0.0,0.0,0.34268835969616135,162.77697085567664,0.9134615384615384,520.0,475.0,45.0,0.0,0.0,0.0,0.08724817754776787,0.0,0.8800000000000001,0.0,0.0,0.0,0.0,0.0,0.0,0.08724817754776787,0.0,0.8800000000000001,0.0,0.0,0.0,1.0,,,0.101,96.03969510106663,950.8880703075903,950.8880703075903,0.0,29.4775301795353,0.0,,,133.37033626280095,0.0,57.34924459300441,2.0,589.9618349044928,0.0,0.0,0.0,89.94558134953897
115,1,116,0.15246,0.0,589.9618349044928,,,,0,0.0,1,1084.2584065703911,1084.2584065703911,-0.0,173.4813450512626,35.99737909813699,0.0,,,167.84963191171687,1084.2584065703911,1040.8880703075754,43.37033626281573,1084.2584065703911,0.0,1.0,0.0,0.0,0.16125617796937433,83.92481595585845,0.96,542.1292032851952,520.4440351537874,21.685168131407863,1.0,0.0,0.0,0.16125617796937416,83.92481595585846,0.96,542.1292032851959,520.444035153788,21.685168131407863,0.0,0.0,0.0,0.271,0.0,0.96,0.0,0.0,-0.0,,,,326.0725078917093,1040.8880703075754,950.8880703075903,89.9999999999983,1040.8880703075886,-1.318767317570746e-11,1.0,0.0,0.0,0.34313853871244676,163.29553703603264,0.9136090792530035,520.8880703075891,475.8880703075903,44.99999999999886,1.0,0.0,0.0,0.34268835969616124,162.77697085567658,0.9134615384615395,519.9999999999994,475.0,44.99999999999943,0.0,0.0,0.0,0.08724817754776787,0.0,0.8800000000000001,0.0,0.0,0.0,0.0,0.0,0.0,0.08724817754776787,0.0,0.8800000000000001,0.0,0.0,0.0,1.0,,,0.101,96.03969510106663,950.8880703075903,950.8880703075903,0.0,29.4775301795353,0.0,,,133.37033626280083,0.0,57.34924459300436,2.0,589.9618349044928,0.0,0.0,0.0,89.94558134953897
116,1,117,0.15246,0.0,589.9618349044923,,,,0,0.0,1,1084.2584065703911,1084.2584065703911,-0.0,173.4813450512626,35.99737909813699,0.0,,,167.84963191171698,1084.2584065703911,1040.8880703075754,43.37033626281573,1084.2584065703911,0.0,1.0,0.0,0.0,0.16125617796937433,83.92481595585845,0.96,542.1292032851952,520.4440351537874,21.685168131407863,1.0,0.0,0.0,0.16125617796937416,83.92481595585846,0.96,542.1292032851959,520.444035153788,21.685168131407863,0.0,0.0,0.0,0.271,0.0,0.96,0.0,0.0,-0.0,,,,326.0725078917088,1040.8880703075754,950.8880703075893,89.99999999999926,1040.8880703075886,-1.318767317570746e-11,1.0,0.0,0.0,0.3431385387124465,163.2955370360322,0.9136090792530017,520.8880703075891,475.8880703075893,44.99999999999983,1.0,0.0,0.0,0.34268835969616124,162.77697085567658,0.9134615384615395,519.9999999999994,475.0,44.99999999999943,0.0,0.0,0.0,0.08724817754776787,0.0,0.8800000000000001,0.0,0.0,0.0,0.0,0.0,0.0,0.08724817754776787,0.0,0.8800000000000001,0.0,0.0,0.0,1.0,,,0.101,96.03969510106653,950.8880703075893,950.8880703075893,0.0,29.477530179535268,0.0,,,133.3703362628018,-1.4210854715202004e-14,57.34924459300478,2.0,589.9618349044923,0.0,0.0,0.0,89.94558134953891
117,1,118,0.15246,0.0,589.9618349044923,,,,0,0.0,1,1084.2584065703911,1084.2584065703911,-0.0,173.4813450512626,35.99737909813699,0.0,,,167.84963191171698,1084.2584065703911,1040.8880703075754,43.37033626281573,1084.2584065703911,0.0,1.0,0.0,0.0,0.16125617796937433,83.92481595585845,0.96,542.1292032851952,520.4440351537874,21.685168131407863,1.0,0.0,0.0,0.16125617796937416,83.92481595585846,0.96,542.1292032851959,520.444035153788,21.685168131407863,0.0,0.0,0.0,0.271,0.0,0.96,0.0,0.0,-0.0,,,,326.0725078917088,1040.8880703075754,950.8880703075893,89.99999999999926,1040.8880703075886,-1.318767317570746e-11,1.0,0.0,0.0,0.3431385387124465,163.2955370360322,0.9136090792530017,520.8880703075891,475.8880703075893,44.99999999999983,1.0,0.0,0.0,0.34268835969616124,162.77697085567658,0.9134615384615395,519.9999999999994,475.0,44.99999999999943,0.0,0.0,0.0,0.08724817754776787,0.0,0.8800000000000001,0.0,0.0,0.0,0.0,0.0,0.0,0.08724817754776787,0.0,0.8800000000000001,0.0,0.0,0.0,1.0,,,0.101,96.03969510106653,950.8880703075893,950.8880703075893,0.0,29.477530179535268,0.0,,,133.3703362628018,-1.4210854715202004e-14,57.34924459300478,2.0,589.9618349044923,0.0,0.0,0.0,89.94558134953891
118,1,119,0.1016,0.0,1240.6500107017564,,,,0,0.0,1,2254.970305379761,2254.970305379761,-0.0,360.7952488607618,74.86501413860807,0.0,,,338.7479035259232,2254.970305379761,2164.7714931645705,90.19881221519063,2254.970305379761,0.0,1.0,0.0,0.0,0.15648206039092138,112.9159678419747,0.96,751.656768459922,721.590497721525,30.066270738396952,1.0,0.0,0.0,0.15648206039092138,112.9159678419747,0.96,751.656768459922,721.590497721525,30.066270738396952,1.0,1.0,0.0,0.15648206039092125,112.91596784197388,0.96,751.6567684599172,721.5904977215205,30.066270738396724,,,,701.4401863640817,2164.7714931645705,1984.7714931856572,179.99999997891854,2164.7714931645755,-5.002220859751105e-12,1.0,0.0,0.0,0.3534110545064587,175.36004658841202,0.9168503462982704,541.1928732911443,496.19287329114167,45.00000000000267,1.0,0.0,0.0,0.3534110545064595,175.36004658841344,0.916850346298276,541.1928732911442,496.19287329114456,44.99999999999966,1.0,1.0,0.0,0.35341105451246296,175.36004659884296,0.9168503463372322,541.1928732911434,496.19287331222665,44.999999978916776,1.0,1.0,0.0,0.3534110545064594,175.36004658841327,0.9168503462982763,541.1928732911437,496.1928732911442,44.99999999999943,1.0,,,0.101,200.46192081175138,1984.7714931856572,1984.7714931856572,0.0,61.52791628875537,0.0,,,270.19881219410416,1.1368683772161603e-13,116.18548924346479,4.0,1240.6500107017564,0.0,-0.0,0.0,126.05004108729844
119,1,120,0.1016,0.0,1240.6500106892006,,,,0,0.0,1,2254.9703053797657,2254.9703053797657,-0.0,360.7952488607625,74.86501413860822,0.0,,,338.747903525924,2254.9703053797657,2164.771493164575,90.19881221519086,2254.9703053797657,0.0,1.0,0.0,0.0,0.15648206039092138,112.9159678419747,0.96,751.656768459922,721.590497721525,30.066270738396952,1.0,0.0,0.0,0.15648206039092138,112.9159678419747,0.96,751.656768459922,721.590497721525,30.066270738396952,1.0,0.0,0.0,0.15648206039092136,112.91596784197465,0.96,751.6567684599218,721.5904977215248,30.066270738396952,,,,701.4401863536541,2164.771493164575,1984.7714931645787,179.99999999999807,2164.771493164577,-1.8189894035458565e-12,1.0,0.0,0.0,0.35341105450645927,175.36004658841316,0.916850346298276,541.1928732911437,496.19287329114405,44.9999999999996,1.0,0.0,0.0,0.35341105450645893,175.3600465884127,0.9168503462982759,541.1928732911429,496.19287329114326,44.9999999999996,1.0,0.0,0.0,0.35341105450646004,175.36004658841412,0.9168503462982767,541.192873291145,496.1928732911457,44.99999999999932,1.0,0.0,0.0,0.35341105450646004,175.36004658841412,0.9168503462982763,541.1928732911452,496.1928732911457,44.999999999999545,1.0,,,0.101,200.46192080962246,1984.7714931645787,1984.7714931645787,0.0,61.52791628810194,0.0,,,270.1988122151871,2.842170943040401e-14,116.18548925253046,4.0,1240.6500106892004,0.0,-0.0,0.0,126.05004108602277
120,1,121,0.1016,0.0,1240.6500106891997,,,,0,0.0,1,2254.9703053797657,2254.9703053797657,-0.0,360.7952488607625,74.86501413860822,0.0,,,338.7479035259238,2254.9703053797657,2164.771493164575,90.19881221519086,2254.9703053797657,0.0,1.0,0.0,0.0,0.15648206039092138,112.9159678419747,0.96,751.656768459922,721.590497721525,30.066270738396952,1.0,0.0,0.0,0.15648206039092138,112.9159678419747,0.96,751.656768459922,721.590497721525,30.066270738396952,1.0,0.0,0.0,0.15648206039092136,112.91596784197465,0.96,751.6567684599218,721.5904977215248,30.066270738396952,,,,701.4401863536536,2164.771493164575,1984.7714931645771,180.0000000000041,2164.7714931645814,-6.366462912410498e-12,1.0,0.0,0.0,0.35341105450645877,175.3600465884118,0.9168503462982671,541.1928732911455,496.1928732911409,45.00000000000455,1.0,0.0,0.0,0.35341105450646004,175.36004658841404,0.9168503462982759,541.1928732911452,496.1928732911455,44.99999999999977,1.0,0.0,0.0,0.35341105450645927,175.3600465884131,0.9168503462982757,541.1928732911437,496.1928732911439,44.99999999999977,1.0,0.0,0.0,0.3534110545064607,175.3600465884148,0.9168503462982757,541.1928732911467,496.1928732911467,45.0,1.0,,,0.101,200.4619208096223,1984.7714931645771,1984.7714931645771,0.0,61.52791628810189,0.0,,,270.1988122151886,-5.684341886080802e-14,116.18548925253108,4.0,1240.6500106892,0.0,-0.0,0.0,126.05004108602269
121,1,122,0.1016,0.0,1240.650010689204,,,,0,0.0,1,2254.9703053797657,2254.9703053797657,-0.0,360.7952488607625,74.86501413860822,0.0,,,338.747903525924,2254.9703053797657,2164.771493164575,90.19881221519086,2254.9703053797657,0.0,1.0,0.0,0.0,0.15648206039092138,112.9159678419747,0.96,751.656768459922,721.590497721525,30.066270738396952,1.0,0.0,0.0,0.15648206039092138,112.9159678419747,0.96,751.656768459922,721.590497721525,30.066270738396952,1.0,0.0,0.0,0.15648206039092136,112.91596784197465,0.96,751.6567684599218,721.5904977215248,30.066270738396952,,,,701.440186353657,2164.771493164575,1984.7714931645837,179.99999999999739,2164.7714931645814,-6.366462912410498e-12,1.0,0.0,0.0,0.3534110545064606,175.36004658841497,0.916850346298279,541.1928732911455,496.19287329114735,44.999999999998124,1.0,0.0,0.0,0.35341105450646015,175.36004658841424,0.9168503462982767,541.1928732911452,496.1928732911459,44.999999999999375,1.0,0.0,0.0,0.35341105450645927,175.3600465884131,0.9168503462982757,541.1928732911437,496.1928732911439,44.99999999999977,1.0,0.0,0.0,0.3534110545064607,175.36004658841478,0.9168503462982756,541.1928732911467,496.1928732911466,45.000000000000114,1.0,,,0.101,200.46192080962297,1984.7714931645837,1984.7714931645837,0.0,61.5279162881021,0.0,,,270.1988122151819,-2.842170943040401e-14,116.1854892525282,4.0,1240.6500106892042,0.0,-0.0,0.0,126.05004108602313
122,1,123,0.1016,0.0,1240.6500106892013,,,,0,0.0,1,2254.970305379768,2254.970305379768,-0.0,360.7952488607629,74.8650141386083,0.0,,,338.74790352592424,2254.970305379768,2164.771493164577,90.19881221519086,2254.970305379768,0.0,1.0,0.0,0.0,0.15648206039092138,112.9159678419747,0.96,751.656768459922,721.590497721525,30.066270738396952,1.0,0.0,0.0,0.15648206039092138,112.9159678419747,0.96,751.656768459922,721.590497721525,30.066270738396952,1.0,0.0,0.0,0.1564820603909213,112.91596784197496,0.96,751.656768459924,721.5904977215271,30.066270738396952,,,,701.4401863536544,2164.771493164577,1984.7714931645803,179.99999999999307,2164.7714931645733,3.637978807091713e-12,1.0,0.0,0.0,0.3534110545064586,175.36004658841233,0.9168503462982758,541.1928732911423,496.1928732911427,44.9999999999996,1.0,0.0,0.0,0.35341105450645915,175.36004658841298,0.9168503462982758,541.1928732911434,496.1928732911437,44.999999999999716,1.0,0.0,0.0,0.35341105450645927,175.3600465884131,0.9168503462982757,541.1928732911437,496.1928732911439,44.99999999999977,1.0,0.0,0.0,0.35341105450646093,175.36004658841605,0.9168503462982864,541.1928732911439,496.1928732911499,44.999999999993975,1.0,,,0.101,200.46192080962263,1984.7714931645803,1984.7714931645803,0.0,61.52791628810199,0.0,,,270.19881221518756,-2.842170943040401e-14,116.18548925253064,4.0,1240.6500106892013,0.0,-0.0,0.0,126.05004108602284
123,1,124,0.1016,0.0,1240.6500106891995,,,,0,0.0,1,2254.9703053797703,2254.9703053797703,-0.0,360.79524886076325,74.86501413860837,0.0,,,338.74790352592447,2254.9703053797703,2164.771493164579,90.19881221519097,2254.9703053797703,0.0,1.0,0.0,0.0,0.15648206039092138,112.9159678419747,0.96,751.656768459922,721.590497721525,30.066270738396952,1.0,0.0,0.0,0.15648206039092138,112.9159678419747,0.96,751.656768459922,721.590497721525,30.066270738396952,1.0,0.0,0.0,0.15648206039092136,112.9159678419753,0.96,751.6567684599261,721.590497721529,30.066270738397066,,,,701.4401863536527,2164.771493164579,1984.7714931645758,180.00000000000176,2164.771493164578,1.3642420526593924e-12,1.0,0.0,0.0,0.3534110545064578,175.36004658841097,0.9168503462982707,541.1928732911423,496.1928732911399,45.00000000000239,1.0,0.0,0.0,0.35341105450645915,175.36004658841293,0.9168503462982756,541.1928732911434,496.1928732911436,44.99999999999983,1.0,0.0,0.0,0.35341105450646115,175.36004658841534,0.9168503462982757,541.1928732911477,496.19287329114763,45.000000000000114,1.0,0.0,0.0,0.3534110545064595,175.36004658841347,0.9168503462982763,541.1928732911441,496.1928732911447,44.99999999999943,1.0,,,0.101,200.46192080962217,1984.7714931645758,1984.7714931645758,0.0,61.52791628810185,0.0,,,270.1988122151941,8.526512829121202e-14,116.18548925253346,4.0,1240.6500106891992,0.0,-0.0,0.0,126.05004108602266
124,1,125,0.1016,0.0,1240.6500106892022,,,,0,0.0,1,2254.9703053797657,2254.9703053797657,-0.0,360.7952488607625,74.86501413860822,0.0,,,338.74790352592413,2254.9703053797657,2164.771493164575,90.19881221519086,2254.9703053797657,0.0,1.0,0.0,0.0,0.15648206039092138,112.9159678419747,0.96,751.656768459922,721.590497721525,30.066270738396952,1.0,0.0,0.0,0.15648206039092138,112.9159678419747,0.96,751.656768459922,721.590497721525,30.066270738396952,1.0,0.0,0.0,0.15648206039092125,112.9159678419746,0.96,751.656768459922,721.590497721525,30.066270738396952,,,,701.4401863536555,2164.771493164575,1984.7714931645805,180.00000000000097,2164.7714931645814,-6.366462912410498e-12,1.0,0.0,0.0,0.35341105450645777,175.3600465884109,0.9168503462982704,541.1928732911423,496.1928732911398,45.0000000000025,1.0,0.0,0.0,0.35341105450645915,175.36004658841298,0.9168503462982758,541.1928732911434,496.1928732911437,44.999999999999716,1.0,0.0,0.0,0.35341105450646115,175.36004658841534,0.9168503462982757,541.1928732911477,496.19287329114763,45.000000000000114,1.0,0.0,0.0,0.3534110545064617,175.36004658841622,0.9168503462982784,541.192873291148,496.19287329114934,44.999999999998636,1.0,,,0.101,200.46192080962265,1984.7714931645805,1984.7714931645805,0.0,61.527916288102,0.0,,,270.19881221518546,-5.684341886080802e-14,116.18548925252975,4.0,1240.6500106892022,0.0,-0.0,0.0,126.05004108602294
125,1,126,0.1016,0.0,1240.650010689203,,,,0,0.0,1,2254.970305379766,2254.970305379766,-0.0,360.79524886076257,74.86501413860823,0.0,,,338.7479035259239,2254.970305379766,2164.7714931645755,90.19881221519086,2254.970305379766,0.0,1.0,0.0,0.0,0.15648206039092138,112.9159678419747,0.96,751.656768459922,721.590497721525,30.066270738396952,1.0,0.0,0.0,0.15648206039092138,112.9159678419747,0.96,751.656768459922,721.590497721525,30.066270738396952,1.0,0.0,0.0,0.1564820603909214,112.91596784197478,0.96,751.6567684599223,721.5904977215254,30.066270738396952,,,,701.4401863536563,2164.7714931645755,1984.7714931645824,179.99999999999932,2164.7714931645814,-5.9117155615240335e-12,1.0,0.0,0.0,0.3534110545064586,175.36004658841233,0.9168503462982758,541.1928732911423,496.1928732911427,44.9999999999996,1.0,0.0,0.0,0.35341105450645915,175.36004658841293,0.9168503462982756,541.1928732911434,496.1928732911436,44.99999999999983,1.0,0.0,0.0,0.35341105450646115,175.36004658841534,0.9168503462982757,541.1928732911477,496.19287329114763,45.000000000000114,1.0,0.0,0.0,0.3534110545064614,175.36004658841566,0.9168503462982763,541.192873291148,496.1928732911482,44.99999999999977,1.0,,,0.101,200.46192080962282,1984.7714931645824,1984.7714931645824,0.0,61.527916288102055,0.0,,,270.19881221518426,1.1368683772161603e-13,116.18548925252924,4.0,1240.650010689203,0.0,-0.0,0.0,126.05004108602303
126,1,127,0.1016,0.0,1240.650010701761,,,,0,0.0,1,2254.970305379766,2254.970305379766,-0.0,360.79524886076257,74.86501413860823,0.0,,,338.74790352592413,2254.970305379766,2164.7714931645755,90.19881221519086,2254.970305379766,0.0,1.0,0.0,0.0,0.15648206039092138,112.9159678419747,0.96,751.656768459922,721.590497721525,30.066270738396952,1.0,0.0,0.0,0.15648206039092138,112.9159678419747,0.96,751.656768459922,721.590497721525,30.066270738396952,1.0,0.0,0.0,0.1564820603909214,112.91596784197478,0.96,751.6567684599223,721.5904977215254,30.066270738396952,,,,701.4401863640849,2164.7714931645755,1984.7714931856622,179.99999997891922,2164.7714931645814,-5.9117155615240335e-12,1.0,0.0,0.0,0.35341105450645777,175.3600465884109,0.9168503462982704,541.1928732911423,496.1928732911398,45.0000000000025,1.0,0.0,0.0,0.35341105450645915,175.36004658841298,0.9168503462982758,541.1928732911434,496.1928732911437,44.999999999999716,1.0,0.0,0.0,0.353411054512465,175.36004659884534,0.916850346337232,541.1928732911477,496.1928733122305,44.99999997891723,1.0,0.0,0.0,0.3534110545064614,175.36004658841566,0.9168503462982763,541.192873291148,496.1928732911482,44.99999999999977,1.0,,,0.101,200.4619208117519,1984.7714931856622,1984.7714931856622,0.0,61.52791628875553,0.0,,,270.19881219410416,5.684341886080802e-14,116.18548924346479,4.0,1240.650010701761,0.0,-0.0,0.0,126.05004108729891
127,1,128,0.1016,0.0,1240.650010689203,,,,0,0.0,1,2254.970305379766,2254.970305379766,-0.0,360.79524886076257,74.86501413860823,0.0,,,338.747903525924,2254.970305379766,2164.7714931645755,90.19881221519086,2254.970305379766,0.0,1.0,0.0,0.0,0.15648206039092138,112.9159678419747,0.96,751.656768459922,721.590497721525,30.066270738396952,1.0,0.0,0.0,0.15648206039092138,112.9159678419747,0.96,751.656768459922,721.590497721525,30.066270738396952,1.0,0.0,0.0,0.1564820603909214,112.91596784197478,0.96,751.6567684599223,721.5904977215254,30.066270738396952,,,,701.4401863536564,2164.7714931645755,1984.7714931645824,179.9999999999992,2164.7714931645814,-5.9117155615240335e-12,1.0,0.0,0.0,0.3534110545064586,175.36004658841233,0.9168503462982758,541.1928732911423,496.1928732911427,44.9999999999996,1.0,0.0,0.0,0.35341105450645915,175.36004658841298,0.9168503462982758,541.1928732911434,496.1928732911437,44.999999999999716,1.0,0.0,0.0,0.35341105450646115,175.36004658841534,0.9168503462982757,541.1928732911477,496.19287329114763,45.000000000000114,1.0,0.0,0.0,0.3534110545064614,175.36004658841566,0.9168503462982763,541.192873291148,496.1928732911482,44.99999999999977,1.0,,,0.101,200.46192080962282,1984.7714931645824,1984.7714931645824,0.0,61.527916288102055,0.0,,,270.19881221518415,-1.1368683772161603e-13,116.18548925252918,4.0,1240.650010689203,0.0,-0.0,0.0,126.05004108602303
128,1,129,0.1016,0.0,1240.6500106892013,,,,0,0.0,1,2254.970305379766,2254.970305379766,-0.0,360.79524886076257,74.86501413860823,0.0,,,338.74790352592413,2254.970305379766,2164.7714931645755,90.19881221519086,2254.970305379766,0.0,1.0,0.0,0.0,0.15648206039092138,112.9159678419747,0.96,751.656768459922,721.590497721525,30.066270738396952,1.0,0.0,0.0,0.15648206039092138,112.9159678419747,0.96,751.656768459922,721.590497721525,30.066270738396952,1.0,0.0,0.0,0.1564820603909214,112.91596784197478,0.96,751.6567684599223,721.5904977215254,30.066270738396952,,,,701.4401863536547,2164.7714931645755,1984.771493164579,180.0000000000025,2164.7714931645814,-5.9117155615240335e-12,1.0,0.0,0.0,0.35341105450645777,175.36004658841088,0.9168503462982703,541.1928732911423,496.19287329113973,45.00000000000256,1.0,0.0,0.0,0.35341105450645915,175.36004658841298,0.9168503462982759,541.1928732911434,496.19287329114377,44.99999999999966,1.0,0.0,0.0,0.35341105450646115,175.36004658841534,0.9168503462982757,541.1928732911477,496.19287329114763,45.000000000000114,1.0,0.0,0.0,0.35341105450646126,175.36004658841546,0.9168503462982756,541.192873291148,496.1928732911478,45.00000000000017,1.0,,,0.101,200.46192080962248,1984.771493164579,1984.771493164579,0.0,61.52791628810195,0.0,,,270.19881221518744,0.0,116.1854892525306,4.0,1240.6500106892013,0.0,-0.0,0.0,126.05004108602284
129,1,130,0.1016,0.0,1240.650010689203,,,,0,0.0,1,2254.970305379766,2254.970305379766,-0.0,360.79524886076257,74.86501413860823,0.0,,,338.747903525924,2254.970305379766,2164.7714931645755,90.19881221519086,2254.970305379766,0.0,1.0,0.0,0.0,0.15648206039092138,112.9159678419747,0.96,751.656768459922,721.590497721525,30.066270738396952,1.0,0.0,0.0,0.15648206039092138,112.9159678419747,0.96,751.656768459922,721.590497721525,30.066270738396952,1.0,0.0,0.0,0.1564820603909214,112.91596784197478,0.96,751.6567684599223,721.5904977215254,30.066270738396952,,,,701.4401863536561,2164.7714931645755,1984.771493164582,179.9999999999996,2164.7714931645814,-5.9117155615240335e-12,1.0,0.0,0.0,0.3534110545064586,175.36004658841233,0.9168503462982758,541.1928732911423,496.1928732911427,44.9999999999996,1.0,0.0,0.0,0.35341105450645915,175.36004658841293,0.9168503462982756,541.1928732911434,496.1928732911436,44.99999999999983,1.0,0.0,0.0,0.35341105450646115,175.36004658841534,0.9168503462982757,541.1928732911477,496.19287329114763,45.000000000000114,1.0,0.0,0.0,0.3534110545064613,175.36004658841554,0.9168503462982758,541.192873291148,496.1928732911479,45.00000000000006,1.0,,,0.101,200.4619208096228,1984.771493164582,1984.771493164582,0.0,61.52791628810204,0.0,,,270.19881221518455,1.4210854715202004e-13,116.18548925252935,4.0,1240.6500106892033,0.0,-0.0,0.0,126.05004108602303
130,1,131,0.1016,0.0,1240.6500106892072,,,,0,0.0,1,2254.9703053797703,2254.9703053797703,-0.0,360.79524886076325,74.86501413860837,0.0,,,338.7479035259246,2254.9703053797703,2164.771493164579,90.19881221519097,2254.9703053797703,0.0,1.0,0.0,0.0,0.15648206039092138,112.9159678419747,0.96,751.656768459922,721.590497721525,30.066270738396952,1.0,0.0,0.0,0.15648206039092138,112.9159678419747,0.96,751.656768459922,721.590497721525,30.066270738396952,1.0,0.0,0.0,0.15648206039092136,112.9159678419753,0.96,751.6567684599261,721.590497721529,30.066270738397066,,,,701.4401863536591,2164.771493164579,1984.771493164588,179.99999999999346,2164.7714931645814,-2.2737367544323206e-12,1.0,0.0,0.0,0.3534110545064586,175.36004658841233,0.9168503462982758,541.1928732911423,496.1928732911427,44.9999999999996,1.0,0.0,0.0,0.35341105450645915,175.36004658841293,0.9168503462982756,541.1928732911434,496.1928732911436,44.99999999999983,1.0,0.0,0.0,0.353411054512465,175.36004659884534,0.916850346337232,541.1928732911477,496.1928733122305,44.99999997891723,1.0,0.0,0.0,0.3534110545004593,175.3600465779886,0.9168503462593308,541.192873291148,496.1928732700712,45.0000000210768,1.0,,,0.101,200.4619208096234,1984.771493164588,1984.771493164588,0.0,61.527916288102226,0.0,,,270.19881221518216,1.1368683772161603e-13,116.18548925252833,4.0,1240.6500106892072,0.0,-0.0,0.0,126.05004108602344
131,1,132,0.1016,0.0,1240.6496963621098,,,,0,0.0,1,2254.9703053797675,2254.9703053797675,-0.0,360.7952488607628,74.86501413860829,0.0,,,338.7475891988274,2254.9703053797675,2164.771493164577,90.19881221519086,2254.9703053797675,0.0,1.0,0.0,0.0,0.15648206039092138,112.9159678419747,0.96,751.656768459922,721.590497721525,30.066270738396952,1.0,0.0,0.0,0.15648162478776706,112.91565351487785,0.96,751.6567684599225,721.5904977215256,30.066270738396952,1.0,0.0,0.0,0.1564820603909214,112.91596784197493,0.96,751.6567684599233,721.5904977215264,30.066270738396952,,,,701.4401863536591,2164.771493164577,1984.7714931645878,179.99999999999363,2164.7714931645814,-4.547473508864641e-12,1.0,0.0,0.0,0.3534110545064586,175.36004658841233,0.9168503462982758,541.1928732911423,496.1928732911427,44.9999999999996,1.0,0.0,0.0,0.35341105450645915,175.36004658841293,0.9168503462982756,541.1928732911434,496.1928732911436,44.99999999999983,1.0,0.0,0.0,0.35341105451246485,175.3600465988451,0.9168503463372311,541.1928732911477,496.19287331223,44.99999997891774,1.0,0.0,0.0,0.3534110545004594,175.36004657798878,0.9168503462593315,541.192873291148,496.1928732700715,45.00000002107646,1.0,,,0.101,200.4619208096234,1984.7714931645878,1984.7714931645878,0.0,61.52791628810222,0.0,,,270.19881221517994,-1.1368683772161603e-13,116.18548925252738,4.0,1240.6496963621098,0.0,-0.0,0.0,126.05000915039035
132,1,133,0.1016,0.0,1240.6496963621084,,,,0,0.0,1,2254.9703053797675,2254.9703053797675,-0.0,360.7952488607628,74.86501413860829,0.0,,,338.74758919882754,2254.9703053797675,2164.771493164577,90.19881221519086,2254.9703053797675,0.0,1.0,0.0,0.0,0.15648206039092138,112.9159678419747,0.96,751.656768459922,721.590497721525,30.066270738396952,1.0,0.0,0.0,0.15648162478776706,112.91565351487785,0.96,751.6567684599225,721.5904977215256,30.066270738396952,1.0,0.0,0.0,0.1564820603909214,112.91596784197493,0.96,751.6567684599233,721.5904977215264,30.066270738396952,,,,701.4401863536577,2164.771493164577,1984.771493164585,179.99999999999625,2164.7714931645814,-4.547473508864641e-12,1.0,0.0,0.0,0.35341105450645777,175.3600465884109,0.9168503462982704,541.1928732911423,496.1928732911398,45.0000000000025,1.0,0.0,0.0,0.35341105450645915,175.36004658841298,0.9168503462982758,541.1928732911434,496.1928732911437,44.999999999999716,1.0,0.0,0.0,0.353411054512465,175.36004659884534,0.916850346337232,541.1928732911477,496.1928733122305,44.99999997891723,1.0,0.0,0.0,0.3534110545004593,175.3600465779886,0.9168503462593308,541.192873291148,496.1928732700712,45.0000000210768,1.0,,,0.101,200.4619208096231,1984.771493164585,1984.771493164585,0.0,61.52791628810213,0.0,,,270.19881221518256,5.684341886080802e-14,116.1854892525285,4.0,1240.6496963621082,0.0,-0.0,0.0,126.05000915039021
133,1,134,0.1016,0.0,1240.6496963746658,,,,0,0.0,1,2254.9703053797675,2254.9703053797675,-0.0,360.7952488607628,74.86501413860829,0.0,,,338.7475891988274,2254.9703053797675,2164.771493164577,90.19881221519086,2254.9703053797675,0.0,1.0,0.0,0.0,0.15648206039092138,112.9159678419747,0.96,751.656768459922,721.590497721525,30.066270738396952,1.0,0.0,0.0,0.15648162478776706,112.91565351487785,0.96,751.6567684599225,721.5904977215256,30.066270738396952,1.0,0.0,0.0,0.1564820603909214,112.91596784197493,0.96,751.6567684599233,721.5904977215264,30.066270738396952,,,,701.4401863640862,2164.771493164577,1984.771493185665,179.99999997891643,2164.7714931645814,-4.547473508864641e-12,1.0,0.0,0.0,0.3534110545064586,175.36004658841233,0.9168503462982758,541.1928732911423,496.1928732911427,44.9999999999996,1.0,0.0,0.0,0.35341105450645915,175.36004658841293,0.9168503462982756,541.1928732911434,496.1928732911436,44.99999999999983,1.0,0.0,0.0,0.353411054512465,175.36004659884534,0.916850346337232,541.1928732911477,496.1928733122305,44.99999997891723,1.0,0.0,0.0,0.3534110545064614,175.36004658841566,0.9168503462982763,541.192873291148,496.1928732911482,44.99999999999977,1.0,,,0.101,200.46192081175218,1984.771493185665,1984.771493185665,0.0,61.52791628875561,0.0,,,270.19881219410274,0.0,116.18548924346418,4.0,1240.6496963746658,0.0,-0.0,0.0,126.05000915166605
134,1,135,0.1016,0.0,1240.6496963495506,,,,0,0.0,1,2254.9703053797675,2254.9703053797675,-0.0,360.7952488607628,74.86501413860829,0.0,,,338.7475891988274,2254.9703053797675,2164.771493164577,90.19881221519086,2254.9703053797675,0.0,1.0,0.0,0.0,0.15648206039092138,112.9159678419747,0.96,751.656768459922,721.590497721525,30.066270738396952,1.0,0.0,0.0,0.15648162478776706,112.91565351487785,0.96,751.6567684599225,721.5904977215256,30.066270738396952,1.0,0.0,0.0,0.1564820603909214,112.91596784197493,0.96,751.6567684599233,721.5904977215264,30.066270738396952,,,,701.4401863432292,2164.771493164577,1984.7714931435053,180.00000002107635,2164.7714931645814,-4.547473508864641e-12,1.0,0.0,0.0,0.3534110545064586,175.36004658841233,0.9168503462982758,541.1928732911423,496.1928732911427,44.9999999999996,1.0,0.0,0.0,0.35341105450645915,175.36004658841293,0.9168503462982756,541.1928732911434,496.1928732911436,44.99999999999983,1.0,0.0,0.0,0.35341105450646115,175.36004658841534,0.9168503462982757,541.1928732911477,496.19287329114763,45.000000000000114,1.0,0.0,0.0,0.3534110545004593,175.3600465779886,0.9168503462593308,541.192873291148,496.1928732700712,45.0000000210768,1.0,,,0.101,200.46192080749404,1984.7714931435053,1984.7714931435053,0.0,61.52791628744866,0.0,,,270.19881223626265,-1.1368683772161603e-13,116.18548926159293,4.0,1240.6496963495506,0.0,-0.0,0.0,126.05000914911433
135,1,136,0.1016,0.0,1240.6496963621048,,,,0,0.0,1,2254.9703053797675,2254.9703053797675,-0.0,360.7952488607628,74.86501413860829,0.0,,,338.7475891988273,2254.9703053797675,2164.771493164577,90.19881221519086,2254.9703053797675,0.0,1.0,0.0,0.0,0.15648206039092138,112.9159678419747,0.96,751.656768459922,721.590497721525,30.066270738396952,1.0,0.0,0.0,0.15648162478776706,112.91565351487785,0.96,751.6567684599225,721.5904977215256,30.066270738396952,1.0,0.0,0.0,0.1564820603909214,112.91596784197493,0.96,751.6567684599233,721.5904977215264,30.066270738396952,,,,701.4401863536549,2164.771493164577,1984.7714931645792,180.00000000000227,2164.7714931645814,-4.547473508864641e-12,1.0,0.0,0.0,0.35341105450645777,175.36004658841088,0.9168503462982703,541.1928732911423,496.19287329113973,45.00000000000256,1.0,0.0,0.0,0.35341105450645915,175.36004658841293,0.9168503462982756,541.1928732911434,496.1928732911436,44.99999999999983,1.0,0.0,0.0,0.35341105450646115,175.36004658841534,0.9168503462982757,541.1928732911477,496.19287329114763,45.000000000000114,1.0,0.0,0.0,0.3534110545064614,175.36004658841566,0.9168503462982763,541.192873291148,496.1928732911482,44.99999999999977,1.0,,,0.101,200.4619208096225,1984.7714931645792,1984.7714931645792,0.0,61.527916288101956,0.0,,,270.1988122151886,8.526512829121202e-14,116.18548925253108,4.0,1240.6496963621048,0.0,-0.0,0.0,126.05000915038984
136,1,137,0.1016,0.0,1240.6496963495492,,,,0,0.0,1,2254.9703053797675,2254.9703053797675,-0.0,360.7952488607628,74.86501413860829,0.0,,,338.74758919882754,2254.9703053797675,2164.771493164577,90.19881221519086,2254.9703053797675,0.0,1.0,0.0,0.0,0.15648206039092138,112.9159678419747,0.96,751.656768459922,721.590497721525,30.066270738396952,1.0,0.0,0.0,0.15648162478776706,112.91565351487785,0.96,751.6567684599225,721.5904977215256,30.066270738396952,1.0,0.0,0.0,0.1564820603909214,112.91596784197493,0.96,751.6567684599233,721.5904977215264,30.066270738396952,,,,701.4401863432279,2164.771493164577,1984.7714931435023,180.0000000210792,2164.7714931645814,-4.547473508864641e-12,1.0,0.0,0.0,0.35341105450645777,175.36004658841088,0.9168503462982703,541.1928732911423,496.19287329113973,45.00000000000256,1.0,0.0,0.0,0.35341105450645915,175.36004658841298,0.9168503462982758,541.1928732911434,496.1928732911437,44.999999999999716,1.0,0.0,0.0,0.35341105450646115,175.36004658841534,0.9168503462982757,541.1928732911477,496.19287329114763,45.000000000000114,1.0,0.0,0.0,0.3534110545004593,175.3600465779886,0.9168503462593308,541.192873291148,496.1928732700712,45.0000000210768,1.0,,,0.101,200.46192080749375,1984.7714931435023,1984.7714931435023,0.0,61.52791628744857,0.0,,,270.1988122362655,5.684341886080802e-14,116.18548926159416,4.0,1240.6496963495492,0.0,-0.0,0.0,126.0500091491142
137,1,138,0.13994,0.0,1240.6496963369937,,,,0,0.0,1,2254.9703053797675,2254.9703053797675,-0.0,360.7952488607628,74.86501413860829,0.0,,,338.74758919882765,2254.9703053797675,2164.771493164577,90.19881221519086,2254.9703053797675,0.0,1.0,0.0,0.0,0.15648206039092138,112.9159678419747,0.96,751.656768459922,721.590497721525,30.066270738396952,1.0,0.0,0.0,0.15648162478776706,112.91565351487785,0.96,751.6567684599225,721.5904977215256,30.066270738396952,1.0,0.0,0.0,0.1564820603909214,112.91596784197493,0.96,751.6567684599233,721.5904977215264,30.066270738396952,,,,701.440186332801,2164.771493164577,1984.7714931224257,180.00000004215576,2164.7714931645814,-4.547473508864641e-12,1.0,0.0,0.0,0.35341105450645777,175.36004658841088,0.9168503462982703,541.1928732911423,496.19287329113973,45.00000000000256,1.0,0.0,0.0,0.35341105450645915,175.36004658841293,0.9168503462982756,541.1928732911434,496.1928732911436,44.99999999999983,1.0,0.0,0.0,0.3534110545004592,175.36004657798856,0.9168503462593313,541.1928732911477,496.1928732700712,45.00000002107657,1.0,0.0,0.0,0.3534110545004593,175.3600465779886,0.9168503462593308,541.192873291148,496.1928732700712,45.0000000210768,1.0,,,0.101,200.461920805365,1984.7714931224257,1984.7714931224257,0.0,61.5279162867952,0.0,,,270.19881225734207,2.842170943040401e-14,116.18548927065709,4.0,1240.6496963369937,0.0,-0.0,0.0,173.61651850539891
138,1,139,0.13994,0.0,1240.6496963621048,,,,0,0.0,1,2254.9703053797675,2254.9703053797675,-0.0,360.7952488607628,74.86501413860829,0.0,,,338.7475891988274,2254.9703053797675,2164.771493164577,90.19881221519086,2254.9703053797675,0.0,1.0,0.0,0.0,0.15648206039092138,112.9159678419747,0.96,751.656768459922,721.590497721525,30.066270738396952,1.0,0.0,0.0,0.15648162478776706,112.91565351487785,0.96,751.6567684599225,721.5904977215256,30.066270738396952,1.0,0.0,0.0,0.1564820603909214,112.91596784197493,0.96,751.6567684599233,721.5904977215264,30.066270738396952,,,,701.4401863536549,2164.771493164577,1984.7714931645792,180.00000000000222,2164.7714931645814,-4.547473508864641e-12,1.0,0.0,0.0,0.35341105450645777,175.3600465884109,0.9168503462982704,541.1928732911423,496.1928732911398,45.0000000000025,1.0,0.0,0.0,0.35341105450645915,175.36004658841293,0.9168503462982756,541.1928732911434,496.1928732911436,44.99999999999983,1.0,0.0,0.0,0.35341105450646115,175.36004658841534,0.9168503462982757,541.1928732911477,496.19287329114763,45.000000000000114,1.0,0.0,0.0,0.3534110545064614,175.36004658841566,0.9168503462982763,541.192873291148,496.1928732911482,44.99999999999977,1.0,,,0.101,200.4619208096225,1984.7714931645792,1984.7714931645792,0.0,61.527916288101956,0.0,,,270.1988122151885,-2.842170943040401e-14,116.18548925253107,4.0,1240.649696362105,0.0,-0.0,0.0,173.61651850891295
139,1,140,0.13994,0.0,1240.649696374664,,,,0,0.0,1,2254.9703053797675,2254.9703053797675,-0.0,360.7952488607628,74.86501413860829,0.0,,,338.7475891988274,2254.9703053797675,2164.771493164577,90.19881221519086,2254.9703053797675,0.0,1.0,0.0,0.0,0.15648206039092138,112.9159678419747,0.96,751.656768459922,721.590497721525,30.066270738396952,1.0,0.0,0.0,0.15648162478776706,112.91565351487785,0.96,751.6567684599225,721.5904977215256,30.066270738396952,1.0,0.0,0.0,0.1564820603909214,112.91596784197493,0.96,751.6567684599233,721.5904977215264,30.066270738396952,,,,701.4401863640846,2164.771493164577,1984.7714931856617,179.99999997891967,2164.7714931645814,-4.547473508864641e-12,1.0,0.0,0.0,0.35341105450645777,175.3600465884109,0.9168503462982704,541.1928732911423,496.1928732911398,45.0000000000025,1.0,0.0,0.0,0.3534110545184648,175.3600466092695,0.9168503463761757,541.1928732911434,496.1928733333026,44.99999995784083,1.0,0.0,0.0,0.3534110545004592,175.36004657798856,0.9168503462593313,541.1928732911477,496.1928732700712,45.00000002107657,1.0,0.0,0.0,0.3534110545064614,175.36004658841566,0.9168503462982763,541.192873291148,496.1928732911482,44.99999999999977,1.0,,,0.101,200.46192081175184,1984.7714931856617,1984.7714931856617,0.0,61.52791628875551,0.0,,,270.198812194106,1.1368683772161603e-13,116.18548924346557,4.0,1240.649696374664,0.0,-0.0,0.0,173.6165185106705
140,1,141,0.13994,0.0,1240.6496963495492,,,,0,0.0,1,2254.9703053797675,2254.9703053797675,-0.0,360.7952488607628,74.86501413860829,0.0,,,338.74758919882765,2254.9703053797675,2164.771493164577,90.19881221519086,2254.9703053797675,0.0,1.0,0.0,0.0,0.15648206039092138,112.9159678419747,0.96,751.656768459922,721.590497721525,30.066270738396952,1.0,0.0,0.0,0.15648162478776706,112.91565351487785,0.96,751.6567684599225,721.5904977215256,30.066270738396952,1.0,0.0,0.0,0.1564820603909214,112.91596784197493,0.96,751.6567684599233,721.5904977215264,30.066270738396952,,,,701.4401863432279,2164.771493164577,1984.7714931435023,180.00000002107925,2164.7714931645814,-4.547473508864641e-12,1.0,0.0,0.0,0.35341105450645777,175.3600465884109,0.9168503462982704,541.1928732911423,496.1928732911398,45.0000000000025,1.0,0.0,0.0,0.35341105450645915,175.36004658841293,0.9168503462982756,541.1928732911434,496.1928732911436,44.99999999999983,1.0,0.0,0.0,0.35341105450646115,175.36004658841534,0.9168503462982757,541.1928732911477,496.19287329114763,45.000000000000114,1.0,0.0,0.0,0.3534110545004593,175.3600465779886,0.9168503462593308,541.192873291148,496.1928732700712,45.0000000210768,1.0,,,0.101,200.46192080749375,1984.7714931435023,1984.7714931435023,0.0,61.52791628744857,0.0,,,270.19881223626555,-5.684341886080802e-14,116.18548926159418,4.0,1240.6496963495492,0.0,-0.0,0.0,173.61651850715592
141,1,142,0.13994,0.0,1240.6496963746658,,,,0,0.0,1,2254.9703053797675,2254.9703053797675,-0.0,360.7952488607628,74.86501413860829,0.0,,,338.74758919882754,2254.9703053797675,2164.771493164577,90.19881221519086,2254.9703053797675,0.0,1.0,0.0,0.0,0.15648206039092138,112.9159678419747,0.96,751.656768459922,721.590497721525,30.066270738396952,1.0,0.0,0.0,0.15648162478776706,112.91565351487785,0.96,751.6567684599225,721.5904977215256,30.066270738396952,1.0,0.0,0.0,0.1564820603909214,112.91596784197493,0.96,751.6567684599233,721.5904977215264,30.066270738396952,,,,701.440186364086,2164.771493164577,1984.7714931856647,179.9999999789169,2164.7714931645814,-4.547473508864641e-12,1.0,0.0,0.0,0.3534110545064586,175.36004658841233,0.9168503462982758,541.1928732911423,496.1928732911427,44.9999999999996,1.0,0.0,0.0,0.35341105451846494,175.36004660926974,0.9168503463761765,541.1928732911434,496.19287333330306,44.99999995784037,1.0,0.0,0.0,0.35341105450646115,175.36004658841534,0.9168503462982757,541.1928732911477,496.19287329114763,45.000000000000114,1.0,0.0,0.0,0.3534110545004593,175.3600465779886,0.9168503462593308,541.192873291148,496.1928732700712,45.0000000210768,1.0,,,0.101,200.46192081175215,1984.7714931856647,1984.7714931856647,0.0,61.527916288755605,0.0,,,270.1988121941032,1.4210854715202004e-13,116.18548924346437,4.0,1240.6496963746658,0.0,-0.0,0.0,173.61651851067074
142,1,143,0.1016,0.0,1240.6496963621062,,,,0,0.0,1,2254.9703053797675,2254.9703053797675,-0.0,360.7952488607628,74.86501413860829,0.0,,,338.7475891988273,2254.9703053797675,2164.771493164577,90.19881221519086,2254.9703053797675,0.0,1.0,0.0,0.0,0.15648206039092138,112.9159678419747,0.96,751.656768459922,721.590497721525,30.066270738396952,1.0,0.0,0.0,0.15648162478776706,112.91565351487785,0.96,751.6567684599225,721.5904977215256,30.066270738396952,1.0,0.0,0.0,0.1564820603909214,112.91596784197493,0.96,751.6567684599233,721.5904977215264,30.066270738396952,,,,701.440186353656,2164.771493164577,1984.7714931645817,179.99999999999983,2164.7714931645814,-4.547473508864641e-12,1.0,0.0,0.0,0.3534110545064586,175.36004658841233,0.9168503462982758,541.1928732911423,496.1928732911427,44.9999999999996,1.0,0.0,0.0,0.35341105450645915,175.36004658841293,0.9168503462982756,541.1928732911434,496.1928732911436,44.99999999999983,1.0,0.0,0.0,0.35341105450646115,175.36004658841534,0.9168503462982757,541.1928732911477,496.19287329114763,45.000000000000114,1.0,0.0,0.0,0.35341105450646126,175.36004658841543,0.9168503462982753,541.192873291148,496.1928732911477,45.000000000000284,1.0,,,0.101,200.46192080962277,1984.7714931645817,1984.7714931645817,0.0,61.527916288102034,0.0,,,270.19881221518614,5.684341886080802e-14,116.18548925253003,4.0,1240.6496963621062,0.0,-0.0,0.0,126.05000915038998
143,1,144,0.1016,0.0,1240.6496963621062,,,,0,0.0,1,2254.9703053797675,2254.9703053797675,-0.0,360.7952488607628,74.86501413860829,0.0,,,338.7475891988273,2254.9703053797675,2164.771493164577,90.19881221519086,2254.9703053797675,0.0,1.0,0.0,0.0,0.15648206039092138,112.9159678419747,0.96,751.656768459922,721.590497721525,30.066270738396952,1.0,0.0,0.0,0.15648162478776706,112.91565351487785,0.96,751.6567684599225,721.5904977215256,30.066270738396952,1.0,0.0,0.0,0.1564820603909214,112.91596784197493,0.96,751.6567684599233,721.5904977215264,30.066270738396952,,,,701.440186353656,2164.771493164577,1984.7714931645817,179.99999999999977,2164.7714931645814,-4.547473508864641e-12,1.0,0.0,0.0,0.3534110545064586,175.36004658841233,0.9168503462982758,541.1928732911423,496.1928732911427,44.9999999999996,1.0,0.0,0.0,0.35341105450645904,175.3600465884128,0.9168503462982752,541.1928732911434,496.1928732911434,45.0,1.0,0.0,0.0,0.35341105450646115,175.36004658841534,0.9168503462982757,541.1928732911477,496.19287329114763,45.000000000000114,1.0,0.0,0.0,0.3534110545064613,175.36004658841554,0.9168503462982758,541.192873291148,496.1928732911479,45.00000000000006,1.0,,,0.101,200.46192080962277,1984.7714931645817,1984.7714931645817,0.0,61.527916288102034,0.0,,,270.1988122151861,5.684341886080802e-14,116.18548925253002,4.0,1240.6496963621062,0.0,-0.0,0.0,126.05000915038998
144,1,145,0.1016,0.0,1240.649696349551,,,,0,0.0,1,2254.9703053797703,2254.9703053797703,-0.0,360.79524886076325,74.86501413860837,0.0,,,338.74758919882777,2254.9703053797703,2164.7714931645796,90.19881221519097,2254.9703053797703,0.0,1.0,0.0,0.0,0.15648206039092138,112.9159678419747,0.96,751.656768459922,721.590497721525,30.066270738396952,1.0,0.0,0.0,0.15648162478776706,112.91565351487785,0.96,751.6567684599225,721.5904977215256,30.066270738396952,1.0,0.0,0.0,0.15648206039092136,112.9159678419753,0.96,751.6567684599261,721.590497721529,30.066270738397066,,,,701.4401863432291,2164.7714931645796,1984.771493143505,180.00000002107646,2164.7714931645814,-1.8189894035458565e-12,1.0,0.0,0.0,0.3534110545064586,175.36004658841233,0.9168503462982758,541.1928732911423,496.1928732911427,44.9999999999996,1.0,0.0,0.0,0.35341105450645904,175.3600465884128,0.9168503462982752,541.1928732911434,496.1928732911434,45.0,1.0,0.0,0.0,0.35341105450646115,175.36004658841534,0.9168503462982757,541.1928732911477,496.19287329114763,45.000000000000114,1.0,0.0,0.0,0.3534110545004593,175.36004657798864,0.9168503462593309,541.192873291148,496.19287327007123,45.000000021076744,1.0,,,0.101,200.461920807494,1984.771493143505,1984.771493143505,0.0,61.527916287448654,0.0,,,270.1988122362656,1.4210854715202004e-13,116.18548926159421,4.0,1240.649696349551,0.0,-0.0,0.0,126.05000914911439
145,1,146,0.1016,0.0,1240.6496963621062,,,,0,0.0,1,2254.970305379767,2254.970305379767,-0.0,360.79524886076274,74.86501413860827,0.0,,,338.7475891988272,2254.970305379767,2164.771493164576,90.19881221519086,2254.970305379767,0.0,1.0,0.0,0.0,0.15648206039092138,112.9159678419747,0.96,751.656768459922,721.590497721525,30.066270738396952,1.0,0.0,0.0,0.15648162478776706,112.91565351487785,0.96,751.6567684599225,721.5904977215256,30.066270738396952,1.0,0.0,0.0,0.1564820603909214,112.9159678419748,0.96,751.6567684599225,721.5904977215256,30.066270738396952,,,,701.440186353656,2164.771493164576,1984.771493164582,179.99999999999966,2164.7714931645814,-5.4569682106375694e-12,1.0,0.0,0.0,0.35341105450645854,175.36004658841225,0.9168503462982754,541.1928732911423,496.1928732911425,44.99999999999977,1.0,0.0,0.0,0.35341105450645904,175.3600465884128,0.9168503462982752,541.1928732911434,496.1928732911434,45.0,1.0,0.0,0.0,0.35341105450646115,175.36004658841534,0.9168503462982757,541.1928732911477,496.19287329114763,45.000000000000114,1.0,0.0,0.0,0.3534110545064614,175.36004658841566,0.9168503462982763,541.192873291148,496.1928732911482,44.99999999999977,1.0,,,0.101,200.4619208096228,1984.771493164582,1984.771493164582,0.0,61.52791628810204,0.0,,,270.19881221518506,1.4210854715202004e-13,116.18548925252958,4.0,1240.6496963621064,0.0,-0.0,0.0,126.05000915038998
146,1,147,0.1016,0.0,1240.649696374664,,,,0,0.0,1,2254.970305379767,2254.970305379767,-0.0,360.79524886076274,74.86501413860827,0.0,,,338.7475891988273,2254.970305379767,2164.771493164576,90.19881221519086,2254.970305379767,0.0,1.0,0.0,0.0,0.15648206039092138,112.9159678419747,0.96,751.656768459922,721.590497721525,30.066270738396952,1.0,0.0,0.0,0.15648162478776706,112.91565351487785,0.96,751.6567684599225,721.5904977215256,30.066270738396952,1.0,0.0,0.0,0.1564820603909214,112.9159678419748,0.96,751.6567684599225,721.5904977215256,30.066270738396952,,,,701.4401863640848,2164.771493164576,1984.7714931856622,179.99999997891945,2164.7714931645814,-5.4569682106375694e-12,1.0,0.0,0.0,0.3534110545064586,175.36004658841233,0.9168503462982758,541.1928732911423,496.1928732911427,44.9999999999996,1.0,0.0,0.0,0.35341105450645904,175.3600465884128,0.9168503462982752,541.1928732911434,496.1928732911434,45.0,1.0,0.0,0.0,0.3534110545124642,175.36004659884392,0.9168503463372267,541.1928732911477,496.1928733122277,44.99999997892007,1.0,0.0,0.0,0.3534110545064614,175.36004658841566,0.9168503462982763,541.192873291148,496.1928732911482,44.99999999999977,1.0,,,0.101,200.4619208117519,1984.7714931856622,1984.7714931856622,0.0,61.52791628875553,0.0,,,270.19881219410485,5.684341886080802e-14,116.18548924346508,4.0,1240.649696374664,0.0,-0.0,0.0,126.05000915166586
147,1,148,0.1016,0.0,1240.6496963621084,,,,0,0.0,1,2254.970305379767,2254.970305379767,-0.0,360.79524886076274,74.86501413860827,0.0,,,338.7475891988272,2254.970305379767,2164.771493164576,90.19881221519086,2254.970305379767,0.0,1.0,0.0,0.0,0.15648206039092138,112.9159678419747,0.96,751.656768459922,721.590497721525,30.066270738396952,1.0,0.0,0.0,0.15648162478776706,112.91565351487785,0.96,751.6567684599225,721.5904977215256,30.066270738396952,1.0,0.0,0.0,0.1564820603909214,112.9159678419748,0.96,751.6567684599225,721.5904977215256,30.066270738396952,,,,701.440186353658,2164.771493164576,1984.7714931645855,179.9999999999959,2164.7714931645814,-5.4569682106375694e-12,1.0,0.0,0.0,0.3534110545064586,175.36004658841233,0.9168503462982758,541.1928732911423,496.1928732911427,44.9999999999996,1.0,0.0,0.0,0.35341105450645915,175.36004658841293,0.9168503462982756,541.1928732911434,496.1928732911436,44.99999999999983,1.0,0.0,0.0,0.35341105451246435,175.36004659884415,0.9168503463372275,541.1928732911477,496.1928733122281,44.999999978919675,1.0,0.0,0.0,0.3534110545004593,175.3600465779886,0.9168503462593308,541.192873291148,496.1928732700712,45.0000000210768,1.0,,,0.101,200.46192080962317,1984.7714931645855,1984.7714931645855,0.0,61.52791628810215,0.0,,,270.1988122151813,1.1368683772161603e-13,116.18548925252796,4.0,1240.6496963621084,0.0,-0.0,0.0,126.05000915039021
148,1,149,0.1016,0.0,1240.6496963621066,,,,0,0.0,1,2254.970305379767,2254.970305379767,-0.0,360.79524886076274,74.86501413860827,0.0,,,338.7475891988274,2254.970305379767,2164.771493164576,90.19881221519086,2254.970305379767,0.0,1.0,0.0,0.0,0.15648206039092138,112.9159678419747,0.96,751.656768459922,721.590497721525,30.066270738396952,1.0,0.0,0.0,0.15648162478776706,112.91565351487785,0.96,751.6567684599225,721.5904977215256,30.066270738396952,1.0,0.0,0.0,0.1564820603909214,112.9159678419748,0.96,751.6567684599225,721.5904977215256,30.066270738396952,,,,701.4401863536563,2164.771493164576,1984.771493164582,179.9999999999995,2164.7714931645814,-5.4569682106375694e-12,1.0,0.0,0.0,0.35341105450645854,175.36004658841225,0.9168503462982754,541.1928732911423,496.1928732911425,44.99999999999977,1.0,0.0,0.0,0.35341105450645915,175.36004658841293,0.9168503462982756,541.1928732911434,496.1928732911436,44.99999999999983,1.0,0.0,0.0,0.35341105450646115,175.36004658841534,0.9168503462982757,541.1928732911477,496.19287329114763,45.000000000000114,1.0,0.0,0.0,0.3534110545064614,175.36004658841566,0.9168503462982763,541.192873291148,496.1928732911482,44.99999999999977,1.0,,,0.101,200.4619208096228,1984.771493164582,1984.771493164582,0.0,61.52791628810204,0.0,,,270.1988122151849,1.4210854715202004e-13,116.18548925252949,4.0,1240.6496963621069,0.0,-0.0,0.0,126.05000915039003
149,1,150,0.1016,0.0,1240.6496963621062,,,,0,0.0,1,2254.970305379767,2254.970305379767,-0.0,360.79524886076274,74.86501413860827,0.0,,,338.7475891988273,2254.970305379767,2164.771493164576,90.19881221519086,2254.970305379767,0.0,1.0,0.0,0.0,0.15648206039092138,112.9159678419747,0.96,751.656768459922,721.590497721525,30.066270738396952,1.0,0.0,0.0,0.15648162478776706,112.91565351487785,0.96,751.6567684599225,721.5904977215256,30.066270738396952,1.0,0.0,0.0,0.1564820603909214,112.9159678419748,0.96,751.6567684599225,721.5904977215256,30.066270738396952,,,,701.4401863536561,2164.771493164576,1984.771493164582,179.9999999999995,2164.7714931645814,-5.4569682106375694e-12,1.0,0.0,0.0,0.3534110545064586,175.36004658841233,0.9168503462982758,541.1928732911423,496.1928732911427,44.9999999999996,1.0,0.0,0.0,0.35341105450645904,175.3600465884128,0.9168503462982752,541.1928732911434,496.1928732911434,45.0,1.0,0.0,0.0,0.35341105450646115,175.36004658841534,0.9168503462982757,541.1928732911477,496.19287329114763,45.000000000000114,1.0,0.0,0.0,0.3534110545064614,175.36004658841566,0.9168503462982763,541.192873291148,496.1928732911482,44.99999999999977,1.0,,,0.101,200.4619208096228,1984.771493164582,1984.771493164582,0.0,61.52791628810204,0.0,,,270.1988122151849,-8.526512829121202e-14,116.18548925252949,4.0,1240.6496963621062,0.0,-0.0,0.0,126.05000915038998
150,1,151,0.1016,0.0,1240.6496963621062,,,,0,0.0,1,2254.970305379767,2254.970305379767,-0.0,360.79524886076274,74.86501413860827,0.0,,,338.7475891988272,2254.970305379767,2164.771493164576,90.19881221519086,2254.970305379767,0.0,1.0,0.0,0.0,0.15648206039092138,112.9159678419747,0.96,751.656768459922,721.590497721525,30.066270738396952,1.0,0.0,0.0,0.15648162478776706,112.91565351487785,0.96,751.6567684599225,721.5904977215256,30.066270738396952,1.0,0.0,0.0,0.1564820603909214,112.9159678419748,0.96,751.6567684599225,721.5904977215256,30.066270738396952,,,,701.440186353656,2164.771493164576,1984.771493164582,179.99999999999972,2164.7714931645814,-5.4569682106375694e-12,1.0,0.0,0.0,0.3534110545064586,175.36004658841233,0.9168503462982758,541.1928732911423,496.1928732911427,44.9999999999996,1.0,0.0,0.0,0.35341105450645904,175.3600465884128,0.9168503462982752,541.1928732911434,496.1928732911434,45.0,1.0,0.0,0.0,0.35341105450646115,175.36004658841526,0.9168503462982752,541.1928732911477,496.1928732911474,45.00000000000034,1.0,0.0,0.0,0.3534110545064614,175.36004658841566,0.9168503462982763,541.192873291148,496.1928732911482,44.99999999999977,1.0,,,0.101,200.4619208096228,1984.771493164582,1984.771493164582,0.0,61.52791628810204,0.0,,,270.1988122151851,1.4210854715202004e-13,116.18548925252959,4.0,1240.6496963621064,0.0,-0.0,0.0,126.05000915038998
151,1,152,0.1016,0.0,1240.6496963621062,,,,0,0.0,1,2254.970305379767,2254.970305379767,-0.0,360.79524886076274,74.86501413860827,0.0,,,338.7475891988273,2254.970305379767,2164.771493164576,90.19881221519086,2254.970305379767,0.0,1.0,0.0,0.0,0.15648206039092138,112.9159678419747,0.96,751.656768459922,721.590497721525,30.066270738396952,1.0,0.0,0.0,0.15648162478776706,112.91565351487785,0.96,751.6567684599225,721.5904977215256,30.066270738396952,1.0,0.0,0.0,0.1564820603909214,112.9159678419748,0.96,751.6567684599225,721.5904977215256,30.066270738396952,,,,701.4401863536561,2164.771493164576,1984.771493164582,179.99999999999955,2164.7714931645814,-5.4569682106375694e-12,1.0,0.0,0.0,0.35341105450645854,175.36004658841222,0.9168503462982753,541.1928732911423,496.19287329114246,44.99999999999983,1.0,0.0,0.0,0.35341105450645915,175.36004658841293,0.9168503462982756,541.1928732911434,496.1928732911436,44.99999999999983,1.0,0.0,0.0,0.35341105450646115,175.36004658841534,0.9168503462982757,541.1928732911477,496.19287329114763,45.000000000000114,1.0,0.0,0.0,0.3534110545064614,175.36004658841566,0.9168503462982763,541.192873291148,496.1928732911482,44.99999999999977,1.0,,,0.101,200.4619208096228,1984.771493164582,1984.771493164582,0.0,61.52791628810204,0.0,,,270.19881221518494,-8.526512829121202e-14,116.18548925252952,4.0,1240.6496963621062,0.0,-0.0,0.0,126.05000915038998
152,1,153,0.1016,0.0,1240.6496963746645,,,,0,0.0,1,2254.970305379767,2254.970305379767,-0.0,360.79524886076274,74.86501413860827,0.0,,,338.74758919882754,2254.970305379767,2164.771493164576,90.19881221519086,2254.970305379767,0.0,1.0,0.0,0.0,0.15648206039092138,112.9159678419747,0.96,751.656768459922,721.590497721525,30.066270738396952,1.0,0.0,0.0,0.15648162478776706,112.91565351487785,0.96,751.6567684599225,721.5904977215256,30.066270738396952,1.0,0.0,0.0,0.1564820603909214,112.9159678419748,0.96,751.6567684599225,721.5904977215256,30.066270738396952,,,,701.440186364085,2164.771493164576,1984.7714931856626,179.99999997891905,2164.7714931645814,-5.4569682106375694e-12,1.0,0.0,0.0,0.3534110545064586,175.36004658841233,0.9168503462982758,541.1928732911423,496.1928732911427,44.9999999999996,1.0,0.0,0.0,0.35341105450645904,175.3600465884128,0.9168503462982752,541.1928732911434,496.1928732911434,45.0,1.0,0.0,0.0,0.35341105451246435,175.36004659884415,0.9168503463372275,541.1928732911477,496.1928733122281,44.999999978919675,1.0,0.0,0.0,0.3534110545064614,175.36004658841566,0.9168503462982763,541.192873291148,496.1928732911482,44.99999999999977,1.0,,,0.101,200.46192081175192,1984.7714931856626,1984.7714931856626,0.0,61.52791628875554,0.0,,,270.19881219410445,2.842170943040401e-14,116.18548924346491,4.0,1240.6496963746645,0.0,-0.0,0.0,126.0500091516659
153,1,154,0.1016,0.0,1240.6496963621057,,,,0,0.0,1,2254.970305379767,2254.970305379767,-0.0,360.79524886076274,74.86501413860827,0.0,,,338.7475891988272,2254.970305379767,2164.771493164576,90.19881221519086,2254.970305379767,0.0,1.0,0.0,0.0,0.15648206039092138,112.9159678419747,0.96,751.656768459922,721.590497721525,30.066270738396952,1.0,0.0,0.0,0.15648162478776706,112.91565351487785,0.96,751.6567684599225,721.5904977215256,30.066270738396952,1.0,0.0,0.0,0.1564820603909214,112.9159678419748,0.96,751.6567684599225,721.5904977215256,30.066270738396952,,,,701.4401863536559,2164.771493164576,1984.7714931645814,180.00000000000006,2164.7714931645814,-5.4569682106375694e-12,1.0,0.0,0.0,0.3534110545064586,175.36004658841233,0.9168503462982758,541.1928732911423,496.1928732911427,44.9999999999996,1.0,0.0,0.0,0.35341105450645915,175.36004658841293,0.9168503462982756,541.1928732911434,496.1928732911436,44.99999999999983,1.0,0.0,0.0,0.35341105450646104,175.36004658841514,0.9168503462982748,541.1928732911477,496.1928732911472,45.00000000000057,1.0,0.0,0.0,0.3534110545064613,175.36004658841554,0.9168503462982758,541.192873291148,496.1928732911479,45.00000000000006,1.0,,,0.101,200.46192080962274,1984.7714931645814,1984.7714931645814,0.0,61.52791628810203,0.0,,,270.19881221518546,-1.4210854715202004e-13,116.18548925252975,4.0,1240.6496963621057,0.0,-0.0,0.0,126.05000915038994
154,1,155,0.1016,0.0,1240.650010689205,,,,0,0.0,1,2254.9703053797643,2254.9703053797643,-0.0,360.7952488607623,74.86501413860817,0.0,,,338.74790352592356,2254.9703053797643,2164.7714931645737,90.19881221519074,2254.9703053797643,0.0,1.0,0.0,0.0,0.15648206039092133,112.91596784197435,0.96,751.6567684599199,721.5904977215231,30.066270738396838,1.0,0.0,0.0,0.15648206039092138,112.9159678419747,0.96,751.656768459922,721.590497721525,30.066270738396952,1.0,0.0,0.0,0.1564820603909214,112.9159678419748,0.96,751.6567684599225,721.5904977215256,30.066270738396952,,,,701.4401863536581,2164.7714931645737,1984.7714931645858,179.99999999999557,2164.7714931645814,-7.73070496506989e-12,1.0,0.0,0.0,0.35341105450645854,175.36004658841222,0.9168503462982753,541.1928732911423,496.19287329114246,44.99999999999983,1.0,0.0,0.0,0.35341105450645915,175.36004658841293,0.9168503462982756,541.1928732911434,496.1928732911436,44.99999999999983,1.0,0.0,0.0,0.35341105450646115,175.36004658841534,0.9168503462982757,541.1928732911477,496.19287329114763,45.000000000000114,1.0,0.0,0.0,0.35341105450646254,175.36004658841765,0.9168503462982837,541.192873291148,496.1928732911522,44.999999999995794,1.0,,,0.101,200.46192080962317,1984.7714931645858,1984.7714931645858,0.0,61.527916288102155,0.0,,,270.1988122151786,1.1368683772161603e-13,116.18548925252679,4.0,1240.650010689205,0.0,-0.0,0.0,126.05004108602321
155,1,156,0.1016,0.0,1240.650010689204,,,,0,0.0,1,2254.970305379766,2254.970305379766,-0.0,360.79524886076257,74.86501413860823,0.0,,,338.747903525924,2254.970305379766,2164.7714931645755,90.19881221519074,2254.970305379766,0.0,1.0,0.0,0.0,0.15648206039092133,112.91596784197435,0.96,751.6567684599199,721.5904977215231,30.066270738396838,1.0,0.0,0.0,0.15648206039092138,112.9159678419747,0.96,751.656768459922,721.590497721525,30.066270738396952,1.0,0.0,0.0,0.1564820603909214,112.91596784197507,0.96,751.6567684599243,721.5904977215273,30.066270738396952,,,,701.4401863536569,2164.7714931645755,1984.7714931645837,179.99999999999795,2164.7714931645814,-5.9117155615240335e-12,1.0,0.0,0.0,0.3534110545064586,175.36004658841233,0.9168503462982758,541.1928732911423,496.1928732911427,44.9999999999996,1.0,0.0,0.0,0.35341105450645915,175.36004658841293,0.9168503462982756,541.1928732911434,496.1928732911436,44.99999999999983,1.0,0.0,0.0,0.35341105450646115,175.36004658841534,0.9168503462982757,541.1928732911477,496.19287329114763,45.000000000000114,1.0,0.0,0.0,0.3534110545064618,175.36004658841637,0.9168503462982789,541.192873291148,496.19287329114957,44.99999999999841,1.0,,,0.101,200.46192080962297,1984.7714931645837,1984.7714931645837,0.0,61.5279162881021,0.0,,,270.1988122151828,8.526512829121202e-14,116.1854892525286,4.0,1240.650010689204,0.0,-0.0,0.0,126.05004108602313
156,1,157,0.1016,0.0,1240.6500106892054,,,,0,0.0,1,2254.970305379766,2254.970305379766,-0.0,360.79524886076257,74.86501413860823,0.0,,,338.74790352592413,2254.970305379766,2164.7714931645755,90.19881221519074,2254.970305379766,0.0,1.0,0.0,0.0,0.15648206039092133,112.91596784197435,0.96,751.6567684599199,721.5904977215231,30.066270738396838,1.0,0.0,0.0,0.15648206039092138,112.9159678419747,0.96,751.656768459922,721.590497721525,30.066270738396952,1.0,0.0,0.0,0.1564820603909214,112.91596784197507,0.96,751.6567684599243,721.5904977215273,30.066270738396952,,,,701.440186353658,2164.7714931645755,1984.7714931645855,179.99999999999596,2164.7714931645814,-5.9117155615240335e-12,1.0,0.0,0.0,0.3534110545064586,175.36004658841233,0.9168503462982758,541.1928732911423,496.1928732911427,44.9999999999996,1.0,0.0,0.0,0.35341105450645915,175.36004658841293,0.9168503462982756,541.1928732911434,496.1928732911436,44.99999999999983,1.0,0.0,0.0,0.35341105450646115,175.36004658841534,0.9168503462982757,541.1928732911477,496.19287329114763,45.000000000000114,1.0,0.0,0.0,0.3534110545064624,175.36004658841733,0.9168503462982825,541.192873291148,496.19287329115156,44.99999999999642,1.0,,,0.101,200.46192080962317,1984.7714931645855,1984.7714931645855,0.0,61.52791628810215,0.0,,,270.1988122151808,1.1368683772161603e-13,116.18548925252774,4.0,1240.6500106892054,0.0,-0.0,0.0,126.05004108602326
157,1,158,0.1016,0.0,1240.6500106892036,,,,0,0.0,1,2254.9703053797684,2254.9703053797684,-0.0,360.79524886076297,74.86501413860832,0.0,,,338.74790352592447,2254.9703053797684,2164.7714931645774,90.19881221519074,2254.9703053797684,0.0,1.0,0.0,0.0,0.15648206039092133,112.91596784197435,0.96,751.6567684599199,721.5904977215231,30.066270738396838,1.0,0.0,0.0,0.15648206039092136,112.915967841975,0.96,751.656768459924,721.5904977215271,30.066270738396952,1.0,0.0,0.0,0.1564820603909214,112.91596784197507,0.96,751.6567684599243,721.5904977215273,30.066270738396952,,,,701.4401863536563,2164.7714931645774,1984.7714931645824,179.99999999999932,2164.7714931645814,-4.092726157978177e-12,1.0,0.0,0.0,0.3534110545064586,175.36004658841233,0.9168503462982758,541.1928732911423,496.1928732911427,44.9999999999996,1.0,0.0,0.0,0.35341105450645915,175.36004658841293,0.9168503462982756,541.1928732911434,496.1928732911436,44.99999999999983,1.0,0.0,0.0,0.35341105450646115,175.36004658841534,0.9168503462982757,541.1928732911477,496.19287329114763,45.000000000000114,1.0,0.0,0.0,0.3534110545064614,175.36004658841566,0.9168503462982763,541.192873291148,496.1928732911482,44.99999999999977,1.0,,,0.101,200.46192080962282,1984.7714931645824,1984.7714931645824,0.0,61.527916288102055,0.0,,,270.19881221518597,0.0,116.18548925252996,4.0,1240.6500106892036,0.0,-0.0,0.0,126.05004108602307
158,1,159,0.1016,0.0,1240.650010689203,,,,0,0.0,1,2254.9703053797684,2254.9703053797684,-0.0,360.79524886076297,74.86501413860832,0.0,,,338.74790352592424,2254.9703053797684,2164.7714931645774,90.19881221519074,2254.9703053797684,0.0,1.0,0.0,0.0,0.15648206039092133,112.91596784197435,0.96,751.6567684599199,721.5904977215231,30.066270738396838,1.0,0.0,0.0,0.15648206039092136,112.915967841975,0.96,751.656768459924,721.5904977215271,30.066270738396952,1.0,0.0,0.0,0.1564820603909214,112.91596784197507,0.96,751.6567684599243,721.5904977215273,30.066270738396952,,,,701.440186353656,2164.7714931645774,1984.7714931645814,179.9999999999999,2164.7714931645814,-4.092726157978177e-12,1.0,0.0,0.0,0.35341105450645854,175.36004658841222,0.9168503462982753,541.1928732911423,496.19287329114246,44.99999999999983,1.0,0.0,0.0,0.35341105450645915,175.36004658841298,0.9168503462982758,541.1928732911434,496.1928732911437,44.999999999999716,1.0,0.0,0.0,0.35341105450646104,175.36004658841514,0.9168503462982748,541.1928732911477,496.1928732911472,45.00000000000057,1.0,0.0,0.0,0.3534110545064614,175.36004658841566,0.9168503462982763,541.192873291148,496.1928732911482,44.99999999999977,1.0,,,0.101,200.46192080962274,1984.7714931645814,1984.7714931645814,0.0,61.52791628810203,0.0,,,270.19881221518654,8.526512829121202e-14,116.1854892525302,4.0,1240.650010689203,0.0,-0.0,0.0,126.05004108602303
159,1,160,0.1016,0.0,1240.6500106892004,,,,0,0.0,1,2254.9703053797657,2254.9703053797657,-0.0,360.7952488607625,74.86501413860822,0.0,,,338.7479035259239,2254.9703053797657,2164.771493164575,90.19881221519074,2254.9703053797657,0.0,1.0,0.0,0.0,0.15648206039092133,112.91596784197435,0.96,751.6567684599199,721.5904977215231,30.066270738396838,1.0,0.0,0.0,0.15648206039092136,112.915967841975,0.96,751.656768459924,721.5904977215271,30.066270738396952,1.0,0.0,0.0,0.15648206039092138,112.9159678419747,0.96,751.656768459922,721.590497721525,30.066270738396952,,,,701.440186353654,2164.771493164575,1984.7714931645783,179.99999999999892,2164.7714931645774,-2.2737367544323206e-12,1.0,0.0,0.0,0.35341105450645854,175.36004658841222,0.9168503462982753,541.1928732911423,496.19287329114246,44.99999999999983,1.0,0.0,0.0,0.35341105450645915,175.36004658841293,0.9168503462982756,541.1928732911434,496.1928732911436,44.99999999999983,1.0,0.0,0.0,0.3534110545064593,175.3600465884132,0.9168503462982762,541.1928732911437,496.19287329114417,44.99999999999949,1.0,0.0,0.0,0.3534110545064614,175.36004658841566,0.9168503462982763,541.192873291148,496.1928732911482,44.99999999999977,1.0,,,0.101,200.46192080962243,1984.7714931645783,1984.7714931645783,0.0,61.52791628810193,0.0,,,270.1988122151874,5.684341886080802e-14,116.18548925253057,4.0,1240.6500106892004,0.0,-0.0,0.0,126.05004108602276
160,1,161,0.1016,0.0,1240.6500106892006,,,,0,0.0,1,2254.9703053797657,2254.9703053797657,-0.0,360.7952488607625,74.86501413860822,0.0,,,338.747903525924,2254.9703053797657,2164.771493164575,90.19881221519074,2254.9703053797657,0.0,1.0,0.0,0.0,0.15648206039092133,112.91596784197435,0.96,751.6567684599199,721.5904977215231,30.066270738396838,1.0,0.0,0.0,0.15648206039092136,112.915967841975,0.96,751.656768459924,721.5904977215271,30.066270738396952,1.0,0.0,0.0,0.15648206039092138,112.9159678419747,0.96,751.656768459922,721.590497721525,30.066270738396952,,,,701.4401863536541,2164.771493164575,1984.7714931645787,179.9999999999987,2164.7714931645774,-2.2737367544323206e-12,1.0,0.0,0.0,0.3534110545064586,175.36004658841233,0.9168503462982758,541.1928732911423,496.1928732911427,44.9999999999996,1.0,0.0,0.0,0.35341105450645915,175.36004658841293,0.9168503462982756,541.1928732911434,496.1928732911436,44.99999999999983,1.0,0.0,0.0,0.3534110545064593,175.3600465884132,0.9168503462982762,541.1928732911437,496.19287329114417,44.99999999999949,1.0,0.0,0.0,0.3534110545064614,175.36004658841566,0.9168503462982763,541.192873291148,496.1928732911482,44.99999999999977,1.0,,,0.101,200.46192080962246,1984.7714931645787,1984.7714931645787,0.0,61.52791628810194,0.0,,,270.19881221518716,2.842170943040401e-14,116.18548925253047,4.0,1240.6500106892004,0.0,-0.0,0.0,126.05004108602277
161,1,162,0.13994,0.0,1240.6500106640892,,,,0,0.0,1,2254.9703053797657,2254.9703053797657,-0.0,360.7952488607625,74.86501413860822,0.0,,,338.74790352592413,2254.9703053797657,2164.771493164575,90.19881221519074,2254.9703053797657,0.0,1.0,0.0,0.0,0.15648206039092133,112.91596784197435,0.96,751.6567684599199,721.5904977215231,30.066270738396838,1.0,0.0,0.0,0.15648206039092136,112.915967841975,0.96,751.656768459924,721.5904977215271,30.066270738396952,1.0,0.0,0.0,0.15648206039092138,112.9159678419747,0.96,751.656768459922,721.590497721525,30.066270738396952,,,,701.4401863328002,2164.771493164575,1984.771493122425,180.0000000421524,2164.7714931645774,-2.2737367544323206e-12,1.0,0.0,0.0,0.3534110545064586,175.36004658841233,0.9168503462982758,541.1928732911423,496.1928732911427,44.9999999999996,1.0,0.0,0.0,0.35341105450645915,175.36004658841293,0.9168503462982756,541.1928732911434,496.1928732911436,44.99999999999983,1.0,0.0,0.0,0.3534110545004573,175.36004657798628,0.9168503462593313,541.1928732911437,496.1928732700674,45.00000002107623,1.0,0.0,0.0,0.3534110545004593,175.36004657798864,0.9168503462593309,541.192873291148,496.19287327007123,45.000000021076744,1.0,,,0.101,200.46192080536494,1984.771493122425,1984.771493122425,0.0,61.527916286795175,0.0,,,270.1988122573409,-2.842170943040401e-14,116.18548927065657,4.0,1240.6500106640892,0.0,-0.0,0.0,173.61656249233266
162,1,163,0.13994,0.0,1240.650010714316,,,,0,0.0,1,2254.9703053797657,2254.9703053797657,-0.0,360.7952488607625,74.86501413860822,0.0,,,338.74790352592413,2254.9703053797657,2164.771493164575,90.19881221519074,2254.9703053797657,0.0,1.0,0.0,0.0,0.15648206039092133,112.91596784197435,0.96,751.6567684599199,721.5904977215231,30.066270738396838,1.0,0.0,0.0,0.15648206039092136,112.915967841975,0.96,751.656768459924,721.5904977215271,30.066270738396952,1.0,0.0,0.0,0.15648206039092138,112.9159678419747,0.96,751.656768459922,721.590497721525,30.066270738396952,,,,701.4401863745112,2164.771493164575,1984.7714932067388,179.99999995783872,2164.7714931645774,-2.2737367544323206e-12,1.0,0.0,0.0,0.3534110545064586,175.36004658841233,0.9168503462982758,541.1928732911423,496.1928732911427,44.9999999999996,1.0,0.0,0.0,0.3534110545184651,175.36004660927,0.9168503463761775,541.1928732911434,496.19287333330357,44.99999995783986,1.0,0.0,0.0,0.3534110545064593,175.3600465884132,0.9168503462982762,541.1928732911437,496.19287329114417,44.99999999999949,1.0,0.0,0.0,0.3534110545064614,175.36004658841566,0.9168503462982763,541.192873291148,496.1928732911482,44.99999999999977,1.0,,,0.101,200.46192081388062,1984.7714932067388,1984.7714932067388,0.0,61.5279162894089,0.0,,,270.1988121730272,1.1368683772161603e-13,116.18548923440169,4.0,1240.650010714316,0.0,-0.0,0.0,173.6165624993614
163,1,164,0.13994,0.0,1240.650010689204,,,,0,0.0,1,2254.9703053797657,2254.9703053797657,-0.0,360.7952488607625,74.86501413860822,0.0,,,338.747903525924,2254.9703053797657,2164.771493164575,90.19881221519074,2254.9703053797657,0.0,1.0,0.0,0.0,0.15648206039092133,112.91596784197435,0.96,751.6567684599199,721.5904977215231,30.066270738396838,1.0,0.0,0.0,0.15648206039092136,112.915967841975,0.96,751.656768459924,721.5904977215271,30.066270738396952,1.0,0.0,0.0,0.15648206039092138,112.9159678419747,0.96,751.656768459922,721.590497721525,30.066270738396952,,,,701.4401863536568,2164.771493164575,1984.7714931645842,179.99999999999324,2164.7714931645774,-2.2737367544323206e-12,1.0,0.0,0.0,0.3534110545064586,175.36004658841233,0.9168503462982758,541.1928732911423,496.1928732911427,44.9999999999996,1.0,0.0,0.0,0.3534110545184649,175.3600466092696,0.916850346376176,541.1928732911434,496.19287333330277,44.99999995784066,1.0,0.0,0.0,0.3534110545004573,175.36004657798628,0.9168503462593313,541.1928732911437,496.1928732700674,45.00000002107623,1.0,0.0,0.0,0.3534110545004593,175.36004657798864,0.9168503462593309,541.192873291148,496.19287327007123,45.000000021076744,1.0,,,0.101,200.46192080962302,1984.7714931645842,1984.7714931645842,0.0,61.52791628810211,0.0,,,270.1988122151817,1.4210854715202004e-13,116.18548925252813,4.0,1240.650010689204,0.0,-0.0,0.0,173.61656249584723
164,1,165,0.13994,0.0,1240.6500106766443,,,,0,0.0,1,2254.9703053797657,2254.9703053797657,-0.0,360.7952488607625,74.86501413860822,0.0,,,338.74790352592413,2254.9703053797657,2164.771493164575,90.19881221519074,2254.9703053797657,0.0,1.0,0.0,0.0,0.15648206039092133,112.91596784197435,0.96,751.6567684599199,721.5904977215231,30.066270738396838,1.0,0.0,0.0,0.15648206039092136,112.915967841975,0.96,751.656768459924,721.5904977215271,30.066270738396952,1.0,0.0,0.0,0.15648206039092138,112.9159678419747,0.96,751.656768459922,721.590497721525,30.066270738396952,,,,701.4401863432266,2164.771493164575,1984.7714931435007,180.0000000210767,2164.7714931645774,-2.2737367544323206e-12,1.0,0.0,0.0,0.3534110545064584,175.36004658841196,0.9168503462982744,541.1928732911423,496.19287329114195,45.00000000000034,1.0,0.0,0.0,0.35341105450645915,175.36004658841293,0.9168503462982756,541.1928732911434,496.1928732911436,44.99999999999983,1.0,0.0,0.0,0.3534110545004571,175.36004657798603,0.9168503462593303,541.1928732911437,496.1928732700669,45.000000021076744,1.0,0.0,0.0,0.3534110545064614,175.36004658841566,0.9168503462982763,541.192873291148,496.1928732911482,44.99999999999977,1.0,,,0.101,200.46192080749358,1984.7714931435007,1984.7714931435007,0.0,61.52791628744852,0.0,,,270.19881223626516,0.0,116.18548926159401,4.0,1240.6500106766443,0.0,-0.0,0.0,173.6165624940896
165,1,166,0.13994,0.0,1240.6500107017578,,,,0,0.0,1,2254.9703053797657,2254.9703053797657,-0.0,360.7952488607625,74.86501413860822,0.0,,,338.7479035259239,2254.9703053797657,2164.771493164575,90.19881221519074,2254.9703053797657,0.0,1.0,0.0,0.0,0.15648206039092133,112.91596784197435,0.96,751.6567684599199,721.5904977215231,30.066270738396838,1.0,0.0,0.0,0.15648206039092136,112.915967841975,0.96,751.656768459924,721.5904977215271,30.066270738396952,1.0,0.0,0.0,0.15648206039092138,112.9159678419747,0.96,751.656768459922,721.590497721525,30.066270738396952,,,,701.4401863640824,2164.771493164575,1984.771493185658,179.99999997891933,2164.7714931645774,-2.2737367544323206e-12,1.0,0.0,0.0,0.35341105450645777,175.3600465884109,0.9168503462982704,541.1928732911423,496.1928732911398,45.0000000000025,1.0,0.0,0.0,0.3534110545184649,175.36004660926963,0.9168503463761761,541.1928732911434,496.1928733333028,44.9999999578406,1.0,0.0,0.0,0.3534110545064593,175.3600465884132,0.9168503462982762,541.1928732911437,496.19287329114417,44.99999999999949,1.0,0.0,0.0,0.3534110545004593,175.36004657798864,0.9168503462593309,541.192873291148,496.19287327007123,45.000000021076744,1.0,,,0.101,200.46192081175147,1984.771493185658,1984.771493185658,0.0,61.5279162887554,0.0,,,270.1988121941078,2.842170943040401e-14,116.18548924346635,4.0,1240.6500107017578,0.0,-0.0,0.0,173.61656249760398
166,1,167,0.1016,0.0,1240.6500106892008,,,,0,0.0,1,2254.9703053797703,2254.9703053797703,-0.0,360.79524886076325,74.86501413860837,0.0,,,338.7479035259246,2254.9703053797703,2164.771493164579,90.19881221519086,2254.9703053797703,0.0,1.0,0.0,0.0,0.15648206039092133,112.91596784197435,0.96,751.6567684599199,721.5904977215231,30.066270738396838,1.0,0.0,0.0,0.15648206039092136,112.915967841975,0.96,751.656768459924,721.5904977215271,30.066270738396952,1.0,0.0,0.0,0.15648206039092136,112.9159678419753,0.96,751.6567684599261,721.590497721529,30.066270738397066,,,,701.4401863536538,2164.771493164579,1984.7714931645778,179.99999999999966,2164.7714931645774,1.8189894035458565e-12,1.0,0.0,0.0,0.3534110545064586,175.36004658841233,0.9168503462982758,541.1928732911423,496.1928732911427,44.9999999999996,1.0,0.0,0.0,0.35341105450645915,175.36004658841293,0.9168503462982756,541.1928732911434,496.1928732911436,44.99999999999983,1.0,0.0,0.0,0.35341105450645915,175.36004658841287,0.9168503462982744,541.1928732911439,496.1928732911434,45.000000000000455,1.0,0.0,0.0,0.3534110545064614,175.36004658841566,0.9168503462982763,541.192873291148,496.1928732911482,44.99999999999977,1.0,,,0.101,200.46192080962237,1984.7714931645778,1984.7714931645778,0.0,61.52791628810191,0.0,,,270.19881221519233,1.1368683772161603e-13,116.1854892525327,4.0,1240.6500106892008,0.0,-0.0,0.0,126.0500410860228
167,1,168,0.1016,0.0,1240.6500106892013,,,,0,0.0,1,2254.9703053797703,2254.9703053797703,-0.0,360.79524886076325,74.86501413860837,0.0,,,338.7479035259247,2254.9703053797703,2164.771493164579,90.19881221519086,2254.9703053797703,0.0,1.0,0.0,0.0,0.15648206039092133,112.91596784197435,0.96,751.6567684599199,721.5904977215231,30.066270738396838,1.0,0.0,0.0,0.15648206039092136,112.915967841975,0.96,751.656768459924,721.5904977215271,30.066270738396952,1.0,0.0,0.0,0.15648206039092136,112.9159678419753,0.96,751.6567684599261,721.590497721529,30.066270738397066,,,,701.4401863536541,2164.771493164579,1984.7714931645785,179.9999999999991,2164.7714931645774,1.8189894035458565e-12,1.0,0.0,0.0,0.3534110545064586,175.36004658841233,0.9168503462982758,541.1928732911423,496.1928732911427,44.9999999999996,1.0,0.0,0.0,0.35341105450645915,175.36004658841293,0.9168503462982756,541.1928732911434,496.1928732911436,44.99999999999983,1.0,0.0,0.0,0.3534110545064594,175.36004658841327,0.916850346298276,541.1928732911439,496.1928732911443,44.9999999999996,1.0,0.0,0.0,0.3534110545064613,175.36004658841554,0.9168503462982758,541.192873291148,496.1928732911479,45.00000000000006,1.0,,,0.101,200.46192080962243,1984.7714931645785,1984.7714931645785,0.0,61.527916288101935,0.0,,,270.19881221519177,5.684341886080802e-14,116.18548925253246,4.0,1240.6500106892013,0.0,-0.0,0.0,126.05004108602284
