,Day,Time,LMP,bypass_pretreatment_flow,power_from_grid,intake.op_mode,intake.startup,intake.shutdown,intake.energy_intensity,intake.power_consumption,intake.recovery,intake.feed_flowrate,intake.product_flowrate,intake.reject_flowrate,intake.feed_cost,intake.chemical_cost,pretreatment.op_mode,pretreatment.startup,pretreatment.shutdown,pretreatment.power_consumption,pretreatment.feed_flowrate,pretreatment.product_flowrate,pretreatment.reject_flowrate,pretreatment.inlet_flowrate,pretreatment.leftover_flow,pretreatment.uf_pumps[1].op_mode,pretreatment.uf_pumps[1].startup,pretreatment.uf_pumps[1].shutdown,pretreatment.uf_pumps[1].energy_intensity,pretreatment.uf_pumps[1].power_consumption,pretreatment.uf_pumps[1].recovery,pretreatment.uf_pumps[1].feed_flowrate,pretreatment.uf_pumps[1].product_flowrate,pretreatment.uf_pumps[1].reject_flowrate,pretreatment.uf_pumps[2].op_mode,pretreatment.uf_pumps[2].startup,pretreatment.uf_pumps[2].shutdown,pretreatment.uf_pumps[2].energy_intensity,pretreatment.uf_pumps[2].power_consumption,pretreatment.uf_pumps[2].recovery,pretreatment.uf_pumps[2].feed_flowrate,pretreatment.uf_pumps[2].product_flowrate,pretreatment.uf_pumps[2].reject_flowrate,pretreatment.uf_pumps[3].op_mode,pretreatment.uf_pumps[3].startup,pretreatment.uf_pumps[3].shutdown,pretreatment.uf_pumps[3].energy_intensity,pretreatment.uf_pumps[3].power_consumption,pretreatment.uf_pumps[3].recovery,pretreatment.uf_pumps[3].feed_flowrate,pretreatment.uf_pumps[3].product_flowrate,pretreatment.uf_pumps[3].reject_flowrate,reverse_osmosis.op_mode,reverse_osmosis.startup,reverse_osmosis.shutdown,reverse_osmosis.power_consumption,reverse_osmosis.feed_flowrate,reverse_osmosis.product_flowrate,reverse_osmosis.reject_flowrate,reverse_osmosis.inlet_flowrate,reverse_osmosis.leftover_flow,reverse_osmosis.ro_skid[1].op_mode,reverse_osmosis.ro_skid[1].startup,reverse_osmosis.ro_skid[1].shutdown,reverse_osmosis.ro_skid[1].energy_intensity,reverse_osmosis.ro_skid[1].power_consumption,reverse_osmosis.ro_skid[1].recovery,reverse_osmosis.ro_skid[1].feed_flowrate,reverse_osmosis.ro_skid[1].product_flowrate,reverse_osmosis.ro_skid[1].reject_flowrate,reverse_osmosis.ro_skid[2].op_mode,reverse_osmosis.ro_skid[2].startup,reverse_osmosis.ro_skid[2].shutdown,reverse_osmosis.ro_skid[2].energy_intensity,reverse_osmosis.ro_skid[2].power_consumption,reverse_osmosis.ro_skid[2].recovery,reverse_osmosis.ro_skid[2].feed_flowrate,reverse_osmosis.ro_skid[2].product_flowrate,reverse_osmosis.ro_skid[2].reject_flowrate,reverse_osmosis.ro_skid[3].op_mode,reverse_osmosis.ro_skid[3].startup,reverse_osmosis.ro_skid[3].shutdown,reverse_osmosis.ro_skid[3].energy_intensity,reverse_osmosis.ro_skid[3].power_consumption,reverse_osmosis.ro_skid[3].recovery,reverse_osmosis.ro_skid[3].feed_flowrate,reverse_osmosis.ro_skid[3].product_flowrate,reverse_osmosis.ro_skid[3].reject_flowrate,reverse_osmosis.ro_skid[4].op_mode,reverse_osmosis.ro_skid[4].startup,reverse_osmosis.ro_skid[4].shutdown,reverse_osmosis.ro_skid[4].energy_intensity,reverse_osmosis.ro_skid[4].power_consumption,reverse_osmosis.ro_skid[4].recovery,reverse_osmosis.ro_skid[4].feed_flowrate,reverse_osmosis.ro_skid[4].product_flowrate,reverse_osmosis.ro_skid[4].reject_flowrate,posttreatment.op_mode,posttreatment.startup,posttreatment.shutdown,posttreatment.energy_intensity,posttreatment.power_consumption,posttreatment.feed_flowrate,posttreatment.product_flowrate,posttreatment.reject_flowrate,posttreatment.chemical_cost,brine_discharge.op_mode,brine_discharge.startup,brine_discharge.shutdown,brine_discharge.feed_flowrate,brine_discharge.power_consumption,brine_discharge.brine_cost,num_skids_online,net_power_consumption,water_revenue,demand_response_revenue,emissions_cost,energy_cost
0,1,1,0.1016,0.0,1352.8902273185254,,,,0,0.0,1,2382.241476989027,2382.241476989027,-0.0,381.1586363182443,79.0904170360357,0.0,,,361.4985459185708,2382.241476989027,2286.951817909466,95.28965907956103,2382.241476989027,0.0,1.0,0.0,0.0,0.15807003150989882,120.4995153061899,0.96,794.0804923296757,762.3172726364887,31.76321969318701,1.0,0.0,0.0,0.15807003150989882,120.4995153061899,0.96,794.0804923296757,762.3172726364887,31.76321969318701,1.0,0.0,0.0,0.1580700315098988,120.49951530618986,0.96,794.0804923296756,762.3172726364886,31.76321969318701,,,,778.5895477910979,2286.951817909466,2106.951817909471,180.00000000000648,2286.9518179094775,-1.1368683772161603e-11,1.0,0.0,0.0,0.3829717356685547,212.54931329604784,0.925,600.0,555.0,45.0,1.0,0.0,0.0,0.3829717356685547,212.54931329604784,0.925,600.0,555.0,45.0,1.0,0.0,0.0,0.35601138071123783,178.48430769652424,0.9176343694406716,546.3443877551017,501.3443877551025,44.999999999999204,1.0,0.0,0.0,0.3531153950778501,175.0066135024779,0.9167603005619863,540.607430154376,495.60743015436867,45.000000000007276,1.0,,,0.101,212.8021336088566,2106.951817909471,2106.951817909471,0.0,65.3155063551936,0.0,,,275.28965907955615,1.1368683772161603e-13,118.37455340420914,4.0,1352.8902273185254,0.0,-0.0,0.0,137.45364709556216
1,1,2,0.1016,0.0,1352.890227318534,,,,0,0.0,1,2382.241476989027,2382.241476989027,-0.0,381.1586363182443,79.0904170360357,0.0,,,361.4985459185708,2382.241476989027,2286.951817909466,95.28965907956103,2382.241476989027,0.0,1.0,0.0,0.0,0.15807003150989882,120.4995153061899,0.96,794.0804923296757,762.3172726364887,31.76321969318701,1.0,0.0,0.0,0.15807003150989882,120.4995153061899,0.96,794.0804923296757,762.3172726364887,31.76321969318701,1.0,0.0,0.0,0.1580700315098988,120.49951530618986,0.96,794.0804923296756,762.3172726364886,31.76321969318701,,,,778.589547791105,2286.951817909466,2106.9518179094875,179.99999999998363,2286.951817909471,-5.002220859751105e-12,1.0,0.0,0.0,0.3829717356685547,212.54931329604784,0.925,600.0,555.0,45.0,1.0,0.0,0.0,0.3829717356685547,212.54931329604784,0.925,600.0,555.0,45.0,1.0,0.0,0.0,0.3560113807112435,178.48430769653433,0.9176343694407088,546.3443877551017,501.34438775512285,44.999999999978854,1.0,0.0,0.0,0.3531153950778474,175.00661350247506,0.9167603005619898,540.6074301543692,495.60743015436447,45.000000000004775,1.0,,,0.101,212.80213360885824,2106.9518179094875,2106.9518179094875,0.0,65.31550635519412,0.0,,,275.28965907953966,-5.684341886080802e-14,118.37455340420205,4.0,1352.890227318534,0.0,-0.0,0.0,137.45364709556304
2,1,3,0.1016,0.0,1352.8902273185286,,,,0,0.0,1,2382.241476989027,2382.241476989027,-0.0,381.1586363182443,79.0904170360357,0.0,,,361.4985459185708,2382.241476989027,2286.951817909466,95.28965907956103,2382.241476989027,0.0,1.0,0.0,0.0,0.15807003150989882,120.4995153061899,0.96,794.0804923296757,762.3172726364887,31.76321969318701,1.0,0.0,0.0,0.15807003150989882,120.4995153061899,0.96,794.0804923296757,762.3172726364887,31.76321969318701,1.0,0.0,0.0,0.1580700315098988,120.49951530618986,0.96,794.0804923296756,762.3172726364886,31.76321969318701,,,,778.5895477911006,2286.951817909466,2106.9518179094757,180.00000000000801,2286.9518179094835,-1.7280399333685637e-11,1.0,0.0,0.0,0.3829717356685547,212.54931329604784,0.9249999999999999,600.0,555.0,45.0,1.0,0.0,0.0,0.3829717356685547,212.54931329604784,0.925,600.0,555.0,45.0,1.0,0.0,0.0,0.3560113807112376,178.48430769652387,0.9176343694406702,546.3443877551017,501.34438775510176,44.99999999999994,1.0,0.0,0.0,0.35311539507785283,175.00661350248106,0.9167603005619857,540.6074301543819,495.6074301543738,45.00000000000807,1.0,,,0.101,212.80213360885705,2106.9518179094757,2106.9518179094757,0.0,65.31550635519375,0.0,,,275.28965907955177,1.1368683772161603e-13,118.37455340420726,4.0,1352.8902273185286,0.0,-0.0,0.0,137.4536470955625
3,1,4,0.1016,0.0,1352.890227318528,,,,0,0.0,1,2382.241476989027,2382.241476989027,-0.0,381.1586363182443,79.0904170360357,0.0,,,361.4985459185707,2382.241476989027,2286.951817909466,95.28965907956103,2382.241476989027,0.0,1.0,0.0,0.0,0.15807003150989882,120.4995153061899,0.96,794.0804923296757,762.3172726364887,31.76321969318701,1.0,0.0,0.0,0.15807003150989882,120.4995153061899,0.96,794.0804923296757,762.3172726364887,31.76321969318701,1.0,0.0,0.0,0.1580700315098988,120.49951530618986,0.96,794.0804923296756,762.3172726364886,31.76321969318701,,,,778.5895477911002,2286.951817909466,2106.951817909476,180.00000000000108,2286.9518179094775,-1.1368683772161603e-11,1.0,0.0,0.0,0.3829717356685547,212.54931329604784,0.925,600.0,555.0,45.0,1.0,0.0,0.0,0.3829717356685547,212.54931329604784,0.925,600.0,555.0,45.0,1.0,0.0,0.0,0.3560113807112376,178.48430769652387,0.9176343694406702,546.3443877551017,501.34438775510176,44.99999999999994,1.0,0.0,0.0,0.35311539507785167,175.00661350248072,0.9167603005619975,540.6074301543756,495.60743015437447,45.00000000000114,1.0,,,0.101,212.8021336088571,2106.951817909476,2106.951817909476,0.0,65.31550635519376,0.0,,,275.28965907955074,5.684341886080802e-14,118.37455340420682,4.0,1352.8902273185279,0.0,-0.0,0.0,137.45364709556245
4,1,5,0.1016,0.0,1352.890227318529,,,,0,0.0,1,2382.241476989027,2382.241476989027,-0.0,381.1586363182443,79.0904170360357,0.0,,,361.4985459185708,2382.241476989027,2286.951817909466,95.28965907956103,2382.241476989027,0.0,1.0,0.0,0.0,0.15807003150989882,120.4995153061899,0.96,794.0804923296757,762.3172726364887,31.76321969318701,1.0,0.0,0.0,0.15807003150989882,120.4995153061899,0.96,794.0804923296757,762.3172726364887,31.76321969318701,1.0,0.0,0.0,0.1580700315098988,120.49951530618986,0.96,794.0804923296756,762.3172726364886,31.76321969318701,,,,778.589547791101,2286.951817909466,2106.951817909476,180.00000000000836,2286.9518179094844,-1.8189894035458565e-11,1.0,0.0,0.0,0.3829717356685547,212.54931329604784,0.925,600.0,555.0,45.0,1.0,0.0,0.0,0.3829717356685547,212.54931329604784,0.925,600.0,555.0,45.0,1.0,0.0,0.0,0.3560113807112376,178.48430769652387,0.9176343694406702,546.3443877551017,501.34438775510176,44.99999999999994,1.0,0.0,0.0,0.3531153950778532,175.00661350248146,0.9167603005619852,540.6074301543828,495.60743015437436,45.00000000000841,1.0,,,0.101,212.8021336088571,2106.951817909476,2106.951817909476,0.0,65.31550635519376,0.0,,,275.2896590795512,5.684341886080802e-14,118.37455340420702,4.0,1352.8902273185288,0.0,-0.0,0.0,137.45364709556253
5,1,6,0.1016,0.0,1352.890227318529,,,,0,0.0,1,2382.241476989027,2382.241476989027,-0.0,381.1586363182443,79.0904170360357,0.0,,,361.4985459185708,2382.241476989027,2286.951817909466,95.28965907956103,2382.241476989027,0.0,1.0,0.0,0.0,0.15807003150989882,120.4995153061899,0.96,794.0804923296757,762.3172726364887,31.76321969318701,1.0,0.0,0.0,0.15807003150989882,120.4995153061899,0.96,794.0804923296757,762.3172726364887,31.76321969318701,1.0,0.0,0.0,0.1580700315098988,120.49951530618986,0.96,794.0804923296756,762.3172726364886,31.76321969318701,,,,778.589547791101,2286.951817909466,2106.951817909476,180.00000000000836,2286.951817909485,-1.864464138634503e-11,1.0,0.0,0.0,0.3829717356685547,212.54931329604784,0.925,600.0,555.0,45.0,1.0,0.0,0.0,0.3829717356685547,212.54931329604784,0.925,600.0,555.0,45.0,1.0,0.0,0.0,0.3560113807112376,178.48430769652387,0.9176343694406702,546.3443877551017,501.34438775510176,44.99999999999994,1.0,0.0,0.0,0.3531153950778533,175.0066135024815,0.9167603005619852,540.6074301543829,495.60743015437447,45.00000000000841,1.0,,,0.101,212.8021336088571,2106.951817909476,2106.951817909476,0.0,65.31550635519376,0.0,,,275.28965907955074,5.684341886080802e-14,118.37455340420682,4.0,1352.8902273185288,0.0,-0.0,0.0,137.45364709556253
6,1,7,0.1016,0.0,1352.8902273185288,,,,0,0.0,1,2382.241476989027,2382.241476989027,-0.0,381.1586363182443,79.0904170360357,0.0,,,361.4985459185707,2382.241476989027,2286.951817909466,95.28965907956103,2382.241476989027,0.0,1.0,0.0,0.0,0.15807003150989882,120.4995153061899,0.96,794.0804923296757,762.3172726364887,31.76321969318701,1.0,0.0,0.0,0.15807003150989882,120.4995153061899,0.96,794.0804923296757,762.3172726364887,31.76321969318701,1.0,0.0,0.0,0.1580700315098988,120.49951530618986,0.96,794.0804923296756,762.3172726364886,31.76321969318701,,,,778.589547791101,2286.951817909466,2106.951817909476,180.00000000000836,2286.951817909485,-1.864464138634503e-11,1.0,0.0,0.0,0.3829717356685547,212.54931329604784,0.925,600.0,555.0,45.0,1.0,0.0,0.0,0.3829717356685547,212.54931329604784,0.925,600.0,555.0,45.0,1.0,0.0,0.0,0.3560113807112376,178.48430769652387,0.9176343694406702,546.3443877551017,501.34438775510176,44.99999999999994,1.0,0.0,0.0,0.3531153950778533,175.0066135024815,0.9167603005619852,540.6074301543829,495.60743015437447,45.00000000000841,1.0,,,0.101,212.8021336088571,2106.951817909476,2106.951817909476,0.0,65.31550635519376,0.0,,,275.28965907955074,-5.684341886080802e-14,118.37455340420682,4.0,1352.8902273185288,0.0,-0.0,0.0,137.45364709556253
7,1,8,0.1016,0.0,1352.8902273185288,,,,0,0.0,1,2382.241476989027,2382.241476989027,-0.0,381.1586363182443,79.0904170360357,0.0,,,361.4985459185707,2382.241476989027,2286.951817909466,95.28965907956103,2382.241476989027,0.0,1.0,0.0,0.0,0.15807003150989882,120.4995153061899,0.96,794.0804923296757,762.3172726364887,31.76321969318701,1.0,0.0,0.0,0.15807003150989882,120.4995153061899,0.96,794.0804923296757,762.3172726364887,31.76321969318701,1.0,0.0,0.0,0.1580700315098988,120.49951530618986,0.96,794.0804923296756,762.3172726364886,31.76321969318701,,,,778.589547791101,2286.951817909466,2106.951817909476,180.00000000000836,2286.9518179094844,-1.8189894035458565e-11,1.0,0.0,0.0,0.3829717356685547,212.54931329604784,0.925,600.0,555.0,45.0,1.0,0.0,0.0,0.3829717356685547,212.54931329604784,0.925,600.0,555.0,45.0,1.0,0.0,0.0,0.3560113807112376,178.48430769652387,0.9176343694406702,546.3443877551017,501.34438775510176,44.99999999999994,1.0,0.0,0.0,0.3531153950778532,175.00661350248146,0.9167603005619852,540.6074301543828,495.60743015437436,45.00000000000841,1.0,,,0.101,212.8021336088571,2106.951817909476,2106.951817909476,0.0,65.31550635519376,0.0,,,275.2896590795512,-5.684341886080802e-14,118.37455340420702,4.0,1352.8902273185288,0.0,-0.0,0.0,137.45364709556253
8,1,9,0.1016,0.0,1352.8902273061572,,,,0,0.0,1,2382.241476989027,2382.241476989027,-0.0,381.1586363182443,79.0904170360357,0.0,,,361.4985459185708,2382.241476989027,2286.951817909466,95.28965907956103,2382.241476989027,0.0,1.0,0.0,0.0,0.15807003150989882,120.4995153061899,0.96,794.0804923296757,762.3172726364887,31.76321969318701,1.0,0.0,0.0,0.15807003150989882,120.4995153061899,0.96,794.0804923296757,762.3172726364887,31.76321969318701,1.0,0.0,0.0,0.1580700315098988,120.49951530618986,0.96,794.0804923296756,762.3172726364886,31.76321969318701,,,,778.5895477808174,2286.951817909466,2106.951817888803,180.00000002067992,2286.951817909483,-1.6825651982799172e-11,1.0,0.0,0.0,0.3829717356685547,212.54931329604784,0.925,600.0,555.0,45.0,1.0,0.0,0.0,0.3829717356685547,212.54931329604784,0.925,600.0,555.0,45.0,1.0,0.0,0.0,0.356011380705406,178.48430768624038,0.9176343694028314,546.3443877551017,501.3443877344287,45.000000020672985,1.0,0.0,0.0,0.35311539507785294,175.00661350248131,0.9167603005619878,540.6074301543813,495.60743015437436,45.000000000006935,1.0,,,0.101,212.8021336067691,2106.951817888803,2106.951817888803,0.0,65.3155063545529,0.0,,,275.2896591002241,-1.4210854715202004e-13,118.37455341309638,4.0,1352.890227306157,0.0,-0.0,0.0,137.45364709430555
9,1,10,0.1016,0.0,1093.7721205106075,,,,0,0.0,1,1875.000000000002,1875.000000000002,-0.0,300.00000000000034,62.25000000000007,0.0,,,287.9591806224639,1875.000000000002,1800.0000000000023,75.0,1875.000000000002,0.0,1.0,0.0,0.0,0.15807003150989882,120.4995153061899,0.96,794.0804923296757,762.3172726364887,31.76321969318701,1.0,0.0,0.0,0.16137848390494594,83.72983265813657,0.96,540.4597538351632,518.8413636817567,21.618390153406494,1.0,0.0,0.0,0.1613784839049459,83.72983265813656,0.96,540.4597538351632,518.8413636817567,21.618390153406494,,,,637.6479398881436,1800.0000000000023,1665.0,135.0,1800.0,2.2737367544323206e-12,1.0,0.0,0.0,0.3829717356685547,212.54931329604784,0.9249999999999999,600.0,555.0,45.0,1.0,0.0,0.0,0.3829717356685547,212.54931329604784,0.925,600.0,555.0,45.0,1.0,0.0,0.0,0.3829717356685547,212.54931329604784,0.925,600.0,555.0,45.0,0.0,0.0,1.0,0.08724817754776787,0.0,0.8800000000000001,0.0,0.0,0.0,1.0,,,0.101,168.16500000000002,1665.0,1665.0,0.0,51.615,0.0,,,210.00000000000227,-5.684341886080802e-14,90.30000000000098,3.0,1093.7721205106075,0.0,0.0,0.0,111.12724744387772
10,1,11,0.1016,0.0,1093.7721205106075,,,,0,0.0,1,1875.000000000002,1875.000000000002,-0.0,300.00000000000034,62.25000000000007,0.0,,,287.9591806224639,1875.000000000002,1800.0000000000023,75.0,1875.000000000002,0.0,1.0,0.0,0.0,0.15807003150989882,120.4995153061899,0.96,794.0804923296757,762.3172726364887,31.76321969318701,1.0,0.0,0.0,0.16137848390494594,83.72983265813657,0.96,540.4597538351632,518.8413636817567,21.618390153406494,1.0,0.0,0.0,0.1613784839049459,83.72983265813656,0.96,540.4597538351632,518.8413636817567,21.618390153406494,,,,637.6479398881436,1800.0000000000023,1665.0,135.0,1800.0,2.2737367544323206e-12,1.0,0.0,0.0,0.3829717356685547,212.54931329604784,0.9249999999999999,600.0,555.0,45.0,1.0,0.0,0.0,0.3829717356685547,212.54931329604784,0.925,600.0,555.0,45.0,1.0,0.0,0.0,0.3829717356685547,212.54931329604784,0.925,600.0,555.0,45.0,0.0,0.0,0.0,0.08724817754776787,0.0,0.8800000000000001,0.0,0.0,0.0,1.0,,,0.101,168.16500000000002,1665.0,1665.0,0.0,51.615,0.0,,,210.00000000000227,-5.684341886080802e-14,90.30000000000098,3.0,1093.7721205106075,0.0,0.0,0.0,111.12724744387772
11,1,12,0.1016,0.0,1093.7721205106075,,,,0,0.0,1,1875.000000000002,1875.000000000002,-0.0,300.00000000000034,62.25000000000007,0.0,,,287.9591806224639,1875.000000000002,1800.0000000000023,75.0,1875.000000000002,0.0,1.0,0.0,0.0,0.15807003150989882,120.4995153061899,0.96,794.0804923296757,762.3172726364887,31.76321969318701,1.0,0.0,0.0,0.16137848390494594,83.72983265813657,0.96,540.4597538351632,518.8413636817567,21.618390153406494,1.0,0.0,0.0,0.1613784839049459,83.72983265813656,0.96,540.4597538351632,518.8413636817567,21.618390153406494,,,,637.6479398881436,1800.0000000000023,1665.0,135.0,1800.0,2.2737367544323206e-12,1.0,0.0,0.0,0.3829717356685547,212.54931329604784,0.9249999999999999,600.0,555.0,45.0,1.0,0.0,0.0,0.3829717356685547,212.54931329604784,0.925,600.0,555.0,45.0,1.0,0.0,0.0,0.3829717356685547,212.54931329604784,0.925,600.0,555.0,45.0,0.0,0.0,0.0,0.08724817754776787,0.0,0.8800000000000001,0.0,0.0,0.0,1.0,,,0.101,168.16500000000002,1665.0,1665.0,0.0,51.615,0.0,,,210.00000000000227,-5.684341886080802e-14,90.30000000000098,3.0,1093.7721205106075,0.0,0.0,0.0,111.12724744387772
12,1,13,0.1016,0.0,1093.7721205106077,,,,0,0.0,1,1875.000000000002,1875.000000000002,-0.0,300.00000000000034,62.25000000000007,0.0,,,287.95918062246415,1875.000000000002,1800.0000000000023,75.0,1875.000000000002,0.0,1.0,0.0,0.0,0.15807003150989882,120.4995153061899,0.96,794.0804923296757,762.3172726364887,31.76321969318701,1.0,0.0,0.0,0.16137848390494594,83.72983265813657,0.96,540.4597538351632,518.8413636817567,21.618390153406494,1.0,0.0,0.0,0.1613784839049459,83.72983265813656,0.96,540.4597538351632,518.8413636817567,21.618390153406494,,,,637.6479398881436,1800.0000000000023,1665.0,135.0,1800.0,2.2737367544323206e-12,1.0,0.0,0.0,0.3829717356685547,212.54931329604784,0.9249999999999999,600.0,555.0,45.0,1.0,0.0,0.0,0.3829717356685547,212.54931329604784,0.925,600.0,555.0,45.0,1.0,0.0,0.0,0.3829717356685547,212.54931329604784,0.925,600.0,555.0,45.0,0.0,0.0,0.0,0.08724817754776787,0.0,0.8800000000000001,0.0,0.0,0.0,1.0,,,0.101,168.16500000000002,1665.0,1665.0,0.0,51.615,0.0,,,210.00000000000227,-5.684341886080802e-14,90.30000000000098,3.0,1093.7721205106077,0.0,0.0,0.0,111.12724744387774
13,1,14,0.1016,0.0,1093.7721205106075,,,,0,0.0,1,1875.000000000002,1875.000000000002,-0.0,300.00000000000034,62.25000000000007,0.0,,,287.9591806224639,1875.000000000002,1800.0000000000023,75.0,1875.000000000002,0.0,1.0,0.0,0.0,0.15807003150989882,120.4995153061899,0.96,794.0804923296757,762.3172726364887,31.76321969318701,1.0,0.0,0.0,0.16137848390494594,83.72983265813657,0.96,540.4597538351632,518.8413636817567,21.618390153406494,1.0,0.0,0.0,0.1613784839049459,83.72983265813656,0.96,540.4597538351632,518.8413636817567,21.618390153406494,,,,637.6479398881436,1800.0000000000023,1665.0,135.0,1800.0,2.2737367544323206e-12,1.0,0.0,0.0,0.3829717356685547,212.54931329604784,0.9249999999999999,600.0,555.0,45.0,1.0,0.0,0.0,0.3829717356685547,212.54931329604784,0.925,600.0,555.0,45.0,1.0,0.0,0.0,0.3829717356685547,212.54931329604784,0.925,600.0,555.0,45.0,0.0,0.0,0.0,0.08724817754776787,0.0,0.8800000000000001,0.0,0.0,0.0,1.0,,,0.101,168.16500000000002,1665.0,1665.0,0.0,51.615,0.0,,,210.00000000000227,-5.684341886080802e-14,90.30000000000098,3.0,1093.7721205106075,0.0,0.0,0.0,111.12724744387772
14,1,15,0.1016,0.0,1093.7721205106075,,,,0,0.0,1,1875.000000000002,1875.000000000002,-0.0,300.00000000000034,62.25000000000007,0.0,,,287.9591806224639,1875.000000000002,1800.0000000000023,75.0,1875.000000000002,0.0,1.0,0.0,0.0,0.15807003150989882,120.4995153061899,0.96,794.0804923296757,762.3172726364887,31.76321969318701,1.0,0.0,0.0,0.16137848390494594,83.72983265813657,0.96,540.4597538351632,518.8413636817567,21.618390153406494,1.0,0.0,0.0,0.1613784839049459,83.72983265813656,0.96,540.4597538351632,518.8413636817567,21.618390153406494,,,,637.6479398881436,1800.0000000000023,1665.0,135.0,1800.0,2.2737367544323206e-12,1.0,0.0,0.0,0.3829717356685547,212.54931329604784,0.9249999999999999,600.0,555.0,45.0,1.0,0.0,0.0,0.3829717356685547,212.54931329604784,0.925,600.0,555.0,45.0,1.0,0.0,0.0,0.3829717356685547,212.54931329604784,0.925,600.0,555.0,45.0,0.0,0.0,0.0,0.08724817754776787,0.0,0.8800000000000001,0.0,0.0,0.0,1.0,,,0.101,168.16500000000002,1665.0,1665.0,0.0,51.615,0.0,,,210.00000000000227,-5.684341886080802e-14,90.30000000000098,3.0,1093.7721205106075,0.0,0.0,0.0,111.12724744387772
15,1,16,0.1016,0.0,1093.7721205106077,,,,0,0.0,1,1875.000000000002,1875.000000000002,-0.0,300.00000000000034,62.25000000000007,0.0,,,287.95918062246415,1875.000000000002,1800.0000000000023,75.0,1875.000000000002,0.0,1.0,0.0,0.0,0.15807003150989882,120.4995153061899,0.96,794.0804923296757,762.3172726364887,31.76321969318701,1.0,0.0,0.0,0.16137848390494594,83.72983265813657,0.96,540.4597538351632,518.8413636817567,21.618390153406494,1.0,0.0,0.0,0.1613784839049459,83.72983265813656,0.96,540.4597538351632,518.8413636817567,21.618390153406494,,,,637.6479398881436,1800.0000000000023,1665.0,135.0,1800.0,2.2737367544323206e-12,1.0,0.0,0.0,0.3829717356685547,212.54931329604784,0.9249999999999999,600.0,555.0,45.0,1.0,0.0,0.0,0.3829717356685547,212.54931329604784,0.925,600.0,555.0,45.0,1.0,0.0,0.0,0.3829717356685547,212.54931329604784,0.925,600.0,555.0,45.0,0.0,0.0,0.0,0.08724817754776787,0.0,0.8800000000000001,0.0,0.0,0.0,1.0,,,0.101,168.16500000000002,1665.0,1665.0,0.0,51.615,0.0,,,210.00000000000227,-5.684341886080802e-14,90.30000000000098,3.0,1093.7721205106077,0.0,0.0,0.0,111.12724744387774
16,1,17,0.1016,0.0,1093.7721205106077,,,,0,0.0,1,1875.000000000002,1875.000000000002,-0.0,300.00000000000034,62.25000000000007,0.0,,,287.95918062246415,1875.000000000002,1800.0000000000023,75.0,1875.000000000002,0.0,1.0,0.0,0.0,0.15807003150989882,120.4995153061899,0.96,794.0804923296757,762.3172726364887,31.76321969318701,1.0,0.0,0.0,0.16137848390494594,83.72983265813657,0.96,540.4597538351632,518.8413636817567,21.618390153406494,1.0,0.0,0.0,0.1613784839049459,83.72983265813656,0.96,540.4597538351632,518.8413636817567,21.618390153406494,,,,637.6479398881436,1800.0000000000023,1665.0,135.0,1800.0,2.2737367544323206e-12,1.0,0.0,0.0,0.3829717356685547,212.54931329604784,0.925,600.0,555.0,45.0,1.0,0.0,0.0,0.3829717356685547,212.54931329604784,0.925,600.0,555.0,45.0,1.0,0.0,0.0,0.3829717356685547,212.54931329604784,0.925,600.0,555.0,45.0,0.0,0.0,0.0,0.08724817754776787,0.0,0.8800000000000001,0.0,0.0,0.0,1.0,,,0.101,168.16500000000002,1665.0,1665.0,0.0,51.615,0.0,,,210.00000000000227,-5.684341886080802e-14,90.30000000000098,3.0,1093.7721205106077,0.0,0.0,0.0,111.12724744387774
17,1,18,0.15246,0.0,589.6069884719645,,,,0,0.0,1,1083.8000180244996,1083.8000180244996,-0.0,173.40800288391995,35.98216059841339,0.0,,,167.79628397537533,1083.8000180244996,1040.4480173035197,43.35200072097996,1083.8000180244996,0.0,1.0,0.0,0.0,0.16116828789189208,84.06645131723874,0.96,543.3402641893365,521.606653621763,21.733610567573464,1.0,0.0,0.0,0.16137848390494594,83.72983265813657,0.96,540.4597538351632,518.8413636817567,21.618390153406494,0.0,0.0,1.0,0.271,0.0,0.96,0.0,0.0,-0.0,,,,325.8154547489337,1040.4480173035197,950.4480173035197,89.99999999999801,1040.4480173035176,2.0463630789890885e-12,1.0,0.0,0.0,0.34291547752774765,163.03848389325725,0.9135360333715009,520.4480173035197,475.44801730351963,45.00000000000006,1.0,0.0,0.0,0.34268835969616096,162.77697085567647,0.9134615384615421,519.999999999998,475.0,44.999999999997954,0.0,0.0,1.0,0.08724817754776787,0.0,0.8800000000000001,0.0,0.0,0.0,0.0,0.0,0.0,0.08724817754776787,0.0,0.8800000000000001,0.0,0.0,0.0,1.0,,,0.101,95.99524974765549,950.4480173035197,950.4480173035197,0.0,29.46388853640911,0.0,,,133.35200072098002,2.842170943040401e-14,57.34136031002141,2.0,589.6069884719645,0.0,0.0,0.0,89.89148146243572
18,1,19,0.15246,0.0,589.6069884719647,,,,0,0.0,1,1083.8000180244996,1083.8000180244996,-0.0,173.40800288391995,35.98216059841339,0.0,,,167.7962839753755,1083.8000180244996,1040.4480173035197,43.35200072097996,1083.8000180244996,0.0,1.0,0.0,0.0,0.16116828789189208,84.06645131723874,0.96,543.3402641893365,521.606653621763,21.733610567573464,1.0,0.0,0.0,0.16137848390494594,83.72983265813657,0.96,540.4597538351632,518.8413636817567,21.618390153406494,0.0,0.0,0.0,0.271,0.0,0.96,0.0,0.0,-0.0,,,,325.8154547489337,1040.4480173035197,950.4480173035196,89.99999999999807,1040.4480173035176,2.0463630789890885e-12,1.0,0.0,0.0,0.34291547752774765,163.03848389325725,0.9135360333715008,520.4480173035197,475.4480173035196,45.000000000000114,1.0,0.0,0.0,0.34268835969616096,162.77697085567647,0.9134615384615421,519.999999999998,475.0,44.999999999997954,0.0,0.0,0.0,0.08724817754776787,0.0,0.8800000000000001,0.0,0.0,0.0,0.0,0.0,0.0,0.08724817754776787,0.0,0.8800000000000001,0.0,0.0,0.0,1.0,,,0.101,95.99524974765548,950.4480173035196,950.4480173035196,0.0,29.463888536409108,0.0,,,133.35200072098007,-1.4210854715202004e-14,57.34136031002143,2.0,589.6069884719647,0.0,0.0,0.0,89.89148146243573
19,1,20,0.15246,0.0,589.6069884719647,,,,0,0.0,1,1083.8000180244996,1083.8000180244996,-0.0,173.40800288391995,35.98216059841339,0.0,,,167.7962839753755,1083.8000180244996,1040.4480173035197,43.35200072097996,1083.8000180244996,0.0,1.0,0.0,0.0,0.16116828789189208,84.06645131723874,0.96,543.3402641893365,521.606653621763,21.733610567573464,1.0,0.0,0.0,0.16137848390494594,83.72983265813657,0.96,540.4597538351632,518.8413636817567,21.618390153406494,0.0,0.0,0.0,0.271,0.0,0.96,0.0,0.0,-0.0,,,,325.8154547489337,1040.4480173035197,950.4480173035196,89.99999999999761,1040.4480173035172,2.5011104298755527e-12,1.0,0.0,0.0,0.34291547752774765,163.03848389325725,0.9135360333715008,520.4480173035197,475.4480173035196,45.000000000000114,1.0,0.0,0.0,0.34268835969616085,162.7769708556764,0.9134615384615429,519.9999999999975,475.0,44.9999999999975,0.0,0.0,0.0,0.08724817754776787,0.0,0.8800000000000001,0.0,0.0,0.0,0.0,0.0,0.0,0.08724817754776787,0.0,0.8800000000000001,0.0,0.0,0.0,1.0,,,0.101,95.99524974765548,950.4480173035196,950.4480173035196,0.0,29.463888536409108,0.0,,,133.35200072098007,-1.4210854715202004e-14,57.34136031002143,2.0,589.6069884719647,0.0,0.0,0.0,89.89148146243573
20,1,21,0.15246,0.0,589.6069884830063,,,,0,0.0,1,1083.8000180244996,1083.8000180244996,-0.0,173.40800288391995,35.98216059841339,0.0,,,167.79628397537533,1083.8000180244996,1040.4480173035197,43.35200072097996,1083.8000180244996,0.0,1.0,0.0,0.0,0.16116828789189208,84.06645131723874,0.96,543.3402641893365,521.606653621763,21.733610567573464,1.0,0.0,0.0,0.16137848390494594,83.72983265813657,0.96,540.4597538351632,518.8413636817567,21.618390153406494,0.0,0.0,0.0,0.271,0.0,0.96,0.0,0.0,-0.0,,,,325.8154547580682,1040.4480173035197,950.4480173224035,89.9999999811161,1040.4480173035197,-0.0,1.0,0.0,0.0,0.3429154775333396,163.03848390239156,0.9135360334077849,520.4480173035197,475.4480173224036,44.999999981116105,1.0,0.0,0.0,0.34268835969616135,162.77697085567664,0.9134615384615384,520.0,475.0,45.0,0.0,0.0,0.0,0.08724817754776787,0.0,0.8800000000000001,0.0,0.0,0.0,0.0,0.0,0.0,0.08724817754776787,0.0,0.8800000000000001,0.0,0.0,0.0,1.0,,,0.101,95.99524974956276,950.4480173224035,950.4480173224035,0.0,29.46388853699451,0.0,,,133.35200070209606,-2.842170943040401e-14,57.341360301901304,2.0,589.6069884830063,0.0,0.0,0.0,89.89148146411914
21,1,22,0.15246,0.0,589.6069884719645,,,,0,0.0,1,1083.8000180244996,1083.8000180244996,-0.0,173.40800288391995,35.98216059841339,0.0,,,167.7962839753754,1083.8000180244996,1040.4480173035197,43.35200072097996,1083.8000180244996,0.0,1.0,0.0,0.0,0.16116828789189208,84.06645131723874,0.96,543.3402641893365,521.606653621763,21.733610567573464,1.0,0.0,0.0,0.16137848390494594,83.72983265813657,0.96,540.4597538351632,518.8413636817567,21.618390153406494,0.0,0.0,0.0,0.271,0.0,0.96,0.0,0.0,-0.0,,,,325.8154547489337,1040.4480173035197,950.4480173035196,89.99999999999761,1040.4480173035172,2.5011104298755527e-12,1.0,0.0,0.0,0.34291547752774765,163.03848389325725,0.9135360333715008,520.4480173035197,475.4480173035196,45.000000000000114,1.0,0.0,0.0,0.34268835969616085,162.7769708556764,0.9134615384615429,519.9999999999975,475.0,44.9999999999975,0.0,0.0,0.0,0.08724817754776787,0.0,0.8800000000000001,0.0,0.0,0.0,0.0,0.0,0.0,0.08724817754776787,0.0,0.8800000000000001,0.0,0.0,0.0,1.0,,,0.101,95.99524974765548,950.4480173035196,950.4480173035196,0.0,29.463888536409108,0.0,,,133.35200072098007,-1.4210854715202004e-14,57.34136031002143,2.0,589.6069884719645,0.0,0.0,0.0,89.89148146243572
22,1,23,0.1016,0.0,1352.9139962060613,,,,0,0.0,1,2383.7807029898104,2383.7807029898104,-0.0,381.4049124783697,79.1415193392617,0.0,,,361.98779909119867,2383.7807029898104,2288.4294748702177,95.35122811959252,2383.7807029898104,0.0,1.0,0.0,0.0,0.15871076606146722,122.91739530630434,0.96,806.7439696843169,774.4742108969442,32.269758787372666,1.0,0.0,0.0,0.15871076606146714,122.91739530630397,0.96,806.743969684315,774.4742108969423,32.269758787372666,1.0,1.0,0.0,0.15707367754099827,116.15300847858944,0.96,770.2927636211782,739.481053076331,30.811710544847188,,,,777.9748201529706,2288.4294748702177,2108.429474870218,179.99999999999955,2288.4294748702177,-0.0,1.0,0.0,0.0,0.36898308879923775,194.49370503824113,0.9213434357594927,572.1073687175519,527.1073687175523,44.99999999999966,1.0,0.0,0.0,0.36898308879923913,194.49370503824284,0.9213434357594926,572.1073687175549,527.1073687175549,45.0,1.0,1.0,0.0,0.36898308879923947,194.49370503824323,0.9213434357594927,572.1073687175555,527.1073687175555,45.0,1.0,1.0,0.0,0.3689830887992395,194.49370503824335,0.9213434357594928,572.1073687175556,527.1073687175557,44.999999999999886,1.0,,,0.101,212.95137696189204,2108.429474870218,2108.429474870218,0.0,65.36131372097677,0.0,,,275.35122811959207,0.0,118.40102809142459,4.0,1352.9139962060613,0.0,-0.0,0.0,137.45606201453583
23,1,24,0.1016,0.0,1352.9139962060613,,,,0,0.0,1,2383.7807029898104,2383.7807029898104,-0.0,381.4049124783697,79.1415193392617,0.0,,,361.98779909119867,2383.7807029898104,2288.4294748702177,95.35122811959252,2383.7807029898104,0.0,1.0,0.0,0.0,0.15871076606146722,122.91739530630434,0.96,806.7439696843169,774.4742108969442,32.269758787372666,1.0,0.0,0.0,0.15871076606146714,122.91739530630397,0.96,806.743969684315,774.4742108969423,32.269758787372666,1.0,0.0,0.0,0.15707367754099827,116.15300847858944,0.96,770.2927636211782,739.481053076331,30.811710544847188,,,,777.9748201529706,2288.4294748702177,2108.429474870218,179.99999999999955,2288.4294748702177,-0.0,1.0,0.0,0.0,0.36898308879923775,194.49370503824113,0.9213434357594927,572.1073687175519,527.1073687175523,44.99999999999966,1.0,0.0,0.0,0.36898308879923913,194.49370503824284,0.9213434357594926,572.1073687175549,527.1073687175549,45.0,1.0,0.0,0.0,0.36898308879923947,194.49370503824323,0.9213434357594927,572.1073687175555,527.1073687175555,45.0,1.0,0.0,0.0,0.3689830887992395,194.49370503824335,0.9213434357594928,572.1073687175556,527.1073687175557,44.999999999999886,1.0,,,0.101,212.95137696189204,2108.429474870218,2108.429474870218,0.0,65.36131372097677,0.0,,,275.35122811959207,0.0,118.40102809142459,4.0,1352.9139962060613,0.0,-0.0,0.0,137.45606201453583
24,1,25,0.1016,0.0,1352.9139962060613,,,,0,0.0,1,2383.7807029898104,2383.7807029898104,-0.0,381.4049124783697,79.1415193392617,0.0,,,361.98779909119867,2383.7807029898104,2288.4294748702177,95.35122811959252,2383.7807029898104,0.0,1.0,0.0,0.0,0.15871076606146722,122.91739530630434,0.96,806.7439696843169,774.4742108969442,32.269758787372666,1.0,0.0,0.0,0.15871076606146714,122.91739530630397,0.96,806.743969684315,774.4742108969423,32.269758787372666,1.0,0.0,0.0,0.15707367754099827,116.15300847858944,0.96,770.2927636211782,739.481053076331,30.811710544847188,,,,777.9748201529706,2288.4294748702177,2108.429474870218,179.99999999999955,2288.4294748702177,-0.0,1.0,0.0,0.0,0.36898308879923775,194.49370503824113,0.9213434357594927,572.1073687175519,527.1073687175523,44.99999999999966,1.0,0.0,0.0,0.36898308879923913,194.49370503824284,0.9213434357594926,572.1073687175549,527.1073687175549,45.0,1.0,0.0,0.0,0.36898308879923947,194.49370503824323,0.9213434357594927,572.1073687175555,527.1073687175555,45.0,1.0,0.0,0.0,0.3689830887992395,194.49370503824335,0.9213434357594928,572.1073687175556,527.1073687175557,44.999999999999886,1.0,,,0.101,212.95137696189204,2108.429474870218,2108.429474870218,0.0,65.36131372097677,0.0,,,275.35122811959207,0.0,118.40102809142459,4.0,1352.9139962060613,0.0,-0.0,0.0,137.45606201453583
25,1,26,0.1016,0.0,1352.9139962060613,,,,0,0.0,1,2383.7807029898104,2383.7807029898104,-0.0,381.4049124783697,79.1415193392617,0.0,,,361.98779909119867,2383.7807029898104,2288.4294748702177,95.35122811959252,2383.7807029898104,0.0,1.0,0.0,0.0,0.15871076606146722,122.91739530630434,0.96,806.7439696843169,774.4742108969442,32.269758787372666,1.0,0.0,0.0,0.15871076606146714,122.91739530630397,0.96,806.743969684315,774.4742108969423,32.269758787372666,1.0,0.0,0.0,0.15707367754099827,116.15300847858944,0.96,770.2927636211782,739.481053076331,30.811710544847188,,,,777.9748201529706,2288.4294748702177,2108.429474870218,179.99999999999955,2288.4294748702177,-0.0,1.0,0.0,0.0,0.36898308879923775,194.49370503824113,0.9213434357594927,572.1073687175519,527.1073687175523,44.99999999999966,1.0,0.0,0.0,0.36898308879923913,194.49370503824284,0.9213434357594926,572.1073687175549,527.1073687175549,45.0,1.0,0.0,0.0,0.36898308879923947,194.49370503824323,0.9213434357594927,572.1073687175555,527.1073687175555,45.0,1.0,0.0,0.0,0.3689830887992395,194.49370503824335,0.9213434357594928,572.1073687175556,527.1073687175557,44.999999999999886,1.0,,,0.101,212.95137696189204,2108.429474870218,2108.429474870218,0.0,65.36131372097677,0.0,,,275.35122811959207,0.0,118.40102809142459,4.0,1352.9139962060613,0.0,-0.0,0.0,137.45606201453583
26,1,27,0.1016,0.0,1352.9139962060613,,,,0,0.0,1,2383.7807029898104,2383.7807029898104,-0.0,381.4049124783697,79.1415193392617,0.0,,,361.98779909119867,2383.7807029898104,2288.4294748702177,95.35122811959252,2383.7807029898104,0.0,1.0,0.0,0.0,0.15871076606146722,122.91739530630434,0.96,806.7439696843169,774.4742108969442,32.269758787372666,1.0,0.0,0.0,0.15871076606146714,122.91739530630397,0.96,806.743969684315,774.4742108969423,32.269758787372666,1.0,0.0,0.0,0.15707367754099827,116.15300847858944,0.96,770.2927636211782,739.481053076331,30.811710544847188,,,,777.9748201529706,2288.4294748702177,2108.429474870218,179.99999999999955,2288.4294748702177,-0.0,1.0,0.0,0.0,0.36898308879923775,194.49370503824113,0.9213434357594927,572.1073687175519,527.1073687175523,44.99999999999966,1.0,0.0,0.0,0.36898308879923913,194.49370503824284,0.9213434357594926,572.1073687175549,527.1073687175549,45.0,1.0,0.0,0.0,0.36898308879923947,194.49370503824323,0.9213434357594927,572.1073687175555,527.1073687175555,45.0,1.0,0.0,0.0,0.3689830887992395,194.49370503824335,0.9213434357594928,572.1073687175556,527.1073687175557,44.999999999999886,1.0,,,0.101,212.95137696189204,2108.429474870218,2108.429474870218,0.0,65.36131372097677,0.0,,,275.35122811959207,0.0,118.40102809142459,4.0,1352.9139962060613,0.0,-0.0,0.0,137.45606201453583
27,1,28,0.1016,0.0,1352.9139962060294,,,,0,0.0,1,2383.7807029898104,2383.7807029898104,-0.0,381.4049124783697,79.1415193392617,0.0,,,361.98779909119867,2383.7807029898104,2288.4294748702177,95.35122811959252,2383.7807029898104,0.0,1.0,0.0,0.0,0.15871076606146722,122.91739530630434,0.96,806.7439696843169,774.4742108969442,32.269758787372666,1.0,0.0,0.0,0.15871076606146714,122.91739530630397,0.96,806.743969684315,774.4742108969423,32.269758787372666,1.0,0.0,0.0,0.15707367754099827,116.15300847858944,0.96,770.2927636211782,739.481053076331,30.811710544847188,,,,777.9748201529455,2288.4294748702177,2108.429474870152,180.0000000001387,2288.4294748702905,-7.275957614183426e-11,1.0,0.0,0.0,0.3689830887992288,194.49370503822414,0.9213434357594346,572.1073687175519,527.107368717519,45.00000000003297,1.0,0.0,0.0,0.3689830887992302,194.49370503822584,0.9213434357594344,572.1073687175549,527.1073687175216,45.00000000003331,1.0,0.0,0.0,0.3689830887992479,194.49370503824767,0.9213434357594343,572.1073687175917,527.1073687175555,45.000000000036266,1.0,0.0,0.0,0.368983088799248,194.4937050382478,0.9213434357594346,572.1073687175918,527.1073687175557,45.00000000003615,1.0,,,0.101,212.95137696188536,2108.429474870152,2108.429474870152,0.0,65.3613137209747,0.0,,,275.35122811965846,-1.4210854715202004e-13,118.40102809145314,4.0,1352.9139962060294,0.0,-0.0,0.0,137.4560620145326
28,1,29,0.1016,0.0,1352.9139962060613,,,,0,0.0,1,2383.7807029898104,2383.7807029898104,-0.0,381.4049124783697,79.1415193392617,0.0,,,361.9877990911988,2383.7807029898104,2288.4294748702177,95.35122811959252,2383.7807029898104,0.0,1.0,0.0,0.0,0.15871076606146722,122.91739530630434,0.96,806.7439696843169,774.4742108969442,32.269758787372666,1.0,0.0,0.0,0.15871076606146714,122.91739530630397,0.96,806.743969684315,774.4742108969423,32.269758787372666,1.0,0.0,0.0,0.15707367754099827,116.15300847858944,0.96,770.2927636211782,739.481053076331,30.811710544847188,,,,777.9748201529706,2288.4294748702177,2108.429474870218,179.99999999999955,2288.4294748702177,-0.0,1.0,0.0,0.0,0.36898308879923775,194.49370503824113,0.9213434357594927,572.1073687175519,527.1073687175523,44.99999999999966,1.0,0.0,0.0,0.36898308879923913,194.49370503824284,0.9213434357594926,572.1073687175549,527.1073687175549,45.0,1.0,0.0,0.0,0.36898308879923947,194.49370503824323,0.9213434357594927,572.1073687175555,527.1073687175555,45.0,1.0,0.0,0.0,0.3689830887992395,194.49370503824335,0.9213434357594928,572.1073687175556,527.1073687175557,44.999999999999886,1.0,,,0.101,212.95137696189204,2108.429474870218,2108.429474870218,0.0,65.36131372097677,0.0,,,275.35122811959207,-1.1368683772161603e-13,118.40102809142459,4.0,1352.9139962060613,0.0,-0.0,0.0,137.45606201453583
29,1,30,0.1016,0.0,1352.9139962060613,,,,0,0.0,1,2383.7807029898104,2383.7807029898104,-0.0,381.4049124783697,79.1415193392617,0.0,,,361.98779909119867,2383.7807029898104,2288.4294748702177,95.35122811959252,2383.7807029898104,0.0,1.0,0.0,0.0,0.15871076606146722,122.91739530630434,0.96,806.7439696843169,774.4742108969442,32.269758787372666,1.0,0.0,0.0,0.15871076606146714,122.91739530630397,0.96,806.743969684315,774.4742108969423,32.269758787372666,1.0,0.0,0.0,0.15707367754099827,116.15300847858944,0.96,770.2927636211782,739.481053076331,30.811710544847188,,,,777.9748201529706,2288.4294748702177,2108.429474870218,179.99999999999955,2288.4294748702177,-0.0,1.0,0.0,0.0,0.36898308879923775,194.49370503824113,0.9213434357594927,572.1073687175519,527.1073687175523,44.99999999999966,1.0,0.0,0.0,0.36898308879923913,194.49370503824284,0.9213434357594926,572.1073687175549,527.1073687175549,45.0,1.0,0.0,0.0,0.36898308879923947,194.49370503824323,0.9213434357594927,572.1073687175555,527.1073687175555,45.0,1.0,0.0,0.0,0.3689830887992395,194.49370503824335,0.9213434357594928,572.1073687175556,527.1073687175557,44.999999999999886,1.0,,,0.101,212.95137696189204,2108.429474870218,2108.429474870218,0.0,65.36131372097677,0.0,,,275.35122811959207,0.0,118.40102809142459,4.0,1352.9139962060613,0.0,-0.0,0.0,137.45606201453583
30,1,31,0.1016,0.0,1352.9139962060613,,,,0,0.0,1,2383.7807029898104,2383.7807029898104,-0.0,381.4049124783697,79.1415193392617,0.0,,,361.98779909119867,2383.7807029898104,2288.4294748702177,95.35122811959252,2383.7807029898104,0.0,1.0,0.0,0.0,0.15871076606146722,122.91739530630434,0.96,806.7439696843169,774.4742108969442,32.269758787372666,1.0,0.0,0.0,0.15871076606146714,122.91739530630397,0.96,806.743969684315,774.4742108969423,32.269758787372666,1.0,0.0,0.0,0.15707367754099827,116.15300847858944,0.96,770.2927636211782,739.481053076331,30.811710544847188,,,,777.9748201529706,2288.4294748702177,2108.429474870218,179.99999999999955,2288.4294748702177,-0.0,1.0,0.0,0.0,0.36898308879923775,194.49370503824113,0.9213434357594927,572.1073687175519,527.1073687175523,44.99999999999966,1.0,0.0,0.0,0.36898308879923913,194.49370503824284,0.9213434357594926,572.1073687175549,527.1073687175549,45.0,1.0,0.0,0.0,0.36898308879923947,194.49370503824323,0.9213434357594927,572.1073687175555,527.1073687175555,45.0,1.0,0.0,0.0,0.3689830887992395,194.49370503824335,0.9213434357594928,572.1073687175556,527.1073687175557,44.999999999999886,1.0,,,0.101,212.95137696189204,2108.429474870218,2108.429474870218,0.0,65.36131372097677,0.0,,,275.35122811959207,0.0,118.40102809142459,4.0,1352.9139962060613,0.0,-0.0,0.0,137.45606201453583
31,1,32,0.1016,0.0,1352.9139962060613,,,,0,0.0,1,2383.7807029898104,2383.7807029898104,-0.0,381.4049124783697,79.1415193392617,0.0,,,361.9877990911988,2383.7807029898104,2288.4294748702177,95.35122811959252,2383.7807029898104,0.0,1.0,0.0,0.0,0.15871076606146722,122.91739530630434,0.96,806.7439696843169,774.4742108969442,32.269758787372666,1.0,0.0,0.0,0.15871076606146714,122.91739530630397,0.96,806.743969684315,774.4742108969423,32.269758787372666,1.0,0.0,0.0,0.15707367754099827,116.15300847858944,0.96,770.2927636211782,739.481053076331,30.811710544847188,,,,777.9748201529706,2288.4294748702177,2108.429474870218,179.99999999999955,2288.4294748702177,-0.0,1.0,0.0,0.0,0.36898308879923775,194.49370503824113,0.9213434357594927,572.1073687175519,527.1073687175523,44.99999999999966,1.0,0.0,0.0,0.36898308879923913,194.49370503824284,0.9213434357594926,572.1073687175549,527.1073687175549,45.0,1.0,0.0,0.0,0.36898308879923947,194.49370503824323,0.9213434357594927,572.1073687175555,527.1073687175555,45.0,1.0,0.0,0.0,0.3689830887992395,194.49370503824335,0.9213434357594928,572.1073687175556,527.1073687175557,44.999999999999886,1.0,,,0.101,212.95137696189204,2108.429474870218,2108.429474870218,0.0,65.36131372097677,0.0,,,275.35122811959207,-1.1368683772161603e-13,118.40102809142459,4.0,1352.9139962060613,0.0,-0.0,0.0,137.45606201453583
32,1,33,0.1016,0.0,1352.9139962060613,,,,0,0.0,1,2383.7807029898104,2383.7807029898104,-0.0,381.4049124783697,79.1415193392617,0.0,,,361.98779909119867,2383.7807029898104,2288.4294748702177,95.35122811959252,2383.7807029898104,0.0,1.0,0.0,0.0,0.15871076606146722,122.91739530630434,0.96,806.7439696843169,774.4742108969442,32.269758787372666,1.0,0.0,0.0,0.15871076606146714,122.91739530630397,0.96,806.743969684315,774.4742108969423,32.269758787372666,1.0,0.0,0.0,0.15707367754099827,116.15300847858944,0.96,770.2927636211782,739.481053076331,30.811710544847188,,,,777.9748201529706,2288.4294748702177,2108.429474870218,179.99999999999955,2288.4294748702177,-0.0,1.0,0.0,0.0,0.36898308879923775,194.49370503824113,0.9213434357594927,572.1073687175519,527.1073687175523,44.99999999999966,1.0,0.0,0.0,0.36898308879923913,194.49370503824284,0.9213434357594926,572.1073687175549,527.1073687175549,45.0,1.0,0.0,0.0,0.36898308879923947,194.49370503824323,0.9213434357594927,572.1073687175555,527.1073687175555,45.0,1.0,0.0,0.0,0.3689830887992395,194.49370503824335,0.9213434357594928,572.1073687175556,527.1073687175557,44.999999999999886,1.0,,,0.101,212.95137696189204,2108.429474870218,2108.429474870218,0.0,65.36131372097677,0.0,,,275.35122811959207,0.0,118.40102809142459,4.0,1352.9139962060613,0.0,-0.0,0.0,137.45606201453583
33,1,34,0.1016,0.0,1352.9139962060613,,,,0,0.0,1,2383.7807029898104,2383.7807029898104,-0.0,381.4049124783697,79.1415193392617,0.0,,,361.98779909119867,2383.7807029898104,2288.4294748702177,95.35122811959252,2383.7807029898104,0.0,1.0,0.0,0.0,0.15871076606146722,122.91739530630434,0.96,806.7439696843169,774.4742108969442,32.269758787372666,1.0,0.0,0.0,0.15871076606146714,122.91739530630397,0.96,806.743969684315,774.4742108969423,32.269758787372666,1.0,0.0,0.0,0.15707367754099827,116.15300847858944,0.96,770.2927636211782,739.481053076331,30.811710544847188,,,,777.9748201529706,2288.4294748702177,2108.429474870218,179.99999999999955,2288.4294748702177,-0.0,1.0,0.0,0.0,0.36898308879923775,194.49370503824113,0.9213434357594927,572.1073687175519,527.1073687175523,44.99999999999966,1.0,0.0,0.0,0.36898308879923913,194.49370503824284,0.9213434357594926,572.1073687175549,527.1073687175549,45.0,1.0,0.0,0.0,0.36898308879923947,194.49370503824323,0.9213434357594927,572.1073687175555,527.1073687175555,45.0,1.0,0.0,0.0,0.3689830887992395,194.49370503824335,0.9213434357594928,572.1073687175556,527.1073687175557,44.999999999999886,1.0,,,0.101,212.95137696189204,2108.429474870218,2108.429474870218,0.0,65.36131372097677,0.0,,,275.35122811959207,0.0,118.40102809142459,4.0,1352.9139962060613,0.0,-0.0,0.0,137.45606201453583
34,1,35,0.1016,0.0,1352.9139962060613,,,,0,0.0,1,2383.7807029898104,2383.7807029898104,-0.0,381.4049124783697,79.1415193392617,0.0,,,361.98779909119867,2383.7807029898104,2288.4294748702177,95.35122811959252,2383.7807029898104,0.0,1.0,0.0,0.0,0.15871076606146722,122.91739530630434,0.96,806.7439696843169,774.4742108969442,32.269758787372666,1.0,0.0,0.0,0.15871076606146714,122.91739530630397,0.96,806.743969684315,774.4742108969423,32.269758787372666,1.0,0.0,0.0,0.15707367754099827,116.15300847858944,0.96,770.2927636211782,739.481053076331,30.811710544847188,,,,777.9748201529706,2288.4294748702177,2108.429474870218,179.99999999999955,2288.4294748702177,-0.0,1.0,0.0,0.0,0.36898308879923775,194.49370503824113,0.9213434357594927,572.1073687175519,527.1073687175523,44.99999999999966,1.0,0.0,0.0,0.36898308879923913,194.49370503824284,0.9213434357594926,572.1073687175549,527.1073687175549,45.0,1.0,0.0,0.0,0.36898308879923947,194.49370503824323,0.9213434357594927,572.1073687175555,527.1073687175555,45.0,1.0,0.0,0.0,0.3689830887992395,194.49370503824335,0.9213434357594928,572.1073687175556,527.1073687175557,44.999999999999886,1.0,,,0.101,212.95137696189204,2108.429474870218,2108.429474870218,0.0,65.36131372097677,0.0,,,275.35122811959207,0.0,118.40102809142459,4.0,1352.9139962060613,0.0,-0.0,0.0,137.45606201453583
35,1,36,0.1016,0.0,1352.913996205732,,,,0,0.0,1,2383.7807029898104,2383.7807029898104,-0.0,381.4049124783697,79.1415193392617,0.0,,,361.98779909119844,2383.7807029898104,2288.4294748702177,95.35122811959252,2383.7807029898104,0.0,1.0,0.0,0.0,0.15871076606146722,122.91739530630434,0.96,806.7439696843169,774.4742108969442,32.269758787372666,1.0,0.0,0.0,0.15871076606146714,122.91739530630397,0.96,806.743969684315,774.4742108969423,32.269758787372666,1.0,0.0,0.0,0.15707367754099827,116.15300847858944,0.96,770.2927636211782,739.481053076331,30.811710544847188,,,,777.9748201526958,2288.4294748702177,2108.4294748696807,180.00000000053717,2288.4294748702177,-0.0,1.0,0.0,0.0,0.3689830887990929,194.49370503796644,0.921343435758553,572.1073687175519,527.1073687170147,45.000000000537284,1.0,0.0,0.0,0.36898308879923913,194.49370503824284,0.9213434357594926,572.1073687175549,527.1073687175549,45.0,1.0,0.0,0.0,0.36898308879923947,194.49370503824323,0.9213434357594927,572.1073687175555,527.1073687175555,45.0,1.0,0.0,0.0,0.3689830887992395,194.49370503824335,0.9213434357594928,572.1073687175556,527.1073687175557,44.999999999999886,1.0,,,0.101,212.95137696183775,2108.4294748696807,2108.4294748696807,0.0,65.3613137209601,0.0,,,275.3512281201297,5.684341886080802e-14,118.40102809165576,4.0,1352.9139962057318,0.0,-0.0,0.0,137.45606201450238
36,1,37,0.1016,0.0,1352.9139962060613,,,,0,0.0,1,2383.7807029898104,2383.7807029898104,-0.0,381.4049124783697,79.1415193392617,0.0,,,361.9877990911988,2383.7807029898104,2288.4294748702177,95.35122811959252,2383.7807029898104,0.0,1.0,0.0,0.0,0.15871076606146722,122.91739530630434,0.96,806.7439696843169,774.4742108969442,32.269758787372666,1.0,0.0,0.0,0.15871076606146714,122.91739530630397,0.96,806.743969684315,774.4742108969423,32.269758787372666,1.0,0.0,0.0,0.15707367754099827,116.15300847858944,0.96,770.2927636211782,739.481053076331,30.811710544847188,,,,777.9748201529706,2288.4294748702177,2108.429474870218,179.99999999999955,2288.4294748702177,-0.0,1.0,0.0,0.0,0.36898308879923775,194.49370503824113,0.9213434357594927,572.1073687175519,527.1073687175523,44.99999999999966,1.0,0.0,0.0,0.36898308879923913,194.49370503824284,0.9213434357594926,572.1073687175549,527.1073687175549,45.0,1.0,0.0,0.0,0.36898308879923947,194.49370503824323,0.9213434357594927,572.1073687175555,527.1073687175555,45.0,1.0,0.0,0.0,0.3689830887992395,194.49370503824335,0.9213434357594928,572.1073687175556,527.1073687175557,44.999999999999886,1.0,,,0.101,212.95137696189204,2108.429474870218,2108.429474870218,0.0,65.36131372097677,0.0,,,275.35122811959207,-1.1368683772161603e-13,118.40102809142459,4.0,1352.9139962060613,0.0,-0.0,0.0,137.45606201453583
37,1,38,0.1016,0.0,1352.9139962060613,,,,0,0.0,1,2383.7807029898104,2383.7807029898104,-0.0,381.4049124783697,79.1415193392617,0.0,,,361.9877990911988,2383.7807029898104,2288.4294748702177,95.35122811959252,2383.7807029898104,0.0,1.0,0.0,0.0,0.15871076606146722,122.91739530630434,0.96,806.7439696843169,774.4742108969442,32.269758787372666,1.0,0.0,0.0,0.15871076606146714,122.91739530630397,0.96,806.743969684315,774.4742108969423,32.269758787372666,1.0,0.0,0.0,0.15707367754099827,116.15300847858944,0.96,770.2927636211782,739.481053076331,30.811710544847188,,,,777.9748201529706,2288.4294748702177,2108.429474870218,179.99999999999955,2288.4294748702177,-0.0,1.0,0.0,0.0,0.36898308879923775,194.49370503824113,0.9213434357594927,572.1073687175519,527.1073687175523,44.99999999999966,1.0,0.0,0.0,0.36898308879923913,194.49370503824284,0.9213434357594926,572.1073687175549,527.1073687175549,45.0,1.0,0.0,0.0,0.36898308879923947,194.49370503824323,0.9213434357594927,572.1073687175555,527.1073687175555,45.0,1.0,0.0,0.0,0.3689830887992395,194.49370503824335,0.9213434357594928,572.1073687175556,527.1073687175557,44.999999999999886,1.0,,,0.101,212.95137696189204,2108.429474870218,2108.429474870218,0.0,65.36131372097677,0.0,,,275.35122811959207,-1.1368683772161603e-13,118.40102809142459,4.0,1352.9139962060613,0.0,-0.0,0.0,137.45606201453583
38,1,39,0.1016,0.0,1352.9139962060613,,,,0,0.0,1,2383.7807029898104,2383.7807029898104,-0.0,381.4049124783697,79.1415193392617,0.0,,,361.9877990911988,2383.7807029898104,2288.4294748702177,95.35122811959252,2383.7807029898104,0.0,1.0,0.0,0.0,0.15871076606146722,122.91739530630434,0.96,806.7439696843169,774.4742108969442,32.269758787372666,1.0,0.0,0.0,0.15871076606146714,122.91739530630397,0.96,806.743969684315,774.4742108969423,32.269758787372666,1.0,0.0,0.0,0.15707367754099827,116.15300847858944,0.96,770.2927636211782,739.481053076331,30.811710544847188,,,,777.9748201529706,2288.4294748702177,2108.429474870218,179.99999999999955,2288.4294748702177,-0.0,1.0,0.0,0.0,0.36898308879923775,194.49370503824113,0.9213434357594927,572.1073687175519,527.1073687175523,44.99999999999966,1.0,0.0,0.0,0.36898308879923913,194.49370503824284,0.9213434357594926,572.1073687175549,527.1073687175549,45.0,1.0,0.0,0.0,0.36898308879923947,194.49370503824323,0.9213434357594927,572.1073687175555,527.1073687175555,45.0,1.0,0.0,0.0,0.3689830887992395,194.49370503824335,0.9213434357594928,572.1073687175556,527.1073687175557,44.999999999999886,1.0,,,0.101,212.95137696189204,2108.429474870218,2108.429474870218,0.0,65.36131372097677,0.0,,,275.35122811959207,-1.1368683772161603e-13,118.40102809142459,4.0,1352.9139962060613,0.0,-0.0,0.0,137.45606201453583
39,1,40,0.1016,0.0,1352.9139962060613,,,,0,0.0,1,2383.7807029898104,2383.7807029898104,-0.0,381.4049124783697,79.1415193392617,0.0,,,361.9877990911988,2383.7807029898104,2288.4294748702177,95.35122811959252,2383.7807029898104,0.0,1.0,0.0,0.0,0.15871076606146722,122.91739530630434,0.96,806.7439696843169,774.4742108969442,32.269758787372666,1.0,0.0,0.0,0.15871076606146714,122.91739530630397,0.96,806.743969684315,774.4742108969423,32.269758787372666,1.0,0.0,0.0,0.15707367754099827,116.15300847858944,0.96,770.2927636211782,739.481053076331,30.811710544847188,,,,777.9748201529706,2288.4294748702177,2108.429474870218,179.99999999999955,2288.4294748702177,-0.0,1.0,0.0,0.0,0.36898308879923775,194.49370503824113,0.9213434357594927,572.1073687175519,527.1073687175523,44.99999999999966,1.0,0.0,0.0,0.36898308879923913,194.49370503824284,0.9213434357594926,572.1073687175549,527.1073687175549,45.0,1.0,0.0,0.0,0.36898308879923947,194.49370503824323,0.9213434357594927,572.1073687175555,527.1073687175555,45.0,1.0,0.0,0.0,0.3689830887992395,194.49370503824335,0.9213434357594928,572.1073687175556,527.1073687175557,44.999999999999886,1.0,,,0.101,212.95137696189204,2108.429474870218,2108.429474870218,0.0,65.36131372097677,0.0,,,275.35122811959207,-1.1368683772161603e-13,118.40102809142459,4.0,1352.9139962060613,0.0,-0.0,0.0,137.45606201453583
40,1,41,0.1016,0.0,1352.9139962060613,,,,0,0.0,1,2383.7807029898104,2383.7807029898104,-0.0,381.4049124783697,79.1415193392617,0.0,,,361.98779909119867,2383.7807029898104,2288.4294748702177,95.35122811959252,2383.7807029898104,0.0,1.0,0.0,0.0,0.15871076606146722,122.91739530630434,0.96,806.7439696843169,774.4742108969442,32.269758787372666,1.0,0.0,0.0,0.15871076606146714,122.91739530630397,0.96,806.743969684315,774.4742108969423,32.269758787372666,1.0,0.0,0.0,0.15707367754099827,116.15300847858944,0.96,770.2927636211782,739.481053076331,30.811710544847188,,,,777.9748201529706,2288.4294748702177,2108.429474870218,179.99999999999955,2288.4294748702177,-0.0,1.0,0.0,0.0,0.36898308879923775,194.49370503824113,0.9213434357594927,572.1073687175519,527.1073687175523,44.99999999999966,1.0,0.0,0.0,0.36898308879923913,194.49370503824284,0.9213434357594926,572.1073687175549,527.1073687175549,45.0,1.0,0.0,0.0,0.36898308879923947,194.49370503824323,0.9213434357594927,572.1073687175555,527.1073687175555,45.0,1.0,0.0,0.0,0.3689830887992395,194.49370503824335,0.9213434357594928,572.1073687175556,527.1073687175557,44.999999999999886,1.0,,,0.101,212.95137696189204,2108.429474870218,2108.429474870218,0.0,65.36131372097677,0.0,,,275.35122811959207,0.0,118.40102809142459,4.0,1352.9139962060613,0.0,-0.0,0.0,137.45606201453583
41,1,42,0.15246,0.0,0.0,,,,0,0.0,1,0.0,0.0,-0.0,0.0,0.0,0.0,,,0.0,0.0,0.0,0.0,0.0,0.0,0.0,0.0,1.0,0.271,0.0,0.96,0.0,0.0,-0.0,0.0,0.0,1.0,0.271,0.0,0.96,0.0,0.0,-0.0,0.0,0.0,1.0,0.271,0.0,0.96,0.0,0.0,-0.0,,,,0.0,0.0,0.0,0.0,0.0,0.0,0.0,0.0,1.0,0.08724817754776784,0.0,0.88,0.0,0.0,0.0,0.0,0.0,1.0,0.08724817754776787,0.0,0.8800000000000001,0.0,0.0,0.0,0.0,0.0,1.0,0.08724817754776787,0.0,0.8800000000000001,0.0,0.0,0.0,0.0,0.0,1.0,0.08724817754776787,0.0,0.8800000000000001,0.0,0.0,0.0,1.0,,,0.101,0.0,0.0,-0.0,0.0,0.0,0.0,,,0.0,0.0,0.0,0.0,0.0,-0.0,2204.0,0.0,0.0
42,1,43,0.15246,0.0,0.0,,,,0,0.0,1,0.0,0.0,-0.0,0.0,0.0,0.0,,,0.0,0.0,0.0,0.0,0.0,0.0,0.0,0.0,0.0,0.271,0.0,0.96,0.0,0.0,-0.0,0.0,0.0,0.0,0.271,0.0,0.96,0.0,0.0,-0.0,0.0,0.0,0.0,0.271,0.0,0.96,0.0,0.0,-0.0,,,,0.0,0.0,0.0,0.0,0.0,0.0,0.0,0.0,0.0,0.08724817754776787,0.0,0.8800000000000001,0.0,0.0,0.0,0.0,0.0,0.0,0.08724817754776787,0.0,0.8800000000000001,0.0,0.0,0.0,0.0,0.0,0.0,0.08724817754776787,0.0,0.8800000000000001,0.0,0.0,0.0,0.0,0.0,0.0,0.08724817754776787,0.0,0.8800000000000001,0.0,0.0,0.0,1.0,,,0.101,0.0,0.0,-0.0,0.0,0.0,0.0,,,0.0,0.0,0.0,0.0,0.0,-0.0,2204.0,0.0,0.0
43,1,44,0.15246,0.0,0.0,,,,0,0.0,1,0.0,0.0,-0.0,0.0,0.0,0.0,,,0.0,0.0,0.0,0.0,0.0,0.0,0.0,0.0,0.0,0.271,0.0,0.96,0.0,0.0,-0.0,0.0,0.0,0.0,0.271,0.0,0.96,0.0,0.0,-0.0,0.0,0.0,0.0,0.271,0.0,0.96,0.0,0.0,-0.0,,,,0.0,0.0,0.0,0.0,0.0,0.0,0.0,0.0,0.0,0.08724817754776787,0.0,0.8800000000000001,0.0,0.0,0.0,0.0,0.0,0.0,0.08724817754776787,0.0,0.8800000000000001,0.0,0.0,0.0,0.0,0.0,0.0,0.08724817754776787,0.0,0.8800000000000001,0.0,0.0,0.0,0.0,0.0,0.0,0.08724817754776787,0.0,0.8800000000000001,0.0,0.0,0.0,1.0,,,0.101,0.0,0.0,-0.0,0.0,0.0,0.0,,,0.0,0.0,0.0,0.0,0.0,-0.0,2204.0,0.0,0.0
44,1,45,0.15246,0.0,0.0,,,,0,0.0,1,0.0,0.0,-0.0,0.0,0.0,0.0,,,0.0,0.0,0.0,0.0,0.0,0.0,0.0,0.0,0.0,0.271,0.0,0.96,0.0,0.0,-0.0,0.0,0.0,0.0,0.271,0.0,0.96,0.0,0.0,-0.0,0.0,0.0,0.0,0.271,0.0,0.96,0.0,0.0,-0.0,,,,0.0,0.0,0.0,0.0,0.0,0.0,0.0,0.0,0.0,0.08724817754776787,0.0,0.8800000000000001,0.0,0.0,0.0,0.0,0.0,0.0,0.08724817754776787,0.0,0.8800000000000001,0.0,0.0,0.0,0.0,0.0,0.0,0.08724817754776787,0.0,0.8800000000000001,0.0,0.0,0.0,0.0,0.0,0.0,0.08724817754776787,0.0,0.8800000000000001,0.0,0.0,0.0,1.0,,,0.101,0.0,0.0,-0.0,0.0,0.0,0.0,,,0.0,0.0,0.0,0.0,0.0,-0.0,2204.0,0.0,0.0
45,1,46,0.15246,0.0,0.0,,,,0,0.0,1,0.0,0.0,-0.0,0.0,0.0,0.0,,,0.0,0.0,0.0,0.0,0.0,0.0,0.0,0.0,0.0,0.271,0.0,0.96,0.0,0.0,-0.0,0.0,0.0,0.0,0.271,0.0,0.96,0.0,0.0,-0.0,0.0,0.0,0.0,0.271,0.0,0.96,0.0,0.0,-0.0,,,,0.0,0.0,0.0,0.0,0.0,0.0,0.0,0.0,0.0,0.08724817754776787,0.0,0.8800000000000001,0.0,0.0,0.0,0.0,0.0,0.0,0.08724817754776787,0.0,0.8800000000000001,0.0,0.0,0.0,0.0,0.0,0.0,0.08724817754776787,0.0,0.8800000000000001,0.0,0.0,0.0,0.0,0.0,0.0,0.08724817754776787,0.0,0.8800000000000001,0.0,0.0,0.0,1.0,,,0.101,0.0,0.0,-0.0,0.0,0.0,0.0,,,0.0,0.0,0.0,0.0,0.0,-0.0,2204.0,0.0,0.0
46,1,47,0.1016,0.0,569.0854513442457,,,,0,0.0,1,1083.3333333333333,1083.3333333333333,-0.0,173.33333333333331,35.96666666666666,0.0,,,167.7415277777784,1083.3333333333333,1040.0,43.33333333333326,1083.3333333333333,0.0,1.0,1.0,0.0,0.16128993055555546,83.87076388888885,0.96,541.6666666666666,520.0,21.66666666666663,1.0,1.0,0.0,0.16128993055555546,83.87076388888885,0.96,541.6666666666666,520.0,21.66666666666663,0.0,0.0,0.0,0.27099999999999996,0.0,0.96,0.0,0.0,-0.0,,,,308.9087235664673,1040.0,915.2,124.79999999999995,1040.0,-0.0,1.0,1.0,0.0,0.3375313850158078,154.45436178323365,0.88,520.0,457.6,62.39999999999998,1.0,1.0,0.0,0.3375313850158078,154.45436178323365,0.88,520.0,457.6,62.39999999999998,0.0,0.0,0.0,0.08724817754776787,0.0,0.8800000000000001,0.0,0.0,0.0,0.0,0.0,0.0,0.08724817754776787,0.0,0.8800000000000001,0.0,0.0,0.0,0.0,,,0.101,92.43520000000001,915.2,0.0,915.2,28.3712,1.0,,,1083.3333333333333,0.0,465.8333333333333,2.0,569.0854513442457,0.0,0.0,0.0,57.81908185657536
47,1,48,0.1016,0.0,569.0854513442457,,,,0,0.0,1,1083.3333333333333,1083.3333333333333,-0.0,173.33333333333331,35.96666666666666,0.0,,,167.7415277777784,1083.3333333333333,1040.0,43.33333333333326,1083.3333333333333,0.0,1.0,0.0,0.0,0.16128993055555546,83.87076388888885,0.96,541.6666666666666,520.0,21.66666666666663,1.0,0.0,0.0,0.16128993055555546,83.87076388888885,0.96,541.6666666666666,520.0,21.66666666666663,0.0,0.0,0.0,0.271,0.0,0.96,0.0,0.0,-0.0,,,,308.9087235664673,1040.0,915.2,124.79999999999995,1040.0,-0.0,1.0,0.0,0.0,0.3375313850158078,154.45436178323365,0.88,520.0,457.6,62.39999999999998,1.0,0.0,0.0,0.3375313850158078,154.45436178323365,0.88,520.0,457.6,62.39999999999998,0.0,0.0,0.0,0.08724817754776787,0.0,0.8800000000000001,0.0,0.0,0.0,0.0,0.0,0.0,0.08724817754776787,0.0,0.8800000000000001,0.0,0.0,0.0,0.0,,,0.101,92.43520000000001,915.2,0.0,915.2,28.3712,1.0,,,1083.3333333333333,0.0,465.8333333333333,2.0,569.0854513442457,0.0,0.0,0.0,57.81908185657536
48,1,49,0.1016,0.0,569.0854513442457,,,,0,0.0,1,1083.3333333333333,1083.3333333333333,-0.0,173.33333333333331,35.96666666666666,0.0,,,167.7415277777784,1083.3333333333333,1040.0,43.33333333333326,1083.3333333333333,0.0,1.0,0.0,0.0,0.16128993055555546,83.87076388888885,0.96,541.6666666666666,520.0,21.66666666666663,1.0,0.0,0.0,0.16128993055555546,83.87076388888885,0.96,541.6666666666666,520.0,21.66666666666663,0.0,0.0,0.0,0.271,0.0,0.96,0.0,0.0,-0.0,,,,308.9087235664673,1040.0,915.2,124.79999999999995,1040.0,-0.0,1.0,0.0,0.0,0.3375313850158078,154.45436178323365,0.88,520.0,457.6,62.39999999999998,1.0,0.0,0.0,0.3375313850158078,154.45436178323365,0.88,520.0,457.6,62.39999999999998,0.0,0.0,0.0,0.08724817754776787,0.0,0.8800000000000001,0.0,0.0,0.0,0.0,0.0,0.0,0.08724817754776787,0.0,0.8800000000000001,0.0,0.0,0.0,0.0,,,0.101,92.43520000000001,915.2,0.0,915.2,28.3712,1.0,,,1083.3333333333333,0.0,465.8333333333333,2.0,569.0854513442457,0.0,0.0,0.0,57.81908185657536
49,1,50,0.1016,0.0,1151.4464614365343,,,,0,0.0,1,1939.4531249999773,1939.4531249999773,-0.0,310.31249999999636,64.38984374999924,0.0,,,300.8369116775152,1939.4531249999773,1861.8749999999782,77.57812499999909,1939.4531249999773,0.0,1.0,0.0,0.0,0.161941151512992,133.09538389973676,0.96,856.119791666644,821.8749999999782,34.24479166666583,1.0,0.0,0.0,0.16128993055555546,83.87076388888885,0.96,541.6666666666666,520.0,21.66666666666663,1.0,1.0,0.0,0.16128993055555546,83.87076388888885,0.96,541.6666666666666,520.0,21.66666666666663,,,,676.6638778840182,1861.8749999999782,1722.234375000009,139.64062500000068,1861.87500000001,-3.183231456205249e-11,1.0,0.0,0.0,0.39289883404168546,225.55462596133657,0.925,620.6249999999989,574.078124999999,46.546874999999886,1.0,0.0,0.0,0.3928988340416877,225.55462596133944,0.925,620.6250000000033,574.0781250000031,46.54687500000023,1.0,1.0,0.0,0.3928988340416898,225.55462596134225,0.925,620.6250000000077,574.0781250000072,46.54687500000057,0.0,0.0,0.0,0.08724817754776787,0.0,0.8800000000000001,0.0,0.0,0.0,1.0,,,0.101,173.94567187500093,1722.234375000009,1722.234375000009,0.0,53.389265625000284,0.0,,,217.21874999996794,-1.1368683772161603e-13,93.40406249998621,3.0,1151.4464614365343,0.0,-0.0,0.0,116.98696048195188
50,1,51,0.1016,0.0,1151.4464614365347,,,,0,0.0,1,1939.4531249999773,1939.4531249999773,-0.0,310.31249999999636,64.38984374999924,0.0,,,300.83691167751545,1939.4531249999773,1861.8749999999782,77.57812499999909,1939.4531249999773,0.0,1.0,0.0,0.0,0.161941151512992,133.09538389973676,0.96,856.119791666644,821.8749999999782,34.24479166666583,1.0,0.0,0.0,0.16128993055555546,83.87076388888885,0.96,541.6666666666666,520.0,21.66666666666663,1.0,0.0,0.0,0.16128993055555546,83.87076388888885,0.96,541.6666666666666,520.0,21.66666666666663,,,,676.6638778840182,1861.8749999999782,1722.234375000009,139.64062500000068,1861.87500000001,-3.183231456205249e-11,1.0,0.0,0.0,0.39289883404168546,225.55462596133657,0.925,620.6249999999989,574.078124999999,46.546874999999886,1.0,0.0,0.0,0.3928988340416877,225.55462596133944,0.925,620.6250000000033,574.0781250000031,46.54687500000023,1.0,0.0,0.0,0.3928988340416898,225.55462596134225,0.925,620.6250000000077,574.0781250000072,46.54687500000057,0.0,0.0,0.0,0.08724817754776787,0.0,0.8800000000000001,0.0,0.0,0.0,1.0,,,0.101,173.94567187500093,1722.234375000009,1722.234375000009,0.0,53.389265625000284,0.0,,,217.21874999996794,1.1368683772161603e-13,93.40406249998621,3.0,1151.4464614365347,0.0,-0.0,0.0,116.98696048195193
51,1,52,0.1016,0.0,1151.4464614365343,,,,0,0.0,1,1939.4531249999773,1939.4531249999773,-0.0,310.31249999999636,64.38984374999924,0.0,,,300.8369116775152,1939.4531249999773,1861.8749999999782,77.57812499999909,1939.4531249999773,0.0,1.0,0.0,0.0,0.161941151512992,133.09538389973676,0.96,856.119791666644,821.8749999999782,34.24479166666583,1.0,0.0,0.0,0.16128993055555546,83.87076388888885,0.96,541.6666666666666,520.0,21.66666666666663,1.0,0.0,0.0,0.16128993055555546,83.87076388888885,0.96,541.6666666666666,520.0,21.66666666666663,,,,676.6638778840182,1861.8749999999782,1722.234375000009,139.64062500000068,1861.87500000001,-3.183231456205249e-11,1.0,0.0,0.0,0.39289883404168546,225.55462596133657,0.925,620.6249999999989,574.078124999999,46.546874999999886,1.0,0.0,0.0,0.3928988340416877,225.55462596133944,0.925,620.6250000000033,574.0781250000031,46.54687500000023,1.0,0.0,0.0,0.3928988340416898,225.55462596134225,0.925,620.6250000000077,574.0781250000072,46.54687500000057,0.0,0.0,0.0,0.08724817754776787,0.0,0.8800000000000001,0.0,0.0,0.0,1.0,,,0.101,173.94567187500093,1722.234375000009,1722.234375000009,0.0,53.389265625000284,0.0,,,217.21874999996794,-1.1368683772161603e-13,93.40406249998621,3.0,1151.4464614365343,0.0,-0.0,0.0,116.98696048195188
52,1,53,0.1016,0.0,1151.4464614365347,,,,0,0.0,1,1939.4531249999773,1939.4531249999773,-0.0,310.31249999999636,64.38984374999924,0.0,,,300.83691167751545,1939.4531249999773,1861.8749999999782,77.57812499999909,1939.4531249999773,0.0,1.0,0.0,0.0,0.161941151512992,133.09538389973676,0.96,856.119791666644,821.8749999999782,34.24479166666583,1.0,0.0,0.0,0.16128993055555546,83.87076388888885,0.96,541.6666666666666,520.0,21.66666666666663,1.0,0.0,0.0,0.16128993055555546,83.87076388888885,0.96,541.6666666666666,520.0,21.66666666666663,,,,676.6638778840182,1861.8749999999782,1722.234375000009,139.64062500000068,1861.87500000001,-3.183231456205249e-11,1.0,0.0,0.0,0.39289883404168546,225.55462596133657,0.925,620.6249999999989,574.078124999999,46.546874999999886,1.0,0.0,0.0,0.3928988340416877,225.55462596133944,0.925,620.6250000000033,574.0781250000031,46.54687500000023,1.0,0.0,0.0,0.3928988340416898,225.55462596134225,0.925,620.6250000000077,574.0781250000072,46.54687500000057,0.0,0.0,0.0,0.08724817754776787,0.0,0.8800000000000001,0.0,0.0,0.0,1.0,,,0.101,173.94567187500093,1722.234375000009,1722.234375000009,0.0,53.389265625000284,0.0,,,217.21874999996794,1.1368683772161603e-13,93.40406249998621,3.0,1151.4464614365347,0.0,-0.0,0.0,116.98696048195193
53,1,54,0.1016,0.0,1151.4464614365347,,,,0,0.0,1,1939.4531249999773,1939.4531249999773,-0.0,310.31249999999636,64.38984374999924,0.0,,,300.83691167751545,1939.4531249999773,1861.8749999999782,77.57812499999909,1939.4531249999773,0.0,1.0,0.0,0.0,0.161941151512992,133.09538389973676,0.96,856.119791666644,821.8749999999782,34.24479166666583,1.0,0.0,0.0,0.16128993055555546,83.87076388888885,0.96,541.6666666666666,520.0,21.66666666666663,1.0,0.0,0.0,0.16128993055555546,83.87076388888885,0.96,541.6666666666666,520.0,21.66666666666663,,,,676.6638778840182,1861.8749999999782,1722.234375000009,139.64062500000068,1861.87500000001,-3.183231456205249e-11,1.0,0.0,0.0,0.39289883404168546,225.55462596133657,0.925,620.6249999999989,574.078124999999,46.546874999999886,1.0,0.0,0.0,0.3928988340416877,225.55462596133944,0.925,620.6250000000033,574.0781250000031,46.54687500000023,1.0,0.0,0.0,0.3928988340416898,225.55462596134225,0.925,620.6250000000077,574.0781250000072,46.54687500000057,0.0,0.0,0.0,0.08724817754776787,0.0,0.8800000000000001,0.0,0.0,0.0,1.0,,,0.101,173.94567187500093,1722.234375000009,1722.234375000009,0.0,53.389265625000284,0.0,,,217.21874999996794,1.1368683772161603e-13,93.40406249998621,3.0,1151.4464614365347,0.0,-0.0,0.0,116.98696048195193
54,1,55,0.1016,0.0,1151.4464614365347,,,,0,0.0,1,1939.4531249999773,1939.4531249999773,-0.0,310.31249999999636,64.38984374999924,0.0,,,300.83691167751545,1939.4531249999773,1861.8749999999782,77.57812499999909,1939.4531249999773,0.0,1.0,0.0,0.0,0.161941151512992,133.09538389973676,0.96,856.119791666644,821.8749999999782,34.24479166666583,1.0,0.0,0.0,0.16128993055555546,83.87076388888885,0.96,541.6666666666666,520.0,21.66666666666663,1.0,0.0,0.0,0.16128993055555546,83.87076388888885,0.96,541.6666666666666,520.0,21.66666666666663,,,,676.6638778840182,1861.8749999999782,1722.234375000009,139.64062500000068,1861.87500000001,-3.183231456205249e-11,1.0,0.0,0.0,0.39289883404168546,225.55462596133657,0.925,620.6249999999989,574.078124999999,46.546874999999886,1.0,0.0,0.0,0.3928988340416877,225.55462596133944,0.925,620.6250000000033,574.0781250000031,46.54687500000023,1.0,0.0,0.0,0.3928988340416898,225.55462596134225,0.925,620.6250000000077,574.0781250000072,46.54687500000057,0.0,0.0,0.0,0.08724817754776787,0.0,0.8800000000000001,0.0,0.0,0.0,1.0,,,0.101,173.94567187500093,1722.234375000009,1722.234375000009,0.0,53.389265625000284,0.0,,,217.21874999996794,1.1368683772161603e-13,93.40406249998621,3.0,1151.4464614365347,0.0,-0.0,0.0,116.98696048195193
55,1,56,0.1016,0.0,1151.4464614365347,,,,0,0.0,1,1939.4531249999773,1939.4531249999773,-0.0,310.31249999999636,64.38984374999924,0.0,,,300.83691167751545,1939.4531249999773,1861.8749999999782,77.57812499999909,1939.4531249999773,0.0,1.0,0.0,0.0,0.161941151512992,133.09538389973676,0.96,856.119791666644,821.8749999999782,34.24479166666583,1.0,0.0,0.0,0.16128993055555546,83.87076388888885,0.96,541.6666666666666,520.0,21.66666666666663,1.0,0.0,0.0,0.16128993055555546,83.87076388888885,0.96,541.6666666666666,520.0,21.66666666666663,,,,676.6638778840182,1861.8749999999782,1722.234375000009,139.64062500000068,1861.87500000001,-3.183231456205249e-11,1.0,0.0,0.0,0.39289883404168546,225.55462596133657,0.925,620.6249999999989,574.078124999999,46.546874999999886,1.0,0.0,0.0,0.3928988340416877,225.55462596133944,0.925,620.6250000000033,574.0781250000031,46.54687500000023,1.0,0.0,0.0,0.3928988340416898,225.55462596134225,0.925,620.6250000000077,574.0781250000072,46.54687500000057,0.0,0.0,0.0,0.08724817754776787,0.0,0.8800000000000001,0.0,0.0,0.0,1.0,,,0.101,173.94567187500093,1722.234375000009,1722.234375000009,0.0,53.389265625000284,0.0,,,217.21874999996794,1.1368683772161603e-13,93.40406249998621,3.0,1151.4464614365347,0.0,-0.0,0.0,116.98696048195193
56,1,57,0.1016,0.0,1151.4464614365347,,,,0,0.0,1,1939.4531249999773,1939.4531249999773,-0.0,310.31249999999636,64.38984374999924,0.0,,,300.83691167751545,1939.4531249999773,1861.8749999999782,77.57812499999909,1939.4531249999773,0.0,1.0,0.0,0.0,0.161941151512992,133.09538389973676,0.96,856.119791666644,821.8749999999782,34.24479166666583,1.0,0.0,0.0,0.16128993055555546,83.87076388888885,0.96,541.6666666666666,520.0,21.66666666666663,1.0,0.0,0.0,0.16128993055555546,83.87076388888885,0.96,541.6666666666666,520.0,21.66666666666663,,,,676.6638778840182,1861.8749999999782,1722.234375000009,139.64062500000068,1861.87500000001,-3.183231456205249e-11,1.0,0.0,0.0,0.39289883404168546,225.55462596133657,0.925,620.6249999999989,574.078124999999,46.546874999999886,1.0,0.0,0.0,0.3928988340416877,225.55462596133944,0.925,620.6250000000033,574.0781250000031,46.54687500000023,1.0,0.0,0.0,0.3928988340416898,225.55462596134225,0.925,620.6250000000077,574.0781250000072,46.54687500000057,0.0,0.0,0.0,0.08724817754776787,0.0,0.8800000000000001,0.0,0.0,0.0,1.0,,,0.101,173.94567187500093,1722.234375000009,1722.234375000009,0.0,53.389265625000284,0.0,,,217.21874999996794,1.1368683772161603e-13,93.40406249998621,3.0,1151.4464614365347,0.0,-0.0,0.0,116.98696048195193
57,1,58,0.1016,0.0,1151.4464614365343,,,,0,0.0,1,1939.4531249999773,1939.4531249999773,-0.0,310.31249999999636,64.38984374999924,0.0,,,300.8369116775152,1939.4531249999773,1861.8749999999782,77.57812499999909,1939.4531249999773,0.0,1.0,0.0,0.0,0.161941151512992,133.09538389973676,0.96,856.119791666644,821.8749999999782,34.24479166666583,1.0,0.0,0.0,0.16128993055555546,83.87076388888885,0.96,541.6666666666666,520.0,21.66666666666663,1.0,0.0,0.0,0.16128993055555546,83.87076388888885,0.96,541.6666666666666,520.0,21.66666666666663,,,,676.6638778840182,1861.8749999999782,1722.234375000009,139.64062500000068,1861.87500000001,-3.183231456205249e-11,1.0,0.0,0.0,0.39289883404168546,225.55462596133657,0.925,620.6249999999989,574.078124999999,46.546874999999886,1.0,0.0,0.0,0.3928988340416877,225.55462596133944,0.925,620.6250000000033,574.0781250000031,46.54687500000023,1.0,0.0,0.0,0.3928988340416898,225.55462596134225,0.925,620.6250000000077,574.0781250000072,46.54687500000057,0.0,0.0,0.0,0.08724817754776787,0.0,0.8800000000000001,0.0,0.0,0.0,1.0,,,0.101,173.94567187500093,1722.234375000009,1722.234375000009,0.0,53.389265625000284,0.0,,,217.21874999996794,-1.1368683772161603e-13,93.40406249998621,3.0,1151.4464614365343,0.0,-0.0,0.0,116.98696048195188
58,1,59,0.1016,0.0,1151.4464614365347,,,,0,0.0,1,1939.4531249999773,1939.4531249999773,-0.0,310.31249999999636,64.38984374999924,0.0,,,300.83691167751545,1939.4531249999773,1861.8749999999782,77.57812499999909,1939.4531249999773,0.0,1.0,0.0,0.0,0.161941151512992,133.09538389973676,0.96,856.119791666644,821.8749999999782,34.24479166666583,1.0,0.0,0.0,0.16128993055555546,83.87076388888885,0.96,541.6666666666666,520.0,21.66666666666663,1.0,0.0,0.0,0.16128993055555546,83.87076388888885,0.96,541.6666666666666,520.0,21.66666666666663,,,,676.6638778840182,1861.8749999999782,1722.234375000009,139.64062500000068,1861.87500000001,-3.183231456205249e-11,1.0,0.0,0.0,0.39289883404168546,225.55462596133657,0.925,620.6249999999989,574.078124999999,46.546874999999886,1.0,0.0,0.0,0.3928988340416877,225.55462596133944,0.925,620.6250000000033,574.0781250000031,46.54687500000023,1.0,0.0,0.0,0.3928988340416898,225.55462596134225,0.925,620.6250000000077,574.0781250000072,46.54687500000057,0.0,0.0,0.0,0.08724817754776787,0.0,0.8800000000000001,0.0,0.0,0.0,1.0,,,0.101,173.94567187500093,1722.234375000009,1722.234375000009,0.0,53.389265625000284,0.0,,,217.21874999996794,1.1368683772161603e-13,93.40406249998621,3.0,1151.4464614365347,0.0,-0.0,0.0,116.98696048195193
59,1,60,0.1016,0.0,1151.4464614365347,,,,0,0.0,1,1939.4531249999773,1939.4531249999773,-0.0,310.31249999999636,64.38984374999924,0.0,,,300.83691167751545,1939.4531249999773,1861.8749999999782,77.57812499999909,1939.4531249999773,0.0,1.0,0.0,0.0,0.161941151512992,133.09538389973676,0.96,856.119791666644,821.8749999999782,34.24479166666583,1.0,0.0,0.0,0.16128993055555546,83.87076388888885,0.96,541.6666666666666,520.0,21.66666666666663,1.0,0.0,0.0,0.16128993055555546,83.87076388888885,0.96,541.6666666666666,520.0,21.66666666666663,,,,676.6638778840182,1861.8749999999782,1722.234375000009,139.64062500000068,1861.87500000001,-3.183231456205249e-11,1.0,0.0,0.0,0.39289883404168546,225.55462596133657,0.925,620.6249999999989,574.078124999999,46.546874999999886,1.0,0.0,0.0,0.3928988340416877,225.55462596133944,0.925,620.6250000000033,574.0781250000031,46.54687500000023,1.0,0.0,0.0,0.3928988340416898,225.55462596134225,0.925,620.6250000000077,574.0781250000072,46.54687500000057,0.0,0.0,0.0,0.08724817754776787,0.0,0.8800000000000001,0.0,0.0,0.0,1.0,,,0.101,173.94567187500093,1722.234375000009,1722.234375000009,0.0,53.389265625000284,0.0,,,217.21874999996794,1.1368683772161603e-13,93.40406249998621,3.0,1151.4464614365347,0.0,-0.0,0.0,116.98696048195193
60,1,61,0.1016,0.0,1151.4464614365347,,,,0,0.0,1,1939.4531249999773,1939.4531249999773,-0.0,310.31249999999636,64.38984374999924,0.0,,,300.83691167751545,1939.4531249999773,1861.8749999999782,77.57812499999909,1939.4531249999773,0.0,1.0,0.0,0.0,0.161941151512992,133.09538389973676,0.96,856.119791666644,821.8749999999782,34.24479166666583,1.0,0.0,0.0,0.16128993055555546,83.87076388888885,0.96,541.6666666666666,520.0,21.66666666666663,1.0,0.0,0.0,0.16128993055555546,83.87076388888885,0.96,541.6666666666666,520.0,21.66666666666663,,,,676.6638778840182,1861.8749999999782,1722.234375000009,139.64062500000068,1861.87500000001,-3.183231456205249e-11,1.0,0.0,0.0,0.39289883404168546,225.55462596133657,0.925,620.6249999999989,574.078124999999,46.546874999999886,1.0,0.0,0.0,0.3928988340416877,225.55462596133944,0.925,620.6250000000033,574.0781250000031,46.54687500000023,1.0,0.0,0.0,0.3928988340416898,225.55462596134225,0.925,620.6250000000077,574.0781250000072,46.54687500000057,0.0,0.0,0.0,0.08724817754776787,0.0,0.8800000000000001,0.0,0.0,0.0,1.0,,,0.101,173.94567187500093,1722.234375000009,1722.234375000009,0.0,53.389265625000284,0.0,,,217.21874999996794,1.1368683772161603e-13,93.40406249998621,3.0,1151.4464614365347,0.0,-0.0,0.0,116.98696048195193
61,1,62,0.1016,0.0,1151.4464614365343,,,,0,0.0,1,1939.4531249999773,1939.4531249999773,-0.0,310.31249999999636,64.38984374999924,0.0,,,300.8369116775152,1939.4531249999773,1861.8749999999782,77.57812499999909,1939.4531249999773,0.0,1.0,0.0,0.0,0.161941151512992,133.09538389973676,0.96,856.119791666644,821.8749999999782,34.24479166666583,1.0,0.0,0.0,0.16128993055555546,83.87076388888885,0.96,541.6666666666666,520.0,21.66666666666663,1.0,0.0,0.0,0.16128993055555546,83.87076388888885,0.96,541.6666666666666,520.0,21.66666666666663,,,,676.6638778840182,1861.8749999999782,1722.234375000009,139.64062500000068,1861.87500000001,-3.183231456205249e-11,1.0,0.0,0.0,0.39289883404168546,225.55462596133657,0.925,620.6249999999989,574.078124999999,46.546874999999886,1.0,0.0,0.0,0.3928988340416877,225.55462596133944,0.925,620.6250000000033,574.0781250000031,46.54687500000023,1.0,0.0,0.0,0.3928988340416898,225.55462596134225,0.925,620.6250000000077,574.0781250000072,46.54687500000057,0.0,0.0,0.0,0.08724817754776787,0.0,0.8800000000000001,0.0,0.0,0.0,1.0,,,0.101,173.94567187500093,1722.234375000009,1722.234375000009,0.0,53.389265625000284,0.0,,,217.21874999996794,-1.1368683772161603e-13,93.40406249998621,3.0,1151.4464614365343,0.0,-0.0,0.0,116.98696048195188
62,1,63,0.1016,0.0,1151.4464614365343,,,,0,0.0,1,1939.4531249999773,1939.4531249999773,-0.0,310.31249999999636,64.38984374999924,0.0,,,300.8369116775152,1939.4531249999773,1861.8749999999782,77.57812499999909,1939.4531249999773,0.0,1.0,0.0,0.0,0.161941151512992,133.09538389973676,0.96,856.119791666644,821.8749999999782,34.24479166666583,1.0,0.0,0.0,0.16128993055555546,83.87076388888885,0.96,541.6666666666666,520.0,21.66666666666663,1.0,0.0,0.0,0.16128993055555546,83.87076388888885,0.96,541.6666666666666,520.0,21.66666666666663,,,,676.6638778840182,1861.8749999999782,1722.234375000009,139.64062500000068,1861.87500000001,-3.183231456205249e-11,1.0,0.0,0.0,0.39289883404168546,225.55462596133657,0.925,620.6249999999989,574.078124999999,46.546874999999886,1.0,0.0,0.0,0.3928988340416877,225.55462596133944,0.925,620.6250000000033,574.0781250000031,46.54687500000023,1.0,0.0,0.0,0.3928988340416898,225.55462596134225,0.925,620.6250000000077,574.0781250000072,46.54687500000057,0.0,0.0,0.0,0.08724817754776787,0.0,0.8800000000000001,0.0,0.0,0.0,1.0,,,0.101,173.94567187500093,1722.234375000009,1722.234375000009,0.0,53.389265625000284,0.0,,,217.21874999996794,-1.1368683772161603e-13,93.40406249998621,3.0,1151.4464614365343,0.0,-0.0,0.0,116.98696048195188
63,1,64,0.1016,0.0,1151.4464614365347,,,,0,0.0,1,1939.4531249999773,1939.4531249999773,-0.0,310.31249999999636,64.38984374999924,0.0,,,300.83691167751545,1939.4531249999773,1861.8749999999782,77.57812499999909,1939.4531249999773,0.0,1.0,0.0,0.0,0.161941151512992,133.09538389973676,0.96,856.119791666644,821.8749999999782,34.24479166666583,1.0,0.0,0.0,0.16128993055555546,83.87076388888885,0.96,541.6666666666666,520.0,21.66666666666663,1.0,0.0,0.0,0.16128993055555546,83.87076388888885,0.96,541.6666666666666,520.0,21.66666666666663,,,,676.6638778840182,1861.8749999999782,1722.234375000009,139.64062500000068,1861.87500000001,-3.183231456205249e-11,1.0,0.0,0.0,0.39289883404168546,225.55462596133657,0.925,620.6249999999989,574.078124999999,46.546874999999886,1.0,0.0,0.0,0.3928988340416877,225.55462596133944,0.925,620.6250000000033,574.0781250000031,46.54687500000023,1.0,0.0,0.0,0.3928988340416898,225.55462596134225,0.925,620.6250000000077,574.0781250000072,46.54687500000057,0.0,0.0,0.0,0.08724817754776787,0.0,0.8800000000000001,0.0,0.0,0.0,1.0,,,0.101,173.94567187500093,1722.234375000009,1722.234375000009,0.0,53.389265625000284,0.0,,,217.21874999996794,1.1368683772161603e-13,93.40406249998621,3.0,1151.4464614365347,0.0,-0.0,0.0,116.98696048195193
64,1,65,0.1016,0.0,1151.4464614365347,,,,0,0.0,1,1939.4531249999773,1939.4531249999773,-0.0,310.31249999999636,64.38984374999924,0.0,,,300.83691167751545,1939.4531249999773,1861.8749999999782,77.57812499999909,1939.4531249999773,0.0,1.0,0.0,0.0,0.161941151512992,133.09538389973676,0.96,856.119791666644,821.8749999999782,34.24479166666583,1.0,0.0,0.0,0.16128993055555546,83.87076388888885,0.96,541.6666666666666,520.0,21.66666666666663,1.0,0.0,0.0,0.16128993055555546,83.87076388888885,0.96,541.6666666666666,520.0,21.66666666666663,,,,676.6638778840182,1861.8749999999782,1722.234375000009,139.64062500000068,1861.87500000001,-3.183231456205249e-11,1.0,0.0,0.0,0.39289883404168546,225.55462596133657,0.925,620.6249999999989,574.078124999999,46.546874999999886,1.0,0.0,0.0,0.3928988340416877,225.55462596133944,0.925,620.6250000000033,574.0781250000031,46.54687500000023,1.0,0.0,0.0,0.3928988340416898,225.55462596134225,0.925,620.6250000000077,574.0781250000072,46.54687500000057,0.0,0.0,0.0,0.08724817754776787,0.0,0.8800000000000001,0.0,0.0,0.0,1.0,,,0.101,173.94567187500093,1722.234375000009,1722.234375000009,0.0,53.389265625000284,0.0,,,217.21874999996794,1.1368683772161603e-13,93.40406249998621,3.0,1151.4464614365347,0.0,-0.0,0.0,116.98696048195193
65,1,66,0.15246,0.0,589.24546948913,,,,0,0.0,1,1083.3333333333333,1083.3333333333333,-0.0,173.33333333333331,35.96666666666666,0.0,,,167.74152777777783,1083.3333333333333,1040.0,43.33333333333326,1083.3333333333333,0.0,1.0,0.0,0.0,0.16128993055555566,83.87076388888894,0.96,541.6666666666666,520.0,21.66666666666663,1.0,0.0,0.0,0.16128993055555546,83.87076388888885,0.96,541.6666666666666,520.0,21.66666666666663,0.0,0.0,1.0,0.271,0.0,0.96,0.0,0.0,-0.0,,,,325.55394171135214,1040.0,950.0,89.99999999998886,1039.9999999999889,1.1141310096718371e-11,1.0,0.0,0.0,0.34268835969616135,162.77697085567664,0.9134615384615384,520.0,475.0,45.0,1.0,0.0,0.0,0.34268835969615896,162.7769708556755,0.913461538461558,519.9999999999889,475.0,44.99999999998886,0.0,0.0,1.0,0.08724817754776787,0.0,0.8800000000000001,0.0,0.0,0.0,0.0,0.0,0.0,0.08724817754776787,0.0,0.8800000000000001,0.0,0.0,0.0,1.0,,,0.101,95.95,950.0,950.0,0.0,29.45,0.0,,,133.33333333333326,-1.4210854715202004e-14,57.3333333333333,2.0,589.24546948913,0.0,0.0,0.0,89.83636427831276
66,1,67,0.15246,0.0,589.24546948913,,,,0,0.0,1,1083.3333333333333,1083.3333333333333,-0.0,173.33333333333331,35.96666666666666,0.0,,,167.74152777777783,1083.3333333333333,1040.0,43.33333333333326,1083.3333333333333,0.0,1.0,0.0,0.0,0.16128993055555566,83.87076388888894,0.96,541.6666666666666,520.0,21.66666666666663,1.0,0.0,0.0,0.16128993055555546,83.87076388888885,0.96,541.6666666666666,520.0,21.66666666666663,0.0,0.0,0.0,0.271,0.0,0.96,0.0,0.0,-0.0,,,,325.55394171135214,1040.0,950.0,89.99999999998886,1039.9999999999889,1.1141310096718371e-11,1.0,0.0,0.0,0.34268835969616135,162.77697085567664,0.9134615384615384,520.0,475.0,45.0,1.0,0.0,0.0,0.34268835969615896,162.7769708556755,0.913461538461558,519.9999999999889,475.0,44.99999999998886,0.0,0.0,0.0,0.08724817754776787,0.0,0.8800000000000001,0.0,0.0,0.0,0.0,0.0,0.0,0.08724817754776787,0.0,0.8800000000000001,0.0,0.0,0.0,1.0,,,0.101,95.95,950.0,950.0,0.0,29.45,0.0,,,133.33333333333326,-1.4210854715202004e-14,57.3333333333333,2.0,589.24546948913,0.0,0.0,0.0,89.83636427831276
67,1,68,0.15246,0.0,589.24546948913,,,,0,0.0,1,1083.3333333333333,1083.3333333333333,-0.0,173.33333333333331,35.96666666666666,0.0,,,167.74152777777783,1083.3333333333333,1040.0,43.33333333333326,1083.3333333333333,0.0,1.0,0.0,0.0,0.16128993055555566,83.87076388888894,0.96,541.6666666666666,520.0,21.66666666666663,1.0,0.0,0.0,0.16128993055555546,83.87076388888885,0.96,541.6666666666666,520.0,21.66666666666663,0.0,0.0,0.0,0.271,0.0,0.96,0.0,0.0,-0.0,,,,325.55394171135214,1040.0,950.0,89.99999999998886,1039.9999999999889,1.1141310096718371e-11,1.0,0.0,0.0,0.34268835969616135,162.77697085567664,0.9134615384615384,520.0,475.0,45.0,1.0,0.0,0.0,0.34268835969615896,162.7769708556755,0.913461538461558,519.9999999999889,475.0,44.99999999998886,0.0,0.0,0.0,0.08724817754776787,0.0,0.8800000000000001,0.0,0.0,0.0,0.0,0.0,0.0,0.08724817754776787,0.0,0.8800000000000001,0.0,0.0,0.0,1.0,,,0.101,95.95,950.0,950.0,0.0,29.45,0.0,,,133.33333333333326,-1.4210854715202004e-14,57.3333333333333,2.0,589.24546948913,0.0,0.0,0.0,89.83636427831276
68,1,69,0.15246,0.0,589.2454694891301,,,,0,0.0,1,1083.3333333333333,1083.3333333333333,-0.0,173.33333333333331,35.96666666666666,0.0,,,167.74152777777795,1083.3333333333333,1040.0,43.33333333333326,1083.3333333333333,0.0,1.0,0.0,0.0,0.16128993055555566,83.87076388888894,0.96,541.6666666666666,520.0,21.66666666666663,1.0,0.0,0.0,0.16128993055555546,83.87076388888885,0.96,541.6666666666666,520.0,21.66666666666663,0.0,0.0,0.0,0.271,0.0,0.96,0.0,0.0,-0.0,,,,325.55394171135214,1040.0,950.0,89.99999999998886,1039.9999999999889,1.1141310096718371e-11,1.0,0.0,0.0,0.34268835969616135,162.77697085567664,0.9134615384615384,520.0,475.0,45.0,1.0,0.0,0.0,0.34268835969615896,162.7769708556755,0.913461538461558,519.9999999999889,475.0,44.99999999998886,0.0,0.0,0.0,0.08724817754776787,0.0,0.8800000000000001,0.0,0.0,0.0,0.0,0.0,0.0,0.08724817754776787,0.0,0.8800000000000001,0.0,0.0,0.0,1.0,,,0.101,95.95,950.0,950.0,0.0,29.45,0.0,,,133.33333333333326,-1.4210854715202004e-14,57.3333333333333,2.0,589.2454694891301,0.0,0.0,0.0,89.83636427831277
69,1,70,0.15246,0.0,589.2454694891301,,,,0,0.0,1,1083.3333333333333,1083.3333333333333,-0.0,173.33333333333331,35.96666666666666,0.0,,,167.7415277777779,1083.3333333333333,1040.0,43.33333333333326,1083.3333333333333,0.0,1.0,0.0,0.0,0.16128993055555566,83.87076388888894,0.96,541.6666666666666,520.0,21.66666666666663,1.0,0.0,0.0,0.16128993055555546,83.87076388888885,0.96,541.6666666666666,520.0,21.66666666666663,0.0,0.0,0.0,0.271,0.0,0.96,0.0,0.0,-0.0,,,,325.5539417113522,1040.0,950.0,89.99999999998909,1039.999999999989,1.0913936421275139e-11,1.0,0.0,0.0,0.34268835969616135,162.77697085567664,0.9134615384615384,520.0,475.0,45.0,1.0,0.0,0.0,0.3426883596961591,162.77697085567556,0.9134615384615576,519.9999999999891,475.0,44.999999999989086,0.0,0.0,0.0,0.08724817754776787,0.0,0.8800000000000001,0.0,0.0,0.0,0.0,0.0,0.0,0.08724817754776787,0.0,0.8800000000000001,0.0,0.0,0.0,1.0,,,0.101,95.95,950.0,950.0,0.0,29.45,0.0,,,133.33333333333326,-1.4210854715202004e-14,57.3333333333333,2.0,589.2454694891301,0.0,0.0,0.0,89.83636427831277
70,1,71,0.1016,0.0,1350.5995280586815,,,,0,0.0,1,2381.1699873343823,2381.1699873343823,-0.0,380.98719797350117,79.0548435795015,0.0,,,361.49810809014525,2381.1699873343823,2285.923187841007,95.2467994933753,2381.1699873343823,0.0,1.0,0.0,0.0,0.15866717638647967,122.75936576274924,0.96,805.9281210420124,773.6909962003319,32.2371248416805,1.0,0.0,0.0,0.15866717638647967,122.75936576274924,0.96,805.9281210420124,773.6909962003319,32.2371248416805,1.0,1.0,0.0,0.15703846620972187,115.97937656464592,0.96,769.3137452503574,738.5411954403431,30.77254981001431,,,,776.4031780020529,2285.923187841007,2105.9231877869634,180.0000000540433,2285.923187841007,-0.0,1.0,0.0,0.0,0.3711897855666108,197.28744272223122,0.9219427840877035,576.5001931993858,531.5001931453406,45.00000005404513,1.0,0.0,0.0,0.36782728482166244,193.03857842660506,0.9210259833738222,569.8076648805365,524.8076648805376,44.99999999999898,1.0,1.0,0.0,0.3678272848216642,193.03857842660722,0.9210259833738219,569.8076648805404,524.8076648805409,44.999999999999545,1.0,1.0,0.0,0.36782728482166605,193.03857842660946,0.9210259833738221,569.807664880544,524.8076648805444,44.99999999999966,1.0,,,0.101,212.69824196648332,2105.9231877869634,2105.9231877869634,0.0,65.28361882139586,0.0,,,275.2467995474186,2.842170943040401e-14,118.35612380539,4.0,1350.5995280586812,0.0,-0.0,0.0,137.22091205076202
71,1,72,0.1016,0.0,1350.5995280918792,,,,0,0.0,1,2381.1699873343823,2381.1699873343823,-0.0,380.98719797350117,79.0548435795015,0.0,,,361.49810809014514,2381.1699873343823,2285.923187841007,95.2467994933753,2381.1699873343823,0.0,1.0,0.0,0.0,0.15866717638647967,122.75936576274924,0.96,805.9281210420124,773.6909962003319,32.2371248416805,1.0,0.0,0.0,0.15866717638647967,122.75936576274924,0.96,805.9281210420124,773.6909962003319,32.2371248416805,1.0,0.0,0.0,0.15703846620972187,115.97937656464592,0.96,769.3137452503574,738.5411954403431,30.77254981001431,,,,776.4031780297923,2285.923187841007,2105.9231878410073,179.99999999999966,2285.923187841007,-0.0,1.0,0.0,0.0,0.37118978558105875,197.28744274997135,0.9219427841814506,576.5001931993858,531.5001931993859,44.999999999999886,1.0,0.0,0.0,0.36782728482166216,193.03857842660454,0.9210259833738206,569.8076648805365,524.8076648805365,45.0,1.0,0.0,0.0,0.36782728482166427,193.03857842660733,0.9210259833738222,569.8076648805404,524.8076648805411,44.99999999999932,1.0,0.0,0.0,0.3678272848216658,193.03857842660906,0.9210259833738208,569.807664880544,524.8076648805436,45.000000000000455,1.0,,,0.101,212.69824197194177,2105.9231878410073,2105.9231878410073,0.0,65.28361882307122,0.0,,,275.24679949337497,-8.526512829121202e-14,118.35612378215123,4.0,1350.5995280918794,0.0,-0.0,0.0,137.2209120541349
72,1,73,0.1016,0.0,1350.5995280918787,,,,0,0.0,1,2381.1699873343823,2381.1699873343823,-0.0,380.98719797350117,79.0548435795015,0.0,,,361.49810809014525,2381.1699873343823,2285.923187841007,95.2467994933753,2381.1699873343823,0.0,1.0,0.0,0.0,0.15866717638647967,122.75936576274924,0.96,805.9281210420124,773.6909962003319,32.2371248416805,1.0,0.0,0.0,0.15866717638647967,122.75936576274924,0.96,805.9281210420124,773.6909962003319,32.2371248416805,1.0,0.0,0.0,0.15703846620972187,115.97937656464592,0.96,769.3137452503574,738.5411954403431,30.77254981001431,,,,776.4031780297919,2285.923187841007,2105.9231878410064,180.00000000000057,2285.923187841007,-0.0,1.0,0.0,0.0,0.37118978558105875,197.28744274997135,0.9219427841814506,576.5001931993858,531.5001931993859,44.999999999999886,1.0,0.0,0.0,0.36782728482166216,193.03857842660454,0.9210259833738206,569.8076648805365,524.8076648805365,45.0,1.0,0.0,0.0,0.36782728482166405,193.03857842660688,0.9210259833738207,569.8076648805404,524.8076648805402,45.00000000000023,1.0,0.0,0.0,0.3678272848216658,193.03857842660906,0.9210259833738208,569.807664880544,524.8076648805436,45.000000000000455,1.0,,,0.101,212.69824197194166,2105.9231878410064,2105.9231878410064,0.0,65.2836188230712,0.0,,,275.2467994933759,-8.526512829121202e-14,118.35612378215163,4.0,1350.5995280918787,0.0,-0.0,0.0,137.22091205413489
73,1,74,0.1016,0.0,1350.5995280918787,,,,0,0.0,1,2381.1699873343823,2381.1699873343823,-0.0,380.98719797350117,79.0548435795015,0.0,,,361.49810809014525,2381.1699873343823,2285.923187841007,95.2467994933753,2381.1699873343823,0.0,1.0,0.0,0.0,0.15866717638647967,122.75936576274924,0.96,805.9281210420124,773.6909962003319,32.2371248416805,1.0,0.0,0.0,0.15866717638647967,122.75936576274924,0.96,805.9281210420124,773.6909962003319,32.2371248416805,1.0,0.0,0.0,0.15703846620972187,115.97937656464592,0.96,769.3137452503574,738.5411954403431,30.77254981001431,,,,776.4031780297919,2285.923187841007,2105.9231878410064,180.00000000000057,2285.923187841007,-0.0,1.0,0.0,0.0,0.37118978558105875,197.28744274997135,0.9219427841814506,576.5001931993858,531.5001931993859,44.999999999999886,1.0,0.0,0.0,0.36782728482166216,193.03857842660454,0.9210259833738206,569.8076648805365,524.8076648805365,45.0,1.0,0.0,0.0,0.36782728482166405,193.03857842660688,0.9210259833738207,569.8076648805404,524.8076648805402,45.00000000000023,1.0,0.0,0.0,0.3678272848216658,193.03857842660906,0.9210259833738208,569.807664880544,524.8076648805436,45.000000000000455,1.0,,,0.101,212.69824197194166,2105.9231878410064,2105.9231878410064,0.0,65.2836188230712,0.0,,,275.2467994933759,-8.526512829121202e-14,118.35612378215163,4.0,1350.5995280918787,0.0,-0.0,0.0,137.22091205413489
74,1,75,0.1016,0.0,1350.5995280918787,,,,0,0.0,1,2381.1699873343823,2381.1699873343823,-0.0,380.98719797350117,79.0548435795015,0.0,,,361.49810809014525,2381.1699873343823,2285.923187841007,95.2467994933753,2381.1699873343823,0.0,1.0,0.0,0.0,0.15866717638647967,122.75936576274924,0.96,805.9281210420124,773.6909962003319,32.2371248416805,1.0,0.0,0.0,0.15866717638647967,122.75936576274924,0.96,805.9281210420124,773.6909962003319,32.2371248416805,1.0,0.0,0.0,0.15703846620972187,115.97937656464592,0.96,769.3137452503574,738.5411954403431,30.77254981001431,,,,776.4031780297919,2285.923187841007,2105.9231878410064,180.00000000000057,2285.923187841007,-0.0,1.0,0.0,0.0,0.37118978558105875,197.28744274997135,0.9219427841814506,576.5001931993858,531.5001931993859,44.999999999999886,1.0,0.0,0.0,0.36782728482166216,193.03857842660454,0.9210259833738206,569.8076648805365,524.8076648805365,45.0,1.0,0.0,0.0,0.36782728482166405,193.03857842660688,0.9210259833738207,569.8076648805404,524.8076648805402,45.00000000000023,1.0,0.0,0.0,0.3678272848216658,193.03857842660906,0.9210259833738208,569.807664880544,524.8076648805436,45.000000000000455,1.0,,,0.101,212.69824197194166,2105.9231878410064,2105.9231878410064,0.0,65.2836188230712,0.0,,,275.2467994933759,-8.526512829121202e-14,118.35612378215163,4.0,1350.5995280918787,0.0,-0.0,0.0,137.22091205413489
75,1,76,0.1016,0.0,1350.5995280918787,,,,0,0.0,1,2381.1699873343823,2381.1699873343823,-0.0,380.98719797350117,79.0548435795015,0.0,,,361.49810809014525,2381.1699873343823,2285.923187841007,95.2467994933753,2381.1699873343823,0.0,1.0,0.0,0.0,0.15866717638647967,122.75936576274924,0.96,805.9281210420124,773.6909962003319,32.2371248416805,1.0,0.0,0.0,0.15866717638647967,122.75936576274924,0.96,805.9281210420124,773.6909962003319,32.2371248416805,1.0,0.0,0.0,0.15703846620972187,115.97937656464592,0.96,769.3137452503574,738.5411954403431,30.77254981001431,,,,776.4031780297919,2285.923187841007,2105.9231878410064,180.00000000000057,2285.923187841007,-0.0,1.0,0.0,0.0,0.37118978558105875,197.28744274997135,0.9219427841814506,576.5001931993858,531.5001931993859,44.999999999999886,1.0,0.0,0.0,0.36782728482166216,193.03857842660454,0.9210259833738206,569.8076648805365,524.8076648805365,45.0,1.0,0.0,0.0,0.36782728482166405,193.03857842660688,0.9210259833738207,569.8076648805404,524.8076648805402,45.00000000000023,1.0,0.0,0.0,0.3678272848216658,193.03857842660906,0.9210259833738208,569.807664880544,524.8076648805436,45.000000000000455,1.0,,,0.101,212.69824197194166,2105.9231878410064,2105.9231878410064,0.0,65.2836188230712,0.0,,,275.2467994933759,-8.526512829121202e-14,118.35612378215163,4.0,1350.5995280918787,0.0,-0.0,0.0,137.22091205413489
76,1,77,0.1016,0.0,1350.5995280918787,,,,0,0.0,1,2381.1699873343823,2381.1699873343823,-0.0,380.98719797350117,79.0548435795015,0.0,,,361.49810809014525,2381.1699873343823,2285.923187841007,95.2467994933753,2381.1699873343823,0.0,1.0,0.0,0.0,0.15866717638647967,122.75936576274924,0.96,805.9281210420124,773.6909962003319,32.2371248416805,1.0,0.0,0.0,0.15866717638647967,122.75936576274924,0.96,805.9281210420124,773.6909962003319,32.2371248416805,1.0,0.0,0.0,0.15703846620972187,115.97937656464592,0.96,769.3137452503574,738.5411954403431,30.77254981001431,,,,776.4031780297919,2285.923187841007,2105.9231878410064,180.00000000000057,2285.923187841007,-0.0,1.0,0.0,0.0,0.37118978558105875,197.28744274997135,0.9219427841814506,576.5001931993858,531.5001931993859,44.999999999999886,1.0,0.0,0.0,0.36782728482166216,193.03857842660454,0.9210259833738206,569.8076648805365,524.8076648805365,45.0,1.0,0.0,0.0,0.36782728482166405,193.03857842660688,0.9210259833738207,569.8076648805404,524.8076648805402,45.00000000000023,1.0,0.0,0.0,0.3678272848216658,193.03857842660906,0.9210259833738208,569.807664880544,524.8076648805436,45.000000000000455,1.0,,,0.101,212.69824197194166,2105.9231878410064,2105.9231878410064,0.0,65.2836188230712,0.0,,,275.2467994933759,-8.526512829121202e-14,118.35612378215163,4.0,1350.5995280918787,0.0,-0.0,0.0,137.22091205413489
77,1,78,0.1016,0.0,1350.5995280918787,,,,0,0.0,1,2381.1699873343823,2381.1699873343823,-0.0,380.98719797350117,79.0548435795015,0.0,,,361.49810809014525,2381.1699873343823,2285.923187841007,95.2467994933753,2381.1699873343823,0.0,1.0,0.0,0.0,0.15866717638647967,122.75936576274924,0.96,805.9281210420124,773.6909962003319,32.2371248416805,1.0,0.0,0.0,0.15866717638647967,122.75936576274924,0.96,805.9281210420124,773.6909962003319,32.2371248416805,1.0,0.0,0.0,0.15703846620972187,115.97937656464592,0.96,769.3137452503574,738.5411954403431,30.77254981001431,,,,776.4031780297919,2285.923187841007,2105.9231878410064,180.00000000000057,2285.923187841007,-0.0,1.0,0.0,0.0,0.37118978558105875,197.28744274997135,0.9219427841814506,576.5001931993858,531.5001931993859,44.999999999999886,1.0,0.0,0.0,0.36782728482166216,193.03857842660454,0.9210259833738206,569.8076648805365,524.8076648805365,45.0,1.0,0.0,0.0,0.36782728482166405,193.03857842660688,0.9210259833738207,569.8076648805404,524.8076648805402,45.00000000000023,1.0,0.0,0.0,0.3678272848216658,193.03857842660906,0.9210259833738208,569.807664880544,524.8076648805436,45.000000000000455,1.0,,,0.101,212.69824197194166,2105.9231878410064,2105.9231878410064,0.0,65.2836188230712,0.0,,,275.2467994933759,-8.526512829121202e-14,118.35612378215163,4.0,1350.5995280918787,0.0,-0.0,0.0,137.22091205413489
78,1,79,0.1016,0.0,1350.5995280918787,,,,0,0.0,1,2381.1699873343823,2381.1699873343823,-0.0,380.98719797350117,79.0548435795015,0.0,,,361.49810809014514,2381.1699873343823,2285.923187841007,95.2467994933753,2381.1699873343823,0.0,1.0,0.0,0.0,0.15866717638647967,122.75936576274924,0.96,805.9281210420124,773.6909962003319,32.2371248416805,1.0,0.0,0.0,0.15866717638647967,122.75936576274924,0.96,805.9281210420124,773.6909962003319,32.2371248416805,1.0,0.0,0.0,0.15703846620972187,115.97937656464592,0.96,769.3137452503574,738.5411954403431,30.77254981001431,,,,776.4031780297919,2285.923187841007,2105.9231878410064,180.00000000000057,2285.923187841007,-0.0,1.0,0.0,0.0,0.37118978558105875,197.28744274997135,0.9219427841814506,576.5001931993858,531.5001931993859,44.999999999999886,1.0,0.0,0.0,0.36782728482166216,193.03857842660454,0.9210259833738206,569.8076648805365,524.8076648805365,45.0,1.0,0.0,0.0,0.36782728482166405,193.03857842660688,0.9210259833738207,569.8076648805404,524.8076648805402,45.00000000000023,1.0,0.0,0.0,0.3678272848216658,193.03857842660906,0.9210259833738208,569.807664880544,524.8076648805436,45.000000000000455,1.0,,,0.101,212.69824197194166,2105.9231878410064,2105.9231878410064,0.0,65.2836188230712,0.0,,,275.2467994933759,2.842170943040401e-14,118.35612378215163,4.0,1350.5995280918787,0.0,-0.0,0.0,137.22091205413489
79,1,80,0.1016,0.0,1350.5995280918787,,,,0,0.0,1,2381.1699873343823,2381.1699873343823,-0.0,380.98719797350117,79.0548435795015,0.0,,,361.49810809014514,2381.1699873343823,2285.923187841007,95.2467994933753,2381.1699873343823,0.0,1.0,0.0,0.0,0.15866717638647967,122.75936576274924,0.96,805.9281210420124,773.6909962003319,32.2371248416805,1.0,0.0,0.0,0.15866717638647967,122.75936576274924,0.96,805.9281210420124,773.6909962003319,32.2371248416805,1.0,0.0,0.0,0.15703846620972187,115.97937656464592,0.96,769.3137452503574,738.5411954403431,30.77254981001431,,,,776.4031780297919,2285.923187841007,2105.9231878410064,180.00000000000057,2285.923187841007,-0.0,1.0,0.0,0.0,0.37118978558105875,197.28744274997135,0.9219427841814506,576.5001931993858,531.5001931993859,44.999999999999886,1.0,0.0,0.0,0.36782728482166216,193.03857842660454,0.9210259833738206,569.8076648805365,524.8076648805365,45.0,1.0,0.0,0.0,0.36782728482166405,193.03857842660688,0.9210259833738207,569.8076648805404,524.8076648805402,45.00000000000023,1.0,0.0,0.0,0.3678272848216658,193.03857842660906,0.9210259833738208,569.807664880544,524.8076648805436,45.000000000000455,1.0,,,0.101,212.69824197194166,2105.9231878410064,2105.9231878410064,0.0,65.2836188230712,0.0,,,275.2467994933759,2.842170943040401e-14,118.35612378215163,4.0,1350.5995280918787,0.0,-0.0,0.0,137.22091205413489
80,1,81,0.1016,0.0,1350.5995280918787,,,,0,0.0,1,2381.1699873343823,2381.1699873343823,-0.0,380.98719797350117,79.0548435795015,0.0,,,361.49810809014525,2381.1699873343823,2285.923187841007,95.2467994933753,2381.1699873343823,0.0,1.0,0.0,0.0,0.15866717638647967,122.75936576274924,0.96,805.9281210420124,773.6909962003319,32.2371248416805,1.0,0.0,0.0,0.15866717638647967,122.75936576274924,0.96,805.9281210420124,773.6909962003319,32.2371248416805,1.0,0.0,0.0,0.15703846620972187,115.97937656464592,0.96,769.3137452503574,738.5411954403431,30.77254981001431,,,,776.4031780297919,2285.923187841007,2105.9231878410064,180.00000000000057,2285.923187841007,-0.0,1.0,0.0,0.0,0.37118978558105875,197.28744274997135,0.9219427841814506,576.5001931993858,531.5001931993859,44.999999999999886,1.0,0.0,0.0,0.36782728482166216,193.03857842660454,0.9210259833738206,569.8076648805365,524.8076648805365,45.0,1.0,0.0,0.0,0.36782728482166405,193.03857842660688,0.9210259833738207,569.8076648805404,524.8076648805402,45.00000000000023,1.0,0.0,0.0,0.3678272848216658,193.03857842660906,0.9210259833738208,569.807664880544,524.8076648805436,45.000000000000455,1.0,,,0.101,212.69824197194166,2105.9231878410064,2105.9231878410064,0.0,65.2836188230712,0.0,,,275.2467994933759,-8.526512829121202e-14,118.35612378215163,4.0,1350.5995280918787,0.0,-0.0,0.0,137.22091205413489
81,1,82,0.1016,0.0,1350.5995280918787,,,,0,0.0,1,2381.1699873343823,2381.1699873343823,-0.0,380.98719797350117,79.0548435795015,0.0,,,361.49810809014525,2381.1699873343823,2285.923187841007,95.2467994933753,2381.1699873343823,0.0,1.0,0.0,0.0,0.15866717638647967,122.75936576274924,0.96,805.9281210420124,773.6909962003319,32.2371248416805,1.0,0.0,0.0,0.15866717638647967,122.75936576274924,0.96,805.9281210420124,773.6909962003319,32.2371248416805,1.0,0.0,0.0,0.15703846620972187,115.97937656464592,0.96,769.3137452503574,738.5411954403431,30.77254981001431,,,,776.4031780297919,2285.923187841007,2105.9231878410064,180.00000000000057,2285.923187841007,-0.0,1.0,0.0,0.0,0.37118978558105875,197.28744274997135,0.9219427841814506,576.5001931993858,531.5001931993859,44.999999999999886,1.0,0.0,0.0,0.36782728482166216,193.03857842660454,0.9210259833738206,569.8076648805365,524.8076648805365,45.0,1.0,0.0,0.0,0.36782728482166405,193.03857842660688,0.9210259833738207,569.8076648805404,524.8076648805402,45.00000000000023,1.0,0.0,0.0,0.3678272848216658,193.03857842660906,0.9210259833738208,569.807664880544,524.8076648805436,45.000000000000455,1.0,,,0.101,212.69824197194166,2105.9231878410064,2105.9231878410064,0.0,65.2836188230712,0.0,,,275.2467994933759,-8.526512829121202e-14,118.35612378215163,4.0,1350.5995280918787,0.0,-0.0,0.0,137.22091205413489
82,1,83,0.1016,0.0,1350.5995280918787,,,,0,0.0,1,2381.1699873343823,2381.1699873343823,-0.0,380.98719797350117,79.0548435795015,0.0,,,361.49810809014525,2381.1699873343823,2285.923187841007,95.2467994933753,2381.1699873343823,0.0,1.0,0.0,0.0,0.15866717638647967,122.75936576274924,0.96,805.9281210420124,773.6909962003319,32.2371248416805,1.0,0.0,0.0,0.15866717638647967,122.75936576274924,0.96,805.9281210420124,773.6909962003319,32.2371248416805,1.0,0.0,0.0,0.15703846620972187,115.97937656464592,0.96,769.3137452503574,738.5411954403431,30.77254981001431,,,,776.4031780297919,2285.923187841007,2105.9231878410064,180.00000000000057,2285.923187841007,-0.0,1.0,0.0,0.0,0.37118978558105875,197.28744274997135,0.9219427841814506,576.5001931993858,531.5001931993859,44.999999999999886,1.0,0.0,0.0,0.36782728482166216,193.03857842660454,0.9210259833738206,569.8076648805365,524.8076648805365,45.0,1.0,0.0,0.0,0.36782728482166405,193.03857842660688,0.9210259833738207,569.8076648805404,524.8076648805402,45.00000000000023,1.0,0.0,0.0,0.3678272848216658,193.03857842660906,0.9210259833738208,569.807664880544,524.8076648805436,45.000000000000455,1.0,,,0.101,212.69824197194166,2105.9231878410064,2105.9231878410064,0.0,65.2836188230712,0.0,,,275.2467994933759,-8.526512829121202e-14,118.35612378215163,4.0,1350.5995280918787,0.0,-0.0,0.0,137.22091205413489
83,1,84,0.1016,0.0,1350.5995280918787,,,,0,0.0,1,2381.1699873343823,2381.1699873343823,-0.0,380.98719797350117,79.0548435795015,0.0,,,361.49810809014514,2381.1699873343823,2285.923187841007,95.2467994933753,2381.1699873343823,0.0,1.0,0.0,0.0,0.15866717638647967,122.75936576274924,0.96,805.9281210420124,773.6909962003319,32.2371248416805,1.0,0.0,0.0,0.15866717638647967,122.75936576274924,0.96,805.9281210420124,773.6909962003319,32.2371248416805,1.0,0.0,0.0,0.15703846620972187,115.97937656464592,0.96,769.3137452503574,738.5411954403431,30.77254981001431,,,,776.4031780297919,2285.923187841007,2105.9231878410064,180.00000000000057,2285.923187841007,-0.0,1.0,0.0,0.0,0.37118978558105875,197.28744274997135,0.9219427841814506,576.5001931993858,531.5001931993859,44.999999999999886,1.0,0.0,0.0,0.36782728482166216,193.03857842660454,0.9210259833738206,569.8076648805365,524.8076648805365,45.0,1.0,0.0,0.0,0.36782728482166405,193.03857842660688,0.9210259833738207,569.8076648805404,524.8076648805402,45.00000000000023,1.0,0.0,0.0,0.3678272848216658,193.03857842660906,0.9210259833738208,569.807664880544,524.8076648805436,45.000000000000455,1.0,,,0.101,212.69824197194166,2105.9231878410064,2105.9231878410064,0.0,65.2836188230712,0.0,,,275.2467994933759,2.842170943040401e-14,118.35612378215163,4.0,1350.5995280918787,0.0,-0.0,0.0,137.22091205413489
84,1,85,0.1016,0.0,1350.5995280918787,,,,0,0.0,1,2381.1699873343823,2381.1699873343823,-0.0,380.98719797350117,79.0548435795015,0.0,,,361.49810809014525,2381.1699873343823,2285.923187841007,95.2467994933753,2381.1699873343823,0.0,1.0,0.0,0.0,0.15866717638647967,122.75936576274924,0.96,805.9281210420124,773.6909962003319,32.2371248416805,1.0,0.0,0.0,0.15866717638647967,122.75936576274924,0.96,805.9281210420124,773.6909962003319,32.2371248416805,1.0,0.0,0.0,0.15703846620972187,115.97937656464592,0.96,769.3137452503574,738.5411954403431,30.77254981001431,,,,776.4031780297919,2285.923187841007,2105.9231878410064,180.00000000000057,2285.923187841007,-0.0,1.0,0.0,0.0,0.37118978558105875,197.28744274997135,0.9219427841814506,576.5001931993858,531.5001931993859,44.999999999999886,1.0,0.0,0.0,0.36782728482166216,193.03857842660454,0.9210259833738206,569.8076648805365,524.8076648805365,45.0,1.0,0.0,0.0,0.36782728482166405,193.03857842660688,0.9210259833738207,569.8076648805404,524.8076648805402,45.00000000000023,1.0,0.0,0.0,0.3678272848216658,193.03857842660906,0.9210259833738208,569.807664880544,524.8076648805436,45.000000000000455,1.0,,,0.101,212.69824197194166,2105.9231878410064,2105.9231878410064,0.0,65.2836188230712,0.0,,,275.2467994933759,-8.526512829121202e-14,118.35612378215163,4.0,1350.5995280918787,0.0,-0.0,0.0,137.22091205413489
85,1,86,0.1016,0.0,1350.5995280918787,,,,0,0.0,1,2381.1699873343823,2381.1699873343823,-0.0,380.98719797350117,79.0548435795015,0.0,,,361.49810809014525,2381.1699873343823,2285.923187841007,95.2467994933753,2381.1699873343823,0.0,1.0,0.0,0.0,0.15866717638647967,122.75936576274924,0.96,805.9281210420124,773.6909962003319,32.2371248416805,1.0,0.0,0.0,0.15866717638647967,122.75936576274924,0.96,805.9281210420124,773.6909962003319,32.2371248416805,1.0,0.0,0.0,0.15703846620972187,115.97937656464592,0.96,769.3137452503574,738.5411954403431,30.77254981001431,,,,776.4031780297919,2285.923187841007,2105.9231878410064,180.00000000000057,2285.923187841007,-0.0,1.0,0.0,0.0,0.37118978558105875,197.28744274997135,0.9219427841814506,576.5001931993858,531.5001931993859,44.999999999999886,1.0,0.0,0.0,0.36782728482166216,193.03857842660454,0.9210259833738206,569.8076648805365,524.8076648805365,45.0,1.0,0.0,0.0,0.36782728482166405,193.03857842660688,0.9210259833738207,569.8076648805404,524.8076648805402,45.00000000000023,1.0,0.0,0.0,0.3678272848216658,193.03857842660906,0.9210259833738208,569.807664880544,524.8076648805436,45.000000000000455,1.0,,,0.101,212.69824197194166,2105.9231878410064,2105.9231878410064,0.0,65.2836188230712,0.0,,,275.2467994933759,-8.526512829121202e-14,118.35612378215163,4.0,1350.5995280918787,0.0,-0.0,0.0,137.22091205413489
86,1,87,0.1016,0.0,1350.5995280918787,,,,0,0.0,1,2381.1699873343823,2381.1699873343823,-0.0,380.98719797350117,79.0548435795015,0.0,,,361.49810809014514,2381.1699873343823,2285.923187841007,95.2467994933753,2381.1699873343823,0.0,1.0,0.0,0.0,0.15866717638647967,122.75936576274924,0.96,805.9281210420124,773.6909962003319,32.2371248416805,1.0,0.0,0.0,0.15866717638647967,122.75936576274924,0.96,805.9281210420124,773.6909962003319,32.2371248416805,1.0,0.0,0.0,0.15703846620972187,115.97937656464592,0.96,769.3137452503574,738.5411954403431,30.77254981001431,,,,776.4031780297919,2285.923187841007,2105.9231878410064,180.00000000000057,2285.923187841007,-0.0,1.0,0.0,0.0,0.37118978558105875,197.28744274997135,0.9219427841814506,576.5001931993858,531.5001931993859,44.999999999999886,1.0,0.0,0.0,0.36782728482166216,193.03857842660454,0.9210259833738206,569.8076648805365,524.8076648805365,45.0,1.0,0.0,0.0,0.36782728482166405,193.03857842660688,0.9210259833738207,569.8076648805404,524.8076648805402,45.00000000000023,1.0,0.0,0.0,0.3678272848216658,193.03857842660906,0.9210259833738208,569.807664880544,524.8076648805436,45.000000000000455,1.0,,,0.101,212.69824197194166,2105.9231878410064,2105.9231878410064,0.0,65.2836188230712,0.0,,,275.2467994933759,2.842170943040401e-14,118.35612378215163,4.0,1350.5995280918787,0.0,-0.0,0.0,137.22091205413489
87,1,88,0.1016,0.0,1350.5995280918787,,,,0,0.0,1,2381.1699873343823,2381.1699873343823,-0.0,380.98719797350117,79.0548435795015,0.0,,,361.49810809014514,2381.1699873343823,2285.923187841007,95.2467994933753,2381.1699873343823,0.0,1.0,0.0,0.0,0.15866717638647967,122.75936576274924,0.96,805.9281210420124,773.6909962003319,32.2371248416805,1.0,0.0,0.0,0.15866717638647967,122.75936576274924,0.96,805.9281210420124,773.6909962003319,32.2371248416805,1.0,0.0,0.0,0.15703846620972187,115.97937656464592,0.96,769.3137452503574,738.5411954403431,30.77254981001431,,,,776.4031780297919,2285.923187841007,2105.9231878410064,180.00000000000057,2285.923187841007,-0.0,1.0,0.0,0.0,0.37118978558105875,197.28744274997135,0.9219427841814506,576.5001931993858,531.5001931993859,44.999999999999886,1.0,0.0,0.0,0.36782728482166216,193.03857842660454,0.9210259833738206,569.8076648805365,524.8076648805365,45.0,1.0,0.0,0.0,0.36782728482166405,193.03857842660688,0.9210259833738207,569.8076648805404,524.8076648805402,45.00000000000023,1.0,0.0,0.0,0.3678272848216658,193.03857842660906,0.9210259833738208,569.807664880544,524.8076648805436,45.000000000000455,1.0,,,0.101,212.69824197194166,2105.9231878410064,2105.9231878410064,0.0,65.2836188230712,0.0,,,275.2467994933759,2.842170943040401e-14,118.35612378215163,4.0,1350.5995280918787,0.0,-0.0,0.0,137.22091205413489
88,1,89,0.1016,0.0,1350.5995280918787,,,,0,0.0,1,2381.1699873343823,2381.1699873343823,-0.0,380.98719797350117,79.0548435795015,0.0,,,361.49810809014514,2381.1699873343823,2285.923187841007,95.2467994933753,2381.1699873343823,0.0,1.0,0.0,0.0,0.15866717638647967,122.75936576274924,0.96,805.9281210420124,773.6909962003319,32.2371248416805,1.0,0.0,0.0,0.15866717638647967,122.75936576274924,0.96,805.9281210420124,773.6909962003319,32.2371248416805,1.0,0.0,0.0,0.15703846620972187,115.97937656464592,0.96,769.3137452503574,738.5411954403431,30.77254981001431,,,,776.4031780297919,2285.923187841007,2105.9231878410064,180.00000000000057,2285.923187841007,-0.0,1.0,0.0,0.0,0.37118978558105875,197.28744274997135,0.9219427841814506,576.5001931993858,531.5001931993859,44.999999999999886,1.0,0.0,0.0,0.36782728482166216,193.03857842660454,0.9210259833738206,569.8076648805365,524.8076648805365,45.0,1.0,0.0,0.0,0.36782728482166405,193.03857842660688,0.9210259833738207,569.8076648805404,524.8076648805402,45.00000000000023,1.0,0.0,0.0,0.3678272848216658,193.03857842660906,0.9210259833738208,569.807664880544,524.8076648805436,45.000000000000455,1.0,,,0.101,212.69824197194166,2105.9231878410064,2105.9231878410064,0.0,65.2836188230712,0.0,,,275.2467994933759,2.842170943040401e-14,118.35612378215163,4.0,1350.5995280918787,0.0,-0.0,0.0,137.22091205413489
89,1,90,0.15246,0.0,589.2530754321294,,,,0,0.0,1,1083.333333333333,1083.333333333333,-0.0,173.3333333333333,35.966666666666654,0.0,,,167.74913372077725,1083.333333333333,1039.9999999999995,43.33333333333337,1083.333333333333,0.0,1.0,0.0,0.0,0.1606940910557602,84.85409187298383,0.96,550.0493419119393,528.0473682354617,22.001973676477633,1.0,0.0,0.0,0.16191935875411093,82.89504184779346,0.96,533.2839914213937,511.95263176453795,21.33135965685574,0.0,0.0,1.0,0.27099999999999996,0.0,0.96,0.0,0.0,-0.0,,,,325.5539417113522,1039.9999999999995,950.0,89.99999999998897,1039.999999999989,1.0459189070388675e-11,1.0,0.0,0.0,0.34268835969616135,162.77697085567664,0.9134615384615384,520.0,475.0,45.0,1.0,0.0,0.0,0.342688359696159,162.77697085567553,0.9134615384615579,519.999999999989,475.0,44.99999999998897,0.0,0.0,1.0,0.08724817754776787,0.0,0.8800000000000001,0.0,0.0,0.0,0.0,0.0,1.0,0.08724817754776787,0.0,0.8800000000000001,0.0,0.0,0.0,1.0,,,0.101,95.95,950.0,950.0,0.0,29.45,0.0,,,133.3333333333328,-1.4210854715202004e-14,57.3333333333331,2.0,589.2530754321294,0.0,0.0,0.0,89.83752388038246
90,1,91,0.15246,0.0,589.2530754321294,,,,0,0.0,1,1083.333333333333,1083.333333333333,-0.0,173.3333333333333,35.966666666666654,0.0,,,167.7491337207773,1083.333333333333,1039.9999999999995,43.33333333333337,1083.333333333333,0.0,1.0,0.0,0.0,0.1606940910557602,84.85409187298383,0.96,550.0493419119393,528.0473682354617,22.001973676477633,1.0,0.0,0.0,0.16191935875411093,82.89504184779346,0.96,533.2839914213937,511.95263176453795,21.33135965685574,0.0,0.0,0.0,0.271,0.0,0.96,0.0,0.0,-0.0,,,,325.55394171135214,1039.9999999999995,950.0,89.99999999998886,1039.9999999999889,1.0686562745831907e-11,1.0,0.0,0.0,0.34268835969616135,162.77697085567664,0.9134615384615384,520.0,475.0,45.0,1.0,0.0,0.0,0.34268835969615896,162.7769708556755,0.913461538461558,519.9999999999889,475.0,44.99999999998886,0.0,0.0,0.0,0.08724817754776787,0.0,0.8800000000000001,0.0,0.0,0.0,0.0,0.0,0.0,0.08724817754776787,0.0,0.8800000000000001,0.0,0.0,0.0,1.0,,,0.101,95.95,950.0,950.0,0.0,29.45,0.0,,,133.33333333333292,-1.4210854715202004e-14,57.33333333333315,2.0,589.2530754321294,0.0,0.0,0.0,89.83752388038246
91,1,92,0.15246,0.0,589.2530754321295,,,,0,0.0,1,1083.333333333333,1083.333333333333,-0.0,173.3333333333333,35.966666666666654,0.0,,,167.74913372077742,1083.333333333333,1039.9999999999995,43.33333333333337,1083.333333333333,0.0,1.0,0.0,0.0,0.1606940910557602,84.85409187298383,0.96,550.0493419119393,528.0473682354617,22.001973676477633,1.0,0.0,0.0,0.16191935875411093,82.89504184779346,0.96,533.2839914213937,511.95263176453795,21.33135965685574,0.0,0.0,0.0,0.271,0.0,0.96,0.0,0.0,-0.0,,,,325.55394171135214,1039.9999999999995,950.0,89.99999999998886,1039.9999999999889,1.0686562745831907e-11,1.0,0.0,0.0,0.34268835969616135,162.77697085567664,0.9134615384615384,520.0,475.0,45.0,1.0,0.0,0.0,0.34268835969615896,162.7769708556755,0.913461538461558,519.9999999999889,475.0,44.99999999998886,0.0,0.0,0.0,0.08724817754776787,0.0,0.8800000000000001,0.0,0.0,0.0,0.0,0.0,0.0,0.08724817754776787,0.0,0.8800000000000001,0.0,0.0,0.0,1.0,,,0.101,95.95,950.0,950.0,0.0,29.45,0.0,,,133.33333333333292,-1.4210854715202004e-14,57.33333333333315,2.0,589.2530754321295,0.0,0.0,0.0,89.83752388038248
92,1,93,0.15246,0.0,589.2530754321295,,,,0,0.0,1,1083.333333333333,1083.333333333333,-0.0,173.3333333333333,35.966666666666654,0.0,,,167.74913372077742,1083.333333333333,1039.9999999999995,43.33333333333337,1083.333333333333,0.0,1.0,0.0,0.0,0.1606940910557602,84.85409187298383,0.96,550.0493419119393,528.0473682354617,22.001973676477633,1.0,0.0,0.0,0.16191935875411093,82.89504184779346,0.96,533.2839914213937,511.95263176453795,21.33135965685574,0.0,0.0,0.0,0.27099999999999996,0.0,0.96,0.0,0.0,-0.0,,,,325.55394171135214,1039.9999999999995,950.0,89.99999999998886,1039.9999999999889,1.0686562745831907e-11,1.0,0.0,0.0,0.34268835969616135,162.77697085567664,0.9134615384615384,520.0,475.0,45.0,1.0,0.0,0.0,0.34268835969615896,162.7769708556755,0.913461538461558,519.9999999999889,475.0,44.99999999998886,0.0,0.0,0.0,0.08724817754776787,0.0,0.8800000000000001,0.0,0.0,0.0,0.0,0.0,0.0,0.08724817754776787,0.0,0.8800000000000001,0.0,0.0,0.0,1.0,,,0.101,95.95,950.0,950.0,0.0,29.45,0.0,,,133.33333333333292,-1.4210854715202004e-14,57.33333333333315,2.0,589.2530754321295,0.0,0.0,0.0,89.83752388038248
93,1,94,0.15246,0.0,589.2530754321295,,,,0,0.0,1,1083.333333333333,1083.333333333333,-0.0,173.3333333333333,35.966666666666654,0.0,,,167.74913372077737,1083.333333333333,1039.9999999999995,43.33333333333337,1083.333333333333,0.0,1.0,0.0,0.0,0.1606940910557602,84.85409187298383,0.96,550.0493419119393,528.0473682354617,22.001973676477633,1.0,0.0,0.0,0.16191935875411093,82.89504184779346,0.96,533.2839914213937,511.95263176453795,21.33135965685574,0.0,0.0,0.0,0.271,0.0,0.96,0.0,0.0,-0.0,,,,325.5539417113522,1039.9999999999995,950.0,89.99999999998909,1039.999999999989,1.0459189070388675e-11,1.0,0.0,0.0,0.34268835969616135,162.77697085567664,0.9134615384615384,520.0,475.0,45.0,1.0,0.0,0.0,0.3426883596961591,162.77697085567556,0.9134615384615576,519.9999999999891,475.0,44.999999999989086,0.0,0.0,0.0,0.08724817754776787,0.0,0.8800000000000001,0.0,0.0,0.0,0.0,0.0,0.0,0.08724817754776787,0.0,0.8800000000000001,0.0,0.0,0.0,1.0,,,0.101,95.95,950.0,950.0,0.0,29.45,0.0,,,133.33333333333292,-1.4210854715202004e-14,57.33333333333315,2.0,589.2530754321295,0.0,0.0,0.0,89.83752388038248
94,1,95,0.1016,0.0,1350.584247264895,,,,0,0.0,1,2381.171044804877,2381.171044804877,-0.0,380.98736716878034,79.05487868752192,0.0,,,361.49830623029675,2381.171044804877,2285.9242030126816,95.24684179219526,2381.171044804877,0.0,1.0,0.0,0.0,0.15866719397806908,122.75942970896371,0.96,805.9284515015244,773.6913134414633,32.237138060061056,1.0,0.0,0.0,0.15866719397806908,122.75942970896371,0.96,805.9284515015244,773.6913134414633,32.237138060061056,1.0,1.0,0.0,0.1570384803793248,115.97944681236818,0.96,769.3141418018283,738.5415761297552,30.772565672073142,,,,776.3875965303172,2285.9242030126816,2105.9242030126857,180.00000000001523,2285.9242030127007,-1.9099388737231493e-11,1.0,0.0,0.0,0.3686683478064561,194.096899132578,0.9212572316427721,571.4810507531719,526.4810507531696,45.000000000002274,1.0,0.0,0.0,0.3686683478064563,194.0968991325783,0.9212572316427727,571.481050753172,526.4810507531702,45.00000000000182,1.0,1.0,0.0,0.3686683478064603,194.09689913258205,0.9212572316427612,571.481050753184,526.4810507531746,45.000000000009436,1.0,1.0,0.0,0.36866834780645674,194.09689913257887,0.9212572316427732,571.4810507531728,526.4810507531711,45.000000000001705,1.0,,,0.101,212.69834450428127,2105.9242030126857,2105.9242030126857,0.0,65.28365029339325,0.0,,,275.2468417921914,-8.526512829121202e-14,118.3561419706423,4.0,1350.5842472648953,0.0,-0.0,0.0,137.21935952211334
95,1,96,0.1016,0.0,1350.584247264916,,,,0,0.0,1,2381.171044804877,2381.171044804877,-0.0,380.98736716878034,79.05487868752192,0.0,,,361.4983062302964,2381.171044804877,2285.9242030126816,95.24684179219526,2381.171044804877,0.0,1.0,0.0,0.0,0.15866719397806908,122.75942970896371,0.96,805.9284515015244,773.6913134414633,32.237138060061056,1.0,0.0,0.0,0.15866719397806908,122.75942970896371,0.96,805.9284515015244,773.6913134414633,32.237138060061056,1.0,0.0,0.0,0.1570384803793248,115.97944681236818,0.96,769.3141418018283,738.5415761297552,30.772565672073142,,,,776.3875965303355,2285.9242030126816,2105.924203012713,180.0000000000224,2285.9242030127352,-5.3660187404602766e-11,1.0,0.0,0.0,0.3686683478064612,194.096899132584,0.92125723164277,571.481050753183,526.4810507531787,45.00000000000432,1.0,0.0,0.0,0.3686683478064615,194.09689913258444,0.9212572316427698,571.4810507531838,526.4810507531794,45.000000000004434,1.0,0.0,0.0,0.36866834780646024,194.09689913258197,0.9212572316427611,571.4810507531839,526.4810507531745,45.000000000009436,1.0,0.0,0.0,0.368668347806462,194.0968991325851,0.9212572316427704,571.4810507531846,526.4810507531804,45.000000000004206,1.0,,,0.101,212.69834450428402,2105.924203012713,2105.924203012713,0.0,65.2836502933941,0.0,,,275.246841792164,1.1368683772161603e-13,118.35614197063052,4.0,1350.584247264916,0.0,-0.0,0.0,137.21935952211547
96,1,97,0.1016,0.0,1350.5842472649163,,,,0,0.0,1,2381.171044804877,2381.171044804877,-0.0,380.98736716878034,79.05487868752192,0.0,,,361.49830623029663,2381.171044804877,2285.9242030126816,95.24684179219526,2381.171044804877,0.0,1.0,0.0,0.0,0.15866719397806908,122.75942970896371,0.96,805.9284515015244,773.6913134414633,32.237138060061056,1.0,0.0,0.0,0.15866719397806908,122.75942970896371,0.96,805.9284515015244,773.6913134414633,32.237138060061056,1.0,0.0,0.0,0.1570384803793248,115.97944681236818,0.96,769.3141418018283,738.5415761297552,30.772565672073142,,,,776.3875965303355,2285.9242030126816,2105.9242030127134,180.0000000000208,2285.9242030127343,-5.275069270282984e-11,1.0,0.0,0.0,0.3686683478064604,194.09689913258364,0.9212572316427755,571.4810507531797,526.4810507531788,45.00000000000091,1.0,0.0,0.0,0.3686683478064616,194.0968991325845,0.9212572316427691,571.4810507531843,526.4810507531794,45.00000000000489,1.0,0.0,0.0,0.36866834780646046,194.09689913258214,0.92125723164276,571.4810507531847,526.4810507531746,45.00000000001012,1.0,0.0,0.0,0.3686683478064622,194.0968991325852,0.9212572316427693,571.4810507531854,526.4810507531805,45.00000000000489,1.0,,,0.101,212.69834450428408,2105.9242030127134,2105.9242030127134,0.0,65.28365029339412,0.0,,,275.2468417921633,5.684341886080802e-14,118.35614197063022,4.0,1350.5842472649163,0.0,-0.0,0.0,137.2193595221155
97,1,98,0.1016,0.0,1350.5842472649165,,,,0,0.0,1,2381.171044804877,2381.171044804877,-0.0,380.98736716878034,79.05487868752192,0.0,,,361.4983062302962,2381.171044804877,2285.9242030126816,95.24684179219526,2381.171044804877,0.0,1.0,0.0,0.0,0.15866719397806908,122.75942970896371,0.96,805.9284515015244,773.6913134414633,32.237138060061056,1.0,0.0,0.0,0.15866719397806908,122.75942970896371,0.96,805.9284515015244,773.6913134414633,32.237138060061056,1.0,0.0,0.0,0.1570384803793248,115.97944681236818,0.96,769.3141418018283,738.5415761297552,30.772565672073142,,,,776.387596530336,2285.9242030126816,2105.9242030127134,180.00000000002512,2285.9242030127384,-5.6843418860808015e-11,1.0,0.0,0.0,0.3686683478064614,194.09689913258413,0.9212572316427685,571.4810507531839,526.4810507531787,45.00000000000523,1.0,0.0,0.0,0.36866834780646174,194.0968991325846,0.9212572316427691,571.4810507531844,526.4810507531795,45.00000000000489,1.0,0.0,0.0,0.3686683478064605,194.0968991325822,0.92125723164276,571.4810507531848,526.4810507531747,45.00000000001012,1.0,0.0,0.0,0.3686683478064621,194.09689913258515,0.9212572316427693,571.4810507531853,526.4810507531804,45.00000000000489,1.0,,,0.101,212.69834450428408,2105.9242030127134,2105.9242030127134,0.0,65.28365029339412,0.0,,,275.24684179216354,1.7053025658242404e-13,118.35614197063032,4.0,1350.5842472649165,0.0,-0.0,0.0,137.2193595221155
98,1,99,0.1016,0.0,1350.5842472649165,,,,0,0.0,1,2381.171044804877,2381.171044804877,-0.0,380.98736716878034,79.05487868752192,0.0,,,361.4983062302963,2381.171044804877,2285.9242030126816,95.24684179219526,2381.171044804877,0.0,1.0,0.0,0.0,0.15866719397806908,122.75942970896371,0.96,805.9284515015244,773.6913134414633,32.237138060061056,1.0,0.0,0.0,0.15866719397806908,122.75942970896371,0.96,805.9284515015244,773.6913134414633,32.237138060061056,1.0,0.0,0.0,0.1570384803793248,115.97944681236818,0.96,769.3141418018283,738.5415761297552,30.772565672073142,,,,776.387596530336,2285.9242030126816,2105.9242030127134,180.00000000002512,2285.9242030127384,-5.6843418860808015e-11,1.0,0.0,0.0,0.36866834780646146,194.0968991325842,0.9212572316427685,571.481050753184,526.4810507531788,45.00000000000523,1.0,0.0,0.0,0.3686683478064616,194.0968991325845,0.9212572316427691,571.4810507531843,526.4810507531794,45.00000000000489,1.0,0.0,0.0,0.36866834780646046,194.09689913258214,0.92125723164276,571.4810507531847,526.4810507531746,45.00000000001012,1.0,0.0,0.0,0.3686683478064622,194.0968991325852,0.9212572316427693,571.4810507531854,526.4810507531805,45.00000000000489,1.0,,,0.101,212.69834450428408,2105.9242030127134,2105.9242030127134,0.0,65.28365029339412,0.0,,,275.24684179216354,5.684341886080802e-14,118.35614197063032,4.0,1350.5842472649163,0.0,-0.0,0.0,137.2193595221155
99,1,100,0.1016,0.0,1350.584247264917,,,,0,0.0,1,2381.171044804877,2381.171044804877,-0.0,380.98736716878034,79.05487868752192,0.0,,,361.4983062302965,2381.171044804877,2285.9242030126816,95.24684179219526,2381.171044804877,0.0,1.0,0.0,0.0,0.15866719397806908,122.75942970896371,0.96,805.9284515015244,773.6913134414633,32.237138060061056,1.0,0.0,0.0,0.15866719397806908,122.75942970896371,0.96,805.9284515015244,773.6913134414633,32.237138060061056,1.0,0.0,0.0,0.1570384803793248,115.97944681236818,0.96,769.3141418018283,738.5415761297552,30.772565672073142,,,,776.3875965303363,2285.9242030126816,2105.9242030127134,180.00000000002512,2285.924203012739,-5.729816621169448e-11,1.0,0.0,0.0,0.36866834780646146,194.0968991325842,0.9212572316427685,571.481050753184,526.4810507531788,45.00000000000523,1.0,0.0,0.0,0.36866834780646174,194.0968991325846,0.9212572316427691,571.4810507531844,526.4810507531795,45.00000000000489,1.0,0.0,0.0,0.3686683478064605,194.0968991325822,0.92125723164276,571.4810507531848,526.4810507531747,45.00000000001012,1.0,0.0,0.0,0.3686683478064622,194.0968991325852,0.9212572316427693,571.4810507531854,526.4810507531805,45.00000000000489,1.0,,,0.101,212.69834450428408,2105.9242030127134,2105.9242030127134,0.0,65.28365029339412,0.0,,,275.2468417921631,5.684341886080802e-14,118.35614197063012,4.0,1350.5842472649167,0.0,-0.0,0.0,137.21935952211555
100,1,101,0.1016,0.0,1350.5842472649163,,,,0,0.0,1,2381.171044804877,2381.171044804877,-0.0,380.98736716878034,79.05487868752192,0.0,,,361.4983062302965,2381.171044804877,2285.9242030126816,95.24684179219526,2381.171044804877,0.0,1.0,0.0,0.0,0.15866719397806908,122.75942970896371,0.96,805.9284515015244,773.6913134414633,32.237138060061056,1.0,0.0,0.0,0.15866719397806908,122.75942970896371,0.96,805.9284515015244,773.6913134414633,32.237138060061056,1.0,0.0,0.0,0.1570384803793248,115.97944681236818,0.96,769.3141418018283,738.5415761297552,30.772565672073142,,,,776.3875965303357,2285.9242030126816,2105.9242030127134,180.00000000002115,2285.924203012735,-5.32054400537163e-11,1.0,0.0,0.0,0.3686683478064614,194.09689913258413,0.9212572316427685,571.4810507531839,526.4810507531787,45.00000000000523,1.0,0.0,0.0,0.36866834780646174,194.0968991325846,0.9212572316427691,571.4810507531844,526.4810507531795,45.00000000000489,1.0,0.0,0.0,0.3686683478064605,194.0968991325822,0.92125723164276,571.4810507531848,526.4810507531747,45.00000000001012,1.0,0.0,0.0,0.3686683478064613,194.09689913258475,0.9212572316427757,571.4810507531814,526.4810507531805,45.00000000000091,1.0,,,0.101,212.69834450428408,2105.9242030127134,2105.9242030127134,0.0,65.28365029339412,0.0,,,275.2468417921632,-5.684341886080802e-14,118.35614197063018,4.0,1350.5842472649163,0.0,-0.0,0.0,137.2193595221155
101,1,102,0.1016,0.0,1350.5842472649165,,,,0,0.0,1,2381.171044804877,2381.171044804877,-0.0,380.98736716878034,79.05487868752192,0.0,,,361.4983062302963,2381.171044804877,2285.9242030126816,95.24684179219526,2381.171044804877,0.0,1.0,0.0,0.0,0.15866719397806908,122.75942970896371,0.96,805.9284515015244,773.6913134414633,32.237138060061056,1.0,0.0,0.0,0.15866719397806908,122.75942970896371,0.96,805.9284515015244,773.6913134414633,32.237138060061056,1.0,0.0,0.0,0.1570384803793248,115.97944681236818,0.96,769.3141418018283,738.5415761297552,30.772565672073142,,,,776.387596530336,2285.9242030126816,2105.9242030127134,180.00000000002512,2285.9242030127384,-5.6843418860808015e-11,1.0,0.0,0.0,0.36866834780646146,194.0968991325842,0.9212572316427685,571.481050753184,526.4810507531788,45.00000000000523,1.0,0.0,0.0,0.3686683478064616,194.0968991325845,0.9212572316427691,571.4810507531843,526.4810507531794,45.00000000000489,1.0,0.0,0.0,0.36866834780646046,194.09689913258214,0.92125723164276,571.4810507531847,526.4810507531746,45.00000000001012,1.0,0.0,0.0,0.3686683478064622,194.0968991325852,0.9212572316427693,571.4810507531854,526.4810507531805,45.00000000000489,1.0,,,0.101,212.69834450428408,2105.9242030127134,2105.9242030127134,0.0,65.28365029339412,0.0,,,275.24684179216354,5.684341886080802e-14,118.35614197063032,4.0,1350.5842472649163,0.0,-0.0,0.0,137.2193595221155
102,1,103,0.1016,0.0,1350.584247264917,,,,0,0.0,1,2381.171044804877,2381.171044804877,-0.0,380.98736716878034,79.05487868752192,0.0,,,361.4983062302965,2381.171044804877,2285.9242030126816,95.24684179219526,2381.171044804877,0.0,1.0,0.0,0.0,0.15866719397806908,122.75942970896371,0.96,805.9284515015244,773.6913134414633,32.237138060061056,1.0,0.0,0.0,0.15866719397806908,122.75942970896371,0.96,805.9284515015244,773.6913134414633,32.237138060061056,1.0,0.0,0.0,0.1570384803793248,115.97944681236818,0.96,769.3141418018283,738.5415761297552,30.772565672073142,,,,776.3875965303363,2285.9242030126816,2105.924203012714,180.00000000002512,2285.924203012739,-5.729816621169448e-11,1.0,0.0,0.0,0.3686683478064615,194.0968991325843,0.9212572316427685,571.4810507531841,526.4810507531789,45.00000000000523,1.0,0.0,0.0,0.36866834780646174,194.0968991325846,0.9212572316427691,571.4810507531844,526.4810507531795,45.00000000000489,1.0,0.0,0.0,0.36866834780646046,194.09689913258214,0.92125723164276,571.4810507531847,526.4810507531746,45.00000000001012,1.0,0.0,0.0,0.3686683478064622,194.0968991325852,0.9212572316427693,571.4810507531854,526.4810507531805,45.00000000000489,1.0,,,0.101,212.6983445042841,2105.924203012714,2105.924203012714,0.0,65.28365029339413,0.0,,,275.2468417921631,2.842170943040401e-14,118.35614197063012,4.0,1350.5842472649167,0.0,-0.0,0.0,137.21935952211555
103,1,104,0.1016,0.0,1350.5842472649167,,,,0,0.0,1,2381.171044804877,2381.171044804877,-0.0,380.98736716878034,79.05487868752192,0.0,,,361.4983062302965,2381.171044804877,2285.9242030126816,95.24684179219526,2381.171044804877,0.0,1.0,0.0,0.0,0.15866719397806908,122.75942970896371,0.96,805.9284515015244,773.6913134414633,32.237138060061056,1.0,0.0,0.0,0.15866719397806908,122.75942970896371,0.96,805.9284515015244,773.6913134414633,32.237138060061056,1.0,0.0,0.0,0.1570384803793248,115.97944681236818,0.96,769.3141418018283,738.5415761297552,30.772565672073142,,,,776.3875965303362,2285.9242030126816,2105.9242030127134,180.00000000002512,2285.9242030127384,-5.6843418860808015e-11,1.0,0.0,0.0,0.3686683478064615,194.0968991325843,0.9212572316427685,571.4810507531841,526.4810507531789,45.00000000000523,1.0,0.0,0.0,0.36866834780646174,194.0968991325846,0.9212572316427691,571.4810507531844,526.4810507531795,45.00000000000489,1.0,0.0,0.0,0.3686683478064605,194.0968991325822,0.92125723164276,571.4810507531848,526.4810507531747,45.00000000001012,1.0,0.0,0.0,0.3686683478064621,194.09689913258515,0.9212572316427693,571.4810507531853,526.4810507531804,45.00000000000489,1.0,,,0.101,212.69834450428408,2105.9242030127134,2105.9242030127134,0.0,65.28365029339412,0.0,,,275.24684179216354,-5.684341886080802e-14,118.35614197063032,4.0,1350.5842472649167,0.0,-0.0,0.0,137.21935952211552
104,1,105,0.1016,0.0,1350.5842472649167,,,,0,0.0,1,2381.171044804877,2381.171044804877,-0.0,380.98736716878034,79.05487868752192,0.0,,,361.4983062302965,2381.171044804877,2285.9242030126816,95.24684179219526,2381.171044804877,0.0,1.0,0.0,0.0,0.15866719397806908,122.75942970896371,0.96,805.9284515015244,773.6913134414633,32.237138060061056,1.0,0.0,0.0,0.15866719397806908,122.75942970896371,0.96,805.9284515015244,773.6913134414633,32.237138060061056,1.0,0.0,0.0,0.1570384803793248,115.97944681236818,0.96,769.3141418018283,738.5415761297552,30.772565672073142,,,,776.3875965303362,2285.9242030126816,2105.9242030127134,180.00000000002512,2285.924203012739,-5.729816621169448e-11,1.0,0.0,0.0,0.36866834780646146,194.0968991325842,0.9212572316427685,571.481050753184,526.4810507531788,45.00000000000523,1.0,0.0,0.0,0.3686683478064616,194.0968991325845,0.9212572316427691,571.4810507531843,526.4810507531794,45.00000000000489,1.0,0.0,0.0,0.3686683478064605,194.0968991325822,0.92125723164276,571.4810507531848,526.4810507531747,45.00000000001012,1.0,0.0,0.0,0.3686683478064622,194.0968991325852,0.9212572316427693,571.4810507531854,526.4810507531805,45.00000000000489,1.0,,,0.101,212.69834450428408,2105.9242030127134,2105.9242030127134,0.0,65.28365029339412,0.0,,,275.2468417921631,-5.684341886080802e-14,118.35614197063012,4.0,1350.5842472649167,0.0,-0.0,0.0,137.21935952211552
105,1,106,0.1016,0.0,1350.5842472649165,,,,0,0.0,1,2381.171044804877,2381.171044804877,-0.0,380.98736716878034,79.05487868752192,0.0,,,361.4983062302964,2381.171044804877,2285.9242030126816,95.24684179219526,2381.171044804877,0.0,1.0,0.0,0.0,0.15866719397806908,122.75942970896371,0.96,805.9284515015244,773.6913134414633,32.237138060061056,1.0,0.0,0.0,0.15866719397806908,122.75942970896371,0.96,805.9284515015244,773.6913134414633,32.237138060061056,1.0,0.0,0.0,0.1570384803793248,115.97944681236818,0.96,769.3141418018283,738.5415761297552,30.772565672073142,,,,776.387596530336,2285.9242030126816,2105.9242030127134,180.00000000002512,2285.9242030127384,-5.6843418860808015e-11,1.0,0.0,0.0,0.36866834780646146,194.0968991325842,0.9212572316427685,571.481050753184,526.4810507531788,45.00000000000523,1.0,0.0,0.0,0.3686683478064616,194.0968991325845,0.9212572316427691,571.4810507531843,526.4810507531794,45.00000000000489,1.0,0.0,0.0,0.3686683478064605,194.0968991325822,0.92125723164276,571.4810507531848,526.4810507531747,45.00000000001012,1.0,0.0,0.0,0.3686683478064621,194.09689913258515,0.9212572316427693,571.4810507531853,526.4810507531804,45.00000000000489,1.0,,,0.101,212.69834450428408,2105.9242030127134,2105.9242030127134,0.0,65.28365029339412,0.0,,,275.24684179216354,-5.684341886080802e-14,118.35614197063032,4.0,1350.5842472649165,0.0,-0.0,0.0,137.2193595221155
106,1,107,0.1016,0.0,1350.5842472649165,,,,0,0.0,1,2381.171044804877,2381.171044804877,-0.0,380.98736716878034,79.05487868752192,0.0,,,361.4983062302962,2381.171044804877,2285.9242030126816,95.24684179219526,2381.171044804877,0.0,1.0,0.0,0.0,0.15866719397806908,122.75942970896371,0.96,805.9284515015244,773.6913134414633,32.237138060061056,1.0,0.0,0.0,0.15866719397806908,122.75942970896371,0.96,805.9284515015244,773.6913134414633,32.237138060061056,1.0,0.0,0.0,0.1570384803793248,115.97944681236818,0.96,769.3141418018283,738.5415761297552,30.772565672073142,,,,776.387596530336,2285.9242030126816,2105.9242030127134,180.00000000002512,2285.9242030127384,-5.6843418860808015e-11,1.0,0.0,0.0,0.3686683478064614,194.09689913258413,0.9212572316427685,571.4810507531839,526.4810507531787,45.00000000000523,1.0,0.0,0.0,0.36866834780646174,194.0968991325846,0.9212572316427691,571.4810507531844,526.4810507531795,45.00000000000489,1.0,0.0,0.0,0.36866834780646046,194.09689913258214,0.92125723164276,571.4810507531847,526.4810507531746,45.00000000001012,1.0,0.0,0.0,0.3686683478064621,194.09689913258515,0.9212572316427693,571.4810507531853,526.4810507531804,45.00000000000489,1.0,,,0.101,212.69834450428408,2105.9242030127134,2105.9242030127134,0.0,65.28365029339412,0.0,,,275.24684179216354,1.7053025658242404e-13,118.35614197063032,4.0,1350.5842472649165,0.0,-0.0,0.0,137.2193595221155
107,1,108,0.1016,0.0,1350.5842472649165,,,,0,0.0,1,2381.171044804877,2381.171044804877,-0.0,380.98736716878034,79.05487868752192,0.0,,,361.4983062302964,2381.171044804877,2285.9242030126816,95.24684179219526,2381.171044804877,0.0,1.0,0.0,0.0,0.15866719397806908,122.75942970896371,0.96,805.9284515015244,773.6913134414633,32.237138060061056,1.0,0.0,0.0,0.15866719397806908,122.75942970896371,0.96,805.9284515015244,773.6913134414633,32.237138060061056,1.0,0.0,0.0,0.1570384803793248,115.97944681236818,0.96,769.3141418018283,738.5415761297552,30.772565672073142,,,,776.387596530336,2285.9242030126816,2105.9242030127134,180.00000000002512,2285.9242030127384,-5.6843418860808015e-11,1.0,0.0,0.0,0.36866834780646146,194.0968991325842,0.9212572316427685,571.481050753184,526.4810507531788,45.00000000000523,1.0,0.0,0.0,0.36866834780646174,194.0968991325846,0.9212572316427691,571.4810507531844,526.4810507531795,45.00000000000489,1.0,0.0,0.0,0.36866834780646046,194.09689913258214,0.92125723164276,571.4810507531847,526.4810507531746,45.00000000001012,1.0,0.0,0.0,0.3686683478064621,194.09689913258515,0.9212572316427693,571.4810507531853,526.4810507531804,45.00000000000489,1.0,,,0.101,212.69834450428408,2105.9242030127134,2105.9242030127134,0.0,65.28365029339412,0.0,,,275.24684179216354,-5.684341886080802e-14,118.35614197063032,4.0,1350.5842472649165,0.0,-0.0,0.0,137.2193595221155
108,1,109,0.1016,0.0,1350.584247264917,,,,0,0.0,1,2381.171044804877,2381.171044804877,-0.0,380.98736716878034,79.05487868752192,0.0,,,361.4983062302964,2381.171044804877,2285.9242030126816,95.24684179219526,2381.171044804877,0.0,1.0,0.0,0.0,0.15866719397806908,122.75942970896371,0.96,805.9284515015244,773.6913134414633,32.237138060061056,1.0,0.0,0.0,0.15866719397806908,122.75942970896371,0.96,805.9284515015244,773.6913134414633,32.237138060061056,1.0,0.0,0.0,0.1570384803793248,115.97944681236818,0.96,769.3141418018283,738.5415761297552,30.772565672073142,,,,776.3875965303363,2285.9242030126816,2105.9242030127134,180.00000000002512,2285.924203012739,-5.729816621169448e-11,1.0,0.0,0.0,0.36866834780646146,194.0968991325842,0.9212572316427685,571.481050753184,526.4810507531788,45.00000000000523,1.0,0.0,0.0,0.36866834780646174,194.0968991325846,0.9212572316427691,571.4810507531844,526.4810507531795,45.00000000000489,1.0,0.0,0.0,0.3686683478064605,194.0968991325822,0.92125723164276,571.4810507531848,526.4810507531747,45.00000000001012,1.0,0.0,0.0,0.3686683478064622,194.0968991325852,0.9212572316427693,571.4810507531854,526.4810507531805,45.00000000000489,1.0,,,0.101,212.69834450428408,2105.9242030127134,2105.9242030127134,0.0,65.28365029339412,0.0,,,275.2468417921631,1.7053025658242404e-13,118.35614197063012,4.0,1350.584247264917,0.0,-0.0,0.0,137.21935952211555
109,1,110,0.1016,0.0,1350.5842472649167,,,,0,0.0,1,2381.171044804877,2381.171044804877,-0.0,380.98736716878034,79.05487868752192,0.0,,,361.4983062302965,2381.171044804877,2285.9242030126816,95.24684179219526,2381.171044804877,0.0,1.0,0.0,0.0,0.15866719397806908,122.75942970896371,0.96,805.9284515015244,773.6913134414633,32.237138060061056,1.0,0.0,0.0,0.15866719397806908,122.75942970896371,0.96,805.9284515015244,773.6913134414633,32.237138060061056,1.0,0.0,0.0,0.1570384803793248,115.97944681236818,0.96,769.3141418018283,738.5415761297552,30.772565672073142,,,,776.3875965303362,2285.9242030126816,2105.9242030127134,180.00000000002512,2285.924203012739,-5.729816621169448e-11,1.0,0.0,0.0,0.36866834780646146,194.0968991325842,0.9212572316427685,571.481050753184,526.4810507531788,45.00000000000523,1.0,0.0,0.0,0.36866834780646174,194.0968991325846,0.9212572316427691,571.4810507531844,526.4810507531795,45.00000000000489,1.0,0.0,0.0,0.36866834780646046,194.09689913258214,0.92125723164276,571.4810507531847,526.4810507531746,45.00000000001012,1.0,0.0,0.0,0.3686683478064622,194.0968991325852,0.9212572316427693,571.4810507531854,526.4810507531805,45.00000000000489,1.0,,,0.101,212.69834450428408,2105.9242030127134,2105.9242030127134,0.0,65.28365029339412,0.0,,,275.2468417921631,-5.684341886080802e-14,118.35614197063012,4.0,1350.5842472649167,0.0,-0.0,0.0,137.21935952211552
110,1,111,0.1016,0.0,1350.5842472649165,,,,0,0.0,1,2381.171044804877,2381.171044804877,-0.0,380.98736716878034,79.05487868752192,0.0,,,361.4983062302963,2381.171044804877,2285.9242030126816,95.24684179219526,2381.171044804877,0.0,1.0,0.0,0.0,0.15866719397806908,122.75942970896371,0.96,805.9284515015244,773.6913134414633,32.237138060061056,1.0,0.0,0.0,0.15866719397806908,122.75942970896371,0.96,805.9284515015244,773.6913134414633,32.237138060061056,1.0,0.0,0.0,0.1570384803793248,115.97944681236818,0.96,769.3141418018283,738.5415761297552,30.772565672073142,,,,776.387596530336,2285.9242030126816,2105.9242030127134,180.00000000002512,2285.9242030127384,-5.6843418860808015e-11,1.0,0.0,0.0,0.3686683478064615,194.0968991325843,0.9212572316427685,571.4810507531841,526.4810507531789,45.00000000000523,1.0,0.0,0.0,0.3686683478064616,194.0968991325845,0.9212572316427691,571.4810507531843,526.4810507531794,45.00000000000489,1.0,0.0,0.0,0.3686683478064605,194.0968991325822,0.92125723164276,571.4810507531848,526.4810507531747,45.00000000001012,1.0,0.0,0.0,0.3686683478064621,194.09689913258515,0.9212572316427693,571.4810507531853,526.4810507531804,45.00000000000489,1.0,,,0.101,212.69834450428408,2105.9242030127134,2105.9242030127134,0.0,65.28365029339412,0.0,,,275.24684179216354,5.684341886080802e-14,118.35614197063032,4.0,1350.5842472649163,0.0,-0.0,0.0,137.2193595221155
111,1,112,0.1016,0.0,1350.584247264917,,,,0,0.0,1,2381.171044804877,2381.171044804877,-0.0,380.98736716878034,79.05487868752192,0.0,,,361.49830623029663,2381.171044804877,2285.9242030126816,95.24684179219526,2381.171044804877,0.0,1.0,0.0,0.0,0.15866719397806908,122.75942970896371,0.96,805.9284515015244,773.6913134414633,32.237138060061056,1.0,0.0,0.0,0.15866719397806908,122.75942970896371,0.96,805.9284515015244,773.6913134414633,32.237138060061056,1.0,0.0,0.0,0.1570384803793248,115.97944681236818,0.96,769.3141418018283,738.5415761297552,30.772565672073142,,,,776.3875965303363,2285.9242030126816,2105.9242030127134,180.00000000002512,2285.924203012739,-5.729816621169448e-11,1.0,0.0,0.0,0.36866834780646146,194.0968991325842,0.9212572316427685,571.481050753184,526.4810507531788,45.00000000000523,1.0,0.0,0.0,0.36866834780646174,194.0968991325846,0.9212572316427691,571.4810507531844,526.4810507531795,45.00000000000489,1.0,0.0,0.0,0.3686683478064605,194.0968991325822,0.92125723164276,571.4810507531848,526.4810507531747,45.00000000001012,1.0,0.0,0.0,0.3686683478064622,194.0968991325852,0.9212572316427693,571.4810507531854,526.4810507531805,45.00000000000489,1.0,,,0.101,212.69834450428408,2105.9242030127134,2105.9242030127134,0.0,65.28365029339412,0.0,,,275.2468417921631,-5.684341886080802e-14,118.35614197063012,4.0,1350.584247264917,0.0,-0.0,0.0,137.21935952211555
112,1,113,0.1016,0.0,1350.5842472649165,,,,0,0.0,1,2381.171044804877,2381.171044804877,-0.0,380.98736716878034,79.05487868752192,0.0,,,361.4983062302963,2381.171044804877,2285.9242030126816,95.24684179219526,2381.171044804877,0.0,1.0,0.0,0.0,0.15866719397806908,122.75942970896371,0.96,805.9284515015244,773.6913134414633,32.237138060061056,1.0,0.0,0.0,0.15866719397806908,122.75942970896371,0.96,805.9284515015244,773.6913134414633,32.237138060061056,1.0,0.0,0.0,0.1570384803793248,115.97944681236818,0.96,769.3141418018283,738.5415761297552,30.772565672073142,,,,776.387596530336,2285.9242030126816,2105.9242030127134,180.00000000002512,2285.9242030127384,-5.6843418860808015e-11,1.0,0.0,0.0,0.3686683478064615,194.0968991325843,0.9212572316427685,571.4810507531841,526.4810507531789,45.00000000000523,1.0,0.0,0.0,0.3686683478064616,194.0968991325845,0.9212572316427691,571.4810507531843,526.4810507531794,45.00000000000489,1.0,0.0,0.0,0.36866834780646046,194.09689913258214,0.92125723164276,571.4810507531847,526.4810507531746,45.00000000001012,1.0,0.0,0.0,0.3686683478064621,194.09689913258515,0.9212572316427693,571.4810507531853,526.4810507531804,45.00000000000489,1.0,,,0.101,212.69834450428408,2105.9242030127134,2105.9242030127134,0.0,65.28365029339412,0.0,,,275.24684179216354,5.684341886080802e-14,118.35614197063032,4.0,1350.5842472649163,0.0,-0.0,0.0,137.2193595221155
113,1,114,0.15246,0.0,589.8672462805766,,,,0,0.0,1,1084.1363200943874,1084.1363200943874,-0.0,173.461811215102,35.99332582713366,0.0,,,167.83536221366023,1084.1363200943874,1040.770867290612,43.3654528037755,1084.1363200943874,0.0,1.0,0.0,0.0,0.16126062660706275,83.91768110683012,0.96,542.0681600471937,520.385433645306,21.68272640188775,1.0,0.0,0.0,0.16126062660706275,83.91768110683012,0.96,542.0681600471937,520.385433645306,21.68272640188775,0.0,0.0,1.0,0.27099999999999996,0.0,0.96,0.0,0.0,-0.0,,,,326.0040264705633,1040.770867290612,950.7708672906244,89.99999999998602,1040.7708672906106,1.3642420526593924e-12,1.0,0.0,0.0,0.34307913081020924,163.22705561488684,0.9135896363901715,520.7708672906119,475.77086729062444,44.999999999987494,1.0,0.0,0.0,0.34268835969616107,162.7769708556765,0.9134615384615411,519.9999999999985,475.0,44.99999999999852,0.0,0.0,1.0,0.08724817754776787,0.0,0.8800000000000001,0.0,0.0,0.0,0.0,0.0,1.0,0.08724817754776787,0.0,0.8800000000000001,0.0,0.0,0.0,1.0,,,0.101,96.02785759635307,950.7708672906244,950.7708672906244,0.0,29.473896886009356,0.0,,,133.36545280376288,2.842170943040401e-14,57.347144705618035,2.0,589.8672462805766,0.0,0.0,0.0,89.93116036793673
114,1,115,0.15246,0.0,589.8672462805768,,,,0,0.0,1,1084.1363200943874,1084.1363200943874,-0.0,173.461811215102,35.99332582713366,0.0,,,167.83536221366023,1084.1363200943874,1040.770867290612,43.3654528037755,1084.1363200943874,0.0,1.0,0.0,0.0,0.16126062660706275,83.91768110683012,0.96,542.0681600471937,520.385433645306,21.68272640188775,1.0,0.0,0.0,0.16126062660706275,83.91768110683012,0.96,542.0681600471937,520.385433645306,21.68272640188775,0.0,0.0,0.0,0.27099999999999996,0.0,0.96,0.0,0.0,-0.0,,,,326.0040264705634,1040.770867290612,950.7708672906247,89.99999999998585,1040.7708672906106,1.3642420526593924e-12,1.0,0.0,0.0,0.34307913081020924,163.2270556148869,0.9135896363901719,520.7708672906119,475.7708672906246,44.999999999987324,1.0,0.0,0.0,0.34268835969616107,162.7769708556765,0.9134615384615411,519.9999999999985,475.0,44.99999999999852,0.0,0.0,0.0,0.08724817754776787,0.0,0.8800000000000001,0.0,0.0,0.0,0.0,0.0,0.0,0.08724817754776787,0.0,0.8800000000000001,0.0,0.0,0.0,1.0,,,0.101,96.0278575963531,950.7708672906247,950.7708672906247,0.0,29.473896886009364,0.0,,,133.3654528037627,0.0,57.347144705617964,2.0,589.8672462805768,0.0,0.0,0.0,89.93116036793674
115,1,116,0.15246,0.0,589.8672462805777,,,,0,0.0,1,1084.1363200943874,1084.1363200943874,-0.0,173.461811215102,35.99332582713366,0.0,,,167.83536221366023,1084.1363200943874,1040.770867290612,43.3654528037755,1084.1363200943874,0.0,1.0,0.0,0.0,0.16126062660706275,83.91768110683012,0.96,542.0681600471937,520.385433645306,21.68272640188775,1.0,0.0,0.0,0.16126062660706275,83.91768110683012,0.96,542.0681600471937,520.385433645306,21.68272640188775,0.0,0.0,0.0,0.27099999999999996,0.0,0.96,0.0,0.0,-0.0,,,,326.0040264705642,1040.770867290612,950.770867290626,89.99999999998596,1040.770867290612,-0.0,1.0,0.0,0.0,0.3430791308102097,163.22705561488758,0.9135896363901745,520.7708672906119,475.770867290626,44.99999999998596,1.0,0.0,0.0,0.34268835969616135,162.77697085567664,0.9134615384615384,520.0,475.0,45.0,0.0,0.0,0.0,0.08724817754776787,0.0,0.8800000000000001,0.0,0.0,0.0,0.0,0.0,0.0,0.08724817754776787,0.0,0.8800000000000001,0.0,0.0,0.0,1.0,,,0.101,96.02785759635323,950.770867290626,950.770867290626,0.0,29.473896886009406,0.0,,,133.36545280376146,-1.4210854715202004e-14,57.347144705617424,2.0,589.8672462805777,0.0,0.0,0.0,89.93116036793688
116,1,117,0.15246,0.0,589.8672462805771,,,,0,0.0,1,1084.1363200943874,1084.1363200943874,-0.0,173.461811215102,35.99332582713366,0.0,,,167.83536221366018,1084.1363200943874,1040.770867290612,43.3654528037755,1084.1363200943874,0.0,1.0,0.0,0.0,0.16126062660706275,83.91768110683012,0.96,542.0681600471937,520.385433645306,21.68272640188775,1.0,0.0,0.0,0.16126062660706275,83.91768110683012,0.96,542.0681600471937,520.385433645306,21.68272640188775,0.0,0.0,0.0,0.27099999999999996,0.0,0.96,0.0,0.0,-0.0,,,,326.00402647056376,1040.770867290612,950.7708672906253,89.9999999999846,1040.77086729061,1.8189894035458565e-12,1.0,0.0,0.0,0.34307913081020946,163.2270556148873,0.9135896363901734,520.7708672906119,475.7708672906254,44.99999999998653,1.0,0.0,0.0,0.34268835969616096,162.77697085567647,0.9134615384615418,519.9999999999981,475.0,44.99999999999807,0.0,0.0,0.0,0.08724817754776787,0.0,0.8800000000000001,0.0,0.0,0.0,0.0,0.0,0.0,0.08724817754776787,0.0,0.8800000000000001,0.0,0.0,0.0,1.0,,,0.101,96.02785759635317,950.7708672906253,950.7708672906253,0.0,29.473896886009385,0.0,,,133.3654528037619,-1.4210854715202004e-14,57.34714470561762,2.0,589.8672462805771,0.0,0.0,0.0,89.9311603679368
117,1,118,0.15246,0.0,589.8672462805769,,,,0,0.0,1,1084.1363200943874,1084.1363200943874,-0.0,173.461811215102,35.99332582713366,0.0,,,167.83536221366023,1084.1363200943874,1040.770867290612,43.3654528037755,1084.1363200943874,0.0,1.0,0.0,0.0,0.16126062660706275,83.91768110683012,0.96,542.0681600471937,520.385433645306,21.68272640188775,1.0,0.0,0.0,0.16126062660706275,83.91768110683012,0.96,542.0681600471937,520.385433645306,21.68272640188775,0.0,0.0,0.0,0.27099999999999996,0.0,0.96,0.0,0.0,-0.0,,,,326.00402647056353,1040.770867290612,950.770867290625,89.999999999985,1040.77086729061,1.8189894035458565e-12,1.0,0.0,0.0,0.34307913081020935,163.2270556148871,0.9135896363901727,520.7708672906119,475.770867290625,44.999999999986926,1.0,0.0,0.0,0.34268835969616096,162.77697085567647,0.9134615384615418,519.9999999999981,475.0,44.99999999999807,0.0,0.0,0.0,0.08724817754776787,0.0,0.8800000000000001,0.0,0.0,0.0,0.0,0.0,0.0,0.08724817754776787,0.0,0.8800000000000001,0.0,0.0,0.0,1.0,,,0.101,96.02785759635313,950.770867290625,950.770867290625,0.0,29.473896886009374,0.0,,,133.3654528037623,-2.842170943040401e-14,57.347144705617794,2.0,589.8672462805769,0.0,0.0,0.0,89.93116036793676
118,1,119,0.1016,0.0,1093.5453714524444,,,,0,0.0,1,1875.0000000000034,1875.0000000000034,-0.0,300.00000000000057,62.250000000000114,0.0,,,287.7324315643009,1875.0000000000034,1800.0000000000032,75.00000000000011,1875.0000000000034,0.0,1.0,0.0,0.0,0.15791947935766631,119.89706935063963,0.96,790.863679905616,759.2291327093914,31.634547196224617,1.0,0.0,0.0,0.16126062660706275,83.91768110683012,0.96,542.0681600471937,520.385433645306,21.68272640188775,1.0,1.0,0.0,0.16126062660706278,83.91768110683013,0.96,542.0681600471937,520.385433645306,21.68272640188775,,,,637.6479398881436,1800.0000000000032,1665.0,135.0,1800.0,3.183231456205249e-12,1.0,0.0,0.0,0.3829717356685547,212.54931329604784,0.925,600.0,555.0,45.0,1.0,0.0,0.0,0.3829717356685547,212.54931329604784,0.925,600.0,555.0,45.0,1.0,1.0,0.0,0.3829717356685547,212.54931329604784,0.925,600.0,555.0,45.0,0.0,0.0,0.0,0.08724817754776787,0.0,0.8800000000000001,0.0,0.0,0.0,1.0,,,0.101,168.16500000000002,1665.0,1665.0,0.0,51.615,0.0,,,210.0000000000033,-5.684341886080802e-14,90.30000000000142,3.0,1093.5453714524444,0.0,0.0,0.0,111.10420973956835
119,1,120,0.1016,0.0,1093.5453714524444,,,,0,0.0,1,1875.0000000000034,1875.0000000000034,-0.0,300.00000000000057,62.250000000000114,0.0,,,287.7324315643009,1875.0000000000034,1800.0000000000032,75.00000000000011,1875.0000000000034,0.0,1.0,0.0,0.0,0.15791947935766631,119.89706935063963,0.96,790.863679905616,759.2291327093914,31.634547196224617,1.0,0.0,0.0,0.16126062660706275,83.91768110683012,0.96,542.0681600471937,520.385433645306,21.68272640188775,1.0,0.0,0.0,0.16126062660706278,83.91768110683013,0.96,542.0681600471937,520.385433645306,21.68272640188775,,,,637.6479398881436,1800.0000000000032,1665.0,135.0,1800.0,3.183231456205249e-12,1.0,0.0,0.0,0.3829717356685547,212.54931329604784,0.925,600.0,555.0,45.0,1.0,0.0,0.0,0.3829717356685547,212.54931329604784,0.925,600.0,555.0,45.0,1.0,0.0,0.0,0.3829717356685547,212.54931329604784,0.925,600.0,555.0,45.0,0.0,0.0,0.0,0.08724817754776787,0.0,0.8800000000000001,0.0,0.0,0.0,1.0,,,0.101,168.16500000000002,1665.0,1665.0,0.0,51.615,0.0,,,210.0000000000033,-5.684341886080802e-14,90.30000000000142,3.0,1093.5453714524444,0.0,0.0,0.0,111.10420973956835
120,1,121,0.1016,0.0,1093.5453714524442,,,,0,0.0,1,1875.0000000000034,1875.0000000000034,-0.0,300.00000000000057,62.250000000000114,0.0,,,287.73243156430067,1875.0000000000034,1800.0000000000032,75.00000000000011,1875.0000000000034,0.0,1.0,0.0,0.0,0.15791947935766631,119.89706935063963,0.96,790.863679905616,759.2291327093914,31.634547196224617,1.0,0.0,0.0,0.16126062660706275,83.91768110683012,0.96,542.0681600471937,520.385433645306,21.68272640188775,1.0,0.0,0.0,0.16126062660706278,83.91768110683013,0.96,542.0681600471937,520.385433645306,21.68272640188775,,,,637.6479398881436,1800.0000000000032,1665.0,135.0,1800.0,3.183231456205249e-12,1.0,0.0,0.0,0.3829717356685547,212.54931329604784,0.925,600.0,555.0,45.0,1.0,0.0,0.0,0.3829717356685547,212.54931329604784,0.925,600.0,555.0,45.0,1.0,0.0,0.0,0.3829717356685547,212.54931329604784,0.925,600.0,555.0,45.0,0.0,0.0,0.0,0.08724817754776787,0.0,0.8800000000000001,0.0,0.0,0.0,1.0,,,0.101,168.16500000000002,1665.0,1665.0,0.0,51.615,0.0,,,210.0000000000033,-5.684341886080802e-14,90.30000000000142,3.0,1093.5453714524442,0.0,0.0,0.0,111.10420973956833
121,1,122,0.1016,0.0,1093.5453714524447,,,,0,0.0,1,1875.0000000000034,1875.0000000000034,-0.0,300.00000000000057,62.250000000000114,0.0,,,287.7324315643011,1875.0000000000034,1800.0000000000032,75.00000000000011,1875.0000000000034,0.0,1.0,0.0,0.0,0.15791947935766631,119.89706935063963,0.96,790.863679905616,759.2291327093914,31.634547196224617,1.0,0.0,0.0,0.16126062660706275,83.91768110683012,0.96,542.0681600471937,520.385433645306,21.68272640188775,1.0,0.0,0.0,0.16126062660706278,83.91768110683013,0.96,542.0681600471937,520.385433645306,21.68272640188775,,,,637.6479398881436,1800.0000000000032,1665.0,135.0,1800.0,3.183231456205249e-12,1.0,0.0,0.0,0.3829717356685547,212.54931329604784,0.925,600.0,555.0,45.0,1.0,0.0,0.0,0.3829717356685547,212.54931329604784,0.925,600.0,555.0,45.0,1.0,0.0,0.0,0.3829717356685547,212.54931329604784,0.925,600.0,555.0,45.0,0.0,0.0,0.0,0.08724817754776787,0.0,0.8800000000000001,0.0,0.0,0.0,1.0,,,0.101,168.16500000000002,1665.0,1665.0,0.0,51.615,0.0,,,210.0000000000033,-5.684341886080802e-14,90.30000000000142,3.0,1093.5453714524447,0.0,0.0,0.0,111.10420973956838
122,1,123,0.1016,0.0,1093.5453714524442,,,,0,0.0,1,1875.0000000000034,1875.0000000000034,-0.0,300.00000000000057,62.250000000000114,0.0,,,287.73243156430067,1875.0000000000034,1800.0000000000032,75.00000000000011,1875.0000000000034,0.0,1.0,0.0,0.0,0.15791947935766631,119.89706935063963,0.96,790.863679905616,759.2291327093914,31.634547196224617,1.0,0.0,0.0,0.16126062660706275,83.91768110683012,0.96,542.0681600471937,520.385433645306,21.68272640188775,1.0,0.0,0.0,0.16126062660706278,83.91768110683013,0.96,542.0681600471937,520.385433645306,21.68272640188775,,,,637.6479398881436,1800.0000000000032,1665.0,135.0,1800.0,3.183231456205249e-12,1.0,0.0,0.0,0.3829717356685547,212.54931329604784,0.925,600.0,555.0,45.0,1.0,0.0,0.0,0.3829717356685547,212.54931329604784,0.925,600.0,555.0,45.0,1.0,0.0,0.0,0.3829717356685547,212.54931329604784,0.925,600.0,555.0,45.0,0.0,0.0,0.0,0.08724817754776787,0.0,0.8800000000000001,0.0,0.0,0.0,1.0,,,0.101,168.16500000000002,1665.0,1665.0,0.0,51.615,0.0,,,210.0000000000033,-5.684341886080802e-14,90.30000000000142,3.0,1093.5453714524442,0.0,0.0,0.0,111.10420973956833
123,1,124,0.1016,0.0,1093.5453714524447,,,,0,0.0,1,1875.0000000000034,1875.0000000000034,-0.0,300.00000000000057,62.250000000000114,0.0,,,287.7324315643011,1875.0000000000034,1800.0000000000032,75.00000000000011,1875.0000000000034,0.0,1.0,0.0,0.0,0.15791947935766631,119.89706935063963,0.96,790.863679905616,759.2291327093914,31.634547196224617,1.0,0.0,0.0,0.16126062660706275,83.91768110683012,0.96,542.0681600471937,520.385433645306,21.68272640188775,1.0,0.0,0.0,0.16126062660706278,83.91768110683013,0.96,542.0681600471937,520.385433645306,21.68272640188775,,,,637.6479398881436,1800.0000000000032,1665.0,135.0,1800.0,3.183231456205249e-12,1.0,0.0,0.0,0.3829717356685547,212.54931329604784,0.925,600.0,555.0,45.0,1.0,0.0,0.0,0.3829717356685547,212.54931329604784,0.925,600.0,555.0,45.0,1.0,0.0,0.0,0.3829717356685547,212.54931329604784,0.925,600.0,555.0,45.0,0.0,0.0,0.0,0.08724817754776787,0.0,0.8800000000000001,0.0,0.0,0.0,1.0,,,0.101,168.16500000000002,1665.0,1665.0,0.0,51.615,0.0,,,210.0000000000033,-5.684341886080802e-14,90.30000000000142,3.0,1093.5453714524447,0.0,0.0,0.0,111.10420973956838
124,1,125,0.1016,0.0,1093.5453714524442,,,,0,0.0,1,1875.0000000000034,1875.0000000000034,-0.0,300.00000000000057,62.250000000000114,0.0,,,287.73243156430067,1875.0000000000034,1800.0000000000032,75.00000000000011,1875.0000000000034,0.0,1.0,0.0,0.0,0.15791947935766631,119.89706935063963,0.96,790.863679905616,759.2291327093914,31.634547196224617,1.0,0.0,0.0,0.16126062660706275,83.91768110683012,0.96,542.0681600471937,520.385433645306,21.68272640188775,1.0,0.0,0.0,0.16126062660706278,83.91768110683013,0.96,542.0681600471937,520.385433645306,21.68272640188775,,,,637.6479398881436,1800.0000000000032,1665.0,135.0,1800.0,3.183231456205249e-12,1.0,0.0,0.0,0.3829717356685547,212.54931329604784,0.925,600.0,555.0,45.0,1.0,0.0,0.0,0.3829717356685547,212.54931329604784,0.925,600.0,555.0,45.0,1.0,0.0,0.0,0.3829717356685547,212.54931329604784,0.925,600.0,555.0,45.0,0.0,0.0,0.0,0.08724817754776787,0.0,0.8800000000000001,0.0,0.0,0.0,1.0,,,0.101,168.16500000000002,1665.0,1665.0,0.0,51.615,0.0,,,210.0000000000033,-5.684341886080802e-14,90.30000000000142,3.0,1093.5453714524442,0.0,0.0,0.0,111.10420973956833
125,1,126,0.1016,0.0,1093.5453714524442,,,,0,0.0,1,1875.0000000000034,1875.0000000000034,-0.0,300.00000000000057,62.250000000000114,0.0,,,287.73243156430067,1875.0000000000034,1800.0000000000032,75.00000000000011,1875.0000000000034,0.0,1.0,0.0,0.0,0.15791947935766631,119.89706935063963,0.96,790.863679905616,759.2291327093914,31.634547196224617,1.0,0.0,0.0,0.16126062660706275,83.91768110683012,0.96,542.0681600471937,520.385433645306,21.68272640188775,1.0,0.0,0.0,0.16126062660706278,83.91768110683013,0.96,542.0681600471937,520.385433645306,21.68272640188775,,,,637.6479398881436,1800.0000000000032,1665.0,135.0,1800.0,3.183231456205249e-12,1.0,0.0,0.0,0.3829717356685547,212.54931329604784,0.925,600.0,555.0,45.0,1.0,0.0,0.0,0.3829717356685547,212.54931329604784,0.925,600.0,555.0,45.0,1.0,0.0,0.0,0.3829717356685547,212.54931329604784,0.925,600.0,555.0,45.0,0.0,0.0,0.0,0.08724817754776787,0.0,0.8800000000000001,0.0,0.0,0.0,1.0,,,0.101,168.16500000000002,1665.0,1665.0,0.0,51.615,0.0,,,210.0000000000033,-5.684341886080802e-14,90.30000000000142,3.0,1093.5453714524442,0.0,0.0,0.0,111.10420973956833
126,1,127,0.1016,0.0,1093.5453714524442,,,,0,0.0,1,1875.0000000000034,1875.0000000000034,-0.0,300.00000000000057,62.250000000000114,0.0,,,287.73243156430067,1875.0000000000034,1800.0000000000032,75.00000000000011,1875.0000000000034,0.0,1.0,0.0,0.0,0.15791947935766631,119.89706935063963,0.96,790.863679905616,759.2291327093914,31.634547196224617,1.0,0.0,0.0,0.16126062660706275,83.91768110683012,0.96,542.0681600471937,520.385433645306,21.68272640188775,1.0,0.0,0.0,0.16126062660706278,83.91768110683013,0.96,542.0681600471937,520.385433645306,21.68272640188775,,,,637.6479398881436,1800.0000000000032,1665.0,135.0,1800.0,3.183231456205249e-12,1.0,0.0,0.0,0.3829717356685547,212.54931329604784,0.925,600.0,555.0,45.0,1.0,0.0,0.0,0.3829717356685547,212.54931329604784,0.925,600.0,555.0,45.0,1.0,0.0,0.0,0.3829717356685547,212.54931329604784,0.925,600.0,555.0,45.0,0.0,0.0,0.0,0.08724817754776787,0.0,0.8800000000000001,0.0,0.0,0.0,1.0,,,0.101,168.16500000000002,1665.0,1665.0,0.0,51.615,0.0,,,210.0000000000033,-5.684341886080802e-14,90.30000000000142,3.0,1093.5453714524442,0.0,0.0,0.0,111.10420973956833
127,1,128,0.1016,0.0,1093.5453714524444,,,,0,0.0,1,1875.0000000000034,1875.0000000000034,-0.0,300.00000000000057,62.250000000000114,0.0,,,287.7324315643009,1875.0000000000034,1800.0000000000032,75.00000000000011,1875.0000000000034,0.0,1.0,0.0,0.0,0.15791947935766631,119.89706935063963,0.96,790.863679905616,759.2291327093914,31.634547196224617,1.0,0.0,0.0,0.16126062660706275,83.91768110683012,0.96,542.0681600471937,520.385433645306,21.68272640188775,1.0,0.0,0.0,0.16126062660706278,83.91768110683013,0.96,542.0681600471937,520.385433645306,21.68272640188775,,,,637.6479398881436,1800.0000000000032,1665.0,135.0,1800.0,3.183231456205249e-12,1.0,0.0,0.0,0.3829717356685547,212.54931329604784,0.925,600.0,555.0,45.0,1.0,0.0,0.0,0.3829717356685547,212.54931329604784,0.925,600.0,555.0,45.0,1.0,0.0,0.0,0.3829717356685547,212.54931329604784,0.925,600.0,555.0,45.0,0.0,0.0,0.0,0.08724817754776787,0.0,0.8800000000000001,0.0,0.0,0.0,1.0,,,0.101,168.16500000000002,1665.0,1665.0,0.0,51.615,0.0,,,210.0000000000033,-5.684341886080802e-14,90.30000000000142,3.0,1093.5453714524444,0.0,0.0,0.0,111.10420973956835
128,1,129,0.1016,0.0,1093.5453714524442,,,,0,0.0,1,1875.0000000000034,1875.0000000000034,-0.0,300.00000000000057,62.250000000000114,0.0,,,287.73243156430067,1875.0000000000034,1800.0000000000032,75.00000000000011,1875.0000000000034,0.0,1.0,0.0,0.0,0.15791947935766631,119.89706935063963,0.96,790.863679905616,759.2291327093914,31.634547196224617,1.0,0.0,0.0,0.16126062660706275,83.91768110683012,0.96,542.0681600471937,520.385433645306,21.68272640188775,1.0,0.0,0.0,0.16126062660706278,83.91768110683013,0.96,542.0681600471937,520.385433645306,21.68272640188775,,,,637.6479398881436,1800.0000000000032,1665.0,135.0,1800.0,3.183231456205249e-12,1.0,0.0,0.0,0.3829717356685547,212.54931329604784,0.925,600.0,555.0,45.0,1.0,0.0,0.0,0.3829717356685547,212.54931329604784,0.925,600.0,555.0,45.0,1.0,0.0,0.0,0.3829717356685547,212.54931329604784,0.925,600.0,555.0,45.0,0.0,0.0,0.0,0.08724817754776787,0.0,0.8800000000000001,0.0,0.0,0.0,1.0,,,0.101,168.16500000000002,1665.0,1665.0,0.0,51.615,0.0,,,210.0000000000033,-5.684341886080802e-14,90.30000000000142,3.0,1093.5453714524442,0.0,0.0,0.0,111.10420973956833
129,1,130,0.1016,0.0,1093.5453714524444,,,,0,0.0,1,1875.0000000000034,1875.0000000000034,-0.0,300.00000000000057,62.250000000000114,0.0,,,287.7324315643009,1875.0000000000034,1800.0000000000032,75.00000000000011,1875.0000000000034,0.0,1.0,0.0,0.0,0.15791947935766631,119.89706935063963,0.96,790.863679905616,759.2291327093914,31.634547196224617,1.0,0.0,0.0,0.16126062660706275,83.91768110683012,0.96,542.0681600471937,520.385433645306,21.68272640188775,1.0,0.0,0.0,0.16126062660706278,83.91768110683013,0.96,542.0681600471937,520.385433645306,21.68272640188775,,,,637.6479398881436,1800.0000000000032,1665.0,135.0,1800.0,3.183231456205249e-12,1.0,0.0,0.0,0.3829717356685547,212.54931329604784,0.925,600.0,555.0,45.0,1.0,0.0,0.0,0.3829717356685547,212.54931329604784,0.925,600.0,555.0,45.0,1.0,0.0,0.0,0.3829717356685547,212.54931329604784,0.925,600.0,555.0,45.0,0.0,0.0,0.0,0.08724817754776787,0.0,0.8800000000000001,0.0,0.0,0.0,1.0,,,0.101,168.16500000000002,1665.0,1665.0,0.0,51.615,0.0,,,210.0000000000033,-5.684341886080802e-14,90.30000000000142,3.0,1093.5453714524444,0.0,0.0,0.0,111.10420973956835
130,1,131,0.1016,0.0,1093.5453714524444,,,,0,0.0,1,1875.0000000000034,1875.0000000000034,-0.0,300.00000000000057,62.250000000000114,0.0,,,287.7324315643009,1875.0000000000034,1800.0000000000032,75.00000000000011,1875.0000000000034,0.0,1.0,0.0,0.0,0.15791947935766631,119.89706935063963,0.96,790.863679905616,759.2291327093914,31.634547196224617,1.0,0.0,0.0,0.16126062660706275,83.91768110683012,0.96,542.0681600471937,520.385433645306,21.68272640188775,1.0,0.0,0.0,0.16126062660706278,83.91768110683013,0.96,542.0681600471937,520.385433645306,21.68272640188775,,,,637.6479398881436,1800.0000000000032,1665.0,135.0,1800.0,3.183231456205249e-12,1.0,0.0,0.0,0.3829717356685547,212.54931329604784,0.925,600.0,555.0,45.0,1.0,0.0,0.0,0.3829717356685547,212.54931329604784,0.925,600.0,555.0,45.0,1.0,0.0,0.0,0.3829717356685547,212.54931329604784,0.925,600.0,555.0,45.0,0.0,0.0,0.0,0.08724817754776787,0.0,0.8800000000000001,0.0,0.0,0.0,1.0,,,0.101,168.16500000000002,1665.0,1665.0,0.0,51.615,0.0,,,210.0000000000033,-5.684341886080802e-14,90.30000000000142,3.0,1093.5453714524444,0.0,0.0,0.0,111.10420973956835
131,1,132,0.1016,0.0,1093.5453714524442,,,,0,0.0,1,1875.0000000000034,1875.0000000000034,-0.0,300.00000000000057,62.250000000000114,0.0,,,287.73243156430067,1875.0000000000034,1800.0000000000032,75.00000000000011,1875.0000000000034,0.0,1.0,0.0,0.0,0.15791947935766631,119.89706935063963,0.96,790.863679905616,759.2291327093914,31.634547196224617,1.0,0.0,0.0,0.16126062660706275,83.91768110683012,0.96,542.0681600471937,520.385433645306,21.68272640188775,1.0,0.0,0.0,0.16126062660706278,83.91768110683013,0.96,542.0681600471937,520.385433645306,21.68272640188775,,,,637.6479398881436,1800.0000000000032,1665.0,135.0,1800.0,3.183231456205249e-12,1.0,0.0,0.0,0.3829717356685547,212.54931329604784,0.925,600.0,555.0,45.0,1.0,0.0,0.0,0.3829717356685547,212.54931329604784,0.925,600.0,555.0,45.0,1.0,0.0,0.0,0.3829717356685547,212.54931329604784,0.925,600.0,555.0,45.0,0.0,0.0,0.0,0.08724817754776787,0.0,0.8800000000000001,0.0,0.0,0.0,1.0,,,0.101,168.16500000000002,1665.0,1665.0,0.0,51.615,0.0,,,210.0000000000033,-5.684341886080802e-14,90.30000000000142,3.0,1093.5453714524442,0.0,0.0,0.0,111.10420973956833
132,1,133,0.1016,0.0,1093.5453714524442,,,,0,0.0,1,1875.0000000000034,1875.0000000000034,-0.0,300.00000000000057,62.250000000000114,0.0,,,287.73243156430067,1875.0000000000034,1800.0000000000032,75.00000000000011,1875.0000000000034,0.0,1.0,0.0,0.0,0.15791947935766631,119.89706935063963,0.96,790.863679905616,759.2291327093914,31.634547196224617,1.0,0.0,0.0,0.16126062660706275,83.91768110683012,0.96,542.0681600471937,520.385433645306,21.68272640188775,1.0,0.0,0.0,0.16126062660706278,83.91768110683013,0.96,542.0681600471937,520.385433645306,21.68272640188775,,,,637.6479398881436,1800.0000000000032,1665.0,135.0,1800.0,3.183231456205249e-12,1.0,0.0,0.0,0.3829717356685547,212.54931329604784,0.925,600.0,555.0,45.0,1.0,0.0,0.0,0.3829717356685547,212.54931329604784,0.925,600.0,555.0,45.0,1.0,0.0,0.0,0.3829717356685547,212.54931329604784,0.925,600.0,555.0,45.0,0.0,0.0,0.0,0.08724817754776787,0.0,0.8800000000000001,0.0,0.0,0.0,1.0,,,0.101,168.16500000000002,1665.0,1665.0,0.0,51.615,0.0,,,210.0000000000033,-5.684341886080802e-14,90.30000000000142,3.0,1093.5453714524442,0.0,0.0,0.0,111.10420973956833
133,1,134,0.1016,0.0,1093.5453714524444,,,,0,0.0,1,1875.0000000000034,1875.0000000000034,-0.0,300.00000000000057,62.250000000000114,0.0,,,287.7324315643009,1875.0000000000034,1800.0000000000032,75.00000000000011,1875.0000000000034,0.0,1.0,0.0,0.0,0.15791947935766631,119.89706935063963,0.96,790.863679905616,759.2291327093914,31.634547196224617,1.0,0.0,0.0,0.16126062660706275,83.91768110683012,0.96,542.0681600471937,520.385433645306,21.68272640188775,1.0,0.0,0.0,0.16126062660706278,83.91768110683013,0.96,542.0681600471937,520.385433645306,21.68272640188775,,,,637.6479398881436,1800.0000000000032,1665.0,135.0,1800.0,3.183231456205249e-12,1.0,0.0,0.0,0.3829717356685547,212.54931329604784,0.925,600.0,555.0,45.0,1.0,0.0,0.0,0.3829717356685547,212.54931329604784,0.925,600.0,555.0,45.0,1.0,0.0,0.0,0.3829717356685547,212.54931329604784,0.925,600.0,555.0,45.0,0.0,0.0,0.0,0.08724817754776787,0.0,0.8800000000000001,0.0,0.0,0.0,1.0,,,0.101,168.16500000000002,1665.0,1665.0,0.0,51.615,0.0,,,210.0000000000033,-5.684341886080802e-14,90.30000000000142,3.0,1093.5453714524444,0.0,0.0,0.0,111.10420973956835
134,1,135,0.1016,0.0,1093.5453714524442,,,,0,0.0,1,1875.0000000000034,1875.0000000000034,-0.0,300.00000000000057,62.250000000000114,0.0,,,287.73243156430067,1875.0000000000034,1800.0000000000032,75.00000000000011,1875.0000000000034,0.0,1.0,0.0,0.0,0.15791947935766631,119.89706935063963,0.96,790.863679905616,759.2291327093914,31.634547196224617,1.0,0.0,0.0,0.16126062660706275,83.91768110683012,0.96,542.0681600471937,520.385433645306,21.68272640188775,1.0,0.0,0.0,0.16126062660706278,83.91768110683013,0.96,542.0681600471937,520.385433645306,21.68272640188775,,,,637.6479398881436,1800.0000000000032,1665.0,135.0,1800.0,3.183231456205249e-12,1.0,0.0,0.0,0.3829717356685547,212.54931329604784,0.925,600.0,555.0,45.0,1.0,0.0,0.0,0.3829717356685547,212.54931329604784,0.925,600.0,555.0,45.0,1.0,0.0,0.0,0.3829717356685547,212.54931329604784,0.925,600.0,555.0,45.0,0.0,0.0,0.0,0.08724817754776787,0.0,0.8800000000000001,0.0,0.0,0.0,1.0,,,0.101,168.16500000000002,1665.0,1665.0,0.0,51.615,0.0,,,210.0000000000033,-5.684341886080802e-14,90.30000000000142,3.0,1093.5453714524442,0.0,0.0,0.0,111.10420973956833
135,1,136,0.1016,0.0,1093.5453714524442,,,,0,0.0,1,1875.0000000000034,1875.0000000000034,-0.0,300.00000000000057,62.250000000000114,0.0,,,287.73243156430067,1875.0000000000034,1800.0000000000032,75.00000000000011,1875.0000000000034,0.0,1.0,0.0,0.0,0.15791947935766631,119.89706935063963,0.96,790.863679905616,759.2291327093914,31.634547196224617,1.0,0.0,0.0,0.16126062660706275,83.91768110683012,0.96,542.0681600471937,520.385433645306,21.68272640188775,1.0,0.0,0.0,0.16126062660706278,83.91768110683013,0.96,542.0681600471937,520.385433645306,21.68272640188775,,,,637.6479398881436,1800.0000000000032,1665.0,135.0,1800.0,3.183231456205249e-12,1.0,0.0,0.0,0.3829717356685547,212.54931329604784,0.925,600.0,555.0,45.0,1.0,0.0,0.0,0.3829717356685547,212.54931329604784,0.925,600.0,555.0,45.0,1.0,0.0,0.0,0.3829717356685547,212.54931329604784,0.925,600.0,555.0,45.0,0.0,0.0,0.0,0.08724817754776787,0.0,0.8800000000000001,0.0,0.0,0.0,1.0,,,0.101,168.16500000000002,1665.0,1665.0,0.0,51.615,0.0,,,210.0000000000033,-5.684341886080802e-14,90.30000000000142,3.0,1093.5453714524442,0.0,0.0,0.0,111.10420973956833
136,1,137,0.1016,0.0,1093.5453714524442,,,,0,0.0,1,1875.0000000000034,1875.0000000000034,-0.0,300.00000000000057,62.250000000000114,0.0,,,287.73243156430067,1875.0000000000034,1800.0000000000034,75.00000000000011,1875.0000000000034,0.0,1.0,0.0,0.0,0.15791947935766631,119.89706935063963,0.96,790.863679905616,759.2291327093914,31.634547196224617,1.0,0.0,0.0,0.16126062660706278,83.91768110683014,0.96,542.0681600471938,520.3854336453061,21.68272640188775,1.0,0.0,0.0,0.16126062660706278,83.91768110683013,0.96,542.0681600471937,520.385433645306,21.68272640188775,,,,637.6479398881436,1800.0000000000034,1665.0,135.0,1800.0,3.410605131648481e-12,1.0,0.0,0.0,0.3829717356685547,212.54931329604784,0.925,600.0,555.0,45.0,1.0,0.0,0.0,0.3829717356685547,212.54931329604784,0.925,600.0,555.0,45.0,1.0,0.0,0.0,0.3829717356685547,212.54931329604784,0.925,600.0,555.0,45.0,0.0,0.0,0.0,0.08724817754776787,0.0,0.8800000000000001,0.0,0.0,0.0,1.0,,,0.101,168.16500000000002,1665.0,1665.0,0.0,51.615,0.0,,,210.00000000000352,-5.684341886080802e-14,90.30000000000152,3.0,1093.5453714524442,0.0,0.0,0.0,111.10420973956833
137,1,138,0.13994,0.0,1093.5453714524442,,,,0,0.0,1,1875.0000000000034,1875.0000000000034,-0.0,300.00000000000057,62.250000000000114,0.0,,,287.73243156430067,1875.0000000000034,1800.0000000000034,75.00000000000011,1875.0000000000034,0.0,1.0,0.0,0.0,0.15791947935766631,119.89706935063963,0.96,790.863679905616,759.2291327093914,31.634547196224617,1.0,0.0,0.0,0.16126062660706278,83.91768110683014,0.96,542.0681600471938,520.3854336453061,21.68272640188775,1.0,0.0,0.0,0.16126062660706278,83.91768110683013,0.96,542.0681600471937,520.385433645306,21.68272640188775,,,,637.6479398881436,1800.0000000000034,1665.0,135.0,1800.0,3.410605131648481e-12,1.0,0.0,0.0,0.3829717356685547,212.54931329604784,0.925,600.0,555.0,45.0,1.0,0.0,0.0,0.3829717356685547,212.54931329604784,0.925,600.0,555.0,45.0,1.0,0.0,0.0,0.3829717356685547,212.54931329604784,0.925,600.0,555.0,45.0,0.0,0.0,0.0,0.08724817754776787,0.0,0.8800000000000001,0.0,0.0,0.0,1.0,,,0.101,168.16500000000002,1665.0,1665.0,0.0,51.615,0.0,,,210.00000000000352,-5.684341886080802e-14,90.30000000000152,3.0,1093.5453714524442,0.0,0.0,0.0,153.03073928105505
138,1,139,0.13994,0.0,1093.5453714524444,,,,0,0.0,1,1875.0000000000034,1875.0000000000034,-0.0,300.00000000000057,62.250000000000114,0.0,,,287.7324315643009,1875.0000000000034,1800.0000000000034,75.00000000000011,1875.0000000000034,0.0,1.0,0.0,0.0,0.15791947935766631,119.89706935063963,0.96,790.863679905616,759.2291327093914,31.634547196224617,1.0,0.0,0.0,0.16126062660706278,83.91768110683014,0.96,542.0681600471938,520.3854336453061,21.68272640188775,1.0,0.0,0.0,0.16126062660706278,83.91768110683013,0.96,542.0681600471937,520.385433645306,21.68272640188775,,,,637.6479398881436,1800.0000000000034,1665.0,135.0,1800.0,3.410605131648481e-12,1.0,0.0,0.0,0.3829717356685547,212.54931329604784,0.925,600.0,555.0,45.0,1.0,0.0,0.0,0.3829717356685547,212.54931329604784,0.925,600.0,555.0,45.0,1.0,0.0,0.0,0.3829717356685547,212.54931329604784,0.925,600.0,555.0,45.0,0.0,0.0,0.0,0.08724817754776787,0.0,0.8800000000000001,0.0,0.0,0.0,1.0,,,0.101,168.16500000000002,1665.0,1665.0,0.0,51.615,0.0,,,210.00000000000352,-5.684341886080802e-14,90.30000000000152,3.0,1093.5453714524444,0.0,0.0,0.0,153.03073928105508
139,1,140,0.13994,0.0,1093.5453714524442,,,,0,0.0,1,1875.0000000000034,1875.0000000000034,-0.0,300.00000000000057,62.250000000000114,0.0,,,287.73243156430067,1875.0000000000034,1800.0000000000034,75.00000000000011,1875.0000000000034,0.0,1.0,0.0,0.0,0.15791947935766631,119.89706935063963,0.96,790.863679905616,759.2291327093914,31.634547196224617,1.0,0.0,0.0,0.16126062660706278,83.91768110683014,0.96,542.0681600471938,520.3854336453061,21.68272640188775,1.0,0.0,0.0,0.16126062660706278,83.91768110683013,0.96,542.0681600471937,520.385433645306,21.68272640188775,,,,637.6479398881436,1800.0000000000034,1665.0,135.0,1800.0,3.410605131648481e-12,1.0,0.0,0.0,0.3829717356685547,212.54931329604784,0.925,600.0,555.0,45.0,1.0,0.0,0.0,0.3829717356685547,212.54931329604784,0.925,600.0,555.0,45.0,1.0,0.0,0.0,0.3829717356685547,212.54931329604784,0.925,600.0,555.0,45.0,0.0,0.0,0.0,0.08724817754776787,0.0,0.8800000000000001,0.0,0.0,0.0,1.0,,,0.101,168.16500000000002,1665.0,1665.0,0.0,51.615,0.0,,,210.00000000000352,-5.684341886080802e-14,90.30000000000152,3.0,1093.5453714524442,0.0,0.0,0.0,153.03073928105505
140,1,141,0.13994,0.0,1093.5453714524444,,,,0,0.0,1,1875.0000000000034,1875.0000000000034,-0.0,300.00000000000057,62.250000000000114,0.0,,,287.7324315643009,1875.0000000000034,1800.0000000000034,75.00000000000011,1875.0000000000034,0.0,1.0,0.0,0.0,0.15791947935766631,119.89706935063963,0.96,790.863679905616,759.2291327093914,31.634547196224617,1.0,0.0,0.0,0.16126062660706278,83.91768110683014,0.96,542.0681600471938,520.3854336453061,21.68272640188775,1.0,0.0,0.0,0.16126062660706278,83.91768110683013,0.96,542.0681600471937,520.385433645306,21.68272640188775,,,,637.6479398881436,1800.0000000000034,1665.0,135.0,1800.0,3.410605131648481e-12,1.0,0.0,0.0,0.3829717356685547,212.54931329604784,0.925,600.0,555.0,45.0,1.0,0.0,0.0,0.3829717356685547,212.54931329604784,0.925,600.0,555.0,45.0,1.0,0.0,0.0,0.3829717356685547,212.54931329604784,0.925,600.0,555.0,45.0,0.0,0.0,0.0,0.08724817754776787,0.0,0.8800000000000001,0.0,0.0,0.0,1.0,,,0.101,168.16500000000002,1665.0,1665.0,0.0,51.615,0.0,,,210.00000000000352,-5.684341886080802e-14,90.30000000000152,3.0,1093.5453714524444,0.0,0.0,0.0,153.03073928105508
141,1,142,0.13994,0.0,1093.5453714524442,,,,0,0.0,1,1875.0000000000032,1875.0000000000032,-0.0,300.0000000000005,62.25000000000011,0.0,,,287.73243156430067,1875.0000000000032,1800.0000000000032,75.00000000000011,1875.0000000000032,0.0,1.0,0.0,0.0,0.1579194793576663,119.89706935063955,0.96,790.8636799056156,759.229132709391,31.634547196224617,1.0,0.0,0.0,0.16126062660706278,83.91768110683014,0.96,542.0681600471938,520.3854336453061,21.68272640188775,1.0,0.0,0.0,0.16126062660706275,83.91768110683013,0.96,542.0681600471938,520.3854336453061,21.68272640188775,,,,637.6479398881436,1800.0000000000032,1665.0,135.0,1800.0,3.183231456205249e-12,1.0,0.0,0.0,0.3829717356685547,212.54931329604784,0.925,600.0,555.0,45.0,1.0,0.0,0.0,0.3829717356685547,212.54931329604784,0.925,600.0,555.0,45.0,1.0,0.0,0.0,0.3829717356685547,212.54931329604784,0.925,600.0,555.0,45.0,0.0,0.0,0.0,0.08724817754776787,0.0,0.8800000000000001,0.0,0.0,0.0,1.0,,,0.101,168.16500000000002,1665.0,1665.0,0.0,51.615,0.0,,,210.0000000000033,-5.684341886080802e-14,90.30000000000142,3.0,1093.5453714524442,0.0,0.0,0.0,153.03073928105505
142,1,143,0.1016,0.0,1093.5453714524447,,,,0,0.0,1,1875.0000000000032,1875.0000000000032,-0.0,300.0000000000005,62.25000000000011,0.0,,,287.7324315643011,1875.0000000000032,1800.0000000000032,75.00000000000011,1875.0000000000032,0.0,1.0,0.0,0.0,0.1579194793576663,119.89706935063955,0.96,790.8636799056156,759.229132709391,31.634547196224617,1.0,0.0,0.0,0.16126062660706278,83.91768110683014,0.96,542.0681600471938,520.3854336453061,21.68272640188775,1.0,0.0,0.0,0.16126062660706275,83.91768110683013,0.96,542.0681600471938,520.3854336453061,21.68272640188775,,,,637.6479398881436,1800.0000000000032,1665.0,135.0,1800.0,3.183231456205249e-12,1.0,0.0,0.0,0.3829717356685547,212.54931329604784,0.925,600.0,555.0,45.0,1.0,0.0,0.0,0.3829717356685547,212.54931329604784,0.925,600.0,555.0,45.0,1.0,0.0,0.0,0.3829717356685547,212.54931329604784,0.925,600.0,555.0,45.0,0.0,0.0,0.0,0.08724817754776787,0.0,0.8800000000000001,0.0,0.0,0.0,1.0,,,0.101,168.16500000000002,1665.0,1665.0,0.0,51.615,0.0,,,210.0000000000033,-5.684341886080802e-14,90.30000000000142,3.0,1093.5453714524447,0.0,0.0,0.0,111.10420973956838
143,1,144,0.1016,0.0,1093.5453714524444,,,,0,0.0,1,1875.0000000000032,1875.0000000000032,-0.0,300.0000000000005,62.25000000000011,0.0,,,287.7324315643009,1875.0000000000032,1800.0000000000032,75.00000000000011,1875.0000000000032,0.0,1.0,0.0,0.0,0.1579194793576663,119.89706935063955,0.96,790.8636799056156,759.229132709391,31.634547196224617,1.0,0.0,0.0,0.16126062660706278,83.91768110683014,0.96,542.0681600471938,520.3854336453061,21.68272640188775,1.0,0.0,0.0,0.16126062660706275,83.91768110683013,0.96,542.0681600471938,520.3854336453061,21.68272640188775,,,,637.6479398881436,1800.0000000000032,1665.0,135.0,1800.0,3.183231456205249e-12,1.0,0.0,0.0,0.3829717356685547,212.54931329604784,0.925,600.0,555.0,45.0,1.0,0.0,0.0,0.3829717356685547,212.54931329604784,0.925,600.0,555.0,45.0,1.0,0.0,0.0,0.3829717356685547,212.54931329604784,0.925,600.0,555.0,45.0,0.0,0.0,0.0,0.08724817754776787,0.0,0.8800000000000001,0.0,0.0,0.0,1.0,,,0.101,168.16500000000002,1665.0,1665.0,0.0,51.615,0.0,,,210.0000000000033,-5.684341886080802e-14,90.30000000000142,3.0,1093.5453714524444,0.0,0.0,0.0,111.10420973956835
144,1,145,0.1016,0.0,1093.5453714524447,,,,0,0.0,1,1875.0000000000032,1875.0000000000032,-0.0,300.0000000000005,62.25000000000011,0.0,,,287.7324315643011,1875.0000000000032,1800.0000000000032,75.00000000000011,1875.0000000000032,0.0,1.0,0.0,0.0,0.1579194793576663,119.89706935063955,0.96,790.8636799056156,759.229132709391,31.634547196224617,1.0,0.0,0.0,0.16126062660706278,83.91768110683014,0.96,542.0681600471938,520.3854336453061,21.68272640188775,1.0,0.0,0.0,0.16126062660706275,83.91768110683013,0.96,542.0681600471938,520.3854336453061,21.68272640188775,,,,637.6479398881436,1800.0000000000032,1665.0,135.0,1800.0,3.183231456205249e-12,1.0,0.0,0.0,0.3829717356685547,212.54931329604784,0.925,600.0,555.0,45.0,1.0,0.0,0.0,0.3829717356685547,212.54931329604784,0.925,600.0,555.0,45.0,1.0,0.0,0.0,0.3829717356685547,212.54931329604784,0.925,600.0,555.0,45.0,0.0,0.0,0.0,0.08724817754776787,0.0,0.8800000000000001,0.0,0.0,0.0,1.0,,,0.101,168.16500000000002,1665.0,1665.0,0.0,51.615,0.0,,,210.0000000000033,-5.684341886080802e-14,90.30000000000142,3.0,1093.5453714524447,0.0,0.0,0.0,111.10420973956838
145,1,146,0.1016,0.0,1093.5453714524444,,,,0,0.0,1,1875.0000000000032,1875.0000000000032,-0.0,300.0000000000005,62.25000000000011,0.0,,,287.7324315643009,1875.0000000000032,1800.0000000000032,75.00000000000011,1875.0000000000032,0.0,1.0,0.0,0.0,0.1579194793576663,119.89706935063955,0.96,790.8636799056156,759.229132709391,31.634547196224617,1.0,0.0,0.0,0.16126062660706278,83.91768110683014,0.96,542.0681600471938,520.3854336453061,21.68272640188775,1.0,0.0,0.0,0.16126062660706275,83.91768110683013,0.96,542.0681600471938,520.3854336453061,21.68272640188775,,,,637.6479398881436,1800.0000000000032,1665.0,135.0,1800.0,3.183231456205249e-12,1.0,0.0,0.0,0.3829717356685547,212.54931329604784,0.925,600.0,555.0,45.0,1.0,0.0,0.0,0.3829717356685547,212.54931329604784,0.925,600.0,555.0,45.0,1.0,0.0,0.0,0.3829717356685547,212.54931329604784,0.925,600.0,555.0,45.0,0.0,0.0,0.0,0.08724817754776787,0.0,0.8800000000000001,0.0,0.0,0.0,1.0,,,0.101,168.16500000000002,1665.0,1665.0,0.0,51.615,0.0,,,210.0000000000033,-5.684341886080802e-14,90.30000000000142,3.0,1093.5453714524444,0.0,0.0,0.0,111.10420973956835
146,1,147,0.1016,0.0,1093.5453714524447,,,,0,0.0,1,1875.0000000000032,1875.0000000000032,-0.0,300.0000000000005,62.25000000000011,0.0,,,287.7324315643011,1875.0000000000032,1800.0000000000032,75.00000000000011,1875.0000000000032,0.0,1.0,0.0,0.0,0.1579194793576663,119.89706935063955,0.96,790.8636799056156,759.229132709391,31.634547196224617,1.0,0.0,0.0,0.16126062660706278,83.91768110683014,0.96,542.0681600471938,520.3854336453061,21.68272640188775,1.0,0.0,0.0,0.16126062660706275,83.91768110683013,0.96,542.0681600471938,520.3854336453061,21.68272640188775,,,,637.6479398881436,1800.0000000000032,1665.0,135.0,1800.0,3.183231456205249e-12,1.0,0.0,0.0,0.3829717356685547,212.54931329604784,0.925,600.0,555.0,45.0,1.0,0.0,0.0,0.3829717356685547,212.54931329604784,0.925,600.0,555.0,45.0,1.0,0.0,0.0,0.3829717356685547,212.54931329604784,0.925,600.0,555.0,45.0,0.0,0.0,0.0,0.08724817754776787,0.0,0.8800000000000001,0.0,0.0,0.0,1.0,,,0.101,168.16500000000002,1665.0,1665.0,0.0,51.615,0.0,,,210.0000000000033,-5.684341886080802e-14,90.30000000000142,3.0,1093.5453714524447,0.0,0.0,0.0,111.10420973956838
147,1,148,0.1016,0.0,1093.5453714524442,,,,0,0.0,1,1875.0000000000032,1875.0000000000032,-0.0,300.0000000000005,62.25000000000011,0.0,,,287.73243156430067,1875.0000000000032,1800.0000000000032,75.00000000000011,1875.0000000000032,0.0,1.0,0.0,0.0,0.1579194793576663,119.89706935063955,0.96,790.8636799056156,759.229132709391,31.634547196224617,1.0,0.0,0.0,0.16126062660706278,83.91768110683014,0.96,542.0681600471938,520.3854336453061,21.68272640188775,1.0,0.0,0.0,0.16126062660706275,83.91768110683013,0.96,542.0681600471938,520.3854336453061,21.68272640188775,,,,637.6479398881436,1800.0000000000032,1665.0,135.0,1800.0,3.183231456205249e-12,1.0,0.0,0.0,0.3829717356685547,212.54931329604784,0.925,600.0,555.0,45.0,1.0,0.0,0.0,0.3829717356685547,212.54931329604784,0.925,600.0,555.0,45.0,1.0,0.0,0.0,0.3829717356685547,212.54931329604784,0.925,600.0,555.0,45.0,0.0,0.0,0.0,0.08724817754776787,0.0,0.8800000000000001,0.0,0.0,0.0,1.0,,,0.101,168.16500000000002,1665.0,1665.0,0.0,51.615,0.0,,,210.0000000000033,-5.684341886080802e-14,90.30000000000142,3.0,1093.5453714524442,0.0,0.0,0.0,111.10420973956833
148,1,149,0.1016,0.0,1093.5453714524442,,,,0,0.0,1,1875.0000000000032,1875.0000000000032,-0.0,300.0000000000005,62.25000000000011,0.0,,,287.73243156430067,1875.0000000000032,1800.0000000000032,75.00000000000011,1875.0000000000032,0.0,1.0,0.0,0.0,0.1579194793576663,119.89706935063955,0.96,790.8636799056156,759.229132709391,31.634547196224617,1.0,0.0,0.0,0.16126062660706278,83.91768110683014,0.96,542.0681600471938,520.3854336453061,21.68272640188775,1.0,0.0,0.0,0.16126062660706275,83.91768110683013,0.96,542.0681600471938,520.3854336453061,21.68272640188775,,,,637.6479398881436,1800.0000000000032,1665.0,135.0,1800.0,3.183231456205249e-12,1.0,0.0,0.0,0.3829717356685547,212.54931329604784,0.925,600.0,555.0,45.0,1.0,0.0,0.0,0.3829717356685547,212.54931329604784,0.925,600.0,555.0,45.0,1.0,0.0,0.0,0.3829717356685547,212.54931329604784,0.925,600.0,555.0,45.0,0.0,0.0,0.0,0.08724817754776787,0.0,0.8800000000000001,0.0,0.0,0.0,1.0,,,0.101,168.16500000000002,1665.0,1665.0,0.0,51.615,0.0,,,210.0000000000033,-5.684341886080802e-14,90.30000000000142,3.0,1093.5453714524442,0.0,0.0,0.0,111.10420973956833
149,1,150,0.1016,0.0,1093.5453714524444,,,,0,0.0,1,1875.0000000000032,1875.0000000000032,-0.0,300.0000000000005,62.25000000000011,0.0,,,287.7324315643009,1875.0000000000032,1800.0000000000032,75.00000000000011,1875.0000000000032,0.0,1.0,0.0,0.0,0.1579194793576663,119.89706935063955,0.96,790.8636799056156,759.229132709391,31.634547196224617,1.0,0.0,0.0,0.16126062660706278,83.91768110683014,0.96,542.0681600471938,520.3854336453061,21.68272640188775,1.0,0.0,0.0,0.16126062660706275,83.91768110683013,0.96,542.0681600471938,520.3854336453061,21.68272640188775,,,,637.6479398881436,1800.0000000000032,1665.0,135.0,1800.0,3.183231456205249e-12,1.0,0.0,0.0,0.3829717356685547,212.54931329604784,0.925,600.0,555.0,45.0,1.0,0.0,0.0,0.3829717356685547,212.54931329604784,0.925,600.0,555.0,45.0,1.0,0.0,0.0,0.3829717356685547,212.54931329604784,0.925,600.0,555.0,45.0,0.0,0.0,0.0,0.08724817754776787,0.0,0.8800000000000001,0.0,0.0,0.0,1.0,,,0.101,168.16500000000002,1665.0,1665.0,0.0,51.615,0.0,,,210.0000000000033,-5.684341886080802e-14,90.30000000000142,3.0,1093.5453714524444,0.0,0.0,0.0,111.10420973956835
150,1,151,0.1016,0.0,1093.5453714524442,,,,0,0.0,1,1875.0000000000032,1875.0000000000032,-0.0,300.0000000000005,62.25000000000011,0.0,,,287.73243156430067,1875.0000000000032,1800.0000000000032,75.00000000000011,1875.0000000000032,0.0,1.0,0.0,0.0,0.1579194793576663,119.89706935063955,0.96,790.8636799056156,759.229132709391,31.634547196224617,1.0,0.0,0.0,0.16126062660706278,83.91768110683014,0.96,542.0681600471938,520.3854336453061,21.68272640188775,1.0,0.0,0.0,0.16126062660706275,83.91768110683013,0.96,542.0681600471938,520.3854336453061,21.68272640188775,,,,637.6479398881436,1800.0000000000032,1665.0,135.0,1800.0,3.183231456205249e-12,1.0,0.0,0.0,0.3829717356685547,212.54931329604784,0.925,600.0,555.0,45.0,1.0,0.0,0.0,0.3829717356685547,212.54931329604784,0.925,600.0,555.0,45.0,1.0,0.0,0.0,0.3829717356685547,212.54931329604784,0.925,600.0,555.0,45.0,0.0,0.0,0.0,0.08724817754776787,0.0,0.8800000000000001,0.0,0.0,0.0,1.0,,,0.101,168.16500000000002,1665.0,1665.0,0.0,51.615,0.0,,,210.0000000000033,-5.684341886080802e-14,90.30000000000142,3.0,1093.5453714524442,0.0,0.0,0.0,111.10420973956833
151,1,152,0.1016,0.0,1093.5453714524444,,,,0,0.0,1,1875.0000000000032,1875.0000000000032,-0.0,300.0000000000005,62.25000000000011,0.0,,,287.7324315643009,1875.0000000000032,1800.0000000000032,75.00000000000011,1875.0000000000032,0.0,1.0,0.0,0.0,0.1579194793576663,119.89706935063955,0.96,790.8636799056156,759.229132709391,31.634547196224617,1.0,0.0,0.0,0.16126062660706278,83.91768110683014,0.96,542.0681600471938,520.3854336453061,21.68272640188775,1.0,0.0,0.0,0.16126062660706275,83.91768110683013,0.96,542.0681600471938,520.3854336453061,21.68272640188775,,,,637.6479398881436,1800.0000000000032,1665.0,135.0,1800.0,3.183231456205249e-12,1.0,0.0,0.0,0.3829717356685547,212.54931329604784,0.925,600.0,555.0,45.0,1.0,0.0,0.0,0.3829717356685547,212.54931329604784,0.925,600.0,555.0,45.0,1.0,0.0,0.0,0.3829717356685547,212.54931329604784,0.925,600.0,555.0,45.0,0.0,0.0,0.0,0.08724817754776787,0.0,0.8800000000000001,0.0,0.0,0.0,1.0,,,0.101,168.16500000000002,1665.0,1665.0,0.0,51.615,0.0,,,210.0000000000033,-5.684341886080802e-14,90.30000000000142,3.0,1093.5453714524444,0.0,0.0,0.0,111.10420973956835
152,1,153,0.1016,0.0,1093.5453714524444,,,,0,0.0,1,1875.0000000000032,1875.0000000000032,-0.0,300.0000000000005,62.25000000000011,0.0,,,287.7324315643009,1875.0000000000032,1800.0000000000032,75.00000000000011,1875.0000000000032,0.0,1.0,0.0,0.0,0.1579194793576663,119.89706935063955,0.96,790.8636799056156,759.229132709391,31.634547196224617,1.0,0.0,0.0,0.16126062660706278,83.91768110683014,0.96,542.0681600471938,520.3854336453061,21.68272640188775,1.0,0.0,0.0,0.16126062660706275,83.91768110683013,0.96,542.0681600471938,520.3854336453061,21.68272640188775,,,,637.6479398881436,1800.0000000000032,1665.0,135.0,1800.0,3.183231456205249e-12,1.0,0.0,0.0,0.3829717356685547,212.54931329604784,0.925,600.0,555.0,45.0,1.0,0.0,0.0,0.3829717356685547,212.54931329604784,0.925,600.0,555.0,45.0,1.0,0.0,0.0,0.3829717356685547,212.54931329604784,0.925,600.0,555.0,45.0,0.0,0.0,0.0,0.08724817754776787,0.0,0.8800000000000001,0.0,0.0,0.0,1.0,,,0.101,168.16500000000002,1665.0,1665.0,0.0,51.615,0.0,,,210.0000000000033,-5.684341886080802e-14,90.30000000000142,3.0,1093.5453714524444,0.0,0.0,0.0,111.10420973956835
153,1,154,0.1016,0.0,1093.5453714524444,,,,0,0.0,1,1875.0000000000032,1875.0000000000032,-0.0,300.0000000000005,62.25000000000011,0.0,,,287.7324315643009,1875.0000000000032,1800.0000000000032,75.00000000000011,1875.0000000000032,0.0,1.0,0.0,0.0,0.1579194793576663,119.89706935063955,0.96,790.8636799056156,759.229132709391,31.634547196224617,1.0,0.0,0.0,0.16126062660706278,83.91768110683014,0.96,542.0681600471938,520.3854336453061,21.68272640188775,1.0,0.0,0.0,0.16126062660706275,83.91768110683013,0.96,542.0681600471938,520.3854336453061,21.68272640188775,,,,637.6479398881436,1800.0000000000032,1665.0,135.0,1800.0,3.183231456205249e-12,1.0,0.0,0.0,0.3829717356685547,212.54931329604784,0.925,600.0,555.0,45.0,1.0,0.0,0.0,0.3829717356685547,212.54931329604784,0.925,600.0,555.0,45.0,1.0,0.0,0.0,0.3829717356685547,212.54931329604784,0.925,600.0,555.0,45.0,0.0,0.0,0.0,0.08724817754776787,0.0,0.8800000000000001,0.0,0.0,0.0,1.0,,,0.101,168.16500000000002,1665.0,1665.0,0.0,51.615,0.0,,,210.0000000000033,-5.684341886080802e-14,90.30000000000142,3.0,1093.5453714524444,0.0,0.0,0.0,111.10420973956835
154,1,155,0.1016,0.0,1093.5453714524442,,,,0,0.0,1,1875.0000000000032,1875.0000000000032,-0.0,300.0000000000005,62.25000000000011,0.0,,,287.73243156430067,1875.0000000000032,1800.0000000000032,75.00000000000011,1875.0000000000032,0.0,1.0,0.0,0.0,0.1579194793576663,119.89706935063955,0.96,790.8636799056156,759.229132709391,31.634547196224617,1.0,0.0,0.0,0.16126062660706278,83.91768110683014,0.96,542.0681600471938,520.3854336453061,21.68272640188775,1.0,0.0,0.0,0.16126062660706275,83.91768110683013,0.96,542.0681600471938,520.3854336453061,21.68272640188775,,,,637.6479398881436,1800.0000000000032,1665.0,135.0,1800.0,3.183231456205249e-12,1.0,0.0,0.0,0.3829717356685547,212.54931329604784,0.925,600.0,555.0,45.0,1.0,0.0,0.0,0.3829717356685547,212.54931329604784,0.925,600.0,555.0,45.0,1.0,0.0,0.0,0.3829717356685547,212.54931329604784,0.925,600.0,555.0,45.0,0.0,0.0,0.0,0.08724817754776787,0.0,0.8800000000000001,0.0,0.0,0.0,1.0,,,0.101,168.16500000000002,1665.0,1665.0,0.0,51.615,0.0,,,210.0000000000033,-5.684341886080802e-14,90.30000000000142,3.0,1093.5453714524442,0.0,0.0,0.0,111.10420973956833
155,1,156,0.1016,0.0,1093.5453714524447,,,,0,0.0,1,1875.0000000000032,1875.0000000000032,-0.0,300.0000000000005,62.25000000000011,0.0,,,287.7324315643011,1875.0000000000032,1800.0000000000032,75.00000000000011,1875.0000000000032,0.0,1.0,0.0,0.0,0.1579194793576663,119.89706935063955,0.96,790.8636799056156,759.229132709391,31.634547196224617,1.0,0.0,0.0,0.16126062660706278,83.91768110683014,0.96,542.0681600471938,520.3854336453061,21.68272640188775,1.0,0.0,0.0,0.16126062660706275,83.91768110683013,0.96,542.0681600471938,520.3854336453061,21.68272640188775,,,,637.6479398881436,1800.0000000000032,1665.0,135.0,1800.0,3.183231456205249e-12,1.0,0.0,0.0,0.3829717356685547,212.54931329604784,0.925,600.0,555.0,45.0,1.0,0.0,0.0,0.3829717356685547,212.54931329604784,0.925,600.0,555.0,45.0,1.0,0.0,0.0,0.3829717356685547,212.54931329604784,0.925,600.0,555.0,45.0,0.0,0.0,0.0,0.08724817754776787,0.0,0.8800000000000001,0.0,0.0,0.0,1.0,,,0.101,168.16500000000002,1665.0,1665.0,0.0,51.615,0.0,,,210.0000000000033,-5.684341886080802e-14,90.30000000000142,3.0,1093.5453714524447,0.0,0.0,0.0,111.10420973956838
156,1,157,0.1016,0.0,1093.5453714524442,,,,0,0.0,1,1875.0000000000032,1875.0000000000032,-0.0,300.0000000000005,62.25000000000011,0.0,,,287.73243156430067,1875.0000000000032,1800.0000000000032,75.00000000000011,1875.0000000000032,0.0,1.0,0.0,0.0,0.1579194793576663,119.89706935063955,0.96,790.8636799056156,759.229132709391,31.634547196224617,1.0,0.0,0.0,0.16126062660706278,83.91768110683014,0.96,542.0681600471938,520.3854336453061,21.68272640188775,1.0,0.0,0.0,0.16126062660706275,83.91768110683013,0.96,542.0681600471938,520.3854336453061,21.68272640188775,,,,637.6479398881436,1800.0000000000032,1665.0,135.0,1800.0,3.183231456205249e-12,1.0,0.0,0.0,0.3829717356685547,212.54931329604784,0.925,600.0,555.0,45.0,1.0,0.0,0.0,0.3829717356685547,212.54931329604784,0.925,600.0,555.0,45.0,1.0,0.0,0.0,0.3829717356685547,212.54931329604784,0.925,600.0,555.0,45.0,0.0,0.0,0.0,0.08724817754776787,0.0,0.8800000000000001,0.0,0.0,0.0,1.0,,,0.101,168.16500000000002,1665.0,1665.0,0.0,51.615,0.0,,,210.0000000000033,-5.684341886080802e-14,90.30000000000142,3.0,1093.5453714524442,0.0,0.0,0.0,111.10420973956833
157,1,158,0.1016,0.0,1093.5453714524442,,,,0,0.0,1,1875.0000000000032,1875.0000000000032,-0.0,300.0000000000005,62.25000000000011,0.0,,,287.73243156430067,1875.0000000000032,1800.0000000000032,75.00000000000011,1875.0000000000032,0.0,1.0,0.0,0.0,0.1579194793576663,119.89706935063955,0.96,790.8636799056156,759.229132709391,31.634547196224617,1.0,0.0,0.0,0.16126062660706278,83.91768110683014,0.96,542.0681600471938,520.3854336453061,21.68272640188775,1.0,0.0,0.0,0.16126062660706275,83.91768110683013,0.96,542.0681600471938,520.3854336453061,21.68272640188775,,,,637.6479398881436,1800.0000000000032,1665.0,135.0,1800.0,3.183231456205249e-12,1.0,0.0,0.0,0.3829717356685547,212.54931329604784,0.925,600.0,555.0,45.0,1.0,0.0,0.0,0.3829717356685547,212.54931329604784,0.925,600.0,555.0,45.0,1.0,0.0,0.0,0.3829717356685547,212.54931329604784,0.925,600.0,555.0,45.0,0.0,0.0,0.0,0.08724817754776787,0.0,0.8800000000000001,0.0,0.0,0.0,1.0,,,0.101,168.16500000000002,1665.0,1665.0,0.0,51.615,0.0,,,210.0000000000033,-5.684341886080802e-14,90.30000000000142,3.0,1093.5453714524442,0.0,0.0,0.0,111.10420973956833
158,1,159,0.1016,0.0,1093.5453714524442,,,,0,0.0,1,1875.0000000000032,1875.0000000000032,-0.0,300.0000000000005,62.25000000000011,0.0,,,287.73243156430067,1875.0000000000032,1800.0000000000032,75.00000000000011,1875.0000000000032,0.0,1.0,0.0,0.0,0.1579194793576663,119.89706935063955,0.96,790.8636799056156,759.229132709391,31.634547196224617,1.0,0.0,0.0,0.16126062660706278,83.91768110683014,0.96,542.0681600471938,520.3854336453061,21.68272640188775,1.0,0.0,0.0,0.16126062660706275,83.91768110683013,0.96,542.0681600471938,520.3854336453061,21.68272640188775,,,,637.6479398881436,1800.0000000000032,1665.0,135.0,1800.0,3.183231456205249e-12,1.0,0.0,0.0,0.3829717356685547,212.54931329604784,0.925,600.0,555.0,45.0,1.0,0.0,0.0,0.3829717356685547,212.54931329604784,0.925,600.0,555.0,45.0,1.0,0.0,0.0,0.3829717356685547,212.54931329604784,0.925,600.0,555.0,45.0,0.0,0.0,0.0,0.08724817754776787,0.0,0.8800000000000001,0.0,0.0,0.0,1.0,,,0.101,168.16500000000002,1665.0,1665.0,0.0,51.615,0.0,,,210.0000000000033,-5.684341886080802e-14,90.30000000000142,3.0,1093.5453714524442,0.0,0.0,0.0,111.10420973956833
159,1,160,0.1016,0.0,1093.5453714524444,,,,0,0.0,1,1875.0000000000032,1875.0000000000032,-0.0,300.0000000000005,62.25000000000011,0.0,,,287.7324315643009,1875.0000000000032,1800.0000000000032,75.00000000000011,1875.0000000000032,0.0,1.0,0.0,0.0,0.1579194793576663,119.89706935063955,0.96,790.8636799056156,759.229132709391,31.634547196224617,1.0,0.0,0.0,0.16126062660706278,83.91768110683014,0.96,542.0681600471938,520.3854336453061,21.68272640188775,1.0,0.0,0.0,0.16126062660706275,83.91768110683013,0.96,542.0681600471938,520.3854336453061,21.68272640188775,,,,637.6479398881436,1800.0000000000032,1665.0,135.0,1800.0,3.183231456205249e-12,1.0,0.0,0.0,0.3829717356685547,212.54931329604784,0.925,600.0,555.0,45.0,1.0,0.0,0.0,0.3829717356685547,212.54931329604784,0.925,600.0,555.0,45.0,1.0,0.0,0.0,0.3829717356685547,212.54931329604784,0.925,600.0,555.0,45.0,0.0,0.0,0.0,0.08724817754776787,0.0,0.8800000000000001,0.0,0.0,0.0,1.0,,,0.101,168.16500000000002,1665.0,1665.0,0.0,51.615,0.0,,,210.0000000000033,-5.684341886080802e-14,90.30000000000142,3.0,1093.5453714524444,0.0,0.0,0.0,111.10420973956835
160,1,161,0.1016,0.0,1093.5453714524442,,,,0,0.0,1,1875.0000000000032,1875.0000000000032,-0.0,300.0000000000005,62.25000000000011,0.0,,,287.73243156430067,1875.0000000000032,1800.0000000000032,75.00000000000011,1875.0000000000032,0.0,1.0,0.0,0.0,0.1579194793576663,119.89706935063955,0.96,790.8636799056156,759.229132709391,31.634547196224617,1.0,0.0,0.0,0.16126062660706278,83.91768110683014,0.96,542.0681600471938,520.3854336453061,21.68272640188775,1.0,0.0,0.0,0.16126062660706275,83.91768110683013,0.96,542.0681600471938,520.3854336453061,21.68272640188775,,,,637.6479398881436,1800.0000000000032,1665.0,135.0,1800.0,3.183231456205249e-12,1.0,0.0,0.0,0.3829717356685547,212.54931329604784,0.925,600.0,555.0,45.0,1.0,0.0,0.0,0.3829717356685547,212.54931329604784,0.925,600.0,555.0,45.0,1.0,0.0,0.0,0.3829717356685547,212.54931329604784,0.925,600.0,555.0,45.0,0.0,0.0,0.0,0.08724817754776787,0.0,0.8800000000000001,0.0,0.0,0.0,1.0,,,0.101,168.16500000000002,1665.0,1665.0,0.0,51.615,0.0,,,210.0000000000033,-5.684341886080802e-14,90.30000000000142,3.0,1093.5453714524442,0.0,0.0,0.0,111.10420973956833
161,1,162,0.13994,0.0,1093.5453714524444,,,,0,0.0,1,1875.0000000000032,1875.0000000000032,-0.0,300.0000000000005,62.25000000000011,0.0,,,287.7324315643009,1875.0000000000032,1800.0000000000032,75.00000000000011,1875.0000000000032,0.0,1.0,0.0,0.0,0.1579194793576663,119.89706935063955,0.96,790.8636799056156,759.229132709391,31.634547196224617,1.0,0.0,0.0,0.16126062660706278,83.91768110683014,0.96,542.0681600471938,520.3854336453061,21.68272640188775,1.0,0.0,0.0,0.16126062660706275,83.91768110683013,0.96,542.0681600471938,520.3854336453061,21.68272640188775,,,,637.6479398881436,1800.0000000000032,1665.0,135.0,1800.0,3.183231456205249e-12,1.0,0.0,0.0,0.3829717356685547,212.54931329604784,0.925,600.0,555.0,45.0,1.0,0.0,0.0,0.3829717356685547,212.54931329604784,0.925,600.0,555.0,45.0,1.0,0.0,0.0,0.3829717356685547,212.54931329604784,0.925,600.0,555.0,45.0,0.0,0.0,0.0,0.08724817754776787,0.0,0.8800000000000001,0.0,0.0,0.0,1.0,,,0.101,168.16500000000002,1665.0,1665.0,0.0,51.615,0.0,,,210.0000000000033,-5.684341886080802e-14,90.30000000000142,3.0,1093.5453714524444,0.0,0.0,0.0,153.03073928105508
162,1,163,0.13994,0.0,1093.5453714524442,,,,0,0.0,1,1875.0000000000032,1875.0000000000032,-0.0,300.0000000000005,62.25000000000011,0.0,,,287.73243156430067,1875.0000000000032,1800.0000000000032,75.00000000000011,1875.0000000000032,0.0,1.0,0.0,0.0,0.1579194793576663,119.89706935063955,0.96,790.8636799056156,759.229132709391,31.634547196224617,1.0,0.0,0.0,0.16126062660706278,83.91768110683014,0.96,542.0681600471938,520.3854336453061,21.68272640188775,1.0,0.0,0.0,0.16126062660706275,83.91768110683013,0.96,542.0681600471938,520.3854336453061,21.68272640188775,,,,637.6479398881436,1800.0000000000032,1665.0,135.0,1800.0,3.183231456205249e-12,1.0,0.0,0.0,0.3829717356685547,212.54931329604784,0.925,600.0,555.0,45.0,1.0,0.0,0.0,0.3829717356685547,212.54931329604784,0.925,600.0,555.0,45.0,1.0,0.0,0.0,0.3829717356685547,212.54931329604784,0.925,600.0,555.0,45.0,0.0,0.0,0.0,0.08724817754776787,0.0,0.8800000000000001,0.0,0.0,0.0,1.0,,,0.101,168.16500000000002,1665.0,1665.0,0.0,51.615,0.0,,,210.0000000000033,-5.684341886080802e-14,90.30000000000142,3.0,1093.5453714524442,0.0,0.0,0.0,153.03073928105505
163,1,164,0.13994,0.0,1093.5453714524442,,,,0,0.0,1,1875.0000000000032,1875.0000000000032,-0.0,300.0000000000005,62.25000000000011,0.0,,,287.73243156430067,1875.0000000000032,1800.0000000000032,75.00000000000011,1875.0000000000032,0.0,1.0,0.0,0.0,0.1579194793576663,119.89706935063955,0.96,790.8636799056156,759.229132709391,31.634547196224617,1.0,0.0,0.0,0.16126062660706278,83.91768110683014,0.96,542.0681600471938,520.3854336453061,21.68272640188775,1.0,0.0,0.0,0.16126062660706275,83.91768110683013,0.96,542.0681600471938,520.3854336453061,21.68272640188775,,,,637.6479398881436,1800.0000000000032,1665.0,135.0,1800.0,3.183231456205249e-12,1.0,0.0,0.0,0.3829717356685547,212.54931329604784,0.925,600.0,555.0,45.0,1.0,0.0,0.0,0.3829717356685547,212.54931329604784,0.925,600.0,555.0,45.0,1.0,0.0,0.0,0.3829717356685547,212.54931329604784,0.925,600.0,555.0,45.0,0.0,0.0,0.0,0.08724817754776787,0.0,0.8800000000000001,0.0,0.0,0.0,1.0,,,0.101,168.16500000000002,1665.0,1665.0,0.0,51.615,0.0,,,210.0000000000033,-5.684341886080802e-14,90.30000000000142,3.0,1093.5453714524442,0.0,0.0,0.0,153.03073928105505
164,1,165,0.13994,0.0,1093.545371452444,,,,0,0.0,1,1875.0000000000032,1875.0000000000032,-0.0,300.0000000000005,62.25000000000011,0.0,,,287.73243156430044,1875.0000000000032,1800.0000000000032,75.00000000000011,1875.0000000000032,0.0,1.0,0.0,0.0,0.1579194793576663,119.89706935063955,0.96,790.8636799056156,759.229132709391,31.634547196224617,1.0,0.0,0.0,0.16126062660706278,83.91768110683014,0.96,542.0681600471938,520.3854336453061,21.68272640188775,1.0,0.0,0.0,0.16126062660706275,83.91768110683013,0.96,542.0681600471938,520.3854336453061,21.68272640188775,,,,637.6479398881436,1800.0000000000032,1665.0,135.0,1800.0,3.183231456205249e-12,1.0,0.0,0.0,0.3829717356685547,212.54931329604784,0.925,600.0,555.0,45.0,1.0,0.0,0.0,0.3829717356685547,212.54931329604784,0.925,600.0,555.0,45.0,1.0,0.0,0.0,0.3829717356685547,212.54931329604784,0.925,600.0,555.0,45.0,0.0,0.0,0.0,0.08724817754776787,0.0,0.8800000000000001,0.0,0.0,0.0,1.0,,,0.101,168.16500000000002,1665.0,1665.0,0.0,51.615,0.0,,,210.0000000000033,-5.684341886080802e-14,90.30000000000142,3.0,1093.545371452444,0.0,0.0,0.0,153.03073928105502
165,1,166,0.13994,0.0,1093.5453714524442,,,,0,0.0,1,1875.0000000000032,1875.0000000000032,-0.0,300.0000000000005,62.25000000000011,0.0,,,287.73243156430067,1875.0000000000032,1800.0000000000032,75.00000000000011,1875.0000000000032,0.0,1.0,0.0,0.0,0.1579194793576663,119.89706935063955,0.96,790.8636799056156,759.229132709391,31.634547196224617,1.0,0.0,0.0,0.16126062660706278,83.91768110683014,0.96,542.0681600471938,520.3854336453061,21.68272640188775,1.0,0.0,0.0,0.16126062660706275,83.91768110683013,0.96,542.0681600471938,520.3854336453061,21.68272640188775,,,,637.6479398881436,1800.0000000000032,1665.0,135.0,1800.0,3.183231456205249e-12,1.0,0.0,0.0,0.3829717356685547,212.54931329604784,0.925,600.0,555.0,45.0,1.0,0.0,0.0,0.3829717356685547,212.54931329604784,0.925,600.0,555.0,45.0,1.0,0.0,0.0,0.3829717356685547,212.54931329604784,0.925,600.0,555.0,45.0,0.0,0.0,0.0,0.08724817754776787,0.0,0.8800000000000001,0.0,0.0,0.0,1.0,,,0.101,168.16500000000002,1665.0,1665.0,0.0,51.615,0.0,,,210.0000000000033,-5.684341886080802e-14,90.30000000000142,3.0,1093.5453714524442,0.0,0.0,0.0,153.03073928105505
166,1,167,0.1016,0.0,1093.5453714524447,,,,0,0.0,1,1875.0000000000032,1875.0000000000032,-0.0,300.0000000000005,62.25000000000011,0.0,,,287.7324315643011,1875.0000000000032,1800.0000000000032,75.00000000000011,1875.0000000000032,0.0,1.0,0.0,0.0,0.1579194793576663,119.89706935063955,0.96,790.8636799056156,759.229132709391,31.634547196224617,1.0,0.0,0.0,0.16126062660706278,83.91768110683014,0.96,542.0681600471938,520.3854336453061,21.68272640188775,1.0,0.0,0.0,0.16126062660706275,83.91768110683013,0.96,542.0681600471938,520.3854336453061,21.68272640188775,,,,637.6479398881436,1800.0000000000032,1665.0,135.0,1800.0,3.183231456205249e-12,1.0,0.0,0.0,0.3829717356685547,212.54931329604784,0.925,600.0,555.0,45.0,1.0,0.0,0.0,0.3829717356685547,212.54931329604784,0.925,600.0,555.0,45.0,1.0,0.0,0.0,0.3829717356685547,212.54931329604784,0.925,600.0,555.0,45.0,0.0,0.0,0.0,0.08724817754776787,0.0,0.8800000000000001,0.0,0.0,0.0,1.0,,,0.101,168.16500000000002,1665.0,1665.0,0.0,51.615,0.0,,,210.0000000000033,-5.684341886080802e-14,90.30000000000142,3.0,1093.5453714524447,0.0,0.0,0.0,111.10420973956838
167,1,168,0.1016,0.0,1093.545371452444,,,,0,0.0,1,1875.0000000000032,1875.0000000000032,-0.0,300.0000000000005,62.25000000000011,0.0,,,287.73243156430044,1875.0000000000032,1800.0000000000032,75.00000000000011,1875.0000000000032,0.0,1.0,0.0,0.0,0.1579194793576663,119.89706935063955,0.96,790.8636799056156,759.229132709391,31.634547196224617,1.0,0.0,0.0,0.16126062660706278,83.91768110683014,0.96,542.0681600471938,520.3854336453061,21.68272640188775,1.0,0.0,0.0,0.16126062660706275,83.91768110683013,0.96,542.0681600471938,520.3854336453061,21.68272640188775,,,,637.6479398881436,1800.0000000000032,1665.0,135.0,1800.0,3.183231456205249e-12,1.0,0.0,0.0,0.3829717356685547,212.54931329604784,0.925,600.0,555.0,45.0,1.0,0.0,0.0,0.3829717356685547,212.54931329604784,0.925,600.0,555.0,45.0,1.0,0.0,0.0,0.3829717356685547,212.54931329604784,0.925,600.0,555.0,45.0,0.0,0.0,0.0,0.08724817754776787,0.0,0.8800000000000001,0.0,0.0,0.0,1.0,,,0.101,168.16500000000002,1665.0,1665.0,0.0,51.615,0.0,,,210.0000000000033,-5.684341886080802e-14,90.30000000000142,3.0,1093.545371452444,0.0,0.0,0.0,111.1042097395683
