,Day,Time,LMP,bypass_pretreatment_flow,power_from_grid,intake.op_mode,intake.startup,intake.shutdown,intake.energy_intensity,intake.power_consumption,intake.recovery,intake.feed_flowrate,intake.product_flowrate,intake.reject_flowrate,intake.feed_cost,intake.chemical_cost,pretreatment.op_mode,pretreatment.startup,pretreatment.shutdown,pretreatment.power_consumption,pretreatment.feed_flowrate,pretreatment.product_flowrate,pretreatment.reject_flowrate,pretreatment.inlet_flowrate,pretreatment.leftover_flow,pretreatment.uf_pumps[1].op_mode,pretreatment.uf_pumps[1].startup,pretreatment.uf_pumps[1].shutdown,pretreatment.uf_pumps[1].energy_intensity,pretreatment.uf_pumps[1].power_consumption,pretreatment.uf_pumps[1].recovery,pretreatment.uf_pumps[1].feed_flowrate,pretreatment.uf_pumps[1].product_flowrate,pretreatment.uf_pumps[1].reject_flowrate,pretreatment.uf_pumps[2].op_mode,pretreatment.uf_pumps[2].startup,pretreatment.uf_pumps[2].shutdown,pretreatment.uf_pumps[2].energy_intensity,pretreatment.uf_pumps[2].power_consumption,pretreatment.uf_pumps[2].recovery,pretreatment.uf_pumps[2].feed_flowrate,pretreatment.uf_pumps[2].product_flowrate,pretreatment.uf_pumps[2].reject_flowrate,pretreatment.uf_pumps[3].op_mode,pretreatment.uf_pumps[3].startup,pretreatment.uf_pumps[3].shutdown,pretreatment.uf_pumps[3].energy_intensity,pretreatment.uf_pumps[3].power_consumption,pretreatment.uf_pumps[3].recovery,pretreatment.uf_pumps[3].feed_flowrate,pretreatment.uf_pumps[3].product_flowrate,pretreatment.uf_pumps[3].reject_flowrate,reverse_osmosis.op_mode,reverse_osmosis.startup,reverse_osmosis.shutdown,reverse_osmosis.power_consumption,reverse_osmosis.feed_flowrate,reverse_osmosis.product_flowrate,reverse_osmosis.reject_flowrate,reverse_osmosis.inlet_flowrate,reverse_osmosis.leftover_flow,reverse_osmosis.ro_skid[1].op_mode,reverse_osmosis.ro_skid[1].startup,reverse_osmosis.ro_skid[1].shutdown,reverse_osmosis.ro_skid[1].energy_intensity,reverse_osmosis.ro_skid[1].power_consumption,reverse_osmosis.ro_skid[1].recovery,reverse_osmosis.ro_skid[1].feed_flowrate,reverse_osmosis.ro_skid[1].product_flowrate,reverse_osmosis.ro_skid[1].reject_flowrate,reverse_osmosis.ro_skid[2].op_mode,reverse_osmosis.ro_skid[2].startup,reverse_osmosis.ro_skid[2].shutdown,reverse_osmosis.ro_skid[2].energy_intensity,reverse_osmosis.ro_skid[2].power_consumption,reverse_osmosis.ro_skid[2].recovery,reverse_osmosis.ro_skid[2].feed_flowrate,reverse_osmosis.ro_skid[2].product_flowrate,reverse_osmosis.ro_skid[2].reject_flowrate,reverse_osmosis.ro_skid[3].op_mode,reverse_osmosis.ro_skid[3].startup,reverse_osmosis.ro_skid[3].shutdown,reverse_osmosis.ro_skid[3].energy_intensity,reverse_osmosis.ro_skid[3].power_consumption,reverse_osmosis.ro_skid[3].recovery,reverse_osmosis.ro_skid[3].feed_flowrate,reverse_osmosis.ro_skid[3].product_flowrate,reverse_osmosis.ro_skid[3].reject_flowrate,reverse_osmosis.ro_skid[4].op_mode,reverse_osmosis.ro_skid[4].startup,reverse_osmosis.ro_skid[4].shutdown,reverse_osmosis.ro_skid[4].energy_intensity,reverse_osmosis.ro_skid[4].power_consumption,reverse_osmosis.ro_skid[4].recovery,reverse_osmosis.ro_skid[4].feed_flowrate,reverse_osmosis.ro_skid[4].product_flowrate,reverse_osmosis.ro_skid[4].reject_flowrate,posttreatment.op_mode,posttreatment.startup,posttreatment.shutdown,posttreatment.energy_intensity,posttreatment.power_consumption,posttreatment.feed_flowrate,posttreatment.product_flowrate,posttreatment.reject_flowrate,posttreatment.chemical_cost,brine_discharge.op_mode,brine_discharge.startup,brine_discharge.shutdown,brine_discharge.feed_flowrate,brine_discharge.power_consumption,brine_discharge.brine_cost,num_skids_online,net_power_consumption,water_revenue,demand_response_revenue,emissions_cost,energy_cost
0,1,1,0.1016,0.0,734.4499717148145,,,,0,0.0,1,1260.991667046207,1260.991667046207,-0.0,201.75866672739315,41.86492334593407,0.0,,,189.67395696749443,1260.991667046207,1210.5520002761607,50.43966667817341,1260.991666954334,0.0,1.0,0.0,0.0,0.15668228679419613,94.84374289656701,0.96,630.5471252600898,605.3252402496862,25.221885010403614,1.0,0.0,0.0,0.15668542820704076,94.83021407092743,0.96,630.4445417861174,605.2267601146726,25.217781671444715,0.0,0.0,0.0,0.271,0.0,0.96,0.0,0.0,0.0,,,,431.6801941215198,1210.5520002761607,1119.7606002554487,90.791400020712,1210.5520002761607,0.0,1.0,0.0,0.0,0.38551268858283005,215.84210143437647,0.925,605.2792016243916,559.8832615025623,45.39594012182934,1.0,0.0,0.0,0.3855096067433584,215.83809268714327,0.925,605.2727986517691,559.8773387528864,45.395459898882656,0.0,0.0,0.0,0.09418341935927774,0.0,0.925,0.0,0.0,0.0,0.0,0.0,0.0,0.09418341935927774,0.0,0.925,0.0,0.0,0.0,1.0,,,0.101,113.09582062580033,1119.7606002554487,1119.7606002554487,0.0,34.71257860791891,0.0,,,141.23106679075838,0.0,60.7293587200261,2.0,734.4499717148145,0.0,0.0,0.0,74.62011712622515
1,1,2,0.1016,0.0,734.4499717148145,,,,0,0.0,1,1260.991667046207,1260.991667046207,-0.0,201.75866672739315,41.86492334593407,0.0,,,189.67395696749443,1260.991667046207,1210.5520002761607,50.43966667817341,1260.991666954334,0.0,1.0,0.0,0.0,0.15668228679419613,94.84374289656701,0.96,630.5471252600898,605.3252402496862,25.221885010403614,1.0,0.0,0.0,0.15668542820704076,94.83021407092743,0.96,630.4445417861174,605.2267601146726,25.217781671444715,0.0,0.0,0.0,0.271,0.0,0.96,0.0,0.0,0.0,,,,431.6801941215198,1210.5520002761607,1119.7606002554487,90.791400020712,1210.5520002761607,0.0,1.0,0.0,0.0,0.38551268858283005,215.84210143437647,0.925,605.2792016243916,559.8832615025623,45.39594012182934,1.0,0.0,0.0,0.3855096067433584,215.83809268714327,0.925,605.2727986517691,559.8773387528864,45.395459898882656,0.0,0.0,0.0,0.09418341935927774,0.0,0.925,0.0,0.0,0.0,0.0,0.0,0.0,0.09418341935927774,0.0,0.925,0.0,0.0,0.0,1.0,,,0.101,113.09582062580033,1119.7606002554487,1119.7606002554487,0.0,34.71257860791891,0.0,,,141.23106679075838,0.0,60.7293587200261,2.0,734.4499717148145,0.0,0.0,0.0,74.62011712622515
2,1,3,0.1016,0.0,734.4499717148145,,,,0,0.0,1,1260.9916669543343,1260.9916669543343,-0.0,201.75866671269347,41.8649233428839,0.0,,,189.67395696749443,1260.9916669543343,1210.5520002761607,50.43966667817341,1260.991666954334,0.0,1.0,0.0,0.0,0.15668228679419613,94.84374289656701,0.96,630.5471252600898,605.3252402496862,25.221885010403614,1.0,0.0,0.0,0.15668542820704076,94.83021407092743,0.96,630.4445417861174,605.2267601146726,25.217781671444715,0.0,0.0,0.0,0.271,0.0,0.96,0.0,0.0,0.0,,,,431.6801941215198,1210.5520002761607,1119.7606002554487,90.791400020712,1210.5520002761607,0.0,1.0,0.0,0.0,0.38551268858283005,215.84210143437647,0.925,605.2792016243916,559.8832615025623,45.39594012182934,1.0,0.0,0.0,0.3855096067433584,215.83809268714327,0.925,605.2727986517691,559.8773387528864,45.395459898882656,0.0,0.0,0.0,0.09418341935927774,0.0,0.925,0.0,0.0,0.0,0.0,0.0,0.0,0.09418341935927774,0.0,0.925,0.0,0.0,0.0,1.0,,,0.101,113.09582062580033,1119.7606002554487,1119.7606002554487,0.0,34.71257860791891,0.0,,,141.23106669888543,0.0,60.729358680520725,2.0,734.4499717148145,0.0,0.0,0.0,74.62011712622515
3,1,4,0.1016,0.0,734.4499717148145,,,,0,0.0,1,1260.9916669543343,1260.9916669543343,-0.0,201.75866671269347,41.8649233428839,0.0,,,189.67395696749443,1260.9916669543343,1210.5520002761607,50.43966667817341,1260.991666954334,0.0,1.0,0.0,0.0,0.15668228679419613,94.84374289656701,0.96,630.5471252600898,605.3252402496862,25.221885010403614,1.0,0.0,0.0,0.15668542820704076,94.83021407092743,0.96,630.4445417861174,605.2267601146726,25.217781671444715,0.0,0.0,0.0,0.271,0.0,0.96,0.0,0.0,0.0,,,,431.6801941215198,1210.5520002761607,1119.7606002554487,90.791400020712,1210.5520002761607,0.0,1.0,0.0,0.0,0.38551268858283005,215.84210143437647,0.925,605.2792016243916,559.8832615025623,45.39594012182934,1.0,0.0,0.0,0.3855096067433584,215.83809268714327,0.925,605.2727986517691,559.8773387528864,45.395459898882656,0.0,0.0,0.0,0.09418341935927774,0.0,0.925,0.0,0.0,0.0,0.0,0.0,0.0,0.09418341935927774,0.0,0.925,0.0,0.0,0.0,1.0,,,0.101,113.09582062580033,1119.7606002554487,1119.7606002554487,0.0,34.71257860791891,0.0,,,141.23106669888543,0.0,60.729358680520725,2.0,734.4499717148145,0.0,0.0,0.0,74.62011712622515
4,1,5,0.1016,0.0,734.4499717148145,,,,0,0.0,1,1260.9916669543343,1260.9916669543343,-0.0,201.75866671269347,41.8649233428839,0.0,,,189.67395696749443,1260.9916669543343,1210.5520002761607,50.43966667817341,1260.991666954334,0.0,1.0,0.0,0.0,0.15668228679419613,94.84374289656701,0.96,630.5471252600898,605.3252402496862,25.221885010403614,1.0,0.0,0.0,0.15668542820704076,94.83021407092743,0.96,630.4445417861174,605.2267601146726,25.217781671444715,0.0,0.0,0.0,0.271,0.0,0.96,0.0,0.0,0.0,,,,431.6801941215198,1210.5520002761607,1119.7606002554487,90.791400020712,1210.5520002761607,0.0,1.0,0.0,0.0,0.38551268858283005,215.84210143437647,0.925,605.2792016243916,559.8832615025623,45.39594012182934,1.0,0.0,0.0,0.3855096067433584,215.83809268714327,0.925,605.2727986517691,559.8773387528864,45.395459898882656,0.0,0.0,0.0,0.09418341935927774,0.0,0.925,0.0,0.0,0.0,0.0,0.0,0.0,0.09418341935927774,0.0,0.925,0.0,0.0,0.0,1.0,,,0.101,113.09582062580033,1119.7606002554487,1119.7606002554487,0.0,34.71257860791891,0.0,,,141.23106669888543,0.0,60.729358680520725,2.0,734.4499717148145,0.0,0.0,0.0,74.62011712622515
5,1,6,0.1016,0.0,734.4499717148145,,,,0,0.0,1,1260.9916669543343,1260.9916669543343,-0.0,201.75866671269347,41.8649233428839,0.0,,,189.67395696749443,1260.9916669543343,1210.5520002761607,50.43966667817341,1260.991666954334,0.0,1.0,0.0,0.0,0.15668228679419613,94.84374289656701,0.96,630.5471252600898,605.3252402496862,25.221885010403614,1.0,0.0,0.0,0.15668542820704076,94.83021407092743,0.96,630.4445417861174,605.2267601146726,25.217781671444715,0.0,0.0,0.0,0.271,0.0,0.96,0.0,0.0,0.0,,,,431.6801941215198,1210.5520002761607,1119.7606002554487,90.791400020712,1210.5520002761607,0.0,1.0,0.0,0.0,0.38551268858283005,215.84210143437647,0.925,605.2792016243916,559.8832615025623,45.39594012182934,1.0,0.0,0.0,0.3855096067433584,215.83809268714327,0.925,605.2727986517691,559.8773387528864,45.395459898882656,0.0,0.0,0.0,0.09418341935927774,0.0,0.925,0.0,0.0,0.0,0.0,0.0,0.0,0.09418341935927774,0.0,0.925,0.0,0.0,0.0,1.0,,,0.101,113.09582062580033,1119.7606002554487,1119.7606002554487,0.0,34.71257860791891,0.0,,,141.23106669888543,0.0,60.729358680520725,2.0,734.4499717148145,0.0,0.0,0.0,74.62011712622515
6,1,7,0.1016,0.0,734.4499717148145,,,,0,0.0,1,1260.9916669543343,1260.9916669543343,-0.0,201.75866671269347,41.8649233428839,0.0,,,189.67395696749443,1260.9916669543343,1210.5520002761607,50.43966667817341,1260.991666954334,0.0,1.0,0.0,0.0,0.15668228679419613,94.84374289656701,0.96,630.5471252600898,605.3252402496862,25.221885010403614,1.0,0.0,0.0,0.15668542820704076,94.83021407092743,0.96,630.4445417861174,605.2267601146726,25.217781671444715,0.0,0.0,0.0,0.271,0.0,0.96,0.0,0.0,0.0,,,,431.6801941215198,1210.5520002761607,1119.7606002554487,90.791400020712,1210.5520002761607,0.0,1.0,0.0,0.0,0.38551268858283005,215.84210143437647,0.925,605.2792016243916,559.8832615025623,45.39594012182934,1.0,0.0,0.0,0.3855096067433584,215.83809268714327,0.925,605.2727986517691,559.8773387528864,45.395459898882656,0.0,0.0,0.0,0.09418341935927774,0.0,0.925,0.0,0.0,0.0,0.0,0.0,0.0,0.09418341935927774,0.0,0.925,0.0,0.0,0.0,1.0,,,0.101,113.09582062580033,1119.7606002554487,1119.7606002554487,0.0,34.71257860791891,0.0,,,141.23106669888543,0.0,60.729358680520725,2.0,734.4499717148145,0.0,0.0,0.0,74.62011712622515
7,1,8,0.1016,0.0,734.4499717148145,,,,0,0.0,1,1260.9916669543343,1260.9916669543343,-0.0,201.75866671269347,41.8649233428839,0.0,,,189.67395696749443,1260.9916669543343,1210.5520002761607,50.43966667817341,1260.991666954334,0.0,1.0,0.0,0.0,0.15668228679419613,94.84374289656701,0.96,630.5471252600898,605.3252402496862,25.221885010403614,1.0,0.0,0.0,0.15668542820704076,94.83021407092743,0.96,630.4445417861174,605.2267601146726,25.217781671444715,0.0,0.0,0.0,0.271,0.0,0.96,0.0,0.0,0.0,,,,431.6801941215198,1210.5520002761607,1119.7606002554487,90.791400020712,1210.5520002761607,0.0,1.0,0.0,0.0,0.38551268858283005,215.84210143437647,0.925,605.2792016243916,559.8832615025623,45.39594012182934,1.0,0.0,0.0,0.3855096067433584,215.83809268714327,0.925,605.2727986517691,559.8773387528864,45.395459898882656,0.0,0.0,0.0,0.09418341935927774,0.0,0.925,0.0,0.0,0.0,0.0,0.0,0.0,0.09418341935927774,0.0,0.925,0.0,0.0,0.0,1.0,,,0.101,113.09582062580033,1119.7606002554487,1119.7606002554487,0.0,34.71257860791891,0.0,,,141.23106669888543,0.0,60.729358680520725,2.0,734.4499717148145,0.0,0.0,0.0,74.62011712622515
8,1,9,0.1016,0.0,734.4499717148145,,,,0,0.0,1,1260.9916669543343,1260.9916669543343,-0.0,201.75866671269347,41.8649233428839,0.0,,,189.67395696749443,1260.9916669543343,1210.5520002761607,50.43966667817341,1260.991666954334,0.0,1.0,0.0,0.0,0.15668228679419613,94.84374289656701,0.96,630.5471252600898,605.3252402496862,25.221885010403614,1.0,0.0,0.0,0.15668542820704076,94.83021407092743,0.96,630.4445417861174,605.2267601146726,25.217781671444715,0.0,0.0,0.0,0.271,0.0,0.96,0.0,0.0,0.0,,,,431.6801941215198,1210.5520002761607,1119.7606002554487,90.791400020712,1210.5520002761607,0.0,1.0,0.0,0.0,0.38551268858283005,215.84210143437647,0.925,605.2792016243916,559.8832615025623,45.39594012182934,1.0,0.0,0.0,0.3855096067433584,215.83809268714327,0.925,605.2727986517691,559.8773387528864,45.395459898882656,0.0,0.0,0.0,0.09418341935927774,0.0,0.925,0.0,0.0,0.0,0.0,0.0,0.0,0.09418341935927774,0.0,0.925,0.0,0.0,0.0,1.0,,,0.101,113.09582062580033,1119.7606002554487,1119.7606002554487,0.0,34.71257860791891,0.0,,,141.23106669888543,0.0,60.729358680520725,2.0,734.4499717148145,0.0,0.0,0.0,74.62011712622515
9,1,10,0.1016,0.0,734.4499717148145,,,,0,0.0,1,1260.9916669543343,1260.9916669543343,-0.0,201.75866671269347,41.8649233428839,0.0,,,189.67395696749443,1260.9916669543343,1210.5520002761607,50.43966667817341,1260.991666954334,0.0,1.0,0.0,0.0,0.15668228679419613,94.84374289656701,0.96,630.5471252600898,605.3252402496862,25.221885010403614,1.0,0.0,0.0,0.15668542820704076,94.83021407092743,0.96,630.4445417861174,605.2267601146726,25.217781671444715,0.0,0.0,0.0,0.271,0.0,0.96,0.0,0.0,0.0,,,,431.6801941215198,1210.5520002761607,1119.7606002554487,90.791400020712,1210.5520002761607,0.0,1.0,0.0,0.0,0.38551268858283005,215.84210143437647,0.925,605.2792016243916,559.8832615025623,45.39594012182934,1.0,0.0,0.0,0.3855096067433584,215.83809268714327,0.925,605.2727986517691,559.8773387528864,45.395459898882656,0.0,0.0,0.0,0.09418341935927774,0.0,0.925,0.0,0.0,0.0,0.0,0.0,0.0,0.09418341935927774,0.0,0.925,0.0,0.0,0.0,1.0,,,0.101,113.09582062580033,1119.7606002554487,1119.7606002554487,0.0,34.71257860791891,0.0,,,141.23106669888543,0.0,60.729358680520725,2.0,734.4499717148145,0.0,0.0,0.0,74.62011712622515
10,1,11,0.1016,0.0,734.4499717148145,,,,0,0.0,1,1260.9916669543343,1260.9916669543343,-0.0,201.75866671269347,41.8649233428839,0.0,,,189.67395696749443,1260.9916669543343,1210.5520002761607,50.43966667817341,1260.991666954334,0.0,1.0,0.0,0.0,0.15668228679419613,94.84374289656701,0.96,630.5471252600898,605.3252402496862,25.221885010403614,1.0,0.0,0.0,0.15668542820704076,94.83021407092743,0.96,630.4445417861174,605.2267601146726,25.217781671444715,0.0,0.0,0.0,0.271,0.0,0.96,0.0,0.0,0.0,,,,431.6801941215198,1210.5520002761607,1119.7606002554487,90.791400020712,1210.5520002761607,0.0,1.0,0.0,0.0,0.38551268858283005,215.84210143437647,0.925,605.2792016243916,559.8832615025623,45.39594012182934,1.0,0.0,0.0,0.3855096067433584,215.83809268714327,0.925,605.2727986517691,559.8773387528864,45.395459898882656,0.0,0.0,0.0,0.09418341935927774,0.0,0.925,0.0,0.0,0.0,0.0,0.0,0.0,0.09418341935927774,0.0,0.925,0.0,0.0,0.0,1.0,,,0.101,113.09582062580033,1119.7606002554487,1119.7606002554487,0.0,34.71257860791891,0.0,,,141.23106669888543,0.0,60.729358680520725,2.0,734.4499717148145,0.0,0.0,0.0,74.62011712622515
11,1,12,0.1016,0.0,734.4499717148145,,,,0,0.0,1,1260.9916669543343,1260.9916669543343,-0.0,201.75866671269347,41.8649233428839,0.0,,,189.67395696749443,1260.9916669543343,1210.5520002761607,50.43966667817341,1260.991666954334,0.0,1.0,0.0,0.0,0.15668228679419613,94.84374289656701,0.96,630.5471252600898,605.3252402496862,25.221885010403614,1.0,0.0,0.0,0.15668542820704076,94.83021407092743,0.96,630.4445417861174,605.2267601146726,25.217781671444715,0.0,0.0,0.0,0.271,0.0,0.96,0.0,0.0,0.0,,,,431.6801941215198,1210.5520002761607,1119.7606002554487,90.791400020712,1210.5520002761607,0.0,1.0,0.0,0.0,0.38551268858283005,215.84210143437647,0.925,605.2792016243916,559.8832615025623,45.39594012182934,1.0,0.0,0.0,0.3855096067433584,215.83809268714327,0.925,605.2727986517691,559.8773387528864,45.395459898882656,0.0,0.0,0.0,0.09418341935927774,0.0,0.925,0.0,0.0,0.0,0.0,0.0,0.0,0.09418341935927774,0.0,0.925,0.0,0.0,0.0,1.0,,,0.101,113.09582062580033,1119.7606002554487,1119.7606002554487,0.0,34.71257860791891,0.0,,,141.23106669888543,0.0,60.729358680520725,2.0,734.4499717148145,0.0,0.0,0.0,74.62011712622515
12,1,13,0.1016,0.0,734.4499717148145,,,,0,0.0,1,1260.9916669543343,1260.9916669543343,-0.0,201.75866671269347,41.8649233428839,0.0,,,189.67395696749443,1260.9916669543343,1210.5520002761607,50.43966667817341,1260.991666954334,0.0,1.0,0.0,0.0,0.15668228679419613,94.84374289656701,0.96,630.5471252600898,605.3252402496862,25.221885010403614,1.0,0.0,0.0,0.15668542820704076,94.83021407092743,0.96,630.4445417861174,605.2267601146726,25.217781671444715,0.0,0.0,0.0,0.271,0.0,0.96,0.0,0.0,0.0,,,,431.6801941215198,1210.5520002761607,1119.7606002554487,90.791400020712,1210.5520002761607,0.0,1.0,0.0,0.0,0.38551268858283005,215.84210143437647,0.925,605.2792016243916,559.8832615025623,45.39594012182934,1.0,0.0,0.0,0.3855096067433584,215.83809268714327,0.925,605.2727986517691,559.8773387528864,45.395459898882656,0.0,0.0,0.0,0.09418341935927774,0.0,0.925,0.0,0.0,0.0,0.0,0.0,0.0,0.09418341935927774,0.0,0.925,0.0,0.0,0.0,1.0,,,0.101,113.09582062580033,1119.7606002554487,1119.7606002554487,0.0,34.71257860791891,0.0,,,141.23106669888543,0.0,60.729358680520725,2.0,734.4499717148145,0.0,0.0,0.0,74.62011712622515
13,1,14,0.1016,0.0,734.4499717148145,,,,0,0.0,1,1260.9916669543343,1260.9916669543343,-0.0,201.75866671269347,41.8649233428839,0.0,,,189.67395696749443,1260.9916669543343,1210.5520002761607,50.43966667817341,1260.991666954334,0.0,1.0,0.0,0.0,0.15668228679419613,94.84374289656701,0.96,630.5471252600898,605.3252402496862,25.221885010403614,1.0,0.0,0.0,0.15668542820704076,94.83021407092743,0.96,630.4445417861174,605.2267601146726,25.217781671444715,0.0,0.0,0.0,0.271,0.0,0.96,0.0,0.0,0.0,,,,431.6801941215198,1210.5520002761607,1119.7606002554487,90.791400020712,1210.5520002761607,0.0,1.0,0.0,0.0,0.38551268858283005,215.84210143437647,0.925,605.2792016243916,559.8832615025623,45.39594012182934,1.0,0.0,0.0,0.3855096067433584,215.83809268714327,0.925,605.2727986517691,559.8773387528864,45.395459898882656,0.0,0.0,0.0,0.09418341935927774,0.0,0.925,0.0,0.0,0.0,0.0,0.0,0.0,0.09418341935927774,0.0,0.925,0.0,0.0,0.0,1.0,,,0.101,113.09582062580033,1119.7606002554487,1119.7606002554487,0.0,34.71257860791891,0.0,,,141.23106669888543,0.0,60.729358680520725,2.0,734.4499717148145,0.0,0.0,0.0,74.62011712622515
14,1,15,0.1016,0.0,734.4499717148145,,,,0,0.0,1,1260.9916669543343,1260.9916669543343,-0.0,201.75866671269347,41.8649233428839,0.0,,,189.67395696749443,1260.9916669543343,1210.5520002761607,50.43966667817341,1260.991666954334,0.0,1.0,0.0,0.0,0.15668228679419613,94.84374289656701,0.96,630.5471252600898,605.3252402496862,25.221885010403614,1.0,0.0,0.0,0.15668542820704076,94.83021407092743,0.96,630.4445417861174,605.2267601146726,25.217781671444715,0.0,0.0,0.0,0.271,0.0,0.96,0.0,0.0,0.0,,,,431.6801941215198,1210.5520002761607,1119.7606002554487,90.791400020712,1210.5520002761607,0.0,1.0,0.0,0.0,0.38551268858283005,215.84210143437647,0.925,605.2792016243916,559.8832615025623,45.39594012182934,1.0,0.0,0.0,0.3855096067433584,215.83809268714327,0.925,605.2727986517691,559.8773387528864,45.395459898882656,0.0,0.0,0.0,0.09418341935927774,0.0,0.925,0.0,0.0,0.0,0.0,0.0,0.0,0.09418341935927774,0.0,0.925,0.0,0.0,0.0,1.0,,,0.101,113.09582062580033,1119.7606002554487,1119.7606002554487,0.0,34.71257860791891,0.0,,,141.23106669888543,0.0,60.729358680520725,2.0,734.4499717148145,0.0,0.0,0.0,74.62011712622515
15,1,16,0.1016,0.0,734.4499717148145,,,,0,0.0,1,1260.9916669543343,1260.9916669543343,-0.0,201.75866671269347,41.8649233428839,0.0,,,189.67395696749443,1260.9916669543343,1210.5520002761607,50.43966667817341,1260.991666954334,0.0,1.0,0.0,0.0,0.15668228679419613,94.84374289656701,0.96,630.5471252600898,605.3252402496862,25.221885010403614,1.0,0.0,0.0,0.15668542820704076,94.83021407092743,0.96,630.4445417861174,605.2267601146726,25.217781671444715,0.0,0.0,0.0,0.271,0.0,0.96,0.0,0.0,0.0,,,,431.6801941215198,1210.5520002761607,1119.7606002554487,90.791400020712,1210.5520002761607,0.0,1.0,0.0,0.0,0.38551268858283005,215.84210143437647,0.925,605.2792016243916,559.8832615025623,45.39594012182934,1.0,0.0,0.0,0.3855096067433584,215.83809268714327,0.925,605.2727986517691,559.8773387528864,45.395459898882656,0.0,0.0,0.0,0.09418341935927774,0.0,0.925,0.0,0.0,0.0,0.0,0.0,0.0,0.09418341935927774,0.0,0.925,0.0,0.0,0.0,1.0,,,0.101,113.09582062580033,1119.7606002554487,1119.7606002554487,0.0,34.71257860791891,0.0,,,141.23106669888543,0.0,60.729358680520725,2.0,734.4499717148145,0.0,0.0,0.0,74.62011712622515
16,1,17,0.1016,0.0,734.4499717148145,,,,0,0.0,1,1260.9916669543343,1260.9916669543343,-0.0,201.75866671269347,41.8649233428839,0.0,,,189.67395696749443,1260.9916669543343,1210.5520002761607,50.43966667817341,1260.991666954334,0.0,1.0,0.0,0.0,0.15668228679419613,94.84374289656701,0.96,630.5471252600898,605.3252402496862,25.221885010403614,1.0,0.0,0.0,0.15668542820704076,94.83021407092743,0.96,630.4445417861174,605.2267601146726,25.217781671444715,0.0,0.0,0.0,0.271,0.0,0.96,0.0,0.0,0.0,,,,431.6801941215198,1210.5520002761607,1119.7606002554487,90.791400020712,1210.5520002761607,0.0,1.0,0.0,0.0,0.38551268858283005,215.84210143437647,0.925,605.2792016243916,559.8832615025623,45.39594012182934,1.0,0.0,0.0,0.3855096067433584,215.83809268714327,0.925,605.2727986517691,559.8773387528864,45.395459898882656,0.0,0.0,0.0,0.09418341935927774,0.0,0.925,0.0,0.0,0.0,0.0,0.0,0.0,0.09418341935927774,0.0,0.925,0.0,0.0,0.0,1.0,,,0.101,113.09582062580033,1119.7606002554487,1119.7606002554487,0.0,34.71257860791891,0.0,,,141.23106669888543,0.0,60.729358680520725,2.0,734.4499717148145,0.0,0.0,0.0,74.62011712622515
17,1,18,0.15246,0.0,734.4499718245393,,,,0,0.0,1,1260.9916669543343,1260.9916669543343,-0.0,201.75866671269347,41.8649233428839,0.0,,,189.67395707721914,1260.9916669543343,1210.5520002761607,50.43966667817341,1260.991666954334,0.0,1.0,0.0,0.0,0.15668228679419613,94.84374289656701,0.96,630.5471252600898,605.3252402496862,25.221885010403614,1.0,0.0,0.0,0.15668542820704076,94.83021407092743,0.96,630.4445417861174,605.2267601146726,25.217781671444715,0.0,0.0,0.0,0.271,0.0,0.96,0.0,0.0,0.0,,,,431.6801941215198,1210.5520002761607,1119.7606002554487,90.791400020712,1210.5520002761607,0.0,1.0,0.0,0.0,0.38551268858283005,215.84210143437647,0.925,605.2792016243916,559.8832615025623,45.39594012182934,1.0,0.0,0.0,0.3855096067433584,215.83809268714327,0.925,605.2727986517691,559.8773387528864,45.395459898882656,0.0,0.0,0.0,0.09418341935927774,0.0,0.925,0.0,0.0,0.0,0.0,0.0,0.0,0.09418341935927774,0.0,0.925,0.0,0.0,0.0,1.0,,,0.101,113.09582062580033,1119.7606002554487,1119.7606002554487,0.0,34.71257860791891,0.0,,,141.23106669888543,0.0,60.729358680520725,2.0,734.4499718245393,0.0,0.0,0.0,111.97424270436926
18,1,19,0.15246,0.0,734.4499718245393,,,,0,0.0,1,1260.9916669543343,1260.9916669543343,-0.0,201.75866671269347,41.8649233428839,0.0,,,189.67395707721914,1260.9916669543343,1210.5520002761607,50.43966667817341,1260.991666954334,0.0,1.0,0.0,0.0,0.15668228679419613,94.84374289656701,0.96,630.5471252600898,605.3252402496862,25.221885010403614,1.0,0.0,0.0,0.15668542820704076,94.83021407092743,0.96,630.4445417861174,605.2267601146726,25.217781671444715,0.0,0.0,0.0,0.271,0.0,0.96,0.0,0.0,0.0,,,,431.6801941215198,1210.5520002761607,1119.7606002554487,90.791400020712,1210.5520002761607,0.0,1.0,0.0,0.0,0.38551268858283005,215.84210143437647,0.925,605.2792016243916,559.8832615025623,45.39594012182934,1.0,0.0,0.0,0.3855096067433584,215.83809268714327,0.925,605.2727986517691,559.8773387528864,45.395459898882656,0.0,0.0,0.0,0.09418341935927774,0.0,0.925,0.0,0.0,0.0,0.0,0.0,0.0,0.09418341935927774,0.0,0.925,0.0,0.0,0.0,1.0,,,0.101,113.09582062580033,1119.7606002554487,1119.7606002554487,0.0,34.71257860791891,0.0,,,141.23106669888543,0.0,60.729358680520725,2.0,734.4499718245393,0.0,0.0,0.0,111.97424270436926
19,1,20,0.15246,0.0,734.4499718245393,,,,0,0.0,1,1260.9916669543343,1260.9916669543343,-0.0,201.75866671269347,41.8649233428839,0.0,,,189.67395707721914,1260.9916669543343,1210.5520002761607,50.43966667817341,1260.991666954334,0.0,1.0,0.0,0.0,0.15668228679419613,94.84374289656701,0.96,630.5471252600898,605.3252402496862,25.221885010403614,1.0,0.0,0.0,0.15668542820704076,94.83021407092743,0.96,630.4445417861174,605.2267601146726,25.217781671444715,0.0,0.0,0.0,0.271,0.0,0.96,0.0,0.0,0.0,,,,431.6801941215198,1210.5520002761607,1119.7606002554487,90.791400020712,1210.5520002761607,0.0,1.0,0.0,0.0,0.38551268858283005,215.84210143437647,0.925,605.2792016243916,559.8832615025623,45.39594012182934,1.0,0.0,0.0,0.3855096067433584,215.83809268714327,0.925,605.2727986517691,559.8773387528864,45.395459898882656,0.0,0.0,0.0,0.09418341935927774,0.0,0.925,0.0,0.0,0.0,0.0,0.0,0.0,0.09418341935927774,0.0,0.925,0.0,0.0,0.0,1.0,,,0.101,113.09582062580033,1119.7606002554487,1119.7606002554487,0.0,34.71257860791891,0.0,,,141.23106669888543,0.0,60.729358680520725,2.0,734.4499718245393,0.0,0.0,0.0,111.97424270436926
20,1,21,0.15246,0.0,734.4499718245393,,,,0,0.0,1,1260.9916669543343,1260.9916669543343,-0.0,201.75866671269347,41.8649233428839,0.0,,,189.67395707721914,1260.9916669543343,1210.5520002761607,50.43966667817341,1260.991666954334,0.0,1.0,0.0,0.0,0.15668228679419613,94.84374289656701,0.96,630.5471252600898,605.3252402496862,25.221885010403614,1.0,0.0,0.0,0.15668542820704076,94.83021407092743,0.96,630.4445417861174,605.2267601146726,25.217781671444715,0.0,0.0,0.0,0.271,0.0,0.96,0.0,0.0,0.0,,,,431.6801941215198,1210.5520002761607,1119.7606002554487,90.791400020712,1210.5520002761607,0.0,1.0,0.0,0.0,0.38551268858283005,215.84210143437647,0.925,605.2792016243916,559.8832615025623,45.39594012182934,1.0,0.0,0.0,0.3855096067433584,215.83809268714327,0.925,605.2727986517691,559.8773387528864,45.395459898882656,0.0,0.0,0.0,0.09418341935927774,0.0,0.925,0.0,0.0,0.0,0.0,0.0,0.0,0.09418341935927774,0.0,0.925,0.0,0.0,0.0,1.0,,,0.101,113.09582062580033,1119.7606002554487,1119.7606002554487,0.0,34.71257860791891,0.0,,,141.23106669888543,0.0,60.729358680520725,2.0,734.4499718245393,0.0,0.0,0.0,111.97424270436926
21,1,22,0.15246,0.0,734.4499718245393,,,,0,0.0,1,1260.9916669543343,1260.9916669543343,-0.0,201.75866671269347,41.8649233428839,0.0,,,189.67395707721914,1260.9916669543343,1210.5520002761607,50.43966667817341,1260.991666954334,0.0,1.0,0.0,0.0,0.15668228679419613,94.84374289656701,0.96,630.5471252600898,605.3252402496862,25.221885010403614,1.0,0.0,0.0,0.15668542820704076,94.83021407092743,0.96,630.4445417861174,605.2267601146726,25.217781671444715,0.0,0.0,0.0,0.271,0.0,0.96,0.0,0.0,0.0,,,,431.6801941215198,1210.5520002761607,1119.7606002554487,90.791400020712,1210.5520002761607,0.0,1.0,0.0,0.0,0.38551268858283005,215.84210143437647,0.925,605.2792016243916,559.8832615025623,45.39594012182934,1.0,0.0,0.0,0.3855096067433584,215.83809268714327,0.925,605.2727986517691,559.8773387528864,45.395459898882656,0.0,0.0,0.0,0.09418341935927774,0.0,0.925,0.0,0.0,0.0,0.0,0.0,0.0,0.09418341935927774,0.0,0.925,0.0,0.0,0.0,1.0,,,0.101,113.09582062580033,1119.7606002554487,1119.7606002554487,0.0,34.71257860791891,0.0,,,141.23106669888543,0.0,60.729358680520725,2.0,734.4499718245393,0.0,0.0,0.0,111.97424270436926
22,1,23,0.1016,0.0,734.4499717148145,,,,0,0.0,1,1260.9916669543343,1260.9916669543343,-0.0,201.75866671269347,41.8649233428839,0.0,,,189.67395696749443,1260.9916669543343,1210.5520002761607,50.43966667817341,1260.991666954334,0.0,1.0,0.0,0.0,0.15668228679419613,94.84374289656701,0.96,630.5471252600898,605.3252402496862,25.221885010403614,1.0,0.0,0.0,0.15668542820704076,94.83021407092743,0.96,630.4445417861174,605.2267601146726,25.217781671444715,0.0,0.0,0.0,0.271,0.0,0.96,0.0,0.0,0.0,,,,431.6801941215198,1210.5520002761607,1119.7606002554487,90.791400020712,1210.5520002761607,0.0,1.0,0.0,0.0,0.38551268858283005,215.84210143437647,0.925,605.2792016243916,559.8832615025623,45.39594012182934,1.0,0.0,0.0,0.3855096067433584,215.83809268714327,0.925,605.2727986517691,559.8773387528864,45.395459898882656,0.0,0.0,0.0,0.09418341935927774,0.0,0.925,0.0,0.0,0.0,0.0,0.0,0.0,0.09418341935927774,0.0,0.925,0.0,0.0,0.0,1.0,,,0.101,113.09582062580033,1119.7606002554487,1119.7606002554487,0.0,34.71257860791891,0.0,,,141.23106669888543,0.0,60.729358680520725,2.0,734.4499717148145,0.0,0.0,0.0,74.62011712622515
23,1,24,0.1016,0.0,734.4499717148145,,,,0,0.0,1,1260.9916669543343,1260.9916669543343,-0.0,201.75866671269347,41.8649233428839,0.0,,,189.67395696749443,1260.9916669543343,1210.5520002761607,50.43966667817341,1260.991666954334,0.0,1.0,0.0,0.0,0.15668228679419613,94.84374289656701,0.96,630.5471252600898,605.3252402496862,25.221885010403614,1.0,0.0,0.0,0.15668542820704076,94.83021407092743,0.96,630.4445417861174,605.2267601146726,25.217781671444715,0.0,0.0,0.0,0.271,0.0,0.96,0.0,0.0,0.0,,,,431.6801941215198,1210.5520002761607,1119.7606002554487,90.791400020712,1210.5520002761607,0.0,1.0,0.0,0.0,0.38551268858283005,215.84210143437647,0.925,605.2792016243916,559.8832615025623,45.39594012182934,1.0,0.0,0.0,0.3855096067433584,215.83809268714327,0.925,605.2727986517691,559.8773387528864,45.395459898882656,0.0,0.0,0.0,0.09418341935927774,0.0,0.925,0.0,0.0,0.0,0.0,0.0,0.0,0.09418341935927774,0.0,0.925,0.0,0.0,0.0,1.0,,,0.101,113.09582062580033,1119.7606002554487,1119.7606002554487,0.0,34.71257860791891,0.0,,,141.23106669888543,0.0,60.729358680520725,2.0,734.4499717148145,0.0,0.0,0.0,74.62011712622515
24,1,25,0.1016,0.0,734.4499717148145,,,,0,0.0,1,1260.9916669543343,1260.9916669543343,-0.0,201.75866671269347,41.8649233428839,0.0,,,189.67395696749443,1260.9916669543343,1210.5520002761607,50.43966667817341,1260.991666954334,0.0,1.0,0.0,0.0,0.15668228679419613,94.84374289656701,0.96,630.5471252600898,605.3252402496862,25.221885010403614,1.0,0.0,0.0,0.15668542820704076,94.83021407092743,0.96,630.4445417861174,605.2267601146726,25.217781671444715,0.0,0.0,0.0,0.271,0.0,0.96,0.0,0.0,0.0,,,,431.6801941215198,1210.5520002761607,1119.7606002554487,90.791400020712,1210.5520002761607,0.0,1.0,0.0,0.0,0.38551268858283005,215.84210143437647,0.925,605.2792016243916,559.8832615025623,45.39594012182934,1.0,0.0,0.0,0.3855096067433584,215.83809268714327,0.925,605.2727986517691,559.8773387528864,45.395459898882656,0.0,0.0,0.0,0.09418341935927774,0.0,0.925,0.0,0.0,0.0,0.0,0.0,0.0,0.09418341935927774,0.0,0.925,0.0,0.0,0.0,1.0,,,0.101,113.09582062580033,1119.7606002554487,1119.7606002554487,0.0,34.71257860791891,0.0,,,141.23106669888543,0.0,60.729358680520725,2.0,734.4499717148145,0.0,0.0,0.0,74.62011712622515
25,1,26,0.1016,0.0,734.4499717148145,,,,0,0.0,1,1260.9916669543343,1260.9916669543343,-0.0,201.75866671269347,41.8649233428839,0.0,,,189.67395696749443,1260.9916669543343,1210.5520002761607,50.43966667817341,1260.991666954334,0.0,1.0,0.0,0.0,0.15668228679419613,94.84374289656701,0.96,630.5471252600898,605.3252402496862,25.221885010403614,1.0,0.0,0.0,0.15668542820704076,94.83021407092743,0.96,630.4445417861174,605.2267601146726,25.217781671444715,0.0,0.0,0.0,0.271,0.0,0.96,0.0,0.0,0.0,,,,431.6801941215198,1210.5520002761607,1119.7606002554487,90.791400020712,1210.5520002761607,0.0,1.0,0.0,0.0,0.38551268858283005,215.84210143437647,0.925,605.2792016243916,559.8832615025623,45.39594012182934,1.0,0.0,0.0,0.3855096067433584,215.83809268714327,0.925,605.2727986517691,559.8773387528864,45.395459898882656,0.0,0.0,0.0,0.09418341935927774,0.0,0.925,0.0,0.0,0.0,0.0,0.0,0.0,0.09418341935927774,0.0,0.925,0.0,0.0,0.0,1.0,,,0.101,113.09582062580033,1119.7606002554487,1119.7606002554487,0.0,34.71257860791891,0.0,,,141.23106669888543,0.0,60.729358680520725,2.0,734.4499717148145,0.0,0.0,0.0,74.62011712622515
26,1,27,0.1016,0.0,734.4499717148145,,,,0,0.0,1,1260.9916669543343,1260.9916669543343,-0.0,201.75866671269347,41.8649233428839,0.0,,,189.67395696749443,1260.9916669543343,1210.5520002761607,50.43966667817341,1260.991666954334,0.0,1.0,0.0,0.0,0.15668228679419613,94.84374289656701,0.96,630.5471252600898,605.3252402496862,25.221885010403614,1.0,0.0,0.0,0.15668542820704076,94.83021407092743,0.96,630.4445417861174,605.2267601146726,25.217781671444715,0.0,0.0,0.0,0.271,0.0,0.96,0.0,0.0,0.0,,,,431.6801941215198,1210.5520002761607,1119.7606002554487,90.791400020712,1210.5520002761607,0.0,1.0,0.0,0.0,0.38551268858283005,215.84210143437647,0.925,605.2792016243916,559.8832615025623,45.39594012182934,1.0,0.0,0.0,0.3855096067433584,215.83809268714327,0.925,605.2727986517691,559.8773387528864,45.395459898882656,0.0,0.0,0.0,0.09418341935927774,0.0,0.925,0.0,0.0,0.0,0.0,0.0,0.0,0.09418341935927774,0.0,0.925,0.0,0.0,0.0,1.0,,,0.101,113.09582062580033,1119.7606002554487,1119.7606002554487,0.0,34.71257860791891,0.0,,,141.23106669888543,0.0,60.729358680520725,2.0,734.4499717148145,0.0,0.0,0.0,74.62011712622515
27,1,28,0.1016,0.0,734.4499717148145,,,,0,0.0,1,1260.9916669543343,1260.9916669543343,-0.0,201.75866671269347,41.8649233428839,0.0,,,189.67395696749443,1260.9916669543343,1210.5520002761607,50.43966667817341,1260.991666954334,0.0,1.0,0.0,0.0,0.15668228679419613,94.84374289656701,0.96,630.5471252600898,605.3252402496862,25.221885010403614,1.0,0.0,0.0,0.15668542820704076,94.83021407092743,0.96,630.4445417861174,605.2267601146726,25.217781671444715,0.0,0.0,0.0,0.271,0.0,0.96,0.0,0.0,0.0,,,,431.6801941215198,1210.5520002761607,1119.7606002554487,90.791400020712,1210.5520002761607,0.0,1.0,0.0,0.0,0.38551268858283005,215.84210143437647,0.925,605.2792016243916,559.8832615025623,45.39594012182934,1.0,0.0,0.0,0.3855096067433584,215.83809268714327,0.925,605.2727986517691,559.8773387528864,45.395459898882656,0.0,0.0,0.0,0.09418341935927774,0.0,0.925,0.0,0.0,0.0,0.0,0.0,0.0,0.09418341935927774,0.0,0.925,0.0,0.0,0.0,1.0,,,0.101,113.09582062580033,1119.7606002554487,1119.7606002554487,0.0,34.71257860791891,0.0,,,141.23106669888543,0.0,60.729358680520725,2.0,734.4499717148145,0.0,0.0,0.0,74.62011712622515
28,1,29,0.1016,0.0,734.4499717148145,,,,0,0.0,1,1260.9916669543343,1260.9916669543343,-0.0,201.75866671269347,41.8649233428839,0.0,,,189.67395696749443,1260.9916669543343,1210.5520002761607,50.43966667817341,1260.991666954334,0.0,1.0,0.0,0.0,0.15668228679419613,94.84374289656701,0.96,630.5471252600898,605.3252402496862,25.221885010403614,1.0,0.0,0.0,0.15668542820704076,94.83021407092743,0.96,630.4445417861174,605.2267601146726,25.217781671444715,0.0,0.0,0.0,0.271,0.0,0.96,0.0,0.0,0.0,,,,431.6801941215198,1210.5520002761607,1119.7606002554487,90.791400020712,1210.5520002761607,0.0,1.0,0.0,0.0,0.38551268858283005,215.84210143437647,0.925,605.2792016243916,559.8832615025623,45.39594012182934,1.0,0.0,0.0,0.3855096067433584,215.83809268714327,0.925,605.2727986517691,559.8773387528864,45.395459898882656,0.0,0.0,0.0,0.09418341935927774,0.0,0.925,0.0,0.0,0.0,0.0,0.0,0.0,0.09418341935927774,0.0,0.925,0.0,0.0,0.0,1.0,,,0.101,113.09582062580033,1119.7606002554487,1119.7606002554487,0.0,34.71257860791891,0.0,,,141.23106669888543,0.0,60.729358680520725,2.0,734.4499717148145,0.0,0.0,0.0,74.62011712622515
29,1,30,0.1016,0.0,734.4499717148145,,,,0,0.0,1,1260.9916669543343,1260.9916669543343,-0.0,201.75866671269347,41.8649233428839,0.0,,,189.67395696749443,1260.9916669543343,1210.5520002761607,50.43966667817341,1260.991666954334,0.0,1.0,0.0,0.0,0.15668228679419613,94.84374289656701,0.96,630.5471252600898,605.3252402496862,25.221885010403614,1.0,0.0,0.0,0.15668542820704076,94.83021407092743,0.96,630.4445417861174,605.2267601146726,25.217781671444715,0.0,0.0,0.0,0.271,0.0,0.96,0.0,0.0,0.0,,,,431.6801941215198,1210.5520002761607,1119.7606002554487,90.791400020712,1210.5520002761607,0.0,1.0,0.0,0.0,0.38551268858283005,215.84210143437647,0.925,605.2792016243916,559.8832615025623,45.39594012182934,1.0,0.0,0.0,0.3855096067433584,215.83809268714327,0.925,605.2727986517691,559.8773387528864,45.395459898882656,0.0,0.0,0.0,0.09418341935927774,0.0,0.925,0.0,0.0,0.0,0.0,0.0,0.0,0.09418341935927774,0.0,0.925,0.0,0.0,0.0,1.0,,,0.101,113.09582062580033,1119.7606002554487,1119.7606002554487,0.0,34.71257860791891,0.0,,,141.23106669888543,0.0,60.729358680520725,2.0,734.4499717148145,0.0,0.0,0.0,74.62011712622515
30,1,31,0.1016,0.0,734.4499717148145,,,,0,0.0,1,1260.9916669543343,1260.9916669543343,-0.0,201.75866671269347,41.8649233428839,0.0,,,189.67395696749443,1260.9916669543343,1210.5520002761607,50.43966667817341,1260.991666954334,0.0,1.0,0.0,0.0,0.15668228679419613,94.84374289656701,0.96,630.5471252600898,605.3252402496862,25.221885010403614,1.0,0.0,0.0,0.15668542820704076,94.83021407092743,0.96,630.4445417861174,605.2267601146726,25.217781671444715,0.0,0.0,0.0,0.271,0.0,0.96,0.0,0.0,0.0,,,,431.6801941215198,1210.5520002761607,1119.7606002554487,90.791400020712,1210.5520002761607,0.0,1.0,0.0,0.0,0.38551268858283005,215.84210143437647,0.925,605.2792016243916,559.8832615025623,45.39594012182934,1.0,0.0,0.0,0.3855096067433584,215.83809268714327,0.925,605.2727986517691,559.8773387528864,45.395459898882656,0.0,0.0,0.0,0.09418341935927774,0.0,0.925,0.0,0.0,0.0,0.0,0.0,0.0,0.09418341935927774,0.0,0.925,0.0,0.0,0.0,1.0,,,0.101,113.09582062580033,1119.7606002554487,1119.7606002554487,0.0,34.71257860791891,0.0,,,141.23106669888543,0.0,60.729358680520725,2.0,734.4499717148145,0.0,0.0,0.0,74.62011712622515
31,1,32,0.1016,0.0,734.4499717148145,,,,0,0.0,1,1260.9916669543343,1260.9916669543343,-0.0,201.75866671269347,41.8649233428839,0.0,,,189.67395696749443,1260.9916669543343,1210.5520002761607,50.43966667817341,1260.991666954334,0.0,1.0,0.0,0.0,0.15668228679419613,94.84374289656701,0.96,630.5471252600898,605.3252402496862,25.221885010403614,1.0,0.0,0.0,0.15668542820704076,94.83021407092743,0.96,630.4445417861174,605.2267601146726,25.217781671444715,0.0,0.0,0.0,0.271,0.0,0.96,0.0,0.0,0.0,,,,431.6801941215198,1210.5520002761607,1119.7606002554487,90.791400020712,1210.5520002761607,0.0,1.0,0.0,0.0,0.38551268858283005,215.84210143437647,0.925,605.2792016243916,559.8832615025623,45.39594012182934,1.0,0.0,0.0,0.3855096067433584,215.83809268714327,0.925,605.2727986517691,559.8773387528864,45.395459898882656,0.0,0.0,0.0,0.09418341935927774,0.0,0.925,0.0,0.0,0.0,0.0,0.0,0.0,0.09418341935927774,0.0,0.925,0.0,0.0,0.0,1.0,,,0.101,113.09582062580033,1119.7606002554487,1119.7606002554487,0.0,34.71257860791891,0.0,,,141.23106669888543,0.0,60.729358680520725,2.0,734.4499717148145,0.0,0.0,0.0,74.62011712622515
32,1,33,0.1016,0.0,734.4499717148145,,,,0,0.0,1,1260.9916669543343,1260.9916669543343,-0.0,201.75866671269347,41.8649233428839,0.0,,,189.67395696749443,1260.9916669543343,1210.5520002761607,50.43966667817341,1260.991666954334,0.0,1.0,0.0,0.0,0.15668228679419613,94.84374289656701,0.96,630.5471252600898,605.3252402496862,25.221885010403614,1.0,0.0,0.0,0.15668542820704076,94.83021407092743,0.96,630.4445417861174,605.2267601146726,25.217781671444715,0.0,0.0,0.0,0.271,0.0,0.96,0.0,0.0,0.0,,,,431.6801941215198,1210.5520002761607,1119.7606002554487,90.791400020712,1210.5520002761607,0.0,1.0,0.0,0.0,0.38551268858283005,215.84210143437647,0.925,605.2792016243916,559.8832615025623,45.39594012182934,1.0,0.0,0.0,0.3855096067433584,215.83809268714327,0.925,605.2727986517691,559.8773387528864,45.395459898882656,0.0,0.0,0.0,0.09418341935927774,0.0,0.925,0.0,0.0,0.0,0.0,0.0,0.0,0.09418341935927774,0.0,0.925,0.0,0.0,0.0,1.0,,,0.101,113.09582062580033,1119.7606002554487,1119.7606002554487,0.0,34.71257860791891,0.0,,,141.23106669888543,0.0,60.729358680520725,2.0,734.4499717148145,0.0,0.0,0.0,74.62011712622515
33,1,34,0.1016,0.0,734.4499717148145,,,,0,0.0,1,1260.9916669543343,1260.9916669543343,-0.0,201.75866671269347,41.8649233428839,0.0,,,189.67395696749443,1260.9916669543343,1210.5520002761607,50.43966667817341,1260.991666954334,0.0,1.0,0.0,0.0,0.15668228679419613,94.84374289656701,0.96,630.5471252600898,605.3252402496862,25.221885010403614,1.0,0.0,0.0,0.15668542820704076,94.83021407092743,0.96,630.4445417861174,605.2267601146726,25.217781671444715,0.0,0.0,0.0,0.271,0.0,0.96,0.0,0.0,0.0,,,,431.6801941215198,1210.5520002761607,1119.7606002554487,90.791400020712,1210.5520002761607,0.0,1.0,0.0,0.0,0.38551268858283005,215.84210143437647,0.925,605.2792016243916,559.8832615025623,45.39594012182934,1.0,0.0,0.0,0.3855096067433584,215.83809268714327,0.925,605.2727986517691,559.8773387528864,45.395459898882656,0.0,0.0,0.0,0.09418341935927774,0.0,0.925,0.0,0.0,0.0,0.0,0.0,0.0,0.09418341935927774,0.0,0.925,0.0,0.0,0.0,1.0,,,0.101,113.09582062580033,1119.7606002554487,1119.7606002554487,0.0,34.71257860791891,0.0,,,141.23106669888543,0.0,60.729358680520725,2.0,734.4499717148145,0.0,0.0,0.0,74.62011712622515
34,1,35,0.1016,0.0,734.4499717148145,,,,0,0.0,1,1260.9916669543343,1260.9916669543343,-0.0,201.75866671269347,41.8649233428839,0.0,,,189.67395696749443,1260.9916669543343,1210.5520002761607,50.43966667817341,1260.991666954334,0.0,1.0,0.0,0.0,0.15668228679419613,94.84374289656701,0.96,630.5471252600898,605.3252402496862,25.221885010403614,1.0,0.0,0.0,0.15668542820704076,94.83021407092743,0.96,630.4445417861174,605.2267601146726,25.217781671444715,0.0,0.0,0.0,0.271,0.0,0.96,0.0,0.0,0.0,,,,431.6801941215198,1210.5520002761607,1119.7606002554487,90.791400020712,1210.5520002761607,0.0,1.0,0.0,0.0,0.38551268858283005,215.84210143437647,0.925,605.2792016243916,559.8832615025623,45.39594012182934,1.0,0.0,0.0,0.3855096067433584,215.83809268714327,0.925,605.2727986517691,559.8773387528864,45.395459898882656,0.0,0.0,0.0,0.09418341935927774,0.0,0.925,0.0,0.0,0.0,0.0,0.0,0.0,0.09418341935927774,0.0,0.925,0.0,0.0,0.0,1.0,,,0.101,113.09582062580033,1119.7606002554487,1119.7606002554487,0.0,34.71257860791891,0.0,,,141.23106669888543,0.0,60.729358680520725,2.0,734.4499717148145,0.0,0.0,0.0,74.62011712622515
35,1,36,0.1016,0.0,734.4499717148145,,,,0,0.0,1,1260.9916669543343,1260.9916669543343,-0.0,201.75866671269347,41.8649233428839,0.0,,,189.67395696749443,1260.9916669543343,1210.5520002761607,50.43966667817341,1260.991666954334,0.0,1.0,0.0,0.0,0.15668228679419613,94.84374289656701,0.96,630.5471252600898,605.3252402496862,25.221885010403614,1.0,0.0,0.0,0.15668542820704076,94.83021407092743,0.96,630.4445417861174,605.2267601146726,25.217781671444715,0.0,0.0,0.0,0.271,0.0,0.96,0.0,0.0,0.0,,,,431.6801941215198,1210.5520002761607,1119.7606002554487,90.791400020712,1210.5520002761607,0.0,1.0,0.0,0.0,0.38551268858283005,215.84210143437647,0.925,605.2792016243916,559.8832615025623,45.39594012182934,1.0,0.0,0.0,0.3855096067433584,215.83809268714327,0.925,605.2727986517691,559.8773387528864,45.395459898882656,0.0,0.0,0.0,0.09418341935927774,0.0,0.925,0.0,0.0,0.0,0.0,0.0,0.0,0.09418341935927774,0.0,0.925,0.0,0.0,0.0,1.0,,,0.101,113.09582062580033,1119.7606002554487,1119.7606002554487,0.0,34.71257860791891,0.0,,,141.23106669888543,0.0,60.729358680520725,2.0,734.4499717148145,0.0,0.0,0.0,74.62011712622515
36,1,37,0.1016,0.0,734.4499717148145,,,,0,0.0,1,1260.9916669543343,1260.9916669543343,-0.0,201.75866671269347,41.8649233428839,0.0,,,189.67395696749443,1260.9916669543343,1210.5520002761607,50.43966667817341,1260.991666954334,0.0,1.0,0.0,0.0,0.15668228679419613,94.84374289656701,0.96,630.5471252600898,605.3252402496862,25.221885010403614,1.0,0.0,0.0,0.15668542820704076,94.83021407092743,0.96,630.4445417861174,605.2267601146726,25.217781671444715,0.0,0.0,0.0,0.271,0.0,0.96,0.0,0.0,0.0,,,,431.6801941215198,1210.5520002761607,1119.7606002554487,90.791400020712,1210.5520002761607,0.0,1.0,0.0,0.0,0.38551268858283005,215.84210143437647,0.925,605.2792016243916,559.8832615025623,45.39594012182934,1.0,0.0,0.0,0.3855096067433584,215.83809268714327,0.925,605.2727986517691,559.8773387528864,45.395459898882656,0.0,0.0,0.0,0.09418341935927774,0.0,0.925,0.0,0.0,0.0,0.0,0.0,0.0,0.09418341935927774,0.0,0.925,0.0,0.0,0.0,1.0,,,0.101,113.09582062580033,1119.7606002554487,1119.7606002554487,0.0,34.71257860791891,0.0,,,141.23106669888543,0.0,60.729358680520725,2.0,734.4499717148145,0.0,0.0,0.0,74.62011712622515
37,1,38,0.1016,0.0,734.4499717148145,,,,0,0.0,1,1260.9916669543343,1260.9916669543343,-0.0,201.75866671269347,41.8649233428839,0.0,,,189.67395696749443,1260.9916669543343,1210.5520002761607,50.43966667817341,1260.991666954334,0.0,1.0,0.0,0.0,0.15668228679419613,94.84374289656701,0.96,630.5471252600898,605.3252402496862,25.221885010403614,1.0,0.0,0.0,0.15668542820704076,94.83021407092743,0.96,630.4445417861174,605.2267601146726,25.217781671444715,0.0,0.0,0.0,0.271,0.0,0.96,0.0,0.0,0.0,,,,431.6801941215198,1210.5520002761607,1119.7606002554487,90.791400020712,1210.5520002761607,0.0,1.0,0.0,0.0,0.38551268858283005,215.84210143437647,0.925,605.2792016243916,559.8832615025623,45.39594012182934,1.0,0.0,0.0,0.3855096067433584,215.83809268714327,0.925,605.2727986517691,559.8773387528864,45.395459898882656,0.0,0.0,0.0,0.09418341935927774,0.0,0.925,0.0,0.0,0.0,0.0,0.0,0.0,0.09418341935927774,0.0,0.925,0.0,0.0,0.0,1.0,,,0.101,113.09582062580033,1119.7606002554487,1119.7606002554487,0.0,34.71257860791891,0.0,,,141.23106669888543,0.0,60.729358680520725,2.0,734.4499717148145,0.0,0.0,0.0,74.62011712622515
38,1,39,0.1016,0.0,734.4499717148145,,,,0,0.0,1,1260.9916669543343,1260.9916669543343,-0.0,201.75866671269347,41.8649233428839,0.0,,,189.67395696749443,1260.9916669543343,1210.5520002761607,50.43966667817341,1260.991666954334,0.0,1.0,0.0,0.0,0.15668228679419613,94.84374289656701,0.96,630.5471252600898,605.3252402496862,25.221885010403614,1.0,0.0,0.0,0.15668542820704076,94.83021407092743,0.96,630.4445417861174,605.2267601146726,25.217781671444715,0.0,0.0,0.0,0.271,0.0,0.96,0.0,0.0,0.0,,,,431.6801941215198,1210.5520002761607,1119.7606002554487,90.791400020712,1210.5520002761607,0.0,1.0,0.0,0.0,0.38551268858283005,215.84210143437647,0.925,605.2792016243916,559.8832615025623,45.39594012182934,1.0,0.0,0.0,0.3855096067433584,215.83809268714327,0.925,605.2727986517691,559.8773387528864,45.395459898882656,0.0,0.0,0.0,0.09418341935927774,0.0,0.925,0.0,0.0,0.0,0.0,0.0,0.0,0.09418341935927774,0.0,0.925,0.0,0.0,0.0,1.0,,,0.101,113.09582062580033,1119.7606002554487,1119.7606002554487,0.0,34.71257860791891,0.0,,,141.23106669888543,0.0,60.729358680520725,2.0,734.4499717148145,0.0,0.0,0.0,74.62011712622515
39,1,40,0.1016,0.0,734.4499717148145,,,,0,0.0,1,1260.9916669543343,1260.9916669543343,-0.0,201.75866671269347,41.8649233428839,0.0,,,189.67395696749443,1260.9916669543343,1210.5520002761607,50.43966667817341,1260.991666954334,0.0,1.0,0.0,0.0,0.15668228679419613,94.84374289656701,0.96,630.5471252600898,605.3252402496862,25.221885010403614,1.0,0.0,0.0,0.15668542820704076,94.83021407092743,0.96,630.4445417861174,605.2267601146726,25.217781671444715,0.0,0.0,0.0,0.271,0.0,0.96,0.0,0.0,0.0,,,,431.6801941215198,1210.5520002761607,1119.7606002554487,90.791400020712,1210.5520002761607,0.0,1.0,0.0,0.0,0.38551268858283005,215.84210143437647,0.925,605.2792016243916,559.8832615025623,45.39594012182934,1.0,0.0,0.0,0.3855096067433584,215.83809268714327,0.925,605.2727986517691,559.8773387528864,45.395459898882656,0.0,0.0,0.0,0.09418341935927774,0.0,0.925,0.0,0.0,0.0,0.0,0.0,0.0,0.09418341935927774,0.0,0.925,0.0,0.0,0.0,1.0,,,0.101,113.09582062580033,1119.7606002554487,1119.7606002554487,0.0,34.71257860791891,0.0,,,141.23106669888543,0.0,60.729358680520725,2.0,734.4499717148145,0.0,0.0,0.0,74.62011712622515
40,1,41,0.1016,0.0,734.4499717148145,,,,0,0.0,1,1260.9916669543343,1260.9916669543343,-0.0,201.75866671269347,41.8649233428839,0.0,,,189.67395696749443,1260.9916669543343,1210.5520002761607,50.43966667817341,1260.991666954334,0.0,1.0,0.0,0.0,0.15668228679419613,94.84374289656701,0.96,630.5471252600898,605.3252402496862,25.221885010403614,1.0,0.0,0.0,0.15668542820704076,94.83021407092743,0.96,630.4445417861174,605.2267601146726,25.217781671444715,0.0,0.0,0.0,0.271,0.0,0.96,0.0,0.0,0.0,,,,431.6801941215198,1210.5520002761607,1119.7606002554487,90.791400020712,1210.5520002761607,0.0,1.0,0.0,0.0,0.38551268858283005,215.84210143437647,0.925,605.2792016243916,559.8832615025623,45.39594012182934,1.0,0.0,0.0,0.3855096067433584,215.83809268714327,0.925,605.2727986517691,559.8773387528864,45.395459898882656,0.0,0.0,0.0,0.09418341935927774,0.0,0.925,0.0,0.0,0.0,0.0,0.0,0.0,0.09418341935927774,0.0,0.925,0.0,0.0,0.0,1.0,,,0.101,113.09582062580033,1119.7606002554487,1119.7606002554487,0.0,34.71257860791891,0.0,,,141.23106669888543,0.0,60.729358680520725,2.0,734.4499717148145,0.0,0.0,0.0,74.62011712622515
41,1,42,0.15246,0.0,734.4499718245393,,,,0,0.0,1,1260.9916669543343,1260.9916669543343,-0.0,201.75866671269347,41.8649233428839,0.0,,,189.67395707721914,1260.9916669543343,1210.5520002761607,50.43966667817341,1260.991666954334,0.0,1.0,0.0,0.0,0.15668228679419613,94.84374289656701,0.96,630.5471252600898,605.3252402496862,25.221885010403614,1.0,0.0,0.0,0.15668542820704076,94.83021407092743,0.96,630.4445417861174,605.2267601146726,25.217781671444715,0.0,0.0,0.0,0.271,0.0,0.96,0.0,0.0,0.0,,,,431.6801941215198,1210.5520002761607,1119.7606002554487,90.791400020712,1210.5520002761607,0.0,1.0,0.0,0.0,0.38551268858283005,215.84210143437647,0.925,605.2792016243916,559.8832615025623,45.39594012182934,1.0,0.0,0.0,0.3855096067433584,215.83809268714327,0.925,605.2727986517691,559.8773387528864,45.395459898882656,0.0,0.0,0.0,0.09418341935927774,0.0,0.925,0.0,0.0,0.0,0.0,0.0,0.0,0.09418341935927774,0.0,0.925,0.0,0.0,0.0,1.0,,,0.101,113.09582062580033,1119.7606002554487,1119.7606002554487,0.0,34.71257860791891,0.0,,,141.23106669888543,0.0,60.729358680520725,2.0,734.4499718245393,0.0,0.0,0.0,111.97424270436926
42,1,43,0.15246,0.0,734.4499718245393,,,,0,0.0,1,1260.9916669543343,1260.9916669543343,-0.0,201.75866671269347,41.8649233428839,0.0,,,189.67395707721914,1260.9916669543343,1210.5520002761607,50.43966667817341,1260.991666954334,0.0,1.0,0.0,0.0,0.15668228679419613,94.84374289656701,0.96,630.5471252600898,605.3252402496862,25.221885010403614,1.0,0.0,0.0,0.15668542820704076,94.83021407092743,0.96,630.4445417861174,605.2267601146726,25.217781671444715,0.0,0.0,0.0,0.271,0.0,0.96,0.0,0.0,0.0,,,,431.6801941215198,1210.5520002761607,1119.7606002554487,90.791400020712,1210.5520002761607,0.0,1.0,0.0,0.0,0.38551268858283005,215.84210143437647,0.925,605.2792016243916,559.8832615025623,45.39594012182934,1.0,0.0,0.0,0.3855096067433584,215.83809268714327,0.925,605.2727986517691,559.8773387528864,45.395459898882656,0.0,0.0,0.0,0.09418341935927774,0.0,0.925,0.0,0.0,0.0,0.0,0.0,0.0,0.09418341935927774,0.0,0.925,0.0,0.0,0.0,1.0,,,0.101,113.09582062580033,1119.7606002554487,1119.7606002554487,0.0,34.71257860791891,0.0,,,141.23106669888543,0.0,60.729358680520725,2.0,734.4499718245393,0.0,0.0,0.0,111.97424270436926
43,1,44,0.15246,0.0,734.4499718245393,,,,0,0.0,1,1260.9916669543343,1260.9916669543343,-0.0,201.75866671269347,41.8649233428839,0.0,,,189.67395707721914,1260.9916669543343,1210.5520002761607,50.43966667817341,1260.991666954334,0.0,1.0,0.0,0.0,0.15668228679419613,94.84374289656701,0.96,630.5471252600898,605.3252402496862,25.221885010403614,1.0,0.0,0.0,0.15668542820704076,94.83021407092743,0.96,630.4445417861174,605.2267601146726,25.217781671444715,0.0,0.0,0.0,0.271,0.0,0.96,0.0,0.0,0.0,,,,431.6801941215198,1210.5520002761607,1119.7606002554487,90.791400020712,1210.5520002761607,0.0,1.0,0.0,0.0,0.38551268858283005,215.84210143437647,0.925,605.2792016243916,559.8832615025623,45.39594012182934,1.0,0.0,0.0,0.3855096067433584,215.83809268714327,0.925,605.2727986517691,559.8773387528864,45.395459898882656,0.0,0.0,0.0,0.09418341935927774,0.0,0.925,0.0,0.0,0.0,0.0,0.0,0.0,0.09418341935927774,0.0,0.925,0.0,0.0,0.0,1.0,,,0.101,113.09582062580033,1119.7606002554487,1119.7606002554487,0.0,34.71257860791891,0.0,,,141.23106669888543,0.0,60.729358680520725,2.0,734.4499718245393,0.0,0.0,0.0,111.97424270436926
44,1,45,0.15246,0.0,734.4499718245393,,,,0,0.0,1,1260.9916669543343,1260.9916669543343,-0.0,201.75866671269347,41.8649233428839,0.0,,,189.67395707721914,1260.9916669543343,1210.5520002761607,50.43966667817341,1260.991666954334,0.0,1.0,0.0,0.0,0.15668228679419613,94.84374289656701,0.96,630.5471252600898,605.3252402496862,25.221885010403614,1.0,0.0,0.0,0.15668542820704076,94.83021407092743,0.96,630.4445417861174,605.2267601146726,25.217781671444715,0.0,0.0,0.0,0.271,0.0,0.96,0.0,0.0,0.0,,,,431.6801941215198,1210.5520002761607,1119.7606002554487,90.791400020712,1210.5520002761607,0.0,1.0,0.0,0.0,0.38551268858283005,215.84210143437647,0.925,605.2792016243916,559.8832615025623,45.39594012182934,1.0,0.0,0.0,0.3855096067433584,215.83809268714327,0.925,605.2727986517691,559.8773387528864,45.395459898882656,0.0,0.0,0.0,0.09418341935927774,0.0,0.925,0.0,0.0,0.0,0.0,0.0,0.0,0.09418341935927774,0.0,0.925,0.0,0.0,0.0,1.0,,,0.101,113.09582062580033,1119.7606002554487,1119.7606002554487,0.0,34.71257860791891,0.0,,,141.23106669888543,0.0,60.729358680520725,2.0,734.4499718245393,0.0,0.0,0.0,111.97424270436926
45,1,46,0.15246,0.0,734.4499718245393,,,,0,0.0,1,1260.9916669543343,1260.9916669543343,-0.0,201.75866671269347,41.8649233428839,0.0,,,189.67395707721914,1260.9916669543343,1210.5520002761607,50.43966667817341,1260.991666954334,0.0,1.0,0.0,0.0,0.15668228679419613,94.84374289656701,0.96,630.5471252600898,605.3252402496862,25.221885010403614,1.0,0.0,0.0,0.15668542820704076,94.83021407092743,0.96,630.4445417861174,605.2267601146726,25.217781671444715,0.0,0.0,0.0,0.271,0.0,0.96,0.0,0.0,0.0,,,,431.6801941215198,1210.5520002761607,1119.7606002554487,90.791400020712,1210.5520002761607,0.0,1.0,0.0,0.0,0.38551268858283005,215.84210143437647,0.925,605.2792016243916,559.8832615025623,45.39594012182934,1.0,0.0,0.0,0.3855096067433584,215.83809268714327,0.925,605.2727986517691,559.8773387528864,45.395459898882656,0.0,0.0,0.0,0.09418341935927774,0.0,0.925,0.0,0.0,0.0,0.0,0.0,0.0,0.09418341935927774,0.0,0.925,0.0,0.0,0.0,1.0,,,0.101,113.09582062580033,1119.7606002554487,1119.7606002554487,0.0,34.71257860791891,0.0,,,141.23106669888543,0.0,60.729358680520725,2.0,734.4499718245393,0.0,0.0,0.0,111.97424270436926
46,1,47,0.1016,0.0,734.4499717148145,,,,0,0.0,1,1260.991667046207,1260.991667046207,-0.0,201.75866672739315,41.86492334593407,0.0,,,189.67395696749443,1260.991667046207,1210.5520003643585,50.43966668184832,1260.9916670462069,0.0,1.0,0.0,0.0,0.15668228679419613,94.84374289656701,0.96,630.5471252600898,605.3252402496862,25.221885010403614,1.0,0.0,0.0,0.15668542820704076,94.83021407092743,0.96,630.4445417861174,605.2267601146726,25.217781671444715,0.0,0.0,0.0,0.271,0.0,0.96,0.0,0.0,0.0,,,,431.6801941215198,1210.5520003643585,1119.7606002554487,90.791400020712,1210.5520002761607,0.0,1.0,0.0,0.0,0.38551268858283005,215.84210143437647,0.925,605.2792016243916,559.8832615025623,45.39594012182934,1.0,0.0,0.0,0.3855096067433584,215.83809268714327,0.925,605.2727986517691,559.8773387528864,45.395459898882656,0.0,0.0,0.0,0.09418341935927774,0.0,0.925,0.0,0.0,0.0,0.0,0.0,0.0,0.09418341935927774,0.0,0.925,0.0,0.0,0.0,1.0,,,0.101,113.09582062580033,1119.7606002554487,1119.7606002554487,0.0,34.71257860791891,0.0,,,141.23106679075835,0.0,60.72935872002609,2.0,734.4499717148145,0.0,0.0,0.0,74.62011712622515
47,1,48,0.1016,0.0,734.4499717148145,,,,0,0.0,1,1260.991667046207,1260.991667046207,-0.0,201.75866672739315,41.86492334593407,0.0,,,189.67395696749443,1260.991667046207,1210.5520003643585,50.43966668184832,1260.9916670462069,0.0,1.0,0.0,0.0,0.15668228679419613,94.84374289656701,0.96,630.5471252600898,605.3252402496862,25.221885010403614,1.0,0.0,0.0,0.15668542820704076,94.83021407092743,0.96,630.4445417861174,605.2267601146726,25.217781671444715,0.0,0.0,0.0,0.271,0.0,0.96,0.0,0.0,0.0,,,,431.6801941215198,1210.5520003643585,1119.7606002554487,90.791400020712,1210.5520002761607,0.0,1.0,0.0,0.0,0.38551268858283005,215.84210143437647,0.925,605.2792016243916,559.8832615025623,45.39594012182934,1.0,0.0,0.0,0.3855096067433584,215.83809268714327,0.925,605.2727986517691,559.8773387528864,45.395459898882656,0.0,0.0,0.0,0.09418341935927774,0.0,0.925,0.0,0.0,0.0,0.0,0.0,0.0,0.09418341935927774,0.0,0.925,0.0,0.0,0.0,1.0,,,0.101,113.09582062580033,1119.7606002554487,1119.7606002554487,0.0,34.71257860791891,0.0,,,141.23106679075835,0.0,60.72935872002609,2.0,734.4499717148145,0.0,0.0,0.0,74.62011712622515
48,1,49,0.1016,0.0,734.4499717148145,,,,0,0.0,1,1260.991667046207,1260.991667046207,-0.0,201.75866672739315,41.86492334593407,0.0,,,189.67395696749443,1260.991667046207,1210.5520003643585,50.43966668184832,1260.9916670462069,0.0,1.0,0.0,0.0,0.15668228679419613,94.84374289656701,0.96,630.5471252600898,605.3252402496862,25.221885010403614,1.0,0.0,0.0,0.15668542820704076,94.83021407092743,0.96,630.4445417861174,605.2267601146726,25.217781671444715,0.0,0.0,0.0,0.271,0.0,0.96,0.0,0.0,0.0,,,,431.6801941215198,1210.5520003643585,1119.7606002554487,90.791400020712,1210.5520002761607,0.0,1.0,0.0,0.0,0.38551268858283005,215.84210143437647,0.925,605.2792016243916,559.8832615025623,45.39594012182934,1.0,0.0,0.0,0.3855096067433584,215.83809268714327,0.925,605.2727986517691,559.8773387528864,45.395459898882656,0.0,0.0,0.0,0.09418341935927774,0.0,0.925,0.0,0.0,0.0,0.0,0.0,0.0,0.09418341935927774,0.0,0.925,0.0,0.0,0.0,1.0,,,0.101,113.09582062580033,1119.7606002554487,1119.7606002554487,0.0,34.71257860791891,0.0,,,141.23106679075835,0.0,60.72935872002609,2.0,734.4499717148145,0.0,0.0,0.0,74.62011712622515
49,1,50,0.1016,0.0,734.4499717148145,,,,0,0.0,1,1260.991667046207,1260.991667046207,-0.0,201.75866672739315,41.86492334593407,0.0,,,189.67395696749443,1260.991667046207,1210.5520003643585,50.43966668184832,1260.9916670462069,0.0,1.0,0.0,0.0,0.15668228679419613,94.84374289656701,0.96,630.5471252600898,605.3252402496862,25.221885010403614,1.0,0.0,0.0,0.15668542820704076,94.83021407092743,0.96,630.4445417861174,605.2267601146726,25.217781671444715,0.0,0.0,0.0,0.271,0.0,0.96,0.0,0.0,0.0,,,,431.6801941215198,1210.5520003643585,1119.7606002554487,90.791400020712,1210.5520002761607,0.0,1.0,0.0,0.0,0.38551268858283005,215.84210143437647,0.925,605.2792016243916,559.8832615025623,45.39594012182934,1.0,0.0,0.0,0.3855096067433584,215.83809268714327,0.925,605.2727986517691,559.8773387528864,45.395459898882656,0.0,0.0,0.0,0.09418341935927774,0.0,0.925,0.0,0.0,0.0,0.0,0.0,0.0,0.09418341935927774,0.0,0.925,0.0,0.0,0.0,1.0,,,0.101,113.09582062580033,1119.7606002554487,1119.7606002554487,0.0,34.71257860791891,0.0,,,141.23106679075835,0.0,60.72935872002609,2.0,734.4499717148145,0.0,0.0,0.0,74.62011712622515
50,1,51,0.1016,0.0,734.4499717148145,,,,0,0.0,1,1260.991667046207,1260.991667046207,-0.0,201.75866672739315,41.86492334593407,0.0,,,189.67395696749443,1260.991667046207,1210.5520003643585,50.43966668184832,1260.9916670462069,0.0,1.0,0.0,0.0,0.15668228679419613,94.84374289656701,0.96,630.5471252600898,605.3252402496862,25.221885010403614,1.0,0.0,0.0,0.15668542820704076,94.83021407092743,0.96,630.4445417861174,605.2267601146726,25.217781671444715,0.0,0.0,0.0,0.271,0.0,0.96,0.0,0.0,0.0,,,,431.6801941215198,1210.5520003643585,1119.7606002554487,90.791400020712,1210.5520002761607,0.0,1.0,0.0,0.0,0.38551268858283005,215.84210143437647,0.925,605.2792016243916,559.8832615025623,45.39594012182934,1.0,0.0,0.0,0.3855096067433584,215.83809268714327,0.925,605.2727986517691,559.8773387528864,45.395459898882656,0.0,0.0,0.0,0.09418341935927774,0.0,0.925,0.0,0.0,0.0,0.0,0.0,0.0,0.09418341935927774,0.0,0.925,0.0,0.0,0.0,1.0,,,0.101,113.09582062580033,1119.7606002554487,1119.7606002554487,0.0,34.71257860791891,0.0,,,141.23106679075835,0.0,60.72935872002609,2.0,734.4499717148145,0.0,0.0,0.0,74.62011712622515
51,1,52,0.1016,0.0,734.4499717148145,,,,0,0.0,1,1260.991667046207,1260.991667046207,-0.0,201.75866672739315,41.86492334593407,0.0,,,189.67395696749443,1260.991667046207,1210.5520003643585,50.43966668184832,1260.9916670462069,0.0,1.0,0.0,0.0,0.15668228679419613,94.84374289656701,0.96,630.5471252600898,605.3252402496862,25.221885010403614,1.0,0.0,0.0,0.15668542820704076,94.83021407092743,0.96,630.4445417861174,605.2267601146726,25.217781671444715,0.0,0.0,0.0,0.271,0.0,0.96,0.0,0.0,0.0,,,,431.6801941215198,1210.5520003643585,1119.7606002554487,90.791400020712,1210.5520002761607,0.0,1.0,0.0,0.0,0.38551268858283005,215.84210143437647,0.925,605.2792016243916,559.8832615025623,45.39594012182934,1.0,0.0,0.0,0.3855096067433584,215.83809268714327,0.925,605.2727986517691,559.8773387528864,45.395459898882656,0.0,0.0,0.0,0.09418341935927774,0.0,0.925,0.0,0.0,0.0,0.0,0.0,0.0,0.09418341935927774,0.0,0.925,0.0,0.0,0.0,1.0,,,0.101,113.09582062580033,1119.7606002554487,1119.7606002554487,0.0,34.71257860791891,0.0,,,141.23106679075835,0.0,60.72935872002609,2.0,734.4499717148145,0.0,0.0,0.0,74.62011712622515
52,1,53,0.1016,0.0,734.4499717148145,,,,0,0.0,1,1260.991667046207,1260.991667046207,-0.0,201.75866672739315,41.86492334593407,0.0,,,189.67395696749443,1260.991667046207,1210.5520003643585,50.43966668184832,1260.9916670462069,0.0,1.0,0.0,0.0,0.15668228679419613,94.84374289656701,0.96,630.5471252600898,605.3252402496862,25.221885010403614,1.0,0.0,0.0,0.15668542820704076,94.83021407092743,0.96,630.4445417861174,605.2267601146726,25.217781671444715,0.0,0.0,0.0,0.271,0.0,0.96,0.0,0.0,0.0,,,,431.6801941215198,1210.5520003643585,1119.7606002554487,90.791400020712,1210.5520002761607,0.0,1.0,0.0,0.0,0.38551268858283005,215.84210143437647,0.925,605.2792016243916,559.8832615025623,45.39594012182934,1.0,0.0,0.0,0.3855096067433584,215.83809268714327,0.925,605.2727986517691,559.8773387528864,45.395459898882656,0.0,0.0,0.0,0.09418341935927774,0.0,0.925,0.0,0.0,0.0,0.0,0.0,0.0,0.09418341935927774,0.0,0.925,0.0,0.0,0.0,1.0,,,0.101,113.09582062580033,1119.7606002554487,1119.7606002554487,0.0,34.71257860791891,0.0,,,141.23106679075835,0.0,60.72935872002609,2.0,734.4499717148145,0.0,0.0,0.0,74.62011712622515
53,1,54,0.1016,0.0,734.4499717148145,,,,0,0.0,1,1260.991667046207,1260.991667046207,-0.0,201.75866672739315,41.86492334593407,0.0,,,189.67395696749443,1260.991667046207,1210.5520003643585,50.43966668184832,1260.9916670462069,0.0,1.0,0.0,0.0,0.15668228679419613,94.84374289656701,0.96,630.5471252600898,605.3252402496862,25.221885010403614,1.0,0.0,0.0,0.15668542820704076,94.83021407092743,0.96,630.4445417861174,605.2267601146726,25.217781671444715,0.0,0.0,0.0,0.271,0.0,0.96,0.0,0.0,0.0,,,,431.6801941215198,1210.5520003643585,1119.7606002554487,90.791400020712,1210.5520002761607,0.0,1.0,0.0,0.0,0.38551268858283005,215.84210143437647,0.925,605.2792016243916,559.8832615025623,45.39594012182934,1.0,0.0,0.0,0.3855096067433584,215.83809268714327,0.925,605.2727986517691,559.8773387528864,45.395459898882656,0.0,0.0,0.0,0.09418341935927774,0.0,0.925,0.0,0.0,0.0,0.0,0.0,0.0,0.09418341935927774,0.0,0.925,0.0,0.0,0.0,1.0,,,0.101,113.09582062580033,1119.7606002554487,1119.7606002554487,0.0,34.71257860791891,0.0,,,141.23106679075835,0.0,60.72935872002609,2.0,734.4499717148145,0.0,0.0,0.0,74.62011712622515
54,1,55,0.1016,0.0,734.4499717148145,,,,0,0.0,1,1260.991667046207,1260.991667046207,-0.0,201.75866672739315,41.86492334593407,0.0,,,189.67395696749443,1260.991667046207,1210.5520003643585,50.43966668184832,1260.9916670462069,0.0,1.0,0.0,0.0,0.15668228679419613,94.84374289656701,0.96,630.5471252600898,605.3252402496862,25.221885010403614,1.0,0.0,0.0,0.15668542820704076,94.83021407092743,0.96,630.4445417861174,605.2267601146726,25.217781671444715,0.0,0.0,0.0,0.271,0.0,0.96,0.0,0.0,0.0,,,,431.6801941215198,1210.5520003643585,1119.7606002554487,90.791400020712,1210.5520002761607,0.0,1.0,0.0,0.0,0.38551268858283005,215.84210143437647,0.925,605.2792016243916,559.8832615025623,45.39594012182934,1.0,0.0,0.0,0.3855096067433584,215.83809268714327,0.925,605.2727986517691,559.8773387528864,45.395459898882656,0.0,0.0,0.0,0.09418341935927774,0.0,0.925,0.0,0.0,0.0,0.0,0.0,0.0,0.09418341935927774,0.0,0.925,0.0,0.0,0.0,1.0,,,0.101,113.09582062580033,1119.7606002554487,1119.7606002554487,0.0,34.71257860791891,0.0,,,141.23106679075835,0.0,60.72935872002609,2.0,734.4499717148145,0.0,0.0,0.0,74.62011712622515
55,1,56,0.1016,0.0,734.4499717148145,,,,0,0.0,1,1260.991667046207,1260.991667046207,-0.0,201.75866672739315,41.86492334593407,0.0,,,189.67395696749443,1260.991667046207,1210.5520003643585,50.43966668184832,1260.9916670462069,0.0,1.0,0.0,0.0,0.15668228679419613,94.84374289656701,0.96,630.5471252600898,605.3252402496862,25.221885010403614,1.0,0.0,0.0,0.15668542820704076,94.83021407092743,0.96,630.4445417861174,605.2267601146726,25.217781671444715,0.0,0.0,0.0,0.271,0.0,0.96,0.0,0.0,0.0,,,,431.6801941215198,1210.5520003643585,1119.7606002554487,90.791400020712,1210.5520002761607,0.0,1.0,0.0,0.0,0.38551268858283005,215.84210143437647,0.925,605.2792016243916,559.8832615025623,45.39594012182934,1.0,0.0,0.0,0.3855096067433584,215.83809268714327,0.925,605.2727986517691,559.8773387528864,45.395459898882656,0.0,0.0,0.0,0.09418341935927774,0.0,0.925,0.0,0.0,0.0,0.0,0.0,0.0,0.09418341935927774,0.0,0.925,0.0,0.0,0.0,1.0,,,0.101,113.09582062580033,1119.7606002554487,1119.7606002554487,0.0,34.71257860791891,0.0,,,141.23106679075835,0.0,60.72935872002609,2.0,734.4499717148145,0.0,0.0,0.0,74.62011712622515
56,1,57,0.1016,0.0,734.4499717148145,,,,0,0.0,1,1260.991667046207,1260.991667046207,-0.0,201.75866672739315,41.86492334593407,0.0,,,189.67395696749443,1260.991667046207,1210.5520003643585,50.43966668184832,1260.9916670462069,0.0,1.0,0.0,0.0,0.15668228679419613,94.84374289656701,0.96,630.5471252600898,605.3252402496862,25.221885010403614,1.0,0.0,0.0,0.15668542820704076,94.83021407092743,0.96,630.4445417861174,605.2267601146726,25.217781671444715,0.0,0.0,0.0,0.271,0.0,0.96,0.0,0.0,0.0,,,,431.6801941215198,1210.5520003643585,1119.7606002554487,90.791400020712,1210.5520002761607,0.0,1.0,0.0,0.0,0.38551268858283005,215.84210143437647,0.925,605.2792016243916,559.8832615025623,45.39594012182934,1.0,0.0,0.0,0.3855096067433584,215.83809268714327,0.925,605.2727986517691,559.8773387528864,45.395459898882656,0.0,0.0,0.0,0.09418341935927774,0.0,0.925,0.0,0.0,0.0,0.0,0.0,0.0,0.09418341935927774,0.0,0.925,0.0,0.0,0.0,1.0,,,0.101,113.09582062580033,1119.7606002554487,1119.7606002554487,0.0,34.71257860791891,0.0,,,141.23106679075835,0.0,60.72935872002609,2.0,734.4499717148145,0.0,0.0,0.0,74.62011712622515
57,1,58,0.1016,0.0,734.4499717148145,,,,0,0.0,1,1260.991667046207,1260.991667046207,-0.0,201.75866672739315,41.86492334593407,0.0,,,189.67395696749443,1260.991667046207,1210.5520003643585,50.43966668184832,1260.9916670462069,0.0,1.0,0.0,0.0,0.15668228679419613,94.84374289656701,0.96,630.5471252600898,605.3252402496862,25.221885010403614,1.0,0.0,0.0,0.15668542820704076,94.83021407092743,0.96,630.4445417861174,605.2267601146726,25.217781671444715,0.0,0.0,0.0,0.271,0.0,0.96,0.0,0.0,0.0,,,,431.6801941215198,1210.5520003643585,1119.7606002554487,90.791400020712,1210.5520002761607,0.0,1.0,0.0,0.0,0.38551268858283005,215.84210143437647,0.925,605.2792016243916,559.8832615025623,45.39594012182934,1.0,0.0,0.0,0.3855096067433584,215.83809268714327,0.925,605.2727986517691,559.8773387528864,45.395459898882656,0.0,0.0,0.0,0.09418341935927774,0.0,0.925,0.0,0.0,0.0,0.0,0.0,0.0,0.09418341935927774,0.0,0.925,0.0,0.0,0.0,1.0,,,0.101,113.09582062580033,1119.7606002554487,1119.7606002554487,0.0,34.71257860791891,0.0,,,141.23106679075835,0.0,60.72935872002609,2.0,734.4499717148145,0.0,0.0,0.0,74.62011712622515
58,1,59,0.1016,0.0,734.4499717148145,,,,0,0.0,1,1260.991667046207,1260.991667046207,-0.0,201.75866672739315,41.86492334593407,0.0,,,189.67395696749443,1260.991667046207,1210.5520003643585,50.43966668184832,1260.9916670462069,0.0,1.0,0.0,0.0,0.15668228679419613,94.84374289656701,0.96,630.5471252600898,605.3252402496862,25.221885010403614,1.0,0.0,0.0,0.15668542820704076,94.83021407092743,0.96,630.4445417861174,605.2267601146726,25.217781671444715,0.0,0.0,0.0,0.271,0.0,0.96,0.0,0.0,0.0,,,,431.6801941215198,1210.5520003643585,1119.7606002554487,90.791400020712,1210.5520002761607,0.0,1.0,0.0,0.0,0.38551268858283005,215.84210143437647,0.925,605.2792016243916,559.8832615025623,45.39594012182934,1.0,0.0,0.0,0.3855096067433584,215.83809268714327,0.925,605.2727986517691,559.8773387528864,45.395459898882656,0.0,0.0,0.0,0.09418341935927774,0.0,0.925,0.0,0.0,0.0,0.0,0.0,0.0,0.09418341935927774,0.0,0.925,0.0,0.0,0.0,1.0,,,0.101,113.09582062580033,1119.7606002554487,1119.7606002554487,0.0,34.71257860791891,0.0,,,141.23106679075835,0.0,60.72935872002609,2.0,734.4499717148145,0.0,0.0,0.0,74.62011712622515
59,1,60,0.1016,0.0,734.4499717148145,,,,0,0.0,1,1260.991667046207,1260.991667046207,-0.0,201.75866672739315,41.86492334593407,0.0,,,189.67395696749443,1260.991667046207,1210.5520003643585,50.43966668184832,1260.9916670462069,0.0,1.0,0.0,0.0,0.15668228679419613,94.84374289656701,0.96,630.5471252600898,605.3252402496862,25.221885010403614,1.0,0.0,0.0,0.15668542820704076,94.83021407092743,0.96,630.4445417861174,605.2267601146726,25.217781671444715,0.0,0.0,0.0,0.271,0.0,0.96,0.0,0.0,0.0,,,,431.6801941215198,1210.5520003643585,1119.7606002554487,90.791400020712,1210.5520002761607,0.0,1.0,0.0,0.0,0.38551268858283005,215.84210143437647,0.925,605.2792016243916,559.8832615025623,45.39594012182934,1.0,0.0,0.0,0.3855096067433584,215.83809268714327,0.925,605.2727986517691,559.8773387528864,45.395459898882656,0.0,0.0,0.0,0.09418341935927774,0.0,0.925,0.0,0.0,0.0,0.0,0.0,0.0,0.09418341935927774,0.0,0.925,0.0,0.0,0.0,1.0,,,0.101,113.09582062580033,1119.7606002554487,1119.7606002554487,0.0,34.71257860791891,0.0,,,141.23106679075835,0.0,60.72935872002609,2.0,734.4499717148145,0.0,0.0,0.0,74.62011712622515
60,1,61,0.1016,0.0,734.4499717148145,,,,0,0.0,1,1260.991667046207,1260.991667046207,-0.0,201.75866672739315,41.86492334593407,0.0,,,189.67395696749443,1260.991667046207,1210.5520003643585,50.43966668184832,1260.9916670462069,0.0,1.0,0.0,0.0,0.15668228679419613,94.84374289656701,0.96,630.5471252600898,605.3252402496862,25.221885010403614,1.0,0.0,0.0,0.15668542820704076,94.83021407092743,0.96,630.4445417861174,605.2267601146726,25.217781671444715,0.0,0.0,0.0,0.271,0.0,0.96,0.0,0.0,0.0,,,,431.6801941215198,1210.5520003643585,1119.7606002554487,90.791400020712,1210.5520002761607,0.0,1.0,0.0,0.0,0.38551268858283005,215.84210143437647,0.925,605.2792016243916,559.8832615025623,45.39594012182934,1.0,0.0,0.0,0.3855096067433584,215.83809268714327,0.925,605.2727986517691,559.8773387528864,45.395459898882656,0.0,0.0,0.0,0.09418341935927774,0.0,0.925,0.0,0.0,0.0,0.0,0.0,0.0,0.09418341935927774,0.0,0.925,0.0,0.0,0.0,1.0,,,0.101,113.09582062580033,1119.7606002554487,1119.7606002554487,0.0,34.71257860791891,0.0,,,141.23106679075835,0.0,60.72935872002609,2.0,734.4499717148145,0.0,0.0,0.0,74.62011712622515
61,1,62,0.1016,0.0,734.4499717148145,,,,0,0.0,1,1260.991667046207,1260.991667046207,-0.0,201.75866672739315,41.86492334593407,0.0,,,189.67395696749443,1260.991667046207,1210.5520003643585,50.43966668184832,1260.9916670462069,0.0,1.0,0.0,0.0,0.15668228679419613,94.84374289656701,0.96,630.5471252600898,605.3252402496862,25.221885010403614,1.0,0.0,0.0,0.15668542820704076,94.83021407092743,0.96,630.4445417861174,605.2267601146726,25.217781671444715,0.0,0.0,0.0,0.271,0.0,0.96,0.0,0.0,0.0,,,,431.6801941215198,1210.5520003643585,1119.7606002554487,90.791400020712,1210.5520002761607,0.0,1.0,0.0,0.0,0.38551268858283005,215.84210143437647,0.925,605.2792016243916,559.8832615025623,45.39594012182934,1.0,0.0,0.0,0.3855096067433584,215.83809268714327,0.925,605.2727986517691,559.8773387528864,45.395459898882656,0.0,0.0,0.0,0.09418341935927774,0.0,0.925,0.0,0.0,0.0,0.0,0.0,0.0,0.09418341935927774,0.0,0.925,0.0,0.0,0.0,1.0,,,0.101,113.09582062580033,1119.7606002554487,1119.7606002554487,0.0,34.71257860791891,0.0,,,141.23106679075835,0.0,60.72935872002609,2.0,734.4499717148145,0.0,0.0,0.0,74.62011712622515
62,1,63,0.1016,0.0,734.4499717148145,,,,0,0.0,1,1260.991667046207,1260.991667046207,-0.0,201.75866672739315,41.86492334593407,0.0,,,189.67395696749443,1260.991667046207,1210.5520003643585,50.43966668184832,1260.9916670462069,0.0,1.0,0.0,0.0,0.15668228679419613,94.84374289656701,0.96,630.5471252600898,605.3252402496862,25.221885010403614,1.0,0.0,0.0,0.15668542820704076,94.83021407092743,0.96,630.4445417861174,605.2267601146726,25.217781671444715,0.0,0.0,0.0,0.271,0.0,0.96,0.0,0.0,0.0,,,,431.6801941215198,1210.5520003643585,1119.7606002554487,90.791400020712,1210.5520002761607,0.0,1.0,0.0,0.0,0.38551268858283005,215.84210143437647,0.925,605.2792016243916,559.8832615025623,45.39594012182934,1.0,0.0,0.0,0.3855096067433584,215.83809268714327,0.925,605.2727986517691,559.8773387528864,45.395459898882656,0.0,0.0,0.0,0.09418341935927774,0.0,0.925,0.0,0.0,0.0,0.0,0.0,0.0,0.09418341935927774,0.0,0.925,0.0,0.0,0.0,1.0,,,0.101,113.09582062580033,1119.7606002554487,1119.7606002554487,0.0,34.71257860791891,0.0,,,141.23106679075835,0.0,60.72935872002609,2.0,734.4499717148145,0.0,0.0,0.0,74.62011712622515
63,1,64,0.1016,0.0,734.4499717148145,,,,0,0.0,1,1260.991667046207,1260.991667046207,-0.0,201.75866672739315,41.86492334593407,0.0,,,189.67395696749443,1260.991667046207,1210.5520003643585,50.43966668184832,1260.9916670462069,0.0,1.0,0.0,0.0,0.15668228679419613,94.84374289656701,0.96,630.5471252600898,605.3252402496862,25.221885010403614,1.0,0.0,0.0,0.15668542820704076,94.83021407092743,0.96,630.4445417861174,605.2267601146726,25.217781671444715,0.0,0.0,0.0,0.271,0.0,0.96,0.0,0.0,0.0,,,,431.6801941215198,1210.5520003643585,1119.7606002554487,90.791400020712,1210.5520002761607,0.0,1.0,0.0,0.0,0.38551268858283005,215.84210143437647,0.925,605.2792016243916,559.8832615025623,45.39594012182934,1.0,0.0,0.0,0.3855096067433584,215.83809268714327,0.925,605.2727986517691,559.8773387528864,45.395459898882656,0.0,0.0,0.0,0.09418341935927774,0.0,0.925,0.0,0.0,0.0,0.0,0.0,0.0,0.09418341935927774,0.0,0.925,0.0,0.0,0.0,1.0,,,0.101,113.09582062580033,1119.7606002554487,1119.7606002554487,0.0,34.71257860791891,0.0,,,141.23106679075835,0.0,60.72935872002609,2.0,734.4499717148145,0.0,0.0,0.0,74.62011712622515
64,1,65,0.1016,0.0,734.4499717148145,,,,0,0.0,1,1260.991667046207,1260.991667046207,-0.0,201.75866672739315,41.86492334593407,0.0,,,189.67395696749443,1260.991667046207,1210.5520003643585,50.43966668184832,1260.9916670462069,0.0,1.0,0.0,0.0,0.15668228679419613,94.84374289656701,0.96,630.5471252600898,605.3252402496862,25.221885010403614,1.0,0.0,0.0,0.15668542820704076,94.83021407092743,0.96,630.4445417861174,605.2267601146726,25.217781671444715,0.0,0.0,0.0,0.271,0.0,0.96,0.0,0.0,0.0,,,,431.6801941215198,1210.5520003643585,1119.7606002554487,90.791400020712,1210.5520002761607,0.0,1.0,0.0,0.0,0.38551268858283005,215.84210143437647,0.925,605.2792016243916,559.8832615025623,45.39594012182934,1.0,0.0,0.0,0.3855096067433584,215.83809268714327,0.925,605.2727986517691,559.8773387528864,45.395459898882656,0.0,0.0,0.0,0.09418341935927774,0.0,0.925,0.0,0.0,0.0,0.0,0.0,0.0,0.09418341935927774,0.0,0.925,0.0,0.0,0.0,1.0,,,0.101,113.09582062580033,1119.7606002554487,1119.7606002554487,0.0,34.71257860791891,0.0,,,141.23106679075835,0.0,60.72935872002609,2.0,734.4499717148145,0.0,0.0,0.0,74.62011712622515
65,1,66,0.15246,0.0,734.4499718245393,,,,0,0.0,1,1260.991667046207,1260.991667046207,-0.0,201.75866672739315,41.86492334593407,0.0,,,189.67395707721914,1260.991667046207,1210.5520003643585,50.43966668184832,1260.9916670462069,0.0,1.0,0.0,0.0,0.15668228679419613,94.84374289656701,0.96,630.5471252600898,605.3252402496862,25.221885010403614,1.0,0.0,0.0,0.15668542820704076,94.83021407092743,0.96,630.4445417861174,605.2267601146726,25.217781671444715,0.0,0.0,0.0,0.271,0.0,0.96,0.0,0.0,0.0,,,,431.6801941215198,1210.5520003643585,1119.7606002554487,90.791400020712,1210.5520002761607,0.0,1.0,0.0,0.0,0.38551268858283005,215.84210143437647,0.925,605.2792016243916,559.8832615025623,45.39594012182934,1.0,0.0,0.0,0.3855096067433584,215.83809268714327,0.925,605.2727986517691,559.8773387528864,45.395459898882656,0.0,0.0,0.0,0.09418341935927774,0.0,0.925,0.0,0.0,0.0,0.0,0.0,0.0,0.09418341935927774,0.0,0.925,0.0,0.0,0.0,1.0,,,0.101,113.09582062580033,1119.7606002554487,1119.7606002554487,0.0,34.71257860791891,0.0,,,141.23106679075835,0.0,60.72935872002609,2.0,734.4499718245393,0.0,0.0,0.0,111.97424270436926
66,1,67,0.15246,0.0,734.4499718245393,,,,0,0.0,1,1260.991667046207,1260.991667046207,-0.0,201.75866672739315,41.86492334593407,0.0,,,189.67395707721914,1260.991667046207,1210.5520003643585,50.43966668184832,1260.9916670462069,0.0,1.0,0.0,0.0,0.15668228679419613,94.84374289656701,0.96,630.5471252600898,605.3252402496862,25.221885010403614,1.0,0.0,0.0,0.15668542820704076,94.83021407092743,0.96,630.4445417861174,605.2267601146726,25.217781671444715,0.0,0.0,0.0,0.271,0.0,0.96,0.0,0.0,0.0,,,,431.6801941215198,1210.5520003643585,1119.7606002554487,90.791400020712,1210.5520002761607,0.0,1.0,0.0,0.0,0.38551268858283005,215.84210143437647,0.925,605.2792016243916,559.8832615025623,45.39594012182934,1.0,0.0,0.0,0.3855096067433584,215.83809268714327,0.925,605.2727986517691,559.8773387528864,45.395459898882656,0.0,0.0,0.0,0.09418341935927774,0.0,0.925,0.0,0.0,0.0,0.0,0.0,0.0,0.09418341935927774,0.0,0.925,0.0,0.0,0.0,1.0,,,0.101,113.09582062580033,1119.7606002554487,1119.7606002554487,0.0,34.71257860791891,0.0,,,141.23106679075835,0.0,60.72935872002609,2.0,734.4499718245393,0.0,0.0,0.0,111.97424270436926
67,1,68,0.15246,0.0,734.4499718245393,,,,0,0.0,1,1260.991667046207,1260.991667046207,-0.0,201.75866672739315,41.86492334593407,0.0,,,189.67395707721914,1260.991667046207,1210.5520003643585,50.43966668184832,1260.9916670462069,0.0,1.0,0.0,0.0,0.15668228679419613,94.84374289656701,0.96,630.5471252600898,605.3252402496862,25.221885010403614,1.0,0.0,0.0,0.15668542820704076,94.83021407092743,0.96,630.4445417861174,605.2267601146726,25.217781671444715,0.0,0.0,0.0,0.271,0.0,0.96,0.0,0.0,0.0,,,,431.6801941215198,1210.5520003643585,1119.7606002554487,90.791400020712,1210.5520002761607,0.0,1.0,0.0,0.0,0.38551268858283005,215.84210143437647,0.925,605.2792016243916,559.8832615025623,45.39594012182934,1.0,0.0,0.0,0.3855096067433584,215.83809268714327,0.925,605.2727986517691,559.8773387528864,45.395459898882656,0.0,0.0,0.0,0.09418341935927774,0.0,0.925,0.0,0.0,0.0,0.0,0.0,0.0,0.09418341935927774,0.0,0.925,0.0,0.0,0.0,1.0,,,0.101,113.09582062580033,1119.7606002554487,1119.7606002554487,0.0,34.71257860791891,0.0,,,141.23106679075835,0.0,60.72935872002609,2.0,734.4499718245393,0.0,0.0,0.0,111.97424270436926
68,1,69,0.15246,0.0,734.4499718245393,,,,0,0.0,1,1260.991667046207,1260.991667046207,-0.0,201.75866672739315,41.86492334593407,0.0,,,189.67395707721914,1260.991667046207,1210.5520003643585,50.43966668184832,1260.9916670462069,0.0,1.0,0.0,0.0,0.15668228679419613,94.84374289656701,0.96,630.5471252600898,605.3252402496862,25.221885010403614,1.0,0.0,0.0,0.15668542820704076,94.83021407092743,0.96,630.4445417861174,605.2267601146726,25.217781671444715,0.0,0.0,0.0,0.271,0.0,0.96,0.0,0.0,0.0,,,,431.6801941215198,1210.5520003643585,1119.7606002554487,90.791400020712,1210.5520002761607,0.0,1.0,0.0,0.0,0.38551268858283005,215.84210143437647,0.925,605.2792016243916,559.8832615025623,45.39594012182934,1.0,0.0,0.0,0.3855096067433584,215.83809268714327,0.925,605.2727986517691,559.8773387528864,45.395459898882656,0.0,0.0,0.0,0.09418341935927774,0.0,0.925,0.0,0.0,0.0,0.0,0.0,0.0,0.09418341935927774,0.0,0.925,0.0,0.0,0.0,1.0,,,0.101,113.09582062580033,1119.7606002554487,1119.7606002554487,0.0,34.71257860791891,0.0,,,141.23106679075835,0.0,60.72935872002609,2.0,734.4499718245393,0.0,0.0,0.0,111.97424270436926
69,1,70,0.15246,0.0,734.4499718245393,,,,0,0.0,1,1260.991667046207,1260.991667046207,-0.0,201.75866672739315,41.86492334593407,0.0,,,189.67395707721914,1260.991667046207,1210.5520003643585,50.43966668184832,1260.9916670462069,0.0,1.0,0.0,0.0,0.15668228679419613,94.84374289656701,0.96,630.5471252600898,605.3252402496862,25.221885010403614,1.0,0.0,0.0,0.15668542820704076,94.83021407092743,0.96,630.4445417861174,605.2267601146726,25.217781671444715,0.0,0.0,0.0,0.271,0.0,0.96,0.0,0.0,0.0,,,,431.6801941215198,1210.5520003643585,1119.7606002554487,90.791400020712,1210.5520002761607,0.0,1.0,0.0,0.0,0.38551268858283005,215.84210143437647,0.925,605.2792016243916,559.8832615025623,45.39594012182934,1.0,0.0,0.0,0.3855096067433584,215.83809268714327,0.925,605.2727986517691,559.8773387528864,45.395459898882656,0.0,0.0,0.0,0.09418341935927774,0.0,0.925,0.0,0.0,0.0,0.0,0.0,0.0,0.09418341935927774,0.0,0.925,0.0,0.0,0.0,1.0,,,0.101,113.09582062580033,1119.7606002554487,1119.7606002554487,0.0,34.71257860791891,0.0,,,141.23106679075835,0.0,60.72935872002609,2.0,734.4499718245393,0.0,0.0,0.0,111.97424270436926
70,1,71,0.1016,0.0,734.4499717148145,,,,0,0.0,1,1260.991667046207,1260.991667046207,-0.0,201.75866672739315,41.86492334593407,0.0,,,189.67395696749443,1260.991667046207,1210.5520003643585,50.43966668184832,1260.9916670462069,0.0,1.0,0.0,0.0,0.15668228679419613,94.84374289656701,0.96,630.5471252600898,605.3252402496862,25.221885010403614,1.0,0.0,0.0,0.15668542820704076,94.83021407092743,0.96,630.4445417861174,605.2267601146726,25.217781671444715,0.0,0.0,0.0,0.271,0.0,0.96,0.0,0.0,0.0,,,,431.6801941215198,1210.5520003643585,1119.7606002554487,90.791400020712,1210.5520002761607,0.0,1.0,0.0,0.0,0.38551268858283005,215.84210143437647,0.925,605.2792016243916,559.8832615025623,45.39594012182934,1.0,0.0,0.0,0.3855096067433584,215.83809268714327,0.925,605.2727986517691,559.8773387528864,45.395459898882656,0.0,0.0,0.0,0.09418341935927774,0.0,0.925,0.0,0.0,0.0,0.0,0.0,0.0,0.09418341935927774,0.0,0.925,0.0,0.0,0.0,1.0,,,0.101,113.09582062580033,1119.7606002554487,1119.7606002554487,0.0,34.71257860791891,0.0,,,141.23106679075835,0.0,60.72935872002609,2.0,734.4499717148145,0.0,0.0,0.0,74.62011712622515
71,1,72,0.1016,0.0,734.4499717148145,,,,0,0.0,1,1260.991667046207,1260.991667046207,-0.0,201.75866672739315,41.86492334593407,0.0,,,189.67395696749443,1260.991667046207,1210.5520003643585,50.43966668184832,1260.9916670462069,0.0,1.0,0.0,0.0,0.15668228679419613,94.84374289656701,0.96,630.5471252600898,605.3252402496862,25.221885010403614,1.0,0.0,0.0,0.15668542820704076,94.83021407092743,0.96,630.4445417861174,605.2267601146726,25.217781671444715,0.0,0.0,0.0,0.271,0.0,0.96,0.0,0.0,0.0,,,,431.6801941215198,1210.5520003643585,1119.7606002554487,90.791400020712,1210.5520002761607,0.0,1.0,0.0,0.0,0.38551268858283005,215.84210143437647,0.925,605.2792016243916,559.8832615025623,45.39594012182934,1.0,0.0,0.0,0.3855096067433584,215.83809268714327,0.925,605.2727986517691,559.8773387528864,45.395459898882656,0.0,0.0,0.0,0.09418341935927774,0.0,0.925,0.0,0.0,0.0,0.0,0.0,0.0,0.09418341935927774,0.0,0.925,0.0,0.0,0.0,1.0,,,0.101,113.09582062580033,1119.7606002554487,1119.7606002554487,0.0,34.71257860791891,0.0,,,141.23106679075835,0.0,60.72935872002609,2.0,734.4499717148145,0.0,0.0,0.0,74.62011712622515
72,1,73,0.1016,0.0,734.4499717148145,,,,0,0.0,1,1260.991667046207,1260.991667046207,-0.0,201.75866672739315,41.86492334593407,0.0,,,189.67395696749443,1260.991667046207,1210.5520003643585,50.43966668184832,1260.9916670462069,0.0,1.0,0.0,0.0,0.15668228679419613,94.84374289656701,0.96,630.5471252600898,605.3252402496862,25.221885010403614,1.0,0.0,0.0,0.15668542820704076,94.83021407092743,0.96,630.4445417861174,605.2267601146726,25.217781671444715,0.0,0.0,0.0,0.271,0.0,0.96,0.0,0.0,0.0,,,,431.6801941215198,1210.5520003643585,1119.7606002554487,90.791400020712,1210.5520002761607,0.0,1.0,0.0,0.0,0.38551268858283005,215.84210143437647,0.925,605.2792016243916,559.8832615025623,45.39594012182934,1.0,0.0,0.0,0.3855096067433584,215.83809268714327,0.925,605.2727986517691,559.8773387528864,45.395459898882656,0.0,0.0,0.0,0.09418341935927774,0.0,0.925,0.0,0.0,0.0,0.0,0.0,0.0,0.09418341935927774,0.0,0.925,0.0,0.0,0.0,1.0,,,0.101,113.09582062580033,1119.7606002554487,1119.7606002554487,0.0,34.71257860791891,0.0,,,141.23106679075835,0.0,60.72935872002609,2.0,734.4499717148145,0.0,0.0,0.0,74.62011712622515
73,1,74,0.1016,0.0,734.4499717148145,,,,0,0.0,1,1260.991667046207,1260.991667046207,-0.0,201.75866672739315,41.86492334593407,0.0,,,189.67395696749443,1260.991667046207,1210.5520003643585,50.43966668184832,1260.9916670462069,0.0,1.0,0.0,0.0,0.15668228679419613,94.84374289656701,0.96,630.5471252600898,605.3252402496862,25.221885010403614,1.0,0.0,0.0,0.15668542820704076,94.83021407092743,0.96,630.4445417861174,605.2267601146726,25.217781671444715,0.0,0.0,0.0,0.271,0.0,0.96,0.0,0.0,0.0,,,,431.6801941215198,1210.5520003643585,1119.7606002554487,90.791400020712,1210.5520002761607,0.0,1.0,0.0,0.0,0.38551268858283005,215.84210143437647,0.925,605.2792016243916,559.8832615025623,45.39594012182934,1.0,0.0,0.0,0.3855096067433584,215.83809268714327,0.925,605.2727986517691,559.8773387528864,45.395459898882656,0.0,0.0,0.0,0.09418341935927774,0.0,0.925,0.0,0.0,0.0,0.0,0.0,0.0,0.09418341935927774,0.0,0.925,0.0,0.0,0.0,1.0,,,0.101,113.09582062580033,1119.7606002554487,1119.7606002554487,0.0,34.71257860791891,0.0,,,141.23106679075835,0.0,60.72935872002609,2.0,734.4499717148145,0.0,0.0,0.0,74.62011712622515
74,1,75,0.1016,0.0,734.4499717148145,,,,0,0.0,1,1260.991667046207,1260.991667046207,-0.0,201.75866672739315,41.86492334593407,0.0,,,189.67395696749443,1260.991667046207,1210.5520003643585,50.43966668184832,1260.9916670462069,0.0,1.0,0.0,0.0,0.15668228679419613,94.84374289656701,0.96,630.5471252600898,605.3252402496862,25.221885010403614,1.0,0.0,0.0,0.15668542820704076,94.83021407092743,0.96,630.4445417861174,605.2267601146726,25.217781671444715,0.0,0.0,0.0,0.271,0.0,0.96,0.0,0.0,0.0,,,,431.6801941215198,1210.5520003643585,1119.7606002554487,90.791400020712,1210.5520002761607,0.0,1.0,0.0,0.0,0.38551268858283005,215.84210143437647,0.925,605.2792016243916,559.8832615025623,45.39594012182934,1.0,0.0,0.0,0.3855096067433584,215.83809268714327,0.925,605.2727986517691,559.8773387528864,45.395459898882656,0.0,0.0,0.0,0.09418341935927774,0.0,0.925,0.0,0.0,0.0,0.0,0.0,0.0,0.09418341935927774,0.0,0.925,0.0,0.0,0.0,1.0,,,0.101,113.09582062580033,1119.7606002554487,1119.7606002554487,0.0,34.71257860791891,0.0,,,141.23106679075835,0.0,60.72935872002609,2.0,734.4499717148145,0.0,0.0,0.0,74.62011712622515
75,1,76,0.1016,0.0,734.4499717148145,,,,0,0.0,1,1260.991667046207,1260.991667046207,-0.0,201.75866672739315,41.86492334593407,0.0,,,189.67395696749443,1260.991667046207,1210.5520003643585,50.43966668184832,1260.9916670462069,0.0,1.0,0.0,0.0,0.15668228679419613,94.84374289656701,0.96,630.5471252600898,605.3252402496862,25.221885010403614,1.0,0.0,0.0,0.15668542820704076,94.83021407092743,0.96,630.4445417861174,605.2267601146726,25.217781671444715,0.0,0.0,0.0,0.271,0.0,0.96,0.0,0.0,0.0,,,,431.6801941215198,1210.5520003643585,1119.7606002554487,90.791400020712,1210.5520002761607,0.0,1.0,0.0,0.0,0.38551268858283005,215.84210143437647,0.925,605.2792016243916,559.8832615025623,45.39594012182934,1.0,0.0,0.0,0.3855096067433584,215.83809268714327,0.925,605.2727986517691,559.8773387528864,45.395459898882656,0.0,0.0,0.0,0.09418341935927774,0.0,0.925,0.0,0.0,0.0,0.0,0.0,0.0,0.09418341935927774,0.0,0.925,0.0,0.0,0.0,1.0,,,0.101,113.09582062580033,1119.7606002554487,1119.7606002554487,0.0,34.71257860791891,0.0,,,141.23106679075835,0.0,60.72935872002609,2.0,734.4499717148145,0.0,0.0,0.0,74.62011712622515
76,1,77,0.1016,0.0,734.4499717148145,,,,0,0.0,1,1260.991667046207,1260.991667046207,-0.0,201.75866672739315,41.86492334593407,0.0,,,189.67395696749443,1260.991667046207,1210.5520003643585,50.43966668184832,1260.9916670462069,0.0,1.0,0.0,0.0,0.15668228679419613,94.84374289656701,0.96,630.5471252600898,605.3252402496862,25.221885010403614,1.0,0.0,0.0,0.15668542820704076,94.83021407092743,0.96,630.4445417861174,605.2267601146726,25.217781671444715,0.0,0.0,0.0,0.271,0.0,0.96,0.0,0.0,0.0,,,,431.6801941215198,1210.5520003643585,1119.7606002554487,90.791400020712,1210.5520002761607,0.0,1.0,0.0,0.0,0.38551268858283005,215.84210143437647,0.925,605.2792016243916,559.8832615025623,45.39594012182934,1.0,0.0,0.0,0.3855096067433584,215.83809268714327,0.925,605.2727986517691,559.8773387528864,45.395459898882656,0.0,0.0,0.0,0.09418341935927774,0.0,0.925,0.0,0.0,0.0,0.0,0.0,0.0,0.09418341935927774,0.0,0.925,0.0,0.0,0.0,1.0,,,0.101,113.09582062580033,1119.7606002554487,1119.7606002554487,0.0,34.71257860791891,0.0,,,141.23106679075835,0.0,60.72935872002609,2.0,734.4499717148145,0.0,0.0,0.0,74.62011712622515
77,1,78,0.1016,0.0,734.4499717148145,,,,0,0.0,1,1260.991667046207,1260.991667046207,-0.0,201.75866672739315,41.86492334593407,0.0,,,189.67395696749443,1260.991667046207,1210.5520003643585,50.43966668184832,1260.9916670462069,0.0,1.0,0.0,0.0,0.15668228679419613,94.84374289656701,0.96,630.5471252600898,605.3252402496862,25.221885010403614,1.0,0.0,0.0,0.15668542820704076,94.83021407092743,0.96,630.4445417861174,605.2267601146726,25.217781671444715,0.0,0.0,0.0,0.271,0.0,0.96,0.0,0.0,0.0,,,,431.6801941215198,1210.5520003643585,1119.7606002554487,90.791400020712,1210.5520002761607,0.0,1.0,0.0,0.0,0.38551268858283005,215.84210143437647,0.925,605.2792016243916,559.8832615025623,45.39594012182934,1.0,0.0,0.0,0.3855096067433584,215.83809268714327,0.925,605.2727986517691,559.8773387528864,45.395459898882656,0.0,0.0,0.0,0.09418341935927774,0.0,0.925,0.0,0.0,0.0,0.0,0.0,0.0,0.09418341935927774,0.0,0.925,0.0,0.0,0.0,1.0,,,0.101,113.09582062580033,1119.7606002554487,1119.7606002554487,0.0,34.71257860791891,0.0,,,141.23106679075835,0.0,60.72935872002609,2.0,734.4499717148145,0.0,0.0,0.0,74.62011712622515
78,1,79,0.1016,0.0,734.4499717148145,,,,0,0.0,1,1260.991667046207,1260.991667046207,-0.0,201.75866672739315,41.86492334593407,0.0,,,189.67395696749443,1260.991667046207,1210.5520003643585,50.43966668184832,1260.9916670462069,0.0,1.0,0.0,0.0,0.15668228679419613,94.84374289656701,0.96,630.5471252600898,605.3252402496862,25.221885010403614,1.0,0.0,0.0,0.15668542820704076,94.83021407092743,0.96,630.4445417861174,605.2267601146726,25.217781671444715,0.0,0.0,0.0,0.271,0.0,0.96,0.0,0.0,0.0,,,,431.6801941215198,1210.5520003643585,1119.7606002554487,90.791400020712,1210.5520002761607,0.0,1.0,0.0,0.0,0.38551268858283005,215.84210143437647,0.925,605.2792016243916,559.8832615025623,45.39594012182934,1.0,0.0,0.0,0.3855096067433584,215.83809268714327,0.925,605.2727986517691,559.8773387528864,45.395459898882656,0.0,0.0,0.0,0.09418341935927774,0.0,0.925,0.0,0.0,0.0,0.0,0.0,0.0,0.09418341935927774,0.0,0.925,0.0,0.0,0.0,1.0,,,0.101,113.09582062580033,1119.7606002554487,1119.7606002554487,0.0,34.71257860791891,0.0,,,141.23106679075835,0.0,60.72935872002609,2.0,734.4499717148145,0.0,0.0,0.0,74.62011712622515
79,1,80,0.1016,0.0,734.4499717148145,,,,0,0.0,1,1260.991667046207,1260.991667046207,-0.0,201.75866672739315,41.86492334593407,0.0,,,189.67395696749443,1260.991667046207,1210.5520003643585,50.43966668184832,1260.9916670462069,0.0,1.0,0.0,0.0,0.15668228679419613,94.84374289656701,0.96,630.5471252600898,605.3252402496862,25.221885010403614,1.0,0.0,0.0,0.15668542820704076,94.83021407092743,0.96,630.4445417861174,605.2267601146726,25.217781671444715,0.0,0.0,0.0,0.271,0.0,0.96,0.0,0.0,0.0,,,,431.6801941215198,1210.5520003643585,1119.7606002554487,90.791400020712,1210.5520002761607,0.0,1.0,0.0,0.0,0.38551268858283005,215.84210143437647,0.925,605.2792016243916,559.8832615025623,45.39594012182934,1.0,0.0,0.0,0.3855096067433584,215.83809268714327,0.925,605.2727986517691,559.8773387528864,45.395459898882656,0.0,0.0,0.0,0.09418341935927774,0.0,0.925,0.0,0.0,0.0,0.0,0.0,0.0,0.09418341935927774,0.0,0.925,0.0,0.0,0.0,1.0,,,0.101,113.09582062580033,1119.7606002554487,1119.7606002554487,0.0,34.71257860791891,0.0,,,141.23106679075835,0.0,60.72935872002609,2.0,734.4499717148145,0.0,0.0,0.0,74.62011712622515
80,1,81,0.1016,0.0,734.4499717148145,,,,0,0.0,1,1260.991667046207,1260.991667046207,-0.0,201.75866672739315,41.86492334593407,0.0,,,189.67395696749443,1260.991667046207,1210.5520003643585,50.43966668184832,1260.9916670462069,0.0,1.0,0.0,0.0,0.15668228679419613,94.84374289656701,0.96,630.5471252600898,605.3252402496862,25.221885010403614,1.0,0.0,0.0,0.15668542820704076,94.83021407092743,0.96,630.4445417861174,605.2267601146726,25.217781671444715,0.0,0.0,0.0,0.271,0.0,0.96,0.0,0.0,0.0,,,,431.6801941215198,1210.5520003643585,1119.7606002554487,90.791400020712,1210.5520002761607,0.0,1.0,0.0,0.0,0.38551268858283005,215.84210143437647,0.925,605.2792016243916,559.8832615025623,45.39594012182934,1.0,0.0,0.0,0.3855096067433584,215.83809268714327,0.925,605.2727986517691,559.8773387528864,45.395459898882656,0.0,0.0,0.0,0.09418341935927774,0.0,0.925,0.0,0.0,0.0,0.0,0.0,0.0,0.09418341935927774,0.0,0.925,0.0,0.0,0.0,1.0,,,0.101,113.09582062580033,1119.7606002554487,1119.7606002554487,0.0,34.71257860791891,0.0,,,141.23106679075835,0.0,60.72935872002609,2.0,734.4499717148145,0.0,0.0,0.0,74.62011712622515
81,1,82,0.1016,0.0,734.4499717148145,,,,0,0.0,1,1260.991667046207,1260.991667046207,-0.0,201.75866672739315,41.86492334593407,0.0,,,189.67395696749443,1260.991667046207,1210.5520003643585,50.43966668184832,1260.9916670462069,0.0,1.0,0.0,0.0,0.15668228679419613,94.84374289656701,0.96,630.5471252600898,605.3252402496862,25.221885010403614,1.0,0.0,0.0,0.15668542820704076,94.83021407092743,0.96,630.4445417861174,605.2267601146726,25.217781671444715,0.0,0.0,0.0,0.271,0.0,0.96,0.0,0.0,0.0,,,,431.6801941215198,1210.5520003643585,1119.7606002554487,90.791400020712,1210.5520002761607,0.0,1.0,0.0,0.0,0.38551268858283005,215.84210143437647,0.925,605.2792016243916,559.8832615025623,45.39594012182934,1.0,0.0,0.0,0.3855096067433584,215.83809268714327,0.925,605.2727986517691,559.8773387528864,45.395459898882656,0.0,0.0,0.0,0.09418341935927774,0.0,0.925,0.0,0.0,0.0,0.0,0.0,0.0,0.09418341935927774,0.0,0.925,0.0,0.0,0.0,1.0,,,0.101,113.09582062580033,1119.7606002554487,1119.7606002554487,0.0,34.71257860791891,0.0,,,141.23106679075835,0.0,60.72935872002609,2.0,734.4499717148145,0.0,0.0,0.0,74.62011712622515
82,1,83,0.1016,0.0,734.4499717148145,,,,0,0.0,1,1260.991667046207,1260.991667046207,-0.0,201.75866672739315,41.86492334593407,0.0,,,189.67395696749443,1260.991667046207,1210.5520003643585,50.43966668184832,1260.9916670462069,0.0,1.0,0.0,0.0,0.15668228679419613,94.84374289656701,0.96,630.5471252600898,605.3252402496862,25.221885010403614,1.0,0.0,0.0,0.15668542820704076,94.83021407092743,0.96,630.4445417861174,605.2267601146726,25.217781671444715,0.0,0.0,0.0,0.271,0.0,0.96,0.0,0.0,0.0,,,,431.6801941215198,1210.5520003643585,1119.7606002554487,90.791400020712,1210.5520002761607,0.0,1.0,0.0,0.0,0.38551268858283005,215.84210143437647,0.925,605.2792016243916,559.8832615025623,45.39594012182934,1.0,0.0,0.0,0.3855096067433584,215.83809268714327,0.925,605.2727986517691,559.8773387528864,45.395459898882656,0.0,0.0,0.0,0.09418341935927774,0.0,0.925,0.0,0.0,0.0,0.0,0.0,0.0,0.09418341935927774,0.0,0.925,0.0,0.0,0.0,1.0,,,0.101,113.09582062580033,1119.7606002554487,1119.7606002554487,0.0,34.71257860791891,0.0,,,141.23106679075835,0.0,60.72935872002609,2.0,734.4499717148145,0.0,0.0,0.0,74.62011712622515
83,1,84,0.1016,0.0,734.4499717148145,,,,0,0.0,1,1260.991667046207,1260.991667046207,-0.0,201.75866672739315,41.86492334593407,0.0,,,189.67395696749443,1260.991667046207,1210.5520003643585,50.43966668184832,1260.9916670462069,0.0,1.0,0.0,0.0,0.15668228679419613,94.84374289656701,0.96,630.5471252600898,605.3252402496862,25.221885010403614,1.0,0.0,0.0,0.15668542820704076,94.83021407092743,0.96,630.4445417861174,605.2267601146726,25.217781671444715,0.0,0.0,0.0,0.271,0.0,0.96,0.0,0.0,0.0,,,,431.6801941215198,1210.5520003643585,1119.7606002554487,90.791400020712,1210.5520002761607,0.0,1.0,0.0,0.0,0.38551268858283005,215.84210143437647,0.925,605.2792016243916,559.8832615025623,45.39594012182934,1.0,0.0,0.0,0.3855096067433584,215.83809268714327,0.925,605.2727986517691,559.8773387528864,45.395459898882656,0.0,0.0,0.0,0.09418341935927774,0.0,0.925,0.0,0.0,0.0,0.0,0.0,0.0,0.09418341935927774,0.0,0.925,0.0,0.0,0.0,1.0,,,0.101,113.09582062580033,1119.7606002554487,1119.7606002554487,0.0,34.71257860791891,0.0,,,141.23106679075835,0.0,60.72935872002609,2.0,734.4499717148145,0.0,0.0,0.0,74.62011712622515
84,1,85,0.1016,0.0,734.4499717148145,,,,0,0.0,1,1260.991667046207,1260.991667046207,-0.0,201.75866672739315,41.86492334593407,0.0,,,189.67395696749443,1260.991667046207,1210.5520003643585,50.43966668184832,1260.9916670462069,0.0,1.0,0.0,0.0,0.15668228679419613,94.84374289656701,0.96,630.5471252600898,605.3252402496862,25.221885010403614,1.0,0.0,0.0,0.15668542820704076,94.83021407092743,0.96,630.4445417861174,605.2267601146726,25.217781671444715,0.0,0.0,0.0,0.271,0.0,0.96,0.0,0.0,0.0,,,,431.6801941215198,1210.5520003643585,1119.7606002554487,90.791400020712,1210.5520002761607,0.0,1.0,0.0,0.0,0.38551268858283005,215.84210143437647,0.925,605.2792016243916,559.8832615025623,45.39594012182934,1.0,0.0,0.0,0.3855096067433584,215.83809268714327,0.925,605.2727986517691,559.8773387528864,45.395459898882656,0.0,0.0,0.0,0.09418341935927774,0.0,0.925,0.0,0.0,0.0,0.0,0.0,0.0,0.09418341935927774,0.0,0.925,0.0,0.0,0.0,1.0,,,0.101,113.09582062580033,1119.7606002554487,1119.7606002554487,0.0,34.71257860791891,0.0,,,141.23106679075835,0.0,60.72935872002609,2.0,734.4499717148145,0.0,0.0,0.0,74.62011712622515
85,1,86,0.1016,0.0,734.4499717148145,,,,0,0.0,1,1260.991667046207,1260.991667046207,-0.0,201.75866672739315,41.86492334593407,0.0,,,189.67395696749443,1260.991667046207,1210.5520003643585,50.43966668184832,1260.9916670462069,0.0,1.0,0.0,0.0,0.15668228679419613,94.84374289656701,0.96,630.5471252600898,605.3252402496862,25.221885010403614,1.0,0.0,0.0,0.15668542820704076,94.83021407092743,0.96,630.4445417861174,605.2267601146726,25.217781671444715,0.0,0.0,0.0,0.271,0.0,0.96,0.0,0.0,0.0,,,,431.6801941215198,1210.5520003643585,1119.7606002554487,90.791400020712,1210.5520002761607,0.0,1.0,0.0,0.0,0.38551268858283005,215.84210143437647,0.925,605.2792016243916,559.8832615025623,45.39594012182934,1.0,0.0,0.0,0.3855096067433584,215.83809268714327,0.925,605.2727986517691,559.8773387528864,45.395459898882656,0.0,0.0,0.0,0.09418341935927774,0.0,0.925,0.0,0.0,0.0,0.0,0.0,0.0,0.09418341935927774,0.0,0.925,0.0,0.0,0.0,1.0,,,0.101,113.09582062580033,1119.7606002554487,1119.7606002554487,0.0,34.71257860791891,0.0,,,141.23106679075835,0.0,60.72935872002609,2.0,734.4499717148145,0.0,0.0,0.0,74.62011712622515
86,1,87,0.1016,0.0,734.4499717148145,,,,0,0.0,1,1260.991667046207,1260.991667046207,-0.0,201.75866672739315,41.86492334593407,0.0,,,189.67395696749443,1260.991667046207,1210.5520003643585,50.43966668184832,1260.9916670462069,0.0,1.0,0.0,0.0,0.15668228679419613,94.84374289656701,0.96,630.5471252600898,605.3252402496862,25.221885010403614,1.0,0.0,0.0,0.15668542820704076,94.83021407092743,0.96,630.4445417861174,605.2267601146726,25.217781671444715,0.0,0.0,0.0,0.271,0.0,0.96,0.0,0.0,0.0,,,,431.6801941215198,1210.5520003643585,1119.7606002554487,90.791400020712,1210.5520002761607,0.0,1.0,0.0,0.0,0.38551268858283005,215.84210143437647,0.925,605.2792016243916,559.8832615025623,45.39594012182934,1.0,0.0,0.0,0.3855096067433584,215.83809268714327,0.925,605.2727986517691,559.8773387528864,45.395459898882656,0.0,0.0,0.0,0.09418341935927774,0.0,0.925,0.0,0.0,0.0,0.0,0.0,0.0,0.09418341935927774,0.0,0.925,0.0,0.0,0.0,1.0,,,0.101,113.09582062580033,1119.7606002554487,1119.7606002554487,0.0,34.71257860791891,0.0,,,141.23106679075835,0.0,60.72935872002609,2.0,734.4499717148145,0.0,0.0,0.0,74.62011712622515
87,1,88,0.1016,0.0,734.4499717148145,,,,0,0.0,1,1260.991667046207,1260.991667046207,-0.0,201.75866672739315,41.86492334593407,0.0,,,189.67395696749443,1260.991667046207,1210.5520003643585,50.43966668184832,1260.9916670462069,0.0,1.0,0.0,0.0,0.15668228679419613,94.84374289656701,0.96,630.5471252600898,605.3252402496862,25.221885010403614,1.0,0.0,0.0,0.15668542820704076,94.83021407092743,0.96,630.4445417861174,605.2267601146726,25.217781671444715,0.0,0.0,0.0,0.271,0.0,0.96,0.0,0.0,0.0,,,,431.6801941215198,1210.5520003643585,1119.7606002554487,90.791400020712,1210.5520002761607,0.0,1.0,0.0,0.0,0.38551268858283005,215.84210143437647,0.925,605.2792016243916,559.8832615025623,45.39594012182934,1.0,0.0,0.0,0.3855096067433584,215.83809268714327,0.925,605.2727986517691,559.8773387528864,45.395459898882656,0.0,0.0,0.0,0.09418341935927774,0.0,0.925,0.0,0.0,0.0,0.0,0.0,0.0,0.09418341935927774,0.0,0.925,0.0,0.0,0.0,1.0,,,0.101,113.09582062580033,1119.7606002554487,1119.7606002554487,0.0,34.71257860791891,0.0,,,141.23106679075835,0.0,60.72935872002609,2.0,734.4499717148145,0.0,0.0,0.0,74.62011712622515
88,1,89,0.1016,0.0,734.4499717148145,,,,0,0.0,1,1260.991667046207,1260.991667046207,-0.0,201.75866672739315,41.86492334593407,0.0,,,189.67395696749443,1260.991667046207,1210.5520003643585,50.43966668184832,1260.9916670462069,0.0,1.0,0.0,0.0,0.15668228679419613,94.84374289656701,0.96,630.5471252600898,605.3252402496862,25.221885010403614,1.0,0.0,0.0,0.15668542820704076,94.83021407092743,0.96,630.4445417861174,605.2267601146726,25.217781671444715,0.0,0.0,0.0,0.271,0.0,0.96,0.0,0.0,0.0,,,,431.6801941215198,1210.5520003643585,1119.7606002554487,90.791400020712,1210.5520002761607,0.0,1.0,0.0,0.0,0.38551268858283005,215.84210143437647,0.925,605.2792016243916,559.8832615025623,45.39594012182934,1.0,0.0,0.0,0.3855096067433584,215.83809268714327,0.925,605.2727986517691,559.8773387528864,45.395459898882656,0.0,0.0,0.0,0.09418341935927774,0.0,0.925,0.0,0.0,0.0,0.0,0.0,0.0,0.09418341935927774,0.0,0.925,0.0,0.0,0.0,1.0,,,0.101,113.09582062580033,1119.7606002554487,1119.7606002554487,0.0,34.71257860791891,0.0,,,141.23106679075835,0.0,60.72935872002609,2.0,734.4499717148145,0.0,0.0,0.0,74.62011712622515
89,1,90,0.15246,0.0,734.4499718245393,,,,0,0.0,1,1260.991667046207,1260.991667046207,-0.0,201.75866672739315,41.86492334593407,0.0,,,189.67395707721914,1260.991667046207,1210.5520003643585,50.43966668184832,1260.9916670462069,0.0,1.0,0.0,0.0,0.15668228679419613,94.84374289656701,0.96,630.5471252600898,605.3252402496862,25.221885010403614,1.0,0.0,0.0,0.15668542820704076,94.83021407092743,0.96,630.4445417861174,605.2267601146726,25.217781671444715,0.0,0.0,0.0,0.271,0.0,0.96,0.0,0.0,0.0,,,,431.6801941215198,1210.5520003643585,1119.7606002554487,90.791400020712,1210.5520002761607,0.0,1.0,0.0,0.0,0.38551268858283005,215.84210143437647,0.925,605.2792016243916,559.8832615025623,45.39594012182934,1.0,0.0,0.0,0.3855096067433584,215.83809268714327,0.925,605.2727986517691,559.8773387528864,45.395459898882656,0.0,0.0,0.0,0.09418341935927774,0.0,0.925,0.0,0.0,0.0,0.0,0.0,0.0,0.09418341935927774,0.0,0.925,0.0,0.0,0.0,1.0,,,0.101,113.09582062580033,1119.7606002554487,1119.7606002554487,0.0,34.71257860791891,0.0,,,141.23106679075835,0.0,60.72935872002609,2.0,734.4499718245393,0.0,0.0,0.0,111.97424270436926
90,1,91,0.15246,0.0,734.4499718245393,,,,0,0.0,1,1260.991667046207,1260.991667046207,-0.0,201.75866672739315,41.86492334593407,0.0,,,189.67395707721914,1260.991667046207,1210.5520003643585,50.43966668184832,1260.9916670462069,0.0,1.0,0.0,0.0,0.15668228679419613,94.84374289656701,0.96,630.5471252600898,605.3252402496862,25.221885010403614,1.0,0.0,0.0,0.15668542820704076,94.83021407092743,0.96,630.4445417861174,605.2267601146726,25.217781671444715,0.0,0.0,0.0,0.271,0.0,0.96,0.0,0.0,0.0,,,,431.6801941215198,1210.5520003643585,1119.7606002554487,90.791400020712,1210.5520002761607,0.0,1.0,0.0,0.0,0.38551268858283005,215.84210143437647,0.925,605.2792016243916,559.8832615025623,45.39594012182934,1.0,0.0,0.0,0.3855096067433584,215.83809268714327,0.925,605.2727986517691,559.8773387528864,45.395459898882656,0.0,0.0,0.0,0.09418341935927774,0.0,0.925,0.0,0.0,0.0,0.0,0.0,0.0,0.09418341935927774,0.0,0.925,0.0,0.0,0.0,1.0,,,0.101,113.09582062580033,1119.7606002554487,1119.7606002554487,0.0,34.71257860791891,0.0,,,141.23106679075835,0.0,60.72935872002609,2.0,734.4499718245393,0.0,0.0,0.0,111.97424270436926
91,1,92,0.15246,0.0,734.4499718245393,,,,0,0.0,1,1260.991667046207,1260.991667046207,-0.0,201.75866672739315,41.86492334593407,0.0,,,189.67395707721914,1260.991667046207,1210.5520003643585,50.43966668184832,1260.9916670462069,0.0,1.0,0.0,0.0,0.15668228679419613,94.84374289656701,0.96,630.5471252600898,605.3252402496862,25.221885010403614,1.0,0.0,0.0,0.15668542820704076,94.83021407092743,0.96,630.4445417861174,605.2267601146726,25.217781671444715,0.0,0.0,0.0,0.271,0.0,0.96,0.0,0.0,0.0,,,,431.6801941215198,1210.5520003643585,1119.7606002554487,90.791400020712,1210.5520002761607,0.0,1.0,0.0,0.0,0.38551268858283005,215.84210143437647,0.925,605.2792016243916,559.8832615025623,45.39594012182934,1.0,0.0,0.0,0.3855096067433584,215.83809268714327,0.925,605.2727986517691,559.8773387528864,45.395459898882656,0.0,0.0,0.0,0.09418341935927774,0.0,0.925,0.0,0.0,0.0,0.0,0.0,0.0,0.09418341935927774,0.0,0.925,0.0,0.0,0.0,1.0,,,0.101,113.09582062580033,1119.7606002554487,1119.7606002554487,0.0,34.71257860791891,0.0,,,141.23106679075835,0.0,60.72935872002609,2.0,734.4499718245393,0.0,0.0,0.0,111.97424270436926
92,1,93,0.15246,0.0,734.4499718245393,,,,0,0.0,1,1260.991667046207,1260.991667046207,-0.0,201.75866672739315,41.86492334593407,0.0,,,189.67395707721914,1260.991667046207,1210.5520003643585,50.43966668184832,1260.9916670462069,0.0,1.0,0.0,0.0,0.15668228679419613,94.84374289656701,0.96,630.5471252600898,605.3252402496862,25.221885010403614,1.0,0.0,0.0,0.15668542820704076,94.83021407092743,0.96,630.4445417861174,605.2267601146726,25.217781671444715,0.0,0.0,0.0,0.271,0.0,0.96,0.0,0.0,0.0,,,,431.6801941215198,1210.5520003643585,1119.7606002554487,90.791400020712,1210.5520002761607,0.0,1.0,0.0,0.0,0.38551268858283005,215.84210143437647,0.925,605.2792016243916,559.8832615025623,45.39594012182934,1.0,0.0,0.0,0.3855096067433584,215.83809268714327,0.925,605.2727986517691,559.8773387528864,45.395459898882656,0.0,0.0,0.0,0.09418341935927774,0.0,0.925,0.0,0.0,0.0,0.0,0.0,0.0,0.09418341935927774,0.0,0.925,0.0,0.0,0.0,1.0,,,0.101,113.09582062580033,1119.7606002554487,1119.7606002554487,0.0,34.71257860791891,0.0,,,141.23106679075835,0.0,60.72935872002609,2.0,734.4499718245393,0.0,0.0,0.0,111.97424270436926
93,1,94,0.15246,0.0,734.4499718245393,,,,0,0.0,1,1260.991667046207,1260.991667046207,-0.0,201.75866672739315,41.86492334593407,0.0,,,189.67395707721914,1260.991667046207,1210.5520003643585,50.43966668184832,1260.9916670462069,0.0,1.0,0.0,0.0,0.15668228679419613,94.84374289656701,0.96,630.5471252600898,605.3252402496862,25.221885010403614,1.0,0.0,0.0,0.15668542820704076,94.83021407092743,0.96,630.4445417861174,605.2267601146726,25.217781671444715,0.0,0.0,0.0,0.271,0.0,0.96,0.0,0.0,0.0,,,,431.6801941215198,1210.5520003643585,1119.7606002554487,90.791400020712,1210.5520002761607,0.0,1.0,0.0,0.0,0.38551268858283005,215.84210143437647,0.925,605.2792016243916,559.8832615025623,45.39594012182934,1.0,0.0,0.0,0.3855096067433584,215.83809268714327,0.925,605.2727986517691,559.8773387528864,45.395459898882656,0.0,0.0,0.0,0.09418341935927774,0.0,0.925,0.0,0.0,0.0,0.0,0.0,0.0,0.09418341935927774,0.0,0.925,0.0,0.0,0.0,1.0,,,0.101,113.09582062580033,1119.7606002554487,1119.7606002554487,0.0,34.71257860791891,0.0,,,141.23106679075835,0.0,60.72935872002609,2.0,734.4499718245393,0.0,0.0,0.0,111.97424270436926
94,1,95,0.1016,0.0,734.4499717148145,,,,0,0.0,1,1260.991667046207,1260.991667046207,-0.0,201.75866672739315,41.86492334593407,0.0,,,189.67395696749443,1260.991667046207,1210.5520003643585,50.43966668184832,1260.9916670462069,0.0,1.0,0.0,0.0,0.15668228679419613,94.84374289656701,0.96,630.5471252600898,605.3252402496862,25.221885010403614,1.0,0.0,0.0,0.15668542820704076,94.83021407092743,0.96,630.4445417861174,605.2267601146726,25.217781671444715,0.0,0.0,0.0,0.271,0.0,0.96,0.0,0.0,0.0,,,,431.6801941215198,1210.5520003643585,1119.7606002554487,90.791400020712,1210.5520002761607,0.0,1.0,0.0,0.0,0.38551268858283005,215.84210143437647,0.925,605.2792016243916,559.8832615025623,45.39594012182934,1.0,0.0,0.0,0.3855096067433584,215.83809268714327,0.925,605.2727986517691,559.8773387528864,45.395459898882656,0.0,0.0,0.0,0.09418341935927774,0.0,0.925,0.0,0.0,0.0,0.0,0.0,0.0,0.09418341935927774,0.0,0.925,0.0,0.0,0.0,1.0,,,0.101,113.09582062580033,1119.7606002554487,1119.7606002554487,0.0,34.71257860791891,0.0,,,141.23106679075835,0.0,60.72935872002609,2.0,734.4499717148145,0.0,0.0,0.0,74.62011712622515
95,1,96,0.1016,0.0,734.4499717148145,,,,0,0.0,1,1260.991667046207,1260.991667046207,-0.0,201.75866672739315,41.86492334593407,0.0,,,189.67395696749443,1260.991667046207,1210.5520003643585,50.43966668184832,1260.9916670462069,0.0,1.0,0.0,0.0,0.15668228679419613,94.84374289656701,0.96,630.5471252600898,605.3252402496862,25.221885010403614,1.0,0.0,0.0,0.15668542820704076,94.83021407092743,0.96,630.4445417861174,605.2267601146726,25.217781671444715,0.0,0.0,0.0,0.271,0.0,0.96,0.0,0.0,0.0,,,,431.6801941215198,1210.5520003643585,1119.7606002554487,90.791400020712,1210.5520002761607,0.0,1.0,0.0,0.0,0.38551268858283005,215.84210143437647,0.925,605.2792016243916,559.8832615025623,45.39594012182934,1.0,0.0,0.0,0.3855096067433584,215.83809268714327,0.925,605.2727986517691,559.8773387528864,45.395459898882656,0.0,0.0,0.0,0.09418341935927774,0.0,0.925,0.0,0.0,0.0,0.0,0.0,0.0,0.09418341935927774,0.0,0.925,0.0,0.0,0.0,1.0,,,0.101,113.09582062580033,1119.7606002554487,1119.7606002554487,0.0,34.71257860791891,0.0,,,141.23106679075835,0.0,60.72935872002609,2.0,734.4499717148145,0.0,0.0,0.0,74.62011712622515
96,1,97,0.1016,0.0,734.4499717148145,,,,0,0.0,1,1260.991667046207,1260.991667046207,-0.0,201.75866672739315,41.86492334593407,0.0,,,189.67395696749443,1260.991667046207,1210.5520003643585,50.43966668184832,1260.9916670462069,0.0,1.0,0.0,0.0,0.15668228679419613,94.84374289656701,0.96,630.5471252600898,605.3252402496862,25.221885010403614,1.0,0.0,0.0,0.15668542820704076,94.83021407092743,0.96,630.4445417861174,605.2267601146726,25.217781671444715,0.0,0.0,0.0,0.271,0.0,0.96,0.0,0.0,0.0,,,,431.6801941215198,1210.5520003643585,1119.7606002554487,90.791400020712,1210.5520002761607,0.0,1.0,0.0,0.0,0.38551268858283005,215.84210143437647,0.925,605.2792016243916,559.8832615025623,45.39594012182934,1.0,0.0,0.0,0.3855096067433584,215.83809268714327,0.925,605.2727986517691,559.8773387528864,45.395459898882656,0.0,0.0,0.0,0.09418341935927774,0.0,0.925,0.0,0.0,0.0,0.0,0.0,0.0,0.09418341935927774,0.0,0.925,0.0,0.0,0.0,1.0,,,0.101,113.09582062580033,1119.7606002554487,1119.7606002554487,0.0,34.71257860791891,0.0,,,141.23106679075835,0.0,60.72935872002609,2.0,734.4499717148145,0.0,0.0,0.0,74.62011712622515
97,1,98,0.1016,0.0,734.4499717148145,,,,0,0.0,1,1260.991667046207,1260.991667046207,-0.0,201.75866672739315,41.86492334593407,0.0,,,189.67395696749443,1260.991667046207,1210.5520003643585,50.43966668184832,1260.9916670462069,0.0,1.0,0.0,0.0,0.15668228679419613,94.84374289656701,0.96,630.5471252600898,605.3252402496862,25.221885010403614,1.0,0.0,0.0,0.15668542820704076,94.83021407092743,0.96,630.4445417861174,605.2267601146726,25.217781671444715,0.0,0.0,0.0,0.271,0.0,0.96,0.0,0.0,0.0,,,,431.6801941215198,1210.5520003643585,1119.7606002554487,90.791400020712,1210.5520002761607,0.0,1.0,0.0,0.0,0.38551268858283005,215.84210143437647,0.925,605.2792016243916,559.8832615025623,45.39594012182934,1.0,0.0,0.0,0.3855096067433584,215.83809268714327,0.925,605.2727986517691,559.8773387528864,45.395459898882656,0.0,0.0,0.0,0.09418341935927774,0.0,0.925,0.0,0.0,0.0,0.0,0.0,0.0,0.09418341935927774,0.0,0.925,0.0,0.0,0.0,1.0,,,0.101,113.09582062580033,1119.7606002554487,1119.7606002554487,0.0,34.71257860791891,0.0,,,141.23106679075835,0.0,60.72935872002609,2.0,734.4499717148145,0.0,0.0,0.0,74.62011712622515
98,1,99,0.1016,0.0,734.4499717148145,,,,0,0.0,1,1260.991667046207,1260.991667046207,-0.0,201.75866672739315,41.86492334593407,0.0,,,189.67395696749443,1260.991667046207,1210.5520003643585,50.43966668184832,1260.9916670462069,0.0,1.0,0.0,0.0,0.15668228679419613,94.84374289656701,0.96,630.5471252600898,605.3252402496862,25.221885010403614,1.0,0.0,0.0,0.15668542820704076,94.83021407092743,0.96,630.4445417861174,605.2267601146726,25.217781671444715,0.0,0.0,0.0,0.271,0.0,0.96,0.0,0.0,0.0,,,,431.6801941215198,1210.5520003643585,1119.7606002554487,90.791400020712,1210.5520002761607,0.0,1.0,0.0,0.0,0.38551268858283005,215.84210143437647,0.925,605.2792016243916,559.8832615025623,45.39594012182934,1.0,0.0,0.0,0.3855096067433584,215.83809268714327,0.925,605.2727986517691,559.8773387528864,45.395459898882656,0.0,0.0,0.0,0.09418341935927774,0.0,0.925,0.0,0.0,0.0,0.0,0.0,0.0,0.09418341935927774,0.0,0.925,0.0,0.0,0.0,1.0,,,0.101,113.09582062580033,1119.7606002554487,1119.7606002554487,0.0,34.71257860791891,0.0,,,141.23106679075835,0.0,60.72935872002609,2.0,734.4499717148145,0.0,0.0,0.0,74.62011712622515
99,1,100,0.1016,0.0,734.4499717148145,,,,0,0.0,1,1260.991667046207,1260.991667046207,-0.0,201.75866672739315,41.86492334593407,0.0,,,189.67395696749443,1260.991667046207,1210.5520003643585,50.43966668184832,1260.9916670462069,0.0,1.0,0.0,0.0,0.15668228679419613,94.84374289656701,0.96,630.5471252600898,605.3252402496862,25.221885010403614,1.0,0.0,0.0,0.15668542820704076,94.83021407092743,0.96,630.4445417861174,605.2267601146726,25.217781671444715,0.0,0.0,0.0,0.271,0.0,0.96,0.0,0.0,0.0,,,,431.6801941215198,1210.5520003643585,1119.7606002554487,90.791400020712,1210.5520002761607,0.0,1.0,0.0,0.0,0.38551268858283005,215.84210143437647,0.925,605.2792016243916,559.8832615025623,45.39594012182934,1.0,0.0,0.0,0.3855096067433584,215.83809268714327,0.925,605.2727986517691,559.8773387528864,45.395459898882656,0.0,0.0,0.0,0.09418341935927774,0.0,0.925,0.0,0.0,0.0,0.0,0.0,0.0,0.09418341935927774,0.0,0.925,0.0,0.0,0.0,1.0,,,0.101,113.09582062580033,1119.7606002554487,1119.7606002554487,0.0,34.71257860791891,0.0,,,141.23106679075835,0.0,60.72935872002609,2.0,734.4499717148145,0.0,0.0,0.0,74.62011712622515
100,1,101,0.1016,0.0,734.4499717148145,,,,0,0.0,1,1260.991667046207,1260.991667046207,-0.0,201.75866672739315,41.86492334593407,0.0,,,189.67395696749443,1260.991667046207,1210.5520003643585,50.43966668184832,1260.9916670462069,0.0,1.0,0.0,0.0,0.15668228679419613,94.84374289656701,0.96,630.5471252600898,605.3252402496862,25.221885010403614,1.0,0.0,0.0,0.15668542820704076,94.83021407092743,0.96,630.4445417861174,605.2267601146726,25.217781671444715,0.0,0.0,0.0,0.271,0.0,0.96,0.0,0.0,0.0,,,,431.6801941215198,1210.5520003643585,1119.7606002554487,90.791400020712,1210.5520002761607,0.0,1.0,0.0,0.0,0.38551268858283005,215.84210143437647,0.925,605.2792016243916,559.8832615025623,45.39594012182934,1.0,0.0,0.0,0.3855096067433584,215.83809268714327,0.925,605.2727986517691,559.8773387528864,45.395459898882656,0.0,0.0,0.0,0.09418341935927774,0.0,0.925,0.0,0.0,0.0,0.0,0.0,0.0,0.09418341935927774,0.0,0.925,0.0,0.0,0.0,1.0,,,0.101,113.09582062580033,1119.7606002554487,1119.7606002554487,0.0,34.71257860791891,0.0,,,141.23106679075835,0.0,60.72935872002609,2.0,734.4499717148145,0.0,0.0,0.0,74.62011712622515
101,1,102,0.1016,0.0,734.4499717148145,,,,0,0.0,1,1260.991667046207,1260.991667046207,-0.0,201.75866672739315,41.86492334593407,0.0,,,189.67395696749443,1260.991667046207,1210.5520003643585,50.43966668184832,1260.9916670462069,0.0,1.0,0.0,0.0,0.15668228679419613,94.84374289656701,0.96,630.5471252600898,605.3252402496862,25.221885010403614,1.0,0.0,0.0,0.15668542820704076,94.83021407092743,0.96,630.4445417861174,605.2267601146726,25.217781671444715,0.0,0.0,0.0,0.271,0.0,0.96,0.0,0.0,0.0,,,,431.6801941215198,1210.5520003643585,1119.7606002554487,90.791400020712,1210.5520002761607,0.0,1.0,0.0,0.0,0.38551268858283005,215.84210143437647,0.925,605.2792016243916,559.8832615025623,45.39594012182934,1.0,0.0,0.0,0.3855096067433584,215.83809268714327,0.925,605.2727986517691,559.8773387528864,45.395459898882656,0.0,0.0,0.0,0.09418341935927774,0.0,0.925,0.0,0.0,0.0,0.0,0.0,0.0,0.09418341935927774,0.0,0.925,0.0,0.0,0.0,1.0,,,0.101,113.09582062580033,1119.7606002554487,1119.7606002554487,0.0,34.71257860791891,0.0,,,141.23106679075835,0.0,60.72935872002609,2.0,734.4499717148145,0.0,0.0,0.0,74.62011712622515
102,1,103,0.1016,0.0,734.4499717148145,,,,0,0.0,1,1260.991667046207,1260.991667046207,-0.0,201.75866672739315,41.86492334593407,0.0,,,189.67395696749443,1260.991667046207,1210.5520003643585,50.43966668184832,1260.9916670462069,0.0,1.0,0.0,0.0,0.15668228679419613,94.84374289656701,0.96,630.5471252600898,605.3252402496862,25.221885010403614,1.0,0.0,0.0,0.15668542820704076,94.83021407092743,0.96,630.4445417861174,605.2267601146726,25.217781671444715,0.0,0.0,0.0,0.271,0.0,0.96,0.0,0.0,0.0,,,,431.6801941215198,1210.5520003643585,1119.7606002554487,90.791400020712,1210.5520002761607,0.0,1.0,0.0,0.0,0.38551268858283005,215.84210143437647,0.925,605.2792016243916,559.8832615025623,45.39594012182934,1.0,0.0,0.0,0.3855096067433584,215.83809268714327,0.925,605.2727986517691,559.8773387528864,45.395459898882656,0.0,0.0,0.0,0.09418341935927774,0.0,0.925,0.0,0.0,0.0,0.0,0.0,0.0,0.09418341935927774,0.0,0.925,0.0,0.0,0.0,1.0,,,0.101,113.09582062580033,1119.7606002554487,1119.7606002554487,0.0,34.71257860791891,0.0,,,141.23106679075835,0.0,60.72935872002609,2.0,734.4499717148145,0.0,0.0,0.0,74.62011712622515
103,1,104,0.1016,0.0,734.4499717148145,,,,0,0.0,1,1260.991667046207,1260.991667046207,-0.0,201.75866672739315,41.86492334593407,0.0,,,189.67395696749443,1260.991667046207,1210.5520003643585,50.43966668184832,1260.9916670462069,0.0,1.0,0.0,0.0,0.15668228679419613,94.84374289656701,0.96,630.5471252600898,605.3252402496862,25.221885010403614,1.0,0.0,0.0,0.15668542820704076,94.83021407092743,0.96,630.4445417861174,605.2267601146726,25.217781671444715,0.0,0.0,0.0,0.271,0.0,0.96,0.0,0.0,0.0,,,,431.6801941215198,1210.5520003643585,1119.7606002554487,90.791400020712,1210.5520002761607,0.0,1.0,0.0,0.0,0.38551268858283005,215.84210143437647,0.925,605.2792016243916,559.8832615025623,45.39594012182934,1.0,0.0,0.0,0.3855096067433584,215.83809268714327,0.925,605.2727986517691,559.8773387528864,45.395459898882656,0.0,0.0,0.0,0.09418341935927774,0.0,0.925,0.0,0.0,0.0,0.0,0.0,0.0,0.09418341935927774,0.0,0.925,0.0,0.0,0.0,1.0,,,0.101,113.09582062580033,1119.7606002554487,1119.7606002554487,0.0,34.71257860791891,0.0,,,141.23106679075835,0.0,60.72935872002609,2.0,734.4499717148145,0.0,0.0,0.0,74.62011712622515
104,1,105,0.1016,0.0,734.4499717148145,,,,0,0.0,1,1260.991667046207,1260.991667046207,-0.0,201.75866672739315,41.86492334593407,0.0,,,189.67395696749443,1260.991667046207,1210.5520003643585,50.43966668184832,1260.9916670462069,0.0,1.0,0.0,0.0,0.15668228679419613,94.84374289656701,0.96,630.5471252600898,605.3252402496862,25.221885010403614,1.0,0.0,0.0,0.15668542820704076,94.83021407092743,0.96,630.4445417861174,605.2267601146726,25.217781671444715,0.0,0.0,0.0,0.271,0.0,0.96,0.0,0.0,0.0,,,,431.6801941215198,1210.5520003643585,1119.7606002554487,90.791400020712,1210.5520002761607,0.0,1.0,0.0,0.0,0.38551268858283005,215.84210143437647,0.925,605.2792016243916,559.8832615025623,45.39594012182934,1.0,0.0,0.0,0.3855096067433584,215.83809268714327,0.925,605.2727986517691,559.8773387528864,45.395459898882656,0.0,0.0,0.0,0.09418341935927774,0.0,0.925,0.0,0.0,0.0,0.0,0.0,0.0,0.09418341935927774,0.0,0.925,0.0,0.0,0.0,1.0,,,0.101,113.09582062580033,1119.7606002554487,1119.7606002554487,0.0,34.71257860791891,0.0,,,141.23106679075835,0.0,60.72935872002609,2.0,734.4499717148145,0.0,0.0,0.0,74.62011712622515
105,1,106,0.1016,0.0,734.4499717148145,,,,0,0.0,1,1260.991667046207,1260.991667046207,-0.0,201.75866672739315,41.86492334593407,0.0,,,189.67395696749443,1260.991667046207,1210.5520003643585,50.43966668184832,1260.9916670462069,0.0,1.0,0.0,0.0,0.15668228679419613,94.84374289656701,0.96,630.5471252600898,605.3252402496862,25.221885010403614,1.0,0.0,0.0,0.15668542820704076,94.83021407092743,0.96,630.4445417861174,605.2267601146726,25.217781671444715,0.0,0.0,0.0,0.271,0.0,0.96,0.0,0.0,0.0,,,,431.6801941215198,1210.5520003643585,1119.7606002554487,90.791400020712,1210.5520002761607,0.0,1.0,0.0,0.0,0.38551268858283005,215.84210143437647,0.925,605.2792016243916,559.8832615025623,45.39594012182934,1.0,0.0,0.0,0.3855096067433584,215.83809268714327,0.925,605.2727986517691,559.8773387528864,45.395459898882656,0.0,0.0,0.0,0.09418341935927774,0.0,0.925,0.0,0.0,0.0,0.0,0.0,0.0,0.09418341935927774,0.0,0.925,0.0,0.0,0.0,1.0,,,0.101,113.09582062580033,1119.7606002554487,1119.7606002554487,0.0,34.71257860791891,0.0,,,141.23106679075835,0.0,60.72935872002609,2.0,734.4499717148145,0.0,0.0,0.0,74.62011712622515
106,1,107,0.1016,0.0,734.4499717148145,,,,0,0.0,1,1260.991667046207,1260.991667046207,-0.0,201.75866672739315,41.86492334593407,0.0,,,189.67395696749443,1260.991667046207,1210.5520003643585,50.43966668184832,1260.9916670462069,0.0,1.0,0.0,0.0,0.15668228679419613,94.84374289656701,0.96,630.5471252600898,605.3252402496862,25.221885010403614,1.0,0.0,0.0,0.15668542820704076,94.83021407092743,0.96,630.4445417861174,605.2267601146726,25.217781671444715,0.0,0.0,0.0,0.271,0.0,0.96,0.0,0.0,0.0,,,,431.6801941215198,1210.5520003643585,1119.7606002554487,90.791400020712,1210.5520002761607,0.0,1.0,0.0,0.0,0.38551268858283005,215.84210143437647,0.925,605.2792016243916,559.8832615025623,45.39594012182934,1.0,0.0,0.0,0.3855096067433584,215.83809268714327,0.925,605.2727986517691,559.8773387528864,45.395459898882656,0.0,0.0,0.0,0.09418341935927774,0.0,0.925,0.0,0.0,0.0,0.0,0.0,0.0,0.09418341935927774,0.0,0.925,0.0,0.0,0.0,1.0,,,0.101,113.09582062580033,1119.7606002554487,1119.7606002554487,0.0,34.71257860791891,0.0,,,141.23106679075835,0.0,60.72935872002609,2.0,734.4499717148145,0.0,0.0,0.0,74.62011712622515
107,1,108,0.1016,0.0,734.4499717148145,,,,0,0.0,1,1260.991667046207,1260.991667046207,-0.0,201.75866672739315,41.86492334593407,0.0,,,189.67395696749443,1260.991667046207,1210.5520003643585,50.43966668184832,1260.9916670462069,0.0,1.0,0.0,0.0,0.15668228679419613,94.84374289656701,0.96,630.5471252600898,605.3252402496862,25.221885010403614,1.0,0.0,0.0,0.15668542820704076,94.83021407092743,0.96,630.4445417861174,605.2267601146726,25.217781671444715,0.0,0.0,0.0,0.271,0.0,0.96,0.0,0.0,0.0,,,,431.6801941215198,1210.5520003643585,1119.7606002554487,90.791400020712,1210.5520002761607,0.0,1.0,0.0,0.0,0.38551268858283005,215.84210143437647,0.925,605.2792016243916,559.8832615025623,45.39594012182934,1.0,0.0,0.0,0.3855096067433584,215.83809268714327,0.925,605.2727986517691,559.8773387528864,45.395459898882656,0.0,0.0,0.0,0.09418341935927774,0.0,0.925,0.0,0.0,0.0,0.0,0.0,0.0,0.09418341935927774,0.0,0.925,0.0,0.0,0.0,1.0,,,0.101,113.09582062580033,1119.7606002554487,1119.7606002554487,0.0,34.71257860791891,0.0,,,141.23106679075835,0.0,60.72935872002609,2.0,734.4499717148145,0.0,0.0,0.0,74.62011712622515
108,1,109,0.1016,0.0,734.4499717148145,,,,0,0.0,1,1260.991667046207,1260.991667046207,-0.0,201.75866672739315,41.86492334593407,0.0,,,189.67395696749443,1260.991667046207,1210.5520003643585,50.43966668184832,1260.9916670462069,0.0,1.0,0.0,0.0,0.15668228679419613,94.84374289656701,0.96,630.5471252600898,605.3252402496862,25.221885010403614,1.0,0.0,0.0,0.15668542820704076,94.83021407092743,0.96,630.4445417861174,605.2267601146726,25.217781671444715,0.0,0.0,0.0,0.271,0.0,0.96,0.0,0.0,0.0,,,,431.6801941215198,1210.5520003643585,1119.7606002554487,90.791400020712,1210.5520002761607,0.0,1.0,0.0,0.0,0.38551268858283005,215.84210143437647,0.925,605.2792016243916,559.8832615025623,45.39594012182934,1.0,0.0,0.0,0.3855096067433584,215.83809268714327,0.925,605.2727986517691,559.8773387528864,45.395459898882656,0.0,0.0,0.0,0.09418341935927774,0.0,0.925,0.0,0.0,0.0,0.0,0.0,0.0,0.09418341935927774,0.0,0.925,0.0,0.0,0.0,1.0,,,0.101,113.09582062580033,1119.7606002554487,1119.7606002554487,0.0,34.71257860791891,0.0,,,141.23106679075835,0.0,60.72935872002609,2.0,734.4499717148145,0.0,0.0,0.0,74.62011712622515
109,1,110,0.1016,0.0,734.4499717148145,,,,0,0.0,1,1260.991667046207,1260.991667046207,-0.0,201.75866672739315,41.86492334593407,0.0,,,189.67395696749443,1260.991667046207,1210.5520003643585,50.43966668184832,1260.9916670462069,0.0,1.0,0.0,0.0,0.15668228679419613,94.84374289656701,0.96,630.5471252600898,605.3252402496862,25.221885010403614,1.0,0.0,0.0,0.15668542820704076,94.83021407092743,0.96,630.4445417861174,605.2267601146726,25.217781671444715,0.0,0.0,0.0,0.271,0.0,0.96,0.0,0.0,0.0,,,,431.6801941215198,1210.5520003643585,1119.7606002554487,90.791400020712,1210.5520002761607,0.0,1.0,0.0,0.0,0.38551268858283005,215.84210143437647,0.925,605.2792016243916,559.8832615025623,45.39594012182934,1.0,0.0,0.0,0.3855096067433584,215.83809268714327,0.925,605.2727986517691,559.8773387528864,45.395459898882656,0.0,0.0,0.0,0.09418341935927774,0.0,0.925,0.0,0.0,0.0,0.0,0.0,0.0,0.09418341935927774,0.0,0.925,0.0,0.0,0.0,1.0,,,0.101,113.09582062580033,1119.7606002554487,1119.7606002554487,0.0,34.71257860791891,0.0,,,141.23106679075835,0.0,60.72935872002609,2.0,734.4499717148145,0.0,0.0,0.0,74.62011712622515
110,1,111,0.1016,0.0,734.4499717148145,,,,0,0.0,1,1260.991667046207,1260.991667046207,-0.0,201.75866672739315,41.86492334593407,0.0,,,189.67395696749443,1260.991667046207,1210.5520003643585,50.43966668184832,1260.9916670462069,0.0,1.0,0.0,0.0,0.15668228679419613,94.84374289656701,0.96,630.5471252600898,605.3252402496862,25.221885010403614,1.0,0.0,0.0,0.15668542820704076,94.83021407092743,0.96,630.4445417861174,605.2267601146726,25.217781671444715,0.0,0.0,0.0,0.271,0.0,0.96,0.0,0.0,0.0,,,,431.6801941215198,1210.5520003643585,1119.7606002554487,90.791400020712,1210.5520002761607,0.0,1.0,0.0,0.0,0.38551268858283005,215.84210143437647,0.925,605.2792016243916,559.8832615025623,45.39594012182934,1.0,0.0,0.0,0.3855096067433584,215.83809268714327,0.925,605.2727986517691,559.8773387528864,45.395459898882656,0.0,0.0,0.0,0.09418341935927774,0.0,0.925,0.0,0.0,0.0,0.0,0.0,0.0,0.09418341935927774,0.0,0.925,0.0,0.0,0.0,1.0,,,0.101,113.09582062580033,1119.7606002554487,1119.7606002554487,0.0,34.71257860791891,0.0,,,141.23106679075835,0.0,60.72935872002609,2.0,734.4499717148145,0.0,0.0,0.0,74.62011712622515
111,1,112,0.1016,0.0,734.4499717148145,,,,0,0.0,1,1260.991667046207,1260.991667046207,-0.0,201.75866672739315,41.86492334593407,0.0,,,189.67395696749443,1260.991667046207,1210.5520003643585,50.43966668184832,1260.9916670462069,0.0,1.0,0.0,0.0,0.15668228679419613,94.84374289656701,0.96,630.5471252600898,605.3252402496862,25.221885010403614,1.0,0.0,0.0,0.15668542820704076,94.83021407092743,0.96,630.4445417861174,605.2267601146726,25.217781671444715,0.0,0.0,0.0,0.271,0.0,0.96,0.0,0.0,0.0,,,,431.6801941215198,1210.5520003643585,1119.7606002554487,90.791400020712,1210.5520002761607,0.0,1.0,0.0,0.0,0.38551268858283005,215.84210143437647,0.925,605.2792016243916,559.8832615025623,45.39594012182934,1.0,0.0,0.0,0.3855096067433584,215.83809268714327,0.925,605.2727986517691,559.8773387528864,45.395459898882656,0.0,0.0,0.0,0.09418341935927774,0.0,0.925,0.0,0.0,0.0,0.0,0.0,0.0,0.09418341935927774,0.0,0.925,0.0,0.0,0.0,1.0,,,0.101,113.09582062580033,1119.7606002554487,1119.7606002554487,0.0,34.71257860791891,0.0,,,141.23106679075835,0.0,60.72935872002609,2.0,734.4499717148145,0.0,0.0,0.0,74.62011712622515
112,1,113,0.1016,0.0,734.4499717148145,,,,0,0.0,1,1260.991667046207,1260.991667046207,-0.0,201.75866672739315,41.86492334593407,0.0,,,189.67395696749443,1260.991667046207,1210.5520003643585,50.43966668184832,1260.9916670462069,0.0,1.0,0.0,0.0,0.15668228679419613,94.84374289656701,0.96,630.5471252600898,605.3252402496862,25.221885010403614,1.0,0.0,0.0,0.15668542820704076,94.83021407092743,0.96,630.4445417861174,605.2267601146726,25.217781671444715,0.0,0.0,0.0,0.271,0.0,0.96,0.0,0.0,0.0,,,,431.6801941215198,1210.5520003643585,1119.7606002554487,90.791400020712,1210.5520002761607,0.0,1.0,0.0,0.0,0.38551268858283005,215.84210143437647,0.925,605.2792016243916,559.8832615025623,45.39594012182934,1.0,0.0,0.0,0.3855096067433584,215.83809268714327,0.925,605.2727986517691,559.8773387528864,45.395459898882656,0.0,0.0,0.0,0.09418341935927774,0.0,0.925,0.0,0.0,0.0,0.0,0.0,0.0,0.09418341935927774,0.0,0.925,0.0,0.0,0.0,1.0,,,0.101,113.09582062580033,1119.7606002554487,1119.7606002554487,0.0,34.71257860791891,0.0,,,141.23106679075835,0.0,60.72935872002609,2.0,734.4499717148145,0.0,0.0,0.0,74.62011712622515
113,1,114,0.15246,0.0,734.4499718245393,,,,0,0.0,1,1260.991667046207,1260.991667046207,-0.0,201.75866672739315,41.86492334593407,0.0,,,189.67395707721914,1260.991667046207,1210.5520003643585,50.43966668184832,1260.9916670462069,0.0,1.0,0.0,0.0,0.15668228679419613,94.84374289656701,0.96,630.5471252600898,605.3252402496862,25.221885010403614,1.0,0.0,0.0,0.15668542820704076,94.83021407092743,0.96,630.4445417861174,605.2267601146726,25.217781671444715,0.0,0.0,0.0,0.271,0.0,0.96,0.0,0.0,0.0,,,,431.6801941215198,1210.5520003643585,1119.7606002554487,90.791400020712,1210.5520002761607,0.0,1.0,0.0,0.0,0.38551268858283005,215.84210143437647,0.925,605.2792016243916,559.8832615025623,45.39594012182934,1.0,0.0,0.0,0.3855096067433584,215.83809268714327,0.925,605.2727986517691,559.8773387528864,45.395459898882656,0.0,0.0,0.0,0.09418341935927774,0.0,0.925,0.0,0.0,0.0,0.0,0.0,0.0,0.09418341935927774,0.0,0.925,0.0,0.0,0.0,1.0,,,0.101,113.09582062580033,1119.7606002554487,1119.7606002554487,0.0,34.71257860791891,0.0,,,141.23106679075835,0.0,60.72935872002609,2.0,734.4499718245393,0.0,0.0,0.0,111.97424270436926
114,1,115,0.15246,0.0,734.4499718245393,,,,0,0.0,1,1260.991667046207,1260.991667046207,-0.0,201.75866672739315,41.86492334593407,0.0,,,189.67395707721914,1260.991667046207,1210.5520003643585,50.43966668184832,1260.9916670462069,0.0,1.0,0.0,0.0,0.15668228679419613,94.84374289656701,0.96,630.5471252600898,605.3252402496862,25.221885010403614,1.0,0.0,0.0,0.15668542820704076,94.83021407092743,0.96,630.4445417861174,605.2267601146726,25.217781671444715,0.0,0.0,0.0,0.271,0.0,0.96,0.0,0.0,0.0,,,,431.6801941215198,1210.5520003643585,1119.7606002554487,90.791400020712,1210.5520002761607,0.0,1.0,0.0,0.0,0.38551268858283005,215.84210143437647,0.925,605.2792016243916,559.8832615025623,45.39594012182934,1.0,0.0,0.0,0.3855096067433584,215.83809268714327,0.925,605.2727986517691,559.8773387528864,45.395459898882656,0.0,0.0,0.0,0.09418341935927774,0.0,0.925,0.0,0.0,0.0,0.0,0.0,0.0,0.09418341935927774,0.0,0.925,0.0,0.0,0.0,1.0,,,0.101,113.09582062580033,1119.7606002554487,1119.7606002554487,0.0,34.71257860791891,0.0,,,141.23106679075835,0.0,60.72935872002609,2.0,734.4499718245393,0.0,0.0,0.0,111.97424270436926
115,1,116,0.15246,0.0,734.4499718245393,,,,0,0.0,1,1260.991667046207,1260.991667046207,-0.0,201.75866672739315,41.86492334593407,0.0,,,189.67395707721914,1260.991667046207,1210.5520003643585,50.43966668184832,1260.9916670462069,0.0,1.0,0.0,0.0,0.15668228679419613,94.84374289656701,0.96,630.5471252600898,605.3252402496862,25.221885010403614,1.0,0.0,0.0,0.15668542820704076,94.83021407092743,0.96,630.4445417861174,605.2267601146726,25.217781671444715,0.0,0.0,0.0,0.271,0.0,0.96,0.0,0.0,0.0,,,,431.6801941215198,1210.5520003643585,1119.7606002554487,90.791400020712,1210.5520002761607,0.0,1.0,0.0,0.0,0.38551268858283005,215.84210143437647,0.925,605.2792016243916,559.8832615025623,45.39594012182934,1.0,0.0,0.0,0.3855096067433584,215.83809268714327,0.925,605.2727986517691,559.8773387528864,45.395459898882656,0.0,0.0,0.0,0.09418341935927774,0.0,0.925,0.0,0.0,0.0,0.0,0.0,0.0,0.09418341935927774,0.0,0.925,0.0,0.0,0.0,1.0,,,0.101,113.09582062580033,1119.7606002554487,1119.7606002554487,0.0,34.71257860791891,0.0,,,141.23106679075835,0.0,60.72935872002609,2.0,734.4499718245393,0.0,0.0,0.0,111.97424270436926
116,1,117,0.15246,0.0,734.4499718245393,,,,0,0.0,1,1260.991667046207,1260.991667046207,-0.0,201.75866672739315,41.86492334593407,0.0,,,189.67395707721914,1260.991667046207,1210.5520003643585,50.43966668184832,1260.9916670462069,0.0,1.0,0.0,0.0,0.15668228679419613,94.84374289656701,0.96,630.5471252600898,605.3252402496862,25.221885010403614,1.0,0.0,0.0,0.15668542820704076,94.83021407092743,0.96,630.4445417861174,605.2267601146726,25.217781671444715,0.0,0.0,0.0,0.271,0.0,0.96,0.0,0.0,0.0,,,,431.6801941215198,1210.5520003643585,1119.7606002554487,90.791400020712,1210.5520002761607,0.0,1.0,0.0,0.0,0.38551268858283005,215.84210143437647,0.925,605.2792016243916,559.8832615025623,45.39594012182934,1.0,0.0,0.0,0.3855096067433584,215.83809268714327,0.925,605.2727986517691,559.8773387528864,45.395459898882656,0.0,0.0,0.0,0.09418341935927774,0.0,0.925,0.0,0.0,0.0,0.0,0.0,0.0,0.09418341935927774,0.0,0.925,0.0,0.0,0.0,1.0,,,0.101,113.09582062580033,1119.7606002554487,1119.7606002554487,0.0,34.71257860791891,0.0,,,141.23106679075835,0.0,60.72935872002609,2.0,734.4499718245393,0.0,0.0,0.0,111.97424270436926
117,1,118,0.15246,0.0,734.4499718245393,,,,0,0.0,1,1260.991667046207,1260.991667046207,-0.0,201.75866672739315,41.86492334593407,0.0,,,189.67395707721914,1260.991667046207,1210.5520003643585,50.43966668184832,1260.9916670462069,0.0,1.0,0.0,0.0,0.15668228679419613,94.84374289656701,0.96,630.5471252600898,605.3252402496862,25.221885010403614,1.0,0.0,0.0,0.15668542820704076,94.83021407092743,0.96,630.4445417861174,605.2267601146726,25.217781671444715,0.0,0.0,0.0,0.271,0.0,0.96,0.0,0.0,0.0,,,,431.6801941215198,1210.5520003643585,1119.7606002554487,90.791400020712,1210.5520002761607,0.0,1.0,0.0,0.0,0.38551268858283005,215.84210143437647,0.925,605.2792016243916,559.8832615025623,45.39594012182934,1.0,0.0,0.0,0.3855096067433584,215.83809268714327,0.925,605.2727986517691,559.8773387528864,45.395459898882656,0.0,0.0,0.0,0.09418341935927774,0.0,0.925,0.0,0.0,0.0,0.0,0.0,0.0,0.09418341935927774,0.0,0.925,0.0,0.0,0.0,1.0,,,0.101,113.09582062580033,1119.7606002554487,1119.7606002554487,0.0,34.71257860791891,0.0,,,141.23106679075835,0.0,60.72935872002609,2.0,734.4499718245393,0.0,0.0,0.0,111.97424270436926
118,1,119,0.1016,0.0,734.4499717148145,,,,0,0.0,1,1260.991667046207,1260.991667046207,-0.0,201.75866672739315,41.86492334593407,0.0,,,189.67395696749443,1260.991667046207,1210.5520003643585,50.43966668184832,1260.9916670462069,0.0,1.0,0.0,0.0,0.15668228679419613,94.84374289656701,0.96,630.5471252600898,605.3252402496862,25.221885010403614,1.0,0.0,0.0,0.15668542820704076,94.83021407092743,0.96,630.4445417861174,605.2267601146726,25.217781671444715,0.0,0.0,0.0,0.271,0.0,0.96,0.0,0.0,0.0,,,,431.6801941215198,1210.5520003643585,1119.7606002554487,90.791400020712,1210.5520002761607,0.0,1.0,0.0,0.0,0.38551268858283005,215.84210143437647,0.925,605.2792016243916,559.8832615025623,45.39594012182934,1.0,0.0,0.0,0.3855096067433584,215.83809268714327,0.925,605.2727986517691,559.8773387528864,45.395459898882656,0.0,0.0,0.0,0.09418341935927774,0.0,0.925,0.0,0.0,0.0,0.0,0.0,0.0,0.09418341935927774,0.0,0.925,0.0,0.0,0.0,1.0,,,0.101,113.09582062580033,1119.7606002554487,1119.7606002554487,0.0,34.71257860791891,0.0,,,141.23106679075835,0.0,60.72935872002609,2.0,734.4499717148145,0.0,0.0,0.0,74.62011712622515
119,1,120,0.1016,0.0,734.4499717148145,,,,0,0.0,1,1260.991667046207,1260.991667046207,-0.0,201.75866672739315,41.86492334593407,0.0,,,189.67395696749443,1260.991667046207,1210.5520003643585,50.43966668184832,1260.9916670462069,0.0,1.0,0.0,0.0,0.15668228679419613,94.84374289656701,0.96,630.5471252600898,605.3252402496862,25.221885010403614,1.0,0.0,0.0,0.15668542820704076,94.83021407092743,0.96,630.4445417861174,605.2267601146726,25.217781671444715,0.0,0.0,0.0,0.271,0.0,0.96,0.0,0.0,0.0,,,,431.6801941215198,1210.5520003643585,1119.7606002554487,90.791400020712,1210.5520002761607,0.0,1.0,0.0,0.0,0.38551268858283005,215.84210143437647,0.925,605.2792016243916,559.8832615025623,45.39594012182934,1.0,0.0,0.0,0.3855096067433584,215.83809268714327,0.925,605.2727986517691,559.8773387528864,45.395459898882656,0.0,0.0,0.0,0.09418341935927774,0.0,0.925,0.0,0.0,0.0,0.0,0.0,0.0,0.09418341935927774,0.0,0.925,0.0,0.0,0.0,1.0,,,0.101,113.09582062580033,1119.7606002554487,1119.7606002554487,0.0,34.71257860791891,0.0,,,141.23106679075835,0.0,60.72935872002609,2.0,734.4499717148145,0.0,0.0,0.0,74.62011712622515
120,1,121,0.1016,0.0,734.4499717148145,,,,0,0.0,1,1260.991667046207,1260.991667046207,-0.0,201.75866672739315,41.86492334593407,0.0,,,189.67395696749443,1260.991667046207,1210.5520003643585,50.43966668184832,1260.9916670462069,0.0,1.0,0.0,0.0,0.15668228679419613,94.84374289656701,0.96,630.5471252600898,605.3252402496862,25.221885010403614,1.0,0.0,0.0,0.15668542820704076,94.83021407092743,0.96,630.4445417861174,605.2267601146726,25.217781671444715,0.0,0.0,0.0,0.271,0.0,0.96,0.0,0.0,0.0,,,,431.6801941215198,1210.5520003643585,1119.7606002554487,90.791400020712,1210.5520002761607,0.0,1.0,0.0,0.0,0.38551268858283005,215.84210143437647,0.925,605.2792016243916,559.8832615025623,45.39594012182934,1.0,0.0,0.0,0.3855096067433584,215.83809268714327,0.925,605.2727986517691,559.8773387528864,45.395459898882656,0.0,0.0,0.0,0.09418341935927774,0.0,0.925,0.0,0.0,0.0,0.0,0.0,0.0,0.09418341935927774,0.0,0.925,0.0,0.0,0.0,1.0,,,0.101,113.09582062580033,1119.7606002554487,1119.7606002554487,0.0,34.71257860791891,0.0,,,141.23106679075835,0.0,60.72935872002609,2.0,734.4499717148145,0.0,0.0,0.0,74.62011712622515
121,1,122,0.1016,0.0,734.4499717148145,,,,0,0.0,1,1260.991667046207,1260.991667046207,-0.0,201.75866672739315,41.86492334593407,0.0,,,189.67395696749443,1260.991667046207,1210.5520003643585,50.43966668184832,1260.9916670462069,0.0,1.0,0.0,0.0,0.15668228679419613,94.84374289656701,0.96,630.5471252600898,605.3252402496862,25.221885010403614,1.0,0.0,0.0,0.15668542820704076,94.83021407092743,0.96,630.4445417861174,605.2267601146726,25.217781671444715,0.0,0.0,0.0,0.271,0.0,0.96,0.0,0.0,0.0,,,,431.6801941215198,1210.5520003643585,1119.7606002554487,90.791400020712,1210.5520002761607,0.0,1.0,0.0,0.0,0.38551268858283005,215.84210143437647,0.925,605.2792016243916,559.8832615025623,45.39594012182934,1.0,0.0,0.0,0.3855096067433584,215.83809268714327,0.925,605.2727986517691,559.8773387528864,45.395459898882656,0.0,0.0,0.0,0.09418341935927774,0.0,0.925,0.0,0.0,0.0,0.0,0.0,0.0,0.09418341935927774,0.0,0.925,0.0,0.0,0.0,1.0,,,0.101,113.09582062580033,1119.7606002554487,1119.7606002554487,0.0,34.71257860791891,0.0,,,141.23106679075835,0.0,60.72935872002609,2.0,734.4499717148145,0.0,0.0,0.0,74.62011712622515
122,1,123,0.1016,0.0,734.4499717148145,,,,0,0.0,1,1260.991667046207,1260.991667046207,-0.0,201.75866672739315,41.86492334593407,0.0,,,189.67395696749443,1260.991667046207,1210.5520003643585,50.43966668184832,1260.9916670462069,0.0,1.0,0.0,0.0,0.15668228679419613,94.84374289656701,0.96,630.5471252600898,605.3252402496862,25.221885010403614,1.0,0.0,0.0,0.15668542820704076,94.83021407092743,0.96,630.4445417861174,605.2267601146726,25.217781671444715,0.0,0.0,0.0,0.271,0.0,0.96,0.0,0.0,0.0,,,,431.6801941215198,1210.5520003643585,1119.7606002554487,90.791400020712,1210.5520002761607,0.0,1.0,0.0,0.0,0.38551268858283005,215.84210143437647,0.925,605.2792016243916,559.8832615025623,45.39594012182934,1.0,0.0,0.0,0.3855096067433584,215.83809268714327,0.925,605.2727986517691,559.8773387528864,45.395459898882656,0.0,0.0,0.0,0.09418341935927774,0.0,0.925,0.0,0.0,0.0,0.0,0.0,0.0,0.09418341935927774,0.0,0.925,0.0,0.0,0.0,1.0,,,0.101,113.09582062580033,1119.7606002554487,1119.7606002554487,0.0,34.71257860791891,0.0,,,141.23106679075835,0.0,60.72935872002609,2.0,734.4499717148145,0.0,0.0,0.0,74.62011712622515
123,1,124,0.1016,0.0,734.4499717148145,,,,0,0.0,1,1260.991667046207,1260.991667046207,-0.0,201.75866672739315,41.86492334593407,0.0,,,189.67395696749443,1260.991667046207,1210.5520003643585,50.43966668184832,1260.9916670462069,0.0,1.0,0.0,0.0,0.15668228679419613,94.84374289656701,0.96,630.5471252600898,605.3252402496862,25.221885010403614,1.0,0.0,0.0,0.15668542820704076,94.83021407092743,0.96,630.4445417861174,605.2267601146726,25.217781671444715,0.0,0.0,0.0,0.271,0.0,0.96,0.0,0.0,0.0,,,,431.6801941215198,1210.5520003643585,1119.7606002554487,90.791400020712,1210.5520002761607,0.0,1.0,0.0,0.0,0.38551268858283005,215.84210143437647,0.925,605.2792016243916,559.8832615025623,45.39594012182934,1.0,0.0,0.0,0.3855096067433584,215.83809268714327,0.925,605.2727986517691,559.8773387528864,45.395459898882656,0.0,0.0,0.0,0.09418341935927774,0.0,0.925,0.0,0.0,0.0,0.0,0.0,0.0,0.09418341935927774,0.0,0.925,0.0,0.0,0.0,1.0,,,0.101,113.09582062580033,1119.7606002554487,1119.7606002554487,0.0,34.71257860791891,0.0,,,141.23106679075835,0.0,60.72935872002609,2.0,734.4499717148145,0.0,0.0,0.0,74.62011712622515
124,1,125,0.1016,0.0,734.4499717148145,,,,0,0.0,1,1260.991667046207,1260.991667046207,-0.0,201.75866672739315,41.86492334593407,0.0,,,189.67395696749443,1260.991667046207,1210.5520003643585,50.43966668184832,1260.9916670462069,0.0,1.0,0.0,0.0,0.15668228679419613,94.84374289656701,0.96,630.5471252600898,605.3252402496862,25.221885010403614,1.0,0.0,0.0,0.15668542820704076,94.83021407092743,0.96,630.4445417861174,605.2267601146726,25.217781671444715,0.0,0.0,0.0,0.271,0.0,0.96,0.0,0.0,0.0,,,,431.6801941215198,1210.5520003643585,1119.7606002554487,90.791400020712,1210.5520002761607,0.0,1.0,0.0,0.0,0.38551268858283005,215.84210143437647,0.925,605.2792016243916,559.8832615025623,45.39594012182934,1.0,0.0,0.0,0.3855096067433584,215.83809268714327,0.925,605.2727986517691,559.8773387528864,45.395459898882656,0.0,0.0,0.0,0.09418341935927774,0.0,0.925,0.0,0.0,0.0,0.0,0.0,0.0,0.09418341935927774,0.0,0.925,0.0,0.0,0.0,1.0,,,0.101,113.09582062580033,1119.7606002554487,1119.7606002554487,0.0,34.71257860791891,0.0,,,141.23106679075835,0.0,60.72935872002609,2.0,734.4499717148145,0.0,0.0,0.0,74.62011712622515
125,1,126,0.1016,0.0,734.4499717148145,,,,0,0.0,1,1260.991667046207,1260.991667046207,-0.0,201.75866672739315,41.86492334593407,0.0,,,189.67395696749443,1260.991667046207,1210.5520003643585,50.43966668184832,1260.9916670462069,0.0,1.0,0.0,0.0,0.15668228679419613,94.84374289656701,0.96,630.5471252600898,605.3252402496862,25.221885010403614,1.0,0.0,0.0,0.15668542820704076,94.83021407092743,0.96,630.4445417861174,605.2267601146726,25.217781671444715,0.0,0.0,0.0,0.271,0.0,0.96,0.0,0.0,0.0,,,,431.6801941215198,1210.5520003643585,1119.7606002554487,90.791400020712,1210.5520002761607,0.0,1.0,0.0,0.0,0.38551268858283005,215.84210143437647,0.925,605.2792016243916,559.8832615025623,45.39594012182934,1.0,0.0,0.0,0.3855096067433584,215.83809268714327,0.925,605.2727986517691,559.8773387528864,45.395459898882656,0.0,0.0,0.0,0.09418341935927774,0.0,0.925,0.0,0.0,0.0,0.0,0.0,0.0,0.09418341935927774,0.0,0.925,0.0,0.0,0.0,1.0,,,0.101,113.09582062580033,1119.7606002554487,1119.7606002554487,0.0,34.71257860791891,0.0,,,141.23106679075835,0.0,60.72935872002609,2.0,734.4499717148145,0.0,0.0,0.0,74.62011712622515
126,1,127,0.1016,0.0,734.4499717148145,,,,0,0.0,1,1260.991667046207,1260.991667046207,-0.0,201.75866672739315,41.86492334593407,0.0,,,189.67395696749443,1260.991667046207,1210.5520003643585,50.43966668184832,1260.9916670462069,0.0,1.0,0.0,0.0,0.15668228679419613,94.84374289656701,0.96,630.5471252600898,605.3252402496862,25.221885010403614,1.0,0.0,0.0,0.15668542820704076,94.83021407092743,0.96,630.4445417861174,605.2267601146726,25.217781671444715,0.0,0.0,0.0,0.271,0.0,0.96,0.0,0.0,0.0,,,,431.6801941215198,1210.5520003643585,1119.7606002554487,90.791400020712,1210.5520002761607,0.0,1.0,0.0,0.0,0.38551268858283005,215.84210143437647,0.925,605.2792016243916,559.8832615025623,45.39594012182934,1.0,0.0,0.0,0.3855096067433584,215.83809268714327,0.925,605.2727986517691,559.8773387528864,45.395459898882656,0.0,0.0,0.0,0.09418341935927774,0.0,0.925,0.0,0.0,0.0,0.0,0.0,0.0,0.09418341935927774,0.0,0.925,0.0,0.0,0.0,1.0,,,0.101,113.09582062580033,1119.7606002554487,1119.7606002554487,0.0,34.71257860791891,0.0,,,141.23106679075835,0.0,60.72935872002609,2.0,734.4499717148145,0.0,0.0,0.0,74.62011712622515
127,1,128,0.1016,0.0,734.4499717148145,,,,0,0.0,1,1260.991667046207,1260.991667046207,-0.0,201.75866672739315,41.86492334593407,0.0,,,189.67395696749443,1260.991667046207,1210.5520003643585,50.43966668184832,1260.9916670462069,0.0,1.0,0.0,0.0,0.15668228679419613,94.84374289656701,0.96,630.5471252600898,605.3252402496862,25.221885010403614,1.0,0.0,0.0,0.15668542820704076,94.83021407092743,0.96,630.4445417861174,605.2267601146726,25.217781671444715,0.0,0.0,0.0,0.271,0.0,0.96,0.0,0.0,0.0,,,,431.6801941215198,1210.5520003643585,1119.7606002554487,90.791400020712,1210.5520002761607,0.0,1.0,0.0,0.0,0.38551268858283005,215.84210143437647,0.925,605.2792016243916,559.8832615025623,45.39594012182934,1.0,0.0,0.0,0.3855096067433584,215.83809268714327,0.925,605.2727986517691,559.8773387528864,45.395459898882656,0.0,0.0,0.0,0.09418341935927774,0.0,0.925,0.0,0.0,0.0,0.0,0.0,0.0,0.09418341935927774,0.0,0.925,0.0,0.0,0.0,1.0,,,0.101,113.09582062580033,1119.7606002554487,1119.7606002554487,0.0,34.71257860791891,0.0,,,141.23106679075835,0.0,60.72935872002609,2.0,734.4499717148145,0.0,0.0,0.0,74.62011712622515
128,1,129,0.1016,0.0,734.4499717148145,,,,0,0.0,1,1260.991667046207,1260.991667046207,-0.0,201.75866672739315,41.86492334593407,0.0,,,189.67395696749443,1260.991667046207,1210.5520003643585,50.43966668184832,1260.9916670462069,0.0,1.0,0.0,0.0,0.15668228679419613,94.84374289656701,0.96,630.5471252600898,605.3252402496862,25.221885010403614,1.0,0.0,0.0,0.15668542820704076,94.83021407092743,0.96,630.4445417861174,605.2267601146726,25.217781671444715,0.0,0.0,0.0,0.271,0.0,0.96,0.0,0.0,0.0,,,,431.6801941215198,1210.5520003643585,1119.7606002554487,90.791400020712,1210.5520002761607,0.0,1.0,0.0,0.0,0.38551268858283005,215.84210143437647,0.925,605.2792016243916,559.8832615025623,45.39594012182934,1.0,0.0,0.0,0.3855096067433584,215.83809268714327,0.925,605.2727986517691,559.8773387528864,45.395459898882656,0.0,0.0,0.0,0.09418341935927774,0.0,0.925,0.0,0.0,0.0,0.0,0.0,0.0,0.09418341935927774,0.0,0.925,0.0,0.0,0.0,1.0,,,0.101,113.09582062580033,1119.7606002554487,1119.7606002554487,0.0,34.71257860791891,0.0,,,141.23106679075835,0.0,60.72935872002609,2.0,734.4499717148145,0.0,0.0,0.0,74.62011712622515
129,1,130,0.1016,0.0,734.4499717148145,,,,0,0.0,1,1260.991667046207,1260.991667046207,-0.0,201.75866672739315,41.86492334593407,0.0,,,189.67395696749443,1260.991667046207,1210.5520003643585,50.43966668184832,1260.9916670462069,0.0,1.0,0.0,0.0,0.15668228679419613,94.84374289656701,0.96,630.5471252600898,605.3252402496862,25.221885010403614,1.0,0.0,0.0,0.15668542820704076,94.83021407092743,0.96,630.4445417861174,605.2267601146726,25.217781671444715,0.0,0.0,0.0,0.271,0.0,0.96,0.0,0.0,0.0,,,,431.6801941215198,1210.5520003643585,1119.7606002554487,90.791400020712,1210.5520002761607,0.0,1.0,0.0,0.0,0.38551268858283005,215.84210143437647,0.925,605.2792016243916,559.8832615025623,45.39594012182934,1.0,0.0,0.0,0.3855096067433584,215.83809268714327,0.925,605.2727986517691,559.8773387528864,45.395459898882656,0.0,0.0,0.0,0.09418341935927774,0.0,0.925,0.0,0.0,0.0,0.0,0.0,0.0,0.09418341935927774,0.0,0.925,0.0,0.0,0.0,1.0,,,0.101,113.09582062580033,1119.7606002554487,1119.7606002554487,0.0,34.71257860791891,0.0,,,141.23106679075835,0.0,60.72935872002609,2.0,734.4499717148145,0.0,0.0,0.0,74.62011712622515
130,1,131,0.1016,0.0,734.4499717148145,,,,0,0.0,1,1260.991667046207,1260.991667046207,-0.0,201.75866672739315,41.86492334593407,0.0,,,189.67395696749443,1260.991667046207,1210.5520003643585,50.43966668184832,1260.9916670462069,0.0,1.0,0.0,0.0,0.15668228679419613,94.84374289656701,0.96,630.5471252600898,605.3252402496862,25.221885010403614,1.0,0.0,0.0,0.15668542820704076,94.83021407092743,0.96,630.4445417861174,605.2267601146726,25.217781671444715,0.0,0.0,0.0,0.271,0.0,0.96,0.0,0.0,0.0,,,,431.6801941215198,1210.5520003643585,1119.7606002554487,90.791400020712,1210.5520002761607,0.0,1.0,0.0,0.0,0.38551268858283005,215.84210143437647,0.925,605.2792016243916,559.8832615025623,45.39594012182934,1.0,0.0,0.0,0.3855096067433584,215.83809268714327,0.925,605.2727986517691,559.8773387528864,45.395459898882656,0.0,0.0,0.0,0.09418341935927774,0.0,0.925,0.0,0.0,0.0,0.0,0.0,0.0,0.09418341935927774,0.0,0.925,0.0,0.0,0.0,1.0,,,0.101,113.09582062580033,1119.7606002554487,1119.7606002554487,0.0,34.71257860791891,0.0,,,141.23106679075835,0.0,60.72935872002609,2.0,734.4499717148145,0.0,0.0,0.0,74.62011712622515
131,1,132,0.1016,0.0,734.4499717148145,,,,0,0.0,1,1260.991667046207,1260.991667046207,-0.0,201.75866672739315,41.86492334593407,0.0,,,189.67395696749443,1260.991667046207,1210.5520003643585,50.43966668184832,1260.9916670462069,0.0,1.0,0.0,0.0,0.15668228679419613,94.84374289656701,0.96,630.5471252600898,605.3252402496862,25.221885010403614,1.0,0.0,0.0,0.15668542820704076,94.83021407092743,0.96,630.4445417861174,605.2267601146726,25.217781671444715,0.0,0.0,0.0,0.271,0.0,0.96,0.0,0.0,0.0,,,,431.6801941215198,1210.5520003643585,1119.7606002554487,90.791400020712,1210.5520002761607,0.0,1.0,0.0,0.0,0.38551268858283005,215.84210143437647,0.925,605.2792016243916,559.8832615025623,45.39594012182934,1.0,0.0,0.0,0.3855096067433584,215.83809268714327,0.925,605.2727986517691,559.8773387528864,45.395459898882656,0.0,0.0,0.0,0.09418341935927774,0.0,0.925,0.0,0.0,0.0,0.0,0.0,0.0,0.09418341935927774,0.0,0.925,0.0,0.0,0.0,1.0,,,0.101,113.09582062580033,1119.7606002554487,1119.7606002554487,0.0,34.71257860791891,0.0,,,141.23106679075835,0.0,60.72935872002609,2.0,734.4499717148145,0.0,0.0,0.0,74.62011712622515
132,1,133,0.1016,0.0,734.4499717148145,,,,0,0.0,1,1260.991667046207,1260.991667046207,-0.0,201.75866672739315,41.86492334593407,0.0,,,189.67395696749443,1260.991667046207,1210.5520003643585,50.43966668184832,1260.9916670462069,0.0,1.0,0.0,0.0,0.15668228679419613,94.84374289656701,0.96,630.5471252600898,605.3252402496862,25.221885010403614,1.0,0.0,0.0,0.15668542820704076,94.83021407092743,0.96,630.4445417861174,605.2267601146726,25.217781671444715,0.0,0.0,0.0,0.271,0.0,0.96,0.0,0.0,0.0,,,,431.6801941215198,1210.5520003643585,1119.7606002554487,90.791400020712,1210.5520002761607,0.0,1.0,0.0,0.0,0.38551268858283005,215.84210143437647,0.925,605.2792016243916,559.8832615025623,45.39594012182934,1.0,0.0,0.0,0.3855096067433584,215.83809268714327,0.925,605.2727986517691,559.8773387528864,45.395459898882656,0.0,0.0,0.0,0.09418341935927774,0.0,0.925,0.0,0.0,0.0,0.0,0.0,0.0,0.09418341935927774,0.0,0.925,0.0,0.0,0.0,1.0,,,0.101,113.09582062580033,1119.7606002554487,1119.7606002554487,0.0,34.71257860791891,0.0,,,141.23106679075835,0.0,60.72935872002609,2.0,734.4499717148145,0.0,0.0,0.0,74.62011712622515
133,1,134,0.1016,0.0,734.4499717148145,,,,0,0.0,1,1260.991667046207,1260.991667046207,-0.0,201.75866672739315,41.86492334593407,0.0,,,189.67395696749443,1260.991667046207,1210.5520003643585,50.43966668184832,1260.9916670462069,0.0,1.0,0.0,0.0,0.15668228679419613,94.84374289656701,0.96,630.5471252600898,605.3252402496862,25.221885010403614,1.0,0.0,0.0,0.15668542820704076,94.83021407092743,0.96,630.4445417861174,605.2267601146726,25.217781671444715,0.0,0.0,0.0,0.271,0.0,0.96,0.0,0.0,0.0,,,,431.6801941215198,1210.5520003643585,1119.7606002554487,90.791400020712,1210.5520002761607,0.0,1.0,0.0,0.0,0.38551268858283005,215.84210143437647,0.925,605.2792016243916,559.8832615025623,45.39594012182934,1.0,0.0,0.0,0.3855096067433584,215.83809268714327,0.925,605.2727986517691,559.8773387528864,45.395459898882656,0.0,0.0,0.0,0.09418341935927774,0.0,0.925,0.0,0.0,0.0,0.0,0.0,0.0,0.09418341935927774,0.0,0.925,0.0,0.0,0.0,1.0,,,0.101,113.09582062580033,1119.7606002554487,1119.7606002554487,0.0,34.71257860791891,0.0,,,141.23106679075835,0.0,60.72935872002609,2.0,734.4499717148145,0.0,0.0,0.0,74.62011712622515
134,1,135,0.1016,0.0,734.4499717148145,,,,0,0.0,1,1260.991667046207,1260.991667046207,-0.0,201.75866672739315,41.86492334593407,0.0,,,189.67395696749443,1260.991667046207,1210.5520003643585,50.43966668184832,1260.9916670462069,0.0,1.0,0.0,0.0,0.15668228679419613,94.84374289656701,0.96,630.5471252600898,605.3252402496862,25.221885010403614,1.0,0.0,0.0,0.15668542820704076,94.83021407092743,0.96,630.4445417861174,605.2267601146726,25.217781671444715,0.0,0.0,0.0,0.271,0.0,0.96,0.0,0.0,0.0,,,,431.6801941215198,1210.5520003643585,1119.7606002554487,90.791400020712,1210.5520002761607,0.0,1.0,0.0,0.0,0.38551268858283005,215.84210143437647,0.925,605.2792016243916,559.8832615025623,45.39594012182934,1.0,0.0,0.0,0.3855096067433584,215.83809268714327,0.925,605.2727986517691,559.8773387528864,45.395459898882656,0.0,0.0,0.0,0.09418341935927774,0.0,0.925,0.0,0.0,0.0,0.0,0.0,0.0,0.09418341935927774,0.0,0.925,0.0,0.0,0.0,1.0,,,0.101,113.09582062580033,1119.7606002554487,1119.7606002554487,0.0,34.71257860791891,0.0,,,141.23106679075835,0.0,60.72935872002609,2.0,734.4499717148145,0.0,0.0,0.0,74.62011712622515
135,1,136,0.1016,0.0,734.4499717148145,,,,0,0.0,1,1260.991667046207,1260.991667046207,-0.0,201.75866672739315,41.86492334593407,0.0,,,189.67395696749443,1260.991667046207,1210.5520003643585,50.43966668184832,1260.9916670462069,0.0,1.0,0.0,0.0,0.15668228679419613,94.84374289656701,0.96,630.5471252600898,605.3252402496862,25.221885010403614,1.0,0.0,0.0,0.15668542820704076,94.83021407092743,0.96,630.4445417861174,605.2267601146726,25.217781671444715,0.0,0.0,0.0,0.271,0.0,0.96,0.0,0.0,0.0,,,,431.6801941215198,1210.5520003643585,1119.7606002554487,90.791400020712,1210.5520002761607,0.0,1.0,0.0,0.0,0.38551268858283005,215.84210143437647,0.925,605.2792016243916,559.8832615025623,45.39594012182934,1.0,0.0,0.0,0.3855096067433584,215.83809268714327,0.925,605.2727986517691,559.8773387528864,45.395459898882656,0.0,0.0,0.0,0.09418341935927774,0.0,0.925,0.0,0.0,0.0,0.0,0.0,0.0,0.09418341935927774,0.0,0.925,0.0,0.0,0.0,1.0,,,0.101,113.09582062580033,1119.7606002554487,1119.7606002554487,0.0,34.71257860791891,0.0,,,141.23106679075835,0.0,60.72935872002609,2.0,734.4499717148145,0.0,0.0,0.0,74.62011712622515
136,1,137,0.1016,0.0,734.4499717148145,,,,0,0.0,1,1260.991667046207,1260.991667046207,-0.0,201.75866672739315,41.86492334593407,0.0,,,189.67395696749443,1260.991667046207,1210.5520003643585,50.43966668184832,1260.9916670462069,0.0,1.0,0.0,0.0,0.15668228679419613,94.84374289656701,0.96,630.5471252600898,605.3252402496862,25.221885010403614,1.0,0.0,0.0,0.15668542820704076,94.83021407092743,0.96,630.4445417861174,605.2267601146726,25.217781671444715,0.0,0.0,0.0,0.271,0.0,0.96,0.0,0.0,0.0,,,,431.6801941215198,1210.5520003643585,1119.7606002554487,90.791400020712,1210.5520002761607,0.0,1.0,0.0,0.0,0.38551268858283005,215.84210143437647,0.925,605.2792016243916,559.8832615025623,45.39594012182934,1.0,0.0,0.0,0.3855096067433584,215.83809268714327,0.925,605.2727986517691,559.8773387528864,45.395459898882656,0.0,0.0,0.0,0.09418341935927774,0.0,0.925,0.0,0.0,0.0,0.0,0.0,0.0,0.09418341935927774,0.0,0.925,0.0,0.0,0.0,1.0,,,0.101,113.09582062580033,1119.7606002554487,1119.7606002554487,0.0,34.71257860791891,0.0,,,141.23106679075835,0.0,60.72935872002609,2.0,734.4499717148145,0.0,0.0,0.0,74.62011712622515
137,1,138,0.13994,0.0,734.4499717148145,,,,0,0.0,1,1260.991667046207,1260.991667046207,-0.0,201.75866672739315,41.86492334593407,0.0,,,189.67395696749443,1260.991667046207,1210.5520003643585,50.43966668184832,1260.9916670462069,0.0,1.0,0.0,0.0,0.15668228679419613,94.84374289656701,0.96,630.5471252600898,605.3252402496862,25.221885010403614,1.0,0.0,0.0,0.15668542820704076,94.83021407092743,0.96,630.4445417861174,605.2267601146726,25.217781671444715,0.0,0.0,0.0,0.271,0.0,0.96,0.0,0.0,0.0,,,,431.6801941215198,1210.5520003643585,1119.7606002554487,90.791400020712,1210.5520002761607,0.0,1.0,0.0,0.0,0.38551268858283005,215.84210143437647,0.925,605.2792016243916,559.8832615025623,45.39594012182934,1.0,0.0,0.0,0.3855096067433584,215.83809268714327,0.925,605.2727986517691,559.8773387528864,45.395459898882656,0.0,0.0,0.0,0.09418341935927774,0.0,0.925,0.0,0.0,0.0,0.0,0.0,0.0,0.09418341935927774,0.0,0.925,0.0,0.0,0.0,1.0,,,0.101,113.09582062580033,1119.7606002554487,1119.7606002554487,0.0,34.71257860791891,0.0,,,141.23106679075835,0.0,60.72935872002609,2.0,734.4499717148145,0.0,0.0,0.0,102.77892904177115
138,1,139,0.13994,0.0,734.4499717148145,,,,0,0.0,1,1260.991667046207,1260.991667046207,-0.0,201.75866672739315,41.86492334593407,0.0,,,189.67395696749443,1260.991667046207,1210.5520003643585,50.43966668184832,1260.9916670462069,0.0,1.0,0.0,0.0,0.15668228679419613,94.84374289656701,0.96,630.5471252600898,605.3252402496862,25.221885010403614,1.0,0.0,0.0,0.15668542820704076,94.83021407092743,0.96,630.4445417861174,605.2267601146726,25.217781671444715,0.0,0.0,0.0,0.271,0.0,0.96,0.0,0.0,0.0,,,,431.6801941215198,1210.5520003643585,1119.7606002554487,90.791400020712,1210.5520002761607,0.0,1.0,0.0,0.0,0.38551268858283005,215.84210143437647,0.925,605.2792016243916,559.8832615025623,45.39594012182934,1.0,0.0,0.0,0.3855096067433584,215.83809268714327,0.925,605.2727986517691,559.8773387528864,45.395459898882656,0.0,0.0,0.0,0.09418341935927774,0.0,0.925,0.0,0.0,0.0,0.0,0.0,0.0,0.09418341935927774,0.0,0.925,0.0,0.0,0.0,1.0,,,0.101,113.09582062580033,1119.7606002554487,1119.7606002554487,0.0,34.71257860791891,0.0,,,141.23106679075835,0.0,60.72935872002609,2.0,734.4499717148145,0.0,0.0,0.0,102.77892904177115
139,1,140,0.13994,0.0,734.4499717148145,,,,0,0.0,1,1260.991667046207,1260.991667046207,-0.0,201.75866672739315,41.86492334593407,0.0,,,189.67395696749443,1260.991667046207,1210.5520003643585,50.43966668184832,1260.9916670462069,0.0,1.0,0.0,0.0,0.15668228679419613,94.84374289656701,0.96,630.5471252600898,605.3252402496862,25.221885010403614,1.0,0.0,0.0,0.15668542820704076,94.83021407092743,0.96,630.4445417861174,605.2267601146726,25.217781671444715,0.0,0.0,0.0,0.271,0.0,0.96,0.0,0.0,0.0,,,,431.6801941215198,1210.5520003643585,1119.7606002554487,90.791400020712,1210.5520002761607,0.0,1.0,0.0,0.0,0.38551268858283005,215.84210143437647,0.925,605.2792016243916,559.8832615025623,45.39594012182934,1.0,0.0,0.0,0.3855096067433584,215.83809268714327,0.925,605.2727986517691,559.8773387528864,45.395459898882656,0.0,0.0,0.0,0.09418341935927774,0.0,0.925,0.0,0.0,0.0,0.0,0.0,0.0,0.09418341935927774,0.0,0.925,0.0,0.0,0.0,1.0,,,0.101,113.09582062580033,1119.7606002554487,1119.7606002554487,0.0,34.71257860791891,0.0,,,141.23106679075835,0.0,60.72935872002609,2.0,734.4499717148145,0.0,0.0,0.0,102.77892904177115
140,1,141,0.13994,0.0,734.4499717148145,,,,0,0.0,1,1260.991667046207,1260.991667046207,-0.0,201.75866672739315,41.86492334593407,0.0,,,189.67395696749443,1260.991667046207,1210.5520003643585,50.43966668184832,1260.9916670462069,0.0,1.0,0.0,0.0,0.15668228679419613,94.84374289656701,0.96,630.5471252600898,605.3252402496862,25.221885010403614,1.0,0.0,0.0,0.15668542820704076,94.83021407092743,0.96,630.4445417861174,605.2267601146726,25.217781671444715,0.0,0.0,0.0,0.271,0.0,0.96,0.0,0.0,0.0,,,,431.6801941215198,1210.5520003643585,1119.7606002554487,90.791400020712,1210.5520002761607,0.0,1.0,0.0,0.0,0.38551268858283005,215.84210143437647,0.925,605.2792016243916,559.8832615025623,45.39594012182934,1.0,0.0,0.0,0.3855096067433584,215.83809268714327,0.925,605.2727986517691,559.8773387528864,45.395459898882656,0.0,0.0,0.0,0.09418341935927774,0.0,0.925,0.0,0.0,0.0,0.0,0.0,0.0,0.09418341935927774,0.0,0.925,0.0,0.0,0.0,1.0,,,0.101,113.09582062580033,1119.7606002554487,1119.7606002554487,0.0,34.71257860791891,0.0,,,141.23106679075835,0.0,60.72935872002609,2.0,734.4499717148145,0.0,0.0,0.0,102.77892904177115
141,1,142,0.13994,0.0,734.4499717148145,,,,0,0.0,1,1260.991667046207,1260.991667046207,-0.0,201.75866672739315,41.86492334593407,0.0,,,189.67395696749443,1260.991667046207,1210.5520003643585,50.43966668184832,1260.9916670462069,0.0,1.0,0.0,0.0,0.15668228679419613,94.84374289656701,0.96,630.5471252600898,605.3252402496862,25.221885010403614,1.0,0.0,0.0,0.15668542820704076,94.83021407092743,0.96,630.4445417861174,605.2267601146726,25.217781671444715,0.0,0.0,0.0,0.271,0.0,0.96,0.0,0.0,0.0,,,,431.6801941215198,1210.5520003643585,1119.7606002554487,90.791400020712,1210.5520002761607,0.0,1.0,0.0,0.0,0.38551268858283005,215.84210143437647,0.925,605.2792016243916,559.8832615025623,45.39594012182934,1.0,0.0,0.0,0.3855096067433584,215.83809268714327,0.925,605.2727986517691,559.8773387528864,45.395459898882656,0.0,0.0,0.0,0.09418341935927774,0.0,0.925,0.0,0.0,0.0,0.0,0.0,0.0,0.09418341935927774,0.0,0.925,0.0,0.0,0.0,1.0,,,0.101,113.09582062580033,1119.7606002554487,1119.7606002554487,0.0,34.71257860791891,0.0,,,141.23106679075835,0.0,60.72935872002609,2.0,734.4499717148145,0.0,0.0,0.0,102.77892904177115
142,1,143,0.1016,0.0,734.4499717148145,,,,0,0.0,1,1260.991667046207,1260.991667046207,-0.0,201.75866672739315,41.86492334593407,0.0,,,189.67395696749443,1260.991667046207,1210.5520003643585,50.43966668184832,1260.9916670462069,0.0,1.0,0.0,0.0,0.15668228679419613,94.84374289656701,0.96,630.5471252600898,605.3252402496862,25.221885010403614,1.0,0.0,0.0,0.15668542820704076,94.83021407092743,0.96,630.4445417861174,605.2267601146726,25.217781671444715,0.0,0.0,0.0,0.271,0.0,0.96,0.0,0.0,0.0,,,,431.6801941215198,1210.5520003643585,1119.7606002554487,90.791400020712,1210.5520002761607,0.0,1.0,0.0,0.0,0.38551268858283005,215.84210143437647,0.925,605.2792016243916,559.8832615025623,45.39594012182934,1.0,0.0,0.0,0.3855096067433584,215.83809268714327,0.925,605.2727986517691,559.8773387528864,45.395459898882656,0.0,0.0,0.0,0.09418341935927774,0.0,0.925,0.0,0.0,0.0,0.0,0.0,0.0,0.09418341935927774,0.0,0.925,0.0,0.0,0.0,1.0,,,0.101,113.09582062580033,1119.7606002554487,1119.7606002554487,0.0,34.71257860791891,0.0,,,141.23106679075835,0.0,60.72935872002609,2.0,734.4499717148145,0.0,0.0,0.0,74.62011712622515
143,1,144,0.1016,0.0,734.4499717148145,,,,0,0.0,1,1260.991667046207,1260.991667046207,-0.0,201.75866672739315,41.86492334593407,0.0,,,189.67395696749443,1260.991667046207,1210.5520003643585,50.43966668184832,1260.9916670462069,0.0,1.0,0.0,0.0,0.15668228679419613,94.84374289656701,0.96,630.5471252600898,605.3252402496862,25.221885010403614,1.0,0.0,0.0,0.15668542820704076,94.83021407092743,0.96,630.4445417861174,605.2267601146726,25.217781671444715,0.0,0.0,0.0,0.271,0.0,0.96,0.0,0.0,0.0,,,,431.6801941215198,1210.5520003643585,1119.7606002554487,90.791400020712,1210.5520002761607,0.0,1.0,0.0,0.0,0.38551268858283005,215.84210143437647,0.925,605.2792016243916,559.8832615025623,45.39594012182934,1.0,0.0,0.0,0.3855096067433584,215.83809268714327,0.925,605.2727986517691,559.8773387528864,45.395459898882656,0.0,0.0,0.0,0.09418341935927774,0.0,0.925,0.0,0.0,0.0,0.0,0.0,0.0,0.09418341935927774,0.0,0.925,0.0,0.0,0.0,1.0,,,0.101,113.09582062580033,1119.7606002554487,1119.7606002554487,0.0,34.71257860791891,0.0,,,141.23106679075835,0.0,60.72935872002609,2.0,734.4499717148145,0.0,0.0,0.0,74.62011712622515
144,1,145,0.1016,0.0,734.4499717148145,,,,0,0.0,1,1260.991667046207,1260.991667046207,-0.0,201.75866672739315,41.86492334593407,0.0,,,189.67395696749443,1260.991667046207,1210.5520003643585,50.43966668184832,1260.9916670462069,0.0,1.0,0.0,0.0,0.15668228679419613,94.84374289656701,0.96,630.5471252600898,605.3252402496862,25.221885010403614,1.0,0.0,0.0,0.15668542820704076,94.83021407092743,0.96,630.4445417861174,605.2267601146726,25.217781671444715,0.0,0.0,0.0,0.271,0.0,0.96,0.0,0.0,0.0,,,,431.6801941215198,1210.5520003643585,1119.7606002554487,90.791400020712,1210.5520002761607,0.0,1.0,0.0,0.0,0.38551268858283005,215.84210143437647,0.925,605.2792016243916,559.8832615025623,45.39594012182934,1.0,0.0,0.0,0.3855096067433584,215.83809268714327,0.925,605.2727986517691,559.8773387528864,45.395459898882656,0.0,0.0,0.0,0.09418341935927774,0.0,0.925,0.0,0.0,0.0,0.0,0.0,0.0,0.09418341935927774,0.0,0.925,0.0,0.0,0.0,1.0,,,0.101,113.09582062580033,1119.7606002554487,1119.7606002554487,0.0,34.71257860791891,0.0,,,141.23106679075835,0.0,60.72935872002609,2.0,734.4499717148145,0.0,0.0,0.0,74.62011712622515
145,1,146,0.1016,0.0,734.4499717148145,,,,0,0.0,1,1260.991667046207,1260.991667046207,-0.0,201.75866672739315,41.86492334593407,0.0,,,189.67395696749443,1260.991667046207,1210.5520003643585,50.43966668184832,1260.9916670462069,0.0,1.0,0.0,0.0,0.15668228679419613,94.84374289656701,0.96,630.5471252600898,605.3252402496862,25.221885010403614,1.0,0.0,0.0,0.15668542820704076,94.83021407092743,0.96,630.4445417861174,605.2267601146726,25.217781671444715,0.0,0.0,0.0,0.271,0.0,0.96,0.0,0.0,0.0,,,,431.6801941215198,1210.5520003643585,1119.7606002554487,90.791400020712,1210.5520002761607,0.0,1.0,0.0,0.0,0.38551268858283005,215.84210143437647,0.925,605.2792016243916,559.8832615025623,45.39594012182934,1.0,0.0,0.0,0.3855096067433584,215.83809268714327,0.925,605.2727986517691,559.8773387528864,45.395459898882656,0.0,0.0,0.0,0.09418341935927774,0.0,0.925,0.0,0.0,0.0,0.0,0.0,0.0,0.09418341935927774,0.0,0.925,0.0,0.0,0.0,1.0,,,0.101,113.09582062580033,1119.7606002554487,1119.7606002554487,0.0,34.71257860791891,0.0,,,141.23106679075835,0.0,60.72935872002609,2.0,734.4499717148145,0.0,0.0,0.0,74.62011712622515
146,1,147,0.1016,0.0,734.4499717148145,,,,0,0.0,1,1260.991667046207,1260.991667046207,-0.0,201.75866672739315,41.86492334593407,0.0,,,189.67395696749443,1260.991667046207,1210.5520003643585,50.43966668184832,1260.9916670462069,0.0,1.0,0.0,0.0,0.15668228679419613,94.84374289656701,0.96,630.5471252600898,605.3252402496862,25.221885010403614,1.0,0.0,0.0,0.15668542820704076,94.83021407092743,0.96,630.4445417861174,605.2267601146726,25.217781671444715,0.0,0.0,0.0,0.271,0.0,0.96,0.0,0.0,0.0,,,,431.6801941215198,1210.5520003643585,1119.7606002554487,90.791400020712,1210.5520002761607,0.0,1.0,0.0,0.0,0.38551268858283005,215.84210143437647,0.925,605.2792016243916,559.8832615025623,45.39594012182934,1.0,0.0,0.0,0.3855096067433584,215.83809268714327,0.925,605.2727986517691,559.8773387528864,45.395459898882656,0.0,0.0,0.0,0.09418341935927774,0.0,0.925,0.0,0.0,0.0,0.0,0.0,0.0,0.09418341935927774,0.0,0.925,0.0,0.0,0.0,1.0,,,0.101,113.09582062580033,1119.7606002554487,1119.7606002554487,0.0,34.71257860791891,0.0,,,141.23106679075835,0.0,60.72935872002609,2.0,734.4499717148145,0.0,0.0,0.0,74.62011712622515
147,1,148,0.1016,0.0,734.4499717148145,,,,0,0.0,1,1260.991667046207,1260.991667046207,-0.0,201.75866672739315,41.86492334593407,0.0,,,189.67395696749443,1260.991667046207,1210.5520003643585,50.43966668184832,1260.9916670462069,0.0,1.0,0.0,0.0,0.15668228679419613,94.84374289656701,0.96,630.5471252600898,605.3252402496862,25.221885010403614,1.0,0.0,0.0,0.15668542820704076,94.83021407092743,0.96,630.4445417861174,605.2267601146726,25.217781671444715,0.0,0.0,0.0,0.271,0.0,0.96,0.0,0.0,0.0,,,,431.6801941215198,1210.5520003643585,1119.7606002554487,90.791400020712,1210.5520002761607,0.0,1.0,0.0,0.0,0.38551268858283005,215.84210143437647,0.925,605.2792016243916,559.8832615025623,45.39594012182934,1.0,0.0,0.0,0.3855096067433584,215.83809268714327,0.925,605.2727986517691,559.8773387528864,45.395459898882656,0.0,0.0,0.0,0.09418341935927774,0.0,0.925,0.0,0.0,0.0,0.0,0.0,0.0,0.09418341935927774,0.0,0.925,0.0,0.0,0.0,1.0,,,0.101,113.09582062580033,1119.7606002554487,1119.7606002554487,0.0,34.71257860791891,0.0,,,141.23106679075835,0.0,60.72935872002609,2.0,734.4499717148145,0.0,0.0,0.0,74.62011712622515
148,1,149,0.1016,0.0,734.4499717148145,,,,0,0.0,1,1260.991667046207,1260.991667046207,-0.0,201.75866672739315,41.86492334593407,0.0,,,189.67395696749443,1260.991667046207,1210.5520003643585,50.43966668184832,1260.9916670462069,0.0,1.0,0.0,0.0,0.15668228679419613,94.84374289656701,0.96,630.5471252600898,605.3252402496862,25.221885010403614,1.0,0.0,0.0,0.15668542820704076,94.83021407092743,0.96,630.4445417861174,605.2267601146726,25.217781671444715,0.0,0.0,0.0,0.271,0.0,0.96,0.0,0.0,0.0,,,,431.6801941215198,1210.5520003643585,1119.7606002554487,90.791400020712,1210.5520002761607,0.0,1.0,0.0,0.0,0.38551268858283005,215.84210143437647,0.925,605.2792016243916,559.8832615025623,45.39594012182934,1.0,0.0,0.0,0.3855096067433584,215.83809268714327,0.925,605.2727986517691,559.8773387528864,45.395459898882656,0.0,0.0,0.0,0.09418341935927774,0.0,0.925,0.0,0.0,0.0,0.0,0.0,0.0,0.09418341935927774,0.0,0.925,0.0,0.0,0.0,1.0,,,0.101,113.09582062580033,1119.7606002554487,1119.7606002554487,0.0,34.71257860791891,0.0,,,141.23106679075835,0.0,60.72935872002609,2.0,734.4499717148145,0.0,0.0,0.0,74.62011712622515
149,1,150,0.1016,0.0,734.4499717148145,,,,0,0.0,1,1260.991667046207,1260.991667046207,-0.0,201.75866672739315,41.86492334593407,0.0,,,189.67395696749443,1260.991667046207,1210.5520003643585,50.43966668184832,1260.9916670462069,0.0,1.0,0.0,0.0,0.15668228679419613,94.84374289656701,0.96,630.5471252600898,605.3252402496862,25.221885010403614,1.0,0.0,0.0,0.15668542820704076,94.83021407092743,0.96,630.4445417861174,605.2267601146726,25.217781671444715,0.0,0.0,0.0,0.271,0.0,0.96,0.0,0.0,0.0,,,,431.6801941215198,1210.5520003643585,1119.7606002554487,90.791400020712,1210.5520002761607,0.0,1.0,0.0,0.0,0.38551268858283005,215.84210143437647,0.925,605.2792016243916,559.8832615025623,45.39594012182934,1.0,0.0,0.0,0.3855096067433584,215.83809268714327,0.925,605.2727986517691,559.8773387528864,45.395459898882656,0.0,0.0,0.0,0.09418341935927774,0.0,0.925,0.0,0.0,0.0,0.0,0.0,0.0,0.09418341935927774,0.0,0.925,0.0,0.0,0.0,1.0,,,0.101,113.09582062580033,1119.7606002554487,1119.7606002554487,0.0,34.71257860791891,0.0,,,141.23106679075835,0.0,60.72935872002609,2.0,734.4499717148145,0.0,0.0,0.0,74.62011712622515
150,1,151,0.1016,0.0,734.4499717148145,,,,0,0.0,1,1260.991667046207,1260.991667046207,-0.0,201.75866672739315,41.86492334593407,0.0,,,189.67395696749443,1260.991667046207,1210.5520003643585,50.43966668184832,1260.9916670462069,0.0,1.0,0.0,0.0,0.15668228679419613,94.84374289656701,0.96,630.5471252600898,605.3252402496862,25.221885010403614,1.0,0.0,0.0,0.15668542820704076,94.83021407092743,0.96,630.4445417861174,605.2267601146726,25.217781671444715,0.0,0.0,0.0,0.271,0.0,0.96,0.0,0.0,0.0,,,,431.6801941215198,1210.5520003643585,1119.7606002554487,90.791400020712,1210.5520002761607,0.0,1.0,0.0,0.0,0.38551268858283005,215.84210143437647,0.925,605.2792016243916,559.8832615025623,45.39594012182934,1.0,0.0,0.0,0.3855096067433584,215.83809268714327,0.925,605.2727986517691,559.8773387528864,45.395459898882656,0.0,0.0,0.0,0.09418341935927774,0.0,0.925,0.0,0.0,0.0,0.0,0.0,0.0,0.09418341935927774,0.0,0.925,0.0,0.0,0.0,1.0,,,0.101,113.09582062580033,1119.7606002554487,1119.7606002554487,0.0,34.71257860791891,0.0,,,141.23106679075835,0.0,60.72935872002609,2.0,734.4499717148145,0.0,0.0,0.0,74.62011712622515
151,1,152,0.1016,0.0,734.4499717148145,,,,0,0.0,1,1260.991667046207,1260.991667046207,-0.0,201.75866672739315,41.86492334593407,0.0,,,189.67395696749443,1260.991667046207,1210.5520003643585,50.43966668184832,1260.9916670462069,0.0,1.0,0.0,0.0,0.15668228679419613,94.84374289656701,0.96,630.5471252600898,605.3252402496862,25.221885010403614,1.0,0.0,0.0,0.15668542820704076,94.83021407092743,0.96,630.4445417861174,605.2267601146726,25.217781671444715,0.0,0.0,0.0,0.271,0.0,0.96,0.0,0.0,0.0,,,,431.6801941215198,1210.5520003643585,1119.7606002554487,90.791400020712,1210.5520002761607,0.0,1.0,0.0,0.0,0.38551268858283005,215.84210143437647,0.925,605.2792016243916,559.8832615025623,45.39594012182934,1.0,0.0,0.0,0.3855096067433584,215.83809268714327,0.925,605.2727986517691,559.8773387528864,45.395459898882656,0.0,0.0,0.0,0.09418341935927774,0.0,0.925,0.0,0.0,0.0,0.0,0.0,0.0,0.09418341935927774,0.0,0.925,0.0,0.0,0.0,1.0,,,0.101,113.09582062580033,1119.7606002554487,1119.7606002554487,0.0,34.71257860791891,0.0,,,141.23106679075835,0.0,60.72935872002609,2.0,734.4499717148145,0.0,0.0,0.0,74.62011712622515
152,1,153,0.1016,0.0,734.4499717148145,,,,0,0.0,1,1260.991667046207,1260.991667046207,-0.0,201.75866672739315,41.86492334593407,0.0,,,189.67395696749443,1260.991667046207,1210.5520003643585,50.43966668184832,1260.9916670462069,0.0,1.0,0.0,0.0,0.15668228679419613,94.84374289656701,0.96,630.5471252600898,605.3252402496862,25.221885010403614,1.0,0.0,0.0,0.15668542820704076,94.83021407092743,0.96,630.4445417861174,605.2267601146726,25.217781671444715,0.0,0.0,0.0,0.271,0.0,0.96,0.0,0.0,0.0,,,,431.6801941215198,1210.5520003643585,1119.7606002554487,90.791400020712,1210.5520002761607,0.0,1.0,0.0,0.0,0.38551268858283005,215.84210143437647,0.925,605.2792016243916,559.8832615025623,45.39594012182934,1.0,0.0,0.0,0.3855096067433584,215.83809268714327,0.925,605.2727986517691,559.8773387528864,45.395459898882656,0.0,0.0,0.0,0.09418341935927774,0.0,0.925,0.0,0.0,0.0,0.0,0.0,0.0,0.09418341935927774,0.0,0.925,0.0,0.0,0.0,1.0,,,0.101,113.09582062580033,1119.7606002554487,1119.7606002554487,0.0,34.71257860791891,0.0,,,141.23106679075835,0.0,60.72935872002609,2.0,734.4499717148145,0.0,0.0,0.0,74.62011712622515
153,1,154,0.1016,0.0,734.4499717148145,,,,0,0.0,1,1260.991667046207,1260.991667046207,-0.0,201.75866672739315,41.86492334593407,0.0,,,189.67395696749443,1260.991667046207,1210.5520003643585,50.43966668184832,1260.9916670462069,0.0,1.0,0.0,0.0,0.15668228679419613,94.84374289656701,0.96,630.5471252600898,605.3252402496862,25.221885010403614,1.0,0.0,0.0,0.15668542820704076,94.83021407092743,0.96,630.4445417861174,605.2267601146726,25.217781671444715,0.0,0.0,0.0,0.271,0.0,0.96,0.0,0.0,0.0,,,,431.6801941215198,1210.5520003643585,1119.7606002554487,90.791400020712,1210.5520002761607,0.0,1.0,0.0,0.0,0.38551268858283005,215.84210143437647,0.925,605.2792016243916,559.8832615025623,45.39594012182934,1.0,0.0,0.0,0.3855096067433584,215.83809268714327,0.925,605.2727986517691,559.8773387528864,45.395459898882656,0.0,0.0,0.0,0.09418341935927774,0.0,0.925,0.0,0.0,0.0,0.0,0.0,0.0,0.09418341935927774,0.0,0.925,0.0,0.0,0.0,1.0,,,0.101,113.09582062580033,1119.7606002554487,1119.7606002554487,0.0,34.71257860791891,0.0,,,141.23106679075835,0.0,60.72935872002609,2.0,734.4499717148145,0.0,0.0,0.0,74.62011712622515
154,1,155,0.1016,0.0,734.4499717148145,,,,0,0.0,1,1260.991667046207,1260.991667046207,-0.0,201.75866672739315,41.86492334593407,0.0,,,189.67395696749443,1260.991667046207,1210.5520003643585,50.43966668184832,1260.9916670462069,0.0,1.0,0.0,0.0,0.15668228679419613,94.84374289656701,0.96,630.5471252600898,605.3252402496862,25.221885010403614,1.0,0.0,0.0,0.15668542820704076,94.83021407092743,0.96,630.4445417861174,605.2267601146726,25.217781671444715,0.0,0.0,0.0,0.271,0.0,0.96,0.0,0.0,0.0,,,,431.6801941215198,1210.5520003643585,1119.7606002554487,90.791400020712,1210.5520002761607,0.0,1.0,0.0,0.0,0.38551268858283005,215.84210143437647,0.925,605.2792016243916,559.8832615025623,45.39594012182934,1.0,0.0,0.0,0.3855096067433584,215.83809268714327,0.925,605.2727986517691,559.8773387528864,45.395459898882656,0.0,0.0,0.0,0.09418341935927774,0.0,0.925,0.0,0.0,0.0,0.0,0.0,0.0,0.09418341935927774,0.0,0.925,0.0,0.0,0.0,1.0,,,0.101,113.09582062580033,1119.7606002554487,1119.7606002554487,0.0,34.71257860791891,0.0,,,141.23106679075835,0.0,60.72935872002609,2.0,734.4499717148145,0.0,0.0,0.0,74.62011712622515
155,1,156,0.1016,0.0,734.4499717148145,,,,0,0.0,1,1260.991667046207,1260.991667046207,-0.0,201.75866672739315,41.86492334593407,0.0,,,189.67395696749443,1260.991667046207,1210.5520003643585,50.43966668184832,1260.9916670462069,0.0,1.0,0.0,0.0,0.15668228679419613,94.84374289656701,0.96,630.5471252600898,605.3252402496862,25.221885010403614,1.0,0.0,0.0,0.15668542820704076,94.83021407092743,0.96,630.4445417861174,605.2267601146726,25.217781671444715,0.0,0.0,0.0,0.271,0.0,0.96,0.0,0.0,0.0,,,,431.6801941215198,1210.5520003643585,1119.7606002554487,90.791400020712,1210.5520002761607,0.0,1.0,0.0,0.0,0.38551268858283005,215.84210143437647,0.925,605.2792016243916,559.8832615025623,45.39594012182934,1.0,0.0,0.0,0.3855096067433584,215.83809268714327,0.925,605.2727986517691,559.8773387528864,45.395459898882656,0.0,0.0,0.0,0.09418341935927774,0.0,0.925,0.0,0.0,0.0,0.0,0.0,0.0,0.09418341935927774,0.0,0.925,0.0,0.0,0.0,1.0,,,0.101,113.09582062580033,1119.7606002554487,1119.7606002554487,0.0,34.71257860791891,0.0,,,141.23106679075835,0.0,60.72935872002609,2.0,734.4499717148145,0.0,0.0,0.0,74.62011712622515
156,1,157,0.1016,0.0,734.4499717148145,,,,0,0.0,1,1260.991667046207,1260.991667046207,-0.0,201.75866672739315,41.86492334593407,0.0,,,189.67395696749443,1260.991667046207,1210.5520003643585,50.43966668184832,1260.9916670462069,0.0,1.0,0.0,0.0,0.15668228679419613,94.84374289656701,0.96,630.5471252600898,605.3252402496862,25.221885010403614,1.0,0.0,0.0,0.15668542820704076,94.83021407092743,0.96,630.4445417861174,605.2267601146726,25.217781671444715,0.0,0.0,0.0,0.271,0.0,0.96,0.0,0.0,0.0,,,,431.6801941215198,1210.5520003643585,1119.7606002554487,90.791400020712,1210.5520002761607,0.0,1.0,0.0,0.0,0.38551268858283005,215.84210143437647,0.925,605.2792016243916,559.8832615025623,45.39594012182934,1.0,0.0,0.0,0.3855096067433584,215.83809268714327,0.925,605.2727986517691,559.8773387528864,45.395459898882656,0.0,0.0,0.0,0.09418341935927774,0.0,0.925,0.0,0.0,0.0,0.0,0.0,0.0,0.09418341935927774,0.0,0.925,0.0,0.0,0.0,1.0,,,0.101,113.09582062580033,1119.7606002554487,1119.7606002554487,0.0,34.71257860791891,0.0,,,141.23106679075835,0.0,60.72935872002609,2.0,734.4499717148145,0.0,0.0,0.0,74.62011712622515
157,1,158,0.1016,0.0,734.4499717148145,,,,0,0.0,1,1260.991667046207,1260.991667046207,-0.0,201.75866672739315,41.86492334593407,0.0,,,189.67395696749443,1260.991667046207,1210.5520003643585,50.43966668184832,1260.9916670462069,0.0,1.0,0.0,0.0,0.15668228679419613,94.84374289656701,0.96,630.5471252600898,605.3252402496862,25.221885010403614,1.0,0.0,0.0,0.15668542820704076,94.83021407092743,0.96,630.4445417861174,605.2267601146726,25.217781671444715,0.0,0.0,0.0,0.271,0.0,0.96,0.0,0.0,0.0,,,,431.6801941215198,1210.5520003643585,1119.7606002554487,90.791400020712,1210.5520002761607,0.0,1.0,0.0,0.0,0.38551268858283005,215.84210143437647,0.925,605.2792016243916,559.8832615025623,45.39594012182934,1.0,0.0,0.0,0.3855096067433584,215.83809268714327,0.925,605.2727986517691,559.8773387528864,45.395459898882656,0.0,0.0,0.0,0.09418341935927774,0.0,0.925,0.0,0.0,0.0,0.0,0.0,0.0,0.09418341935927774,0.0,0.925,0.0,0.0,0.0,1.0,,,0.101,113.09582062580033,1119.7606002554487,1119.7606002554487,0.0,34.71257860791891,0.0,,,141.23106679075835,0.0,60.72935872002609,2.0,734.4499717148145,0.0,0.0,0.0,74.62011712622515
158,1,159,0.1016,0.0,734.4499717148145,,,,0,0.0,1,1260.991667046207,1260.991667046207,-0.0,201.75866672739315,41.86492334593407,0.0,,,189.67395696749443,1260.991667046207,1210.5520003643585,50.43966668184832,1260.9916670462069,0.0,1.0,0.0,0.0,0.15668228679419613,94.84374289656701,0.96,630.5471252600898,605.3252402496862,25.221885010403614,1.0,0.0,0.0,0.15668542820704076,94.83021407092743,0.96,630.4445417861174,605.2267601146726,25.217781671444715,0.0,0.0,0.0,0.271,0.0,0.96,0.0,0.0,0.0,,,,431.6801941215198,1210.5520003643585,1119.7606002554487,90.791400020712,1210.5520002761607,0.0,1.0,0.0,0.0,0.38551268858283005,215.84210143437647,0.925,605.2792016243916,559.8832615025623,45.39594012182934,1.0,0.0,0.0,0.3855096067433584,215.83809268714327,0.925,605.2727986517691,559.8773387528864,45.395459898882656,0.0,0.0,0.0,0.09418341935927774,0.0,0.925,0.0,0.0,0.0,0.0,0.0,0.0,0.09418341935927774,0.0,0.925,0.0,0.0,0.0,1.0,,,0.101,113.09582062580033,1119.7606002554487,1119.7606002554487,0.0,34.71257860791891,0.0,,,141.23106679075835,0.0,60.72935872002609,2.0,734.4499717148145,0.0,0.0,0.0,74.62011712622515
159,1,160,0.1016,0.0,734.4499717148145,,,,0,0.0,1,1260.991667046207,1260.991667046207,-0.0,201.75866672739315,41.86492334593407,0.0,,,189.67395696749443,1260.991667046207,1210.5520003643585,50.43966668184832,1260.9916670462069,0.0,1.0,0.0,0.0,0.15668228679419613,94.84374289656701,0.96,630.5471252600898,605.3252402496862,25.221885010403614,1.0,0.0,0.0,0.15668542820704076,94.83021407092743,0.96,630.4445417861174,605.2267601146726,25.217781671444715,0.0,0.0,0.0,0.271,0.0,0.96,0.0,0.0,0.0,,,,431.6801941215198,1210.5520003643585,1119.7606002554487,90.791400020712,1210.5520002761607,0.0,1.0,0.0,0.0,0.38551268858283005,215.84210143437647,0.925,605.2792016243916,559.8832615025623,45.39594012182934,1.0,0.0,0.0,0.3855096067433584,215.83809268714327,0.925,605.2727986517691,559.8773387528864,45.395459898882656,0.0,0.0,0.0,0.09418341935927774,0.0,0.925,0.0,0.0,0.0,0.0,0.0,0.0,0.09418341935927774,0.0,0.925,0.0,0.0,0.0,1.0,,,0.101,113.09582062580033,1119.7606002554487,1119.7606002554487,0.0,34.71257860791891,0.0,,,141.23106679075835,0.0,60.72935872002609,2.0,734.4499717148145,0.0,0.0,0.0,74.62011712622515
160,1,161,0.1016,0.0,734.4499717148145,,,,0,0.0,1,1260.991667046207,1260.991667046207,-0.0,201.75866672739315,41.86492334593407,0.0,,,189.67395696749443,1260.991667046207,1210.5520003643585,50.43966668184832,1260.9916670462069,0.0,1.0,0.0,0.0,0.15668228679419613,94.84374289656701,0.96,630.5471252600898,605.3252402496862,25.221885010403614,1.0,0.0,0.0,0.15668542820704076,94.83021407092743,0.96,630.4445417861174,605.2267601146726,25.217781671444715,0.0,0.0,0.0,0.271,0.0,0.96,0.0,0.0,0.0,,,,431.6801941215198,1210.5520003643585,1119.7606002554487,90.791400020712,1210.5520002761607,0.0,1.0,0.0,0.0,0.38551268858283005,215.84210143437647,0.925,605.2792016243916,559.8832615025623,45.39594012182934,1.0,0.0,0.0,0.3855096067433584,215.83809268714327,0.925,605.2727986517691,559.8773387528864,45.395459898882656,0.0,0.0,0.0,0.09418341935927774,0.0,0.925,0.0,0.0,0.0,0.0,0.0,0.0,0.09418341935927774,0.0,0.925,0.0,0.0,0.0,1.0,,,0.101,113.09582062580033,1119.7606002554487,1119.7606002554487,0.0,34.71257860791891,0.0,,,141.23106679075835,0.0,60.72935872002609,2.0,734.4499717148145,0.0,0.0,0.0,74.62011712622515
161,1,162,0.13994,0.0,734.4499717148145,,,,0,0.0,1,1260.991667046207,1260.991667046207,-0.0,201.75866672739315,41.86492334593407,0.0,,,189.67395696749443,1260.991667046207,1210.5520003643585,50.43966668184832,1260.9916670462069,0.0,1.0,0.0,0.0,0.15668228679419613,94.84374289656701,0.96,630.5471252600898,605.3252402496862,25.221885010403614,1.0,0.0,0.0,0.15668542820704076,94.83021407092743,0.96,630.4445417861174,605.2267601146726,25.217781671444715,0.0,0.0,0.0,0.271,0.0,0.96,0.0,0.0,0.0,,,,431.6801941215198,1210.5520003643585,1119.7606002554487,90.791400020712,1210.5520002761607,0.0,1.0,0.0,0.0,0.38551268858283005,215.84210143437647,0.925,605.2792016243916,559.8832615025623,45.39594012182934,1.0,0.0,0.0,0.3855096067433584,215.83809268714327,0.925,605.2727986517691,559.8773387528864,45.395459898882656,0.0,0.0,0.0,0.09418341935927774,0.0,0.925,0.0,0.0,0.0,0.0,0.0,0.0,0.09418341935927774,0.0,0.925,0.0,0.0,0.0,1.0,,,0.101,113.09582062580033,1119.7606002554487,1119.7606002554487,0.0,34.71257860791891,0.0,,,141.23106679075835,0.0,60.72935872002609,2.0,734.4499717148145,0.0,0.0,0.0,102.77892904177115
162,1,163,0.13994,0.0,734.4499717148145,,,,0,0.0,1,1260.991667046207,1260.991667046207,-0.0,201.75866672739315,41.86492334593407,0.0,,,189.67395696749443,1260.991667046207,1210.5520003643585,50.43966668184832,1260.9916670462069,0.0,1.0,0.0,0.0,0.15668228679419613,94.84374289656701,0.96,630.5471252600898,605.3252402496862,25.221885010403614,1.0,0.0,0.0,0.15668542820704076,94.83021407092743,0.96,630.4445417861174,605.2267601146726,25.217781671444715,0.0,0.0,0.0,0.271,0.0,0.96,0.0,0.0,0.0,,,,431.6801941215198,1210.5520003643585,1119.7606002554487,90.791400020712,1210.5520002761607,0.0,1.0,0.0,0.0,0.38551268858283005,215.84210143437647,0.925,605.2792016243916,559.8832615025623,45.39594012182934,1.0,0.0,0.0,0.3855096067433584,215.83809268714327,0.925,605.2727986517691,559.8773387528864,45.395459898882656,0.0,0.0,0.0,0.09418341935927774,0.0,0.925,0.0,0.0,0.0,0.0,0.0,0.0,0.09418341935927774,0.0,0.925,0.0,0.0,0.0,1.0,,,0.101,113.09582062580033,1119.7606002554487,1119.7606002554487,0.0,34.71257860791891,0.0,,,141.23106679075835,0.0,60.72935872002609,2.0,734.4499717148145,0.0,0.0,0.0,102.77892904177115
163,1,164,0.13994,0.0,734.4499717148145,,,,0,0.0,1,1260.991667046207,1260.991667046207,-0.0,201.75866672739315,41.86492334593407,0.0,,,189.67395696749443,1260.991667046207,1210.5520003643585,50.43966668184832,1260.9916670462069,0.0,1.0,0.0,0.0,0.15668228679419613,94.84374289656701,0.96,630.5471252600898,605.3252402496862,25.221885010403614,1.0,0.0,0.0,0.15668542820704076,94.83021407092743,0.96,630.4445417861174,605.2267601146726,25.217781671444715,0.0,0.0,0.0,0.271,0.0,0.96,0.0,0.0,0.0,,,,431.6801941215198,1210.5520003643585,1119.7606002554487,90.791400020712,1210.5520002761607,0.0,1.0,0.0,0.0,0.38551268858283005,215.84210143437647,0.925,605.2792016243916,559.8832615025623,45.39594012182934,1.0,0.0,0.0,0.3855096067433584,215.83809268714327,0.925,605.2727986517691,559.8773387528864,45.395459898882656,0.0,0.0,0.0,0.09418341935927774,0.0,0.925,0.0,0.0,0.0,0.0,0.0,0.0,0.09418341935927774,0.0,0.925,0.0,0.0,0.0,1.0,,,0.101,113.09582062580033,1119.7606002554487,1119.7606002554487,0.0,34.71257860791891,0.0,,,141.23106679075835,0.0,60.72935872002609,2.0,734.4499717148145,0.0,0.0,0.0,102.77892904177115
164,1,165,0.13994,0.0,734.4499717148145,,,,0,0.0,1,1260.991667046207,1260.991667046207,-0.0,201.75866672739315,41.86492334593407,0.0,,,189.67395696749443,1260.991667046207,1210.5520003643585,50.43966668184832,1260.9916670462069,0.0,1.0,0.0,0.0,0.15668228679419613,94.84374289656701,0.96,630.5471252600898,605.3252402496862,25.221885010403614,1.0,0.0,0.0,0.15668542820704076,94.83021407092743,0.96,630.4445417861174,605.2267601146726,25.217781671444715,0.0,0.0,0.0,0.271,0.0,0.96,0.0,0.0,0.0,,,,431.6801941215198,1210.5520003643585,1119.7606002554487,90.791400020712,1210.5520002761607,0.0,1.0,0.0,0.0,0.38551268858283005,215.84210143437647,0.925,605.2792016243916,559.8832615025623,45.39594012182934,1.0,0.0,0.0,0.3855096067433584,215.83809268714327,0.925,605.2727986517691,559.8773387528864,45.395459898882656,0.0,0.0,0.0,0.09418341935927774,0.0,0.925,0.0,0.0,0.0,0.0,0.0,0.0,0.09418341935927774,0.0,0.925,0.0,0.0,0.0,1.0,,,0.101,113.09582062580033,1119.7606002554487,1119.7606002554487,0.0,34.71257860791891,0.0,,,141.23106679075835,0.0,60.72935872002609,2.0,734.4499717148145,0.0,0.0,0.0,102.77892904177115
165,1,166,0.13994,0.0,734.4499717148145,,,,0,0.0,1,1260.991667046207,1260.991667046207,-0.0,201.75866672739315,41.86492334593407,0.0,,,189.67395696749443,1260.991667046207,1210.5520003643585,50.43966668184832,1260.9916670462069,0.0,1.0,0.0,0.0,0.15668228679419613,94.84374289656701,0.96,630.5471252600898,605.3252402496862,25.221885010403614,1.0,0.0,0.0,0.15668542820704076,94.83021407092743,0.96,630.4445417861174,605.2267601146726,25.217781671444715,0.0,0.0,0.0,0.271,0.0,0.96,0.0,0.0,0.0,,,,431.6801941215198,1210.5520003643585,1119.7606002554487,90.791400020712,1210.5520002761607,0.0,1.0,0.0,0.0,0.38551268858283005,215.84210143437647,0.925,605.2792016243916,559.8832615025623,45.39594012182934,1.0,0.0,0.0,0.3855096067433584,215.83809268714327,0.925,605.2727986517691,559.8773387528864,45.395459898882656,0.0,0.0,0.0,0.09418341935927774,0.0,0.925,0.0,0.0,0.0,0.0,0.0,0.0,0.09418341935927774,0.0,0.925,0.0,0.0,0.0,1.0,,,0.101,113.09582062580033,1119.7606002554487,1119.7606002554487,0.0,34.71257860791891,0.0,,,141.23106679075835,0.0,60.72935872002609,2.0,734.4499717148145,0.0,0.0,0.0,102.77892904177115
166,1,167,0.1016,0.0,734.4499717148145,,,,0,0.0,1,1260.991667046207,1260.991667046207,-0.0,201.75866672739315,41.86492334593407,0.0,,,189.67395696749443,1260.991667046207,1210.5520003643585,50.43966668184832,1260.9916670462069,0.0,1.0,0.0,0.0,0.15668228679419613,94.84374289656701,0.96,630.5471252600898,605.3252402496862,25.221885010403614,1.0,0.0,0.0,0.15668542820704076,94.83021407092743,0.96,630.4445417861174,605.2267601146726,25.217781671444715,0.0,0.0,0.0,0.271,0.0,0.96,0.0,0.0,0.0,,,,431.6801941215198,1210.5520003643585,1119.7606002554487,90.791400020712,1210.5520002761607,0.0,1.0,0.0,0.0,0.38551268858283005,215.84210143437647,0.925,605.2792016243916,559.8832615025623,45.39594012182934,1.0,0.0,0.0,0.3855096067433584,215.83809268714327,0.925,605.2727986517691,559.8773387528864,45.395459898882656,0.0,0.0,0.0,0.09418341935927774,0.0,0.925,0.0,0.0,0.0,0.0,0.0,0.0,0.09418341935927774,0.0,0.925,0.0,0.0,0.0,1.0,,,0.101,113.09582062580033,1119.7606002554487,1119.7606002554487,0.0,34.71257860791891,0.0,,,141.23106679075835,0.0,60.72935872002609,2.0,734.4499717148145,0.0,0.0,0.0,74.62011712622515
167,1,168,0.1016,0.0,734.4499717148145,,,,0,0.0,1,1260.991667046207,1260.991667046207,-0.0,201.75866672739315,41.86492334593407,0.0,,,189.67395696749443,1260.991667046207,1210.5520003643585,50.43966668184832,1260.9916670462069,0.0,1.0,0.0,0.0,0.15668228679419613,94.84374289656701,0.96,630.5471252600898,605.3252402496862,25.221885010403614,1.0,0.0,0.0,0.15668542820704076,94.83021407092743,0.96,630.4445417861174,605.2267601146726,25.217781671444715,0.0,0.0,0.0,0.271,0.0,0.96,0.0,0.0,0.0,,,,431.6801941215198,1210.5520003643585,1119.7606002554487,90.791400020712,1210.5520002761607,0.0,1.0,0.0,0.0,0.38551268858283005,215.84210143437645,0.925,605.2792016243916,559.8832615025623,45.39594012182934,1.0,0.0,0.0,0.3855096067433584,215.8380926871433,0.925,605.2727986517691,559.8773387528864,45.395459898882656,0.0,0.0,0.0,0.09418341935927774,0.0,0.925,0.0,0.0,0.0,0.0,0.0,0.0,0.09418341935927774,0.0,0.925,0.0,0.0,0.0,1.0,,,0.101,113.09582062580033,1119.7606002554487,1119.7606002554487,0.0,34.71257860791891,0.0,,,141.23106679075835,0.0,60.72935872002609,2.0,734.4499717148145,0.0,0.0,0.0,74.62011712622515
