,Day,Time,LMP,bypass_pretreatment_flow,power_from_grid,intake.op_mode,intake.startup,intake.shutdown,intake.energy_intensity,intake.power_consumption,intake.recovery,intake.feed_flowrate,intake.product_flowrate,intake.reject_flowrate,intake.feed_cost,intake.chemical_cost,pretreatment.op_mode,pretreatment.startup,pretreatment.shutdown,pretreatment.power_consumption,pretreatment.feed_flowrate,pretreatment.product_flowrate,pretreatment.reject_flowrate,pretreatment.inlet_flowrate,pretreatment.leftover_flow,pretreatment.uf_pumps[1].op_mode,pretreatment.uf_pumps[1].startup,pretreatment.uf_pumps[1].shutdown,pretreatment.uf_pumps[1].energy_intensity,pretreatment.uf_pumps[1].power_consumption,pretreatment.uf_pumps[1].recovery,pretreatment.uf_pumps[1].feed_flowrate,pretreatment.uf_pumps[1].product_flowrate,pretreatment.uf_pumps[1].reject_flowrate,pretreatment.uf_pumps[2].op_mode,pretreatment.uf_pumps[2].startup,pretreatment.uf_pumps[2].shutdown,pretreatment.uf_pumps[2].energy_intensity,pretreatment.uf_pumps[2].power_consumption,pretreatment.uf_pumps[2].recovery,pretreatment.uf_pumps[2].feed_flowrate,pretreatment.uf_pumps[2].product_flowrate,pretreatment.uf_pumps[2].reject_flowrate,pretreatment.uf_pumps[3].op_mode,pretreatment.uf_pumps[3].startup,pretreatment.uf_pumps[3].shutdown,pretreatment.uf_pumps[3].energy_intensity,pretreatment.uf_pumps[3].power_consumption,pretreatment.uf_pumps[3].recovery,pretreatment.uf_pumps[3].feed_flowrate,pretreatment.uf_pumps[3].product_flowrate,pretreatment.uf_pumps[3].reject_flowrate,reverse_osmosis.op_mode,reverse_osmosis.startup,reverse_osmosis.shutdown,reverse_osmosis.power_consumption,reverse_osmosis.feed_flowrate,reverse_osmosis.product_flowrate,reverse_osmosis.reject_flowrate,reverse_osmosis.inlet_flowrate,reverse_osmosis.leftover_flow,reverse_osmosis.ro_skid[1].op_mode,reverse_osmosis.ro_skid[1].startup,reverse_osmosis.ro_skid[1].shutdown,reverse_osmosis.ro_skid[1].energy_intensity,reverse_osmosis.ro_skid[1].power_consumption,reverse_osmosis.ro_skid[1].recovery,reverse_osmosis.ro_skid[1].feed_flowrate,reverse_osmosis.ro_skid[1].product_flowrate,reverse_osmosis.ro_skid[1].reject_flowrate,reverse_osmosis.ro_skid[2].op_mode,reverse_osmosis.ro_skid[2].startup,reverse_osmosis.ro_skid[2].shutdown,reverse_osmosis.ro_skid[2].energy_intensity,reverse_osmosis.ro_skid[2].power_consumption,reverse_osmosis.ro_skid[2].recovery,reverse_osmosis.ro_skid[2].feed_flowrate,reverse_osmosis.ro_skid[2].product_flowrate,reverse_osmosis.ro_skid[2].reject_flowrate,reverse_osmosis.ro_skid[3].op_mode,reverse_osmosis.ro_skid[3].startup,reverse_osmosis.ro_skid[3].shutdown,reverse_osmosis.ro_skid[3].energy_intensity,reverse_osmosis.ro_skid[3].power_consumption,reverse_osmosis.ro_skid[3].recovery,reverse_osmosis.ro_skid[3].feed_flowrate,reverse_osmosis.ro_skid[3].product_flowrate,reverse_osmosis.ro_skid[3].reject_flowrate,reverse_osmosis.ro_skid[4].op_mode,reverse_osmosis.ro_skid[4].startup,reverse_osmosis.ro_skid[4].shutdown,reverse_osmosis.ro_skid[4].energy_intensity,reverse_osmosis.ro_skid[4].power_consumption,reverse_osmosis.ro_skid[4].recovery,reverse_osmosis.ro_skid[4].feed_flowrate,reverse_osmosis.ro_skid[4].product_flowrate,reverse_osmosis.ro_skid[4].reject_flowrate,posttreatment.op_mode,posttreatment.startup,posttreatment.shutdown,posttreatment.energy_intensity,posttreatment.power_consumption,posttreatment.feed_flowrate,posttreatment.product_flowrate,posttreatment.reject_flowrate,posttreatment.chemical_cost,brine_discharge.op_mode,brine_discharge.startup,brine_discharge.shutdown,brine_discharge.feed_flowrate,brine_discharge.power_consumption,brine_discharge.brine_cost,num_skids_online,net_power_consumption,water_revenue,demand_response_revenue,emissions_cost,energy_cost
0,1,1,0.1016,0.0,1473.7939683438128,,,,0,0.0,1,2515.2596884974278,2515.2596884974278,0.0,402.4415501595885,83.5066216581146,0.0,,,389.67853382569325,2515.2596884974278,2414.6493009575347,100.61038753989735,2515.259688497432,0.0,1.0,0.0,0.0,0.16623639950032953,144.3458493149502,0.96,904.4966093769076,868.3167450018312,36.179864375076335,1.0,0.0,0.0,0.15903948603839088,124.08365355732609,0.96,812.7151879608093,780.2065804423769,32.5086075184324,1.0,0.0,0.0,0.15826252447866257,121.249030953417,0.96,798.0478911597147,766.1259755133261,31.921915646388616,,,,858.8974906008823,2414.6493009575347,2229.880632843933,184.76866811363402,2414.6493009575624,0.0,1.0,-0.0,0.0,0.39827324273052656,232.75358601306039,0.925,631.7911207576368,584.4067867008141,47.384334056822695,1.0,0.0,0.0,0.3982732427305262,232.7535860130603,0.925,631.7911207576371,584.4067867008143,47.38433405682281,1.0,0.0,0.0,0.37424990715340156,201.19544270774426,0.9227595780532544,582.5965066713403,537.596506671346,45.0,1.0,0.0,0.0,0.3671550860877418,192.19487586701737,0.9208402268496643,568.4705527709482,523.470552770954,45.0,1.0,,,0.101,225.21794391723728,2229.880632843933,2229.880632843933,0.0,69.12629961816192,-0.0,,,285.37905565350366,0.0,122.71299393100657,4.0,1473.7939683438128,0.0,-0.0,0.0,149.73746718373138
1,1,2,0.1016,0.0,1473.793736263424,,,,0,0.0,1,2515.2596884974296,2515.2596884974296,0.0,402.44155015958876,83.50662165811467,0.0,,,389.67830174532133,2515.2596884974296,2414.6493009575324,100.61038753989727,2515.2596884974296,0.0,1.0,0.0,0.0,0.16623639950032965,144.3458493149502,0.96,904.496609376907,868.3167450018307,36.17986437507631,1.0,0.0,0.0,0.1590391885782345,124.08342147695583,0.96,812.7151879608168,780.2065804423842,32.508607518432704,1.0,0.0,0.0,0.15826252447866218,121.24903095341533,0.96,798.0478911597056,766.1259755133174,31.921915646388253,,,,858.8974906008685,2414.6493009575324,2229.8806328439027,184.7686681136347,2414.6493009575374,0.0,1.0,-0.0,-0.0,0.3982732427305298,232.7535860130646,0.925,631.7911207576432,584.4067867008199,47.38433405682326,1.0,0.0,0.0,0.39827324273053166,232.7535860130677,0.925,631.7911207576485,584.4067867008249,47.384334056823604,1.0,0.0,-0.0,0.3742499071533991,201.19544270773892,0.9227595780532539,582.5965066713289,537.5965066713352,45.0,1.0,0.0,-0.0,0.3671550860877254,192.19487586699736,0.9208402268496602,568.4705527709169,523.4705527709228,45.0,1.0,,,0.101,225.21794391723418,2229.8806328439027,2229.8806328439027,0.0,69.12629961816099,-0.0,,,285.37905565352696,0.0,122.7129939310166,4.0,1473.793736263424,0.0,-0.0,0.0,149.73744360436388
2,1,3,0.1016,0.0,1473.7935144604041,,,,0,0.0,1,2515.259688497419,2515.259688497419,0.0,402.44155015958705,83.50662165811431,0.0,,,389.67853382569103,2515.259688497419,2414.6493009575224,100.61038753989686,2515.259688497419,0.0,1.0,0.0,0.0,0.1662363995003296,144.34584931495007,0.96,904.4966093769065,868.3167450018302,36.17986437507629,1.0,0.0,0.0,0.15903948603839108,124.08365355732691,0.96,812.7151879608136,780.2065804423811,32.50860751843258,1.0,0.0,0.0,0.1582625244786618,121.24903095341405,0.96,798.0478911596991,766.1259755133111,31.921915646387994,,,,858.8971109604436,2414.6493009575224,2229.879897765046,184.76940319249252,2414.649300957538,0.0,1.0,-0.0,-0.0,0.3982732427305318,232.7535860130678,0.9250000000000002,631.7911207576486,584.406786700825,47.384334056823604,1.0,0.0,0.0,0.3982732427305319,232.753586013068,0.925,631.791120757649,584.4067867008254,47.384334056823604,1.0,0.0,-0.0,0.3742497127001788,201.19506306732004,0.9227583163243506,582.5965066713349,537.5957715924892,45.00073507884565,1.0,0.0,-0.0,0.36715508608771863,192.19487586698773,0.9208402268496488,568.4705527709059,523.4705527709062,45.0,1.0,,,0.101,225.21786967426965,2229.879897765046,2229.879897765046,0.0,69.12627683071642,-0.0,,,285.3797907323739,0.0,122.71331001492078,4.0,1473.7935144604041,0.0,-0.0,0.0,149.73742106917706
3,1,4,0.1016,0.0,799.8041877334533,,,,0,0.0,1,1316.2534006041035,1316.2534006041035,0.0,210.60054409665656,43.69961290005624,0.0,,,216.24684479375827,1316.2534006041035,1263.6032645799435,52.65013602416436,1316.2534006041078,0.0,1.0,0.0,0.0,0.1610685919299112,84.22869665684621,0.96,544.7258502290379,522.9368162198763,21.789034009161533,1.0,0.0,0.0,0.17274522698827688,70.89920998395215,0.96,427.5275503750704,410.4264483600676,17.10110201500283,1.0,0.0,0.0,0.18507430400000002,61.11893815295991,0.96,344.0,330.23999999999967,13.759999999999998,,,,465.5071720261293,1263.6032645799435,1168.8135734016412,94.76866811364653,1263.5822415152877,0.021023064655764756,1.0,-0.0,-0.0,0.3982732427305271,232.75358601306152,0.925,631.7911207576391,584.4067867008162,47.38433405682292,1.0,0.0,0.0,0.3982732427305318,232.7535860130678,0.9250000000000002,631.7911207576486,584.406786700825,47.384334056823604,-0.0,0.0,1.0,0.08724817754776784,0.0,0.8800000000000001,0.0,0.0,0.0,-0.0,0.0,1.0,0.08724817754776784,0.0,0.8800000000000001,0.0,0.0,0.0,1.0,,,0.101,118.05017091356576,1168.8135734016412,1168.8135734016412,0.0,36.233220775450874,-0.0,,,147.43982720246666,0.0,63.39912569706066,2.0,799.8041877334533,0.0,0.0,0.0,81.26010547371885
4,1,5,0.1016,0.0,799.8041877334426,,,,0,0.0,1,1316.253400604108,1316.253400604108,0.0,210.6005440966573,43.69961290005639,0.0,,,216.2468447937584,1316.253400604108,1263.6032645799437,52.65013602416437,1316.253400604108,0.0,1.0,0.0,0.0,0.16106859192991135,84.22869665684627,0.96,544.7258502290379,522.9368162198763,21.789034009161533,1.0,0.0,0.0,0.17274522698827702,70.89920998395215,0.96,427.5275503750702,410.42644836006735,17.101102015002823,1.0,0.0,0.0,0.18507430400000008,61.11893815296,0.96,344.0,330.24,13.760000000000012,,,,465.50717202611975,1263.6032645799437,1168.8135734016275,94.76866811364539,1263.582241515273,0.02102306467077142,1.0,-0.0,-0.0,0.39827324273052467,232.7535860130582,0.925,631.7911207576338,584.4067867008114,47.38433405682247,1.0,0.0,0.0,0.3982732427305271,232.75358601306152,0.925,631.7911207576391,584.4067867008162,47.38433405682292,-0.0,0.0,-0.0,0.08724817754776784,0.0,0.8800000000000001,0.0,0.0,0.0,-0.0,0.0,-0.0,0.08724817754776784,0.0,0.8800000000000001,0.0,0.0,0.0,1.0,,,0.101,118.05017091356439,1168.8135734016275,1168.8135734016275,0.0,36.233220775450455,-0.0,,,147.43982720248053,0.0,63.39912569706663,2.0,799.8041877334426,0.0,0.0,0.0,81.26010547371777
5,1,6,0.1016,0.0,799.8041877334667,,,,0,0.0,1,1316.2534006041042,1316.2534006041042,0.0,210.60054409665668,43.69961290005626,0.0,,,216.2468447937583,1316.2534006041042,1263.603264579944,52.65013602416438,1316.2534006041083,0.0,1.0,0.0,0.0,0.1610685919299112,84.22869665684613,0.96,544.7258502290372,522.9368162198757,21.789034009161508,1.0,0.0,0.0,0.17274522698827677,70.89920998395226,0.96,427.5275503750715,410.4264483600686,17.101102015002876,1.0,0.0,0.0,0.18507430400000002,61.11893815295991,0.96,344.0,330.23999999999967,13.759999999999998,,,,465.507172026141,1263.603264579944,1168.8135734016573,94.76866811364789,1263.5822415153052,0.02102306463871173,1.0,-0.0,-0.0,0.39827324273053366,232.7535860130703,0.925,631.7911207576525,584.4067867008285,47.384334056823946,1.0,0.0,0.0,0.3982732427305341,232.7535860130707,0.925,631.7911207576528,584.4067867008289,47.384334056823946,-0.0,0.0,-0.0,0.08724817754776784,0.0,0.8800000000000001,0.0,0.0,0.0,-0.0,0.0,-0.0,0.08724817754776784,0.0,0.8800000000000001,0.0,0.0,0.0,1.0,,,0.101,118.0501709135674,1168.8135734016573,1168.8135734016573,0.0,36.23322077545138,-0.0,,,147.439827202451,0.0,63.399125697053925,2.0,799.8041877334667,0.0,0.0,0.0,81.26010547372022
6,1,7,0.1016,0.0,799.8041877334667,,,,0,0.0,1,1316.2534006041099,1316.2534006041099,0.0,210.6005440966576,43.69961290005645,0.0,,,216.2468447937586,1316.2534006041099,1263.6032645799455,52.65013602416444,1316.2534006041099,0.0,1.0,0.0,0.0,0.16106859192991127,84.22869665684632,0.96,544.7258502290385,522.936816219877,21.78903400916156,1.0,0.0,0.0,0.17274522698827688,70.89920998395232,0.96,427.52755037507126,410.4264483600684,17.101102015002866,1.0,0.0,0.0,0.18507430399999997,61.11893815295997,0.96,344.0,330.24,13.760000000000012,,,,465.5071720261408,1263.6032645799455,1168.8135734016569,94.76866811364789,1263.5822415153048,0.021023064640758093,1.0,-0.0,-0.0,0.3982732427305339,232.75358601307033,0.925,631.7911207576523,584.4067867008283,47.384334056823946,1.0,0.0,0.0,0.39827324273053394,232.75358601307047,0.925,631.7911207576525,584.4067867008285,47.384334056823946,-0.0,0.0,-0.0,0.08724817754776784,0.0,0.8800000000000001,0.0,0.0,0.0,-0.0,0.0,-0.0,0.08724817754776784,0.0,0.88,0.0,0.0,0.0,1.0,,,0.101,118.05017091356736,1168.8135734016569,1168.8135734016569,0.0,36.233220775451365,-0.0,,,147.4398272024531,0.0,63.399125697054835,2.0,799.8041877334667,0.0,0.0,0.0,81.26010547372022
7,1,8,0.1016,0.0,1569.2191605589294,,,,0,0.0,1,2613.549400544107,2613.549400544107,0.0,418.1679040870571,86.76984009806435,0.0,,,415.48148402213036,2613.549400544107,2509.007424522359,104.54197602176507,2613.549400544124,0.0,1.0,0.0,0.0,0.16968704065668455,152.54745359521664,0.96,936.4509916612633,898.9929519948128,37.45803966645057,1.0,0.0,0.0,0.16889023100896755,150.69740428042496,0.96,929.4585119240816,892.2801714471183,37.17834047696329,1.0,0.0,0.0,0.15637628852004895,112.23662614648873,0.96,747.6398969587794,717.7343010804283,29.905595878351203,,,,919.3336579007901,2509.007424522359,2320.8318676832555,188.17555683918272,2509.0074245224378,0.0,1.0,-0.0,-0.0,0.3982732427305404,232.75358601307911,0.925,631.7911207576657,584.4067867008408,47.384334056824855,1.0,0.0,0.0,0.3982732427305401,232.75358601307903,0.925,631.791120757666,584.406786700841,47.38433405682497,1.0,1.0,-0.0,0.39722136174540507,231.33586513748608,0.925,629.6056840365877,582.3852577338437,47.220426302744045,1.0,1.0,-0.0,0.390585879789476,222.4906207371458,0.925,615.8194989705187,569.6330365477298,46.18646242278885,1.0,,,0.101,234.40401863600883,2320.8318676832555,2320.8318676832555,0.0,71.94578789818092,-0.0,,,292.71753286086914,0.0,125.86853913017373,4.0,1569.2191605589294,0.0,-0.0,0.0,159.4326667127872
8,1,9,0.1016,0.0,1569.0381545867801,,,,0,0.0,1,2613.5494005441365,2613.5494005441365,0.0,418.1679040870618,86.76984009806533,0.0,,,415.4814840221351,2613.5494005441365,2509.0074245223836,104.54197602176606,2613.5494005441496,0.0,1.0,0.0,0.0,0.16968704065668444,152.54745359521655,0.96,936.4509916612633,898.9929519948128,37.45803966645057,1.0,0.0,0.0,0.1688902310089682,150.69740428042647,0.96,929.4585119240872,892.2801714471237,37.17834047696352,1.0,0.0,0.0,0.15637628852004956,112.23662614649207,0.96,747.6398969587988,717.7343010804468,29.905595878351978,,,,919.1813064130957,2509.0074245223836,2320.548159916329,188.45926460608723,2509.0074245224164,0.0,1.0,-0.0,-0.0,0.3982381965045677,232.67588993327197,0.9247725991087841,631.7911207576661,584.2631168369186,47.52800392074755,1.0,0.0,0.0,0.3982732427305408,232.75358601307968,0.925,631.7911207576666,584.4067867008416,47.38433405682497,1.0,0.0,-0.0,0.39722136174540523,231.33586513748585,0.9250000000000002,629.6056840365868,582.3852577338429,47.22042630274393,1.0,0.0,-0.0,0.39055083356347065,222.41596532925826,0.9247725991086387,615.819498970497,569.4929986447262,46.32650032577078,1.0,,,0.101,234.37536415154923,2320.548159916329,2320.548159916329,0.0,71.9369929574062,-0.0,,,293.00124062782055,0.0,125.99053346996284,4.0,1569.0381545867801,0.0,-0.0,0.0,159.41427650601685
9,1,10,0.1016,0.0,1569.219160558928,,,,0,0.0,1,2613.549400544172,2613.549400544172,0.0,418.16790408706754,86.76984009806651,0.0,,,415.4814840221445,2613.549400544172,2509.007424522409,104.54197602176714,2613.549400544176,0.0,1.0,0.0,0.0,0.16968704065668447,152.54745359521655,0.96,936.4509916612631,898.9929519948125,37.45803966645055,1.0,0.0,0.0,0.16889023100897413,150.69740428044028,0.96,929.4585119241397,892.280171447174,37.178340476965616,1.0,0.0,0.0,0.1563762885200487,112.23662614648762,0.96,747.6398969587733,717.7343010804224,29.905595878350958,,,,919.3336579007761,2509.007424522409,2320.831867683241,188.175556839181,2509.007424522415,0.0,1.0,-0.0,-0.0,0.3982732427305412,232.75358601308014,0.925,631.7911207576672,584.4067867008422,47.38433405682497,1.0,0.0,0.0,0.3982732427305413,232.75358601308034,0.925,631.7911207576676,584.4067867008425,47.38433405682508,1.0,0.0,-0.0,0.3972213617454029,231.3358651374827,0.925,629.6056840365819,582.3852577338383,47.22042630274359,1.0,0.0,-0.0,0.3905858797894663,222.4906207371329,0.925,615.8194989704983,569.633036547711,46.18646242278737,1.0,,,0.101,234.40401863600735,2320.831867683241,2320.831867683241,0.0,71.94578789818047,-0.0,,,292.71753286094224,0.0,125.86853913020516,4.0,1569.219160558928,0.0,-0.0,0.0,159.43266671278707
10,1,11,0.1016,0.0,1569.0386241411277,,,,0,0.0,1,2613.549400544107,2613.549400544107,0.0,418.16790408705714,86.76984009806435,0.0,,,415.4814840221298,2613.549400544107,2509.0074245223554,104.54197602176491,2613.5494005441205,0.0,1.0,0.0,-0.0,0.1696870406566844,152.54745359521658,0.96,936.4509916612635,898.992951994813,37.458039666450574,1.0,0.0,-0.0,0.1688902310089678,150.69740428042553,0.96,929.4585119240837,892.2801714471203,37.178340476963385,1.0,0.0,-0.0,0.15637628852004887,112.23662614648771,0.96,747.6398969587731,717.7343010804221,29.90559587835095,,,,919.1817257734501,2509.0074245223554,2320.548656886612,188.45876763578747,2509.0074245223996,0.0,1.0,-0.0,-0.0,0.3982732427305399,232.75358601307875,0.925,631.7911207576655,584.4067867008406,47.384334056824855,1.0,0.0,0.0,0.39827324273053394,232.75358601307073,0.925,631.7911207576532,584.4067867008292,47.384334056823946,1.0,0.0,-0.0,0.39718631551943806,231.25858841803787,0.9247725991088379,629.6056840365812,582.242084840207,47.36359919637425,1.0,0.0,-0.0,0.39055083356347237,222.41596532926286,0.9247725991086495,615.8194989704998,569.4929986447354,46.326500325764414,1.0,,,0.101,234.37541434554785,2320.548656886612,2320.548656886612,0.0,71.93700836348498,-0.0,,,293.0007436575083,0.0,125.99031977272855,4.0,1569.0386241411277,0.0,-0.0,0.0,159.41432421273856
11,1,12,0.1016,0.0,1569.03521664114,,,,0,0.0,1,2613.5494005441305,2613.5494005441305,0.0,418.1679040870609,86.76984009806513,0.0,,,415.4814840221296,2613.5494005441305,2509.0074245223545,104.54197602176485,2613.549400544119,0.0,1.0,0.0,-0.0,0.16968704065668425,152.54745359521607,0.96,936.4509916612615,898.9929519948109,37.45803966645049,1.0,0.0,-0.0,0.16889023100896808,150.69740428042616,0.96,929.458511924086,892.2801714471225,37.17834047696347,1.0,0.0,-0.0,0.15637628852004876,112.23662614648744,0.96,747.6398969587717,717.7343010804208,29.905595878350894,,,,919.1786851015166,2509.0074245223545,2320.545024925681,188.4623995967096,2509.007424522387,0.0,1.0,-0.0,-0.0,0.398273242730534,232.75358601307045,0.925,631.7911207576524,584.4067867008284,47.384334056823946,1.0,0.0,0.0,0.39823819650456715,232.67588993327533,0.9247725991088183,631.7911207576527,584.2631168369278,47.52800392072493,1.0,0.0,-0.0,0.3971863155194357,231.25858841803665,0.9247725991088396,629.6056840365806,582.2420848402074,47.363599196373116,1.0,0.0,-0.0,0.3905858797894669,222.4906207371342,0.925,615.8194989705011,569.6330365477135,46.1864624227876,1.0,,,0.101,234.37504751749378,2320.545024925681,2320.545024925681,0.0,71.9368957726961,-0.0,,,293.00437561844217,0.0,125.99188151593013,4.0,1569.03521664114,0.0,-0.0,0.0,159.41397801073984
12,1,13,0.1016,0.0,1569.1269538228394,,,,0,0.0,1,2613.549400544128,2613.549400544128,0.0,418.16790408706044,86.76984009806505,0.0,,,415.4814840221328,2613.549400544128,2509.0074245223673,104.54197602176541,2613.549400544133,0.0,1.0,0.0,-0.0,0.1696870406566855,152.54745359521894,0.96,936.4509916612722,898.9929519948213,37.45803966645092,1.0,0.0,-0.0,0.16889023100896788,150.69740428042587,0.96,929.4585119240852,892.2801714471218,37.17834047696344,1.0,0.0,-0.0,0.15637628852004876,112.23662614648799,0.96,747.6398969587755,717.7343010804244,29.905595878351047,,,,919.2559618209572,2509.0074245223673,2320.6881978193005,188.31922670307938,2509.00742452238,0.0,1.0,-0.0,-0.0,0.39827324273053344,232.75358601307002,0.925,631.791120757652,584.4067867008282,47.38433405682383,1.0,0.0,0.0,0.39823819650456693,232.67588993327502,0.9247725991088183,631.7911207576523,584.2631168369273,47.52800392072493,1.0,0.0,-0.0,0.39722136174539946,231.33586513747807,0.925,629.6056840365749,582.3852577338317,47.220426302743135,1.0,0.0,-0.0,0.39058587978946674,222.49062073713404,0.925,615.8194989705007,569.6330365477132,46.186462422787486,1.0,,,0.101,234.38950797974937,2320.6881978193005,2320.6881978193005,0.0,71.94133413239831,-0.0,,,292.8612027248321,0.0,125.9303171716778,4.0,1569.1269538228394,0.0,-0.0,0.0,159.42329850840048
13,1,14,0.1016,0.0,1569.1303613228167,,,,0,0.0,1,2613.549400544124,2613.549400544124,0.0,418.16790408705987,86.76984009806492,0.0,,,415.4814840221327,2613.549400544124,2509.0074245223655,104.54197602176532,2613.549400544131,0.0,1.0,0.0,-0.0,0.1696870406566852,152.5474535952183,0.96,936.4509916612698,898.9929519948189,37.45803966645082,1.0,0.0,-0.0,0.16889023100896822,150.69740428042658,0.96,929.4585119240877,892.2801714471242,37.17834047696354,1.0,0.0,-0.0,0.1563762885200489,112.23662614648781,0.96,747.6398969587735,717.7343010804226,29.90559587835097,,,,919.2590024928816,2509.0074245223655,2320.691829780222,188.31559474215908,2509.0074245223814,0.0,1.0,-0.0,-0.0,0.3982732427305344,232.7535860130709,0.925,631.791120757653,584.406786700829,47.384334056823946,1.0,0.0,0.0,0.39827324273053344,232.75358601307045,0.925,631.7911207576532,584.4067867008292,47.384334056823946,1.0,0.0,-0.0,0.3972213617454019,231.33586513748133,0.9249999999999999,629.6056840365799,582.3852577338364,47.220426302743476,1.0,0.0,-0.0,0.39055083356347065,222.41596532925888,0.9247725991086436,615.8194989704955,569.4929986447278,46.32650032576771,1.0,,,0.101,234.38987480780244,2320.691829780222,2320.691829780222,0.0,71.94144672318689,-0.0,,,292.8575707639085,0.0,125.92875542848064,4.0,1569.1303613228167,0.0,-0.0,0.0,159.42364471039818
14,1,15,0.1016,0.0,1569.1274233771564,,,,0,0.0,1,2613.5494005440837,2613.5494005440837,0.0,418.1679040870534,86.76984009806358,0.0,,,415.48148402212576,2613.5494005440837,2509.0074245223323,104.54197602176393,2613.549400544096,0.0,1.0,0.0,-0.0,0.16968704065668477,152.54745359521723,0.96,936.4509916612656,898.9929519948149,37.45803966645065,1.0,0.0,-0.0,0.16889023100896747,150.69740428042473,0.96,929.4585119240807,892.2801714471174,37.17834047696326,1.0,0.0,-0.0,0.15637628852004823,112.23662614648377,0.96,747.6398969587499,717.7343010803999,29.905595878350024,,,,919.2563811812871,2509.0074245223323,2320.6886947895414,188.31872973279815,2509.0074245223395,0.0,1.0,-0.0,-0.0,0.3982732427305341,232.7535860130708,0.925,631.7911207576535,584.4067867008291,47.3843340568244,1.0,0.0,0.0,0.39827324273053416,232.75358601307104,0.9250000000000002,631.7911207576536,584.4067867008297,47.384334056823946,1.0,0.0,-0.0,0.3971863155194377,231.25858841803844,0.924772599108851,629.6056840365744,582.2420848402089,47.3635991963655,1.0,0.0,-0.0,0.39058587978944614,222.49062073710684,0.925,615.819498970458,569.6330365476737,46.1864624227843,1.0,,,0.101,234.3895581737437,2320.6886947895414,2320.6886947895414,0.0,71.94134953847578,-0.0,,,292.86070575455483,0.0,125.93010347445858,4.0,1569.1274233771564,0.0,-0.0,0.0,159.4233462151191
15,1,16,0.1016,0.0,1569.2191605588735,,,,0,0.0,1,2613.549400544045,2613.549400544045,0.0,418.1679040870472,86.7698400980623,0.0,,,415.4814840221261,2613.549400544045,2509.0074245223336,104.54197602176401,2613.549400544098,0.0,1.0,0.0,-0.0,0.16968704065668636,152.5474535952209,0.96,936.4509916612794,898.9929519948282,37.458039666451214,1.0,0.0,-0.0,0.1688902310089659,150.69740428042107,0.96,929.4585119240664,892.2801714471037,37.17834047696269,1.0,0.0,-0.0,0.15637628852004826,112.23662614648413,0.96,747.6398969587522,717.734301080402,29.905595878350113,,,,919.333657900745,2509.0074245223336,2320.831867683191,188.1755568391775,2509.007424522368,0.0,1.0,-0.0,-0.0,0.39827324273053505,232.7535860130726,0.925,631.7911207576565,584.4067867008323,47.38433405682417,1.0,0.0,0.0,0.39827324273054165,232.75358601308113,0.925,631.7911207576692,584.406786700844,47.384334056825196,1.0,0.0,-0.0,0.397221361745404,231.3358651374842,0.925,629.6056840365843,582.3852577338405,47.22042630274382,1.0,0.0,-0.0,0.3905858797894463,222.49062073710704,0.925,615.8194989704582,569.6330365476739,46.1864624227843,1.0,,,0.101,234.4040186360023,2320.831867683191,2320.831867683191,0.0,71.94578789817892,-0.0,,,292.71753286090694,0.0,125.86853913018999,4.0,1569.2191605588735,0.0,-0.0,0.0,159.43266671278153
16,1,17,0.1016,0.0,1569.1303613228752,,,,0,0.0,1,2613.549400544107,2613.549400544107,0.0,418.16790408705714,86.76984009806435,0.0,,,415.481484022132,2613.549400544107,2509.007424522357,104.54197602176498,2613.549400544122,0.0,1.0,0.0,-0.0,0.1696870406566862,152.54745359522042,0.96,936.4509916612774,898.9929519948263,37.45803966645113,1.0,0.0,-0.0,0.16889023100896827,150.6974042804266,0.96,929.4585119240876,892.2801714471241,37.178340476963534,1.0,0.0,-0.0,0.1563762885200484,112.23662614648495,0.96,747.6398969587569,717.7343010804067,29.905595878350304,,,,919.2590024929314,2509.007424522357,2320.6918297803145,188.3155947420671,2509.007424522382,0.0,1.0,-0.0,-0.0,0.39827324273054165,232.75358601308116,0.9249999999999999,631.7911207576693,584.4067867008441,47.384334056825196,1.0,0.0,0.0,0.39827324273054177,232.75358601308128,0.925,631.7911207576694,584.4067867008442,47.384334056825196,1.0,0.0,-0.0,0.3972213617454048,231.3358651374849,0.925,629.6056840365849,582.3852577338411,47.22042630274382,1.0,0.0,-0.0,0.3905508335634756,222.41596532928403,0.924772599108793,615.8194989704579,569.492998644785,46.326500325672896,1.0,,,0.101,234.38987480781176,2320.6918297803145,2320.6918297803145,0.0,71.94144672318974,-0.0,,,292.8575707638071,0.0,125.92875542843704,4.0,1569.1303613228752,0.0,-0.0,0.0,159.42364471040412
17,1,18,0.15246,0.0,610.9480947877992,,,,0,0.0,1,1083.3333333333333,1083.3333333333333,0.0,173.33333333333334,35.96666666666667,0.0,,,189.45374732107717,1083.3333333333333,1040.0,43.333333333333336,1083.3333333333333,0.0,1.0,0.0,-0.0,0.17714619214764632,67.17832898468575,0.96,395.0264195766067,379.22536279354244,15.801056783064283,1.0,0.0,-0.0,0.18504859516602098,61.1377091681957,0.96,344.15345687836145,330.38731860322696,13.76613827513447,1.0,0.0,-0.0,0.18504859516602085,61.13770916819573,0.96,344.15345687836174,330.38731860322724,13.766138275134482,,,,325.5460054309524,1040.0,949.9835845125704,90.0164154874301,1040.0,0.0,1.0,-0.0,-0.0,0.3426883596961615,162.77697085567686,0.9134615384615394,520.0,475.0,45.0,1.0,0.0,0.0,0.34268349450920443,162.7690345752755,0.9134299702164805,520.0,474.9835845125699,45.016415487430095,-0.0,0.0,1.0,0.08724817754776784,0.0,0.8800000000000001,0.0,0.0,0.0,-0.0,0.0,1.0,0.08724817754776784,0.0,0.8800000000000001,0.0,0.0,0.0,1.0,,,0.101,95.94834203576961,949.9835845125704,949.9835845125704,0.0,29.449491119889682,-0.0,,,133.3497488207599,0.0,57.34039199292676,2.0,610.9480947877992,0.0,0.0,0.0,93.14514653134786
18,1,19,0.15246,0.0,610.9480957299508,,,,0,0.0,1,1083.3333333333333,1083.3333333333333,0.0,173.33333333333334,35.96666666666667,0.0,,,189.4537473210775,1083.3333333333333,1040.0,43.333333333333336,1083.3333333333333,0.0,1.0,0.0,-0.0,0.1771461921476518,67.17832898468131,0.96,395.0264195765684,379.22536279350567,15.80105678306275,1.0,0.0,-0.0,0.18504859516601788,61.13770916819803,0.96,344.15345687838027,330.38731860324503,13.766138275135223,1.0,0.0,-0.0,0.18504859516601765,61.13770916819809,0.96,344.1534568783809,330.38731860324566,13.766138275135248,,,,325.54600621029084,1040.0,949.9835861245783,90.0164138754223,1040.0,0.0,1.0,-0.0,-0.0,0.3426883596961615,162.77697085567692,0.9134615384615397,520.0,475.0,45.0,1.0,0.0,0.0,0.34268349498696826,162.76903535461392,0.9134299733164956,520.0,474.9835861245777,45.0164138754223,-0.0,0.0,-0.0,0.08724817754776784,0.0,0.8800000000000001,0.0,0.0,0.0,-0.0,0.0,-0.0,0.08724817754776784,0.0,0.8800000000000001,0.0,0.0,0.0,1.0,,,0.101,95.94834219858242,949.9835861245783,949.9835861245783,0.0,29.44949116986193,-0.0,,,133.3497472087519,0.0,57.34039129976331,2.0,610.9480957299508,0.0,0.0,0.0,93.1451466749883
19,1,20,0.15246,0.0,610.9480956500714,,,,0,0.0,1,1083.3333333333333,1083.3333333333333,0.0,173.33333333333334,35.96666666666667,0.0,,,189.4537473210778,1083.3333333333333,1040.0,43.333333333333336,1083.3333333333333,0.0,1.0,0.0,-0.0,0.1771461921476548,67.17832898467881,0.96,395.026419576547,379.22536279348515,15.801056783061895,1.0,0.0,-0.0,0.18504859516601774,61.137709168198086,0.96,344.1534568783808,330.38731860324555,13.766138275135244,1.0,0.0,-0.0,0.185048595166014,61.13770916820093,0.96,344.15345687840363,330.3873186032675,13.766138275136157,,,,325.5460061304166,1040.0,949.9835861245253,90.01641387547522,1040.0,0.0,1.0,-0.0,-0.0,0.3426834949869526,162.76903527473962,0.9134299733163939,520.0,474.9835861245248,45.01641387547522,1.0,0.0,0.0,0.3426883596961615,162.77697085567692,0.9134615384615397,520.0,475.0,45.0,-0.0,0.0,-0.0,0.08724817754776784,0.0,0.8800000000000001,0.0,0.0,0.0,-0.0,0.0,-0.0,0.08724817754776784,0.0,0.8800000000000001,0.0,0.0,0.0,1.0,,,0.101,95.94834219857707,949.9835861245253,949.9835861245253,0.0,29.449491169860284,-0.0,,,133.34974720880672,0.0,57.34039129978689,2.0,610.9480956500714,0.0,0.0,0.0,93.14514666280989
20,1,21,0.15246,0.0,610.9480947877993,,,,0,0.0,1,1083.3333333333333,1083.3333333333333,0.0,173.33333333333334,35.96666666666667,0.0,,,189.45374732107743,1083.3333333333333,1040.0,43.333333333333336,1083.3333333333333,0.0,1.0,0.0,-0.0,0.17714619214764643,67.17832898468558,0.96,395.0264195766056,379.22536279354136,15.801056783064237,1.0,0.0,-0.0,0.1850485951660208,61.1377091681959,0.96,344.1534568783627,330.3873186032282,13.766138275134521,1.0,0.0,-0.0,0.18504859516602068,61.137709168195926,0.96,344.15345687836304,330.3873186032285,13.766138275134534,,,,325.5460054309523,1040.0,949.9835845125699,90.01641548742987,1040.0,0.0,1.0,-0.0,-0.0,0.3426834945092049,162.7690345752757,0.9134299702164805,520.0,474.9835845125699,45.016415487430095,1.0,0.0,0.0,0.3426883596961613,162.7769708556766,0.9134615384615388,520.0,475.0,45.0,-0.0,0.0,-0.0,0.08724817754776784,0.0,0.8800000000000001,0.0,0.0,0.0,-0.0,0.0,-0.0,0.08724817754776784,0.0,0.8800000000000001,0.0,0.0,0.0,1.0,,,0.101,95.94834203576957,949.9835845125699,949.9835845125699,0.0,29.449491119889668,-0.0,,,133.34974882076133,0.0,57.34039199292737,2.0,610.9480947877993,0.0,0.0,0.0,93.14514653134789
21,1,22,0.15246,0.0,610.9480956500896,,,,0,0.0,1,1083.3333333333333,1083.3333333333333,0.0,173.33333333333334,35.96666666666667,0.0,,,189.45374732107717,1083.3333333333333,1040.0,43.333333333333336,1083.3333333333333,0.0,1.0,0.0,-0.0,0.1771461921476467,67.17832898468538,0.96,395.02641957660364,379.2253627935395,15.80105678306416,1.0,0.0,-0.0,0.18504859516602068,61.13770916819587,0.96,344.1534568783628,330.38731860322827,13.766138275134525,1.0,0.0,-0.0,0.18504859516602068,61.137709168195904,0.96,344.15345687836293,330.3873186032284,13.76613827513453,,,,325.54600614423043,1040.0,949.9835859879407,90.01641401206348,1040.0,0.0,1.0,-0.0,-0.0,0.34268835969616185,162.77697085567706,0.9134615384615395,520.0,475.0,45.0,1.0,0.0,0.0,0.3426834949464707,162.7690352885534,0.913429973053723,520.0,474.98358598793595,45.01641401206405,-0.0,0.0,-0.0,0.08724817754776784,0.0,0.8800000000000001,0.0,0.0,0.0,-0.0,0.0,-0.0,0.08724817754776784,0.0,0.8800000000000001,0.0,0.0,0.0,1.0,,,0.101,95.94834218478202,949.9835859879407,949.9835859879407,0.0,29.449491165626164,-0.0,,,133.3497473453928,0.0,57.34039135851891,2.0,610.9480956500896,0.0,0.0,0.0,93.14514666281266
22,1,23,0.1016,0.0,1583.3725571056377,,,,0,0.0,1,2632.4623315668414,2632.4623315668414,0.0,421.19397305069464,87.39774940801914,0.0,,,416.25835032936607,2632.4623315668414,2527.1638383041427,105.29849326267271,2632.4623315668155,0.0,1.0,0.0,-0.0,0.17170623563294132,157.14432091316576,0.96,953.3258961028117,915.1928602586992,38.133035844112506,1.0,0.0,-0.0,0.16121594730543173,131.00108429533697,0.96,846.4389850286543,812.5814256275081,33.857559401146204,1.0,0.0,-0.0,0.16026347196227,128.11294512086337,0.96,832.6974504353494,799.3895524179354,33.307898017414004,,,,931.0139251827028,2527.1638383041427,2337.6265504313733,189.53728787281398,2527.1638383041873,0.0,1.0,-0.0,-0.0,0.39827316515159245,232.75348129567487,0.925,631.7909595760453,584.406637607842,47.38432196820338,1.0,0.0,0.0,0.3982731651515929,232.75348129567578,0.925,631.790959576047,584.4066376078435,47.384321968203494,1.0,1.0,-0.0,0.3982731651515917,232.753481295674,0.925,631.7909595760441,584.4066376078408,47.38432196820327,1.0,1.0,-0.0,0.3982731651515946,232.75348129567814,0.925,631.7909595760508,584.406637607847,47.384321968203835,1.0,,,0.101,236.10028159356872,2337.6265504313733,2337.6265504313733,0.0,72.46642306337257,-0.0,,,294.8357811354421,0.0,126.77938588824011,4.0,1583.3725571056377,0.0,-0.0,0.0,160.87065180193278
23,1,24,0.1016,0.0,1583.1881437028326,,,,0,0.0,1,2632.4623315667927,2632.4623315667927,0.0,421.19397305068685,87.39774940801752,0.0,,,416.2583503293677,2632.4623315667927,2527.163838304149,105.29849326267296,2632.462331566822,0.0,1.0,0.0,-0.0,0.1717062356329421,157.14432091316755,0.96,953.3258961028183,915.1928602587055,38.13303584411277,1.0,0.0,-0.0,0.1612159473054315,131.0010842953364,0.96,846.438985028652,812.581425627506,33.85755940114611,1.0,0.0,-0.0,0.16026347196227014,128.1129451208638,0.96,832.6974504353517,799.3895524179376,33.3078980174141,,,,930.8585330850073,2527.163838304149,2337.3392107768072,189.8246275273765,2527.163838304181,0.0,1.0,-0.0,-0.0,0.398273165151593,232.75348129567553,0.925,631.7909595760462,584.4066376078428,47.384321968203494,1.0,0.0,0.0,0.3982381189256131,232.67578524681915,0.9247725991087344,631.7909595760466,584.262967780542,47.52799179550459,1.0,0.0,-0.0,0.39827316515159156,232.75348129567377,0.925,631.7909595760437,584.4066376078405,47.38432196820327,1.0,0.0,-0.0,0.39823811892562155,232.67578524683884,0.9247725991087966,631.7909595760442,584.2629677805791,47.52799179546514,1.0,,,0.101,236.07126028845755,2337.3392107768072,2337.3392107768072,0.0,72.45751553408103,-0.0,,,295.12312079001765,0.0,126.90294193970759,4.0,1583.1881437028326,0.0,-0.0,0.0,160.8519154002078
24,1,25,0.1016,0.0,1583.1881437028512,,,,0,0.0,1,2632.462331566781,2632.462331566781,0.0,421.193973050685,87.39774940801713,0.0,,,416.258350329362,2632.462331566781,2527.163838304122,105.29849326267184,2632.4623315667936,0.0,1.0,0.0,-0.0,0.17170623563294252,157.14432091316849,0.96,953.3258961028217,915.1928602587088,38.133035844112904,1.0,0.0,-0.0,0.161215947305429,131.00108429532884,0.96,846.4389850286161,812.5814256274714,33.85755940114468,1.0,0.0,-0.0,0.16026347196227042,128.11294512086468,0.96,832.6974504353558,799.3895524179416,33.30789801741426,,,,930.8585330850265,2527.163838304122,2337.3392107768595,189.82462752727497,2527.163838304134,0.0,1.0,-0.0,-0.0,0.39827316515158306,232.75348129567107,0.925,631.7909595760268,584.4066376078462,47.38432196818064,1.0,0.0,0.0,0.3982731651515866,232.7534812956673,0.925,631.7909595760341,584.4066376078315,47.384321968202585,1.0,0.0,-0.0,0.39823811892562194,232.6757852468421,0.924772599108817,631.7909595760385,584.2629677805867,47.52799179545184,1.0,0.0,-0.0,0.39823811892562294,232.67578524684595,0.9247725991088355,631.7909595760348,584.2629677805949,47.5279917954399,1.0,,,0.101,236.07126028846284,2337.3392107768595,2337.3392107768595,0.0,72.45751553408265,-0.0,,,295.12312078993455,0.0,126.90294193967185,4.0,1583.1881437028512,0.0,-0.0,0.0,160.8519154002097
25,1,26,0.1016,0.0,1583.0959370014625,,,,0,0.0,1,2632.4623315668664,2632.4623315668664,0.0,421.1939730506986,87.39774940801996,0.0,,,416.25835032938096,2632.4623315668664,2527.163838304206,105.29849326267534,2632.4623315668814,0.0,1.0,0.0,-0.0,0.17170623563294296,157.1443209131696,0.96,953.325896102826,915.1928602587129,38.133035844113074,1.0,0.0,-0.0,0.1612159473054353,131.00108429534743,0.96,846.4389850287034,812.5814256275553,33.857559401148166,1.0,0.0,-0.0,0.16026347196227025,128.11294512086394,0.96,832.6974504353519,799.3895524179378,33.307898017414104,,,,930.78083703618,2527.163838304206,2337.195540949522,189.96829735457197,2527.1638383041427,0.0,1.0,-0.0,-0.0,0.3982381189256114,232.67578524682534,0.9247725991087825,631.7909595760333,584.2629677805601,47.52799179547321,1.0,0.0,0.0,0.3982731651515867,232.75348129566729,0.925,631.7909595760337,584.4066376078313,47.38432196820247,1.0,0.0,-0.0,0.39823811892562144,232.67578524684131,0.9247725991088162,631.7909595760377,584.2629677805854,47.527991795452294,1.0,0.0,-0.0,0.3982381189256236,232.675785246846,0.9247725991088294,631.7909595760381,584.2629677805941,47.527991795443995,1.0,,,0.101,236.05674963590175,2337.195540949522,2337.195540949522,0.0,72.45306176943518,-0.0,,,295.2667906173105,0.0,126.96471996544352,4.0,1583.0959370014625,0.0,-0.0,0.0,160.8425471993486
26,1,27,0.1016,0.0,1583.0959772731494,,,,0,0.0,1,2632.462331566857,2632.462331566857,0.0,421.1939730506971,87.39774940801965,0.0,,,416.258350329378,2632.462331566857,2527.163838304193,105.29849326267482,2632.462331566868,0.0,1.0,0.0,-0.0,0.17170623563294282,157.14432091316917,0.96,953.3258961028242,915.1928602587112,38.133035844113,1.0,0.0,-0.0,0.1612159473054346,131.00108429534546,0.96,846.4389850286943,812.5814256275465,33.8575594011478,1.0,0.0,-0.0,0.16026347196227003,128.11294512086343,0.96,832.6974504353497,799.3895524179356,33.30789801741402,,,,930.780872554247,2527.163838304193,2337.1955880150927,189.96825028907108,2527.1638383041636,0.0,1.0,-0.0,-0.0,0.39823811892561567,232.67578524682784,0.9247725991087735,631.7909595760394,584.2629677805601,47.52799179547935,1.0,0.0,0.0,0.3982731651515894,232.75348129567107,0.925,631.7909595760398,584.4066376078368,47.384321968202926,1.0,0.0,-0.0,0.39827316515158945,232.75348129567112,0.9250000000000002,631.7909595760399,584.406637607837,47.384321968202926,1.0,0.0,-0.0,0.39820308418062617,232.59812471607694,0.9245452727130263,631.7909595760449,584.119345018859,47.671614557185876,1.0,,,0.101,236.05675438952437,2337.1955880150927,2337.1955880150927,0.0,72.45306322846787,-0.0,,,295.26674355177545,0.0,126.96469972726344,4.0,1583.0959772731494,0.0,-0.0,0.0,160.84255129095197
27,1,28,0.1016,0.0,1583.280350404222,,,,0,0.0,1,2632.4623315668046,2632.4623315668046,0.0,421.1939730506887,87.39774940801792,0.0,,,416.2583503293657,2632.4623315668046,2527.1638383041363,105.29849326267242,2632.4623315668086,0.0,1.0,0.0,-0.0,0.1717062356329429,157.1443209131694,0.96,953.325896102825,915.192860258712,38.13303584411303,1.0,0.0,-0.0,0.16121594730543432,131.00108429534458,0.96,846.4389850286901,812.5814256275424,33.85755940114763,1.0,0.0,-0.0,0.16026347196226626,128.11294512085175,0.96,832.6974504352935,799.3895524178818,33.307898017411766,,,,930.9362291338443,2527.1638383041363,2337.482880604077,189.6809577000829,2527.1638383041595,0.0,1.0,-0.0,-0.0,0.39827316515158917,232.75348129567075,0.925,631.7909595760393,584.4066376078364,47.384321968202926,1.0,0.0,0.0,0.3982381189256171,232.6757852468309,0.9247725991087821,631.7909595760397,584.2629677805656,47.52799179547401,1.0,0.0,-0.0,0.3982731651515895,232.7534812956712,0.925,631.79095957604,584.4066376078371,47.384321968202926,1.0,0.0,-0.0,0.3982731651515897,232.75348129567146,0.9249999999999999,631.7909595760404,584.4066376078374,47.38432196820304,1.0,,,0.101,236.0857709410118,2337.482880604077,2337.482880604077,0.0,72.46196929872639,-0.0,,,294.97945096273213,0.0,126.84116391397481,4.0,1583.280350404222,0.0,-0.0,0.0,160.86128360106895
28,1,29,0.1016,0.0,1583.0960024436517,,,,0,0.0,1,2632.4623315668523,2632.4623315668523,0.0,421.19397305069634,87.3977494080195,0.0,,,416.2583503293756,2632.4623315668523,2527.1638383041823,105.29849326267438,2632.462331566857,0.0,1.0,0.0,-0.0,0.1717062356329428,157.14432091316922,0.96,953.3258961028246,915.1928602587116,38.13303584411302,1.0,0.0,-0.0,0.1612159473054342,131.00108429534453,0.96,846.4389850286905,812.5814256275428,33.85755940114765,1.0,0.0,-0.0,0.16026347196226956,128.11294512086187,0.96,832.697450435342,799.3895524179284,33.30789801741371,,,,930.7808969324153,2527.1638383041823,2337.195595860008,189.96824244417894,2527.163838304187,0.0,1.0,-0.0,-0.0,0.3982731651515929,232.75348129567544,0.925,631.7909595760462,584.4066376078428,47.384321968203494,1.0,0.0,0.0,0.3982731651515926,232.7534812956754,0.9249999999999999,631.7909595760466,584.4066376078431,47.384321968203494,1.0,0.0,-0.0,0.39816803986830424,232.52045304538876,0.9243178842387139,631.7909595760469,583.9756830364785,47.81527653956846,1.0,0.0,-0.0,0.39827316515159267,232.75348129567564,0.925,631.790959576047,584.4066376078435,47.384321968203494,1.0,,,0.101,236.0567551818608,2337.195595860008,2337.195595860008,0.0,72.45306347166024,-0.0,,,295.26673570684875,0.0,126.96469635394496,4.0,1583.0960024436517,0.0,-0.0,0.0,160.842553848275
29,1,30,0.1016,0.0,1583.372557105554,,,,0,0.0,1,2632.462331566757,2632.462331566757,0.0,421.19397305068105,87.39774940801632,0.0,,,416.25835032935504,2632.462331566757,2527.1638383040854,105.29849326267032,2632.462331566756,0.0,1.0,0.0,-0.0,0.17170623563294288,157.14432091316922,0.96,953.3258961028241,915.1928602587111,38.133035844112996,1.0,0.0,-0.0,0.16121594730543437,131.00108429534455,0.96,846.4389850286898,812.5814256275422,33.85755940114762,1.0,0.0,-0.0,0.16026347196226298,128.11294512084123,0.96,832.6974504352422,799.3895524178325,33.30789801740972,,,,931.0139251826395,2527.1638383040854,2337.626550431284,189.5372878728067,2527.163838304091,0.0,1.0,-0.0,-0.0,0.39827316515158073,232.75348129565907,0.925,631.790959576021,584.4066376078194,47.38432196820156,1.0,0.0,0.0,0.3982731651515805,232.75348129565907,0.925,631.7909595760214,584.4066376078198,47.38432196820156,1.0,0.0,-0.0,0.39827316515158007,232.7534812956589,0.925,631.7909595760216,584.40663760782,47.38432196820156,1.0,0.0,-0.0,0.3982731651515827,232.75348129566237,0.925,631.7909595760269,584.4066376078249,47.384321968202016,1.0,,,0.101,236.1002815935597,2337.626550431284,2337.626550431284,0.0,72.4664230633698,-0.0,,,294.83578113547156,0.0,126.77938588825278,4.0,1583.372557105554,0.0,-0.0,0.0,160.87065180192428
30,1,31,0.1016,0.0,1583.0036721875229,,,,0,0.0,1,2632.4623315666986,2632.4623315666986,0.0,421.1939730506718,87.39774940801439,0.0,,,416.25835032939415,2632.4623315666986,2527.163838304189,105.29849326267464,2632.4623315668637,0.0,1.0,0.0,-0.0,0.1717062356329828,157.14432091318966,0.96,953.3258961028407,915.192860258727,38.133035844113664,1.0,0.0,-0.0,0.16121594730543404,131.0010842953437,0.96,846.4389850286859,812.5814256275385,33.85755940114747,1.0,0.0,-0.0,0.16026347196226917,128.1129451208608,0.96,832.6974504353369,799.3895524179234,33.30789801741351,,,,930.7031015356438,2527.163838304189,2337.0516863612374,190.11215194298006,2527.1638383042173,0.0,1.0,-0.0,-0.0,0.3982731651515806,232.75348129569966,0.925,631.7909595761314,584.4066376079215,47.38432196820986,1.0,0.0,0.0,0.3981329351778097,232.44265764861524,0.9240901039947594,631.7909595760268,583.831773537661,47.95918603836583,1.0,0.0,-0.0,0.3982731651515834,232.7534812956628,0.925,631.7909595760269,584.4066376078249,47.384321968202016,1.0,0.0,-0.0,0.3982731651515858,232.75348129566618,0.9250000000000002,631.7909595760323,584.4066376078299,47.38432196820236,1.0,,,0.101,236.042220322485,2337.0516863612374,2337.0516863612374,0.0,72.44860227719836,-0.0,,,295.4106452056265,0.0,127.0265774384194,4.0,1583.0036721875229,0.0,-0.0,0.0,160.83317309425232
31,1,32,0.1016,0.0,1583.1881437029463,,,,0,0.0,1,2632.462331566912,2632.462331566912,0.0,421.1939730507059,87.39774940802147,0.0,,,416.2583503293881,2632.462331566912,2527.163838304235,105.29849326267654,2632.4623315669114,0.0,1.0,0.0,-0.0,0.17170623563294415,157.14432091317218,0.96,953.3258961028349,915.1928602587215,38.13303584411343,1.0,0.0,-0.0,0.1612159473054378,131.0010842953549,0.96,846.4389850287384,812.5814256275888,33.857559401149565,1.0,0.0,-0.0,0.16026347196226928,128.112945120861,0.96,832.6974504353378,799.3895524179243,33.30789801741354,,,,930.8585330850875,2527.163838304235,2337.3392107769373,189.82462752730214,2527.163838304239,0.0,1.0,-0.0,-0.0,0.39827316515165223,232.7534812957556,0.925,631.7909595761696,584.4066376079569,47.3843219682127,1.0,0.0,0.0,0.39823811892561445,232.67578524683202,0.9247725991088172,631.7909595760229,584.2629677805724,47.52799179545059,1.0,0.0,-0.0,0.39827316515158145,232.75348129566035,0.925,631.7909595760233,584.4066376078216,47.384321968201675,1.0,0.0,-0.0,0.398238118925618,232.6757852468396,0.9247725991088385,631.7909595760234,584.2629677805862,47.527991795437174,1.0,,,0.101,236.07126028847068,2337.3392107769373,2337.3392107769373,0.0,72.45751553408506,-0.0,,,295.12312078997456,0.0,126.90294193968906,4.0,1583.1881437029463,0.0,-0.0,0.0,160.85191540021933
32,1,33,0.1016,0.0,1583.2803504044077,,,,0,0.0,1,2632.462331566909,2632.462331566909,0.0,421.1939730507055,87.39774940802138,0.0,,,416.2583503293911,2632.462331566909,2527.163838304245,105.29849326267697,2632.462331566922,0.0,1.0,0.0,-0.0,0.17170623563294368,157.14432091317119,0.96,953.3258961028316,915.1928602587183,38.1330358441133,1.0,0.0,-0.0,0.1612159473054506,131.00108429539267,0.96,846.4389850289152,812.5814256277586,33.85755940115664,1.0,0.0,-0.0,0.16026347196225837,128.11294512082725,0.96,832.6974504351751,799.3895524177681,33.307898017407034,,,,930.9362291339789,2527.163838304245,2337.4828806043324,189.68095770007176,2527.1638383044046,0.0,1.0,-0.0,-0.0,0.3982731651516515,232.75348129575536,0.925,631.79095957617,584.4066376079574,47.3843219682127,1.0,0.0,0.0,0.39827316515158295,232.75348129571543,0.9249999999999999,631.7909595761705,584.4066376079577,47.38432196821282,1.0,0.0,-0.0,0.39827316515158606,232.75348129566618,0.925,631.7909595760318,584.4066376078295,47.38432196820236,1.0,0.0,-0.0,0.39823811892562067,232.67578524684194,0.9247725991088288,631.790959576032,584.2629677805882,47.52799179544388,1.0,,,0.101,236.0857709410376,2337.4828806043324,2337.4828806043324,0.0,72.4619692987343,-0.0,,,294.9794509625891,0.0,126.84116391391332,4.0,1583.2803504044077,0.0,-0.0,0.0,160.86128360108782
33,1,34,0.1016,0.0,1583.1881437029188,,,,0,0.0,1,2632.462331566747,2632.462331566747,0.0,421.19397305067946,87.397749408016,0.0,,,416.2583503294819,2632.462331566747,2527.1638383042578,105.29849326267748,2632.462331566935,0.0,1.0,0.0,-0.0,0.1717062356329659,157.14432091322098,0.96,953.3258961030105,915.19286025889,38.13303584412045,1.0,0.0,-0.0,0.1612159473055668,131.00108429543374,0.96,846.4389850287502,812.5814256276001,33.857559401150034,1.0,0.0,-0.0,0.16026347196225843,128.1129451208272,0.96,832.6974504351745,799.3895524177675,33.307898017407005,,,,930.8585330849814,2527.1638383042578,2337.3392107767872,189.82462752730805,2527.16383830409,0.0,1.0,-0.0,-0.0,0.39823811892561084,232.67578524682503,0.9247725991087988,631.7909595760221,584.2629677805601,47.52799179546207,1.0,0.0,0.0,0.39827316515158145,232.75348129566004,0.925,631.7909595760225,584.4066376078208,47.384321968201675,1.0,0.0,-0.0,0.3982381189256162,232.67578524683609,0.9247725991088297,631.7909595760226,584.26296778058,47.52799179544263,1.0,0.0,-0.0,0.3982731651515817,232.75348129566035,0.925,631.7909595760229,584.4066376078213,47.384321968201675,1.0,,,0.101,236.07126028845553,2337.3392107767872,2337.3392107767872,0.0,72.4575155340804,-0.0,,,295.12312079015334,0.0,126.90294193976594,4.0,1583.1881437029188,0.0,-0.0,0.0,160.85191540021654
34,1,35,0.1016,0.0,1583.3725571058499,,,,0,0.0,1,2632.4623315670538,2632.4623315670538,0.0,421.1939730507286,87.39774940802619,0.0,,,416.25835032943166,2632.4623315670538,2527.1638383043787,105.29849326268254,2632.462331567061,0.0,1.0,0.0,-0.0,0.1717062356329661,157.1443209132215,0.96,953.3258961030123,915.1928602588918,38.13303584412053,1.0,0.0,-0.0,0.1612159473054381,131.00108429535592,0.96,846.4389850287436,812.5814256275938,33.85755940114977,1.0,0.0,-0.0,0.1602634719622671,128.11294512085422,0.96,832.6974504353053,799.389552417893,33.30789801741224,,,,931.0139251828311,2527.1638383043787,2337.626550431557,189.53728787282898,2527.163838304386,0.0,1.0,-0.0,-0.0,0.39827316515165223,232.7534812957559,0.9249999999999999,631.7909595761705,584.4066376079577,47.38432196821282,1.0,0.0,0.0,0.39827316515165195,232.75348129575588,0.925,631.7909595761708,584.406637607958,47.38432196821282,1.0,0.0,-0.0,0.39827316515158084,232.75348129565953,0.925,631.7909595760221,584.4066376078205,47.384321968201675,1.0,0.0,-0.0,0.39827316515158107,232.75348129565984,0.925,631.7909595760226,584.4066376078209,47.384321968201675,1.0,,,0.101,236.10028159358728,2337.626550431557,2337.626550431557,0.0,72.46642306337827,-0.0,,,294.83578113550425,0.0,126.77938588826683,4.0,1583.3725571058499,0.0,-0.0,0.0,160.87065180195435
35,1,36,0.1016,0.0,1583.095937001395,,,,0,0.0,1,2632.462331566752,2632.462331566752,0.0,421.19397305068026,87.39774940801617,0.0,,,416.2583503293497,2632.462331566752,2527.163838304096,105.29849326267076,2632.462331566767,0.0,1.0,0.0,-0.0,0.17170623563292953,157.14432091313927,0.96,953.3258961027166,915.1928602586079,38.1330358441087,1.0,0.0,-0.0,0.16121594730543815,131.0010842953559,0.96,846.438985028743,812.5814256275933,33.85755940114975,1.0,0.0,-0.0,0.16026347196226717,128.11294512085456,0.96,832.697450435307,799.3895524178947,33.30789801741231,,,,930.7808370361423,2527.163838304096,2337.195540949534,189.9682973545547,2527.1638383041,0.0,1.0,-0.0,-0.0,0.3982381189255789,232.67578524680636,0.924772599108581,631.7909595760246,584.2629677805601,47.52799179546457,1.0,0.0,0.0,0.3982381189256132,232.67578524682855,0.9247725991088035,631.7909595760248,584.2629677805654,47.52799179545934,1.0,0.0,-0.0,0.3982731651515828,232.75348129566186,0.925,631.7909595760253,584.4066376078234,47.3843219682019,1.0,0.0,-0.0,0.398238118925621,232.6757852468455,0.9247725991088518,631.7909595760254,584.2629677805966,47.527991795428875,1.0,,,0.101,236.05674963590295,2337.195540949534,2337.195540949534,0.0,72.45306176943555,-0.0,,,295.2667906172214,0.0,126.9647199654052,4.0,1583.095937001395,0.0,-0.0,0.0,160.84254719934174
36,1,37,0.1016,0.0,1583.1881437027607,,,,0,0.0,1,2632.4623315667204,2632.4623315667204,0.0,421.19397305067525,87.39774940801512,0.0,,,416.258350329339,2632.4623315667204,2527.1638383040595,105.29849326266924,2632.4623315667286,0.0,1.0,0.0,-0.0,0.17170623563292467,157.14432091312835,0.96,953.3258961026773,915.1928602585702,38.13303584410713,1.0,0.0,-0.0,0.16121594730543842,131.00108429535697,0.96,846.4389850287487,812.5814256275987,33.85755940114998,1.0,0.0,-0.0,0.16026347196226695,128.1129451208537,0.96,832.6974504353026,799.3895524178904,33.307898017412136,,,,930.8585330849687,2527.1638383040595,2337.3392107767622,189.82462752731328,2527.163838304076,0.0,1.0,-0.0,-0.0,0.3982381189256098,232.6757852468244,0.9247725991088075,631.7909595760162,584.2629677805601,47.52799179545616,1.0,0.0,0.0,0.398238118925611,232.67578524682656,0.9247725991088112,631.7909595760177,584.2629677805637,47.527991795454,1.0,0.0,-0.0,0.39827316515157885,232.75348129565688,0.925,631.790959576018,584.4066376078167,47.384321968201334,1.0,0.0,-0.0,0.39827316515158206,232.75348129566083,0.925,631.7909595760237,584.406637607822,47.38432196820179,1.0,,,0.101,236.071260288453,2337.3392107767622,2337.3392107767622,0.0,72.45751553407963,-0.0,,,295.12312078996615,0.0,126.90294193968545,4.0,1583.1881437027607,0.0,-0.0,0.0,160.85191540020048
37,1,38,0.1016,0.0,1583.1881437027598,,,,0,0.0,1,2632.4623315667295,2632.4623315667295,0.0,421.19397305067673,87.39774940801541,0.0,,,416.25835032934026,2632.4623315667295,2527.1638383040663,105.29849326266955,2632.462331566736,0.0,1.0,0.0,-0.0,0.17170623563292414,157.14432091312713,0.96,953.3258961026728,915.1928602585658,38.13303584410695,1.0,0.0,-0.0,0.16121594730543715,131.00108429535297,0.96,846.4389850287295,812.5814256275803,33.85755940114921,1.0,0.0,-0.0,0.16026347196226898,128.11294512086016,0.96,832.6974504353338,799.3895524179204,33.307898017413386,,,,930.8585330849666,2527.1638383040663,2337.339210776763,189.8246275273109,2527.1638383040718,0.0,1.0,-0.0,-0.0,0.39823811892561006,232.6757852468256,0.9247725991088105,631.790959576017,584.2629677805627,47.52799179545434,1.0,0.0,0.0,0.39827316515157896,232.7534812956567,0.925,631.7909595760174,584.4066376078162,47.38432196820122,1.0,0.0,-0.0,0.3982381189256105,232.6757852468263,0.9247725991088113,631.7909595760177,584.2629677805638,47.527991795453886,1.0,0.0,-0.0,0.39827316515157984,232.75348129565796,0.925,631.7909595760194,584.406637607818,47.38432196820145,1.0,,,0.101,236.0712602884531,2337.339210776763,2337.339210776763,0.0,72.45751553407966,-0.0,,,295.123120789975,0.0,126.90294193968926,4.0,1583.1881437027598,0.0,-0.0,0.0,160.8519154002004
38,1,39,0.1016,0.0,1583.37255710553,,,,0,0.0,1,2632.4623315667327,2632.4623315667327,0.0,421.19397305067724,87.39774940801553,0.0,,,416.2583503293413,2632.4623315667327,2527.1638383040704,105.29849326266967,2632.46233156674,0.0,1.0,0.0,-0.0,0.17170623563292395,157.14432091312665,0.96,953.325896102671,915.1928602585641,38.13303584410687,1.0,0.0,-0.0,0.16121594730544095,131.00108429536402,0.96,846.438985028781,812.5814256276296,33.85755940115127,1.0,0.0,-0.0,0.16026347196226592,128.11294512085064,0.96,832.6974504352878,799.3895524178763,33.30789801741154,,,,931.0139251826304,2527.1638383040704,2337.6265504312705,189.53728787280556,2527.1638383040763,0.0,1.0,-0.0,-0.0,0.39827316515158073,232.75348129565907,0.925,631.790959576021,584.4066376078194,47.38432196820156,1.0,0.0,0.0,0.3982731651515793,232.75348129565714,0.925,631.790959576018,584.4066376078167,47.384321968201334,1.0,0.0,-0.0,0.39827316515157907,232.75348129565714,0.925,631.7909595760184,584.4066376078171,47.384321968201334,1.0,0.0,-0.0,0.3982731651515786,232.75348129565697,0.925,631.7909595760186,584.4066376078173,47.384321968201334,1.0,,,0.101,236.10028159355835,2337.6265504312705,2337.6265504312705,0.0,72.46642306336939,-0.0,,,294.83578113546935,0.0,126.77938588825182,4.0,1583.37255710553,0.0,-0.0,0.0,160.87065180192184
39,1,40,0.1016,0.0,1583.372557105555,,,,0,0.0,1,2632.4623315667677,2632.4623315667677,0.0,421.19397305068287,87.3977494080167,0.0,,,416.2583503293521,2632.4623315667677,2527.1638383041077,105.29849326267126,2632.462331566779,0.0,1.0,0.0,-0.0,0.17170623563292875,157.14432091313753,0.96,953.3258961027103,915.1928602586019,38.13303584410845,1.0,0.0,-0.0,0.16121594730544075,131.00108429536365,0.96,846.4389850287796,812.5814256276284,33.857559401151214,1.0,0.0,-0.0,0.16026347196226598,128.11294512085087,0.96,832.6974504352892,799.3895524178776,33.307898017411596,,,,931.0139251826428,2527.1638383041077,2337.6265504312883,189.53728787280704,2527.1638383040954,0.0,1.0,-0.0,-0.0,0.39827316515158057,232.75348129565916,0.925,631.7909595760215,584.4066376078199,47.38432196820156,1.0,0.0,0.0,0.3982731651515807,232.7534812956593,0.9250000000000002,631.7909595760217,584.4066376078201,47.38432196820156,1.0,0.0,-0.0,0.39827316515158084,232.7534812956595,0.9249999999999999,631.790959576022,584.4066376078204,47.384321968201675,1.0,0.0,-0.0,0.39827316515158473,232.75348129566478,0.925,631.7909595760302,584.406637607828,47.384321968202244,1.0,,,0.101,236.10028159356014,2337.6265504312883,2337.6265504312883,0.0,72.46642306336993,-0.0,,,294.8357811354906,0.0,126.77938588826096,4.0,1583.372557105555,0.0,-0.0,0.0,160.87065180192437
40,1,41,0.1016,0.0,1583.2803504041765,,,,0,0.0,1,2632.4623315668027,2632.4623315668027,0.0,421.19397305068844,87.39774940801784,0.0,,,416.2583503293588,2632.4623315668027,2527.163838304136,105.29849326267241,2632.462331566808,0.0,1.0,0.0,-0.0,0.17170623563292992,157.14432091314018,0.96,953.3258961027199,915.1928602586111,38.133035844108825,1.0,0.0,-0.0,0.16121594730544045,131.00108429536266,0.96,846.4389850287747,812.5814256276237,33.85755940115102,1.0,0.0,-0.0,0.16026347196226765,128.11294512085595,0.96,832.6974504353135,799.389552417901,33.30789801741257,,,,930.9362291338106,2527.163838304136,2337.4828806040327,189.68095770006414,2527.163838304095,0.0,1.0,-0.0,-0.0,0.3982731651515812,232.7534812956597,0.925,631.7909595760219,584.4066376078204,47.38432196820156,1.0,0.0,0.0,0.3982731651515814,232.75348129565995,0.925,631.7909595760224,584.4066376078207,47.384321968201675,1.0,0.0,-0.0,0.39823811892561234,232.6757852468274,0.9247725991088039,631.7909595760227,584.2629677805638,47.52799179545889,1.0,0.0,-0.0,0.39827316515158406,232.7534812956636,0.925,631.790959576028,584.4066376078259,47.384321968202016,1.0,,,0.101,236.08577094100733,2337.4828806040327,2337.4828806040327,0.0,72.46196929872501,-0.0,,,294.9794509627775,0.0,126.84116391399432,4.0,1583.2803504041765,0.0,-0.0,0.0,160.86128360106432
41,1,42,0.15246,0.0,610.9480956500714,,,,0,0.0,1,1083.3333333333333,1083.3333333333333,0.0,173.33333333333334,35.96666666666667,0.0,,,189.45173040668044,1083.3333333333333,1040.0,43.333333333333336,1083.3333333333333,0.0,1.0,0.0,-0.0,0.1771022715555601,67.21385410076081,0.96,395.3333333333333,379.5199999999698,15.81333333333209,1.0,0.0,-0.0,0.18507430400000016,61.11893815295963,0.96,344.0,330.23999999999967,13.759999999999998,1.0,0.0,-0.0,0.18507430400000016,61.11893815295997,0.96,344.0,330.23999999999967,13.759999999999998,,,,325.5476745083506,1040.0,949.9870369805978,90.01296301939573,1040.0,0.0,1.0,-0.0,-0.0,0.34268835969616007,162.77697085567604,0.9134615384615494,520.0,475.0,45.0,1.0,0.0,0.0,0.3426845177442741,162.77070365267457,0.913436609578073,520.0,474.9870369805979,45.01296301940198,-0.0,0.0,1.0,0.08724817754776784,0.0,0.8800000000000001,0.0,0.0,0.0,-0.0,0.0,1.0,0.08724817754776784,0.0,0.8800000000000001,0.0,0.0,0.0,1.0,,,0.101,95.94869073504039,949.9870369805978,949.9870369805978,0.0,29.449598146398532,-0.0,,,133.34629635270326,0.0,57.3389074316624,2.0,610.9480956500714,0.0,0.0,0.0,93.14514666280989
42,1,43,0.15246,0.0,610.946077873417,,,,0,0.0,1,1083.3333333333333,1083.3333333333333,0.0,173.33333333333334,35.96666666666667,0.0,,,189.4517304066913,1083.3333333333333,1040.0,43.333333333333336,1083.3333333333333,0.0,1.0,0.0,-0.0,0.17710227155556119,67.2138541007599,0.96,395.3333333333333,379.51999999996224,15.813333333331775,1.0,0.0,-0.0,0.18507430399999997,61.11893815295997,0.96,344.0,330.24,13.760000000000012,1.0,0.0,-0.0,0.1850743040000001,61.1189381529596,0.96,344.0,330.24,13.760000000000012,,,,325.5460054309552,1040.0,949.9835845125797,90.01641548742373,1040.0,0.0,1.0,-0.0,-0.0,0.3426834945092044,162.76903457527567,0.9134299702164821,520.0,474.9835845125705,45.0164154874293,1.0,0.0,0.0,0.34268835969616346,162.7769708556795,0.9134615384615492,520.0,475.0,45.0,-0.0,0.0,-0.0,0.08724817754776784,0.0,0.8800000000000001,0.0,0.0,0.0,-0.0,0.0,-0.0,0.08724817754776784,0.0,0.8800000000000001,0.0,0.0,0.0,1.0,,,0.101,95.94834203577055,949.9835845125797,949.9835845125797,0.0,29.44949111988997,-0.0,,,133.34974882071802,0.0,57.34039199290875,2.0,610.946077873417,0.0,0.0,0.0,93.14483903258117
43,1,44,0.15246,0.0,610.9480956999007,,,,0,0.0,1,1083.3333333333333,1083.3333333333333,0.0,173.33333333333334,35.96666666666667,0.0,,,189.4517304066798,1083.3333333333333,1040.0,43.333333333333336,1083.3333333333333,0.0,1.0,0.0,-0.0,0.17710227155556132,67.21385410075982,0.96,395.3333333333333,379.5199999999615,15.813333333331745,1.0,0.0,-0.0,0.18507430400000013,61.118938152959984,0.96,344.0,330.23999999999967,13.759999999999998,1.0,0.0,-0.0,0.18507430400000016,61.11893815295999,0.96,344.0,330.23999999999967,13.759999999999998,,,,325.547674558176,1040.0,949.9870369806424,90.01296301936264,1040.0,0.0,1.0,-0.0,-0.0,0.34268835969616296,162.77697085567928,0.9134615384615491,520.0,475.0,45.0,1.0,0.0,0.0,0.34268451774428565,162.77070370249677,0.9134366095781485,520.0,474.987036980637,45.01296301936276,-0.0,0.0,-0.0,0.08724817754776784,0.0,0.8800000000000001,0.0,0.0,0.0,-0.0,0.0,-0.0,0.08724817754776784,0.0,0.8800000000000001,0.0,0.0,0.0,1.0,,,0.101,95.94869073504489,949.9870369806424,949.9870369806424,0.0,29.449598146399914,-0.0,,,133.3462963526557,0.0,57.33890743164196,2.0,610.9480956999007,0.0,0.0,0.0,93.14514667040687
44,1,45,0.15246,0.0,610.9460787305117,,,,0,0.0,1,1083.3333333333333,1083.3333333333333,0.0,173.33333333333334,35.96666666666667,0.0,,,189.45173040667487,1083.3333333333333,1040.0,43.333333333333336,1083.3333333333333,0.0,1.0,0.0,-0.0,0.17710227155555486,67.21385410076508,0.96,395.3333333333333,379.52000000000504,15.813333333333558,1.0,0.0,-0.0,0.18507430400000013,61.118938152959984,0.96,344.0,330.23999999999967,13.759999999999998,1.0,0.0,-0.0,0.1850743040000023,61.118938152958236,0.96,344.0,330.2399999999865,13.75999999999945,,,,325.54600613994967,1040.0,949.9835859790805,90.01641402091246,1040.0,0.0,1.0,-0.0,-0.0,0.34268349494384653,162.76903528427354,0.9134299730367004,520.0,474.983585979084,45.01641402091576,1.0,0.0,0.0,0.3426883596961602,162.7769708556761,0.9134615384615442,520.0,475.0,45.0,-0.0,0.0,-0.0,0.08724817754776784,0.0,0.8800000000000001,0.0,0.0,0.0,-0.0,0.0,-0.0,0.08724817754776784,0.0,0.8800000000000001,0.0,0.0,0.0,1.0,,,0.101,95.94834218388714,949.9835859790805,949.9835859790805,0.0,29.449491165351496,-0.0,,,133.34974735424024,0.0,57.3403913623233,2.0,610.9460787305117,0.0,0.0,0.0,93.14483916325382
45,1,46,0.15246,0.0,610.9460778734032,,,,0,0.0,1,1083.3333333333333,1083.3333333333333,0.0,173.33333333333334,35.96666666666667,0.0,,,189.45173040668277,1083.3333333333333,1040.0,43.333333333333336,1083.3333333333333,0.0,1.0,0.0,-0.0,0.1771022715555566,67.21385410076363,0.96,395.3333333333333,379.51999999999316,15.813333333333063,1.0,0.0,-0.0,0.18507430400000013,61.1189381529596,0.96,344.0,330.23999999999944,13.75999999999999,1.0,0.0,-0.0,0.18507430400000008,61.11893815295957,0.96,344.0,330.24,13.760000000000012,,,,325.54600543095194,1040.0,949.9835845125589,90.01641548742975,1040.0,0.0,1.0,-0.0,-0.0,0.3426883596961606,162.7769708556763,0.9134615384615387,520.0,475.0,45.0,1.0,0.0,0.0,0.3426834945092048,162.76903457527567,0.913429970216481,520.0,474.9835845125699,45.01641548742987,-0.0,0.0,-0.0,0.08724817754776784,0.0,0.8800000000000001,0.0,0.0,0.0,-0.0,0.0,-0.0,0.08724817754776784,0.0,0.8800000000000001,0.0,0.0,0.0,1.0,,,0.101,95.94834203576845,949.9835845125589,949.9835845125589,0.0,29.449491119889323,-0.0,,,133.349748820756,0.0,57.34039199292508,2.0,610.9460778734032,0.0,0.0,0.0,93.14483903257906
46,1,47,0.1016,0.0,1583.5763098335494,,,,0,0.0,1,2632.463003156988,2632.463003156988,0.0,421.1940805051181,87.39777170481202,0.0,,,416.64603870277597,2632.463003156988,2527.1644830307305,105.29852012628054,2632.463003157011,0.0,1.0,0.0,-0.0,0.17170623563294427,157.14432091317244,0.96,953.3258961028359,915.1928602587225,38.13303584411347,1.0,0.0,-0.0,0.16287262078136538,135.68128883234755,0.96,867.7620289339576,833.0515477765993,34.71048115735834,1.0,0.0,-0.0,0.1589642287213946,123.82042895725598,0.96,811.3750781202175,778.9200749954088,32.45500312480873,,,,930.8589511005754,2527.1644830307305,2337.3398022791903,189.82468075150643,2527.164483030697,0.0,1.0,-0.0,-0.0,0.3982382007584456,232.67589432947008,0.9247726067033243,631.7911207576725,584.2631216350875,47.527999122585015,1.0,0.0,0.0,0.39827324273054354,232.7535860130835,0.925,631.7911207576726,584.4067867008472,47.38433405682542,1.0,1.0,-0.0,0.3982732427305437,232.7535860130841,0.9250000000000015,631.791120757673,584.4067867008484,47.384334056824514,1.0,1.0,-0.0,0.39823819416412654,232.67588474493766,0.9247725839225577,631.7911207576788,584.2631072424073,47.52801351527148,1.0,,,0.101,236.07132003019822,2337.3398022791903,2337.3398022791903,0.0,72.4575338706549,-0.0,,,295.12320087782064,0.0,126.90297637746288,4.0,1583.5763098335494,0.0,-0.0,0.0,160.89135307908862
47,1,48,0.1016,0.0,1583.5763098333791,,,,0,0.0,1,2632.4630031569504,2632.4630031569504,0.0,421.1940805051121,87.39777170481075,0.0,,,416.6460387027648,2632.4630031569504,2527.164483030682,105.2985201262785,2632.4630031569604,0.0,1.0,0.0,-0.0,0.17170623563294454,157.14432091317298,0.96,953.3258961028375,915.192860258724,38.133035844113536,1.0,0.0,-0.0,0.1628726207813612,135.68128883233604,0.96,867.7620289339063,833.05154777655,34.710481157356284,1.0,0.0,-0.0,0.15896422872139457,123.8204289572558,0.96,811.3750781202164,778.9200749954077,32.455003124808684,,,,930.8589511004792,2527.164483030682,2337.339802278566,189.82468075213978,2527.164483030706,0.0,1.0,-0.0,-0.0,0.3982381965045777,232.67588993329053,0.9247725991088251,631.7911207576726,584.2631168369505,47.528003920722085,1.0,0.0,0.0,0.39827324273054304,232.75358601308338,0.925,631.7911207576731,584.4067867008476,47.38433405682542,1.0,0.0,-0.0,0.3982732427305451,232.75358601308577,0.925,631.7911207576763,584.4067867008506,47.38433405682565,1.0,0.0,-0.0,0.3982381984182547,232.6758891410195,0.9247725915160567,631.7911207576838,584.2631120399171,47.528008717766625,1.0,,,0.101,236.07132003013518,2337.339802278566,2337.339802278566,0.0,72.45753387063554,-0.0,,,295.1232008783942,0.0,126.90297637770949,4.0,1583.5763098333791,0.0,-0.0,0.0,160.8913530790713
48,1,49,0.1016,0.0,1583.3918976380437,,,,0,0.0,1,2632.463003156911,2632.463003156911,0.0,421.1940805051057,87.39777170480944,0.0,,,416.6460387027663,2632.463003156911,2527.164483030688,105.29852012627876,2632.463003156967,0.0,1.0,0.0,-0.0,0.1717062356329448,157.14432091317363,0.96,953.3258961028403,915.1928602587266,38.13303584411364,1.0,0.0,-0.0,0.1628726207813615,135.68128883233686,0.96,867.7620289339101,833.0515477765537,34.71048115735643,1.0,0.0,-0.0,0.15896422872139448,123.82042895725577,0.96,811.3750781202166,778.9200749954078,32.45500312480869,,,,930.7035597331567,2527.164483030688,2337.052467347731,190.11201568291688,2527.164483030705,0.0,1.0,-0.0,-0.0,0.3982381965045778,232.67588993329093,0.9247725991088271,631.7911207576722,584.2631168369513,47.528003920720835,1.0,0.0,0.0,0.39823819650457754,232.67588993329122,0.9247725991088289,631.7911207576722,584.2631168369525,47.5280039207197,1.0,0.0,-0.0,0.3982381965045795,232.6758899332924,0.924772599108821,631.7911207576776,584.2631168369526,47.52800392072504,1.0,0.0,-0.0,0.3982381965045759,232.67588993328212,0.9247725991087802,631.7911207576833,584.263116836932,47.5280039207513,1.0,,,0.101,236.04229920212086,2337.052467347731,2337.052467347731,0.0,72.44862648777966,-0.0,,,295.4105358091788,0.0,127.02653039794687,4.0,1583.3918976380437,0.0,-0.0,0.0,160.87261680002524
49,1,50,0.1016,0.0,1583.5763111102235,,,,0,0.0,1,2632.4630031569955,2632.4630031569955,0.0,421.19408050511925,87.39777170481226,0.0,,,416.64603870277796,2632.4630031569955,2527.1644830307414,105.29852012628098,2632.4630031570223,0.0,1.0,0.0,-0.0,0.1717062356329449,157.14432091317394,0.96,953.3258961028415,915.1928602587278,38.13303584411369,1.0,0.0,-0.0,0.16287262078136355,135.68128883234232,0.96,867.762028933934,833.0515477765765,34.710481157357385,1.0,0.0,-0.0,0.15896422872139615,123.82042895726171,0.96,811.375078120247,778.9200749954372,32.45500312480991,,,,930.8589518928022,2527.1644830307414,2337.3398070756757,189.82467595508763,2527.1644830307637,0.0,1.0,-0.0,-0.0,0.39823819650457737,232.67588993329113,0.9247725991088303,631.7911207576713,584.2631168369525,47.52800392071879,1.0,0.0,0.0,0.3982732427305624,232.75358601311572,0.9250000000000478,631.7911207576971,584.4067867008999,47.384334056797115,1.0,0.0,-0.0,0.3982381965045847,232.67588993329562,0.9247725991087928,631.7911207576974,584.263116836953,47.52800392074437,1.0,0.0,-0.0,0.3982732427305554,232.7535860130997,0.9249999999999999,631.7911207576977,584.4067867008704,47.384334056827356,1.0,,,0.101,236.07132051464328,2337.3398070756757,2337.3398070756757,0.0,72.45753401934594,-0.0,,,295.12319608134635,0.0,126.90297431497893,4.0,1583.5763111102235,0.0,-0.0,0.0,160.8913532087987
50,1,51,0.1016,0.0,1583.576295717384,,,,0,0.0,1,2632.463003157033,2632.463003157033,0.0,421.1940805051253,87.39777170481351,0.0,,,416.6460387027818,2632.463003157033,2527.1644830307573,105.29852012628166,2632.463003157039,0.0,1.0,0.0,-0.0,0.1717062356329451,157.1443209131743,0.96,953.3258961028426,915.192860258729,38.13303584411374,1.0,0.0,-0.0,0.16287262078136489,135.6812888323459,0.96,867.7620289339499,833.0515477765919,34.710481157358025,1.0,0.0,-0.0,0.15896422872139615,123.82042895726164,0.96,811.3750781202465,778.9200749954366,32.455003124809885,,,,930.858940507753,2527.1644830307573,2337.3397673945456,189.82471563621573,2527.1644830307614,0.0,1.0,-0.0,-0.0,0.39827324273055165,232.75358601309463,0.9250000000000002,631.7911207576899,584.4067867008632,47.384334056826674,1.0,0.0,0.0,0.39820314059897527,232.59818246846837,0.9245451354103171,631.7911207576902,584.1194072919548,47.67171346573548,1.0,0.0,-0.0,0.398273242730552,232.75358601309503,0.925,631.7911207576906,584.4067867008638,47.38433405682679,1.0,0.0,-0.0,0.3982732427305518,232.753586013095,0.925,631.7911207576907,584.4067867008639,47.38433405682679,1.0,,,0.101,236.07131650684912,2337.3397673945456,2337.3397673945456,0.0,72.45753278923091,-0.0,,,295.1232357624933,0.0,126.90299137787213,4.0,1583.576295717384,0.0,-0.0,0.0,160.8913516448862
51,1,52,0.1016,0.0,1583.5763111102233,,,,0,0.0,1,2632.4630031570214,2632.4630031570214,0.0,421.19408050512345,87.39777170481311,0.0,,,416.64603870281843,2632.4630031570214,2527.164483030918,105.29852012628834,2632.463003157206,0.0,1.0,0.0,-0.0,0.17170623563294288,157.14432091316934,0.96,953.3258961028248,915.1928602587118,38.133035844113024,1.0,0.0,-0.0,0.16287262078137987,135.68128883238674,0.96,867.7620289341312,833.0515477767659,34.71048115736528,1.0,0.0,-0.0,0.15896422872139637,123.82042895726232,0.96,811.3750781202499,778.9200749954399,32.45500312481003,,,,930.8589518927677,2527.164483030918,2337.339807075615,189.82467595513697,2527.164483030752,0.0,1.0,-0.0,-0.0,0.3982732427305504,232.753586013093,0.9249999999999999,631.7911207576875,584.406786700861,47.38433405682656,1.0,0.0,0.0,0.3982381965045826,232.67588993329494,0.9247725991088089,631.7911207576878,584.2631168369544,47.528003920733454,1.0,0.0,-0.0,0.3982732427305508,232.7535860130935,0.925,631.7911207576882,584.4067867008616,47.38433405682656,1.0,0.0,-0.0,0.3982381965045788,232.6758899332863,0.9247725991087823,631.7911207576886,584.2631168369383,47.52800392075039,1.0,,,0.101,236.07132051463716,2337.339807075615,2337.339807075615,0.0,72.45753401934407,-0.0,,,295.1231960815913,0.0,126.90297431508425,4.0,1583.5763111102233,0.0,-0.0,0.0,160.89135320879868
52,1,53,0.1016,0.0,1583.4841043741833,,,,0,0.0,1,2632.463003157199,2632.463003157199,0.0,421.1940805051519,87.39777170481901,0.0,,,416.6460387028187,2632.463003157199,2527.164483030919,105.2985201262884,2632.463003157208,0.0,1.0,0.0,-0.0,0.17170623563294335,157.14432091317036,0.96,953.3258961028284,915.1928602587153,38.133035844113174,1.0,0.0,-0.0,0.1628726207813792,135.68128883238538,0.96,867.762028934126,833.0515477767609,34.71048115736507,1.0,0.0,-0.0,0.15896422872139654,123.82042895726295,0.96,811.3750781202532,778.9200749954431,32.455003124810155,,,,930.7812558129802,2527.164483030919,2337.196137211724,189.96834581904398,2527.1644830307678,0.0,1.0,-0.0,-0.0,0.39823819650458253,232.6758899332949,0.9247725991088092,631.7911207576877,584.2631168369544,47.52800392073334,1.0,0.0,0.0,0.39827324273055315,232.75358601309662,0.925,631.791120757693,584.4067867008661,47.3843340568269,1.0,0.0,-0.0,0.39823819650458414,232.67588993329613,0.924772599108802,631.7911207576933,584.2631168369551,47.52800392073823,1.0,0.0,-0.0,0.3982381965045826,232.6758899332925,0.9247725991087906,631.7911207576938,584.2631168369483,47.528003920745505,1.0,,,0.101,236.05680985838413,2337.196137211724,2337.196137211724,0.0,72.45308025356344,-0.0,,,295.2668659454838,0.0,126.96475235655804,4.0,1583.4841043741833,0.0,-0.0,0.0,160.881985004417
53,1,54,0.1016,0.0,1583.576309833379,,,,0,0.0,1,2632.4630031570027,2632.4630031570027,0.0,421.19408050512044,87.3977717048125,0.0,,,416.6460387027807,2632.4630031570027,2527.1644830307328,105.29852012628064,2632.463003157013,0.0,1.0,0.0,-0.0,0.1717062356329435,157.1443209131707,0.96,953.3258961028298,915.1928602587166,38.13303584411322,1.0,0.0,-0.0,0.162872620781379,135.68128883238452,0.96,867.7620289341214,833.0515477767565,34.71048115736489,1.0,0.0,-0.0,0.1589642287213859,123.82042895722549,0.96,811.375078120062,778.9200749952595,32.45500312480251,,,,930.8589511004668,2527.1644830307328,2337.3398022785286,189.82468075222891,2527.1644830307578,0.0,1.0,-0.0,-0.0,0.39827324273055054,232.7535860130931,0.925,631.7911207576876,584.4067867008611,47.38433405682656,1.0,0.0,0.0,0.39827324273055065,232.7535860130933,0.925,631.791120757688,584.4067867008614,47.38433405682656,1.0,0.0,-0.0,0.398238196504583,232.67588993329562,0.9247725991088102,631.7911207576883,584.2631168369555,47.52800392073277,1.0,0.0,-0.0,0.3982381984182408,232.67588914098488,0.9247725915159369,631.7911207576935,584.2631120398505,47.52800871784302,1.0,,,0.101,236.0713200301314,2337.3398022785286,2337.3398022785286,0.0,72.45753387063439,-0.0,,,295.12320087848457,0.0,126.90297637774836,4.0,1583.576309833379,0.0,-0.0,0.0,160.89135307907128
54,1,55,0.1016,0.0,1583.484146607371,,,,0,0.0,1,2632.4630031570055,2632.4630031570055,0.0,421.1940805051209,87.39777170481258,0.0,,,416.64603870278063,2632.4630031570055,2527.1644830307323,105.2985201262806,2632.4630031570127,0.0,1.0,0.0,-0.0,0.17170623563294374,157.14432091317124,0.96,953.3258961028316,915.1928602587183,38.1330358441133,1.0,0.0,-0.0,0.16287262078137876,135.68128883238415,0.96,867.7620289341205,833.0515477767557,34.71048115736485,1.0,0.0,-0.0,0.15896422872138583,123.8204289572252,0.96,811.3750781200605,778.920074995258,32.455003124802445,,,,930.7812961536661,2527.1644830307323,2337.1961559497477,189.96832708103545,2527.1644830307832,0.0,1.0,-0.0,-0.0,0.3982732427305541,232.75358601309765,0.925,631.7911207576942,584.4067867008672,47.384334056827015,1.0,0.0,0.0,0.39827324273055387,232.75358601309765,0.9250000000000002,631.7911207576946,584.4067867008675,47.384334056827015,1.0,0.0,-0.0,0.39827324273055387,232.75358601309765,0.925,631.7911207576947,584.4067867008675,47.38433405682713,1.0,0.0,-0.0,0.39816810862352064,232.52053811437315,0.9243178269849536,631.7911207576998,583.9757958471455,47.815324910554295,1.0,,,0.101,236.05681175092454,2337.1961559497477,2337.1961559497477,0.0,72.45308083444218,-0.0,,,295.26684720726513,0.0,126.964744299124,4.0,1583.484146607371,0.0,-0.0,0.0,160.8819892953089
55,1,56,0.1016,0.0,1583.4840920604752,,,,0,0.0,1,2632.463003156872,2632.463003156872,0.0,421.1940805050995,87.39777170480816,0.0,,,416.64603870277915,2632.463003156872,2527.1644830307255,105.29852012628032,2632.463003157006,0.0,1.0,0.0,-0.0,0.1717062356329435,157.1443209131707,0.96,953.3258961028298,915.1928602587166,38.13303584411322,1.0,0.0,-0.0,0.16287262078137865,135.68128883238344,0.96,867.7620289341166,833.0515477767519,34.7104811573647,1.0,0.0,-0.0,0.15896422872138577,123.82042895722496,0.96,811.3750781200592,778.9200749952569,32.455003124802396,,,,930.7812470224682,2527.1644830307255,2337.19610232899,189.968380701613,2527.164483030603,0.0,1.0,-0.0,-0.0,0.3982732427305534,232.75358601309705,0.925,631.7911207576938,584.4067867008667,47.384334056827015,1.0,0.0,0.0,0.39820314176950294,232.59818506297623,0.9245451430053934,631.7911207576942,584.1194120904602,47.67170866723404,1.0,0.0,-0.0,0.39823819650458425,232.67588993329682,0.9247725991088027,631.7911207576946,584.2631168369567,47.52800392073789,1.0,0.0,-0.0,0.3982732427305543,232.753586013098,0.925,631.7911207575205,584.4067867007064,47.384334056814055,1.0,,,0.101,236.056806335228,2337.19610232899,2337.19610232899,0.0,72.45307917219868,-0.0,,,295.26690082801565,0.0,126.96476735604672,4.0,1583.4840920604752,0.0,-0.0,0.0,160.88198375334426
56,1,57,0.1016,0.0,1583.5763080315696,,,,0,0.0,1,2632.463003156989,2632.463003156989,0.0,421.1940805051183,87.39777170481204,0.0,,,416.6460387027767,2632.463003156989,2527.164483030716,105.29852012627993,2632.463003156996,0.0,1.0,0.0,-0.0,0.1717062356329429,157.1443209131694,0.96,953.325896102825,915.192860258712,38.13303584411303,1.0,0.0,-0.0,0.16287262078137849,135.68128883238307,0.96,867.762028934115,833.0515477767505,34.71048115736463,1.0,0.0,-0.0,0.15896422872138552,123.82042895722422,0.96,811.3750781200557,778.9200749952535,32.45500312480226,,,,930.8589492986631,2527.164483030716,2337.339802278513,189.82468075211182,2527.164483030625,0.0,1.0,-0.0,-0.0,0.39823819533438815,232.67588733918407,0.9247725915158481,631.7911207577015,584.2631120398017,47.52800871789975,1.0,0.0,0.0,0.39823819650458697,232.67588993329892,0.9247725991087941,631.7911207577018,584.2631168369579,47.52800392074391,1.0,0.0,-0.0,0.3982732427305574,232.75358601310242,0.925,631.791120757702,584.4067867008744,47.38433405682758,1.0,0.0,-0.0,0.3982732427305119,232.7535860130777,0.9250000000002744,631.7911207575196,584.406786700879,47.38433405664057,1.0,,,0.101,236.07132003012984,2337.339802278513,2337.339802278513,0.0,72.45753387063391,-0.0,,,295.1232008784827,0.0,126.90297637774755,4.0,1583.5763080315696,0.0,-0.0,0.0,160.89135289600748
57,1,58,0.1016,0.0,1583.5763098333787,,,,0,0.0,1,2632.46300315701,2632.46300315701,0.0,421.19408050512163,87.39777170481273,0.0,,,416.64603870279143,2632.46300315701,2527.16448303074,105.29852012628092,2632.463003157021,0.0,1.0,0.0,-0.0,0.17170623563296433,157.14432091321748,0.96,953.325896102998,915.192860258878,38.13303584411995,1.0,0.0,-0.0,0.16287262078136627,135.68128883234994,0.96,867.7620289339682,833.0515477766094,34.71048115735876,1.0,0.0,-0.0,0.15896422872138546,123.82042895722401,0.96,811.3750781200546,778.9200749952523,32.45500312480221,,,,930.8589511004585,2527.16448303074,2337.3398022785036,189.8246807522877,2527.1644830307914,0.0,1.0,-0.0,-0.0,0.39823819650458403,232.67588993329701,0.92477259910881,631.7911207576905,584.2631168369575,47.528003920733,1.0,0.0,0.0,0.3982732427305572,232.7535860131021,0.925,631.7911207577015,584.4067867008739,47.38433405682758,1.0,0.0,-0.0,0.3982732427305551,232.75358601309927,0.925,631.7911207576971,584.4067867008698,47.38433405682724,1.0,0.0,-0.0,0.39823819841823127,232.6758891409601,0.9247725915158481,631.7911207577023,584.2631120398024,47.528008717899866,1.0,,,0.101,236.07132003012887,2337.3398022785036,2337.3398022785036,0.0,72.45753387063361,-0.0,,,295.1232008785172,0.0,126.90297637776239,4.0,1583.5763098333787,0.0,-0.0,0.0,160.89135307907128
58,1,59,0.1016,0.0,1583.576309833379,,,,0,0.0,1,2632.4630031570423,2632.4630031570423,0.0,421.19408050512675,87.3977717048138,0.0,,,416.64603870278927,2632.4630031570423,2527.164483030765,105.29852012628197,2632.463003157047,0.0,1.0,0.0,-0.0,0.17170623563294507,157.14432091317425,0.96,953.3258961028424,915.1928602587287,38.13303584411373,1.0,0.0,-0.0,0.1628726207813816,135.6812888323916,0.96,867.7620289341531,833.051547776787,34.710481157366154,1.0,0.0,-0.0,0.15896422872138527,123.82042895722338,0.96,811.3750781200514,778.9200749952494,32.45500312480208,,,,930.85895110046,2527.164483030765,2337.33980227851,189.8246807522671,2527.164483030777,0.0,1.0,-0.0,-0.0,0.39827324273055237,232.75358601309557,0.9250000000000002,631.7911207576914,584.4067867008646,47.38433405682679,1.0,0.0,0.0,0.39827324273055253,232.75358601309577,0.925,631.7911207576917,584.4067867008648,47.3843340568269,1.0,0.0,-0.0,0.39823819650458614,232.67588993329906,0.9247725991088038,631.791120757697,584.2631168369595,47.52800392073743,1.0,0.0,-0.0,0.39823819841823466,232.67588914096956,0.9247725915158852,631.7911207576971,584.2631120398211,47.52800871787599,1.0,,,0.101,236.07132003012953,2337.33980227851,2337.33980227851,0.0,72.45753387063381,-0.0,,,295.12320087853726,0.0,126.90297637777103,4.0,1583.576309833379,0.0,-0.0,0.0,160.89135307907128
59,1,60,0.1016,0.0,1583.4841012955642,,,,0,0.0,1,2632.4630031572046,2632.4630031572046,0.0,421.1940805051527,87.39777170481919,0.0,,,416.64603870282326,2632.4630031572046,2527.164483030931,105.2985201262889,2632.46300315722,0.0,1.0,0.0,-0.0,0.17170623563294524,157.14432091317465,0.96,953.325896102844,915.1928602587302,38.13303584411379,1.0,0.0,-0.0,0.16287262078138143,135.6812888323911,0.96,867.7620289341506,833.0515477767846,34.710481157366054,1.0,0.0,-0.0,0.15896422872139493,123.82042895725746,0.96,811.3750781202255,778.9200749954164,32.455003124809046,,,,930.7812532188577,2527.164483030931,2337.196132414684,189.9683506160752,2527.1644830307596,0.0,1.0,-0.0,-0.0,0.39823819533433136,232.67588733912453,0.9247725915155087,631.791120757691,584.2631120397356,47.52800871795546,1.0,0.0,0.0,0.3982732427305905,232.75358601318263,0.9250000000002659,631.7911207576856,584.4067867010272,47.38433405665842,1.0,0.0,-0.0,0.3982381965045426,232.675889933274,0.9247725991085556,631.791120757686,584.2631168369604,47.52800392072561,1.0,0.0,-0.0,0.3982381965045467,232.6758899332766,0.9247725991085488,631.7911207576967,584.263116836961,47.52800392073573,1.0,,,0.101,236.0568093738831,2337.196132414684,2337.196132414684,0.0,72.4530801048552,-0.0,,,295.26687074253556,0.0,126.96475441929029,4.0,1583.4841012955642,0.0,-0.0,0.0,160.88198469162933
60,1,61,0.1016,0.0,1583.576304952788,,,,0,0.0,1,2632.4630031570387,2632.4630031570387,0.0,421.1940805051262,87.39777170481368,0.0,,,416.6460387028215,2632.4630031570387,2527.164483030923,105.29852012628857,2632.4630031572115,0.0,1.0,0.0,-0.0,0.17170623563294557,157.14432091317536,0.96,953.3258961028465,915.1928602587326,38.13303584411389,1.0,0.0,-0.0,0.16287262078138054,135.68128883238873,0.96,867.7620289341403,833.0515477767747,34.71048115736564,1.0,0.0,-0.0,0.15896422872139498,123.82042895725743,0.96,811.375078120225,778.9200749954159,32.45500312480903,,,,930.8589467043842,2527.164483030923,2337.3397974810127,189.82468554975583,2527.1644830307687,0.0,1.0,-0.0,-0.0,0.3982381965045846,232.6758899332977,0.9247725991088093,631.7911207576919,584.2631168369584,47.52800392073357,1.0,0.0,0.0,0.39823819416410955,232.67588474489443,0.9247725839224058,631.791120757692,584.2631072423236,47.52801351536846,1.0,0.0,-0.0,0.39827324273055276,232.75358601309608,0.9249999999999999,631.7911207576922,584.4067867008653,47.3843340568269,1.0,0.0,-0.0,0.3982732427305524,232.75358601309603,0.925,631.7911207576925,584.4067867008656,47.3843340568269,1.0,,,0.101,236.0713195455823,2337.3397974810127,2337.3397974810127,0.0,72.45753372191139,-0.0,,,295.12320567619855,0.0,126.90297844076538,4.0,1583.576304952788,0.0,-0.0,0.0,160.89135258320326
61,1,62,0.1016,0.0,1583.576311110223,,,,0,0.0,1,2632.4630031570478,2632.4630031570478,0.0,421.19408050512766,87.39777170481399,0.0,,,416.64603870278756,2632.4630031570478,2527.1644830307773,105.29852012628247,2632.4630031570596,0.0,1.0,0.0,-0.0,0.1717062356329461,157.14432091317653,0.96,953.3258961028506,915.1928602587366,38.133035844114055,1.0,0.0,-0.0,0.16287262078136788,135.68128883235426,0.96,867.7620289339873,833.0515477766278,34.710481157359524,1.0,0.0,-0.0,0.15896422872139482,123.82042895725681,0.96,811.3750781202217,778.9200749954128,32.4550031248089,,,,930.8589518927937,2527.1644830307773,2337.3398070756616,189.82467595509536,2527.164483030757,0.0,1.0,-0.0,-0.0,0.3982732427305556,232.7535860131052,0.9250000000000373,631.7911207576863,584.4067867008833,47.38433405680291,1.0,0.0,0.0,0.39827324273055004,232.75358601309244,0.925,631.7911207576866,584.4067867008602,47.38433405682645,1.0,0.0,-0.0,0.3982381965045847,232.67588993329798,0.9247725991088104,631.7911207576918,584.263116836959,47.528003920732885,1.0,0.0,-0.0,0.3982381965045848,232.6758899332981,0.92477259910881,631.7911207576922,584.2631168369591,47.52800392073311,1.0,,,0.101,236.07132051464183,2337.3398070756616,2337.3398070756616,0.0,72.45753401934552,-0.0,,,295.1231960813983,0.0,126.90297431500127,4.0,1583.576311110223,0.0,-0.0,0.0,160.89135320879865
62,1,63,0.1016,0.0,1583.5763111102233,,,,0,0.0,1,2632.4630031569714,2632.4630031569714,0.0,421.1940805051154,87.39777170481145,0.0,,,416.64603870278603,2632.4630031569714,2527.1644830307705,105.2985201262822,2632.4630031570528,0.0,1.0,0.0,-0.0,0.17170623563294574,157.14432091317573,0.96,953.3258961028479,915.192860258734,38.13303584411395,1.0,0.0,-0.0,0.16287262078136783,135.6812888323541,0.96,867.7620289339866,833.0515477766271,34.710481157359496,1.0,0.0,-0.0,0.15896422872139465,123.82042895725618,0.96,811.3750781202184,778.9200749954097,32.45500312480876,,,,930.8589518927938,2527.1644830307705,2337.3398070756775,189.82467595502533,2527.1644830307027,0.0,1.0,-0.0,-0.0,0.39823819650458,232.67588993329446,0.9247725991088318,631.7911207576751,584.263116836957,47.528003920718106,1.0,0.0,0.0,0.3982732427305442,232.75358601308494,0.925,631.7911207576755,584.4067867008498,47.38433405682565,1.0,0.0,-0.0,0.39823819650458026,232.67588993329503,0.924772599108832,631.791120757676,584.263116836958,47.52800392071799,1.0,0.0,-0.0,0.3982732427305602,232.75358601311933,0.9250000000000984,631.7911207576761,584.4067867009126,47.38433405676358,1.0,,,0.101,236.07132051464345,2337.3398070756775,2337.3398070756775,0.0,72.457534019346,-0.0,,,295.1231960813753,0.0,126.90297431499137,4.0,1583.5763111102233,0.0,-0.0,0.0,160.89135320879868
63,1,64,0.1016,0.0,1583.5762957173524,,,,0,0.0,1,2632.4630031569486,2632.4630031569486,0.0,421.19408050511174,87.3977717048107,0.0,,,416.6460387027664,2632.4630031569486,2527.164483030675,105.29852012627822,2632.463003156953,0.0,1.0,0.0,-0.0,0.17170623563294568,157.14432091317562,0.96,953.3258961028473,915.1928602587334,38.13303584411393,1.0,0.0,-0.0,0.16287262078136766,135.68128883235386,0.96,867.762028933986,833.0515477766265,34.710481157359474,1.0,0.0,-0.0,0.15896422872138918,123.82042895723689,0.96,811.37507812012,778.9200749953151,32.455003124804826,,,,930.8589405077378,2527.164483030675,2337.3397673945365,189.82471563615638,2527.164483030693,0.0,1.0,-0.0,-0.0,0.39827324273054154,232.75358601308096,0.9249999999999999,631.791120757669,584.4067867008438,47.384334056825196,1.0,0.0,0.0,0.39827324273054165,232.75358601308116,0.9249999999999999,631.7911207576693,584.4067867008441,47.384334056825196,1.0,0.0,-0.0,0.3982031405989821,232.59818246848909,0.9245451354104031,631.791120757677,584.1194072919968,47.67171346568023,1.0,0.0,-0.0,0.39827324273054565,232.75358601308653,0.925,631.7911207576775,584.4067867008517,47.384334056825764,1.0,,,0.101,236.0713165068482,2337.3397673945365,2337.3397673945365,0.0,72.45753278923063,-0.0,,,295.1232357624164,0.0,126.90299137783906,4.0,1583.5762957173524,0.0,-0.0,0.0,160.891351644883
64,1,65,0.1016,0.0,1583.48410437413,,,,0,0.0,1,2632.4630031570473,2632.4630031570473,0.0,421.1940805051276,87.39777170481398,0.0,,,416.6460387027944,2632.4630031570473,2527.164483030771,105.29852012628223,2632.463003157053,0.0,1.0,0.0,-0.0,0.17170623563295834,157.14432091320404,0.96,953.3258961029496,915.1928602588316,38.13303584411802,1.0,0.0,-0.0,0.16287262078136777,135.6812888323539,0.96,867.7620289339858,833.0515477766263,34.71048115735946,1.0,0.0,-0.0,0.15896422872138902,123.82042895723647,0.96,811.3750781201181,778.9200749953134,32.455003124804755,,,,930.781255812954,2527.164483030771,2337.1961372117007,189.968345818976,2527.164483030677,0.0,1.0,-0.0,-0.0,0.39823819650457787,232.67588993329247,0.9247725991088382,631.7911207576686,584.2631168369551,47.52800392071356,1.0,0.0,0.0,0.39827324273054154,232.75358601308096,0.9249999999999999,631.791120757669,584.4067867008438,47.384334056825196,1.0,0.0,-0.0,0.3982381965045776,232.67588993329167,0.9247725991088347,631.7911207576693,584.2631168369535,47.52800392071583,1.0,0.0,-0.0,0.39823819650457637,232.67588993328886,0.9247725991088259,631.7911207576697,584.2631168369483,47.5280039207214,1.0,,,0.101,236.0568098583818,2337.1961372117007,2337.1961372117007,0.0,72.45308025356272,-0.0,,,295.2668659453524,0.0,126.96475235650152,4.0,1583.48410437413,0.0,-0.0,0.0,160.8819850044116
65,1,66,0.15246,0.0,610.9480956500714,,,,0,0.0,1,1083.3333333333333,1083.3333333333333,0.0,173.33333333333334,35.96666666666667,0.0,,,189.45364671224755,1083.3333333333333,1040.0,43.333333333333336,1083.3333333333333,0.0,1.0,0.0,-0.0,0.1771439916505799,67.1801081972146,0.96,395.041788999167,379.24011743920033,15.801671559966694,1.0,0.0,-0.0,0.18504988232814285,61.13676925751642,0.96,344.14577216708165,330.3799412803984,13.765830886683277,1.0,0.0,-0.0,0.18504988232814282,61.13676925751647,0.96,344.14577216708176,330.3799412803985,13.765830886683283,,,,325.5460893533598,1040.0,949.9837582620207,90.01624173797967,1040.0,0.0,1.0,-0.0,-0.0,0.34268354600469436,162.76911849768294,0.9134303043500391,520.0,474.98375826202033,45.01624173797967,1.0,0.0,0.0,0.3426883596961615,162.77697085567686,0.9134615384615394,520.0,475.0,45.0,-0.0,0.0,1.0,0.08724817754776784,0.0,0.8800000000000001,0.0,0.0,0.0,-0.0,0.0,1.0,0.08724817754776784,0.0,0.8800000000000001,0.0,0.0,0.0,1.0,,,0.101,95.9483595844641,949.9837582620207,949.9837582620207,0.0,29.449496506122642,-0.0,,,133.34957507130997,0.0,57.340317280663285,2.0,610.9480956500714,0.0,0.0,0.0,93.14514666280989
66,1,67,0.15246,0.0,610.9480956500713,,,,0,0.0,1,1083.3333333333333,1083.3333333333333,0.0,173.33333333333334,35.96666666666667,0.0,,,189.4536467122456,1083.3333333333333,1040.0,43.333333333333336,1083.3333333333333,0.0,1.0,0.0,-0.0,0.17714399165058253,67.18010819721252,0.96,395.0417889991486,379.24011743918265,15.801671559965957,1.0,0.0,-0.0,0.18504988232814287,61.13676925751655,0.96,344.1457721670821,330.3799412803988,13.765830886683297,1.0,0.0,-0.0,0.18504988232814268,61.136769257516534,0.96,344.1457721670825,330.3799412803992,13.765830886683313,,,,325.5460893533611,1040.0,949.9837582620262,90.01624173797353,1040.0,0.0,1.0,-0.0,-0.0,0.3426835460046961,162.7691184976858,0.9134303043500506,520.0,474.98375826202624,45.016241737973644,1.0,0.0,0.0,0.34268835969615846,162.77697085567527,0.9134615384615387,520.0,475.0,45.0,-0.0,0.0,-0.0,0.08724817754776784,0.0,0.8800000000000001,0.0,0.0,0.0,-0.0,0.0,-0.0,0.08724817754776784,0.0,0.8800000000000001,0.0,0.0,0.0,1.0,,,0.101,95.94835958446465,949.9837582620262,949.9837582620262,0.0,29.449496506122813,-0.0,,,133.349575071287,0.0,57.34031728065341,2.0,610.9480956500713,0.0,0.0,0.0,93.14514666280988
67,1,68,0.15246,0.0,610.948095727802,,,,0,0.0,1,1083.3333333333333,1083.3333333333333,0.0,173.33333333333334,35.96666666666667,0.0,,,189.45364671224513,1083.3333333333333,1040.0,43.333333333333336,1083.3333333333333,0.0,1.0,0.0,-0.0,0.177143991650583,67.18010819721209,0.96,395.0417889991453,379.24011743917947,15.801671559965826,1.0,0.0,-0.0,0.18504988232814307,61.136769257516455,0.96,344.1457721670812,330.37994128039793,13.76583088668326,1.0,0.0,-0.0,0.18504988232814265,61.136769257516576,0.96,344.14577216708267,330.37994128039935,13.765830886683318,,,,325.54608943117046,1040.0,949.9837582612513,90.01624173875342,1040.0,0.0,1.0,-0.0,-0.0,0.34268835969616296,162.77697085567928,0.9134615384615491,520.0,475.0,45.0,1.0,0.0,0.0,0.3426835460044647,162.7691185754912,0.9134303043485508,520.0,474.9837582612459,45.016241738753536,-0.0,0.0,-0.0,0.08724817754776784,0.0,0.8800000000000001,0.0,0.0,0.0,-0.0,0.0,-0.0,0.08724817754776784,0.0,0.8800000000000001,0.0,0.0,0.0,1.0,,,0.101,95.94835958438638,949.9837582612513,949.9837582612513,0.0,29.44949650609879,-0.0,,,133.34957507206332,0.0,57.34031728098723,2.0,610.948095727802,0.0,0.0,0.0,93.1451466746607
68,1,69,0.15246,0.0,610.9479938117881,,,,0,0.0,1,1083.3333333333333,1083.3333333333333,0.0,173.33333333333334,35.96666666666667,0.0,,,189.45364671224473,1083.3333333333333,1040.0,43.333333333333336,1083.3333333333333,0.0,1.0,0.0,-0.0,0.1771439916505835,67.18010819721172,0.96,395.0417889991418,379.24011743917606,15.801671559965685,1.0,0.0,-0.0,0.1850498823281428,61.13676925751645,0.96,344.1457721670819,330.3799412803986,13.765830886683288,1.0,0.0,-0.0,0.1850498823281428,61.136769257516505,0.96,344.145772167082,330.37994128039867,13.765830886683291,,,,325.54600512722584,1040.0,949.9835838843323,90.01641611567277,1040.0,0.0,1.0,-0.0,-0.0,0.34268835969616296,162.77697085567922,0.9134615384615489,520.0,475.0,45.0,1.0,0.0,0.0,0.3426834943230076,162.7690342715466,0.9134299690083214,520.0,474.983583884327,45.01641611567288,-0.0,0.0,-0.0,0.08724817754776784,0.0,0.8800000000000001,0.0,0.0,0.0,-0.0,0.0,-0.0,0.08724817754776784,0.0,0.8800000000000001,0.0,0.0,0.0,1.0,,,0.101,95.94834197231758,949.9835838843323,949.9835838843323,0.0,29.449491100414303,-0.0,,,133.34974944897866,0.0,57.34039226306082,2.0,610.9479938117881,0.0,0.0,0.0,93.14513113654523
69,1,70,0.15246,0.0,610.9479938118011,,,,0,0.0,1,1083.3333333333333,1083.3333333333333,0.0,173.33333333333334,35.96666666666667,0.0,,,189.4536467122607,1083.3333333333333,1040.0,43.333333333333336,1083.3333333333333,0.0,1.0,0.0,-0.0,0.17714399165057998,67.18010819721442,0.96,395.04178899916565,379.240117439199,15.801671559966639,1.0,0.0,-0.0,0.18504988232814298,61.1367692575165,0.96,344.1457721670816,330.3799412803983,13.765830886683275,1.0,0.0,-0.0,0.1850498823281429,61.13676925751651,0.96,344.1457721670818,330.37994128039855,13.765830886683284,,,,325.5460051272229,1040.0,949.9835838843318,90.01641611567118,1040.0,0.0,1.0,-0.0,-0.0,0.3426834943230068,162.76903427154622,0.9134299690083215,520.0,474.983583884327,45.01641611567277,1.0,0.0,0.0,0.3426883596961614,162.77697085567667,0.9134615384615412,520.0,475.0,45.0,-0.0,0.0,-0.0,0.08724817754776784,0.0,0.8800000000000001,0.0,0.0,0.0,-0.0,0.0,-0.0,0.08724817754776784,0.0,0.8800000000000001,0.0,0.0,0.0,1.0,,,0.101,95.94834197231752,949.9835838843318,949.9835838843318,0.0,29.449491100414285,-0.0,,,133.34974944900188,0.0,57.340392263070804,2.0,610.9479938118011,0.0,0.0,0.0,93.1451311365472
70,1,71,0.1016,0.0,1583.229473847076,,,,0,0.0,1,2632.463003156805,2632.463003156805,0.0,421.1940805050888,87.39777170480592,0.0,,,416.2992014397455,2632.463003156805,2527.1644830305554,105.29852012627322,2632.4630031568286,0.0,1.0,0.0,-0.0,0.17170623563294038,157.14432091316365,0.96,953.3258961028043,915.1928602586921,38.13303584411221,1.0,0.0,-0.0,0.16153576401096886,131.93448324519437,0.96,850.7822043116018,816.7509161391378,34.0312881724641,1.0,0.0,-0.0,0.15998124321999643,127.22039728138748,0.96,828.3549027424223,795.2207066327253,33.13419610969692,,,,930.8589518927007,2527.1644830305554,2337.339807075542,189.82467595502737,2527.164483030569,0.0,1.0,-0.0,-0.0,0.3982732427305269,232.75358601306124,0.9249999999999999,631.7911207576386,584.4067867008157,47.38433405682292,1.0,0.0,0.0,0.3982732427305271,232.7535860130615,0.9249999999999999,631.791120757639,584.406786700816,47.38433405682292,1.0,1.0,-0.0,0.3982381965045596,232.67588993326163,0.9247725991087916,631.7911207576458,584.2631168369045,47.5280039207413,1.0,1.0,-0.0,0.39823819650458436,232.6758899333164,0.9247725991089516,631.7911207576459,584.2631168370057,47.52800392064023,1.0,,,0.101,236.07132051462975,2337.339807075542,2337.339807075542,0.0,72.45753401934181,-0.0,,,295.12319608128695,0.0,126.90297431495338,4.0,1583.229473847076,0.0,-0.0,0.0,160.8561145428629
71,1,72,0.1016,0.0,1583.41388731914,,,,0,0.0,1,2632.4630031568267,2632.4630031568267,0.0,421.1940805050923,87.39777170480664,0.0,,,416.2992014397522,2632.4630031568267,2527.164483030566,105.29852012627367,2632.4630031568395,0.0,1.0,0.0,-0.0,0.17170623563294796,157.14432091318076,0.96,953.3258961028661,915.1928602587514,38.13303584411468,1.0,0.0,-0.0,0.16153576401096895,131.9344832451946,0.96,850.7822043116028,816.7509161391387,34.03128817246414,1.0,0.0,-0.0,0.15998124321999302,127.22039728137683,0.96,828.3549027423707,795.2207066326758,33.134196109694855,,,,931.0143440522565,2527.164483030566,2337.627146803279,189.53733622729283,2527.1644830305722,0.0,1.0,-0.0,-0.0,0.3982732427305295,232.7535860130647,0.925,631.7911207576439,584.4067867008206,47.38433405682326,1.0,0.0,0.0,0.39827324273052966,232.75358601306493,0.9250000000000002,631.7911207576442,584.4067867008209,47.38433405682326,1.0,0.0,-0.0,0.3982732427305302,232.75358601306576,0.925,631.7911207576456,584.4067867008222,47.38433405682338,1.0,0.0,-0.0,0.3982732427305269,232.75358601306124,0.9249999999999999,631.7911207576386,584.4067867008157,47.38433405682292,1.0,,,0.101,236.10034182713122,2337.627146803279,2337.627146803279,0.0,72.46644155090165,-0.0,,,294.83585635356013,0.0,126.77941823203085,4.0,1583.41388731914,0.0,-0.0,0.0,160.8748509516246
72,1,73,0.1016,0.0,1583.3216805830727,,,,0,0.0,1,2632.4630031568267,2632.4630031568267,0.0,421.19408050509224,87.39777170480664,0.0,,,416.29920143974977,2632.4630031568267,2527.1644830305536,105.29852012627316,2632.4630031568267,0.0,1.0,0.0,-0.0,0.17170623563294818,157.14432091318122,0.96,953.3258961028677,915.192860258753,38.13303584411474,1.0,0.0,-0.0,0.16153576401096928,131.93448324519557,0.96,850.7822043116073,816.750916139143,34.03128817246432,1.0,0.0,-0.0,0.1599812432199918,127.22039728137297,0.96,828.3549027423519,795.2207066326578,33.1341961096941,,,,930.9366479724478,2527.1644830305536,2337.4834769393583,189.68100609120233,2527.164483030559,0.0,1.0,-0.0,-0.0,0.39827324273052767,232.75358601306195,0.925,631.7911207576393,584.4067867008164,47.38433405682292,1.0,0.0,0.0,0.39827324273052783,232.75358601306218,0.925,631.7911207576396,584.4067867008167,47.38433405682292,1.0,0.0,-0.0,0.3982381965045584,232.67588993326166,0.9247725991088033,631.7911207576398,584.2631168369063,47.528003920733454,1.0,0.0,-0.0,0.39827324273052717,232.75358601306198,0.925,631.7911207576402,584.4067867008172,47.384334056823036,1.0,,,0.101,236.0858311708752,2337.4834769393583,2337.4834769393583,0.0,72.4619877851201,-0.0,,,294.97952621747004,0.0,126.84119627351211,4.0,1583.3216805830727,0.0,-0.0,0.0,160.86548274724018
73,1,74,0.1016,0.0,1583.3216805830884,,,,0,0.0,1,2632.4630031568386,2632.4630031568386,0.0,421.1940805050942,87.39777170480704,0.0,,,416.299201439754,2632.4630031568386,2527.1644830305704,105.29852012627387,2632.4630031568445,0.0,1.0,0.0,-0.0,0.17170623563294823,157.14432091318147,0.96,953.3258961028688,915.192860258754,38.13303584411479,1.0,0.0,-0.0,0.1615357640109725,131.93448324520483,0.96,850.78220431165,816.750916139184,34.031288172466034,1.0,0.0,-0.0,0.15998124321999022,127.22039728136764,0.96,828.3549027423254,795.2207066326324,33.13419610969304,,,,930.936647972458,2527.1644830305704,2337.483476939371,189.68100609120745,2527.164483030578,0.0,1.0,-0.0,-0.0,0.3982732427305295,232.7535860130647,0.925,631.7911207576439,584.4067867008206,47.38433405682326,1.0,0.0,0.0,0.3982732427305297,232.75358601306502,0.925,631.7911207576443,584.406786700821,47.38433405682326,1.0,0.0,-0.0,0.3982381965045595,232.67588993326262,0.9247725991087974,631.7911207576446,584.2631168369071,47.52800392073755,1.0,0.0,-0.0,0.39827324273053016,232.75358601306564,0.925,631.7911207576453,584.406786700822,47.38433405682338,1.0,,,0.101,236.0858311708765,2337.483476939371,2337.483476939371,0.0,72.4619877851205,-0.0,,,294.97952621747356,0.0,126.84119627351363,4.0,1583.3216805830884,0.0,-0.0,0.0,160.86548274724177
74,1,75,0.1016,0.0,1583.2294738470653,,,,0,0.0,1,2632.463003156804,2632.463003156804,0.0,421.19408050508866,87.39777170480589,0.0,,,416.29920143974795,2632.463003156804,2527.164483030544,105.29852012627276,2632.4630031568167,0.0,1.0,0.0,-0.0,0.17170623563294823,157.14432091318133,0.96,953.3258961028679,915.1928602587532,38.13303584411475,1.0,0.0,-0.0,0.16153576401097042,131.93448324519878,0.96,850.782204311622,816.7509161391571,34.03128817246491,1.0,0.0,-0.0,0.1599812432199902,127.22039728136788,0.96,828.3549027423271,795.220706632634,33.134196109693114,,,,930.8589518926893,2527.164483030544,2337.339807075525,189.8246759550275,2527.1644830305527,0.0,1.0,-0.0,-0.0,0.39827324273052594,232.7535860130599,0.925,631.7911207576365,584.4067867008138,47.384334056822695,1.0,0.0,0.0,0.39823819650455844,232.67588993326282,0.9247725991088124,631.7911207576366,584.2631168369091,47.52800392072743,1.0,0.0,-0.0,0.3982732427305262,232.75358601306033,0.925,631.7911207576373,584.4067867008145,47.38433405682281,1.0,0.0,-0.0,0.39823819650457914,232.67588993330628,0.9247725991089285,631.7911207576425,584.2631168369879,47.528003920654555,1.0,,,0.101,236.07132051462807,2337.339807075525,2337.339807075525,0.0,72.45753401934128,-0.0,,,295.1231960812916,0.0,126.90297431495539,4.0,1583.2294738470653,0.0,-0.0,0.0,160.85611454286183
75,1,76,0.1016,0.0,1583.32168058311,,,,0,0.0,1,2632.4630031568413,2632.4630031568413,0.0,421.1940805050946,87.39777170480713,0.0,,,416.2992014397547,2632.4630031568413,2527.1644830305695,105.29852012627381,2632.463003156843,0.0,1.0,0.0,-0.0,0.1717062356329506,157.14432091318668,0.96,953.3258961028873,915.1928602587718,38.133035844115525,1.0,0.0,-0.0,0.16153576401097083,131.93448324520006,0.96,850.7822043116281,816.750916139163,34.03128817246515,1.0,0.0,-0.0,0.1599812432199902,127.22039728136797,0.96,828.3549027423276,795.2207066326345,33.134196109693136,,,,930.9366479724763,2527.1644830305695,2337.483476939397,189.6810060912046,2527.1644830306013,0.0,1.0,-0.0,-0.0,0.39823819650455955,232.67588993326328,0.9247725991088047,631.7911207576414,584.2631168369087,47.52800392073266,1.0,0.0,0.0,0.39827324273053105,232.7535860130666,0.925,631.7911207576466,584.4067867008231,47.38433405682349,1.0,0.0,-0.0,0.39827324273053333,232.75358601306988,0.9250000000000002,631.7911207576518,584.406786700828,47.38433405682383,1.0,0.0,-0.0,0.3982732427305385,232.75358601307656,0.925,631.7911207576618,584.4067867008372,47.38433405682463,1.0,,,0.101,236.08583117087912,2337.483476939397,2337.483476939397,0.0,72.46198778512131,-0.0,,,294.9795262174466,0.0,126.84119627350205,4.0,1583.32168058311,0.0,-0.0,0.0,160.86548274724396
76,1,77,0.1016,0.0,1583.3216805832233,,,,0,0.0,1,2632.463003156812,2632.463003156812,0.0,421.19408050508997,87.39777170480616,0.0,,,416.29920143983213,2632.463003156812,2527.164483030754,105.2985201262815,2632.4630031570355,0.0,1.0,0.0,-0.0,0.17170623563297327,157.14432091323764,0.96,953.3258961030705,915.1928602589476,38.13303584412285,1.0,0.0,-0.0,0.16153576401097122,131.93448324520108,0.96,850.7822043116327,816.7509161391673,34.03128817246534,1.0,0.0,-0.0,0.15998124322006385,127.22039728139342,0.96,828.3549027423323,795.220706632639,33.13419610969332,,,,930.9366479725063,2527.164483030754,2337.483476939454,189.68100609114094,2527.164483030595,0.0,1.0,-0.0,-0.0,0.39827324273052844,232.753586013063,0.925,631.7911207576409,584.4067867008179,47.384334056823036,1.0,0.0,0.0,0.39827324273053055,232.75358601306618,0.925,631.7911207576461,584.4067867008227,47.38433405682338,1.0,0.0,-0.0,0.3982732427305335,232.7535860130698,0.925,631.7911207576514,584.4067867008275,47.38433405682383,1.0,0.0,-0.0,0.39823819650458225,232.67588993330727,0.9247725991089046,631.7911207576566,584.2631168369859,47.5280039206707,1.0,,,0.101,236.08583117088486,2337.483476939454,2337.483476939454,0.0,72.46198778512307,-0.0,,,294.9795262175816,0.0,126.8411962735601,4.0,1583.3216805832233,0.0,-0.0,0.0,160.86548274725547
77,1,78,0.1016,0.0,1583.3216805832371,,,,0,0.0,1,2632.4630031568477,2632.4630031568477,0.0,421.1940805050956,87.39777170480734,0.0,,,416.2992014398596,2632.4630031568477,2527.164483030575,105.29852012627404,2632.463003156849,0.0,1.0,0.0,-0.0,0.1717062356329734,157.14432091323795,0.96,953.3258961030716,915.1928602589487,38.1330358441229,1.0,0.0,-0.0,0.1615357640110646,131.9344832452344,0.96,850.7822043113558,816.7509161389015,34.03128817245426,1.0,0.0,-0.0,0.1599812432199963,127.22039728138725,0.96,828.3549027424216,795.2207066327247,33.134196109696894,,,,930.9366479724946,2527.164483030575,2337.4834769394356,189.68100609114992,2527.1644830305854,0.0,1.0,-0.0,-0.0,0.3982732427305279,232.75358601306255,0.925,631.7911207576406,584.4067867008175,47.384334056823036,1.0,0.0,0.0,0.3982732427305308,232.75358601306644,0.9249999999999999,631.7911207576466,584.4067867008231,47.38433405682349,1.0,0.0,-0.0,0.3982732427305311,232.75358601306667,0.925,631.7911207576467,584.4067867008232,47.38433405682349,1.0,0.0,-0.0,0.39823819650457765,232.67588993329903,0.9247725991088894,631.7911207576518,584.2631168369719,47.52800392067991,1.0,,,0.101,236.085831170883,2337.4834769394356,2337.4834769394356,0.0,72.4619877851225,-0.0,,,294.97952621741354,0.0,126.84119627348782,4.0,1583.3216805832371,0.0,-0.0,0.0,160.8654827472569
78,1,79,0.1016,0.0,1583.321680583132,,,,0,0.0,1,2632.463003156834,2632.463003156834,0.0,421.19408050509344,87.39777170480689,0.0,,,416.2992014397658,2632.463003156834,2527.164483030572,105.29852012627393,2632.463003156846,0.0,1.0,0.0,-0.0,0.17170623563297374,157.14432091323863,0.96,953.3258961030739,915.1928602589509,38.133035844122986,1.0,0.0,-0.0,0.16153576401095016,131.93448324514034,0.96,850.782204311352,816.7509161388979,34.03128817245411,1.0,0.0,-0.0,0.15998124321999607,127.22039728138687,0.96,828.3549027424202,795.2207066327234,33.13419610969684,,,,930.9366479724855,2527.164483030572,2337.483476939412,189.68100609120233,2527.164483030614,0.0,1.0,-0.0,-0.0,0.39823819650455966,232.67588993326453,0.9247725991088099,631.791120757641,584.2631168369116,47.52800392072936,1.0,0.0,0.0,0.39827324273053055,232.75358601306618,0.9249999999999999,631.7911207576462,584.4067867008227,47.38433405682349,1.0,0.0,-0.0,0.39827324273053766,232.7535860130757,0.925,631.7911207576608,584.4067867008363,47.384334056824514,1.0,0.0,-0.0,0.3982732427305401,232.75358601307903,0.925,631.791120757666,584.406786700841,47.38433405682497,1.0,,,0.101,236.08583117088062,2337.483476939412,2337.483476939412,0.0,72.46198778512176,-0.0,,,294.979526217434,0.0,126.84119627349662,4.0,1583.321680583132,0.0,-0.0,0.0,160.8654827472462
79,1,80,0.1016,0.0,1583.1372671110666,,,,0,0.0,1,2632.4630031568518,2632.4630031568518,0.0,421.1940805050963,87.39777170480748,0.0,,,416.29920143979143,2632.4630031568518,2527.164483030585,105.29852012627447,2632.4630031568595,0.0,1.0,0.0,-0.0,0.17170623563301202,157.14432091332475,0.96,953.3258961033838,915.1928602592484,38.133035844135385,1.0,0.0,-0.0,0.16153576401095018,131.93448324514029,0.96,850.7822043113515,816.7509161388974,34.03128817245409,1.0,0.0,-0.0,0.1599812432199772,127.22039728132641,0.96,828.3549027421243,795.2207066324393,33.134196109685,,,,930.7812558129012,2527.164483030585,2337.196137211623,189.96834581898372,2527.164483030607,0.0,1.0,-0.0,-0.0,0.3982381965045609,232.67588993326555,0.9247725991088052,631.7911207576451,584.2631168369124,47.52800392073266,1.0,0.0,0.0,0.39827324273053255,232.75358601306888,0.9250000000000002,631.7911207576503,584.4067867008266,47.38433405682372,1.0,0.0,-0.0,0.3982381965045643,232.67588993326797,0.9247725991087915,631.7911207576556,584.2631168369135,47.528003920742094,1.0,0.0,-0.0,0.39823819650457826,232.6758899332988,0.9247725991088814,631.7911207576557,584.2631168369704,47.52800392068525,1.0,,,0.101,236.05680985837392,2337.196137211623,2337.196137211623,0.0,72.45308025356032,-0.0,,,295.26686594523636,0.0,126.96475235645164,4.0,1583.1372671110666,0.0,-0.0,0.0,160.84674633848437
80,1,81,0.1016,0.0,1583.32168058316,,,,0,0.0,1,2632.4630031568754,2632.4630031568754,0.0,421.19408050510003,87.39777170480826,0.0,,,416.2992014397709,2632.4630031568754,2527.164483030609,105.29852012627548,2632.4630031568845,0.0,1.0,0.0,-0.0,0.17170623563296883,157.14432091322766,0.96,953.3258961030347,915.1928602589132,38.13303584412142,1.0,0.0,-0.0,0.16153576401095007,131.9344832451399,0.96,850.7822043113495,816.7509161388955,34.03128817245401,1.0,0.0,-0.0,0.15998124322000132,127.22039728140335,0.96,828.3549027425004,795.2207066328003,33.13419610970004,,,,930.9366479725049,2527.164483030609,2337.483476939447,189.6810060911671,2527.1644830306145,0.0,1.0,-0.0,-0.0,0.39827324273053233,232.7535860130685,0.9249999999999999,631.7911207576498,584.406786700826,47.38433405682372,1.0,0.0,0.0,0.39827324273053455,232.75358601307155,0.925,631.7911207576544,584.4067867008304,47.38433405682406,1.0,0.0,-0.0,0.39827324273053466,232.75358601307175,0.9250000000000002,631.7911207576548,584.4067867008307,47.38433405682406,1.0,0.0,-0.0,0.3982381965045756,232.67588993329312,0.9247725991088656,631.7911207576553,584.2631168369601,47.528003920695255,1.0,,,0.101,236.08583117088415,2337.483476939447,2337.483476939447,0.0,72.46198778512286,-0.0,,,294.9795262174371,0.0,126.84119627349796,4.0,1583.32168058316,0.0,-0.0,0.0,160.86548274724905
81,1,82,0.1016,0.0,1583.137267111034,,,,0,0.0,1,2632.4630031568836,2632.4630031568836,0.0,421.1940805051014,87.39777170480853,0.0,,,416.29920143976204,2632.4630031568836,2527.164483030608,105.29852012627543,2632.4630031568836,0.0,1.0,0.0,-0.0,0.17170623563294984,157.1443209131849,0.96,953.3258961028807,915.1928602587654,38.13303584411526,1.0,0.0,-0.0,0.16153576401096695,131.9344832451888,0.96,850.782204311576,816.750916139113,34.03128817246307,1.0,0.0,-0.0,0.1599812432199966,127.22039728138832,0.96,828.3549027424269,795.2207066327298,33.13419610969711,,,,930.7812558128988,2527.164483030608,2337.1961372116157,189.96834581899998,2527.1644830306154,0.0,1.0,-0.0,-0.0,0.39823819650456327,232.6758899332678,0.9247725991088009,631.7911207576503,584.2631168369146,47.52800392073573,1.0,0.0,0.0,0.3982732427305328,232.75358601306914,0.925,631.7911207576508,584.406786700827,47.38433405682383,1.0,0.0,-0.0,0.3982381965045636,232.6758899332682,0.9247725991088005,631.7911207576511,584.2631168369151,47.52800392073607,1.0,0.0,-0.0,0.39823819650457737,232.67588993329366,0.9247725991088521,631.7911207576632,584.2631168369588,47.52800392070435,1.0,,,0.101,236.05680985837319,2337.1961372116157,2337.1961372116157,0.0,72.45308025356009,-0.0,,,295.26686594526814,0.0,126.9647523564653,4.0,1583.137267111034,0.0,-0.0,0.0,160.84674633848104
82,1,83,0.1016,0.0,1583.3216805831296,,,,0,0.0,1,2632.463003156862,2632.463003156862,0.0,421.19408050509793,87.39777170480782,0.0,,,416.2992014397588,2632.463003156862,2527.164483030594,105.29852012627487,2632.463003156869,0.0,1.0,0.0,-0.0,0.17170623563294996,157.1443209131852,0.96,953.3258961028818,915.1928602587665,38.133035844115305,1.0,0.0,-0.0,0.1615357640109658,131.93448324518567,0.96,850.7822043115618,816.7509161390993,34.0312881724625,1.0,0.0,-0.0,0.15998124321999646,127.22039728138796,0.96,828.3549027424255,795.2207066327284,33.13419610969705,,,,930.9366479724897,2527.164483030594,2337.483476939416,189.6810060912061,2527.1644830306223,0.0,1.0,-0.0,-0.0,0.3982732427305332,232.7535860130694,0.925,631.7911207576508,584.406786700827,47.38433405682383,1.0,0.0,0.0,0.3982381965045643,232.67588993326973,0.9247725991088048,631.7911207576512,584.2631168369179,47.52800392073334,1.0,0.0,-0.0,0.39827324273053594,232.75358601307312,0.925,631.7911207576565,584.4067867008323,47.38433405682417,1.0,0.0,-0.0,0.3982732427305389,232.7535860130774,0.9249999999999999,631.7911207576635,584.4067867008388,47.38433405682474,1.0,,,0.101,236.08583117088102,2337.483476939416,2337.483476939416,0.0,72.46198778512189,-0.0,,,294.97952621745276,0.0,126.84119627350468,4.0,1583.3216805831296,0.0,-0.0,0.0,160.86548274724595
83,1,84,0.1016,0.0,1583.3216805831294,,,,0,0.0,1,2632.4630031568654,2632.4630031568654,0.0,421.1940805050985,87.39777170480794,0.0,,,416.29920143975835,2632.4630031568654,2527.164483030591,105.29852012627471,2632.4630031568654,0.0,1.0,0.0,-0.0,0.17170623563295015,157.14432091318557,0.96,953.325896102883,915.1928602587676,38.133035844115355,1.0,0.0,-0.0,0.16153576401096584,131.93448324518553,0.96,850.7822043115607,816.7509161390982,34.03128817246246,1.0,0.0,-0.0,0.1599812432199963,127.22039728138728,0.96,828.3549027424218,795.220706632725,33.1341961096969,,,,930.9366479724899,2527.164483030591,2337.483476939417,189.68100609120518,2527.1644830306223,0.0,1.0,-0.0,-0.0,0.398273242730533,232.75358601306945,0.9249999999999999,631.7911207576512,584.4067867008274,47.38433405682383,1.0,0.0,0.0,0.39823819650456477,232.67588993327053,0.9247725991088063,631.7911207576517,584.2631168369193,47.52800392073243,1.0,0.0,-0.0,0.39827324273053627,232.75358601307346,0.925,631.7911207576569,584.4067867008326,47.38433405682429,1.0,0.0,-0.0,0.3982732427305382,232.75358601307653,0.925,631.7911207576622,584.4067867008375,47.38433405682463,1.0,,,0.101,236.08583117088114,2337.483476939417,2337.483476939417,0.0,72.46198778512192,-0.0,,,294.9795262174485,0.0,126.84119627350285,4.0,1583.3216805831294,0.0,-0.0,0.0,160.86548274724595
84,1,85,0.1016,0.0,1583.4138873192283,,,,0,0.0,1,2632.463003156847,2632.463003156847,0.0,421.19408050509554,87.39777170480733,0.0,,,416.29920143975625,2632.463003156847,2527.1644830305822,105.29852012627437,2632.4630031568568,0.0,1.0,0.0,-0.0,0.1717062356329496,157.14432091318443,0.96,953.3258961028791,915.192860258764,38.1330358441152,1.0,0.0,-0.0,0.1615357640109655,131.9344832451846,0.96,850.7822043115566,816.7509161390943,34.0312881724623,1.0,0.0,-0.0,0.15998124321999632,127.22039728138718,0.96,828.354902742421,795.2207066327242,33.13419610969687,,,,931.0143440523302,2527.1644830305822,2337.627146803384,189.53733622730135,2527.1644830306855,0.0,1.0,-0.0,-0.0,0.3982732427305458,232.7535860130868,0.9250000000000002,631.7911207576778,584.4067867008521,47.384334056825764,1.0,0.0,0.0,0.39827324273054543,232.7535860130866,0.925,631.7911207576781,584.4067867008522,47.38433405682588,1.0,0.0,-0.0,0.3982732427305382,232.75358601307653,0.925,631.7911207576622,584.4067867008375,47.38433405682463,1.0,0.0,-0.0,0.3982732427305413,232.75358601308025,0.925,631.7911207576674,584.4067867008423,47.38433405682508,1.0,,,0.101,236.10034182714182,2337.627146803384,2337.627146803384,0.0,72.4664415509049,-0.0,,,294.8358563534725,0.0,126.77941823199316,4.0,1583.4138873192283,0.0,-0.0,0.0,160.8748509516336
85,1,86,0.1016,0.0,1583.3216805831717,,,,0,0.0,1,2632.4630031569272,2632.4630031569272,0.0,421.19408050510833,87.39777170480998,0.0,,,416.29920143977466,2632.4630031569272,2527.1644830306623,105.29852012627768,2632.46300315694,0.0,1.0,0.0,-0.0,0.17170623563295068,157.14432091318682,0.96,953.3258961028877,915.1928602587722,38.13303584411554,1.0,0.0,-0.0,0.161535764010971,131.93448324520045,0.96,850.7822043116298,816.7509161391646,34.031288172465224,1.0,0.0,-0.0,0.15998124321999635,127.22039728138742,0.96,828.3549027424224,795.2207066327254,33.13419610969692,,,,930.9366479725126,2527.1644830306623,2337.4834769394483,189.68100609122257,2527.164483030669,0.0,1.0,-0.0,-0.0,0.39823819650456804,232.67588993327246,0.9247725991087843,631.7911207576667,584.2631168369193,47.52800392074744,1.0,0.0,0.0,0.39827324273054104,232.75358601308,0.925,631.791120757667,584.4067867008421,47.38433405682497,1.0,0.0,-0.0,0.3982732427305412,232.7535860130802,0.925,631.7911207576674,584.4067867008423,47.38433405682508,1.0,0.0,-0.0,0.3982732427305405,232.7535860130799,0.925,631.7911207576677,584.4067867008426,47.38433405682508,1.0,,,0.101,236.0858311708843,2337.4834769394483,2337.4834769394483,0.0,72.4619877851229,-0.0,,,294.97952621749346,0.0,126.84119627352219,4.0,1583.3216805831717,0.0,-0.0,0.0,160.86548274725024
86,1,87,0.1016,0.0,1583.4138873192162,,,,0,0.0,1,2632.4630031568995,2632.4630031568995,0.0,421.19408050510395,87.39777170480906,0.0,,,416.29920143976705,2632.4630031568995,2527.1644830306295,105.29852012627632,2632.463003156906,0.0,1.0,0.0,-0.0,0.1717062356329503,157.144320913186,0.96,953.3258961028848,915.1928602587694,38.133035844115426,1.0,0.0,-0.0,0.1615357640109688,131.9344832451944,0.96,850.7822043116023,816.7509161391382,34.03128817246412,1.0,0.0,-0.0,0.15998124321999607,127.22039728138662,0.96,828.3549027424186,795.2207066327219,33.134196109696774,,,,931.0143440523102,2527.1644830306295,2337.6271468033556,189.53733622729897,2527.164483030654,0.0,1.0,-0.0,-0.0,0.39827324273053377,232.75358601307045,0.9249999999999999,631.7911207576527,584.4067867008288,47.384334056823946,1.0,0.0,0.0,0.39827324273054043,232.7535860130795,0.925,631.7911207576667,584.4067867008417,47.38433405682497,1.0,0.0,-0.0,0.39827324273054077,232.75358601307994,0.9250000000000002,631.7911207576673,584.4067867008423,47.38433405682497,1.0,0.0,-0.0,0.3982732427305412,232.75358601308028,0.925,631.7911207576676,584.4067867008425,47.38433405682508,1.0,,,0.101,236.10034182713892,2337.6271468033556,2337.6271468033556,0.0,72.46644155090402,-0.0,,,294.83585635355075,0.0,126.77941823202683,4.0,1583.4138873192162,0.0,-0.0,0.0,160.87485095163237
87,1,88,0.1016,0.0,1583.4138873191982,,,,0,0.0,1,2632.4630031568936,2632.4630031568936,0.0,421.194080505103,87.39777170480887,0.0,,,416.29920143976597,2632.4630031568936,2527.1644830306236,105.29852012627606,2632.4630031568995,0.0,1.0,0.0,-0.0,0.17170623563295082,157.14432091318716,0.96,953.3258961028889,915.1928602587733,38.13303584411559,1.0,0.0,-0.0,0.1615357640109682,131.9344832451924,0.96,850.7822043115926,816.7509161391289,34.03128817246373,1.0,0.0,-0.0,0.15998124321999596,127.22039728138641,0.96,828.3549027424178,795.2207066327211,33.134196109696745,,,,931.0143440522954,2527.1644830306236,2337.6271468033347,189.53733622729726,2527.1644830306313,0.0,1.0,-0.0,-0.0,0.3982732427305343,232.75358601307096,0.925,631.7911207576532,584.4067867008292,47.384334056823946,1.0,0.0,0.0,0.398273242730534,232.75358601307082,0.9250000000000002,631.7911207576533,584.4067867008293,47.384334056823946,1.0,0.0,-0.0,0.39827324273053655,232.75358601307425,0.925,631.7911207576586,584.4067867008342,47.3843340568244,1.0,0.0,-0.0,0.3982732427305403,232.7535860130793,0.925,631.7911207576664,584.4067867008414,47.38433405682497,1.0,,,0.101,236.10034182713682,2337.6271468033347,2337.6271468033347,0.0,72.46644155090337,-0.0,,,294.8358563535656,0.0,126.77941823203321,4.0,1583.4138873191982,0.0,-0.0,0.0,160.87485095163052
88,1,89,0.1016,0.0,1583.3216805831273,,,,0,0.0,1,2632.463003156874,2632.463003156874,0.0,421.19408050509986,87.39777170480822,0.0,,,416.2992014397617,2632.463003156874,2527.1644830306072,105.2985201262754,2632.4630031568827,0.0,1.0,0.0,-0.0,0.17170623563294932,157.14432091318383,0.96,953.325896102877,915.1928602587619,38.13303584411511,1.0,0.0,-0.0,0.1615357640109681,131.93448324519213,0.96,850.7822043115914,816.7509161391278,34.03128817246368,1.0,0.0,-0.0,0.1599812432199958,127.22039728138573,0.96,828.3549027424143,795.2207066327177,33.1341961096966,,,,930.936647972485,2527.1644830306072,2337.483476939411,189.68100609120006,2527.1644830306113,0.0,1.0,-0.0,-0.0,0.39827324273053366,232.7535860130703,0.925,631.7911207576525,584.4067867008285,47.384334056823946,1.0,0.0,0.0,0.39827324273053366,232.75358601307033,0.925,631.7911207576526,584.4067867008287,47.384334056823946,1.0,0.0,-0.0,0.3982381965045664,232.6758899332736,0.9247725991088132,631.7911207576528,584.2631168369246,47.528003920728224,1.0,0.0,-0.0,0.39827324273053394,232.75358601307073,0.925,631.7911207576532,584.4067867008292,47.384334056823946,1.0,,,0.101,236.08583117088054,2337.483476939411,2337.483476939411,0.0,72.46198778512174,-0.0,,,294.9795262174714,0.0,126.84119627351271,4.0,1583.3216805831273,0.0,-0.0,0.0,160.86548274724572
89,1,90,0.15246,0.0,610.9480956500713,,,,0,0.0,1,1083.3333333333333,1083.3333333333333,0.0,173.33333333333334,35.96666666666667,0.0,,,189.4517304066802,1083.3333333333333,1040.0,43.333333333333336,1083.3333333333333,0.0,1.0,0.0,-0.0,0.17710227155556,67.2138541007609,0.96,395.3333333333333,379.5199999999704,15.813333333332116,1.0,0.0,-0.0,0.1850743040000001,61.11893815295963,0.96,344.0,330.24,13.760000000000012,1.0,0.0,-0.0,0.18507430400000016,61.118938152959686,0.96,344.0,330.23999999999967,13.759999999999998,,,,325.54767450835084,1040.0,949.9870369805967,90.01296301940329,1040.0,0.0,1.0,-0.0,-0.0,0.3426845177442736,162.77070365267372,0.9134366095780694,520.0,474.98703698059603,45.01296301940397,1.0,0.0,0.0,0.3426883596961619,162.77697085567715,0.9134615384615398,520.0,475.0,45.0,-0.0,0.0,1.0,0.08724817754776784,0.0,0.8800000000000001,0.0,0.0,0.0,-0.0,0.0,1.0,0.08724817754776784,0.0,0.8800000000000001,0.0,0.0,0.0,1.0,,,0.101,95.94869073504027,949.9870369805967,949.9870369805967,0.0,29.449598146398497,-0.0,,,133.3462963527054,0.0,57.338907431663316,2.0,610.9480956500713,0.0,0.0,0.0,93.14514666280988
90,1,91,0.15246,0.0,610.9480956500714,,,,0,0.0,1,1083.3333333333333,1083.3333333333333,0.0,173.33333333333334,35.96666666666667,0.0,,,189.45173040668112,1083.3333333333333,1040.0,43.333333333333336,1083.3333333333333,0.0,1.0,0.0,-0.0,0.17710227155555966,67.21385410076121,0.96,395.3333333333333,379.51999999997304,15.813333333332226,1.0,0.0,-0.0,0.1850743040000001,61.11893815296,0.96,344.0,330.24,13.760000000000012,1.0,0.0,-0.0,0.18507430400000002,61.11893815295991,0.96,344.0,330.23999999999967,13.759999999999998,,,,325.54767450835016,1040.0,949.9870369805952,90.01296301940454,1040.0,0.0,1.0,-0.0,-0.0,0.3426845177442718,162.77070365267073,0.9134366095780576,520.0,474.9870369805899,45.012963019409995,1.0,0.0,0.0,0.3426883596961634,162.77697085567945,0.913461538461549,520.0,475.0,45.0,-0.0,0.0,-0.0,0.08724817754776784,0.0,0.8800000000000001,0.0,0.0,0.0,-0.0,0.0,-0.0,0.08724817754776784,0.0,0.8800000000000001,0.0,0.0,0.0,1.0,,,0.101,95.94869073504013,949.9870369805952,949.9870369805952,0.0,29.44959814639845,-0.0,,,133.34629635270971,0.0,57.33890743166518,2.0,610.9480956500714,0.0,0.0,0.0,93.14514666280989
91,1,92,0.15246,0.0,610.9480956500714,,,,0,0.0,1,1083.3333333333333,1083.3333333333333,0.0,173.33333333333334,35.96666666666667,0.0,,,189.45173040668374,1083.3333333333333,1040.0,43.333333333333336,1083.3333333333333,0.0,1.0,0.0,-0.0,0.17710227155555638,67.21385410076383,0.96,395.3333333333333,379.5199999999948,15.81333333333313,1.0,0.0,-0.0,0.18507430399999997,61.11893815295997,0.96,344.0,330.24,13.760000000000012,1.0,0.0,-0.0,0.18507430400000016,61.11893815295997,0.96,344.0,330.23999999999967,13.759999999999998,,,,325.5476745083479,1040.0,949.9870369805919,90.01296301940584,1040.0,0.0,1.0,-0.0,-0.0,0.3426883596961608,162.77697085567638,0.9134615384615392,520.0,475.0,45.0,1.0,0.0,0.0,0.342684517744272,162.7707036526715,0.9134366095780646,520.0,474.9870369805919,45.0129630194063,-0.0,0.0,-0.0,0.08724817754776784,0.0,0.8800000000000001,0.0,0.0,0.0,-0.0,0.0,-0.0,0.08724817754776784,0.0,0.8800000000000001,0.0,0.0,0.0,1.0,,,0.101,95.94869073503979,949.9870369805919,949.9870369805919,0.0,29.44959814639835,-0.0,,,133.3462963527358,0.0,57.3389074316764,2.0,610.9480956500714,0.0,0.0,0.0,93.14514666280989
92,1,93,0.15246,0.0,609.0749029440914,,,,0,0.0,1,1083.3333333333333,1083.3333333333333,0.0,173.33333333333334,35.96666666666667,0.0,,,189.45173040664724,1083.3333333333333,1040.0,43.333333333333336,1083.3333333333333,0.0,1.0,0.0,-0.0,0.1771022715555595,67.21385410076132,0.96,395.3333333333333,379.51999999997395,15.813333333332261,1.0,0.0,-0.0,0.18507430399999997,61.11893815295997,0.96,344.0,330.24,13.760000000000012,1.0,0.0,-0.0,0.18507430400000002,61.11893815295991,0.96,344.0,330.23999999999967,13.759999999999998,,,,323.9987142644702,1040.0,946.7768145839003,93.22318541605216,1040.0,0.0,1.0,-0.0,-0.0,0.34268835969615835,162.77697085567522,0.9134615384615387,520.0,475.0,45.0,1.0,0.0,0.0,0.3417330789156603,161.221743408795,0.9072631049691302,520.0,471.7768145839476,48.223185416052274,-0.0,0.0,-0.0,0.08724817754776784,0.0,0.8800000000000001,0.0,0.0,0.0,-0.0,0.0,-0.0,0.08724817754776784,0.0,0.8800000000000001,0.0,0.0,0.0,1.0,,,0.101,95.62445827297394,946.7768145839003,946.7768145839003,0.0,29.35008125210091,-0.0,,,136.55651874935805,0.0,58.71930306222396,2.0,609.0749029440914,0.0,0.0,0.0,92.85955970285617
93,1,94,0.15246,0.0,607.1941337702466,,,,0,0.0,1,1083.3333333333333,1083.3333333333333,0.0,173.33333333333334,35.96666666666667,0.0,,,189.45173040669664,1083.3333333333333,1040.0,43.333333333333336,1083.3333333333333,0.0,1.0,0.0,-0.0,0.1771022715555559,67.21385410076425,0.96,395.3333333333333,379.51999999999816,15.813333333333272,1.0,0.0,-0.0,0.18507430400000002,61.11893815295991,0.96,344.0,330.23999999999967,13.759999999999998,1.0,0.0,-0.0,0.18507430400000002,61.11893815295991,0.96,344.0,330.23999999999967,13.759999999999998,,,,322.443486817593,1040.0,943.5536291678906,96.44637083210341,1040.0,0.0,1.0,-0.0,-0.0,0.3417330789156629,161.22174340879647,0.9072631049691313,520.0,471.7768145839483,48.223185416051706,1.0,0.0,0.0,0.34173307891566307,161.22174340879656,0.9072631049691313,520.0,471.7768145839483,48.223185416051706,-0.0,0.0,-0.0,0.08724817754776784,0.0,0.8800000000000001,0.0,0.0,0.0,-0.0,0.0,-0.0,0.08724817754776784,0.0,0.8800000000000001,0.0,0.0,0.0,1.0,,,0.101,95.29891654595696,943.5536291678906,943.5536291678906,0.0,29.250162504204607,-0.0,,,139.77970416543417,0.0,60.10527279113669,2.0,607.1941337702466,0.0,0.0,0.0,92.57281763461181
94,1,95,0.1016,0.0,1583.0726425188432,,,,0,0.0,1,2632.4630031565957,2632.4630031565957,0.0,421.1940805050553,87.39777170479898,0.0,,,416.234576847765,2632.4630031565957,2527.164483030342,105.29852012626438,2632.4630031566066,0.0,1.0,0.0,-0.0,0.17170623563294612,157.14432091317653,0.96,953.3258961028505,915.1928602587365,38.133035844114055,1.0,0.0,-0.0,0.16080043099052813,129.7626037321035,0.96,840.6033370368883,806.9792035554127,33.62413348147556,1.0,0.0,-0.0,0.16065698150102956,129.327652202485,0.96,838.5337700168682,804.9924192161934,33.541350800674756,,,,930.7812558127304,2527.164483030342,2337.1961372113633,189.96834581897122,2527.164483030349,0.0,1.0,-0.0,-0.0,0.39823819650453185,232.67588993322474,0.9247725991087958,631.7911207575867,584.2631168368525,47.528003920734136,1.0,0.0,0.0,0.3982381965045324,232.67588993322573,0.924772599108798,631.791120757587,584.2631168368542,47.52800392073277,1.0,1.0,-0.0,0.3982381965045442,232.67588993325168,0.9247725991088733,631.7911207575874,584.2631168369021,47.52800392068525,1.0,1.0,-0.0,0.39827324273050246,232.7535860130282,0.925,631.7911207575877,584.4067867007686,47.38433405681906,1.0,,,0.101,236.05680985834772,2337.1961372113633,2337.1961372113633,0.0,72.45308025355226,-0.0,,,295.2668659452288,0.0,126.96475235644839,4.0,1583.0726425188432,0.0,-0.0,0.0,160.84018047991447
95,1,96,0.1016,0.0,1582.9804357828468,,,,0,0.0,1,2632.463003156585,2632.463003156585,0.0,421.1940805050536,87.39777170479861,0.0,,,416.2345768477868,2632.463003156585,2527.1644830304417,105.2985201262685,2632.4630031567103,0.0,1.0,0.0,-0.0,0.1717062356329464,157.14432091317718,0.96,953.325896102853,915.1928602587388,38.133035844114154,1.0,0.0,-0.0,0.16080043099053534,129.76260373212526,0.96,840.6033370369915,806.9792035555118,33.62413348147969,1.0,0.0,-0.0,0.16065698150102925,129.32765220248436,0.96,838.5337700168654,804.9924192161908,33.54135080067465,,,,930.7035597329608,2527.1644830304417,2337.052467347516,190.11201568280603,2527.164483030335,0.0,1.0,-0.0,-0.0,0.3982381965045302,232.6758899332241,0.9247725991088083,631.7911207575792,584.2631168368534,47.52800392072572,1.0,0.0,0.0,0.3982381965045313,232.6758899332253,0.9247725991088026,631.7911207575845,584.2631168368548,47.5280039207297,1.0,0.0,-0.0,0.3982381965045434,232.675889933251,0.9247725991088755,631.7911207575852,584.2631168369015,47.52800392068366,1.0,0.0,-0.0,0.3982381965045477,232.67588993326035,0.9247725991089021,631.7911207575856,584.2631168369187,47.52800392066695,1.0,,,0.101,236.04229920209914,2337.052467347516,2337.052467347516,0.0,72.448626487773,-0.0,,,295.4105358091814,0.0,127.026530397948,4.0,1582.9804357828468,0.0,-0.0,0.0,160.83081227553723
96,1,97,0.1016,0.0,1583.2570559909889,,,,0,0.0,1,2632.4630031565525,2632.4630031565525,0.0,421.1940805050484,87.39777170479755,0.0,,,416.2345768477875,2632.4630031565525,2527.164483030443,105.29852012626856,2632.4630031567117,0.0,1.0,0.0,-0.0,0.17170623563294696,157.14432091317838,0.96,953.325896102857,915.1928602587427,38.13303584411431,1.0,0.0,-0.0,0.16080043099053498,129.7626037321245,0.96,840.6033370369884,806.9792035555088,33.62413348147957,1.0,0.0,-0.0,0.16065698150102944,129.32765220248464,0.96,838.5337700168664,804.9924192161917,33.541350800674685,,,,930.9366479723406,2527.164483030443,2337.483476939218,189.68100609112503,2527.164483030343,0.0,1.0,-0.0,-0.0,0.39827324273050135,232.75358601302673,0.9250000000000002,631.7911207575854,584.4067867007666,47.38433405681883,1.0,0.0,0.0,0.39827324273050135,232.75358601302673,0.9249999999999999,631.7911207575855,584.4067867007666,47.38433405681894,1.0,0.0,-0.0,0.3982732427305016,232.75358601302682,0.925,631.7911207575853,584.4067867007665,47.38433405681883,1.0,0.0,-0.0,0.39823819650454784,232.67588993326018,0.9247725991088999,631.7911207575866,584.2631168369181,47.528003920668425,1.0,,,0.101,236.085831170861,2337.483476939218,2337.483476939218,0.0,72.46198778511575,-0.0,,,294.9795262174936,0.0,126.84119627352226,4.0,1583.2570559909889,0.0,-0.0,0.0,160.85891688868446
97,1,98,0.1016,0.0,1583.3492627269668,,,,0,0.0,1,2632.463003156591,2632.463003156591,0.0,421.19408050505456,87.39777170479883,0.0,,,416.2345768477527,2632.463003156591,2527.164483030332,105.29852012626395,2632.463003156596,0.0,1.0,0.0,-0.0,0.1717062356329274,157.14432091313444,0.96,953.3258961026991,915.192860258591,38.133035844107994,1.0,0.0,-0.0,0.16080043099053817,129.7626037321336,0.96,840.603337037031,806.9792035555497,33.62413348148127,1.0,0.0,-0.0,0.1606569815010295,129.32765220248464,0.96,838.5337700168661,804.9924192161915,33.54135080067468,,,,931.0143440521048,2527.164483030332,2337.627146803063,189.53733622727452,2527.1644830303376,0.0,1.0,-0.0,-0.0,0.3982732427304986,232.75358601302298,0.9249999999999999,631.7911207575797,584.4067867007612,47.38433405681849,1.0,0.0,0.0,0.39827324273050135,232.75358601302673,0.9250000000000002,631.7911207575854,584.4067867007666,47.38433405681883,1.0,0.0,-0.0,0.3982732427305018,232.753586013027,0.925,631.7911207575855,584.4067867007666,47.38433405681894,1.0,0.0,-0.0,0.39827324273050235,232.75358601302813,0.925,631.7911207575869,584.4067867007686,47.38433405681826,1.0,,,0.101,236.1003418271094,2337.627146803063,2337.627146803063,0.0,72.46644155089496,-0.0,,,294.835856353533,0.0,126.7794182320192,4.0,1583.3492627269668,0.0,-0.0,0.0,160.86828509305982
98,1,99,0.1016,0.0,1583.164849254892,,,,0,0.0,1,2632.4630031567317,2632.4630031567317,0.0,421.19408050507707,87.39777170480349,0.0,,,416.2345768477941,2632.4630031567317,2527.1644830304745,105.29852012626988,2632.4630031567444,0.0,1.0,0.0,-0.0,0.17170623563294607,157.14432091317644,0.96,953.3258961028503,915.1928602587362,38.13303584411405,1.0,0.0,-0.0,0.1608004309905381,129.76260373213333,0.96,840.6033370370294,806.9792035555482,33.62413348148121,1.0,0.0,-0.0,0.16065698150102933,129.3276522024843,0.96,838.5337700168648,804.9924192161901,33.54135080067462,,,,930.8589518924991,2527.1644830304745,2337.3398070752373,189.8246759550849,2527.164483030322,0.0,1.0,-0.0,-0.0,0.39823819650453096,232.67588993322553,0.9247725991088107,631.7911207575801,584.2631168368558,47.528003920724245,1.0,0.0,0.0,0.3982381965045313,232.67588993322607,0.9247725991088118,631.7911207575803,584.2631168368567,47.52800392072356,1.0,0.0,-0.0,0.39827324273049935,232.7535860130238,0.925,631.7911207575806,584.4067867007622,47.38433405681849,1.0,0.0,-0.0,0.39827324273049924,232.75358601302383,0.9249999999999999,631.791120757581,584.4067867007624,47.3843340568186,1.0,,,0.101,236.071320514599,2337.3398070752373,2337.3398070752373,0.0,72.45753401933236,-0.0,,,295.1231960815071,0.0,126.90297431504806,4.0,1583.164849254892,0.0,-0.0,0.0,160.84954868429702
99,1,100,0.1016,0.0,1583.3492627271035,,,,0,0.0,1,2632.46300315676,2632.46300315676,0.0,421.1940805050816,87.39777170480443,0.0,,,416.23457684779964,2632.46300315676,2527.1644830305017,105.29852012627099,2632.4630031567726,0.0,1.0,0.0,-0.0,0.17170623563294576,157.14432091317582,0.96,953.3258961028482,915.1928602587343,38.13303584411396,1.0,0.0,-0.0,0.1608004309905397,129.76260373213844,0.96,840.6033370370542,806.979203555572,33.6241334814822,1.0,0.0,-0.0,0.1606569815010297,129.3276522024854,0.96,838.5337700168701,804.9924192161952,33.541350800674834,,,,931.0143440521831,2527.1644830305017,2337.6271468031746,189.5373362272843,2527.1644830304595,0.0,1.0,-0.0,-0.0,0.3982732427305199,232.75358601305174,0.925,631.791120757624,584.4067867008022,47.384334056821785,1.0,0.0,0.0,0.39827324273052,232.75358601305194,0.9250000000000002,631.7911207576243,584.4067867008025,47.384334056821785,1.0,0.0,-0.0,0.3982732427305202,232.75358601305223,0.9250000000000002,631.7911207576246,584.4067867008029,47.384334056821785,1.0,0.0,-0.0,0.39827324273050174,232.75358601302725,0.925,631.7911207575862,584.4067867007673,47.38433405681894,1.0,,,0.101,236.10034182712064,2337.6271468031746,2337.6271468031746,0.0,72.46644155089841,-0.0,,,294.8358563535976,0.0,126.77941823204696,4.0,1583.3492627271035,0.0,-0.0,0.0,160.8682850930737
100,1,101,0.1016,0.0,1583.0726425189487,,,,0,0.0,1,2632.4630031567594,2632.4630031567594,0.0,421.1940805050815,87.39777170480441,0.0,,,416.2345768477976,2632.4630031567594,2527.1644830304926,105.29852012627063,2632.463003156763,0.0,1.0,0.0,-0.0,0.17170623563294546,157.14432091317514,0.96,953.3258961028457,915.1928602587319,38.13303584411386,1.0,0.0,-0.0,0.16080043099053942,129.7626037321377,0.96,840.6033370370509,806.9792035555688,33.62413348148207,1.0,0.0,-0.0,0.16065698150102947,129.32765220248473,0.96,838.5337700168668,804.9924192161922,33.5413508006747,,,,930.7812558127943,2527.1644830304926,2337.1961372114524,189.96834581905216,2527.164483030505,0.0,1.0,-0.0,-0.0,0.3982732427305177,232.7535860130488,0.925,631.7911207576194,584.406786700798,47.384334056821444,1.0,0.0,0.0,0.3982381965045416,232.67588993323253,0.9247725991087558,631.7911207576198,584.2631168368578,47.52800392076199,1.0,0.0,-0.0,0.3982381965045527,232.67588993325498,0.9247725991088116,631.791120757625,584.2631168368979,47.52800392072709,1.0,0.0,-0.0,0.398238196504557,232.67588993325793,0.9247725991087904,631.7911207576407,584.263116836899,47.52800392074164,1.0,,,0.101,236.0568098583567,2337.1961372114524,2337.1961372114524,0.0,72.45308025355503,-0.0,,,295.26686594531054,0.0,126.96475235648353,4.0,1583.0726425189487,0.0,-0.0,0.0,160.84018047992518
101,1,102,0.1016,0.0,1583.164849254996,,,,0,0.0,1,2632.4630031567217,2632.4630031567217,0.0,421.1940805050755,87.39777170480316,0.0,,,416.23457684779,2632.4630031567217,2527.164483030453,105.29852012626898,2632.463003156722,0.0,1.0,0.0,-0.0,0.17170623563294732,157.14432091317929,0.96,953.3258961028606,915.1928602587461,38.13303584411446,1.0,0.0,-0.0,0.16080043099053562,129.76260373212608,0.96,840.6033370369953,806.9792035555155,33.624133481479845,1.0,0.0,-0.0,0.16065698150102947,129.32765220248464,0.96,838.5337700168664,804.9924192161917,33.541350800674685,,,,930.8589518925938,2527.164483030453,2337.339807075368,189.82467595513947,2527.164483030502,0.0,1.0,-0.0,-0.0,0.3982381965045416,232.67588993323253,0.9247725991087558,631.7911207576198,584.2631168368578,47.52800392076199,1.0,0.0,0.0,0.3982732427305209,232.75358601305268,0.925,631.791120757625,584.4067867008031,47.3843340568219,1.0,0.0,-0.0,0.39827324273052,232.75358601305226,0.925,631.7911207576252,584.4067867008033,47.3843340568219,1.0,0.0,-0.0,0.3982381965045547,232.67588993325637,0.924772599108802,631.7911207576321,584.2631168368985,47.52800392073368,1.0,,,0.101,236.07132051461215,2337.339807075368,2337.339807075368,0.0,72.4575340193364,-0.0,,,295.1231960813593,0.0,126.9029743149845,4.0,1583.164849254996,0.0,-0.0,0.0,160.8495486843076
102,1,103,0.1016,0.0,1583.16484925502,,,,0,0.0,1,2632.463003156787,2632.463003156787,0.0,421.19408050508594,87.39777170480534,0.0,,,416.2345768478046,2632.463003156787,2527.164483030521,105.29852012627182,2632.4630031567926,0.0,1.0,0.0,-0.0,0.1717062356329469,157.14432091317832,0.96,953.325896102857,915.1928602587427,38.13303584411431,1.0,0.0,-0.0,0.1608004309905356,129.76260373212594,0.96,840.6033370369946,806.9792035555148,33.62413348147982,1.0,0.0,-0.0,0.16065698150103463,129.32765220250036,0.96,838.5337700169413,804.9924192162636,33.541350800677684,,,,930.8589518926026,2527.164483030521,2337.3398070753733,189.8246759551506,2527.164483030524,0.0,1.0,-0.0,-0.0,0.39827324273052306,232.75358601305604,0.925,631.7911207576306,584.4067867008083,47.38433405682224,1.0,0.0,0.0,0.3982381965045448,232.67588993323497,0.9247725991087418,631.7911207576309,584.2631168368592,47.52800392077165,1.0,0.0,-0.0,0.3982381965045538,232.67588993325512,0.9247725991088008,631.791120757631,584.2631168368966,47.52800392073436,1.0,0.0,-0.0,0.39827324273052345,232.75358601305655,0.9249999999999999,631.7911207576313,584.406786700809,47.384334056822354,1.0,,,0.101,236.07132051461272,2337.3398070753733,2337.3398070753733,0.0,72.45753401933658,-0.0,,,295.1231960814192,0.0,126.90297431501027,4.0,1583.16484925502,0.0,-0.0,0.0,160.84954868431004
103,1,104,0.1016,0.0,1583.3492627270164,,,,0,0.0,1,2632.4630031566007,2632.4630031566007,0.0,421.19408050505615,87.39777170479914,0.0,,,416.23457684778225,2632.4630031566007,2527.1644830304185,105.29852012626753,2632.463003156686,0.0,1.0,0.0,-0.0,0.17170623563294676,157.144320913178,0.96,953.3258961028558,915.1928602587416,38.13303584411427,1.0,0.0,-0.0,0.16080043099053568,129.76260373212608,0.96,840.6033370369952,806.9792035555154,33.62413348147984,1.0,0.0,-0.0,0.1606569815010273,129.3276522024781,0.96,838.5337700168351,804.9924192161617,33.541350800673435,,,,931.0143440521223,2527.1644830304185,2337.6271468030877,189.53733622727725,2527.164483030365,0.0,1.0,-0.0,-0.0,0.39827324273050146,232.75358601302685,0.9249999999999999,631.7911207575856,584.4067867007667,47.38433405681894,1.0,0.0,0.0,0.39827324273050246,232.75358601302824,0.925,631.7911207575878,584.4067867007687,47.38433405681906,1.0,0.0,-0.0,0.3982732427305054,232.7535860130319,0.925,631.791120757593,584.4067867007736,47.3843340568194,1.0,0.0,-0.0,0.3982732427305079,232.7535860130353,0.925,631.7911207575983,584.4067867007784,47.38433405681985,1.0,,,0.101,236.10034182711186,2337.6271468030877,2337.6271468030877,0.0,72.46644155089572,-0.0,,,294.83585635359844,0.0,126.77941823204733,4.0,1583.3492627270164,0.0,-0.0,0.0,160.86828509306486
104,1,105,0.1016,0.0,1583.3492627270407,,,,0,0.0,1,2632.4630031566594,2632.4630031566594,0.0,421.1940805050655,87.39777170480109,0.0,,,416.23457684777713,2632.4630031566594,2527.164483030401,105.2985201262668,2632.4630031566676,0.0,1.0,0.0,-0.0,0.17170623563294476,157.14432091317357,0.96,953.32589610284,915.1928602587265,38.133035844113635,1.0,0.0,-0.0,0.16080043099053556,129.76260373212574,0.96,840.6033370369935,806.9792035555137,33.62413348147977,1.0,0.0,-0.0,0.16065698150102714,129.32765220247782,0.96,838.5337700168342,804.9924192161608,33.5413508006734,,,,931.0143440521477,2527.164483030401,2337.6271468031255,189.53733622728032,2527.164483030406,0.0,1.0,-0.0,-0.0,0.39827324273050146,232.7535860130273,0.925,631.7911207575868,584.4067867007678,47.38433405681894,1.0,0.0,0.0,0.39827324273050213,232.75358601302779,0.9249999999999999,631.7911207575871,584.4067867007681,47.38433405681906,1.0,0.0,-0.0,0.39827324273051645,232.7535860130475,0.925,631.7911207576179,584.4067867007966,47.38433405682133,1.0,0.0,-0.0,0.398273242730515,232.75358601304518,0.925,631.7911207576138,584.4067867007928,47.38433405682099,1.0,,,0.101,236.1003418271157,2337.6271468031255,2337.6271468031255,0.0,72.46644155089689,-0.0,,,294.8358563535421,0.0,126.7794182320231,4.0,1583.3492627270407,0.0,-0.0,0.0,160.86828509306733
105,1,106,0.1016,0.0,1583.2570559909316,,,,0,0.0,1,2632.463003156605,2632.463003156605,0.0,421.1940805050568,87.39777170479928,0.0,,,416.23457684776145,2632.463003156605,2527.1644830303467,105.29852012626455,2632.463003156611,0.0,1.0,0.0,-0.0,0.1717062356329379,157.1443209131581,0.96,953.3258961027844,915.192860258673,38.13303584411141,1.0,0.0,-0.0,0.16080043099053523,129.76260373212475,0.96,840.6033370369888,806.9792035555092,33.62413348147958,1.0,0.0,-0.0,0.16065698150102736,129.3276522024786,0.96,838.533770016838,804.9924192161645,33.54135080067355,,,,930.9366479723143,2527.1644830303467,2337.483476939168,189.681006091183,2527.164483030351,0.0,1.0,-0.0,-0.0,0.39827324273050235,232.75358601302804,0.9249999999999999,631.7911207575875,584.4067867007684,47.38433405681906,1.0,0.0,0.0,0.39823819650453435,232.67588993322985,0.9247725991088092,631.7911207575876,584.2631168368617,47.52800392072584,1.0,0.0,-0.0,0.39827324273050196,232.75358601302796,0.925,631.7911207575878,584.4067867007687,47.38433405681906,1.0,0.0,-0.0,0.39827324273050235,232.75358601302847,0.925,631.7911207575885,584.4067867007694,47.38433405681906,1.0,,,0.101,236.085831170856,2337.483476939168,2337.483476939168,0.0,72.46198778511422,-0.0,,,294.979526217443,0.0,126.84119627350049,4.0,1583.2570559909316,0.0,-0.0,0.0,160.85891688867864
106,1,107,0.1016,0.0,1583.2570559909732,,,,0,0.0,1,2632.4630031566185,2632.4630031566185,0.0,421.194080505059,87.39777170479974,0.0,,,416.2345768477654,2632.4630031566185,2527.164483030366,105.29852012626534,2632.463003156631,0.0,1.0,0.0,-0.0,0.17170623563293744,157.1443209131571,0.96,953.3258961027808,915.1928602586695,38.13303584411127,1.0,0.0,-0.0,0.16080043099053534,129.76260373212529,0.96,840.6033370369917,806.979203555512,33.624133481479696,1.0,0.0,-0.0,0.16065698150102892,129.32765220248305,0.96,838.5337700168587,804.9924192161843,33.54135080067438,,,,930.9366479723459,2527.164483030366,2337.4834769392264,189.68100609114504,2527.1644830303712,0.0,1.0,-0.0,-0.0,0.39827324273050146,232.7535860130269,0.925,631.7911207575858,584.4067867007668,47.38433405681894,1.0,0.0,0.0,0.39827324273050113,232.75358601303464,0.925,631.7911207575861,584.4067867007867,47.38433405679939,1.0,0.0,-0.0,0.3982381965045382,232.6758899332397,0.9247725991088408,631.7911207575866,584.2631168368808,47.528003920705714,1.0,0.0,-0.0,0.3982732427305149,232.7535860130447,0.925,631.7911207576128,584.4067867007918,47.38433405682099,1.0,,,0.101,236.0858311708619,2337.4834769392264,2337.4834769392264,0.0,72.46198778511602,-0.0,,,294.9795262174049,0.0,126.8411962734841,4.0,1583.2570559909732,0.0,-0.0,0.0,160.85891688868287
107,1,108,0.1016,0.0,1583.2570559909818,,,,0,0.0,1,2632.4630031566617,2632.4630031566617,0.0,421.19408050506587,87.39777170480117,0.0,,,416.2345768477737,2632.4630031566617,2527.164483030405,105.29852012626696,2632.4630031566717,0.0,1.0,0.0,-0.0,0.171706235632937,157.1443209131561,0.96,953.3258961027772,915.1928602586661,38.13303584411112,1.0,0.0,-0.0,0.16080043099053562,129.76260373212597,0.96,840.6033370369946,806.9792035555148,33.62413348147982,1.0,0.0,-0.0,0.16065698150103175,129.32765220249166,0.96,838.5337700168999,804.9924192162239,33.54135080067603,,,,930.9366479723476,2527.164483030405,2337.483476939213,189.68100609119733,2527.1644830304103,0.0,1.0,-0.0,-0.0,0.3982732427305079,232.7535860130356,0.925,631.7911207575991,584.4067867007792,47.38433405681985,1.0,0.0,0.0,0.398238196504537,232.67588993323182,0.9247725991087934,631.7911207575994,584.2631168368628,47.52800392073664,1.0,0.0,-0.0,0.3982732427305081,232.75358601303586,0.925,631.7911207575995,584.4067867007795,47.38433405681997,1.0,0.0,-0.0,0.3982732427305144,232.75358601304433,0.925,631.7911207576125,584.4067867007916,47.384334056820876,1.0,,,0.101,236.0858311708605,2337.483476939213,2337.483476939213,0.0,72.4619877851156,-0.0,,,294.97952621745884,0.0,126.8411962735073,4.0,1583.2570559909818,0.0,-0.0,0.0,160.85891688868375
108,1,109,0.1016,0.0,1583.1648492549257,,,,0,0.0,1,2632.4630031566803,2632.4630031566803,0.0,421.1940805050688,87.39777170480178,0.0,,,416.2345768477752,2632.4630031566803,2527.164483030417,105.29852012626748,2632.4630031566844,0.0,1.0,0.0,-0.0,0.1717062356329349,157.14432091315143,0.96,953.3258961027605,915.1928602586501,38.13303584411045,1.0,0.0,-0.0,0.16080043099053776,129.76260373213285,0.96,840.603337037028,806.9792035555469,33.62413348148115,1.0,0.0,-0.0,0.16065698150103158,129.3276522024909,0.96,838.5337700168958,804.9924192162199,33.541350800675865,,,,930.8589518925469,2527.164483030417,2337.339807075283,189.82467595510695,2527.164483030409,0.0,1.0,-0.0,-0.0,0.3982381965045374,232.67588993323187,0.9247725991087932,631.7911207575991,584.2631168368623,47.52800392073675,1.0,0.0,0.0,0.39827324273050735,232.75358601303546,0.925,631.7911207575996,584.4067867007797,47.38433405681997,1.0,0.0,-0.0,0.39827324273051135,232.75358601303972,0.925,631.7911207576049,584.4067867007846,47.38433405682031,1.0,0.0,-0.0,0.39823819650454223,232.67588993323994,0.9247725991088047,631.7911207576054,584.2631168368755,47.52800392072993,1.0,,,0.101,236.07132051460357,2337.339807075283,2337.339807075283,0.0,72.45753401933376,-0.0,,,295.1231960813826,0.0,126.90297431499452,4.0,1583.1648492549257,0.0,-0.0,0.0,160.84954868430043
109,1,110,0.1016,0.0,1583.164849254922,,,,0,0.0,1,2632.463003156654,2632.463003156654,0.0,421.1940805050646,87.39777170480092,0.0,,,416.2345768477719,2632.463003156654,2527.1644830303912,105.2985201262664,2632.4630031566576,0.0,1.0,0.0,-0.0,0.1717062356329394,157.14432091316152,0.96,953.3258961027967,915.1928602586848,38.1330358441119,1.0,0.0,-0.0,0.1608004309905353,129.76260373212511,0.96,840.6033370369909,806.9792035555112,33.62413348147967,1.0,0.0,-0.0,0.16065698150102958,129.3276522024853,0.96,838.5337700168698,804.9924192161949,33.54135080067482,,,,930.8589518925443,2527.1644830303912,2337.3398070753037,189.8246759551023,2527.1644830304017,0.0,1.0,-0.0,-0.0,0.3982381965045379,232.67588993323255,0.9247725991087933,631.7911207576001,584.2631168368633,47.52800392073675,1.0,0.0,0.0,0.398273242730508,232.7535860130361,0.925,631.7911207576003,584.4067867007803,47.38433405681997,1.0,0.0,-0.0,0.39823819650454084,232.67588993323886,0.924772599108811,631.7911207576004,584.2631168368748,47.52800392072561,1.0,0.0,-0.0,0.3982732427305089,232.75358601303677,0.925,631.7911207576007,584.4067867007807,47.38433405681997,1.0,,,0.101,236.0713205146057,2337.3398070753037,2337.3398070753037,0.0,72.45753401933442,-0.0,,,295.12319608135823,0.0,126.90297431498404,4.0,1583.164849254922,0.0,-0.0,0.0,160.84954868430006
110,1,111,0.1016,0.0,1583.1648492548945,,,,0,0.0,1,2632.4630031566135,2632.4630031566135,0.0,421.19408050505814,87.39777170479957,0.0,,,416.2345768477609,2632.4630031566135,2527.1644830303526,105.2985201262648,2632.4630031566176,0.0,1.0,0.0,-0.0,0.17170623563293458,157.14432091315072,0.96,953.3258961027581,915.1928602586477,38.13303584411036,1.0,0.0,-0.0,0.1608004309905351,129.76260373212483,0.96,840.6033370369902,806.9792035555106,33.62413348147964,1.0,0.0,-0.0,0.16065698150102964,129.32765220248527,0.96,838.5337700168693,804.9924192161945,33.5413508006748,,,,930.8589518925302,2527.1644830303526,2337.339807075281,189.82467595509138,2527.1644830303726,0.0,1.0,-0.0,-0.0,0.39823819650453485,232.67588993323096,0.9247725991088122,631.7911207575877,584.2631168368638,47.528003920723904,1.0,0.0,0.0,0.398273242730505,232.75358601303168,0.9249999999999999,631.7911207575931,584.4067867007736,47.38433405681951,1.0,0.0,-0.0,0.3982732427305049,232.75358601303168,0.925,631.7911207575933,584.4067867007738,47.38433405681951,1.0,0.0,-0.0,0.39823819650453907,232.67588993323588,0.9247725991088063,631.7911207575984,584.2631168368699,47.52800392072845,1.0,,,0.101,236.0713205146034,2337.339807075281,2337.339807075281,0.0,72.4575340193337,-0.0,,,295.1231960813362,0.0,126.90297431497456,4.0,1583.1648492548945,0.0,-0.0,0.0,160.84954868429728
111,1,112,0.1016,0.0,1583.1648492548802,,,,0,0.0,1,2632.4630031565866,2632.4630031565866,0.0,421.1940805050539,87.39777170479867,0.0,,,416.2345768477515,2632.4630031565866,2527.1644830303194,105.29852012626341,2632.463003156583,0.0,1.0,0.0,-0.0,0.17170623563293053,157.1443209131415,0.96,953.3258961027245,915.1928602586155,38.13303584410902,1.0,0.0,-0.0,0.1608004309905353,129.76260373212497,0.96,840.60333703699,806.9792035555104,33.624133481479625,1.0,0.0,-0.0,0.16065698150102947,129.327652202485,0.96,838.5337700168685,804.9924192161938,33.54135080067477,,,,930.858951892526,2527.1644830303194,2337.339807075275,189.82467595508876,2527.164483030364,0.0,1.0,-0.0,-0.0,0.3982381965045346,232.67588993323048,0.9247725991088109,631.7911207575876,584.2631168368629,47.5280039207247,1.0,0.0,0.0,0.39827324273050174,232.75358601302696,0.925,631.7911207575854,584.4067867007666,47.38433405681883,1.0,0.0,-0.0,0.39823819650453596,232.67588993323224,0.9247725991088104,631.7911207575906,584.2631168368654,47.52800392072527,1.0,0.0,-0.0,0.39827324273050846,232.75358601303634,0.925,631.7911207576002,584.4067867007802,47.38433405681997,1.0,,,0.101,236.0713205146028,2337.339807075275,2337.339807075275,0.0,72.45753401933352,-0.0,,,295.1231960813076,0.0,126.90297431496226,4.0,1583.1648492548802,0.0,-0.0,0.0,160.84954868429583
112,1,113,0.1016,0.0,1583.1648492549011,,,,0,0.0,1,2632.463003156622,2632.463003156622,0.0,421.19408050505956,87.39777170479985,0.0,,,416.2345768477679,2632.463003156622,2527.164483030362,105.29852012626517,2632.463003156627,0.0,1.0,0.0,-0.0,0.17170623563294338,157.14432091317042,0.96,953.3258961028287,915.1928602587155,38.13303584411318,1.0,0.0,-0.0,0.1608004309905353,129.76260373212486,0.96,840.6033370369894,806.9792035555098,33.6241334814796,1.0,0.0,-0.0,0.16065698150102553,129.32765220247268,0.96,838.5337700168092,804.9924192161368,33.5413508006724,,,,930.8589518925314,2527.164483030362,2337.339807075265,189.82467595509547,2527.1644830303776,0.0,1.0,-0.0,-0.0,0.3982381965045352,232.67588993323056,0.924772599108806,631.7911207575903,584.2631168368623,47.528003920728,1.0,0.0,0.0,0.3982381965045354,232.67588993323093,0.9247725991088064,631.7911207575906,584.2631168368629,47.52800392072777,1.0,0.0,-0.0,0.39827324273050346,232.75358601303,0.925,631.791120757591,584.4067867007717,47.384334056819284,1.0,0.0,-0.0,0.39827324273051135,232.75358601303992,0.925,631.7911207576054,584.406786700785,47.38433405682042,1.0,,,0.101,236.07132051460178,2337.339807075265,2337.339807075265,0.0,72.45753401933321,-0.0,,,295.1231960813452,0.0,126.90297431497844,4.0,1583.1648492549011,0.0,-0.0,0.0,160.84954868429796
113,1,114,0.15246,0.0,609.0749029441315,,,,0,0.0,1,1083.3333333333333,1083.3333333333333,0.0,173.33333333333334,35.96666666666667,0.0,,,189.45173040668368,1083.3333333333333,1040.0,43.333333333333336,1083.3333333333333,0.0,1.0,0.0,-0.0,0.1771022715555562,67.213854100764,0.96,395.3333333333333,379.5199999999961,15.813333333333185,1.0,0.0,-0.0,0.18507430400000013,61.118938152959686,0.96,344.0,330.23999999999944,13.75999999999999,1.0,0.0,-0.0,0.1850743040000001,61.11893815296,0.96,344.0,330.24,13.760000000000012,,,,323.99871426446975,1040.0,946.7768145839414,93.22318541605915,1040.0,0.0,1.0,-0.0,-0.0,0.3426883596961615,162.77697085567686,0.9134615384615394,520.0,475.0,45.0,1.0,0.0,0.0,0.3417330789156608,161.22174340879292,0.907263104969117,520.0,471.77681458394085,48.22318541605915,-0.0,0.0,1.0,0.08724817754776784,0.0,0.8800000000000001,0.0,0.0,0.0,-0.0,0.0,1.0,0.08724817754776784,0.0,0.8800000000000001,0.0,0.0,0.0,1.0,,,0.101,95.62445827297809,946.7768145839414,946.7768145839414,0.0,29.350081252102182,-0.0,,,136.5565187493878,0.0,58.719303062236754,2.0,609.0749029441316,0.0,0.0,0.0,92.8595597028623
114,1,115,0.15246,0.0,610.9480956500713,,,,0,0.0,1,1083.3333333333333,1083.3333333333333,0.0,173.33333333333334,35.96666666666667,0.0,,,189.45173040667885,1083.3333333333333,1040.0,43.333333333333336,1083.3333333333333,0.0,1.0,0.0,-0.0,0.17710227155556207,67.21385410075919,0.96,395.3333333333333,379.5199999999564,15.81333333333153,1.0,0.0,-0.0,0.18507430400000013,61.11893815295994,0.96,344.0,330.23999999999944,13.75999999999999,1.0,0.0,-0.0,0.1850743040000001,61.118938152959686,0.96,344.0,330.24,13.760000000000012,,,,325.547674508352,1040.0,949.987036980599,90.01296301940073,1040.0,0.0,1.0,-0.0,-0.0,0.3426845177442729,162.77070365267255,0.9134366095780649,520.0,474.9870369805937,45.012963019406186,1.0,0.0,0.0,0.3426883596961634,162.77697085567945,0.913461538461549,520.0,475.0,45.0,-0.0,0.0,-0.0,0.08724817754776784,0.0,0.8800000000000001,0.0,0.0,0.0,-0.0,0.0,-0.0,0.08724817754776784,0.0,0.8800000000000001,0.0,0.0,0.0,1.0,,,0.101,95.9486907350405,949.987036980599,949.987036980599,0.0,29.449598146398568,-0.0,,,133.34629635268837,0.0,57.338907431656,2.0,610.9480956500713,0.0,0.0,0.0,93.14514666280988
115,1,116,0.15246,0.0,609.0749029441365,,,,0,0.0,1,1083.3333333333333,1083.3333333333333,0.0,173.33333333333334,35.96666666666667,0.0,,,189.4517304066793,1083.3333333333333,1040.0,43.333333333333336,1083.3333333333333,0.0,1.0,0.0,-0.0,0.17710227155556196,67.2138541007593,0.96,395.3333333333333,379.51999999995724,15.813333333331567,1.0,0.0,-0.0,0.18507430400000013,61.11893815295994,0.96,344.0,330.23999999999944,13.75999999999999,1.0,0.0,-0.0,0.1850743040000001,61.11893815296,0.96,344.0,330.24,13.760000000000012,,,,323.9987142644773,1040.0,946.7768145839593,93.2231854160458,1040.0,0.0,1.0,-0.0,-0.0,0.34173307891566224,161.2217434087981,0.9072631049691424,520.0,471.776814583954,48.22318541604591,1.0,0.0,0.0,0.34268835969616296,162.77697085567922,0.9134615384615489,520.0,475.0,45.0,-0.0,0.0,-0.0,0.08724817754776784,0.0,0.8800000000000001,0.0,0.0,0.0,-0.0,0.0,-0.0,0.08724817754776784,0.0,0.88,0.0,0.0,0.0,1.0,,,0.101,95.6244582729799,946.7768145839593,946.7768145839593,0.0,29.35008125210274,-0.0,,,136.55651874933415,0.0,58.71930306221368,2.0,609.0749029441365,0.0,0.0,0.0,92.85955970286307
116,1,117,0.15246,0.0,609.0749029441391,,,,0,0.0,1,1083.3333333333333,1083.3333333333333,0.0,173.33333333333334,35.96666666666667,0.0,,,189.45173040668354,1083.3333333333333,1040.0,43.333333333333336,1083.3333333333333,0.0,1.0,0.0,-0.0,0.17710227155555625,67.21385410076388,0.96,395.3333333333333,379.51999999999543,15.813333333333158,1.0,0.0,-0.0,0.18507430399999997,61.11893815295997,0.96,344.0,330.24,13.760000000000012,1.0,0.0,-0.0,0.18507430400000016,61.118938152959686,0.96,344.0,330.23999999999967,13.759999999999998,,,,323.9987142644762,1040.0,946.7768145839545,93.22318541604534,1040.0,0.0,1.0,-0.0,-0.0,0.34173307891566496,161.22174340879945,0.9072631049691428,520.0,471.7768145839542,48.223185416045794,1.0,0.0,0.0,0.3426883596961613,162.77697085567672,0.9134615384615398,520.0,475.0,45.0,-0.0,0.0,-0.0,0.08724817754776784,0.0,0.8800000000000001,0.0,0.0,0.0,-0.0,0.0,-0.0,0.08724817754776784,0.0,0.8800000000000001,0.0,0.0,0.0,1.0,,,0.101,95.62445827297941,946.7768145839545,946.7768145839545,0.0,29.35008125210259,-0.0,,,136.55651874937396,0.0,58.71930306223081,2.0,609.0749029441391,0.0,0.0,0.0,92.85955970286346
117,1,118,0.15246,0.0,609.0749029441206,,,,0,0.0,1,1083.3333333333333,1083.3333333333333,0.0,173.33333333333334,35.96666666666667,0.0,,,189.45173040666577,1083.3333333333333,1040.0,43.333333333333336,1083.3333333333333,0.0,1.0,0.0,-0.0,0.1771022715555567,67.21385410076358,0.96,395.3333333333333,379.5199999999927,15.813333333333045,1.0,0.0,-0.0,0.18507430400000008,61.11893815295963,0.96,344.0,330.24,13.760000000000012,1.0,0.0,-0.0,0.18507430400000013,61.118938152959686,0.96,344.0,330.23999999999967,13.759999999999998,,,,323.998714264476,1040.0,946.7768145839486,93.22318541604477,1040.0,0.0,1.0,-0.0,-0.0,0.34173307891566446,161.22174340879923,0.9072631049691429,520.0,471.7768145839542,48.22318541604568,1.0,0.0,0.0,0.34268835969616107,162.77697085567675,0.9134615384615402,520.0,475.0,45.0,-0.0,0.0,-0.0,0.08724817754776784,0.0,0.8800000000000001,0.0,0.0,0.0,-0.0,0.0,-0.0,0.08724817754776784,0.0,0.8800000000000001,0.0,0.0,0.0,1.0,,,0.101,95.62445827297881,946.7768145839486,946.7768145839486,0.0,29.350081252102406,-0.0,,,136.55651874937055,0.0,58.719303062229336,2.0,609.0749029441206,0.0,0.0,0.0,92.85955970286064
118,1,119,0.1016,0.0,1583.2565009605082,,,,0,0.0,1,2632.463003156134,2632.463003156134,0.0,421.19408050498146,87.39777170478365,0.0,,,416.23402181729114,2632.463003156134,2527.164483029899,105.2985201262459,2632.463003156145,0.0,1.0,0.0,-0.0,0.17170623563298965,157.14432091327447,0.96,953.325896103203,915.1928602590749,38.13303584412815,1.0,0.0,-0.0,0.16072845033018077,129.54485045209054,0.96,839.5685535264703,805.9858113854115,33.582742141058844,1.0,0.0,-0.0,0.16072845032997643,129.5448504519261,0.96,839.5685535264719,805.985811385413,33.58274214105891,,,,930.9366479723494,2527.164483029899,2337.483476939282,189.68100609089083,2527.1644830301725,0.0,1.0,-0.0,-0.0,0.39827324273048026,232.75358601299826,0.9250000000000002,631.7911207575415,584.406786700726,47.38433405681553,1.0,0.0,0.0,0.39827324273048037,232.7535860129984,0.925,631.7911207575419,584.4067867007262,47.384334056815646,1.0,1.0,-0.0,0.39827324273048037,232.75358601299845,0.925,631.791120757542,584.4067867007263,47.384334056815646,1.0,1.0,-0.0,0.3982381965045829,232.6758899333544,0.9247725991092504,631.7911207575472,584.2631168371032,47.52800392044401,1.0,,,0.101,236.0858311708675,2337.483476939282,2337.483476939282,0.0,72.46198778511774,-0.0,,,294.9795262168634,0.0,126.84119627325126,4.0,1583.2565009605082,0.0,-0.0,0.0,160.85886049758764
119,1,120,0.1016,0.0,1583.1642942243311,,,,0,0.0,1,2632.463003156351,2632.463003156351,0.0,421.1940805050162,87.39777170479086,0.0,,,416.23402181726124,2632.463003156351,2527.164483030166,105.29852012625702,2632.4630031564234,0.0,1.0,0.0,-0.0,0.1717062356329896,157.14432091327427,0.96,953.3258961032021,915.192860259074,38.133035844128116,1.0,0.0,-0.0,0.1607284503300875,129.54485045205772,0.96,839.5685535267445,805.9858113856747,33.58274214106981,1.0,0.0,-0.0,0.16072845032997946,129.5448504519293,0.96,839.5685535264768,805.9858113854176,33.5827421410591,,,,930.8589518924725,2527.164483030166,2337.339807075222,189.82467595497565,2527.1644830301975,0.0,1.0,-0.0,-0.0,0.398238196504514,232.67588993320183,0.9247725991088052,631.7911207575465,584.2631168368213,47.52800392072527,1.0,0.0,0.0,0.3982381965045404,232.6758899332603,0.9247725991089756,631.7911207575469,584.2631168369293,47.52800392061761,1.0,0.0,-0.0,0.39827324273048575,232.7535860130053,0.925,631.791120757552,584.4067867007357,47.38433405681633,1.0,0.0,-0.0,0.39827324273048537,232.75358601300513,0.9249999999999999,631.7911207575522,584.4067867007358,47.38433405681644,1.0,,,0.101,236.07132051459743,2337.339807075222,2337.339807075222,0.0,72.45753401933187,-0.0,,,295.1231960812013,0.0,126.90297431491655,4.0,1583.1642942243311,0.0,-0.0,0.0,160.84949229319204
120,1,121,0.1016,0.0,1583.3487076963759,,,,0,0.0,1,2632.4630031564398,2632.4630031564398,0.0,421.19408050503034,87.3977717047938,0.0,,,416.2340218172628,2632.4630031564398,2527.164483030175,105.29852012625739,2632.463003156432,0.0,1.0,0.0,-0.0,0.1717062356329899,157.14432091327495,0.96,953.3258961032046,915.1928602590764,38.133035844128216,1.0,0.0,-0.0,0.16072845033008773,129.5448504520585,0.96,839.5685535267487,805.9858113856787,33.58274214106998,1.0,0.0,-0.0,0.16072845032997912,129.54485045192936,0.96,839.5685535264789,805.9858113854198,33.582742141059185,,,,931.0143440520164,2527.164483030175,2337.6271468029367,189.5373362272651,2527.164483030202,0.0,1.0,-0.0,-0.0,0.39827324273048303,232.75358601300172,0.925,631.7911207575467,584.4067867007307,47.38433405681599,1.0,0.0,0.0,0.3982732427304828,232.75358601300172,0.925,631.791120757547,584.406786700731,47.38433405681599,1.0,0.0,-0.0,0.3982732427304864,232.75358601300633,0.925,631.7911207575538,584.4067867007373,47.384334056816556,1.0,0.0,-0.0,0.3982732427304867,232.75358601300672,0.925,631.7911207575544,584.4067867007378,47.384334056816556,1.0,,,0.101,236.10034182709663,2337.6271468029367,2337.6271468029367,0.0,72.46644155089103,-0.0,,,294.83585635349516,0.0,126.77941823200291,4.0,1583.3487076963759,0.0,-0.0,0.0,160.86822870195178
121,1,122,0.1016,0.0,1583.2565009604818,,,,0,0.0,1,2632.4630031564175,2632.4630031564175,0.0,421.1940805050268,87.39777170479306,0.0,,,416.23402181730034,2632.4630031564175,2527.164483029917,105.29852012624661,2632.4630031561637,0.0,1.0,0.0,-0.0,0.171706235633081,157.1443209133148,0.96,953.3258961029404,915.1928602588227,38.13303584411765,1.0,0.0,-0.0,0.16072845033008779,129.5448504520586,0.96,839.5685535267489,805.985811385679,33.582742141069986,1.0,0.0,-0.0,0.16072845032997704,129.54485045192695,0.96,839.5685535264741,805.9858113854151,33.58274214105899,,,,930.9366479723145,2527.164483029917,2337.483476939277,189.6810060909204,2527.164483030197,0.0,1.0,-0.0,-0.0,0.39827324273048315,232.75358601300215,0.9249999999999999,631.7911207575477,584.4067867007316,47.3843340568161,1.0,0.0,0.0,0.39827324273048337,232.75358601300238,0.925,631.791120757548,584.4067867007318,47.384334056816215,1.0,0.0,-0.0,0.3982732427304835,232.75358601300258,0.925,631.7911207575482,584.4067867007321,47.3843340568161,1.0,0.0,-0.0,0.39823819650451736,232.6758899333074,0.9247725991088246,631.7911207575534,584.2631168370814,47.528003920471974,1.0,,,0.101,236.08583117086698,2337.483476939277,2337.483476939277,0.0,72.46198778511759,-0.0,,,294.9795262168869,0.0,126.84119627326136,4.0,1583.2565009604818,0.0,-0.0,0.0,160.85886049758494
122,1,123,0.1016,0.0,1583.0720874886365,,,,0,0.0,1,2632.4630031564416,2632.4630031564416,0.0,421.1940805050306,87.39777170479385,0.0,,,416.23402181726556,2632.4630031564416,2527.164483030183,105.29852012625773,2632.4630031564407,0.0,1.0,0.0,-0.0,0.17170623563299028,157.1443209132759,0.96,953.325896103208,915.1928602590797,38.13303584412836,1.0,0.0,-0.0,0.1607284503300878,129.54485045205874,0.96,839.5685535267497,805.9858113856797,33.58274214107002,1.0,0.0,-0.0,0.1607284503299803,129.5448504519309,0.96,839.5685535264829,805.9858113854235,33.58274214105935,,,,930.7812558129558,2527.164483030183,2337.1961372120304,189.96834581842052,2527.1644830304513,0.0,1.0,-0.0,-0.0,0.3982732427304827,232.75358601309745,0.9249999999999998,631.7911207578072,584.4067867009715,47.38433405683577,1.0,0.0,0.0,0.3982381965044804,232.67588993322408,0.9247725991085887,631.7911207575474,584.2631168369264,47.52800392062102,1.0,0.0,-0.0,0.3982381965045122,232.6758899332945,0.9247725991087934,631.7911207575481,584.2631168370566,47.52800392049153,1.0,0.0,-0.0,0.39823819650457637,232.67588993333976,0.9247725991092058,631.7911207575482,584.263116837076,47.5280039204722,1.0,,,0.101,236.05680985841508,2337.1961372120304,2337.1961372120304,0.0,72.45308025357294,-0.0,,,295.2668659444099,0.0,126.96475235609626,4.0,1583.0720874886365,0.0,-0.0,0.0,160.84012408884547
123,1,124,0.1016,0.0,1583.072087488652,,,,0,0.0,1,2632.463003156433,2632.463003156433,0.0,421.19408050502926,87.39777170479357,0.0,,,416.23402181732615,2632.463003156433,2527.164483030179,105.29852012625756,2632.4630031564366,0.0,1.0,0.0,-0.0,0.17170623563297155,157.14432091323374,0.96,953.3258961030565,915.1928602589342,38.1330358441223,1.0,0.0,-0.0,0.16072845033008776,129.54485045205874,0.96,839.5685535267501,805.98581138568,33.582742141070035,1.0,0.0,-0.0,0.16072845033007954,129.54485045203361,0.96,839.56855352663,805.9858113855648,33.58274214106523,,,,930.7812558129352,2527.164483030179,2337.1961372117876,189.9683458191788,2527.1644830309665,0.0,1.0,-0.0,-0.0,0.3982381965045812,232.6758899332427,0.924772599108432,631.7911207578057,584.2631168368252,47.528003920980495,1.0,0.0,0.0,0.3982381965046058,232.67588993329696,0.9247725991085899,631.7911207578062,584.2631168369254,47.52800392088079,1.0,0.0,-0.0,0.3982732427304806,232.75358601309605,0.925,631.7911207578065,584.4067867009711,47.38433405683543,1.0,0.0,-0.0,0.3982381965045144,232.6758899332995,0.9247725991088039,631.7911207575479,584.2631168370658,47.52800392048209,1.0,,,0.101,236.05680985839055,2337.1961372117876,2337.1961372117876,0.0,72.45308025356542,-0.0,,,295.26686594464877,0.0,126.96475235619897,4.0,1583.072087488652,0.0,-0.0,0.0,160.84012408884703
124,1,125,0.1016,0.0,1583.2565009613497,,,,0,0.0,1,2632.4630031569836,2632.4630031569836,0.0,421.19408050511737,87.39777170481186,0.0,,,416.23402181752977,2632.4630031569836,2527.1644830308337,105.29852012628481,2632.4630031571187,0.0,1.0,0.0,-0.0,0.17170623563305576,157.14432091342306,0.96,953.3258961037374,915.1928602595879,38.133035844149525,1.0,0.0,-0.0,0.1607284503301289,129.54485045207315,0.96,839.5685535267514,805.9858113856814,33.582742141070085,1.0,0.0,-0.0,0.16072845033007951,129.5448504520335,0.96,839.5685535266296,805.9858113855644,33.58274214106521,,,,930.9366479728824,2527.1644830308337,2337.4834769399754,189.68100609125236,2527.164483031228,0.0,1.0,-0.0,-0.0,0.39827324273060716,232.75358601316958,0.925,631.7911207578054,584.40678670097,47.38433405683543,1.0,0.0,0.0,0.3982732427306074,232.75358601316984,0.9249999999999999,631.7911207578057,584.4067867009703,47.38433405683543,1.0,0.0,-0.0,0.3982732427306074,232.7535860131699,0.925,631.7911207578059,584.4067867009704,47.38433405683543,1.0,0.0,-0.0,0.39823819650464104,232.6758899333731,0.9247725991088037,631.791120757811,584.2631168370649,47.52800392074607,1.0,,,0.101,236.08583117093752,2337.4834769399754,2337.4834769399754,0.0,72.46198778513924,-0.0,,,294.9795262171429,0.0,126.84119627337145,4.0,1583.2565009613497,0.0,-0.0,0.0,160.85886049767313
125,1,126,0.1016,0.0,1583.3487076974027,,,,0,0.0,1,2632.4630031574275,2632.4630031574275,0.0,421.19408050518837,87.3977717048266,0.0,,,416.2340218175932,2632.4630031574275,2527.1644830311348,105.29852012629738,2632.463003157432,0.0,1.0,0.0,-0.0,0.1717062356330769,157.14432091347072,0.96,953.325896103909,915.1928602597526,38.133035844156396,1.0,0.0,-0.0,0.16072845033008865,129.54485045206118,0.96,839.5685535267613,805.9858113856908,33.58274214107048,1.0,0.0,-0.0,0.1607284503300887,129.54485045206127,0.96,839.5685535267615,805.985811385691,33.58274214107049,,,,931.0143440526252,2527.1644830311348,2337.627146803804,189.53733622733546,2527.1644830311393,0.0,1.0,-0.0,-0.0,0.39827324273059667,232.75358601315565,0.925,631.7911207577844,584.4067867009504,47.38433405683395,1.0,0.0,0.0,0.39827324273059755,232.75358601315637,0.925,631.7911207577847,584.4067867009509,47.384334056833836,1.0,0.0,-0.0,0.3982732427305974,232.7535860131564,0.925,631.791120757785,584.4067867009512,47.384334056833836,1.0,0.0,-0.0,0.39827324273059794,232.7535860131569,0.925,631.7911207577855,584.4067867009517,47.384334056833836,1.0,,,0.101,236.10034182718422,2337.627146803804,2337.627146803804,0.0,72.46644155091792,-0.0,,,294.8358563536283,0.0,126.77941823206017,4.0,1583.3487076974027,0.0,-0.0,0.0,160.86822870205611
126,1,127,0.1016,0.0,1583.1642942252963,,,,0,0.0,1,2632.463003157425,2632.463003157425,0.0,421.194080505188,87.39777170482651,0.0,,,416.2340218175926,2632.463003157425,2527.1644830311325,105.29852012629728,2632.4630031574297,0.0,1.0,0.0,-0.0,0.1717062356330767,157.14432091347004,0.96,953.3258961039062,915.1928602597499,38.13303584415628,1.0,0.0,-0.0,0.1607284503300887,129.54485045206127,0.96,839.5685535267615,805.985811385691,33.58274214107049,1.0,0.0,-0.0,0.16072845033008862,129.54485045206127,0.96,839.568553526762,805.9858113856915,33.58274214107051,,,,930.8589518930283,2527.1644830311325,2337.339807075994,189.82467595514424,2527.164483031136,0.0,1.0,-0.0,-0.0,0.39827324273059556,232.7535860131543,0.925,631.7911207577822,584.4067867009486,47.38433405683361,1.0,0.0,0.0,0.3982732427305975,232.7535860131562,0.925,631.7911207577844,584.4067867009505,47.384334056833836,1.0,0.0,-0.0,0.39823819650462855,232.67588993335724,0.9247725991088082,631.7911207577847,584.2631168370434,47.5280039207413,1.0,0.0,-0.0,0.3982381965046303,232.67588993336062,0.9247725991088173,631.7911207577848,584.2631168370493,47.5280039207355,1.0,,,0.101,236.07132051467542,2337.339807075994,2337.339807075994,0.0,72.45753401935582,-0.0,,,295.12319608143787,0.0,126.90297431501828,4.0,1583.1642942252963,0.0,-0.0,0.0,160.8494922932901
127,1,128,0.1016,0.0,1583.2565009612122,,,,0,0.0,1,2632.4630031574175,2632.4630031574175,0.0,421.1940805051868,87.39777170482625,0.0,,,416.23402181759445,2632.4630031574175,2527.1644830310897,105.2985201262955,2632.463003157385,0.0,1.0,0.0,-0.0,0.171706235633097,157.1443209135158,0.96,953.3258961040709,915.192860259908,38.13303584416287,1.0,0.0,-0.0,0.16072845033008137,129.54485045203916,0.96,839.5685535266564,805.9858113855901,33.582742141066284,1.0,0.0,-0.0,0.16072845033008143,129.54485045203947,0.96,839.5685535266582,805.9858113855919,33.582742141066355,,,,930.9366479727099,2527.1644830310897,2337.4834769396816,189.68100609145517,2527.164483031137,0.0,1.0,-0.0,-0.0,0.39823819650457676,232.675889933242,0.9247725991084716,631.7911207577838,584.26311683683,47.52800392095378,1.0,0.0,0.0,0.39827324273059717,232.75358601315585,0.925,631.7911207577839,584.4067867009502,47.38433405683372,1.0,0.0,-0.0,0.39827324273059705,232.75358601315594,0.9249999999999999,631.7911207577844,584.4067867009505,47.384334056833836,1.0,0.0,-0.0,0.3982732427305973,232.75358601315625,0.925,631.7911207577848,584.406786700951,47.384334056833836,1.0,,,0.101,236.08583117090785,2337.4834769396816,2337.4834769396816,0.0,72.46198778513013,-0.0,,,294.9795262177034,0.0,126.84119627361245,4.0,1583.2565009612122,0.0,-0.0,0.0,160.85886049765915
128,1,129,0.1016,0.0,1583.3487076973834,,,,0,0.0,1,2632.4630031573347,2632.4630031573347,0.0,421.19408050517353,87.39777170482351,0.0,,,416.2340218175833,2632.4630031573347,2527.164483031051,105.29852012629388,2632.463003157345,0.0,1.0,0.0,-0.0,0.17170623563309234,157.14432091350537,0.96,953.3258961040336,915.1928602598723,38.13303584416138,1.0,0.0,-0.0,0.16072845033008126,129.5448504520388,0.96,839.5685535266547,805.9858113855885,33.58274214106622,1.0,0.0,-0.0,0.16072845033008137,129.54485045203919,0.96,839.5685535266566,805.9858113855903,33.5827421410663,,,,931.0143440526169,2527.164483031051,2337.627146803792,189.53733622733432,2527.164483031127,0.0,1.0,-0.0,-0.0,0.3982732427305943,232.7535860131522,0.925,631.7911207577786,584.4067867009452,47.38433405683338,1.0,0.0,0.0,0.3982732427305945,232.75358601315244,0.925,631.7911207577789,584.4067867009455,47.38433405683338,1.0,0.0,-0.0,0.39827324273059467,232.75358601315267,0.925,631.7911207577793,584.4067867009459,47.38433405683338,1.0,0.0,-0.0,0.39827324273059983,232.7535860131597,0.9250000000000002,631.79112075779,584.4067867009559,47.38433405683418,1.0,,,0.101,236.10034182718303,2337.627146803792,2337.627146803792,0.0,72.46644155091755,-0.0,,,294.83585635355223,0.0,126.77941823202745,4.0,1583.3487076973834,0.0,-0.0,0.0,160.86822870205415
129,1,130,0.1016,0.0,1583.3487076973388,,,,0,0.0,1,2632.4630031573392,2632.4630031573392,0.0,421.19408050517427,87.39777170482367,0.0,,,416.23402181758297,2632.4630031573392,2527.1644830310493,105.29852012629382,2632.463003157343,0.0,1.0,0.0,-0.0,0.17170623563309234,157.14432091350528,0.96,953.3258961040331,915.1928602598717,38.133035844161355,1.0,0.0,-0.0,0.16072845033008126,129.5448504520388,0.96,839.5685535266547,805.9858113855885,33.58274214106622,1.0,0.0,-0.0,0.16072845033008126,129.54485045203887,0.96,839.5685535266553,805.985811385589,33.58274214106624,,,,931.0143440525783,2527.1644830310493,2337.6271468037376,189.5373362273299,2527.164483031068,0.0,1.0,-0.0,-0.0,0.39827324273058734,232.75358601314278,0.925,631.791120757764,584.4067867009318,47.384334056832245,1.0,0.0,0.0,0.3982732427305869,232.7535860131426,0.925,631.7911207577642,584.406786700932,47.384334056832245,1.0,0.0,-0.0,0.3982732427305876,232.75358601314312,0.925,631.7911207577646,584.4067867009322,47.38433405683236,1.0,0.0,-0.0,0.3982732427305925,232.75358601314977,0.9250000000000002,631.7911207577748,584.4067867009418,47.38433405683304,1.0,,,0.101,236.10034182717752,2337.6271468037376,2337.6271468037376,0.0,72.46644155091586,-0.0,,,294.8358563536051,0.0,126.77941823205019,4.0,1583.3487076973388,0.0,-0.0,0.0,160.8682287020496
130,1,131,0.1016,0.0,1583.1642942250776,,,,0,0.0,1,2632.4630031572897,2632.4630031572897,0.0,421.1940805051663,87.39777170482202,0.0,,,416.2340218175536,2632.4630031572897,2527.164483031006,105.298520126292,2632.463003157298,0.0,1.0,0.0,-0.0,0.17170623563305593,157.14432091342334,0.96,953.3258961037382,915.1928602595887,38.13303584414956,1.0,0.0,-0.0,0.1607284503300897,129.5448504520644,0.96,839.5685535267764,805.9858113857053,33.58274214107109,1.0,0.0,-0.0,0.16072845033009023,129.54485045206587,0.96,839.5685535267831,805.9858113857118,33.58274214107136,,,,930.858951892875,2527.164483031006,2337.339807075732,189.82467595532466,2527.1644830310565,0.0,1.0,-0.0,-0.0,0.3982381965045682,232.67588993323827,0.9247725991085135,631.7911207577587,584.2631168368332,47.52800392092547,1.0,0.0,0.0,0.39827324273058734,232.75358601314278,0.925,631.791120757764,584.4067867009318,47.384334056832245,1.0,0.0,-0.0,0.39823819650462067,232.67588993334735,0.9247725991088168,631.7911207577644,584.2631168370301,47.52800392073425,1.0,0.0,-0.0,0.3982732427305904,232.75358601314662,0.925,631.7911207577696,584.4067867009369,47.3843340568327,1.0,,,0.101,236.07132051464896,2337.339807075732,2337.339807075732,0.0,72.45753401934769,-0.0,,,295.1231960815662,0.0,126.90297431507348,4.0,1583.1642942250776,0.0,-0.0,0.0,160.84949229326787
131,1,132,0.1016,0.0,1583.3487076972995,,,,0,0.0,1,2632.4630031572797,2632.4630031572797,0.0,421.1940805051648,87.3977717048217,0.0,,,416.2340218175529,2632.4630031572797,2527.1644830310042,105.29852012629193,2632.463003157296,0.0,1.0,0.0,-0.0,0.17170623563305557,157.14432091342266,0.96,953.3258961037359,915.1928602595864,38.13303584414947,1.0,0.0,-0.0,0.1607284503300898,129.5448504520647,0.96,839.568553526778,805.9858113857068,33.58274214107115,1.0,0.0,-0.0,0.16072845033009006,129.54485045206553,0.96,839.568553526782,805.9858113857107,33.58274214107131,,,,931.0143440525706,2527.1644830310042,2337.627146803723,189.53733622733773,2527.1644830310606,0.0,1.0,-0.0,-0.0,0.3982732427305817,232.75358601313218,0.925,631.7911207577533,584.4067867009135,47.38433405683986,1.0,0.0,0.0,0.39827324273059195,232.75358601314875,0.925,631.7911207577729,584.40678670094,47.38433405683293,1.0,0.0,-0.0,0.3982732427305917,232.75358601314875,0.9250000000000002,631.7911207577732,584.4067867009403,47.38433405683293,1.0,0.0,-0.0,0.39827324273058595,232.75358601314093,0.925,631.7911207577612,584.4067867009292,47.38433405683202,1.0,,,0.101,236.10034182717604,2337.627146803723,2337.627146803723,0.0,72.46644155091542,-0.0,,,294.83585635357326,0.0,126.7794182320365,4.0,1583.3487076972995,0.0,-0.0,0.0,160.86822870204563
132,1,133,0.1016,0.0,1583.1642942251142,,,,0,0.0,1,2632.4630031572924,2632.4630031572924,0.0,421.19408050516677,87.3977717048221,0.0,,,416.2340218175548,2632.4630031572924,2527.16448303101,105.29852012629217,2632.4630031573024,0.0,1.0,0.0,-0.0,0.1717062356330564,157.14432091342448,0.96,953.3258961037425,915.1928602595927,38.13303584414973,1.0,0.0,-0.0,0.16072845033008992,129.54485045206505,0.96,839.5685535267795,805.9858113857083,33.58274214107121,1.0,0.0,-0.0,0.16072845033009,129.54485045206525,0.96,839.5685535267804,805.9858113857092,33.58274214107124,,,,930.8589518929043,2527.16448303101,2337.3398070757917,189.82467595523337,2527.164483031025,0.0,1.0,-0.0,-0.0,0.3982732427305833,232.753586013137,0.925,631.7911207577548,584.4067867009232,47.38433405683156,1.0,0.0,0.0,0.3982381965045903,232.67588993328437,0.9247725991086508,631.7911207577549,584.2631168369165,47.52800392083839,1.0,0.0,-0.0,0.3982381965046167,232.6758899333425,0.9247725991088203,631.7911207577552,584.2631168370237,47.52800392073141,1.0,0.0,-0.0,0.3982732427305855,232.75358601314036,0.9249999999999999,631.7911207577604,584.4067867009284,47.38433405683202,1.0,,,0.101,236.07132051465499,2337.3398070757917,2337.3398070757917,0.0,72.45753401934954,-0.0,,,295.1231960815105,0.0,126.90297431504952,4.0,1583.1642942251142,0.0,-0.0,0.0,160.8494922932716
133,1,134,0.1016,0.0,1583.2565009608536,,,,0,0.0,1,2632.46300315642,2632.46300315642,0.0,421.1940805050272,87.39777170479316,0.0,,,416.23402181731103,2632.46300315642,2527.1644830301693,105.29852012625716,2632.4630031564266,0.0,1.0,0.0,-0.0,0.1717062356329479,157.14432091318054,0.96,953.325896102865,915.1928602587504,38.13303584411464,1.0,0.0,-0.0,0.16072845033008998,129.54485045206525,0.96,839.5685535267806,805.9858113857094,33.58274214107126,1.0,0.0,-0.0,0.16072845033008987,129.54485045206522,0.96,839.5685535267809,805.9858113857096,33.582742141071265,,,,930.936647972643,2527.1644830301693,2337.4834769395993,189.68100609138855,2527.164483030988,0.0,1.0,-0.0,-0.0,0.39823819650456477,232.67588993323753,0.9247725991085595,631.7911207577307,584.2631168368364,47.52800392089432,1.0,0.0,0.0,0.3982732427305714,232.7535860131213,0.9249999999999999,631.791120757731,584.4067867009012,47.38433405682986,1.0,0.0,-0.0,0.3982732427305855,232.75358601314036,0.9249999999999999,631.7911207577604,584.4067867009284,47.38433405683202,1.0,0.0,-0.0,0.39827324273058806,232.7535860131438,0.9250000000000002,631.7911207577656,584.4067867009333,47.38433405683236,1.0,,,0.101,236.08583117089955,2337.4834769395993,2337.4834769395993,0.0,72.46198778512758,-0.0,,,294.97952621682714,0.0,126.84119627323567,4.0,1583.2565009608536,0.0,-0.0,0.0,160.85886049762271
134,1,135,0.1016,0.0,1583.0720874886845,,,,0,0.0,1,2632.4630031564593,2632.4630031564593,0.0,421.1940805050335,87.39777170479445,0.0,,,416.23402181732035,2632.4630031564593,2527.164483030211,105.2985201262589,2632.46300315647,0.0,1.0,0.0,-0.0,0.171706235632948,157.14432091318074,0.96,953.3258961028655,915.1928602587509,38.13303584411465,1.0,0.0,-0.0,0.16072845033009142,129.54485045206965,0.96,839.5685535268016,805.9858113857294,33.582742141072096,1.0,0.0,-0.0,0.1607284503300915,129.54485045206997,0.96,839.568553526803,805.9858113857309,33.58274214107215,,,,930.7812558129847,2527.164483030211,2337.196137211678,189.96834581929716,2527.164483030975,0.0,1.0,-0.0,-0.0,0.3982381965045663,232.67588993323884,0.9247725991085535,631.7911207577359,584.2631168368374,47.52800392089853,1.0,0.0,0.0,0.39823819650458364,232.67588993327976,0.9247725991086682,631.7911207577412,584.2631168369147,47.52800392082645,1.0,0.0,-0.0,0.39827324273057885,232.7535860131313,0.9249999999999999,631.7911207577464,584.4067867009154,47.384334056830994,1.0,0.0,-0.0,0.39823819650461256,232.6758899333348,0.9247725991088044,631.7911207577516,584.2631168370104,47.528003920741185,1.0,,,0.101,236.0568098583795,2337.196137211678,2337.196137211678,0.0,72.45308025356202,-0.0,,,295.2668659447921,0.0,126.96475235626059,4.0,1583.0720874886845,0.0,-0.0,0.0,160.84012408885033
135,1,136,0.1016,0.0,1583.164294224831,,,,0,0.0,1,2632.46300315645,2632.46300315645,0.0,421.19408050503205,87.39777170479415,0.0,,,416.23402181731836,2632.46300315645,2527.164483030203,105.29852012625855,2632.4630031564616,0.0,1.0,0.0,-0.0,0.1717062356329478,157.14432091318028,0.96,953.3258961028639,915.1928602587493,38.13303584411459,1.0,0.0,-0.0,0.16072845033009114,129.54485045206883,0.96,839.5685535267977,805.9858113857258,33.58274214107194,1.0,0.0,-0.0,0.16072845033009128,129.54485045206928,0.96,839.5685535267999,805.9858113857279,33.582742141072025,,,,930.8589518928635,2527.164483030203,2337.339807075735,189.82467595522462,2527.164483030959,0.0,1.0,-0.0,-0.0,0.39827324273057374,232.75358601312442,0.9249999999999999,631.7911207577358,584.4067867009056,47.3843340568302,1.0,0.0,0.0,0.3982381965045848,232.6758899332799,0.9247725991086736,631.7911207577359,584.2631168369134,47.528003920822584,1.0,0.0,-0.0,0.3982732427305767,232.75358601312814,0.925,631.7911207577412,584.4067867009106,47.38433405683054,1.0,0.0,-0.0,0.3982381965046099,232.6758899333311,0.9247725991088035,631.7911207577464,584.2631168370051,47.5280039207413,1.0,,,0.101,236.07132051464924,2337.339807075735,2337.339807075735,0.0,72.45753401934778,-0.0,,,295.1231960807269,0.0,126.90297431471258,4.0,1583.164294224831,0.0,-0.0,0.0,160.84949229324283
136,1,137,0.1016,0.0,1583.2565009611144,,,,0,0.0,1,2632.46300315736,2632.46300315736,0.0,421.1940805051776,87.39777170482436,0.0,,,416.23402181757035,2632.46300315736,2527.164483031071,105.2985201262947,2632.4630031573656,0.0,1.0,0.0,-0.0,0.17170623563306078,157.14432091343437,0.96,953.3258961037782,915.192860259627,38.13303584415116,1.0,0.0,-0.0,0.16072845033009092,129.544850452068,0.96,839.5685535267936,805.9858113857218,33.582742141071776,1.0,0.0,-0.0,0.16072845033009087,129.544850452068,0.96,839.5685535267938,805.9858113857221,33.58274214107178,,,,930.936647972643,2527.164483031071,2337.4834769396166,189.68100609130818,2527.1644830309247,0.0,1.0,-0.0,-0.0,0.39827324273057124,232.75358601312107,0.925,631.7911207577306,584.4067867009009,47.38433405682974,1.0,0.0,0.0,0.3982381965045833,232.67588993327857,0.9247725991086791,631.7911207577309,584.2631168369122,47.52800392081872,1.0,0.0,-0.0,0.3982732427305715,232.75358601312143,0.925,631.7911207577313,584.4067867009014,47.38433405682986,1.0,0.0,-0.0,0.398273242730572,232.75358601312186,0.925,631.7911207577316,584.4067867009018,47.38433405682986,1.0,,,0.101,236.0858311709013,2337.4834769396166,2337.4834769396166,0.0,72.46198778512812,-0.0,,,294.9795262177493,0.0,126.8411962736322,4.0,1583.2565009611144,0.0,-0.0,0.0,160.8588604976492
137,1,138,0.13994,0.0,1583.2565009608784,,,,0,0.0,1,2632.4630031572756,2632.4630031572756,0.0,421.1940805051641,87.39777170482155,0.0,,,416.2340218175524,2632.4630031572756,2527.1644830309897,105.29852012629132,2632.463003157281,0.0,1.0,0.0,-0.0,0.17170623563306053,157.14432091343377,0.96,953.3258961037759,915.1928602596248,38.13303584415107,1.0,0.0,-0.0,0.16072845033008795,129.5448504520592,0.96,839.5685535267519,805.9858113856818,33.582742141070106,1.0,0.0,-0.0,0.16072845033008806,129.54485045205948,0.96,839.5685535267532,805.9858113856831,33.58274214107016,,,,930.9366479724522,2527.1644830309897,2337.4834769393447,189.68100609128953,2527.164483030634,0.0,1.0,-0.0,-0.0,0.3982381965045464,232.67588993322846,0.9247725991086742,631.7911207576569,584.2631168368406,47.52800392081633,1.0,0.0,0.0,0.3982732427305359,232.75358601307337,0.925,631.7911207576573,584.406786700833,47.38433405682429,1.0,0.0,-0.0,0.3982732427305362,232.7535860130736,0.925,631.7911207576574,584.4067867008331,47.38433405682429,1.0,0.0,-0.0,0.39827324273053843,232.7535860130768,0.925,631.7911207576625,584.4067867008379,47.38433405682463,1.0,,,0.101,236.08583117087383,2337.4834769393447,2337.4834769393447,0.0,72.46198778511969,-0.0,,,294.9795262179365,0.0,126.8411962737127,4.0,1583.2565009608784,0.0,-0.0,0.0,221.56091474446532
138,1,139,0.13994,0.0,1583.0720874887804,,,,0,0.0,1,2632.463003156934,2632.463003156934,0.0,421.19408050510947,87.39777170481021,0.0,,,416.23402181746314,2632.463003156934,2527.164483030661,105.29852012627764,2632.4630031569386,0.0,1.0,0.0,-0.0,0.17170623563302911,157.14432091336315,0.96,953.3258961035218,915.192860259381,38.133035844140906,1.0,0.0,-0.0,0.16072845033008792,129.54485045205908,0.96,839.5685535267512,805.9858113856811,33.58274214107008,1.0,0.0,-0.0,0.16072845033008187,129.54485045204095,0.96,839.5685535266655,805.9858113855988,33.582742141066646,,,,930.7812558129383,2527.164483030661,2337.196137211673,189.96834581899805,2527.1644830306714,0.0,1.0,-0.0,-0.0,0.39823819650454884,232.6758899332303,0.9247725991086659,631.7911207576636,584.2631168368416,47.528003920822016,1.0,0.0,0.0,0.39827324273053916,232.75358601307778,0.925,631.791120757664,584.4067867008392,47.38433405682474,1.0,0.0,-0.0,0.3982381965045888,232.67588993331654,0.9247725991089077,631.7911207576692,584.2631168369995,47.528003920669676,1.0,0.0,-0.0,0.3982381965045885,232.67588993331373,0.9247725991088894,631.7911207576744,584.2631168369928,47.52800392068161,1.0,,,0.101,236.05680985837898,2337.196137211673,2337.196137211673,0.0,72.45308025356186,-0.0,,,295.26686594526524,0.0,126.96475235646405,4.0,1583.0720874887804,0.0,-0.0,0.0,221.53510792317994
139,1,140,0.13994,0.0,1583.0720874887486,,,,0,0.0,1,2632.463003156835,2632.463003156835,0.0,421.1940805050936,87.39777170480691,0.0,,,416.234021817443,2632.463003156835,2527.1644830305695,105.29852012627381,2632.463003156843,0.0,1.0,0.0,-0.0,0.17170623563302895,157.14432091336275,0.96,953.3258961035204,915.1928602593796,38.13303584414085,1.0,0.0,-0.0,0.1607284503300817,129.54485045204018,0.96,839.5685535266613,805.9858113855948,33.58274214106648,1.0,0.0,-0.0,0.16072845033008165,129.54485045204015,0.96,839.5685535266615,805.985811385595,33.58274214106649,,,,930.7812558129278,2527.1644830305695,2337.1961372116625,189.96834581899657,2527.164483030655,0.0,1.0,-0.0,-0.0,0.39823819650454856,232.67588993323074,0.9247725991086687,631.7911207576633,584.2631168368431,47.5280039208202,1.0,0.0,0.0,0.3982732427305394,232.75358601307775,0.925,631.7911207576636,584.4067867008389,47.38433405682474,1.0,0.0,-0.0,0.3982381965045849,232.67588993331012,0.9247725991088989,631.791120757664,584.2631168369891,47.528003920674905,1.0,0.0,-0.0,0.39823819650458453,232.6758899333092,0.924772599108896,631.7911207576641,584.2631168369874,47.528003920676724,1.0,,,0.101,236.05680985837793,2337.1961372116625,2337.1961372116625,0.0,72.45308025356154,-0.0,,,295.2668659451849,0.0,126.96475235642951,4.0,1583.0720874887486,0.0,-0.0,0.0,221.5351079231755
140,1,141,0.13994,0.0,1583.2565009609514,,,,0,0.0,1,2632.463003156835,2632.463003156835,0.0,421.19408050509355,87.39777170480691,0.0,,,416.23402181744245,2632.463003156835,2527.1644830305668,105.2985201262737,2632.4630031568404,0.0,1.0,0.0,-0.0,0.17170623563302873,157.1443209133624,0.96,953.3258961035194,915.1928602593786,38.133035844140814,1.0,0.0,-0.0,0.1607284503300816,129.54485045203984,0.96,839.5685535266597,805.9858113855933,33.58274214106642,1.0,0.0,-0.0,0.1607284503300818,129.5448504520402,0.96,839.568553526661,805.9858113855946,33.58274214106647,,,,930.936647972609,2527.1644830305668,2337.4834769396048,189.68100609113594,2527.1644830307405,0.0,1.0,-0.0,-0.0,0.3982732427306164,232.75358601318234,0.925,631.7911207578254,584.4067867009885,47.384334056836906,1.0,0.0,0.0,0.39827324273052594,232.7535860130599,0.925,631.7911207576365,584.4067867008138,47.384334056822695,1.0,0.0,-0.0,0.3982381965045766,232.67588993330304,0.92477259910893,631.7911207576367,584.2631168369835,47.52800392065319,1.0,0.0,-0.0,0.39827324273052894,232.75358601306365,0.925,631.7911207576419,584.4067867008188,47.38433405682315,1.0,,,0.101,236.0858311709001,2337.4834769396048,2337.4834769396048,0.0,72.46198778512775,-0.0,,,294.97952621723596,0.0,126.84119627341146,4.0,1583.2565009609514,0.0,-0.0,0.0,221.56091474447555
141,1,142,0.13994,0.0,1583.256500960799,,,,0,0.0,1,2632.463003156758,2632.463003156758,0.0,421.1940805050813,87.39777170480437,0.0,,,416.23402181742154,2632.463003156758,2527.1644830304936,105.29852012627066,2632.463003156764,0.0,1.0,0.0,-0.0,0.17170623563301962,157.14432091334197,0.96,953.3258961034461,915.1928602593082,38.13303584413788,1.0,0.0,-0.0,0.1607284503300816,129.54485045203964,0.96,839.5685535266583,805.985811385592,33.58274214106636,1.0,0.0,-0.0,0.16072845033008168,129.54485045203992,0.96,839.5685535266597,805.9858113855933,33.58274214106642,,,,930.9366479724943,2527.1644830304936,2337.483476939438,189.6810060911357,2527.164483030573,0.0,1.0,-0.0,-0.0,0.3982732427305289,232.75358601306357,0.925,631.7911207576418,584.4067867008187,47.38433405682315,1.0,0.0,0.0,0.39827324273052866,232.75358601306357,0.9249999999999999,631.7911207576421,584.406786700819,47.38433405682315,1.0,0.0,-0.0,0.39827324273052894,232.75358601306374,0.925,631.7911207576421,584.406786700819,47.38433405682315,1.0,0.0,-0.0,0.3982381965045787,232.6758899333033,0.9247725991089105,631.7911207576474,584.2631168369811,47.528003920666265,1.0,,,0.101,236.08583117088324,2337.483476939438,2337.483476939438,0.0,72.46198778512257,-0.0,,,294.9795262173268,0.0,126.84119627345052,4.0,1583.256500960799,0.0,-0.0,0.0,221.56091474445424
142,1,143,0.1016,0.0,1583.1642942248375,,,,0,0.0,1,2632.4630031569345,2632.4630031569345,0.0,421.1940805051095,87.39777170481022,0.0,,,416.23402181747264,2632.4630031569345,2527.1644830306664,105.29852012627785,2632.463003156944,0.0,1.0,0.0,-0.0,0.17170623563304419,157.14432091339705,0.96,953.3258961036439,915.1928602594982,38.13303584414579,1.0,0.0,-0.0,0.16072845033008087,129.5448504520377,0.96,839.5685535266496,805.9858113855836,33.582742141066014,1.0,0.0,-0.0,0.16072845033008096,129.5448504520379,0.96,839.5685535266505,805.9858113855844,33.58274214106605,,,,930.8589518927298,2527.1644830306664,2337.3398070755943,189.82467595497803,2527.1644830305722,0.0,1.0,-0.0,-0.0,0.39827324273052833,232.75358601306314,0.925,631.7911207576415,584.4067867008184,47.384334056823036,1.0,0.0,0.0,0.3982732427305289,232.75358601306357,0.925,631.7911207576418,584.4067867008187,47.38433405682315,1.0,0.0,-0.0,0.3982381965045764,232.67588993330045,0.9247725991089124,631.7911207576419,584.2631168369772,47.52800392066467,1.0,0.0,-0.0,0.39823819650457837,232.6758899333026,0.9247725991089091,631.791120757647,584.2631168369799,47.528003920667174,1.0,,,0.101,236.07132051463503,2337.3398070755943,2337.3398070755943,0.0,72.45753401934343,-0.0,,,295.12319608135,0.0,126.9029743149805,4.0,1583.1642942248375,0.0,-0.0,0.0,160.8494922932435
143,1,144,0.1016,0.0,1583.1642942247493,,,,0,0.0,1,2632.4630031567244,2632.4630031567244,0.0,421.1940805050759,87.39777170480325,0.0,,,416.23402181743694,2632.4630031567244,2527.1644830306673,105.29852012627791,2632.463003156945,0.0,1.0,0.0,-0.0,0.17170623563308002,157.14432091341283,0.96,953.3258961036471,915.1928602595012,38.133035844145915,1.0,0.0,-0.0,0.16072845033008076,129.54485045203745,0.96,839.5685535266487,805.9858113855827,33.58274214106598,1.0,0.0,-0.0,0.160728450330038,129.54485045198663,0.96,839.5685535266495,805.9858113855835,33.58274214106601,,,,930.8589518926855,2527.1644830306673,2337.3398070755147,189.82467595505386,2527.1644830305686,0.0,1.0,-0.0,-0.0,0.398273242730526,232.75358601306,0.9250000000000002,631.7911207576366,584.4067867008139,47.384334056822695,1.0,0.0,0.0,0.3982381965045583,232.67588993326103,0.9247725991087976,631.7911207576421,584.2631168369049,47.528003920737206,1.0,0.0,-0.0,0.39823819650457515,232.67588993329753,0.9247725991089033,631.7911207576423,584.2631168369718,47.52800392067047,1.0,0.0,-0.0,0.3982732427305308,232.75358601306684,0.925,631.7911207576476,584.4067867008241,47.38433405682349,1.0,,,0.101,236.071320514627,2337.3398070755147,2337.3398070755147,0.0,72.45753401934095,-0.0,,,295.1231960814305,0.0,126.9029743150151,4.0,1583.1642942247493,0.0,-0.0,0.0,160.8494922932345
144,1,145,0.1016,0.0,1583.1642942251656,,,,0,0.0,1,2632.4630031580314,2632.4630031580314,0.0,421.194080505285,87.39777170484665,0.0,,,416.2340218176498,2632.4630031580314,2527.1644830317173,105.29852012632165,2632.463003158039,0.0,1.0,0.0,-0.0,0.17170623563294793,157.14432091318065,0.96,953.3258961028655,915.1928602587509,38.13303584411465,1.0,0.0,-0.0,0.16072845033014582,129.5448504522346,0.96,839.5685535275866,805.9858113864831,33.582742141103495,1.0,0.0,-0.0,0.1607284503301457,129.54485045223456,0.96,839.5685535275868,805.9858113864833,33.5827421411035,,,,930.8589518928648,2527.1644830317173,2337.339807075752,189.82467595528533,2527.1644830310374,0.0,1.0,-0.0,-0.0,0.3982381965045848,232.67588993325444,0.9247725991084836,631.7911207577966,584.2631168368495,47.528003920947185,1.0,0.0,0.0,0.39827324273060316,232.75358601316415,0.925,631.791120757797,584.4067867009622,47.384334056834746,1.0,0.0,-0.0,0.3982732427306036,232.75358601316447,0.925,631.7911207577971,584.4067867009624,47.384334056834746,1.0,0.0,-0.0,0.39823819650454384,232.67588993328172,0.924772599108686,631.7911207576467,584.263116836978,47.52800392066865,1.0,,,0.101,236.07132051465098,2337.339807075752,2337.339807075752,0.0,72.45753401934832,-0.0,,,295.1231960822868,0.0,126.90297431538333,4.0,1583.1642942251656,0.0,-0.0,0.0,160.84949229327682
145,1,146,0.1016,0.0,1582.9798807529987,,,,0,0.0,1,2632.463003158031,2632.463003158031,0.0,421.19408050528494,87.39777170484663,0.0,,,416.234021817751,2632.463003158031,2527.1644830317173,105.29852012632166,2632.463003158039,0.0,1.0,0.0,-0.0,0.17170623563318937,157.14432091328308,0.96,953.3258961028714,915.1928602587565,38.13303584411489,1.0,0.0,-0.0,0.1607284503301455,129.5448504522339,0.96,839.5685535275836,805.9858113864802,33.582742141103374,1.0,0.0,-0.0,0.16072845033014557,129.54485045223404,0.96,839.5685535275841,805.9858113864807,33.582742141103395,,,,930.7035597331327,2527.1644830317173,2337.052467347673,190.11201568334513,2527.164483031036,0.0,1.0,-0.0,-0.0,0.398238196504585,232.67588993325495,0.924772599108486,631.7911207577962,584.2631168368505,47.52800392094571,1.0,0.0,0.0,0.3982381965045977,232.67588993328312,0.9247725991085677,631.7911207577966,584.2631168369026,47.52800392089409,1.0,0.0,-0.0,0.39823819650461245,232.6758899333166,0.9247725991086659,631.791120757797,584.263116836965,47.52800392083202,1.0,0.0,-0.0,0.39823819650454106,232.675889933278,0.9247725991086699,631.7911207576461,584.2631168369728,47.528003920673314,1.0,,,0.101,236.04229920211498,2337.052467347673,2337.052467347673,0.0,72.44862648777786,-0.0,,,295.410535810348,0.0,127.02653039844964,4.0,1582.9798807529987,0.0,-0.0,0.0,160.83075588450467
146,1,147,0.1016,0.0,1583.0720874895185,,,,0,0.0,1,2632.4630031567726,2632.4630031567726,0.0,421.1940805050836,87.39777170480485,0.0,,,416.23402181831887,2632.4630031567726,2527.164483032189,105.29852012634129,2632.4630031585302,0.0,1.0,0.0,-0.0,0.17170623563359017,157.14432091384924,0.96,953.3258961033557,915.1928602592214,38.13303584413426,1.0,0.0,-0.0,0.160728450330146,129.54485045223484,0.96,839.568553527587,805.9858113864835,33.58274214110351,1.0,0.0,-0.0,0.16072845033014588,129.54485045223478,0.96,839.5685535275873,805.9858113864838,33.58274214110352,,,,930.7812558128348,2527.164483032189,2337.1961372115306,189.96834581899566,2527.1644830305195,0.0,1.0,-0.0,-0.0,0.3982381965045418,232.67588993323017,0.9247725991087333,631.7911207576284,584.2631168368516,47.52800392077677,1.0,0.0,0.0,0.3982381965045545,232.6758899332574,0.9247725991088118,631.7911207576285,584.2631168369013,47.5280039207272,1.0,0.0,-0.0,0.3982381965045687,232.67588993328886,0.9247725991089036,631.7911207576287,584.2631168369595,47.52800392066922,1.0,0.0,-0.0,0.3982732427305251,232.7535860130585,0.925,631.791120757634,584.4067867008115,47.38433405682247,1.0,,,0.101,236.0568098583646,2337.1961372115306,2337.1961372115306,0.0,72.45308025355745,-0.0,,,295.2668659470063,0.0,126.9647523572127,4.0,1583.0720874895185,0.0,-0.0,0.0,160.84012408893508
147,1,148,0.1016,0.0,1583.0720874883184,,,,0,0.0,1,2632.4630031552883,2632.4630031552883,0.0,421.1940805048461,87.39777170475557,0.0,,,416.2340218173194,2632.4630031552883,2527.1644830317227,105.29852012632188,2632.4630031580446,0.0,1.0,0.0,-0.0,0.17170623563358917,157.14432091355977,0.96,953.3258961028705,915.1928602587557,38.13303584411485,1.0,0.0,-0.0,0.16072845033014582,129.5448504522346,0.96,839.5685535275866,805.9858113864831,33.582742141103495,1.0,0.0,-0.0,0.16072845032954966,129.544850451525,0.96,839.5685535275874,805.9858113864839,33.58274214110352,,,,930.7812558126368,2527.1644830317227,2337.1961372115065,189.96834581899964,2527.164483030522,0.0,1.0,-0.0,-0.0,0.39823819650420444,232.6758899330335,0.9247725991065437,631.7911207576276,584.2631168368526,47.52800392077495,1.0,0.0,0.0,0.3982381965045541,232.6758899332568,0.9247725991088113,631.7911207576279,584.2631168369004,47.52800392072754,1.0,0.0,-0.0,0.3982381965045696,232.67588993328897,0.9247725991088955,631.7911207576332,584.2631168369585,47.52800392067468,1.0,0.0,-0.0,0.39827324273052395,232.7535860130576,0.925,631.7911207576334,584.4067867008109,47.38433405682247,1.0,,,0.101,236.0568098583622,2337.1961372115065,2337.1961372115065,0.0,72.4530802535567,-0.0,,,295.26686594652205,0.0,126.96475235700447,4.0,1583.0720874883184,0.0,-0.0,0.0,160.84012408881316
148,1,149,0.1016,0.0,1583.3487076983545,,,,0,0.0,1,2632.4630031570364,2632.4630031570364,0.0,421.19408050512584,87.39777170481361,0.0,,,416.2340218179551,2632.4630031570364,2527.1644830321916,105.2985201263414,2632.463003158533,0.0,1.0,0.0,-0.0,0.17170623563300796,157.14432091331565,0.96,953.3258961033512,915.1928602592171,38.13303584413408,1.0,0.0,-0.0,0.1607284503301461,129.54485045223538,0.96,839.5685535275901,805.9858113864865,33.58274214110364,1.0,0.0,-0.0,0.16072845033063957,129.5448504524041,0.96,839.5685535275917,805.985811386488,33.5827421411037,,,,931.0143440531141,2527.1644830321916,2337.6271468048044,189.53733622598963,2527.164483030794,0.0,1.0,-0.0,-0.0,0.39827324273087755,232.75358601381376,0.925000000002089,631.7911207576982,584.4067867021906,47.384334055507566,1.0,0.0,0.0,0.39827324273055564,232.75358601310003,0.925,631.7911207576983,584.406786700871,47.384334056827356,1.0,0.0,-0.0,0.3982732427305558,232.75358601310023,0.925,631.7911207576985,584.4067867008712,47.384334056827356,1.0,0.0,-0.0,0.3982732427305554,232.7535860131001,0.925,631.7911207576988,584.4067867008714,47.384334056827356,1.0,,,0.101,236.10034182728526,2337.6271468048044,2337.6271468048044,0.0,72.46644155094893,-0.0,,,294.83585635372845,0.0,126.77941823210323,4.0,1583.3487076983545,0.0,-0.0,0.0,160.8682287021528
149,1,150,0.1016,0.0,1583.1642942253416,,,,0,0.0,1,2632.46300315691,2632.46300315691,0.0,421.1940805051056,87.39777170480941,0.0,,,416.23402181797076,2632.46300315691,2527.1644830321943,105.29852012634151,2632.4630031585357,0.0,1.0,0.0,-0.0,0.1717062356330078,157.14432091331528,0.96,953.3258961033498,915.1928602592158,38.13303584413403,1.0,0.0,-0.0,0.16072845033018918,129.5448504522505,0.96,839.5685535275921,805.9858113864884,33.582742141103715,1.0,0.0,-0.0,0.1607284503306409,129.54485045240494,0.96,839.5685535275937,805.9858113864899,33.58274214110378,,,,930.8589518927398,2527.1644830321943,2337.3398070755534,189.82467595523394,2527.1644830307873,0.0,1.0,-0.0,-0.0,0.3982381965045596,232.6758899332419,0.9247725991086444,631.7911207576927,584.2631168368549,47.52800392083782,1.0,0.0,0.0,0.39827324273055353,232.75358601309685,0.925,631.791120757693,584.4067867008661,47.3843340568269,1.0,0.0,-0.0,0.3982381965045858,232.67588993329773,0.9247725991087975,631.7911207576982,584.2631168369567,47.528003920741526,1.0,0.0,-0.0,0.39827324273055814,232.7535860131034,0.925,631.7911207577034,584.4067867008757,47.3843340568277,1.0,,,0.101,236.0713205146309,2337.3398070755534,2337.3398070755534,0.0,72.45753401934215,-0.0,,,295.1231960829824,0.0,126.90297431568244,4.0,1583.1642942253416,0.0,-0.0,0.0,160.8494922932947
150,1,151,0.1016,0.0,1583.072087489099,,,,0,0.0,1,2632.463003157775,2632.463003157775,0.0,421.19408050524396,87.39777170483812,0.0,,,416.2340218177668,2632.463003157775,2527.164483031487,105.29852012631207,2632.4630031577994,0.0,1.0,0.0,-0.0,0.17170623563324708,157.1443209133065,0.96,953.325896102868,915.1928602587533,38.13303584411475,1.0,0.0,-0.0,0.16072845033018934,129.54485045225096,0.96,839.5685535274652,805.9858113863665,33.582742141098635,1.0,0.0,-0.0,0.1607284503301375,129.54485045220935,0.96,839.5685535274663,805.9858113863676,33.582742141098684,,,,930.7812558129528,2527.164483031487,2337.196137211678,189.96834581907376,2527.1644830307514,0.0,1.0,-0.0,-0.0,0.39827324273055054,232.7535860130931,0.925,631.7911207576876,584.4067867008611,47.38433405682656,1.0,0.0,0.0,0.39823819650456865,232.6758899332641,0.924772599108719,631.7911207576877,584.2631168368974,47.5280039207903,1.0,0.0,-0.0,0.3982381965045829,232.67588993329562,0.9247725991088108,631.791120757688,584.2631168369556,47.52800392073232,1.0,0.0,-0.0,0.3982381965045849,232.67588993330003,0.924772599108823,631.7911207576883,584.2631168369637,47.528003920724586,1.0,,,0.101,236.0568098583795,2337.196137211678,2337.196137211678,0.0,72.45308025356202,-0.0,,,295.2668659461216,0.0,126.96475235683228,4.0,1583.072087489099,0.0,-0.0,0.0,160.84012408889245
151,1,152,0.1016,0.0,1583.2565009611264,,,,0,0.0,1,2632.4630031577963,2632.4630031577963,0.0,421.1940805052474,87.39777170483883,0.0,,,416.234021817642,2632.4630031577963,2527.1644830314845,105.29852012631194,2632.4630031577963,0.0,1.0,0.0,-0.0,0.17170623563294793,157.14432091318065,0.96,953.3258961028655,915.1928602587509,38.13303584411465,1.0,0.0,-0.0,0.16072845033019084,129.54485045225218,0.96,839.5685535274653,805.9858113863667,33.58274214109864,1.0,0.0,-0.0,0.16072845033013744,129.54485045220918,0.96,839.5685535274655,805.9858113863669,33.58274214109865,,,,930.9366479725893,2527.1644830314845,2337.4834769395557,189.681006091227,2527.1644830307832,0.0,1.0,-0.0,-0.0,0.39827324273055464,232.75358601309836,0.925,631.7911207576954,584.4067867008682,47.38433405682713,1.0,0.0,0.0,0.3982732427305544,232.75358601309836,0.9250000000000002,631.7911207576957,584.4067867008686,47.38433405682713,1.0,0.0,-0.0,0.3982381965045836,232.67588993329386,0.9247725991087907,631.7911207576958,584.2631168369502,47.52800392074562,1.0,0.0,-0.0,0.39827324273055464,232.75358601309867,0.925,631.7911207576961,584.406786700869,47.38433405682713,1.0,,,0.101,236.08583117089515,2337.4834769395557,2337.4834769395557,0.0,72.46198778512623,-0.0,,,294.97952621824015,0.0,126.84119627384327,4.0,1583.2565009611264,0.0,-0.0,0.0,160.85886049765045
152,1,153,0.1016,0.0,1583.2565009607242,,,,0,0.0,1,2632.463003156052,2632.463003156052,0.0,421.19408050496827,87.39777170478092,0.0,,,416.2340218172341,2632.463003156052,2527.164483029817,105.29852012624247,2632.463003156059,0.0,1.0,0.0,-0.0,0.17170623563294835,157.14432091318164,0.96,953.3258961028691,915.1928602587543,38.1330358441148,1.0,0.0,-0.0,0.16072845033007715,129.54485045202628,0.96,839.568553526595,805.9858113855312,33.58274214106383,1.0,0.0,-0.0,0.160728450330077,129.5448504520262,0.96,839.5685535265952,805.9858113855314,33.58274214106384,,,,930.9366479725941,2527.164483029817,2337.4834769395634,189.68100609123042,2527.1644830307932,0.0,1.0,-0.0,-0.0,0.3982732427305536,232.75358601309765,0.925,631.7911207576951,584.406786700868,47.38433405682713,1.0,0.0,0.0,0.3982732427305544,232.7535860130984,0.925,631.7911207576958,584.4067867008687,47.38433405682713,1.0,0.0,-0.0,0.398273242730557,232.75358601310185,0.925,631.7911207577012,584.4067867008736,47.38433405682758,1.0,0.0,-0.0,0.3982381965045857,232.67588993329616,0.9247725991087867,631.7911207577015,584.2631168369529,47.528003920748574,1.0,,,0.101,236.08583117089591,2337.4834769395634,2337.4834769395634,0.0,72.46198778512647,-0.0,,,294.97952621649654,0.0,126.84119627309352,4.0,1583.2565009607242,0.0,-0.0,0.0,160.85886049760958
153,1,154,0.1016,0.0,1583.0720874887909,,,,0,0.0,1,2632.4630031570396,2632.4630031570396,0.0,421.19408050512635,87.39777170481372,0.0,,,416.2340218175092,2632.4630031570396,2527.1644830307655,105.29852012628197,2632.4630031570473,0.0,1.0,0.0,-0.0,0.17170623563307086,157.144320913457,0.96,953.3258961038593,915.192860259705,38.133035844154406,1.0,0.0,-0.0,0.16072845033007704,129.54485045202588,0.96,839.5685535265931,805.9858113855294,33.582742141063754,1.0,0.0,-0.0,0.16072845033007718,129.54485045202628,0.96,839.5685535265948,805.985811385531,33.58274214106382,,,,930.7812558129117,2527.1644830307655,2337.1961372115843,189.9683458192295,2527.164483030814,0.0,1.0,-0.0,-0.0,0.3982381965045611,232.67588993324443,0.9247725991086481,631.7911207576948,584.2631168368591,47.52800392083566,1.0,0.0,0.0,0.3982381965045714,232.6758899332646,0.924772599108695,631.7911207577012,584.2631168368947,47.52800392080644,1.0,0.0,-0.0,0.3982732427305596,232.75358601310532,0.925,631.7911207577064,584.4067867008785,47.384334056827925,1.0,0.0,-0.0,0.3982381965045881,232.67588993329724,0.9247725991087706,631.7911207577116,584.2631168369521,47.52800392075949,1.0,,,0.101,236.05680985837003,2337.1961372115843,2337.1961372115843,0.0,72.45308025355911,-0.0,,,295.2668659454628,0.0,126.96475235654901,4.0,1583.0720874887909,0.0,-0.0,0.0,160.84012408886116
154,1,155,0.1016,0.0,1583.1642942245728,,,,0,0.0,1,2632.463003156037,2632.463003156037,0.0,421.1940805049659,87.39777170478042,0.0,,,416.23402181723173,2632.463003156037,2527.164483029806,105.29852012624204,2632.463003156048,0.0,1.0,0.0,-0.0,0.17170623563294796,157.14432091318076,0.96,953.3258961028661,915.1928602587514,38.13303584411468,1.0,0.0,-0.0,0.16072845033007693,129.54485045202554,0.96,839.5685535265914,805.9858113855277,33.58274214106368,1.0,0.0,-0.0,0.16072845033007685,129.5448504520254,0.96,839.5685535265909,805.9858113855272,33.58274214106367,,,,930.8589518927138,2527.164483029806,2337.3398070755184,189.82467595522428,2527.1644830307428,0.0,1.0,-0.0,-0.0,0.3982381965045616,232.6758899332453,0.9247725991086491,631.7911207576956,584.2631168368605,47.52800392083509,1.0,0.0,0.0,0.398273242730554,232.75358601309816,0.925,631.7911207576958,584.4067867008687,47.38433405682713,1.0,0.0,-0.0,0.39827324273054354,232.7535860130837,0.925,631.7911207576731,584.4067867008476,47.38433405682542,1.0,0.0,-0.0,0.39823819650457704,232.6758899332866,0.9247725991088028,631.7911207576783,584.2631168369417,47.52800392073664,1.0,,,0.101,236.07132051462736,2337.3398070755184,2337.3398070755184,0.0,72.45753401934107,-0.0,,,295.1231960805295,0.0,126.90297431462768,4.0,1583.1642942245728,0.0,-0.0,0.0,160.8494922932166
155,1,156,0.1016,0.0,1583.164294224613,,,,0,0.0,1,2632.463003156276,2632.463003156276,0.0,421.19408050500414,87.39777170478837,0.0,,,416.23402181728017,2632.463003156276,2527.1644830300284,105.29852012625128,2632.4630031562797,0.0,1.0,0.0,-0.0,0.1717062356329479,157.14432091318062,0.96,953.3258961028655,915.1928602587509,38.13303584411465,1.0,0.0,-0.0,0.16072845033008487,129.5448504520498,0.96,839.568553526707,805.9858113856386,33.58274214106831,1.0,0.0,-0.0,0.16072845033008476,129.54485045204973,0.96,839.5685535267072,805.9858113856388,33.582742141068316,,,,930.8589518927052,2527.1644830300284,2337.3398070755193,189.82467595518403,2527.1644830306986,0.0,1.0,-0.0,-0.0,0.39827324273053777,232.75358601307627,0.925,631.7911207576622,584.4067867008375,47.38433405682463,1.0,0.0,0.0,0.39823819650456943,232.67588993326257,0.9247725991086996,631.7911207576956,584.2631168368924,47.528003920803144,1.0,0.0,-0.0,0.39823819650457326,232.67588993328258,0.9247725991088107,631.7911207576678,584.263116836937,47.52800392073084,1.0,0.0,-0.0,0.39827324273054393,232.75358601308392,0.925,631.7911207576731,584.4067867008476,47.38433405682542,1.0,,,0.101,236.07132051462747,2337.3398070755193,2337.3398070755193,0.0,72.4575340193411,-0.0,,,295.123196080765,0.0,126.90297431472895,4.0,1583.164294224613,0.0,-0.0,0.0,160.8494922932207
156,1,157,0.1016,0.0,1582.9798807526527,,,,0,0.0,1,2632.463003157035,2632.463003157035,0.0,421.1940805051256,87.39777170481356,0.0,,,416.2340218174938,2632.463003157035,2527.1644830307605,105.29852012628177,2632.4630031570423,0.0,1.0,0.0,-0.0,0.17170623563304493,157.14432091339876,0.96,953.3258961036499,915.192860259504,38.13303584414603,1.0,0.0,-0.0,0.16072845033008415,129.5448504520474,0.96,839.5685535266953,805.9858113856275,33.58274214106784,1.0,0.0,-0.0,0.16072845033008415,129.54485045204763,0.96,839.5685535266969,805.985811385629,33.582742141067904,,,,930.7035597330496,2527.1644830307605,2337.0524673476157,190.11201568303852,2527.164483030664,0.0,1.0,-0.0,-0.0,0.3982381965045303,232.67588993322786,0.9247725991085508,631.7911207576619,584.2631168368627,47.52800392079928,1.0,0.0,0.0,0.39823819650456194,232.6758899332578,0.9247725991087398,631.791120757667,584.2631168368914,47.52800392077563,1.0,0.0,-0.0,0.3982381965045718,232.67588993327954,0.9247725991088026,631.7911207576675,584.2631168369315,47.528003920735955,1.0,0.0,-0.0,0.39823819650457404,232.67588993328428,0.9247725991088158,631.7911207576678,584.2631168369402,47.528003920727656,1.0,,,0.101,236.0422992021092,2337.0524673476157,2337.0524673476157,0.0,72.44862648777608,-0.0,,,295.41053580941673,0.0,127.02653039804919,4.0,1582.9798807526527,0.0,-0.0,0.0,160.8307558844695
157,1,158,0.1016,0.0,1583.0720874887197,,,,0,0.0,1,2632.463003157026,2632.463003157026,0.0,421.19408050512413,87.39777170481327,0.0,,,416.2340218174932,2632.463003157026,2527.1644830307578,105.29852012628166,2632.4630031570396,0.0,1.0,0.0,-0.0,0.17170623563304502,157.1443209133988,0.96,953.3258961036497,915.1928602595037,38.13303584414602,1.0,0.0,-0.0,0.16072845033008396,129.54485045204703,0.96,839.568553526694,805.9858113856262,33.58274214106779,1.0,0.0,-0.0,0.1607284503300841,129.5448504520474,0.96,839.5685535266955,805.9858113856277,33.58274214106785,,,,930.7812558128619,2527.1644830307578,2337.1961372115315,189.9683458191406,2527.1644830306723,0.0,1.0,-0.0,-0.0,0.39823819650455494,232.67588993324267,0.924772599108697,631.7911207576662,584.2631168368637,47.528003920802576,1.0,0.0,0.0,0.3982381965045616,232.67588993325722,0.9247725991087388,631.7911207576667,584.2631168368905,47.5280039207762,1.0,0.0,-0.0,0.39823819650457143,232.6758899332789,0.9247725991088018,631.7911207576669,584.2631168369305,47.52800392073641,1.0,0.0,-0.0,0.3982732427305431,232.75358601308307,0.925,631.7911207576722,584.4067867008467,47.38433405682542,1.0,,,0.101,236.05680985836472,2337.1961372115315,2337.1961372115315,0.0,72.45308025355747,-0.0,,,295.2668659455078,0.0,126.96475235656835,4.0,1583.0720874887197,0.0,-0.0,0.0,160.8401240888539
158,1,159,0.1016,0.0,1583.1642942247279,,,,0,0.0,1,2632.463003156355,2632.463003156355,0.0,421.1940805050168,87.397771704791,0.0,,,416.23402181737794,2632.463003156355,2527.1644830304303,105.29852012626804,2632.4630031566985,0.0,1.0,0.0,-0.0,0.17170623563315748,157.14432091344602,0.96,953.325896103312,915.1928602591794,38.133035844132515,1.0,0.0,-0.0,0.16072845033008393,129.54485045204686,0.96,839.5685535266931,805.9858113856253,33.582742141067754,1.0,0.0,-0.0,0.16072845032994793,129.54485045188505,0.96,839.5685535266936,805.9858113856258,33.582742141067776,,,,930.8589518927072,2527.1644830304303,2337.3398070756716,189.8246759550883,2527.16448303076,0.0,1.0,-0.0,-0.0,0.39823819650453973,232.67588993323417,0.9247725991087836,631.7911207576082,584.2631168368647,47.52800392074346,1.0,0.0,0.0,0.39827324273051246,232.7535860131616,0.9249999999999999,631.7911207579339,584.4067867010889,47.38433405684498,1.0,0.0,-0.0,0.3982381965045558,232.67588993326942,0.9247725991088854,631.7911207576088,584.2631168369296,47.528003920679225,1.0,0.0,-0.0,0.3982732427305127,232.753586013042,0.925,631.791120757609,584.4067867007883,47.38433405682065,1.0,,,0.101,236.07132051464285,2337.3398070756716,2337.3398070756716,0.0,72.45753401934581,-0.0,,,295.12319608102666,0.0,126.90297431484146,4.0,1583.1642942247279,0.0,-0.0,0.0,160.84949229323234
159,1,160,0.1016,0.0,1583.1642942243202,,,,0,0.0,1,2632.463003155904,2632.463003155904,0.0,421.1940805049446,87.39777170477602,0.0,,,416.2340218171115,2632.463003155904,2527.164483030003,105.29852012625022,2632.4630031562533,0.0,1.0,0.0,-0.0,0.1717062356329479,157.14432091318062,0.96,953.3258961028655,915.1928602587509,38.13303584411465,1.0,0.0,-0.0,0.16072845033008393,129.54485045204683,0.96,839.5685535266927,805.985811385625,33.58274214106773,1.0,0.0,-0.0,0.16072845032994693,129.54485045188406,0.96,839.5685535266953,805.9858113856275,33.58274214106784,,,,930.8589518925938,2527.164483030003,2337.3398070753947,189.82467595499202,2527.1644830303867,0.0,1.0,-0.0,-0.0,0.3982732427305048,232.75358601303142,0.9250000000000002,631.7911207575927,584.4067867007733,47.3843340568194,1.0,0.0,0.0,0.39827324273050513,232.75358601303165,0.925,631.7911207575928,584.4067867007734,47.3843340568194,1.0,0.0,-0.0,0.3982381965045533,232.67588993326757,0.9247725991089,631.7911207575979,584.2631168369287,47.52800392066922,1.0,0.0,-0.0,0.39823819650455233,232.67588993326322,0.9247725991088772,631.7911207576032,584.2631168369192,47.528003920684,1.0,,,0.101,236.07132051461488,2337.3398070753947,2337.3398070753947,0.0,72.45753401933723,-0.0,,,295.1231960808584,0.0,126.90297431476911,4.0,1583.1642942243202,0.0,-0.0,0.0,160.84949229319093
160,1,161,0.1016,0.0,1583.0720874884507,,,,0,0.0,1,2632.463003156357,2632.463003156357,0.0,421.1940805050171,87.39777170479105,0.0,,,416.2340218173108,2632.463003156357,2527.1644830305713,105.29852012627391,2632.4630031568454,0.0,1.0,0.0,-0.0,0.17170623563304704,157.14432091340345,0.96,953.3258961036668,915.1928602595201,38.133035844146704,1.0,0.0,-0.0,0.1607284503300767,129.54485045202486,0.96,839.5685535265881,805.9858113855245,33.582742141063555,1.0,0.0,-0.0,0.16072845032994543,129.5448504518825,0.96,839.5685535265908,805.9858113855271,33.58274214106366,,,,930.7812558127822,2527.1644830305713,2337.196137211464,189.96834581891983,2527.164483030384,0.0,1.0,-0.0,-0.0,0.39823819650453673,232.6758899332333,0.9247725991088107,631.791120757592,584.2631168368669,47.528003920725155,1.0,0.0,0.0,0.3982381965045415,232.67588993324418,0.9247725991088428,631.7911207575921,584.2631168368872,47.52800392070492,1.0,0.0,-0.0,0.39823819650455294,232.67588993326697,0.9247725991088993,631.7911207575972,584.2631168369277,47.52800392066956,1.0,0.0,-0.0,0.39827324273050957,232.7535860130378,0.925,631.7911207576025,584.4067867007823,47.384334056820194,1.0,,,0.101,236.05680985835787,2337.196137211464,2337.196137211464,0.0,72.45308025355537,-0.0,,,295.2668659453811,0.0,126.96475235651387,4.0,1583.0720874884507,0.0,-0.0,0.0,160.8401240888266
161,1,162,0.13994,0.0,1583.1642942245644,,,,0,0.0,1,2632.4630031563565,2632.4630031563565,0.0,421.19408050501704,87.39777170479104,0.0,,,416.2340218173376,2632.4630031563565,2527.1644830305772,105.29852012627413,2632.4630031568513,0.0,1.0,0.0,-0.0,0.1717062356330472,157.1443209134038,0.96,953.325896103668,915.1928602595212,38.133035844146754,1.0,0.0,-0.0,0.16072845033015698,129.54485045205254,0.96,839.5685535265899,805.9858113855263,33.582742141063626,1.0,0.0,-0.0,0.1607284503299442,129.54485045188125,0.96,839.5685535265932,805.9858113855295,33.582742141063754,,,,930.8589518926129,2527.1644830305772,2337.339807075386,189.82467595516312,2527.164483030549,0.0,1.0,-0.0,-0.0,0.3982381965045483,232.67588993324063,0.9247725991087492,631.7911207576357,584.2631168368683,47.52800392076733,1.0,0.0,0.0,0.398238196504552,232.67588993324978,0.9247725991087765,631.7911207576359,584.2631168368858,47.52800392075005,1.0,0.0,-0.0,0.3982732427305253,232.7535860130594,0.925,631.7911207576361,584.4067867008134,47.384334056822695,1.0,0.0,-0.0,0.3982732427305283,232.75358601306309,0.9250000000000002,631.7911207576414,584.4067867008183,47.384334056823036,1.0,,,0.101,236.071320514614,2337.339807075386,2337.339807075386,0.0,72.45753401933696,-0.0,,,295.12319608146544,0.0,126.90297431503014,4.0,1583.1642942245644,0.0,-0.0,0.0,221.54801133378555
162,1,163,0.13994,0.0,1583.2565009607536,,,,0,0.0,1,2632.463003156365,2632.463003156365,0.0,421.1940805050184,87.39777170479132,0.0,,,416.23402181734275,2632.463003156365,2527.1644830304663,105.29852012626952,2632.463003156736,0.0,1.0,0.0,-0.0,0.17170623563304974,157.14432091340953,0.96,953.3258961036886,915.192860259541,38.13303584414758,1.0,0.0,-0.0,0.1607284503301581,129.54485045205323,0.96,839.5685535263469,805.985811385293,33.582742141053906,1.0,0.0,-0.0,0.16072845032994298,129.54485045188,0.96,839.5685535267,805.985811385632,33.58274214106803,,,,930.9366479725218,2527.1644830304663,2337.483476939496,189.6810060910518,2527.164483030548,0.0,1.0,-0.0,-0.0,0.3982732427305663,232.75358601314986,0.9250000000002654,631.7911207576354,584.4067867009804,47.38433405665501,1.0,0.0,0.0,0.39823819650455217,232.67588993324932,0.9247725991087749,631.7911207576356,584.2631168368845,47.528003920751075,1.0,0.0,-0.0,0.398273242730526,232.75358601305976,0.925,631.791120757636,584.4067867008133,47.384334056822695,1.0,0.0,-0.0,0.3982732427305281,232.7535860130629,0.925,631.7911207576411,584.4067867008181,47.384334056823036,1.0,,,0.101,236.08583117088912,2337.483476939496,2337.483476939496,0.0,72.46198778512438,-0.0,,,294.9795262172395,0.0,126.84119627341298,4.0,1583.2565009607536,0.0,-0.0,0.0,221.56091474444787
163,1,164,0.13994,0.0,1583.1642942248068,,,,0,0.0,1,2632.463003156557,2632.463003156557,0.0,421.19408050504916,87.39777170479769,0.0,,,416.2340218174787,2632.463003156557,2527.164483030548,105.29852012627296,2632.4630031568213,0.0,1.0,0.0,-0.0,0.17170623563305007,157.1443209134103,0.96,953.3258961036914,915.1928602595437,38.13303584414769,1.0,0.0,-0.0,0.16072845033016075,129.54485045205493,0.96,839.5685535265957,805.9858113855319,33.582742141063854,1.0,0.0,-0.0,0.16072845033007294,129.54485045201355,0.96,839.5685535265345,805.9858113854731,33.58274214106141,,,,930.8589518926946,2527.164483030548,2337.3398070755793,189.824675955153,2527.1644830307323,0.0,1.0,-0.0,-0.0,0.3982732427305245,232.75358601305837,0.925,631.7911207576346,584.4067867008121,47.38433405682258,1.0,0.0,0.0,0.3982381965045524,232.6758899332491,0.9247725991087676,631.7911207576395,584.2631168368836,47.528003920755964,1.0,0.0,-0.0,0.39827324273052755,232.75358601312777,0.9250000000000002,631.7911207578181,584.4067867009818,47.38433405683634,1.0,0.0,-0.0,0.3982381965045575,232.67588993325936,0.924772599108796,631.79112075764,584.2631168369019,47.528003920738115,1.0,,,0.101,236.07132051463353,2337.3398070755793,2337.3398070755793,0.0,72.45753401934296,-0.0,,,295.12319608124176,0.0,126.90297431493396,4.0,1583.1642942248068,0.0,-0.0,0.0,221.5480113338195
164,1,165,0.13994,0.0,1583.1642942247972,,,,0,0.0,1,2632.463003156694,2632.463003156694,0.0,421.19408050507104,87.39777170480224,0.0,,,416.2340218174707,2632.463003156694,2527.164483030433,105.29852012626813,2632.4630031567012,0.0,1.0,0.0,-0.0,0.17170623563305043,157.14432091341106,0.96,953.3258961036942,915.1928602595464,38.1330358441478,1.0,0.0,-0.0,0.1607284503301244,129.54485045204348,0.96,839.5685535264598,805.9858113854013,33.582742141058425,1.0,0.0,-0.0,0.16072845033007377,129.5448504520162,0.96,839.5685535265474,805.9858113854855,33.58274214106192,,,,930.8589518927133,2527.164483030433,2337.339807075378,189.82467595506057,2527.1644830304385,0.0,1.0,-0.0,-0.0,0.3982381965045418,232.67588993323824,0.9247725991087937,631.7911207576091,584.2631168368719,47.528003920737206,1.0,0.0,0.0,0.39827324273061376,232.75358601317814,0.925,631.7911207576094,584.4067867008158,47.38433405679359,1.0,0.0,-0.0,0.39827324273051307,232.75358601304256,0.9250000000000002,631.7911207576097,584.4067867007891,47.38433405682065,1.0,0.0,-0.0,0.39823819650454967,232.67588993325444,0.9247725991088382,631.7911207576101,584.263116836901,47.528003920709125,1.0,,,0.101,236.07132051461318,2337.339807075378,2337.339807075378,0.0,72.45753401933672,-0.0,,,295.1231960813233,0.0,126.902974314969,4.0,1583.1642942247972,0.0,-0.0,0.0,221.54801133381815
165,1,166,0.13994,0.0,1583.3487076967365,,,,0,0.0,1,2632.46300315666,2632.46300315666,0.0,421.1940805050656,87.3977717048011,0.0,,,416.23402181746656,2632.46300315666,2527.1644830306227,105.29852012627606,2632.4630031568986,0.0,1.0,0.0,0.0,0.1717062356330504,157.14432091341098,0.96,953.3258961036938,915.192860259546,38.133035844147784,1.0,0.0,0.0,0.1607284503300816,129.5448504520398,0.96,839.5685535266595,805.985811385593,33.58274214106641,1.0,0.0,0.0,0.16072845033007366,129.54485045201582,0.96,839.5685535265454,805.9858113854835,33.58274214106185,,,,931.0143440521534,2527.1644830306227,2337.627146803132,189.5373362272809,2527.1644830304126,0.0,1.0,-0.0,-0.0,0.39827324273050835,232.75358601303586,0.925,631.7911207575992,584.4067867007792,47.38433405681997,1.0,0.0,0.0,0.398273242730508,232.75358601303572,0.925,631.7911207575993,584.4067867007793,47.38433405681997,1.0,0.0,-0.0,0.3982732427305109,232.75358601303935,0.925,631.7911207576045,584.4067867007842,47.38433405682031,1.0,0.0,-0.0,0.39827324273051307,232.75358601304256,0.9250000000000002,631.7911207576097,584.4067867007891,47.38433405682065,1.0,,,0.101,236.10034182711632,2337.627146803132,2337.627146803132,0.0,72.46644155089709,-0.0,,,294.83585635376704,0.0,126.77941823211982,4.0,1583.3487076967365,0.0,-0.0,0.0,221.5738181550813
166,1,167,0.1016,0.0,1583.1643143625438,,,,0,0.0,1,2632.4630031567017,2632.4630031567017,0.0,421.1940805050723,87.3977717048025,0.0,,,416.23402181742085,2632.4630031567017,2527.1644830304376,105.29852012626833,2632.463003156706,0.0,1.0,0.0,0.0,0.17170623563304102,157.14432091338986,0.96,953.3258961036177,915.1928602594729,38.13303584414474,1.0,0.0,0.0,0.16072845033007344,129.54485045201542,0.96,839.568553526544,805.9858113854822,33.582742141061786,1.0,0.0,0.0,0.16072845033007357,129.54485045201557,0.96,839.5685535265444,805.9858113854826,33.58274214106181,,,,930.8589704458806,2527.1644830304376,2337.339822764778,189.82466026566442,2527.164483030442,0.0,1.0,-0.0,-0.0,0.3982732427305136,232.75358601304296,0.925,631.7911207576101,584.4067867007893,47.38433405682076,1.0,0.0,0.0,0.39827324273051334,232.75358601304293,0.925,631.7911207576104,584.4067867007897,47.38433405682076,1.0,0.0,-0.0,0.398203154105792,232.59821240675151,0.9245452230508767,631.7911207576108,584.1194626624086,47.67165809520213,1.0,0.0,-0.0,0.39827324273051357,232.75358601304325,0.9250000000000002,631.7911207576109,584.4067867007901,47.38433405682076,1.0,,,0.101,236.0713220992426,2337.339822764778,2337.339822764778,0.0,72.45753450570813,-0.0,,,295.1231803919282,0.0,126.90296756852912,4.0,1583.1643143625438,0.0,-0.0,0.0,160.84949433923444
167,1,168,0.1016,0.0,1583.3487076966455,,,,0,0.0,1,2632.4630031566408,2632.4630031566408,0.0,421.1940805050625,87.39777170480048,0.0,,,416.23402181738925,2632.4630031566408,2527.16448303038,105.29852012626591,2632.4630031566458,0.0,1.0,0.0,0.0,0.1717062356330065,157.1443209133123,0.96,953.325896103339,915.1928602592054,38.133035844133595,1.0,0.0,0.0,0.1607284503300811,129.54485045203836,0.96,839.5685535266527,805.9858113855867,33.58274214106614,1.0,0.0,0.0,0.16072845033008118,129.5448504520386,0.96,839.5685535266537,805.9858113855875,33.58274214106618,,,,931.0143440521418,2527.16448303038,2337.627146803115,189.5373362272794,2527.1644830303944,0.0,1.0,-0.0,-0.0,0.3982732427305069,232.7535860130342,0.925,631.7911207575969,584.4067867007772,47.38433405681974,1.0,0.0,0.0,0.3982732427305073,232.75358601303452,0.925,631.7911207575971,584.4067867007774,47.38433405681974,1.0,0.0,-0.0,0.39827324273050757,232.75358601303486,0.925,631.7911207575976,584.4067867007778,47.38433405681974,1.0,0.0,-0.0,0.3982732427305101,232.75358601303824,0.925,631.7911207576028,584.4067867007826,47.384334056820194,1.0,,,0.101,236.10034182711462,2337.627146803115,2337.627146803115,0.0,72.46644155089656,-0.0,,,294.83585635353074,0.0,126.77941823201822,4.0,1583.3487076966455,0.0,-0.0,0.0,160.86822870197918
