,Day,Time,LMP,bypass_pretreatment_flow,power_from_grid,intake.op_mode,intake.startup,intake.shutdown,intake.energy_intensity,intake.power_consumption,intake.recovery,intake.feed_flowrate,intake.product_flowrate,intake.reject_flowrate,intake.feed_cost,intake.chemical_cost,pretreatment.op_mode,pretreatment.startup,pretreatment.shutdown,pretreatment.power_consumption,pretreatment.feed_flowrate,pretreatment.product_flowrate,pretreatment.reject_flowrate,pretreatment.inlet_flowrate,pretreatment.leftover_flow,pretreatment.uf_pumps[1].op_mode,pretreatment.uf_pumps[1].startup,pretreatment.uf_pumps[1].shutdown,pretreatment.uf_pumps[1].energy_intensity,pretreatment.uf_pumps[1].power_consumption,pretreatment.uf_pumps[1].recovery,pretreatment.uf_pumps[1].feed_flowrate,pretreatment.uf_pumps[1].product_flowrate,pretreatment.uf_pumps[1].reject_flowrate,pretreatment.uf_pumps[2].op_mode,pretreatment.uf_pumps[2].startup,pretreatment.uf_pumps[2].shutdown,pretreatment.uf_pumps[2].energy_intensity,pretreatment.uf_pumps[2].power_consumption,pretreatment.uf_pumps[2].recovery,pretreatment.uf_pumps[2].feed_flowrate,pretreatment.uf_pumps[2].product_flowrate,pretreatment.uf_pumps[2].reject_flowrate,pretreatment.uf_pumps[3].op_mode,pretreatment.uf_pumps[3].startup,pretreatment.uf_pumps[3].shutdown,pretreatment.uf_pumps[3].energy_intensity,pretreatment.uf_pumps[3].power_consumption,pretreatment.uf_pumps[3].recovery,pretreatment.uf_pumps[3].feed_flowrate,pretreatment.uf_pumps[3].product_flowrate,pretreatment.uf_pumps[3].reject_flowrate,reverse_osmosis.op_mode,reverse_osmosis.startup,reverse_osmosis.shutdown,reverse_osmosis.power_consumption,reverse_osmosis.feed_flowrate,reverse_osmosis.product_flowrate,reverse_osmosis.reject_flowrate,reverse_osmosis.inlet_flowrate,reverse_osmosis.leftover_flow,reverse_osmosis.ro_skid[1].op_mode,reverse_osmosis.ro_skid[1].startup,reverse_osmosis.ro_skid[1].shutdown,reverse_osmosis.ro_skid[1].energy_intensity,reverse_osmosis.ro_skid[1].power_consumption,reverse_osmosis.ro_skid[1].recovery,reverse_osmosis.ro_skid[1].feed_flowrate,reverse_osmosis.ro_skid[1].product_flowrate,reverse_osmosis.ro_skid[1].reject_flowrate,reverse_osmosis.ro_skid[2].op_mode,reverse_osmosis.ro_skid[2].startup,reverse_osmosis.ro_skid[2].shutdown,reverse_osmosis.ro_skid[2].energy_intensity,reverse_osmosis.ro_skid[2].power_consumption,reverse_osmosis.ro_skid[2].recovery,reverse_osmosis.ro_skid[2].feed_flowrate,reverse_osmosis.ro_skid[2].product_flowrate,reverse_osmosis.ro_skid[2].reject_flowrate,reverse_osmosis.ro_skid[3].op_mode,reverse_osmosis.ro_skid[3].startup,reverse_osmosis.ro_skid[3].shutdown,reverse_osmosis.ro_skid[3].energy_intensity,reverse_osmosis.ro_skid[3].power_consumption,reverse_osmosis.ro_skid[3].recovery,reverse_osmosis.ro_skid[3].feed_flowrate,reverse_osmosis.ro_skid[3].product_flowrate,reverse_osmosis.ro_skid[3].reject_flowrate,reverse_osmosis.ro_skid[4].op_mode,reverse_osmosis.ro_skid[4].startup,reverse_osmosis.ro_skid[4].shutdown,reverse_osmosis.ro_skid[4].energy_intensity,reverse_osmosis.ro_skid[4].power_consumption,reverse_osmosis.ro_skid[4].recovery,reverse_osmosis.ro_skid[4].feed_flowrate,reverse_osmosis.ro_skid[4].product_flowrate,reverse_osmosis.ro_skid[4].reject_flowrate,posttreatment.op_mode,posttreatment.startup,posttreatment.shutdown,posttreatment.energy_intensity,posttreatment.power_consumption,posttreatment.feed_flowrate,posttreatment.product_flowrate,posttreatment.reject_flowrate,posttreatment.chemical_cost,brine_discharge.op_mode,brine_discharge.startup,brine_discharge.shutdown,brine_discharge.feed_flowrate,brine_discharge.power_consumption,brine_discharge.brine_cost,num_skids_online,net_power_consumption,water_revenue,demand_response_revenue,emissions_cost,energy_cost
0,1,1,0.1016,0.0,766.8094677056081,,,,0,0.0,1,1296.408655439896,1296.408655439896,0.0,207.42538487038337,43.04076736060455,0.0,,,197.3128588990458,1296.408655439896,1244.5523092223139,51.85634621759645,1296.4086554399103,0.0,1.0,0.0,0.0,0.15656853696583967,113.44209501015834,0.96,754.7419887732436,724.5523092223139,30.18967955092977,1.0,0.0,0.0,0.16128993055555654,83.87076388888748,0.96,541.6666666666666,520.0,21.666666666666668,-0.0,0.0,0.0,0.27099999999999996,0.0,0.96,0.0,0.0,0.0,,,,453.2243093174686,1244.5523092223139,1151.2108860306312,93.34142319167267,1244.5523092223038,0.0,1.0,-0.0,0.0,0.3936935576418874,226.61215465873423,0.925,622.2761546111518,575.6054430153155,46.67071159583634,1.0,0.0,0.0,0.3936935576418875,226.6121546587344,0.925,622.276154611152,575.6054430153157,46.67071159583634,-0.0,0.0,0.0,0.08724817754776784,0.0,0.8800000000000001,0.0,0.0,0.0,-0.0,0.0,0.0,0.08724817754776784,0.0,0.8800000000000001,0.0,0.0,0.0,1.0,,,0.101,116.27229948909375,1151.2108860306312,1151.2108860306312,0.0,35.687537466949564,-0.0,,,145.19776940927915,0.0,62.43504084599003,2.0,766.8094677056081,0.0,0.0,0.0,77.90784191888977
1,1,2,0.1016,0.0,766.8094677056096,,,,0,0.0,1,1296.408655439896,1296.408655439896,0.0,207.42538487038337,43.04076736060455,0.0,,,197.3128588990458,1296.408655439896,1244.5523092223139,51.85634621759645,1296.4086554399103,0.0,1.0,0.0,0.0,0.15656853696583967,113.44209501015834,0.96,754.7419887732436,724.5523092223139,30.18967955092977,1.0,0.0,0.0,0.16128993055555654,83.87076388888748,0.96,541.6666666666666,520.0,21.666666666666668,-0.0,0.0,0.0,0.27099999999999996,0.0,0.96,0.0,0.0,0.0,,,,453.22430931746965,1244.5523092223139,1151.2108860306341,93.34142319166972,1244.5523092223038,0.0,1.0,-0.0,-0.0,0.3936935576418872,226.61215465873528,0.925,622.2761546111518,575.6054430153184,46.67071159583338,1.0,0.0,0.0,0.3936935576418875,226.6121546587344,0.925,622.276154611152,575.6054430153157,46.67071159583634,-0.0,-0.0,-0.0,0.08724817754776784,0.0,0.8800000000000001,0.0,0.0,0.0,-0.0,-0.0,-0.0,0.08724817754776784,0.0,0.8800000000000001,0.0,0.0,0.0,1.0,,,0.101,116.27229948909405,1151.2108860306341,1151.2108860306341,0.0,35.68753746694966,-0.0,,,145.1977694092762,0.0,62.43504084598876,2.0,766.8094677056096,0.0,0.0,0.0,77.90784191888993
2,1,3,0.1016,0.0,766.8094677056081,,,,0,0.0,1,1296.408655439896,1296.408655439896,0.0,207.42538487038337,43.04076736060455,0.0,,,197.3128588990458,1296.408655439896,1244.5523092223139,51.85634621759645,1296.4086554399103,0.0,1.0,0.0,0.0,0.15656853696583967,113.44209501015834,0.96,754.7419887732436,724.5523092223139,30.18967955092977,1.0,0.0,0.0,0.16128993055555654,83.87076388888748,0.96,541.6666666666666,520.0,21.666666666666668,-0.0,0.0,0.0,0.27099999999999996,0.0,0.96,0.0,0.0,0.0,,,,453.2243093174686,1244.5523092223139,1151.2108860306312,93.34142319167267,1244.5523092223038,0.0,1.0,-0.0,-0.0,0.3936935576418874,226.61215465873423,0.925,622.2761546111518,575.6054430153155,46.67071159583634,1.0,0.0,0.0,0.3936935576418875,226.6121546587344,0.925,622.276154611152,575.6054430153157,46.67071159583634,-0.0,-0.0,-0.0,0.08724817754776784,0.0,0.8800000000000001,0.0,0.0,0.0,-0.0,-0.0,-0.0,0.08724817754776784,0.0,0.8800000000000001,0.0,0.0,0.0,1.0,,,0.101,116.27229948909375,1151.2108860306312,1151.2108860306312,0.0,35.687537466949564,-0.0,,,145.19776940927915,0.0,62.43504084599003,2.0,766.8094677056081,0.0,0.0,0.0,77.90784191888977
3,1,4,0.1016,0.0,766.8094677056081,,,,0,0.0,1,1296.408655439896,1296.408655439896,0.0,207.42538487038337,43.04076736060455,0.0,,,197.3128588990458,1296.408655439896,1244.5523092223139,51.85634621759645,1296.4086554399103,0.0,1.0,0.0,0.0,0.15656853696583967,113.44209501015834,0.96,754.7419887732436,724.5523092223139,30.18967955092977,1.0,0.0,0.0,0.16128993055555654,83.87076388888748,0.96,541.6666666666666,520.0,21.666666666666668,-0.0,0.0,0.0,0.27099999999999996,0.0,0.96,0.0,0.0,0.0,,,,453.2243093174686,1244.5523092223139,1151.2108860306312,93.34142319167267,1244.5523092223038,0.0,1.0,-0.0,-0.0,0.3936935576418874,226.61215465873423,0.925,622.2761546111518,575.6054430153155,46.67071159583634,1.0,0.0,0.0,0.3936935576418875,226.6121546587344,0.925,622.276154611152,575.6054430153157,46.67071159583634,-0.0,-0.0,-0.0,0.08724817754776784,0.0,0.8800000000000001,0.0,0.0,0.0,-0.0,-0.0,-0.0,0.08724817754776784,0.0,0.8800000000000001,0.0,0.0,0.0,1.0,,,0.101,116.27229948909375,1151.2108860306312,1151.2108860306312,0.0,35.687537466949564,-0.0,,,145.19776940927915,0.0,62.43504084599003,2.0,766.8094677056081,0.0,0.0,0.0,77.90784191888977
4,1,5,0.1016,0.0,766.8094677056081,,,,0,0.0,1,1296.408655439896,1296.408655439896,0.0,207.42538487038337,43.04076736060455,0.0,,,197.3128588990458,1296.408655439896,1244.5523092223139,51.85634621759645,1296.4086554399103,0.0,1.0,0.0,0.0,0.15656853696583967,113.44209501015834,0.96,754.7419887732436,724.5523092223139,30.18967955092977,1.0,0.0,0.0,0.16128993055555654,83.87076388888748,0.96,541.6666666666666,520.0,21.666666666666668,-0.0,0.0,0.0,0.27099999999999996,0.0,0.96,0.0,0.0,0.0,,,,453.2243093174686,1244.5523092223139,1151.2108860306312,93.34142319167267,1244.5523092223038,0.0,1.0,-0.0,-0.0,0.3936935576418874,226.61215465873423,0.925,622.2761546111518,575.6054430153155,46.67071159583634,1.0,0.0,0.0,0.3936935576418875,226.6121546587344,0.925,622.276154611152,575.6054430153157,46.67071159583634,-0.0,-0.0,-0.0,0.08724817754776784,0.0,0.8800000000000001,0.0,0.0,0.0,-0.0,-0.0,-0.0,0.08724817754776784,0.0,0.8800000000000001,0.0,0.0,0.0,1.0,,,0.101,116.27229948909375,1151.2108860306312,1151.2108860306312,0.0,35.687537466949564,-0.0,,,145.19776940927915,0.0,62.43504084599003,2.0,766.8094677056081,0.0,0.0,0.0,77.90784191888977
5,1,6,0.1016,0.0,766.8094677056081,,,,0,0.0,1,1296.408655439896,1296.408655439896,0.0,207.42538487038337,43.04076736060455,0.0,,,197.3128588990458,1296.408655439896,1244.5523092223139,51.85634621759645,1296.4086554399103,0.0,1.0,0.0,0.0,0.15656853696583967,113.44209501015834,0.96,754.7419887732436,724.5523092223139,30.18967955092977,1.0,0.0,0.0,0.16128993055555654,83.87076388888748,0.96,541.6666666666666,520.0,21.666666666666668,-0.0,0.0,0.0,0.27099999999999996,0.0,0.96,0.0,0.0,0.0,,,,453.2243093174686,1244.5523092223139,1151.2108860306312,93.34142319167267,1244.5523092223038,0.0,1.0,-0.0,-0.0,0.3936935576418874,226.61215465873423,0.925,622.2761546111518,575.6054430153155,46.67071159583634,1.0,0.0,0.0,0.3936935576418875,226.6121546587344,0.925,622.276154611152,575.6054430153157,46.67071159583634,-0.0,-0.0,-0.0,0.08724817754776784,0.0,0.8800000000000001,0.0,0.0,0.0,-0.0,-0.0,-0.0,0.08724817754776784,0.0,0.8800000000000001,0.0,0.0,0.0,1.0,,,0.101,116.27229948909375,1151.2108860306312,1151.2108860306312,0.0,35.687537466949564,-0.0,,,145.19776940927915,0.0,62.43504084599003,2.0,766.8094677056081,0.0,0.0,0.0,77.90784191888977
6,1,7,0.1016,0.0,766.8094677056081,,,,0,0.0,1,1296.408655439896,1296.408655439896,0.0,207.42538487038337,43.04076736060455,0.0,,,197.3128588990458,1296.408655439896,1244.5523092223139,51.85634621759645,1296.4086554399103,0.0,1.0,0.0,0.0,0.15656853696583967,113.44209501015834,0.96,754.7419887732436,724.5523092223139,30.18967955092977,1.0,0.0,0.0,0.16128993055555654,83.87076388888748,0.96,541.6666666666666,520.0,21.666666666666668,-0.0,0.0,0.0,0.27099999999999996,0.0,0.96,0.0,0.0,0.0,,,,453.2243093174686,1244.5523092223139,1151.2108860306312,93.34142319167267,1244.5523092223038,0.0,1.0,-0.0,-0.0,0.3936935576418874,226.61215465873423,0.925,622.2761546111518,575.6054430153155,46.67071159583634,1.0,0.0,0.0,0.3936935576418875,226.6121546587344,0.925,622.276154611152,575.6054430153157,46.67071159583634,-0.0,-0.0,-0.0,0.08724817754776784,0.0,0.8800000000000001,0.0,0.0,0.0,-0.0,-0.0,-0.0,0.08724817754776784,0.0,0.8800000000000001,0.0,0.0,0.0,1.0,,,0.101,116.27229948909375,1151.2108860306312,1151.2108860306312,0.0,35.687537466949564,-0.0,,,145.19776940927915,0.0,62.43504084599003,2.0,766.8094677056081,0.0,0.0,0.0,77.90784191888977
7,1,8,0.1016,0.0,766.8094677056081,,,,0,0.0,1,1296.408655439896,1296.408655439896,0.0,207.42538487038337,43.04076736060455,0.0,,,197.3128588990458,1296.408655439896,1244.5523092223139,51.85634621759645,1296.4086554399103,0.0,1.0,0.0,0.0,0.15656853696583967,113.44209501015834,0.96,754.7419887732436,724.5523092223139,30.18967955092977,1.0,0.0,0.0,0.16128993055555654,83.87076388888748,0.96,541.6666666666666,520.0,21.666666666666668,-0.0,0.0,0.0,0.27099999999999996,0.0,0.96,0.0,0.0,0.0,,,,453.2243093174686,1244.5523092223139,1151.2108860306312,93.34142319167267,1244.5523092223038,0.0,1.0,-0.0,-0.0,0.3936935576418874,226.61215465873423,0.925,622.2761546111518,575.6054430153155,46.67071159583634,1.0,0.0,0.0,0.3936935576418875,226.6121546587344,0.925,622.276154611152,575.6054430153157,46.67071159583634,-0.0,-0.0,-0.0,0.08724817754776784,0.0,0.8800000000000001,0.0,0.0,0.0,-0.0,-0.0,-0.0,0.08724817754776784,0.0,0.8800000000000001,0.0,0.0,0.0,1.0,,,0.101,116.27229948909375,1151.2108860306312,1151.2108860306312,0.0,35.687537466949564,-0.0,,,145.19776940927915,0.0,62.43504084599003,2.0,766.8094677056081,0.0,0.0,0.0,77.90784191888977
8,1,9,0.1016,0.0,766.8094677056083,,,,0,0.0,1,1296.408655439896,1296.408655439896,0.0,207.42538487038337,43.04076736060455,0.0,,,197.3128588990458,1296.408655439896,1244.5523092223139,51.85634621759645,1296.4086554399103,0.0,1.0,0.0,0.0,0.15656853696583967,113.44209501015834,0.96,754.7419887732436,724.5523092223139,30.18967955092977,1.0,0.0,0.0,0.16128993055555654,83.87076388888748,0.96,541.6666666666666,520.0,21.666666666666668,-0.0,0.0,0.0,0.27099999999999996,0.0,0.96,0.0,0.0,0.0,,,,453.22430931746874,1244.5523092223139,1151.2108860306312,93.34142319167267,1244.5523092223038,0.0,1.0,-0.0,-0.0,0.3936935576418874,226.61215465873423,0.925,622.2761546111518,575.6054430153155,46.67071159583634,1.0,0.0,0.0,0.3936935576418878,226.61215465873454,0.925,622.276154611152,575.6054430153157,46.67071159583634,-0.0,-0.0,-0.0,0.08724817754776784,0.0,0.8800000000000001,0.0,0.0,0.0,-0.0,-0.0,-0.0,0.08724817754776784,0.0,0.8800000000000001,0.0,0.0,0.0,1.0,,,0.101,116.27229948909375,1151.2108860306312,1151.2108860306312,0.0,35.687537466949564,-0.0,,,145.19776940927915,0.0,62.43504084599003,2.0,766.8094677056083,0.0,0.0,0.0,77.9078419188898
9,1,10,0.1016,0.0,766.8094677056081,,,,0,0.0,1,1296.408655439896,1296.408655439896,0.0,207.42538487038337,43.04076736060455,0.0,,,197.3128588990458,1296.408655439896,1244.5523092223139,51.85634621759645,1296.4086554399103,0.0,1.0,0.0,0.0,0.15656853696583967,113.44209501015834,0.96,754.7419887732436,724.5523092223139,30.18967955092977,1.0,0.0,0.0,0.16128993055555654,83.87076388888748,0.96,541.6666666666666,520.0,21.666666666666668,-0.0,0.0,0.0,0.27099999999999996,0.0,0.96,0.0,0.0,0.0,,,,453.2243093174686,1244.5523092223139,1151.2108860306312,93.34142319167267,1244.5523092223038,0.0,1.0,-0.0,-0.0,0.3936935576418874,226.61215465873423,0.925,622.2761546111518,575.6054430153155,46.67071159583634,1.0,0.0,0.0,0.3936935576418875,226.6121546587344,0.925,622.276154611152,575.6054430153157,46.67071159583634,-0.0,-0.0,-0.0,0.08724817754776784,0.0,0.8800000000000001,0.0,0.0,0.0,-0.0,-0.0,-0.0,0.08724817754776784,0.0,0.8800000000000001,0.0,0.0,0.0,1.0,,,0.101,116.27229948909375,1151.2108860306312,1151.2108860306312,0.0,35.687537466949564,-0.0,,,145.19776940927915,0.0,62.43504084599003,2.0,766.8094677056081,0.0,0.0,0.0,77.90784191888977
10,1,11,0.1016,0.0,766.8094677056081,,,,0,0.0,1,1296.408655439896,1296.408655439896,0.0,207.42538487038337,43.04076736060455,0.0,,,197.3128588990458,1296.408655439896,1244.5523092223139,51.85634621759645,1296.4086554399103,0.0,1.0,0.0,-0.0,0.15656853696583967,113.44209501015834,0.96,754.7419887732436,724.5523092223139,30.18967955092977,1.0,0.0,-0.0,0.16128993055555654,83.87076388888748,0.96,541.6666666666666,520.0,21.666666666666668,-0.0,0.0,-0.0,0.27099999999999996,0.0,0.96,0.0,0.0,0.0,,,,453.2243093174686,1244.5523092223139,1151.2108860306312,93.34142319167267,1244.5523092223038,0.0,1.0,-0.0,-0.0,0.3936935576418874,226.61215465873423,0.925,622.2761546111518,575.6054430153155,46.67071159583634,1.0,0.0,0.0,0.3936935576418875,226.6121546587344,0.925,622.276154611152,575.6054430153157,46.67071159583634,-0.0,-0.0,-0.0,0.08724817754776784,0.0,0.8800000000000001,0.0,0.0,0.0,-0.0,-0.0,-0.0,0.08724817754776784,0.0,0.8800000000000001,0.0,0.0,0.0,1.0,,,0.101,116.27229948909375,1151.2108860306312,1151.2108860306312,0.0,35.687537466949564,-0.0,,,145.19776940927915,0.0,62.43504084599003,2.0,766.8094677056081,0.0,0.0,0.0,77.90784191888977
11,1,12,0.1016,0.0,766.8094677056081,,,,0,0.0,1,1296.408655439896,1296.408655439896,0.0,207.42538487038337,43.04076736060455,0.0,,,197.3128588990458,1296.408655439896,1244.5523092223139,51.85634621759645,1296.4086554399103,0.0,1.0,0.0,-0.0,0.15656853696583967,113.44209501015834,0.96,754.7419887732436,724.5523092223139,30.18967955092977,1.0,0.0,-0.0,0.16128993055555654,83.87076388888748,0.96,541.6666666666666,520.0,21.666666666666668,-0.0,0.0,-0.0,0.27099999999999996,0.0,0.96,0.0,0.0,0.0,,,,453.2243093174686,1244.5523092223139,1151.2108860306312,93.34142319167267,1244.5523092223038,0.0,1.0,-0.0,-0.0,0.3936935576418874,226.61215465873423,0.925,622.2761546111518,575.6054430153155,46.67071159583634,1.0,0.0,0.0,0.3936935576418875,226.6121546587344,0.925,622.276154611152,575.6054430153157,46.67071159583634,-0.0,-0.0,-0.0,0.08724817754776784,0.0,0.8800000000000001,0.0,0.0,0.0,-0.0,-0.0,-0.0,0.08724817754776784,0.0,0.8800000000000001,0.0,0.0,0.0,1.0,,,0.101,116.27229948909375,1151.2108860306312,1151.2108860306312,0.0,35.687537466949564,-0.0,,,145.19776940927915,0.0,62.43504084599003,2.0,766.8094677056081,0.0,0.0,0.0,77.90784191888977
12,1,13,0.1016,0.0,766.8094677056081,,,,0,0.0,1,1296.408655439896,1296.408655439896,0.0,207.42538487038337,43.04076736060455,0.0,,,197.3128588990458,1296.408655439896,1244.5523092223139,51.85634621759645,1296.4086554399103,0.0,1.0,0.0,-0.0,0.15656853696583967,113.44209501015834,0.96,754.7419887732436,724.5523092223139,30.18967955092977,1.0,0.0,-0.0,0.16128993055555654,83.87076388888748,0.96,541.6666666666666,520.0,21.666666666666668,-0.0,0.0,-0.0,0.27099999999999996,0.0,0.96,0.0,0.0,0.0,,,,453.2243093174686,1244.5523092223139,1151.2108860306312,93.34142319167267,1244.5523092223038,0.0,1.0,-0.0,-0.0,0.3936935576418874,226.61215465873423,0.925,622.2761546111518,575.6054430153155,46.67071159583634,1.0,0.0,0.0,0.3936935576418875,226.6121546587344,0.925,622.276154611152,575.6054430153157,46.67071159583634,-0.0,-0.0,-0.0,0.08724817754776784,0.0,0.8800000000000001,0.0,0.0,0.0,-0.0,-0.0,-0.0,0.08724817754776784,0.0,0.88,0.0,0.0,0.0,1.0,,,0.101,116.27229948909375,1151.2108860306312,1151.2108860306312,0.0,35.687537466949564,-0.0,,,145.19776940927915,0.0,62.43504084599003,2.0,766.8094677056081,0.0,0.0,0.0,77.90784191888977
13,1,14,0.1016,0.0,766.8094677056081,,,,0,0.0,1,1296.408655439896,1296.408655439896,0.0,207.42538487038337,43.04076736060455,0.0,,,197.3128588990458,1296.408655439896,1244.5523092223139,51.85634621759645,1296.4086554399103,0.0,1.0,0.0,-0.0,0.15656853696583967,113.44209501015834,0.96,754.7419887732436,724.5523092223139,30.18967955092977,1.0,0.0,-0.0,0.16128993055555654,83.87076388888748,0.96,541.6666666666666,520.0,21.666666666666668,-0.0,0.0,-0.0,0.27099999999999996,0.0,0.96,0.0,0.0,0.0,,,,453.2243093174686,1244.5523092223139,1151.2108860306312,93.34142319167267,1244.5523092223038,0.0,1.0,-0.0,-0.0,0.3936935576418874,226.61215465873423,0.925,622.2761546111518,575.6054430153155,46.67071159583634,1.0,0.0,0.0,0.3936935576418875,226.6121546587344,0.925,622.276154611152,575.6054430153157,46.67071159583634,-0.0,-0.0,-0.0,0.08724817754776784,0.0,0.8800000000000001,0.0,0.0,0.0,-0.0,-0.0,-0.0,0.08724817754776784,0.0,0.8800000000000001,0.0,0.0,0.0,1.0,,,0.101,116.27229948909375,1151.2108860306312,1151.2108860306312,0.0,35.687537466949564,-0.0,,,145.19776940927915,0.0,62.43504084599003,2.0,766.8094677056081,0.0,0.0,0.0,77.90784191888977
14,1,15,0.1016,0.0,766.8094677056081,,,,0,0.0,1,1296.408655439896,1296.408655439896,0.0,207.42538487038337,43.04076736060455,0.0,,,197.3128588990458,1296.408655439896,1244.5523092223139,51.85634621759645,1296.4086554399103,0.0,1.0,0.0,-0.0,0.15656853696583967,113.44209501015834,0.96,754.7419887732436,724.5523092223139,30.18967955092977,1.0,0.0,-0.0,0.16128993055555654,83.87076388888748,0.96,541.6666666666666,520.0,21.666666666666668,-0.0,0.0,-0.0,0.27099999999999996,0.0,0.96,0.0,0.0,0.0,,,,453.2243093174686,1244.5523092223139,1151.2108860306312,93.34142319167267,1244.5523092223038,0.0,1.0,-0.0,-0.0,0.3936935576418874,226.61215465873423,0.925,622.2761546111518,575.6054430153155,46.67071159583634,1.0,0.0,0.0,0.3936935576418875,226.6121546587344,0.925,622.276154611152,575.6054430153157,46.67071159583634,-0.0,-0.0,-0.0,0.08724817754776784,0.0,0.8800000000000001,0.0,0.0,0.0,-0.0,-0.0,-0.0,0.08724817754776784,0.0,0.8800000000000001,0.0,0.0,0.0,1.0,,,0.101,116.27229948909375,1151.2108860306312,1151.2108860306312,0.0,35.687537466949564,-0.0,,,145.19776940927915,0.0,62.43504084599003,2.0,766.8094677056081,0.0,0.0,0.0,77.90784191888977
15,1,16,0.1016,0.0,766.8094677056083,,,,0,0.0,1,1296.408655439896,1296.408655439896,0.0,207.42538487038337,43.04076736060455,0.0,,,197.3128588990458,1296.408655439896,1244.5523092223139,51.85634621759645,1296.4086554399103,0.0,1.0,0.0,-0.0,0.15656853696583967,113.44209501015834,0.96,754.7419887732436,724.5523092223139,30.18967955092977,1.0,0.0,-0.0,0.16128993055555654,83.87076388888748,0.96,541.6666666666666,520.0,21.666666666666668,-0.0,0.0,-0.0,0.27099999999999996,0.0,0.96,0.0,0.0,0.0,,,,453.22430931746874,1244.5523092223139,1151.2108860306312,93.34142319167267,1244.5523092223038,0.0,1.0,-0.0,-0.0,0.3936935576418874,226.61215465873423,0.925,622.2761546111518,575.6054430153155,46.67071159583634,1.0,0.0,0.0,0.3936935576418878,226.61215465873454,0.925,622.276154611152,575.6054430153157,46.67071159583634,-0.0,-0.0,-0.0,0.08724817754776784,0.0,0.8800000000000001,0.0,0.0,0.0,-0.0,-0.0,-0.0,0.08724817754776784,0.0,0.8800000000000001,0.0,0.0,0.0,1.0,,,0.101,116.27229948909375,1151.2108860306312,1151.2108860306312,0.0,35.687537466949564,-0.0,,,145.19776940927915,0.0,62.43504084599003,2.0,766.8094677056083,0.0,0.0,0.0,77.9078419188898
16,1,17,0.1016,0.0,766.8094677056083,,,,0,0.0,1,1296.408655439896,1296.408655439896,0.0,207.42538487038337,43.04076736060455,0.0,,,197.3128588990458,1296.408655439896,1244.5523092223139,51.85634621759645,1296.4086554399103,0.0,1.0,0.0,-0.0,0.15656853696583967,113.44209501015834,0.96,754.7419887732436,724.5523092223139,30.18967955092977,1.0,0.0,-0.0,0.16128993055555654,83.87076388888748,0.96,541.6666666666666,520.0,21.666666666666668,-0.0,0.0,-0.0,0.271,0.0,0.96,0.0,0.0,0.0,,,,453.22430931746874,1244.5523092223139,1151.2108860306312,93.34142319167267,1244.5523092223038,0.0,1.0,-0.0,-0.0,0.3936935576418874,226.61215465873423,0.925,622.2761546111518,575.6054430153155,46.67071159583634,1.0,0.0,0.0,0.3936935576418878,226.61215465873454,0.925,622.276154611152,575.6054430153157,46.67071159583634,-0.0,-0.0,-0.0,0.08724817754776784,0.0,0.8800000000000001,0.0,0.0,0.0,-0.0,-0.0,-0.0,0.08724817754776784,0.0,0.88,0.0,0.0,0.0,1.0,,,0.101,116.27229948909375,1151.2108860306312,1151.2108860306312,0.0,35.687537466949564,-0.0,,,145.19776940927915,0.0,62.43504084599003,2.0,766.8094677056083,0.0,0.0,0.0,77.9078419188898
17,1,18,0.15246,0.0,589.2446357117703,,,,0,0.0,1,1083.3333333333333,1083.3333333333333,0.0,173.33333333333334,35.96666666666667,0.0,,,167.74152777777493,1083.3333333333333,1040.0,43.333333333333336,1083.3333333333333,0.0,1.0,0.0,-0.0,0.1612899305555566,83.87076388888741,0.96,541.6666666666666,520.0,21.666666666666668,1.0,0.0,-0.0,0.16128993055555654,83.87076388888748,0.96,541.6666666666666,520.0,21.666666666666668,-0.0,0.0,-0.0,0.271,0.0,0.96,0.0,0.0,0.0,,,,325.5531079339954,1040.0,950.0,90.0,1040.0,0.0,1.0,-0.0,-0.0,0.3426874820357844,162.7765539669977,0.913461538461539,520.0,475.0,45.0,1.0,0.0,0.0,0.3426874820357844,162.77655396699774,0.9134615384615392,520.0,475.0,45.0,-0.0,-0.0,-0.0,0.08724817754776784,0.0,0.8800000000000001,0.0,0.0,0.0,-0.0,-0.0,-0.0,0.08724817754776784,0.0,0.8800000000000001,0.0,0.0,0.0,1.0,,,0.101,95.95,950.0,950.0,0.0,29.45,-0.0,,,133.33333333333334,0.0,57.333333333333336,2.0,589.2446357117703,0.0,0.0,0.0,89.83623716061652
18,1,19,0.15246,0.0,589.2446357117703,,,,0,0.0,1,1083.3333333333333,1083.3333333333333,0.0,173.33333333333334,35.96666666666667,0.0,,,167.74152777777488,1083.3333333333333,1040.0,43.333333333333336,1083.3333333333333,0.0,1.0,0.0,-0.0,0.1612899305555566,83.87076388888741,0.96,541.6666666666666,520.0,21.666666666666668,1.0,0.0,-0.0,0.16128993055555654,83.87076388888748,0.96,541.6666666666666,520.0,21.666666666666668,-0.0,0.0,-0.0,0.271,0.0,0.96,0.0,0.0,0.0,,,,325.5531079339955,1040.0,950.0,90.0,1040.0,0.0,1.0,-0.0,-0.0,0.3426874820357845,162.7765539669977,0.913461538461539,520.0,475.0,45.0,1.0,0.0,0.0,0.3426874820357845,162.77655396699777,0.9134615384615392,520.0,475.0,45.0,-0.0,-0.0,-0.0,0.08724817754776784,0.0,0.8800000000000001,0.0,0.0,0.0,-0.0,-0.0,-0.0,0.08724817754776784,0.0,0.8800000000000001,0.0,0.0,0.0,1.0,,,0.101,95.95,950.0,950.0,0.0,29.45,-0.0,,,133.33333333333334,0.0,57.333333333333336,2.0,589.2446357117703,0.0,0.0,0.0,89.83623716061652
19,1,20,0.15246,0.0,589.2450526004449,,,,0,0.0,1,1083.3333333333333,1083.3333333333333,0.0,173.33333333333334,35.96666666666667,0.0,,,167.7415277777706,1083.3333333333333,1040.0,43.333333333333336,1083.3333333333333,0.0,1.0,0.0,-0.0,0.1612899305555566,83.87076388888741,0.96,541.6666666666666,520.0,21.666666666666668,1.0,0.0,-0.0,0.16128993055555654,83.87076388888748,0.96,541.6666666666666,520.0,21.666666666666668,-0.0,0.0,-0.0,0.271,0.0,0.96,0.0,0.0,0.0,,,,325.55352482267426,1040.0,950.0,90.0,1040.0,0.0,1.0,-0.0,-0.0,0.3426874820357845,162.7765539669977,0.913461538461539,520.0,475.0,45.0,1.0,0.0,0.0,0.3426883596961611,162.77697085567652,0.9134615384615384,520.0,475.0,45.0,-0.0,-0.0,-0.0,0.08724817754776784,0.0,0.8800000000000001,0.0,0.0,0.0,-0.0,-0.0,-0.0,0.08724817754776784,0.0,0.8800000000000001,0.0,0.0,0.0,1.0,,,0.101,95.95,950.0,950.0,0.0,29.45,-0.0,,,133.33333333333334,0.0,57.333333333333336,2.0,589.2450526004449,0.0,0.0,0.0,89.83630071946384
20,1,21,0.15246,0.0,589.2446357117703,,,,0,0.0,1,1083.3333333333333,1083.3333333333333,0.0,173.33333333333334,35.96666666666667,0.0,,,167.74152777777488,1083.3333333333333,1040.0,43.333333333333336,1083.3333333333333,0.0,1.0,0.0,-0.0,0.1612899305555566,83.87076388888741,0.96,541.6666666666666,520.0,21.666666666666668,1.0,0.0,-0.0,0.16128993055555654,83.87076388888748,0.96,541.6666666666666,520.0,21.666666666666668,-0.0,0.0,-0.0,0.271,0.0,0.96,0.0,0.0,0.0,,,,325.5531079339955,1040.0,950.0,90.0,1040.0,0.0,1.0,-0.0,-0.0,0.3426874820357844,162.7765539669977,0.913461538461539,520.0,475.0,45.0,1.0,0.0,0.0,0.3426874820357845,162.77655396699777,0.9134615384615392,520.0,475.0,45.0,-0.0,-0.0,-0.0,0.08724817754776784,0.0,0.8800000000000001,0.0,0.0,0.0,-0.0,-0.0,-0.0,0.08724817754776784,0.0,0.8800000000000001,0.0,0.0,0.0,1.0,,,0.101,95.95,950.0,950.0,0.0,29.45,-0.0,,,133.33333333333334,0.0,57.333333333333336,2.0,589.2446357117703,0.0,0.0,0.0,89.83623716061652
21,1,22,0.15246,0.0,589.2450526004441,,,,0,0.0,1,1083.3333333333333,1083.3333333333333,0.0,173.33333333333334,35.96666666666667,0.0,,,167.74152777776987,1083.3333333333333,1040.0,43.333333333333336,1083.3333333333333,0.0,1.0,0.0,-0.0,0.1612899305555566,83.87076388888741,0.96,541.6666666666666,520.0,21.666666666666668,1.0,0.0,-0.0,0.16128993055555654,83.87076388888748,0.96,541.6666666666666,520.0,21.666666666666668,-0.0,0.0,-0.0,0.271,0.0,0.96,0.0,0.0,0.0,,,,325.5535248226742,1040.0,950.0,90.0,1040.0,0.0,1.0,-0.0,-0.0,0.3426874820357845,162.7765539669977,0.913461538461539,520.0,475.0,45.0,1.0,0.0,0.0,0.34268835969616107,162.7769708556765,0.9134615384615384,520.0,475.0,45.0,-0.0,-0.0,-0.0,0.08724817754776784,0.0,0.8800000000000001,0.0,0.0,0.0,-0.0,-0.0,-0.0,0.08724817754776784,0.0,0.8800000000000001,0.0,0.0,0.0,1.0,,,0.101,95.95,950.0,950.0,0.0,29.45,-0.0,,,133.33333333333334,0.0,57.333333333333336,2.0,589.2450526004441,0.0,0.0,0.0,89.83630071946371
22,1,23,0.1016,0.0,766.8115790832015,,,,0,0.0,1,1296.4120279601416,1296.4120279601416,0.0,207.42592447362267,43.0408793282767,0.0,,,197.3134361039647,1296.4120279601416,1244.555546841751,51.856481118406336,1296.4120279601573,0.0,1.0,0.0,-0.0,0.15656863398473722,113.44267221507724,0.96,754.7453612934906,724.555546841751,30.189814451739654,1.0,0.0,-0.0,0.16128993055555654,83.87076388888748,0.96,541.6666666666666,520.0,21.666666666666668,-0.0,0.0,-0.0,0.271,0.0,0.96,0.0,0.0,0.0,,,,453.2255410155471,1244.555546841751,1151.2138808286104,93.34166601313052,1244.555546841741,0.0,1.0,-0.0,-0.0,0.39369360338960513,226.61277050777358,0.9249999999999999,622.2777734208706,575.6069404143053,46.67083300656532,1.0,0.0,0.0,0.3936936033896051,226.61277050777352,0.925,622.2777734208704,575.6069404143052,46.6708330065652,-0.0,-0.0,-0.0,0.08724817754776784,0.0,0.8800000000000001,0.0,0.0,0.0,-0.0,-0.0,-0.0,0.08724817754776784,0.0,0.8800000000000001,0.0,0.0,0.0,1.0,,,0.101,116.27260196368965,1151.2138808286104,1151.2138808286104,0.0,35.68763030568692,-0.0,,,145.19814713154688,0.0,62.43520326656515,2.0,766.8115790832015,0.0,0.0,0.0,77.90805643485328
23,1,24,0.1016,0.0,766.8115790832015,,,,0,0.0,1,1296.4120279601416,1296.4120279601416,0.0,207.42592447362267,43.0408793282767,0.0,,,197.3134361039647,1296.4120279601416,1244.555546841751,51.856481118406336,1296.4120279601573,0.0,1.0,0.0,-0.0,0.15656863398473722,113.44267221507724,0.96,754.7453612934906,724.555546841751,30.189814451739654,1.0,0.0,-0.0,0.16128993055555654,83.87076388888748,0.96,541.6666666666666,520.0,21.666666666666668,-0.0,0.0,-0.0,0.271,0.0,0.96,0.0,0.0,0.0,,,,453.2255410155471,1244.555546841751,1151.2138808286104,93.34166601313052,1244.555546841741,0.0,1.0,-0.0,-0.0,0.39369360338960513,226.61277050777358,0.9249999999999999,622.2777734208706,575.6069404143053,46.67083300656532,1.0,0.0,0.0,0.3936936033896051,226.61277050777352,0.925,622.2777734208704,575.6069404143052,46.6708330065652,-0.0,-0.0,-0.0,0.08724817754776784,0.0,0.8800000000000001,0.0,0.0,0.0,-0.0,-0.0,-0.0,0.08724817754776784,0.0,0.8800000000000001,0.0,0.0,0.0,1.0,,,0.101,116.27260196368965,1151.2138808286104,1151.2138808286104,0.0,35.68763030568692,-0.0,,,145.19814713154688,0.0,62.43520326656515,2.0,766.8115790832015,0.0,0.0,0.0,77.90805643485328
24,1,25,0.1016,0.0,766.8120012378431,,,,0,0.0,1,1296.4120279601416,1296.4120279601416,0.0,207.42592447362267,43.0408793282767,0.0,,,197.3134361039647,1296.4120279601416,1244.555546841751,51.856481118406336,1296.4120279601573,0.0,1.0,0.0,-0.0,0.15656863398473722,113.44267221507724,0.96,754.7453612934906,724.555546841751,30.189814451739654,1.0,0.0,-0.0,0.16128993055555654,83.87076388888748,0.96,541.6666666666666,520.0,21.666666666666668,-0.0,0.0,-0.0,0.271,0.0,0.96,0.0,0.0,0.0,,,,453.2259631701887,1244.555546841751,1151.2138808286104,93.34166601313052,1244.555546841741,0.0,1.0,-0.0,-0.0,0.3936943367974429,226.61319266241517,0.925,622.2777734208706,575.6069404143053,46.67083300656532,1.0,0.0,0.0,0.3936936033896051,226.61277050777352,0.925,622.2777734208704,575.6069404143052,46.6708330065652,-0.0,-0.0,-0.0,0.08724817754776784,0.0,0.8800000000000001,0.0,0.0,0.0,-0.0,-0.0,-0.0,0.08724817754776784,0.0,0.8800000000000001,0.0,0.0,0.0,1.0,,,0.101,116.27260196368965,1151.2138808286104,1151.2138808286104,0.0,35.68763030568692,-0.0,,,145.19814713154688,0.0,62.43520326656515,2.0,766.8120012378431,0.0,0.0,0.0,77.90809932576485
25,1,26,0.1016,0.0,766.8115790832015,,,,0,0.0,1,1296.4120279601416,1296.4120279601416,0.0,207.42592447362267,43.0408793282767,0.0,,,197.3134361039647,1296.4120279601416,1244.555546841751,51.856481118406336,1296.4120279601573,0.0,1.0,0.0,-0.0,0.15656863398473722,113.44267221507724,0.96,754.7453612934906,724.555546841751,30.189814451739654,1.0,0.0,-0.0,0.16128993055555654,83.87076388888748,0.96,541.6666666666666,520.0,21.666666666666668,-0.0,0.0,-0.0,0.271,0.0,0.96,0.0,0.0,0.0,,,,453.2255410155471,1244.555546841751,1151.2138808286104,93.34166601313052,1244.555546841741,0.0,1.0,-0.0,-0.0,0.39369360338960513,226.61277050777358,0.9249999999999999,622.2777734208706,575.6069404143053,46.67083300656532,1.0,0.0,0.0,0.3936936033896051,226.61277050777352,0.925,622.2777734208704,575.6069404143052,46.6708330065652,-0.0,-0.0,-0.0,0.08724817754776784,0.0,0.8800000000000001,0.0,0.0,0.0,-0.0,-0.0,-0.0,0.08724817754776784,0.0,0.8800000000000001,0.0,0.0,0.0,1.0,,,0.101,116.27260196368965,1151.2138808286104,1151.2138808286104,0.0,35.68763030568692,-0.0,,,145.19814713154688,0.0,62.43520326656515,2.0,766.8115790832015,0.0,0.0,0.0,77.90805643485328
26,1,27,0.1016,0.0,766.8120012378455,,,,0,0.0,1,1296.4120279601416,1296.4120279601416,0.0,207.42592447362267,43.0408793282767,0.0,,,197.3134361039647,1296.4120279601416,1244.555546841751,51.856481118406336,1296.4120279601573,0.0,1.0,0.0,-0.0,0.15656863398473722,113.44267221507724,0.96,754.7453612934906,724.555546841751,30.189814451739654,1.0,0.0,-0.0,0.16128993055555654,83.87076388888748,0.96,541.6666666666666,520.0,21.666666666666668,-0.0,0.0,-0.0,0.271,0.0,0.96,0.0,0.0,0.0,,,,453.22596317019054,1244.555546841751,1151.2138808286159,93.34166601312518,1244.555546841741,0.0,1.0,-0.0,-0.0,0.3936943367974424,226.613192662417,0.925,622.2777734208706,575.6069404143107,46.670833006559974,1.0,0.0,0.0,0.3936936033896051,226.61277050777352,0.925,622.2777734208704,575.6069404143052,46.6708330065652,-0.0,-0.0,-0.0,0.08724817754776784,0.0,0.8800000000000001,0.0,0.0,0.0,-0.0,-0.0,-0.0,0.08724817754776784,0.0,0.8800000000000001,0.0,0.0,0.0,1.0,,,0.101,116.2726019636902,1151.2138808286159,1151.2138808286159,0.0,35.687630305687094,-0.0,,,145.19814713154153,0.0,62.43520326656286,2.0,766.8120012378455,0.0,0.0,0.0,77.9080993257651
27,1,28,0.1016,0.0,766.8120012378428,,,,0,0.0,1,1296.4120279601416,1296.4120279601416,0.0,207.42592447362267,43.0408793282767,0.0,,,197.3134361039647,1296.4120279601416,1244.555546841751,51.856481118406336,1296.4120279601573,0.0,1.0,0.0,-0.0,0.15656863398473722,113.44267221507724,0.96,754.7453612934906,724.555546841751,30.189814451739654,1.0,0.0,-0.0,0.16128993055555654,83.87076388888748,0.96,541.6666666666666,520.0,21.666666666666668,-0.0,0.0,-0.0,0.271,0.0,0.96,0.0,0.0,0.0,,,,453.2259631701884,1244.555546841751,1151.2138808286104,93.34166601313052,1244.555546841741,0.0,1.0,-0.0,-0.0,0.39369433679744237,226.61319266241486,0.925,622.2777734208706,575.6069404143053,46.67083300656532,1.0,0.0,0.0,0.3936936033896051,226.61277050777352,0.925,622.2777734208704,575.6069404143052,46.6708330065652,-0.0,-0.0,-0.0,0.08724817754776784,0.0,0.8800000000000001,0.0,0.0,0.0,-0.0,-0.0,-0.0,0.08724817754776784,0.0,0.8800000000000001,0.0,0.0,0.0,1.0,,,0.101,116.27260196368965,1151.2138808286104,1151.2138808286104,0.0,35.68763030568692,-0.0,,,145.19814713154688,0.0,62.43520326656515,2.0,766.8120012378428,0.0,0.0,0.0,77.90809932576482
28,1,29,0.1016,0.0,766.8115790832015,,,,0,0.0,1,1296.4120279601416,1296.4120279601416,0.0,207.42592447362267,43.0408793282767,0.0,,,197.3134361039647,1296.4120279601416,1244.555546841751,51.856481118406336,1296.4120279601573,0.0,1.0,0.0,-0.0,0.15656863398473722,113.44267221507724,0.96,754.7453612934906,724.555546841751,30.189814451739654,1.0,0.0,-0.0,0.16128993055555654,83.87076388888748,0.96,541.6666666666666,520.0,21.666666666666668,-0.0,0.0,-0.0,0.271,0.0,0.96,0.0,0.0,0.0,,,,453.2255410155471,1244.555546841751,1151.2138808286104,93.34166601313052,1244.555546841741,0.0,1.0,-0.0,-0.0,0.39369360338960513,226.61277050777358,0.9249999999999999,622.2777734208706,575.6069404143053,46.67083300656532,1.0,0.0,0.0,0.3936936033896051,226.61277050777352,0.925,622.2777734208704,575.6069404143052,46.6708330065652,-0.0,-0.0,-0.0,0.08724817754776784,0.0,0.8800000000000001,0.0,0.0,0.0,-0.0,-0.0,-0.0,0.08724817754776784,0.0,0.8800000000000001,0.0,0.0,0.0,1.0,,,0.101,116.27260196368965,1151.2138808286104,1151.2138808286104,0.0,35.68763030568692,-0.0,,,145.19814713154688,0.0,62.43520326656515,2.0,766.8115790832015,0.0,0.0,0.0,77.90805643485328
29,1,30,0.1016,0.0,766.8115790832015,,,,0,0.0,1,1296.4120279601416,1296.4120279601416,0.0,207.42592447362267,43.0408793282767,0.0,,,197.3134361039647,1296.4120279601416,1244.555546841751,51.856481118406336,1296.4120279601573,0.0,1.0,0.0,-0.0,0.15656863398473722,113.44267221507724,0.96,754.7453612934906,724.555546841751,30.189814451739654,1.0,0.0,-0.0,0.16128993055555654,83.87076388888748,0.96,541.6666666666666,520.0,21.666666666666668,-0.0,0.0,-0.0,0.271,0.0,0.96,0.0,0.0,0.0,,,,453.2255410155471,1244.555546841751,1151.2138808286104,93.34166601313052,1244.555546841741,0.0,1.0,-0.0,-0.0,0.39369360338960513,226.61277050777358,0.9249999999999999,622.2777734208706,575.6069404143053,46.67083300656532,1.0,0.0,0.0,0.3936936033896051,226.61277050777352,0.925,622.2777734208704,575.6069404143052,46.6708330065652,-0.0,-0.0,-0.0,0.08724817754776784,0.0,0.8800000000000001,0.0,0.0,0.0,-0.0,-0.0,-0.0,0.08724817754776784,0.0,0.8800000000000001,0.0,0.0,0.0,1.0,,,0.101,116.27260196368965,1151.2138808286104,1151.2138808286104,0.0,35.68763030568692,-0.0,,,145.19814713154688,0.0,62.43520326656515,2.0,766.8115790832015,0.0,0.0,0.0,77.90805643485328
30,1,31,0.1016,0.0,766.8115790832015,,,,0,0.0,1,1296.4120279601416,1296.4120279601416,0.0,207.42592447362267,43.0408793282767,0.0,,,197.3134361039647,1296.4120279601416,1244.555546841751,51.856481118406336,1296.4120279601573,0.0,1.0,0.0,-0.0,0.15656863398473722,113.44267221507724,0.96,754.7453612934906,724.555546841751,30.189814451739654,1.0,0.0,-0.0,0.16128993055555654,83.87076388888748,0.96,541.6666666666666,520.0,21.666666666666668,-0.0,0.0,-0.0,0.271,0.0,0.96,0.0,0.0,0.0,,,,453.2255410155471,1244.555546841751,1151.2138808286104,93.34166601313052,1244.555546841741,0.0,1.0,-0.0,-0.0,0.39369360338960513,226.61277050777358,0.9249999999999999,622.2777734208706,575.6069404143053,46.67083300656532,1.0,0.0,0.0,0.3936936033896051,226.61277050777352,0.925,622.2777734208704,575.6069404143052,46.6708330065652,-0.0,-0.0,-0.0,0.08724817754776784,0.0,0.8800000000000001,0.0,0.0,0.0,-0.0,-0.0,-0.0,0.08724817754776784,0.0,0.8800000000000001,0.0,0.0,0.0,1.0,,,0.101,116.27260196368965,1151.2138808286104,1151.2138808286104,0.0,35.68763030568692,-0.0,,,145.19814713154688,0.0,62.43520326656515,2.0,766.8115790832015,0.0,0.0,0.0,77.90805643485328
31,1,32,0.1016,0.0,766.812001237843,,,,0,0.0,1,1296.4120279601416,1296.4120279601416,0.0,207.42592447362267,43.0408793282767,0.0,,,197.3134361039647,1296.4120279601416,1244.555546841751,51.856481118406336,1296.4120279601573,0.0,1.0,0.0,-0.0,0.15656863398473722,113.44267221507724,0.96,754.7453612934906,724.555546841751,30.189814451739654,1.0,0.0,-0.0,0.16128993055555654,83.87076388888748,0.96,541.6666666666666,520.0,21.666666666666668,-0.0,0.0,-0.0,0.271,0.0,0.96,0.0,0.0,0.0,,,,453.2259631701886,1244.555546841751,1151.2138808286104,93.34166601313052,1244.555546841741,0.0,1.0,-0.0,-0.0,0.39369360338960513,226.61277050777358,0.9249999999999999,622.2777734208706,575.6069404143053,46.67083300656532,1.0,0.0,0.0,0.3936943367974428,226.61319266241506,0.925,622.2777734208704,575.6069404143052,46.6708330065652,-0.0,-0.0,-0.0,0.08724817754776784,0.0,0.8800000000000001,0.0,0.0,0.0,-0.0,-0.0,-0.0,0.08724817754776784,0.0,0.8800000000000001,0.0,0.0,0.0,1.0,,,0.101,116.27260196368965,1151.2138808286104,1151.2138808286104,0.0,35.68763030568692,-0.0,,,145.19814713154688,0.0,62.43520326656515,2.0,766.812001237843,0.0,0.0,0.0,77.90809932576485
32,1,33,0.1016,0.0,766.812001237843,,,,0,0.0,1,1296.4120279601416,1296.4120279601416,0.0,207.42592447362267,43.0408793282767,0.0,,,197.3134361039647,1296.4120279601416,1244.555546841751,51.856481118406336,1296.4120279601573,0.0,1.0,0.0,-0.0,0.15656863398473722,113.44267221507724,0.96,754.7453612934906,724.555546841751,30.189814451739654,1.0,0.0,-0.0,0.16128993055555654,83.87076388888748,0.96,541.6666666666666,520.0,21.666666666666668,-0.0,0.0,-0.0,0.271,0.0,0.96,0.0,0.0,0.0,,,,453.2259631701886,1244.555546841751,1151.2138808286104,93.34166601313052,1244.555546841741,0.0,1.0,-0.0,-0.0,0.39369360338960513,226.61277050777358,0.9249999999999999,622.2777734208706,575.6069404143053,46.67083300656532,1.0,0.0,0.0,0.3936943367974428,226.61319266241506,0.925,622.2777734208704,575.6069404143052,46.6708330065652,-0.0,-0.0,-0.0,0.08724817754776784,0.0,0.8800000000000001,0.0,0.0,0.0,-0.0,-0.0,-0.0,0.08724817754776784,0.0,0.8800000000000001,0.0,0.0,0.0,1.0,,,0.101,116.27260196368965,1151.2138808286104,1151.2138808286104,0.0,35.68763030568692,-0.0,,,145.19814713154688,0.0,62.43520326656515,2.0,766.812001237843,0.0,0.0,0.0,77.90809932576485
33,1,34,0.1016,0.0,766.812001237843,,,,0,0.0,1,1296.4120279601416,1296.4120279601416,0.0,207.42592447362267,43.0408793282767,0.0,,,197.3134361039647,1296.4120279601416,1244.555546841751,51.856481118406336,1296.4120279601573,0.0,1.0,0.0,-0.0,0.15656863398473722,113.44267221507724,0.96,754.7453612934906,724.555546841751,30.189814451739654,1.0,0.0,-0.0,0.16128993055555654,83.87076388888748,0.96,541.6666666666666,520.0,21.666666666666668,-0.0,0.0,-0.0,0.271,0.0,0.96,0.0,0.0,0.0,,,,453.2259631701886,1244.555546841751,1151.2138808286104,93.34166601313052,1244.555546841741,0.0,1.0,-0.0,-0.0,0.39369360338960513,226.61277050777358,0.9249999999999999,622.2777734208706,575.6069404143053,46.67083300656532,1.0,0.0,0.0,0.3936943367974428,226.61319266241506,0.925,622.2777734208704,575.6069404143052,46.6708330065652,-0.0,-0.0,-0.0,0.08724817754776784,0.0,0.8800000000000001,0.0,0.0,0.0,-0.0,-0.0,-0.0,0.08724817754776784,0.0,0.8800000000000001,0.0,0.0,0.0,1.0,,,0.101,116.27260196368965,1151.2138808286104,1151.2138808286104,0.0,35.68763030568692,-0.0,,,145.19814713154688,0.0,62.43520326656515,2.0,766.812001237843,0.0,0.0,0.0,77.90809932576485
34,1,35,0.1016,0.0,766.8115790832015,,,,0,0.0,1,1296.4120279601416,1296.4120279601416,0.0,207.42592447362267,43.0408793282767,0.0,,,197.3134361039647,1296.4120279601416,1244.555546841751,51.856481118406336,1296.4120279601573,0.0,1.0,0.0,-0.0,0.15656863398473722,113.44267221507724,0.96,754.7453612934906,724.555546841751,30.189814451739654,1.0,0.0,-0.0,0.16128993055555654,83.87076388888748,0.96,541.6666666666666,520.0,21.666666666666668,-0.0,0.0,-0.0,0.271,0.0,0.96,0.0,0.0,0.0,,,,453.2255410155471,1244.555546841751,1151.2138808286104,93.34166601313052,1244.555546841741,0.0,1.0,-0.0,-0.0,0.39369360338960513,226.61277050777358,0.9249999999999999,622.2777734208706,575.6069404143053,46.67083300656532,1.0,0.0,0.0,0.3936936033896051,226.61277050777352,0.925,622.2777734208704,575.6069404143052,46.6708330065652,-0.0,-0.0,-0.0,0.08724817754776784,0.0,0.8800000000000001,0.0,0.0,0.0,-0.0,-0.0,-0.0,0.08724817754776784,0.0,0.8800000000000001,0.0,0.0,0.0,1.0,,,0.101,116.27260196368965,1151.2138808286104,1151.2138808286104,0.0,35.68763030568692,-0.0,,,145.19814713154688,0.0,62.43520326656515,2.0,766.8115790832015,0.0,0.0,0.0,77.90805643485328
35,1,36,0.1016,0.0,766.8120012378427,,,,0,0.0,1,1296.4120279601416,1296.4120279601416,0.0,207.42592447362267,43.0408793282767,0.0,,,197.3134361039647,1296.4120279601416,1244.555546841751,51.856481118406336,1296.4120279601573,0.0,1.0,0.0,-0.0,0.15656863398473722,113.44267221507724,0.96,754.7453612934906,724.555546841751,30.189814451739654,1.0,0.0,-0.0,0.16128993055555654,83.87076388888748,0.96,541.6666666666666,520.0,21.666666666666668,-0.0,0.0,-0.0,0.271,0.0,0.96,0.0,0.0,0.0,,,,453.22596317018827,1244.555546841751,1151.2138808286102,93.34166601313086,1244.555546841741,0.0,1.0,-0.0,-0.0,0.3936943367974424,226.61319266241475,0.925,622.2777734208706,575.606940414305,46.67083300656566,1.0,0.0,0.0,0.3936936033896051,226.61277050777352,0.925,622.2777734208704,575.6069404143052,46.6708330065652,-0.0,-0.0,-0.0,0.08724817754776784,0.0,0.8800000000000001,0.0,0.0,0.0,-0.0,-0.0,-0.0,0.08724817754776784,0.0,0.8800000000000001,0.0,0.0,0.0,1.0,,,0.101,116.27260196368964,1151.2138808286102,1151.2138808286102,0.0,35.687630305686916,-0.0,,,145.19814713154722,0.0,62.4352032665653,2.0,766.8120012378427,0.0,0.0,0.0,77.90809932576481
36,1,37,0.1016,0.0,766.8115790832015,,,,0,0.0,1,1296.4120279601416,1296.4120279601416,0.0,207.42592447362267,43.0408793282767,0.0,,,197.3134361039647,1296.4120279601416,1244.555546841751,51.856481118406336,1296.4120279601573,0.0,1.0,0.0,-0.0,0.15656863398473722,113.44267221507724,0.96,754.7453612934906,724.555546841751,30.189814451739654,1.0,0.0,-0.0,0.16128993055555654,83.87076388888748,0.96,541.6666666666666,520.0,21.666666666666668,-0.0,0.0,-0.0,0.271,0.0,0.96,0.0,0.0,0.0,,,,453.2255410155471,1244.555546841751,1151.2138808286104,93.34166601313052,1244.555546841741,0.0,1.0,-0.0,-0.0,0.39369360338960513,226.61277050777358,0.9249999999999999,622.2777734208706,575.6069404143053,46.67083300656532,1.0,0.0,0.0,0.3936936033896051,226.61277050777352,0.925,622.2777734208704,575.6069404143052,46.6708330065652,-0.0,-0.0,-0.0,0.08724817754776784,0.0,0.8800000000000001,0.0,0.0,0.0,-0.0,-0.0,-0.0,0.08724817754776784,0.0,0.8800000000000001,0.0,0.0,0.0,1.0,,,0.101,116.27260196368965,1151.2138808286104,1151.2138808286104,0.0,35.68763030568692,-0.0,,,145.19814713154688,0.0,62.43520326656515,2.0,766.8115790832015,0.0,0.0,0.0,77.90805643485328
37,1,38,0.1016,0.0,766.8115790832015,,,,0,0.0,1,1296.4120279601416,1296.4120279601416,0.0,207.42592447362267,43.0408793282767,0.0,,,197.3134361039647,1296.4120279601416,1244.555546841751,51.856481118406336,1296.4120279601573,0.0,1.0,0.0,-0.0,0.15656863398473722,113.44267221507724,0.96,754.7453612934906,724.555546841751,30.189814451739654,1.0,0.0,-0.0,0.16128993055555654,83.87076388888748,0.96,541.6666666666666,520.0,21.666666666666668,-0.0,0.0,-0.0,0.271,0.0,0.96,0.0,0.0,0.0,,,,453.2255410155471,1244.555546841751,1151.2138808286104,93.34166601313052,1244.555546841741,0.0,1.0,-0.0,-0.0,0.39369360338960513,226.61277050777358,0.9249999999999999,622.2777734208706,575.6069404143053,46.67083300656532,1.0,0.0,0.0,0.3936936033896051,226.61277050777352,0.925,622.2777734208704,575.6069404143052,46.6708330065652,-0.0,-0.0,-0.0,0.08724817754776784,0.0,0.8800000000000001,0.0,0.0,0.0,-0.0,-0.0,-0.0,0.08724817754776784,0.0,0.8800000000000001,0.0,0.0,0.0,1.0,,,0.101,116.27260196368965,1151.2138808286104,1151.2138808286104,0.0,35.68763030568692,-0.0,,,145.19814713154688,0.0,62.43520326656515,2.0,766.8115790832015,0.0,0.0,0.0,77.90805643485328
38,1,39,0.1016,0.0,766.8115790832015,,,,0,0.0,1,1296.4120279601416,1296.4120279601416,0.0,207.42592447362267,43.0408793282767,0.0,,,197.3134361039647,1296.4120279601416,1244.555546841751,51.856481118406336,1296.4120279601573,0.0,1.0,0.0,-0.0,0.15656863398473722,113.44267221507724,0.96,754.7453612934906,724.555546841751,30.189814451739654,1.0,0.0,-0.0,0.16128993055555654,83.87076388888748,0.96,541.6666666666666,520.0,21.666666666666668,-0.0,0.0,-0.0,0.271,0.0,0.96,0.0,0.0,0.0,,,,453.2255410155471,1244.555546841751,1151.2138808286104,93.34166601313052,1244.555546841741,0.0,1.0,-0.0,-0.0,0.39369360338960513,226.61277050777358,0.9249999999999999,622.2777734208706,575.6069404143053,46.67083300656532,1.0,0.0,0.0,0.3936936033896051,226.61277050777352,0.925,622.2777734208704,575.6069404143052,46.6708330065652,-0.0,-0.0,-0.0,0.08724817754776784,0.0,0.8800000000000001,0.0,0.0,0.0,-0.0,-0.0,-0.0,0.08724817754776784,0.0,0.8800000000000001,0.0,0.0,0.0,1.0,,,0.101,116.27260196368965,1151.2138808286104,1151.2138808286104,0.0,35.68763030568692,-0.0,,,145.19814713154688,0.0,62.43520326656515,2.0,766.8115790832015,0.0,0.0,0.0,77.90805643485328
39,1,40,0.1016,0.0,766.812001237843,,,,0,0.0,1,1296.4120279601416,1296.4120279601416,0.0,207.42592447362267,43.0408793282767,0.0,,,197.3134361039647,1296.4120279601416,1244.555546841751,51.856481118406336,1296.4120279601573,0.0,1.0,0.0,-0.0,0.15656863398473722,113.44267221507724,0.96,754.7453612934906,724.555546841751,30.189814451739654,1.0,0.0,-0.0,0.16128993055555654,83.87076388888748,0.96,541.6666666666666,520.0,21.666666666666668,-0.0,0.0,-0.0,0.271,0.0,0.96,0.0,0.0,0.0,,,,453.2259631701886,1244.555546841751,1151.2138808286104,93.34166601313052,1244.555546841741,0.0,1.0,-0.0,-0.0,0.39369360338960513,226.61277050777358,0.9249999999999999,622.2777734208706,575.6069404143053,46.67083300656532,1.0,0.0,0.0,0.3936943367974428,226.61319266241506,0.925,622.2777734208704,575.6069404143052,46.6708330065652,-0.0,-0.0,-0.0,0.08724817754776784,0.0,0.88,0.0,0.0,0.0,-0.0,-0.0,-0.0,0.08724817754776784,0.0,0.8800000000000001,0.0,0.0,0.0,1.0,,,0.101,116.27260196368965,1151.2138808286104,1151.2138808286104,0.0,35.68763030568692,-0.0,,,145.19814713154688,0.0,62.43520326656515,2.0,766.812001237843,0.0,0.0,0.0,77.90809932576485
40,1,41,0.1016,0.0,766.8115790832015,,,,0,0.0,1,1296.4120279601416,1296.4120279601416,0.0,207.42592447362267,43.0408793282767,0.0,,,197.3134361039647,1296.4120279601416,1244.555546841751,51.856481118406336,1296.4120279601573,0.0,1.0,0.0,-0.0,0.15656863398473722,113.44267221507724,0.96,754.7453612934906,724.555546841751,30.189814451739654,1.0,0.0,-0.0,0.16128993055555654,83.87076388888748,0.96,541.6666666666666,520.0,21.666666666666668,-0.0,0.0,-0.0,0.271,0.0,0.96,0.0,0.0,0.0,,,,453.2255410155471,1244.555546841751,1151.2138808286104,93.34166601313052,1244.555546841741,0.0,1.0,-0.0,-0.0,0.39369360338960513,226.61277050777358,0.9249999999999999,622.2777734208706,575.6069404143053,46.67083300656532,1.0,0.0,0.0,0.3936936033896051,226.61277050777352,0.925,622.2777734208704,575.6069404143052,46.6708330065652,-0.0,-0.0,-0.0,0.08724817754776784,0.0,0.8800000000000001,0.0,0.0,0.0,-0.0,-0.0,-0.0,0.08724817754776784,0.0,0.8800000000000001,0.0,0.0,0.0,1.0,,,0.101,116.27260196368965,1151.2138808286104,1151.2138808286104,0.0,35.68763030568692,-0.0,,,145.19814713154688,0.0,62.43520326656515,2.0,766.8115790832015,0.0,0.0,0.0,77.90805643485328
41,1,42,0.15246,0.0,589.2446357117703,,,,0,0.0,1,1083.3333333333333,1083.3333333333333,0.0,173.33333333333334,35.96666666666667,0.0,,,167.74152777777493,1083.3333333333333,1040.0,43.333333333333336,1083.3333333333333,0.0,1.0,0.0,-0.0,0.16128993055555657,83.8707638888874,0.96,541.6666666666666,520.0,21.666666666666668,1.0,0.0,-0.0,0.16128993055555654,83.87076388888748,0.96,541.6666666666666,520.0,21.666666666666668,-0.0,0.0,-0.0,0.271,0.0,0.96,0.0,0.0,0.0,,,,325.5531079339954,1040.0,950.0,90.0,1040.0,0.0,1.0,-0.0,-0.0,0.3426874820357844,162.7765539669977,0.913461538461539,520.0,475.0,45.0,1.0,0.0,0.0,0.3426874820357844,162.7765539669977,0.913461538461539,520.0,475.0,45.0,-0.0,-0.0,-0.0,0.08724817754776784,0.0,0.8800000000000001,0.0,0.0,0.0,-0.0,-0.0,-0.0,0.08724817754776784,0.0,0.8800000000000001,0.0,0.0,0.0,1.0,,,0.101,95.95,950.0,950.0,0.0,29.45,-0.0,,,133.33333333333334,0.0,57.333333333333336,2.0,589.2446357117703,0.0,0.0,0.0,89.83623716061652
42,1,43,0.15246,0.0,589.2448622016949,,,,0,0.0,1,1083.3333333333333,1083.3333333333333,0.0,173.33333333333334,35.96666666666667,0.0,,,167.7415277777712,1083.3333333333333,1040.0,43.333333333333336,1083.3333333333333,0.0,1.0,0.0,-0.0,0.16128993055555657,83.8707638888874,0.96,541.6666666666666,520.0,21.666666666666668,1.0,0.0,-0.0,0.16128993055555654,83.87076388888748,0.96,541.6666666666666,520.0,21.666666666666668,-0.0,0.0,-0.0,0.271,0.0,0.96,0.0,0.0,0.0,,,,325.5533777658583,1040.0,949.9995708719348,90.00042912806543,1040.0,0.0,1.0,-0.0,-0.0,0.3426883596961616,162.77697085567686,0.913461538461539,520.0,475.0,45.0,1.0,0.0,0.0,0.3426874820357845,162.7764069101814,0.9134607132152588,520.0,474.99957087193457,45.000429128065434,-0.0,-0.0,-0.0,0.08724817754776784,0.0,0.8800000000000001,0.0,0.0,0.0,-0.0,-0.0,-0.0,0.08724817754776784,0.0,0.8800000000000001,0.0,0.0,0.0,1.0,,,0.101,95.94995665806542,949.9995708719348,949.9995708719348,0.0,29.449986697029978,-0.0,,,133.3337624613988,0.0,57.333517858401486,2.0,589.2448622016949,0.0,0.0,0.0,89.83627169127041
43,1,44,0.15246,0.0,589.2446357117703,,,,0,0.0,1,1083.3333333333333,1083.3333333333333,0.0,173.33333333333334,35.96666666666667,0.0,,,167.74152777777493,1083.3333333333333,1040.0,43.333333333333336,1083.3333333333333,0.0,1.0,0.0,-0.0,0.16128993055555657,83.8707638888874,0.96,541.6666666666666,520.0,21.666666666666668,1.0,0.0,-0.0,0.16128993055555654,83.87076388888748,0.96,541.6666666666666,520.0,21.666666666666668,-0.0,0.0,-0.0,0.271,0.0,0.96,0.0,0.0,0.0,,,,325.5531079339954,1040.0,950.0,90.0,1040.0,0.0,1.0,-0.0,-0.0,0.3426874820357845,162.7765539669977,0.913461538461539,520.0,475.0,45.0,1.0,0.0,0.0,0.3426874820357845,162.7765539669977,0.913461538461539,520.0,475.0,45.0,-0.0,-0.0,-0.0,0.08724817754776784,0.0,0.8800000000000001,0.0,0.0,0.0,-0.0,-0.0,-0.0,0.08724817754776784,0.0,0.8800000000000001,0.0,0.0,0.0,1.0,,,0.101,95.95,950.0,950.0,0.0,29.45,-0.0,,,133.33333333333334,0.0,57.333333333333336,2.0,589.2446357117703,0.0,0.0,0.0,89.83623716061652
44,1,45,0.15246,0.0,589.2446357117703,,,,0,0.0,1,1083.3333333333333,1083.3333333333333,0.0,173.33333333333334,35.96666666666667,0.0,,,167.74152777777493,1083.3333333333333,1040.0,43.333333333333336,1083.3333333333333,0.0,1.0,0.0,-0.0,0.16128993055555657,83.8707638888874,0.96,541.6666666666666,520.0,21.666666666666668,1.0,0.0,-0.0,0.16128993055555654,83.87076388888748,0.96,541.6666666666666,520.0,21.666666666666668,-0.0,0.0,-0.0,0.271,0.0,0.96,0.0,0.0,0.0,,,,325.5531079339954,1040.0,950.0,90.0,1040.0,0.0,1.0,-0.0,-0.0,0.3426874820357845,162.7765539669977,0.913461538461539,520.0,475.0,45.0,1.0,0.0,0.0,0.3426874820357844,162.7765539669977,0.913461538461539,520.0,475.0,45.0,-0.0,-0.0,-0.0,0.08724817754776784,0.0,0.8800000000000001,0.0,0.0,0.0,-0.0,-0.0,-0.0,0.08724817754776784,0.0,0.8800000000000001,0.0,0.0,0.0,1.0,,,0.101,95.95,950.0,950.0,0.0,29.45,-0.0,,,133.33333333333334,0.0,57.333333333333336,2.0,589.2446357117703,0.0,0.0,0.0,89.83623716061652
45,1,46,0.15246,0.0,589.2446357117703,,,,0,0.0,1,1083.3333333333333,1083.3333333333333,0.0,173.33333333333334,35.96666666666667,0.0,,,167.74152777777493,1083.3333333333333,1040.0,43.333333333333336,1083.3333333333333,0.0,1.0,0.0,-0.0,0.16128993055555657,83.8707638888874,0.96,541.6666666666666,520.0,21.666666666666668,1.0,0.0,-0.0,0.16128993055555654,83.87076388888748,0.96,541.6666666666666,520.0,21.666666666666668,-0.0,0.0,-0.0,0.271,0.0,0.96,0.0,0.0,0.0,,,,325.5531079339954,1040.0,950.0,90.0,1040.0,0.0,1.0,-0.0,-0.0,0.3426874820357844,162.7765539669977,0.913461538461539,520.0,475.0,45.0,1.0,0.0,0.0,0.3426874820357845,162.7765539669977,0.913461538461539,520.0,475.0,45.0,-0.0,-0.0,-0.0,0.08724817754776784,0.0,0.8800000000000001,0.0,0.0,0.0,-0.0,-0.0,-0.0,0.08724817754776784,0.0,0.8800000000000001,0.0,0.0,0.0,1.0,,,0.101,95.95,950.0,950.0,0.0,29.45,-0.0,,,133.33333333333334,0.0,57.333333333333336,2.0,589.2446357117703,0.0,0.0,0.0,89.83623716061652
46,1,47,0.1016,0.0,766.8104062034803,,,,0,0.0,1,1296.4097262929904,1296.4097262929904,0.0,207.42555620687847,43.04080291292728,0.0,,,197.31304217444819,1296.4097262929904,1244.5533372412856,51.856389051720285,1296.4097262930059,0.0,1.0,0.0,-0.0,0.15656856777099207,113.4422782855607,0.96,754.7430596263392,724.5533372412856,30.189722385053596,1.0,0.0,-0.0,0.16128993055555654,83.87076388888748,0.96,541.6666666666666,520.0,21.666666666666668,-0.0,0.0,-0.0,0.271,0.0,0.96,0.0,0.0,0.0,,,,453.22496849726537,1244.5533372412856,1151.2118369481852,93.3415002930908,1244.553337241276,0.0,1.0,-0.0,-0.0,0.3936938050417773,226.61248424863348,0.925,622.2766686206379,575.6059184740949,46.670750146543014,1.0,0.0,0.0,0.39369380504177764,226.6124842486319,0.925,622.2766686206381,575.6059184740903,46.67075014654779,-0.0,-0.0,-0.0,0.08724817754776784,0.0,0.8800000000000001,0.0,0.0,0.0,-0.0,-0.0,-0.0,0.08724817754776784,0.0,0.8800000000000001,0.0,0.0,0.0,1.0,,,0.101,116.27239553176672,1151.2118369481852,1151.2118369481852,0.0,35.68756694539374,-0.0,,,145.19788934482062,0.0,62.435092418272866,2.0,766.8104062034803,0.0,0.0,0.0,77.90793727027359
47,1,48,0.1016,0.0,766.8104062034781,,,,0,0.0,1,1296.4097262929904,1296.4097262929904,0.0,207.42555620687847,43.04080291292728,0.0,,,197.31304217444819,1296.4097262929904,1244.5533372412856,51.856389051720285,1296.4097262930059,0.0,1.0,0.0,-0.0,0.15656856777099207,113.4422782855607,0.96,754.7430596263392,724.5533372412856,30.189722385053596,1.0,0.0,-0.0,0.16128993055555654,83.87076388888748,0.96,541.6666666666666,520.0,21.666666666666668,-0.0,0.0,-0.0,0.271,0.0,0.96,0.0,0.0,0.0,,,,453.2249684972636,1244.5533372412856,1151.2118369481805,93.34150029309558,1244.553337241276,0.0,1.0,-0.0,-0.0,0.39369380504177753,226.61248424863172,0.925,622.2766686206379,575.6059184740901,46.67075014654779,1.0,0.0,0.0,0.39369380504177764,226.6124842486319,0.925,622.2766686206381,575.6059184740903,46.67075014654779,-0.0,-0.0,-0.0,0.08724817754776784,0.0,0.8800000000000001,0.0,0.0,0.0,-0.0,-0.0,-0.0,0.08724817754776784,0.0,0.8800000000000001,0.0,0.0,0.0,1.0,,,0.101,116.27239553176624,1151.2118369481805,1151.2118369481805,0.0,35.68756694539359,-0.0,,,145.1978893448254,0.0,62.43509241827492,2.0,766.8104062034781,0.0,0.0,0.0,77.90793727027338
48,1,49,0.1016,0.0,766.8104062034782,,,,0,0.0,1,1296.4097262929904,1296.4097262929904,0.0,207.42555620687847,43.04080291292728,0.0,,,197.31304217444819,1296.4097262929904,1244.5533372412856,51.856389051720285,1296.4097262930059,0.0,1.0,0.0,-0.0,0.15656856777099207,113.4422782855607,0.96,754.7430596263392,724.5533372412856,30.189722385053596,1.0,0.0,-0.0,0.16128993055555654,83.87076388888748,0.96,541.6666666666666,520.0,21.666666666666668,-0.0,0.0,-0.0,0.271,0.0,0.96,0.0,0.0,0.0,,,,453.2249684972638,1244.5533372412856,1151.2118369481805,93.34150029309558,1244.553337241276,0.0,1.0,-0.0,-0.0,0.3936938050417778,226.6124842486319,0.925,622.2766686206379,575.6059184740901,46.67075014654779,1.0,0.0,0.0,0.39369380504177764,226.6124842486319,0.925,622.2766686206381,575.6059184740903,46.67075014654779,-0.0,-0.0,-0.0,0.08724817754776784,0.0,0.8800000000000001,0.0,0.0,0.0,-0.0,-0.0,-0.0,0.08724817754776784,0.0,0.8800000000000001,0.0,0.0,0.0,1.0,,,0.101,116.27239553176624,1151.2118369481805,1151.2118369481805,0.0,35.68756694539359,-0.0,,,145.1978893448254,0.0,62.43509241827492,2.0,766.8104062034782,0.0,0.0,0.0,77.90793727027338
49,1,50,0.1016,0.0,766.8104062034781,,,,0,0.0,1,1296.4097262929904,1296.4097262929904,0.0,207.42555620687847,43.04080291292728,0.0,,,197.31304217444819,1296.4097262929904,1244.5533372412856,51.856389051720285,1296.4097262930059,0.0,1.0,0.0,-0.0,0.15656856777099207,113.4422782855607,0.96,754.7430596263392,724.5533372412856,30.189722385053596,1.0,0.0,-0.0,0.16128993055555654,83.87076388888748,0.96,541.6666666666666,520.0,21.666666666666668,-0.0,0.0,-0.0,0.271,0.0,0.96,0.0,0.0,0.0,,,,453.2249684972636,1244.5533372412856,1151.2118369481805,93.34150029309558,1244.553337241276,0.0,1.0,-0.0,-0.0,0.39369380504177753,226.61248424863172,0.925,622.2766686206379,575.6059184740901,46.67075014654779,1.0,0.0,0.0,0.39369380504177764,226.6124842486319,0.925,622.2766686206381,575.6059184740903,46.67075014654779,-0.0,-0.0,-0.0,0.08724817754776784,0.0,0.8800000000000001,0.0,0.0,0.0,-0.0,-0.0,-0.0,0.08724817754776784,0.0,0.8800000000000001,0.0,0.0,0.0,1.0,,,0.101,116.27239553176624,1151.2118369481805,1151.2118369481805,0.0,35.68756694539359,-0.0,,,145.1978893448254,0.0,62.43509241827492,2.0,766.8104062034781,0.0,0.0,0.0,77.90793727027338
50,1,51,0.1016,0.0,766.8104062034781,,,,0,0.0,1,1296.4097262929904,1296.4097262929904,0.0,207.42555620687847,43.04080291292728,0.0,,,197.31304217444819,1296.4097262929904,1244.5533372412856,51.856389051720285,1296.4097262930059,0.0,1.0,0.0,-0.0,0.15656856777099207,113.4422782855607,0.96,754.7430596263392,724.5533372412856,30.189722385053596,1.0,0.0,-0.0,0.16128993055555654,83.87076388888748,0.96,541.6666666666666,520.0,21.666666666666668,-0.0,0.0,-0.0,0.271,0.0,0.96,0.0,0.0,0.0,,,,453.2249684972636,1244.5533372412856,1151.2118369481805,93.34150029309558,1244.553337241276,0.0,1.0,-0.0,-0.0,0.39369380504177753,226.61248424863172,0.925,622.2766686206379,575.6059184740901,46.67075014654779,1.0,0.0,0.0,0.39369380504177764,226.6124842486319,0.925,622.2766686206381,575.6059184740903,46.67075014654779,-0.0,-0.0,-0.0,0.08724817754776784,0.0,0.88,0.0,0.0,0.0,-0.0,-0.0,-0.0,0.08724817754776784,0.0,0.88,0.0,0.0,0.0,1.0,,,0.101,116.27239553176624,1151.2118369481805,1151.2118369481805,0.0,35.68756694539359,-0.0,,,145.1978893448254,0.0,62.43509241827492,2.0,766.8104062034781,0.0,0.0,0.0,77.90793727027338
51,1,52,0.1016,0.0,766.8104062034781,,,,0,0.0,1,1296.4097262929904,1296.4097262929904,0.0,207.42555620687847,43.04080291292728,0.0,,,197.31304217444819,1296.4097262929904,1244.5533372412856,51.856389051720285,1296.4097262930059,0.0,1.0,0.0,-0.0,0.15656856777099207,113.4422782855607,0.96,754.7430596263392,724.5533372412856,30.189722385053596,1.0,0.0,-0.0,0.16128993055555654,83.87076388888748,0.96,541.6666666666666,520.0,21.666666666666668,-0.0,0.0,-0.0,0.271,0.0,0.96,0.0,0.0,0.0,,,,453.2249684972636,1244.5533372412856,1151.2118369481805,93.34150029309558,1244.553337241276,0.0,1.0,-0.0,-0.0,0.39369380504177753,226.61248424863172,0.925,622.2766686206379,575.6059184740901,46.67075014654779,1.0,0.0,0.0,0.39369380504177764,226.6124842486319,0.925,622.2766686206381,575.6059184740903,46.67075014654779,-0.0,-0.0,-0.0,0.08724817754776784,0.0,0.8800000000000001,0.0,0.0,0.0,-0.0,-0.0,-0.0,0.08724817754776784,0.0,0.88,0.0,0.0,0.0,1.0,,,0.101,116.27239553176624,1151.2118369481805,1151.2118369481805,0.0,35.68756694539359,-0.0,,,145.1978893448254,0.0,62.43509241827492,2.0,766.8104062034781,0.0,0.0,0.0,77.90793727027338
52,1,53,0.1016,0.0,766.8104062034781,,,,0,0.0,1,1296.4097262929904,1296.4097262929904,0.0,207.42555620687847,43.04080291292728,0.0,,,197.31304217444819,1296.4097262929904,1244.5533372412856,51.856389051720285,1296.4097262930059,0.0,1.0,0.0,-0.0,0.15656856777099207,113.4422782855607,0.96,754.7430596263392,724.5533372412856,30.189722385053596,1.0,0.0,-0.0,0.16128993055555654,83.87076388888748,0.96,541.6666666666666,520.0,21.666666666666668,-0.0,0.0,-0.0,0.271,0.0,0.96,0.0,0.0,0.0,,,,453.2249684972637,1244.5533372412856,1151.2118369481805,93.34150029309558,1244.553337241276,0.0,1.0,-0.0,-0.0,0.39369380504177753,226.61248424863172,0.925,622.2766686206379,575.6059184740901,46.67075014654779,1.0,0.0,0.0,0.3936938050417779,226.61248424863203,0.925,622.2766686206381,575.6059184740903,46.67075014654779,-0.0,-0.0,-0.0,0.08724817754776784,0.0,0.8800000000000001,0.0,0.0,0.0,-0.0,-0.0,-0.0,0.08724817754776784,0.0,0.8800000000000001,0.0,0.0,0.0,1.0,,,0.101,116.27239553176624,1151.2118369481805,1151.2118369481805,0.0,35.68756694539359,-0.0,,,145.1978893448254,0.0,62.43509241827492,2.0,766.8104062034781,0.0,0.0,0.0,77.90793727027338
53,1,54,0.1016,0.0,766.8104062034781,,,,0,0.0,1,1296.4097262929904,1296.4097262929904,0.0,207.42555620687847,43.04080291292728,0.0,,,197.31304217444819,1296.4097262929904,1244.5533372412856,51.856389051720285,1296.4097262930059,0.0,1.0,0.0,-0.0,0.15656856777099207,113.4422782855607,0.96,754.7430596263392,724.5533372412856,30.189722385053596,1.0,0.0,-0.0,0.16128993055555654,83.87076388888748,0.96,541.6666666666666,520.0,21.666666666666668,-0.0,0.0,-0.0,0.271,0.0,0.96,0.0,0.0,0.0,,,,453.2249684972637,1244.5533372412856,1151.2118369481805,93.34150029309558,1244.553337241276,0.0,1.0,-0.0,-0.0,0.39369380504177753,226.61248424863172,0.925,622.2766686206379,575.6059184740901,46.67075014654779,1.0,0.0,0.0,0.3936938050417779,226.61248424863203,0.925,622.2766686206381,575.6059184740903,46.67075014654779,-0.0,-0.0,-0.0,0.08724817754776784,0.0,0.8800000000000001,0.0,0.0,0.0,-0.0,-0.0,-0.0,0.08724817754776784,0.0,0.8800000000000001,0.0,0.0,0.0,1.0,,,0.101,116.27239553176624,1151.2118369481805,1151.2118369481805,0.0,35.68756694539359,-0.0,,,145.1978893448254,0.0,62.43509241827492,2.0,766.8104062034781,0.0,0.0,0.0,77.90793727027338
54,1,55,0.1016,0.0,766.8104062034784,,,,0,0.0,1,1296.4097262929904,1296.4097262929904,0.0,207.42555620687847,43.04080291292728,0.0,,,197.31304217444819,1296.4097262929904,1244.5533372412856,51.856389051720285,1296.4097262930059,0.0,1.0,0.0,-0.0,0.15656856777099207,113.4422782855607,0.96,754.7430596263392,724.5533372412856,30.189722385053596,1.0,0.0,-0.0,0.16128993055555654,83.87076388888748,0.96,541.6666666666666,520.0,21.666666666666668,-0.0,0.0,-0.0,0.271,0.0,0.96,0.0,0.0,0.0,,,,453.22496849726394,1244.5533372412856,1151.2118369481805,93.34150029309558,1244.553337241276,0.0,1.0,-0.0,-0.0,0.3936938050417778,226.6124842486319,0.925,622.2766686206379,575.6059184740901,46.67075014654779,1.0,0.0,0.0,0.3936938050417779,226.61248424863203,0.925,622.2766686206381,575.6059184740903,46.67075014654779,-0.0,-0.0,-0.0,0.08724817754776784,0.0,0.8800000000000001,0.0,0.0,0.0,-0.0,-0.0,-0.0,0.08724817754776784,0.0,0.8800000000000001,0.0,0.0,0.0,1.0,,,0.101,116.27239553176624,1151.2118369481805,1151.2118369481805,0.0,35.68756694539359,-0.0,,,145.1978893448254,0.0,62.43509241827492,2.0,766.8104062034784,0.0,0.0,0.0,77.9079372702734
55,1,56,0.1016,0.0,766.8104062034781,,,,0,0.0,1,1296.4097262929904,1296.4097262929904,0.0,207.42555620687847,43.04080291292728,0.0,,,197.31304217444819,1296.4097262929904,1244.5533372412856,51.856389051720285,1296.4097262930059,0.0,1.0,0.0,-0.0,0.15656856777099207,113.4422782855607,0.96,754.7430596263392,724.5533372412856,30.189722385053596,1.0,0.0,-0.0,0.16128993055555654,83.87076388888748,0.96,541.6666666666666,520.0,21.666666666666668,-0.0,0.0,-0.0,0.271,0.0,0.96,0.0,0.0,0.0,,,,453.2249684972636,1244.5533372412856,1151.2118369481805,93.34150029309558,1244.553337241276,0.0,1.0,-0.0,-0.0,0.39369380504177753,226.61248424863172,0.925,622.2766686206379,575.6059184740901,46.67075014654779,1.0,0.0,0.0,0.39369380504177764,226.6124842486319,0.925,622.2766686206381,575.6059184740903,46.67075014654779,-0.0,-0.0,-0.0,0.08724817754776784,0.0,0.8800000000000001,0.0,0.0,0.0,-0.0,-0.0,-0.0,0.08724817754776784,0.0,0.8800000000000001,0.0,0.0,0.0,1.0,,,0.101,116.27239553176624,1151.2118369481805,1151.2118369481805,0.0,35.68756694539359,-0.0,,,145.1978893448254,0.0,62.43509241827492,2.0,766.8104062034781,0.0,0.0,0.0,77.90793727027338
56,1,57,0.1016,0.0,766.8104062034782,,,,0,0.0,1,1296.4097262929904,1296.4097262929904,0.0,207.42555620687847,43.04080291292728,0.0,,,197.31304217444819,1296.4097262929904,1244.5533372412856,51.856389051720285,1296.4097262930059,0.0,1.0,0.0,-0.0,0.15656856777099207,113.4422782855607,0.96,754.7430596263392,724.5533372412856,30.189722385053596,1.0,0.0,-0.0,0.16128993055555654,83.87076388888748,0.96,541.6666666666666,520.0,21.666666666666668,-0.0,0.0,-0.0,0.271,0.0,0.96,0.0,0.0,0.0,,,,453.2249684972638,1244.5533372412856,1151.2118369481805,93.34150029309558,1244.553337241276,0.0,1.0,-0.0,-0.0,0.3936938050417778,226.6124842486319,0.925,622.2766686206379,575.6059184740901,46.67075014654779,1.0,0.0,0.0,0.39369380504177764,226.6124842486319,0.925,622.2766686206381,575.6059184740903,46.67075014654779,-0.0,-0.0,-0.0,0.08724817754776784,0.0,0.8800000000000001,0.0,0.0,0.0,-0.0,-0.0,-0.0,0.08724817754776784,0.0,0.8800000000000001,0.0,0.0,0.0,1.0,,,0.101,116.27239553176624,1151.2118369481805,1151.2118369481805,0.0,35.68756694539359,-0.0,,,145.1978893448254,0.0,62.43509241827492,2.0,766.8104062034782,0.0,0.0,0.0,77.90793727027338
57,1,58,0.1016,0.0,766.8104062034781,,,,0,0.0,1,1296.4097262929904,1296.4097262929904,0.0,207.42555620687847,43.04080291292728,0.0,,,197.31304217444819,1296.4097262929904,1244.5533372412856,51.856389051720285,1296.4097262930059,0.0,1.0,0.0,-0.0,0.15656856777099207,113.4422782855607,0.96,754.7430596263392,724.5533372412856,30.189722385053596,1.0,0.0,-0.0,0.16128993055555654,83.87076388888748,0.96,541.6666666666666,520.0,21.666666666666668,-0.0,0.0,-0.0,0.271,0.0,0.96,0.0,0.0,0.0,,,,453.2249684972636,1244.5533372412856,1151.2118369481805,93.34150029309558,1244.553337241276,0.0,1.0,-0.0,-0.0,0.39369380504177753,226.61248424863172,0.925,622.2766686206379,575.6059184740901,46.67075014654779,1.0,0.0,0.0,0.39369380504177764,226.6124842486319,0.925,622.2766686206381,575.6059184740903,46.67075014654779,-0.0,-0.0,-0.0,0.08724817754776784,0.0,0.8800000000000001,0.0,0.0,0.0,-0.0,-0.0,-0.0,0.08724817754776784,0.0,0.8800000000000001,0.0,0.0,0.0,1.0,,,0.101,116.27239553176624,1151.2118369481805,1151.2118369481805,0.0,35.68756694539359,-0.0,,,145.1978893448254,0.0,62.43509241827492,2.0,766.8104062034781,0.0,0.0,0.0,77.90793727027338
58,1,59,0.1016,0.0,766.8104062034781,,,,0,0.0,1,1296.4097262929904,1296.4097262929904,0.0,207.42555620687847,43.04080291292728,0.0,,,197.31304217444819,1296.4097262929904,1244.5533372412856,51.856389051720285,1296.4097262930059,0.0,1.0,0.0,-0.0,0.15656856777099207,113.4422782855607,0.96,754.7430596263392,724.5533372412856,30.189722385053596,1.0,0.0,-0.0,0.16128993055555654,83.87076388888748,0.96,541.6666666666666,520.0,21.666666666666668,-0.0,0.0,-0.0,0.271,0.0,0.96,0.0,0.0,0.0,,,,453.2249684972636,1244.5533372412856,1151.2118369481805,93.34150029309558,1244.553337241276,0.0,1.0,-0.0,-0.0,0.39369380504177753,226.61248424863172,0.925,622.2766686206379,575.6059184740901,46.67075014654779,1.0,0.0,0.0,0.39369380504177764,226.6124842486319,0.925,622.2766686206381,575.6059184740903,46.67075014654779,-0.0,-0.0,-0.0,0.08724817754776784,0.0,0.8800000000000001,0.0,0.0,0.0,-0.0,-0.0,-0.0,0.08724817754776784,0.0,0.8800000000000001,0.0,0.0,0.0,1.0,,,0.101,116.27239553176624,1151.2118369481805,1151.2118369481805,0.0,35.68756694539359,-0.0,,,145.1978893448254,0.0,62.43509241827492,2.0,766.8104062034781,0.0,0.0,0.0,77.90793727027338
59,1,60,0.1016,0.0,766.8104062034782,,,,0,0.0,1,1296.4097262929904,1296.4097262929904,0.0,207.42555620687847,43.04080291292728,0.0,,,197.31304217444819,1296.4097262929904,1244.5533372412856,51.856389051720285,1296.4097262930059,0.0,1.0,0.0,-0.0,0.15656856777099207,113.4422782855607,0.96,754.7430596263392,724.5533372412856,30.189722385053596,1.0,0.0,-0.0,0.16128993055555654,83.87076388888748,0.96,541.6666666666666,520.0,21.666666666666668,-0.0,0.0,-0.0,0.271,0.0,0.96,0.0,0.0,0.0,,,,453.2249684972638,1244.5533372412856,1151.2118369481805,93.34150029309558,1244.553337241276,0.0,1.0,-0.0,-0.0,0.3936938050417778,226.6124842486319,0.925,622.2766686206379,575.6059184740901,46.67075014654779,1.0,0.0,0.0,0.39369380504177764,226.6124842486319,0.925,622.2766686206381,575.6059184740903,46.67075014654779,-0.0,-0.0,-0.0,0.08724817754776784,0.0,0.8800000000000001,0.0,0.0,0.0,-0.0,-0.0,-0.0,0.08724817754776784,0.0,0.8800000000000001,0.0,0.0,0.0,1.0,,,0.101,116.27239553176624,1151.2118369481805,1151.2118369481805,0.0,35.68756694539359,-0.0,,,145.1978893448254,0.0,62.43509241827492,2.0,766.8104062034782,0.0,0.0,0.0,77.90793727027338
60,1,61,0.1016,0.0,766.8104062034818,,,,0,0.0,1,1296.4097262929904,1296.4097262929904,0.0,207.42555620687847,43.04080291292728,0.0,,,197.31304217444819,1296.4097262929904,1244.5533372412856,51.856389051720285,1296.4097262930059,0.0,1.0,0.0,-0.0,0.15656856777099207,113.4422782855607,0.96,754.7430596263392,724.5533372412856,30.189722385053596,1.0,0.0,-0.0,0.16128993055555654,83.87076388888748,0.96,541.6666666666666,520.0,21.666666666666668,-0.0,0.0,-0.0,0.271,0.0,0.96,0.0,0.0,0.0,,,,453.22496849726656,1244.5533372412856,1151.2118369481882,93.34150029308773,1244.553337241276,0.0,1.0,-0.0,-0.0,0.3936938050417773,226.6124842486347,0.925,622.2766686206379,575.605918474098,46.670750146539945,1.0,0.0,0.0,0.39369380504177764,226.6124842486319,0.925,622.2766686206381,575.6059184740903,46.67075014654779,-0.0,-0.0,-0.0,0.08724817754776784,0.0,0.8800000000000001,0.0,0.0,0.0,-0.0,-0.0,-0.0,0.08724817754776784,0.0,0.8800000000000001,0.0,0.0,0.0,1.0,,,0.101,116.27239553176702,1151.2118369481882,1151.2118369481882,0.0,35.68756694539383,-0.0,,,145.19788934481755,0.0,62.435092418271545,2.0,766.8104062034818,0.0,0.0,0.0,77.90793727027375
61,1,62,0.1016,0.0,766.8104062034781,,,,0,0.0,1,1296.4097262929904,1296.4097262929904,0.0,207.42555620687847,43.04080291292728,0.0,,,197.31304217444819,1296.4097262929904,1244.5533372412856,51.856389051720285,1296.4097262930059,0.0,1.0,0.0,-0.0,0.15656856777099207,113.4422782855607,0.96,754.7430596263392,724.5533372412856,30.189722385053596,1.0,0.0,-0.0,0.16128993055555654,83.87076388888748,0.96,541.6666666666666,520.0,21.666666666666668,-0.0,0.0,-0.0,0.271,0.0,0.96,0.0,0.0,0.0,,,,453.2249684972636,1244.5533372412856,1151.2118369481805,93.34150029309558,1244.553337241276,0.0,1.0,-0.0,-0.0,0.39369380504177753,226.61248424863172,0.925,622.2766686206379,575.6059184740901,46.67075014654779,1.0,0.0,0.0,0.39369380504177764,226.6124842486319,0.925,622.2766686206381,575.6059184740903,46.67075014654779,-0.0,-0.0,-0.0,0.08724817754776784,0.0,0.8800000000000001,0.0,0.0,0.0,-0.0,-0.0,-0.0,0.08724817754776784,0.0,0.8800000000000001,0.0,0.0,0.0,1.0,,,0.101,116.27239553176624,1151.2118369481805,1151.2118369481805,0.0,35.68756694539359,-0.0,,,145.1978893448254,0.0,62.43509241827492,2.0,766.8104062034781,0.0,0.0,0.0,77.90793727027338
62,1,63,0.1016,0.0,766.8104062034784,,,,0,0.0,1,1296.4097262929904,1296.4097262929904,0.0,207.42555620687847,43.04080291292728,0.0,,,197.31304217444819,1296.4097262929904,1244.5533372412856,51.856389051720285,1296.4097262930059,0.0,1.0,0.0,-0.0,0.15656856777099207,113.4422782855607,0.96,754.7430596263392,724.5533372412856,30.189722385053596,1.0,0.0,-0.0,0.16128993055555654,83.87076388888748,0.96,541.6666666666666,520.0,21.666666666666668,-0.0,0.0,-0.0,0.271,0.0,0.96,0.0,0.0,0.0,,,,453.22496849726394,1244.5533372412856,1151.2118369481805,93.34150029309558,1244.553337241276,0.0,1.0,-0.0,-0.0,0.3936938050417778,226.6124842486319,0.925,622.2766686206379,575.6059184740901,46.67075014654779,1.0,0.0,0.0,0.3936938050417779,226.61248424863203,0.925,622.2766686206381,575.6059184740903,46.67075014654779,-0.0,-0.0,-0.0,0.08724817754776784,0.0,0.8800000000000001,0.0,0.0,0.0,-0.0,-0.0,-0.0,0.08724817754776784,0.0,0.8800000000000001,0.0,0.0,0.0,1.0,,,0.101,116.27239553176624,1151.2118369481805,1151.2118369481805,0.0,35.68756694539359,-0.0,,,145.1978893448254,0.0,62.43509241827492,2.0,766.8104062034784,0.0,0.0,0.0,77.9079372702734
63,1,64,0.1016,0.0,766.8104062034781,,,,0,0.0,1,1296.4097262929904,1296.4097262929904,0.0,207.42555620687847,43.04080291292728,0.0,,,197.31304217444819,1296.4097262929904,1244.5533372412856,51.856389051720285,1296.4097262930059,0.0,1.0,0.0,-0.0,0.15656856777099207,113.4422782855607,0.96,754.7430596263392,724.5533372412856,30.189722385053596,1.0,0.0,-0.0,0.16128993055555654,83.87076388888748,0.96,541.6666666666666,520.0,21.666666666666668,-0.0,0.0,-0.0,0.271,0.0,0.96,0.0,0.0,0.0,,,,453.2249684972637,1244.5533372412856,1151.2118369481805,93.34150029309558,1244.553337241276,0.0,1.0,-0.0,-0.0,0.39369380504177753,226.61248424863172,0.925,622.2766686206379,575.6059184740901,46.67075014654779,1.0,0.0,0.0,0.3936938050417779,226.61248424863203,0.925,622.2766686206381,575.6059184740903,46.67075014654779,-0.0,-0.0,-0.0,0.08724817754776784,0.0,0.8800000000000001,0.0,0.0,0.0,-0.0,-0.0,-0.0,0.08724817754776784,0.0,0.8800000000000001,0.0,0.0,0.0,1.0,,,0.101,116.27239553176624,1151.2118369481805,1151.2118369481805,0.0,35.68756694539359,-0.0,,,145.1978893448254,0.0,62.43509241827492,2.0,766.8104062034781,0.0,0.0,0.0,77.90793727027338
64,1,65,0.1016,0.0,766.8104062034781,,,,0,0.0,1,1296.4097262929904,1296.4097262929904,0.0,207.42555620687847,43.04080291292728,0.0,,,197.31304217444819,1296.4097262929904,1244.5533372412856,51.856389051720285,1296.4097262930059,0.0,1.0,0.0,-0.0,0.15656856777099207,113.4422782855607,0.96,754.7430596263392,724.5533372412856,30.189722385053596,1.0,0.0,-0.0,0.16128993055555654,83.87076388888748,0.96,541.6666666666666,520.0,21.666666666666668,-0.0,0.0,-0.0,0.271,0.0,0.96,0.0,0.0,0.0,,,,453.2249684972637,1244.5533372412856,1151.2118369481805,93.34150029309558,1244.553337241276,0.0,1.0,-0.0,-0.0,0.39369380504177753,226.61248424863172,0.925,622.2766686206379,575.6059184740901,46.67075014654779,1.0,0.0,0.0,0.3936938050417779,226.61248424863203,0.925,622.2766686206381,575.6059184740903,46.67075014654779,-0.0,-0.0,-0.0,0.08724817754776784,0.0,0.8800000000000001,0.0,0.0,0.0,-0.0,-0.0,-0.0,0.08724817754776784,0.0,0.8800000000000001,0.0,0.0,0.0,1.0,,,0.101,116.27239553176624,1151.2118369481805,1151.2118369481805,0.0,35.68756694539359,-0.0,,,145.1978893448254,0.0,62.43509241827492,2.0,766.8104062034781,0.0,0.0,0.0,77.90793727027338
65,1,66,0.15246,0.0,589.2451345407082,,,,0,0.0,1,1083.3334664272581,1083.3334664272581,0.0,173.3333546283613,35.966671085384974,0.0,,,167.74154332780748,1083.3334664272581,1040.0001277701797,43.33333865709086,1083.3334664272707,0.0,1.0,0.0,-0.0,0.16128992082861127,83.87077943891998,0.96,541.6667997606039,520.0001277701797,21.666671990424174,1.0,0.0,-0.0,0.16128993055555654,83.87076388888748,0.96,541.6666666666666,520.0,21.666666666666668,-0.0,0.0,-0.0,0.27099999999999996,0.0,0.96,0.0,0.0,0.0,,,,325.5535794527986,1040.0001277701797,950.0001164366552,90.0,1040.0001164366497,1.1333529982948676e-05,1.0,-0.0,-0.0,0.3426875115503576,162.77658793711282,0.9134615481502386,520.0000582183247,475.00005821832514,45.0,1.0,0.0,0.0,0.3426883611893509,162.77699151568578,0.9134615481502475,520.000058218325,475.00005821832997,45.0,-0.0,-0.0,-0.0,0.08724817754776784,0.0,0.8800000000000001,0.0,0.0,0.0,-0.0,-0.0,-0.0,0.08724817754776784,0.0,0.8800000000000001,0.0,0.0,0.0,1.0,,,0.101,95.95001176010217,950.0001164366552,950.0001164366552,0.0,29.45000360953631,-0.0,,,133.33334999061543,0.0,57.333340495964634,2.0,589.2451345407082,0.0,0.0,0.0,89.83631321207639
66,1,67,0.15246,0.0,589.2447309621349,,,,0,0.0,1,1083.3334664272581,1083.3334664272581,0.0,173.3333546283613,35.966671085384974,0.0,,,167.7415433278074,1083.3334664272581,1040.0001277701797,43.33333865709086,1083.3334664272707,0.0,1.0,0.0,-0.0,0.16128992082861127,83.87077943891998,0.96,541.6667997606039,520.0001277701797,21.666671990424174,1.0,0.0,-0.0,0.16128993055555654,83.87076388888748,0.96,541.6666666666666,520.0,21.666666666666668,-0.0,0.0,-0.0,0.27099999999999996,0.0,0.96,0.0,0.0,0.0,,,,325.5531758742258,1040.0001277701797,950.0001164366505,90.0,1040.0001164366497,1.1333529982948676e-05,1.0,-0.0,-0.0,0.34268751155035765,162.77658793711285,0.9134615481502386,520.0000582183247,475.00005821832514,45.0,1.0,0.0,0.0,0.34268751155035776,162.77658793711296,0.9134615481502387,520.000058218325,475.00005821832536,45.0,-0.0,-0.0,-0.0,0.08724817754776784,0.0,0.8800000000000001,0.0,0.0,0.0,-0.0,-0.0,-0.0,0.08724817754776784,0.0,0.8800000000000001,0.0,0.0,0.0,1.0,,,0.101,95.9500117601017,950.0001164366505,950.0001164366505,0.0,29.450003609536164,-0.0,,,133.33334999062004,0.0,57.33334049596662,2.0,589.2447309621349,0.0,0.0,0.0,89.83625168248709
67,1,68,0.15246,0.0,589.2447309621349,,,,0,0.0,1,1083.3334664272581,1083.3334664272581,0.0,173.3333546283613,35.966671085384974,0.0,,,167.7415433278074,1083.3334664272581,1040.0001277701797,43.33333865709086,1083.3334664272707,0.0,1.0,0.0,-0.0,0.16128992082861127,83.87077943891998,0.96,541.6667997606039,520.0001277701797,21.666671990424174,1.0,0.0,-0.0,0.16128993055555654,83.87076388888748,0.96,541.6666666666666,520.0,21.666666666666668,-0.0,0.0,-0.0,0.271,0.0,0.96,0.0,0.0,0.0,,,,325.5531758742258,1040.0001277701797,950.0001164366505,90.0,1040.0001164366497,1.1333529982948676e-05,1.0,-0.0,-0.0,0.34268751155035765,162.77658793711285,0.9134615481502386,520.0000582183247,475.00005821832514,45.0,1.0,0.0,0.0,0.34268751155035776,162.77658793711296,0.9134615481502387,520.000058218325,475.00005821832536,45.0,-0.0,-0.0,-0.0,0.08724817754776784,0.0,0.8800000000000001,0.0,0.0,0.0,-0.0,-0.0,-0.0,0.08724817754776784,0.0,0.8800000000000001,0.0,0.0,0.0,1.0,,,0.101,95.9500117601017,950.0001164366505,950.0001164366505,0.0,29.450003609536164,-0.0,,,133.33334999062004,0.0,57.33334049596662,2.0,589.2447309621349,0.0,0.0,0.0,89.83625168248709
68,1,69,0.15246,0.0,589.2447309621349,,,,0,0.0,1,1083.3334664272581,1083.3334664272581,0.0,173.3333546283613,35.966671085384974,0.0,,,167.74154332780745,1083.3334664272581,1040.0001277701797,43.33333865709086,1083.3334664272707,0.0,1.0,0.0,-0.0,0.16128992082861127,83.87077943891998,0.96,541.6667997606039,520.0001277701797,21.666671990424174,1.0,0.0,-0.0,0.16128993055555654,83.87076388888748,0.96,541.6666666666666,520.0,21.666666666666668,-0.0,0.0,-0.0,0.271,0.0,0.96,0.0,0.0,0.0,,,,325.55317587422576,1040.0001277701797,950.0001164366505,90.0,1040.0001164366497,1.1333529982948676e-05,1.0,-0.0,-0.0,0.3426875115503576,162.77658793711282,0.9134615481502386,520.0000582183247,475.00005821832514,45.0,1.0,0.0,0.0,0.34268751155035765,162.77658793711294,0.9134615481502387,520.000058218325,475.00005821832536,45.0,-0.0,-0.0,-0.0,0.08724817754776784,0.0,0.8800000000000001,0.0,0.0,0.0,-0.0,-0.0,-0.0,0.08724817754776784,0.0,0.8800000000000001,0.0,0.0,0.0,1.0,,,0.101,95.9500117601017,950.0001164366505,950.0001164366505,0.0,29.450003609536164,-0.0,,,133.33334999062004,0.0,57.33334049596662,2.0,589.2447309621349,0.0,0.0,0.0,89.83625168248709
69,1,70,0.15246,0.0,589.2447309621349,,,,0,0.0,1,1083.3334664272581,1083.3334664272581,0.0,173.3333546283613,35.966671085384974,0.0,,,167.7415433278074,1083.3334664272581,1040.0001277701797,43.33333865709086,1083.3334664272707,0.0,1.0,0.0,-0.0,0.16128992082861127,83.87077943891998,0.96,541.6667997606039,520.0001277701797,21.666671990424174,1.0,0.0,-0.0,0.16128993055555654,83.87076388888748,0.96,541.6666666666666,520.0,21.666666666666668,-0.0,0.0,-0.0,0.271,0.0,0.96,0.0,0.0,0.0,,,,325.5531758742258,1040.0001277701797,950.0001164366505,90.0,1040.0001164366497,1.1333529982948676e-05,1.0,-0.0,-0.0,0.34268751155035765,162.77658793711285,0.9134615481502386,520.0000582183247,475.00005821832514,45.0,1.0,0.0,0.0,0.34268751155035776,162.77658793711296,0.9134615481502387,520.000058218325,475.00005821832536,45.0,-0.0,-0.0,-0.0,0.08724817754776784,0.0,0.8800000000000001,0.0,0.0,0.0,-0.0,-0.0,-0.0,0.08724817754776784,0.0,0.8800000000000001,0.0,0.0,0.0,1.0,,,0.101,95.9500117601017,950.0001164366505,950.0001164366505,0.0,29.450003609536164,-0.0,,,133.33334999062004,0.0,57.33334049596662,2.0,589.2447309621349,0.0,0.0,0.0,89.83625168248709
70,1,71,0.1016,0.0,766.8079310833959,,,,0,0.0,1,1296.406902107406,1296.406902107406,0.0,207.42510433718496,43.04070914996588,0.0,,,197.31255881899375,1296.406902107406,1244.550626023124,51.856276084296894,1296.406902107421,0.0,1.0,0.0,-0.0,0.15656848652903615,113.44179493010625,0.96,754.7402354407545,724.5506260231243,30.18960941763021,1.0,0.0,-0.0,0.16128993055555654,83.87076388888748,0.96,541.6666666666666,520.0,21.666666666666668,-0.0,0.0,-0.0,0.27099999999999996,0.0,0.96,0.0,0.0,0.0,,,,453.2232300281927,1244.550626023124,1151.209329071381,93.34129695173351,1244.5506260231145,0.0,1.0,-0.0,-0.0,0.3936931525683375,226.6116150140963,0.925,622.2753130115572,575.6046645356904,46.670648475866756,1.0,0.0,0.0,0.3936931525683376,226.61161501409643,0.925,622.2753130115574,575.6046645356906,46.670648475866756,-0.0,-0.0,-0.0,0.08724817754776784,0.0,0.8800000000000001,0.0,0.0,0.0,-0.0,-0.0,-0.0,0.08724817754776784,0.0,0.8800000000000001,0.0,0.0,0.0,1.0,,,0.101,116.27214223620949,1151.209329071381,1151.209329071381,0.0,35.68748920121281,-0.0,,,145.19757303603996,0.0,62.43495640549718,2.0,766.8079310833959,0.0,0.0,0.0,77.90768579807302
71,1,72,0.1016,0.0,766.8079310833959,,,,0,0.0,1,1296.406902107406,1296.406902107406,0.0,207.42510433718496,43.04070914996588,0.0,,,197.31255881899375,1296.406902107406,1244.550626023124,51.856276084296894,1296.406902107421,0.0,1.0,0.0,-0.0,0.15656848652903615,113.44179493010625,0.96,754.7402354407545,724.5506260231243,30.18960941763021,1.0,0.0,-0.0,0.16128993055555654,83.87076388888748,0.96,541.6666666666666,520.0,21.666666666666668,-0.0,0.0,-0.0,0.27099999999999996,0.0,0.96,0.0,0.0,0.0,,,,453.2232300281927,1244.550626023124,1151.209329071381,93.34129695173351,1244.5506260231145,0.0,1.0,-0.0,-0.0,0.3936931525683375,226.6116150140963,0.925,622.2753130115572,575.6046645356904,46.670648475866756,1.0,0.0,0.0,0.3936931525683376,226.61161501409643,0.925,622.2753130115574,575.6046645356906,46.670648475866756,-0.0,-0.0,-0.0,0.08724817754776784,0.0,0.8800000000000001,0.0,0.0,0.0,-0.0,-0.0,-0.0,0.08724817754776784,0.0,0.8800000000000001,0.0,0.0,0.0,1.0,,,0.101,116.27214223620949,1151.209329071381,1151.209329071381,0.0,35.68748920121281,-0.0,,,145.19757303603996,0.0,62.43495640549718,2.0,766.8079310833959,0.0,0.0,0.0,77.90768579807302
72,1,73,0.1016,0.0,766.8079310833959,,,,0,0.0,1,1296.406902107406,1296.406902107406,0.0,207.42510433718496,43.04070914996588,0.0,,,197.31255881899375,1296.406902107406,1244.550626023124,51.856276084296894,1296.406902107421,0.0,1.0,0.0,-0.0,0.15656848652903615,113.44179493010625,0.96,754.7402354407545,724.5506260231243,30.18960941763021,1.0,0.0,-0.0,0.16128993055555654,83.87076388888748,0.96,541.6666666666666,520.0,21.666666666666668,-0.0,0.0,-0.0,0.27099999999999996,0.0,0.96,0.0,0.0,0.0,,,,453.2232300281927,1244.550626023124,1151.209329071381,93.34129695173351,1244.5506260231145,0.0,1.0,-0.0,-0.0,0.3936931525683375,226.6116150140963,0.925,622.2753130115572,575.6046645356904,46.670648475866756,1.0,0.0,0.0,0.3936931525683376,226.61161501409643,0.925,622.2753130115574,575.6046645356906,46.670648475866756,-0.0,-0.0,-0.0,0.08724817754776784,0.0,0.8800000000000001,0.0,0.0,0.0,-0.0,-0.0,-0.0,0.08724817754776784,0.0,0.8800000000000001,0.0,0.0,0.0,1.0,,,0.101,116.27214223620949,1151.209329071381,1151.209329071381,0.0,35.68748920121281,-0.0,,,145.19757303603996,0.0,62.43495640549718,2.0,766.8079310833959,0.0,0.0,0.0,77.90768579807302
73,1,74,0.1016,0.0,766.8079310833962,,,,0,0.0,1,1296.406902107406,1296.406902107406,0.0,207.42510433718496,43.04070914996588,0.0,,,197.31255881899375,1296.406902107406,1244.550626023124,51.856276084296894,1296.406902107421,0.0,1.0,0.0,-0.0,0.15656848652903615,113.44179493010625,0.96,754.7402354407545,724.5506260231243,30.18960941763021,1.0,0.0,-0.0,0.16128993055555654,83.87076388888748,0.96,541.6666666666666,520.0,21.666666666666668,-0.0,0.0,-0.0,0.27099999999999996,0.0,0.96,0.0,0.0,0.0,,,,453.2232300281929,1244.550626023124,1151.209329071381,93.34129695173351,1244.5506260231145,0.0,1.0,-0.0,-0.0,0.3936931525683375,226.6116150140963,0.925,622.2753130115572,575.6046645356904,46.670648475866756,1.0,0.0,0.0,0.39369315256833787,226.6116150140966,0.925,622.2753130115574,575.6046645356906,46.670648475866756,-0.0,-0.0,-0.0,0.08724817754776784,0.0,0.8800000000000001,0.0,0.0,0.0,-0.0,-0.0,-0.0,0.08724817754776784,0.0,0.8800000000000001,0.0,0.0,0.0,1.0,,,0.101,116.27214223620949,1151.209329071381,1151.209329071381,0.0,35.68748920121281,-0.0,,,145.19757303603996,0.0,62.43495640549718,2.0,766.8079310833962,0.0,0.0,0.0,77.90768579807305
74,1,75,0.1016,0.0,766.8079310833959,,,,0,0.0,1,1296.406902107406,1296.406902107406,0.0,207.42510433718496,43.04070914996588,0.0,,,197.31255881899375,1296.406902107406,1244.550626023124,51.856276084296894,1296.406902107421,0.0,1.0,0.0,-0.0,0.15656848652903615,113.44179493010625,0.96,754.7402354407545,724.5506260231243,30.18960941763021,1.0,0.0,-0.0,0.16128993055555654,83.87076388888748,0.96,541.6666666666666,520.0,21.666666666666668,-0.0,0.0,-0.0,0.27099999999999996,0.0,0.96,0.0,0.0,0.0,,,,453.2232300281927,1244.550626023124,1151.209329071381,93.34129695173351,1244.5506260231145,0.0,1.0,-0.0,-0.0,0.3936931525683375,226.6116150140963,0.925,622.2753130115572,575.6046645356904,46.670648475866756,1.0,0.0,0.0,0.3936931525683376,226.61161501409643,0.925,622.2753130115574,575.6046645356906,46.670648475866756,-0.0,-0.0,-0.0,0.08724817754776784,0.0,0.8800000000000001,0.0,0.0,0.0,-0.0,-0.0,-0.0,0.08724817754776784,0.0,0.88,0.0,0.0,0.0,1.0,,,0.101,116.27214223620949,1151.209329071381,1151.209329071381,0.0,35.68748920121281,-0.0,,,145.19757303603996,0.0,62.43495640549718,2.0,766.8079310833959,0.0,0.0,0.0,77.90768579807302
75,1,76,0.1016,0.0,766.807931083396,,,,0,0.0,1,1296.406902107406,1296.406902107406,0.0,207.42510433718496,43.04070914996588,0.0,,,197.31255881899375,1296.406902107406,1244.550626023124,51.856276084296894,1296.406902107421,0.0,1.0,0.0,-0.0,0.15656848652903615,113.44179493010625,0.96,754.7402354407545,724.5506260231243,30.18960941763021,1.0,0.0,-0.0,0.16128993055555654,83.87076388888748,0.96,541.6666666666666,520.0,21.666666666666668,-0.0,0.0,-0.0,0.27099999999999996,0.0,0.96,0.0,0.0,0.0,,,,453.22323002819286,1244.550626023124,1151.209329071381,93.34129695173351,1244.5506260231145,0.0,1.0,-0.0,-0.0,0.39369315256833776,226.61161501409643,0.925,622.2753130115572,575.6046645356904,46.670648475866756,1.0,0.0,0.0,0.3936931525683376,226.61161501409643,0.925,622.2753130115574,575.6046645356906,46.670648475866756,-0.0,-0.0,-0.0,0.08724817754776784,0.0,0.8800000000000001,0.0,0.0,0.0,-0.0,-0.0,-0.0,0.08724817754776784,0.0,0.8800000000000001,0.0,0.0,0.0,1.0,,,0.101,116.27214223620949,1151.209329071381,1151.209329071381,0.0,35.68748920121281,-0.0,,,145.19757303603996,0.0,62.43495640549718,2.0,766.807931083396,0.0,0.0,0.0,77.90768579807303
76,1,77,0.1016,0.0,766.807931083396,,,,0,0.0,1,1296.406902107406,1296.406902107406,0.0,207.42510433718496,43.04070914996588,0.0,,,197.31255881899375,1296.406902107406,1244.550626023124,51.856276084296894,1296.406902107421,0.0,1.0,0.0,-0.0,0.15656848652903615,113.44179493010625,0.96,754.7402354407545,724.5506260231243,30.18960941763021,1.0,0.0,-0.0,0.16128993055555654,83.87076388888748,0.96,541.6666666666666,520.0,21.666666666666668,-0.0,0.0,-0.0,0.27099999999999996,0.0,0.96,0.0,0.0,0.0,,,,453.22323002819286,1244.550626023124,1151.209329071381,93.34129695173351,1244.5506260231145,0.0,1.0,-0.0,-0.0,0.39369315256833776,226.61161501409643,0.925,622.2753130115572,575.6046645356904,46.670648475866756,1.0,0.0,0.0,0.3936931525683376,226.61161501409643,0.925,622.2753130115574,575.6046645356906,46.670648475866756,-0.0,-0.0,-0.0,0.08724817754776784,0.0,0.8800000000000001,0.0,0.0,0.0,-0.0,-0.0,-0.0,0.08724817754776784,0.0,0.8800000000000001,0.0,0.0,0.0,1.0,,,0.101,116.27214223620949,1151.209329071381,1151.209329071381,0.0,35.68748920121281,-0.0,,,145.19757303603996,0.0,62.43495640549718,2.0,766.807931083396,0.0,0.0,0.0,77.90768579807303
77,1,78,0.1016,0.0,766.8079310833959,,,,0,0.0,1,1296.406902107406,1296.406902107406,0.0,207.42510433718496,43.04070914996588,0.0,,,197.31255881899375,1296.406902107406,1244.550626023124,51.856276084296894,1296.406902107421,0.0,1.0,0.0,-0.0,0.15656848652903615,113.44179493010625,0.96,754.7402354407545,724.5506260231243,30.18960941763021,1.0,0.0,-0.0,0.16128993055555654,83.87076388888748,0.96,541.6666666666666,520.0,21.666666666666668,-0.0,0.0,-0.0,0.27099999999999996,0.0,0.96,0.0,0.0,0.0,,,,453.2232300281927,1244.550626023124,1151.209329071381,93.34129695173351,1244.5506260231145,0.0,1.0,-0.0,-0.0,0.3936931525683375,226.6116150140963,0.925,622.2753130115572,575.6046645356904,46.670648475866756,1.0,0.0,0.0,0.3936931525683376,226.61161501409643,0.925,622.2753130115574,575.6046645356906,46.670648475866756,-0.0,-0.0,-0.0,0.08724817754776784,0.0,0.8800000000000001,0.0,0.0,0.0,-0.0,-0.0,-0.0,0.08724817754776784,0.0,0.8800000000000001,0.0,0.0,0.0,1.0,,,0.101,116.27214223620949,1151.209329071381,1151.209329071381,0.0,35.68748920121281,-0.0,,,145.19757303603996,0.0,62.43495640549718,2.0,766.8079310833959,0.0,0.0,0.0,77.90768579807302
78,1,79,0.1016,0.0,766.8079310833962,,,,0,0.0,1,1296.406902107406,1296.406902107406,0.0,207.42510433718496,43.04070914996588,0.0,,,197.31255881899375,1296.406902107406,1244.550626023124,51.856276084296894,1296.406902107421,0.0,1.0,0.0,-0.0,0.15656848652903615,113.44179493010625,0.96,754.7402354407545,724.5506260231243,30.18960941763021,1.0,0.0,-0.0,0.16128993055555654,83.87076388888748,0.96,541.6666666666666,520.0,21.666666666666668,-0.0,0.0,-0.0,0.27099999999999996,0.0,0.96,0.0,0.0,0.0,,,,453.2232300281929,1244.550626023124,1151.209329071381,93.34129695173351,1244.5506260231145,0.0,1.0,-0.0,-0.0,0.3936931525683375,226.6116150140963,0.925,622.2753130115572,575.6046645356904,46.670648475866756,1.0,0.0,0.0,0.39369315256833787,226.6116150140966,0.925,622.2753130115574,575.6046645356906,46.670648475866756,-0.0,-0.0,-0.0,0.08724817754776784,0.0,0.8800000000000001,0.0,0.0,0.0,-0.0,-0.0,-0.0,0.08724817754776784,0.0,0.8800000000000001,0.0,0.0,0.0,1.0,,,0.101,116.27214223620949,1151.209329071381,1151.209329071381,0.0,35.68748920121281,-0.0,,,145.19757303603996,0.0,62.43495640549718,2.0,766.8079310833962,0.0,0.0,0.0,77.90768579807305
79,1,80,0.1016,0.0,766.8079310833959,,,,0,0.0,1,1296.406902107406,1296.406902107406,0.0,207.42510433718496,43.04070914996588,0.0,,,197.31255881899375,1296.406902107406,1244.550626023124,51.856276084296894,1296.406902107421,0.0,1.0,0.0,-0.0,0.15656848652903615,113.44179493010625,0.96,754.7402354407545,724.5506260231243,30.18960941763021,1.0,0.0,-0.0,0.16128993055555654,83.87076388888748,0.96,541.6666666666666,520.0,21.666666666666668,-0.0,0.0,-0.0,0.27099999999999996,0.0,0.96,0.0,0.0,0.0,,,,453.2232300281927,1244.550626023124,1151.209329071381,93.34129695173351,1244.5506260231145,0.0,1.0,-0.0,-0.0,0.3936931525683375,226.6116150140963,0.925,622.2753130115572,575.6046645356904,46.670648475866756,1.0,0.0,0.0,0.3936931525683376,226.61161501409643,0.925,622.2753130115574,575.6046645356906,46.670648475866756,-0.0,-0.0,-0.0,0.08724817754776784,0.0,0.8800000000000001,0.0,0.0,0.0,-0.0,-0.0,-0.0,0.08724817754776784,0.0,0.8800000000000001,0.0,0.0,0.0,1.0,,,0.101,116.27214223620949,1151.209329071381,1151.209329071381,0.0,35.68748920121281,-0.0,,,145.19757303603996,0.0,62.43495640549718,2.0,766.8079310833959,0.0,0.0,0.0,77.90768579807302
80,1,81,0.1016,0.0,766.8079310833957,,,,0,0.0,1,1296.406902107406,1296.406902107406,0.0,207.42510433718496,43.04070914996588,0.0,,,197.31255881899375,1296.406902107406,1244.550626023124,51.856276084296894,1296.406902107421,0.0,1.0,0.0,-0.0,0.15656848652903615,113.44179493010625,0.96,754.7402354407545,724.5506260231243,30.18960941763021,1.0,0.0,-0.0,0.16128993055555654,83.87076388888748,0.96,541.6666666666666,520.0,21.666666666666668,-0.0,0.0,-0.0,0.27099999999999996,0.0,0.96,0.0,0.0,0.0,,,,453.2232300281925,1244.550626023124,1151.209329071381,93.34129695173351,1244.5506260231145,0.0,1.0,-0.0,-0.0,0.3936931525683375,226.6116150140963,0.925,622.2753130115572,575.6046645356904,46.670648475866756,1.0,0.0,0.0,0.39369315256833726,226.61161501409623,0.925,622.2753130115574,575.6046645356906,46.670648475866756,-0.0,-0.0,-0.0,0.08724817754776784,0.0,0.8800000000000001,0.0,0.0,0.0,-0.0,-0.0,-0.0,0.08724817754776784,0.0,0.8800000000000001,0.0,0.0,0.0,1.0,,,0.101,116.27214223620949,1151.209329071381,1151.209329071381,0.0,35.68748920121281,-0.0,,,145.19757303603996,0.0,62.43495640549718,2.0,766.8079310833957,0.0,0.0,0.0,77.907685798073
81,1,82,0.1016,0.0,766.8079310833959,,,,0,0.0,1,1296.406902107406,1296.406902107406,0.0,207.42510433718496,43.04070914996588,0.0,,,197.31255881899375,1296.406902107406,1244.550626023124,51.856276084296894,1296.406902107421,0.0,1.0,0.0,-0.0,0.15656848652903615,113.44179493010625,0.96,754.7402354407545,724.5506260231243,30.18960941763021,1.0,0.0,-0.0,0.16128993055555654,83.87076388888748,0.96,541.6666666666666,520.0,21.666666666666668,-0.0,0.0,-0.0,0.27099999999999996,0.0,0.96,0.0,0.0,0.0,,,,453.2232300281927,1244.550626023124,1151.209329071381,93.34129695173351,1244.5506260231145,0.0,1.0,-0.0,-0.0,0.3936931525683375,226.6116150140963,0.925,622.2753130115572,575.6046645356904,46.670648475866756,1.0,0.0,0.0,0.3936931525683376,226.61161501409643,0.925,622.2753130115574,575.6046645356906,46.670648475866756,-0.0,-0.0,-0.0,0.08724817754776784,0.0,0.8800000000000001,0.0,0.0,0.0,-0.0,-0.0,-0.0,0.08724817754776784,0.0,0.8800000000000001,0.0,0.0,0.0,1.0,,,0.101,116.27214223620949,1151.209329071381,1151.209329071381,0.0,35.68748920121281,-0.0,,,145.19757303603996,0.0,62.43495640549718,2.0,766.8079310833959,0.0,0.0,0.0,77.90768579807302
82,1,83,0.1016,0.0,766.8079310833959,,,,0,0.0,1,1296.406902107406,1296.406902107406,0.0,207.42510433718496,43.04070914996588,0.0,,,197.31255881899375,1296.406902107406,1244.550626023124,51.856276084296894,1296.406902107421,0.0,1.0,0.0,-0.0,0.15656848652903615,113.44179493010625,0.96,754.7402354407545,724.5506260231243,30.18960941763021,1.0,0.0,-0.0,0.16128993055555654,83.87076388888748,0.96,541.6666666666666,520.0,21.666666666666668,-0.0,0.0,-0.0,0.27099999999999996,0.0,0.96,0.0,0.0,0.0,,,,453.2232300281927,1244.550626023124,1151.209329071381,93.34129695173351,1244.5506260231145,0.0,1.0,-0.0,-0.0,0.3936931525683375,226.6116150140963,0.925,622.2753130115572,575.6046645356904,46.670648475866756,1.0,0.0,0.0,0.3936931525683376,226.61161501409643,0.925,622.2753130115574,575.6046645356906,46.670648475866756,-0.0,-0.0,-0.0,0.08724817754776784,0.0,0.8800000000000001,0.0,0.0,0.0,-0.0,-0.0,-0.0,0.08724817754776784,0.0,0.8800000000000001,0.0,0.0,0.0,1.0,,,0.101,116.27214223620949,1151.209329071381,1151.209329071381,0.0,35.68748920121281,-0.0,,,145.19757303603996,0.0,62.43495640549718,2.0,766.8079310833959,0.0,0.0,0.0,77.90768579807302
83,1,84,0.1016,0.0,766.807931083396,,,,0,0.0,1,1296.406902107406,1296.406902107406,0.0,207.42510433718496,43.04070914996588,0.0,,,197.31255881899375,1296.406902107406,1244.550626023124,51.856276084296894,1296.406902107421,0.0,1.0,0.0,-0.0,0.15656848652903615,113.44179493010625,0.96,754.7402354407545,724.5506260231243,30.18960941763021,1.0,0.0,-0.0,0.16128993055555654,83.87076388888748,0.96,541.6666666666666,520.0,21.666666666666668,-0.0,0.0,-0.0,0.27099999999999996,0.0,0.96,0.0,0.0,0.0,,,,453.22323002819286,1244.550626023124,1151.209329071381,93.34129695173351,1244.5506260231145,0.0,1.0,-0.0,-0.0,0.39369315256833776,226.61161501409643,0.925,622.2753130115572,575.6046645356904,46.670648475866756,1.0,0.0,0.0,0.3936931525683376,226.61161501409643,0.925,622.2753130115574,575.6046645356906,46.670648475866756,-0.0,-0.0,-0.0,0.08724817754776784,0.0,0.8800000000000001,0.0,0.0,0.0,-0.0,-0.0,-0.0,0.08724817754776784,0.0,0.8800000000000001,0.0,0.0,0.0,1.0,,,0.101,116.27214223620949,1151.209329071381,1151.209329071381,0.0,35.68748920121281,-0.0,,,145.19757303603996,0.0,62.43495640549718,2.0,766.807931083396,0.0,0.0,0.0,77.90768579807303
84,1,85,0.1016,0.0,766.8079310833959,,,,0,0.0,1,1296.406902107406,1296.406902107406,0.0,207.42510433718496,43.04070914996588,0.0,,,197.31255881899375,1296.406902107406,1244.550626023124,51.856276084296894,1296.406902107421,0.0,1.0,0.0,-0.0,0.15656848652903615,113.44179493010625,0.96,754.7402354407545,724.5506260231243,30.18960941763021,1.0,0.0,-0.0,0.16128993055555654,83.87076388888748,0.96,541.6666666666666,520.0,21.666666666666668,-0.0,0.0,-0.0,0.27099999999999996,0.0,0.96,0.0,0.0,0.0,,,,453.2232300281927,1244.550626023124,1151.209329071381,93.34129695173351,1244.5506260231145,0.0,1.0,-0.0,-0.0,0.3936931525683375,226.6116150140963,0.925,622.2753130115572,575.6046645356904,46.670648475866756,1.0,0.0,0.0,0.3936931525683376,226.61161501409643,0.925,622.2753130115574,575.6046645356906,46.670648475866756,-0.0,-0.0,-0.0,0.08724817754776784,0.0,0.8800000000000001,0.0,0.0,0.0,-0.0,-0.0,-0.0,0.08724817754776784,0.0,0.8800000000000001,0.0,0.0,0.0,1.0,,,0.101,116.27214223620949,1151.209329071381,1151.209329071381,0.0,35.68748920121281,-0.0,,,145.19757303603996,0.0,62.43495640549718,2.0,766.8079310833959,0.0,0.0,0.0,77.90768579807302
85,1,86,0.1016,0.0,766.8079310833959,,,,0,0.0,1,1296.406902107406,1296.406902107406,0.0,207.42510433718496,43.04070914996588,0.0,,,197.31255881899375,1296.406902107406,1244.550626023124,51.856276084296894,1296.406902107421,0.0,1.0,0.0,-0.0,0.15656848652903615,113.44179493010625,0.96,754.7402354407545,724.5506260231243,30.18960941763021,1.0,0.0,-0.0,0.16128993055555654,83.87076388888748,0.96,541.6666666666666,520.0,21.666666666666668,-0.0,0.0,-0.0,0.27099999999999996,0.0,0.96,0.0,0.0,0.0,,,,453.2232300281927,1244.550626023124,1151.209329071381,93.34129695173351,1244.5506260231145,0.0,1.0,-0.0,-0.0,0.3936931525683375,226.6116150140963,0.925,622.2753130115572,575.6046645356904,46.670648475866756,1.0,0.0,0.0,0.3936931525683376,226.61161501409643,0.925,622.2753130115574,575.6046645356906,46.670648475866756,-0.0,-0.0,-0.0,0.08724817754776784,0.0,0.8800000000000001,0.0,0.0,0.0,-0.0,-0.0,-0.0,0.08724817754776784,0.0,0.8800000000000001,0.0,0.0,0.0,1.0,,,0.101,116.27214223620949,1151.209329071381,1151.209329071381,0.0,35.68748920121281,-0.0,,,145.19757303603996,0.0,62.43495640549718,2.0,766.8079310833959,0.0,0.0,0.0,77.90768579807302
86,1,87,0.1016,0.0,766.8079310833959,,,,0,0.0,1,1296.406902107406,1296.406902107406,0.0,207.42510433718496,43.04070914996588,0.0,,,197.31255881899375,1296.406902107406,1244.550626023124,51.856276084296894,1296.406902107421,0.0,1.0,0.0,-0.0,0.15656848652903615,113.44179493010625,0.96,754.7402354407545,724.5506260231243,30.18960941763021,1.0,0.0,-0.0,0.16128993055555654,83.87076388888748,0.96,541.6666666666666,520.0,21.666666666666668,-0.0,0.0,-0.0,0.27099999999999996,0.0,0.96,0.0,0.0,0.0,,,,453.2232300281927,1244.550626023124,1151.209329071381,93.34129695173351,1244.5506260231145,0.0,1.0,-0.0,-0.0,0.3936931525683375,226.6116150140963,0.925,622.2753130115572,575.6046645356904,46.670648475866756,1.0,0.0,0.0,0.3936931525683376,226.61161501409643,0.925,622.2753130115574,575.6046645356906,46.670648475866756,-0.0,-0.0,-0.0,0.08724817754776784,0.0,0.8800000000000001,0.0,0.0,0.0,-0.0,-0.0,-0.0,0.08724817754776784,0.0,0.8800000000000001,0.0,0.0,0.0,1.0,,,0.101,116.27214223620949,1151.209329071381,1151.209329071381,0.0,35.68748920121281,-0.0,,,145.19757303603996,0.0,62.43495640549718,2.0,766.8079310833959,0.0,0.0,0.0,77.90768579807302
87,1,88,0.1016,0.0,766.8079310833959,,,,0,0.0,1,1296.406902107406,1296.406902107406,0.0,207.42510433718496,43.04070914996588,0.0,,,197.31255881899375,1296.406902107406,1244.550626023124,51.856276084296894,1296.406902107421,0.0,1.0,0.0,-0.0,0.15656848652903615,113.44179493010625,0.96,754.7402354407545,724.5506260231243,30.18960941763021,1.0,0.0,-0.0,0.16128993055555654,83.87076388888748,0.96,541.6666666666666,520.0,21.666666666666668,-0.0,0.0,-0.0,0.271,0.0,0.96,0.0,0.0,0.0,,,,453.2232300281927,1244.550626023124,1151.209329071381,93.34129695173351,1244.5506260231145,0.0,1.0,-0.0,-0.0,0.3936931525683375,226.6116150140963,0.925,622.2753130115572,575.6046645356904,46.670648475866756,1.0,0.0,0.0,0.3936931525683376,226.61161501409643,0.925,622.2753130115574,575.6046645356906,46.670648475866756,-0.0,-0.0,-0.0,0.08724817754776784,0.0,0.8800000000000001,0.0,0.0,0.0,-0.0,-0.0,-0.0,0.08724817754776784,0.0,0.88,0.0,0.0,0.0,1.0,,,0.101,116.27214223620949,1151.209329071381,1151.209329071381,0.0,35.68748920121281,-0.0,,,145.19757303603996,0.0,62.43495640549718,2.0,766.8079310833959,0.0,0.0,0.0,77.90768579807302
88,1,89,0.1016,0.0,766.8079310833959,,,,0,0.0,1,1296.406902107406,1296.406902107406,0.0,207.42510433718496,43.04070914996588,0.0,,,197.31255881899375,1296.406902107406,1244.550626023124,51.856276084296894,1296.406902107421,0.0,1.0,0.0,-0.0,0.15656848652903615,113.44179493010625,0.96,754.7402354407545,724.5506260231243,30.18960941763021,1.0,0.0,-0.0,0.16128993055555654,83.87076388888748,0.96,541.6666666666666,520.0,21.666666666666668,-0.0,0.0,-0.0,0.271,0.0,0.96,0.0,0.0,0.0,,,,453.2232300281927,1244.550626023124,1151.209329071381,93.34129695173351,1244.5506260231145,0.0,1.0,-0.0,-0.0,0.3936931525683375,226.6116150140963,0.925,622.2753130115572,575.6046645356904,46.670648475866756,1.0,0.0,0.0,0.3936931525683376,226.61161501409643,0.925,622.2753130115574,575.6046645356906,46.670648475866756,-0.0,-0.0,-0.0,0.08724817754776784,0.0,0.8800000000000001,0.0,0.0,0.0,-0.0,-0.0,-0.0,0.08724817754776784,0.0,0.8800000000000001,0.0,0.0,0.0,1.0,,,0.101,116.27214223620949,1151.209329071381,1151.209329071381,0.0,35.68748920121281,-0.0,,,145.19757303603996,0.0,62.43495640549718,2.0,766.8079310833959,0.0,0.0,0.0,77.90768579807302
89,1,90,0.15246,0.0,589.245052600445,,,,0,0.0,1,1083.3333333333333,1083.3333333333333,0.0,173.33333333333334,35.96666666666667,0.0,,,167.7415277777705,1083.3333333333333,1040.0,43.333333333333336,1083.3333333333333,0.0,1.0,0.0,-0.0,0.1612899305555566,83.87076388888741,0.96,541.6666666666666,520.0,21.666666666666668,1.0,0.0,-0.0,0.16128993055555654,83.87076388888748,0.96,541.6666666666666,520.0,21.666666666666668,-0.0,0.0,-0.0,0.271,0.0,0.96,0.0,0.0,0.0,,,,325.5535248226745,1040.0,950.0,90.0,1040.0,0.0,1.0,-0.0,-0.0,0.34268748203578436,162.77655396699768,0.9134615384615392,520.0,475.0,45.0,1.0,0.0,0.0,0.3426883596961616,162.77697085567684,0.9134615384615392,520.0,475.0,45.0,-0.0,-0.0,-0.0,0.08724817754776784,0.0,0.8800000000000001,0.0,0.0,0.0,-0.0,-0.0,-0.0,0.08724817754776784,0.0,0.8800000000000001,0.0,0.0,0.0,1.0,,,0.101,95.95,950.0,950.0,0.0,29.45,-0.0,,,133.33333333333334,0.0,57.333333333333336,2.0,589.245052600445,0.0,0.0,0.0,89.83630071946385
90,1,91,0.15246,0.0,589.2446357117702,,,,0,0.0,1,1083.3333333333333,1083.3333333333333,0.0,173.33333333333334,35.96666666666667,0.0,,,167.74152777777493,1083.3333333333333,1040.0,43.333333333333336,1083.3333333333333,0.0,1.0,0.0,-0.0,0.1612899305555566,83.87076388888741,0.96,541.6666666666666,520.0,21.666666666666668,1.0,0.0,-0.0,0.16128993055555654,83.87076388888748,0.96,541.6666666666666,520.0,21.666666666666668,-0.0,0.0,-0.0,0.271,0.0,0.96,0.0,0.0,0.0,,,,325.5531079339953,1040.0,950.0,90.0,1040.0,0.0,1.0,-0.0,-0.0,0.3426874820357844,162.7765539669977,0.9134615384615392,520.0,475.0,45.0,1.0,0.0,0.0,0.34268748203578436,162.77655396699762,0.9134615384615392,520.0,475.0,45.0,-0.0,-0.0,-0.0,0.08724817754776784,0.0,0.8800000000000001,0.0,0.0,0.0,-0.0,-0.0,-0.0,0.08724817754776784,0.0,0.8800000000000001,0.0,0.0,0.0,1.0,,,0.101,95.95,950.0,950.0,0.0,29.45,-0.0,,,133.33333333333334,0.0,57.333333333333336,2.0,589.2446357117702,0.0,0.0,0.0,89.83623716061649
91,1,92,0.15246,0.0,589.2446357117702,,,,0,0.0,1,1083.3333333333333,1083.3333333333333,0.0,173.33333333333334,35.96666666666667,0.0,,,167.74152777777493,1083.3333333333333,1040.0,43.333333333333336,1083.3333333333333,0.0,1.0,0.0,-0.0,0.1612899305555566,83.87076388888741,0.96,541.6666666666666,520.0,21.666666666666668,1.0,0.0,-0.0,0.16128993055555654,83.87076388888748,0.96,541.6666666666666,520.0,21.666666666666668,-0.0,0.0,-0.0,0.27099999999999996,0.0,0.96,0.0,0.0,0.0,,,,325.5531079339953,1040.0,950.0,90.0,1040.0,0.0,1.0,-0.0,-0.0,0.3426874820357844,162.7765539669977,0.9134615384615392,520.0,475.0,45.0,1.0,0.0,0.0,0.34268748203578436,162.77655396699762,0.9134615384615392,520.0,475.0,45.0,-0.0,-0.0,-0.0,0.08724817754776784,0.0,0.8800000000000001,0.0,0.0,0.0,-0.0,-0.0,-0.0,0.08724817754776784,0.0,0.8800000000000001,0.0,0.0,0.0,1.0,,,0.101,95.95,950.0,950.0,0.0,29.45,-0.0,,,133.33333333333334,0.0,57.333333333333336,2.0,589.2446357117702,0.0,0.0,0.0,89.83623716061649
92,1,93,0.15246,0.0,589.2450526004448,,,,0,0.0,1,1083.3333333333333,1083.3333333333333,0.0,173.33333333333334,35.96666666666667,0.0,,,167.7415277777706,1083.3333333333333,1040.0,43.333333333333336,1083.3333333333333,0.0,1.0,0.0,-0.0,0.1612899305555566,83.87076388888741,0.96,541.6666666666666,520.0,21.666666666666668,1.0,0.0,-0.0,0.16128993055555654,83.87076388888748,0.96,541.6666666666666,520.0,21.666666666666668,-0.0,0.0,-0.0,0.271,0.0,0.96,0.0,0.0,0.0,,,,325.55352482267415,1040.0,950.0,90.0,1040.0,0.0,1.0,-0.0,-0.0,0.34268748203578436,162.77655396699768,0.9134615384615392,520.0,475.0,45.0,1.0,0.0,0.0,0.342688359696161,162.7769708556765,0.9134615384615389,520.0,475.0,45.0,-0.0,-0.0,-0.0,0.08724817754776784,0.0,0.8800000000000001,0.0,0.0,0.0,-0.0,-0.0,-0.0,0.08724817754776784,0.0,0.8800000000000001,0.0,0.0,0.0,1.0,,,0.101,95.95,950.0,950.0,0.0,29.45,-0.0,,,133.33333333333334,0.0,57.333333333333336,2.0,589.2450526004448,0.0,0.0,0.0,89.83630071946381
93,1,94,0.15246,0.0,589.2446618280162,,,,0,0.0,1,1083.3333333333333,1083.3333333333333,0.0,173.33333333333334,35.96666666666667,0.0,,,167.74152777777485,1083.3333333333333,1040.0,43.333333333333336,1083.3333333333333,0.0,1.0,0.0,-0.0,0.1612899305555566,83.87076388888741,0.96,541.6666666666666,520.0,21.666666666666668,1.0,0.0,-0.0,0.16128993055555654,83.87076388888748,0.96,541.6666666666666,520.0,21.666666666666668,-0.0,0.0,-0.0,0.271,0.0,0.96,0.0,0.0,0.0,,,,325.5532736196475,1040.0,949.9986181246918,90.00138187530837,1040.0,0.0,1.0,-0.0,-0.0,0.34268795013892106,162.77630276397073,0.9134588810090226,520.0,474.99861812469163,45.00138187530837,1.0,0.0,0.0,0.3426883596961614,162.77697085567672,0.9134615384615392,520.0,475.0,45.0,-0.0,-0.0,-0.0,0.08724817754776784,0.0,0.8800000000000001,0.0,0.0,0.0,-0.0,-0.0,-0.0,0.08724817754776784,0.0,0.8800000000000001,0.0,0.0,0.0,1.0,,,0.101,95.94986043059387,949.9986181246918,949.9986181246918,0.0,29.449957161865445,-0.0,,,133.33471520864174,0.0,57.333927539715944,2.0,589.2446618280162,0.0,0.0,0.0,89.83624114229936
94,1,95,0.1016,0.0,589.2454694891285,,,,0,0.0,1,1083.3333333333333,1083.3333333333333,0.0,173.33333333333334,35.96666666666667,0.0,,,167.74152777777488,1083.3333333333333,1040.0,43.333333333333336,1083.3333333333333,0.0,1.0,0.0,-0.0,0.1612899305555566,83.87076388888741,0.96,541.6666666666666,520.0,21.666666666666668,1.0,0.0,-0.0,0.16128993055555654,83.87076388888748,0.96,541.6666666666666,520.0,21.666666666666668,-0.0,0.0,-0.0,0.27099999999999996,0.0,0.96,0.0,0.0,0.0,,,,325.5539417113536,1040.0,950.0,90.0,1040.0,0.0,1.0,-0.0,-0.0,0.3426883596961617,162.7769708556769,0.9134615384615392,520.0,475.0,45.0,1.0,0.0,0.0,0.3426883596961614,162.77697085567672,0.9134615384615392,520.0,475.0,45.0,-0.0,-0.0,-0.0,0.08724817754776784,0.0,0.8800000000000001,0.0,0.0,0.0,-0.0,-0.0,-0.0,0.08724817754776784,0.0,0.88,0.0,0.0,0.0,1.0,,,0.101,95.95,950.0,950.0,0.0,29.45,-0.0,,,133.33333333333334,0.0,57.333333333333336,2.0,589.2454694891285,0.0,0.0,0.0,59.86733970009545
95,1,96,0.1016,0.0,766.7998049616541,,,,0,0.0,1,1296.3976299090043,1296.3976299090043,0.0,207.4236207854407,43.04040131297894,0.0,,,197.31097191758874,1296.3976299090043,1244.5417247126584,51.855905196360816,1296.397629909019,0.0,1.0,0.0,-0.0,0.15656821982707733,113.44020802870126,0.96,754.7309632423526,724.5417247126585,30.18923852969413,1.0,0.0,-0.0,0.16128993055555654,83.87076388888748,0.96,541.6666666666666,520.0,21.666666666666668,-0.0,0.0,-0.0,0.27099999999999996,0.0,0.96,0.0,0.0,0.0,,,,453.21752241278614,1244.5417247126584,1151.2010953592,93.34062935344855,1244.5417247126486,0.0,1.0,-0.0,-0.0,0.3936910104062855,226.608761206393,0.925,622.2708623563242,575.6005476795999,46.670314676724274,1.0,0.0,0.0,0.3936910104062856,226.60876120639315,0.925,622.2708623563244,575.6005476796001,46.670314676724274,-0.0,-0.0,-0.0,0.08724817754776784,0.0,0.8800000000000001,0.0,0.0,0.0,-0.0,-0.0,-0.0,0.08724817754776784,0.0,0.8800000000000001,0.0,0.0,0.0,1.0,,,0.101,116.2713106312792,1151.2010953592,1151.2010953592,0.0,35.6872339561352,-0.0,,,145.19653454981915,0.0,62.43450985642223,2.0,766.7998049616541,0.0,0.0,0.0,77.90686018410405
96,1,97,0.1016,0.0,766.7998049616541,,,,0,0.0,1,1296.3976299090043,1296.3976299090043,0.0,207.4236207854407,43.04040131297894,0.0,,,197.31097191758874,1296.3976299090043,1244.5417247126584,51.855905196360816,1296.397629909019,0.0,1.0,0.0,-0.0,0.15656821982707733,113.44020802870126,0.96,754.7309632423526,724.5417247126585,30.18923852969413,1.0,0.0,-0.0,0.16128993055555654,83.87076388888748,0.96,541.6666666666666,520.0,21.666666666666668,-0.0,0.0,-0.0,0.27099999999999996,0.0,0.96,0.0,0.0,0.0,,,,453.21752241278614,1244.5417247126584,1151.2010953592,93.34062935344855,1244.5417247126486,0.0,1.0,-0.0,-0.0,0.3936910104062855,226.608761206393,0.925,622.2708623563242,575.6005476795999,46.670314676724274,1.0,0.0,0.0,0.3936910104062856,226.60876120639315,0.925,622.2708623563244,575.6005476796001,46.670314676724274,-0.0,-0.0,-0.0,0.08724817754776784,0.0,0.8800000000000001,0.0,0.0,0.0,-0.0,-0.0,-0.0,0.08724817754776784,0.0,0.8800000000000001,0.0,0.0,0.0,1.0,,,0.101,116.2713106312792,1151.2010953592,1151.2010953592,0.0,35.6872339561352,-0.0,,,145.19653454981915,0.0,62.43450985642223,2.0,766.7998049616541,0.0,0.0,0.0,77.90686018410405
97,1,98,0.1016,0.0,766.7998049616541,,,,0,0.0,1,1296.3976299090043,1296.3976299090043,0.0,207.4236207854407,43.04040131297894,0.0,,,197.31097191758874,1296.3976299090043,1244.5417247126584,51.855905196360816,1296.397629909019,0.0,1.0,0.0,-0.0,0.15656821982707733,113.44020802870126,0.96,754.7309632423526,724.5417247126585,30.18923852969413,1.0,0.0,-0.0,0.16128993055555654,83.87076388888748,0.96,541.6666666666666,520.0,21.666666666666668,-0.0,0.0,-0.0,0.27099999999999996,0.0,0.96,0.0,0.0,0.0,,,,453.21752241278614,1244.5417247126584,1151.2010953592,93.34062935344855,1244.5417247126486,0.0,1.0,-0.0,-0.0,0.3936910104062855,226.608761206393,0.925,622.2708623563242,575.6005476795999,46.670314676724274,1.0,0.0,0.0,0.3936910104062856,226.60876120639315,0.925,622.2708623563244,575.6005476796001,46.670314676724274,-0.0,-0.0,-0.0,0.08724817754776784,0.0,0.8800000000000001,0.0,0.0,0.0,-0.0,-0.0,-0.0,0.08724817754776784,0.0,0.8800000000000001,0.0,0.0,0.0,1.0,,,0.101,116.2713106312792,1151.2010953592,1151.2010953592,0.0,35.6872339561352,-0.0,,,145.19653454981915,0.0,62.43450985642223,2.0,766.7998049616541,0.0,0.0,0.0,77.90686018410405
98,1,99,0.1016,0.0,766.7998049616541,,,,0,0.0,1,1296.3976299090043,1296.3976299090043,0.0,207.4236207854407,43.04040131297894,0.0,,,197.31097191758874,1296.3976299090043,1244.5417247126584,51.855905196360816,1296.397629909019,0.0,1.0,0.0,-0.0,0.15656821982707733,113.44020802870126,0.96,754.7309632423526,724.5417247126585,30.18923852969413,1.0,0.0,-0.0,0.16128993055555654,83.87076388888748,0.96,541.6666666666666,520.0,21.666666666666668,-0.0,0.0,-0.0,0.27099999999999996,0.0,0.96,0.0,0.0,0.0,,,,453.21752241278614,1244.5417247126584,1151.2010953592,93.34062935344855,1244.5417247126486,0.0,1.0,-0.0,-0.0,0.3936910104062855,226.608761206393,0.925,622.2708623563242,575.6005476795999,46.670314676724274,1.0,0.0,0.0,0.3936910104062856,226.60876120639315,0.925,622.2708623563244,575.6005476796001,46.670314676724274,-0.0,-0.0,-0.0,0.08724817754776784,0.0,0.8800000000000001,0.0,0.0,0.0,-0.0,-0.0,-0.0,0.08724817754776784,0.0,0.8800000000000001,0.0,0.0,0.0,1.0,,,0.101,116.2713106312792,1151.2010953592,1151.2010953592,0.0,35.6872339561352,-0.0,,,145.19653454981915,0.0,62.43450985642223,2.0,766.7998049616541,0.0,0.0,0.0,77.90686018410405
99,1,100,0.1016,0.0,766.7998049616542,,,,0,0.0,1,1296.3976299090043,1296.3976299090043,0.0,207.4236207854407,43.04040131297894,0.0,,,197.31097191758874,1296.3976299090043,1244.5417247126584,51.855905196360816,1296.397629909019,0.0,1.0,0.0,-0.0,0.15656821982707733,113.44020802870126,0.96,754.7309632423526,724.5417247126585,30.18923852969413,1.0,0.0,-0.0,0.16128993055555654,83.87076388888748,0.96,541.6666666666666,520.0,21.666666666666668,-0.0,0.0,-0.0,0.27099999999999996,0.0,0.96,0.0,0.0,0.0,,,,453.21752241278625,1244.5417247126584,1151.2010953592,93.34062935344855,1244.5417247126486,0.0,1.0,-0.0,-0.0,0.3936910104062855,226.608761206393,0.925,622.2708623563242,575.6005476795999,46.670314676724274,1.0,0.0,0.0,0.3936910104062858,226.60876120639327,0.925,622.2708623563244,575.6005476796001,46.670314676724274,-0.0,-0.0,-0.0,0.08724817754776784,0.0,0.8800000000000001,0.0,0.0,0.0,-0.0,-0.0,-0.0,0.08724817754776784,0.0,0.8800000000000001,0.0,0.0,0.0,1.0,,,0.101,116.2713106312792,1151.2010953592,1151.2010953592,0.0,35.6872339561352,-0.0,,,145.19653454981915,0.0,62.43450985642223,2.0,766.7998049616542,0.0,0.0,0.0,77.90686018410406
100,1,101,0.1016,0.0,766.7998049616541,,,,0,0.0,1,1296.3976299090043,1296.3976299090043,0.0,207.4236207854407,43.04040131297894,0.0,,,197.31097191758874,1296.3976299090043,1244.5417247126584,51.855905196360816,1296.397629909019,0.0,1.0,0.0,-0.0,0.15656821982707733,113.44020802870126,0.96,754.7309632423526,724.5417247126585,30.18923852969413,1.0,0.0,-0.0,0.16128993055555654,83.87076388888748,0.96,541.6666666666666,520.0,21.666666666666668,-0.0,0.0,-0.0,0.27099999999999996,0.0,0.96,0.0,0.0,0.0,,,,453.21752241278614,1244.5417247126584,1151.2010953592,93.34062935344855,1244.5417247126486,0.0,1.0,-0.0,-0.0,0.3936910104062855,226.608761206393,0.925,622.2708623563242,575.6005476795999,46.670314676724274,1.0,0.0,0.0,0.3936910104062856,226.60876120639315,0.925,622.2708623563244,575.6005476796001,46.670314676724274,-0.0,-0.0,-0.0,0.08724817754776784,0.0,0.8800000000000001,0.0,0.0,0.0,-0.0,-0.0,-0.0,0.08724817754776784,0.0,0.8800000000000001,0.0,0.0,0.0,1.0,,,0.101,116.2713106312792,1151.2010953592,1151.2010953592,0.0,35.6872339561352,-0.0,,,145.19653454981915,0.0,62.43450985642223,2.0,766.7998049616541,0.0,0.0,0.0,77.90686018410405
101,1,102,0.1016,0.0,766.7998049616541,,,,0,0.0,1,1296.3976299090043,1296.3976299090043,0.0,207.4236207854407,43.04040131297894,0.0,,,197.31097191758874,1296.3976299090043,1244.5417247126584,51.855905196360816,1296.397629909019,0.0,1.0,0.0,-0.0,0.15656821982707733,113.44020802870126,0.96,754.7309632423526,724.5417247126585,30.18923852969413,1.0,0.0,-0.0,0.16128993055555654,83.87076388888748,0.96,541.6666666666666,520.0,21.666666666666668,-0.0,0.0,-0.0,0.27099999999999996,0.0,0.96,0.0,0.0,0.0,,,,453.21752241278614,1244.5417247126584,1151.2010953592,93.34062935344855,1244.5417247126486,0.0,1.0,-0.0,-0.0,0.3936910104062855,226.608761206393,0.925,622.2708623563242,575.6005476795999,46.670314676724274,1.0,0.0,0.0,0.3936910104062856,226.60876120639315,0.925,622.2708623563244,575.6005476796001,46.670314676724274,-0.0,-0.0,-0.0,0.08724817754776784,0.0,0.8800000000000001,0.0,0.0,0.0,-0.0,-0.0,-0.0,0.08724817754776784,0.0,0.8800000000000001,0.0,0.0,0.0,1.0,,,0.101,116.2713106312792,1151.2010953592,1151.2010953592,0.0,35.6872339561352,-0.0,,,145.19653454981915,0.0,62.43450985642223,2.0,766.7998049616541,0.0,0.0,0.0,77.90686018410405
102,1,103,0.1016,0.0,766.7998049616541,,,,0,0.0,1,1296.3976299090043,1296.3976299090043,0.0,207.4236207854407,43.04040131297894,0.0,,,197.31097191758874,1296.3976299090043,1244.5417247126584,51.855905196360816,1296.397629909019,0.0,1.0,0.0,-0.0,0.15656821982707733,113.44020802870126,0.96,754.7309632423526,724.5417247126585,30.18923852969413,1.0,0.0,-0.0,0.16128993055555654,83.87076388888748,0.96,541.6666666666666,520.0,21.666666666666668,-0.0,0.0,-0.0,0.27099999999999996,0.0,0.96,0.0,0.0,0.0,,,,453.21752241278614,1244.5417247126584,1151.2010953592,93.34062935344855,1244.5417247126486,0.0,1.0,-0.0,-0.0,0.3936910104062855,226.608761206393,0.925,622.2708623563242,575.6005476795999,46.670314676724274,1.0,0.0,0.0,0.3936910104062856,226.60876120639315,0.925,622.2708623563244,575.6005476796001,46.670314676724274,-0.0,-0.0,-0.0,0.08724817754776784,0.0,0.8800000000000001,0.0,0.0,0.0,-0.0,-0.0,-0.0,0.08724817754776784,0.0,0.8800000000000001,0.0,0.0,0.0,1.0,,,0.101,116.2713106312792,1151.2010953592,1151.2010953592,0.0,35.6872339561352,-0.0,,,145.19653454981915,0.0,62.43450985642223,2.0,766.7998049616541,0.0,0.0,0.0,77.90686018410405
103,1,104,0.1016,0.0,766.7998049616543,,,,0,0.0,1,1296.3976299090043,1296.3976299090043,0.0,207.4236207854407,43.04040131297894,0.0,,,197.31097191758874,1296.3976299090043,1244.5417247126584,51.855905196360816,1296.397629909019,0.0,1.0,0.0,-0.0,0.15656821982707733,113.44020802870126,0.96,754.7309632423526,724.5417247126585,30.18923852969413,1.0,0.0,-0.0,0.16128993055555654,83.87076388888748,0.96,541.6666666666666,520.0,21.666666666666668,-0.0,0.0,-0.0,0.27099999999999996,0.0,0.96,0.0,0.0,0.0,,,,453.21752241278637,1244.5417247126584,1151.2010953592,93.34062935344855,1244.5417247126486,0.0,1.0,-0.0,-0.0,0.3936910104062858,226.60876120639318,0.925,622.2708623563242,575.6005476795999,46.670314676724274,1.0,0.0,0.0,0.3936910104062856,226.60876120639315,0.925,622.2708623563244,575.6005476796001,46.670314676724274,-0.0,-0.0,-0.0,0.08724817754776784,0.0,0.8800000000000001,0.0,0.0,0.0,-0.0,-0.0,-0.0,0.08724817754776784,0.0,0.8800000000000001,0.0,0.0,0.0,1.0,,,0.101,116.2713106312792,1151.2010953592,1151.2010953592,0.0,35.6872339561352,-0.0,,,145.19653454981915,0.0,62.43450985642223,2.0,766.7998049616543,0.0,0.0,0.0,77.90686018410408
104,1,105,0.1016,0.0,766.7998049616544,,,,0,0.0,1,1296.3976299090043,1296.3976299090043,0.0,207.4236207854407,43.04040131297894,0.0,,,197.31097191758874,1296.3976299090043,1244.5417247126584,51.855905196360816,1296.397629909019,0.0,1.0,0.0,-0.0,0.15656821982707733,113.44020802870126,0.96,754.7309632423526,724.5417247126585,30.18923852969413,1.0,0.0,-0.0,0.16128993055555654,83.87076388888748,0.96,541.6666666666666,520.0,21.666666666666668,-0.0,0.0,-0.0,0.27099999999999996,0.0,0.96,0.0,0.0,0.0,,,,453.2175224127865,1244.5417247126584,1151.2010953592,93.34062935344855,1244.5417247126486,0.0,1.0,-0.0,-0.0,0.3936910104062858,226.60876120639318,0.925,622.2708623563242,575.6005476795999,46.670314676724274,1.0,0.0,0.0,0.3936910104062858,226.60876120639327,0.925,622.2708623563244,575.6005476796001,46.670314676724274,-0.0,-0.0,-0.0,0.08724817754776784,0.0,0.8800000000000001,0.0,0.0,0.0,-0.0,-0.0,-0.0,0.08724817754776784,0.0,0.8800000000000001,0.0,0.0,0.0,1.0,,,0.101,116.2713106312792,1151.2010953592,1151.2010953592,0.0,35.6872339561352,-0.0,,,145.19653454981915,0.0,62.43450985642223,2.0,766.7998049616544,0.0,0.0,0.0,77.90686018410409
105,1,106,0.1016,0.0,766.7998049616541,,,,0,0.0,1,1296.3976299090043,1296.3976299090043,0.0,207.4236207854407,43.04040131297894,0.0,,,197.31097191758874,1296.3976299090043,1244.5417247126584,51.855905196360816,1296.397629909019,0.0,1.0,0.0,-0.0,0.15656821982707733,113.44020802870126,0.96,754.7309632423526,724.5417247126585,30.18923852969413,1.0,0.0,-0.0,0.16128993055555654,83.87076388888748,0.96,541.6666666666666,520.0,21.666666666666668,-0.0,0.0,-0.0,0.27099999999999996,0.0,0.96,0.0,0.0,0.0,,,,453.21752241278614,1244.5417247126584,1151.2010953592,93.34062935344855,1244.5417247126486,0.0,1.0,-0.0,-0.0,0.3936910104062855,226.608761206393,0.925,622.2708623563242,575.6005476795999,46.670314676724274,1.0,0.0,0.0,0.3936910104062856,226.60876120639315,0.925,622.2708623563244,575.6005476796001,46.670314676724274,-0.0,-0.0,-0.0,0.08724817754776784,0.0,0.8800000000000001,0.0,0.0,0.0,-0.0,-0.0,-0.0,0.08724817754776784,0.0,0.8800000000000001,0.0,0.0,0.0,1.0,,,0.101,116.2713106312792,1151.2010953592,1151.2010953592,0.0,35.6872339561352,-0.0,,,145.19653454981915,0.0,62.43450985642223,2.0,766.7998049616541,0.0,0.0,0.0,77.90686018410405
106,1,107,0.1016,0.0,766.7998049616541,,,,0,0.0,1,1296.3976299090043,1296.3976299090043,0.0,207.4236207854407,43.04040131297894,0.0,,,197.31097191758874,1296.3976299090043,1244.5417247126584,51.855905196360816,1296.397629909019,0.0,1.0,0.0,-0.0,0.15656821982707733,113.44020802870126,0.96,754.7309632423526,724.5417247126585,30.18923852969413,1.0,0.0,-0.0,0.16128993055555654,83.87076388888748,0.96,541.6666666666666,520.0,21.666666666666668,-0.0,0.0,-0.0,0.27099999999999996,0.0,0.96,0.0,0.0,0.0,,,,453.21752241278614,1244.5417247126584,1151.2010953592,93.34062935344855,1244.5417247126486,0.0,1.0,-0.0,-0.0,0.3936910104062855,226.608761206393,0.925,622.2708623563242,575.6005476795999,46.670314676724274,1.0,0.0,0.0,0.3936910104062856,226.60876120639315,0.925,622.2708623563244,575.6005476796001,46.670314676724274,-0.0,-0.0,-0.0,0.08724817754776784,0.0,0.8800000000000001,0.0,0.0,0.0,-0.0,-0.0,-0.0,0.08724817754776784,0.0,0.8800000000000001,0.0,0.0,0.0,1.0,,,0.101,116.2713106312792,1151.2010953592,1151.2010953592,0.0,35.6872339561352,-0.0,,,145.19653454981915,0.0,62.43450985642223,2.0,766.7998049616541,0.0,0.0,0.0,77.90686018410405
107,1,108,0.1016,0.0,766.7998049616541,,,,0,0.0,1,1296.3976299090043,1296.3976299090043,0.0,207.4236207854407,43.04040131297894,0.0,,,197.31097191758874,1296.3976299090043,1244.5417247126584,51.855905196360816,1296.397629909019,0.0,1.0,0.0,-0.0,0.15656821982707733,113.44020802870126,0.96,754.7309632423526,724.5417247126585,30.18923852969413,1.0,0.0,-0.0,0.16128993055555654,83.87076388888748,0.96,541.6666666666666,520.0,21.666666666666668,-0.0,0.0,-0.0,0.27099999999999996,0.0,0.96,0.0,0.0,0.0,,,,453.21752241278614,1244.5417247126584,1151.2010953592,93.34062935344855,1244.5417247126486,0.0,1.0,-0.0,-0.0,0.3936910104062855,226.608761206393,0.925,622.2708623563242,575.6005476795999,46.670314676724274,1.0,0.0,0.0,0.3936910104062856,226.60876120639315,0.925,622.2708623563244,575.6005476796001,46.670314676724274,-0.0,-0.0,-0.0,0.08724817754776784,0.0,0.8800000000000001,0.0,0.0,0.0,-0.0,-0.0,-0.0,0.08724817754776784,0.0,0.8800000000000001,0.0,0.0,0.0,1.0,,,0.101,116.2713106312792,1151.2010953592,1151.2010953592,0.0,35.6872339561352,-0.0,,,145.19653454981915,0.0,62.43450985642223,2.0,766.7998049616541,0.0,0.0,0.0,77.90686018410405
108,1,109,0.1016,0.0,766.7998049616541,,,,0,0.0,1,1296.3976299090043,1296.3976299090043,0.0,207.4236207854407,43.04040131297894,0.0,,,197.31097191758874,1296.3976299090043,1244.5417247126584,51.855905196360816,1296.397629909019,0.0,1.0,0.0,-0.0,0.15656821982707733,113.44020802870126,0.96,754.7309632423526,724.5417247126585,30.18923852969413,1.0,0.0,-0.0,0.16128993055555654,83.87076388888748,0.96,541.6666666666666,520.0,21.666666666666668,-0.0,0.0,-0.0,0.27099999999999996,0.0,0.96,0.0,0.0,0.0,,,,453.21752241278614,1244.5417247126584,1151.2010953592,93.34062935344855,1244.5417247126486,0.0,1.0,-0.0,-0.0,0.3936910104062855,226.608761206393,0.925,622.2708623563242,575.6005476795999,46.670314676724274,1.0,0.0,0.0,0.3936910104062856,226.60876120639315,0.925,622.2708623563244,575.6005476796001,46.670314676724274,-0.0,-0.0,-0.0,0.08724817754776784,0.0,0.8800000000000001,0.0,0.0,0.0,-0.0,-0.0,-0.0,0.08724817754776784,0.0,0.8800000000000001,0.0,0.0,0.0,1.0,,,0.101,116.2713106312792,1151.2010953592,1151.2010953592,0.0,35.6872339561352,-0.0,,,145.19653454981915,0.0,62.43450985642223,2.0,766.7998049616541,0.0,0.0,0.0,77.90686018410405
109,1,110,0.1016,0.0,766.7998049616541,,,,0,0.0,1,1296.3976299090043,1296.3976299090043,0.0,207.4236207854407,43.04040131297894,0.0,,,197.31097191758874,1296.3976299090043,1244.5417247126584,51.855905196360816,1296.397629909019,0.0,1.0,0.0,-0.0,0.15656821982707733,113.44020802870126,0.96,754.7309632423526,724.5417247126585,30.18923852969413,1.0,0.0,-0.0,0.16128993055555654,83.87076388888748,0.96,541.6666666666666,520.0,21.666666666666668,-0.0,0.0,-0.0,0.27099999999999996,0.0,0.96,0.0,0.0,0.0,,,,453.21752241278614,1244.5417247126584,1151.2010953592,93.34062935344855,1244.5417247126486,0.0,1.0,-0.0,-0.0,0.3936910104062855,226.608761206393,0.925,622.2708623563242,575.6005476795999,46.670314676724274,1.0,0.0,0.0,0.3936910104062856,226.60876120639315,0.925,622.2708623563244,575.6005476796001,46.670314676724274,-0.0,-0.0,-0.0,0.08724817754776784,0.0,0.8800000000000001,0.0,0.0,0.0,-0.0,-0.0,-0.0,0.08724817754776784,0.0,0.8800000000000001,0.0,0.0,0.0,1.0,,,0.101,116.2713106312792,1151.2010953592,1151.2010953592,0.0,35.6872339561352,-0.0,,,145.19653454981915,0.0,62.43450985642223,2.0,766.7998049616541,0.0,0.0,0.0,77.90686018410405
110,1,111,0.1016,0.0,766.7998049616543,,,,0,0.0,1,1296.3976299090043,1296.3976299090043,0.0,207.4236207854407,43.04040131297894,0.0,,,197.31097191758874,1296.3976299090043,1244.5417247126584,51.855905196360816,1296.397629909019,0.0,1.0,0.0,-0.0,0.15656821982707733,113.44020802870126,0.96,754.7309632423526,724.5417247126585,30.18923852969413,1.0,0.0,-0.0,0.16128993055555654,83.87076388888748,0.96,541.6666666666666,520.0,21.666666666666668,-0.0,0.0,-0.0,0.27099999999999996,0.0,0.96,0.0,0.0,0.0,,,,453.21752241278637,1244.5417247126584,1151.2010953592,93.34062935344855,1244.5417247126486,0.0,1.0,-0.0,-0.0,0.3936910104062858,226.60876120639318,0.925,622.2708623563242,575.6005476795999,46.670314676724274,1.0,0.0,0.0,0.3936910104062856,226.60876120639315,0.925,622.2708623563244,575.6005476796001,46.670314676724274,-0.0,-0.0,-0.0,0.08724817754776784,0.0,0.8800000000000001,0.0,0.0,0.0,-0.0,-0.0,-0.0,0.08724817754776784,0.0,0.8800000000000001,0.0,0.0,0.0,1.0,,,0.101,116.2713106312792,1151.2010953592,1151.2010953592,0.0,35.6872339561352,-0.0,,,145.19653454981915,0.0,62.43450985642223,2.0,766.7998049616543,0.0,0.0,0.0,77.90686018410408
111,1,112,0.1016,0.0,766.7998049616543,,,,0,0.0,1,1296.3976299090043,1296.3976299090043,0.0,207.4236207854407,43.04040131297894,0.0,,,197.31097191758874,1296.3976299090043,1244.5417247126584,51.855905196360816,1296.397629909019,0.0,1.0,0.0,-0.0,0.15656821982707733,113.44020802870126,0.96,754.7309632423526,724.5417247126585,30.18923852969413,1.0,0.0,-0.0,0.16128993055555654,83.87076388888748,0.96,541.6666666666666,520.0,21.666666666666668,-0.0,0.0,-0.0,0.27099999999999996,0.0,0.96,0.0,0.0,0.0,,,,453.21752241278637,1244.5417247126584,1151.2010953592,93.34062935344855,1244.5417247126486,0.0,1.0,-0.0,-0.0,0.3936910104062858,226.60876120639318,0.925,622.2708623563242,575.6005476795999,46.670314676724274,1.0,0.0,0.0,0.3936910104062856,226.60876120639315,0.925,622.2708623563244,575.6005476796001,46.670314676724274,-0.0,-0.0,-0.0,0.08724817754776784,0.0,0.8800000000000001,0.0,0.0,0.0,-0.0,-0.0,-0.0,0.08724817754776784,0.0,0.8800000000000001,0.0,0.0,0.0,1.0,,,0.101,116.2713106312792,1151.2010953592,1151.2010953592,0.0,35.6872339561352,-0.0,,,145.19653454981915,0.0,62.43450985642223,2.0,766.7998049616543,0.0,0.0,0.0,77.90686018410408
112,1,113,0.1016,0.0,766.7998049616541,,,,0,0.0,1,1296.3976299090043,1296.3976299090043,0.0,207.4236207854407,43.04040131297894,0.0,,,197.31097191758874,1296.3976299090043,1244.5417247126584,51.855905196360816,1296.397629909019,0.0,1.0,0.0,-0.0,0.15656821982707733,113.44020802870126,0.96,754.7309632423526,724.5417247126585,30.18923852969413,1.0,0.0,-0.0,0.16128993055555654,83.87076388888748,0.96,541.6666666666666,520.0,21.666666666666668,-0.0,0.0,-0.0,0.271,0.0,0.96,0.0,0.0,0.0,,,,453.21752241278614,1244.5417247126584,1151.2010953592,93.34062935344855,1244.5417247126486,0.0,1.0,-0.0,-0.0,0.3936910104062855,226.608761206393,0.925,622.2708623563242,575.6005476795999,46.670314676724274,1.0,0.0,0.0,0.3936910104062856,226.60876120639315,0.925,622.2708623563244,575.6005476796001,46.670314676724274,-0.0,-0.0,-0.0,0.08724817754776784,0.0,0.8800000000000001,0.0,0.0,0.0,-0.0,-0.0,-0.0,0.08724817754776784,0.0,0.8800000000000001,0.0,0.0,0.0,1.0,,,0.101,116.2713106312792,1151.2010953592,1151.2010953592,0.0,35.6872339561352,-0.0,,,145.19653454981915,0.0,62.43450985642223,2.0,766.7998049616541,0.0,0.0,0.0,77.90686018410405
113,1,114,0.15246,0.0,589.244730962142,,,,0,0.0,1,1083.3334564036825,1083.3334564036825,0.0,173.3333530245892,35.96667075260226,0.0,,,167.7415421567029,1083.3334564036825,1040.0001181475473,43.33333825614783,1083.333456403695,0.0,1.0,0.0,-0.0,0.16128992156116698,83.87077826781542,0.96,541.6667897370282,520.0001181475471,21.666671589481147,1.0,0.0,-0.0,0.16128993055555654,83.87076388888748,0.96,541.6666666666666,520.0,21.666666666666668,-0.0,0.0,-0.0,0.271,0.0,0.96,0.0,0.0,0.0,,,,325.5531768725352,1040.0001181475473,950.000118147563,90.0,1040.0001181475623,0.0,1.0,-0.0,-0.0,0.34268751198404596,162.77658843627108,0.9134615482926046,520.0000590737872,475.0000590737875,45.0,1.0,0.0,0.0,0.3426875119840399,162.7765884362641,0.9134615482926026,520.0000590737751,475.00005907377545,45.0,-0.0,-0.0,-0.0,0.08724817754776784,0.0,0.8800000000000001,0.0,0.0,0.0,-0.0,-0.0,-0.0,0.08724817754776784,0.0,0.8800000000000001,0.0,0.0,0.0,1.0,,,0.101,95.95001193290386,950.000118147563,950.000118147563,0.0,29.450003662574453,-0.0,,,133.33333825613215,0.0,57.33333545013682,2.0,589.244730962142,0.0,0.0,0.0,89.83625168248817
114,1,115,0.15246,0.0,589.2447309621421,,,,0,0.0,1,1083.3334564036825,1083.3334564036825,0.0,173.3333530245892,35.96667075260226,0.0,,,167.74154215670296,1083.3334564036825,1040.0001181475473,43.33333825614783,1083.333456403695,0.0,1.0,0.0,-0.0,0.16128992156116698,83.87077826781542,0.96,541.6667897370282,520.0001181475471,21.666671589481147,1.0,0.0,-0.0,0.16128993055555654,83.87076388888748,0.96,541.6666666666666,520.0,21.666666666666668,-0.0,0.0,-0.0,0.271,0.0,0.96,0.0,0.0,0.0,,,,325.55317687253523,1040.0001181475473,950.000118147563,90.0,1040.0001181475623,0.0,1.0,-0.0,-0.0,0.342687511984046,162.7765884362711,0.9134615482926046,520.0000590737872,475.0000590737875,45.0,1.0,0.0,0.0,0.34268751198404,162.77658843626412,0.9134615482926026,520.0000590737751,475.00005907377545,45.0,-0.0,-0.0,-0.0,0.08724817754776784,0.0,0.8800000000000001,0.0,0.0,0.0,-0.0,-0.0,-0.0,0.08724817754776784,0.0,0.8800000000000001,0.0,0.0,0.0,1.0,,,0.101,95.95001193290386,950.000118147563,950.000118147563,0.0,29.450003662574453,-0.0,,,133.33333825613215,0.0,57.33333545013682,2.0,589.2447309621421,0.0,0.0,0.0,89.83625168248818
115,1,116,0.15246,0.0,589.2447309621421,,,,0,0.0,1,1083.3334564036825,1083.3334564036825,0.0,173.3333530245892,35.96667075260226,0.0,,,167.7415421567029,1083.3334564036825,1040.0001181475473,43.33333825614783,1083.333456403695,0.0,1.0,0.0,-0.0,0.16128992156116698,83.87077826781542,0.96,541.6667897370282,520.0001181475471,21.666671589481147,1.0,0.0,-0.0,0.16128993055555654,83.87076388888748,0.96,541.6666666666666,520.0,21.666666666666668,-0.0,0.0,-0.0,0.271,0.0,0.96,0.0,0.0,0.0,,,,325.5531768725353,1040.0001181475473,950.0001181475631,90.0,1040.0001181475623,0.0,1.0,-0.0,-0.0,0.34268751198404607,162.77658843627117,0.9134615482926048,520.0000590737872,475.0000590737876,45.0,1.0,0.0,0.0,0.34268751198404,162.77658843626412,0.9134615482926026,520.0000590737751,475.00005907377545,45.0,-0.0,-0.0,-0.0,0.08724817754776784,0.0,0.8800000000000001,0.0,0.0,0.0,-0.0,-0.0,-0.0,0.08724817754776784,0.0,0.8800000000000001,0.0,0.0,0.0,1.0,,,0.101,95.95001193290388,950.0001181475631,950.0001181475631,0.0,29.450003662574456,-0.0,,,133.33333825613204,0.0,57.33333545013677,2.0,589.2447309621421,0.0,0.0,0.0,89.83625168248818
116,1,117,0.15246,0.0,589.2447309621421,,,,0,0.0,1,1083.3334564036825,1083.3334564036825,0.0,173.3333530245892,35.96667075260226,0.0,,,167.74154215670296,1083.3334564036825,1040.0001181475473,43.33333825614783,1083.333456403695,0.0,1.0,0.0,-0.0,0.16128992156116698,83.87077826781542,0.96,541.6667897370282,520.0001181475471,21.666671589481147,1.0,0.0,-0.0,0.16128993055555654,83.87076388888748,0.96,541.6666666666666,520.0,21.666666666666668,-0.0,0.0,-0.0,0.271,0.0,0.96,0.0,0.0,0.0,,,,325.55317687253523,1040.0001181475473,950.000118147563,90.0,1040.0001181475623,0.0,1.0,-0.0,-0.0,0.34268751198404596,162.77658843627108,0.9134615482926046,520.0000590737872,475.0000590737875,45.0,1.0,0.0,0.0,0.34268751198404007,162.77658843626415,0.9134615482926026,520.0000590737751,475.00005907377545,45.0,-0.0,-0.0,-0.0,0.08724817754776784,0.0,0.8800000000000001,0.0,0.0,0.0,-0.0,-0.0,-0.0,0.08724817754776784,0.0,0.8800000000000001,0.0,0.0,0.0,1.0,,,0.101,95.95001193290386,950.000118147563,950.000118147563,0.0,29.450003662574453,-0.0,,,133.33333825613215,0.0,57.33333545013682,2.0,589.2447309621421,0.0,0.0,0.0,89.83625168248818
117,1,118,0.15246,0.0,589.2447309621423,,,,0,0.0,1,1083.3334564036825,1083.3334564036825,0.0,173.3333530245892,35.96667075260226,0.0,,,167.74154215670293,1083.3334564036825,1040.0001181475473,43.33333825614783,1083.333456403695,0.0,1.0,0.0,-0.0,0.16128992156116698,83.87077826781542,0.96,541.6667897370282,520.0001181475471,21.666671589481147,1.0,0.0,-0.0,0.16128993055555654,83.87076388888748,0.96,541.6666666666666,520.0,21.666666666666668,-0.0,0.0,-0.0,0.271,0.0,0.96,0.0,0.0,0.0,,,,325.55317687253546,1040.0001181475473,950.0001181475633,90.0,1040.0001181475623,0.0,1.0,-0.0,-0.0,0.34268751198404623,162.77658843627134,0.9134615482926053,520.0000590737872,475.00005907378784,45.0,1.0,0.0,0.0,0.34268751198404,162.77658843626412,0.9134615482926026,520.0000590737751,475.00005907377545,45.0,-0.0,-0.0,-0.0,0.08724817754776784,0.0,0.8800000000000001,0.0,0.0,0.0,-0.0,-0.0,-0.0,0.08724817754776784,0.0,0.8800000000000001,0.0,0.0,0.0,1.0,,,0.101,95.95001193290389,950.0001181475633,950.0001181475633,0.0,29.45000366257446,-0.0,,,133.3333382561318,0.0,57.33333545013668,2.0,589.2447309621423,0.0,0.0,0.0,89.83625168248822
118,1,119,0.1016,0.0,589.2455647395092,,,,0,0.0,1,1083.3334564036825,1083.3334564036825,0.0,173.3333530245892,35.96667075260226,0.0,,,167.7415421567029,1083.3334564036825,1040.0001181475473,43.33333825614783,1083.333456403695,0.0,1.0,0.0,-0.0,0.16128992156116698,83.87077826781542,0.96,541.6667897370282,520.0001181475471,21.666671589481147,1.0,0.0,-0.0,0.16128993055555654,83.87076388888748,0.96,541.6666666666666,520.0,21.666666666666668,-0.0,0.0,-0.0,0.271,0.0,0.96,0.0,0.0,0.0,,,,325.5540106499024,1040.0001181475473,950.0001181475632,90.0,1040.0001181475623,0.0,1.0,-0.0,-0.0,0.34268838964432335,162.77700532495479,0.9134615482926051,520.0000590737872,475.0000590737877,45.0,1.0,0.0,0.0,0.34268838964431714,162.77700532494762,0.9134615482926026,520.0000590737751,475.00005907377545,45.0,-0.0,-0.0,-0.0,0.08724817754776784,0.0,0.8800000000000001,0.0,0.0,0.0,-0.0,-0.0,-0.0,0.08724817754776784,0.0,0.88,0.0,0.0,0.0,1.0,,,0.101,95.95001193290389,950.0001181475632,950.0001181475632,0.0,29.450003662574456,-0.0,,,133.33333825613192,0.0,57.33333545013673,2.0,589.2455647395092,0.0,0.0,0.0,59.86734937753413
119,1,120,0.1016,0.0,766.804227184681,,,,0,0.0,1,1299.8371289163722,1299.8371289163722,0.0,207.97394062661954,43.154592680023555,0.0,,,194.88726713203525,1299.8371289163722,1247.8436437597197,51.993485156655034,1299.8371289163747,0.0,1.0,0.0,-0.0,0.15617923616202842,97.44363356601728,0.96,649.9185644581848,623.9218218798575,25.996742578327417,1.0,0.0,-0.0,0.1561792361620283,97.44363356601797,0.96,649.9185644581898,623.9218218798623,25.996742578327616,-0.0,0.0,-0.0,0.271,0.0,0.96,0.0,0.0,0.0,,,,455.33716779850704,1247.8436437597197,1154.2553688528585,93.5882749068636,1247.843643759722,0.0,1.0,-0.0,-0.0,0.394485640033512,227.6685838992534,0.9249999973956977,623.9218225587613,577.1276842419732,46.79413831678812,1.0,0.0,0.0,0.3944856397813489,227.66858389925363,0.9249999999999945,623.9218212009608,577.1276846108854,46.79413659007548,-0.0,-0.0,-0.0,0.08724817754776784,0.0,0.8800000000000001,0.0,0.0,0.0,-0.0,-0.0,-0.0,0.08724817754776784,0.0,0.8800000000000001,0.0,0.0,0.0,1.0,,,0.101,116.57979225413872,1154.2553688528585,1154.2553688528585,0.0,35.781916434438614,-0.0,,,145.58176006351636,0.0,62.600156827312034,2.0,766.804227184681,0.0,0.0,0.0,77.9073094819636
120,1,121,0.1016,0.0,766.8042282214245,,,,0,0.0,1,1299.8371289163722,1299.8371289163722,0.0,207.97394062661954,43.154592680023555,0.0,,,194.88726713203525,1299.8371289163722,1247.8436437597197,51.993485156655034,1299.8371289163747,0.0,1.0,0.0,-0.0,0.15617923616202842,97.44363356601728,0.96,649.9185644581848,623.9218218798575,25.996742578327417,1.0,0.0,-0.0,0.1561792361620283,97.44363356601797,0.96,649.9185644581898,623.9218218798623,25.996742578327616,-0.0,0.0,-0.0,0.27099999999999996,0.0,0.96,0.0,0.0,0.0,,,,455.33716867113776,1247.8436437597197,1154.2553704777379,93.58827328198424,1247.843643759722,0.0,1.0,-0.0,-0.0,0.3944856404348779,227.668584771885,0.925,623.9218225587613,577.1276858668542,46.794136691907056,1.0,0.0,0.0,0.3944856397813485,227.66858389925275,0.9249999999999918,623.9218212009608,577.1276846108836,46.79413659007719,-0.0,-0.0,-0.0,0.08724817754776784,0.0,0.8800000000000001,0.0,0.0,0.0,-0.0,-0.0,-0.0,0.08724817754776784,0.0,0.8800000000000001,0.0,0.0,0.0,1.0,,,0.101,116.57979241825153,1154.2553704777379,1154.2553704777379,0.0,35.78191648480988,-0.0,,,145.581758438637,0.0,62.60015612861391,2.0,766.8042282214245,0.0,0.0,0.0,77.90730958729672
121,1,122,0.1016,0.0,766.804228221445,,,,0,0.0,1,1299.8371289163722,1299.8371289163722,0.0,207.97394062661954,43.154592680023555,0.0,,,194.88726713203525,1299.8371289163722,1247.8436437597197,51.993485156655034,1299.8371289163747,0.0,1.0,0.0,-0.0,0.15617923616202842,97.44363356601728,0.96,649.9185644581848,623.9218218798575,25.996742578327417,1.0,0.0,-0.0,0.1561792361620283,97.44363356601797,0.96,649.9185644581898,623.9218218798623,25.996742578327616,-0.0,0.0,-0.0,0.27099999999999996,0.0,0.96,0.0,0.0,0.0,,,,455.33716867115413,1247.8436437597197,1154.2553704777781,93.588273281944,1247.843643759722,0.0,1.0,-0.0,-0.0,0.3944856404348779,227.668584771885,0.925,623.9218225587613,577.1276858668542,46.794136691907056,1.0,0.0,0.0,0.3944856397813494,227.66858389926912,0.925,623.9218212009608,577.1276846109239,46.79413659003694,-0.0,-0.0,-0.0,0.08724817754776784,0.0,0.8800000000000001,0.0,0.0,0.0,-0.0,-0.0,-0.0,0.08724817754776784,0.0,0.8800000000000001,0.0,0.0,0.0,1.0,,,0.101,116.5797924182556,1154.2553704777781,1154.2553704777781,0.0,35.78191648481112,-0.0,,,145.58175843859675,0.0,62.6001561285966,2.0,766.804228221445,0.0,0.0,0.0,77.90730958729881
122,1,123,0.1016,0.0,766.8042282214453,,,,0,0.0,1,1299.8371289163722,1299.8371289163722,0.0,207.97394062661954,43.154592680023555,0.0,,,194.88726713203525,1299.8371289163722,1247.8436437597197,51.993485156655034,1299.8371289163747,0.0,1.0,0.0,-0.0,0.15617923616202842,97.44363356601728,0.96,649.9185644581848,623.9218218798575,25.996742578327417,1.0,0.0,-0.0,0.1561792361620283,97.44363356601797,0.96,649.9185644581898,623.9218218798623,25.996742578327616,-0.0,0.0,-0.0,0.27099999999999996,0.0,0.96,0.0,0.0,0.0,,,,455.3371686711545,1247.8436437597197,1154.2553704777783,93.58827328194366,1247.843643759722,0.0,1.0,-0.0,-0.0,0.3944856404348779,227.668584771885,0.925,623.9218225587613,577.1276858668542,46.794136691907056,1.0,0.0,0.0,0.39448563978134976,227.6685838992695,0.925,623.9218212009608,577.1276846109242,46.7941365900366,-0.0,-0.0,-0.0,0.08724817754776784,0.0,0.8800000000000001,0.0,0.0,0.0,-0.0,-0.0,-0.0,0.08724817754776784,0.0,0.8800000000000001,0.0,0.0,0.0,1.0,,,0.101,116.57979241825562,1154.2553704777783,1154.2553704777783,0.0,35.78191648481113,-0.0,,,145.5817584385964,0.0,62.60015612859645,2.0,766.8042282214453,0.0,0.0,0.0,77.90730958729884
123,1,124,0.1016,0.0,766.8042282214417,,,,0,0.0,1,1299.8371289163722,1299.8371289163722,0.0,207.97394062661954,43.154592680023555,0.0,,,194.88726713203525,1299.8371289163722,1247.8436437597197,51.993485156655034,1299.8371289163747,0.0,1.0,0.0,-0.0,0.15617923616202842,97.44363356601728,0.96,649.9185644581848,623.9218218798575,25.996742578327417,1.0,0.0,-0.0,0.1561792361620283,97.44363356601797,0.96,649.9185644581898,623.9218218798623,25.996742578327616,-0.0,0.0,-0.0,0.27099999999999996,0.0,0.96,0.0,0.0,0.0,,,,455.3371686711515,1247.8436437597197,1154.2553704777708,93.58827328195127,1247.843643759722,0.0,1.0,-0.0,-0.0,0.3944856404348779,227.668584771885,0.925,623.9218225587613,577.1276858668542,46.794136691907056,1.0,0.0,0.0,0.39448563978134976,227.66858389926648,0.925,623.9218212009608,577.1276846109166,46.79413659004422,-0.0,-0.0,-0.0,0.08724817754776784,0.0,0.8800000000000001,0.0,0.0,0.0,-0.0,-0.0,-0.0,0.08724817754776784,0.0,0.8800000000000001,0.0,0.0,0.0,1.0,,,0.101,116.57979241825487,1154.2553704777708,1154.2553704777708,0.0,35.78191648481089,-0.0,,,145.58175843860403,0.0,62.60015612859973,2.0,766.8042282214417,0.0,0.0,0.0,77.90730958729847
124,1,125,0.1016,0.0,766.8042282214291,,,,0,0.0,1,1299.8371289163722,1299.8371289163722,0.0,207.97394062661954,43.154592680023555,0.0,,,194.88726713203525,1299.8371289163722,1247.8436437597197,51.993485156655034,1299.8371289163747,0.0,1.0,0.0,-0.0,0.15617923616202842,97.44363356601728,0.96,649.9185644581848,623.9218218798575,25.996742578327417,1.0,0.0,-0.0,0.1561792361620283,97.44363356601797,0.96,649.9185644581898,623.9218218798623,25.996742578327616,-0.0,0.0,-0.0,0.27099999999999996,0.0,0.96,0.0,0.0,0.0,,,,455.3371686711415,1247.8436437597197,1154.2553704777456,93.58827328197651,1247.843643759722,0.0,1.0,-0.0,-0.0,0.3944856404348779,227.668584771885,0.925,623.9218225587613,577.1276858668542,46.794136691907056,1.0,0.0,0.0,0.39448563978134976,227.66858389925653,0.925,623.9218212009608,577.1276846108914,46.794136590069456,-0.0,-0.0,-0.0,0.08724817754776784,0.0,0.8800000000000001,0.0,0.0,0.0,-0.0,-0.0,-0.0,0.08724817754776784,0.0,0.8800000000000001,0.0,0.0,0.0,1.0,,,0.101,116.57979241825231,1154.2553704777456,1154.2553704777456,0.0,35.78191648481011,-0.0,,,145.58175843862927,0.0,62.600156128610585,2.0,766.8042282214291,0.0,0.0,0.0,77.90730958729719
125,1,126,0.1016,0.0,766.804228221425,,,,0,0.0,1,1299.8371289163722,1299.8371289163722,0.0,207.97394062661954,43.154592680023555,0.0,,,194.88726713203525,1299.8371289163722,1247.8436437597197,51.993485156655034,1299.8371289163747,0.0,1.0,0.0,-0.0,0.15617923616202842,97.44363356601728,0.96,649.9185644581848,623.9218218798575,25.996742578327417,1.0,0.0,-0.0,0.1561792361620283,97.44363356601797,0.96,649.9185644581898,623.9218218798623,25.996742578327616,-0.0,0.0,-0.0,0.27099999999999996,0.0,0.96,0.0,0.0,0.0,,,,455.33716867113816,1247.8436437597197,1154.2553704777388,93.58827328198345,1247.843643759722,0.0,1.0,-0.0,-0.0,0.3944856404348779,227.668584771885,0.925,623.9218225587613,577.1276858668542,46.794136691907056,1.0,0.0,0.0,0.39448563978134865,227.66858389925315,0.924999999999993,623.9218212009608,577.1276846108844,46.79413659007639,-0.0,-0.0,-0.0,0.08724817754776784,0.0,0.8800000000000001,0.0,0.0,0.0,-0.0,-0.0,-0.0,0.08724817754776784,0.0,0.8800000000000001,0.0,0.0,0.0,1.0,,,0.101,116.57979241825163,1154.2553704777388,1154.2553704777388,0.0,35.781916484809905,-0.0,,,145.5817584386362,0.0,62.60015612861356,2.0,766.804228221425,0.0,0.0,0.0,77.90730958729678
126,1,127,0.1016,0.0,766.8042282214253,,,,0,0.0,1,1299.8371289163722,1299.8371289163722,0.0,207.97394062661954,43.154592680023555,0.0,,,194.88726713203525,1299.8371289163722,1247.8436437597197,51.993485156655034,1299.8371289163747,0.0,1.0,0.0,-0.0,0.15617923616202842,97.44363356601728,0.96,649.9185644581848,623.9218218798575,25.996742578327417,1.0,0.0,-0.0,0.1561792361620283,97.44363356601797,0.96,649.9185644581898,623.9218218798623,25.996742578327616,-0.0,0.0,-0.0,0.27099999999999996,0.0,0.96,0.0,0.0,0.0,,,,455.3371686711385,1247.8436437597197,1154.2553704777383,93.58827328198367,1247.843643759722,0.0,1.0,-0.0,-0.0,0.3944856404348779,227.668584771885,0.925,623.9218225587613,577.1276858668542,46.794136691907056,1.0,0.0,0.0,0.3944856397813494,227.6685838992535,0.925,623.9218212009608,577.1276846108842,46.79413659007662,-0.0,-0.0,-0.0,0.08724817754776784,0.0,0.8800000000000001,0.0,0.0,0.0,-0.0,-0.0,-0.0,0.08724817754776784,0.0,0.8800000000000001,0.0,0.0,0.0,1.0,,,0.101,116.57979241825157,1154.2553704777383,1154.2553704777383,0.0,35.78191648480989,-0.0,,,145.58175843863643,0.0,62.60015612861366,2.0,766.8042282214253,0.0,0.0,0.0,77.90730958729681
127,1,128,0.1016,0.0,766.8042282214244,,,,0,0.0,1,1299.8371289163722,1299.8371289163722,0.0,207.97394062661954,43.154592680023555,0.0,,,194.88726713203525,1299.8371289163722,1247.8436437597197,51.993485156655034,1299.8371289163747,0.0,1.0,0.0,-0.0,0.15617923616202842,97.44363356601728,0.96,649.9185644581848,623.9218218798575,25.996742578327417,1.0,0.0,-0.0,0.1561792361620283,97.44363356601797,0.96,649.9185644581898,623.9218218798623,25.996742578327616,-0.0,0.0,-0.0,0.27099999999999996,0.0,0.96,0.0,0.0,0.0,,,,455.33716867113765,1247.8436437597197,1154.2553704777376,93.58827328198447,1247.843643759722,0.0,1.0,-0.0,-0.0,0.3944856404348779,227.668584771885,0.925,623.9218225587613,577.1276858668542,46.794136691907056,1.0,0.0,0.0,0.39448563978134843,227.6685838992526,0.9249999999999914,623.9218212009608,577.1276846108834,46.794136590077414,-0.0,-0.0,-0.0,0.08724817754776784,0.0,0.8800000000000001,0.0,0.0,0.0,-0.0,-0.0,-0.0,0.08724817754776784,0.0,0.8800000000000001,0.0,0.0,0.0,1.0,,,0.101,116.57979241825151,1154.2553704777376,1154.2553704777376,0.0,35.78191648480987,-0.0,,,145.58175843863722,0.0,62.600156128614,2.0,766.8042282214244,0.0,0.0,0.0,77.90730958729672
128,1,129,0.1016,0.0,766.8042282214243,,,,0,0.0,1,1299.8371289163722,1299.8371289163722,0.0,207.97394062661954,43.154592680023555,0.0,,,194.88726713203525,1299.8371289163722,1247.8436437597197,51.993485156655034,1299.8371289163747,0.0,1.0,0.0,-0.0,0.15617923616202842,97.44363356601728,0.96,649.9185644581848,623.9218218798575,25.996742578327417,1.0,0.0,-0.0,0.1561792361620283,97.44363356601797,0.96,649.9185644581898,623.9218218798623,25.996742578327616,-0.0,0.0,-0.0,0.27099999999999996,0.0,0.96,0.0,0.0,0.0,,,,455.3371686711376,1247.8436437597197,1154.2553704777374,93.58827328198481,1247.843643759722,0.0,1.0,-0.0,-0.0,0.39448564043487816,227.66858477188518,0.925,623.9218225587613,577.1276858668542,46.794136691907056,1.0,0.0,0.0,0.3944856397813483,227.6685838992524,0.9249999999999908,623.9218212009608,577.1276846108831,46.794136590077755,-0.0,-0.0,-0.0,0.08724817754776784,0.0,0.8800000000000001,0.0,0.0,0.0,-0.0,-0.0,-0.0,0.08724817754776784,0.0,0.8800000000000001,0.0,0.0,0.0,1.0,,,0.101,116.57979241825149,1154.2553704777374,1154.2553704777374,0.0,35.78191648480986,-0.0,,,145.58175843863756,0.0,62.60015612861415,2.0,766.8042282214243,0.0,0.0,0.0,77.90730958729671
129,1,130,0.1016,0.0,766.804228221421,,,,0,0.0,1,1299.8371289163722,1299.8371289163722,0.0,207.97394062661954,43.154592680023555,0.0,,,194.88726713203525,1299.8371289163722,1247.8436437597197,51.993485156655034,1299.8371289163747,0.0,1.0,0.0,-0.0,0.15617923616202842,97.44363356601728,0.96,649.9185644581848,623.9218218798575,25.996742578327417,1.0,0.0,-0.0,0.1561792361620283,97.44363356601797,0.96,649.9185644581898,623.9218218798623,25.996742578327616,-0.0,0.0,-0.0,0.27099999999999996,0.0,0.96,0.0,0.0,0.0,,,,455.3371686711348,1247.8436437597197,1154.2553704777324,93.5882732819897,1247.843643759722,0.0,1.0,-0.0,-0.0,0.3944856404348779,227.668584771885,0.925,623.9218225587613,577.1276858668542,46.794136691907056,1.0,0.0,0.0,0.3944856397813471,227.6685838992498,0.9249999999999831,623.9218212009608,577.1276846108782,46.794136590082644,-0.0,-0.0,-0.0,0.08724817754776784,0.0,0.8800000000000001,0.0,0.0,0.0,-0.0,-0.0,-0.0,0.08724817754776784,0.0,0.8800000000000001,0.0,0.0,0.0,1.0,,,0.101,116.57979241825097,1154.2553704777324,1154.2553704777324,0.0,35.781916484809706,-0.0,,,145.58175843864245,0.0,62.600156128616256,2.0,766.804228221421,0.0,0.0,0.0,77.90730958729637
130,1,131,0.1016,0.0,766.8042282214118,,,,0,0.0,1,1299.8371289163722,1299.8371289163722,0.0,207.97394062661954,43.154592680023555,0.0,,,194.88726713203525,1299.8371289163722,1247.8436437597197,51.993485156655034,1299.8371289163747,0.0,1.0,0.0,-0.0,0.15617923616202842,97.44363356601728,0.96,649.9185644581848,623.9218218798575,25.996742578327417,1.0,0.0,-0.0,0.1561792361620283,97.44363356601797,0.96,649.9185644581898,623.9218218798623,25.996742578327616,-0.0,0.0,-0.0,0.27099999999999996,0.0,0.96,0.0,0.0,0.0,,,,455.33716867112696,1247.8436437597197,1154.2553704777179,93.58827328200437,1247.843643759722,0.0,1.0,-0.0,-0.0,0.3944856404348779,227.668584771885,0.925,623.9218225587613,577.1276858668542,46.794136691907056,1.0,0.0,0.0,0.3944856397813435,227.66858389924192,0.9249999999999595,623.9218212009608,577.1276846108635,46.79413659009731,-0.0,-0.0,-0.0,0.08724817754776784,0.0,0.8800000000000001,0.0,0.0,0.0,-0.0,-0.0,-0.0,0.08724817754776784,0.0,0.8800000000000001,0.0,0.0,0.0,1.0,,,0.101,116.57979241824951,1154.2553704777179,1154.2553704777179,0.0,35.78191648480925,-0.0,,,145.58175843865712,0.0,62.60015612862256,2.0,766.8042282214118,0.0,0.0,0.0,77.90730958729543
131,1,132,0.1016,0.0,766.8042282213905,,,,0,0.0,1,1299.8371289163722,1299.8371289163722,0.0,207.97394062661954,43.154592680023555,0.0,,,194.88726713203525,1299.8371289163722,1247.8436437597197,51.993485156655034,1299.8371289163747,0.0,1.0,0.0,-0.0,0.15617923616202842,97.44363356601728,0.96,649.9185644581848,623.9218218798575,25.996742578327417,1.0,0.0,-0.0,0.1561792361620283,97.44363356601797,0.96,649.9185644581898,623.9218218798623,25.996742578327616,-0.0,0.0,-0.0,0.27099999999999996,0.0,0.96,0.0,0.0,0.0,,,,455.33716867110917,1247.8436437597197,1154.2553704776847,93.58827328203745,1247.843643759722,0.0,1.0,-0.0,-0.0,0.3944856404348779,227.668584771885,0.925,623.9218225587613,577.1276858668542,46.794136691907056,1.0,0.0,0.0,0.39448563978133533,227.66858389922416,0.9249999999999066,623.9218212009608,577.1276846108304,46.79413659013039,-0.0,-0.0,-0.0,0.08724817754776784,0.0,0.8800000000000001,0.0,0.0,0.0,-0.0,-0.0,-0.0,0.08724817754776784,0.0,0.8800000000000001,0.0,0.0,0.0,1.0,,,0.101,116.57979241824616,1154.2553704776847,1154.2553704776847,0.0,35.78191648480822,-0.0,,,145.5817584386902,0.0,62.60015612863678,2.0,766.8042282213905,0.0,0.0,0.0,77.90730958729327
132,1,133,0.1016,0.0,766.804228221434,,,,0,0.0,1,1299.8371289163722,1299.8371289163722,0.0,207.97394062661954,43.154592680023555,0.0,,,194.88726713203525,1299.8371289163722,1247.8436437597197,51.993485156655034,1299.8371289163747,0.0,1.0,0.0,-0.0,0.15617923616202842,97.44363356601728,0.96,649.9185644581848,623.9218218798575,25.996742578327417,1.0,0.0,-0.0,0.1561792361620283,97.44363356601797,0.96,649.9185644581898,623.9218218798623,25.996742578327616,-0.0,0.0,-0.0,0.27099999999999996,0.0,0.96,0.0,0.0,0.0,,,,455.3371686711454,1247.8436437597197,1154.2553704777554,93.58827328196674,1247.843643759722,0.0,1.0,-0.0,-0.0,0.3944856404348779,227.668584771885,0.925,623.9218225587613,577.1276858668542,46.794136691907056,1.0,0.0,0.0,0.39448563978134976,227.6685838992604,0.925,623.9218212009608,577.1276846109012,46.79413659005968,-0.0,-0.0,-0.0,0.08724817754776784,0.0,0.8800000000000001,0.0,0.0,0.0,-0.0,-0.0,-0.0,0.08724817754776784,0.0,0.8800000000000001,0.0,0.0,0.0,1.0,,,0.101,116.5797924182533,1154.2553704777554,1154.2553704777554,0.0,35.78191648481042,-0.0,,,145.5817584386195,0.0,62.60015612860638,2.0,766.804228221434,0.0,0.0,0.0,77.90730958729769
133,1,134,0.1016,0.0,766.8042282214114,,,,0,0.0,1,1299.8371289163722,1299.8371289163722,0.0,207.97394062661954,43.154592680023555,0.0,,,194.88726713203525,1299.8371289163722,1247.8436437597197,51.993485156655034,1299.8371289163747,0.0,1.0,0.0,-0.0,0.15617923616202842,97.44363356601728,0.96,649.9185644581848,623.9218218798575,25.996742578327417,1.0,0.0,-0.0,0.1561792361620283,97.44363356601797,0.96,649.9185644581898,623.9218218798623,25.996742578327616,-0.0,0.0,-0.0,0.27099999999999996,0.0,0.96,0.0,0.0,0.0,,,,455.33716867112673,1247.8436437597197,1154.255370477717,93.58827328200505,1247.843643759722,0.0,1.0,-0.0,-0.0,0.39448564043487816,227.66858477188518,0.925,623.9218225587613,577.1276858668542,46.794136691907056,1.0,0.0,0.0,0.3944856397813433,227.66858389924155,0.9249999999999584,623.9218212009608,577.1276846108628,46.79413659009799,-0.0,-0.0,-0.0,0.08724817754776784,0.0,0.8800000000000001,0.0,0.0,0.0,-0.0,-0.0,-0.0,0.08724817754776784,0.0,0.8800000000000001,0.0,0.0,0.0,1.0,,,0.101,116.57979241824943,1154.255370477717,1154.255370477717,0.0,35.78191648480922,-0.0,,,145.5817584386578,0.0,62.60015612862286,2.0,766.8042282214114,0.0,0.0,0.0,77.9073095872954
134,1,135,0.1016,0.0,766.8042282214383,,,,0,0.0,1,1299.8371289163722,1299.8371289163722,0.0,207.97394062661954,43.154592680023555,0.0,,,194.88726713203525,1299.8371289163722,1247.8436437597197,51.993485156655034,1299.8371289163747,0.0,1.0,0.0,-0.0,0.15617923616202842,97.44363356601728,0.96,649.9185644581848,623.9218218798575,25.996742578327417,1.0,0.0,-0.0,0.1561792361620283,97.44363356601797,0.96,649.9185644581898,623.9218218798623,25.996742578327616,-0.0,0.0,-0.0,0.27099999999999996,0.0,0.96,0.0,0.0,0.0,,,,455.33716867114885,1247.8436437597197,1154.2553704777647,93.58827328195741,1247.843643759722,0.0,1.0,-0.0,-0.0,0.3944856404348779,227.668584771885,0.925,623.9218225587613,577.1276858668542,46.794136691907056,1.0,0.0,0.0,0.3944856397813494,227.66858389926384,0.925,623.9218212009608,577.1276846109105,46.79413659005036,-0.0,-0.0,-0.0,0.08724817754776784,0.0,0.8800000000000001,0.0,0.0,0.0,-0.0,-0.0,-0.0,0.08724817754776784,0.0,0.8800000000000001,0.0,0.0,0.0,1.0,,,0.101,116.57979241825424,1154.2553704777647,1154.2553704777647,0.0,35.78191648481071,-0.0,,,145.58175843861017,0.0,62.60015612860237,2.0,766.8042282214383,0.0,0.0,0.0,77.90730958729813
135,1,136,0.1016,0.0,766.8042282214144,,,,0,0.0,1,1299.8371289163722,1299.8371289163722,0.0,207.97394062661954,43.154592680023555,0.0,,,194.88726713203525,1299.8371289163722,1247.8436437597197,51.993485156655034,1299.8371289163747,0.0,1.0,0.0,-0.0,0.15617923616202842,97.44363356601728,0.96,649.9185644581848,623.9218218798575,25.996742578327417,1.0,0.0,-0.0,0.1561792361620283,97.44363356601797,0.96,649.9185644581898,623.9218218798623,25.996742578327616,-0.0,0.0,-0.0,0.27099999999999996,0.0,0.96,0.0,0.0,0.0,,,,455.33716867112923,1247.8436437597197,1154.255370477722,93.58827328200016,1247.843643759722,0.0,1.0,-0.0,-0.0,0.3944856404348779,227.668584771885,0.925,623.9218225587613,577.1276858668542,46.794136691907056,1.0,0.0,0.0,0.39448563978134454,227.6685838992442,0.9249999999999663,623.9218212009608,577.1276846108677,46.7941365900931,-0.0,-0.0,-0.0,0.08724817754776784,0.0,0.8800000000000001,0.0,0.0,0.0,-0.0,-0.0,-0.0,0.08724817754776784,0.0,0.8800000000000001,0.0,0.0,0.0,1.0,,,0.101,116.57979241824992,1154.255370477722,1154.255370477722,0.0,35.78191648480938,-0.0,,,145.5817584386529,0.0,62.60015612862075,2.0,766.8042282214144,0.0,0.0,0.0,77.9073095872957
136,1,137,0.1016,0.0,766.8042282214171,,,,0,0.0,1,1299.8371289163722,1299.8371289163722,0.0,207.97394062661954,43.154592680023555,0.0,,,194.88726713203525,1299.8371289163722,1247.8436437597197,51.993485156655034,1299.8371289163747,0.0,1.0,0.0,-0.0,0.15617923616202842,97.44363356601728,0.96,649.9185644581848,623.9218218798575,25.996742578327417,1.0,0.0,-0.0,0.1561792361620283,97.44363356601797,0.96,649.9185644581898,623.9218218798623,25.996742578327616,-0.0,0.0,-0.0,0.27099999999999996,0.0,0.96,0.0,0.0,0.0,,,,455.33716867113196,1247.8436437597197,1154.255370477722,93.58827328200016,1247.843643759722,0.0,1.0,-0.0,-0.0,0.3944856404348779,227.668584771885,0.925,623.9218225587613,577.1276858668542,46.794136691907056,1.0,0.0,0.0,0.3944856397813494,227.66858389924698,0.925,623.9218212009608,577.1276846108677,46.7941365900931,-0.0,-0.0,-0.0,0.08724817754776784,0.0,0.8800000000000001,0.0,0.0,0.0,-0.0,-0.0,-0.0,0.08724817754776784,0.0,0.8800000000000001,0.0,0.0,0.0,1.0,,,0.101,116.57979241824992,1154.255370477722,1154.255370477722,0.0,35.78191648480938,-0.0,,,145.5817584386529,0.0,62.60015612862075,2.0,766.8042282214171,0.0,0.0,0.0,77.90730958729598
137,1,138,0.13994,0.0,766.8042282214316,,,,0,0.0,1,1299.8371289163722,1299.8371289163722,0.0,207.97394062661954,43.154592680023555,0.0,,,194.88726713203525,1299.8371289163722,1247.8436437597197,51.993485156655034,1299.8371289163747,0.0,1.0,0.0,-0.0,0.15617923616202842,97.44363356601728,0.96,649.9185644581848,623.9218218798575,25.996742578327417,1.0,0.0,-0.0,0.1561792361620283,97.44363356601797,0.96,649.9185644581898,623.9218218798623,25.996742578327616,-0.0,0.0,-0.0,0.27099999999999996,0.0,0.96,0.0,0.0,0.0,,,,455.33716867114356,1247.8436437597197,1154.2553704777501,93.58827328197185,1247.843643759722,0.0,1.0,-0.0,-0.0,0.39448564043487816,227.66858477188518,0.925,623.9218225587613,577.1276858668542,46.794136691907056,1.0,0.0,0.0,0.39448563978134976,227.66858389925838,0.925,623.9218212009608,577.127684610896,46.794136590064795,-0.0,-0.0,-0.0,0.08724817754776784,0.0,0.8800000000000001,0.0,0.0,0.0,-0.0,-0.0,-0.0,0.08724817754776784,0.0,0.8800000000000001,0.0,0.0,0.0,1.0,,,0.101,116.57979241825278,1154.2553704777501,1154.2553704777501,0.0,35.78191648481025,-0.0,,,145.5817584386246,0.0,62.60015612860858,2.0,766.8042282214316,0.0,0.0,0.0,107.30658369730715
138,1,139,0.13994,0.0,766.8042282214294,,,,0,0.0,1,1299.8371289163722,1299.8371289163722,0.0,207.97394062661954,43.154592680023555,0.0,,,194.88726713203525,1299.8371289163722,1247.8436437597197,51.993485156655034,1299.8371289163747,0.0,1.0,0.0,-0.0,0.15617923616202842,97.44363356601728,0.96,649.9185644581848,623.9218218798575,25.996742578327417,1.0,0.0,-0.0,0.1561792361620283,97.44363356601797,0.96,649.9185644581898,623.9218218798623,25.996742578327616,-0.0,0.0,-0.0,0.27099999999999996,0.0,0.96,0.0,0.0,0.0,,,,455.33716867114174,1247.8436437597197,1154.255370477746,93.58827328197594,1247.843643759722,0.0,1.0,-0.0,-0.0,0.3944856404348779,227.668584771885,0.925,623.9218225587613,577.1276858668542,46.794136691907056,1.0,0.0,0.0,0.39448563978134976,227.66858389925676,0.925,623.9218212009608,577.127684610892,46.79413659006889,-0.0,-0.0,-0.0,0.08724817754776784,0.0,0.8800000000000001,0.0,0.0,0.0,-0.0,-0.0,-0.0,0.08724817754776784,0.0,0.8800000000000001,0.0,0.0,0.0,1.0,,,0.101,116.57979241825235,1154.255370477746,1154.255370477746,0.0,35.781916484810125,-0.0,,,145.5817584386287,0.0,62.60015612861034,2.0,766.8042282214294,0.0,0.0,0.0,107.30658369730683
139,1,140,0.13994,0.0,766.8042282214245,,,,0,0.0,1,1299.8371289163722,1299.8371289163722,0.0,207.97394062661954,43.154592680023555,0.0,,,194.88726713203525,1299.8371289163722,1247.8436437597197,51.993485156655034,1299.8371289163747,0.0,1.0,0.0,-0.0,0.15617923616202842,97.44363356601728,0.96,649.9185644581848,623.9218218798575,25.996742578327417,1.0,0.0,-0.0,0.1561792361620283,97.44363356601797,0.96,649.9185644581898,623.9218218798623,25.996742578327616,-0.0,0.0,-0.0,0.27099999999999996,0.0,0.96,0.0,0.0,0.0,,,,455.33716867113776,1247.8436437597197,1154.2553704777379,93.58827328198424,1247.843643759722,0.0,1.0,-0.0,-0.0,0.3944856404348779,227.668584771885,0.925,623.9218225587613,577.1276858668542,46.794136691907056,1.0,0.0,0.0,0.3944856397813485,227.66858389925275,0.9249999999999918,623.9218212009608,577.1276846108836,46.79413659007719,-0.0,-0.0,-0.0,0.08724817754776784,0.0,0.8800000000000001,0.0,0.0,0.0,-0.0,-0.0,-0.0,0.08724817754776784,0.0,0.8800000000000001,0.0,0.0,0.0,1.0,,,0.101,116.57979241825153,1154.2553704777379,1154.2553704777379,0.0,35.78191648480988,-0.0,,,145.581758438637,0.0,62.60015612861391,2.0,766.8042282214245,0.0,0.0,0.0,107.30658369730615
140,1,141,0.13994,0.0,766.8042282214248,,,,0,0.0,1,1299.8371289163722,1299.8371289163722,0.0,207.97394062661954,43.154592680023555,0.0,,,194.88726713203525,1299.8371289163722,1247.8436437597197,51.993485156655034,1299.8371289163747,0.0,1.0,0.0,-0.0,0.15617923616202842,97.44363356601728,0.96,649.9185644581848,623.9218218798575,25.996742578327417,1.0,0.0,-0.0,0.1561792361620283,97.44363356601797,0.96,649.9185644581898,623.9218218798623,25.996742578327616,-0.0,0.0,-0.0,0.27099999999999996,0.0,0.96,0.0,0.0,0.0,,,,455.33716867113793,1247.8436437597197,1154.2553704777383,93.5882732819839,1247.843643759722,0.0,1.0,-0.0,-0.0,0.3944856404348779,227.668584771885,0.925,623.9218225587613,577.1276858668542,46.794136691907056,1.0,0.0,0.0,0.39448563978134854,227.66858389925292,0.9249999999999924,623.9218212009608,577.127684610884,46.794136590076846,-0.0,-0.0,-0.0,0.08724817754776784,0.0,0.8800000000000001,0.0,0.0,0.0,-0.0,-0.0,-0.0,0.08724817754776784,0.0,0.8800000000000001,0.0,0.0,0.0,1.0,,,0.101,116.57979241825157,1154.2553704777383,1154.2553704777383,0.0,35.78191648480989,-0.0,,,145.58175843863665,0.0,62.60015612861376,2.0,766.8042282214248,0.0,0.0,0.0,107.30658369730618
141,1,142,0.13994,0.0,766.804228221425,,,,0,0.0,1,1299.8371289163722,1299.8371289163722,0.0,207.97394062661954,43.154592680023555,0.0,,,194.88726713203525,1299.8371289163722,1247.8436437597197,51.993485156655034,1299.8371289163747,0.0,1.0,0.0,-0.0,0.15617923616202842,97.44363356601728,0.96,649.9185644581848,623.9218218798575,25.996742578327417,1.0,0.0,-0.0,0.1561792361620283,97.44363356601797,0.96,649.9185644581898,623.9218218798623,25.996742578327616,-0.0,0.0,-0.0,0.27099999999999996,0.0,0.96,0.0,0.0,0.0,,,,455.3371686711381,1247.8436437597197,1154.2553704777383,93.5882732819839,1247.843643759722,0.0,1.0,-0.0,-0.0,0.39448564043487816,227.66858477188518,0.925,623.9218225587613,577.1276858668542,46.794136691907056,1.0,0.0,0.0,0.39448563978134854,227.66858389925292,0.9249999999999924,623.9218212009608,577.127684610884,46.794136590076846,-0.0,-0.0,-0.0,0.08724817754776784,0.0,0.8800000000000001,0.0,0.0,0.0,-0.0,-0.0,-0.0,0.08724817754776784,0.0,0.8800000000000001,0.0,0.0,0.0,1.0,,,0.101,116.57979241825157,1154.2553704777383,1154.2553704777383,0.0,35.78191648480989,-0.0,,,145.58175843863665,0.0,62.60015612861376,2.0,766.804228221425,0.0,0.0,0.0,107.30658369730622
142,1,143,0.1016,0.0,766.8042282214252,,,,0,0.0,1,1299.8371289163722,1299.8371289163722,0.0,207.97394062661954,43.154592680023555,0.0,,,194.88726713203525,1299.8371289163722,1247.8436437597197,51.993485156655034,1299.8371289163747,0.0,1.0,0.0,-0.0,0.15617923616202842,97.44363356601728,0.96,649.9185644581848,623.9218218798575,25.996742578327417,1.0,0.0,-0.0,0.1561792361620283,97.44363356601797,0.96,649.9185644581898,623.9218218798623,25.996742578327616,-0.0,0.0,-0.0,0.27099999999999996,0.0,0.96,0.0,0.0,0.0,,,,455.33716867113833,1247.8436437597197,1154.2553704777388,93.58827328198345,1247.843643759722,0.0,1.0,-0.0,-0.0,0.39448564043487816,227.66858477188518,0.925,623.9218225587613,577.1276858668542,46.794136691907056,1.0,0.0,0.0,0.39448563978134865,227.66858389925315,0.924999999999993,623.9218212009608,577.1276846108844,46.79413659007639,-0.0,-0.0,-0.0,0.08724817754776784,0.0,0.8800000000000001,0.0,0.0,0.0,-0.0,-0.0,-0.0,0.08724817754776784,0.0,0.8800000000000001,0.0,0.0,0.0,1.0,,,0.101,116.57979241825163,1154.2553704777388,1154.2553704777388,0.0,35.781916484809905,-0.0,,,145.5817584386362,0.0,62.60015612861356,2.0,766.8042282214252,0.0,0.0,0.0,77.9073095872968
143,1,144,0.1016,0.0,766.8042282214278,,,,0,0.0,1,1299.8371289163722,1299.8371289163722,0.0,207.97394062661954,43.154592680023555,0.0,,,194.88726713203525,1299.8371289163722,1247.8436437597197,51.993485156655034,1299.8371289163747,0.0,1.0,0.0,-0.0,0.15617923616202842,97.44363356601728,0.96,649.9185644581848,623.9218218798575,25.996742578327417,1.0,0.0,-0.0,0.1561792361620283,97.44363356601797,0.96,649.9185644581898,623.9218218798623,25.996742578327616,-0.0,0.0,-0.0,0.27099999999999996,0.0,0.96,0.0,0.0,0.0,,,,455.3371686711405,1247.8436437597197,1154.2553704777429,93.58827328197913,1247.843643759722,0.0,1.0,-0.0,-0.0,0.3944856404348779,227.668584771885,0.925,623.9218225587613,577.1276858668542,46.794136691907056,1.0,0.0,0.0,0.39448563978134976,227.6685838992555,0.9249999999999999,623.9218212009608,577.1276846108888,46.79413659007207,-0.0,-0.0,-0.0,0.08724817754776784,0.0,0.8800000000000001,0.0,0.0,0.0,-0.0,-0.0,-0.0,0.08724817754776784,0.0,0.8800000000000001,0.0,0.0,0.0,1.0,,,0.101,116.57979241825204,1154.2553704777429,1154.2553704777429,0.0,35.781916484810026,-0.0,,,145.58175843863188,0.0,62.60015612861171,2.0,766.8042282214278,0.0,0.0,0.0,77.90730958729706
144,1,145,0.1016,0.0,766.8042282214383,,,,0,0.0,1,1299.8371289163722,1299.8371289163722,0.0,207.97394062661954,43.154592680023555,0.0,,,194.88726713203525,1299.8371289163722,1247.8436437597197,51.993485156655034,1299.8371289163747,0.0,1.0,0.0,-0.0,0.15617923616202842,97.44363356601728,0.96,649.9185644581848,623.9218218798575,25.996742578327417,1.0,0.0,-0.0,0.1561792361620283,97.44363356601797,0.96,649.9185644581898,623.9218218798623,25.996742578327616,-0.0,0.0,-0.0,0.27099999999999996,0.0,0.96,0.0,0.0,0.0,,,,455.33716867114885,1247.8436437597197,1154.2553704777647,93.58827328195753,1247.843643759722,0.0,1.0,-0.0,-0.0,0.39448564043487755,227.66858477189334,0.925,623.9218225587613,577.1276858668758,46.794136691885456,1.0,0.0,0.0,0.39448563978134976,227.6685838992555,0.9249999999999999,623.9218212009608,577.1276846108888,46.79413659007207,-0.0,-0.0,-0.0,0.08724817754776784,0.0,0.8800000000000001,0.0,0.0,0.0,-0.0,-0.0,-0.0,0.08724817754776784,0.0,0.8800000000000001,0.0,0.0,0.0,1.0,,,0.101,116.57979241825424,1154.2553704777647,1154.2553704777647,0.0,35.78191648481071,-0.0,,,145.58175843861028,0.0,62.60015612860242,2.0,766.8042282214383,0.0,0.0,0.0,77.90730958729813
145,1,146,0.1016,0.0,766.8042282214249,,,,0,0.0,1,1299.8371289163722,1299.8371289163722,0.0,207.97394062661954,43.154592680023555,0.0,,,194.88726713203525,1299.8371289163722,1247.8436437597197,51.993485156655034,1299.8371289163747,0.0,1.0,0.0,-0.0,0.15617923616202842,97.44363356601728,0.96,649.9185644581848,623.9218218798575,25.996742578327417,1.0,0.0,-0.0,0.1561792361620283,97.44363356601797,0.96,649.9185644581898,623.9218218798623,25.996742578327616,-0.0,0.0,-0.0,0.27099999999999996,0.0,0.96,0.0,0.0,0.0,,,,455.3371686711381,1247.8436437597197,1154.2553704777374,93.58827328198458,1247.843643759722,0.0,1.0,-0.0,-0.0,0.3944856404348779,227.668584771885,0.925,623.9218225587613,577.1276858668542,46.794136691907056,1.0,0.0,0.0,0.3944856397813494,227.66858389925312,0.925,623.9218212009608,577.1276846108833,46.79413659007753,-0.0,-0.0,-0.0,0.08724817754776784,0.0,0.8800000000000001,0.0,0.0,0.0,-0.0,-0.0,-0.0,0.08724817754776784,0.0,0.8800000000000001,0.0,0.0,0.0,1.0,,,0.101,116.57979241825149,1154.2553704777374,1154.2553704777374,0.0,35.78191648480986,-0.0,,,145.58175843863734,0.0,62.60015612861405,2.0,766.8042282214249,0.0,0.0,0.0,77.90730958729677
146,1,147,0.1016,0.0,766.8042282214244,,,,0,0.0,1,1299.8371289163722,1299.8371289163722,0.0,207.97394062661954,43.154592680023555,0.0,,,194.88726713203525,1299.8371289163722,1247.8436437597197,51.993485156655034,1299.8371289163747,0.0,1.0,0.0,-0.0,0.15617923616202842,97.44363356601728,0.96,649.9185644581848,623.9218218798575,25.996742578327417,1.0,0.0,-0.0,0.1561792361620283,97.44363356601797,0.96,649.9185644581898,623.9218218798623,25.996742578327616,-0.0,0.0,-0.0,0.27099999999999996,0.0,0.96,0.0,0.0,0.0,,,,455.33716867113765,1247.8436437597197,1154.2553704777374,93.5882732819847,1247.843643759722,0.0,1.0,-0.0,-0.0,0.39448564043487816,227.66858477188518,0.925,623.9218225587613,577.1276858668542,46.794136691907056,1.0,0.0,0.0,0.3944856397813483,227.66858389925247,0.924999999999991,623.9218212009608,577.1276846108832,46.79413659007764,-0.0,-0.0,-0.0,0.08724817754776784,0.0,0.8800000000000001,0.0,0.0,0.0,-0.0,-0.0,-0.0,0.08724817754776784,0.0,0.8800000000000001,0.0,0.0,0.0,1.0,,,0.101,116.57979241825149,1154.2553704777374,1154.2553704777374,0.0,35.78191648480986,-0.0,,,145.58175843863745,0.0,62.6001561286141,2.0,766.8042282214244,0.0,0.0,0.0,77.90730958729672
147,1,148,0.1016,0.0,766.8042282214151,,,,0,0.0,1,1299.8371289163722,1299.8371289163722,0.0,207.97394062661954,43.154592680023555,0.0,,,194.88726713203525,1299.8371289163722,1247.8436437597197,51.993485156655034,1299.8371289163747,0.0,1.0,0.0,-0.0,0.15617923616202842,97.44363356601728,0.96,649.9185644581848,623.9218218798575,25.996742578327417,1.0,0.0,-0.0,0.1561792361620283,97.44363356601797,0.96,649.9185644581898,623.9218218798623,25.996742578327616,-0.0,0.0,-0.0,0.27099999999999996,0.0,0.96,0.0,0.0,0.0,,,,455.3371686711298,1247.8436437597197,1154.255370477723,93.58827328199902,1247.843643759722,0.0,1.0,-0.0,-0.0,0.3944856404348779,227.668584771885,0.925,623.9218225587613,577.1276858668542,46.794136691907056,1.0,0.0,0.0,0.3944856397813448,227.6685838992448,0.9249999999999681,623.9218212009608,577.1276846108689,46.794136590091966,-0.0,-0.0,-0.0,0.08724817754776784,0.0,0.8800000000000001,0.0,0.0,0.0,-0.0,-0.0,-0.0,0.08724817754776784,0.0,0.8800000000000001,0.0,0.0,0.0,1.0,,,0.101,116.57979241825004,1154.255370477723,1154.255370477723,0.0,35.781916484809415,-0.0,,,145.58175843865178,0.0,62.60015612862026,2.0,766.8042282214151,0.0,0.0,0.0,77.90730958729577
148,1,149,0.1016,0.0,766.8042282214215,,,,0,0.0,1,1299.8371289163722,1299.8371289163722,0.0,207.97394062661954,43.154592680023555,0.0,,,194.88726713203525,1299.8371289163722,1247.8436437597197,51.993485156655034,1299.8371289163747,0.0,1.0,0.0,-0.0,0.15617923616202842,97.44363356601728,0.96,649.9185644581848,623.9218218798575,25.996742578327417,1.0,0.0,-0.0,0.1561792361620283,97.44363356601797,0.96,649.9185644581898,623.9218218798623,25.996742578327616,-0.0,0.0,-0.0,0.27099999999999996,0.0,0.96,0.0,0.0,0.0,,,,455.33716867113515,1247.8436437597197,1154.2553704777329,93.58827328198913,1247.843643759722,0.0,1.0,-0.0,-0.0,0.3944856404348779,227.668584771885,0.925,623.9218225587613,577.1276858668542,46.794136691907056,1.0,0.0,0.0,0.39448563978134726,227.6685838992501,0.924999999999984,623.9218212009608,577.1276846108788,46.794136590082076,-0.0,-0.0,-0.0,0.08724817754776784,0.0,0.8800000000000001,0.0,0.0,0.0,-0.0,-0.0,-0.0,0.08724817754776784,0.0,0.8800000000000001,0.0,0.0,0.0,1.0,,,0.101,116.57979241825103,1154.2553704777329,1154.2553704777329,0.0,35.78191648480972,-0.0,,,145.58175843864188,0.0,62.60015612861601,2.0,766.8042282214215,0.0,0.0,0.0,77.90730958729641
149,1,150,0.1016,0.0,766.8042282214151,,,,0,0.0,1,1299.8371289163722,1299.8371289163722,0.0,207.97394062661954,43.154592680023555,0.0,,,194.88726713203525,1299.8371289163722,1247.8436437597197,51.993485156655034,1299.8371289163747,0.0,1.0,0.0,-0.0,0.15617923616202842,97.44363356601728,0.96,649.9185644581848,623.9218218798575,25.996742578327417,1.0,0.0,-0.0,0.1561792361620283,97.44363356601797,0.96,649.9185644581898,623.9218218798623,25.996742578327616,-0.0,0.0,-0.0,0.27099999999999996,0.0,0.96,0.0,0.0,0.0,,,,455.3371686711298,1247.8436437597197,1154.255370477723,93.58827328199902,1247.843643759722,0.0,1.0,-0.0,-0.0,0.3944856404348779,227.668584771885,0.925,623.9218225587613,577.1276858668542,46.794136691907056,1.0,0.0,0.0,0.3944856397813448,227.6685838992448,0.9249999999999681,623.9218212009608,577.1276846108689,46.794136590091966,-0.0,-0.0,-0.0,0.08724817754776784,0.0,0.8800000000000001,0.0,0.0,0.0,-0.0,-0.0,-0.0,0.08724817754776784,0.0,0.8800000000000001,0.0,0.0,0.0,1.0,,,0.101,116.57979241825004,1154.255370477723,1154.255370477723,0.0,35.781916484809415,-0.0,,,145.58175843865178,0.0,62.60015612862026,2.0,766.8042282214151,0.0,0.0,0.0,77.90730958729577
150,1,151,0.1016,0.0,766.8042282214087,,,,0,0.0,1,1299.8371289163722,1299.8371289163722,0.0,207.97394062661954,43.154592680023555,0.0,,,194.88726713203525,1299.8371289163722,1247.8436437597197,51.993485156655034,1299.8371289163747,0.0,1.0,0.0,-0.0,0.15617923616202842,97.44363356601728,0.96,649.9185644581848,623.9218218798575,25.996742578327417,1.0,0.0,-0.0,0.1561792361620283,97.44363356601797,0.96,649.9185644581898,623.9218218798623,25.996742578327616,-0.0,0.0,-0.0,0.27099999999999996,0.0,0.96,0.0,0.0,0.0,,,,455.33716867112446,1247.8436437597197,1154.255370477713,93.58827328200903,1247.843643759722,0.0,1.0,-0.0,-0.0,0.3944856404348779,227.668584771885,0.925,623.9218225587613,577.1276858668542,46.794136691907056,1.0,0.0,0.0,0.3944856397813423,227.66858389923942,0.9249999999999521,623.9218212009608,577.1276846108589,46.79413659010197,-0.0,-0.0,-0.0,0.08724817754776784,0.0,0.8800000000000001,0.0,0.0,0.0,-0.0,-0.0,-0.0,0.08724817754776784,0.0,0.8800000000000001,0.0,0.0,0.0,1.0,,,0.101,116.57979241824903,1154.255370477713,1154.255370477713,0.0,35.7819164848091,-0.0,,,145.58175843866178,0.0,62.60015612862456,2.0,766.8042282214087,0.0,0.0,0.0,77.90730958729512
151,1,152,0.1016,0.0,766.8042282214258,,,,0,0.0,1,1299.8371289163722,1299.8371289163722,0.0,207.97394062661954,43.154592680023555,0.0,,,194.88726713203525,1299.8371289163722,1247.8436437597197,51.993485156655034,1299.8371289163747,0.0,1.0,0.0,-0.0,0.15617923616202842,97.44363356601728,0.96,649.9185644581848,623.9218218798575,25.996742578327417,1.0,0.0,-0.0,0.1561792361620283,97.44363356601797,0.96,649.9185644581898,623.9218218798623,25.996742578327616,-0.0,0.0,-0.0,0.27099999999999996,0.0,0.96,0.0,0.0,0.0,,,,455.3371686711388,1247.8436437597197,1154.2553704777397,93.58827328198231,1247.843643759722,0.0,1.0,-0.0,-0.0,0.3944856404348779,227.668584771885,0.925,623.9218225587613,577.1276858668542,46.794136691907056,1.0,0.0,0.0,0.394485639781349,227.6685838992538,0.9249999999999949,623.9218212009608,577.1276846108856,46.794136590075254,-0.0,-0.0,-0.0,0.08724817754776784,0.0,0.8800000000000001,0.0,0.0,0.0,-0.0,-0.0,-0.0,0.08724817754776784,0.0,0.8800000000000001,0.0,0.0,0.0,1.0,,,0.101,116.57979241825171,1154.2553704777397,1154.2553704777397,0.0,35.78191648480993,-0.0,,,145.58175843863506,0.0,62.60015612861308,2.0,766.8042282214258,0.0,0.0,0.0,77.90730958729685
152,1,153,0.1016,0.0,766.804228221427,,,,0,0.0,1,1299.8371289163722,1299.8371289163722,0.0,207.97394062661954,43.154592680023555,0.0,,,194.88726713203525,1299.8371289163722,1247.8436437597197,51.993485156655034,1299.8371289163747,0.0,1.0,0.0,-0.0,0.15617923616202842,97.44363356601728,0.96,649.9185644581848,623.9218218798575,25.996742578327417,1.0,0.0,-0.0,0.1561792361620283,97.44363356601797,0.96,649.9185644581898,623.9218218798623,25.996742578327616,-0.0,0.0,-0.0,0.27099999999999996,0.0,0.96,0.0,0.0,0.0,,,,455.3371686711398,1247.8436437597197,1154.2553704777417,93.58827328198038,1247.843643759722,0.0,1.0,-0.0,-0.0,0.3944856404348779,227.668584771885,0.925,623.9218225587613,577.1276858668542,46.794136691907056,1.0,0.0,0.0,0.39448563978134943,227.66858389925483,0.9249999999999979,623.9218212009608,577.1276846108875,46.79413659007332,-0.0,-0.0,-0.0,0.08724817754776784,0.0,0.8800000000000001,0.0,0.0,0.0,-0.0,-0.0,-0.0,0.08724817754776784,0.0,0.8800000000000001,0.0,0.0,0.0,1.0,,,0.101,116.57979241825193,1154.2553704777417,1154.2553704777417,0.0,35.78191648480999,-0.0,,,145.58175843863313,0.0,62.60015612861225,2.0,766.804228221427,0.0,0.0,0.0,77.90730958729698
153,1,154,0.1016,0.0,766.8042282214251,,,,0,0.0,1,1299.8371289163722,1299.8371289163722,0.0,207.97394062661954,43.154592680023555,0.0,,,194.88726713203525,1299.8371289163722,1247.8436437597197,51.993485156655034,1299.8371289163747,0.0,1.0,0.0,-0.0,0.15617923616202842,97.44363356601728,0.96,649.9185644581848,623.9218218798575,25.996742578327417,1.0,0.0,-0.0,0.1561792361620283,97.44363356601797,0.96,649.9185644581898,623.9218218798623,25.996742578327616,-0.0,0.0,-0.0,0.27099999999999996,0.0,0.96,0.0,0.0,0.0,,,,455.33716867113833,1247.8436437597197,1154.2553704777374,93.58827328198458,1247.843643759722,0.0,1.0,-0.0,-0.0,0.39448564043487816,227.66858477188518,0.925,623.9218225587613,577.1276858668542,46.794136691907056,1.0,0.0,0.0,0.3944856397813494,227.66858389925312,0.925,623.9218212009608,577.1276846108833,46.79413659007753,-0.0,-0.0,-0.0,0.08724817754776784,0.0,0.8800000000000001,0.0,0.0,0.0,-0.0,-0.0,-0.0,0.08724817754776784,0.0,0.8800000000000001,0.0,0.0,0.0,1.0,,,0.101,116.57979241825149,1154.2553704777374,1154.2553704777374,0.0,35.78191648480986,-0.0,,,145.58175843863734,0.0,62.60015612861405,2.0,766.8042282214251,0.0,0.0,0.0,77.90730958729678
154,1,155,0.1016,0.0,766.8042282214227,,,,0,0.0,1,1299.8371289163722,1299.8371289163722,0.0,207.97394062661954,43.154592680023555,0.0,,,194.88726713203525,1299.8371289163722,1247.8436437597197,51.993485156655034,1299.8371289163747,0.0,1.0,0.0,-0.0,0.15617923616202842,97.44363356601728,0.96,649.9185644581848,623.9218218798575,25.996742578327417,1.0,0.0,-0.0,0.1561792361620283,97.44363356601797,0.96,649.9185644581898,623.9218218798623,25.996742578327616,-0.0,0.0,-0.0,0.27099999999999996,0.0,0.96,0.0,0.0,0.0,,,,455.33716867113617,1247.8436437597197,1154.255370477735,93.5882732819872,1247.843643759722,0.0,1.0,-0.0,-0.0,0.3944856404348779,227.668584771885,0.925,623.9218225587613,577.1276858668542,46.794136691907056,1.0,0.0,0.0,0.39448563978134776,227.66858389925116,0.924999999999987,623.9218212009608,577.1276846108807,46.79413659008014,-0.0,-0.0,-0.0,0.08724817754776784,0.0,0.8800000000000001,0.0,0.0,0.0,-0.0,-0.0,-0.0,0.08724817754776784,0.0,0.8800000000000001,0.0,0.0,0.0,1.0,,,0.101,116.57979241825123,1154.255370477735,1154.255370477735,0.0,35.781916484809784,-0.0,,,145.58175843863995,0.0,62.600156128615176,2.0,766.8042282214227,0.0,0.0,0.0,77.90730958729654
155,1,156,0.1016,0.0,766.8042282214288,,,,0,0.0,1,1299.8371289163722,1299.8371289163722,0.0,207.97394062661954,43.154592680023555,0.0,,,194.88726713203525,1299.8371289163722,1247.8436437597197,51.993485156655034,1299.8371289163747,0.0,1.0,0.0,-0.0,0.15617923616202842,97.44363356601728,0.96,649.9185644581848,623.9218218798575,25.996742578327417,1.0,0.0,-0.0,0.1561792361620283,97.44363356601797,0.96,649.9185644581898,623.9218218798623,25.996742578327616,-0.0,0.0,-0.0,0.27099999999999996,0.0,0.96,0.0,0.0,0.0,,,,455.3371686711413,1247.8436437597197,1154.255370477745,93.5882732819772,1247.843643759722,0.0,1.0,-0.0,-0.0,0.3944856404348779,227.668584771885,0.925,623.9218225587613,577.1276858668542,46.794136691907056,1.0,0.0,0.0,0.39448563978134976,227.66858389925625,0.925,623.9218212009608,577.1276846108907,46.79413659007014,-0.0,-0.0,-0.0,0.08724817754776784,0.0,0.8800000000000001,0.0,0.0,0.0,-0.0,-0.0,-0.0,0.08724817754776784,0.0,0.8800000000000001,0.0,0.0,0.0,1.0,,,0.101,116.57979241825224,1154.255370477745,1154.255370477745,0.0,35.78191648481009,-0.0,,,145.58175843862995,0.0,62.60015612861088,2.0,766.8042282214288,0.0,0.0,0.0,77.90730958729716
156,1,157,0.1016,0.0,766.804228221425,,,,0,0.0,1,1299.8371289163722,1299.8371289163722,0.0,207.97394062661954,43.154592680023555,0.0,,,194.88726713203525,1299.8371289163722,1247.8436437597197,51.993485156655034,1299.8371289163747,0.0,1.0,0.0,-0.0,0.15617923616202842,97.44363356601728,0.96,649.9185644581848,623.9218218798575,25.996742578327417,1.0,0.0,-0.0,0.1561792361620283,97.44363356601797,0.96,649.9185644581898,623.9218218798623,25.996742578327616,-0.0,0.0,-0.0,0.27099999999999996,0.0,0.96,0.0,0.0,0.0,,,,455.3371686711381,1247.8436437597197,1154.2553704777386,93.58827328198356,1247.843643759722,0.0,1.0,-0.0,-0.0,0.3944856404348779,227.668584771885,0.925,623.9218225587613,577.1276858668542,46.794136691907056,1.0,0.0,0.0,0.39448563978134865,227.66858389925312,0.9249999999999928,623.9218212009608,577.1276846108843,46.794136590076505,-0.0,-0.0,-0.0,0.08724817754776784,0.0,0.8800000000000001,0.0,0.0,0.0,-0.0,-0.0,-0.0,0.08724817754776784,0.0,0.8800000000000001,0.0,0.0,0.0,1.0,,,0.101,116.5797924182516,1154.2553704777386,1154.2553704777386,0.0,35.7819164848099,-0.0,,,145.5817584386363,0.0,62.60015612861361,2.0,766.804228221425,0.0,0.0,0.0,77.90730958729678
157,1,158,0.1016,0.0,766.8042282214258,,,,0,0.0,1,1299.8371289163722,1299.8371289163722,0.0,207.97394062661954,43.154592680023555,0.0,,,194.88726713203525,1299.8371289163722,1247.8436437597197,51.993485156655034,1299.8371289163747,0.0,1.0,0.0,-0.0,0.15617923616202842,97.44363356601728,0.96,649.9185644581848,623.9218218798575,25.996742578327417,1.0,0.0,-0.0,0.1561792361620283,97.44363356601797,0.96,649.9185644581898,623.9218218798623,25.996742578327616,-0.0,0.0,-0.0,0.27099999999999996,0.0,0.96,0.0,0.0,0.0,,,,455.3371686711388,1247.8436437597197,1154.2553704777397,93.58827328198231,1247.843643759722,0.0,1.0,-0.0,-0.0,0.3944856404348779,227.668584771885,0.925,623.9218225587613,577.1276858668542,46.794136691907056,1.0,0.0,0.0,0.394485639781349,227.6685838992538,0.9249999999999949,623.9218212009608,577.1276846108856,46.794136590075254,-0.0,-0.0,-0.0,0.08724817754776784,0.0,0.8800000000000001,0.0,0.0,0.0,-0.0,-0.0,-0.0,0.08724817754776784,0.0,0.8800000000000001,0.0,0.0,0.0,1.0,,,0.101,116.57979241825171,1154.2553704777397,1154.2553704777397,0.0,35.78191648480993,-0.0,,,145.58175843863506,0.0,62.60015612861308,2.0,766.8042282214258,0.0,0.0,0.0,77.90730958729685
158,1,159,0.1016,0.0,766.8042282214248,,,,0,0.0,1,1299.8371289163722,1299.8371289163722,0.0,207.97394062661954,43.154592680023555,0.0,,,194.88726713203525,1299.8371289163722,1247.8436437597197,51.993485156655034,1299.8371289163747,0.0,1.0,0.0,-0.0,0.15617923616202842,97.44363356601728,0.96,649.9185644581848,623.9218218798575,25.996742578327417,1.0,0.0,-0.0,0.1561792361620283,97.44363356601797,0.96,649.9185644581898,623.9218218798623,25.996742578327616,-0.0,0.0,-0.0,0.27099999999999996,0.0,0.96,0.0,0.0,0.0,,,,455.3371686711379,1247.8436437597197,1154.255370477738,93.58827328198402,1247.843643759722,0.0,1.0,-0.0,-0.0,0.3944856404348779,227.668584771885,0.925,623.9218225587613,577.1276858668542,46.794136691907056,1.0,0.0,0.0,0.39448563978134854,227.66858389925287,0.9249999999999922,623.9218212009608,577.1276846108839,46.79413659007696,-0.0,-0.0,-0.0,0.08724817754776784,0.0,0.8800000000000001,0.0,0.0,0.0,-0.0,-0.0,-0.0,0.08724817754776784,0.0,0.8800000000000001,0.0,0.0,0.0,1.0,,,0.101,116.57979241825156,1154.255370477738,1154.255370477738,0.0,35.781916484809884,-0.0,,,145.58175843863677,0.0,62.60015612861381,2.0,766.8042282214248,0.0,0.0,0.0,77.90730958729675
159,1,160,0.1016,0.0,766.8042282214142,,,,0,0.0,1,1299.8371289163722,1299.8371289163722,0.0,207.97394062661954,43.154592680023555,0.0,,,194.88726713203525,1299.8371289163722,1247.8436437597197,51.993485156655034,1299.8371289163747,0.0,1.0,0.0,-0.0,0.15617923616202842,97.44363356601728,0.96,649.9185644581848,623.9218218798575,25.996742578327417,1.0,0.0,-0.0,0.1561792361620283,97.44363356601797,0.96,649.9185644581898,623.9218218798623,25.996742578327616,-0.0,0.0,-0.0,0.27099999999999996,0.0,0.96,0.0,0.0,0.0,,,,455.337168671129,1247.8436437597197,1154.2553704777215,93.5882732820005,1247.843643759722,0.0,1.0,-0.0,-0.0,0.3944856404348779,227.668584771885,0.925,623.9218225587613,577.1276858668542,46.794136691907056,1.0,0.0,0.0,0.39448563978134443,227.668583899244,0.9249999999999657,623.9218212009608,577.1276846108674,46.794136590093444,-0.0,-0.0,-0.0,0.08724817754776784,0.0,0.8800000000000001,0.0,0.0,0.0,-0.0,-0.0,-0.0,0.08724817754776784,0.0,0.8800000000000001,0.0,0.0,0.0,1.0,,,0.101,116.57979241824988,1154.2553704777215,1154.2553704777215,0.0,35.781916484809365,-0.0,,,145.58175843865325,0.0,62.600156128620895,2.0,766.8042282214142,0.0,0.0,0.0,77.90730958729567
160,1,161,0.1016,0.0,766.8042282214141,,,,0,0.0,1,1299.8371289163722,1299.8371289163722,0.0,207.97394062661954,43.154592680023555,0.0,,,194.88726713203525,1299.8371289163722,1247.8436437597197,51.993485156655034,1299.8371289163747,0.0,1.0,0.0,-0.0,0.15617923616202842,97.44363356601728,0.96,649.9185644581848,623.9218218798575,25.996742578327417,1.0,0.0,-0.0,0.1561792361620283,97.44363356601797,0.96,649.9185644581898,623.9218218798623,25.996742578327616,-0.0,0.0,-0.0,0.27099999999999996,0.0,0.96,0.0,0.0,0.0,,,,455.3371686711289,1247.8436437597197,1154.2553704777215,93.58827328200073,1247.843643759722,0.0,1.0,-0.0,-0.0,0.3944856404348779,227.668584771885,0.925,623.9218225587613,577.1276858668542,46.794136691907056,1.0,0.0,0.0,0.39448563978134443,227.6685838992439,0.9249999999999654,623.9218212009608,577.1276846108672,46.79413659009367,-0.0,-0.0,-0.0,0.08724817754776784,0.0,0.8800000000000001,0.0,0.0,0.0,-0.0,-0.0,-0.0,0.08724817754776784,0.0,0.8800000000000001,0.0,0.0,0.0,1.0,,,0.101,116.57979241824988,1154.2553704777215,1154.2553704777215,0.0,35.781916484809365,-0.0,,,145.58175843865348,0.0,62.600156128620995,2.0,766.8042282214141,0.0,0.0,0.0,77.90730958729567
161,1,162,0.13994,0.0,766.8042282214162,,,,0,0.0,1,1299.8371289163722,1299.8371289163722,0.0,207.97394062661954,43.154592680023555,0.0,,,194.88726713203525,1299.8371289163722,1247.8436437597197,51.993485156655034,1299.8371289163747,0.0,1.0,0.0,-0.0,0.15617923616202842,97.44363356601728,0.96,649.9185644581848,623.9218218798575,25.996742578327417,1.0,0.0,-0.0,0.1561792361620283,97.44363356601797,0.96,649.9185644581898,623.9218218798623,25.996742578327616,-0.0,0.0,-0.0,0.27099999999999996,0.0,0.96,0.0,0.0,0.0,,,,455.3371686711312,1247.8436437597197,1154.2553704777201,93.58827328200209,1247.843643759722,0.0,1.0,-0.0,-0.0,0.3944856404348779,227.668584771885,0.925,623.9218225587613,577.1276858668542,46.794136691907056,1.0,0.0,0.0,0.3944856397813494,227.66858389924622,0.925,623.9218212009608,577.1276846108658,46.794136590095036,-0.0,-0.0,-0.0,0.08724817754776784,0.0,0.8800000000000001,0.0,0.0,0.0,-0.0,-0.0,-0.0,0.08724817754776784,0.0,0.8800000000000001,0.0,0.0,0.0,1.0,,,0.101,116.57979241824974,1154.2553704777201,1154.2553704777201,0.0,35.78191648480932,-0.0,,,145.58175843865484,0.0,62.600156128621585,2.0,766.8042282214162,0.0,0.0,0.0,107.30658369730499
162,1,163,0.13994,0.0,766.8042282214344,,,,0,0.0,1,1299.8371289163722,1299.8371289163722,0.0,207.97394062661954,43.154592680023555,0.0,,,194.88726713203525,1299.8371289163722,1247.8436437597197,51.993485156655034,1299.8371289163747,0.0,1.0,0.0,-0.0,0.15617923616202842,97.44363356601728,0.96,649.9185644581848,623.9218218798575,25.996742578327417,1.0,0.0,-0.0,0.1561792361620283,97.44363356601797,0.96,649.9185644581898,623.9218218798623,25.996742578327616,-0.0,0.0,-0.0,0.271,0.0,0.96,0.0,0.0,0.0,,,,455.3371686711457,1247.8436437597197,1154.255370477756,93.58827328196594,1247.843643759722,0.0,1.0,-0.0,-0.0,0.3944856404348779,227.668584771885,0.925,623.9218225587613,577.1276858668542,46.794136691907056,1.0,0.0,0.0,0.39448563978134976,227.6685838992607,0.925,623.9218212009608,577.127684610902,46.79413659005888,-0.0,-0.0,-0.0,0.08724817754776784,0.0,0.8800000000000001,0.0,0.0,0.0,-0.0,-0.0,-0.0,0.08724817754776784,0.0,0.8800000000000001,0.0,0.0,0.0,1.0,,,0.101,116.57979241825338,1154.255370477756,1154.255370477756,0.0,35.78191648481044,-0.0,,,145.5817584386187,0.0,62.60015612860604,2.0,766.8042282214344,0.0,0.0,0.0,107.30658369730754
163,1,164,0.13994,0.0,766.80422822144,,,,0,0.0,1,1299.8371289163722,1299.8371289163722,0.0,207.97394062661954,43.154592680023555,0.0,,,194.88726713203525,1299.8371289163722,1247.8436437597197,51.993485156655034,1299.8371289163747,0.0,1.0,0.0,-0.0,0.15617923616202842,97.44363356601728,0.96,649.9185644581848,623.9218218798575,25.996742578327417,1.0,0.0,-0.0,0.1561792361620283,97.44363356601797,0.96,649.9185644581898,623.9218218798623,25.996742578327616,-0.0,0.0,-0.0,0.271,0.0,0.96,0.0,0.0,0.0,,,,455.33716867115015,1247.8436437597197,1154.2553704777674,93.58827328195468,1247.843643759722,0.0,1.0,-0.0,-0.0,0.3944856404348779,227.668584771885,0.925,623.9218225587613,577.1276858668542,46.794136691907056,1.0,0.0,0.0,0.39448563978134976,227.66858389926514,0.925,623.9218212009608,577.1276846109132,46.79413659004763,-0.0,-0.0,-0.0,0.08724817754776784,0.0,0.8800000000000001,0.0,0.0,0.0,-0.0,-0.0,-0.0,0.08724817754776784,0.0,0.8800000000000001,0.0,0.0,0.0,1.0,,,0.101,116.57979241825451,1154.2553704777674,1154.2553704777674,0.0,35.78191648481079,-0.0,,,145.58175843860744,0.0,62.6001561286012,2.0,766.80422822144,0.0,0.0,0.0,107.30658369730831
164,1,165,0.13994,0.0,766.8042282214321,,,,0,0.0,1,1299.8371289163722,1299.8371289163722,0.0,207.97394062661954,43.154592680023555,0.0,,,194.88726713203525,1299.8371289163722,1247.8436437597197,51.993485156655034,1299.8371289163747,0.0,1.0,0.0,-0.0,0.15617923616202842,97.44363356601728,0.96,649.9185644581848,623.9218218798575,25.996742578327417,1.0,0.0,-0.0,0.1561792361620283,97.44363356601797,0.96,649.9185644581898,623.9218218798623,25.996742578327616,-0.0,0.0,-0.0,0.27099999999999996,0.0,0.96,0.0,0.0,0.0,,,,455.3371686711439,1247.8436437597197,1154.2553704777515,93.5882732819706,1247.843643759722,0.0,1.0,-0.0,-0.0,0.3944856404348779,227.668584771885,0.925,623.9218225587613,577.1276858668542,46.794136691907056,1.0,0.0,0.0,0.39448563978134976,227.66858389925886,0.925,623.9218212009608,577.1276846108973,46.794136590063545,-0.0,-0.0,-0.0,0.08724817754776784,0.0,0.8800000000000001,0.0,0.0,0.0,-0.0,-0.0,-0.0,0.08724817754776784,0.0,0.8800000000000001,0.0,0.0,0.0,1.0,,,0.101,116.57979241825291,1154.2553704777515,1154.2553704777515,0.0,35.781916484810296,-0.0,,,145.58175843862335,0.0,62.60015612860804,2.0,766.8042282214321,0.0,0.0,0.0,107.30658369730722
165,1,166,0.13994,0.0,766.8042282214208,,,,0,0.0,1,1299.8371289163722,1299.8371289163722,0.0,207.97394062661954,43.154592680023555,0.0,,,194.88726713203525,1299.8371289163722,1247.8436437597197,51.993485156655034,1299.8371289163747,0.0,1.0,0.0,0.0,0.15617923616202842,97.44363356601728,0.96,649.9185644581848,623.9218218798575,25.996742578327417,1.0,0.0,0.0,0.1561792361620283,97.44363356601797,0.96,649.9185644581898,623.9218218798623,25.996742578327616,-0.0,0.0,0.0,0.27099999999999996,0.0,0.96,0.0,0.0,0.0,,,,455.33716867113463,1247.8436437597197,1154.255370477732,93.58827328199004,1247.843643759722,0.0,1.0,-0.0,-0.0,0.3944856404348779,227.668584771885,0.925,623.9218225587613,577.1276858668542,46.794136691907056,1.0,0.0,0.0,0.39448563978134704,227.66858389924963,0.9249999999999825,623.9218212009608,577.1276846108778,46.794136590082985,-0.0,-0.0,-0.0,0.08724817754776784,0.0,0.8800000000000001,0.0,0.0,0.0,-0.0,-0.0,-0.0,0.08724817754776784,0.0,0.8800000000000001,0.0,0.0,0.0,1.0,,,0.101,116.57979241825093,1154.255370477732,1154.255370477732,0.0,35.78191648480969,-0.0,,,145.5817584386428,0.0,62.6001561286164,2.0,766.8042282214208,0.0,0.0,0.0,107.30658369730563
166,1,167,0.1016,0.0,766.8042282214215,,,,0,0.0,1,1299.8371289163722,1299.8371289163722,0.0,207.97394062661954,43.154592680023555,0.0,,,194.88726713203525,1299.8371289163722,1247.8436437597197,51.993485156655034,1299.8371289163747,0.0,1.0,0.0,0.0,0.15617923616202842,97.44363356601728,0.96,649.9185644581848,623.9218218798575,25.996742578327417,1.0,0.0,0.0,0.1561792361620283,97.44363356601797,0.96,649.9185644581898,623.9218218798623,25.996742578327616,-0.0,0.0,0.0,0.27099999999999996,0.0,0.96,0.0,0.0,0.0,,,,455.33716867113515,1247.8436437597197,1154.2553704777329,93.58827328198913,1247.843643759722,0.0,1.0,-0.0,-0.0,0.3944856404348779,227.668584771885,0.925,623.9218225587613,577.1276858668542,46.794136691907056,1.0,0.0,0.0,0.39448563978134726,227.6685838992501,0.924999999999984,623.9218212009608,577.1276846108788,46.794136590082076,-0.0,-0.0,-0.0,0.08724817754776784,0.0,0.8800000000000001,0.0,0.0,0.0,-0.0,-0.0,-0.0,0.08724817754776784,0.0,0.8800000000000001,0.0,0.0,0.0,1.0,,,0.101,116.57979241825103,1154.2553704777329,1154.2553704777329,0.0,35.78191648480972,-0.0,,,145.58175843864188,0.0,62.60015612861601,2.0,766.8042282214215,0.0,0.0,0.0,77.90730958729641
167,1,168,0.1016,0.0,766.8042282214209,,,,0,0.0,1,1299.8371289163722,1299.8371289163722,0.0,207.97394062661954,43.154592680023555,0.0,,,194.88726713203525,1299.8371289163722,1247.8436437597197,51.993485156655034,1299.8371289163747,0.0,1.0,0.0,0.0,0.15617923616202842,97.44363356601728,0.96,649.9185644581848,623.9218218798575,25.996742578327417,1.0,0.0,0.0,0.1561792361620283,97.44363356601797,0.96,649.9185644581898,623.9218218798623,25.996742578327616,-0.0,0.0,0.0,0.27099999999999996,0.0,0.96,0.0,0.0,0.0,,,,455.3371686711347,1247.8436437597197,1154.2553704777322,93.58827328198993,1247.843643759722,0.0,1.0,-0.0,-0.0,0.3944856404348779,227.668584771885,0.925,623.9218225587613,577.1276858668542,46.794136691907056,1.0,0.0,0.0,0.3944856397813471,227.6685838992497,0.9249999999999827,623.9218212009608,577.127684610878,46.79413659008287,-0.0,-0.0,-0.0,0.08724817754776784,0.0,0.8800000000000001,0.0,0.0,0.0,-0.0,-0.0,-0.0,0.08724817754776784,0.0,0.8800000000000001,0.0,0.0,0.0,1.0,,,0.101,116.57979241825096,1154.2553704777322,1154.2553704777322,0.0,35.7819164848097,-0.0,,,145.58175843864268,0.0,62.600156128616355,2.0,766.8042282214209,0.0,0.0,0.0,77.90730958729635
