,Day,Time,LMP,bypass_pretreatment_flow,power_from_grid,intake.op_mode,intake.startup,intake.shutdown,intake.energy_intensity,intake.power_consumption,intake.recovery,intake.feed_flowrate,intake.product_flowrate,intake.reject_flowrate,intake.feed_cost,intake.chemical_cost,pretreatment.op_mode,pretreatment.startup,pretreatment.shutdown,pretreatment.power_consumption,pretreatment.feed_flowrate,pretreatment.product_flowrate,pretreatment.reject_flowrate,pretreatment.inlet_flowrate,pretreatment.leftover_flow,pretreatment.uf_pumps[1].op_mode,pretreatment.uf_pumps[1].startup,pretreatment.uf_pumps[1].shutdown,pretreatment.uf_pumps[1].energy_intensity,pretreatment.uf_pumps[1].power_consumption,pretreatment.uf_pumps[1].recovery,pretreatment.uf_pumps[1].feed_flowrate,pretreatment.uf_pumps[1].product_flowrate,pretreatment.uf_pumps[1].reject_flowrate,pretreatment.uf_pumps[2].op_mode,pretreatment.uf_pumps[2].startup,pretreatment.uf_pumps[2].shutdown,pretreatment.uf_pumps[2].energy_intensity,pretreatment.uf_pumps[2].power_consumption,pretreatment.uf_pumps[2].recovery,pretreatment.uf_pumps[2].feed_flowrate,pretreatment.uf_pumps[2].product_flowrate,pretreatment.uf_pumps[2].reject_flowrate,pretreatment.uf_pumps[3].op_mode,pretreatment.uf_pumps[3].startup,pretreatment.uf_pumps[3].shutdown,pretreatment.uf_pumps[3].energy_intensity,pretreatment.uf_pumps[3].power_consumption,pretreatment.uf_pumps[3].recovery,pretreatment.uf_pumps[3].feed_flowrate,pretreatment.uf_pumps[3].product_flowrate,pretreatment.uf_pumps[3].reject_flowrate,reverse_osmosis.op_mode,reverse_osmosis.startup,reverse_osmosis.shutdown,reverse_osmosis.power_consumption,reverse_osmosis.feed_flowrate,reverse_osmosis.product_flowrate,reverse_osmosis.reject_flowrate,reverse_osmosis.inlet_flowrate,reverse_osmosis.leftover_flow,reverse_osmosis.ro_skid[1].op_mode,reverse_osmosis.ro_skid[1].startup,reverse_osmosis.ro_skid[1].shutdown,reverse_osmosis.ro_skid[1].energy_intensity,reverse_osmosis.ro_skid[1].power_consumption,reverse_osmosis.ro_skid[1].recovery,reverse_osmosis.ro_skid[1].feed_flowrate,reverse_osmosis.ro_skid[1].product_flowrate,reverse_osmosis.ro_skid[1].reject_flowrate,reverse_osmosis.ro_skid[2].op_mode,reverse_osmosis.ro_skid[2].startup,reverse_osmosis.ro_skid[2].shutdown,reverse_osmosis.ro_skid[2].energy_intensity,reverse_osmosis.ro_skid[2].power_consumption,reverse_osmosis.ro_skid[2].recovery,reverse_osmosis.ro_skid[2].feed_flowrate,reverse_osmosis.ro_skid[2].product_flowrate,reverse_osmosis.ro_skid[2].reject_flowrate,reverse_osmosis.ro_skid[3].op_mode,reverse_osmosis.ro_skid[3].startup,reverse_osmosis.ro_skid[3].shutdown,reverse_osmosis.ro_skid[3].energy_intensity,reverse_osmosis.ro_skid[3].power_consumption,reverse_osmosis.ro_skid[3].recovery,reverse_osmosis.ro_skid[3].feed_flowrate,reverse_osmosis.ro_skid[3].product_flowrate,reverse_osmosis.ro_skid[3].reject_flowrate,reverse_osmosis.ro_skid[4].op_mode,reverse_osmosis.ro_skid[4].startup,reverse_osmosis.ro_skid[4].shutdown,reverse_osmosis.ro_skid[4].energy_intensity,reverse_osmosis.ro_skid[4].power_consumption,reverse_osmosis.ro_skid[4].recovery,reverse_osmosis.ro_skid[4].feed_flowrate,reverse_osmosis.ro_skid[4].product_flowrate,reverse_osmosis.ro_skid[4].reject_flowrate,posttreatment.op_mode,posttreatment.startup,posttreatment.shutdown,posttreatment.energy_intensity,posttreatment.power_consumption,posttreatment.feed_flowrate,posttreatment.product_flowrate,posttreatment.reject_flowrate,posttreatment.chemical_cost,brine_discharge.op_mode,brine_discharge.startup,brine_discharge.shutdown,brine_discharge.feed_flowrate,brine_discharge.power_consumption,brine_discharge.brine_cost,num_skids_online,net_power_consumption,water_revenue,demand_response_revenue,emissions_cost,energy_cost
0,1,1,0.11506,0.0,1593.472178053441,,,,0,0.0,1,2645.8334368984983,2645.8334368984983,0.0,423.3333499037597,87.84167010503015,0.0,,,416.8009430653341,2645.8334368984983,2540.0000000873138,105.83333333697149,2645.8333334242852,0.00010347421311962535,1.0,0.0,0.0,0.16409928916305347,138.94518932463103,0.96,881.9939010786644,846.7141450355178,35.279756043146605,1.0,0.0,0.0,0.16409485927225073,138.9336476757278,0.96,881.9444454509477,846.6666676329097,35.27777781803794,1.0,0.0,0.0,0.16409042947456856,138.92210606497525,0.96,881.8949868946729,846.619187418886,35.27579947578695,,,,939.3717349881069,2540.0000000873138,2349.5,190.5,2540.0,8.731376510695554e-08,1.0,0.0,0.0,0.39981772078659583,234.84293374702673,0.925,635.0,587.375,47.62499999999997,1.0,0.0,0.0,0.39981772078659583,234.84293374702673,0.925,635.0,587.375,47.62499999999997,1.0,0.0,0.0,0.39981772078659583,234.84293374702673,0.925,635.0,587.375,47.62499999999997,1.0,0.0,0.0,0.39981772078659583,234.84293374702673,0.925,635.0,587.375,47.62499999999997,1.0,,,0.101,237.29950000000002,2349.5,2349.5,0.0,72.8345,0.0,,,296.3333334242851,0.0,127.4233333724426,4.0,1593.472178053441,0.0,-0.0,0.0,183.34490880682893
1,1,2,0.11506,0.0,1593.472178053441,,,,0,0.0,1,2645.8334368984983,2645.8334368984983,0.0,423.3333499037597,87.84167010503015,0.0,,,416.8009430653341,2645.8334368984983,2540.0000000873138,105.83333333697149,2645.8333334242852,0.00010347421311962535,1.0,0.0,0.0,0.16409928916305347,138.94518932463103,0.96,881.9939010786644,846.7141450355178,35.279756043146605,1.0,0.0,0.0,0.16409485927225073,138.9336476757278,0.96,881.9444454509477,846.6666676329097,35.27777781803794,1.0,0.0,0.0,0.16409042947456856,138.92210606497525,0.96,881.8949868946729,846.619187418886,35.27579947578695,,,,939.3717349881069,2540.0000000873138,2349.5,190.5,2540.0,8.731376510695554e-08,1.0,0.0,0.0,0.39981772078659583,234.84293374702673,0.925,635.0,587.375,47.62499999999997,1.0,0.0,0.0,0.39981772078659583,234.84293374702673,0.925,635.0,587.375,47.62499999999997,1.0,-0.0,0.0,0.39981772078659583,234.84293374702673,0.925,635.0,587.375,47.62499999999997,1.0,-0.0,0.0,0.39981772078659583,234.84293374702673,0.925,635.0,587.375,47.62499999999997,1.0,,,0.101,237.29950000000002,2349.5,2349.5,0.0,72.8345,0.0,,,296.3333334242851,0.0,127.4233333724426,4.0,1593.472178053441,0.0,-0.0,0.0,183.34490880682893
2,1,3,0.11506,0.0,1593.472178053441,,,,0,0.0,1,2645.833333424285,2645.833333424285,0.0,423.33333334788557,87.84166666968626,0.0,,,416.8009430653341,2645.833333424285,2540.0000000873138,105.83333333697149,2645.8333334242852,0.0,1.0,0.0,0.0,0.16409928916305347,138.94518932463103,0.96,881.9939010786644,846.7141450355178,35.279756043146605,1.0,0.0,0.0,0.16409485927225073,138.9336476757278,0.96,881.9444454509477,846.6666676329097,35.27777781803794,1.0,0.0,0.0,0.16409042947456856,138.92210606497525,0.96,881.8949868946729,846.619187418886,35.27579947578695,,,,939.3717349881069,2540.0000000873138,2349.5,190.5,2540.0,8.731376510695554e-08,1.0,0.0,0.0,0.39981772078659583,234.84293374702673,0.925,635.0,587.375,47.62499999999997,1.0,0.0,0.0,0.39981772078659583,234.84293374702673,0.925,635.0,587.375,47.62499999999997,1.0,0.0,0.0,0.39981772078659583,234.84293374702673,0.925,635.0,587.375,47.62499999999997,1.0,0.0,0.0,0.39981772078659583,234.84293374702673,0.925,635.0,587.375,47.62499999999997,1.0,,,0.101,237.29950000000002,2349.5,2349.5,0.0,72.8345,0.0,,,296.3333334242851,0.0,127.4233333724426,4.0,1593.472178053441,0.0,-0.0,0.0,183.34490880682893
3,1,4,0.11506,0.0,1593.472178053441,,,,0,0.0,1,2645.833333424285,2645.833333424285,0.0,423.33333334788557,87.84166666968626,0.0,,,416.8009430653341,2645.833333424285,2540.0000000873138,105.83333333697149,2645.8333334242852,0.0,1.0,0.0,0.0,0.16409928916305347,138.94518932463103,0.96,881.9939010786644,846.7141450355178,35.279756043146605,1.0,0.0,0.0,0.16409485927225073,138.9336476757278,0.96,881.9444454509477,846.6666676329097,35.27777781803794,1.0,0.0,0.0,0.16409042947456856,138.92210606497525,0.96,881.8949868946729,846.619187418886,35.27579947578695,,,,939.3717349881069,2540.0000000873138,2349.5,190.5,2540.0,8.731376510695554e-08,1.0,0.0,0.0,0.39981772078659583,234.84293374702673,0.925,635.0,587.375,47.62499999999997,1.0,0.0,0.0,0.39981772078659583,234.84293374702673,0.925,635.0,587.375,47.62499999999997,1.0,0.0,0.0,0.39981772078659583,234.84293374702673,0.925,635.0,587.375,47.62499999999997,1.0,0.0,0.0,0.39981772078659583,234.84293374702673,0.925,635.0,587.375,47.62499999999997,1.0,,,0.101,237.29950000000002,2349.5,2349.5,0.0,72.8345,0.0,,,296.3333334242851,0.0,127.4233333724426,4.0,1593.472178053441,0.0,-0.0,0.0,183.34490880682893
4,1,5,0.11506,0.0,1593.472178053441,,,,0,0.0,1,2645.833333424285,2645.833333424285,0.0,423.33333334788557,87.84166666968626,0.0,,,416.8009430653341,2645.833333424285,2540.0000000873138,105.83333333697149,2645.8333334242852,0.0,1.0,0.0,0.0,0.16409928916305347,138.94518932463103,0.96,881.9939010786644,846.7141450355178,35.279756043146605,1.0,0.0,0.0,0.16409485927225073,138.9336476757278,0.96,881.9444454509477,846.6666676329097,35.27777781803794,1.0,0.0,0.0,0.16409042947456856,138.92210606497525,0.96,881.8949868946729,846.619187418886,35.27579947578695,,,,939.3717349881069,2540.0000000873138,2349.5,190.5,2540.0,8.731376510695554e-08,1.0,0.0,0.0,0.39981772078659583,234.84293374702673,0.925,635.0,587.375,47.62499999999997,1.0,0.0,0.0,0.39981772078659583,234.84293374702673,0.925,635.0,587.375,47.62499999999997,1.0,0.0,0.0,0.39981772078659583,234.84293374702673,0.925,635.0,587.375,47.62499999999997,1.0,0.0,0.0,0.39981772078659583,234.84293374702673,0.925,635.0,587.375,47.62499999999997,1.0,,,0.101,237.29950000000002,2349.5,2349.5,0.0,72.8345,0.0,,,296.3333334242851,0.0,127.4233333724426,4.0,1593.472178053441,0.0,-0.0,0.0,183.34490880682893
5,1,6,0.11506,0.0,1593.472178053441,,,,0,0.0,1,2645.833333424285,2645.833333424285,0.0,423.33333334788557,87.84166666968626,0.0,,,416.8009430653341,2645.833333424285,2540.0000000873138,105.83333333697149,2645.8333334242852,0.0,1.0,0.0,0.0,0.16409928916305347,138.94518932463103,0.96,881.9939010786644,846.7141450355178,35.279756043146605,1.0,0.0,0.0,0.16409485927225073,138.9336476757278,0.96,881.9444454509477,846.6666676329097,35.27777781803794,1.0,0.0,0.0,0.16409042947456856,138.92210606497525,0.96,881.8949868946729,846.619187418886,35.27579947578695,,,,939.3717349881069,2540.0000000873138,2349.5,190.5,2540.0,8.731376510695554e-08,1.0,0.0,0.0,0.39981772078659583,234.84293374702673,0.925,635.0,587.375,47.62499999999997,1.0,0.0,0.0,0.39981772078659583,234.84293374702673,0.925,635.0,587.375,47.62499999999997,1.0,0.0,0.0,0.39981772078659583,234.84293374702673,0.925,635.0,587.375,47.62499999999997,1.0,0.0,0.0,0.39981772078659583,234.84293374702673,0.925,635.0,587.375,47.62499999999997,1.0,,,0.101,237.29950000000002,2349.5,2349.5,0.0,72.8345,0.0,,,296.3333334242851,0.0,127.4233333724426,4.0,1593.472178053441,0.0,-0.0,0.0,183.34490880682893
6,1,7,0.11506,0.0,1593.472178053441,,,,0,0.0,1,2645.833333424285,2645.833333424285,0.0,423.33333334788557,87.84166666968626,0.0,,,416.8009430653341,2645.833333424285,2540.0000000873138,105.83333333697149,2645.8333334242852,0.0,1.0,0.0,0.0,0.16409928916305347,138.94518932463103,0.96,881.9939010786644,846.7141450355178,35.279756043146605,1.0,0.0,0.0,0.16409485927225073,138.9336476757278,0.96,881.9444454509477,846.6666676329097,35.27777781803794,1.0,0.0,0.0,0.16409042947456856,138.92210606497525,0.96,881.8949868946729,846.619187418886,35.27579947578695,,,,939.3717349881069,2540.0000000873138,2349.5,190.5,2540.0,8.731376510695554e-08,1.0,0.0,0.0,0.39981772078659583,234.84293374702673,0.925,635.0,587.375,47.62499999999997,1.0,0.0,0.0,0.39981772078659583,234.84293374702673,0.925,635.0,587.375,47.62499999999997,1.0,0.0,0.0,0.39981772078659583,234.84293374702673,0.925,635.0,587.375,47.62499999999997,1.0,0.0,0.0,0.39981772078659583,234.84293374702673,0.925,635.0,587.375,47.62499999999997,1.0,,,0.101,237.29950000000002,2349.5,2349.5,0.0,72.8345,0.0,,,296.3333334242851,0.0,127.4233333724426,4.0,1593.472178053441,0.0,-0.0,0.0,183.34490880682893
7,1,8,0.11506,0.0,1593.472178053441,,,,0,0.0,1,2645.833333424285,2645.833333424285,0.0,423.33333334788557,87.84166666968626,0.0,,,416.8009430653341,2645.833333424285,2540.0000000873138,105.83333333697149,2645.8333334242852,0.0,1.0,0.0,0.0,0.16409928916305347,138.94518932463103,0.96,881.9939010786644,846.7141450355178,35.279756043146605,1.0,0.0,0.0,0.16409485927225073,138.9336476757278,0.96,881.9444454509477,846.6666676329097,35.27777781803794,1.0,0.0,0.0,0.16409042947456856,138.92210606497525,0.96,881.8949868946729,846.619187418886,35.27579947578695,,,,939.3717349881069,2540.0000000873138,2349.5,190.5,2540.0,8.731376510695554e-08,1.0,0.0,0.0,0.39981772078659583,234.84293374702673,0.925,635.0,587.375,47.62499999999997,1.0,0.0,0.0,0.39981772078659583,234.84293374702673,0.925,635.0,587.375,47.62499999999997,1.0,0.0,0.0,0.39981772078659583,234.84293374702673,0.925,635.0,587.375,47.62499999999997,1.0,0.0,0.0,0.39981772078659583,234.84293374702673,0.925,635.0,587.375,47.62499999999997,1.0,,,0.101,237.29950000000002,2349.5,2349.5,0.0,72.8345,0.0,,,296.3333334242851,0.0,127.4233333724426,4.0,1593.472178053441,0.0,-0.0,0.0,183.34490880682893
8,1,9,0.07074,0.0,1593.472178053441,,,,0,0.0,1,2645.833333424285,2645.833333424285,0.0,423.33333334788557,87.84166666968626,0.0,,,416.8009430653341,2645.833333424285,2540.0000000873138,105.83333333697149,2645.8333334242852,0.0,1.0,0.0,0.0,0.16409928916305347,138.94518932463103,0.96,881.9939010786644,846.7141450355178,35.279756043146605,1.0,0.0,0.0,0.16409485927225073,138.9336476757278,0.96,881.9444454509477,846.6666676329097,35.27777781803794,1.0,0.0,0.0,0.16409042947456856,138.92210606497525,0.96,881.8949868946729,846.619187418886,35.27579947578695,,,,939.3717349881069,2540.0000000873138,2349.5,190.5,2540.0,8.731376510695554e-08,1.0,0.0,0.0,0.39981772078659583,234.84293374702673,0.925,635.0,587.375,47.62499999999997,1.0,0.0,0.0,0.39981772078659583,234.84293374702673,0.925,635.0,587.375,47.62499999999997,1.0,0.0,0.0,0.39981772078659583,234.84293374702673,0.925,635.0,587.375,47.62499999999997,1.0,0.0,0.0,0.39981772078659583,234.84293374702673,0.925,635.0,587.375,47.62499999999997,1.0,,,0.101,237.29950000000002,2349.5,2349.5,0.0,72.8345,0.0,,,296.3333334242851,0.0,127.4233333724426,4.0,1593.472178053441,0.0,-0.0,0.0,112.72222187550041
9,1,10,0.07074,0.0,1593.472178053441,,,,0,0.0,1,2645.833333424285,2645.833333424285,0.0,423.33333334788557,87.84166666968626,0.0,,,416.8009430653341,2645.833333424285,2540.0000000873138,105.83333333697149,2645.8333334242852,0.0,1.0,0.0,0.0,0.16409928916305347,138.94518932463103,0.96,881.9939010786644,846.7141450355178,35.279756043146605,1.0,0.0,0.0,0.16409485927225073,138.9336476757278,0.96,881.9444454509477,846.6666676329097,35.27777781803794,1.0,0.0,0.0,0.16409042947456856,138.92210606497525,0.96,881.8949868946729,846.619187418886,35.27579947578695,,,,939.3717349881069,2540.0000000873138,2349.5,190.5,2540.0,8.731376510695554e-08,1.0,0.0,0.0,0.39981772078659583,234.84293374702673,0.925,635.0,587.375,47.62499999999997,1.0,0.0,0.0,0.39981772078659583,234.84293374702673,0.925,635.0,587.375,47.62499999999997,1.0,0.0,0.0,0.39981772078659583,234.84293374702673,0.925,635.0,587.375,47.62499999999997,1.0,0.0,0.0,0.39981772078659583,234.84293374702673,0.925,635.0,587.375,47.62499999999997,1.0,,,0.101,237.29950000000002,2349.5,2349.5,0.0,72.8345,0.0,,,296.3333334242851,0.0,127.4233333724426,4.0,1593.472178053441,0.0,-0.0,0.0,112.72222187550041
10,1,11,0.07074,0.0,1593.472178053441,,,,0,0.0,1,2645.833333424285,2645.833333424285,0.0,423.33333334788557,87.84166666968626,0.0,,,416.8009430653341,2645.833333424285,2540.0000000873138,105.83333333697149,2645.8333334242852,0.0,1.0,0.0,0.0,0.16409928916305347,138.94518932463103,0.96,881.9939010786644,846.7141450355178,35.279756043146605,1.0,0.0,0.0,0.16409485927225073,138.9336476757278,0.96,881.9444454509477,846.6666676329097,35.27777781803794,1.0,0.0,0.0,0.16409042947456856,138.92210606497525,0.96,881.8949868946729,846.619187418886,35.27579947578695,,,,939.3717349881069,2540.0000000873138,2349.5,190.5,2540.0,8.731376510695554e-08,1.0,0.0,0.0,0.39981772078659583,234.84293374702673,0.925,635.0,587.375,47.62499999999997,1.0,0.0,0.0,0.39981772078659583,234.84293374702673,0.925,635.0,587.375,47.62499999999997,1.0,0.0,0.0,0.39981772078659583,234.84293374702673,0.925,635.0,587.375,47.62499999999997,1.0,0.0,0.0,0.39981772078659583,234.84293374702673,0.925,635.0,587.375,47.62499999999997,1.0,,,0.101,237.29950000000002,2349.5,2349.5,0.0,72.8345,0.0,,,296.3333334242851,0.0,127.4233333724426,4.0,1593.472178053441,0.0,-0.0,0.0,112.72222187550041
11,1,12,0.07074,0.0,1593.472178053441,,,,0,0.0,1,2645.833333424285,2645.833333424285,0.0,423.33333334788557,87.84166666968626,0.0,,,416.8009430653341,2645.833333424285,2540.0000000873138,105.83333333697149,2645.8333334242852,0.0,1.0,0.0,0.0,0.16409928916305347,138.94518932463103,0.96,881.9939010786644,846.7141450355178,35.279756043146605,1.0,0.0,0.0,0.16409485927225073,138.9336476757278,0.96,881.9444454509477,846.6666676329097,35.27777781803794,1.0,0.0,0.0,0.16409042947456856,138.92210606497525,0.96,881.8949868946729,846.619187418886,35.27579947578695,,,,939.3717349881069,2540.0000000873138,2349.5,190.5,2540.0,8.731376510695554e-08,1.0,0.0,0.0,0.39981772078659583,234.84293374702673,0.925,635.0,587.375,47.62499999999997,1.0,0.0,0.0,0.39981772078659583,234.84293374702673,0.925,635.0,587.375,47.62499999999997,1.0,0.0,0.0,0.39981772078659583,234.84293374702673,0.925,635.0,587.375,47.62499999999997,1.0,0.0,0.0,0.39981772078659583,234.84293374702673,0.925,635.0,587.375,47.62499999999997,1.0,,,0.101,237.29950000000002,2349.5,2349.5,0.0,72.8345,0.0,,,296.3333334242851,0.0,127.4233333724426,4.0,1593.472178053441,0.0,-0.0,0.0,112.72222187550041
12,1,13,0.07074,0.0,1593.472178053441,,,,0,0.0,1,2645.833333424285,2645.833333424285,0.0,423.33333334788557,87.84166666968626,0.0,,,416.8009430653341,2645.833333424285,2540.0000000873138,105.83333333697149,2645.8333334242852,0.0,1.0,0.0,0.0,0.16409928916305347,138.94518932463103,0.96,881.9939010786644,846.7141450355178,35.279756043146605,1.0,0.0,0.0,0.16409485927225073,138.9336476757278,0.96,881.9444454509477,846.6666676329097,35.27777781803794,1.0,0.0,0.0,0.16409042947456856,138.92210606497525,0.96,881.8949868946729,846.619187418886,35.27579947578695,,,,939.3717349881069,2540.0000000873138,2349.5,190.5,2540.0,8.731376510695554e-08,1.0,0.0,0.0,0.39981772078659583,234.84293374702673,0.925,635.0,587.375,47.62499999999997,1.0,0.0,0.0,0.39981772078659583,234.84293374702673,0.925,635.0,587.375,47.62499999999997,1.0,0.0,0.0,0.39981772078659583,234.84293374702673,0.925,635.0,587.375,47.62499999999997,1.0,0.0,0.0,0.39981772078659583,234.84293374702673,0.925,635.0,587.375,47.62499999999997,1.0,,,0.101,237.29950000000002,2349.5,2349.5,0.0,72.8345,0.0,,,296.3333334242851,0.0,127.4233333724426,4.0,1593.472178053441,0.0,-0.0,0.0,112.72222187550041
13,1,14,0.07074,0.0,1593.472178053441,,,,0,0.0,1,2645.833333424285,2645.833333424285,0.0,423.33333334788557,87.84166666968626,0.0,,,416.8009430653341,2645.833333424285,2540.0000000873138,105.83333333697149,2645.8333334242852,0.0,1.0,0.0,0.0,0.16409928916305347,138.94518932463103,0.96,881.9939010786644,846.7141450355178,35.279756043146605,1.0,0.0,0.0,0.16409485927225073,138.9336476757278,0.96,881.9444454509477,846.6666676329097,35.27777781803794,1.0,0.0,0.0,0.16409042947456856,138.92210606497525,0.96,881.8949868946729,846.619187418886,35.27579947578695,,,,939.3717349881069,2540.0000000873138,2349.5,190.5,2540.0,8.731376510695554e-08,1.0,0.0,0.0,0.39981772078659583,234.84293374702673,0.925,635.0,587.375,47.62499999999997,1.0,0.0,0.0,0.39981772078659583,234.84293374702673,0.925,635.0,587.375,47.62499999999997,1.0,0.0,0.0,0.39981772078659583,234.84293374702673,0.925,635.0,587.375,47.62499999999997,1.0,0.0,0.0,0.39981772078659583,234.84293374702673,0.925,635.0,587.375,47.62499999999997,1.0,,,0.101,237.29950000000002,2349.5,2349.5,0.0,72.8345,0.0,,,296.3333334242851,0.0,127.4233333724426,4.0,1593.472178053441,0.0,-0.0,0.0,112.72222187550041
14,1,15,0.07074,0.0,1593.472178053441,,,,0,0.0,1,2645.833333424285,2645.833333424285,0.0,423.33333334788557,87.84166666968626,0.0,,,416.8009430653341,2645.833333424285,2540.0000000873138,105.83333333697149,2645.8333334242852,0.0,1.0,0.0,0.0,0.16409928916305347,138.94518932463103,0.96,881.9939010786644,846.7141450355178,35.279756043146605,1.0,0.0,0.0,0.16409485927225073,138.9336476757278,0.96,881.9444454509477,846.6666676329097,35.27777781803794,1.0,0.0,0.0,0.16409042947456856,138.92210606497525,0.96,881.8949868946729,846.619187418886,35.27579947578695,,,,939.3717349881069,2540.0000000873138,2349.5,190.5,2540.0,8.731376510695554e-08,1.0,0.0,0.0,0.39981772078659583,234.84293374702673,0.925,635.0,587.375,47.62499999999997,1.0,0.0,0.0,0.39981772078659583,234.84293374702673,0.925,635.0,587.375,47.62499999999997,1.0,0.0,0.0,0.39981772078659583,234.84293374702673,0.925,635.0,587.375,47.62499999999997,1.0,0.0,0.0,0.39981772078659583,234.84293374702673,0.925,635.0,587.375,47.62499999999997,1.0,,,0.101,237.29950000000002,2349.5,2349.5,0.0,72.8345,0.0,,,296.3333334242851,0.0,127.4233333724426,4.0,1593.472178053441,0.0,-0.0,0.0,112.72222187550041
15,1,16,0.07074,0.0,1593.472178053441,,,,0,0.0,1,2645.833333424285,2645.833333424285,0.0,423.33333334788557,87.84166666968626,0.0,,,416.8009430653341,2645.833333424285,2540.0000000873138,105.83333333697149,2645.8333334242852,0.0,1.0,0.0,0.0,0.16409928916305347,138.94518932463103,0.96,881.9939010786644,846.7141450355178,35.279756043146605,1.0,0.0,0.0,0.16409485927225073,138.9336476757278,0.96,881.9444454509477,846.6666676329097,35.27777781803794,1.0,0.0,0.0,0.16409042947456856,138.92210606497525,0.96,881.8949868946729,846.619187418886,35.27579947578695,,,,939.3717349881069,2540.0000000873138,2349.5,190.5,2540.0,8.731376510695554e-08,1.0,0.0,0.0,0.39981772078659583,234.84293374702673,0.925,635.0,587.375,47.62499999999997,1.0,0.0,0.0,0.39981772078659583,234.84293374702673,0.925,635.0,587.375,47.62499999999997,1.0,0.0,0.0,0.39981772078659583,234.84293374702673,0.925,635.0,587.375,47.62499999999997,1.0,0.0,0.0,0.39981772078659583,234.84293374702673,0.925,635.0,587.375,47.62499999999997,1.0,,,0.101,237.29950000000002,2349.5,2349.5,0.0,72.8345,0.0,,,296.3333334242851,0.0,127.4233333724426,4.0,1593.472178053441,0.0,-0.0,0.0,112.72222187550041
16,1,17,0.07074,0.0,1593.472178053441,,,,0,0.0,1,2645.833333424285,2645.833333424285,0.0,423.33333334788557,87.84166666968626,0.0,,,416.8009430653341,2645.833333424285,2540.0000000873138,105.83333333697149,2645.8333334242852,0.0,1.0,0.0,0.0,0.16409928916305347,138.94518932463103,0.96,881.9939010786644,846.7141450355178,35.279756043146605,1.0,0.0,0.0,0.16409485927225073,138.9336476757278,0.96,881.9444454509477,846.6666676329097,35.27777781803794,1.0,0.0,0.0,0.16409042947456856,138.92210606497525,0.96,881.8949868946729,846.619187418886,35.27579947578695,,,,939.3717349881069,2540.0000000873138,2349.5,190.5,2540.0,8.731376510695554e-08,1.0,0.0,0.0,0.39981772078659583,234.84293374702673,0.925,635.0,587.375,47.62499999999997,1.0,0.0,0.0,0.39981772078659583,234.84293374702673,0.925,635.0,587.375,47.62499999999997,1.0,0.0,0.0,0.39981772078659583,234.84293374702673,0.925,635.0,587.375,47.62499999999997,1.0,0.0,0.0,0.39981772078659583,234.84293374702673,0.925,635.0,587.375,47.62499999999997,1.0,,,0.101,237.29950000000002,2349.5,2349.5,0.0,72.8345,0.0,,,296.3333334242851,0.0,127.4233333724426,4.0,1593.472178053441,0.0,-0.0,0.0,112.72222187550041
17,1,18,0.11566,0.0,1593.472178053441,,,,0,0.0,1,2645.833333424285,2645.833333424285,0.0,423.33333334788557,87.84166666968626,0.0,,,416.80094306533397,2645.833333424285,2540.0000000873138,105.83333333697149,2645.8333334242852,0.0,1.0,0.0,0.0,0.16409928916305347,138.94518932463103,0.96,881.9939010786644,846.7141450355178,35.279756043146605,1.0,0.0,0.0,0.16409485927225073,138.9336476757278,0.96,881.9444454509477,846.6666676329097,35.27777781803794,1.0,0.0,0.0,0.16409042947456856,138.92210606497525,0.96,881.8949868946729,846.619187418886,35.27579947578695,,,,939.3717349881069,2540.0000000873138,2349.5,190.5,2540.0,8.731376510695554e-08,1.0,0.0,0.0,0.39981772078659583,234.84293374702673,0.925,635.0,587.375,47.62499999999997,1.0,0.0,0.0,0.39981772078659583,234.84293374702673,0.925,635.0,587.375,47.62499999999997,1.0,0.0,0.0,0.39981772078659583,234.84293374702673,0.925,635.0,587.375,47.62499999999997,1.0,0.0,0.0,0.39981772078659583,234.84293374702673,0.925,635.0,587.375,47.62499999999997,1.0,,,0.101,237.29950000000002,2349.5,2349.5,0.0,72.8345,0.0,,,296.3333334242851,0.0,127.4233333724426,4.0,1593.472178053441,0.0,-0.0,0.0,184.30099211366098
18,1,19,0.11566,0.0,1593.472178053441,,,,0,0.0,1,2645.833333424285,2645.833333424285,0.0,423.33333334788557,87.84166666968626,0.0,,,416.80094306533397,2645.833333424285,2540.0000000873138,105.83333333697149,2645.8333334242852,0.0,1.0,0.0,0.0,0.16409928916305347,138.94518932463103,0.96,881.9939010786644,846.7141450355178,35.279756043146605,1.0,0.0,0.0,0.16409485927225073,138.9336476757278,0.96,881.9444454509477,846.6666676329097,35.27777781803794,1.0,0.0,0.0,0.16409042947456856,138.92210606497525,0.96,881.8949868946729,846.619187418886,35.27579947578695,,,,939.3717349881069,2540.0000000873138,2349.5,190.5,2540.0,8.731376510695554e-08,1.0,0.0,0.0,0.39981772078659583,234.84293374702673,0.925,635.0,587.375,47.62499999999997,1.0,0.0,0.0,0.39981772078659583,234.84293374702673,0.925,635.0,587.375,47.62499999999997,1.0,0.0,0.0,0.39981772078659583,234.84293374702673,0.925,635.0,587.375,47.62499999999997,1.0,0.0,0.0,0.39981772078659583,234.84293374702673,0.925,635.0,587.375,47.62499999999997,1.0,,,0.101,237.29950000000002,2349.5,2349.5,0.0,72.8345,0.0,,,296.3333334242851,0.0,127.4233333724426,4.0,1593.472178053441,0.0,-0.0,0.0,184.30099211366098
19,1,20,0.11566,0.0,1593.472178053441,,,,0,0.0,1,2645.833333424285,2645.833333424285,0.0,423.33333334788557,87.84166666968626,0.0,,,416.80094306533397,2645.833333424285,2540.0000000873138,105.83333333697149,2645.8333334242852,0.0,1.0,0.0,0.0,0.16409928916305347,138.94518932463103,0.96,881.9939010786644,846.7141450355178,35.279756043146605,1.0,0.0,0.0,0.16409485927225073,138.9336476757278,0.96,881.9444454509477,846.6666676329097,35.27777781803794,1.0,0.0,0.0,0.16409042947456856,138.92210606497525,0.96,881.8949868946729,846.619187418886,35.27579947578695,,,,939.3717349881069,2540.0000000873138,2349.5,190.5,2540.0,8.731376510695554e-08,1.0,0.0,0.0,0.39981772078659583,234.84293374702673,0.925,635.0,587.375,47.62499999999997,1.0,0.0,0.0,0.39981772078659583,234.84293374702673,0.925,635.0,587.375,47.62499999999997,1.0,0.0,0.0,0.39981772078659583,234.84293374702673,0.925,635.0,587.375,47.62499999999997,1.0,0.0,0.0,0.39981772078659583,234.84293374702673,0.925,635.0,587.375,47.62499999999997,1.0,,,0.101,237.29950000000002,2349.5,2349.5,0.0,72.8345,0.0,,,296.3333334242851,0.0,127.4233333724426,4.0,1593.472178053441,0.0,-0.0,0.0,184.30099211366098
20,1,21,0.11566,0.0,1593.472178053441,,,,0,0.0,1,2645.833333424285,2645.833333424285,0.0,423.33333334788557,87.84166666968626,0.0,,,416.80094306533397,2645.833333424285,2540.0000000873138,105.83333333697149,2645.8333334242852,0.0,1.0,0.0,0.0,0.16409928916305347,138.94518932463103,0.96,881.9939010786644,846.7141450355178,35.279756043146605,1.0,0.0,0.0,0.16409485927225073,138.9336476757278,0.96,881.9444454509477,846.6666676329097,35.27777781803794,1.0,0.0,0.0,0.16409042947456856,138.92210606497525,0.96,881.8949868946729,846.619187418886,35.27579947578695,,,,939.3717349881069,2540.0000000873138,2349.5,190.5,2540.0,8.731376510695554e-08,1.0,0.0,0.0,0.39981772078659583,234.84293374702673,0.925,635.0,587.375,47.62499999999997,1.0,0.0,0.0,0.39981772078659583,234.84293374702673,0.925,635.0,587.375,47.62499999999997,1.0,0.0,0.0,0.39981772078659583,234.84293374702673,0.925,635.0,587.375,47.62499999999997,1.0,0.0,0.0,0.39981772078659583,234.84293374702673,0.925,635.0,587.375,47.62499999999997,1.0,,,0.101,237.29950000000002,2349.5,2349.5,0.0,72.8345,0.0,,,296.3333334242851,0.0,127.4233333724426,4.0,1593.472178053441,0.0,-0.0,0.0,184.30099211366098
21,1,22,0.11566,0.0,1593.472178053441,,,,0,0.0,1,2645.833333424285,2645.833333424285,0.0,423.33333334788557,87.84166666968626,0.0,,,416.80094306533397,2645.833333424285,2540.0000000873138,105.83333333697149,2645.8333334242852,0.0,1.0,0.0,0.0,0.16409928916305347,138.94518932463103,0.96,881.9939010786644,846.7141450355178,35.279756043146605,1.0,0.0,0.0,0.16409485927225073,138.9336476757278,0.96,881.9444454509477,846.6666676329097,35.27777781803794,1.0,0.0,0.0,0.16409042947456856,138.92210606497525,0.96,881.8949868946729,846.619187418886,35.27579947578695,,,,939.3717349881069,2540.0000000873138,2349.5,190.5,2540.0,8.731376510695554e-08,1.0,0.0,0.0,0.39981772078659583,234.84293374702673,0.925,635.0,587.375,47.62499999999997,1.0,0.0,0.0,0.39981772078659583,234.84293374702673,0.925,635.0,587.375,47.62499999999997,1.0,0.0,0.0,0.39981772078659583,234.84293374702673,0.925,635.0,587.375,47.62499999999997,1.0,0.0,0.0,0.39981772078659583,234.84293374702673,0.925,635.0,587.375,47.62499999999997,1.0,,,0.101,237.29950000000002,2349.5,2349.5,0.0,72.8345,0.0,,,296.3333334242851,0.0,127.4233333724426,4.0,1593.472178053441,0.0,-0.0,0.0,184.30099211366098
22,1,23,0.11506,0.0,1593.472178053441,,,,0,0.0,1,2645.833333424285,2645.833333424285,0.0,423.33333334788557,87.84166666968626,0.0,,,416.8009430653341,2645.833333424285,2540.0000000873138,105.83333333697149,2645.8333334242852,0.0,1.0,0.0,0.0,0.16409928916305347,138.94518932463103,0.96,881.9939010786644,846.7141450355178,35.279756043146605,1.0,0.0,0.0,0.16409485927225073,138.9336476757278,0.96,881.9444454509477,846.6666676329097,35.27777781803794,1.0,0.0,0.0,0.16409042947456856,138.92210606497525,0.96,881.8949868946729,846.619187418886,35.27579947578695,,,,939.3717349881069,2540.0000000873138,2349.5,190.5,2540.0,8.731376510695554e-08,1.0,0.0,0.0,0.39981772078659583,234.84293374702673,0.925,635.0,587.375,47.62499999999997,1.0,0.0,0.0,0.39981772078659583,234.84293374702673,0.925,635.0,587.375,47.62499999999997,1.0,0.0,0.0,0.39981772078659583,234.84293374702673,0.925,635.0,587.375,47.62499999999997,1.0,0.0,0.0,0.39981772078659583,234.84293374702673,0.925,635.0,587.375,47.62499999999997,1.0,,,0.101,237.29950000000002,2349.5,2349.5,0.0,72.8345,0.0,,,296.3333334242851,0.0,127.4233333724426,4.0,1593.472178053441,0.0,-0.0,0.0,183.34490880682893
23,1,24,0.11506,0.0,1593.472178053441,,,,0,0.0,1,2645.833333424285,2645.833333424285,0.0,423.33333334788557,87.84166666968626,0.0,,,416.8009430653341,2645.833333424285,2540.0000000873138,105.83333333697149,2645.8333334242852,0.0,1.0,0.0,0.0,0.16409928916305347,138.94518932463103,0.96,881.9939010786644,846.7141450355178,35.279756043146605,1.0,0.0,0.0,0.16409485927225073,138.9336476757278,0.96,881.9444454509477,846.6666676329097,35.27777781803794,1.0,0.0,0.0,0.16409042947456856,138.92210606497525,0.96,881.8949868946729,846.619187418886,35.27579947578695,,,,939.3717349881069,2540.0000000873138,2349.5,190.5,2540.0,8.731376510695554e-08,1.0,0.0,0.0,0.39981772078659583,234.84293374702673,0.925,635.0,587.375,47.62499999999997,1.0,0.0,0.0,0.39981772078659583,234.84293374702673,0.925,635.0,587.375,47.62499999999997,1.0,0.0,0.0,0.39981772078659583,234.84293374702673,0.925,635.0,587.375,47.62499999999997,1.0,0.0,0.0,0.39981772078659583,234.84293374702673,0.925,635.0,587.375,47.62499999999997,1.0,,,0.101,237.29950000000002,2349.5,2349.5,0.0,72.8345,0.0,,,296.3333334242851,0.0,127.4233333724426,4.0,1593.472178053441,0.0,-0.0,0.0,183.34490880682893
24,1,25,0.11506,0.0,1593.472178053441,,,,0,0.0,1,2645.833333424285,2645.833333424285,0.0,423.33333334788557,87.84166666968626,0.0,,,416.8009430653341,2645.833333424285,2540.0000000873138,105.83333333697149,2645.8333334242852,0.0,1.0,0.0,0.0,0.16409928916305347,138.94518932463103,0.96,881.9939010786644,846.7141450355178,35.279756043146605,1.0,0.0,0.0,0.16409485927225073,138.9336476757278,0.96,881.9444454509477,846.6666676329097,35.27777781803794,1.0,0.0,0.0,0.16409042947456856,138.92210606497525,0.96,881.8949868946729,846.619187418886,35.27579947578695,,,,939.3717349881069,2540.0000000873138,2349.5,190.5,2540.0,8.731376510695554e-08,1.0,0.0,0.0,0.39981772078659583,234.84293374702673,0.925,635.0,587.375,47.62499999999997,1.0,0.0,0.0,0.39981772078659583,234.84293374702673,0.925,635.0,587.375,47.62499999999997,1.0,0.0,0.0,0.39981772078659583,234.84293374702673,0.925,635.0,587.375,47.62499999999997,1.0,0.0,0.0,0.39981772078659583,234.84293374702673,0.925,635.0,587.375,47.62499999999997,1.0,,,0.101,237.29950000000002,2349.5,2349.5,0.0,72.8345,0.0,,,296.3333334242851,0.0,127.4233333724426,4.0,1593.472178053441,0.0,-0.0,0.0,183.34490880682893
25,1,26,0.11506,0.0,1593.472178053441,,,,0,0.0,1,2645.833333424285,2645.833333424285,0.0,423.33333334788557,87.84166666968626,0.0,,,416.8009430653341,2645.833333424285,2540.0000000873138,105.83333333697149,2645.8333334242852,0.0,1.0,0.0,0.0,0.16409928916305347,138.94518932463103,0.96,881.9939010786644,846.7141450355178,35.279756043146605,1.0,0.0,0.0,0.16409485927225073,138.9336476757278,0.96,881.9444454509477,846.6666676329097,35.27777781803794,1.0,0.0,0.0,0.16409042947456856,138.92210606497525,0.96,881.8949868946729,846.619187418886,35.27579947578695,,,,939.3717349881069,2540.0000000873138,2349.5,190.5,2540.0,8.731376510695554e-08,1.0,0.0,0.0,0.39981772078659583,234.84293374702673,0.925,635.0,587.375,47.62499999999997,1.0,0.0,0.0,0.39981772078659583,234.84293374702673,0.925,635.0,587.375,47.62499999999997,1.0,0.0,0.0,0.39981772078659583,234.84293374702673,0.925,635.0,587.375,47.62499999999997,1.0,0.0,0.0,0.39981772078659583,234.84293374702673,0.925,635.0,587.375,47.62499999999997,1.0,,,0.101,237.29950000000002,2349.5,2349.5,0.0,72.8345,0.0,,,296.3333334242851,0.0,127.4233333724426,4.0,1593.472178053441,0.0,-0.0,0.0,183.34490880682893
26,1,27,0.11506,0.0,1593.472178053441,,,,0,0.0,1,2645.833333424285,2645.833333424285,0.0,423.33333334788557,87.84166666968626,0.0,,,416.8009430653341,2645.833333424285,2540.0000000873138,105.83333333697149,2645.8333334242852,0.0,1.0,0.0,0.0,0.16409928916305347,138.94518932463103,0.96,881.9939010786644,846.7141450355178,35.279756043146605,1.0,0.0,0.0,0.16409485927225073,138.9336476757278,0.96,881.9444454509477,846.6666676329097,35.27777781803794,1.0,0.0,0.0,0.16409042947456856,138.92210606497525,0.96,881.8949868946729,846.619187418886,35.27579947578695,,,,939.3717349881069,2540.0000000873138,2349.5,190.5,2540.0,8.731376510695554e-08,1.0,0.0,0.0,0.39981772078659583,234.84293374702673,0.925,635.0,587.375,47.62499999999997,1.0,0.0,0.0,0.39981772078659583,234.84293374702673,0.925,635.0,587.375,47.62499999999997,1.0,0.0,0.0,0.39981772078659583,234.84293374702673,0.925,635.0,587.375,47.62499999999997,1.0,0.0,0.0,0.39981772078659583,234.84293374702673,0.925,635.0,587.375,47.62499999999997,1.0,,,0.101,237.29950000000002,2349.5,2349.5,0.0,72.8345,0.0,,,296.3333334242851,0.0,127.4233333724426,4.0,1593.472178053441,0.0,-0.0,0.0,183.34490880682893
27,1,28,0.11506,0.0,1593.472178053441,,,,0,0.0,1,2645.833333424285,2645.833333424285,0.0,423.33333334788557,87.84166666968626,0.0,,,416.8009430653341,2645.833333424285,2540.0000000873138,105.83333333697149,2645.8333334242852,0.0,1.0,0.0,0.0,0.16409928916305347,138.94518932463103,0.96,881.9939010786644,846.7141450355178,35.279756043146605,1.0,0.0,0.0,0.16409485927225073,138.9336476757278,0.96,881.9444454509477,846.6666676329097,35.27777781803794,1.0,0.0,0.0,0.16409042947456856,138.92210606497525,0.96,881.8949868946729,846.619187418886,35.27579947578695,,,,939.3717349881069,2540.0000000873138,2349.5,190.5,2540.0,8.731376510695554e-08,1.0,0.0,0.0,0.39981772078659583,234.84293374702673,0.925,635.0,587.375,47.62499999999997,1.0,0.0,0.0,0.39981772078659583,234.84293374702673,0.925,635.0,587.375,47.62499999999997,1.0,0.0,0.0,0.39981772078659583,234.84293374702673,0.925,635.0,587.375,47.62499999999997,1.0,0.0,0.0,0.39981772078659583,234.84293374702673,0.925,635.0,587.375,47.62499999999997,1.0,,,0.101,237.29950000000002,2349.5,2349.5,0.0,72.8345,0.0,,,296.3333334242851,0.0,127.4233333724426,4.0,1593.472178053441,0.0,-0.0,0.0,183.34490880682893
28,1,29,0.11506,0.0,1593.472178053441,,,,0,0.0,1,2645.833333424285,2645.833333424285,0.0,423.33333334788557,87.84166666968626,0.0,,,416.8009430653341,2645.833333424285,2540.0000000873138,105.83333333697149,2645.8333334242852,0.0,1.0,0.0,0.0,0.16409928916305347,138.94518932463103,0.96,881.9939010786644,846.7141450355178,35.279756043146605,1.0,0.0,0.0,0.16409485927225073,138.9336476757278,0.96,881.9444454509477,846.6666676329097,35.27777781803794,1.0,0.0,0.0,0.16409042947456856,138.92210606497525,0.96,881.8949868946729,846.619187418886,35.27579947578695,,,,939.3717349881069,2540.0000000873138,2349.5,190.5,2540.0,8.731376510695554e-08,1.0,0.0,0.0,0.39981772078659583,234.84293374702673,0.925,635.0,587.375,47.62499999999997,1.0,0.0,0.0,0.39981772078659583,234.84293374702673,0.925,635.0,587.375,47.62499999999997,1.0,0.0,0.0,0.39981772078659583,234.84293374702673,0.925,635.0,587.375,47.62499999999997,1.0,0.0,0.0,0.39981772078659583,234.84293374702673,0.925,635.0,587.375,47.62499999999997,1.0,,,0.101,237.29950000000002,2349.5,2349.5,0.0,72.8345,0.0,,,296.3333334242851,0.0,127.4233333724426,4.0,1593.472178053441,0.0,-0.0,0.0,183.34490880682893
29,1,30,0.11506,0.0,1593.472178053441,,,,0,0.0,1,2645.833333424285,2645.833333424285,0.0,423.33333334788557,87.84166666968626,0.0,,,416.8009430653341,2645.833333424285,2540.0000000873138,105.83333333697149,2645.8333334242852,0.0,1.0,0.0,0.0,0.16409928916305347,138.94518932463103,0.96,881.9939010786644,846.7141450355178,35.279756043146605,1.0,0.0,0.0,0.16409485927225073,138.9336476757278,0.96,881.9444454509477,846.6666676329097,35.27777781803794,1.0,0.0,0.0,0.16409042947456856,138.92210606497525,0.96,881.8949868946729,846.619187418886,35.27579947578695,,,,939.3717349881069,2540.0000000873138,2349.5,190.5,2540.0,8.731376510695554e-08,1.0,0.0,0.0,0.39981772078659583,234.84293374702673,0.925,635.0,587.375,47.62499999999997,1.0,0.0,0.0,0.39981772078659583,234.84293374702673,0.925,635.0,587.375,47.62499999999997,1.0,0.0,0.0,0.39981772078659583,234.84293374702673,0.925,635.0,587.375,47.62499999999997,1.0,0.0,0.0,0.39981772078659583,234.84293374702673,0.925,635.0,587.375,47.62499999999997,1.0,,,0.101,237.29950000000002,2349.5,2349.5,0.0,72.8345,0.0,,,296.3333334242851,0.0,127.4233333724426,4.0,1593.472178053441,0.0,-0.0,0.0,183.34490880682893
30,1,31,0.11506,0.0,1593.472178053441,,,,0,0.0,1,2645.833333424285,2645.833333424285,0.0,423.33333334788557,87.84166666968626,0.0,,,416.8009430653341,2645.833333424285,2540.0000000873138,105.83333333697149,2645.8333334242852,0.0,1.0,0.0,0.0,0.16409928916305347,138.94518932463103,0.96,881.9939010786644,846.7141450355178,35.279756043146605,1.0,0.0,0.0,0.16409485927225073,138.9336476757278,0.96,881.9444454509477,846.6666676329097,35.27777781803794,1.0,0.0,0.0,0.16409042947456856,138.92210606497525,0.96,881.8949868946729,846.619187418886,35.27579947578695,,,,939.3717349881069,2540.0000000873138,2349.5,190.5,2540.0,8.731376510695554e-08,1.0,0.0,0.0,0.39981772078659583,234.84293374702673,0.925,635.0,587.375,47.62499999999997,1.0,0.0,0.0,0.39981772078659583,234.84293374702673,0.925,635.0,587.375,47.62499999999997,1.0,0.0,0.0,0.39981772078659583,234.84293374702673,0.925,635.0,587.375,47.62499999999997,1.0,0.0,0.0,0.39981772078659583,234.84293374702673,0.925,635.0,587.375,47.62499999999997,1.0,,,0.101,237.29950000000002,2349.5,2349.5,0.0,72.8345,0.0,,,296.3333334242851,0.0,127.4233333724426,4.0,1593.472178053441,0.0,-0.0,0.0,183.34490880682893
31,1,32,0.11506,0.0,1593.472178053441,,,,0,0.0,1,2645.833333424285,2645.833333424285,0.0,423.33333334788557,87.84166666968626,0.0,,,416.8009430653341,2645.833333424285,2540.0000000873138,105.83333333697149,2645.8333334242852,0.0,1.0,0.0,0.0,0.16409928916305347,138.94518932463103,0.96,881.9939010786644,846.7141450355178,35.279756043146605,1.0,0.0,0.0,0.16409485927225073,138.9336476757278,0.96,881.9444454509477,846.6666676329097,35.27777781803794,1.0,0.0,0.0,0.16409042947456856,138.92210606497525,0.96,881.8949868946729,846.619187418886,35.27579947578695,,,,939.3717349881069,2540.0000000873138,2349.5,190.5,2540.0,8.731376510695554e-08,1.0,0.0,0.0,0.39981772078659583,234.84293374702673,0.925,635.0,587.375,47.62499999999997,1.0,0.0,0.0,0.39981772078659583,234.84293374702673,0.925,635.0,587.375,47.62499999999997,1.0,0.0,0.0,0.39981772078659583,234.84293374702673,0.925,635.0,587.375,47.62499999999997,1.0,0.0,0.0,0.39981772078659583,234.84293374702673,0.925,635.0,587.375,47.62499999999997,1.0,,,0.101,237.29950000000002,2349.5,2349.5,0.0,72.8345,0.0,,,296.3333334242851,0.0,127.4233333724426,4.0,1593.472178053441,0.0,-0.0,0.0,183.34490880682893
32,1,33,0.07074,0.0,1593.472178053441,,,,0,0.0,1,2645.833333424285,2645.833333424285,0.0,423.33333334788557,87.84166666968626,0.0,,,416.8009430653341,2645.833333424285,2540.0000000873138,105.83333333697149,2645.8333334242852,0.0,1.0,0.0,0.0,0.16409928916305347,138.94518932463103,0.96,881.9939010786644,846.7141450355178,35.279756043146605,1.0,0.0,0.0,0.16409485927225073,138.9336476757278,0.96,881.9444454509477,846.6666676329097,35.27777781803794,1.0,0.0,0.0,0.16409042947456856,138.92210606497525,0.96,881.8949868946729,846.619187418886,35.27579947578695,,,,939.3717349881069,2540.0000000873138,2349.5,190.5,2540.0,8.731376510695554e-08,1.0,0.0,0.0,0.39981772078659583,234.84293374702673,0.925,635.0,587.375,47.62499999999997,1.0,0.0,0.0,0.39981772078659583,234.84293374702673,0.925,635.0,587.375,47.62499999999997,1.0,0.0,0.0,0.39981772078659583,234.84293374702673,0.925,635.0,587.375,47.62499999999997,1.0,0.0,0.0,0.39981772078659583,234.84293374702673,0.925,635.0,587.375,47.62499999999997,1.0,,,0.101,237.29950000000002,2349.5,2349.5,0.0,72.8345,0.0,,,296.3333334242851,0.0,127.4233333724426,4.0,1593.472178053441,0.0,-0.0,0.0,112.72222187550041
33,1,34,0.07074,0.0,1593.472178053441,,,,0,0.0,1,2645.833333424285,2645.833333424285,0.0,423.33333334788557,87.84166666968626,0.0,,,416.8009430653341,2645.833333424285,2540.0000000873138,105.83333333697149,2645.8333334242852,0.0,1.0,0.0,0.0,0.16409928916305347,138.94518932463103,0.96,881.9939010786644,846.7141450355178,35.279756043146605,1.0,0.0,0.0,0.16409485927225073,138.9336476757278,0.96,881.9444454509477,846.6666676329097,35.27777781803794,1.0,0.0,0.0,0.16409042947456856,138.92210606497525,0.96,881.8949868946729,846.619187418886,35.27579947578695,,,,939.3717349881069,2540.0000000873138,2349.5,190.5,2540.0,8.731376510695554e-08,1.0,0.0,0.0,0.39981772078659583,234.84293374702673,0.925,635.0,587.375,47.62499999999997,1.0,0.0,0.0,0.39981772078659583,234.84293374702673,0.925,635.0,587.375,47.62499999999997,1.0,0.0,0.0,0.39981772078659583,234.84293374702673,0.925,635.0,587.375,47.62499999999997,1.0,0.0,0.0,0.39981772078659583,234.84293374702673,0.925,635.0,587.375,47.62499999999997,1.0,,,0.101,237.29950000000002,2349.5,2349.5,0.0,72.8345,0.0,,,296.3333334242851,0.0,127.4233333724426,4.0,1593.472178053441,0.0,-0.0,0.0,112.72222187550041
34,1,35,0.07074,0.0,1593.472178053441,,,,0,0.0,1,2645.833333424285,2645.833333424285,0.0,423.33333334788557,87.84166666968626,0.0,,,416.8009430653341,2645.833333424285,2540.0000000873138,105.83333333697149,2645.8333334242852,0.0,1.0,0.0,0.0,0.16409928916305347,138.94518932463103,0.96,881.9939010786644,846.7141450355178,35.279756043146605,1.0,0.0,0.0,0.16409485927225073,138.9336476757278,0.96,881.9444454509477,846.6666676329097,35.27777781803794,1.0,0.0,0.0,0.16409042947456856,138.92210606497525,0.96,881.8949868946729,846.619187418886,35.27579947578695,,,,939.3717349881069,2540.0000000873138,2349.5,190.5,2540.0,8.731376510695554e-08,1.0,0.0,0.0,0.39981772078659583,234.84293374702673,0.925,635.0,587.375,47.62499999999997,1.0,0.0,0.0,0.39981772078659583,234.84293374702673,0.925,635.0,587.375,47.62499999999997,1.0,0.0,0.0,0.39981772078659583,234.84293374702673,0.925,635.0,587.375,47.62499999999997,1.0,0.0,0.0,0.39981772078659583,234.84293374702673,0.925,635.0,587.375,47.62499999999997,1.0,,,0.101,237.29950000000002,2349.5,2349.5,0.0,72.8345,0.0,,,296.3333334242851,0.0,127.4233333724426,4.0,1593.472178053441,0.0,-0.0,0.0,112.72222187550041
35,1,36,0.07074,0.0,1593.472178053441,,,,0,0.0,1,2645.833333424285,2645.833333424285,0.0,423.33333334788557,87.84166666968626,0.0,,,416.8009430653341,2645.833333424285,2540.0000000873138,105.83333333697149,2645.8333334242852,0.0,1.0,0.0,0.0,0.16409928916305347,138.94518932463103,0.96,881.9939010786644,846.7141450355178,35.279756043146605,1.0,0.0,0.0,0.16409485927225073,138.9336476757278,0.96,881.9444454509477,846.6666676329097,35.27777781803794,1.0,0.0,0.0,0.16409042947456856,138.92210606497525,0.96,881.8949868946729,846.619187418886,35.27579947578695,,,,939.3717349881069,2540.0000000873138,2349.5,190.5,2540.0,8.731376510695554e-08,1.0,0.0,0.0,0.39981772078659583,234.84293374702673,0.925,635.0,587.375,47.62499999999997,1.0,0.0,0.0,0.39981772078659583,234.84293374702673,0.925,635.0,587.375,47.62499999999997,1.0,0.0,0.0,0.39981772078659583,234.84293374702673,0.925,635.0,587.375,47.62499999999997,1.0,0.0,0.0,0.39981772078659583,234.84293374702673,0.925,635.0,587.375,47.62499999999997,1.0,,,0.101,237.29950000000002,2349.5,2349.5,0.0,72.8345,0.0,,,296.3333334242851,0.0,127.4233333724426,4.0,1593.472178053441,0.0,-0.0,0.0,112.72222187550041
36,1,37,0.07074,0.0,1593.472178053441,,,,0,0.0,1,2645.833333424285,2645.833333424285,0.0,423.33333334788557,87.84166666968626,0.0,,,416.8009430653341,2645.833333424285,2540.0000000873138,105.83333333697149,2645.8333334242852,0.0,1.0,0.0,0.0,0.16409928916305347,138.94518932463103,0.96,881.9939010786644,846.7141450355178,35.279756043146605,1.0,0.0,0.0,0.16409485927225073,138.9336476757278,0.96,881.9444454509477,846.6666676329097,35.27777781803794,1.0,0.0,0.0,0.16409042947456856,138.92210606497525,0.96,881.8949868946729,846.619187418886,35.27579947578695,,,,939.3717349881069,2540.0000000873138,2349.5,190.5,2540.0,8.731376510695554e-08,1.0,0.0,0.0,0.39981772078659583,234.84293374702673,0.925,635.0,587.375,47.62499999999997,1.0,0.0,0.0,0.39981772078659583,234.84293374702673,0.925,635.0,587.375,47.62499999999997,1.0,0.0,0.0,0.39981772078659583,234.84293374702673,0.925,635.0,587.375,47.62499999999997,1.0,0.0,0.0,0.39981772078659583,234.84293374702673,0.925,635.0,587.375,47.62499999999997,1.0,,,0.101,237.29950000000002,2349.5,2349.5,0.0,72.8345,0.0,,,296.3333334242851,0.0,127.4233333724426,4.0,1593.472178053441,0.0,-0.0,0.0,112.72222187550041
37,1,38,0.07074,0.0,1593.472178053441,,,,0,0.0,1,2645.833333424285,2645.833333424285,0.0,423.33333334788557,87.84166666968626,0.0,,,416.8009430653341,2645.833333424285,2540.0000000873138,105.83333333697149,2645.8333334242852,0.0,1.0,0.0,0.0,0.16409928916305347,138.94518932463103,0.96,881.9939010786644,846.7141450355178,35.279756043146605,1.0,0.0,0.0,0.16409485927225073,138.9336476757278,0.96,881.9444454509477,846.6666676329097,35.27777781803794,1.0,0.0,0.0,0.16409042947456856,138.92210606497525,0.96,881.8949868946729,846.619187418886,35.27579947578695,,,,939.3717349881069,2540.0000000873138,2349.5,190.5,2540.0,8.731376510695554e-08,1.0,0.0,0.0,0.39981772078659583,234.84293374702673,0.925,635.0,587.375,47.62499999999997,1.0,0.0,0.0,0.39981772078659583,234.84293374702673,0.925,635.0,587.375,47.62499999999997,1.0,0.0,0.0,0.39981772078659583,234.84293374702673,0.925,635.0,587.375,47.62499999999997,1.0,0.0,0.0,0.39981772078659583,234.84293374702673,0.925,635.0,587.375,47.62499999999997,1.0,,,0.101,237.29950000000002,2349.5,2349.5,0.0,72.8345,0.0,,,296.3333334242851,0.0,127.4233333724426,4.0,1593.472178053441,0.0,-0.0,0.0,112.72222187550041
38,1,39,0.07074,0.0,1593.472178053441,,,,0,0.0,1,2645.833333424285,2645.833333424285,0.0,423.33333334788557,87.84166666968626,0.0,,,416.8009430653341,2645.833333424285,2540.0000000873138,105.83333333697149,2645.8333334242852,0.0,1.0,0.0,0.0,0.16409928916305347,138.94518932463103,0.96,881.9939010786644,846.7141450355178,35.279756043146605,1.0,0.0,0.0,0.16409485927225073,138.9336476757278,0.96,881.9444454509477,846.6666676329097,35.27777781803794,1.0,0.0,0.0,0.16409042947456856,138.92210606497525,0.96,881.8949868946729,846.619187418886,35.27579947578695,,,,939.3717349881069,2540.0000000873138,2349.5,190.5,2540.0,8.731376510695554e-08,1.0,0.0,0.0,0.39981772078659583,234.84293374702673,0.925,635.0,587.375,47.62499999999997,1.0,0.0,0.0,0.39981772078659583,234.84293374702673,0.925,635.0,587.375,47.62499999999997,1.0,0.0,0.0,0.39981772078659583,234.84293374702673,0.925,635.0,587.375,47.62499999999997,1.0,0.0,0.0,0.39981772078659583,234.84293374702673,0.925,635.0,587.375,47.62499999999997,1.0,,,0.101,237.29950000000002,2349.5,2349.5,0.0,72.8345,0.0,,,296.3333334242851,0.0,127.4233333724426,4.0,1593.472178053441,0.0,-0.0,0.0,112.72222187550041
39,1,40,0.07074,0.0,1593.472178053441,,,,0,0.0,1,2645.833333424285,2645.833333424285,0.0,423.33333334788557,87.84166666968626,0.0,,,416.8009430653341,2645.833333424285,2540.0000000873138,105.83333333697149,2645.8333334242852,0.0,1.0,0.0,0.0,0.16409928916305347,138.94518932463103,0.96,881.9939010786644,846.7141450355178,35.279756043146605,1.0,0.0,0.0,0.16409485927225073,138.9336476757278,0.96,881.9444454509477,846.6666676329097,35.27777781803794,1.0,0.0,0.0,0.16409042947456856,138.92210606497525,0.96,881.8949868946729,846.619187418886,35.27579947578695,,,,939.3717349881069,2540.0000000873138,2349.5,190.5,2540.0,8.731376510695554e-08,1.0,0.0,0.0,0.39981772078659583,234.84293374702673,0.925,635.0,587.375,47.62499999999997,1.0,0.0,0.0,0.39981772078659583,234.84293374702673,0.925,635.0,587.375,47.62499999999997,1.0,0.0,0.0,0.39981772078659583,234.84293374702673,0.925,635.0,587.375,47.62499999999997,1.0,0.0,0.0,0.39981772078659583,234.84293374702673,0.925,635.0,587.375,47.62499999999997,1.0,,,0.101,237.29950000000002,2349.5,2349.5,0.0,72.8345,0.0,,,296.3333334242851,0.0,127.4233333724426,4.0,1593.472178053441,0.0,-0.0,0.0,112.72222187550041
40,1,41,0.07074,0.0,1593.472178053441,,,,0,0.0,1,2645.833333424285,2645.833333424285,0.0,423.33333334788557,87.84166666968626,0.0,,,416.8009430653341,2645.833333424285,2540.0000000873138,105.83333333697149,2645.8333334242852,0.0,1.0,0.0,0.0,0.16409928916305347,138.94518932463103,0.96,881.9939010786644,846.7141450355178,35.279756043146605,1.0,0.0,0.0,0.16409485927225073,138.9336476757278,0.96,881.9444454509477,846.6666676329097,35.27777781803794,1.0,0.0,0.0,0.16409042947456856,138.92210606497525,0.96,881.8949868946729,846.619187418886,35.27579947578695,,,,939.3717349881069,2540.0000000873138,2349.5,190.5,2540.0,8.731376510695554e-08,1.0,0.0,0.0,0.39981772078659583,234.84293374702673,0.925,635.0,587.375,47.62499999999997,1.0,0.0,0.0,0.39981772078659583,234.84293374702673,0.925,635.0,587.375,47.62499999999997,1.0,0.0,0.0,0.39981772078659583,234.84293374702673,0.925,635.0,587.375,47.62499999999997,1.0,0.0,0.0,0.39981772078659583,234.84293374702673,0.925,635.0,587.375,47.62499999999997,1.0,,,0.101,237.29950000000002,2349.5,2349.5,0.0,72.8345,0.0,,,296.3333334242851,0.0,127.4233333724426,4.0,1593.472178053441,0.0,-0.0,0.0,112.72222187550041
41,1,42,0.11566,0.0,1593.472178053441,,,,0,0.0,1,2645.833333424285,2645.833333424285,0.0,423.33333334788557,87.84166666968626,0.0,,,416.80094306533397,2645.833333424285,2540.0000000873138,105.83333333697149,2645.8333334242852,0.0,1.0,0.0,0.0,0.16409928916305347,138.94518932463103,0.96,881.9939010786644,846.7141450355178,35.279756043146605,1.0,0.0,0.0,0.16409485927225073,138.9336476757278,0.96,881.9444454509477,846.6666676329097,35.27777781803794,1.0,0.0,0.0,0.16409042947456856,138.92210606497525,0.96,881.8949868946729,846.619187418886,35.27579947578695,,,,939.3717349881069,2540.0000000873138,2349.5,190.5,2540.0,8.731376510695554e-08,1.0,0.0,0.0,0.39981772078659583,234.84293374702673,0.925,635.0,587.375,47.62499999999997,1.0,0.0,0.0,0.39981772078659583,234.84293374702673,0.925,635.0,587.375,47.62499999999997,1.0,0.0,0.0,0.39981772078659583,234.84293374702673,0.925,635.0,587.375,47.62499999999997,1.0,0.0,0.0,0.39981772078659583,234.84293374702673,0.925,635.0,587.375,47.62499999999997,1.0,,,0.101,237.29950000000002,2349.5,2349.5,0.0,72.8345,0.0,,,296.3333334242851,0.0,127.4233333724426,4.0,1593.472178053441,0.0,-0.0,0.0,184.30099211366098
42,1,43,0.11566,0.0,1593.472178053441,,,,0,0.0,1,2645.833333424285,2645.833333424285,0.0,423.33333334788557,87.84166666968626,0.0,,,416.80094306533397,2645.833333424285,2540.0000000873138,105.83333333697149,2645.8333334242852,0.0,1.0,0.0,0.0,0.16409928916305347,138.94518932463103,0.96,881.9939010786644,846.7141450355178,35.279756043146605,1.0,0.0,0.0,0.16409485927225073,138.9336476757278,0.96,881.9444454509477,846.6666676329097,35.27777781803794,1.0,0.0,0.0,0.16409042947456856,138.92210606497525,0.96,881.8949868946729,846.619187418886,35.27579947578695,,,,939.3717349881069,2540.0000000873138,2349.5,190.5,2540.0,8.731376510695554e-08,1.0,0.0,0.0,0.39981772078659583,234.84293374702673,0.925,635.0,587.375,47.62499999999997,1.0,0.0,0.0,0.39981772078659583,234.84293374702673,0.925,635.0,587.375,47.62499999999997,1.0,0.0,0.0,0.39981772078659583,234.84293374702673,0.925,635.0,587.375,47.62499999999997,1.0,0.0,0.0,0.39981772078659583,234.84293374702673,0.925,635.0,587.375,47.62499999999997,1.0,,,0.101,237.29950000000002,2349.5,2349.5,0.0,72.8345,0.0,,,296.3333334242851,0.0,127.4233333724426,4.0,1593.472178053441,0.0,-0.0,0.0,184.30099211366098
43,1,44,0.11566,0.0,1593.472178053441,,,,0,0.0,1,2645.833333424285,2645.833333424285,0.0,423.33333334788557,87.84166666968626,0.0,,,416.80094306533397,2645.833333424285,2540.0000000873138,105.83333333697149,2645.8333334242852,0.0,1.0,0.0,0.0,0.16409928916305347,138.94518932463103,0.96,881.9939010786644,846.7141450355178,35.279756043146605,1.0,0.0,0.0,0.16409485927225073,138.9336476757278,0.96,881.9444454509477,846.6666676329097,35.27777781803794,1.0,0.0,0.0,0.16409042947456856,138.92210606497525,0.96,881.8949868946729,846.619187418886,35.27579947578695,,,,939.3717349881069,2540.0000000873138,2349.5,190.5,2540.0,8.731376510695554e-08,1.0,0.0,0.0,0.39981772078659583,234.84293374702673,0.925,635.0,587.375,47.62499999999997,1.0,0.0,0.0,0.39981772078659583,234.84293374702673,0.925,635.0,587.375,47.62499999999997,1.0,0.0,0.0,0.39981772078659583,234.84293374702673,0.925,635.0,587.375,47.62499999999997,1.0,0.0,0.0,0.39981772078659583,234.84293374702673,0.925,635.0,587.375,47.62499999999997,1.0,,,0.101,237.29950000000002,2349.5,2349.5,0.0,72.8345,0.0,,,296.3333334242851,0.0,127.4233333724426,4.0,1593.472178053441,0.0,-0.0,0.0,184.30099211366098
44,1,45,0.11566,0.0,1593.472178053441,,,,0,0.0,1,2645.833333424285,2645.833333424285,0.0,423.33333334788557,87.84166666968626,0.0,,,416.80094306533397,2645.833333424285,2540.0000000873138,105.83333333697149,2645.8333334242852,0.0,1.0,0.0,0.0,0.16409928916305347,138.94518932463103,0.96,881.9939010786644,846.7141450355178,35.279756043146605,1.0,0.0,0.0,0.16409485927225073,138.9336476757278,0.96,881.9444454509477,846.6666676329097,35.27777781803794,1.0,0.0,0.0,0.16409042947456856,138.92210606497525,0.96,881.8949868946729,846.619187418886,35.27579947578695,,,,939.3717349881069,2540.0000000873138,2349.5,190.5,2540.0,8.731376510695554e-08,1.0,0.0,0.0,0.39981772078659583,234.84293374702673,0.925,635.0,587.375,47.62499999999997,1.0,0.0,0.0,0.39981772078659583,234.84293374702673,0.925,635.0,587.375,47.62499999999997,1.0,0.0,0.0,0.39981772078659583,234.84293374702673,0.925,635.0,587.375,47.62499999999997,1.0,0.0,0.0,0.39981772078659583,234.84293374702673,0.925,635.0,587.375,47.62499999999997,1.0,,,0.101,237.29950000000002,2349.5,2349.5,0.0,72.8345,0.0,,,296.3333334242851,0.0,127.4233333724426,4.0,1593.472178053441,0.0,-0.0,0.0,184.30099211366098
45,1,46,0.11566,0.0,1593.472178053441,,,,0,0.0,1,2645.833333424285,2645.833333424285,0.0,423.33333334788557,87.84166666968626,0.0,,,416.80094306533397,2645.833333424285,2540.0000000873138,105.83333333697149,2645.8333334242852,0.0,1.0,0.0,0.0,0.16409928916305347,138.94518932463103,0.96,881.9939010786644,846.7141450355178,35.279756043146605,1.0,0.0,0.0,0.16409485927225073,138.9336476757278,0.96,881.9444454509477,846.6666676329097,35.27777781803794,1.0,0.0,0.0,0.16409042947456856,138.92210606497525,0.96,881.8949868946729,846.619187418886,35.27579947578695,,,,939.3717349881069,2540.0000000873138,2349.5,190.5,2540.0,8.731376510695554e-08,1.0,0.0,0.0,0.39981772078659583,234.84293374702673,0.925,635.0,587.375,47.62499999999997,1.0,0.0,0.0,0.39981772078659583,234.84293374702673,0.925,635.0,587.375,47.62499999999997,1.0,0.0,0.0,0.39981772078659583,234.84293374702673,0.925,635.0,587.375,47.62499999999997,1.0,0.0,0.0,0.39981772078659583,234.84293374702673,0.925,635.0,587.375,47.62499999999997,1.0,,,0.101,237.29950000000002,2349.5,2349.5,0.0,72.8345,0.0,,,296.3333334242851,0.0,127.4233333724426,4.0,1593.472178053441,0.0,-0.0,0.0,184.30099211366098
46,1,47,0.11506,0.0,1593.472178053441,,,,0,0.0,1,2645.833333424285,2645.833333424285,0.0,423.33333334788557,87.84166666968626,0.0,,,416.8009430653341,2645.833333424285,2540.0000000873138,105.83333333697149,2645.8333334242852,0.0,1.0,0.0,0.0,0.16409928916305347,138.94518932463103,0.96,881.9939010786644,846.7141450355178,35.279756043146605,1.0,0.0,0.0,0.16409485927225073,138.9336476757278,0.96,881.9444454509477,846.6666676329097,35.27777781803794,1.0,0.0,0.0,0.16409042947456856,138.92210606497525,0.96,881.8949868946729,846.619187418886,35.27579947578695,,,,939.3717349881069,2540.0000000873138,2349.5,190.5,2540.0,8.731376510695554e-08,1.0,0.0,0.0,0.39981772078659583,234.84293374702673,0.925,635.0,587.375,47.62499999999997,1.0,0.0,0.0,0.39981772078659583,234.84293374702673,0.925,635.0,587.375,47.62499999999997,1.0,0.0,0.0,0.39981772078659583,234.84293374702673,0.925,635.0,587.375,47.62499999999997,1.0,0.0,0.0,0.39981772078659583,234.84293374702673,0.925,635.0,587.375,47.62499999999997,1.0,,,0.101,237.29950000000002,2349.5,2349.5,0.0,72.8345,0.0,,,296.3333334242851,0.0,127.4233333724426,4.0,1593.472178053441,0.0,-0.0,0.0,183.34490880682893
47,1,48,0.11506,0.0,1593.472178053441,,,,0,0.0,1,2645.833333424285,2645.833333424285,0.0,423.33333334788557,87.84166666968626,0.0,,,416.8009430653341,2645.833333424285,2540.0000000873138,105.83333333697149,2645.8333334242852,0.0,1.0,0.0,0.0,0.16409928916305347,138.94518932463103,0.96,881.9939010786644,846.7141450355178,35.279756043146605,1.0,0.0,0.0,0.16409485927225073,138.9336476757278,0.96,881.9444454509477,846.6666676329097,35.27777781803794,1.0,0.0,0.0,0.16409042947456856,138.92210606497525,0.96,881.8949868946729,846.619187418886,35.27579947578695,,,,939.3717349881069,2540.0000000873138,2349.5,190.5,2540.0,8.731376510695554e-08,1.0,0.0,0.0,0.39981772078659583,234.84293374702673,0.925,635.0,587.375,47.62499999999997,1.0,0.0,0.0,0.39981772078659583,234.84293374702673,0.925,635.0,587.375,47.62499999999997,1.0,0.0,0.0,0.39981772078659583,234.84293374702673,0.925,635.0,587.375,47.62499999999997,1.0,0.0,0.0,0.39981772078659583,234.84293374702673,0.925,635.0,587.375,47.62499999999997,1.0,,,0.101,237.29950000000002,2349.5,2349.5,0.0,72.8345,0.0,,,296.3333334242851,0.0,127.4233333724426,4.0,1593.472178053441,0.0,-0.0,0.0,183.34490880682893
48,1,49,0.11506,0.0,1593.472178053441,,,,0,0.0,1,2645.833333424285,2645.833333424285,0.0,423.33333334788557,87.84166666968626,0.0,,,416.8009430653341,2645.833333424285,2540.0000000873138,105.83333333697149,2645.8333334242852,0.0,1.0,0.0,0.0,0.16409928916305347,138.94518932463103,0.96,881.9939010786644,846.7141450355178,35.279756043146605,1.0,0.0,0.0,0.16409485927225073,138.9336476757278,0.96,881.9444454509477,846.6666676329097,35.27777781803794,1.0,0.0,0.0,0.16409042947456856,138.92210606497525,0.96,881.8949868946729,846.619187418886,35.27579947578695,,,,939.3717349881069,2540.0000000873138,2349.5,190.5,2540.0,8.731376510695554e-08,1.0,0.0,0.0,0.39981772078659583,234.84293374702673,0.925,635.0,587.375,47.62499999999997,1.0,0.0,0.0,0.39981772078659583,234.84293374702673,0.925,635.0,587.375,47.62499999999997,1.0,0.0,0.0,0.39981772078659583,234.84293374702673,0.925,635.0,587.375,47.62499999999997,1.0,0.0,0.0,0.39981772078659583,234.84293374702673,0.925,635.0,587.375,47.62499999999997,1.0,,,0.101,237.29950000000002,2349.5,2349.5,0.0,72.8345,0.0,,,296.3333334242851,0.0,127.4233333724426,4.0,1593.472178053441,0.0,-0.0,0.0,183.34490880682893
49,1,50,0.11506,0.0,1593.472178053441,,,,0,0.0,1,2645.833333424285,2645.833333424285,0.0,423.33333334788557,87.84166666968626,0.0,,,416.8009430653341,2645.833333424285,2540.0000000873138,105.83333333697149,2645.8333334242852,0.0,1.0,0.0,0.0,0.16409928916305347,138.94518932463103,0.96,881.9939010786644,846.7141450355178,35.279756043146605,1.0,0.0,0.0,0.16409485927225073,138.9336476757278,0.96,881.9444454509477,846.6666676329097,35.27777781803794,1.0,0.0,0.0,0.16409042947456856,138.92210606497525,0.96,881.8949868946729,846.619187418886,35.27579947578695,,,,939.3717349881069,2540.0000000873138,2349.5,190.5,2540.0,8.731376510695554e-08,1.0,0.0,0.0,0.39981772078659583,234.84293374702673,0.925,635.0,587.375,47.62499999999997,1.0,0.0,0.0,0.39981772078659583,234.84293374702673,0.925,635.0,587.375,47.62499999999997,1.0,0.0,0.0,0.39981772078659583,234.84293374702673,0.925,635.0,587.375,47.62499999999997,1.0,0.0,0.0,0.39981772078659583,234.84293374702673,0.925,635.0,587.375,47.62499999999997,1.0,,,0.101,237.29950000000002,2349.5,2349.5,0.0,72.8345,0.0,,,296.3333334242851,0.0,127.4233333724426,4.0,1593.472178053441,0.0,-0.0,0.0,183.34490880682893
50,1,51,0.11506,0.0,1593.472178053441,,,,0,0.0,1,2645.833333424285,2645.833333424285,0.0,423.33333334788557,87.84166666968626,0.0,,,416.8009430653341,2645.833333424285,2540.0000000873138,105.83333333697149,2645.8333334242852,0.0,1.0,0.0,0.0,0.16409928916305347,138.94518932463103,0.96,881.9939010786644,846.7141450355178,35.279756043146605,1.0,0.0,0.0,0.16409485927225073,138.9336476757278,0.96,881.9444454509477,846.6666676329097,35.27777781803794,1.0,0.0,0.0,0.16409042947456856,138.92210606497525,0.96,881.8949868946729,846.619187418886,35.27579947578695,,,,939.3717349881069,2540.0000000873138,2349.5,190.5,2540.0,8.731376510695554e-08,1.0,0.0,0.0,0.39981772078659583,234.84293374702673,0.925,635.0,587.375,47.62499999999997,1.0,0.0,0.0,0.39981772078659583,234.84293374702673,0.925,635.0,587.375,47.62499999999997,1.0,0.0,0.0,0.39981772078659583,234.84293374702673,0.925,635.0,587.375,47.62499999999997,1.0,0.0,0.0,0.39981772078659583,234.84293374702673,0.925,635.0,587.375,47.62499999999997,1.0,,,0.101,237.29950000000002,2349.5,2349.5,0.0,72.8345,0.0,,,296.3333334242851,0.0,127.4233333724426,4.0,1593.472178053441,0.0,-0.0,0.0,183.34490880682893
51,1,52,0.11506,0.0,1593.472178053441,,,,0,0.0,1,2645.833333424285,2645.833333424285,0.0,423.33333334788557,87.84166666968626,0.0,,,416.8009430653341,2645.833333424285,2540.0000000873138,105.83333333697149,2645.8333334242852,0.0,1.0,0.0,0.0,0.16409928916305347,138.94518932463103,0.96,881.9939010786644,846.7141450355178,35.279756043146605,1.0,0.0,0.0,0.16409485927225073,138.9336476757278,0.96,881.9444454509477,846.6666676329097,35.27777781803794,1.0,0.0,0.0,0.16409042947456856,138.92210606497525,0.96,881.8949868946729,846.619187418886,35.27579947578695,,,,939.3717349881069,2540.0000000873138,2349.5,190.5,2540.0,8.731376510695554e-08,1.0,0.0,0.0,0.39981772078659583,234.84293374702673,0.925,635.0,587.375,47.62499999999997,1.0,0.0,0.0,0.39981772078659583,234.84293374702673,0.925,635.0,587.375,47.62499999999997,1.0,0.0,0.0,0.39981772078659583,234.84293374702673,0.925,635.0,587.375,47.62499999999997,1.0,0.0,0.0,0.39981772078659583,234.84293374702673,0.925,635.0,587.375,47.62499999999997,1.0,,,0.101,237.29950000000002,2349.5,2349.5,0.0,72.8345,0.0,,,296.3333334242851,0.0,127.4233333724426,4.0,1593.472178053441,0.0,-0.0,0.0,183.34490880682893
52,1,53,0.11506,0.0,1593.472178053441,,,,0,0.0,1,2645.833333424285,2645.833333424285,0.0,423.33333334788557,87.84166666968626,0.0,,,416.8009430653341,2645.833333424285,2540.0000000873138,105.83333333697149,2645.8333334242852,0.0,1.0,0.0,0.0,0.16409928916305347,138.94518932463103,0.96,881.9939010786644,846.7141450355178,35.279756043146605,1.0,0.0,0.0,0.16409485927225073,138.9336476757278,0.96,881.9444454509477,846.6666676329097,35.27777781803794,1.0,0.0,0.0,0.16409042947456856,138.92210606497525,0.96,881.8949868946729,846.619187418886,35.27579947578695,,,,939.3717349881069,2540.0000000873138,2349.5,190.5,2540.0,8.731376510695554e-08,1.0,0.0,0.0,0.39981772078659583,234.84293374702673,0.925,635.0,587.375,47.62499999999997,1.0,0.0,0.0,0.39981772078659583,234.84293374702673,0.925,635.0,587.375,47.62499999999997,1.0,0.0,0.0,0.39981772078659583,234.84293374702673,0.925,635.0,587.375,47.62499999999997,1.0,0.0,0.0,0.39981772078659583,234.84293374702673,0.925,635.0,587.375,47.62499999999997,1.0,,,0.101,237.29950000000002,2349.5,2349.5,0.0,72.8345,0.0,,,296.3333334242851,0.0,127.4233333724426,4.0,1593.472178053441,0.0,-0.0,0.0,183.34490880682893
53,1,54,0.11506,0.0,1593.472178053441,,,,0,0.0,1,2645.833333424285,2645.833333424285,0.0,423.33333334788557,87.84166666968626,0.0,,,416.8009430653341,2645.833333424285,2540.0000000873138,105.83333333697149,2645.8333334242852,0.0,1.0,0.0,0.0,0.16409928916305347,138.94518932463103,0.96,881.9939010786644,846.7141450355178,35.279756043146605,1.0,0.0,0.0,0.16409485927225073,138.9336476757278,0.96,881.9444454509477,846.6666676329097,35.27777781803794,1.0,0.0,0.0,0.16409042947456856,138.92210606497525,0.96,881.8949868946729,846.619187418886,35.27579947578695,,,,939.3717349881069,2540.0000000873138,2349.5,190.5,2540.0,8.731376510695554e-08,1.0,0.0,0.0,0.39981772078659583,234.84293374702673,0.925,635.0,587.375,47.62499999999997,1.0,0.0,0.0,0.39981772078659583,234.84293374702673,0.925,635.0,587.375,47.62499999999997,1.0,0.0,0.0,0.39981772078659583,234.84293374702673,0.925,635.0,587.375,47.62499999999997,1.0,0.0,0.0,0.39981772078659583,234.84293374702673,0.925,635.0,587.375,47.62499999999997,1.0,,,0.101,237.29950000000002,2349.5,2349.5,0.0,72.8345,0.0,,,296.3333334242851,0.0,127.4233333724426,4.0,1593.472178053441,0.0,-0.0,0.0,183.34490880682893
54,1,55,0.11506,0.0,1593.472178053441,,,,0,0.0,1,2645.833333424285,2645.833333424285,0.0,423.33333334788557,87.84166666968626,0.0,,,416.8009430653341,2645.833333424285,2540.0000000873138,105.83333333697149,2645.8333334242852,0.0,1.0,0.0,0.0,0.16409928916305347,138.94518932463103,0.96,881.9939010786644,846.7141450355178,35.279756043146605,1.0,0.0,0.0,0.16409485927225073,138.9336476757278,0.96,881.9444454509477,846.6666676329097,35.27777781803794,1.0,0.0,0.0,0.16409042947456856,138.92210606497525,0.96,881.8949868946729,846.619187418886,35.27579947578695,,,,939.3717349881069,2540.0000000873138,2349.5,190.5,2540.0,8.731376510695554e-08,1.0,0.0,0.0,0.39981772078659583,234.84293374702673,0.925,635.0,587.375,47.62499999999997,1.0,0.0,0.0,0.39981772078659583,234.84293374702673,0.925,635.0,587.375,47.62499999999997,1.0,0.0,0.0,0.39981772078659583,234.84293374702673,0.925,635.0,587.375,47.62499999999997,1.0,0.0,0.0,0.39981772078659583,234.84293374702673,0.925,635.0,587.375,47.62499999999997,1.0,,,0.101,237.29950000000002,2349.5,2349.5,0.0,72.8345,0.0,,,296.3333334242851,0.0,127.4233333724426,4.0,1593.472178053441,0.0,-0.0,0.0,183.34490880682893
55,1,56,0.11506,0.0,1593.472178053441,,,,0,0.0,1,2645.833333424285,2645.833333424285,0.0,423.33333334788557,87.84166666968626,0.0,,,416.8009430653341,2645.833333424285,2540.0000000873138,105.83333333697149,2645.8333334242852,0.0,1.0,0.0,0.0,0.16409928916305347,138.94518932463103,0.96,881.9939010786644,846.7141450355178,35.279756043146605,1.0,0.0,0.0,0.16409485927225073,138.9336476757278,0.96,881.9444454509477,846.6666676329097,35.27777781803794,1.0,0.0,0.0,0.16409042947456856,138.92210606497525,0.96,881.8949868946729,846.619187418886,35.27579947578695,,,,939.3717349881069,2540.0000000873138,2349.5,190.5,2540.0,8.731376510695554e-08,1.0,0.0,0.0,0.39981772078659583,234.84293374702673,0.925,635.0,587.375,47.62499999999997,1.0,0.0,0.0,0.39981772078659583,234.84293374702673,0.925,635.0,587.375,47.62499999999997,1.0,0.0,0.0,0.39981772078659583,234.84293374702673,0.925,635.0,587.375,47.62499999999997,1.0,0.0,0.0,0.39981772078659583,234.84293374702673,0.925,635.0,587.375,47.62499999999997,1.0,,,0.101,237.29950000000002,2349.5,2349.5,0.0,72.8345,0.0,,,296.3333334242851,0.0,127.4233333724426,4.0,1593.472178053441,0.0,-0.0,0.0,183.34490880682893
56,1,57,0.07074,0.0,1593.472178053441,,,,0,0.0,1,2645.833333424285,2645.833333424285,0.0,423.33333334788557,87.84166666968626,0.0,,,416.8009430653341,2645.833333424285,2540.0000000873138,105.83333333697149,2645.8333334242852,0.0,1.0,0.0,0.0,0.16409928916305347,138.94518932463103,0.96,881.9939010786644,846.7141450355178,35.279756043146605,1.0,0.0,0.0,0.16409485927225073,138.9336476757278,0.96,881.9444454509477,846.6666676329097,35.27777781803794,1.0,0.0,0.0,0.16409042947456856,138.92210606497525,0.96,881.8949868946729,846.619187418886,35.27579947578695,,,,939.3717349881069,2540.0000000873138,2349.5,190.5,2540.0,8.731376510695554e-08,1.0,0.0,0.0,0.39981772078659583,234.84293374702673,0.925,635.0,587.375,47.62499999999997,1.0,0.0,0.0,0.39981772078659583,234.84293374702673,0.925,635.0,587.375,47.62499999999997,1.0,0.0,0.0,0.39981772078659583,234.84293374702673,0.925,635.0,587.375,47.62499999999997,1.0,0.0,0.0,0.39981772078659583,234.84293374702673,0.925,635.0,587.375,47.62499999999997,1.0,,,0.101,237.29950000000002,2349.5,2349.5,0.0,72.8345,0.0,,,296.3333334242851,0.0,127.4233333724426,4.0,1593.472178053441,0.0,-0.0,0.0,112.72222187550041
57,1,58,0.07074,0.0,1593.472178053441,,,,0,0.0,1,2645.833333424285,2645.833333424285,0.0,423.33333334788557,87.84166666968626,0.0,,,416.8009430653341,2645.833333424285,2540.0000000873138,105.83333333697149,2645.8333334242852,0.0,1.0,0.0,0.0,0.16409928916305347,138.94518932463103,0.96,881.9939010786644,846.7141450355178,35.279756043146605,1.0,0.0,0.0,0.16409485927225073,138.9336476757278,0.96,881.9444454509477,846.6666676329097,35.27777781803794,1.0,0.0,0.0,0.16409042947456856,138.92210606497525,0.96,881.8949868946729,846.619187418886,35.27579947578695,,,,939.3717349881069,2540.0000000873138,2349.5,190.5,2540.0,8.731376510695554e-08,1.0,0.0,0.0,0.39981772078659583,234.84293374702673,0.925,635.0,587.375,47.62499999999997,1.0,0.0,0.0,0.39981772078659583,234.84293374702673,0.925,635.0,587.375,47.62499999999997,1.0,0.0,0.0,0.39981772078659583,234.84293374702673,0.925,635.0,587.375,47.62499999999997,1.0,0.0,0.0,0.39981772078659583,234.84293374702673,0.925,635.0,587.375,47.62499999999997,1.0,,,0.101,237.29950000000002,2349.5,2349.5,0.0,72.8345,0.0,,,296.3333334242851,0.0,127.4233333724426,4.0,1593.472178053441,0.0,-0.0,0.0,112.72222187550041
58,1,59,0.07074,0.0,1593.472178053441,,,,0,0.0,1,2645.833333424285,2645.833333424285,0.0,423.33333334788557,87.84166666968626,0.0,,,416.8009430653341,2645.833333424285,2540.0000000873138,105.83333333697149,2645.8333334242852,0.0,1.0,0.0,0.0,0.16409928916305347,138.94518932463103,0.96,881.9939010786644,846.7141450355178,35.279756043146605,1.0,0.0,0.0,0.16409485927225073,138.9336476757278,0.96,881.9444454509477,846.6666676329097,35.27777781803794,1.0,0.0,0.0,0.16409042947456856,138.92210606497525,0.96,881.8949868946729,846.619187418886,35.27579947578695,,,,939.3717349881069,2540.0000000873138,2349.5,190.5,2540.0,8.731376510695554e-08,1.0,0.0,0.0,0.39981772078659583,234.84293374702673,0.925,635.0,587.375,47.62499999999997,1.0,0.0,0.0,0.39981772078659583,234.84293374702673,0.925,635.0,587.375,47.62499999999997,1.0,0.0,0.0,0.39981772078659583,234.84293374702673,0.925,635.0,587.375,47.62499999999997,1.0,0.0,0.0,0.39981772078659583,234.84293374702673,0.925,635.0,587.375,47.62499999999997,1.0,,,0.101,237.29950000000002,2349.5,2349.5,0.0,72.8345,0.0,,,296.3333334242851,0.0,127.4233333724426,4.0,1593.472178053441,0.0,-0.0,0.0,112.72222187550041
59,1,60,0.07074,0.0,1593.472178053441,,,,0,0.0,1,2645.833333424285,2645.833333424285,0.0,423.33333334788557,87.84166666968626,0.0,,,416.8009430653341,2645.833333424285,2540.0000000873138,105.83333333697149,2645.8333334242852,0.0,1.0,0.0,0.0,0.16409928916305347,138.94518932463103,0.96,881.9939010786644,846.7141450355178,35.279756043146605,1.0,0.0,0.0,0.16409485927225073,138.9336476757278,0.96,881.9444454509477,846.6666676329097,35.27777781803794,1.0,0.0,0.0,0.16409042947456856,138.92210606497525,0.96,881.8949868946729,846.619187418886,35.27579947578695,,,,939.3717349881069,2540.0000000873138,2349.5,190.5,2540.0,8.731376510695554e-08,1.0,0.0,0.0,0.39981772078659583,234.84293374702673,0.925,635.0,587.375,47.62499999999997,1.0,0.0,0.0,0.39981772078659583,234.84293374702673,0.925,635.0,587.375,47.62499999999997,1.0,0.0,0.0,0.39981772078659583,234.84293374702673,0.925,635.0,587.375,47.62499999999997,1.0,0.0,0.0,0.39981772078659583,234.84293374702673,0.925,635.0,587.375,47.62499999999997,1.0,,,0.101,237.29950000000002,2349.5,2349.5,0.0,72.8345,0.0,,,296.3333334242851,0.0,127.4233333724426,4.0,1593.472178053441,0.0,-0.0,0.0,112.72222187550041
60,1,61,0.07074,0.0,1593.472178053441,,,,0,0.0,1,2645.833333424285,2645.833333424285,0.0,423.33333334788557,87.84166666968626,0.0,,,416.8009430653341,2645.833333424285,2540.0000000873138,105.83333333697149,2645.8333334242852,0.0,1.0,0.0,0.0,0.16409928916305347,138.94518932463103,0.96,881.9939010786644,846.7141450355178,35.279756043146605,1.0,0.0,0.0,0.16409485927225073,138.9336476757278,0.96,881.9444454509477,846.6666676329097,35.27777781803794,1.0,0.0,0.0,0.16409042947456856,138.92210606497525,0.96,881.8949868946729,846.619187418886,35.27579947578695,,,,939.3717349881069,2540.0000000873138,2349.5,190.5,2540.0,8.731376510695554e-08,1.0,0.0,0.0,0.39981772078659583,234.84293374702673,0.925,635.0,587.375,47.62499999999997,1.0,0.0,0.0,0.39981772078659583,234.84293374702673,0.925,635.0,587.375,47.62499999999997,1.0,0.0,0.0,0.39981772078659583,234.84293374702673,0.925,635.0,587.375,47.62499999999997,1.0,0.0,0.0,0.39981772078659583,234.84293374702673,0.925,635.0,587.375,47.62499999999997,1.0,,,0.101,237.29950000000002,2349.5,2349.5,0.0,72.8345,0.0,,,296.3333334242851,0.0,127.4233333724426,4.0,1593.472178053441,0.0,-0.0,0.0,112.72222187550041
61,1,62,0.07074,0.0,1593.472178053441,,,,0,0.0,1,2645.833333424285,2645.833333424285,0.0,423.33333334788557,87.84166666968626,0.0,,,416.8009430653341,2645.833333424285,2540.0000000873138,105.83333333697149,2645.8333334242852,0.0,1.0,0.0,0.0,0.16409928916305347,138.94518932463103,0.96,881.9939010786644,846.7141450355178,35.279756043146605,1.0,0.0,0.0,0.16409485927225073,138.9336476757278,0.96,881.9444454509477,846.6666676329097,35.27777781803794,1.0,0.0,0.0,0.16409042947456856,138.92210606497525,0.96,881.8949868946729,846.619187418886,35.27579947578695,,,,939.3717349881069,2540.0000000873138,2349.5,190.5,2540.0,8.731376510695554e-08,1.0,0.0,0.0,0.39981772078659583,234.84293374702673,0.925,635.0,587.375,47.62499999999997,1.0,0.0,0.0,0.39981772078659583,234.84293374702673,0.925,635.0,587.375,47.62499999999997,1.0,0.0,0.0,0.39981772078659583,234.84293374702673,0.925,635.0,587.375,47.62499999999997,1.0,0.0,0.0,0.39981772078659583,234.84293374702673,0.925,635.0,587.375,47.62499999999997,1.0,,,0.101,237.29950000000002,2349.5,2349.5,0.0,72.8345,0.0,,,296.3333334242851,0.0,127.4233333724426,4.0,1593.472178053441,0.0,-0.0,0.0,112.72222187550041
62,1,63,0.07074,0.0,1593.472178053441,,,,0,0.0,1,2645.833333424285,2645.833333424285,0.0,423.33333334788557,87.84166666968626,0.0,,,416.8009430653341,2645.833333424285,2540.0000000873138,105.83333333697149,2645.8333334242852,0.0,1.0,0.0,0.0,0.16409928916305347,138.94518932463103,0.96,881.9939010786644,846.7141450355178,35.279756043146605,1.0,0.0,0.0,0.16409485927225073,138.9336476757278,0.96,881.9444454509477,846.6666676329097,35.27777781803794,1.0,0.0,0.0,0.16409042947456856,138.92210606497525,0.96,881.8949868946729,846.619187418886,35.27579947578695,,,,939.3717349881069,2540.0000000873138,2349.5,190.5,2540.0,8.731376510695554e-08,1.0,0.0,0.0,0.39981772078659583,234.84293374702673,0.925,635.0,587.375,47.62499999999997,1.0,0.0,0.0,0.39981772078659583,234.84293374702673,0.925,635.0,587.375,47.62499999999997,1.0,0.0,0.0,0.39981772078659583,234.84293374702673,0.925,635.0,587.375,47.62499999999997,1.0,0.0,0.0,0.39981772078659583,234.84293374702673,0.925,635.0,587.375,47.62499999999997,1.0,,,0.101,237.29950000000002,2349.5,2349.5,0.0,72.8345,0.0,,,296.3333334242851,0.0,127.4233333724426,4.0,1593.472178053441,0.0,-0.0,0.0,112.72222187550041
63,1,64,0.07074,0.0,1593.472178053441,,,,0,0.0,1,2645.833333424285,2645.833333424285,0.0,423.33333334788557,87.84166666968626,0.0,,,416.8009430653341,2645.833333424285,2540.0000000873138,105.83333333697149,2645.8333334242852,0.0,1.0,0.0,0.0,0.16409928916305347,138.94518932463103,0.96,881.9939010786644,846.7141450355178,35.279756043146605,1.0,0.0,0.0,0.16409485927225073,138.9336476757278,0.96,881.9444454509477,846.6666676329097,35.27777781803794,1.0,0.0,0.0,0.16409042947456856,138.92210606497525,0.96,881.8949868946729,846.619187418886,35.27579947578695,,,,939.3717349881069,2540.0000000873138,2349.5,190.5,2540.0,8.731376510695554e-08,1.0,0.0,0.0,0.39981772078659583,234.84293374702673,0.925,635.0,587.375,47.62499999999997,1.0,0.0,0.0,0.39981772078659583,234.84293374702673,0.925,635.0,587.375,47.62499999999997,1.0,0.0,0.0,0.39981772078659583,234.84293374702673,0.925,635.0,587.375,47.62499999999997,1.0,0.0,0.0,0.39981772078659583,234.84293374702673,0.925,635.0,587.375,47.62499999999997,1.0,,,0.101,237.29950000000002,2349.5,2349.5,0.0,72.8345,0.0,,,296.3333334242851,0.0,127.4233333724426,4.0,1593.472178053441,0.0,-0.0,0.0,112.72222187550041
64,1,65,0.07074,0.0,1593.472178053441,,,,0,0.0,1,2645.833333424285,2645.833333424285,0.0,423.33333334788557,87.84166666968626,0.0,,,416.8009430653341,2645.833333424285,2540.0000000873138,105.83333333697149,2645.8333334242852,0.0,1.0,0.0,0.0,0.16409928916305347,138.94518932463103,0.96,881.9939010786644,846.7141450355178,35.279756043146605,1.0,0.0,0.0,0.16409485927225073,138.9336476757278,0.96,881.9444454509477,846.6666676329097,35.27777781803794,1.0,0.0,0.0,0.16409042947456856,138.92210606497525,0.96,881.8949868946729,846.619187418886,35.27579947578695,,,,939.3717349881069,2540.0000000873138,2349.5,190.5,2540.0,8.731376510695554e-08,1.0,0.0,0.0,0.39981772078659583,234.84293374702673,0.925,635.0,587.375,47.62499999999997,1.0,0.0,0.0,0.39981772078659583,234.84293374702673,0.925,635.0,587.375,47.62499999999997,1.0,0.0,0.0,0.39981772078659583,234.84293374702673,0.925,635.0,587.375,47.62499999999997,1.0,0.0,0.0,0.39981772078659583,234.84293374702673,0.925,635.0,587.375,47.62499999999997,1.0,,,0.101,237.29950000000002,2349.5,2349.5,0.0,72.8345,0.0,,,296.3333334242851,0.0,127.4233333724426,4.0,1593.472178053441,0.0,-0.0,0.0,112.72222187550041
65,1,66,0.11566,0.0,1593.472178053441,,,,0,0.0,1,2645.833333424285,2645.833333424285,0.0,423.33333334788557,87.84166666968626,0.0,,,416.80094306533397,2645.833333424285,2540.0000000873138,105.83333333697149,2645.8333334242852,0.0,1.0,0.0,0.0,0.16409928916305347,138.94518932463103,0.96,881.9939010786644,846.7141450355178,35.279756043146605,1.0,0.0,0.0,0.16409485927225073,138.9336476757278,0.96,881.9444454509477,846.6666676329097,35.27777781803794,1.0,0.0,0.0,0.16409042947456856,138.92210606497525,0.96,881.8949868946729,846.619187418886,35.27579947578695,,,,939.3717349881069,2540.0000000873138,2349.5,190.5,2540.0,8.731376510695554e-08,1.0,0.0,0.0,0.39981772078659583,234.84293374702673,0.925,635.0,587.375,47.62499999999997,1.0,0.0,0.0,0.39981772078659583,234.84293374702673,0.925,635.0,587.375,47.62499999999997,1.0,0.0,0.0,0.39981772078659583,234.84293374702673,0.925,635.0,587.375,47.62499999999997,1.0,0.0,0.0,0.39981772078659583,234.84293374702673,0.925,635.0,587.375,47.62499999999997,1.0,,,0.101,237.29950000000002,2349.5,2349.5,0.0,72.8345,0.0,,,296.3333334242851,0.0,127.4233333724426,4.0,1593.472178053441,0.0,-0.0,0.0,184.30099211366098
66,1,67,0.11566,0.0,1593.472178053441,,,,0,0.0,1,2645.833333424285,2645.833333424285,0.0,423.33333334788557,87.84166666968626,0.0,,,416.80094306533397,2645.833333424285,2540.0000000873138,105.83333333697149,2645.8333334242852,0.0,1.0,0.0,0.0,0.16409928916305347,138.94518932463103,0.96,881.9939010786644,846.7141450355178,35.279756043146605,1.0,0.0,0.0,0.16409485927225073,138.9336476757278,0.96,881.9444454509477,846.6666676329097,35.27777781803794,1.0,0.0,0.0,0.16409042947456856,138.92210606497525,0.96,881.8949868946729,846.619187418886,35.27579947578695,,,,939.3717349881069,2540.0000000873138,2349.5,190.5,2540.0,8.731376510695554e-08,1.0,0.0,0.0,0.39981772078659583,234.84293374702673,0.925,635.0,587.375,47.62499999999997,1.0,0.0,0.0,0.39981772078659583,234.84293374702673,0.925,635.0,587.375,47.62499999999997,1.0,0.0,0.0,0.39981772078659583,234.84293374702673,0.925,635.0,587.375,47.62499999999997,1.0,0.0,0.0,0.39981772078659583,234.84293374702673,0.925,635.0,587.375,47.62499999999997,1.0,,,0.101,237.29950000000002,2349.5,2349.5,0.0,72.8345,0.0,,,296.3333334242851,0.0,127.4233333724426,4.0,1593.472178053441,0.0,-0.0,0.0,184.30099211366098
67,1,68,0.11566,0.0,1593.472178053441,,,,0,0.0,1,2645.833333424285,2645.833333424285,0.0,423.33333334788557,87.84166666968626,0.0,,,416.80094306533397,2645.833333424285,2540.0000000873138,105.83333333697149,2645.8333334242852,0.0,1.0,0.0,0.0,0.16409928916305347,138.94518932463103,0.96,881.9939010786644,846.7141450355178,35.279756043146605,1.0,0.0,0.0,0.16409485927225073,138.9336476757278,0.96,881.9444454509477,846.6666676329097,35.27777781803794,1.0,0.0,0.0,0.16409042947456856,138.92210606497525,0.96,881.8949868946729,846.619187418886,35.27579947578695,,,,939.3717349881069,2540.0000000873138,2349.5,190.5,2540.0,8.731376510695554e-08,1.0,0.0,0.0,0.39981772078659583,234.84293374702673,0.925,635.0,587.375,47.62499999999997,1.0,0.0,0.0,0.39981772078659583,234.84293374702673,0.925,635.0,587.375,47.62499999999997,1.0,0.0,0.0,0.39981772078659583,234.84293374702673,0.925,635.0,587.375,47.62499999999997,1.0,0.0,0.0,0.39981772078659583,234.84293374702673,0.925,635.0,587.375,47.62499999999997,1.0,,,0.101,237.29950000000002,2349.5,2349.5,0.0,72.8345,0.0,,,296.3333334242851,0.0,127.4233333724426,4.0,1593.472178053441,0.0,-0.0,0.0,184.30099211366098
68,1,69,0.11566,0.0,1593.472178053441,,,,0,0.0,1,2645.833333424285,2645.833333424285,0.0,423.33333334788557,87.84166666968626,0.0,,,416.80094306533397,2645.833333424285,2540.0000000873138,105.83333333697149,2645.8333334242852,0.0,1.0,0.0,0.0,0.16409928916305347,138.94518932463103,0.96,881.9939010786644,846.7141450355178,35.279756043146605,1.0,0.0,0.0,0.16409485927225073,138.9336476757278,0.96,881.9444454509477,846.6666676329097,35.27777781803794,1.0,0.0,0.0,0.16409042947456856,138.92210606497525,0.96,881.8949868946729,846.619187418886,35.27579947578695,,,,939.3717349881069,2540.0000000873138,2349.5,190.5,2540.0,8.731376510695554e-08,1.0,0.0,0.0,0.39981772078659583,234.84293374702673,0.925,635.0,587.375,47.62499999999997,1.0,0.0,0.0,0.39981772078659583,234.84293374702673,0.925,635.0,587.375,47.62499999999997,1.0,0.0,0.0,0.39981772078659583,234.84293374702673,0.925,635.0,587.375,47.62499999999997,1.0,0.0,0.0,0.39981772078659583,234.84293374702673,0.925,635.0,587.375,47.62499999999997,1.0,,,0.101,237.29950000000002,2349.5,2349.5,0.0,72.8345,0.0,,,296.3333334242851,0.0,127.4233333724426,4.0,1593.472178053441,0.0,-0.0,0.0,184.30099211366098
69,1,70,0.11566,0.0,1593.472178053441,,,,0,0.0,1,2645.833333424285,2645.833333424285,0.0,423.33333334788557,87.84166666968626,0.0,,,416.80094306533397,2645.833333424285,2540.0000000873138,105.83333333697149,2645.8333334242852,0.0,1.0,0.0,0.0,0.16409928916305347,138.94518932463103,0.96,881.9939010786644,846.7141450355178,35.279756043146605,1.0,0.0,0.0,0.16409485927225073,138.9336476757278,0.96,881.9444454509477,846.6666676329097,35.27777781803794,1.0,0.0,0.0,0.16409042947456856,138.92210606497525,0.96,881.8949868946729,846.619187418886,35.27579947578695,,,,939.3717349881069,2540.0000000873138,2349.5,190.5,2540.0,8.731376510695554e-08,1.0,0.0,0.0,0.39981772078659583,234.84293374702673,0.925,635.0,587.375,47.62499999999997,1.0,0.0,0.0,0.39981772078659583,234.84293374702673,0.925,635.0,587.375,47.62499999999997,1.0,0.0,0.0,0.39981772078659583,234.84293374702673,0.925,635.0,587.375,47.62499999999997,1.0,0.0,0.0,0.39981772078659583,234.84293374702673,0.925,635.0,587.375,47.62499999999997,1.0,,,0.101,237.29950000000002,2349.5,2349.5,0.0,72.8345,0.0,,,296.3333334242851,0.0,127.4233333724426,4.0,1593.472178053441,0.0,-0.0,0.0,184.30099211366098
70,1,71,0.11506,0.0,1593.472178053441,,,,0,0.0,1,2645.833333424285,2645.833333424285,0.0,423.33333334788557,87.84166666968626,0.0,,,416.8009430653341,2645.833333424285,2540.0000000873138,105.83333333697149,2645.8333334242852,0.0,1.0,0.0,0.0,0.16409928916305347,138.94518932463103,0.96,881.9939010786644,846.7141450355178,35.279756043146605,1.0,0.0,0.0,0.16409485927225073,138.9336476757278,0.96,881.9444454509477,846.6666676329097,35.27777781803794,1.0,0.0,0.0,0.16409042947456856,138.92210606497525,0.96,881.8949868946729,846.619187418886,35.27579947578695,,,,939.3717349881069,2540.0000000873138,2349.5,190.5,2540.0,8.731376510695554e-08,1.0,0.0,0.0,0.39981772078659583,234.84293374702673,0.925,635.0,587.375,47.62499999999997,1.0,0.0,0.0,0.39981772078659583,234.84293374702673,0.925,635.0,587.375,47.62499999999997,1.0,0.0,0.0,0.39981772078659583,234.84293374702673,0.925,635.0,587.375,47.62499999999997,1.0,0.0,0.0,0.39981772078659583,234.84293374702673,0.925,635.0,587.375,47.62499999999997,1.0,,,0.101,237.29950000000002,2349.5,2349.5,0.0,72.8345,0.0,,,296.3333334242851,0.0,127.4233333724426,4.0,1593.472178053441,0.0,-0.0,0.0,183.34490880682893
71,1,72,0.11506,0.0,1593.472178053441,,,,0,0.0,1,2645.833333424285,2645.833333424285,0.0,423.33333334788557,87.84166666968626,0.0,,,416.8009430653341,2645.833333424285,2540.0000000873138,105.83333333697149,2645.8333334242852,0.0,1.0,0.0,0.0,0.16409928916305347,138.94518932463103,0.96,881.9939010786644,846.7141450355178,35.279756043146605,1.0,0.0,0.0,0.16409485927225073,138.9336476757278,0.96,881.9444454509477,846.6666676329097,35.27777781803794,1.0,0.0,0.0,0.16409042947456856,138.92210606497525,0.96,881.8949868946729,846.619187418886,35.27579947578695,,,,939.3717349881069,2540.0000000873138,2349.5,190.5,2540.0,8.731376510695554e-08,1.0,0.0,0.0,0.39981772078659583,234.84293374702673,0.925,635.0,587.375,47.62499999999997,1.0,0.0,0.0,0.39981772078659583,234.84293374702673,0.925,635.0,587.375,47.62499999999997,1.0,0.0,0.0,0.39981772078659583,234.84293374702673,0.925,635.0,587.375,47.62499999999997,1.0,0.0,0.0,0.39981772078659583,234.84293374702673,0.925,635.0,587.375,47.62499999999997,1.0,,,0.101,237.29950000000002,2349.5,2349.5,0.0,72.8345,0.0,,,296.3333334242851,0.0,127.4233333724426,4.0,1593.472178053441,0.0,-0.0,0.0,183.34490880682893
72,1,73,0.11506,0.0,1593.472178053441,,,,0,0.0,1,2645.833333424285,2645.833333424285,0.0,423.33333334788557,87.84166666968626,0.0,,,416.8009430653341,2645.833333424285,2540.0000000873138,105.83333333697149,2645.8333334242852,0.0,1.0,0.0,0.0,0.16409928916305347,138.94518932463103,0.96,881.9939010786644,846.7141450355178,35.279756043146605,1.0,0.0,0.0,0.16409485927225073,138.9336476757278,0.96,881.9444454509477,846.6666676329097,35.27777781803794,1.0,0.0,0.0,0.16409042947456856,138.92210606497525,0.96,881.8949868946729,846.619187418886,35.27579947578695,,,,939.3717349881069,2540.0000000873138,2349.5,190.5,2540.0,8.731376510695554e-08,1.0,0.0,0.0,0.39981772078659583,234.84293374702673,0.925,635.0,587.375,47.62499999999997,1.0,0.0,0.0,0.39981772078659583,234.84293374702673,0.925,635.0,587.375,47.62499999999997,1.0,0.0,0.0,0.39981772078659583,234.84293374702673,0.925,635.0,587.375,47.62499999999997,1.0,0.0,0.0,0.39981772078659583,234.84293374702673,0.925,635.0,587.375,47.62499999999997,1.0,,,0.101,237.29950000000002,2349.5,2349.5,0.0,72.8345,0.0,,,296.3333334242851,0.0,127.4233333724426,4.0,1593.472178053441,0.0,-0.0,0.0,183.34490880682893
73,1,74,0.11506,0.0,1593.472178053441,,,,0,0.0,1,2645.833333424285,2645.833333424285,0.0,423.33333334788557,87.84166666968626,0.0,,,416.8009430653341,2645.833333424285,2540.0000000873138,105.83333333697149,2645.8333334242852,0.0,1.0,0.0,0.0,0.16409928916305347,138.94518932463103,0.96,881.9939010786644,846.7141450355178,35.279756043146605,1.0,0.0,0.0,0.16409485927225073,138.9336476757278,0.96,881.9444454509477,846.6666676329097,35.27777781803794,1.0,0.0,0.0,0.16409042947456856,138.92210606497525,0.96,881.8949868946729,846.619187418886,35.27579947578695,,,,939.3717349881069,2540.0000000873138,2349.5,190.5,2540.0,8.731376510695554e-08,1.0,0.0,0.0,0.39981772078659583,234.84293374702673,0.925,635.0,587.375,47.62499999999997,1.0,0.0,0.0,0.39981772078659583,234.84293374702673,0.925,635.0,587.375,47.62499999999997,1.0,0.0,0.0,0.39981772078659583,234.84293374702673,0.925,635.0,587.375,47.62499999999997,1.0,0.0,0.0,0.39981772078659583,234.84293374702673,0.925,635.0,587.375,47.62499999999997,1.0,,,0.101,237.29950000000002,2349.5,2349.5,0.0,72.8345,0.0,,,296.3333334242851,0.0,127.4233333724426,4.0,1593.472178053441,0.0,-0.0,0.0,183.34490880682893
74,1,75,0.11506,0.0,1593.472178053441,,,,0,0.0,1,2645.833333424285,2645.833333424285,0.0,423.33333334788557,87.84166666968626,0.0,,,416.8009430653341,2645.833333424285,2540.0000000873138,105.83333333697149,2645.8333334242852,0.0,1.0,0.0,0.0,0.16409928916305347,138.94518932463103,0.96,881.9939010786644,846.7141450355178,35.279756043146605,1.0,0.0,0.0,0.16409485927225073,138.9336476757278,0.96,881.9444454509477,846.6666676329097,35.27777781803794,1.0,0.0,0.0,0.16409042947456856,138.92210606497525,0.96,881.8949868946729,846.619187418886,35.27579947578695,,,,939.3717349881069,2540.0000000873138,2349.5,190.5,2540.0,8.731376510695554e-08,1.0,0.0,0.0,0.39981772078659583,234.84293374702673,0.925,635.0,587.375,47.62499999999997,1.0,0.0,0.0,0.39981772078659583,234.84293374702673,0.925,635.0,587.375,47.62499999999997,1.0,0.0,0.0,0.39981772078659583,234.84293374702673,0.925,635.0,587.375,47.62499999999997,1.0,0.0,0.0,0.39981772078659583,234.84293374702673,0.925,635.0,587.375,47.62499999999997,1.0,,,0.101,237.29950000000002,2349.5,2349.5,0.0,72.8345,0.0,,,296.3333334242851,0.0,127.4233333724426,4.0,1593.472178053441,0.0,-0.0,0.0,183.34490880682893
75,1,76,0.11506,0.0,1593.472178053441,,,,0,0.0,1,2645.833333424285,2645.833333424285,0.0,423.33333334788557,87.84166666968626,0.0,,,416.8009430653341,2645.833333424285,2540.0000000873138,105.83333333697149,2645.8333334242852,0.0,1.0,0.0,0.0,0.16409928916305347,138.94518932463103,0.96,881.9939010786644,846.7141450355178,35.279756043146605,1.0,0.0,0.0,0.16409485927225073,138.9336476757278,0.96,881.9444454509477,846.6666676329097,35.27777781803794,1.0,0.0,0.0,0.16409042947456856,138.92210606497525,0.96,881.8949868946729,846.619187418886,35.27579947578695,,,,939.3717349881069,2540.0000000873138,2349.5,190.5,2540.0,8.731376510695554e-08,1.0,0.0,0.0,0.39981772078659583,234.84293374702673,0.925,635.0,587.375,47.62499999999997,1.0,0.0,0.0,0.39981772078659583,234.84293374702673,0.925,635.0,587.375,47.62499999999997,1.0,0.0,0.0,0.39981772078659583,234.84293374702673,0.925,635.0,587.375,47.62499999999997,1.0,0.0,0.0,0.39981772078659583,234.84293374702673,0.925,635.0,587.375,47.62499999999997,1.0,,,0.101,237.29950000000002,2349.5,2349.5,0.0,72.8345,0.0,,,296.3333334242851,0.0,127.4233333724426,4.0,1593.472178053441,0.0,-0.0,0.0,183.34490880682893
76,1,77,0.11506,0.0,1593.472178053441,,,,0,0.0,1,2645.833333424285,2645.833333424285,0.0,423.33333334788557,87.84166666968626,0.0,,,416.8009430653341,2645.833333424285,2540.0000000873138,105.83333333697149,2645.8333334242852,0.0,1.0,0.0,0.0,0.16409928916305347,138.94518932463103,0.96,881.9939010786644,846.7141450355178,35.279756043146605,1.0,0.0,0.0,0.16409485927225073,138.9336476757278,0.96,881.9444454509477,846.6666676329097,35.27777781803794,1.0,0.0,0.0,0.16409042947456856,138.92210606497525,0.96,881.8949868946729,846.619187418886,35.27579947578695,,,,939.3717349881069,2540.0000000873138,2349.5,190.5,2540.0,8.731376510695554e-08,1.0,0.0,0.0,0.39981772078659583,234.84293374702673,0.925,635.0,587.375,47.62499999999997,1.0,0.0,0.0,0.39981772078659583,234.84293374702673,0.925,635.0,587.375,47.62499999999997,1.0,0.0,0.0,0.39981772078659583,234.84293374702673,0.925,635.0,587.375,47.62499999999997,1.0,0.0,0.0,0.39981772078659583,234.84293374702673,0.925,635.0,587.375,47.62499999999997,1.0,,,0.101,237.29950000000002,2349.5,2349.5,0.0,72.8345,0.0,,,296.3333334242851,0.0,127.4233333724426,4.0,1593.472178053441,0.0,-0.0,0.0,183.34490880682893
77,1,78,0.11506,0.0,1593.472178053441,,,,0,0.0,1,2645.833333424285,2645.833333424285,0.0,423.33333334788557,87.84166666968626,0.0,,,416.8009430653341,2645.833333424285,2540.0000000873138,105.83333333697149,2645.8333334242852,0.0,1.0,0.0,0.0,0.16409928916305347,138.94518932463103,0.96,881.9939010786644,846.7141450355178,35.279756043146605,1.0,0.0,0.0,0.16409485927225073,138.9336476757278,0.96,881.9444454509477,846.6666676329097,35.27777781803794,1.0,0.0,0.0,0.16409042947456856,138.92210606497525,0.96,881.8949868946729,846.619187418886,35.27579947578695,,,,939.3717349881069,2540.0000000873138,2349.5,190.5,2540.0,8.731376510695554e-08,1.0,0.0,0.0,0.39981772078659583,234.84293374702673,0.925,635.0,587.375,47.62499999999997,1.0,0.0,0.0,0.39981772078659583,234.84293374702673,0.925,635.0,587.375,47.62499999999997,1.0,0.0,0.0,0.39981772078659583,234.84293374702673,0.925,635.0,587.375,47.62499999999997,1.0,0.0,0.0,0.39981772078659583,234.84293374702673,0.925,635.0,587.375,47.62499999999997,1.0,,,0.101,237.29950000000002,2349.5,2349.5,0.0,72.8345,0.0,,,296.3333334242851,0.0,127.4233333724426,4.0,1593.472178053441,0.0,-0.0,0.0,183.34490880682893
78,1,79,0.11506,0.0,1593.472178053441,,,,0,0.0,1,2645.833333424285,2645.833333424285,0.0,423.33333334788557,87.84166666968626,0.0,,,416.8009430653341,2645.833333424285,2540.0000000873138,105.83333333697149,2645.8333334242852,0.0,1.0,0.0,0.0,0.16409928916305347,138.94518932463103,0.96,881.9939010786644,846.7141450355178,35.279756043146605,1.0,0.0,0.0,0.16409485927225073,138.9336476757278,0.96,881.9444454509477,846.6666676329097,35.27777781803794,1.0,0.0,0.0,0.16409042947456856,138.92210606497525,0.96,881.8949868946729,846.619187418886,35.27579947578695,,,,939.3717349881069,2540.0000000873138,2349.5,190.5,2540.0,8.731376510695554e-08,1.0,0.0,0.0,0.39981772078659583,234.84293374702673,0.925,635.0,587.375,47.62499999999997,1.0,0.0,0.0,0.39981772078659583,234.84293374702673,0.925,635.0,587.375,47.62499999999997,1.0,0.0,0.0,0.39981772078659583,234.84293374702673,0.925,635.0,587.375,47.62499999999997,1.0,0.0,0.0,0.39981772078659583,234.84293374702673,0.925,635.0,587.375,47.62499999999997,1.0,,,0.101,237.29950000000002,2349.5,2349.5,0.0,72.8345,0.0,,,296.3333334242851,0.0,127.4233333724426,4.0,1593.472178053441,0.0,-0.0,0.0,183.34490880682893
79,1,80,0.11506,0.0,1593.472178053441,,,,0,0.0,1,2645.833333424285,2645.833333424285,0.0,423.33333334788557,87.84166666968626,0.0,,,416.8009430653341,2645.833333424285,2540.0000000873138,105.83333333697149,2645.8333334242852,0.0,1.0,0.0,0.0,0.16409928916305347,138.94518932463103,0.96,881.9939010786644,846.7141450355178,35.279756043146605,1.0,0.0,0.0,0.16409485927225073,138.9336476757278,0.96,881.9444454509477,846.6666676329097,35.27777781803794,1.0,0.0,0.0,0.16409042947456856,138.92210606497525,0.96,881.8949868946729,846.619187418886,35.27579947578695,,,,939.3717349881069,2540.0000000873138,2349.5,190.5,2540.0,8.731376510695554e-08,1.0,0.0,0.0,0.39981772078659583,234.84293374702673,0.925,635.0,587.375,47.62499999999997,1.0,0.0,0.0,0.39981772078659583,234.84293374702673,0.925,635.0,587.375,47.62499999999997,1.0,0.0,0.0,0.39981772078659583,234.84293374702673,0.925,635.0,587.375,47.62499999999997,1.0,0.0,0.0,0.39981772078659583,234.84293374702673,0.925,635.0,587.375,47.62499999999997,1.0,,,0.101,237.29950000000002,2349.5,2349.5,0.0,72.8345,0.0,,,296.3333334242851,0.0,127.4233333724426,4.0,1593.472178053441,0.0,-0.0,0.0,183.34490880682893
80,1,81,0.07074,0.0,1593.472178053441,,,,0,0.0,1,2645.833333424285,2645.833333424285,0.0,423.33333334788557,87.84166666968626,0.0,,,416.8009430653341,2645.833333424285,2540.0000000873138,105.83333333697149,2645.8333334242852,0.0,1.0,0.0,0.0,0.16409928916305347,138.94518932463103,0.96,881.9939010786644,846.7141450355178,35.279756043146605,1.0,0.0,0.0,0.16409485927225073,138.9336476757278,0.96,881.9444454509477,846.6666676329097,35.27777781803794,1.0,0.0,0.0,0.16409042947456856,138.92210606497525,0.96,881.8949868946729,846.619187418886,35.27579947578695,,,,939.3717349881069,2540.0000000873138,2349.5,190.5,2540.0,8.731376510695554e-08,1.0,0.0,0.0,0.39981772078659583,234.84293374702673,0.925,635.0,587.375,47.62499999999997,1.0,0.0,0.0,0.39981772078659583,234.84293374702673,0.925,635.0,587.375,47.62499999999997,1.0,0.0,0.0,0.39981772078659583,234.84293374702673,0.925,635.0,587.375,47.62499999999997,1.0,0.0,0.0,0.39981772078659583,234.84293374702673,0.925,635.0,587.375,47.62499999999997,1.0,,,0.101,237.29950000000002,2349.5,2349.5,0.0,72.8345,0.0,,,296.3333334242851,0.0,127.4233333724426,4.0,1593.472178053441,0.0,-0.0,0.0,112.72222187550041
81,1,82,0.07074,0.0,1593.472178053441,,,,0,0.0,1,2645.833333424285,2645.833333424285,0.0,423.33333334788557,87.84166666968626,0.0,,,416.8009430653341,2645.833333424285,2540.0000000873138,105.83333333697149,2645.8333334242852,0.0,1.0,0.0,0.0,0.16409928916305347,138.94518932463103,0.96,881.9939010786644,846.7141450355178,35.279756043146605,1.0,0.0,0.0,0.16409485927225073,138.9336476757278,0.96,881.9444454509477,846.6666676329097,35.27777781803794,1.0,0.0,0.0,0.16409042947456856,138.92210606497525,0.96,881.8949868946729,846.619187418886,35.27579947578695,,,,939.3717349881069,2540.0000000873138,2349.5,190.5,2540.0,8.731376510695554e-08,1.0,0.0,0.0,0.39981772078659583,234.84293374702673,0.925,635.0,587.375,47.62499999999997,1.0,0.0,0.0,0.39981772078659583,234.84293374702673,0.925,635.0,587.375,47.62499999999997,1.0,0.0,0.0,0.39981772078659583,234.84293374702673,0.925,635.0,587.375,47.62499999999997,1.0,0.0,0.0,0.39981772078659583,234.84293374702673,0.925,635.0,587.375,47.62499999999997,1.0,,,0.101,237.29950000000002,2349.5,2349.5,0.0,72.8345,0.0,,,296.3333334242851,0.0,127.4233333724426,4.0,1593.472178053441,0.0,-0.0,0.0,112.72222187550041
82,1,83,0.07074,0.0,1593.472178053441,,,,0,0.0,1,2645.833333424285,2645.833333424285,0.0,423.33333334788557,87.84166666968626,0.0,,,416.8009430653341,2645.833333424285,2540.0000000873138,105.83333333697149,2645.8333334242852,0.0,1.0,0.0,0.0,0.16409928916305347,138.94518932463103,0.96,881.9939010786644,846.7141450355178,35.279756043146605,1.0,0.0,0.0,0.16409485927225073,138.9336476757278,0.96,881.9444454509477,846.6666676329097,35.27777781803794,1.0,0.0,0.0,0.16409042947456856,138.92210606497525,0.96,881.8949868946729,846.619187418886,35.27579947578695,,,,939.3717349881069,2540.0000000873138,2349.5,190.5,2540.0,8.731376510695554e-08,1.0,0.0,0.0,0.39981772078659583,234.84293374702673,0.925,635.0,587.375,47.62499999999997,1.0,0.0,0.0,0.39981772078659583,234.84293374702673,0.925,635.0,587.375,47.62499999999997,1.0,0.0,0.0,0.39981772078659583,234.84293374702673,0.925,635.0,587.375,47.62499999999997,1.0,0.0,0.0,0.39981772078659583,234.84293374702673,0.925,635.0,587.375,47.62499999999997,1.0,,,0.101,237.29950000000002,2349.5,2349.5,0.0,72.8345,0.0,,,296.3333334242851,0.0,127.4233333724426,4.0,1593.472178053441,0.0,-0.0,0.0,112.72222187550041
83,1,84,0.07074,0.0,1593.472178053441,,,,0,0.0,1,2645.833333424285,2645.833333424285,0.0,423.33333334788557,87.84166666968626,0.0,,,416.8009430653341,2645.833333424285,2540.0000000873138,105.83333333697149,2645.8333334242852,0.0,1.0,0.0,0.0,0.16409928916305347,138.94518932463103,0.96,881.9939010786644,846.7141450355178,35.279756043146605,1.0,0.0,0.0,0.16409485927225073,138.9336476757278,0.96,881.9444454509477,846.6666676329097,35.27777781803794,1.0,0.0,0.0,0.16409042947456856,138.92210606497525,0.96,881.8949868946729,846.619187418886,35.27579947578695,,,,939.3717349881069,2540.0000000873138,2349.5,190.5,2540.0,8.731376510695554e-08,1.0,0.0,0.0,0.39981772078659583,234.84293374702673,0.925,635.0,587.375,47.62499999999997,1.0,0.0,0.0,0.39981772078659583,234.84293374702673,0.925,635.0,587.375,47.62499999999997,1.0,0.0,0.0,0.39981772078659583,234.84293374702673,0.925,635.0,587.375,47.62499999999997,1.0,0.0,0.0,0.39981772078659583,234.84293374702673,0.925,635.0,587.375,47.62499999999997,1.0,,,0.101,237.29950000000002,2349.5,2349.5,0.0,72.8345,0.0,,,296.3333334242851,0.0,127.4233333724426,4.0,1593.472178053441,0.0,-0.0,0.0,112.72222187550041
84,1,85,0.07074,0.0,1593.472178053441,,,,0,0.0,1,2645.833333424285,2645.833333424285,0.0,423.33333334788557,87.84166666968626,0.0,,,416.8009430653341,2645.833333424285,2540.0000000873138,105.83333333697149,2645.8333334242852,0.0,1.0,0.0,0.0,0.16409928916305347,138.94518932463103,0.96,881.9939010786644,846.7141450355178,35.279756043146605,1.0,0.0,0.0,0.16409485927225073,138.9336476757278,0.96,881.9444454509477,846.6666676329097,35.27777781803794,1.0,0.0,0.0,0.16409042947456856,138.92210606497525,0.96,881.8949868946729,846.619187418886,35.27579947578695,,,,939.3717349881069,2540.0000000873138,2349.5,190.5,2540.0,8.731376510695554e-08,1.0,0.0,0.0,0.39981772078659583,234.84293374702673,0.925,635.0,587.375,47.62499999999997,1.0,0.0,0.0,0.39981772078659583,234.84293374702673,0.925,635.0,587.375,47.62499999999997,1.0,0.0,0.0,0.39981772078659583,234.84293374702673,0.925,635.0,587.375,47.62499999999997,1.0,0.0,0.0,0.39981772078659583,234.84293374702673,0.925,635.0,587.375,47.62499999999997,1.0,,,0.101,237.29950000000002,2349.5,2349.5,0.0,72.8345,0.0,,,296.3333334242851,0.0,127.4233333724426,4.0,1593.472178053441,0.0,-0.0,0.0,112.72222187550041
85,1,86,0.07074,0.0,1593.472178053441,,,,0,0.0,1,2645.833333424285,2645.833333424285,0.0,423.33333334788557,87.84166666968626,0.0,,,416.8009430653341,2645.833333424285,2540.0000000873138,105.83333333697149,2645.8333334242852,0.0,1.0,0.0,0.0,0.16409928916305347,138.94518932463103,0.96,881.9939010786644,846.7141450355178,35.279756043146605,1.0,0.0,0.0,0.16409485927225073,138.9336476757278,0.96,881.9444454509477,846.6666676329097,35.27777781803794,1.0,0.0,0.0,0.16409042947456856,138.92210606497525,0.96,881.8949868946729,846.619187418886,35.27579947578695,,,,939.3717349881069,2540.0000000873138,2349.5,190.5,2540.0,8.731376510695554e-08,1.0,0.0,0.0,0.39981772078659583,234.84293374702673,0.925,635.0,587.375,47.62499999999997,1.0,0.0,0.0,0.39981772078659583,234.84293374702673,0.925,635.0,587.375,47.62499999999997,1.0,0.0,0.0,0.39981772078659583,234.84293374702673,0.925,635.0,587.375,47.62499999999997,1.0,0.0,0.0,0.39981772078659583,234.84293374702673,0.925,635.0,587.375,47.62499999999997,1.0,,,0.101,237.29950000000002,2349.5,2349.5,0.0,72.8345,0.0,,,296.3333334242851,0.0,127.4233333724426,4.0,1593.472178053441,0.0,-0.0,0.0,112.72222187550041
86,1,87,0.07074,0.0,1593.472178053441,,,,0,0.0,1,2645.833333424285,2645.833333424285,0.0,423.33333334788557,87.84166666968626,0.0,,,416.8009430653341,2645.833333424285,2540.0000000873138,105.83333333697149,2645.8333334242852,0.0,1.0,0.0,0.0,0.16409928916305347,138.94518932463103,0.96,881.9939010786644,846.7141450355178,35.279756043146605,1.0,0.0,0.0,0.16409485927225073,138.9336476757278,0.96,881.9444454509477,846.6666676329097,35.27777781803794,1.0,0.0,0.0,0.16409042947456856,138.92210606497525,0.96,881.8949868946729,846.619187418886,35.27579947578695,,,,939.3717349881069,2540.0000000873138,2349.5,190.5,2540.0,8.731376510695554e-08,1.0,0.0,0.0,0.39981772078659583,234.84293374702673,0.925,635.0,587.375,47.62499999999997,1.0,0.0,0.0,0.39981772078659583,234.84293374702673,0.925,635.0,587.375,47.62499999999997,1.0,0.0,0.0,0.39981772078659583,234.84293374702673,0.925,635.0,587.375,47.62499999999997,1.0,0.0,0.0,0.39981772078659583,234.84293374702673,0.925,635.0,587.375,47.62499999999997,1.0,,,0.101,237.29950000000002,2349.5,2349.5,0.0,72.8345,0.0,,,296.3333334242851,0.0,127.4233333724426,4.0,1593.472178053441,0.0,-0.0,0.0,112.72222187550041
87,1,88,0.07074,0.0,1593.472178053441,,,,0,0.0,1,2645.833333424285,2645.833333424285,0.0,423.33333334788557,87.84166666968626,0.0,,,416.8009430653341,2645.833333424285,2540.0000000873138,105.83333333697149,2645.8333334242852,0.0,1.0,0.0,0.0,0.16409928916305347,138.94518932463103,0.96,881.9939010786644,846.7141450355178,35.279756043146605,1.0,0.0,0.0,0.16409485927225073,138.9336476757278,0.96,881.9444454509477,846.6666676329097,35.27777781803794,1.0,0.0,0.0,0.16409042947456856,138.92210606497525,0.96,881.8949868946729,846.619187418886,35.27579947578695,,,,939.3717349881069,2540.0000000873138,2349.5,190.5,2540.0,8.731376510695554e-08,1.0,0.0,0.0,0.39981772078659583,234.84293374702673,0.925,635.0,587.375,47.62499999999997,1.0,0.0,0.0,0.39981772078659583,234.84293374702673,0.925,635.0,587.375,47.62499999999997,1.0,0.0,0.0,0.39981772078659583,234.84293374702673,0.925,635.0,587.375,47.62499999999997,1.0,0.0,0.0,0.39981772078659583,234.84293374702673,0.925,635.0,587.375,47.62499999999997,1.0,,,0.101,237.29950000000002,2349.5,2349.5,0.0,72.8345,0.0,,,296.3333334242851,0.0,127.4233333724426,4.0,1593.472178053441,0.0,-0.0,0.0,112.72222187550041
88,1,89,0.07074,0.0,1593.472178053441,,,,0,0.0,1,2645.833333424285,2645.833333424285,0.0,423.33333334788557,87.84166666968626,0.0,,,416.8009430653341,2645.833333424285,2540.0000000873138,105.83333333697149,2645.8333334242852,0.0,1.0,0.0,0.0,0.16409928916305347,138.94518932463103,0.96,881.9939010786644,846.7141450355178,35.279756043146605,1.0,0.0,0.0,0.16409485927225073,138.9336476757278,0.96,881.9444454509477,846.6666676329097,35.27777781803794,1.0,0.0,0.0,0.16409042947456856,138.92210606497525,0.96,881.8949868946729,846.619187418886,35.27579947578695,,,,939.3717349881069,2540.0000000873138,2349.5,190.5,2540.0,8.731376510695554e-08,1.0,0.0,0.0,0.39981772078659583,234.84293374702673,0.925,635.0,587.375,47.62499999999997,1.0,0.0,0.0,0.39981772078659583,234.84293374702673,0.925,635.0,587.375,47.62499999999997,1.0,0.0,0.0,0.39981772078659583,234.84293374702673,0.925,635.0,587.375,47.62499999999997,1.0,0.0,0.0,0.39981772078659583,234.84293374702673,0.925,635.0,587.375,47.62499999999997,1.0,,,0.101,237.29950000000002,2349.5,2349.5,0.0,72.8345,0.0,,,296.3333334242851,0.0,127.4233333724426,4.0,1593.472178053441,0.0,-0.0,0.0,112.72222187550041
89,1,90,0.11566,0.0,1593.472178053441,,,,0,0.0,1,2645.833333424285,2645.833333424285,0.0,423.33333334788557,87.84166666968626,0.0,,,416.80094306533397,2645.833333424285,2540.0000000873138,105.83333333697149,2645.8333334242852,0.0,1.0,0.0,0.0,0.16409928916305347,138.94518932463103,0.96,881.9939010786644,846.7141450355178,35.279756043146605,1.0,0.0,0.0,0.16409485927225073,138.9336476757278,0.96,881.9444454509477,846.6666676329097,35.27777781803794,1.0,0.0,0.0,0.16409042947456856,138.92210606497525,0.96,881.8949868946729,846.619187418886,35.27579947578695,,,,939.3717349881069,2540.0000000873138,2349.5,190.5,2540.0,8.731376510695554e-08,1.0,0.0,0.0,0.39981772078659583,234.84293374702673,0.925,635.0,587.375,47.62499999999997,1.0,0.0,0.0,0.39981772078659583,234.84293374702673,0.925,635.0,587.375,47.62499999999997,1.0,0.0,0.0,0.39981772078659583,234.84293374702673,0.925,635.0,587.375,47.62499999999997,1.0,0.0,0.0,0.39981772078659583,234.84293374702673,0.925,635.0,587.375,47.62499999999997,1.0,,,0.101,237.29950000000002,2349.5,2349.5,0.0,72.8345,0.0,,,296.3333334242851,0.0,127.4233333724426,4.0,1593.472178053441,0.0,-0.0,0.0,184.30099211366098
90,1,91,0.11566,0.0,1593.472178053441,,,,0,0.0,1,2645.833333424285,2645.833333424285,0.0,423.33333334788557,87.84166666968626,0.0,,,416.80094306533397,2645.833333424285,2540.0000000873138,105.83333333697149,2645.8333334242852,0.0,1.0,0.0,0.0,0.16409928916305347,138.94518932463103,0.96,881.9939010786644,846.7141450355178,35.279756043146605,1.0,0.0,0.0,0.16409485927225073,138.9336476757278,0.96,881.9444454509477,846.6666676329097,35.27777781803794,1.0,0.0,0.0,0.16409042947456856,138.92210606497525,0.96,881.8949868946729,846.619187418886,35.27579947578695,,,,939.3717349881069,2540.0000000873138,2349.5,190.5,2540.0,8.731376510695554e-08,1.0,0.0,0.0,0.39981772078659583,234.84293374702673,0.925,635.0,587.375,47.62499999999997,1.0,0.0,0.0,0.39981772078659583,234.84293374702673,0.925,635.0,587.375,47.62499999999997,1.0,0.0,0.0,0.39981772078659583,234.84293374702673,0.925,635.0,587.375,47.62499999999997,1.0,0.0,0.0,0.39981772078659583,234.84293374702673,0.925,635.0,587.375,47.62499999999997,1.0,,,0.101,237.29950000000002,2349.5,2349.5,0.0,72.8345,0.0,,,296.3333334242851,0.0,127.4233333724426,4.0,1593.472178053441,0.0,-0.0,0.0,184.30099211366098
91,1,92,0.11566,0.0,1593.472178053441,,,,0,0.0,1,2645.833333424285,2645.833333424285,0.0,423.33333334788557,87.84166666968626,0.0,,,416.80094306533397,2645.833333424285,2540.0000000873138,105.83333333697149,2645.8333334242852,0.0,1.0,0.0,0.0,0.16409928916305347,138.94518932463103,0.96,881.9939010786644,846.7141450355178,35.279756043146605,1.0,0.0,0.0,0.16409485927225073,138.9336476757278,0.96,881.9444454509477,846.6666676329097,35.27777781803794,1.0,0.0,0.0,0.16409042947456856,138.92210606497525,0.96,881.8949868946729,846.619187418886,35.27579947578695,,,,939.3717349881069,2540.0000000873138,2349.5,190.5,2540.0,8.731376510695554e-08,1.0,0.0,0.0,0.39981772078659583,234.84293374702673,0.925,635.0,587.375,47.62499999999997,1.0,0.0,0.0,0.39981772078659583,234.84293374702673,0.925,635.0,587.375,47.62499999999997,1.0,0.0,0.0,0.39981772078659583,234.84293374702673,0.925,635.0,587.375,47.62499999999997,1.0,0.0,0.0,0.39981772078659583,234.84293374702673,0.925,635.0,587.375,47.62499999999997,1.0,,,0.101,237.29950000000002,2349.5,2349.5,0.0,72.8345,0.0,,,296.3333334242851,0.0,127.4233333724426,4.0,1593.472178053441,0.0,-0.0,0.0,184.30099211366098
92,1,93,0.11566,0.0,1593.472178053441,,,,0,0.0,1,2645.833333424285,2645.833333424285,0.0,423.33333334788557,87.84166666968626,0.0,,,416.80094306533397,2645.833333424285,2540.0000000873138,105.83333333697149,2645.8333334242852,0.0,1.0,0.0,0.0,0.16409928916305347,138.94518932463103,0.96,881.9939010786644,846.7141450355178,35.279756043146605,1.0,0.0,0.0,0.16409485927225073,138.9336476757278,0.96,881.9444454509477,846.6666676329097,35.27777781803794,1.0,0.0,0.0,0.16409042947456856,138.92210606497525,0.96,881.8949868946729,846.619187418886,35.27579947578695,,,,939.3717349881069,2540.0000000873138,2349.5,190.5,2540.0,8.731376510695554e-08,1.0,0.0,0.0,0.39981772078659583,234.84293374702673,0.925,635.0,587.375,47.62499999999997,1.0,0.0,0.0,0.39981772078659583,234.84293374702673,0.925,635.0,587.375,47.62499999999997,1.0,0.0,0.0,0.39981772078659583,234.84293374702673,0.925,635.0,587.375,47.62499999999997,1.0,0.0,0.0,0.39981772078659583,234.84293374702673,0.925,635.0,587.375,47.62499999999997,1.0,,,0.101,237.29950000000002,2349.5,2349.5,0.0,72.8345,0.0,,,296.3333334242851,0.0,127.4233333724426,4.0,1593.472178053441,0.0,-0.0,0.0,184.30099211366098
93,1,94,0.11566,0.0,1593.472178053441,,,,0,0.0,1,2645.833333424285,2645.833333424285,0.0,423.33333334788557,87.84166666968626,0.0,,,416.80094306533397,2645.833333424285,2540.0000000873138,105.83333333697149,2645.8333334242852,0.0,1.0,0.0,0.0,0.16409928916305347,138.94518932463103,0.96,881.9939010786644,846.7141450355178,35.279756043146605,1.0,0.0,0.0,0.16409485927225073,138.9336476757278,0.96,881.9444454509477,846.6666676329097,35.27777781803794,1.0,0.0,0.0,0.16409042947456856,138.92210606497525,0.96,881.8949868946729,846.619187418886,35.27579947578695,,,,939.3717349881069,2540.0000000873138,2349.5,190.5,2540.0,8.731376510695554e-08,1.0,0.0,0.0,0.39981772078659583,234.84293374702673,0.925,635.0,587.375,47.62499999999997,1.0,0.0,0.0,0.39981772078659583,234.84293374702673,0.925,635.0,587.375,47.62499999999997,1.0,0.0,0.0,0.39981772078659583,234.84293374702673,0.925,635.0,587.375,47.62499999999997,1.0,0.0,0.0,0.39981772078659583,234.84293374702673,0.925,635.0,587.375,47.62499999999997,1.0,,,0.101,237.29950000000002,2349.5,2349.5,0.0,72.8345,0.0,,,296.3333334242851,0.0,127.4233333724426,4.0,1593.472178053441,0.0,-0.0,0.0,184.30099211366098
94,1,95,0.11506,0.0,1593.472178053441,,,,0,0.0,1,2645.833333424285,2645.833333424285,0.0,423.33333334788557,87.84166666968626,0.0,,,416.8009430653341,2645.833333424285,2540.0000000873138,105.83333333697149,2645.8333334242852,0.0,1.0,0.0,0.0,0.16409928916305347,138.94518932463103,0.96,881.9939010786644,846.7141450355178,35.279756043146605,1.0,0.0,0.0,0.16409485927225073,138.9336476757278,0.96,881.9444454509477,846.6666676329097,35.27777781803794,1.0,0.0,0.0,0.16409042947456856,138.92210606497525,0.96,881.8949868946729,846.619187418886,35.27579947578695,,,,939.3717349881069,2540.0000000873138,2349.5,190.5,2540.0,8.731376510695554e-08,1.0,0.0,0.0,0.39981772078659583,234.84293374702673,0.925,635.0,587.375,47.62499999999997,1.0,0.0,0.0,0.39981772078659583,234.84293374702673,0.925,635.0,587.375,47.62499999999997,1.0,0.0,0.0,0.39981772078659583,234.84293374702673,0.925,635.0,587.375,47.62499999999997,1.0,0.0,0.0,0.39981772078659583,234.84293374702673,0.925,635.0,587.375,47.62499999999997,1.0,,,0.101,237.29950000000002,2349.5,2349.5,0.0,72.8345,0.0,,,296.3333334242851,0.0,127.4233333724426,4.0,1593.472178053441,0.0,-0.0,0.0,183.34490880682893
95,1,96,0.11506,0.0,1593.472178053441,,,,0,0.0,1,2645.833333424285,2645.833333424285,0.0,423.33333334788557,87.84166666968626,0.0,,,416.8009430653341,2645.833333424285,2540.0000000873138,105.83333333697149,2645.8333334242852,0.0,1.0,0.0,0.0,0.16409928916305347,138.94518932463103,0.96,881.9939010786644,846.7141450355178,35.279756043146605,1.0,0.0,0.0,0.16409485927225073,138.9336476757278,0.96,881.9444454509477,846.6666676329097,35.27777781803794,1.0,0.0,0.0,0.16409042947456856,138.92210606497525,0.96,881.8949868946729,846.619187418886,35.27579947578695,,,,939.3717349881069,2540.0000000873138,2349.5,190.5,2540.0,8.731376510695554e-08,1.0,0.0,0.0,0.39981772078659583,234.84293374702673,0.925,635.0,587.375,47.62499999999997,1.0,0.0,0.0,0.39981772078659583,234.84293374702673,0.925,635.0,587.375,47.62499999999997,1.0,0.0,0.0,0.39981772078659583,234.84293374702673,0.925,635.0,587.375,47.62499999999997,1.0,0.0,0.0,0.39981772078659583,234.84293374702673,0.925,635.0,587.375,47.62499999999997,1.0,,,0.101,237.29950000000002,2349.5,2349.5,0.0,72.8345,0.0,,,296.3333334242851,0.0,127.4233333724426,4.0,1593.472178053441,0.0,-0.0,0.0,183.34490880682893
96,1,97,0.11506,0.0,1593.472178053441,,,,0,0.0,1,2645.833333424285,2645.833333424285,0.0,423.33333334788557,87.84166666968626,0.0,,,416.8009430653341,2645.833333424285,2540.0000000873138,105.83333333697149,2645.8333334242852,0.0,1.0,0.0,0.0,0.16409928916305347,138.94518932463103,0.96,881.9939010786644,846.7141450355178,35.279756043146605,1.0,0.0,0.0,0.16409485927225073,138.9336476757278,0.96,881.9444454509477,846.6666676329097,35.27777781803794,1.0,0.0,0.0,0.16409042947456856,138.92210606497525,0.96,881.8949868946729,846.619187418886,35.27579947578695,,,,939.3717349881069,2540.0000000873138,2349.5,190.5,2540.0,8.731376510695554e-08,1.0,0.0,0.0,0.39981772078659583,234.84293374702673,0.925,635.0,587.375,47.62499999999997,1.0,0.0,0.0,0.39981772078659583,234.84293374702673,0.925,635.0,587.375,47.62499999999997,1.0,0.0,0.0,0.39981772078659583,234.84293374702673,0.925,635.0,587.375,47.62499999999997,1.0,0.0,0.0,0.39981772078659583,234.84293374702673,0.925,635.0,587.375,47.62499999999997,1.0,,,0.101,237.29950000000002,2349.5,2349.5,0.0,72.8345,0.0,,,296.3333334242851,0.0,127.4233333724426,4.0,1593.472178053441,0.0,-0.0,0.0,183.34490880682893
97,1,98,0.11506,0.0,1593.472178053441,,,,0,0.0,1,2645.833333424285,2645.833333424285,0.0,423.33333334788557,87.84166666968626,0.0,,,416.8009430653341,2645.833333424285,2540.0000000873138,105.83333333697149,2645.8333334242852,0.0,1.0,0.0,0.0,0.16409928916305347,138.94518932463103,0.96,881.9939010786644,846.7141450355178,35.279756043146605,1.0,0.0,0.0,0.16409485927225073,138.9336476757278,0.96,881.9444454509477,846.6666676329097,35.27777781803794,1.0,0.0,0.0,0.16409042947456856,138.92210606497525,0.96,881.8949868946729,846.619187418886,35.27579947578695,,,,939.3717349881069,2540.0000000873138,2349.5,190.5,2540.0,8.731376510695554e-08,1.0,0.0,0.0,0.39981772078659583,234.84293374702673,0.925,635.0,587.375,47.62499999999997,1.0,0.0,0.0,0.39981772078659583,234.84293374702673,0.925,635.0,587.375,47.62499999999997,1.0,0.0,0.0,0.39981772078659583,234.84293374702673,0.925,635.0,587.375,47.62499999999997,1.0,0.0,0.0,0.39981772078659583,234.84293374702673,0.925,635.0,587.375,47.62499999999997,1.0,,,0.101,237.29950000000002,2349.5,2349.5,0.0,72.8345,0.0,,,296.3333334242851,0.0,127.4233333724426,4.0,1593.472178053441,0.0,-0.0,0.0,183.34490880682893
98,1,99,0.11506,0.0,1593.472178053441,,,,0,0.0,1,2645.833333424285,2645.833333424285,0.0,423.33333334788557,87.84166666968626,0.0,,,416.8009430653341,2645.833333424285,2540.0000000873138,105.83333333697149,2645.8333334242852,0.0,1.0,0.0,0.0,0.16409928916305347,138.94518932463103,0.96,881.9939010786644,846.7141450355178,35.279756043146605,1.0,0.0,0.0,0.16409485927225073,138.9336476757278,0.96,881.9444454509477,846.6666676329097,35.27777781803794,1.0,0.0,0.0,0.16409042947456856,138.92210606497525,0.96,881.8949868946729,846.619187418886,35.27579947578695,,,,939.3717349881069,2540.0000000873138,2349.5,190.5,2540.0,8.731376510695554e-08,1.0,0.0,0.0,0.39981772078659583,234.84293374702673,0.925,635.0,587.375,47.62499999999997,1.0,0.0,0.0,0.39981772078659583,234.84293374702673,0.925,635.0,587.375,47.62499999999997,1.0,0.0,0.0,0.39981772078659583,234.84293374702673,0.925,635.0,587.375,47.62499999999997,1.0,0.0,0.0,0.39981772078659583,234.84293374702673,0.925,635.0,587.375,47.62499999999997,1.0,,,0.101,237.29950000000002,2349.5,2349.5,0.0,72.8345,0.0,,,296.3333334242851,0.0,127.4233333724426,4.0,1593.472178053441,0.0,-0.0,0.0,183.34490880682893
99,1,100,0.11506,0.0,1593.472178053441,,,,0,0.0,1,2645.833333424285,2645.833333424285,0.0,423.33333334788557,87.84166666968626,0.0,,,416.8009430653341,2645.833333424285,2540.0000000873138,105.83333333697149,2645.8333334242852,0.0,1.0,0.0,0.0,0.16409928916305347,138.94518932463103,0.96,881.9939010786644,846.7141450355178,35.279756043146605,1.0,0.0,0.0,0.16409485927225073,138.9336476757278,0.96,881.9444454509477,846.6666676329097,35.27777781803794,1.0,0.0,0.0,0.16409042947456856,138.92210606497525,0.96,881.8949868946729,846.619187418886,35.27579947578695,,,,939.3717349881069,2540.0000000873138,2349.5,190.5,2540.0,8.731376510695554e-08,1.0,0.0,0.0,0.39981772078659583,234.84293374702673,0.925,635.0,587.375,47.62499999999997,1.0,0.0,0.0,0.39981772078659583,234.84293374702673,0.925,635.0,587.375,47.62499999999997,1.0,0.0,0.0,0.39981772078659583,234.84293374702673,0.925,635.0,587.375,47.62499999999997,1.0,0.0,0.0,0.39981772078659583,234.84293374702673,0.925,635.0,587.375,47.62499999999997,1.0,,,0.101,237.29950000000002,2349.5,2349.5,0.0,72.8345,0.0,,,296.3333334242851,0.0,127.4233333724426,4.0,1593.472178053441,0.0,-0.0,0.0,183.34490880682893
100,1,101,0.11506,0.0,1593.472178053441,,,,0,0.0,1,2645.833333424285,2645.833333424285,0.0,423.33333334788557,87.84166666968626,0.0,,,416.8009430653341,2645.833333424285,2540.0000000873138,105.83333333697149,2645.8333334242852,0.0,1.0,0.0,0.0,0.16409928916305347,138.94518932463103,0.96,881.9939010786644,846.7141450355178,35.279756043146605,1.0,0.0,0.0,0.16409485927225073,138.9336476757278,0.96,881.9444454509477,846.6666676329097,35.27777781803794,1.0,0.0,0.0,0.16409042947456856,138.92210606497525,0.96,881.8949868946729,846.619187418886,35.27579947578695,,,,939.3717349881069,2540.0000000873138,2349.5,190.5,2540.0,8.731376510695554e-08,1.0,0.0,0.0,0.39981772078659583,234.84293374702673,0.925,635.0,587.375,47.62499999999997,1.0,0.0,0.0,0.39981772078659583,234.84293374702673,0.925,635.0,587.375,47.62499999999997,1.0,0.0,0.0,0.39981772078659583,234.84293374702673,0.925,635.0,587.375,47.62499999999997,1.0,0.0,0.0,0.39981772078659583,234.84293374702673,0.925,635.0,587.375,47.62499999999997,1.0,,,0.101,237.29950000000002,2349.5,2349.5,0.0,72.8345,0.0,,,296.3333334242851,0.0,127.4233333724426,4.0,1593.472178053441,0.0,-0.0,0.0,183.34490880682893
101,1,102,0.11506,0.0,1593.472178053441,,,,0,0.0,1,2645.833333424285,2645.833333424285,0.0,423.33333334788557,87.84166666968626,0.0,,,416.8009430653341,2645.833333424285,2540.0000000873138,105.83333333697149,2645.8333334242852,0.0,1.0,0.0,0.0,0.16409928916305347,138.94518932463103,0.96,881.9939010786644,846.7141450355178,35.279756043146605,1.0,0.0,0.0,0.16409485927225073,138.9336476757278,0.96,881.9444454509477,846.6666676329097,35.27777781803794,1.0,0.0,0.0,0.16409042947456856,138.92210606497525,0.96,881.8949868946729,846.619187418886,35.27579947578695,,,,939.3717349881069,2540.0000000873138,2349.5,190.5,2540.0,8.731376510695554e-08,1.0,0.0,0.0,0.39981772078659583,234.84293374702673,0.925,635.0,587.375,47.62499999999997,1.0,0.0,0.0,0.39981772078659583,234.84293374702673,0.925,635.0,587.375,47.62499999999997,1.0,0.0,0.0,0.39981772078659583,234.84293374702673,0.925,635.0,587.375,47.62499999999997,1.0,0.0,0.0,0.39981772078659583,234.84293374702673,0.925,635.0,587.375,47.62499999999997,1.0,,,0.101,237.29950000000002,2349.5,2349.5,0.0,72.8345,0.0,,,296.3333334242851,0.0,127.4233333724426,4.0,1593.472178053441,0.0,-0.0,0.0,183.34490880682893
102,1,103,0.11506,0.0,1593.472178053441,,,,0,0.0,1,2645.833333424285,2645.833333424285,0.0,423.33333334788557,87.84166666968626,0.0,,,416.8009430653341,2645.833333424285,2540.0000000873138,105.83333333697149,2645.8333334242852,0.0,1.0,0.0,0.0,0.16409928916305347,138.94518932463103,0.96,881.9939010786644,846.7141450355178,35.279756043146605,1.0,0.0,0.0,0.16409485927225073,138.9336476757278,0.96,881.9444454509477,846.6666676329097,35.27777781803794,1.0,0.0,0.0,0.16409042947456856,138.92210606497525,0.96,881.8949868946729,846.619187418886,35.27579947578695,,,,939.3717349881069,2540.0000000873138,2349.5,190.5,2540.0,8.731376510695554e-08,1.0,0.0,0.0,0.39981772078659583,234.84293374702673,0.925,635.0,587.375,47.62499999999997,1.0,0.0,0.0,0.39981772078659583,234.84293374702673,0.925,635.0,587.375,47.62499999999997,1.0,0.0,0.0,0.39981772078659583,234.84293374702673,0.925,635.0,587.375,47.62499999999997,1.0,0.0,0.0,0.39981772078659583,234.84293374702673,0.925,635.0,587.375,47.62499999999997,1.0,,,0.101,237.29950000000002,2349.5,2349.5,0.0,72.8345,0.0,,,296.3333334242851,0.0,127.4233333724426,4.0,1593.472178053441,0.0,-0.0,0.0,183.34490880682893
103,1,104,0.11506,0.0,1593.472178053441,,,,0,0.0,1,2645.833333424285,2645.833333424285,0.0,423.33333334788557,87.84166666968626,0.0,,,416.8009430653341,2645.833333424285,2540.0000000873138,105.83333333697149,2645.8333334242852,0.0,1.0,0.0,0.0,0.16409928916305347,138.94518932463103,0.96,881.9939010786644,846.7141450355178,35.279756043146605,1.0,0.0,0.0,0.16409485927225073,138.9336476757278,0.96,881.9444454509477,846.6666676329097,35.27777781803794,1.0,0.0,0.0,0.16409042947456856,138.92210606497525,0.96,881.8949868946729,846.619187418886,35.27579947578695,,,,939.3717349881069,2540.0000000873138,2349.5,190.5,2540.0,8.731376510695554e-08,1.0,0.0,0.0,0.39981772078659583,234.84293374702673,0.925,635.0,587.375,47.62499999999997,1.0,0.0,0.0,0.39981772078659583,234.84293374702673,0.925,635.0,587.375,47.62499999999997,1.0,0.0,0.0,0.39981772078659583,234.84293374702673,0.925,635.0,587.375,47.62499999999997,1.0,0.0,0.0,0.39981772078659583,234.84293374702673,0.925,635.0,587.375,47.62499999999997,1.0,,,0.101,237.29950000000002,2349.5,2349.5,0.0,72.8345,0.0,,,296.3333334242851,0.0,127.4233333724426,4.0,1593.472178053441,0.0,-0.0,0.0,183.34490880682893
104,1,105,0.07074,0.0,1593.472178053441,,,,0,0.0,1,2645.833333424285,2645.833333424285,0.0,423.33333334788557,87.84166666968626,0.0,,,416.8009430653341,2645.833333424285,2540.0000000873138,105.83333333697149,2645.8333334242852,0.0,1.0,0.0,0.0,0.16409928916305347,138.94518932463103,0.96,881.9939010786644,846.7141450355178,35.279756043146605,1.0,0.0,0.0,0.16409485927225073,138.9336476757278,0.96,881.9444454509477,846.6666676329097,35.27777781803794,1.0,0.0,0.0,0.16409042947456856,138.92210606497525,0.96,881.8949868946729,846.619187418886,35.27579947578695,,,,939.3717349881069,2540.0000000873138,2349.5,190.5,2540.0,8.731376510695554e-08,1.0,0.0,0.0,0.39981772078659583,234.84293374702673,0.925,635.0,587.375,47.62499999999997,1.0,0.0,0.0,0.39981772078659583,234.84293374702673,0.925,635.0,587.375,47.62499999999997,1.0,0.0,0.0,0.39981772078659583,234.84293374702673,0.925,635.0,587.375,47.62499999999997,1.0,0.0,0.0,0.39981772078659583,234.84293374702673,0.925,635.0,587.375,47.62499999999997,1.0,,,0.101,237.29950000000002,2349.5,2349.5,0.0,72.8345,0.0,,,296.3333334242851,0.0,127.4233333724426,4.0,1593.472178053441,0.0,-0.0,0.0,112.72222187550041
105,1,106,0.07074,0.0,1593.472178053441,,,,0,0.0,1,2645.833333424285,2645.833333424285,0.0,423.33333334788557,87.84166666968626,0.0,,,416.8009430653341,2645.833333424285,2540.0000000873138,105.83333333697149,2645.8333334242852,0.0,1.0,0.0,0.0,0.16409928916305347,138.94518932463103,0.96,881.9939010786644,846.7141450355178,35.279756043146605,1.0,0.0,0.0,0.16409485927225073,138.9336476757278,0.96,881.9444454509477,846.6666676329097,35.27777781803794,1.0,0.0,0.0,0.16409042947456856,138.92210606497525,0.96,881.8949868946729,846.619187418886,35.27579947578695,,,,939.3717349881069,2540.0000000873138,2349.5,190.5,2540.0,8.731376510695554e-08,1.0,0.0,0.0,0.39981772078659583,234.84293374702673,0.925,635.0,587.375,47.62499999999997,1.0,0.0,0.0,0.39981772078659583,234.84293374702673,0.925,635.0,587.375,47.62499999999997,1.0,0.0,0.0,0.39981772078659583,234.84293374702673,0.925,635.0,587.375,47.62499999999997,1.0,0.0,0.0,0.39981772078659583,234.84293374702673,0.925,635.0,587.375,47.62499999999997,1.0,,,0.101,237.29950000000002,2349.5,2349.5,0.0,72.8345,0.0,,,296.3333334242851,0.0,127.4233333724426,4.0,1593.472178053441,0.0,-0.0,0.0,112.72222187550041
106,1,107,0.07074,0.0,1593.472178053441,,,,0,0.0,1,2645.833333424285,2645.833333424285,0.0,423.33333334788557,87.84166666968626,0.0,,,416.8009430653341,2645.833333424285,2540.0000000873138,105.83333333697149,2645.8333334242852,0.0,1.0,0.0,0.0,0.16409928916305347,138.94518932463103,0.96,881.9939010786644,846.7141450355178,35.279756043146605,1.0,0.0,0.0,0.16409485927225073,138.9336476757278,0.96,881.9444454509477,846.6666676329097,35.27777781803794,1.0,0.0,0.0,0.16409042947456856,138.92210606497525,0.96,881.8949868946729,846.619187418886,35.27579947578695,,,,939.3717349881069,2540.0000000873138,2349.5,190.5,2540.0,8.731376510695554e-08,1.0,0.0,0.0,0.39981772078659583,234.84293374702673,0.925,635.0,587.375,47.62499999999997,1.0,0.0,0.0,0.39981772078659583,234.84293374702673,0.925,635.0,587.375,47.62499999999997,1.0,0.0,0.0,0.39981772078659583,234.84293374702673,0.925,635.0,587.375,47.62499999999997,1.0,0.0,0.0,0.39981772078659583,234.84293374702673,0.925,635.0,587.375,47.62499999999997,1.0,,,0.101,237.29950000000002,2349.5,2349.5,0.0,72.8345,0.0,,,296.3333334242851,0.0,127.4233333724426,4.0,1593.472178053441,0.0,-0.0,0.0,112.72222187550041
107,1,108,0.07074,0.0,1593.472178053441,,,,0,0.0,1,2645.833333424285,2645.833333424285,0.0,423.33333334788557,87.84166666968626,0.0,,,416.8009430653341,2645.833333424285,2540.0000000873138,105.83333333697149,2645.8333334242852,0.0,1.0,0.0,0.0,0.16409928916305347,138.94518932463103,0.96,881.9939010786644,846.7141450355178,35.279756043146605,1.0,0.0,0.0,0.16409485927225073,138.9336476757278,0.96,881.9444454509477,846.6666676329097,35.27777781803794,1.0,0.0,0.0,0.16409042947456856,138.92210606497525,0.96,881.8949868946729,846.619187418886,35.27579947578695,,,,939.3717349881069,2540.0000000873138,2349.5,190.5,2540.0,8.731376510695554e-08,1.0,0.0,0.0,0.39981772078659583,234.84293374702673,0.925,635.0,587.375,47.62499999999997,1.0,0.0,0.0,0.39981772078659583,234.84293374702673,0.925,635.0,587.375,47.62499999999997,1.0,0.0,0.0,0.39981772078659583,234.84293374702673,0.925,635.0,587.375,47.62499999999997,1.0,0.0,0.0,0.39981772078659583,234.84293374702673,0.925,635.0,587.375,47.62499999999997,1.0,,,0.101,237.29950000000002,2349.5,2349.5,0.0,72.8345,0.0,,,296.3333334242851,0.0,127.4233333724426,4.0,1593.472178053441,0.0,-0.0,0.0,112.72222187550041
108,1,109,0.07074,0.0,1593.472178053441,,,,0,0.0,1,2645.833333424285,2645.833333424285,0.0,423.33333334788557,87.84166666968626,0.0,,,416.8009430653341,2645.833333424285,2540.0000000873138,105.83333333697149,2645.8333334242852,0.0,1.0,0.0,0.0,0.16409928916305347,138.94518932463103,0.96,881.9939010786644,846.7141450355178,35.279756043146605,1.0,0.0,0.0,0.16409485927225073,138.9336476757278,0.96,881.9444454509477,846.6666676329097,35.27777781803794,1.0,0.0,0.0,0.16409042947456856,138.92210606497525,0.96,881.8949868946729,846.619187418886,35.27579947578695,,,,939.3717349881069,2540.0000000873138,2349.5,190.5,2540.0,8.731376510695554e-08,1.0,0.0,0.0,0.39981772078659583,234.84293374702673,0.925,635.0,587.375,47.62499999999997,1.0,0.0,0.0,0.39981772078659583,234.84293374702673,0.925,635.0,587.375,47.62499999999997,1.0,0.0,0.0,0.39981772078659583,234.84293374702673,0.925,635.0,587.375,47.62499999999997,1.0,0.0,0.0,0.39981772078659583,234.84293374702673,0.925,635.0,587.375,47.62499999999997,1.0,,,0.101,237.29950000000002,2349.5,2349.5,0.0,72.8345,0.0,,,296.3333334242851,0.0,127.4233333724426,4.0,1593.472178053441,0.0,-0.0,0.0,112.72222187550041
109,1,110,0.07074,0.0,1593.472178053441,,,,0,0.0,1,2645.833333424285,2645.833333424285,0.0,423.33333334788557,87.84166666968626,0.0,,,416.8009430653341,2645.833333424285,2540.0000000873138,105.83333333697149,2645.8333334242852,0.0,1.0,0.0,0.0,0.16409928916305347,138.94518932463103,0.96,881.9939010786644,846.7141450355178,35.279756043146605,1.0,0.0,0.0,0.16409485927225073,138.9336476757278,0.96,881.9444454509477,846.6666676329097,35.27777781803794,1.0,0.0,0.0,0.16409042947456856,138.92210606497525,0.96,881.8949868946729,846.619187418886,35.27579947578695,,,,939.3717349881069,2540.0000000873138,2349.5,190.5,2540.0,8.731376510695554e-08,1.0,0.0,0.0,0.39981772078659583,234.84293374702673,0.925,635.0,587.375,47.62499999999997,1.0,0.0,0.0,0.39981772078659583,234.84293374702673,0.925,635.0,587.375,47.62499999999997,1.0,0.0,0.0,0.39981772078659583,234.84293374702673,0.925,635.0,587.375,47.62499999999997,1.0,0.0,0.0,0.39981772078659583,234.84293374702673,0.925,635.0,587.375,47.62499999999997,1.0,,,0.101,237.29950000000002,2349.5,2349.5,0.0,72.8345,0.0,,,296.3333334242851,0.0,127.4233333724426,4.0,1593.472178053441,0.0,-0.0,0.0,112.72222187550041
110,1,111,0.07074,0.0,1593.472178053441,,,,0,0.0,1,2645.833333424285,2645.833333424285,0.0,423.33333334788557,87.84166666968626,0.0,,,416.8009430653341,2645.833333424285,2540.0000000873138,105.83333333697149,2645.8333334242852,0.0,1.0,0.0,0.0,0.16409928916305347,138.94518932463103,0.96,881.9939010786644,846.7141450355178,35.279756043146605,1.0,0.0,0.0,0.16409485927225073,138.9336476757278,0.96,881.9444454509477,846.6666676329097,35.27777781803794,1.0,0.0,0.0,0.16409042947456856,138.92210606497525,0.96,881.8949868946729,846.619187418886,35.27579947578695,,,,939.3717349881069,2540.0000000873138,2349.5,190.5,2540.0,8.731376510695554e-08,1.0,0.0,0.0,0.39981772078659583,234.84293374702673,0.925,635.0,587.375,47.62499999999997,1.0,0.0,0.0,0.39981772078659583,234.84293374702673,0.925,635.0,587.375,47.62499999999997,1.0,0.0,0.0,0.39981772078659583,234.84293374702673,0.925,635.0,587.375,47.62499999999997,1.0,0.0,0.0,0.39981772078659583,234.84293374702673,0.925,635.0,587.375,47.62499999999997,1.0,,,0.101,237.29950000000002,2349.5,2349.5,0.0,72.8345,0.0,,,296.3333334242851,0.0,127.4233333724426,4.0,1593.472178053441,0.0,-0.0,0.0,112.72222187550041
111,1,112,0.07074,0.0,1593.472178053441,,,,0,0.0,1,2645.833333424285,2645.833333424285,0.0,423.33333334788557,87.84166666968626,0.0,,,416.8009430653341,2645.833333424285,2540.0000000873138,105.83333333697149,2645.8333334242852,0.0,1.0,0.0,0.0,0.16409928916305347,138.94518932463103,0.96,881.9939010786644,846.7141450355178,35.279756043146605,1.0,0.0,0.0,0.16409485927225073,138.9336476757278,0.96,881.9444454509477,846.6666676329097,35.27777781803794,1.0,0.0,0.0,0.16409042947456856,138.92210606497525,0.96,881.8949868946729,846.619187418886,35.27579947578695,,,,939.3717349881069,2540.0000000873138,2349.5,190.5,2540.0,8.731376510695554e-08,1.0,0.0,0.0,0.39981772078659583,234.84293374702673,0.925,635.0,587.375,47.62499999999997,1.0,0.0,0.0,0.39981772078659583,234.84293374702673,0.925,635.0,587.375,47.62499999999997,1.0,0.0,0.0,0.39981772078659583,234.84293374702673,0.925,635.0,587.375,47.62499999999997,1.0,0.0,0.0,0.39981772078659583,234.84293374702673,0.925,635.0,587.375,47.62499999999997,1.0,,,0.101,237.29950000000002,2349.5,2349.5,0.0,72.8345,0.0,,,296.3333334242851,0.0,127.4233333724426,4.0,1593.472178053441,0.0,-0.0,0.0,112.72222187550041
112,1,113,0.07074,0.0,1593.472178053441,,,,0,0.0,1,2645.833333424285,2645.833333424285,0.0,423.33333334788557,87.84166666968626,0.0,,,416.8009430653341,2645.833333424285,2540.0000000873138,105.83333333697149,2645.8333334242852,0.0,1.0,0.0,0.0,0.16409928916305347,138.94518932463103,0.96,881.9939010786644,846.7141450355178,35.279756043146605,1.0,0.0,0.0,0.16409485927225073,138.9336476757278,0.96,881.9444454509477,846.6666676329097,35.27777781803794,1.0,0.0,0.0,0.16409042947456856,138.92210606497525,0.96,881.8949868946729,846.619187418886,35.27579947578695,,,,939.3717349881069,2540.0000000873138,2349.5,190.5,2540.0,8.731376510695554e-08,1.0,0.0,0.0,0.39981772078659583,234.84293374702673,0.925,635.0,587.375,47.62499999999997,1.0,0.0,0.0,0.39981772078659583,234.84293374702673,0.925,635.0,587.375,47.62499999999997,1.0,0.0,0.0,0.39981772078659583,234.84293374702673,0.925,635.0,587.375,47.62499999999997,1.0,0.0,0.0,0.39981772078659583,234.84293374702673,0.925,635.0,587.375,47.62499999999997,1.0,,,0.101,237.29950000000002,2349.5,2349.5,0.0,72.8345,0.0,,,296.3333334242851,0.0,127.4233333724426,4.0,1593.472178053441,0.0,-0.0,0.0,112.72222187550041
113,1,114,0.11566,0.0,1593.472178053441,,,,0,0.0,1,2645.833333424285,2645.833333424285,0.0,423.33333334788557,87.84166666968626,0.0,,,416.80094306533397,2645.833333424285,2540.0000000873138,105.83333333697149,2645.8333334242852,0.0,1.0,0.0,0.0,0.16409928916305347,138.94518932463103,0.96,881.9939010786644,846.7141450355178,35.279756043146605,1.0,0.0,0.0,0.16409485927225073,138.9336476757278,0.96,881.9444454509477,846.6666676329097,35.27777781803794,1.0,0.0,0.0,0.16409042947456856,138.92210606497525,0.96,881.8949868946729,846.619187418886,35.27579947578695,,,,939.3717349881069,2540.0000000873138,2349.5,190.5,2540.0,8.731376510695554e-08,1.0,0.0,0.0,0.39981772078659583,234.84293374702673,0.925,635.0,587.375,47.62499999999997,1.0,0.0,0.0,0.39981772078659583,234.84293374702673,0.925,635.0,587.375,47.62499999999997,1.0,0.0,0.0,0.39981772078659583,234.84293374702673,0.925,635.0,587.375,47.62499999999997,1.0,0.0,0.0,0.39981772078659583,234.84293374702673,0.925,635.0,587.375,47.62499999999997,1.0,,,0.101,237.29950000000002,2349.5,2349.5,0.0,72.8345,0.0,,,296.3333334242851,0.0,127.4233333724426,4.0,1593.472178053441,0.0,-0.0,0.0,184.30099211366098
114,1,115,0.11566,0.0,1593.472178053441,,,,0,0.0,1,2645.833333424285,2645.833333424285,0.0,423.33333334788557,87.84166666968626,0.0,,,416.80094306533397,2645.833333424285,2540.0000000873138,105.83333333697149,2645.8333334242852,0.0,1.0,0.0,0.0,0.16409928916305347,138.94518932463103,0.96,881.9939010786644,846.7141450355178,35.279756043146605,1.0,0.0,0.0,0.16409485927225073,138.9336476757278,0.96,881.9444454509477,846.6666676329097,35.27777781803794,1.0,0.0,0.0,0.16409042947456856,138.92210606497525,0.96,881.8949868946729,846.619187418886,35.27579947578695,,,,939.3717349881069,2540.0000000873138,2349.5,190.5,2540.0,8.731376510695554e-08,1.0,0.0,0.0,0.39981772078659583,234.84293374702673,0.925,635.0,587.375,47.62499999999997,1.0,0.0,0.0,0.39981772078659583,234.84293374702673,0.925,635.0,587.375,47.62499999999997,1.0,0.0,0.0,0.39981772078659583,234.84293374702673,0.925,635.0,587.375,47.62499999999997,1.0,0.0,0.0,0.39981772078659583,234.84293374702673,0.925,635.0,587.375,47.62499999999997,1.0,,,0.101,237.29950000000002,2349.5,2349.5,0.0,72.8345,0.0,,,296.3333334242851,0.0,127.4233333724426,4.0,1593.472178053441,0.0,-0.0,0.0,184.30099211366098
115,1,116,0.11566,0.0,1593.472178053441,,,,0,0.0,1,2645.833333424285,2645.833333424285,0.0,423.33333334788557,87.84166666968626,0.0,,,416.80094306533397,2645.833333424285,2540.0000000873138,105.83333333697149,2645.8333334242852,0.0,1.0,0.0,0.0,0.16409928916305347,138.94518932463103,0.96,881.9939010786644,846.7141450355178,35.279756043146605,1.0,0.0,0.0,0.16409485927225073,138.9336476757278,0.96,881.9444454509477,846.6666676329097,35.27777781803794,1.0,0.0,0.0,0.16409042947456856,138.92210606497525,0.96,881.8949868946729,846.619187418886,35.27579947578695,,,,939.3717349881069,2540.0000000873138,2349.5,190.5,2540.0,8.731376510695554e-08,1.0,0.0,0.0,0.39981772078659583,234.84293374702673,0.925,635.0,587.375,47.62499999999997,1.0,0.0,0.0,0.39981772078659583,234.84293374702673,0.925,635.0,587.375,47.62499999999997,1.0,0.0,0.0,0.39981772078659583,234.84293374702673,0.925,635.0,587.375,47.62499999999997,1.0,0.0,0.0,0.39981772078659583,234.84293374702673,0.925,635.0,587.375,47.62499999999997,1.0,,,0.101,237.29950000000002,2349.5,2349.5,0.0,72.8345,0.0,,,296.3333334242851,0.0,127.4233333724426,4.0,1593.472178053441,0.0,-0.0,0.0,184.30099211366098
116,1,117,0.11566,0.0,1593.472178053441,,,,0,0.0,1,2645.833333424285,2645.833333424285,0.0,423.33333334788557,87.84166666968626,0.0,,,416.80094306533397,2645.833333424285,2540.0000000873138,105.83333333697149,2645.8333334242852,0.0,1.0,0.0,0.0,0.16409928916305347,138.94518932463103,0.96,881.9939010786644,846.7141450355178,35.279756043146605,1.0,0.0,0.0,0.16409485927225073,138.9336476757278,0.96,881.9444454509477,846.6666676329097,35.27777781803794,1.0,0.0,0.0,0.16409042947456856,138.92210606497525,0.96,881.8949868946729,846.619187418886,35.27579947578695,,,,939.3717349881069,2540.0000000873138,2349.5,190.5,2540.0,8.731376510695554e-08,1.0,0.0,0.0,0.39981772078659583,234.84293374702673,0.925,635.0,587.375,47.62499999999997,1.0,0.0,0.0,0.39981772078659583,234.84293374702673,0.925,635.0,587.375,47.62499999999997,1.0,0.0,0.0,0.39981772078659583,234.84293374702673,0.925,635.0,587.375,47.62499999999997,1.0,0.0,0.0,0.39981772078659583,234.84293374702673,0.925,635.0,587.375,47.62499999999997,1.0,,,0.101,237.29950000000002,2349.5,2349.5,0.0,72.8345,0.0,,,296.3333334242851,0.0,127.4233333724426,4.0,1593.472178053441,0.0,-0.0,0.0,184.30099211366098
117,1,118,0.11566,0.0,1593.472178053441,,,,0,0.0,1,2645.833333424285,2645.833333424285,0.0,423.33333334788557,87.84166666968626,0.0,,,416.80094306533397,2645.833333424285,2540.0000000873138,105.83333333697149,2645.8333334242852,0.0,1.0,0.0,0.0,0.16409928916305347,138.94518932463103,0.96,881.9939010786644,846.7141450355178,35.279756043146605,1.0,0.0,0.0,0.16409485927225073,138.9336476757278,0.96,881.9444454509477,846.6666676329097,35.27777781803794,1.0,0.0,0.0,0.16409042947456856,138.92210606497525,0.96,881.8949868946729,846.619187418886,35.27579947578695,,,,939.3717349881069,2540.0000000873138,2349.5,190.5,2540.0,8.731376510695554e-08,1.0,0.0,0.0,0.39981772078659583,234.84293374702673,0.925,635.0,587.375,47.62499999999997,1.0,0.0,0.0,0.39981772078659583,234.84293374702673,0.925,635.0,587.375,47.62499999999997,1.0,0.0,0.0,0.39981772078659583,234.84293374702673,0.925,635.0,587.375,47.62499999999997,1.0,0.0,0.0,0.39981772078659583,234.84293374702673,0.925,635.0,587.375,47.62499999999997,1.0,,,0.101,237.29950000000002,2349.5,2349.5,0.0,72.8345,0.0,,,296.3333334242851,0.0,127.4233333724426,4.0,1593.472178053441,0.0,-0.0,0.0,184.30099211366098
118,1,119,0.11506,0.0,1593.472178053441,,,,0,0.0,1,2645.833333424285,2645.833333424285,0.0,423.33333334788557,87.84166666968626,0.0,,,416.8009430653341,2645.833333424285,2540.0000000873138,105.83333333697149,2645.8333334242852,0.0,1.0,0.0,0.0,0.16409928916305347,138.94518932463103,0.96,881.9939010786644,846.7141450355178,35.279756043146605,1.0,0.0,0.0,0.16409485927225073,138.9336476757278,0.96,881.9444454509477,846.6666676329097,35.27777781803794,1.0,0.0,0.0,0.16409042947456856,138.92210606497525,0.96,881.8949868946729,846.619187418886,35.27579947578695,,,,939.3717349881069,2540.0000000873138,2349.5,190.5,2540.0,8.731376510695554e-08,1.0,0.0,0.0,0.39981772078659583,234.84293374702673,0.925,635.0,587.375,47.62499999999997,1.0,0.0,0.0,0.39981772078659583,234.84293374702673,0.925,635.0,587.375,47.62499999999997,1.0,0.0,0.0,0.39981772078659583,234.84293374702673,0.925,635.0,587.375,47.62499999999997,1.0,0.0,0.0,0.39981772078659583,234.84293374702673,0.925,635.0,587.375,47.62499999999997,1.0,,,0.101,237.29950000000002,2349.5,2349.5,0.0,72.8345,0.0,,,296.3333334242851,0.0,127.4233333724426,4.0,1593.472178053441,0.0,-0.0,0.0,183.34490880682893
119,1,120,0.11506,0.0,1593.472178053441,,,,0,0.0,1,2645.833333424285,2645.833333424285,0.0,423.33333334788557,87.84166666968626,0.0,,,416.8009430653341,2645.833333424285,2540.0000000873138,105.83333333697149,2645.8333334242852,0.0,1.0,0.0,0.0,0.16409928916305347,138.94518932463103,0.96,881.9939010786644,846.7141450355178,35.279756043146605,1.0,0.0,0.0,0.16409485927225073,138.9336476757278,0.96,881.9444454509477,846.6666676329097,35.27777781803794,1.0,0.0,0.0,0.16409042947456856,138.92210606497525,0.96,881.8949868946729,846.619187418886,35.27579947578695,,,,939.3717349881069,2540.0000000873138,2349.5,190.5,2540.0,8.731376510695554e-08,1.0,0.0,0.0,0.39981772078659583,234.84293374702673,0.925,635.0,587.375,47.62499999999997,1.0,0.0,0.0,0.39981772078659583,234.84293374702673,0.925,635.0,587.375,47.62499999999997,1.0,0.0,0.0,0.39981772078659583,234.84293374702673,0.925,635.0,587.375,47.62499999999997,1.0,0.0,0.0,0.39981772078659583,234.84293374702673,0.925,635.0,587.375,47.62499999999997,1.0,,,0.101,237.29950000000002,2349.5,2349.5,0.0,72.8345,0.0,,,296.3333334242851,0.0,127.4233333724426,4.0,1593.472178053441,0.0,-0.0,0.0,183.34490880682893
120,1,121,0.11506,0.0,1593.472178053441,,,,0,0.0,1,2645.833333424285,2645.833333424285,0.0,423.33333334788557,87.84166666968626,0.0,,,416.8009430653341,2645.833333424285,2540.0000000873138,105.83333333697149,2645.8333334242852,0.0,1.0,0.0,0.0,0.16409928916305347,138.94518932463103,0.96,881.9939010786644,846.7141450355178,35.279756043146605,1.0,0.0,0.0,0.16409485927225073,138.9336476757278,0.96,881.9444454509477,846.6666676329097,35.27777781803794,1.0,0.0,0.0,0.16409042947456856,138.92210606497525,0.96,881.8949868946729,846.619187418886,35.27579947578695,,,,939.3717349881069,2540.0000000873138,2349.5,190.5,2540.0,8.731376510695554e-08,1.0,0.0,0.0,0.39981772078659583,234.84293374702673,0.925,635.0,587.375,47.62499999999997,1.0,0.0,0.0,0.39981772078659583,234.84293374702673,0.925,635.0,587.375,47.62499999999997,1.0,0.0,0.0,0.39981772078659583,234.84293374702673,0.925,635.0,587.375,47.62499999999997,1.0,0.0,0.0,0.39981772078659583,234.84293374702673,0.925,635.0,587.375,47.62499999999997,1.0,,,0.101,237.29950000000002,2349.5,2349.5,0.0,72.8345,0.0,,,296.3333334242851,0.0,127.4233333724426,4.0,1593.472178053441,0.0,-0.0,0.0,183.34490880682893
121,1,122,0.11506,0.0,1593.472178053441,,,,0,0.0,1,2645.833333424285,2645.833333424285,0.0,423.33333334788557,87.84166666968626,0.0,,,416.8009430653341,2645.833333424285,2540.0000000873138,105.83333333697149,2645.8333334242852,0.0,1.0,0.0,0.0,0.16409928916305347,138.94518932463103,0.96,881.9939010786644,846.7141450355178,35.279756043146605,1.0,0.0,0.0,0.16409485927225073,138.9336476757278,0.96,881.9444454509477,846.6666676329097,35.27777781803794,1.0,0.0,0.0,0.16409042947456856,138.92210606497525,0.96,881.8949868946729,846.619187418886,35.27579947578695,,,,939.3717349881069,2540.0000000873138,2349.5,190.5,2540.0,8.731376510695554e-08,1.0,0.0,0.0,0.39981772078659583,234.84293374702673,0.925,635.0,587.375,47.62499999999997,1.0,0.0,0.0,0.39981772078659583,234.84293374702673,0.925,635.0,587.375,47.62499999999997,1.0,0.0,0.0,0.39981772078659583,234.84293374702673,0.925,635.0,587.375,47.62499999999997,1.0,0.0,0.0,0.39981772078659583,234.84293374702673,0.925,635.0,587.375,47.62499999999997,1.0,,,0.101,237.29950000000002,2349.5,2349.5,0.0,72.8345,0.0,,,296.3333334242851,0.0,127.4233333724426,4.0,1593.472178053441,0.0,-0.0,0.0,183.34490880682893
122,1,123,0.11506,0.0,1593.472178053441,,,,0,0.0,1,2645.833333424285,2645.833333424285,0.0,423.33333334788557,87.84166666968626,0.0,,,416.8009430653341,2645.833333424285,2540.0000000873138,105.83333333697149,2645.8333334242852,0.0,1.0,0.0,0.0,0.16409928916305347,138.94518932463103,0.96,881.9939010786644,846.7141450355178,35.279756043146605,1.0,0.0,0.0,0.16409485927225073,138.9336476757278,0.96,881.9444454509477,846.6666676329097,35.27777781803794,1.0,0.0,0.0,0.16409042947456856,138.92210606497525,0.96,881.8949868946729,846.619187418886,35.27579947578695,,,,939.3717349881069,2540.0000000873138,2349.5,190.5,2540.0,8.731376510695554e-08,1.0,0.0,0.0,0.39981772078659583,234.84293374702673,0.925,635.0,587.375,47.62499999999997,1.0,0.0,0.0,0.39981772078659583,234.84293374702673,0.925,635.0,587.375,47.62499999999997,1.0,0.0,0.0,0.39981772078659583,234.84293374702673,0.925,635.0,587.375,47.62499999999997,1.0,0.0,0.0,0.39981772078659583,234.84293374702673,0.925,635.0,587.375,47.62499999999997,1.0,,,0.101,237.29950000000002,2349.5,2349.5,0.0,72.8345,0.0,,,296.3333334242851,0.0,127.4233333724426,4.0,1593.472178053441,0.0,-0.0,0.0,183.34490880682893
123,1,124,0.11506,0.0,1593.472178053441,,,,0,0.0,1,2645.833333424285,2645.833333424285,0.0,423.33333334788557,87.84166666968626,0.0,,,416.8009430653341,2645.833333424285,2540.0000000873138,105.83333333697149,2645.8333334242852,0.0,1.0,0.0,0.0,0.16409928916305347,138.94518932463103,0.96,881.9939010786644,846.7141450355178,35.279756043146605,1.0,0.0,0.0,0.16409485927225073,138.9336476757278,0.96,881.9444454509477,846.6666676329097,35.27777781803794,1.0,0.0,0.0,0.16409042947456856,138.92210606497525,0.96,881.8949868946729,846.619187418886,35.27579947578695,,,,939.3717349881069,2540.0000000873138,2349.5,190.5,2540.0,8.731376510695554e-08,1.0,0.0,0.0,0.39981772078659583,234.84293374702673,0.925,635.0,587.375,47.62499999999997,1.0,0.0,0.0,0.39981772078659583,234.84293374702673,0.925,635.0,587.375,47.62499999999997,1.0,0.0,0.0,0.39981772078659583,234.84293374702673,0.925,635.0,587.375,47.62499999999997,1.0,0.0,0.0,0.39981772078659583,234.84293374702673,0.925,635.0,587.375,47.62499999999997,1.0,,,0.101,237.29950000000002,2349.5,2349.5,0.0,72.8345,0.0,,,296.3333334242851,0.0,127.4233333724426,4.0,1593.472178053441,0.0,-0.0,0.0,183.34490880682893
124,1,125,0.11506,0.0,1593.472178053441,,,,0,0.0,1,2645.833333424285,2645.833333424285,0.0,423.33333334788557,87.84166666968626,0.0,,,416.8009430653341,2645.833333424285,2540.0000000873138,105.83333333697149,2645.8333334242852,0.0,1.0,0.0,0.0,0.16409928916305347,138.94518932463103,0.96,881.9939010786644,846.7141450355178,35.279756043146605,1.0,0.0,0.0,0.16409485927225073,138.9336476757278,0.96,881.9444454509477,846.6666676329097,35.27777781803794,1.0,0.0,0.0,0.16409042947456856,138.92210606497525,0.96,881.8949868946729,846.619187418886,35.27579947578695,,,,939.3717349881069,2540.0000000873138,2349.5,190.5,2540.0,8.731376510695554e-08,1.0,0.0,0.0,0.39981772078659583,234.84293374702673,0.925,635.0,587.375,47.62499999999997,1.0,0.0,0.0,0.39981772078659583,234.84293374702673,0.925,635.0,587.375,47.62499999999997,1.0,0.0,0.0,0.39981772078659583,234.84293374702673,0.925,635.0,587.375,47.62499999999997,1.0,0.0,0.0,0.39981772078659583,234.84293374702673,0.925,635.0,587.375,47.62499999999997,1.0,,,0.101,237.29950000000002,2349.5,2349.5,0.0,72.8345,0.0,,,296.3333334242851,0.0,127.4233333724426,4.0,1593.472178053441,0.0,-0.0,0.0,183.34490880682893
125,1,126,0.11506,0.0,1593.472178053441,,,,0,0.0,1,2645.833333424285,2645.833333424285,0.0,423.33333334788557,87.84166666968626,0.0,,,416.8009430653341,2645.833333424285,2540.0000000873138,105.83333333697149,2645.8333334242852,0.0,1.0,0.0,0.0,0.16409928916305347,138.94518932463103,0.96,881.9939010786644,846.7141450355178,35.279756043146605,1.0,0.0,0.0,0.16409485927225073,138.9336476757278,0.96,881.9444454509477,846.6666676329097,35.27777781803794,1.0,0.0,0.0,0.16409042947456856,138.92210606497525,0.96,881.8949868946729,846.619187418886,35.27579947578695,,,,939.3717349881069,2540.0000000873138,2349.5,190.5,2540.0,8.731376510695554e-08,1.0,0.0,0.0,0.39981772078659583,234.84293374702673,0.925,635.0,587.375,47.62499999999997,1.0,0.0,0.0,0.39981772078659583,234.84293374702673,0.925,635.0,587.375,47.62499999999997,1.0,0.0,0.0,0.39981772078659583,234.84293374702673,0.925,635.0,587.375,47.62499999999997,1.0,0.0,0.0,0.39981772078659583,234.84293374702673,0.925,635.0,587.375,47.62499999999997,1.0,,,0.101,237.29950000000002,2349.5,2349.5,0.0,72.8345,0.0,,,296.3333334242851,0.0,127.4233333724426,4.0,1593.472178053441,0.0,-0.0,0.0,183.34490880682893
126,1,127,0.11506,0.0,1593.472178053441,,,,0,0.0,1,2645.833333424285,2645.833333424285,0.0,423.33333334788557,87.84166666968626,0.0,,,416.8009430653341,2645.833333424285,2540.0000000873138,105.83333333697149,2645.8333334242852,0.0,1.0,0.0,0.0,0.16409928916305347,138.94518932463103,0.96,881.9939010786644,846.7141450355178,35.279756043146605,1.0,0.0,0.0,0.16409485927225073,138.9336476757278,0.96,881.9444454509477,846.6666676329097,35.27777781803794,1.0,0.0,0.0,0.16409042947456856,138.92210606497525,0.96,881.8949868946729,846.619187418886,35.27579947578695,,,,939.3717349881069,2540.0000000873138,2349.5,190.5,2540.0,8.731376510695554e-08,1.0,0.0,0.0,0.39981772078659583,234.84293374702673,0.925,635.0,587.375,47.62499999999997,1.0,0.0,0.0,0.39981772078659583,234.84293374702673,0.925,635.0,587.375,47.62499999999997,1.0,0.0,0.0,0.39981772078659583,234.84293374702673,0.925,635.0,587.375,47.62499999999997,1.0,0.0,0.0,0.39981772078659583,234.84293374702673,0.925,635.0,587.375,47.62499999999997,1.0,,,0.101,237.29950000000002,2349.5,2349.5,0.0,72.8345,0.0,,,296.3333334242851,0.0,127.4233333724426,4.0,1593.472178053441,0.0,-0.0,0.0,183.34490880682893
127,1,128,0.11506,0.0,1593.472178053441,,,,0,0.0,1,2645.833333424285,2645.833333424285,0.0,423.33333334788557,87.84166666968626,0.0,,,416.8009430653341,2645.833333424285,2540.0000000873138,105.83333333697149,2645.8333334242852,0.0,1.0,0.0,0.0,0.16409928916305347,138.94518932463103,0.96,881.9939010786644,846.7141450355178,35.279756043146605,1.0,0.0,0.0,0.16409485927225073,138.9336476757278,0.96,881.9444454509477,846.6666676329097,35.27777781803794,1.0,0.0,0.0,0.16409042947456856,138.92210606497525,0.96,881.8949868946729,846.619187418886,35.27579947578695,,,,939.3717349881069,2540.0000000873138,2349.5,190.5,2540.0,8.731376510695554e-08,1.0,0.0,0.0,0.39981772078659583,234.84293374702673,0.925,635.0,587.375,47.62499999999997,1.0,0.0,0.0,0.39981772078659583,234.84293374702673,0.925,635.0,587.375,47.62499999999997,1.0,0.0,0.0,0.39981772078659583,234.84293374702673,0.925,635.0,587.375,47.62499999999997,1.0,0.0,0.0,0.39981772078659583,234.84293374702673,0.925,635.0,587.375,47.62499999999997,1.0,,,0.101,237.29950000000002,2349.5,2349.5,0.0,72.8345,0.0,,,296.3333334242851,0.0,127.4233333724426,4.0,1593.472178053441,0.0,-0.0,0.0,183.34490880682893
128,1,129,0.07074,0.0,1593.472178053441,,,,0,0.0,1,2645.833333424285,2645.833333424285,0.0,423.33333334788557,87.84166666968626,0.0,,,416.8009430653341,2645.833333424285,2540.0000000873138,105.83333333697149,2645.8333334242852,0.0,1.0,0.0,0.0,0.16409928916305347,138.94518932463103,0.96,881.9939010786644,846.7141450355178,35.279756043146605,1.0,0.0,0.0,0.16409485927225073,138.9336476757278,0.96,881.9444454509477,846.6666676329097,35.27777781803794,1.0,0.0,0.0,0.16409042947456856,138.92210606497525,0.96,881.8949868946729,846.619187418886,35.27579947578695,,,,939.3717349881069,2540.0000000873138,2349.5,190.5,2540.0,8.731376510695554e-08,1.0,0.0,0.0,0.39981772078659583,234.84293374702673,0.925,635.0,587.375,47.62499999999997,1.0,0.0,0.0,0.39981772078659583,234.84293374702673,0.925,635.0,587.375,47.62499999999997,1.0,0.0,0.0,0.39981772078659583,234.84293374702673,0.925,635.0,587.375,47.62499999999997,1.0,0.0,0.0,0.39981772078659583,234.84293374702673,0.925,635.0,587.375,47.62499999999997,1.0,,,0.101,237.29950000000002,2349.5,2349.5,0.0,72.8345,0.0,,,296.3333334242851,0.0,127.4233333724426,4.0,1593.472178053441,0.0,-0.0,0.0,112.72222187550041
129,1,130,0.07074,0.0,1593.472178053441,,,,0,0.0,1,2645.833333424285,2645.833333424285,0.0,423.33333334788557,87.84166666968626,0.0,,,416.8009430653341,2645.833333424285,2540.0000000873138,105.83333333697149,2645.8333334242852,0.0,1.0,0.0,0.0,0.16409928916305347,138.94518932463103,0.96,881.9939010786644,846.7141450355178,35.279756043146605,1.0,0.0,0.0,0.16409485927225073,138.9336476757278,0.96,881.9444454509477,846.6666676329097,35.27777781803794,1.0,0.0,0.0,0.16409042947456856,138.92210606497525,0.96,881.8949868946729,846.619187418886,35.27579947578695,,,,939.3717349881069,2540.0000000873138,2349.5,190.5,2540.0,8.731376510695554e-08,1.0,0.0,0.0,0.39981772078659583,234.84293374702673,0.925,635.0,587.375,47.62499999999997,1.0,0.0,0.0,0.39981772078659583,234.84293374702673,0.925,635.0,587.375,47.62499999999997,1.0,0.0,0.0,0.39981772078659583,234.84293374702673,0.925,635.0,587.375,47.62499999999997,1.0,0.0,0.0,0.39981772078659583,234.84293374702673,0.925,635.0,587.375,47.62499999999997,1.0,,,0.101,237.29950000000002,2349.5,2349.5,0.0,72.8345,0.0,,,296.3333334242851,0.0,127.4233333724426,4.0,1593.472178053441,0.0,-0.0,0.0,112.72222187550041
130,1,131,0.07074,0.0,1593.472178053441,,,,0,0.0,1,2645.833333424285,2645.833333424285,0.0,423.33333334788557,87.84166666968626,0.0,,,416.8009430653341,2645.833333424285,2540.0000000873138,105.83333333697149,2645.8333334242852,0.0,1.0,0.0,0.0,0.16409928916305347,138.94518932463103,0.96,881.9939010786644,846.7141450355178,35.279756043146605,1.0,0.0,0.0,0.16409485927225073,138.9336476757278,0.96,881.9444454509477,846.6666676329097,35.27777781803794,1.0,0.0,0.0,0.16409042947456856,138.92210606497525,0.96,881.8949868946729,846.619187418886,35.27579947578695,,,,939.3717349881069,2540.0000000873138,2349.5,190.5,2540.0,8.731376510695554e-08,1.0,0.0,0.0,0.39981772078659583,234.84293374702673,0.925,635.0,587.375,47.62499999999997,1.0,0.0,0.0,0.39981772078659583,234.84293374702673,0.925,635.0,587.375,47.62499999999997,1.0,0.0,0.0,0.39981772078659583,234.84293374702673,0.925,635.0,587.375,47.62499999999997,1.0,0.0,0.0,0.39981772078659583,234.84293374702673,0.925,635.0,587.375,47.62499999999997,1.0,,,0.101,237.29950000000002,2349.5,2349.5,0.0,72.8345,0.0,,,296.3333334242851,0.0,127.4233333724426,4.0,1593.472178053441,0.0,-0.0,0.0,112.72222187550041
131,1,132,0.07074,0.0,1593.472178053441,,,,0,0.0,1,2645.833333424285,2645.833333424285,0.0,423.33333334788557,87.84166666968626,0.0,,,416.8009430653341,2645.833333424285,2540.0000000873138,105.83333333697149,2645.8333334242852,0.0,1.0,0.0,0.0,0.16409928916305347,138.94518932463103,0.96,881.9939010786644,846.7141450355178,35.279756043146605,1.0,0.0,0.0,0.16409485927225073,138.9336476757278,0.96,881.9444454509477,846.6666676329097,35.27777781803794,1.0,0.0,0.0,0.16409042947456856,138.92210606497525,0.96,881.8949868946729,846.619187418886,35.27579947578695,,,,939.3717349881069,2540.0000000873138,2349.5,190.5,2540.0,8.731376510695554e-08,1.0,0.0,0.0,0.39981772078659583,234.84293374702673,0.925,635.0,587.375,47.62499999999997,1.0,0.0,0.0,0.39981772078659583,234.84293374702673,0.925,635.0,587.375,47.62499999999997,1.0,0.0,0.0,0.39981772078659583,234.84293374702673,0.925,635.0,587.375,47.62499999999997,1.0,0.0,0.0,0.39981772078659583,234.84293374702673,0.925,635.0,587.375,47.62499999999997,1.0,,,0.101,237.29950000000002,2349.5,2349.5,0.0,72.8345,0.0,,,296.3333334242851,0.0,127.4233333724426,4.0,1593.472178053441,0.0,-0.0,0.0,112.72222187550041
132,1,133,0.07074,0.0,1593.472178053441,,,,0,0.0,1,2645.833333424285,2645.833333424285,0.0,423.33333334788557,87.84166666968626,0.0,,,416.8009430653341,2645.833333424285,2540.0000000873138,105.83333333697149,2645.8333334242852,0.0,1.0,0.0,0.0,0.16409928916305347,138.94518932463103,0.96,881.9939010786644,846.7141450355178,35.279756043146605,1.0,0.0,0.0,0.16409485927225073,138.9336476757278,0.96,881.9444454509477,846.6666676329097,35.27777781803794,1.0,0.0,0.0,0.16409042947456856,138.92210606497525,0.96,881.8949868946729,846.619187418886,35.27579947578695,,,,939.3717349881069,2540.0000000873138,2349.5,190.5,2540.0,8.731376510695554e-08,1.0,0.0,0.0,0.39981772078659583,234.84293374702673,0.925,635.0,587.375,47.62499999999997,1.0,0.0,0.0,0.39981772078659583,234.84293374702673,0.925,635.0,587.375,47.62499999999997,1.0,0.0,0.0,0.39981772078659583,234.84293374702673,0.925,635.0,587.375,47.62499999999997,1.0,0.0,0.0,0.39981772078659583,234.84293374702673,0.925,635.0,587.375,47.62499999999997,1.0,,,0.101,237.29950000000002,2349.5,2349.5,0.0,72.8345,0.0,,,296.3333334242851,0.0,127.4233333724426,4.0,1593.472178053441,0.0,-0.0,0.0,112.72222187550041
133,1,134,0.07074,0.0,1593.472178053441,,,,0,0.0,1,2645.833333424285,2645.833333424285,0.0,423.33333334788557,87.84166666968626,0.0,,,416.8009430653341,2645.833333424285,2540.0000000873138,105.83333333697149,2645.8333334242852,0.0,1.0,0.0,0.0,0.16409928916305347,138.94518932463103,0.96,881.9939010786644,846.7141450355178,35.279756043146605,1.0,0.0,0.0,0.16409485927225073,138.9336476757278,0.96,881.9444454509477,846.6666676329097,35.27777781803794,1.0,0.0,0.0,0.16409042947456856,138.92210606497525,0.96,881.8949868946729,846.619187418886,35.27579947578695,,,,939.3717349881069,2540.0000000873138,2349.5,190.5,2540.0,8.731376510695554e-08,1.0,0.0,0.0,0.39981772078659583,234.84293374702673,0.925,635.0,587.375,47.62499999999997,1.0,0.0,0.0,0.39981772078659583,234.84293374702673,0.925,635.0,587.375,47.62499999999997,1.0,0.0,0.0,0.39981772078659583,234.84293374702673,0.925,635.0,587.375,47.62499999999997,1.0,0.0,0.0,0.39981772078659583,234.84293374702673,0.925,635.0,587.375,47.62499999999997,1.0,,,0.101,237.29950000000002,2349.5,2349.5,0.0,72.8345,0.0,,,296.3333334242851,0.0,127.4233333724426,4.0,1593.472178053441,0.0,-0.0,0.0,112.72222187550041
134,1,135,0.07074,0.0,1593.472178053441,,,,0,0.0,1,2645.833333424285,2645.833333424285,0.0,423.33333334788557,87.84166666968626,0.0,,,416.8009430653341,2645.833333424285,2540.0000000873138,105.83333333697149,2645.8333334242852,0.0,1.0,0.0,0.0,0.16409928916305347,138.94518932463103,0.96,881.9939010786644,846.7141450355178,35.279756043146605,1.0,0.0,0.0,0.16409485927225073,138.9336476757278,0.96,881.9444454509477,846.6666676329097,35.27777781803794,1.0,0.0,0.0,0.16409042947456856,138.92210606497525,0.96,881.8949868946729,846.619187418886,35.27579947578695,,,,939.3717349881069,2540.0000000873138,2349.5,190.5,2540.0,8.731376510695554e-08,1.0,0.0,0.0,0.39981772078659583,234.84293374702673,0.925,635.0,587.375,47.62499999999997,1.0,0.0,0.0,0.39981772078659583,234.84293374702673,0.925,635.0,587.375,47.62499999999997,1.0,0.0,0.0,0.39981772078659583,234.84293374702673,0.925,635.0,587.375,47.62499999999997,1.0,0.0,0.0,0.39981772078659583,234.84293374702673,0.925,635.0,587.375,47.62499999999997,1.0,,,0.101,237.29950000000002,2349.5,2349.5,0.0,72.8345,0.0,,,296.3333334242851,0.0,127.4233333724426,4.0,1593.472178053441,0.0,-0.0,0.0,112.72222187550041
135,1,136,0.07074,0.0,1593.472178053441,,,,0,0.0,1,2645.833333424285,2645.833333424285,0.0,423.33333334788557,87.84166666968626,0.0,,,416.8009430653341,2645.833333424285,2540.0000000873138,105.83333333697149,2645.8333334242852,0.0,1.0,0.0,0.0,0.16409928916305347,138.94518932463103,0.96,881.9939010786644,846.7141450355178,35.279756043146605,1.0,0.0,0.0,0.16409485927225073,138.9336476757278,0.96,881.9444454509477,846.6666676329097,35.27777781803794,1.0,0.0,0.0,0.16409042947456856,138.92210606497525,0.96,881.8949868946729,846.619187418886,35.27579947578695,,,,939.3717349881069,2540.0000000873138,2349.5,190.5,2540.0,8.731376510695554e-08,1.0,0.0,0.0,0.39981772078659583,234.84293374702673,0.925,635.0,587.375,47.62499999999997,1.0,0.0,0.0,0.39981772078659583,234.84293374702673,0.925,635.0,587.375,47.62499999999997,1.0,0.0,0.0,0.39981772078659583,234.84293374702673,0.925,635.0,587.375,47.62499999999997,1.0,0.0,0.0,0.39981772078659583,234.84293374702673,0.925,635.0,587.375,47.62499999999997,1.0,,,0.101,237.29950000000002,2349.5,2349.5,0.0,72.8345,0.0,,,296.3333334242851,0.0,127.4233333724426,4.0,1593.472178053441,0.0,-0.0,0.0,112.72222187550041
136,1,137,0.07074,0.0,1593.472178053441,,,,0,0.0,1,2645.833333424285,2645.833333424285,0.0,423.33333334788557,87.84166666968626,0.0,,,416.8009430653341,2645.833333424285,2540.0000000873138,105.83333333697149,2645.8333334242852,0.0,1.0,0.0,0.0,0.16409928916305347,138.94518932463103,0.96,881.9939010786644,846.7141450355178,35.279756043146605,1.0,0.0,0.0,0.16409485927225073,138.9336476757278,0.96,881.9444454509477,846.6666676329097,35.27777781803794,1.0,0.0,0.0,0.16409042947456856,138.92210606497525,0.96,881.8949868946729,846.619187418886,35.27579947578695,,,,939.3717349881069,2540.0000000873138,2349.5,190.5,2540.0,8.731376510695554e-08,1.0,0.0,0.0,0.39981772078659583,234.84293374702673,0.925,635.0,587.375,47.62499999999997,1.0,0.0,0.0,0.39981772078659583,234.84293374702673,0.925,635.0,587.375,47.62499999999997,1.0,0.0,0.0,0.39981772078659583,234.84293374702673,0.925,635.0,587.375,47.62499999999997,1.0,0.0,0.0,0.39981772078659583,234.84293374702673,0.925,635.0,587.375,47.62499999999997,1.0,,,0.101,237.29950000000002,2349.5,2349.5,0.0,72.8345,0.0,,,296.3333334242851,0.0,127.4233333724426,4.0,1593.472178053441,0.0,-0.0,0.0,112.72222187550041
137,1,138,0.11566,0.0,1593.472178053441,,,,0,0.0,1,2645.833333424285,2645.833333424285,0.0,423.33333334788557,87.84166666968626,0.0,,,416.80094306533397,2645.833333424285,2540.0000000873138,105.83333333697149,2645.8333334242852,0.0,1.0,0.0,0.0,0.16409928916305347,138.94518932463103,0.96,881.9939010786644,846.7141450355178,35.279756043146605,1.0,0.0,0.0,0.16409485927225073,138.9336476757278,0.96,881.9444454509477,846.6666676329097,35.27777781803794,1.0,0.0,0.0,0.16409042947456856,138.92210606497525,0.96,881.8949868946729,846.619187418886,35.27579947578695,,,,939.3717349881069,2540.0000000873138,2349.5,190.5,2540.0,8.731376510695554e-08,1.0,0.0,0.0,0.39981772078659583,234.84293374702673,0.925,635.0,587.375,47.62499999999997,1.0,0.0,0.0,0.39981772078659583,234.84293374702673,0.925,635.0,587.375,47.62499999999997,1.0,0.0,0.0,0.39981772078659583,234.84293374702673,0.925,635.0,587.375,47.62499999999997,1.0,0.0,0.0,0.39981772078659583,234.84293374702673,0.925,635.0,587.375,47.62499999999997,1.0,,,0.101,237.29950000000002,2349.5,2349.5,0.0,72.8345,0.0,,,296.3333334242851,0.0,127.4233333724426,4.0,1593.472178053441,0.0,-0.0,0.0,184.30099211366098
138,1,139,0.11566,0.0,1593.472178053441,,,,0,0.0,1,2645.833333424285,2645.833333424285,0.0,423.33333334788557,87.84166666968626,0.0,,,416.80094306533397,2645.833333424285,2540.0000000873138,105.83333333697149,2645.8333334242852,0.0,1.0,0.0,0.0,0.16409928916305347,138.94518932463103,0.96,881.9939010786644,846.7141450355178,35.279756043146605,1.0,0.0,0.0,0.16409485927225073,138.9336476757278,0.96,881.9444454509477,846.6666676329097,35.27777781803794,1.0,0.0,0.0,0.16409042947456856,138.92210606497525,0.96,881.8949868946729,846.619187418886,35.27579947578695,,,,939.3717349881069,2540.0000000873138,2349.5,190.5,2540.0,8.731376510695554e-08,1.0,0.0,0.0,0.39981772078659583,234.84293374702673,0.925,635.0,587.375,47.62499999999997,1.0,0.0,0.0,0.39981772078659583,234.84293374702673,0.925,635.0,587.375,47.62499999999997,1.0,0.0,0.0,0.39981772078659583,234.84293374702673,0.925,635.0,587.375,47.62499999999997,1.0,0.0,0.0,0.39981772078659583,234.84293374702673,0.925,635.0,587.375,47.62499999999997,1.0,,,0.101,237.29950000000002,2349.5,2349.5,0.0,72.8345,0.0,,,296.3333334242851,0.0,127.4233333724426,4.0,1593.472178053441,0.0,-0.0,0.0,184.30099211366098
139,1,140,0.11566,0.0,1593.472178053441,,,,0,0.0,1,2645.833333424285,2645.833333424285,0.0,423.33333334788557,87.84166666968626,0.0,,,416.80094306533397,2645.833333424285,2540.0000000873138,105.83333333697149,2645.8333334242852,0.0,1.0,0.0,0.0,0.16409928916305347,138.94518932463103,0.96,881.9939010786644,846.7141450355178,35.279756043146605,1.0,0.0,0.0,0.16409485927225073,138.9336476757278,0.96,881.9444454509477,846.6666676329097,35.27777781803794,1.0,0.0,0.0,0.16409042947456856,138.92210606497525,0.96,881.8949868946729,846.619187418886,35.27579947578695,,,,939.3717349881069,2540.0000000873138,2349.5,190.5,2540.0,8.731376510695554e-08,1.0,0.0,0.0,0.39981772078659583,234.84293374702673,0.925,635.0,587.375,47.62499999999997,1.0,0.0,0.0,0.39981772078659583,234.84293374702673,0.925,635.0,587.375,47.62499999999997,1.0,0.0,0.0,0.39981772078659583,234.84293374702673,0.925,635.0,587.375,47.62499999999997,1.0,0.0,0.0,0.39981772078659583,234.84293374702673,0.925,635.0,587.375,47.62499999999997,1.0,,,0.101,237.29950000000002,2349.5,2349.5,0.0,72.8345,0.0,,,296.3333334242851,0.0,127.4233333724426,4.0,1593.472178053441,0.0,-0.0,0.0,184.30099211366098
140,1,141,0.11566,0.0,1593.472178053441,,,,0,0.0,1,2645.833333424285,2645.833333424285,0.0,423.33333334788557,87.84166666968626,0.0,,,416.80094306533397,2645.833333424285,2540.0000000873138,105.83333333697149,2645.8333334242852,0.0,1.0,0.0,0.0,0.16409928916305347,138.94518932463103,0.96,881.9939010786644,846.7141450355178,35.279756043146605,1.0,0.0,0.0,0.16409485927225073,138.9336476757278,0.96,881.9444454509477,846.6666676329097,35.27777781803794,1.0,0.0,0.0,0.16409042947456856,138.92210606497525,0.96,881.8949868946729,846.619187418886,35.27579947578695,,,,939.3717349881069,2540.0000000873138,2349.5,190.5,2540.0,8.731376510695554e-08,1.0,0.0,0.0,0.39981772078659583,234.84293374702673,0.925,635.0,587.375,47.62499999999997,1.0,0.0,0.0,0.39981772078659583,234.84293374702673,0.925,635.0,587.375,47.62499999999997,1.0,0.0,0.0,0.39981772078659583,234.84293374702673,0.925,635.0,587.375,47.62499999999997,1.0,0.0,0.0,0.39981772078659583,234.84293374702673,0.925,635.0,587.375,47.62499999999997,1.0,,,0.101,237.29950000000002,2349.5,2349.5,0.0,72.8345,0.0,,,296.3333334242851,0.0,127.4233333724426,4.0,1593.472178053441,0.0,-0.0,0.0,184.30099211366098
141,1,142,0.11566,0.0,1593.472178053441,,,,0,0.0,1,2645.833333424285,2645.833333424285,0.0,423.33333334788557,87.84166666968626,0.0,,,416.80094306533397,2645.833333424285,2540.0000000873138,105.83333333697149,2645.8333334242852,0.0,1.0,0.0,0.0,0.16409928916305347,138.94518932463103,0.96,881.9939010786644,846.7141450355178,35.279756043146605,1.0,0.0,0.0,0.16409485927225073,138.9336476757278,0.96,881.9444454509477,846.6666676329097,35.27777781803794,1.0,0.0,0.0,0.16409042947456856,138.92210606497525,0.96,881.8949868946729,846.619187418886,35.27579947578695,,,,939.3717349881069,2540.0000000873138,2349.5,190.5,2540.0,8.731376510695554e-08,1.0,0.0,0.0,0.39981772078659583,234.84293374702673,0.925,635.0,587.375,47.62499999999997,1.0,0.0,0.0,0.39981772078659583,234.84293374702673,0.925,635.0,587.375,47.62499999999997,1.0,0.0,0.0,0.39981772078659583,234.84293374702673,0.925,635.0,587.375,47.62499999999997,1.0,0.0,0.0,0.39981772078659583,234.84293374702673,0.925,635.0,587.375,47.62499999999997,1.0,,,0.101,237.29950000000002,2349.5,2349.5,0.0,72.8345,0.0,,,296.3333334242851,0.0,127.4233333724426,4.0,1593.472178053441,0.0,-0.0,0.0,184.30099211366098
142,1,143,0.11506,0.0,1593.472178053441,,,,0,0.0,1,2645.833333424285,2645.833333424285,0.0,423.33333334788557,87.84166666968626,0.0,,,416.8009430653341,2645.833333424285,2540.0000000873138,105.83333333697149,2645.8333334242852,0.0,1.0,0.0,0.0,0.16409928916305347,138.94518932463103,0.96,881.9939010786644,846.7141450355178,35.279756043146605,1.0,0.0,0.0,0.16409485927225073,138.9336476757278,0.96,881.9444454509477,846.6666676329097,35.27777781803794,1.0,0.0,0.0,0.16409042947456856,138.92210606497525,0.96,881.8949868946729,846.619187418886,35.27579947578695,,,,939.3717349881069,2540.0000000873138,2349.5,190.5,2540.0,8.731376510695554e-08,1.0,0.0,0.0,0.39981772078659583,234.84293374702673,0.925,635.0,587.375,47.62499999999997,1.0,0.0,0.0,0.39981772078659583,234.84293374702673,0.925,635.0,587.375,47.62499999999997,1.0,0.0,0.0,0.39981772078659583,234.84293374702673,0.925,635.0,587.375,47.62499999999997,1.0,0.0,0.0,0.39981772078659583,234.84293374702673,0.925,635.0,587.375,47.62499999999997,1.0,,,0.101,237.29950000000002,2349.5,2349.5,0.0,72.8345,0.0,,,296.3333334242851,0.0,127.4233333724426,4.0,1593.472178053441,0.0,-0.0,0.0,183.34490880682893
143,1,144,0.11506,0.0,1593.472178053441,,,,0,0.0,1,2645.833333424285,2645.833333424285,0.0,423.33333334788557,87.84166666968626,0.0,,,416.8009430653341,2645.833333424285,2540.0000000873138,105.83333333697149,2645.8333334242852,0.0,1.0,0.0,0.0,0.16409928916305347,138.94518932463103,0.96,881.9939010786644,846.7141450355178,35.279756043146605,1.0,0.0,0.0,0.16409485927225073,138.9336476757278,0.96,881.9444454509477,846.6666676329097,35.27777781803794,1.0,0.0,0.0,0.16409042947456856,138.92210606497525,0.96,881.8949868946729,846.619187418886,35.27579947578695,,,,939.3717349881069,2540.0000000873138,2349.5,190.5,2540.0,8.731376510695554e-08,1.0,0.0,0.0,0.39981772078659583,234.84293374702673,0.925,635.0,587.375,47.62499999999997,1.0,0.0,0.0,0.39981772078659583,234.84293374702673,0.925,635.0,587.375,47.62499999999997,1.0,0.0,0.0,0.39981772078659583,234.84293374702673,0.925,635.0,587.375,47.62499999999997,1.0,0.0,0.0,0.39981772078659583,234.84293374702673,0.925,635.0,587.375,47.62499999999997,1.0,,,0.101,237.29950000000002,2349.5,2349.5,0.0,72.8345,0.0,,,296.3333334242851,0.0,127.4233333724426,4.0,1593.472178053441,0.0,-0.0,0.0,183.34490880682893
144,1,145,0.11506,0.0,1593.472178053441,,,,0,0.0,1,2645.833333424285,2645.833333424285,0.0,423.33333334788557,87.84166666968626,0.0,,,416.8009430653341,2645.833333424285,2540.0000000873138,105.83333333697149,2645.8333334242852,0.0,1.0,0.0,0.0,0.16409928916305347,138.94518932463103,0.96,881.9939010786644,846.7141450355178,35.279756043146605,1.0,0.0,0.0,0.16409485927225073,138.9336476757278,0.96,881.9444454509477,846.6666676329097,35.27777781803794,1.0,0.0,0.0,0.16409042947456856,138.92210606497525,0.96,881.8949868946729,846.619187418886,35.27579947578695,,,,939.3717349881069,2540.0000000873138,2349.5,190.5,2540.0,8.731376510695554e-08,1.0,0.0,0.0,0.39981772078659583,234.84293374702673,0.925,635.0,587.375,47.62499999999997,1.0,0.0,0.0,0.39981772078659583,234.84293374702673,0.925,635.0,587.375,47.62499999999997,1.0,0.0,0.0,0.39981772078659583,234.84293374702673,0.925,635.0,587.375,47.62499999999997,1.0,0.0,0.0,0.39981772078659583,234.84293374702673,0.925,635.0,587.375,47.62499999999997,1.0,,,0.101,237.29950000000002,2349.5,2349.5,0.0,72.8345,0.0,,,296.3333334242851,0.0,127.4233333724426,4.0,1593.472178053441,0.0,-0.0,0.0,183.34490880682893
145,1,146,0.11506,0.0,1593.472178053441,,,,0,0.0,1,2645.833333424285,2645.833333424285,0.0,423.33333334788557,87.84166666968626,0.0,,,416.8009430653341,2645.833333424285,2540.0000000873138,105.83333333697149,2645.8333334242852,0.0,1.0,0.0,0.0,0.16409928916305347,138.94518932463103,0.96,881.9939010786644,846.7141450355178,35.279756043146605,1.0,0.0,0.0,0.16409485927225073,138.9336476757278,0.96,881.9444454509477,846.6666676329097,35.27777781803794,1.0,0.0,0.0,0.16409042947456856,138.92210606497525,0.96,881.8949868946729,846.619187418886,35.27579947578695,,,,939.3717349881069,2540.0000000873138,2349.5,190.5,2540.0,8.731376510695554e-08,1.0,0.0,0.0,0.39981772078659583,234.84293374702673,0.925,635.0,587.375,47.62499999999997,1.0,0.0,0.0,0.39981772078659583,234.84293374702673,0.925,635.0,587.375,47.62499999999997,1.0,0.0,0.0,0.39981772078659583,234.84293374702673,0.925,635.0,587.375,47.62499999999997,1.0,0.0,0.0,0.39981772078659583,234.84293374702673,0.925,635.0,587.375,47.62499999999997,1.0,,,0.101,237.29950000000002,2349.5,2349.5,0.0,72.8345,0.0,,,296.3333334242851,0.0,127.4233333724426,4.0,1593.472178053441,0.0,-0.0,0.0,183.34490880682893
146,1,147,0.11506,0.0,1593.472178053441,,,,0,0.0,1,2645.833333424285,2645.833333424285,0.0,423.33333334788557,87.84166666968626,0.0,,,416.8009430653341,2645.833333424285,2540.0000000873138,105.83333333697149,2645.8333334242852,0.0,1.0,0.0,0.0,0.16409928916305347,138.94518932463103,0.96,881.9939010786644,846.7141450355178,35.279756043146605,1.0,0.0,0.0,0.16409485927225073,138.9336476757278,0.96,881.9444454509477,846.6666676329097,35.27777781803794,1.0,0.0,0.0,0.16409042947456856,138.92210606497525,0.96,881.8949868946729,846.619187418886,35.27579947578695,,,,939.3717349881069,2540.0000000873138,2349.5,190.5,2540.0,8.731376510695554e-08,1.0,0.0,0.0,0.39981772078659583,234.84293374702673,0.925,635.0,587.375,47.62499999999997,1.0,0.0,0.0,0.39981772078659583,234.84293374702673,0.925,635.0,587.375,47.62499999999997,1.0,0.0,0.0,0.39981772078659583,234.84293374702673,0.925,635.0,587.375,47.62499999999997,1.0,0.0,0.0,0.39981772078659583,234.84293374702673,0.925,635.0,587.375,47.62499999999997,1.0,,,0.101,237.29950000000002,2349.5,2349.5,0.0,72.8345,0.0,,,296.3333334242851,0.0,127.4233333724426,4.0,1593.472178053441,0.0,-0.0,0.0,183.34490880682893
147,1,148,0.11506,0.0,1593.472178053441,,,,0,0.0,1,2645.833333424285,2645.833333424285,0.0,423.33333334788557,87.84166666968626,0.0,,,416.8009430653341,2645.833333424285,2540.0000000873138,105.83333333697149,2645.8333334242852,0.0,1.0,0.0,0.0,0.16409928916305347,138.94518932463103,0.96,881.9939010786644,846.7141450355178,35.279756043146605,1.0,0.0,0.0,0.16409485927225073,138.9336476757278,0.96,881.9444454509477,846.6666676329097,35.27777781803794,1.0,0.0,0.0,0.16409042947456856,138.92210606497525,0.96,881.8949868946729,846.619187418886,35.27579947578695,,,,939.3717349881069,2540.0000000873138,2349.5,190.5,2540.0,8.731376510695554e-08,1.0,0.0,0.0,0.39981772078659583,234.84293374702673,0.925,635.0,587.375,47.62499999999997,1.0,0.0,0.0,0.39981772078659583,234.84293374702673,0.925,635.0,587.375,47.62499999999997,1.0,0.0,0.0,0.39981772078659583,234.84293374702673,0.925,635.0,587.375,47.62499999999997,1.0,0.0,0.0,0.39981772078659583,234.84293374702673,0.925,635.0,587.375,47.62499999999997,1.0,,,0.101,237.29950000000002,2349.5,2349.5,0.0,72.8345,0.0,,,296.3333334242851,0.0,127.4233333724426,4.0,1593.472178053441,0.0,-0.0,0.0,183.34490880682893
148,1,149,0.11506,0.0,1593.472178053441,,,,0,0.0,1,2645.833333424285,2645.833333424285,0.0,423.33333334788557,87.84166666968626,0.0,,,416.8009430653341,2645.833333424285,2540.0000000873138,105.83333333697149,2645.8333334242852,0.0,1.0,0.0,0.0,0.16409928916305347,138.94518932463103,0.96,881.9939010786644,846.7141450355178,35.279756043146605,1.0,0.0,0.0,0.16409485927225073,138.9336476757278,0.96,881.9444454509477,846.6666676329097,35.27777781803794,1.0,0.0,0.0,0.16409042947456856,138.92210606497525,0.96,881.8949868946729,846.619187418886,35.27579947578695,,,,939.3717349881069,2540.0000000873138,2349.5,190.5,2540.0,8.731376510695554e-08,1.0,0.0,0.0,0.39981772078659583,234.84293374702673,0.925,635.0,587.375,47.62499999999997,1.0,0.0,0.0,0.39981772078659583,234.84293374702673,0.925,635.0,587.375,47.62499999999997,1.0,0.0,0.0,0.39981772078659583,234.84293374702673,0.925,635.0,587.375,47.62499999999997,1.0,0.0,0.0,0.39981772078659583,234.84293374702673,0.925,635.0,587.375,47.62499999999997,1.0,,,0.101,237.29950000000002,2349.5,2349.5,0.0,72.8345,0.0,,,296.3333334242851,0.0,127.4233333724426,4.0,1593.472178053441,0.0,-0.0,0.0,183.34490880682893
149,1,150,0.11506,0.0,1593.472178053441,,,,0,0.0,1,2645.833333424285,2645.833333424285,0.0,423.33333334788557,87.84166666968626,0.0,,,416.8009430653341,2645.833333424285,2540.0000000873138,105.83333333697149,2645.8333334242852,0.0,1.0,0.0,0.0,0.16409928916305347,138.94518932463103,0.96,881.9939010786644,846.7141450355178,35.279756043146605,1.0,0.0,0.0,0.16409485927225073,138.9336476757278,0.96,881.9444454509477,846.6666676329097,35.27777781803794,1.0,0.0,0.0,0.16409042947456856,138.92210606497525,0.96,881.8949868946729,846.619187418886,35.27579947578695,,,,939.3717349881069,2540.0000000873138,2349.5,190.5,2540.0,8.731376510695554e-08,1.0,0.0,0.0,0.39981772078659583,234.84293374702673,0.925,635.0,587.375,47.62499999999997,1.0,0.0,0.0,0.39981772078659583,234.84293374702673,0.925,635.0,587.375,47.62499999999997,1.0,0.0,0.0,0.39981772078659583,234.84293374702673,0.925,635.0,587.375,47.62499999999997,1.0,0.0,0.0,0.39981772078659583,234.84293374702673,0.925,635.0,587.375,47.62499999999997,1.0,,,0.101,237.29950000000002,2349.5,2349.5,0.0,72.8345,0.0,,,296.3333334242851,0.0,127.4233333724426,4.0,1593.472178053441,0.0,-0.0,0.0,183.34490880682893
150,1,151,0.11506,0.0,1593.472178053441,,,,0,0.0,1,2645.833333424285,2645.833333424285,0.0,423.33333334788557,87.84166666968626,0.0,,,416.8009430653341,2645.833333424285,2540.0000000873138,105.83333333697149,2645.8333334242852,0.0,1.0,0.0,0.0,0.16409928916305347,138.94518932463103,0.96,881.9939010786644,846.7141450355178,35.279756043146605,1.0,0.0,0.0,0.16409485927225073,138.9336476757278,0.96,881.9444454509477,846.6666676329097,35.27777781803794,1.0,0.0,0.0,0.16409042947456856,138.92210606497525,0.96,881.8949868946729,846.619187418886,35.27579947578695,,,,939.3717349881069,2540.0000000873138,2349.5,190.5,2540.0,8.731376510695554e-08,1.0,0.0,0.0,0.39981772078659583,234.84293374702673,0.925,635.0,587.375,47.62499999999997,1.0,0.0,0.0,0.39981772078659583,234.84293374702673,0.925,635.0,587.375,47.62499999999997,1.0,0.0,0.0,0.39981772078659583,234.84293374702673,0.925,635.0,587.375,47.62499999999997,1.0,0.0,0.0,0.39981772078659583,234.84293374702673,0.925,635.0,587.375,47.62499999999997,1.0,,,0.101,237.29950000000002,2349.5,2349.5,0.0,72.8345,0.0,,,296.3333334242851,0.0,127.4233333724426,4.0,1593.472178053441,0.0,-0.0,0.0,183.34490880682893
151,1,152,0.11506,0.0,1593.472178053441,,,,0,0.0,1,2645.833333424285,2645.833333424285,0.0,423.33333334788557,87.84166666968626,0.0,,,416.8009430653341,2645.833333424285,2540.0000000873138,105.83333333697149,2645.8333334242852,0.0,1.0,0.0,0.0,0.16409928916305347,138.94518932463103,0.96,881.9939010786644,846.7141450355178,35.279756043146605,1.0,0.0,0.0,0.16409485927225073,138.9336476757278,0.96,881.9444454509477,846.6666676329097,35.27777781803794,1.0,0.0,0.0,0.16409042947456856,138.92210606497525,0.96,881.8949868946729,846.619187418886,35.27579947578695,,,,939.3717349881069,2540.0000000873138,2349.5,190.5,2540.0,8.731376510695554e-08,1.0,0.0,0.0,0.39981772078659583,234.84293374702673,0.925,635.0,587.375,47.62499999999997,1.0,0.0,0.0,0.39981772078659583,234.84293374702673,0.925,635.0,587.375,47.62499999999997,1.0,0.0,0.0,0.39981772078659583,234.84293374702673,0.925,635.0,587.375,47.62499999999997,1.0,0.0,0.0,0.39981772078659583,234.84293374702673,0.925,635.0,587.375,47.62499999999997,1.0,,,0.101,237.29950000000002,2349.5,2349.5,0.0,72.8345,0.0,,,296.3333334242851,0.0,127.4233333724426,4.0,1593.472178053441,0.0,-0.0,0.0,183.34490880682893
152,1,153,0.07074,0.0,1593.472178053441,,,,0,0.0,1,2645.833333424285,2645.833333424285,0.0,423.33333334788557,87.84166666968626,0.0,,,416.8009430653341,2645.833333424285,2540.0000000873138,105.83333333697149,2645.8333334242852,0.0,1.0,0.0,0.0,0.16409928916305347,138.94518932463103,0.96,881.9939010786644,846.7141450355178,35.279756043146605,1.0,0.0,0.0,0.16409485927225073,138.9336476757278,0.96,881.9444454509477,846.6666676329097,35.27777781803794,1.0,0.0,0.0,0.16409042947456856,138.92210606497525,0.96,881.8949868946729,846.619187418886,35.27579947578695,,,,939.3717349881069,2540.0000000873138,2349.5,190.5,2540.0,8.731376510695554e-08,1.0,0.0,0.0,0.39981772078659583,234.84293374702673,0.925,635.0,587.375,47.62499999999997,1.0,0.0,0.0,0.39981772078659583,234.84293374702673,0.925,635.0,587.375,47.62499999999997,1.0,0.0,0.0,0.39981772078659583,234.84293374702673,0.925,635.0,587.375,47.62499999999997,1.0,0.0,0.0,0.39981772078659583,234.84293374702673,0.925,635.0,587.375,47.62499999999997,1.0,,,0.101,237.29950000000002,2349.5,2349.5,0.0,72.8345,0.0,,,296.3333334242851,0.0,127.4233333724426,4.0,1593.472178053441,0.0,-0.0,0.0,112.72222187550041
153,1,154,0.07074,0.0,1593.472178053441,,,,0,0.0,1,2645.833333424285,2645.833333424285,0.0,423.33333334788557,87.84166666968626,0.0,,,416.8009430653341,2645.833333424285,2540.0000000873138,105.83333333697149,2645.8333334242852,0.0,1.0,0.0,0.0,0.16409928916305347,138.94518932463103,0.96,881.9939010786644,846.7141450355178,35.279756043146605,1.0,0.0,0.0,0.16409485927225073,138.9336476757278,0.96,881.9444454509477,846.6666676329097,35.27777781803794,1.0,0.0,0.0,0.16409042947456856,138.92210606497525,0.96,881.8949868946729,846.619187418886,35.27579947578695,,,,939.3717349881069,2540.0000000873138,2349.5,190.5,2540.0,8.731376510695554e-08,1.0,0.0,0.0,0.39981772078659583,234.84293374702673,0.925,635.0,587.375,47.62499999999997,1.0,0.0,0.0,0.39981772078659583,234.84293374702673,0.925,635.0,587.375,47.62499999999997,1.0,0.0,0.0,0.39981772078659583,234.84293374702673,0.925,635.0,587.375,47.62499999999997,1.0,0.0,0.0,0.39981772078659583,234.84293374702673,0.925,635.0,587.375,47.62499999999997,1.0,,,0.101,237.29950000000002,2349.5,2349.5,0.0,72.8345,0.0,,,296.3333334242851,0.0,127.4233333724426,4.0,1593.472178053441,0.0,-0.0,0.0,112.72222187550041
154,1,155,0.07074,0.0,1593.472178053441,,,,0,0.0,1,2645.833333424285,2645.833333424285,0.0,423.33333334788557,87.84166666968626,0.0,,,416.8009430653341,2645.833333424285,2540.0000000873138,105.83333333697149,2645.8333334242852,0.0,1.0,0.0,0.0,0.16409928916305347,138.94518932463103,0.96,881.9939010786644,846.7141450355178,35.279756043146605,1.0,0.0,0.0,0.16409485927225073,138.9336476757278,0.96,881.9444454509477,846.6666676329097,35.27777781803794,1.0,0.0,0.0,0.16409042947456856,138.92210606497525,0.96,881.8949868946729,846.619187418886,35.27579947578695,,,,939.3717349881069,2540.0000000873138,2349.5,190.5,2540.0,8.731376510695554e-08,1.0,0.0,0.0,0.39981772078659583,234.84293374702673,0.925,635.0,587.375,47.62499999999997,1.0,0.0,0.0,0.39981772078659583,234.84293374702673,0.925,635.0,587.375,47.62499999999997,1.0,0.0,0.0,0.39981772078659583,234.84293374702673,0.925,635.0,587.375,47.62499999999997,1.0,0.0,0.0,0.39981772078659583,234.84293374702673,0.925,635.0,587.375,47.62499999999997,1.0,,,0.101,237.29950000000002,2349.5,2349.5,0.0,72.8345,0.0,,,296.3333334242851,0.0,127.4233333724426,4.0,1593.472178053441,0.0,-0.0,0.0,112.72222187550041
155,1,156,0.07074,0.0,1593.472178053441,,,,0,0.0,1,2645.833333424285,2645.833333424285,0.0,423.33333334788557,87.84166666968626,0.0,,,416.8009430653341,2645.833333424285,2540.0000000873138,105.83333333697149,2645.8333334242852,0.0,1.0,0.0,0.0,0.16409928916305347,138.94518932463103,0.96,881.9939010786644,846.7141450355178,35.279756043146605,1.0,0.0,0.0,0.16409485927225073,138.9336476757278,0.96,881.9444454509477,846.6666676329097,35.27777781803794,1.0,0.0,0.0,0.16409042947456856,138.92210606497525,0.96,881.8949868946729,846.619187418886,35.27579947578695,,,,939.3717349881069,2540.0000000873138,2349.5,190.5,2540.0,8.731376510695554e-08,1.0,0.0,0.0,0.39981772078659583,234.84293374702673,0.925,635.0,587.375,47.62499999999997,1.0,0.0,0.0,0.39981772078659583,234.84293374702673,0.925,635.0,587.375,47.62499999999997,1.0,0.0,0.0,0.39981772078659583,234.84293374702673,0.925,635.0,587.375,47.62499999999997,1.0,0.0,0.0,0.39981772078659583,234.84293374702673,0.925,635.0,587.375,47.62499999999997,1.0,,,0.101,237.29950000000002,2349.5,2349.5,0.0,72.8345,0.0,,,296.3333334242851,0.0,127.4233333724426,4.0,1593.472178053441,0.0,-0.0,0.0,112.72222187550041
156,1,157,0.07074,0.0,1593.472178053441,,,,0,0.0,1,2645.833333424285,2645.833333424285,0.0,423.33333334788557,87.84166666968626,0.0,,,416.8009430653341,2645.833333424285,2540.0000000873138,105.83333333697149,2645.8333334242852,0.0,1.0,0.0,0.0,0.16409928916305347,138.94518932463103,0.96,881.9939010786644,846.7141450355178,35.279756043146605,1.0,0.0,0.0,0.16409485927225073,138.9336476757278,0.96,881.9444454509477,846.6666676329097,35.27777781803794,1.0,0.0,0.0,0.16409042947456856,138.92210606497525,0.96,881.8949868946729,846.619187418886,35.27579947578695,,,,939.3717349881069,2540.0000000873138,2349.5,190.5,2540.0,8.731376510695554e-08,1.0,0.0,0.0,0.39981772078659583,234.84293374702673,0.925,635.0,587.375,47.62499999999997,1.0,0.0,0.0,0.39981772078659583,234.84293374702673,0.925,635.0,587.375,47.62499999999997,1.0,0.0,0.0,0.39981772078659583,234.84293374702673,0.925,635.0,587.375,47.62499999999997,1.0,0.0,0.0,0.39981772078659583,234.84293374702673,0.925,635.0,587.375,47.62499999999997,1.0,,,0.101,237.29950000000002,2349.5,2349.5,0.0,72.8345,0.0,,,296.3333334242851,0.0,127.4233333724426,4.0,1593.472178053441,0.0,-0.0,0.0,112.72222187550041
157,1,158,0.07074,0.0,1593.472178053441,,,,0,0.0,1,2645.833333424285,2645.833333424285,0.0,423.33333334788557,87.84166666968626,0.0,,,416.8009430653341,2645.833333424285,2540.0000000873138,105.83333333697149,2645.8333334242852,0.0,1.0,0.0,0.0,0.16409928916305347,138.94518932463103,0.96,881.9939010786644,846.7141450355178,35.279756043146605,1.0,0.0,0.0,0.16409485927225073,138.9336476757278,0.96,881.9444454509477,846.6666676329097,35.27777781803794,1.0,0.0,0.0,0.16409042947456856,138.92210606497525,0.96,881.8949868946729,846.619187418886,35.27579947578695,,,,939.3717349881069,2540.0000000873138,2349.5,190.5,2540.0,8.731376510695554e-08,1.0,0.0,0.0,0.39981772078659583,234.84293374702673,0.925,635.0,587.375,47.62499999999997,1.0,0.0,0.0,0.39981772078659583,234.84293374702673,0.925,635.0,587.375,47.62499999999997,1.0,0.0,0.0,0.39981772078659583,234.84293374702673,0.925,635.0,587.375,47.62499999999997,1.0,0.0,0.0,0.39981772078659583,234.84293374702673,0.925,635.0,587.375,47.62499999999997,1.0,,,0.101,237.29950000000002,2349.5,2349.5,0.0,72.8345,0.0,,,296.3333334242851,0.0,127.4233333724426,4.0,1593.472178053441,0.0,-0.0,0.0,112.72222187550041
158,1,159,0.07074,0.0,1593.472178053441,,,,0,0.0,1,2645.833333424285,2645.833333424285,0.0,423.33333334788557,87.84166666968626,0.0,,,416.8009430653341,2645.833333424285,2540.0000000873138,105.83333333697149,2645.8333334242852,0.0,1.0,0.0,0.0,0.16409928916305347,138.94518932463103,0.96,881.9939010786644,846.7141450355178,35.279756043146605,1.0,0.0,0.0,0.16409485927225073,138.9336476757278,0.96,881.9444454509477,846.6666676329097,35.27777781803794,1.0,0.0,0.0,0.16409042947456856,138.92210606497525,0.96,881.8949868946729,846.619187418886,35.27579947578695,,,,939.3717349881069,2540.0000000873138,2349.5,190.5,2540.0,8.731376510695554e-08,1.0,0.0,0.0,0.39981772078659583,234.84293374702673,0.925,635.0,587.375,47.62499999999997,1.0,0.0,0.0,0.39981772078659583,234.84293374702673,0.925,635.0,587.375,47.62499999999997,1.0,0.0,0.0,0.39981772078659583,234.84293374702673,0.925,635.0,587.375,47.62499999999997,1.0,0.0,0.0,0.39981772078659583,234.84293374702673,0.925,635.0,587.375,47.62499999999997,1.0,,,0.101,237.29950000000002,2349.5,2349.5,0.0,72.8345,0.0,,,296.3333334242851,0.0,127.4233333724426,4.0,1593.472178053441,0.0,-0.0,0.0,112.72222187550041
159,1,160,0.07074,0.0,1593.472178053441,,,,0,0.0,1,2645.833333424285,2645.833333424285,0.0,423.33333334788557,87.84166666968626,0.0,,,416.8009430653341,2645.833333424285,2540.0000000873138,105.83333333697149,2645.8333334242852,0.0,1.0,0.0,0.0,0.16409928916305347,138.94518932463103,0.96,881.9939010786644,846.7141450355178,35.279756043146605,1.0,0.0,0.0,0.16409485927225073,138.9336476757278,0.96,881.9444454509477,846.6666676329097,35.27777781803794,1.0,0.0,0.0,0.16409042947456856,138.92210606497525,0.96,881.8949868946729,846.619187418886,35.27579947578695,,,,939.3717349881069,2540.0000000873138,2349.5,190.5,2540.0,8.731376510695554e-08,1.0,0.0,0.0,0.39981772078659583,234.84293374702673,0.925,635.0,587.375,47.62499999999997,1.0,0.0,0.0,0.39981772078659583,234.84293374702673,0.925,635.0,587.375,47.62499999999997,1.0,0.0,0.0,0.39981772078659583,234.84293374702673,0.925,635.0,587.375,47.62499999999997,1.0,0.0,0.0,0.39981772078659583,234.84293374702673,0.925,635.0,587.375,47.62499999999997,1.0,,,0.101,237.29950000000002,2349.5,2349.5,0.0,72.8345,0.0,,,296.3333334242851,0.0,127.4233333724426,4.0,1593.472178053441,0.0,-0.0,0.0,112.72222187550041
160,1,161,0.07074,0.0,1593.472178053441,,,,0,0.0,1,2645.833333424285,2645.833333424285,0.0,423.33333334788557,87.84166666968626,0.0,,,416.8009430653341,2645.833333424285,2540.0000000873138,105.83333333697149,2645.8333334242852,0.0,1.0,0.0,0.0,0.16409928916305347,138.94518932463103,0.96,881.9939010786644,846.7141450355178,35.279756043146605,1.0,0.0,0.0,0.16409485927225073,138.9336476757278,0.96,881.9444454509477,846.6666676329097,35.27777781803794,1.0,0.0,0.0,0.16409042947456856,138.92210606497525,0.96,881.8949868946729,846.619187418886,35.27579947578695,,,,939.3717349881069,2540.0000000873138,2349.5,190.5,2540.0,8.731376510695554e-08,1.0,0.0,0.0,0.39981772078659583,234.84293374702673,0.925,635.0,587.375,47.62499999999997,1.0,0.0,0.0,0.39981772078659583,234.84293374702673,0.925,635.0,587.375,47.62499999999997,1.0,0.0,0.0,0.39981772078659583,234.84293374702673,0.925,635.0,587.375,47.62499999999997,1.0,0.0,0.0,0.39981772078659583,234.84293374702673,0.925,635.0,587.375,47.62499999999997,1.0,,,0.101,237.29950000000002,2349.5,2349.5,0.0,72.8345,0.0,,,296.3333334242851,0.0,127.4233333724426,4.0,1593.472178053441,0.0,-0.0,0.0,112.72222187550041
161,1,162,0.11566,0.0,1593.472178053441,,,,0,0.0,1,2645.833333424285,2645.833333424285,0.0,423.33333334788557,87.84166666968626,0.0,,,416.80094306533397,2645.833333424285,2540.0000000873138,105.83333333697149,2645.8333334242852,0.0,1.0,0.0,0.0,0.16409928916305347,138.94518932463103,0.96,881.9939010786644,846.7141450355178,35.279756043146605,1.0,0.0,0.0,0.16409485927225073,138.9336476757278,0.96,881.9444454509477,846.6666676329097,35.27777781803794,1.0,0.0,0.0,0.16409042947456856,138.92210606497525,0.96,881.8949868946729,846.619187418886,35.27579947578695,,,,939.3717349881069,2540.0000000873138,2349.5,190.5,2540.0,8.731376510695554e-08,1.0,0.0,0.0,0.39981772078659583,234.84293374702673,0.925,635.0,587.375,47.62499999999997,1.0,0.0,0.0,0.39981772078659583,234.84293374702673,0.925,635.0,587.375,47.62499999999997,1.0,0.0,0.0,0.39981772078659583,234.84293374702673,0.925,635.0,587.375,47.62499999999997,1.0,0.0,0.0,0.39981772078659583,234.84293374702673,0.925,635.0,587.375,47.62499999999997,1.0,,,0.101,237.29950000000002,2349.5,2349.5,0.0,72.8345,0.0,,,296.3333334242851,0.0,127.4233333724426,4.0,1593.472178053441,0.0,-0.0,0.0,184.30099211366098
162,1,163,0.11566,0.0,1593.472178053441,,,,0,0.0,1,2645.833333424285,2645.833333424285,0.0,423.33333334788557,87.84166666968626,0.0,,,416.80094306533397,2645.833333424285,2540.0000000873138,105.83333333697149,2645.8333334242852,0.0,1.0,0.0,0.0,0.16409928916305347,138.94518932463103,0.96,881.9939010786644,846.7141450355178,35.279756043146605,1.0,0.0,0.0,0.16409485927225073,138.9336476757278,0.96,881.9444454509477,846.6666676329097,35.27777781803794,1.0,0.0,0.0,0.16409042947456856,138.92210606497525,0.96,881.8949868946729,846.619187418886,35.27579947578695,,,,939.3717349881069,2540.0000000873138,2349.5,190.5,2540.0,8.731376510695554e-08,1.0,0.0,0.0,0.39981772078659583,234.84293374702673,0.925,635.0,587.375,47.62499999999997,1.0,0.0,0.0,0.39981772078659583,234.84293374702673,0.925,635.0,587.375,47.62499999999997,1.0,0.0,0.0,0.39981772078659583,234.84293374702673,0.925,635.0,587.375,47.62499999999997,1.0,0.0,0.0,0.39981772078659583,234.84293374702673,0.925,635.0,587.375,47.62499999999997,1.0,,,0.101,237.29950000000002,2349.5,2349.5,0.0,72.8345,0.0,,,296.3333334242851,0.0,127.4233333724426,4.0,1593.472178053441,0.0,-0.0,0.0,184.30099211366098
163,1,164,0.11566,0.0,1593.472178053441,,,,0,0.0,1,2645.833333424285,2645.833333424285,0.0,423.33333334788557,87.84166666968626,0.0,,,416.80094306533397,2645.833333424285,2540.0000000873138,105.83333333697149,2645.8333334242852,0.0,1.0,0.0,0.0,0.16409928916305347,138.94518932463103,0.96,881.9939010786644,846.7141450355178,35.279756043146605,1.0,0.0,0.0,0.16409485927225073,138.9336476757278,0.96,881.9444454509477,846.6666676329097,35.27777781803794,1.0,0.0,0.0,0.16409042947456856,138.92210606497525,0.96,881.8949868946729,846.619187418886,35.27579947578695,,,,939.3717349881069,2540.0000000873138,2349.5,190.5,2540.0,8.731376510695554e-08,1.0,0.0,0.0,0.39981772078659583,234.84293374702673,0.925,635.0,587.375,47.62499999999997,1.0,0.0,0.0,0.39981772078659583,234.84293374702673,0.925,635.0,587.375,47.62499999999997,1.0,0.0,0.0,0.39981772078659583,234.84293374702673,0.925,635.0,587.375,47.62499999999997,1.0,0.0,0.0,0.39981772078659583,234.84293374702673,0.925,635.0,587.375,47.62499999999997,1.0,,,0.101,237.29950000000002,2349.5,2349.5,0.0,72.8345,0.0,,,296.3333334242851,0.0,127.4233333724426,4.0,1593.472178053441,0.0,-0.0,0.0,184.30099211366098
164,1,165,0.11566,0.0,1593.472178053441,,,,0,0.0,1,2645.833333424285,2645.833333424285,0.0,423.33333334788557,87.84166666968626,0.0,,,416.80094306533397,2645.833333424285,2540.0000000873138,105.83333333697149,2645.8333334242852,0.0,1.0,0.0,0.0,0.16409928916305347,138.94518932463103,0.96,881.9939010786644,846.7141450355178,35.279756043146605,1.0,0.0,0.0,0.16409485927225073,138.9336476757278,0.96,881.9444454509477,846.6666676329097,35.27777781803794,1.0,0.0,0.0,0.16409042947456856,138.92210606497525,0.96,881.8949868946729,846.619187418886,35.27579947578695,,,,939.3717349881069,2540.0000000873138,2349.5,190.5,2540.0,8.731376510695554e-08,1.0,0.0,0.0,0.39981772078659583,234.84293374702673,0.925,635.0,587.375,47.62499999999997,1.0,0.0,0.0,0.39981772078659583,234.84293374702673,0.925,635.0,587.375,47.62499999999997,1.0,0.0,0.0,0.39981772078659583,234.84293374702673,0.925,635.0,587.375,47.62499999999997,1.0,0.0,0.0,0.39981772078659583,234.84293374702673,0.925,635.0,587.375,47.62499999999997,1.0,,,0.101,237.29950000000002,2349.5,2349.5,0.0,72.8345,0.0,,,296.3333334242851,0.0,127.4233333724426,4.0,1593.472178053441,0.0,-0.0,0.0,184.30099211366098
165,1,166,0.11566,0.0,1593.472178053441,,,,0,0.0,1,2645.833333424285,2645.833333424285,0.0,423.33333334788557,87.84166666968626,0.0,,,416.80094306533397,2645.833333424285,2540.0000000873138,105.83333333697149,2645.8333334242852,0.0,1.0,0.0,0.0,0.16409928916305347,138.94518932463103,0.96,881.9939010786644,846.7141450355178,35.279756043146605,1.0,0.0,0.0,0.16409485927225073,138.9336476757278,0.96,881.9444454509477,846.6666676329097,35.27777781803794,1.0,0.0,0.0,0.16409042947456856,138.92210606497525,0.96,881.8949868946729,846.619187418886,35.27579947578695,,,,939.3717349881069,2540.0000000873138,2349.5,190.5,2540.0,8.731376510695554e-08,1.0,0.0,0.0,0.39981772078659583,234.84293374702673,0.925,635.0,587.375,47.62499999999997,1.0,0.0,0.0,0.39981772078659583,234.84293374702673,0.925,635.0,587.375,47.62499999999997,1.0,0.0,0.0,0.39981772078659583,234.84293374702673,0.925,635.0,587.375,47.62499999999997,1.0,0.0,0.0,0.39981772078659583,234.84293374702673,0.925,635.0,587.375,47.62499999999997,1.0,,,0.101,237.29950000000002,2349.5,2349.5,0.0,72.8345,0.0,,,296.3333334242851,0.0,127.4233333724426,4.0,1593.472178053441,0.0,-0.0,0.0,184.30099211366098
166,1,167,0.11506,0.0,1593.472178053441,,,,0,0.0,1,2645.833333424285,2645.833333424285,0.0,423.33333334788557,87.84166666968626,0.0,,,416.8009430653341,2645.833333424285,2540.0000000873138,105.83333333697149,2645.8333334242852,0.0,1.0,0.0,0.0,0.16409928916305347,138.94518932463103,0.96,881.9939010786644,846.7141450355178,35.279756043146605,1.0,0.0,0.0,0.16409485927225073,138.9336476757278,0.96,881.9444454509477,846.6666676329097,35.27777781803794,1.0,0.0,0.0,0.16409042947456856,138.92210606497525,0.96,881.8949868946729,846.619187418886,35.27579947578695,,,,939.3717349881069,2540.0000000873138,2349.5,190.5,2540.0,8.731376510695554e-08,1.0,0.0,0.0,0.39981772078659583,234.84293374702673,0.925,635.0,587.375,47.62499999999997,1.0,0.0,0.0,0.39981772078659583,234.84293374702673,0.925,635.0,587.375,47.62499999999997,1.0,0.0,0.0,0.39981772078659583,234.84293374702673,0.925,635.0,587.375,47.62499999999997,1.0,0.0,0.0,0.39981772078659583,234.84293374702673,0.925,635.0,587.375,47.62499999999997,1.0,,,0.101,237.29950000000002,2349.5,2349.5,0.0,72.8345,0.0,,,296.3333334242851,0.0,127.4233333724426,4.0,1593.472178053441,0.0,-0.0,0.0,183.34490880682893
167,1,168,0.11506,0.0,1593.472178053441,,,,0,0.0,1,2645.833333424285,2645.833333424285,0.0,423.33333334788557,87.84166666968626,0.0,,,416.8009430653341,2645.833333424285,2540.0000000873138,105.83333333697149,2645.8333334242852,0.0,1.0,0.0,0.0,0.16409928916305347,138.94518932463103,0.96,881.9939010786644,846.7141450355178,35.279756043146605,1.0,0.0,0.0,0.16409485927225073,138.9336476757278,0.96,881.9444454509477,846.6666676329097,35.27777781803794,1.0,0.0,0.0,0.16409042947456856,138.92210606497525,0.96,881.8949868946729,846.619187418886,35.27579947578695,,,,939.3717349881069,2540.0000000873138,2349.5,190.5,2540.0,8.731376510695554e-08,1.0,0.0,0.0,0.39981772078659583,234.84293374702673,0.925,635.0,587.375,47.62499999999997,1.0,0.0,0.0,0.39981772078659583,234.84293374702673,0.925,635.0,587.375,47.62499999999997,1.0,0.0,0.0,0.39981772078659583,234.84293374702673,0.925,635.0,587.375,47.62499999999997,1.0,0.0,0.0,0.39981772078659583,234.84293374702673,0.925,635.0,587.375,47.62499999999997,1.0,,,0.101,237.29950000000002,2349.5,2349.5,0.0,72.8345,0.0,,,296.3333334242851,0.0,127.4233333724426,4.0,1593.472178053441,0.0,-0.0,0.0,183.34490880682893
