,Day,Time,LMP,bypass_pretreatment_flow,power_from_grid,intake.op_mode,intake.startup,intake.shutdown,intake.energy_intensity,intake.power_consumption,intake.recovery,intake.feed_flowrate,intake.product_flowrate,intake.reject_flowrate,intake.feed_cost,intake.chemical_cost,pretreatment.op_mode,pretreatment.startup,pretreatment.shutdown,pretreatment.power_consumption,pretreatment.feed_flowrate,pretreatment.product_flowrate,pretreatment.reject_flowrate,pretreatment.inlet_flowrate,pretreatment.leftover_flow,pretreatment.uf_pumps[1].op_mode,pretreatment.uf_pumps[1].startup,pretreatment.uf_pumps[1].shutdown,pretreatment.uf_pumps[1].energy_intensity,pretreatment.uf_pumps[1].power_consumption,pretreatment.uf_pumps[1].recovery,pretreatment.uf_pumps[1].feed_flowrate,pretreatment.uf_pumps[1].product_flowrate,pretreatment.uf_pumps[1].reject_flowrate,pretreatment.uf_pumps[2].op_mode,pretreatment.uf_pumps[2].startup,pretreatment.uf_pumps[2].shutdown,pretreatment.uf_pumps[2].energy_intensity,pretreatment.uf_pumps[2].power_consumption,pretreatment.uf_pumps[2].recovery,pretreatment.uf_pumps[2].feed_flowrate,pretreatment.uf_pumps[2].product_flowrate,pretreatment.uf_pumps[2].reject_flowrate,pretreatment.uf_pumps[3].op_mode,pretreatment.uf_pumps[3].startup,pretreatment.uf_pumps[3].shutdown,pretreatment.uf_pumps[3].energy_intensity,pretreatment.uf_pumps[3].power_consumption,pretreatment.uf_pumps[3].recovery,pretreatment.uf_pumps[3].feed_flowrate,pretreatment.uf_pumps[3].product_flowrate,pretreatment.uf_pumps[3].reject_flowrate,reverse_osmosis.op_mode,reverse_osmosis.startup,reverse_osmosis.shutdown,reverse_osmosis.power_consumption,reverse_osmosis.feed_flowrate,reverse_osmosis.product_flowrate,reverse_osmosis.reject_flowrate,reverse_osmosis.inlet_flowrate,reverse_osmosis.leftover_flow,reverse_osmosis.ro_skid[1].op_mode,reverse_osmosis.ro_skid[1].startup,reverse_osmosis.ro_skid[1].shutdown,reverse_osmosis.ro_skid[1].energy_intensity,reverse_osmosis.ro_skid[1].power_consumption,reverse_osmosis.ro_skid[1].recovery,reverse_osmosis.ro_skid[1].feed_flowrate,reverse_osmosis.ro_skid[1].product_flowrate,reverse_osmosis.ro_skid[1].reject_flowrate,reverse_osmosis.ro_skid[2].op_mode,reverse_osmosis.ro_skid[2].startup,reverse_osmosis.ro_skid[2].shutdown,reverse_osmosis.ro_skid[2].energy_intensity,reverse_osmosis.ro_skid[2].power_consumption,reverse_osmosis.ro_skid[2].recovery,reverse_osmosis.ro_skid[2].feed_flowrate,reverse_osmosis.ro_skid[2].product_flowrate,reverse_osmosis.ro_skid[2].reject_flowrate,reverse_osmosis.ro_skid[3].op_mode,reverse_osmosis.ro_skid[3].startup,reverse_osmosis.ro_skid[3].shutdown,reverse_osmosis.ro_skid[3].energy_intensity,reverse_osmosis.ro_skid[3].power_consumption,reverse_osmosis.ro_skid[3].recovery,reverse_osmosis.ro_skid[3].feed_flowrate,reverse_osmosis.ro_skid[3].product_flowrate,reverse_osmosis.ro_skid[3].reject_flowrate,reverse_osmosis.ro_skid[4].op_mode,reverse_osmosis.ro_skid[4].startup,reverse_osmosis.ro_skid[4].shutdown,reverse_osmosis.ro_skid[4].energy_intensity,reverse_osmosis.ro_skid[4].power_consumption,reverse_osmosis.ro_skid[4].recovery,reverse_osmosis.ro_skid[4].feed_flowrate,reverse_osmosis.ro_skid[4].product_flowrate,reverse_osmosis.ro_skid[4].reject_flowrate,posttreatment.op_mode,posttreatment.startup,posttreatment.shutdown,posttreatment.energy_intensity,posttreatment.power_consumption,posttreatment.feed_flowrate,posttreatment.product_flowrate,posttreatment.reject_flowrate,posttreatment.chemical_cost,brine_discharge.op_mode,brine_discharge.startup,brine_discharge.shutdown,brine_discharge.feed_flowrate,brine_discharge.power_consumption,brine_discharge.brine_cost,num_skids_online,net_power_consumption,water_revenue,demand_response_revenue,emissions_cost,energy_cost
0,1,1,0.105754717,0.0,1459.4828977696159,,,,0,0.0,1,2500.0,2500.0,0.0,400.0,83.0,0.0,,,385.06564458542243,2500.0,2400.0,100.0,2500.0,0.0,1.0,0.0,0.0,0.16229912820604273,134.10176375840706,0.96,860.6906197980412,826.2629950061196,34.42762479192168,1.0,0.0,0.0,0.16002103082853786,127.34738807456989,0.96,828.9755950046439,795.8165712044581,33.159023800185786,1.0,0.0,0.0,0.15890634489478903,123.61649275244548,0.96,810.3337851973127,777.9204337894203,32.41335140789254,,,,850.1972531841935,2400.0,2220.0,180.0,2400.0,0.0,1.0,-0.0,0.0,0.3829717356685548,212.54931329604764,0.925,600.0,555.0,45.0,1.0,0.0,0.0,0.3829717356685548,212.54931329604793,0.925,600.0,555.0,45.0,1.0,0.0,0.0,0.38297173566855564,212.5493132960488,0.925,600.0,555.0,45.0,1.0,0.0,0.0,0.38297173566855586,212.54931329604912,0.925,600.0,555.0,45.0,1.0,,,0.101,224.22000000000003,2220.0,2220.0,0.0,68.82,-0.0,,,280.0,0.0,120.4,4.0,1459.4828977696159,0.0,-0.0,0.0,154.34720081996565
1,1,2,0.105566038,0.0,1459.4828977696154,,,,0,0.0,1,2500.0,2500.0,0.0,400.0,83.0,0.0,,,385.0656445854228,2500.0,2400.0,100.0,2500.0,0.0,1.0,0.0,0.0,0.1622991282060428,134.10176375840726,0.96,860.6906197980422,826.2629950061205,34.42762479192172,1.0,0.0,0.0,0.16002103082853777,127.34738807457003,0.96,828.9755950046454,795.8165712044595,33.15902380018584,1.0,0.0,0.0,0.15890634489478903,123.61649275244548,0.96,810.3337851973127,777.9204337894203,32.41335140789254,,,,850.1972531841927,2400.0,2220.0,180.0,2400.0,0.0,1.0,-0.0,0.0,0.3829717356685548,212.54931329604793,0.925,600.0,555.0,45.0,1.0,0.0,0.0,0.3829717356685548,212.54931329604784,0.925,600.0,555.0,45.0,1.0,0.0,0.0,0.38297173566855525,212.54931329604833,0.925,600.0,555.0,45.0,1.0,0.0,0.0,0.38297173566855486,212.54931329604864,0.925,600.0,555.0,45.0,1.0,,,0.101,224.22000000000003,2220.0,2220.0,0.0,68.82,0.0,,,280.0,0.0,120.4,4.0,1459.4828977696154,0.0,-0.0,0.0,154.07182704629733
2,1,3,0.106066038,0.0,1459.4828977696166,,,,0,0.0,1,2500.0,2500.0,0.0,400.0,83.0,0.0,,,385.0656445854228,2500.0,2400.0,100.0,2500.0,0.0,1.0,0.0,0.0,0.1622991282060428,134.10176375840726,0.96,860.6906197980422,826.2629950061205,34.42762479192172,1.0,0.0,0.0,0.16002103082853777,127.34738807457003,0.96,828.9755950046454,795.8165712044595,33.15902380018584,1.0,0.0,0.0,0.15890634489478903,123.61649275244548,0.96,810.3337851973127,777.9204337894203,32.41335140789254,,,,850.1972531841938,2400.0,2220.0,180.0,2400.0,0.0,1.0,-0.0,0.0,0.3829717356685548,212.54931329604793,0.925,600.0,555.0,45.0,1.0,0.0,0.0,0.38297173566855464,212.5493132960478,0.925,600.0,555.0,45.0,1.0,0.0,0.0,0.38297173566855486,212.5493132960489,0.925,600.0,555.0,45.0,1.0,0.0,0.0,0.3829717356685559,212.54931329604918,0.925,600.0,555.0,45.0,1.0,,,0.101,224.22000000000003,2220.0,2220.0,0.0,68.82,0.0,,,280.0,0.0,120.4,4.0,1459.4828977696166,0.0,-0.0,0.0,154.80156849518227
3,1,4,0.107207547,0.0,1459.4828977696095,,,,0,0.0,1,2500.0,2500.0,0.0,400.0,83.0,0.0,,,385.0656445854206,2500.0,2400.0,100.0,2500.0,0.0,1.0,0.0,0.0,0.162299128206042,134.10176375840507,0.96,860.6906197980325,826.2629950061112,34.42762479192133,1.0,0.0,0.0,0.16002103082853777,127.34738807457003,0.96,828.9755950046454,795.8165712044595,33.15902380018584,1.0,0.0,0.0,0.1589063448947891,123.61649275244557,0.96,810.3337851973127,777.9204337894203,32.41335140789254,,,,850.1972531841889,2400.0,2220.0,180.0,2400.0,0.0,1.0,-0.0,0.0,0.38297173566855175,212.5493132960458,0.925,600.0,555.0,45.0,1.0,0.0,0.0,0.3829717356685511,212.54931329604585,0.925,600.0,555.0,45.0,1.0,0.0,0.0,0.38297173566855475,212.54931329604798,0.925,600.0,555.0,45.0,1.0,0.0,0.0,0.38297173566855486,212.54931329604926,0.925,600.0,555.0,45.0,1.0,,,0.101,224.22000000000003,2220.0,2220.0,0.0,68.82,0.0,,,280.0,0.0,120.4,4.0,1459.4828977696095,0.0,-0.0,0.0,156.4675813583316
4,1,5,0.109981132,0.0,1459.4828977696034,,,,0,0.0,1,2500.0,2500.0,0.0,400.0,83.0,0.0,,,385.0656445854173,2500.0,2400.0,100.0,2500.0,0.0,1.0,0.0,0.0,0.1622991282060408,134.1017637584017,0.96,860.6906197980171,826.2629950060964,34.427624791920714,1.0,0.0,0.0,0.16002103082853777,127.34738807457003,0.96,828.9755950046454,795.8165712044595,33.15902380018584,1.0,0.0,0.0,0.1589063448947891,123.61649275244557,0.96,810.3337851973127,777.9204337894203,32.41335140789254,,,,850.197253184186,2400.0,2220.0,180.0,2400.0,0.0,1.0,-0.0,0.0,0.382971735668551,212.54931329604352,0.925,600.0,555.0,45.0,1.0,0.0,0.0,0.38297173566855075,212.54931329604506,0.925,600.0,555.0,45.0,1.0,0.0,-0.0,0.38297173566855486,212.54931329604867,0.925,600.0,555.0,45.0,1.0,0.0,-0.0,0.3829717356685556,212.54931329604884,0.925,600.0,555.0,45.0,1.0,,,0.101,224.22000000000003,2220.0,2220.0,0.0,68.82,0.0,,,280.0,0.0,120.4,4.0,1459.4828977696034,0.0,-0.0,0.0,160.51558123134126
5,1,6,0.115301887,0.0,1459.4828977696075,,,,0,0.0,1,2500.0,2500.0,0.0,400.0,83.0,0.0,,,385.0656445854173,2500.0,2400.0,100.0,2500.0,0.0,1.0,0.0,0.0,0.1622991282060408,134.1017637584017,0.96,860.6906197980171,826.2629950060964,34.427624791920714,1.0,0.0,0.0,0.16002103082853777,127.34738807457003,0.96,828.9755950046454,795.8165712044595,33.15902380018584,1.0,0.0,0.0,0.1589063448947891,123.61649275244557,0.96,810.3337851973127,777.9204337894203,32.41335140789254,,,,850.1972531841901,2400.0,2220.0,180.0,2400.0,0.0,1.0,-0.0,0.0,0.38297173566855175,212.54931329604622,0.925,600.0,555.0,45.0,1.0,0.0,0.0,0.3829717356685548,212.54931329604761,0.925,600.0,555.0,45.0,1.0,0.0,-0.0,0.3829717356685549,212.54931329604798,0.9249999999999999,600.0,555.0,45.0,1.0,0.0,-0.0,0.38297173566855514,212.54931329604824,0.925,600.0,555.0,45.0,1.0,,,0.101,224.22000000000003,2220.0,2220.0,0.0,68.82,0.0,,,280.0,0.0,120.4,4.0,1459.4828977696075,0.0,-0.0,0.0,168.28113215706384
6,1,7,0.104735849,0.0,1459.4828977696395,,,,0,0.0,1,2500.0,2500.0,0.0,400.0,83.0,0.0,,,385.0656445854513,2500.0,2400.0,100.0,2500.0,0.0,1.0,0.0,0.0,0.1622991282060408,134.1017637584017,0.96,860.6906197980171,826.2629950060964,34.427624791920714,1.0,0.0,0.0,0.16002103082858035,127.34738807460403,0.96,828.975595004646,795.8165712044602,33.15902380018587,1.0,0.0,-0.0,0.1589063448947891,123.61649275244557,0.96,810.3337851973127,777.9204337894203,32.41335140789254,,,,850.1972531841881,2400.0,2220.0,180.0,2400.0,0.0,1.0,-0.0,0.0,0.3829717356685466,212.54931329604335,0.925,600.0,555.0,45.0,1.0,0.0,0.0,0.38297173566855425,212.54931329604761,0.925,600.0,555.0,45.0,1.0,0.0,-0.0,0.38297173566855486,212.5493132960484,0.925,600.0,555.0,45.0,1.0,0.0,-0.0,0.38297173566855486,212.54931329604867,0.925,600.0,555.0,45.0,1.0,,,0.101,224.22000000000003,2220.0,2220.0,0.0,68.82,0.0,,,280.0,0.0,120.4,4.0,1459.4828977696395,0.0,-0.0,0.0,152.86018039888341
7,1,8,0.098216981,0.0,1459.4828977696445,,,,0,0.0,1,2500.0,2500.0,0.0,400.0,83.0,0.0,,,385.06564458545506,2500.0,2400.0,100.0,2500.0,0.0,1.0,0.0,0.0,0.16229912820604217,134.1017637584055,0.96,860.6906197980342,826.2629950061128,34.427624791921396,1.0,0.0,0.0,0.16002103082858035,127.34738807460403,0.96,828.975595004646,795.8165712044602,33.15902380018587,1.0,0.0,-0.0,0.1589063448947891,123.61649275244557,0.96,810.3337851973127,777.9204337894203,32.41335140789254,,,,850.1972531841893,2400.0,2220.0,180.0,2400.0,0.0,1.0,-0.0,0.0,0.3829717356685466,212.54931329604335,0.925,600.0,555.0,45.0,1.0,0.0,0.0,0.38297173566855425,212.54931329604761,0.925,600.0,555.0,45.0,1.0,0.0,-0.0,0.38297173566855486,212.54931329604912,0.925,600.0,555.0,45.0,1.0,0.0,-0.0,0.3829717356685549,212.54931329604926,0.925,600.0,555.0,45.0,1.0,,,0.101,224.22000000000003,2220.0,2220.0,0.0,68.82,0.0,,,280.0,0.0,120.4,4.0,1459.4828977696445,0.0,-0.0,0.0,143.3460040400661
8,1,9,0.091320755,0.0,1459.4828977696477,,,,0,0.0,1,2500.0,2500.0,0.0,400.0,83.0,0.0,,,385.06564458545506,2500.0,2400.0,100.0,2500.0,0.0,1.0,0.0,0.0,0.16229912820604217,134.1017637584055,0.96,860.6906197980342,826.2629950061128,34.427624791921396,1.0,0.0,0.0,0.16002103082858035,127.34738807460403,0.96,828.975595004646,795.8165712044602,33.15902380018587,1.0,0.0,-0.0,0.1589063448947891,123.61649275244557,0.96,810.3337851973127,777.9204337894203,32.41335140789254,,,,850.1972531841927,2400.0,2220.0,180.0,2400.0,0.0,1.0,-0.0,0.0,0.38297173566855125,212.54931329604594,0.925,600.0,555.0,45.0,1.0,0.0,0.0,0.38297173566855425,212.54931329604761,0.925,600.0,555.0,45.0,1.0,0.0,-0.0,0.38297173566855486,212.5493132960496,0.925,600.0,555.0,45.0,1.0,0.0,-0.0,0.3829717356685549,212.5493132960496,0.925,600.0,555.0,45.0,1.0,,,0.101,224.22000000000003,2220.0,2220.0,0.0,68.82,0.0,,,280.0,0.0,120.4,4.0,1459.4828977696477,0.0,-0.0,0.0,133.28108013391204
9,1,10,0.081169811,0.0,1459.4828977696504,,,,0,0.0,1,2500.0,2500.0,0.0,400.0,83.0,0.0,,,385.0656445854564,2500.0,2400.0,100.0,2500.0,0.0,1.0,0.0,0.0,0.16229912820604267,134.1017637584068,0.96,860.6906197980401,826.2629950061184,34.42762479192163,1.0,0.0,0.0,0.16002103082858035,127.34738807460403,0.96,828.975595004646,795.8165712044602,33.15902380018587,1.0,0.0,-0.0,0.1589063448947891,123.61649275244557,0.96,810.3337851973127,777.9204337894203,32.41335140789254,,,,850.197253184194,2400.0,2220.0,180.0,2400.0,0.0,1.0,-0.0,0.0,0.38297173566855125,212.54931329604594,0.925,600.0,555.0,45.0,1.0,0.0,0.0,0.38297173566855447,212.54931329604773,0.925,600.0,555.0,45.0,1.0,0.0,-0.0,0.3829717356685566,212.5493132960501,0.925,600.0,555.0,45.0,1.0,0.0,-0.0,0.3829717356685549,212.5493132960503,0.925,600.0,555.0,45.0,1.0,,,0.101,224.22000000000003,2220.0,2220.0,0.0,68.82,0.0,,,280.0,0.0,120.4,4.0,1459.4828977696504,0.0,-0.0,0.0,118.46595096969484
10,1,11,0.079603774,0.0,1459.4828977696513,,,,0,0.0,1,2500.0,2500.0,0.0,400.0,83.0,0.0,,,385.0656445854564,2500.0,2400.0,100.0,2500.0,0.0,1.0,0.0,0.0,0.16229912820604267,134.1017637584068,0.96,860.6906197980401,826.2629950061184,34.42762479192163,1.0,0.0,0.0,0.16002103082858035,127.34738807460403,0.96,828.975595004646,795.8165712044602,33.15902380018587,1.0,0.0,-0.0,0.1589063448947891,123.61649275244557,0.96,810.3337851973127,777.9204337894203,32.41335140789254,,,,850.1972531841948,2400.0,2220.0,180.0,2400.0,0.0,1.0,-0.0,0.0,0.38297173566855125,212.54931329604594,0.925,600.0,555.0,45.0,1.0,0.0,0.0,0.38297173566855425,212.54931329604761,0.925,600.0,555.0,45.0,1.0,0.0,-0.0,0.38297173566855486,212.54931329605057,0.925,600.0,555.0,45.0,1.0,0.0,-0.0,0.3829717356685549,212.54931329605074,0.925,600.0,555.0,45.0,1.0,,,0.101,224.22000000000003,2220.0,2220.0,0.0,68.82,0.0,,,280.0,0.0,120.4,4.0,1459.4828977696513,0.0,-0.0,0.0,116.18034675092044
11,1,12,0.07840566,0.0,1459.4828977696523,,,,0,0.0,1,2500.0,2500.0,0.0,400.0,83.0,0.0,,,385.0656445854564,2500.0,2400.0,100.0,2500.0,0.0,1.0,0.0,0.0,0.16229912820604267,134.1017637584068,0.96,860.6906197980401,826.2629950061184,34.42762479192163,1.0,0.0,0.0,0.16002103082858035,127.34738807460403,0.96,828.975595004646,795.8165712044602,33.15902380018587,1.0,0.0,-0.0,0.1589063448947891,123.61649275244557,0.96,810.3337851973127,777.9204337894203,32.41335140789254,,,,850.1972531841959,2400.0,2220.0,180.0,2400.0,0.0,1.0,-0.0,0.0,0.38297173566855125,212.54931329604594,0.925,600.0,555.0,45.0,1.0,0.0,0.0,0.38297173566855425,212.54931329604761,0.925,600.0,555.0,45.0,1.0,0.0,-0.0,0.3829717356685573,212.54931329605105,0.925,600.0,555.0,45.0,1.0,0.0,-0.0,0.3829717356685549,212.54931329605125,0.925,600.0,555.0,45.0,1.0,,,0.101,224.22000000000003,2220.0,2220.0,0.0,68.82,0.0,,,280.0,0.0,120.4,4.0,1459.4828977696523,0.0,-0.0,0.0,114.43171985834212
12,1,13,0.08359434,0.0,1459.4828977696554,,,,0,0.0,1,2500.0,2500.0,0.0,400.0,83.0,0.0,,,385.0656445854564,2500.0,2400.0,100.0,2500.0,0.0,1.0,0.0,0.0,0.16229912820604267,134.1017637584068,0.96,860.6906197980401,826.2629950061184,34.42762479192163,1.0,0.0,0.0,0.16002103082858035,127.34738807460403,0.96,828.975595004646,795.8165712044602,33.15902380018587,1.0,0.0,-0.0,0.1589063448947891,123.61649275244557,0.96,810.3337851973127,777.9204337894203,32.41335140789254,,,,850.197253184199,2400.0,2220.0,180.0,2400.0,0.0,1.0,-0.0,0.0,0.382971735668555,212.54931329604804,0.925,600.0,555.0,45.0,1.0,0.0,0.0,0.38297173566855425,212.54931329604761,0.925,600.0,555.0,45.0,1.0,0.0,-0.0,0.38297173566855486,212.5493132960515,0.925,600.0,555.0,45.0,1.0,0.0,-0.0,0.3829717356685549,212.54931329605174,0.925,600.0,555.0,45.0,1.0,,,0.101,224.22000000000003,2220.0,2220.0,0.0,68.82,0.0,,,280.0,0.0,120.4,4.0,1459.4828977696554,0.0,-0.0,0.0,122.00450958034182
13,1,14,0.088679245,0.0,1459.4828977696563,,,,0,0.0,1,2500.0,2500.0,0.0,400.0,83.0,0.0,,,385.0656445854564,2500.0,2400.0,100.0,2500.0,0.0,1.0,0.0,0.0,0.16229912820604267,134.1017637584068,0.96,860.6906197980401,826.2629950061184,34.42762479192163,1.0,0.0,0.0,0.16002103082858035,127.34738807460403,0.96,828.975595004646,795.8165712044602,33.15902380018587,1.0,0.0,-0.0,0.1589063448947891,123.61649275244557,0.96,810.3337851973127,777.9204337894203,32.41335140789254,,,,850.1972531842,2400.0,2220.0,180.0,2400.0,0.0,1.0,-0.0,0.0,0.382971735668555,212.54931329604804,0.925,600.0,555.0,45.0,1.0,0.0,0.0,0.38297173566855447,212.54931329604773,0.925,600.0,555.0,45.0,1.0,0.0,-0.0,0.38297173566855486,212.54931329605196,0.925,600.0,555.0,45.0,1.0,0.0,-0.0,0.3829717356685582,212.5493132960522,0.925,600.0,555.0,45.0,1.0,,,0.101,224.22000000000003,2220.0,2220.0,0.0,68.82,0.0,,,280.0,0.0,120.4,4.0,1459.4828977696563,0.0,-0.0,0.0,129.4258414646253
14,1,15,0.09604717,0.0,1459.4828977696232,,,,0,0.0,1,2500.0,2500.0,0.0,400.0,83.0,0.0,,,385.06564458542255,2500.0,2400.0,100.0,2500.0,0.0,1.0,0.0,0.0,0.16229912820604267,134.1017637584068,0.96,860.6906197980401,826.2629950061184,34.42762479192163,1.0,0.0,0.0,0.16002103082853786,127.34738807457013,0.96,828.9755950046456,795.8165712044597,33.15902380018585,1.0,0.0,-0.0,0.1589063448947891,123.61649275244557,0.96,810.3337851973127,777.9204337894203,32.41335140789254,,,,850.1972531842007,2400.0,2220.0,180.0,2400.0,0.0,1.0,-0.0,0.0,0.382971735668555,212.54931329604804,0.925,600.0,555.0,45.0,1.0,0.0,0.0,0.38297173566855425,212.54931329604761,0.925,600.0,555.0,45.0,1.0,0.0,-0.0,0.38297173566855836,212.54931329605242,0.925,600.0,555.0,45.0,1.0,0.0,-0.0,0.3829717356685585,212.5493132960526,0.925,600.0,555.0,45.0,1.0,,,0.101,224.22000000000003,2220.0,2220.0,0.0,68.82,0.0,,,280.0,0.0,120.4,4.0,1459.4828977696232,0.0,-0.0,0.0,140.17920199417162
15,1,16,0.097943396,0.0,1459.4828977696122,,,,0,0.0,1,2500.0,2500.0,0.0,400.0,83.0,0.0,,,385.06564458542255,2500.0,2400.0,100.0,2500.0,0.0,1.0,0.0,0.0,0.16229912820604267,134.1017637584068,0.96,860.6906197980401,826.2629950061184,34.42762479192163,1.0,0.0,0.0,0.16002103082853786,127.34738807457013,0.96,828.9755950046456,795.8165712044597,33.15902380018585,1.0,0.0,-0.0,0.1589063448947891,123.61649275244557,0.96,810.3337851973127,777.9204337894203,32.41335140789254,,,,850.1972531841897,2400.0,2220.0,180.0,2400.0,0.0,1.0,-0.0,0.0,0.3829717356685548,212.54931329604804,0.925,600.0,555.0,45.0,1.0,0.0,0.0,0.38297173566855425,212.54931329604761,0.925,600.0,555.0,45.0,1.0,0.0,-0.0,0.3829717356685548,212.54931329604813,0.925,600.0,555.0,45.0,1.0,0.0,-0.0,0.3829717356685511,212.54931329604585,0.924999999999999,600.0,555.0,45.0,1.0,,,0.101,224.22000000000003,2220.0,2220.0,0.0,68.82,0.0,,,280.0,0.0,120.4,4.0,1459.4828977696122,0.0,-0.0,0.0,142.94671141147666
16,1,17,0.115075472,0.0,737.8253198115199,,,,0,0.0,1,1250.0,1250.0,0.0,200.0,41.5,0.0,,,200.6166932194238,1250.0,1200.0,50.0,1250.0,0.0,1.0,0.0,0.0,0.1622991282060421,134.1017637584054,0.96,860.6906197980342,826.2629950061128,34.427624791921396,1.0,0.0,0.0,0.17797255442261145,66.5149294610184,0.96,389.30938020196584,373.7370049938872,15.572375208078647,-0.0,0.0,1.0,0.271,0.0,0.96,0.0,0.0,0.0,,,,425.0986265920961,1200.0,1110.0,90.0,1200.0,0.0,1.0,-0.0,0.0,0.3829717356685548,212.54931329604804,0.925,600.0,555.0,45.0,1.0,0.0,0.0,0.3829717356685548,212.54931329604804,0.925,600.0,555.0,45.0,-0.0,0.0,1.0,0.08724817754776784,0.0,0.8800000000000001,0.0,0.0,0.0,-0.0,0.0,1.0,0.08724817754776784,0.0,0.8800000000000001,0.0,0.0,0.0,1.0,,,0.101,112.11000000000001,1110.0,1110.0,0.0,34.41,0.0,,,140.0,0.0,60.2,2.0,737.8253198115199,0.0,0.0,0.0,84.9055969308616
17,1,18,3.574311321,0.0,0.0,,,,0,0.0,1,0.0,0.0,0.0,0.0,0.0,0.0,,,0.0,0.0,0.0,0.0,0.0,0.0,-0.0,0.0,1.0,0.271,0.0,0.96,0.0,0.0,0.0,-0.0,0.0,1.0,0.271,0.0,0.96,0.0,0.0,0.0,-0.0,0.0,-0.0,0.271,0.0,0.96,0.0,0.0,0.0,,,,0.0,0.0,0.0,0.0,0.0,0.0,-0.0,0.0,1.0,0.08724817754776784,0.0,0.8800000000000001,0.0,0.0,0.0,-0.0,0.0,1.0,0.08724817754776784,0.0,0.8800000000000001,0.0,0.0,0.0,-0.0,0.0,-0.0,0.08724817754776784,0.0,0.8800000000000001,0.0,0.0,0.0,-0.0,0.0,-0.0,0.08724817754776784,0.0,0.8800000000000001,0.0,0.0,0.0,1.0,,,0.101,0.0,0.0,0.0,0.0,0.0,0.0,,,0.0,0.0,0.0,-0.0,0.0,0.0,0.0,0.0,0.0
18,1,19,4.734849057,0.0,0.0,,,,0,0.0,1,0.0,0.0,0.0,0.0,0.0,0.0,,,0.0,0.0,0.0,0.0,0.0,0.0,-0.0,0.0,-0.0,0.271,0.0,0.96,0.0,0.0,0.0,-0.0,0.0,-0.0,0.271,0.0,0.96,0.0,0.0,0.0,-0.0,0.0,-0.0,0.271,0.0,0.96,0.0,0.0,0.0,,,,0.0,0.0,0.0,0.0,0.0,0.0,-0.0,0.0,-0.0,0.08724817754776784,0.0,0.8800000000000001,0.0,0.0,0.0,-0.0,0.0,0.0,0.08724817754776784,0.0,0.8800000000000001,0.0,0.0,0.0,-0.0,0.0,-0.0,0.08724817754776784,0.0,0.8800000000000001,0.0,0.0,0.0,-0.0,0.0,-0.0,0.08724817754776784,0.0,0.8800000000000001,0.0,0.0,0.0,1.0,,,0.101,0.0,0.0,0.0,0.0,0.0,0.0,,,0.0,0.0,0.0,-0.0,0.0,0.0,0.0,0.0,0.0
19,1,20,2.383122642,0.0,0.0,,,,0,0.0,1,0.0,0.0,0.0,0.0,0.0,0.0,,,0.0,0.0,0.0,0.0,0.0,0.0,-0.0,0.0,-0.0,0.271,0.0,0.96,0.0,0.0,0.0,-0.0,0.0,-0.0,0.271,0.0,0.96,0.0,0.0,0.0,-0.0,0.0,-0.0,0.271,0.0,0.96,0.0,0.0,0.0,,,,0.0,0.0,0.0,0.0,0.0,0.0,-0.0,-0.0,-0.0,0.08724817754776784,0.0,0.8800000000000001,0.0,0.0,0.0,-0.0,0.0,0.0,0.08724817754776784,0.0,0.8800000000000001,0.0,0.0,0.0,-0.0,0.0,-0.0,0.08724817754776784,0.0,0.8800000000000001,0.0,0.0,0.0,-0.0,0.0,-0.0,0.08724817754776784,0.0,0.8800000000000001,0.0,0.0,0.0,1.0,,,0.101,0.0,0.0,0.0,0.0,0.0,-0.0,,,0.0,0.0,0.0,-0.0,0.0,0.0,0.0,0.0,0.0
20,1,21,0.713028302,0.0,0.0,,,,0,0.0,1,0.0,0.0,0.0,0.0,0.0,0.0,,,0.0,0.0,0.0,0.0,0.0,0.0,-0.0,0.0,0.0,0.271,0.0,0.96,0.0,0.0,0.0,-0.0,0.0,0.0,0.27099999999999996,0.0,0.96,0.0,0.0,0.0,-0.0,0.0,-0.0,0.271,0.0,0.96,0.0,0.0,0.0,,,,0.0,0.0,0.0,0.0,0.0,0.0,0.0,-0.0,-0.0,0.08724817754776784,0.0,0.8800000000000001,0.0,0.0,0.0,0.0,0.0,0.0,0.08724817754776784,0.0,0.8800000000000001,0.0,0.0,0.0,-0.0,0.0,-0.0,0.08724817754776784,0.0,0.8800000000000001,0.0,0.0,0.0,-0.0,0.0,-0.0,0.08724817754776784,0.0,0.8800000000000001,0.0,0.0,0.0,1.0,,,0.101,0.0,0.0,0.0,0.0,0.0,-0.0,,,0.0,0.0,0.0,0.0,0.0,0.0,0.0,0.0,0.0
21,1,22,0.145283019,0.0,0.0,,,,0,0.0,1,0.0,0.0,0.0,0.0,0.0,0.0,,,0.0,0.0,0.0,0.0,0.0,0.0,-0.0,0.0,0.0,0.271,0.0,0.96,0.0,0.0,0.0,-0.0,0.0,0.0,0.271,0.0,0.96,0.0,0.0,0.0,-0.0,0.0,-0.0,0.271,0.0,0.96,0.0,0.0,0.0,,,,0.0,0.0,0.0,0.0,0.0,0.0,0.0,-0.0,0.0,0.08724817754776784,0.0,0.8800000000000001,0.0,0.0,0.0,0.0,0.0,0.0,0.08724817754776784,0.0,0.8800000000000001,0.0,0.0,0.0,-0.0,0.0,-0.0,0.08724817754776784,0.0,0.8800000000000001,0.0,0.0,0.0,-0.0,0.0,-0.0,0.08724817754776784,0.0,0.8800000000000001,0.0,0.0,0.0,1.0,,,0.101,0.0,0.0,0.0,0.0,0.0,-0.0,,,0.0,0.0,0.0,0.0,0.0,0.0,0.0,0.0,0.0
22,1,23,0.113698113,0.0,569.0854844078752,,,,0,0.0,1,1083.3336062953056,1083.3336062953056,0.0,173.33337700724888,35.966675729004145,0.0,,,167.74156084140827,1083.3336062953056,1040.0002620434934,43.333344251812264,1083.3336062953056,0.0,1.0,1.0,0.0,0.16128231799666223,83.88293847663456,0.96,541.7708648940011,520.100030298241,21.670834595760063,1.0,1.0,0.0,0.16129752834167593,83.85862236477372,0.96,541.5627414013045,519.9002317452523,21.662509656052197,-0.0,0.0,-0.0,0.271,0.0,0.96,0.0,0.0,0.0,,,,308.9087235664673,1040.0002620434934,915.2,124.8,1040.0,0.00026204349342151545,1.0,1.0,0.0,0.33753138501580776,154.45436178323365,0.88,520.0,457.6,62.4,1.0,1.0,0.0,0.33753138501580776,154.45436178323365,0.88,520.0,457.6,62.4,-0.0,0.0,-0.0,0.08724817754776784,0.0,0.8800000000000001,0.0,0.0,0.0,-0.0,0.0,-0.0,0.08724817754776784,0.0,0.8800000000000001,0.0,0.0,0.0,0.0,,,0.101,92.43519999999971,915.2,0.0,915.2,28.37119999999991,1.0,,,1083.3336062953026,0.0,465.8334507069801,2.0,569.0854844078752,0.0,0.0,0.0,64.70394571286634
23,1,24,0.109745283,0.0,569.0854844078752,,,,0,0.0,1,1083.3336062953056,1083.3336062953056,0.0,173.33337700724888,35.966675729004145,0.0,,,167.74156084140827,1083.3336062953056,1040.0002620434934,43.333344251812264,1083.3336062953056,0.0,1.0,0.0,0.0,0.16128231799666223,83.88293847663456,0.96,541.7708648940011,520.100030298241,21.670834595760063,1.0,0.0,0.0,0.16129752834167593,83.85862236477372,0.96,541.5627414013045,519.9002317452523,21.662509656052197,-0.0,0.0,-0.0,0.271,0.0,0.96,0.0,0.0,0.0,,,,308.9087235664673,1040.0002620434934,915.2,124.8,1040.0,0.00026204349342151545,1.0,-0.0,0.0,0.33753138501580776,154.45436178323365,0.88,520.0,457.6,62.4,1.0,0.0,0.0,0.33753138501580776,154.45436178323365,0.88,520.0,457.6,62.4,-0.0,0.0,-0.0,0.08724817754776784,0.0,0.8800000000000001,0.0,0.0,0.0,-0.0,0.0,-0.0,0.08724817754776784,0.0,0.8800000000000001,0.0,0.0,0.0,0.0,,,0.101,92.43519999999971,915.2,0.0,915.2,28.37119999999991,1.0,,,1083.3336062953026,0.0,465.8334507069801,2.0,569.0854844078752,0.0,0.0,0.0,62.45444753753436
24,1,25,0.105754717,0.0,1460.0749286118623,,,,0,0.0,1,2500.001474432803,2500.001474432803,0.0,400.00023590924854,83.00004895116906,0.0,,,385.6568527104476,2500.001474432803,2400.001415455491,100.00005897731222,2500.001474432803,0.0,1.0,0.0,0.0,0.16238054054882223,134.32835743226164,0.96,861.7126895399256,827.2441819583286,34.46850758159705,1.0,0.0,0.0,0.1618135625476662,132.7325466443915,0.96,854.4590901057031,820.280726501475,34.17836360422815,1.0,1.0,-0.0,0.15760751004346515,118.5959486337944,0.96,783.8296947871745,752.4765069956875,31.35318779148701,,,,850.197943662492,2400.001415455491,2220.0013092962654,180.00010615915653,2400.001415455422,0.0,1.0,-0.0,0.0,0.3829719059881216,212.54953317932873,0.925,600.0003538638546,555.0003273240656,45.00002653978902,1.0,0.0,0.0,0.382971905988133,212.54953317933519,0.925,600.0003538638549,555.0003273240658,45.00002653978913,1.0,1.0,-0.0,0.3829717356685549,212.54943865191376,0.925,600.0003538638554,555.0003273240662,45.00002653978913,1.0,1.0,-0.0,0.38297173566855486,212.5494386519143,0.925,600.000353863857,555.0003273240677,45.000026539789246,1.0,,,0.101,224.22013223892282,2220.0013092962654,2220.0013092962654,0.0,68.82004058818423,0.0,,,280.0001651365379,0.0,120.40007100871128,4.0,1460.0749286118623,0.0,-0.0,0.0,154.4098108741427
25,1,26,0.105566038,0.0,1460.0751176667195,,,,0,0.0,1,2500.0014744328028,2500.0014744328028,0.0,400.00023590924843,83.00004895116905,0.0,,,385.6568527104474,2500.0014744328028,2400.0014154554906,100.0000589773122,2500.0014744328028,0.0,1.0,0.0,0.0,0.16238054054882223,134.32835743226164,0.96,861.7126895399256,827.2441819583286,34.46850758159705,1.0,0.0,0.0,0.1618135625476662,132.7325466443915,0.96,854.4590901057031,820.280726501475,34.17836360422815,1.0,0.0,-0.0,0.1576075100434651,118.59594863379425,0.96,783.8296947871738,752.4765069956868,31.35318779148698,,,,850.1981327173501,2400.0014154554906,2220.001309296257,180.00010615915585,2400.001415455413,0.0,1.0,-0.0,0.0,0.3829719059881305,212.54953317933382,0.925,600.0003538638314,555.0003273240441,45.000026539787314,1.0,0.0,0.0,0.3829719059881329,212.549533179335,0.925,600.0003538638545,555.0003273240654,45.00002653978902,1.0,0.0,-0.0,0.38297190598813635,212.54953317933928,0.925,600.0003538638613,555.0003273240717,45.00002653978959,1.0,0.0,-0.0,0.3829719059881385,212.54953317934206,0.925,600.0003538638657,555.0003273240758,45.00002653978993,1.0,,,0.101,224.220132238922,2220.001309296257,2220.001309296257,0.0,68.82004058818397,0.0,,,280.0001651365458,0.0,120.40007100871468,4.0,1460.0751176667195,0.0,-0.0,0.0,154.13434535445938
26,1,27,0.106066038,0.0,1460.075117666722,,,,0,0.0,1,2500.0014744328028,2500.0014744328028,0.0,400.00023590924843,83.00004895116905,0.0,,,385.6568527104474,2500.0014744328028,2400.0014154554906,100.0000589773122,2500.0014744328028,0.0,1.0,0.0,0.0,0.16238054054882223,134.32835743226164,0.96,861.7126895399256,827.2441819583286,34.46850758159705,1.0,0.0,0.0,0.1618135625476662,132.7325466443915,0.96,854.4590901057031,820.280726501475,34.17836360422815,1.0,0.0,-0.0,0.1576075100434651,118.59594863379425,0.96,783.8296947871738,752.4765069956868,31.35318779148698,,,,850.1981327173522,2400.0014154554906,2220.00130929626,180.00010615915608,2400.001415455416,0.0,1.0,-0.0,0.0,0.38297190598813274,212.54953317933524,0.925,600.0003538638314,555.0003273240441,45.000026539787314,1.0,0.0,0.0,0.3829719059881328,212.5495331793368,0.925,600.0003538638598,555.0003273240703,45.000026539789474,1.0,0.0,-0.0,0.38297190598813574,212.5495331793386,0.925,600.0003538638603,555.0003273240708,45.000026539789474,1.0,0.0,-0.0,0.3829719059881382,212.54953317934152,0.925,600.0003538638647,555.0003273240749,45.000026539789815,1.0,,,0.101,224.22013223892228,2220.00130929626,2220.00130929626,0.0,68.82004058818406,0.0,,,280.0001651365428,0.0,120.40007100871341,4.0,1460.075117666722,0.0,-0.0,0.0,154.864382913293
27,1,28,0.107207547,0.0,1460.075117666772,,,,0,0.0,1,2500.0014744328028,2500.0014744328028,0.0,400.00023590924843,83.00004895116905,0.0,,,385.6568527104474,2500.0014744328028,2400.0014154554906,100.0000589773122,2500.0014744328028,0.0,1.0,0.0,0.0,0.16238054054882223,134.32835743226164,0.96,861.7126895399256,827.2441819583286,34.46850758159705,1.0,0.0,0.0,0.1618135625476662,132.7325466443915,0.96,854.4590901057031,820.280726501475,34.17836360422815,1.0,0.0,-0.0,0.1576075100434651,118.59594863379425,0.96,783.8296947871738,752.4765069956868,31.35318779148698,,,,850.1981327173964,2400.0014154554906,2220.001309296317,180.00010615916062,2400.0014154554774,0.0,1.0,-0.0,0.0,0.3829719059881375,212.5495331793414,0.925,600.0003538638314,555.0003273240441,45.000026539787314,1.0,0.0,0.0,0.3829719059881354,212.54953317934016,0.925,600.0003538638651,555.0003273240753,45.000026539789815,1.0,0.0,-0.0,0.3829719059881465,212.54953317935238,0.925,600.0003538638823,555.0003273240911,45.00002653979118,1.0,0.0,-0.0,0.3829719059881544,212.5495331793625,0.925,600.0003538638985,555.0003273241061,45.000026539792316,1.0,,,0.101,224.22013223892802,2220.001309296317,2220.001309296317,0.0,68.82004058818582,0.0,,,280.000165136486,0.0,120.40007100868897,4.0,1460.075117666772,0.0,-0.0,0.0,156.53107180079098
28,1,29,0.109981132,0.0,1460.0751176667652,,,,0,0.0,1,2500.0014744328028,2500.0014744328028,0.0,400.00023590924843,83.00004895116905,0.0,,,385.6568527104474,2500.0014744328028,2400.0014154554906,100.0000589773122,2500.0014744328028,0.0,1.0,0.0,0.0,0.16238054054882223,134.32835743226164,0.96,861.7126895399256,827.2441819583286,34.46850758159705,1.0,0.0,0.0,0.1618135625476662,132.7325466443915,0.96,854.4590901057031,820.280726501475,34.17836360422815,1.0,0.0,-0.0,0.1576075100434651,118.59594863379425,0.96,783.8296947871738,752.4765069956868,31.35318779148698,,,,850.1981327173909,2400.0014154554906,2220.0013092963054,180.0001061591597,2400.0014154554647,0.0,1.0,-0.0,0.0,0.38297190598813813,212.5495331793437,0.925,600.0003538638314,555.0003273240441,45.000026539787314,1.0,0.0,0.0,0.38297190598813796,212.54953317934346,0.925,600.0003538638705,555.0003273240802,45.00002653979027,1.0,0.0,-0.0,0.382971905988146,212.54953317935176,0.925,600.0003538638813,555.0003273240902,45.000026539791065,1.0,0.0,-0.0,0.38297190598814607,212.5495331793519,0.925,600.0003538638816,555.0003273240906,45.000026539791065,1.0,,,0.101,224.22013223892685,2220.0013092963054,2220.0013092963054,0.0,68.82004058818546,0.0,,,280.0001651364978,0.0,120.40007100869406,4.0,1460.0751176667652,0.0,-0.0,0.0,160.58071424602403
29,1,30,0.115301887,0.0,1460.0751176667707,,,,0,0.0,1,2500.0014744328028,2500.0014744328028,0.0,400.00023590924843,83.00004895116905,0.0,,,385.6568527104474,2500.0014744328028,2400.0014154554906,100.0000589773122,2500.0014744328028,0.0,1.0,0.0,0.0,0.16238054054882223,134.32835743226164,0.96,861.7126895399256,827.2441819583286,34.46850758159705,1.0,0.0,0.0,0.1618135625476662,132.7325466443915,0.96,854.4590901057031,820.280726501475,34.17836360422815,1.0,0.0,-0.0,0.1576075100434651,118.59594863379425,0.96,783.8296947871738,752.4765069956868,31.35318779148698,,,,850.198132717396,2400.0014154554906,2220.001309296308,180.00010615915994,2400.0014154554683,0.0,1.0,-0.0,0.0,0.3829719059881404,212.54953317934516,0.925,600.0003538638314,555.0003273240441,45.000026539787314,1.0,0.0,0.0,0.3829719059881431,212.54953317934823,0.925,600.0003538638758,555.0003273240852,45.00002653979061,1.0,0.0,-0.0,0.3829719059881457,212.54953317935122,0.925,600.0003538638803,555.0003273240893,45.00002653979095,1.0,0.0,-0.0,0.3829719059881456,212.5495331793513,0.925,600.0003538638807,555.0003273240897,45.000026539791065,1.0,,,0.101,224.22013223892714,2220.001309296308,2220.001309296308,0.0,68.82004058818555,0.0,,,280.0001651364944,0.0,120.40007100869259,4.0,1460.0751176667707,0.0,-0.0,0.0,168.34941622872572
30,1,31,0.104735849,0.0,1460.0751176667777,,,,0,0.0,1,2500.0014744328028,2500.0014744328028,0.0,400.00023590924843,83.00004895116905,0.0,,,385.6568527104474,2500.0014744328028,2400.0014154554906,100.0000589773122,2500.0014744328028,0.0,1.0,0.0,0.0,0.16238054054882223,134.32835743226164,0.96,861.7126895399256,827.2441819583286,34.46850758159705,1.0,0.0,0.0,0.1618135625476662,132.7325466443915,0.96,854.4590901057031,820.280726501475,34.17836360422815,1.0,0.0,-0.0,0.1576075100434651,118.59594863379425,0.96,783.8296947871738,752.4765069956868,31.35318779148698,,,,850.198132717402,2400.0014154554906,2220.00130929632,180.00010615916096,2400.0014154554806,0.0,1.0,-0.0,0.0,0.38297190598813813,212.5495331793437,0.925,600.0003538638314,555.0003273240441,45.000026539787314,1.0,0.0,0.0,0.3829719059881399,212.54953317934454,0.925,600.0003538638705,555.0003273240802,45.00002653979027,1.0,0.0,-0.0,0.38297190598815395,212.54953317936176,0.925,600.0003538638972,555.0003273241049,45.000026539792316,1.0,0.0,-0.0,0.38297190598814623,212.54953317935204,0.925,600.0003538638817,555.0003273240907,45.000026539791065,1.0,,,0.101,224.22013223892833,2220.00130929632,2220.00130929632,0.0,68.82004058818592,0.0,,,280.00016513648313,0.0,120.40007100868775,4.0,1460.0751176667777,0.0,-0.0,0.0,152.92220705260488
31,1,32,0.098216981,0.0,1460.0751176667857,,,,0,0.0,1,2500.0014744328028,2500.0014744328028,0.0,400.00023590924843,83.00004895116905,0.0,,,385.6568527104474,2500.0014744328028,2400.0014154554906,100.0000589773122,2500.0014744328028,0.0,1.0,0.0,0.0,0.16238054054882223,134.32835743226164,0.96,861.7126895399256,827.2441819583286,34.46850758159705,1.0,0.0,0.0,0.1618135625476662,132.7325466443915,0.96,854.4590901057031,820.280726501475,34.17836360422815,1.0,0.0,-0.0,0.1576075100434651,118.59594863379425,0.96,783.8296947871738,752.4765069956868,31.35318779148698,,,,850.1981327174083,2400.0014154554906,2220.001309296336,180.00010615916233,2400.0014154554983,0.0,1.0,-0.0,0.0,0.3829719059881356,212.54953317934033,0.925,600.0003538638314,555.0003273240441,45.000026539787314,1.0,0.0,0.0,0.38297190598813763,212.54953317934303,0.925,600.0003538638699,555.0003273240796,45.00002653979027,1.0,0.0,-0.0,0.3829719059881621,212.5495331793723,0.925,600.0003538639141,555.0003273241206,45.000026539793566,1.0,0.0,-0.0,0.3829719059881467,212.54953317935264,0.925,600.0003538638828,555.0003273240916,45.00002653979118,1.0,,,0.101,224.22013223892995,2220.001309296336,2220.001309296336,0.0,68.82004058818642,0.0,,,280.00016513646676,0.0,120.40007100868071,4.0,1460.0751176667857,0.0,-0.0,0.0,143.40417009045146
32,1,33,0.091320755,0.0,1460.0751176667827,,,,0,0.0,1,2500.0014744328028,2500.0014744328028,0.0,400.00023590924843,83.00004895116905,0.0,,,385.6568527104474,2500.0014744328028,2400.0014154554906,100.0000589773122,2500.0014744328028,0.0,1.0,0.0,0.0,0.16238054054882223,134.32835743226164,0.96,861.7126895399256,827.2441819583286,34.46850758159705,1.0,0.0,0.0,0.1618135625476662,132.7325466443915,0.96,854.4590901057031,820.280726501475,34.17836360422815,1.0,0.0,-0.0,0.1576075100434651,118.59594863379425,0.96,783.8296947871738,752.4765069956868,31.35318779148698,,,,850.1981327174053,2400.0014154554906,2220.0013092963363,180.00010615916221,2400.001415455499,0.0,1.0,-0.0,0.0,0.3829719059881329,212.54953317933698,0.925,600.0003538638314,555.0003273240441,45.000026539787314,1.0,0.0,0.0,0.3829719059881351,212.5495331793397,0.925,600.0003538638645,555.0003273240746,45.000026539789815,1.0,0.0,-0.0,0.3829719059881623,212.5495331793728,0.925,600.0003538639152,555.0003273241216,45.000026539793566,1.0,0.0,-0.0,0.38297190598814934,212.54953317935585,0.925,600.0003538638877,555.0003273240961,45.00002653979152,1.0,,,0.101,224.22013223892998,2220.0013092963363,2220.0013092963363,0.0,68.82004058818643,0.0,,,280.0001651364662,0.0,120.40007100868046,4.0,1460.0751176667827,0.0,-0.0,0.0,133.33516210204445
33,1,34,0.081169811,0.0,1460.075117666781,,,,0,0.0,1,2500.0014744328028,2500.0014744328028,0.0,400.00023590924843,83.00004895116905,0.0,,,385.6568527104474,2500.0014744328028,2400.0014154554906,100.0000589773122,2500.0014744328028,0.0,1.0,0.0,0.0,0.16238054054882223,134.32835743226164,0.96,861.7126895399256,827.2441819583286,34.46850758159705,1.0,0.0,0.0,0.1618135625476662,132.7325466443915,0.96,854.4590901057031,820.280726501475,34.17836360422815,1.0,0.0,-0.0,0.1576075100434651,118.59594863379425,0.96,783.8296947871738,752.4765069956868,31.35318779148698,,,,850.1981327174034,2400.0014154554906,2220.0013092963372,180.00010615916221,2400.0014154554992,0.0,1.0,-0.0,0.0,0.3829719059881323,212.54953317933473,0.925,600.0003538638314,555.0003273240441,45.000026539787314,1.0,0.0,0.0,0.38297190598813247,212.54953317933638,0.925,600.0003538638591,555.0003273240698,45.00002653978936,1.0,0.0,-0.0,0.3829719059881628,212.5495331793734,0.925,600.0003538639162,555.0003273241225,45.00002653979368,1.0,0.0,-0.0,0.38297190598815156,212.54953317935883,0.925,600.0003538638925,555.0003273241007,45.00002653979186,1.0,,,0.101,224.22013223893006,2220.0013092963372,2220.0013092963372,0.0,68.82004058818646,0.0,,,280.00016513646574,0.0,120.40007100868027,4.0,1460.075117666781,0.0,-0.0,0.0,118.51402134681535
34,1,35,0.079603774,0.0,1460.0751176667359,,,,0,0.0,1,2500.0014744328028,2500.0014744328028,0.0,400.00023590924843,83.00004895116905,0.0,,,385.6568527104474,2500.0014744328028,2400.0014154554906,100.0000589773122,2500.0014744328028,0.0,1.0,0.0,0.0,0.16238054054882223,134.32835743226164,0.96,861.7126895399256,827.2441819583286,34.46850758159705,1.0,0.0,0.0,0.1618135625476662,132.7325466443915,0.96,854.4590901057031,820.280726501475,34.17836360422815,1.0,0.0,-0.0,0.1576075100434651,118.59594863379425,0.96,783.8296947871738,752.4765069956868,31.35318779148698,,,,850.1981327173644,2400.0014154554906,2220.001309296279,180.00010615915767,2400.001415455437,0.0,1.0,-0.0,0.0,0.382971905988132,212.54953317933436,0.925,600.0003538638314,555.0003273240441,45.000026539787314,1.0,0.0,0.0,0.3829719059881299,212.54953317933305,0.925,600.0003538638538,555.0003273240648,45.00002653978902,1.0,0.0,-0.0,0.38297190598813524,212.54953317933763,0.925,600.0003538638583,555.000327324069,45.00002653978936,1.0,0.0,-0.0,0.38297190598815184,212.5495331793593,0.925,600.0003538638935,555.0003273241015,45.000026539791975,1.0,,,0.101,224.2201322389242,2220.001309296279,2220.001309296279,0.0,68.82004058818465,0.0,,,280.0001651365235,0.0,120.4000710087051,4.0,1460.0751176667359,0.0,-0.0,0.0,116.22748968976626
35,1,36,0.07840566,0.0,1460.0751176667673,,,,0,0.0,1,2500.0014744328028,2500.0014744328028,0.0,400.00023590924843,83.00004895116905,0.0,,,385.6568527104474,2500.0014744328028,2400.0014154554906,100.0000589773122,2500.0014744328028,0.0,1.0,0.0,0.0,0.16238054054882223,134.32835743226164,0.96,861.7126895399256,827.2441819583286,34.46850758159705,1.0,0.0,0.0,0.1618135625476662,132.7325466443915,0.96,854.4590901057031,820.280726501475,34.17836360422815,1.0,0.0,-0.0,0.1576075100434651,118.59594863379425,0.96,783.8296947871738,752.4765069956868,31.35318779148698,,,,850.1981327173917,2400.0014154554906,2220.00130929632,180.00010615916096,2400.001415455481,0.0,1.0,-0.0,0.0,0.38297190598812975,212.54953317933288,0.925,600.0003538638314,555.0003273240441,45.000026539787314,1.0,0.0,0.0,0.3829719059881542,212.5495331793625,0.925,600.0003538638988,555.0003273241064,45.00002653979243,1.0,0.0,-0.0,0.38297190598814335,212.54953317934815,0.925,600.0003538638753,555.0003273240847,45.00002653979061,1.0,0.0,-0.0,0.3829719059881432,212.5495331793482,0.925,600.0003538638757,555.0003273240851,45.00002653979061,1.0,,,0.101,224.22013223892833,2220.00130929632,2220.00130929632,0.0,68.82004058818592,0.0,,,280.0001651364827,0.0,120.40007100868755,4.0,1460.0751176667673,0.0,-0.0,0.0,114.47815325024055
36,1,37,0.08359434,0.0,1460.0751176667625,,,,0,0.0,1,2500.0014744328028,2500.0014744328028,0.0,400.00023590924843,83.00004895116905,0.0,,,385.6568527104474,2500.0014744328028,2400.0014154554906,100.0000589773122,2500.0014744328028,0.0,1.0,0.0,0.0,0.16238054054882223,134.32835743226164,0.96,861.7126895399256,827.2441819583286,34.46850758159705,1.0,0.0,0.0,0.1618135625476662,132.7325466443915,0.96,854.4590901057031,820.280726501475,34.17836360422815,1.0,0.0,-0.0,0.1576075100434651,118.59594863379425,0.96,783.8296947871738,752.4765069956868,31.35318779148698,,,,850.1981327173871,2400.0014154554906,2220.001309296317,180.00010615916074,2400.0014154554774,0.0,1.0,-0.0,0.0,0.38297190598812914,212.5495331793306,0.925,600.0003538638314,555.0003273240441,45.000026539787314,1.0,0.0,0.0,0.3829719059881516,212.54953317935912,0.925,600.0003538638933,555.0003273241014,45.000026539791975,1.0,0.0,-0.0,0.38297190598814357,212.5495331793486,0.925,600.0003538638763,555.0003273240856,45.000026539790724,1.0,0.0,-0.0,0.3829719059881436,212.54953317934877,0.925,600.0003538638766,555.0003273240859,45.000026539790724,1.0,,,0.101,224.22013223892802,2220.001309296317,2220.001309296317,0.0,68.82004058818582,0.0,,,280.0001651364861,0.0,120.40007100868901,4.0,1460.0751176667625,0.0,-0.0,0.0,122.05401581177536
37,1,38,0.088679245,0.0,1460.0751176667818,,,,0,0.0,1,2500.0014744328028,2500.0014744328028,0.0,400.00023590924843,83.00004895116905,0.0,,,385.6568527104474,2500.0014744328028,2400.0014154554906,100.0000589773122,2500.0014744328028,0.0,1.0,0.0,0.0,0.16238054054882223,134.32835743226164,0.96,861.7126895399256,827.2441819583286,34.46850758159705,1.0,0.0,0.0,0.1618135625476662,132.7325466443915,0.96,854.4590901057031,820.280726501475,34.17836360422815,1.0,0.0,-0.0,0.1576075100434651,118.59594863379425,0.96,783.8296947871738,752.4765069956868,31.35318779148698,,,,850.1981327174036,2400.0014154554906,2220.001309296343,180.00010615916278,2400.0014154555056,0.0,1.0,-0.0,0.0,0.38297190598812686,212.54953317932913,0.925,600.0003538638314,555.0003273240441,45.000026539787314,1.0,0.0,0.0,0.382971905988149,212.54953317935576,0.925,600.0003538638879,555.0003273240964,45.00002653979152,1.0,0.0,-0.0,0.382971905988152,212.5495331793593,0.925,600.0003538638932,555.0003273241012,45.000026539791975,1.0,0.0,-0.0,0.382971905988152,212.54953317935937,0.925,600.0003538638935,555.0003273241015,45.000026539791975,1.0,,,0.101,224.22013223893066,2220.001309296343,2220.001309296343,0.0,68.82004058818664,0.0,,,280.00016513645994,0.0,120.40007100867777,4.0,1460.0751176667818,0.0,-0.0,0.0,129.47835907797636
38,1,39,0.09604717,0.0,1460.0751176667666,,,,0,0.0,1,2500.0014744328028,2500.0014744328028,0.0,400.00023590924843,83.00004895116905,0.0,,,385.6568527104474,2500.0014744328028,2400.0014154554906,100.0000589773122,2500.0014744328028,0.0,1.0,0.0,0.0,0.16238054054882223,134.32835743226164,0.96,861.7126895399256,827.2441819583286,34.46850758159705,1.0,0.0,0.0,0.1618135625476662,132.7325466443915,0.96,854.4590901057031,820.280726501475,34.17836360422815,1.0,0.0,-0.0,0.1576075100434651,118.59594863379425,0.96,783.8296947871738,752.4765069956868,31.35318779148698,,,,850.1981327173899,2400.0014154554906,2220.00130929633,180.00010615916187,2400.001415455492,0.0,1.0,-0.0,0.0,0.3829719059881243,212.5495331793258,0.925,600.0003538638314,555.0003273240441,45.000026539787314,1.0,0.0,0.0,0.38297190598814357,212.5495331793508,0.925,600.0003538638824,555.0003273240912,45.00002653979118,1.0,0.0,-0.0,0.38297190598814884,212.54953317935528,0.925,600.0003538638869,555.0003273240953,45.00002653979152,1.0,0.0,-0.0,0.3829719059881507,212.54953317935787,0.925,600.0003538638913,555.0003273240994,45.00002653979186,1.0,,,0.101,224.22013223892935,2220.00130929633,2220.00130929633,0.0,68.82004058818623,0.0,,,280.0001651364727,0.0,120.40007100868324,4.0,1460.0751176667666,0.0,-0.0,0.0,140.23608303930993
39,1,40,0.097943396,0.0,1460.0749286118978,,,,0,0.0,1,2500.001474432802,2500.001474432802,0.0,400.0002359092483,83.00004895116902,0.0,,,385.65685271044737,2500.001474432802,2400.0014154554897,100.00005897731216,2500.001474432802,0.0,1.0,0.0,0.0,0.16238054054882223,134.32835743226164,0.96,861.7126895399256,827.2441819583286,34.46850758159705,1.0,0.0,0.0,0.1618135625476662,132.7325466443915,0.96,854.4590901057031,820.280726501475,34.17836360422815,1.0,0.0,-0.0,0.15760751004346513,118.5959486337942,0.96,783.8296947871734,752.4765069956863,31.353187791486963,,,,850.1979436625218,2400.0014154554897,2220.001309296323,180.00010615916108,2400.0014154554838,0.0,1.0,-0.0,0.0,0.3829719059881217,212.54953317932245,0.925,600.0003538638314,555.0003273240441,45.000026539787314,1.0,0.0,0.0,0.38297190598814373,212.54953317934897,0.925,600.000353863877,555.0003273240862,45.000026539790724,1.0,0.0,-0.0,0.38297173566855486,212.54943865192516,0.925,600.0003538638877,555.0003273240961,45.00002653979152,1.0,0.0,-0.0,0.38297173566855486,212.5494386519253,0.925,600.000353863888,555.0003273240965,45.00002653979152,1.0,,,0.101,224.22013223892864,2220.001309296323,2220.001309296323,0.0,68.82004058818602,0.0,,,280.00016513647915,0.0,120.40007100868604,4.0,1460.0749286118978,0.0,-0.0,0.0,143.00469692270684
40,1,41,0.115075472,0.0,737.9335631112302,,,,0,0.0,1,1250.0007372163614,1250.0007372163614,0.0,200.00011795461782,41.500024475583196,0.0,,,200.72443063310152,1250.0007372163614,1200.0007077277069,50.00002948865449,1250.0007372163614,0.0,1.0,0.0,0.0,0.16238054054882234,134.32835743226175,0.96,861.7126895399257,827.2441819583287,34.46850758159706,1.0,0.0,0.0,0.1781218264758658,66.39607320083977,0.96,388.28804767643555,372.75652576937813,15.531521907057435,-0.0,0.0,1.0,0.271,0.0,0.96,0.0,0.0,0.0,,,,425.09906635866764,1200.0007077277069,1110.0006546481295,90.00005307957804,1200.0007077277078,0.0,1.0,-0.0,0.0,0.38297190598811914,212.54953317931916,0.925,600.0003538638314,555.0003273240441,45.000026539787314,1.0,0.0,0.0,0.38297190598814335,212.5495331793485,0.925,600.0003538638763,555.0003273240856,45.000026539790724,-0.0,0.0,1.0,0.08724817754776784,0.0,0.8800000000000001,0.0,0.0,0.0,-0.0,0.0,1.0,0.08724817754776784,0.0,0.8800000000000001,0.0,0.0,0.0,1.0,,,0.101,112.11006611946108,1110.0006546481295,1110.0006546481295,0.0,34.410020294092014,0.0,,,140.00008256823162,0.0,60.200035504339596,2.0,737.9335631112302,0.0,0.0,0.0,84.9180530796666
41,1,42,3.574311321,0.0,0.0,,,,0,0.0,1,0.0,0.0,0.0,0.0,0.0,0.0,,,0.0,0.0,0.0,0.0,0.0,0.0,-0.0,0.0,1.0,0.271,0.0,0.96,0.0,0.0,0.0,-0.0,0.0,1.0,0.271,0.0,0.96,0.0,0.0,0.0,-0.0,0.0,-0.0,0.271,0.0,0.96,0.0,0.0,0.0,,,,0.0,0.0,0.0,0.0,0.0,0.0,-0.0,0.0,1.0,0.08724817754776784,0.0,0.8800000000000001,0.0,0.0,0.0,-0.0,0.0,1.0,0.08724817754776784,0.0,0.8800000000000001,0.0,0.0,0.0,-0.0,0.0,-0.0,0.08724817754776784,0.0,0.8800000000000001,0.0,0.0,0.0,-0.0,0.0,-0.0,0.08724817754776784,0.0,0.8800000000000001,0.0,0.0,0.0,1.0,,,0.101,0.0,0.0,0.0,0.0,0.0,0.0,,,0.0,0.0,0.0,-0.0,0.0,0.0,0.0,0.0,0.0
42,1,43,4.734849057,0.0,0.0,,,,0,0.0,1,0.0,0.0,0.0,0.0,0.0,0.0,,,0.0,0.0,0.0,0.0,0.0,0.0,-0.0,0.0,-0.0,0.271,0.0,0.96,0.0,0.0,0.0,-0.0,0.0,-0.0,0.271,0.0,0.96,0.0,0.0,0.0,-0.0,0.0,-0.0,0.271,0.0,0.96,0.0,0.0,0.0,,,,0.0,0.0,0.0,0.0,0.0,0.0,-0.0,0.0,-0.0,0.08724817754776784,0.0,0.8800000000000001,0.0,0.0,0.0,-0.0,0.0,0.0,0.08724817754776784,0.0,0.8800000000000001,0.0,0.0,0.0,-0.0,0.0,-0.0,0.08724817754776784,0.0,0.8800000000000001,0.0,0.0,0.0,-0.0,0.0,-0.0,0.08724817754776784,0.0,0.8800000000000001,0.0,0.0,0.0,1.0,,,0.101,0.0,0.0,0.0,0.0,0.0,0.0,,,0.0,0.0,0.0,-0.0,0.0,0.0,0.0,0.0,0.0
43,1,44,2.383122642,0.0,0.0,,,,0,0.0,1,0.0,0.0,0.0,0.0,0.0,0.0,,,0.0,0.0,0.0,0.0,0.0,0.0,-0.0,0.0,-0.0,0.271,0.0,0.96,0.0,0.0,0.0,-0.0,0.0,-0.0,0.271,0.0,0.96,0.0,0.0,0.0,-0.0,0.0,-0.0,0.271,0.0,0.96,0.0,0.0,0.0,,,,0.0,0.0,0.0,0.0,0.0,0.0,-0.0,-0.0,-0.0,0.08724817754776784,0.0,0.8800000000000001,0.0,0.0,0.0,-0.0,0.0,0.0,0.08724817754776784,0.0,0.8800000000000001,0.0,0.0,0.0,-0.0,0.0,-0.0,0.08724817754776784,0.0,0.8800000000000001,0.0,0.0,0.0,-0.0,0.0,-0.0,0.08724817754776784,0.0,0.8800000000000001,0.0,0.0,0.0,1.0,,,0.101,0.0,0.0,0.0,0.0,0.0,-0.0,,,0.0,0.0,0.0,-0.0,0.0,0.0,0.0,0.0,0.0
44,1,45,0.713028302,0.0,0.0,,,,0,0.0,1,0.0,0.0,0.0,0.0,0.0,0.0,,,0.0,0.0,0.0,0.0,0.0,0.0,-0.0,0.0,0.0,0.27099999999999996,0.0,0.96,0.0,0.0,0.0,-0.0,0.0,0.0,0.271,0.0,0.96,0.0,0.0,0.0,-0.0,0.0,-0.0,0.271,0.0,0.96,0.0,0.0,0.0,,,,0.0,0.0,0.0,0.0,0.0,0.0,0.0,-0.0,-0.0,0.08724817754776784,0.0,0.8800000000000001,0.0,0.0,0.0,0.0,0.0,0.0,0.08724817754776784,0.0,0.8800000000000001,0.0,0.0,0.0,-0.0,0.0,-0.0,0.08724817754776784,0.0,0.8800000000000001,0.0,0.0,0.0,-0.0,0.0,-0.0,0.08724817754776784,0.0,0.8800000000000001,0.0,0.0,0.0,1.0,,,0.101,0.0,0.0,0.0,0.0,0.0,-0.0,,,0.0,0.0,0.0,0.0,0.0,0.0,0.0,0.0,0.0
45,1,46,0.145283019,0.0,0.0,,,,0,0.0,1,0.0,0.0,0.0,0.0,0.0,0.0,,,0.0,0.0,0.0,0.0,0.0,0.0,-0.0,0.0,0.0,0.271,0.0,0.96,0.0,0.0,0.0,-0.0,0.0,0.0,0.271,0.0,0.96,0.0,0.0,0.0,-0.0,0.0,-0.0,0.271,0.0,0.96,0.0,0.0,0.0,,,,0.0,0.0,0.0,0.0,0.0,0.0,0.0,-0.0,0.0,0.08724817754776784,0.0,0.8800000000000001,0.0,0.0,0.0,0.0,0.0,0.0,0.08724817754776784,0.0,0.8800000000000001,0.0,0.0,0.0,-0.0,0.0,-0.0,0.08724817754776784,0.0,0.8800000000000001,0.0,0.0,0.0,-0.0,0.0,-0.0,0.08724817754776784,0.0,0.8800000000000001,0.0,0.0,0.0,1.0,,,0.101,0.0,0.0,0.0,0.0,0.0,-0.0,,,0.0,0.0,0.0,0.0,0.0,0.0,0.0,0.0,0.0
46,1,47,0.113698113,0.0,569.5609825857124,,,,0,0.0,1,1083.3333333333333,1083.3333333333333,0.0,173.33333333333334,35.96666666666667,0.0,,,168.21705901924543,1083.3333333333333,1040.0,43.333333333333336,1083.3333333333333,0.0,1.0,1.0,0.0,0.15749582040150387,91.91939977476889,0.96,607.948671407854,583.6307245515399,24.317946856314183,1.0,1.0,0.0,0.16718404009450763,76.29765924447655,0.96,475.384661925478,456.36927544845884,19.015386477019135,-0.0,0.0,-0.0,0.271,0.0,0.96,0.0,0.0,0.0,,,,308.9087235664673,1040.0,915.2,124.8,1040.0,0.0,1.0,1.0,0.0,0.33753138501580776,154.45436178323365,0.88,520.0,457.6,62.4,1.0,1.0,0.0,0.33753138501580776,154.45436178323365,0.88,520.0,457.6,62.4,-0.0,0.0,-0.0,0.08724817754776784,0.0,0.8800000000000001,0.0,0.0,0.0,-0.0,0.0,-0.0,0.08724817754776784,0.0,0.8800000000000001,0.0,0.0,0.0,0.0,,,0.101,92.43519999999971,915.2,0.0,915.2,28.37119999999991,1.0,,,1083.3333333333333,0.0,465.8333333333333,2.0,569.5609825857124,0.0,0.0,0.0,64.75800895842136
47,1,48,0.109745283,0.0,569.5609825857124,,,,0,0.0,1,1083.3333333333333,1083.3333333333333,0.0,173.33333333333334,35.96666666666667,0.0,,,168.21705901924543,1083.3333333333333,1040.0,43.333333333333336,1083.3333333333333,0.0,1.0,0.0,0.0,0.15749582040150387,91.91939977476889,0.96,607.948671407854,583.6307245515399,24.317946856314183,1.0,0.0,0.0,0.16718404009450763,76.29765924447655,0.96,475.384661925478,456.36927544845884,19.015386477019135,0.0,0.0,-0.0,0.271,0.0,0.96,0.0,0.0,0.0,,,,308.9087235664673,1040.0,915.2,124.8,1040.0,0.0,1.0,-0.0,0.0,0.33753138501580776,154.45436178323365,0.88,520.0,457.6,62.4,1.0,0.0,0.0,0.33753138501580776,154.45436178323365,0.88,520.0,457.6,62.4,-0.0,0.0,-0.0,0.08724817754776784,0.0,0.8800000000000001,0.0,0.0,0.0,-0.0,0.0,-0.0,0.08724817754776784,0.0,0.8800000000000001,0.0,0.0,0.0,0.0,,,0.101,92.43519999999971,915.2,0.0,915.2,28.37119999999991,1.0,,,1083.3333333333333,0.0,465.8333333333333,2.0,569.5609825857124,0.0,0.0,0.0,62.50663121962708
48,1,49,0.105754717,0.0,1460.0281835277888,,,,0,0.0,1,2499.4092987390195,2499.4092987390195,0.0,399.90548779824314,82.98038871813544,0.0,,,386.0427673672132,2499.4092987390195,2399.4329267894586,99.97637194956087,2499.4092987390195,0.0,1.0,0.0,0.0,0.16262807756431163,135.01241994091103,0.96,864.7826349840077,830.1913295846474,34.59130539936034,1.0,0.0,0.0,0.1625297333397029,134.74151510614865,0.96,863.5696497998988,829.0268638079028,34.542785991995984,1.0,1.0,-0.0,0.1571014829527833,116.28883232015343,0.96,771.0570139551129,740.2147333969084,30.842280558204543,,,,849.8226905548388,2399.4329267894586,2219.432926789472,180.0,2399.432926789599,0.0,1.0,-0.0,0.0,0.3829717356685512,212.54931329604364,0.925,600.0,555.0,45.0,1.0,0.0,0.0,0.3829717356685465,212.5493132960375,0.925,600.0,555.0,45.0,1.0,1.0,-0.0,0.382971735668555,212.54931329604804,0.925,600.0,555.0,45.0,1.0,1.0,-0.0,0.38268786072156846,212.1747506667096,0.9249290487911502,599.4329267895989,554.4329267895989,45.0,1.0,,,0.101,224.16272560573668,2219.432926789472,2219.432926789472,0.0,68.80242073047363,0.0,,,279.97637194942035,0.0,120.38983993825074,4.0,1460.0281835277888,0.0,-0.0,0.0,154.40486736100536
49,1,50,0.105566038,0.0,1460.028183527792,,,,0,0.0,1,2499.4092987390204,2499.4092987390204,0.0,399.90548779824326,82.98038871813547,0.0,,,386.0427673672133,2499.4092987390204,2399.4329267894595,99.97637194956091,2499.4092987390204,0.0,1.0,0.0,0.0,0.16262807756431163,135.01241994091103,0.96,864.7826349840077,830.1913295846474,34.59130539936034,1.0,0.0,0.0,0.1625297333397029,134.74151510614865,0.96,863.5696497998988,829.0268638079028,34.542785991995984,1.0,0.0,-0.0,0.15710148295278326,116.28883232015357,0.96,771.057013955114,740.2147333969094,30.84228055820459,,,,849.822690554842,2399.4329267894595,2219.4329267894723,180.0,2399.432926789599,0.0,1.0,-0.0,0.0,0.3829717356685515,212.54931329604406,0.925,600.0,555.0,45.0,1.0,0.0,0.0,0.38297173566854703,212.5493132960397,0.925,600.0,555.0,45.0,1.0,0.0,-0.0,0.382971735668555,212.54931329604804,0.925,600.0,555.0,45.0,1.0,0.0,-0.0,0.3826878607215688,212.17475066671022,0.9249290487911521,599.4329267895989,554.4329267896001,45.0,1.0,,,0.101,224.1627256057367,2219.4329267894723,2219.4329267894723,0.0,68.80242073047364,0.0,,,279.9763719494202,0.0,120.38983993825067,4.0,1460.028183527792,0.0,-0.0,0.0,154.12939070336586
50,1,51,0.106066038,0.0,1460.028183527795,,,,0,0.0,1,2499.4092987390195,2499.4092987390195,0.0,399.90548779824314,82.98038871813544,0.0,,,386.04276736721306,2499.4092987390195,2399.4329267894586,99.97637194956087,2499.4092987390195,0.0,1.0,0.0,0.0,0.16262807756431163,135.01241994091103,0.96,864.7826349840077,830.1913295846474,34.59130539936034,1.0,0.0,0.0,0.1625297333397029,134.74151510614865,0.96,863.5696497998988,829.0268638079028,34.542785991995984,1.0,0.0,-0.0,0.1571014829527832,116.28883232015338,0.96,771.057013955113,740.2147333969085,30.842280558204546,,,,849.8226905548454,2399.4329267894586,2219.4329267894714,180.0,2399.4329267895996,0.0,1.0,-0.0,0.0,0.3829717356685518,212.54931329604443,0.925,600.0,555.0,45.0,1.0,0.0,0.0,0.38297173566854964,212.54931329604304,0.925,600.0,555.0,45.0,1.0,0.0,-0.0,0.3829717356685553,212.54931329604847,0.9250000000000002,600.0,555.0,45.0,1.0,0.0,-0.0,0.3826878607215684,212.17475066670949,0.9249290487911499,599.4329267895989,554.4329267895987,45.0,1.0,,,0.101,224.16272560573663,2219.4329267894714,2219.4329267894714,0.0,68.80242073047361,0.0,,,279.9763719494208,0.0,120.38983993825094,4.0,1460.028183527795,0.0,-0.0,0.0,154.85940479513008
51,1,52,0.107207547,0.0,1460.028183527798,,,,0,0.0,1,2499.4092987390195,2499.4092987390195,0.0,399.90548779824314,82.98038871813544,0.0,,,386.04276736721306,2499.4092987390195,2399.4329267894586,99.97637194956087,2499.4092987390195,0.0,1.0,0.0,0.0,0.16262807756431163,135.01241994091103,0.96,864.7826349840077,830.1913295846474,34.59130539936034,1.0,0.0,0.0,0.1625297333397029,134.74151510614865,0.96,863.5696497998988,829.0268638079028,34.542785991995984,1.0,0.0,-0.0,0.1571014829527832,116.28883232015338,0.96,771.057013955113,740.2147333969085,30.842280558204546,,,,849.8226905548486,2399.4329267894586,2219.432926789471,180.0,2399.432926789599,0.0,1.0,-0.0,0.0,0.3829717356685521,212.54931329604474,0.925,600.0,555.0,45.0,1.0,0.0,0.0,0.3829717356685522,212.54931329604634,0.925,600.0,555.0,45.0,1.0,0.0,-0.0,0.3829717356685551,212.54931329604807,0.925,600.0,555.0,45.0,1.0,0.0,-0.0,0.3826878607215684,212.17475066670949,0.9249290487911499,599.4329267895989,554.4329267895987,45.0,1.0,,,0.101,224.16272560573657,2219.432926789471,2219.432926789471,0.0,68.8024207304736,0.0,,,279.9763719494206,0.0,120.38983993825084,4.0,1460.028183527798,0.0,-0.0,0.0,156.52604010688103
52,1,53,0.109981132,0.0,1460.0281835277945,,,,0,0.0,1,2499.4092987390195,2499.4092987390195,0.0,399.90548779824314,82.98038871813544,0.0,,,386.04276736721306,2499.4092987390195,2399.4329267894586,99.97637194956087,2499.4092987390195,0.0,1.0,0.0,0.0,0.16262807756431163,135.01241994091103,0.96,864.7826349840077,830.1913295846474,34.59130539936034,1.0,0.0,0.0,0.1625297333397029,134.74151510614865,0.96,863.5696497998988,829.0268638079028,34.542785991995984,1.0,0.0,-0.0,0.1571014829527832,116.28883232015338,0.96,771.057013955113,740.2147333969085,30.842280558204546,,,,849.8226905548449,2399.4329267894586,2219.432926789471,180.0,2399.4329267895982,0.0,1.0,-0.0,0.0,0.3829717356685518,212.54931329604443,0.925,600.0,555.0,45.0,1.0,0.0,0.0,0.38297173566854964,212.54931329604304,0.925,600.0,555.0,45.0,1.0,0.0,-0.0,0.3829717356685547,212.54931329604784,0.9250000000000013,600.0,555.0,45.0,1.0,0.0,-0.0,0.3826878607215684,212.17475066670949,0.9249290487911499,599.4329267895989,554.4329267895987,45.0,1.0,,,0.101,224.16272560573657,2219.432926789471,2219.432926789471,0.0,68.8024207304736,0.0,,,279.9763719494207,0.0,120.3898399382509,4.0,1460.0281835277945,0.0,-0.0,0.0,160.57555237629057
53,1,54,0.115301887,0.0,1460.0281835277895,,,,0,0.0,1,2499.4092987390195,2499.4092987390195,0.0,399.90548779824314,82.98038871813544,0.0,,,386.04276736721306,2499.4092987390195,2399.4329267894586,99.97637194956087,2499.4092987390195,0.0,1.0,0.0,0.0,0.16262807756431163,135.01241994091103,0.96,864.7826349840077,830.1913295846474,34.59130539936034,1.0,0.0,0.0,0.1625297333397029,134.74151510614865,0.96,863.5696497998988,829.0268638079028,34.542785991995984,1.0,0.0,-0.0,0.1571014829527832,116.28883232015338,0.96,771.057013955113,740.2147333969085,30.842280558204546,,,,849.8226905548397,2399.4329267894586,2219.432926789471,180.0,2399.4329267895973,0.0,1.0,-0.0,0.0,0.38297173566854953,212.54931329604295,0.925,600.0,555.0,45.0,1.0,0.0,0.0,0.38297173566854703,212.5493132960397,0.925,600.0,555.0,45.0,1.0,0.0,-0.0,0.3829717356685543,212.54931329604764,0.9250000000000025,600.0,555.0,45.0,1.0,0.0,-0.0,0.3826878607215684,212.17475066670949,0.9249290487911499,599.4329267895989,554.4329267895987,45.0,1.0,,,0.101,224.16272560573657,2219.432926789471,2219.432926789471,0.0,68.8024207304736,0.0,,,279.9763719494208,0.0,120.38983993825094,4.0,1460.0281835277895,0.0,-0.0,0.0,168.34400463393644
54,1,55,0.104735849,0.0,1460.028183527784,,,,0,0.0,1,2499.4092987390195,2499.4092987390195,0.0,399.90548779824314,82.98038871813544,0.0,,,386.04276736721306,2499.4092987390195,2399.4329267894586,99.97637194956087,2499.4092987390195,0.0,1.0,0.0,0.0,0.16262807756431163,135.01241994091103,0.96,864.7826349840077,830.1913295846474,34.59130539936034,1.0,0.0,0.0,0.1625297333397029,134.74151510614865,0.96,863.5696497998988,829.0268638079028,34.542785991995984,1.0,0.0,-0.0,0.1571014829527832,116.28883232015338,0.96,771.057013955113,740.2147333969085,30.842280558204546,,,,849.8226905548345,2399.4329267894586,2219.432926789471,180.0,2399.4329267895982,0.0,1.0,-0.0,0.0,0.38297173566854886,212.54931329604065,0.925,600.0,555.0,45.0,1.0,0.0,0.0,0.3829717356685445,212.5493132960364,0.925,600.0,555.0,45.0,1.0,0.0,-0.0,0.3829717356685547,212.54931329604784,0.9250000000000013,600.0,555.0,45.0,1.0,0.0,-0.0,0.3826878607215684,212.17475066670949,0.9249290487911499,599.4329267895989,554.4329267895987,45.0,1.0,,,0.101,224.16272560573657,2219.432926789471,2219.432926789471,0.0,68.8024207304736,0.0,,,279.9763719494207,0.0,120.3898399382509,4.0,1460.028183527784,0.0,-0.0,0.0,152.91729136571027
55,1,56,0.098216981,0.0,1460.0281835277794,,,,0,0.0,1,2499.4092987390195,2499.4092987390195,0.0,399.90548779824314,82.98038871813544,0.0,,,386.04276736721306,2499.4092987390195,2399.4329267894586,99.97637194956087,2499.4092987390195,0.0,1.0,0.0,0.0,0.16262807756431163,135.01241994091103,0.96,864.7826349840077,830.1913295846474,34.59130539936034,1.0,0.0,0.0,0.1625297333397029,134.74151510614865,0.96,863.5696497998988,829.0268638079028,34.542785991995984,1.0,0.0,-0.0,0.1571014829527832,116.28883232015338,0.96,771.057013955113,740.2147333969085,30.842280558204546,,,,849.8226905548299,2399.4329267894586,2219.432926789471,180.0,2399.432926789599,0.0,1.0,-0.0,0.0,0.3829717356685466,212.54931329603917,0.925,600.0,555.0,45.0,1.0,0.0,0.0,0.3829717356685419,212.5493132960331,0.925,600.0,555.0,45.0,1.0,0.0,-0.0,0.3829717356685551,212.54931329604807,0.925,600.0,555.0,45.0,1.0,0.0,-0.0,0.3826878607215684,212.17475066670949,0.9249290487911499,599.4329267895989,554.4329267895987,45.0,1.0,,,0.101,224.16272560573657,2219.432926789471,2219.432926789471,0.0,68.8024207304736,0.0,,,279.9763719494206,0.0,120.38983993825084,4.0,1460.0281835277794,0.0,-0.0,0.0,143.39956036101242
56,1,57,0.091320755,0.0,1460.0281835277633,,,,0,0.0,1,2499.4092987390186,2499.4092987390186,0.0,399.905487798243,82.98038871813542,0.0,,,386.04276736721295,2499.4092987390186,2399.4329267894577,99.97637194956083,2499.4092987390186,0.0,1.0,0.0,0.0,0.16262807756431163,135.01241994091103,0.96,864.7826349840077,830.1913295846474,34.59130539936034,1.0,0.0,0.0,0.1625297333397029,134.74151510614865,0.96,863.5696497998988,829.0268638079028,34.542785991995984,1.0,0.0,-0.0,0.15710148295278326,116.28883232015326,0.96,771.057013955112,740.2147333969075,30.842280558204507,,,,849.8226905548138,2399.4329267894577,2219.4329267894705,180.0,2399.432926789599,0.0,1.0,-0.0,0.0,0.3829717356685372,212.54931329602704,0.925,600.0,555.0,45.0,1.0,0.0,0.0,0.3829717356685393,212.54931329602974,0.925,600.0,555.0,45.0,1.0,0.0,-0.0,0.38297173566855447,212.54931329604773,0.925,600.0,555.0,45.0,1.0,0.0,-0.0,0.38268786072156835,212.17475066670931,0.9249290487911492,599.4329267895989,554.4329267895984,45.0,1.0,,,0.101,224.16272560573654,2219.4329267894705,2219.4329267894705,0.0,68.80242073047359,0.0,,,279.97637194941996,0.0,120.38983993825057,4.0,1460.0281835277633,0.0,-0.0,0.0,133.33087604103392
57,1,58,0.081169811,0.0,1460.0281835277578,,,,0,0.0,1,2499.4092987390186,2499.4092987390186,0.0,399.905487798243,82.98038871813542,0.0,,,386.04276736721295,2499.4092987390186,2399.4329267894577,99.97637194956083,2499.4092987390186,0.0,1.0,0.0,0.0,0.16262807756431163,135.01241994091103,0.96,864.7826349840077,830.1913295846474,34.59130539936034,1.0,0.0,0.0,0.1625297333397029,134.74151510614865,0.96,863.5696497998988,829.0268638079028,34.542785991995984,1.0,0.0,-0.0,0.15710148295278326,116.28883232015326,0.96,771.057013955112,740.2147333969075,30.842280558204507,,,,849.8226905548083,2399.4329267894577,2219.4329267894705,180.0,2399.432926789599,0.0,1.0,-0.0,0.0,0.3829717356685366,212.5493132960248,0.925,600.0,555.0,45.0,1.0,0.0,0.0,0.38297173566853676,212.54931329602644,0.925,600.0,555.0,45.0,1.0,0.0,-0.0,0.38297173566855447,212.54931329604773,0.925,600.0,555.0,45.0,1.0,0.0,-0.0,0.38268786072156835,212.17475066670931,0.9249290487911492,599.4329267895989,554.4329267895984,45.0,1.0,,,0.101,224.16272560573654,2219.4329267894705,2219.4329267894705,0.0,68.80242073047359,0.0,,,279.97637194941996,0.0,120.38983993825057,4.0,1460.0281835277578,0.0,-0.0,0.0,118.51021171162141
58,1,59,0.079603774,0.0,1460.0281835277501,,,,0,0.0,1,2499.4092987390186,2499.4092987390186,0.0,399.905487798243,82.98038871813542,0.0,,,386.04276736721295,2499.4092987390186,2399.4329267894577,99.97637194956083,2499.4092987390186,0.0,1.0,0.0,0.0,0.16262807756431163,135.01241994091103,0.96,864.7826349840077,830.1913295846474,34.59130539936034,1.0,0.0,0.0,0.1625297333397029,134.74151510614865,0.96,863.5696497998988,829.0268638079028,34.542785991995984,1.0,0.0,-0.0,0.15710148295278326,116.28883232015326,0.96,771.057013955112,740.2147333969075,30.842280558204507,,,,849.8226905548006,2399.4329267894577,2219.4329267894705,180.0,2399.432926789599,0.0,1.0,-0.0,0.0,0.3829717356685321,212.54931329602042,0.925,600.0,555.0,45.0,1.0,0.0,0.0,0.3829717356685342,212.54931329602312,0.925,600.0,555.0,45.0,1.0,0.0,-0.0,0.38297173566855447,212.54931329604773,0.925,600.0,555.0,45.0,1.0,0.0,-0.0,0.38268786072156835,212.17475066670931,0.9249290487911492,599.4329267895989,554.4329267895984,45.0,1.0,,,0.101,224.16272560573654,2219.4329267894705,2219.4329267894705,0.0,68.80242073047359,0.0,,,279.97637194941996,0.0,120.38983993825057,4.0,1460.0281835277501,0.0,-0.0,0.0,116.22375355517354
59,1,60,0.07840566,0.0,1460.0281835277617,,,,0,0.0,1,2499.4092987390186,2499.4092987390186,0.0,399.905487798243,82.98038871813542,0.0,,,386.04276736721295,2499.4092987390186,2399.4329267894577,99.97637194956083,2499.4092987390186,0.0,1.0,0.0,0.0,0.16262807756431163,135.01241994091103,0.96,864.7826349840077,830.1913295846474,34.59130539936034,1.0,0.0,0.0,0.1625297333397029,134.74151510614865,0.96,863.5696497998988,829.0268638079028,34.542785991995984,1.0,0.0,-0.0,0.15710148295278326,116.28883232015326,0.96,771.057013955112,740.2147333969075,30.842280558204507,,,,849.8226905548054,2399.4329267894577,2219.432926789538,180.0,2399.432926789599,0.0,1.0,-0.0,0.0,0.38297173566851944,212.5493132960283,0.925,600.0,555.0,45.0,1.0,0.0,0.0,0.3829717356685316,212.5493132960198,0.925,600.0,555.0,45.0,1.0,0.0,-0.0,0.38297173566855486,212.54931329604796,0.925,600.0,555.0,45.0,1.0,0.0,-0.0,0.38268786072156835,212.17475066670931,0.9249290487911492,599.4329267895989,554.4329267895984,45.0,1.0,,,0.101,224.16272560574336,2219.432926789538,2219.432926789538,0.0,68.80242073047569,0.0,,,279.97637194941996,0.0,120.38983993825057,4.0,1460.0281835277617,0.0,-0.0,0.0,114.47447334809529
60,1,61,0.08359434,0.0,1460.0281835277367,,,,0,0.0,1,2499.4092987390186,2499.4092987390186,0.0,399.905487798243,82.98038871813542,0.0,,,386.04276736721295,2499.4092987390186,2399.4329267894577,99.97637194956083,2499.4092987390186,0.0,1.0,0.0,0.0,0.16262807756431163,135.01241994091103,0.96,864.7826349840077,830.1913295846474,34.59130539936034,1.0,0.0,0.0,0.1625297333397029,134.74151510614865,0.96,863.5696497998988,829.0268638079028,34.542785991995984,1.0,0.0,-0.0,0.15710148295278326,116.28883232015326,0.96,771.057013955112,740.2147333969075,30.842280558204507,,,,849.8226905547873,2399.4329267894577,2219.4329267894705,180.0,2399.432926789599,0.0,1.0,-0.0,0.0,0.382971735668527,212.5493132960138,0.925,600.0,555.0,45.0,1.0,0.0,0.0,0.38297173566852905,212.54931329601646,0.925,600.0,555.0,45.0,1.0,0.0,-0.0,0.38297173566855447,212.54931329604773,0.925,600.0,555.0,45.0,1.0,0.0,-0.0,0.38268786072156835,212.17475066670931,0.9249290487911492,599.4329267895989,554.4329267895984,45.0,1.0,,,0.101,224.16272560573654,2219.4329267894705,2219.4329267894705,0.0,68.80242073047359,0.0,,,279.97637194941996,0.0,120.38983993825057,4.0,1460.0281835277367,0.0,-0.0,0.0,122.05009238340003
61,1,62,0.088679245,0.0,1460.0281835277538,,,,0,0.0,1,2499.4092987390186,2499.4092987390186,0.0,399.905487798243,82.98038871813542,0.0,,,386.04276736721295,2499.4092987390186,2399.4329267894577,99.97637194956083,2499.4092987390186,0.0,1.0,0.0,0.0,0.16262807756431163,135.01241994091103,0.96,864.7826349840077,830.1913295846474,34.59130539936034,1.0,0.0,0.0,0.1625297333397029,134.74151510614865,0.96,863.5696497998988,829.0268638079028,34.542785991995984,1.0,0.0,-0.0,0.15710148295278326,116.28883232015326,0.96,771.057013955112,740.2147333969075,30.842280558204507,,,,849.8226905547981,2399.4329267894577,2219.4329267895305,180.0,2399.432926789599,0.0,1.0,-0.0,0.0,0.3829717356685244,212.5493132960105,0.925,600.0,555.0,45.0,1.0,0.0,0.0,0.38297173566852355,212.54931329603056,0.925,600.0,555.0,45.0,1.0,0.0,-0.0,0.38297173566855447,212.54931329604773,0.925,600.0,555.0,45.0,1.0,0.0,-0.0,0.38268786072156835,212.17475066670931,0.9249290487911492,599.4329267895989,554.4329267895984,45.0,1.0,,,0.101,224.1627256057426,2219.4329267895305,2219.4329267895305,0.0,68.80242073047545,0.0,,,279.97637194941996,0.0,120.38983993825057,4.0,1460.0281835277538,0.0,-0.0,0.0,129.47419699396264
62,1,63,0.09604717,0.0,1460.0281835277267,,,,0,0.0,1,2499.4092987390186,2499.4092987390186,0.0,399.905487798243,82.98038871813542,0.0,,,386.04276736721295,2499.4092987390186,2399.4329267894577,99.97637194956083,2499.4092987390186,0.0,1.0,0.0,0.0,0.16262807756431163,135.01241994091103,0.96,864.7826349840077,830.1913295846474,34.59130539936034,1.0,0.0,0.0,0.1625297333397029,134.74151510614865,0.96,863.5696497998988,829.0268638079028,34.542785991995984,1.0,0.0,-0.0,0.15710148295278326,116.28883232015326,0.96,771.057013955112,740.2147333969075,30.842280558204507,,,,849.8226905547771,2399.4329267894577,2219.4329267894705,180.0,2399.432926789599,0.0,1.0,-0.0,0.0,0.38297173566852183,212.54931329600714,0.925,600.0,555.0,45.0,1.0,0.0,0.0,0.38297173566852627,212.54931329601288,0.925,600.0,555.0,45.0,1.0,0.0,-0.0,0.38297173566855447,212.54931329604773,0.925,600.0,555.0,45.0,1.0,0.0,-0.0,0.38268786072156835,212.17475066670931,0.9249290487911492,599.4329267895989,554.4329267895984,45.0,1.0,,,0.101,224.16272560573654,2219.4329267894705,2219.4329267894705,0.0,68.80242073047359,0.0,,,279.97637194941996,0.0,120.38983993825057,4.0,1460.0281835277267,0.0,-0.0,0.0,140.23157514807878
63,1,64,0.097943396,0.0,1460.0281835277194,,,,0,0.0,1,2499.4092987390177,2499.4092987390177,0.0,399.90548779824286,82.98038871813539,0.0,,,386.0427673672128,2499.4092987390177,2399.432926789457,99.9763719495608,2499.4092987390177,0.0,1.0,0.0,0.0,0.16262807756431163,135.01241994091103,0.96,864.7826349840077,830.1913295846474,34.59130539936034,1.0,0.0,0.0,0.1625297333397029,134.74151510614865,0.96,863.5696497998988,829.0268638079028,34.542785991995984,1.0,0.0,-0.0,0.15710148295278314,116.28883232015306,0.96,771.0570139551112,740.2147333969067,30.842280558204475,,,,849.8226905547702,2399.432926789457,2219.4329267894695,180.0,2399.432926789599,0.0,1.0,-0.0,0.0,0.3829717356685193,212.54931329600387,0.925,600.0,555.0,45.0,1.0,0.0,0.0,0.38297173566852366,212.54931329600956,0.925,600.0,555.0,45.0,1.0,0.0,-0.0,0.3829717356685548,212.54931329604804,0.925,600.0,555.0,45.0,1.0,0.0,-0.0,0.382687860721568,212.17475066670875,0.9249290487911476,599.4329267895989,554.4329267895973,45.0,1.0,,,0.101,224.16272560573643,2219.4329267894695,2219.4329267894695,0.0,68.80242073047356,0.0,,,279.97637194942007,0.0,120.38983993825063,4.0,1460.0281835277194,0.0,-0.0,0.0,143.0001185504161
64,1,65,0.115075472,0.0,738.2591205484001,,,,0,0.0,1,1250.0,1250.0,0.0,200.0,41.5,0.0,,,201.0504939563934,1250.0,1200.0,50.0,1250.0,0.0,1.0,0.0,0.0,0.16262807756431163,135.01241994091106,0.96,864.7826349840078,830.1913295846475,34.591305399360344,1.0,0.0,0.0,0.17857362279076958,66.03807401548235,0.96,385.21736501584735,369.80867041521344,15.408694600633908,-0.0,0.0,1.0,0.271,0.0,0.96,0.0,0.0,0.0,,,,425.0986265920067,1200.0,1110.0,90.0,1200.0,0.0,1.0,-0.0,0.0,0.38297173566851667,212.5493132960005,0.925,600.0,555.0,45.0,1.0,0.0,0.0,0.3829717356685211,212.54931329600623,0.925,600.0,555.0,45.0,-0.0,0.0,1.0,0.08724817754776784,0.0,0.8800000000000001,0.0,0.0,0.0,-0.0,0.0,1.0,0.08724817754776784,0.0,0.8800000000000001,0.0,0.0,0.0,1.0,,,0.101,112.11000000000001,1110.0,1110.0,0.0,34.41,0.0,,,140.0,0.0,60.2,2.0,738.2591205484001,0.0,0.0,0.0,84.95551675541203
65,1,66,3.574311321,0.0,0.0,,,,0,0.0,1,0.0,0.0,0.0,0.0,0.0,0.0,,,0.0,0.0,0.0,0.0,0.0,0.0,-0.0,0.0,1.0,0.271,0.0,0.96,0.0,0.0,0.0,-0.0,0.0,1.0,0.271,0.0,0.96,0.0,0.0,0.0,-0.0,0.0,-0.0,0.271,0.0,0.96,0.0,0.0,0.0,,,,0.0,0.0,0.0,0.0,0.0,0.0,-0.0,0.0,1.0,0.08724817754776784,0.0,0.8800000000000001,0.0,0.0,0.0,-0.0,0.0,1.0,0.08724817754776784,0.0,0.8800000000000001,0.0,0.0,0.0,-0.0,0.0,-0.0,0.08724817754776784,0.0,0.8800000000000001,0.0,0.0,0.0,-0.0,0.0,-0.0,0.08724817754776784,0.0,0.8800000000000001,0.0,0.0,0.0,1.0,,,0.101,0.0,0.0,0.0,0.0,0.0,0.0,,,0.0,0.0,0.0,-0.0,0.0,0.0,0.0,0.0,0.0
66,1,67,4.734849057,0.0,0.0,,,,0,0.0,1,0.0,0.0,0.0,0.0,0.0,0.0,,,0.0,0.0,0.0,0.0,0.0,0.0,-0.0,0.0,-0.0,0.271,0.0,0.96,0.0,0.0,0.0,-0.0,0.0,-0.0,0.271,0.0,0.96,0.0,0.0,0.0,-0.0,0.0,-0.0,0.271,0.0,0.96,0.0,0.0,0.0,,,,0.0,0.0,0.0,0.0,0.0,0.0,-0.0,0.0,-0.0,0.08724817754776784,0.0,0.8800000000000001,0.0,0.0,0.0,-0.0,0.0,0.0,0.08724817754776784,0.0,0.8800000000000001,0.0,0.0,0.0,-0.0,0.0,-0.0,0.08724817754776784,0.0,0.8800000000000001,0.0,0.0,0.0,-0.0,0.0,-0.0,0.08724817754776784,0.0,0.8800000000000001,0.0,0.0,0.0,1.0,,,0.101,0.0,0.0,0.0,0.0,0.0,0.0,,,0.0,0.0,0.0,-0.0,0.0,0.0,0.0,0.0,0.0
67,1,68,2.383122642,0.0,0.0,,,,0,0.0,1,0.0,0.0,0.0,0.0,0.0,0.0,,,0.0,0.0,0.0,0.0,0.0,0.0,-0.0,0.0,-0.0,0.271,0.0,0.96,0.0,0.0,0.0,-0.0,0.0,-0.0,0.271,0.0,0.96,0.0,0.0,0.0,-0.0,0.0,-0.0,0.271,0.0,0.96,0.0,0.0,0.0,,,,0.0,0.0,0.0,0.0,0.0,0.0,-0.0,-0.0,-0.0,0.08724817754776784,0.0,0.8800000000000001,0.0,0.0,0.0,-0.0,0.0,0.0,0.08724817754776784,0.0,0.8800000000000001,0.0,0.0,0.0,-0.0,0.0,-0.0,0.08724817754776784,0.0,0.8800000000000001,0.0,0.0,0.0,-0.0,0.0,-0.0,0.08724817754776784,0.0,0.8800000000000001,0.0,0.0,0.0,1.0,,,0.101,0.0,0.0,0.0,0.0,0.0,-0.0,,,0.0,0.0,0.0,-0.0,0.0,0.0,0.0,0.0,0.0
68,1,69,0.713028302,0.0,0.0,,,,0,0.0,1,0.0,0.0,0.0,0.0,0.0,0.0,,,0.0,0.0,0.0,0.0,0.0,0.0,-0.0,0.0,0.0,0.271,0.0,0.96,0.0,0.0,0.0,-0.0,0.0,0.0,0.271,0.0,0.96,0.0,0.0,0.0,-0.0,0.0,-0.0,0.271,0.0,0.96,0.0,0.0,0.0,,,,0.0,0.0,0.0,0.0,0.0,0.0,0.0,-0.0,-0.0,0.08724817754776784,0.0,0.8800000000000001,0.0,0.0,0.0,0.0,0.0,0.0,0.08724817754776784,0.0,0.8800000000000001,0.0,0.0,0.0,-0.0,0.0,-0.0,0.08724817754776784,0.0,0.8800000000000001,0.0,0.0,0.0,-0.0,0.0,-0.0,0.08724817754776784,0.0,0.8800000000000001,0.0,0.0,0.0,1.0,,,0.101,0.0,0.0,0.0,0.0,0.0,-0.0,,,0.0,0.0,0.0,0.0,0.0,0.0,0.0,0.0,0.0
69,1,70,0.145283019,0.0,0.0,,,,0,0.0,1,0.0,0.0,0.0,0.0,0.0,0.0,,,0.0,0.0,0.0,0.0,0.0,0.0,-0.0,0.0,0.0,0.271,0.0,0.96,0.0,0.0,0.0,-0.0,0.0,0.0,0.271,0.0,0.96,0.0,0.0,0.0,-0.0,0.0,-0.0,0.271,0.0,0.96,0.0,0.0,0.0,,,,0.0,0.0,0.0,0.0,0.0,0.0,0.0,-0.0,0.0,0.08724817754776784,0.0,0.8800000000000001,0.0,0.0,0.0,0.0,0.0,0.0,0.08724817754776784,0.0,0.8800000000000001,0.0,0.0,0.0,-0.0,0.0,-0.0,0.08724817754776784,0.0,0.8800000000000001,0.0,0.0,0.0,-0.0,0.0,-0.0,0.08724817754776784,0.0,0.8800000000000001,0.0,0.0,0.0,1.0,,,0.101,0.0,0.0,0.0,0.0,0.0,-0.0,,,0.0,0.0,0.0,0.0,0.0,0.0,0.0,0.0,0.0
70,1,71,0.113698113,0.0,569.0854474201341,,,,0,0.0,1,1083.3333333333333,1083.3333333333333,0.0,173.33333333333334,35.96666666666667,0.0,,,167.74152385366705,1083.3333333333333,1040.0,43.333333333333336,1083.3333333333333,0.0,1.0,1.0,0.0,0.161282590658715,83.8825022509001,0.96,541.7671315576229,520.096446295318,21.670685262304932,1.0,1.0,0.0,0.16129726562784932,83.85902160276694,0.96,541.5662017757106,519.9035537046822,21.662648071028443,-0.0,0.0,-0.0,0.271,0.0,0.96,0.0,0.0,0.0,,,,308.9087235664673,1040.0,915.2,124.8,1040.0,0.0,1.0,1.0,0.0,0.33753138501580776,154.45436178323365,0.88,520.0,457.6,62.4,1.0,1.0,0.0,0.33753138501580776,154.45436178323365,0.88,520.0,457.6,62.4,-0.0,0.0,-0.0,0.08724817754776784,0.0,0.8800000000000001,0.0,0.0,0.0,-0.0,0.0,-0.0,0.08724817754776784,0.0,0.8800000000000001,0.0,0.0,0.0,0.0,,,0.101,92.43519999999971,915.2,0.0,915.2,28.37119999999991,1.0,,,1083.3333333333333,0.0,465.8333333333333,2.0,569.0854474201341,0.0,0.0,0.0,64.70394150742996
71,1,72,0.109745283,0.0,569.0854474201341,,,,0,0.0,1,1083.3333333333333,1083.3333333333333,0.0,173.33333333333334,35.96666666666667,0.0,,,167.74152385366705,1083.3333333333333,1040.0,43.333333333333336,1083.3333333333333,0.0,1.0,0.0,0.0,0.161282590658715,83.8825022509001,0.96,541.7671315576229,520.096446295318,21.670685262304932,1.0,0.0,0.0,0.16129726562784932,83.85902160276694,0.96,541.5662017757106,519.9035537046822,21.662648071028443,-0.0,0.0,-0.0,0.271,0.0,0.96,0.0,0.0,0.0,,,,308.9087235664673,1040.0,915.2,124.8,1040.0,0.0,1.0,-0.0,0.0,0.33753138501580776,154.45436178323365,0.88,520.0,457.6,62.4,1.0,0.0,0.0,0.33753138501580776,154.45436178323365,0.88,520.0,457.6,62.4,-0.0,0.0,-0.0,0.08724817754776784,0.0,0.8800000000000001,0.0,0.0,0.0,-0.0,0.0,-0.0,0.08724817754776784,0.0,0.8800000000000001,0.0,0.0,0.0,0.0,,,0.101,92.43519999999971,915.2,0.0,915.2,28.37119999999991,1.0,,,1083.3333333333333,0.0,465.8333333333333,2.0,569.0854474201341,0.0,0.0,0.0,62.454443478304235
72,1,73,0.105754717,0.0,1459.7234309437026,,,,0,0.0,1,2500.0,2500.0,0.0,400.0,83.0,0.0,,,385.30617775952356,2500.0,2400.0,100.0,2500.0,0.0,1.0,0.0,0.0,0.16181354617928312,132.7324999502267,0.96,854.4588759478523,820.2805209099382,34.17835503791412,1.0,0.0,0.0,0.16156792085310884,132.02744857213017,0.96,851.2122427302331,817.1637530210238,34.048489709209356,1.0,1.0,-0.0,0.1580818622379257,120.5462292371667,0.96,794.3288813217804,762.5557260689092,31.773155252871245,,,,850.1972531841791,2400.0,2220.0,180.0,2400.0,0.0,1.0,-0.0,0.0,0.382971735668549,212.54931329604076,0.925,600.0,555.0,45.0,1.0,0.0,0.0,0.38297173566854914,212.5493132960424,0.925,600.0,555.0,45.0,1.0,1.0,-0.0,0.38297173566855464,212.54931329604796,0.925,600.0,555.0,45.0,1.0,1.0,-0.0,0.3829717356685548,212.54931329604804,0.925,600.0,555.0,45.0,1.0,,,0.101,224.22000000000003,2220.0,2220.0,0.0,68.82,0.0,,,280.0,0.0,120.4,4.0,1459.7234309437026,0.0,-0.0,0.0,154.3726383377203
73,1,74,0.105566038,0.0,1459.7234309437024,,,,0,0.0,1,2500.0,2500.0,0.0,400.0,83.0,0.0,,,385.30617775953016,2500.0,2400.0,100.0,2500.0,0.0,1.0,0.0,0.0,0.16181354617928076,132.73249995022,0.96,854.4588759478215,820.2805209099087,34.178355037912894,1.0,0.0,0.0,0.16156792085311347,132.02744857214356,0.96,851.2122427302951,817.1637530210833,34.048489709211836,1.0,0.0,-0.0,0.15808186223792567,120.54622923716664,0.96,794.3288813217802,762.5557260689089,31.773155252871234,,,,850.1972531841723,2400.0,2220.0,180.0,2400.0,0.0,1.0,-0.0,0.0,0.3829717356685492,212.54931329604102,0.925,600.0,555.0,45.0,1.0,0.0,0.0,0.38297173566855136,212.54931329604378,0.925,600.0,555.0,45.0,1.0,0.0,-0.0,0.3829717356685407,212.5493132960396,0.925,600.0,555.0,45.0,1.0,0.0,-0.0,0.3829717356685548,212.54931329604793,0.925,600.0,555.0,45.0,1.0,,,0.101,224.22000000000003,2220.0,2220.0,0.0,68.82,0.0,,,280.0,0.0,120.4,4.0,1459.7234309437024,0.0,-0.0,0.0,154.09721918049325
74,1,75,0.106066038,0.0,1459.7234309437074,,,,0,0.0,1,2500.0,2500.0,0.0,400.0,83.0,0.0,,,385.30617775953016,2500.0,2400.0,100.0,2500.0,0.0,1.0,0.0,0.0,0.16181354617928076,132.73249995022,0.96,854.4588759478215,820.2805209099087,34.178355037912894,1.0,0.0,0.0,0.16156792085311347,132.02744857214356,0.96,851.2122427302951,817.1637530210833,34.048489709211836,1.0,0.0,-0.0,0.15808186223792567,120.54622923716664,0.96,794.3288813217802,762.5557260689089,31.773155252871234,,,,850.1972531841772,2400.0,2220.0,180.0,2400.0,0.0,1.0,-0.0,0.0,0.3829717356685498,212.54931329604332,0.925,600.0,555.0,45.0,1.0,0.0,0.0,0.3829717356685519,212.549313296046,0.925,600.0,555.0,45.0,1.0,0.0,-0.0,0.3829717356685407,212.5493132960396,0.925,600.0,555.0,45.0,1.0,0.0,-0.0,0.3829717356685554,212.54931329604827,0.925,600.0,555.0,45.0,1.0,,,0.101,224.22000000000003,2220.0,2220.0,0.0,68.82,0.0,,,280.0,0.0,120.4,4.0,1459.7234309437074,0.0,-0.0,0.0,154.82708089596565
75,1,76,0.107207547,0.0,1459.723430943698,,,,0,0.0,1,2500.0,2500.0,0.0,400.0,83.0,0.0,,,385.30617775953016,2500.0,2400.0,100.0,2500.0,0.0,1.0,0.0,0.0,0.16181354617928076,132.73249995022,0.96,854.4588759478215,820.2805209099087,34.178355037912894,1.0,0.0,0.0,0.16156792085311347,132.02744857214356,0.96,851.2122427302951,817.1637530210833,34.048489709211836,1.0,0.0,-0.0,0.15808186223792567,120.54622923716664,0.96,794.3288813217802,762.5557260689089,31.773155252871234,,,,850.197253184168,2400.0,2220.0,180.0,2400.0,0.0,1.0,-0.0,0.0,0.38297173566854914,212.549313296041,0.925,600.0,555.0,45.0,1.0,0.0,0.0,0.38297173566854936,212.54931329604267,0.925,600.0,555.0,45.0,1.0,0.0,-0.0,0.38297173566854015,212.54931329603846,0.9249999999999964,600.0,555.0,45.0,1.0,0.0,-0.0,0.38297173566855175,212.5493132960459,0.925,600.0,555.0,45.0,1.0,,,0.101,224.22000000000003,2220.0,2220.0,0.0,68.82,0.0,,,280.0,0.0,120.4,4.0,1459.723430943698,0.0,-0.0,0.0,156.49336832989778
76,1,77,0.109981132,0.0,1459.7234309436908,,,,0,0.0,1,2500.0,2500.0,0.0,400.0,83.0,0.0,,,385.30617775953016,2500.0,2400.0,100.0,2500.0,0.0,1.0,0.0,0.0,0.16181354617928076,132.73249995022,0.96,854.4588759478215,820.2805209099087,34.178355037912894,1.0,0.0,0.0,0.16156792085311347,132.02744857214356,0.96,851.2122427302951,817.1637530210833,34.048489709211836,1.0,0.0,-0.0,0.15808186223792567,120.54622923716664,0.96,794.3288813217802,762.5557260689089,31.773155252871234,,,,850.1972531841607,2400.0,2220.0,180.0,2400.0,0.0,1.0,-0.0,0.0,0.38297173566854686,212.54931329603954,0.925,600.0,555.0,45.0,1.0,0.0,0.0,0.38297173566854675,212.54931329603934,0.925,600.0,555.0,45.0,1.0,0.0,-0.0,0.38297173566854015,212.54931329603846,0.9249999999999964,600.0,555.0,45.0,1.0,0.0,-0.0,0.3829717356685467,212.5493132960434,0.925,600.0,555.0,45.0,1.0,,,0.101,224.22000000000003,2220.0,2220.0,0.0,68.82,0.0,,,280.0,0.0,120.4,4.0,1459.7234309436908,0.0,-0.0,0.0,160.54203534211095
77,1,78,0.115301887,0.0,1459.7234309436851,,,,0,0.0,1,2500.0,2500.0,0.0,400.0,83.0,0.0,,,385.30617775953016,2500.0,2400.0,100.0,2500.0,0.0,1.0,0.0,0.0,0.16181354617928076,132.73249995022,0.96,854.4588759478215,820.2805209099087,34.178355037912894,1.0,0.0,0.0,0.16156792085311347,132.02744857214356,0.96,851.2122427302951,817.1637530210833,34.048489709211836,1.0,0.0,-0.0,0.15808186223792567,120.54622923716664,0.96,794.3288813217802,762.5557260689089,31.773155252871234,,,,850.197253184155,2400.0,2220.0,180.0,2400.0,0.0,1.0,-0.0,0.0,0.38297173566854625,212.54931329603724,0.925,600.0,555.0,45.0,1.0,0.0,0.0,0.3829717356685442,212.54931329603602,0.925,600.0,555.0,45.0,1.0,0.0,-0.0,0.38297173566854015,212.54931329603846,0.9249999999999964,600.0,555.0,45.0,1.0,0.0,-0.0,0.38297173566854625,212.54931329604318,0.925,600.0,555.0,45.0,1.0,,,0.101,224.22000000000003,2220.0,2220.0,0.0,68.82,0.0,,,280.0,0.0,120.4,4.0,1459.7234309436851,0.0,-0.0,0.0,168.3088660859211
78,1,79,0.104735849,0.0,1459.7234309436951,,,,0,0.0,1,2500.0,2500.0,0.0,400.0,83.0,0.0,,,385.30617775953016,2500.0,2400.0,100.0,2500.0,0.0,1.0,0.0,0.0,0.16181354617928076,132.73249995022,0.96,854.4588759478215,820.2805209099087,34.178355037912894,1.0,0.0,0.0,0.16156792085311347,132.02744857214356,0.96,851.2122427302951,817.1637530210833,34.048489709211836,1.0,0.0,-0.0,0.15808186223792567,120.54622923716664,0.96,794.3288813217802,762.5557260689089,31.773155252871234,,,,850.197253184165,2400.0,2220.0,180.0,2400.0,0.0,1.0,-0.0,0.0,0.382971735668544,212.54931329603582,0.925,600.0,555.0,45.0,1.0,0.0,0.0,0.38297173566854165,212.54931329603272,0.925,600.0,555.0,45.0,1.0,0.0,-0.0,0.38297173566856496,212.54931329605355,0.925,600.0,555.0,45.0,1.0,0.0,-0.0,0.3829717356685458,212.54931329604293,0.925,600.0,555.0,45.0,1.0,,,0.101,224.22000000000003,2220.0,2220.0,0.0,68.82,0.0,,,280.0,0.0,120.4,4.0,1459.7234309436951,0.0,-0.0,0.0,152.88537284508078
79,1,80,0.098216981,0.0,1459.7234309436674,,,,0,0.0,1,2500.0,2500.0,0.0,400.0,83.0,0.0,,,385.30617775953016,2500.0,2400.0,100.0,2500.0,0.0,1.0,0.0,0.0,0.16181354617928076,132.73249995022,0.96,854.4588759478215,820.2805209099087,34.178355037912894,1.0,0.0,0.0,0.16156792085311347,132.02744857214356,0.96,851.2122427302951,817.1637530210833,34.048489709211836,1.0,0.0,-0.0,0.15808186223792567,120.54622923716664,0.96,794.3288813217802,762.5557260689089,31.773155252871234,,,,850.1972531841373,2400.0,2220.0,180.0,2400.0,0.0,1.0,-0.0,0.0,0.38297173566854337,212.54931329603352,0.925,600.0,555.0,45.0,1.0,0.0,0.0,0.38297173566853904,212.54931329602937,0.925,600.0,555.0,45.0,1.0,0.0,-0.0,0.3829717356685407,212.5493132960396,0.925,600.0,555.0,45.0,1.0,0.0,-0.0,0.38297173566854426,212.54931329603482,0.925,600.0,555.0,45.0,1.0,,,0.101,224.22000000000003,2220.0,2220.0,0.0,68.82,0.0,,,280.0,0.0,120.4,4.0,1459.7234309436674,0.0,-0.0,0.0,143.36962848224897
80,1,81,0.091320755,0.0,1459.7234309436762,,,,0,0.0,1,2500.0,2500.0,0.0,400.0,83.0,0.0,,,385.30617775953016,2500.0,2400.0,100.0,2500.0,0.0,1.0,0.0,0.0,0.16181354617928076,132.73249995022,0.96,854.4588759478215,820.2805209099087,34.178355037912894,1.0,0.0,0.0,0.16156792085311347,132.02744857214356,0.96,851.2122427302951,817.1637530210833,34.048489709211836,1.0,0.0,-0.0,0.15808186223792567,120.54622923716664,0.96,794.3288813217802,762.5557260689089,31.773155252871234,,,,850.197253184146,2400.0,2220.0,180.0,2400.0,0.0,1.0,-0.0,0.0,0.3829717356685411,212.54931329603207,0.925,600.0,555.0,45.0,1.0,0.0,0.0,0.3829717356685365,212.54931329602607,0.925,600.0,555.0,45.0,1.0,0.0,-0.0,0.38297173566856496,212.54931329605355,0.925,600.0,555.0,45.0,1.0,0.0,-0.0,0.38297173566854387,212.54931329603426,0.925,600.0,555.0,45.0,1.0,,,0.101,224.22000000000003,2220.0,2220.0,0.0,68.82,0.0,,,280.0,0.0,120.4,4.0,1459.7234309436762,0.0,-0.0,0.0,133.30304580496687
81,1,82,0.081169811,0.0,1459.7234309436524,,,,0,0.0,1,2500.0,2500.0,0.0,400.0,83.0,0.0,,,385.30617775953016,2500.0,2400.0,100.0,2500.0,0.0,1.0,0.0,0.0,0.16181354617928076,132.73249995022,0.96,854.4588759478215,820.2805209099087,34.178355037912894,1.0,0.0,0.0,0.16156792085311347,132.02744857214356,0.96,851.2122427302951,817.1637530210833,34.048489709211836,1.0,0.0,-0.0,0.15808186223792567,120.54622923716664,0.96,794.3288813217802,762.5557260689089,31.773155252871234,,,,850.1972531841222,2400.0,2220.0,180.0,2400.0,0.0,1.0,-0.0,0.0,0.3829717356685318,212.54931329602005,0.925,600.0,555.0,45.0,1.0,0.0,0.0,0.38297173566853393,212.5493132960228,0.925,600.0,555.0,45.0,1.0,0.0,-0.0,0.3829717356685533,212.54931329604577,0.9249999999999964,600.0,555.0,45.0,1.0,0.0,-0.0,0.38297173566854337,212.54931329603363,0.925,600.0,555.0,45.0,1.0,,,0.101,224.22000000000003,2220.0,2220.0,0.0,68.82,0.0,,,280.0,0.0,120.4,4.0,1459.7234309436524,0.0,-0.0,0.0,118.48547500196781
82,1,83,0.079603774,0.0,1459.72343094366,,,,0,0.0,1,2500.0,2500.0,0.0,400.0,83.0,0.0,,,385.30617775953016,2500.0,2400.0,100.0,2500.0,0.0,1.0,0.0,0.0,0.16181354617928076,132.73249995022,0.96,854.4588759478215,820.2805209099087,34.178355037912894,1.0,0.0,0.0,0.16156792085311347,132.02744857214356,0.96,851.2122427302951,817.1637530210833,34.048489709211836,1.0,0.0,-0.0,0.15808186223792567,120.54622923716664,0.96,794.3288813217802,762.5557260689089,31.773155252871234,,,,850.1972531841299,2400.0,2220.0,180.0,2400.0,0.0,1.0,-0.0,0.0,0.38297173566852927,212.54931329601678,0.925,600.0,555.0,45.0,1.0,0.0,0.0,0.38297173566854076,212.54931329603158,0.925,600.0,555.0,45.0,1.0,0.0,-0.0,0.3829717356685407,212.5493132960396,0.925,600.0,555.0,45.0,1.0,0.0,-0.0,0.382971735668544,212.5493132960419,0.925,600.0,555.0,45.0,1.0,,,0.101,224.22000000000003,2220.0,2220.0,0.0,68.82,0.0,,,280.0,0.0,120.4,4.0,1459.72343094366,0.0,-0.0,0.0,116.19949409934372
83,1,84,0.07840566,0.0,1459.723430943626,,,,0,0.0,1,2500.0,2500.0,0.0,400.0,83.0,0.0,,,385.30617775952464,2500.0,2400.0,100.0,2500.0,0.0,1.0,0.0,0.0,0.16181354617928076,132.73249995022,0.96,854.4588759478215,820.2805209099087,34.178355037912894,1.0,0.0,0.0,0.16156792085311347,132.02744857214356,0.96,851.2122427302951,817.1637530210833,34.048489709211836,1.0,0.0,-0.0,0.1580818622379243,120.54622923716113,0.96,794.3288813217507,762.5557260688806,31.77315525287006,,,,850.1972531841012,2400.0,2220.0,180.0,2400.0,0.0,1.0,-0.0,0.0,0.3829717356685276,212.5493132960134,0.925,600.0,555.0,45.0,1.0,0.0,0.0,0.3829717356685382,212.5493132960283,0.925,600.0,555.0,45.0,1.0,0.0,-0.0,0.3829717356685382,212.54931329602837,0.925,600.0,555.0,45.0,1.0,0.0,-0.0,0.3829717356685403,212.54931329603116,0.925,600.0,555.0,45.0,1.0,,,0.101,224.22000000000003,2220.0,2220.0,0.0,68.82,0.0,,,280.0,0.0,120.4,4.0,1459.723430943626,0.0,-0.0,0.0,114.45057902059942
84,1,85,0.08359434,0.0,1459.7234309436628,,,,0,0.0,1,2500.0,2500.0,0.0,400.0,83.0,0.0,,,385.30617775952453,2500.0,2400.0,100.0,2500.0,0.0,1.0,0.0,0.0,0.16181354617928076,132.73249995022,0.96,854.4588759478215,820.2805209099087,34.178355037912894,1.0,0.0,0.0,0.16156792085311347,132.02744857214356,0.96,851.2122427302951,817.1637530210833,34.048489709211836,1.0,0.0,-0.0,0.15808186223792425,120.546229237161,0.96,794.32888132175,762.55572606888,31.77315525287003,,,,850.1972531841382,2400.0,2220.0,180.0,2400.0,0.0,1.0,-0.0,0.0,0.382971735668526,212.54931329601112,0.925,600.0,555.0,45.0,1.0,0.0,0.0,0.3829717356685356,212.54931329602493,0.925,600.0,555.0,45.0,1.0,0.0,-0.0,0.3829717356685658,212.54931329605415,0.925,600.0,555.0,45.0,1.0,0.0,-0.0,0.3829717356685548,212.54931329604804,0.925,600.0,555.0,45.0,1.0,,,0.101,224.22000000000003,2220.0,2220.0,0.0,68.82,0.0,,,280.0,0.0,120.4,4.0,1459.7234309436628,0.0,-0.0,0.0,122.02461679227108
85,1,86,0.088679245,0.0,1459.7234309436428,,,,0,0.0,1,2500.0,2500.0,0.0,400.0,83.0,0.0,,,385.30617775952453,2500.0,2400.0,100.0,2500.0,0.0,1.0,0.0,0.0,0.16181354617928076,132.73249995022,0.96,854.4588759478215,820.2805209099087,34.178355037912894,1.0,0.0,0.0,0.16156792085311347,132.02744857214356,0.96,851.2122427302951,817.1637530210833,34.048489709211836,1.0,0.0,-0.0,0.15808186223792425,120.546229237161,0.96,794.32888132175,762.55572606888,31.77315525287003,,,,850.1972531841184,2400.0,2220.0,180.0,2400.0,0.0,1.0,-0.0,0.0,0.3829717356685276,212.54931329600964,0.925,600.0,555.0,45.0,1.0,0.0,0.0,0.38297173566853304,212.54931329602164,0.925,600.0,555.0,45.0,1.0,0.0,-0.0,0.38297173566854015,212.5493132960391,0.9249999999999965,600.0,555.0,45.0,1.0,0.0,-0.0,0.3829717356685548,212.54931329604804,0.925,600.0,555.0,45.0,1.0,,,0.101,224.22000000000003,2220.0,2220.0,0.0,68.82,0.0,,,280.0,0.0,120.4,4.0,1459.7234309436428,0.0,-0.0,0.0,129.4471717648919
86,1,87,0.09604717,0.0,1459.7234309436362,,,,0,0.0,1,2500.0,2500.0,0.0,400.0,83.0,0.0,,,385.30617775952453,2500.0,2400.0,100.0,2500.0,0.0,1.0,0.0,0.0,0.16181354617928076,132.73249995022,0.96,854.4588759478215,820.2805209099087,34.178355037912894,1.0,0.0,0.0,0.16156792085311347,132.02744857214356,0.96,851.2122427302951,817.1637530210833,34.048489709211836,1.0,0.0,-0.0,0.15808186223792425,120.546229237161,0.96,794.32888132175,762.55572606888,31.77315525287003,,,,850.1972531841117,2400.0,2220.0,180.0,2400.0,0.0,1.0,-0.0,0.0,0.3829717356685276,212.54931329600626,0.925,600.0,555.0,45.0,1.0,0.0,0.0,0.3829717356685305,212.5493132960183,0.925,600.0,555.0,45.0,1.0,0.0,-0.0,0.38297173566854015,212.5493132960391,0.9249999999999965,600.0,555.0,45.0,1.0,0.0,-0.0,0.3829717356685548,212.54931329604804,0.925,600.0,555.0,45.0,1.0,,,0.101,224.22000000000003,2220.0,2220.0,0.0,68.82,0.0,,,280.0,0.0,120.4,4.0,1459.7234309436362,0.0,-0.0,0.0,140.2023045248267
87,1,88,0.097943396,0.0,1459.7234309436305,,,,0,0.0,1,2500.0,2500.0,0.0,400.0,83.0,0.0,,,385.30617775952453,2500.0,2400.0,100.0,2500.0,0.0,1.0,0.0,0.0,0.16181354617928076,132.73249995022,0.96,854.4588759478215,820.2805209099087,34.178355037912894,1.0,0.0,0.0,0.16156792085311347,132.02744857214356,0.96,851.2122427302951,817.1637530210833,34.048489709211836,1.0,0.0,-0.0,0.15808186223792425,120.546229237161,0.96,794.32888132175,762.55572606888,31.77315525287003,,,,850.1972531841061,2400.0,2220.0,180.0,2400.0,0.0,1.0,-0.0,0.0,0.3829717356685205,212.54931329600402,0.925,600.0,555.0,45.0,1.0,0.0,0.0,0.3829717356685279,212.549313296015,0.925,600.0,555.0,45.0,1.0,0.0,-0.0,0.38297173566854015,212.5493132960391,0.9249999999999965,600.0,555.0,45.0,1.0,0.0,-0.0,0.3829717356685548,212.54931329604804,0.925,600.0,555.0,45.0,1.0,,,0.101,224.22000000000003,2220.0,2220.0,0.0,68.82,0.0,,,280.0,0.0,120.4,4.0,1459.7234309436305,0.0,-0.0,0.0,142.97027004739067
88,1,89,0.115075472,0.0,737.1790273294977,,,,0,0.0,1,1250.0,1250.0,0.0,200.0,41.5,0.0,,,199.9704007374824,1250.0,1200.0,50.0,1250.0,0.0,1.0,0.0,0.0,0.16181354617928076,132.73249995021993,0.96,854.4588759478212,820.2805209099083,34.17835503791288,1.0,0.0,0.0,0.17707256142982758,67.23790078726246,0.96,395.5411240520616,379.71947908997913,15.821644962082479,-0.0,0.0,1.0,0.271,0.0,0.96,0.0,0.0,0.0,,,,425.0986265920153,1200.0,1110.0,90.0,1200.0,0.0,1.0,-0.0,0.0,0.3829717356685202,212.54931329600365,0.925,600.0,555.0,45.0,1.0,0.0,0.0,0.3829717356685253,212.54931329601166,0.925,600.0,555.0,45.0,-0.0,0.0,1.0,0.08724817754776784,0.0,0.8800000000000001,0.0,0.0,0.0,-0.0,0.0,1.0,0.08724817754776784,0.0,0.8800000000000001,0.0,0.0,0.0,1.0,,,0.101,112.11000000000001,1110.0,1110.0,0.0,34.41,0.0,,,140.0,0.0,60.2,2.0,737.1790273294977,0.0,0.0,0.0,84.83122451844284
89,1,90,3.574311321,0.0,0.0,,,,0,0.0,1,0.0,0.0,0.0,0.0,0.0,0.0,,,0.0,0.0,0.0,0.0,0.0,0.0,-0.0,0.0,1.0,0.271,0.0,0.96,0.0,0.0,0.0,-0.0,0.0,1.0,0.271,0.0,0.96,0.0,0.0,0.0,-0.0,0.0,-0.0,0.271,0.0,0.96,0.0,0.0,0.0,,,,0.0,0.0,0.0,0.0,0.0,0.0,-0.0,0.0,1.0,0.08724817754776784,0.0,0.8800000000000001,0.0,0.0,0.0,-0.0,0.0,1.0,0.08724817754776784,0.0,0.8800000000000001,0.0,0.0,0.0,-0.0,0.0,-0.0,0.08724817754776784,0.0,0.8800000000000001,0.0,0.0,0.0,-0.0,0.0,-0.0,0.08724817754776784,0.0,0.8800000000000001,0.0,0.0,0.0,1.0,,,0.101,0.0,0.0,0.0,0.0,0.0,0.0,,,0.0,0.0,0.0,-0.0,0.0,0.0,0.0,0.0,0.0
90,1,91,4.734849057,0.0,0.0,,,,0,0.0,1,0.0,0.0,0.0,0.0,0.0,0.0,,,0.0,0.0,0.0,0.0,0.0,0.0,-0.0,0.0,-0.0,0.271,0.0,0.96,0.0,0.0,0.0,-0.0,0.0,-0.0,0.271,0.0,0.96,0.0,0.0,0.0,-0.0,0.0,-0.0,0.271,0.0,0.96,0.0,0.0,0.0,,,,0.0,0.0,0.0,0.0,0.0,0.0,-0.0,0.0,-0.0,0.08724817754776784,0.0,0.8800000000000001,0.0,0.0,0.0,-0.0,0.0,0.0,0.08724817754776784,0.0,0.8800000000000001,0.0,0.0,0.0,-0.0,0.0,-0.0,0.08724817754776784,0.0,0.8800000000000001,0.0,0.0,0.0,-0.0,0.0,-0.0,0.08724817754776784,0.0,0.8800000000000001,0.0,0.0,0.0,1.0,,,0.101,0.0,0.0,0.0,0.0,0.0,0.0,,,0.0,0.0,0.0,-0.0,0.0,0.0,0.0,0.0,0.0
91,1,92,2.383122642,0.0,0.0,,,,0,0.0,1,0.0,0.0,0.0,0.0,0.0,0.0,,,0.0,0.0,0.0,0.0,0.0,0.0,-0.0,0.0,-0.0,0.271,0.0,0.96,0.0,0.0,0.0,-0.0,0.0,-0.0,0.271,0.0,0.96,0.0,0.0,0.0,-0.0,0.0,-0.0,0.271,0.0,0.96,0.0,0.0,0.0,,,,0.0,0.0,0.0,0.0,0.0,0.0,-0.0,-0.0,-0.0,0.08724817754776784,0.0,0.8800000000000001,0.0,0.0,0.0,-0.0,0.0,0.0,0.08724817754776784,0.0,0.8800000000000001,0.0,0.0,0.0,-0.0,0.0,-0.0,0.08724817754776784,0.0,0.8800000000000001,0.0,0.0,0.0,-0.0,0.0,-0.0,0.08724817754776784,0.0,0.8800000000000001,0.0,0.0,0.0,1.0,,,0.101,0.0,0.0,0.0,0.0,0.0,-0.0,,,0.0,0.0,0.0,-0.0,0.0,0.0,0.0,0.0,0.0
92,1,93,0.713028302,0.0,0.0,,,,0,0.0,1,0.0,0.0,0.0,0.0,0.0,0.0,,,0.0,0.0,0.0,0.0,0.0,0.0,-0.0,0.0,0.0,0.271,0.0,0.96,0.0,0.0,0.0,-0.0,0.0,0.0,0.271,0.0,0.96,0.0,0.0,0.0,-0.0,0.0,-0.0,0.271,0.0,0.96,0.0,0.0,0.0,,,,0.0,0.0,0.0,0.0,0.0,0.0,0.0,-0.0,-0.0,0.08724817754776784,0.0,0.8800000000000001,0.0,0.0,0.0,0.0,0.0,0.0,0.08724817754776784,0.0,0.8800000000000001,0.0,0.0,0.0,-0.0,0.0,-0.0,0.08724817754776784,0.0,0.8800000000000001,0.0,0.0,0.0,-0.0,0.0,-0.0,0.08724817754776784,0.0,0.8800000000000001,0.0,0.0,0.0,1.0,,,0.101,0.0,0.0,0.0,0.0,0.0,-0.0,,,0.0,0.0,0.0,0.0,0.0,0.0,0.0,0.0,0.0
93,1,94,0.145283019,0.0,0.0,,,,0,0.0,1,0.0,0.0,0.0,0.0,0.0,0.0,,,0.0,0.0,0.0,0.0,0.0,0.0,-0.0,0.0,0.0,0.271,0.0,0.96,0.0,0.0,0.0,-0.0,0.0,0.0,0.271,0.0,0.96,0.0,0.0,0.0,-0.0,0.0,-0.0,0.271,0.0,0.96,0.0,0.0,0.0,,,,0.0,0.0,0.0,0.0,0.0,0.0,0.0,-0.0,0.0,0.08724817754776784,0.0,0.8800000000000001,0.0,0.0,0.0,0.0,0.0,0.0,0.08724817754776784,0.0,0.8800000000000001,0.0,0.0,0.0,-0.0,0.0,-0.0,0.08724817754776784,0.0,0.8800000000000001,0.0,0.0,0.0,-0.0,0.0,-0.0,0.08724817754776784,0.0,0.8800000000000001,0.0,0.0,0.0,1.0,,,0.101,0.0,0.0,0.0,0.0,0.0,-0.0,,,0.0,0.0,0.0,0.0,0.0,0.0,0.0,0.0,0.0
94,1,95,0.113698113,0.0,569.0854531147176,,,,0,0.0,1,1083.3333333333333,1083.3333333333333,0.0,173.33333333333334,35.96666666666667,0.0,,,167.74152954825053,1083.3333333333333,1040.0,43.333333333333336,1083.3333333333333,0.0,1.0,1.0,0.0,0.16128058744564627,83.88570742910176,0.96,541.7945620274741,520.1227795463751,21.671782481098983,1.0,1.0,0.0,0.16129928148421763,83.85582211914878,0.96,541.5387713058594,519.877220453625,21.661550852234395,-0.0,0.0,-0.0,0.271,0.0,0.96,0.0,0.0,0.0,,,,308.9087235664673,1040.0,915.2,124.8,1040.0,0.0,1.0,1.0,0.0,0.33753138501580776,154.45436178323365,0.88,520.0,457.6,62.4,1.0,1.0,0.0,0.33753138501580776,154.45436178323365,0.88,520.0,457.6,62.4,-0.0,0.0,-0.0,0.08724817754776784,0.0,0.88,0.0,0.0,0.0,-0.0,0.0,-0.0,0.08724817754776784,0.0,0.88,0.0,0.0,0.0,0.0,,,0.101,92.43519999999971,915.2,0.0,915.2,28.37119999999991,1.0,,,1083.3333333333333,0.0,465.8333333333333,2.0,569.0854531147176,0.0,0.0,0.0,64.70394215489335
95,1,96,0.109745283,0.0,569.0854531147176,,,,0,0.0,1,1083.3333333333333,1083.3333333333333,0.0,173.33333333333334,35.96666666666667,0.0,,,167.74152954825053,1083.3333333333333,1040.0,43.333333333333336,1083.3333333333333,0.0,1.0,0.0,0.0,0.16128058744564627,83.88570742910176,0.96,541.7945620274741,520.1227795463751,21.671782481098983,1.0,0.0,0.0,0.16129928148421763,83.85582211914878,0.96,541.5387713058594,519.877220453625,21.661550852234395,-0.0,0.0,-0.0,0.27099999999999996,0.0,0.96,0.0,0.0,0.0,,,,308.9087235664673,1040.0,915.2,124.8,1040.0,0.0,1.0,-0.0,0.0,0.33753138501580776,154.45436178323365,0.88,520.0,457.6,62.4,1.0,0.0,0.0,0.33753138501580776,154.45436178323365,0.88,520.0,457.6,62.4,-0.0,0.0,-0.0,0.08724817754776784,0.0,0.8800000000000001,0.0,0.0,0.0,-0.0,0.0,-0.0,0.08724817754776784,0.0,0.8800000000000001,0.0,0.0,0.0,0.0,,,0.101,92.43519999999971,915.2,0.0,915.2,28.37119999999991,1.0,,,1083.3333333333333,0.0,465.8333333333333,2.0,569.0854531147176,0.0,0.0,0.0,62.454444103257906
96,1,97,0.105754717,0.0,1459.8723576322352,,,,0,0.0,1,2500.0,2500.0,0.0,400.0,83.0,0.0,,,385.4551044480568,2500.0,2400.0,100.0,2500.0,0.0,1.0,0.0,0.0,0.1633576852417337,136.9891576516215,0.96,873.5251054107348,838.5841011943054,34.94100421642942,1.0,0.0,0.0,0.15990308257170982,126.96976972773204,0.96,827.1271239590252,794.0420390006642,33.08508495836104,1.0,1.0,-0.0,0.15832722931111587,121.49617706870322,0.96,799.3477706302143,767.3738598050057,31.973910825208602,,,,850.1972531841785,2400.0,2220.0,180.0,2400.0,0.0,1.0,-0.0,0.0,0.3829717356685517,212.5493132960436,0.925,600.0,555.0,45.0,1.0,0.0,0.0,0.3829717356685467,212.5493132960393,0.925,600.0,555.0,45.0,1.0,1.0,-0.0,0.3829717356685543,212.54931329604764,0.9249999999999998,600.0,555.0,45.0,1.0,1.0,-0.0,0.3829717356685548,212.54931329604804,0.925,600.0,555.0,45.0,1.0,,,0.101,224.22000000000003,2220.0,2220.0,0.0,68.82,0.0,,,280.0,0.0,120.4,4.0,1459.8723576322352,0.0,-0.0,0.0,154.38838803751983
97,1,98,0.105566038,0.0,1459.8723576322393,,,,0,0.0,1,2500.0,2500.0,0.0,400.0,83.0,0.0,,,385.4551044480568,2500.0,2400.0,100.0,2500.0,0.0,1.0,0.0,0.0,0.1633576852417337,136.9891576516215,0.96,873.5251054107348,838.5841011943054,34.94100421642942,1.0,0.0,0.0,0.15990308257170982,126.96976972773204,0.96,827.1271239590252,794.0420390006642,33.08508495836104,1.0,0.0,-0.0,0.15832722931111587,121.49617706870322,0.96,799.3477706302143,767.3738598050057,31.973910825208602,,,,850.1972531841824,2400.0,2220.0,180.0,2400.0,0.0,1.0,-0.0,0.0,0.38297173566855147,212.54931329604398,0.925,600.0,555.0,45.0,1.0,0.0,0.0,0.3829717356685493,212.5493132960426,0.925,600.0,555.0,45.0,1.0,0.0,-0.0,0.38297173566855464,212.5493132960478,0.9249999999999998,600.0,555.0,45.0,1.0,0.0,-0.0,0.3829717356685548,212.54931329604804,0.925,600.0,555.0,45.0,1.0,,,0.101,224.22000000000003,2220.0,2220.0,0.0,68.82,0.0,,,280.0,0.0,120.4,4.0,1459.8723576322393,0.0,-0.0,0.0,154.11294078095457
98,1,99,0.106066038,0.0,1459.8723576322425,,,,0,0.0,1,2500.0,2500.0,0.0,400.0,83.0,0.0,,,385.4551044480566,2500.0,2400.0,100.0,2500.0,0.0,1.0,0.0,0.0,0.1633576852417337,136.98915765162138,0.96,873.5251054107341,838.5841011943047,34.9410042164294,1.0,0.0,0.0,0.15990308257170982,126.96976972773204,0.96,827.1271239590252,794.0420390006642,33.08508495836104,1.0,0.0,-0.0,0.15832722931111579,121.49617706870315,0.96,799.3477706302143,767.3738598050057,31.973910825208602,,,,850.1972531841859,2400.0,2220.0,180.0,2400.0,0.0,1.0,-0.0,0.0,0.38297173566855175,212.54931329604435,0.925,600.0,555.0,45.0,1.0,0.0,0.0,0.38297173566855186,212.54931329604594,0.925,600.0,555.0,45.0,1.0,0.0,-0.0,0.38297173566855447,212.54931329604773,0.925,600.0,555.0,45.0,1.0,0.0,-0.0,0.38297173566855486,212.54931329604796,0.925,600.0,555.0,45.0,1.0,,,0.101,224.22000000000003,2220.0,2220.0,0.0,68.82,0.0,,,280.0,0.0,120.4,4.0,1459.8723576322425,0.0,-0.0,0.0,154.84287695977102
99,1,100,0.107207547,0.0,1459.872357632236,,,,0,0.0,1,2500.0,2500.0,0.0,400.0,83.0,0.0,,,385.4551044480566,2500.0,2400.0,100.0,2500.0,0.0,1.0,0.0,0.0,0.1633576852417337,136.98915765162138,0.96,873.5251054107341,838.5841011943047,34.9410042164294,1.0,0.0,0.0,0.15990308257170982,126.96976972773204,0.96,827.1271239590252,794.0420390006642,33.08508495836104,1.0,0.0,-0.0,0.15832722931111579,121.49617706870315,0.96,799.3477706302143,767.3738598050057,31.973910825208602,,,,850.1972531841793,2400.0,2220.0,180.0,2400.0,0.0,1.0,-0.0,0.0,0.3829717356685514,212.54931329604378,0.925,600.0,555.0,45.0,1.0,0.0,0.0,0.38297173566854886,212.54931329604048,0.925,600.0,555.0,45.0,1.0,0.0,-0.0,0.38297173566855436,212.54931329604767,0.925,600.0,555.0,45.0,1.0,0.0,-0.0,0.3829717356685538,212.54931329604736,0.925,600.0,555.0,45.0,1.0,,,0.101,224.22000000000003,2220.0,2220.0,0.0,68.82,0.0,,,280.0,0.0,120.4,4.0,1459.872357632236,0.0,-0.0,0.0,156.50933439485874
100,1,101,0.109981132,0.0,1459.8723576322384,,,,0,0.0,1,2500.0,2500.0,0.0,400.0,83.0,0.0,,,385.4551044480566,2500.0,2400.0,100.0,2500.0,0.0,1.0,0.0,0.0,0.1633576852417337,136.98915765162138,0.96,873.5251054107341,838.5841011943047,34.9410042164294,1.0,0.0,0.0,0.15990308257170982,126.96976972773204,0.96,827.1271239590252,794.0420390006642,33.08508495836104,1.0,0.0,-0.0,0.15832722931111579,121.49617706870315,0.96,799.3477706302143,767.3738598050057,31.973910825208602,,,,850.1972531841818,2400.0,2220.0,180.0,2400.0,0.0,1.0,-0.0,0.0,0.3829717356685517,212.5493132960437,0.925,600.0,555.0,45.0,1.0,0.0,0.0,0.3829717356685491,212.54931329604236,0.925,600.0,555.0,45.0,1.0,0.0,-0.0,0.38297173566855436,212.54931329604767,0.925,600.0,555.0,45.0,1.0,0.0,-0.0,0.38297173566855514,212.5493132960481,0.925,600.0,555.0,45.0,1.0,,,0.101,224.22000000000003,2220.0,2220.0,0.0,68.82,0.0,,,280.0,0.0,120.4,4.0,1459.8723576322384,0.0,-0.0,0.0,160.55841446790242
101,1,102,0.115301887,0.0,1459.8723576322336,,,,0,0.0,1,2500.0,2500.0,0.0,400.0,83.0,0.0,,,385.4551044480566,2500.0,2400.0,100.0,2500.0,0.0,1.0,0.0,0.0,0.1633576852417337,136.98915765162138,0.96,873.5251054107341,838.5841011943047,34.9410042164294,1.0,0.0,0.0,0.15990308257170982,126.96976972773204,0.96,827.1271239590252,794.0420390006642,33.08508495836104,1.0,0.0,-0.0,0.15832722931111579,121.49617706870315,0.96,799.3477706302143,767.3738598050057,31.973910825208602,,,,850.197253184177,2400.0,2220.0,180.0,2400.0,0.0,1.0,-0.0,0.0,0.3829717356685517,212.54931329604224,0.925,600.0,555.0,45.0,1.0,0.0,0.0,0.38297173566854653,212.549313296039,0.925,600.0,555.0,45.0,1.0,0.0,-0.0,0.38297173566855447,212.54931329604773,0.925,600.0,555.0,45.0,1.0,0.0,-0.0,0.3829717356685549,212.54931329604798,0.925,600.0,555.0,45.0,1.0,,,0.101,224.22000000000003,2220.0,2220.0,0.0,68.82,0.0,,,280.0,0.0,120.4,4.0,1459.8723576322336,0.0,-0.0,0.0,168.3260376141354
102,1,103,0.104735849,0.0,1459.8723576322375,,,,0,0.0,1,2500.0,2500.0,0.0,400.0,83.0,0.0,,,385.45510444805666,2500.0,2400.0,100.0,2500.0,0.0,1.0,0.0,0.0,0.1633576852417337,136.98915765162138,0.96,873.5251054107341,838.5841011943047,34.9410042164294,1.0,0.0,0.0,0.15990308257170982,126.96976972773204,0.96,827.1271239590252,794.0420390006642,33.08508495836104,1.0,0.0,-0.0,0.15832722931111587,121.49617706870322,0.96,799.3477706302143,767.3738598050057,31.973910825208602,,,,850.1972531841807,2400.0,2220.0,180.0,2400.0,0.0,1.0,-0.0,0.0,0.3829717356685482,212.54931329604125,0.925,600.0,555.0,45.0,1.0,0.0,0.0,0.38297173566855036,212.54931329604398,0.925,600.0,555.0,45.0,1.0,0.0,-0.0,0.38297173566855436,212.54931329604767,0.925,600.0,555.0,45.0,1.0,0.0,-0.0,0.3829717356685546,212.54931329604779,0.925,600.0,555.0,45.0,1.0,,,0.101,224.22000000000003,2220.0,2220.0,0.0,68.82,0.0,,,280.0,0.0,120.4,4.0,1459.8723576322375,0.0,-0.0,0.0,152.90097080824404
103,1,104,0.098216981,0.0,1459.8723576322348,,,,0,0.0,1,2500.0,2500.0,0.0,400.0,83.0,0.0,,,385.45510444805666,2500.0,2400.0,100.0,2500.0,0.0,1.0,0.0,0.0,0.1633576852417337,136.98915765162138,0.96,873.5251054107341,838.5841011943047,34.9410042164294,1.0,0.0,0.0,0.15990308257170982,126.96976972773204,0.96,827.1271239590252,794.0420390006642,33.08508495836104,1.0,0.0,-0.0,0.15832722931111587,121.49617706870322,0.96,799.3477706302143,767.3738598050057,31.973910825208602,,,,850.1972531841782,2400.0,2220.0,180.0,2400.0,0.0,1.0,-0.0,0.0,0.3829717356685516,212.54931329603895,0.925,600.0,555.0,45.0,1.0,0.0,0.0,0.38297173566854775,212.54931329604065,0.925,600.0,555.0,45.0,1.0,0.0,-0.0,0.3829717356685548,212.54931329604804,0.925,600.0,555.0,45.0,1.0,0.0,-0.0,0.3829717356685569,212.54931329605057,0.925,600.0,555.0,45.0,1.0,,,0.101,224.22000000000003,2220.0,2220.0,0.0,68.82,0.0,,,280.0,0.0,120.4,4.0,1459.8723576322348,0.0,-0.0,0.0,143.3842556119904
104,1,105,0.091320755,0.0,1459.872357632251,,,,0,0.0,1,2500.0,2500.0,0.0,400.0,83.0,0.0,,,385.4551044480566,2500.0,2400.0,100.0,2500.0,0.0,1.0,0.0,0.0,0.1633576852417337,136.98915765162138,0.96,873.5251054107341,838.5841011943047,34.9410042164294,1.0,0.0,0.0,0.15990308257170982,126.96976972773204,0.96,827.1271239590252,794.0420390006642,33.08508495836104,1.0,0.0,-0.0,0.15832722931111579,121.49617706870315,0.96,799.3477706302143,767.3738598050057,31.973910825208602,,,,850.1972531841943,2400.0,2220.0,180.0,2400.0,0.0,1.0,-0.0,0.0,0.3829717356685548,212.54931329604804,0.925,600.0,555.0,45.0,1.0,0.0,0.0,0.3829717356685548,212.54931329604804,0.925,600.0,555.0,45.0,1.0,0.0,-0.0,0.3829717356685548,212.54931329604804,0.925,600.0,555.0,45.0,1.0,0.0,-0.0,0.3829717356685558,212.54931329605014,0.925,600.0,555.0,45.0,1.0,,,0.101,224.22000000000003,2220.0,2220.0,0.0,68.82,0.0,,,280.0,0.0,120.4,4.0,1459.872357632251,0.0,-0.0,0.0,133.31664590260718
105,1,106,0.081169811,0.0,1459.8723576322286,,,,0,0.0,1,2500.0,2500.0,0.0,400.0,83.0,0.0,,,385.4551044480566,2500.0,2400.0,100.0,2500.0,0.0,1.0,0.0,0.0,0.1633576852417337,136.98915765162138,0.96,873.5251054107341,838.5841011943047,34.9410042164294,1.0,0.0,0.0,0.15990308257170982,126.96976972773204,0.96,827.1271239590252,794.0420390006642,33.08508495836104,1.0,0.0,-0.0,0.15832722931111579,121.49617706870315,0.96,799.3477706302143,767.3738598050057,31.973910825208602,,,,850.197253184172,2400.0,2220.0,180.0,2400.0,0.0,1.0,-0.0,0.0,0.38297173566853776,212.5493132960263,0.925,600.0,555.0,45.0,1.0,0.0,0.0,0.3829717356685548,212.54931329604804,0.925,600.0,555.0,45.0,1.0,0.0,-0.0,0.3829717356685548,212.54931329604804,0.925,600.0,555.0,45.0,1.0,0.0,-0.0,0.3829717356685563,212.54931329604972,0.925,600.0,555.0,45.0,1.0,,,0.101,224.22000000000003,2220.0,2220.0,0.0,68.82,0.0,,,280.0,0.0,120.4,4.0,1459.8723576322286,0.0,-0.0,0.0,118.49756335313239
106,1,107,0.079603774,0.0,1459.8723576322286,,,,0,0.0,1,2500.0,2500.0,0.0,400.0,83.0,0.0,,,385.4551044480566,2500.0,2400.0,100.0,2500.0,0.0,1.0,0.0,0.0,0.1633576852417337,136.98915765162138,0.96,873.5251054107341,838.5841011943047,34.9410042164294,1.0,0.0,0.0,0.15990308257170982,126.96976972773204,0.96,827.1271239590252,794.0420390006642,33.08508495836104,1.0,0.0,-0.0,0.15832722931111579,121.49617706870315,0.96,799.3477706302143,767.3738598050057,31.973910825208602,,,,850.197253184172,2400.0,2220.0,180.0,2400.0,0.0,1.0,-0.0,0.0,0.3829717356685516,212.54931329602667,0.925,600.0,555.0,45.0,1.0,0.0,0.0,0.3829717356685548,212.54931329604804,0.925,600.0,555.0,45.0,1.0,0.0,-0.0,0.3829717356685548,212.54931329604804,0.925,600.0,555.0,45.0,1.0,0.0,-0.0,0.38297173566855597,212.5493132960493,0.925,600.0,555.0,45.0,1.0,,,0.101,224.22000000000003,2220.0,2220.0,0.0,68.82,0.0,,,280.0,0.0,120.4,4.0,1459.8723576322286,0.0,-0.0,0.0,116.2113492258031
107,1,108,0.07840566,0.0,1459.8723576322004,,,,0,0.0,1,2500.0,2500.0,0.0,400.0,83.0,0.0,,,385.4551044480566,2500.0,2400.0,100.0,2500.0,0.0,1.0,0.0,0.0,0.1633576852417337,136.98915765162138,0.96,873.5251054107341,838.5841011943047,34.9410042164294,1.0,0.0,0.0,0.15990308257170982,126.96976972773204,0.96,827.1271239590252,794.0420390006642,33.08508495836104,1.0,0.0,-0.0,0.15832722931111579,121.49617706870315,0.96,799.3477706302143,767.3738598050057,31.973910825208602,,,,850.1972531841438,2400.0,2220.0,180.0,2400.0,0.0,1.0,-0.0,0.0,0.3829717356685516,212.54931329602897,0.925,600.0,555.0,45.0,1.0,0.0,0.0,0.38297173566855314,212.54931329603167,0.925,600.0,555.0,45.0,1.0,0.0,-0.0,0.38297173566854276,212.54931329603434,0.925,600.0,555.0,45.0,1.0,0.0,-0.0,0.38297173566855564,212.54931329604887,0.925,600.0,555.0,45.0,1.0,,,0.101,224.22000000000003,2220.0,2220.0,0.0,68.82,0.0,,,280.0,0.0,120.4,4.0,1459.8723576322004,0.0,-0.0,0.0,114.46225571590871
108,1,109,0.08359434,0.0,1459.8723576322086,,,,0,0.0,1,2500.0,2500.0,0.0,400.0,83.0,0.0,,,385.4551044480566,2500.0,2400.0,100.0,2500.0,0.0,1.0,0.0,0.0,0.1633576852417337,136.98915765162138,0.96,873.5251054107341,838.5841011943047,34.9410042164294,1.0,0.0,0.0,0.15990308257170982,126.96976972773204,0.96,827.1271239590252,794.0420390006642,33.08508495836104,1.0,0.0,-0.0,0.15832722931111579,121.49617706870315,0.96,799.3477706302143,767.3738598050057,31.973910825208602,,,,850.197253184152,2400.0,2220.0,180.0,2400.0,0.0,1.0,-0.0,0.0,0.3829717356685413,212.5493132960323,0.925,600.0,555.0,45.0,1.0,0.0,0.0,0.38297173566854337,212.549313296035,0.925,600.0,555.0,45.0,1.0,0.0,-0.0,0.3829717356685454,212.5493132960363,0.925,600.0,555.0,45.0,1.0,0.0,-0.0,0.3829717356685553,212.54931329604847,0.925,600.0,555.0,45.0,1.0,,,0.101,224.22000000000003,2220.0,2220.0,0.0,68.82,0.0,,,280.0,0.0,120.4,4.0,1459.8723576322086,0.0,-0.0,0.0,122.03706622050845
109,1,110,0.088679245,0.0,1459.8723576322354,,,,0,0.0,1,2500.0,2500.0,0.0,400.0,83.0,0.0,,,385.4551044480566,2500.0,2400.0,100.0,2500.0,0.0,1.0,0.0,0.0,0.1633576852417337,136.98915765162138,0.96,873.5251054107341,838.5841011943047,34.9410042164294,1.0,0.0,0.0,0.15990308257170982,126.96976972773204,0.96,827.1271239590252,794.0420390006642,33.08508495836104,1.0,0.0,-0.0,0.15832722931111579,121.49617706870315,0.96,799.3477706302143,767.3738598050057,31.973910825208602,,,,850.1972531841789,2400.0,2220.0,180.0,2400.0,0.0,1.0,-0.0,0.0,0.38297173566854753,212.54931329604034,0.925,600.0,555.0,45.0,1.0,0.0,0.0,0.38297173566855314,212.54931329604304,0.925,600.0,555.0,45.0,1.0,0.0,-0.0,0.3829717356685548,212.54931329604747,0.925,600.0,555.0,45.0,1.0,0.0,-0.0,0.38297173566855497,212.549313296048,0.9249999999999962,600.0,555.0,45.0,1.0,,,0.101,224.22000000000003,2220.0,2220.0,0.0,68.82,0.0,,,280.0,0.0,120.4,4.0,1459.8723576322354,0.0,-0.0,0.0,129.46037847119663
110,1,111,0.09604717,0.0,1459.8723576322338,,,,0,0.0,1,2500.0,2500.0,0.0,400.0,83.0,0.0,,,385.45510444806126,2500.0,2400.0,100.0,2500.0,0.0,1.0,0.0,0.0,0.16335768524173536,136.98915765162607,0.96,873.525105410755,838.5841011943248,34.94100421643023,1.0,0.0,0.0,0.1599030825717098,126.96976972773201,0.96,827.1271239590252,794.0420390006642,33.08508495836104,1.0,0.0,-0.0,0.15832722931111579,121.49617706870315,0.96,799.3477706302143,767.3738598050057,31.973910825208602,,,,850.1972531841725,2400.0,2220.0,180.0,2400.0,0.0,1.0,-0.0,0.0,0.382971735668545,212.549313296037,0.925,600.0,555.0,45.0,1.0,0.0,0.0,0.38297173566854703,212.5493132960397,0.925,600.0,555.0,45.0,1.0,0.0,-0.0,0.38297173566855386,212.5493132960474,0.925,600.0,555.0,45.0,1.0,0.0,-0.0,0.3829717356685553,212.54931329604847,0.9249999999999999,600.0,555.0,45.0,1.0,,,0.101,224.22000000000003,2220.0,2220.0,0.0,68.82,0.0,,,280.0,0.0,120.4,4.0,1459.8723576322338,0.0,-0.0,0.0,140.21660851180397
111,1,112,0.097943396,0.0,1459.8723576322327,,,,0,0.0,1,2500.0,2500.0,0.0,400.0,83.0,0.0,,,385.4551044480612,2500.0,2400.0,100.0,2500.0,0.0,1.0,0.0,0.0,0.16335768524173536,136.98915765162607,0.96,873.525105410755,838.5841011943248,34.94100421643023,1.0,0.0,0.0,0.15990308257170976,126.96976972773199,0.96,827.1271239590252,794.0420390006642,33.08508495836104,1.0,0.0,-0.0,0.1583272293111158,121.49617706870319,0.96,799.3477706302144,767.3738598050058,31.973910825208606,,,,850.1972531841715,2400.0,2220.0,180.0,2400.0,0.0,1.0,-0.0,0.0,0.38297173566855314,212.54931329603372,0.925,600.0,555.0,45.0,1.0,0.0,0.0,0.3829717356685465,212.5493132960375,0.925,600.0,555.0,45.0,1.0,0.0,-0.0,0.382971735668554,212.54931329604747,0.925,600.0,555.0,45.0,1.0,0.0,0.0,0.38297173566855874,212.54931329605276,0.925,600.0,555.0,45.0,1.0,,,0.101,224.22000000000003,2220.0,2220.0,0.0,68.82,0.0,,,280.0,0.0,120.4,4.0,1459.8723576322327,0.0,-0.0,0.0,142.9848564330274
112,1,113,0.115075472,0.0,739.2109403512892,,,,0,0.0,1,1250.0,1250.0,0.0,200.0,41.5,0.0,,,202.00231375921055,1250.0,1200.0,50.0,1250.0,0.0,1.0,0.0,0.0,0.16335768524173544,136.98915765162613,0.96,873.525105410755,838.5841011943248,34.94100421643023,1.0,0.0,0.0,0.17988460475155166,65.01315610758444,0.96,376.47489458923786,361.41589880566835,15.058995783569529,-0.0,0.0,1.0,0.271,0.0,0.96,0.0,0.0,0.0,,,,425.09862659207863,1200.0,1110.0,90.0,1200.0,0.0,1.0,-0.0,0.0,0.38297173566855314,212.54931329603775,0.925,600.0,555.0,45.0,1.0,0.0,0.0,0.3829717356685528,212.54931329604085,0.925,600.0,555.0,45.0,-0.0,0.0,1.0,0.08724817754776784,0.0,0.8800000000000001,0.0,0.0,0.0,-0.0,0.0,1.0,0.08724817754776784,0.0,0.8800000000000001,0.0,0.0,0.0,1.0,,,0.101,112.11000000000001,1110.0,1110.0,0.0,34.41,0.0,,,140.0,0.0,60.2,2.0,739.2109403512892,0.0,0.0,0.0,85.06504786848845
113,1,114,3.574311321,0.0,0.0,,,,0,0.0,1,0.0,0.0,0.0,0.0,0.0,0.0,,,0.0,0.0,0.0,0.0,0.0,0.0,-0.0,0.0,1.0,0.271,0.0,0.96,0.0,0.0,0.0,-0.0,0.0,1.0,0.271,0.0,0.96,0.0,0.0,0.0,-0.0,0.0,-0.0,0.271,0.0,0.96,0.0,0.0,0.0,,,,0.0,0.0,0.0,0.0,0.0,0.0,-0.0,0.0,1.0,0.08724817754776784,0.0,0.8800000000000001,0.0,0.0,0.0,-0.0,0.0,1.0,0.08724817754776784,0.0,0.8800000000000001,0.0,0.0,0.0,-0.0,0.0,-0.0,0.08724817754776784,0.0,0.8800000000000001,0.0,0.0,0.0,-0.0,0.0,-0.0,0.08724817754776784,0.0,0.8800000000000001,0.0,0.0,0.0,1.0,,,0.101,0.0,0.0,0.0,0.0,0.0,0.0,,,0.0,0.0,0.0,-0.0,0.0,0.0,0.0,0.0,0.0
114,1,115,4.734849057,0.0,0.0,,,,0,0.0,1,0.0,0.0,0.0,0.0,0.0,0.0,,,0.0,0.0,0.0,0.0,0.0,0.0,-0.0,0.0,-0.0,0.271,0.0,0.96,0.0,0.0,0.0,-0.0,0.0,-0.0,0.271,0.0,0.96,0.0,0.0,0.0,-0.0,0.0,-0.0,0.271,0.0,0.96,0.0,0.0,0.0,,,,0.0,0.0,0.0,0.0,0.0,0.0,-0.0,0.0,-0.0,0.08724817754776784,0.0,0.8800000000000001,0.0,0.0,0.0,-0.0,0.0,0.0,0.08724817754776784,0.0,0.8800000000000001,0.0,0.0,0.0,-0.0,0.0,-0.0,0.08724817754776784,0.0,0.8800000000000001,0.0,0.0,0.0,-0.0,0.0,-0.0,0.08724817754776784,0.0,0.8800000000000001,0.0,0.0,0.0,1.0,,,0.101,0.0,0.0,0.0,0.0,0.0,0.0,,,0.0,0.0,0.0,-0.0,0.0,0.0,0.0,0.0,0.0
115,1,116,2.383122642,0.0,0.0,,,,0,0.0,1,0.0,0.0,0.0,0.0,0.0,0.0,,,0.0,0.0,0.0,0.0,0.0,0.0,-0.0,0.0,-0.0,0.271,0.0,0.96,0.0,0.0,0.0,-0.0,0.0,-0.0,0.271,0.0,0.96,0.0,0.0,0.0,-0.0,0.0,-0.0,0.271,0.0,0.96,0.0,0.0,0.0,,,,0.0,0.0,0.0,0.0,0.0,0.0,-0.0,-0.0,-0.0,0.08724817754776784,0.0,0.8800000000000001,0.0,0.0,0.0,-0.0,0.0,0.0,0.08724817754776784,0.0,0.8800000000000001,0.0,0.0,0.0,-0.0,0.0,-0.0,0.08724817754776784,0.0,0.8800000000000001,0.0,0.0,0.0,-0.0,0.0,-0.0,0.08724817754776784,0.0,0.8800000000000001,0.0,0.0,0.0,1.0,,,0.101,0.0,0.0,0.0,0.0,0.0,-0.0,,,0.0,0.0,0.0,-0.0,0.0,0.0,0.0,0.0,0.0
116,1,117,0.713028302,0.0,0.0,,,,0,0.0,1,0.0,0.0,0.0,0.0,0.0,0.0,,,0.0,0.0,0.0,0.0,0.0,0.0,-0.0,0.0,0.0,0.271,0.0,0.96,0.0,0.0,0.0,-0.0,0.0,0.0,0.271,0.0,0.96,0.0,0.0,0.0,-0.0,0.0,-0.0,0.271,0.0,0.96,0.0,0.0,0.0,,,,0.0,0.0,0.0,0.0,0.0,0.0,0.0,-0.0,-0.0,0.08724817754776784,0.0,0.8800000000000001,0.0,0.0,0.0,0.0,0.0,0.0,0.08724817754776784,0.0,0.8800000000000001,0.0,0.0,0.0,-0.0,0.0,-0.0,0.08724817754776784,0.0,0.8800000000000001,0.0,0.0,0.0,-0.0,0.0,-0.0,0.08724817754776784,0.0,0.8800000000000001,0.0,0.0,0.0,1.0,,,0.101,0.0,0.0,0.0,0.0,0.0,-0.0,,,0.0,0.0,0.0,0.0,0.0,0.0,0.0,0.0,0.0
117,1,118,0.145283019,0.0,0.0,,,,0,0.0,1,0.0,0.0,0.0,0.0,0.0,0.0,,,0.0,0.0,0.0,0.0,0.0,0.0,-0.0,0.0,0.0,0.271,0.0,0.96,0.0,0.0,0.0,-0.0,0.0,0.0,0.271,0.0,0.96,0.0,0.0,0.0,-0.0,0.0,-0.0,0.271,0.0,0.96,0.0,0.0,0.0,,,,0.0,0.0,0.0,0.0,0.0,0.0,0.0,-0.0,0.0,0.08724817754776784,0.0,0.8800000000000001,0.0,0.0,0.0,0.0,0.0,0.0,0.08724817754776784,0.0,0.8800000000000001,0.0,0.0,0.0,-0.0,0.0,-0.0,0.08724817754776784,0.0,0.8800000000000001,0.0,0.0,0.0,-0.0,0.0,-0.0,0.08724817754776784,0.0,0.8800000000000001,0.0,0.0,0.0,1.0,,,0.101,0.0,0.0,0.0,0.0,0.0,-0.0,,,0.0,0.0,0.0,0.0,0.0,0.0,0.0,0.0,0.0
118,1,119,0.113698113,0.0,569.0995036301541,,,,0,0.0,1,1083.3333333333333,1083.3333333333333,0.0,173.33333333333334,35.96666666666667,0.0,,,167.7555800636871,1083.3333333333333,1040.0,43.333333333333336,1083.3333333333333,0.0,1.0,1.0,0.0,0.16048824080794777,85.20935778483387,0.96,553.0607553904952,530.9383251748753,22.122430215619826,1.0,1.0,0.0,0.16215367677641399,82.54622227885321,0.96,530.2725779428381,509.06167482512456,21.210903117713542,-0.0,0.0,-0.0,0.271,0.0,0.96,0.0,0.0,0.0,,,,308.9087235664673,1040.0,915.2,124.8,1040.0,0.0,1.0,1.0,0.0,0.33753138501580776,154.45436178323365,0.88,520.0,457.6,62.4,1.0,1.0,0.0,0.33753138501580776,154.45436178323365,0.88,520.0,457.6,62.4,-0.0,0.0,-0.0,0.08724817754776784,0.0,0.8800000000000001,0.0,0.0,0.0,-0.0,0.0,-0.0,0.08724817754776784,0.0,0.8800000000000001,0.0,0.0,0.0,0.0,,,0.101,92.43519999999971,915.2,0.0,915.2,28.37119999999991,1.0,,,1083.3333333333333,0.0,465.8333333333333,2.0,569.0995036301541,0.0,0.0,0.0,64.70553967198518
119,1,120,0.109745283,0.0,569.0995036301539,,,,0,0.0,1,1083.3333333333333,1083.3333333333333,0.0,173.33333333333334,35.96666666666667,0.0,,,167.75558006368692,1083.3333333333333,1040.0,43.333333333333336,1083.3333333333333,0.0,1.0,0.0,0.0,0.16048824080794788,85.20935778483373,0.96,553.0607553904938,530.9383251748741,22.122430215619772,1.0,0.0,0.0,0.16215367677641399,82.54622227885321,0.96,530.2725779428381,509.06167482512456,21.210903117713542,-0.0,0.0,-0.0,0.271,0.0,0.96,0.0,0.0,0.0,,,,308.9087235664673,1040.0,915.2,124.8,1040.0,0.0,1.0,-0.0,0.0,0.33753138501580776,154.45436178323365,0.88,520.0,457.6,62.4,1.0,0.0,0.0,0.33753138501580776,154.45436178323365,0.88,520.0,457.6,62.4,-0.0,0.0,-0.0,0.08724817754776784,0.0,0.8800000000000001,0.0,0.0,0.0,-0.0,0.0,-0.0,0.08724817754776784,0.0,0.8800000000000001,0.0,0.0,0.0,0.0,,,0.101,92.43519999999971,915.2,0.0,915.2,28.37119999999991,1.0,,,1083.3333333333333,0.0,465.8333333333333,2.0,569.0995036301539,0.0,0.0,0.0,62.45598608105077
120,1,121,0.10545283,0.0,1460.1647467422765,,,,0,0.0,1,2500.0,2500.0,0.0,400.0,83.0,0.0,,,385.747826169745,2500.0,2400.0,100.0,2500.0,0.0,1.0,0.0,0.0,0.1625512197235548,134.80079901899842,0.96,863.8354065686281,829.2819903058829,34.55341626274515,1.0,0.0,0.0,0.1618288758769735,132.77621450374832,0.96,854.6593185253513,820.4729457843372,34.18637274101408,1.0,1.0,-0.0,0.15750961696591892,118.17081264699827,0.96,781.505274906004,750.2450639097639,31.26021099624019,,,,850.1969205725314,2400.0,2220.0,180.0,2400.0,0.0,1.0,-0.0,0.0,0.3829717356685445,212.5493132960422,0.925,600.0,555.0,45.0,1.0,0.0,0.0,0.38297173566855447,212.54931329604773,0.9250000000000014,600.0,555.0,45.0,1.0,1.0,-0.0,0.38297173566855414,212.54931329604756,0.925,600.0,555.0,45.0,1.0,1.0,-0.0,0.38297113636827274,212.54898068439402,0.925,600.0,555.0,45.0,1.0,,,0.101,224.22000000000003,2220.0,2220.0,0.0,68.82,0.0,,,280.0,0.0,120.4,4.0,1460.1647467422765,0.0,-0.0,0.0,153.97850481020635
121,1,122,0.105122642,0.0,1460.1650793650795,,,,0,0.0,1,2500.0,2500.0,0.0,400.0,83.0,0.0,,,385.747826169745,2500.0,2400.0,100.0,2500.0,0.0,1.0,0.0,0.0,0.1625512197235548,134.80079901899842,0.96,863.8354065686281,829.2819903058829,34.55341626274515,1.0,0.0,0.0,0.1618288758769735,132.77621450374832,0.96,854.6593185253513,820.4729457843372,34.18637274101408,1.0,0.0,-0.0,0.15750961696591892,118.17081264699827,0.96,781.505274906004,750.2450639097639,31.26021099624019,,,,850.1972531841748,2400.0,2220.0,180.0,2400.0,0.0,1.0,-0.0,0.0,0.38297173566854464,212.54931329604227,0.925,600.0,555.0,45.0,1.0,0.0,0.0,0.3829717356685445,212.5493132960364,0.925,600.0,555.0,45.0,1.0,0.0,-0.0,0.38297173566855497,212.549313296048,0.925,600.0,555.0,45.0,1.0,0.0,-0.0,0.382971735668555,212.54931329604813,0.925,600.0,555.0,45.0,1.0,,,0.101,224.22000000000003,2220.0,2220.0,0.0,68.82,0.0,,,280.0,0.0,120.4,4.0,1460.1650793539197,0.0,-0.0,0.0,153.49641089899683
122,1,123,0.10495283,0.0,1460.1650793650795,,,,0,0.0,1,2500.0,2500.0,0.0,400.0,83.0,0.0,,,385.747826169745,2500.0,2400.0,100.0,2500.0,0.0,1.0,0.0,0.0,0.1625512197235548,134.80079901899842,0.96,863.8354065686281,829.2819903058829,34.55341626274515,1.0,0.0,0.0,0.1618288758769735,132.77621450374832,0.96,854.6593185253513,820.4729457843372,34.18637274101408,1.0,0.0,-0.0,0.15750961696591892,118.17081264699827,0.96,781.505274906004,750.2450639097639,31.26021099624019,,,,850.1972531842027,2400.0,2220.0,180.0,2400.0,0.0,1.0,-0.0,0.0,0.38297173566854686,212.54931329603804,0.925,600.0,555.0,45.0,1.0,0.0,0.0,0.38297173566854703,212.5493132960397,0.925,600.0,555.0,45.0,1.0,0.0,-0.0,0.38297173566855547,212.5493132960483,0.925,600.0,555.0,45.0,1.0,0.0,-0.0,0.3829717356685815,212.54931329607672,0.925,600.0,555.0,45.0,1.0,,,0.101,224.22000000000003,2220.0,2220.0,0.0,68.82,0.0,,,280.0,0.0,120.4,4.0,1460.1650793539477,0.0,-0.0,0.0,153.24845734653968
123,1,124,0.104943396,0.0,1460.1650793650795,,,,0,0.0,1,2500.0,2500.0,0.0,400.0,83.0,0.0,,,385.747826169745,2500.0,2400.0,100.0,2500.0,0.0,1.0,0.0,0.0,0.1625512197235548,134.80079901899842,0.96,863.8354065686281,829.2819903058829,34.55341626274515,1.0,0.0,0.0,0.1618288758769735,132.77621450374832,0.96,854.6593185253513,820.4729457843372,34.18637274101408,1.0,0.0,-0.0,0.15750961696591892,118.17081264699827,0.96,781.505274906004,750.2450639097639,31.26021099624019,,,,850.1972531841938,2400.0,2220.0,180.0,2400.0,0.0,1.0,-0.0,0.0,0.3829717356685474,212.54931329604025,0.925,600.0,555.0,45.0,1.0,0.0,0.0,0.38297173566854964,212.54931329604304,0.925,600.0,555.0,45.0,1.0,0.0,-0.0,0.38297173566855536,212.5493132960482,0.925,600.0,555.0,45.0,1.0,0.0,-0.0,0.3829717356685704,212.5493132960622,0.925,600.0,555.0,45.0,1.0,,,0.101,224.22000000000003,2220.0,2220.0,0.0,68.82,0.0,,,280.0,0.0,120.4,4.0,1460.1650793539388,0.0,-0.0,0.0,153.23468214918094
124,1,125,0.105349057,0.0,1460.1650793650795,,,,0,0.0,1,2500.0,2500.0,0.0,400.0,83.0,0.0,,,385.747826169745,2500.0,2400.0,100.0,2500.0,0.0,1.0,0.0,0.0,0.1625512197235548,134.80079901899842,0.96,863.8354065686281,829.2819903058829,34.55341626274515,1.0,0.0,0.0,0.1618288758769735,132.77621450374832,0.96,854.6593185253513,820.4729457843372,34.18637274101408,1.0,0.0,-0.0,0.15750961696591892,118.17081264699827,0.96,781.505274906004,750.2450639097639,31.26021099624019,,,,850.1972531841881,2400.0,2220.0,180.0,2400.0,0.0,1.0,-0.0,0.0,0.3829717356685501,212.54931329604364,0.925,600.0,555.0,45.0,1.0,0.0,0.0,0.3829717356685548,212.54931329604779,0.925,600.0,555.0,45.0,1.0,0.0,-0.0,0.38297173566855514,212.54931329604815,0.925,600.0,555.0,45.0,1.0,0.0,-0.0,0.38297173566855536,212.54931329604844,0.925,600.0,555.0,45.0,1.0,,,0.101,224.22000000000003,2220.0,2220.0,0.0,68.82,0.0,,,280.0,0.0,120.4,4.0,1460.1650793539332,0.0,-0.0,0.0,153.82701417544126
125,1,126,0.105641509,0.0,1460.1650793650795,,,,0,0.0,1,2500.0,2500.0,0.0,400.0,83.0,0.0,,,385.747826169745,2500.0,2400.0,100.0,2500.0,0.0,1.0,0.0,0.0,0.1625512197235548,134.80079901899842,0.96,863.8354065686281,829.2819903058829,34.55341626274515,1.0,0.0,0.0,0.1618288758769735,132.77621450374832,0.96,854.6593185253513,820.4729457843372,34.18637274101408,1.0,0.0,-0.0,0.15750961696591892,118.17081264699827,0.96,781.505274906004,750.2450639097639,31.26021099624019,,,,850.1972531841816,2400.0,2220.0,180.0,2400.0,0.0,1.0,-0.0,0.0,0.3829717356685494,212.54931329604136,0.925,600.0,555.0,45.0,1.0,0.0,0.0,0.38297173566854964,212.54931329604304,0.925,600.0,555.0,45.0,1.0,0.0,-0.0,0.38297173566855547,212.5493132960483,0.925,600.0,555.0,45.0,1.0,0.0,-0.0,0.3829717356685558,212.54931329604898,0.925,600.0,555.0,45.0,1.0,,,0.101,224.22000000000003,2220.0,2220.0,0.0,68.82,0.0,,,280.0,0.0,120.4,4.0,1460.1650793539266,0.0,-0.0,0.0,154.25404237323175
126,1,127,0.098415094,0.0,1460.1650793650795,,,,0,0.0,1,2500.0,2500.0,0.0,400.0,83.0,0.0,,,385.747826169745,2500.0,2400.0,100.0,2500.0,0.0,1.0,0.0,0.0,0.1625512197235548,134.80079901899842,0.96,863.8354065686281,829.2819903058829,34.55341626274515,1.0,0.0,0.0,0.1618288758769735,132.77621450374832,0.96,854.6593185253513,820.4729457843372,34.18637274101408,1.0,0.0,-0.0,0.15750961696591892,118.17081264699827,0.96,781.505274906004,750.2450639097639,31.26021099624019,,,,850.19725318418,2400.0,2220.0,180.0,2400.0,0.0,1.0,-0.0,0.0,0.38297173566854714,212.54931329603988,0.925,600.0,555.0,45.0,1.0,0.0,0.0,0.38297173566854703,212.5493132960397,0.925,600.0,555.0,45.0,1.0,0.0,-0.0,0.38297173566855547,212.5493132960483,0.925,600.0,555.0,45.0,1.0,0.0,-0.0,0.38297173566855836,212.5493132960521,0.925,600.0,555.0,45.0,1.0,,,0.101,224.22000000000003,2220.0,2220.0,0.0,68.82,0.0,,,280.0,0.0,120.4,4.0,1460.165079353925,0.0,-0.0,0.0,143.70228354123174
127,1,128,0.083839623,0.0,1460.1650793650795,,,,0,0.0,1,2500.0,2500.0,0.0,400.0,83.0,0.0,,,385.747826169745,2500.0,2400.0,100.0,2500.0,0.0,1.0,0.0,0.0,0.1625512197235548,134.80079901899842,0.96,863.8354065686281,829.2819903058829,34.55341626274515,1.0,0.0,0.0,0.1618288758769735,132.77621450374832,0.96,854.6593185253513,820.4729457843372,34.18637274101408,1.0,0.0,-0.0,0.15750961696591892,118.17081264699827,0.96,781.505274906004,750.2450639097639,31.26021099624019,,,,850.1972531841944,2400.0,2220.0,180.0,2400.0,0.0,1.0,-0.0,0.0,0.3829717356685446,212.54931329603653,0.925,600.0,555.0,45.0,1.0,0.0,0.0,0.3829717356685445,212.5493132960364,0.925,600.0,555.0,45.0,1.0,0.0,-0.0,0.38297173566856363,212.5493132960588,0.925,600.0,555.0,45.0,1.0,0.0,-0.0,0.3829717356685666,212.5493132960627,0.925,600.0,555.0,45.0,1.0,,,0.101,224.22000000000003,2220.0,2220.0,0.0,68.82,0.0,,,280.0,0.0,120.4,4.0,1460.1650793539395,0.0,-0.0,0.0,122.41968977173335
128,1,129,0.067462264,0.0,1460.1650793650795,,,,0,0.0,1,2500.0,2500.0,0.0,400.0,83.0,0.0,,,385.747826169745,2500.0,2400.0,100.0,2500.0,0.0,1.0,0.0,0.0,0.1625512197235548,134.80079901899842,0.96,863.8354065686281,829.2819903058829,34.55341626274515,1.0,0.0,0.0,0.1618288758769735,132.77621450374832,0.96,854.6593185253513,820.4729457843372,34.18637274101408,1.0,0.0,-0.0,0.15750961696591892,118.17081264699827,0.96,781.505274906004,750.2450639097639,31.26021099624019,,,,850.1972531841866,2400.0,2220.0,180.0,2400.0,0.0,1.0,-0.0,0.0,0.38297173566854203,212.5493132960332,0.925,600.0,555.0,45.0,1.0,0.0,0.0,0.3829717356685446,212.5493132960346,0.925,600.0,555.0,45.0,1.0,0.0,-0.0,0.38297173566856385,212.5493132960593,0.925,600.0,555.0,45.0,1.0,0.0,-0.0,0.3829717356685639,212.54931329605947,0.925,600.0,555.0,45.0,1.0,,,0.101,224.22000000000003,2220.0,2220.0,0.0,68.82,0.0,,,280.0,0.0,120.4,4.0,1460.1650793539316,0.0,-0.0,0.0,98.50604206770794
129,1,130,0.060292453,0.0,1460.1647467422868,,,,0,0.0,1,2500.0,2500.0,0.0,400.0,83.0,0.0,,,385.747826169745,2500.0,2400.0,100.0,2500.0,0.0,1.0,0.0,0.0,0.1625512197235548,134.80079901899842,0.96,863.8354065686281,829.2819903058829,34.55341626274515,1.0,0.0,0.0,0.1618288758769735,132.77621450374832,0.96,854.6593185253513,820.4729457843372,34.18637274101408,1.0,0.0,-0.0,0.15750961696591892,118.17081264699827,0.96,781.505274906004,750.2450639097639,31.26021099624019,,,,850.1969205725418,2400.0,2220.0,180.0,2400.0,0.0,1.0,-0.0,0.0,0.38297113636825264,212.5489806843726,0.925,600.0,555.0,45.0,1.0,0.0,0.0,0.382971735668555,212.54931329604804,0.925,600.0,555.0,45.0,1.0,0.0,-0.0,0.38297173566855763,212.5493132960511,0.925,600.0,555.0,45.0,1.0,0.0,-0.0,0.3829717356685723,212.54931329607007,0.925,600.0,555.0,45.0,1.0,,,0.101,224.22000000000003,2220.0,2220.0,0.0,68.82,0.0,,,280.0,0.0,120.4,4.0,1460.1647467422868,0.0,-0.0,0.0,88.03691436521623
130,1,131,0.057339623,0.0,1460.1647467422797,,,,0,0.0,1,2500.0,2500.0,0.0,400.0,83.0,0.0,,,385.747826169745,2500.0,2400.0,100.0,2500.0,0.0,1.0,0.0,0.0,0.1625512197235548,134.80079901899842,0.96,863.8354065686281,829.2819903058829,34.55341626274515,1.0,0.0,0.0,0.1618288758769735,132.77621450374832,0.96,854.6593185253513,820.4729457843372,34.18637274101408,1.0,0.0,-0.0,0.15750961696591892,118.17081264699827,0.96,781.505274906004,750.2450639097639,31.26021099624019,,,,850.1969205725347,2400.0,2220.0,180.0,2400.0,0.0,1.0,-0.0,0.0,0.38297113636825036,212.54898068437134,0.925,600.0,555.0,45.0,1.0,0.0,0.0,0.3829717356685524,212.5493132960447,0.925,600.0,555.0,45.0,1.0,0.0,-0.0,0.3829717356685552,212.54931329604813,0.925,600.0,555.0,45.0,1.0,0.0,-0.0,0.38297173566857257,212.54931329607058,0.925,600.0,555.0,45.0,1.0,,,0.101,224.22000000000003,2220.0,2220.0,0.0,68.82,0.0,,,280.0,0.0,120.4,4.0,1460.1647467422797,0.0,-0.0,0.0,83.72529609609279
131,1,132,0.055707547,0.0,1460.1644141306074,,,,0,0.0,1,2500.0,2500.0,0.0,400.0,83.0,0.0,,,385.747826169745,2500.0,2400.0,100.0,2500.0,0.0,1.0,0.0,0.0,0.1625512197235548,134.80079901899842,0.96,863.8354065686281,829.2819903058829,34.55341626274515,1.0,0.0,0.0,0.1618288758769735,132.77621450374832,0.96,854.6593185253513,820.4729457843372,34.18637274101408,1.0,0.0,-0.0,0.15750961696591892,118.17081264699827,0.96,781.505274906004,750.2450639097639,31.26021099624019,,,,850.1965879608624,2400.0,2220.0,180.0,2400.0,0.0,1.0,-0.0,0.0,0.3829711363682478,212.54898068436992,0.925,600.0,555.0,45.0,1.0,0.0,0.0,0.382971735668555,212.54931329604804,0.925,600.0,555.0,45.0,1.0,0.0,-0.0,0.38297113636827357,212.5489806843934,0.925,600.0,555.0,45.0,1.0,0.0,-0.0,0.3829717356685574,212.5493132960511,0.925,600.0,555.0,45.0,1.0,,,0.101,224.22000000000003,2220.0,2220.0,0.0,68.82,0.0,,,280.0,0.0,120.4,4.0,1460.1644141306074,0.0,-0.0,0.0,81.34217772790828
132,1,133,0.059575472,0.0,1460.1644141306,,,,0,0.0,1,2500.0,2500.0,0.0,400.0,83.0,0.0,,,385.747826169745,2500.0,2400.0,100.0,2500.0,0.0,1.0,0.0,0.0,0.1625512197235548,134.80079901899842,0.96,863.8354065686281,829.2819903058829,34.55341626274515,1.0,0.0,0.0,0.1618288758769735,132.77621450374832,0.96,854.6593185253513,820.4729457843372,34.18637274101408,1.0,0.0,-0.0,0.15750961696591892,118.17081264699827,0.96,781.505274906004,750.2450639097639,31.26021099624019,,,,850.1965879608551,2400.0,2220.0,180.0,2400.0,0.0,1.0,-0.0,0.0,0.382971136368245,212.54898068436833,0.925,600.0,555.0,45.0,1.0,0.0,0.0,0.3829717356685524,212.5493132960447,0.925,600.0,555.0,45.0,1.0,0.0,-0.0,0.3829711363682675,212.54898068439044,0.925,600.0,555.0,45.0,1.0,0.0,-0.0,0.38297173566855786,212.54931329605165,0.925,600.0,555.0,45.0,1.0,,,0.101,224.22000000000003,2220.0,2220.0,0.0,68.82,0.0,,,280.0,0.0,120.4,4.0,1460.1644141306,0.0,-0.0,0.0,86.98998416943397
133,1,134,0.062566038,0.0,1460.1644141306142,,,,0,0.0,1,2500.0,2500.0,0.0,400.0,83.0,0.0,,,385.747826169745,2500.0,2400.0,100.0,2500.0,0.0,1.0,0.0,0.0,0.1625512197235548,134.80079901899842,0.96,863.8354065686281,829.2819903058829,34.55341626274515,1.0,0.0,0.0,0.1618288758769735,132.77621450374832,0.96,854.6593185253513,820.4729457843372,34.18637274101408,1.0,0.0,-0.0,0.15750961696591892,118.17081264699827,0.96,781.505274906004,750.2450639097639,31.26021099624019,,,,850.1965879608692,2400.0,2220.0,180.0,2400.0,0.0,1.0,-0.0,0.0,0.38297113636824237,212.5489806843669,0.925,600.0,555.0,45.0,1.0,0.0,0.0,0.382971735668555,212.54931329604804,0.925,600.0,555.0,45.0,1.0,0.0,-0.0,0.38297113636827346,212.548980684392,0.925,600.0,555.0,45.0,1.0,0.0,-0.0,0.38297173566856624,212.54931329606228,0.925,600.0,555.0,45.0,1.0,,,0.101,224.22000000000003,2220.0,2220.0,0.0,68.82,0.0,,,280.0,0.0,120.4,4.0,1460.1644141306142,0.0,-0.0,0.0,91.35670222074376
134,1,135,0.069584906,0.0,1460.1650793650795,,,,0,0.0,1,2500.0,2500.0,0.0,400.0,83.0,0.0,,,385.747826169745,2500.0,2400.0,100.0,2500.0,0.0,1.0,0.0,0.0,0.1625512197235548,134.80079901899842,0.96,863.8354065686281,829.2819903058829,34.55341626274515,1.0,0.0,0.0,0.1618288758769735,132.77621450374832,0.96,854.6593185253513,820.4729457843372,34.18637274101408,1.0,0.0,-0.0,0.15750961696591892,118.17081264699827,0.96,781.505274906004,750.2450639097639,31.26021099624019,,,,850.1972531842033,2400.0,2220.0,180.0,2400.0,0.0,1.0,-0.0,0.0,0.3829717356685514,212.54931329604395,0.925,600.0,555.0,45.0,1.0,0.0,0.0,0.3829717356685524,212.5493132960447,0.925,600.0,555.0,45.0,1.0,0.0,-0.0,0.38297173566855613,212.54931329604926,0.925,600.0,555.0,45.0,1.0,0.0,-0.0,0.38297173566856874,212.5493132960654,0.925,600.0,555.0,45.0,1.0,,,0.101,224.22000000000003,2220.0,2220.0,0.0,68.82,0.0,,,280.0,0.0,120.4,4.0,1460.1650793539484,0.0,-0.0,0.0,101.6054497921016
135,1,136,0.078679245,0.0,1460.1647467422567,,,,0,0.0,1,2500.0,2500.0,0.0,400.0,83.0,0.0,,,385.747826169745,2500.0,2400.0,100.0,2500.0,0.0,1.0,0.0,0.0,0.1625512197235548,134.80079901899842,0.96,863.8354065686281,829.2819903058829,34.55341626274515,1.0,0.0,0.0,0.1618288758769735,132.77621450374832,0.96,854.6593185253513,820.4729457843372,34.18637274101408,1.0,0.0,-0.0,0.15750961696591892,118.17081264699827,0.96,781.505274906004,750.2450639097639,31.26021099624019,,,,850.1969205725118,2400.0,2220.0,180.0,2400.0,0.0,1.0,-0.0,0.0,0.3829711363682372,212.54898068436404,0.925,600.0,555.0,45.0,1.0,0.0,0.0,0.382971735668555,212.54931329604804,0.925,600.0,555.0,45.0,1.0,0.0,-0.0,0.3829717356685553,212.54931329604835,0.925,600.0,555.0,45.0,1.0,0.0,-0.0,0.3829717356685577,212.54931329605125,0.925,600.0,555.0,45.0,1.0,,,0.101,224.22000000000003,2220.0,2220.0,0.0,68.82,0.0,,,280.0,0.0,120.4,4.0,1460.1647467422567,0.0,-0.0,0.0,114.88465984929697
136,1,137,0.10140566,0.0,1460.1647467422524,,,,0,0.0,1,2500.0,2500.0,0.0,400.0,83.0,0.0,,,385.7478261697448,2500.0,2400.0,100.0,2500.0,0.0,1.0,0.0,0.0,0.1625512197235548,134.80079901899842,0.96,863.8354065686281,829.2819903058829,34.55341626274515,1.0,0.0,0.0,0.1618288758769735,132.77621450374832,0.96,854.6593185253513,820.4729457843372,34.18637274101408,1.0,0.0,-0.0,0.15750961696591886,118.17081264699814,0.96,781.5052749060035,750.2450639097633,31.26021099624017,,,,850.1969205725076,2400.0,2220.0,180.0,2400.0,0.0,1.0,-0.0,0.0,0.38297113636823665,212.54898068436373,0.925,600.0,555.0,45.0,1.0,0.0,0.0,0.3829717356685545,212.54931329604776,0.925,600.0,555.0,45.0,1.0,0.0,-0.0,0.3829717356685548,212.54931329604804,0.925,600.0,555.0,45.0,1.0,0.0,-0.0,0.3829717356685548,212.54931329604804,0.925,600.0,555.0,45.0,1.0,,,0.101,224.22000000000003,2220.0,2220.0,0.0,68.82,0.0,,,280.0,0.0,120.4,4.0,1460.1647467422524,0.0,-0.0,0.0,148.06896985213095
137,1,138,0.686716981,0.0,589.2454676719899,,,,0,0.0,1,1083.3333333333333,1083.3333333333333,0.0,173.33333333333334,35.96666666666667,0.0,,,167.74152596063618,1083.3333333333333,1040.0,43.333333333333336,1083.3333333333333,0.0,1.0,0.0,0.0,0.16128534162123098,83.8780994375156,0.96,541.7294571021233,520.0602788180383,21.669178284084953,1.0,0.0,0.0,0.16129451935662967,83.86342652312058,0.96,541.60387623121,519.9397211819617,21.66415504924842,-0.0,0.0,1.0,0.271,0.0,0.96,0.0,0.0,0.0,,,,325.55394171135373,1040.0,950.0,90.0,1040.0,0.0,1.0,-0.0,0.0,0.3426883596961616,162.77697085567686,0.9134615384615391,520.0,475.0,45.0,1.0,0.0,0.0,0.3426883596961616,162.77697085567686,0.9134615384615391,520.0,475.0,45.0,-0.0,0.0,1.0,0.08724817754776784,0.0,0.8800000000000001,0.0,0.0,0.0,-0.0,0.0,1.0,0.08724817754776784,0.0,0.8800000000000001,0.0,0.0,0.0,1.0,,,0.101,95.95,950.0,950.0,0.0,29.45,0.0,,,133.33333333333334,0.0,57.333333333333336,2.0,589.2454676719899,0.0,0.0,0.0,404.644868627642
138,1,139,1.802632075,0.0,569.0854495271034,,,,0,0.0,1,1083.3333333333333,1083.3333333333333,0.0,173.33333333333334,35.96666666666667,0.0,,,167.74152596063618,1083.3333333333333,1040.0,43.333333333333336,1083.3333333333333,0.0,1.0,0.0,0.0,0.16128534162123098,83.8780994375156,0.96,541.7294571021233,520.0602788180383,21.669178284084953,1.0,0.0,0.0,0.16129451935662967,83.86342652312058,0.96,541.60387623121,519.9397211819617,21.66415504924842,-0.0,0.0,-0.0,0.271,0.0,0.96,0.0,0.0,0.0,,,,308.9087235664673,1040.0,915.2,124.8,1040.0,0.0,1.0,-0.0,0.0,0.33753138501580776,154.45436178323365,0.88,520.0,457.6,62.4,1.0,0.0,0.0,0.33753138501580776,154.45436178323365,0.88,520.0,457.6,62.4,-0.0,0.0,-0.0,0.08724817754776784,0.0,0.8800000000000001,0.0,0.0,0.0,-0.0,0.0,-0.0,0.08724817754776784,0.0,0.8800000000000001,0.0,0.0,0.0,1.0,,,0.101,92.43519999999992,915.2,915.2,0.0,28.371199999999973,0.0,,,168.13333333333333,0.0,72.29733333333333,2.0,569.0854495271034,0.0,0.0,0.0,1025.85168473335
139,1,140,0.191198113,0.0,589.2454676719896,,,,0,0.0,1,1083.3333333333333,1083.3333333333333,0.0,173.33333333333334,35.96666666666667,0.0,,,167.74152596063618,1083.3333333333333,1040.0,43.333333333333336,1083.3333333333333,0.0,1.0,0.0,0.0,0.16128534162123098,83.8780994375156,0.96,541.7294571021233,520.0602788180383,21.669178284084953,1.0,0.0,0.0,0.16129451935662967,83.86342652312058,0.96,541.60387623121,519.9397211819617,21.66415504924842,-0.0,0.0,-0.0,0.271,0.0,0.96,0.0,0.0,0.0,,,,325.55394171135333,1040.0,950.0,90.0,1040.0,0.0,1.0,-0.0,0.0,0.3426883596961614,162.7769708556768,0.9134615384615392,520.0,475.0,45.0,1.0,0.0,0.0,0.3426883596961611,162.77697085567652,0.9134615384615384,520.0,475.0,45.0,-0.0,0.0,-0.0,0.08724817754776784,0.0,0.8800000000000001,0.0,0.0,0.0,-0.0,0.0,-0.0,0.08724817754776784,0.0,0.8800000000000001,0.0,0.0,0.0,1.0,,,0.101,95.95,950.0,950.0,0.0,29.45,0.0,,,133.33333333333334,0.0,57.333333333333336,2.0,589.2454676719896,0.0,0.0,0.0,112.66262151268691
140,1,141,0.125169811,0.0,1460.0521576456827,,,,0,0.0,1,2500.44631064239,2500.44631064239,0.0,400.07140970278243,83.01481751332734,0.0,,,385.3285970000473,2500.44631064239,2400.4284582166943,100.01785242569571,2500.44631064239,0.0,1.0,0.0,0.0,0.16181354617928156,132.73249995022226,0.96,854.4588759478319,820.2805209099186,34.178355037913306,1.0,0.0,0.0,0.16139728545723567,131.5323246810586,0.96,848.9166210031422,814.9599561630164,33.95666484012572,1.0,1.0,-0.0,0.15821441966169827,121.06377236876641,0.96,797.070813691416,765.1879811437593,31.88283254765667,,,,850.4635319367496,2400.4284582166943,2220.396323850354,180.03213436624492,2400.4284582165988,0.0,1.0,-0.0,0.0,0.3831043990524218,212.72061605893953,0.925,600.2756275992655,555.2549555293206,45.02067206994491,1.0,0.0,0.0,0.3830452951630055,212.64428928573736,0.925,600.1528306173683,555.1413683210657,45.011462296302625,1.0,1.0,-0.0,0.3829717356685353,212.5493132960247,0.925,600.0,555.0,45.0,1.0,1.0,-0.0,0.382971735668555,212.54931329604804,0.925,600.0,555.0,45.0,1.0,,,0.101,224.26002870888576,2220.396323850354,2220.396323850354,0.0,68.83228603936097,0.0,,,280.0499867920361,0.0,120.42149432057553,4.0,1460.0521576456827,0.0,-0.0,0.0,182.75445262265228
141,1,142,0.115509434,0.0,1460.052157645709,,,,0,0.0,1,2500.44631064239,2500.44631064239,0.0,400.07140970278243,83.01481751332734,0.0,,,385.3285970000473,2500.44631064239,2400.4284582166943,100.01785242569571,2500.44631064239,0.0,1.0,0.0,0.0,0.16181354617928156,132.73249995022226,0.96,854.4588759478319,820.2805209099186,34.178355037913306,1.0,0.0,0.0,0.16139728545723567,131.5323246810586,0.96,848.9166210031422,814.9599561630164,33.95666484012572,1.0,0.0,-0.0,0.15821441966169827,121.06377236876641,0.96,797.070813691416,765.1879811437593,31.88283254765667,,,,850.4635319367728,2400.4284582166943,2220.3963238503866,180.03213436621343,2400.4284582165997,0.0,1.0,-0.0,0.0,0.3831043990524218,212.72061605893953,0.925,600.2756275992655,555.2549555293206,45.02067206994491,1.0,0.0,0.0,0.3830452951630055,212.64428928573736,0.925,600.1528306173683,555.1413683210657,45.011462296302625,1.0,0.0,-0.0,0.38297173566855486,212.54931329604796,0.925,600.0,555.0,45.0,1.0,0.0,-0.0,0.382971735668555,212.54931329604804,0.925,600.0,555.0,45.0,1.0,,,0.101,224.26002870888905,2220.3963238503866,2220.3963238503866,0.0,68.83228603936199,0.0,,,280.0499867920037,0.0,120.42149432056159,4.0,1460.052157645709,0.0,-0.0,0.0,168.64979834013462
142,1,143,0.111292453,0.0,1460.0521576456931,,,,0,0.0,1,2500.44631064239,2500.44631064239,0.0,400.07140970278243,83.01481751332734,0.0,,,385.3285970000473,2500.44631064239,2400.4284582166943,100.01785242569571,2500.44631064239,0.0,1.0,0.0,0.0,0.16181354617928156,132.73249995022226,0.96,854.4588759478319,820.2805209099186,34.178355037913306,1.0,0.0,0.0,0.16139728545723567,131.5323246810586,0.96,848.9166210031422,814.9599561630164,33.95666484012572,1.0,0.0,-0.0,0.15821441966169827,121.06377236876641,0.96,797.070813691416,765.1879811437593,31.88283254765667,,,,850.4635319367585,2400.4284582166943,2220.3963238503693,180.03213436624605,2400.4284582166156,0.0,1.0,-0.0,0.0,0.3831043990524218,212.72061605893953,0.925,600.2756275992655,555.2549555293206,45.02067206994491,1.0,0.0,0.0,0.3830452951630055,212.64428928573736,0.925,600.1528306173683,555.1413683210657,45.011462296302625,1.0,0.0,-0.0,0.38297173566854387,212.54931329603576,0.925,600.0,555.0,45.0,1.0,0.0,-0.0,0.38297173566855175,212.5493132960459,0.925,600.0,555.0,45.0,1.0,,,0.101,224.26002870888732,2220.3963238503693,2220.3963238503693,0.0,68.83228603936145,0.0,,,280.04998679202043,0.0,120.42149432056878,4.0,1460.0521576456931,0.0,-0.0,0.0,162.4927861323319
143,1,144,0.10845283,0.0,1460.0521576457068,,,,0,0.0,1,2500.44631064239,2500.44631064239,0.0,400.07140970278243,83.01481751332734,0.0,,,385.3285970000473,2500.44631064239,2400.4284582166943,100.01785242569571,2500.44631064239,0.0,1.0,0.0,0.0,0.16181354617928156,132.73249995022226,0.96,854.4588759478319,820.2805209099186,34.178355037913306,1.0,0.0,0.0,0.16139728545723567,131.5323246810586,0.96,848.9166210031422,814.9599561630164,33.95666484012572,1.0,0.0,-0.0,0.15821441966169827,121.06377236876641,0.96,797.070813691416,765.1879811437593,31.88283254765667,,,,850.4635319367706,2400.4284582166943,2220.3963238503857,180.03213436624742,2400.4284582166333,0.0,1.0,-0.0,0.0,0.3831043990524218,212.72061605893953,0.925,600.2756275992655,555.2549555293206,45.02067206994491,1.0,0.0,0.0,0.38304529516300545,212.64428928573733,0.925,600.1528306173683,555.1413683210657,45.011462296302625,1.0,0.0,-0.0,0.38297173566855197,212.54931329604622,0.925,600.0,555.0,45.0,1.0,0.0,-0.0,0.38297173566855397,212.54931329604744,0.925,600.0,555.0,45.0,1.0,,,0.101,224.26002870888897,2220.3963238503857,2220.3963238503857,0.0,68.83228603936196,0.0,,,280.04998679200406,0.0,120.42149432056175,4.0,1460.0521576457068,0.0,-0.0,0.0,158.34678844428302
144,1,145,0.10545283,0.0,1460.0521576457045,,,,0,0.0,1,2500.44631064239,2500.44631064239,0.0,400.07140970278243,83.01481751332734,0.0,,,385.3285970000473,2500.44631064239,2400.4284582166943,100.01785242569571,2500.44631064239,0.0,1.0,0.0,0.0,0.16181354617928156,132.73249995022226,0.96,854.4588759478319,820.2805209099186,34.178355037913306,1.0,0.0,0.0,0.16139728545723567,131.5323246810586,0.96,848.9166210031422,814.9599561630164,33.95666484012572,1.0,0.0,-0.0,0.15821441966169827,121.06377236876641,0.96,797.070813691416,765.1879811437593,31.88283254765667,,,,850.4635319367683,2400.4284582166943,2220.3963238503866,180.03213436622934,2400.4284582166156,0.0,1.0,-0.0,0.0,0.3831043990524218,212.72061605893953,0.925,600.2756275992655,555.2549555293206,45.02067206994491,1.0,0.0,0.0,0.38304529516300545,212.64428928573733,0.925,600.1528306173683,555.1413683210657,45.011462296302625,1.0,0.0,-0.0,0.3829717356685469,212.54931329604355,0.925,600.0,555.0,45.0,1.0,0.0,-0.0,0.38297173566855486,212.54931329604796,0.925,600.0,555.0,45.0,1.0,,,0.101,224.26002870888905,2220.3963238503866,2220.3963238503866,0.0,68.83228603936199,0.0,,,280.0499867920037,0.0,120.42149432056159,4.0,1460.0521576457045,0.0,-0.0,0.0,153.96663197134566
145,1,146,0.105122642,0.0,1460.0521576456945,,,,0,0.0,1,2500.44631064239,2500.44631064239,0.0,400.07140970278243,83.01481751332734,0.0,,,385.3285970000473,2500.44631064239,2400.4284582166943,100.01785242569571,2500.44631064239,0.0,1.0,0.0,0.0,0.16181354617928156,132.73249995022226,0.96,854.4588759478319,820.2805209099186,34.178355037913306,1.0,0.0,0.0,0.16139728545723567,131.5323246810586,0.96,848.9166210031422,814.9599561630164,33.95666484012572,1.0,0.0,-0.0,0.15821441966169827,121.06377236876641,0.96,797.070813691416,765.1879811437593,31.88283254765667,,,,850.4635319367598,2400.4284582166943,2220.3963238503693,180.03213436624435,2400.4284582166138,0.0,1.0,-0.0,0.0,0.3831043990524218,212.72061605893953,0.925,600.2756275992655,555.2549555293206,45.02067206994491,1.0,0.0,0.0,0.38304529516300545,212.64428928573733,0.925,600.1528306173683,555.1413683210657,45.011462296302625,1.0,0.0,-0.0,0.3829717356685434,212.54931329603517,0.925,600.0,555.0,45.0,1.0,0.0,-0.0,0.3829717356685544,212.5493132960477,0.925,600.0,555.0,45.0,1.0,,,0.101,224.26002870888732,2220.3963238503693,2220.3963238503693,0.0,68.83228603936145,0.0,,,280.04998679202055,0.0,120.42149432056884,4.0,1460.0521576456945,0.0,-0.0,0.0,153.48454026951592
146,1,147,0.10495283,0.0,1460.0521576456997,,,,0,0.0,1,2500.44631064239,2500.44631064239,0.0,400.07140970278243,83.01481751332734,0.0,,,385.3285970000473,2500.44631064239,2400.4284582166943,100.01785242569571,2500.44631064239,0.0,1.0,0.0,0.0,0.16181354617928156,132.73249995022226,0.96,854.4588759478319,820.2805209099186,34.178355037913306,1.0,0.0,0.0,0.16139728545723567,131.5323246810586,0.96,848.9166210031422,814.9599561630164,33.95666484012572,1.0,0.0,-0.0,0.15821441966169827,121.06377236876641,0.96,797.070813691416,765.1879811437593,31.88283254765667,,,,850.4635319367635,2400.4284582166943,2220.3963238503866,180.03213436621252,2400.4284582165988,0.0,1.0,-0.0,0.0,0.3831043990524218,212.72061605893953,0.925,600.2756275992655,555.2549555293206,45.02067206994491,1.0,0.0,0.0,0.3830452951630051,212.64428928573713,0.925,600.1528306173683,555.1413683210657,45.011462296302625,1.0,0.0,-0.0,0.38297173566853837,212.5493132960388,0.925,600.0,555.0,45.0,1.0,0.0,-0.0,0.382971735668555,212.54931329604804,0.925,600.0,555.0,45.0,1.0,,,0.101,224.26002870888905,2220.3963238503866,2220.3963238503866,0.0,68.83228603936199,0.0,,,280.0499867920037,0.0,120.42149432056159,4.0,1460.0521576456997,0.0,-0.0,0.0,153.2366058925223
147,1,148,0.104943396,0.0,1460.0521576456804,,,,0,0.0,1,2500.44631064239,2500.44631064239,0.0,400.07140970278243,83.01481751332734,0.0,,,385.3285970000473,2500.44631064239,2400.4284582166943,100.01785242569571,2500.44631064239,0.0,1.0,0.0,0.0,0.16181354617928156,132.73249995022226,0.96,854.4588759478319,820.2805209099186,34.178355037913306,1.0,0.0,0.0,0.16139728545723567,131.5323246810586,0.96,848.9166210031422,814.9599561630164,33.95666484012572,1.0,0.0,-0.0,0.15821441966169827,121.06377236876641,0.96,797.070813691416,765.1879811437593,31.88283254765667,,,,850.4635319367476,2400.4284582166943,2220.396323850353,180.0321343662448,2400.428458216598,0.0,1.0,-0.0,0.0,0.3831043990524218,212.72061605893953,0.925,600.2756275992655,555.2549555293206,45.02067206994491,1.0,0.0,0.0,0.38304529516300545,212.64428928573733,0.925,600.1528306173683,555.1413683210657,45.011462296302625,1.0,0.0,-0.0,0.3829717356685434,212.54931329603517,0.925,600.0,555.0,45.0,1.0,0.0,-0.0,0.38297173566854364,212.54931329603545,0.925,600.0,555.0,45.0,1.0,,,0.101,224.26002870888567,2220.396323850353,2220.396323850353,0.0,68.83228603936094,0.0,,,280.0499867920369,0.0,120.42149432057587,4.0,1460.0521576456804,0.0,-0.0,0.0,153.22283176046506
148,1,149,0.105349057,0.0,1460.0521576457024,,,,0,0.0,1,2500.44631064239,2500.44631064239,0.0,400.07140970278243,83.01481751332734,0.0,,,385.3285970000473,2500.44631064239,2400.4284582166943,100.01785242569571,2500.44631064239,0.0,1.0,0.0,0.0,0.16181354617928156,132.73249995022226,0.96,854.4588759478319,820.2805209099186,34.178355037913306,1.0,0.0,0.0,0.16139728545723567,131.5323246810586,0.96,848.9166210031422,814.9599561630164,33.95666484012572,1.0,0.0,-0.0,0.15821441966169827,121.06377236876641,0.96,797.070813691416,765.1879811437593,31.88283254765667,,,,850.4635319367662,2400.4284582166943,2220.3963238503857,180.03213436623014,2400.4284582166156,0.0,1.0,-0.0,0.0,0.3831043990524218,212.72061605893953,0.925,600.2756275992655,555.2549555293206,45.02067206994491,1.0,0.0,0.0,0.38304529516300545,212.64428928573733,0.925,600.1528306173683,555.1413683210657,45.011462296302625,1.0,0.0,-0.0,0.38297173566854686,212.54931329604352,0.925,600.0,555.0,45.0,1.0,0.0,-0.0,0.38297173566855175,212.5493132960459,0.925,600.0,555.0,45.0,1.0,,,0.101,224.26002870888897,2220.3963238503857,2220.3963238503857,0.0,68.83228603936196,0.0,,,280.0499867920045,0.0,120.42149432056195,4.0,1460.0521576457024,0.0,-0.0,0.0,153.81511797879008
149,1,150,0.105641509,0.0,1460.0521576457068,,,,0,0.0,1,2500.44631064239,2500.44631064239,0.0,400.07140970278243,83.01481751332734,0.0,,,385.3285970000473,2500.44631064239,2400.4284582166943,100.01785242569571,2500.44631064239,0.0,1.0,0.0,0.0,0.16181354617928156,132.73249995022226,0.96,854.4588759478319,820.2805209099186,34.178355037913306,1.0,0.0,0.0,0.16139728545723567,131.5323246810586,0.96,848.9166210031422,814.9599561630164,33.95666484012572,1.0,0.0,-0.0,0.15821441966169827,121.06377236876641,0.96,797.070813691416,765.1879811437593,31.88283254765667,,,,850.4635319367706,2400.4284582166943,2220.3963238503857,180.03213436624742,2400.4284582166333,0.0,1.0,-0.0,0.0,0.3831043990524218,212.72061605893953,0.925,600.2756275992655,555.2549555293206,45.02067206994491,1.0,0.0,0.0,0.38304529516300545,212.64428928573733,0.925,600.1528306173683,555.1413683210657,45.011462296302625,1.0,0.0,-0.0,0.38297173566855197,212.54931329604622,0.925,600.0,555.0,45.0,1.0,0.0,-0.0,0.3829717356685541,212.5493132960475,0.925,600.0,555.0,45.0,1.0,,,0.101,224.26002870888897,2220.3963238503857,2220.3963238503857,0.0,68.83228603936196,0.0,,,280.04998679200406,0.0,120.42149432056175,4.0,1460.0521576457068,0.0,-0.0,0.0,154.24211315239833
150,1,151,0.098415094,0.0,1460.0521576457024,,,,0,0.0,1,2500.44631064239,2500.44631064239,0.0,400.07140970278243,83.01481751332734,0.0,,,385.3285970000473,2500.44631064239,2400.4284582166943,100.01785242569571,2500.44631064239,0.0,1.0,0.0,0.0,0.16181354617928156,132.73249995022226,0.96,854.4588759478319,820.2805209099186,34.178355037913306,1.0,0.0,0.0,0.16139728545723567,131.5323246810586,0.96,848.9166210031422,814.9599561630164,33.95666484012572,1.0,0.0,-0.0,0.15821441966169827,121.06377236876641,0.96,797.070813691416,765.1879811437593,31.88283254765667,,,,850.4635319367662,2400.4284582166943,2220.3963238503857,180.03213436623014,2400.4284582166156,0.0,1.0,-0.0,0.0,0.3831043990524218,212.72061605893953,0.925,600.2756275992655,555.2549555293206,45.02067206994491,1.0,0.0,0.0,0.38304529516300545,212.64428928573733,0.925,600.1528306173683,555.1413683210657,45.011462296302625,1.0,0.0,-0.0,0.38297173566854686,212.54931329604352,0.925,600.0,555.0,45.0,1.0,0.0,-0.0,0.38297173566855175,212.5493132960459,0.925,600.0,555.0,45.0,1.0,,,0.101,224.26002870888897,2220.3963238503857,2220.3963238503857,0.0,68.83228603936196,0.0,,,280.0499867920045,0.0,120.42149432056195,4.0,1460.0521576457024,0.0,-0.0,0.0,143.6911703396046
151,1,152,0.083839623,0.0,1460.0521576457,,,,0,0.0,1,2500.44631064239,2500.44631064239,0.0,400.07140970278243,83.01481751332734,0.0,,,385.3285970000473,2500.44631064239,2400.4284582166943,100.01785242569571,2500.44631064239,0.0,1.0,0.0,0.0,0.16181354617928156,132.73249995022226,0.96,854.4588759478319,820.2805209099186,34.178355037913306,1.0,0.0,0.0,0.16139728545723567,131.5323246810586,0.96,848.9166210031422,814.9599561630164,33.95666484012572,1.0,0.0,-0.0,0.15821441966169827,121.06377236876641,0.96,797.070813691416,765.1879811437593,31.88283254765667,,,,850.4635319367645,2400.4284582166943,2220.3963238503757,180.03213436624662,2400.428458216622,0.0,1.0,-0.0,0.0,0.3831043990524218,212.72061605893953,0.925,600.2756275992655,555.2549555293206,45.02067206994491,1.0,0.0,0.0,0.38304529516300545,212.64428928573733,0.925,600.1528306173683,555.1413683210657,45.011462296302625,1.0,0.0,-0.0,0.3829717356685512,212.5493132960437,0.925,600.0,555.0,45.0,1.0,0.0,-0.0,0.38297173566855136,212.549313296044,0.925,600.0,555.0,45.0,1.0,,,0.101,224.26002870888794,2220.3963238503757,2220.3963238503757,0.0,68.83228603936165,0.0,,,280.04998679201464,0.0,120.4214943205663,4.0,1460.0521576457,0.0,-0.0,0.0,122.41022245735205
152,1,153,0.067462264,0.0,1460.052157645693,,,,0,0.0,1,2500.44631064239,2500.44631064239,0.0,400.07140970278243,83.01481751332734,0.0,,,385.3285970000473,2500.44631064239,2400.4284582166943,100.01785242569571,2500.44631064239,0.0,1.0,0.0,0.0,0.16181354617928156,132.73249995022226,0.96,854.4588759478319,820.2805209099186,34.178355037913306,1.0,0.0,0.0,0.16139728545723567,131.5323246810586,0.96,848.9166210031422,814.9599561630164,33.95666484012572,1.0,0.0,-0.0,0.15821441966169827,121.06377236876641,0.96,797.070813691416,765.1879811437593,31.88283254765667,,,,850.4635319367583,2400.4284582166943,2220.3963238503693,180.03213436624605,2400.428458216615,0.0,1.0,-0.0,0.0,0.3831043990524218,212.72061605893953,0.925,600.2756275992655,555.2549555293206,45.02067206994491,1.0,0.0,0.0,0.38304529516300545,212.64428928573733,0.925,600.1528306173683,555.1413683210657,45.011462296302625,1.0,0.0,-0.0,0.3829717356685466,212.54931329603926,0.925,600.0,555.0,45.0,1.0,0.0,-0.0,0.38297173566854875,212.54931329604207,0.925,600.0,555.0,45.0,1.0,,,0.101,224.26002870888732,2220.3963238503693,2220.3963238503693,0.0,68.83228603936145,0.0,,,280.0499867920209,0.0,120.42149432056898,4.0,1460.052157645693,0.0,-0.0,0.0,98.49842411286335
153,1,154,0.060292453,0.0,1460.0521576457159,,,,0,0.0,1,2500.44631064239,2500.44631064239,0.0,400.07140970278243,83.01481751332734,0.0,,,385.3285970000473,2500.44631064239,2400.4284582166943,100.01785242569571,2500.44631064239,0.0,1.0,0.0,0.0,0.16181354617928156,132.73249995022226,0.96,854.4588759478319,820.2805209099186,34.178355037913306,1.0,0.0,0.0,0.16139728545723567,131.5323246810586,0.96,848.9166210031422,814.9599561630164,33.95666484012572,1.0,0.0,-0.0,0.15821441966169827,121.06377236876641,0.96,797.070813691416,765.1879811437593,31.88283254765667,,,,850.4635319367785,2400.4284582166943,2220.3963238503975,180.03213436624833,2400.4284582166456,0.0,1.0,-0.0,0.0,0.3831043990524218,212.72061605893953,0.925,600.2756275992655,555.2549555293206,45.02067206994491,1.0,0.0,0.0,0.3830452951630051,212.64428928573713,0.925,600.1528306173683,555.1413683210657,45.011462296302625,1.0,0.0,-0.0,0.38297173566853837,212.5493132960286,0.925,600.0,555.0,45.0,1.0,0.0,-0.0,0.38297173566857445,212.5493132960732,0.925,600.0,555.0,45.0,1.0,,,0.101,224.26002870889016,2220.3963238503975,2220.3963238503975,0.0,68.83228603936232,0.0,,,280.0499867919927,0.0,120.42149432055686,4.0,1460.0521576457159,0.0,-0.0,0.0,88.03012609240292
154,1,155,0.057339623,0.0,1460.0521576456981,,,,0,0.0,1,2500.44631064239,2500.44631064239,0.0,400.07140970278243,83.01481751332734,0.0,,,385.3285970000473,2500.44631064239,2400.4284582166943,100.01785242569571,2500.44631064239,0.0,1.0,0.0,0.0,0.16181354617928156,132.73249995022226,0.96,854.4588759478319,820.2805209099186,34.178355037913306,1.0,0.0,0.0,0.16139728545723567,131.5323246810586,0.96,848.9166210031422,814.9599561630164,33.95666484012572,1.0,0.0,-0.0,0.15821441966169827,121.06377236876641,0.96,797.070813691416,765.1879811437593,31.88283254765667,,,,850.463531936763,2400.4284582166943,2220.396323850374,180.0321343662464,2400.42845821662,0.0,1.0,-0.0,0.0,0.3831043990524218,212.72061605893953,0.925,600.2756275992655,555.2549555293206,45.02067206994491,1.0,0.0,0.0,0.38304529516300545,212.64428928573733,0.925,600.1528306173683,555.1413683210657,45.011462296302625,1.0,0.0,-0.0,0.3829717356685301,212.54931329601797,0.925,600.0,555.0,45.0,1.0,0.0,-0.0,0.38297173566857085,212.54931329606822,0.925,600.0,555.0,45.0,1.0,,,0.101,224.26002870888777,2220.396323850374,2220.396323850374,0.0,68.83228603936159,0.0,,,280.0499867920162,0.0,120.42149432056698,4.0,1460.0521576456981,0.0,-0.0,0.0,83.7188402797409
155,1,156,0.055707547,0.0,1460.0521576457015,,,,0,0.0,1,2500.44631064239,2500.44631064239,0.0,400.07140970278243,83.01481751332734,0.0,,,385.3285970000473,2500.44631064239,2400.4284582166943,100.01785242569571,2500.44631064239,0.0,1.0,0.0,0.0,0.16181354617928156,132.73249995022226,0.96,854.4588759478319,820.2805209099186,34.178355037913306,1.0,0.0,0.0,0.16139728545723567,131.5323246810586,0.96,848.9166210031422,814.9599561630164,33.95666484012572,1.0,0.0,-0.0,0.15821441966169827,121.06377236876641,0.96,797.070813691416,765.1879811437593,31.88283254765667,,,,850.463531936766,2400.4284582166943,2220.3963238503784,180.03213436624685,2400.4284582166256,0.0,1.0,-0.0,0.0,0.3831043990524218,212.72061605893953,0.925,600.2756275992655,555.2549555293206,45.02067206994491,1.0,0.0,0.0,0.38304529516300456,212.64428928573685,0.925,600.1528306173683,555.1413683210657,45.011462296302625,1.0,0.0,-0.0,0.38297173566854914,212.5493132960425,0.925,600.0,555.0,45.0,1.0,0.0,-0.0,0.38297173566855447,212.54931329604707,0.925,600.0,555.0,45.0,1.0,,,0.101,224.26002870888823,2220.3963238503784,2220.3963238503784,0.0,68.83228603936173,0.0,,,280.0499867920112,0.0,120.42149432056482,4.0,1460.0521576457015,0.0,-0.0,0.0,81.33592419449933
156,1,157,0.059575472,0.0,1460.0521576457086,,,,0,0.0,1,2500.44631064239,2500.44631064239,0.0,400.07140970278243,83.01481751332734,0.0,,,385.3285970000473,2500.44631064239,2400.4284582166943,100.01785242569571,2500.44631064239,0.0,1.0,0.0,0.0,0.16181354617928156,132.73249995022226,0.96,854.4588759478319,820.2805209099186,34.178355037913306,1.0,0.0,0.0,0.16139728545723567,131.5323246810586,0.96,848.9166210031422,814.9599561630164,33.95666484012572,1.0,0.0,-0.0,0.15821441966169827,121.06377236876641,0.96,797.070813691416,765.1879811437593,31.88283254765667,,,,850.4635319367724,2400.4284582166943,2220.3963238503857,180.03213436624685,2400.428458216633,0.0,1.0,-0.0,0.0,0.3831043990524218,212.72061605893953,0.925,600.2756275992655,555.2549555293206,45.02067206994491,1.0,0.0,0.0,0.3830452951630051,212.64428928573713,0.925,600.1528306173683,555.1413683210657,45.011462296302625,1.0,0.0,-0.0,0.38297173566855475,212.54931329604787,0.925,600.0,555.0,45.0,1.0,0.0,-0.0,0.38297173566855486,212.5493132960478,0.925,600.0,555.0,45.0,1.0,,,0.101,224.26002870888897,2220.3963238503857,2220.3963238503857,0.0,68.83228603936196,0.0,,,280.04998679200395,0.0,120.42149432056169,4.0,1460.0521576457086,0.0,-0.0,0.0,86.9832964363615
157,1,158,0.062566038,0.0,1460.0521576457509,,,,0,0.0,1,2500.44631064239,2500.44631064239,0.0,400.07140970278243,83.01481751332734,0.0,,,385.3285970000473,2500.44631064239,2400.4284582166943,100.01785242569571,2500.44631064239,0.0,1.0,0.0,0.0,0.16181354617928156,132.73249995022226,0.96,854.4588759478319,820.2805209099186,34.178355037913306,1.0,0.0,0.0,0.16139728545723567,131.5323246810586,0.96,848.9166210031422,814.9599561630164,33.95666484012572,1.0,0.0,-0.0,0.15821441966169827,121.06377236876641,0.96,797.070813691416,765.1879811437593,31.88283254765667,,,,850.463531936809,2400.4284582166943,2220.396323850442,180.03213436625208,2400.4284582166947,0.0,1.0,-0.0,0.0,0.3831043990524218,212.72061605893953,0.925,600.2756275992655,555.2549555293206,45.02067206994491,1.0,0.0,0.0,0.3830452951630051,212.64428928573713,0.925,600.1528306173683,555.1413683210657,45.011462296302625,1.0,0.0,-0.0,0.3829717356685436,212.54931329603536,0.925,600.0,555.0,45.0,1.0,0.0,-0.0,0.38297173566859294,212.54931329609687,0.925,600.0,555.0,45.0,1.0,,,0.101,224.26002870889465,2220.396323850442,2220.396323850442,0.0,68.83228603936371,0.0,,,280.04998679194733,0.0,120.42149432053735,4.0,1460.0521576457509,0.0,-0.0,0.0,91.34967877724604
158,1,159,0.069584906,0.0,1460.052157645764,,,,0,0.0,1,2500.44631064239,2500.44631064239,0.0,400.07140970278243,83.01481751332734,0.0,,,385.3285970000473,2500.44631064239,2400.4284582166943,100.01785242569571,2500.44631064239,0.0,1.0,0.0,0.0,0.16181354617928156,132.73249995022226,0.96,854.4588759478319,820.2805209099186,34.178355037913306,1.0,0.0,0.0,0.16139728545723567,131.5323246810586,0.96,848.9166210031422,814.9599561630164,33.95666484012572,1.0,0.0,-0.0,0.15821441966169827,121.06377236876641,0.96,797.070813691416,765.1879811437593,31.88283254765667,,,,850.4635319368208,2400.4284582166943,2220.3963238504566,180.03213436625322,2400.42845821671,0.0,1.0,-0.0,0.0,0.3831043990524218,212.72061605893953,0.925,600.2756275992655,555.2549555293206,45.02067206994491,1.0,0.0,0.0,0.38304529516300545,212.64428928573733,0.925,600.1528306173683,555.1413683210657,45.011462296302625,1.0,0.0,-0.0,0.3829717356685549,212.54931329604761,0.925,600.0,555.0,45.0,1.0,0.0,-0.0,0.3829717356685925,212.54931329609627,0.925,600.0,555.0,45.0,1.0,,,0.101,224.26002870889613,2220.3963238504566,2220.3963238504566,0.0,68.83228603936415,0.0,,,280.049986791933,0.0,120.4214943205312,4.0,1460.052157645764,0.0,-0.0,0.0,101.59759214487768
159,1,160,0.078679245,0.0,1460.0521576457606,,,,0,0.0,1,2500.44631064239,2500.44631064239,0.0,400.07140970278243,83.01481751332734,0.0,,,385.3285970000473,2500.44631064239,2400.4284582166943,100.01785242569571,2500.44631064239,0.0,1.0,0.0,0.0,0.16181354617928156,132.73249995022226,0.96,854.4588759478319,820.2805209099186,34.178355037913306,1.0,0.0,0.0,0.16139728545723567,131.5323246810586,0.96,848.9166210031422,814.9599561630164,33.95666484012572,1.0,0.0,-0.0,0.15821441966169827,121.06377236876641,0.96,797.070813691416,765.1879811437593,31.88283254765667,,,,850.4635319368172,2400.4284582166943,2220.3963238504584,180.03213436623548,2400.4284582166943,0.0,1.0,-0.0,0.0,0.3831043990524218,212.72061605893953,0.925,600.2756275992655,555.2549555293206,45.02067206994491,1.0,0.0,0.0,0.38304529516300545,212.64428928573733,0.925,600.1528306173683,555.1413683210657,45.011462296302625,1.0,0.0,-0.0,0.3829717356685466,212.54931329604335,0.925,600.0,555.0,45.0,1.0,0.0,-0.0,0.3829717356685929,212.54931329609684,0.925,600.0,555.0,45.0,1.0,,,0.101,224.26002870889633,2220.3963238504584,2220.3963238504584,0.0,68.8322860393642,0.0,,,280.0499867919312,0.0,120.42149432053041,4.0,1460.0521576457606,0.0,-0.0,0.0,114.87580142418942
160,1,161,0.10140566,0.0,1460.0521576457093,,,,0,0.0,1,2500.44631064239,2500.44631064239,0.0,400.07140970278243,83.01481751332734,0.0,,,385.3285970000473,2500.44631064239,2400.4284582166943,100.01785242569571,2500.44631064239,0.0,1.0,0.0,0.0,0.16181354617928156,132.73249995022226,0.96,854.4588759478319,820.2805209099186,34.178355037913306,1.0,0.0,0.0,0.16139728545723567,131.5323246810586,0.96,848.9166210031422,814.9599561630164,33.95666484012572,1.0,0.0,-0.0,0.15821441966169827,121.06377236876641,0.96,797.070813691416,765.1879811437593,31.88283254765667,,,,850.4635319367729,2400.4284582166943,2220.3963238503866,180.03213436624753,2400.4284582166338,0.0,1.0,-0.0,0.0,0.3831043990524218,212.72061605893953,0.925,600.2756275992655,555.2549555293206,45.02067206994491,1.0,0.0,0.0,0.38304529516300545,212.64428928573733,0.925,600.1528306173683,555.1413683210657,45.011462296302625,1.0,0.0,-0.0,0.3829717356685548,212.54931329604804,0.925,600.0,555.0,45.0,1.0,0.0,-0.0,0.3829717356685548,212.54931329604804,0.925,600.0,555.0,45.0,1.0,,,0.101,224.26002870888905,2220.3963238503866,2220.3963238503866,0.0,68.83228603936199,0.0,,,280.0499867920037,0.0,120.42149432056159,4.0,1460.0521576457093,0.0,-0.0,0.0,148.0575526804872
161,1,162,0.686716981,0.0,590.1973289559955,,,,0,0.0,1,1083.3333333333333,1083.3333333333333,0.0,173.33333333333334,35.96666666666667,0.0,,,168.6933872446416,1083.3333333333333,1040.0,43.333333333333336,1083.3333333333333,0.0,1.0,0.0,0.0,0.15653821410359603,95.4922444365491,0.96,635.4428439365565,610.0251301790943,25.417713757462284,1.0,0.0,0.0,0.17024516534787823,73.20114280809251,0.96,447.8904893967768,429.9748698209057,17.915619575871087,-0.0,0.0,1.0,0.271,0.0,0.96,0.0,0.0,0.0,,,,325.55394171135373,1040.0,950.0,90.0,1040.0,0.0,1.0,-0.0,0.0,0.3426883596961616,162.77697085567686,0.913461538461539,520.0,475.0,45.0,1.0,0.0,0.0,0.3426883596961616,162.77697085567686,0.913461538461539,520.0,475.0,45.0,-0.0,0.0,1.0,0.08724817754776784,0.0,0.8800000000000001,0.0,0.0,0.0,-0.0,0.0,1.0,0.08724817754776784,0.0,0.8800000000000001,0.0,0.0,0.0,1.0,,,0.101,95.95,950.0,950.0,0.0,29.45,0.0,,,133.33333333333334,0.0,57.333333333333336,2.0,590.1973289559953,0.0,0.0,0.0,405.2985279349251
162,1,163,1.802632075,0.0,570.0373108111088,,,,0,0.0,1,1083.3333333333333,1083.3333333333333,0.0,173.33333333333334,35.96666666666667,0.0,,,168.6933872446416,1083.3333333333333,1040.0,43.333333333333336,1083.3333333333333,0.0,1.0,0.0,0.0,0.15653821410359603,95.4922444365491,0.96,635.4428439365565,610.0251301790943,25.417713757462284,1.0,0.0,0.0,0.17024516534787823,73.20114280809251,0.96,447.8904893967768,429.9748698209057,17.915619575871087,-0.0,0.0,-0.0,0.271,0.0,0.96,0.0,0.0,0.0,,,,308.9087235664673,1040.0,915.2,124.8,1040.0,0.0,1.0,-0.0,0.0,0.33753138501580776,154.45436178323365,0.88,520.0,457.6,62.4,1.0,0.0,0.0,0.33753138501580776,154.45436178323365,0.88,520.0,457.6,62.4,-0.0,0.0,-0.0,0.08724817754776784,0.0,0.8800000000000001,0.0,0.0,0.0,-0.0,0.0,-0.0,0.08724817754776784,0.0,0.8800000000000001,0.0,0.0,0.0,1.0,,,0.101,92.43519999999992,915.2,915.2,0.0,28.371199999999973,0.0,,,168.13333333333333,0.0,72.29733333333333,2.0,570.0373108111088,0.0,0.0,0.0,1027.567540414849
163,1,164,0.191198113,0.0,725.4641910466247,,,,0,0.0,1,1250.0,1250.0,0.0,200.0,41.5,0.0,,,188.25556445453338,1250.0,1200.0,50.0,1250.0,0.0,1.0,0.0,0.0,0.15653821410359642,95.49224443654742,0.96,635.4428439365438,610.025130179082,25.417713757461776,1.0,0.0,0.0,0.15723266322537702,92.76332001798598,0.96,614.5571560634426,589.9748698209048,24.582286242537723,-0.0,0.0,-0.0,0.271,0.0,0.96,0.0,0.0,0.0,,,,425.09862659209125,1200.0,1110.0,90.0,1200.0,0.0,1.0,-0.0,0.0,0.38297173566855436,212.54931329604446,0.9249999999999998,600.0,555.0,45.0,1.0,0.0,0.0,0.38297173566855436,212.54931329604676,0.9249999999999996,600.0,555.0,45.0,-0.0,0.0,-0.0,0.08724817754776784,0.0,0.8800000000000001,0.0,0.0,0.0,-0.0,0.0,-0.0,0.08724817754776784,0.0,0.8800000000000001,0.0,0.0,0.0,1.0,,,0.101,112.11000000000001,1110.0,1110.0,0.0,34.41,0.0,,,140.0,0.0,60.2,2.0,725.4641910466247,0.0,0.0,0.0,138.70738437718614
164,1,165,0.125169811,0.0,1459.373581488526,,,,0,0.0,1,2500.0,2500.0,0.0,400.0,83.0,0.0,,,384.9563283043353,2500.0,2400.0,100.0,2500.0,0.0,1.0,0.0,0.0,0.16203688700803573,133.36617298444233,0.96,857.3547630047018,823.0605724845137,34.2941905201881,1.0,0.0,0.0,0.15954332229252505,125.79507765994651,0.96,821.3226184976487,788.4697137577427,32.85290473990598,1.0,1.0,-0.0,0.15954332229252496,125.79507765994646,0.96,821.3226184976487,788.4697137577427,32.85290473990598,,,,850.1972531841908,2400.0,2220.0,180.0,2400.0,0.0,1.0,-0.0,0.0,0.38297173566855447,212.54931329604773,0.925,600.0,555.0,45.0,1.0,0.0,0.0,0.38297173566855436,212.54931329604767,0.9249999999999999,600.0,555.0,45.0,1.0,1.0,-0.0,0.38297173566855436,212.54931329604767,0.925,600.0,555.0,45.0,1.0,1.0,-0.0,0.38297173566855436,212.54931329604767,0.9249999999999998,600.0,555.0,45.0,1.0,,,0.101,224.22000000000003,2220.0,2220.0,0.0,68.82,0.0,,,280.0,0.0,120.4,4.0,1459.373581488526,0.0,-0.0,0.0,182.6695153733119
165,1,166,0.115509434,0.0,1459.373581488526,,,,0,0.0,1,2500.0,2500.0,0.0,400.0,83.0,0.0,,,384.9563283043352,2500.0,2400.0,100.0,2500.0,0.0,1.0,0.0,0.0,0.16203688700803573,133.36617298444233,0.96,857.3547630047018,823.0605724845137,34.2941905201881,1.0,0.0,0.0,0.15954332229252505,125.79507765994651,0.96,821.3226184976487,788.4697137577427,32.85290473990598,1.0,0.0,-0.0,0.15954332229252496,125.79507765994643,0.96,821.3226184976486,788.4697137577426,32.85290473990597,,,,850.1972531841909,2400.0,2220.0,180.0,2400.0,0.0,1.0,-0.0,0.0,0.38297173566855514,212.5493132960481,0.925,600.0,555.0,45.0,1.0,0.0,0.0,0.38297173566855447,212.54931329604773,0.925,600.0,555.0,45.0,1.0,0.0,-0.0,0.38297173566855447,212.54931329604773,0.925,600.0,555.0,45.0,1.0,0.0,-0.0,0.38297173566855436,212.54931329604727,0.9249999999999999,600.0,555.0,45.0,1.0,,,0.101,224.22000000000003,2220.0,2220.0,0.0,68.82,0.0,,,280.0,0.0,120.4,4.0,1459.373581488526,0.0,-0.0,0.0,168.57141639229252
166,1,167,0.111292453,0.0,1459.3735814885206,,,,0,0.0,1,2500.0,2500.0,0.0,400.0,83.0,0.0,,,384.9563283043352,2500.0,2400.0,100.0,2500.0,0.0,1.0,0.0,0.0,0.16203688700803573,133.36617298444233,0.96,857.3547630047018,823.0605724845137,34.2941905201881,1.0,0.0,0.0,0.15954332229252505,125.79507765994651,0.96,821.3226184976487,788.4697137577427,32.85290473990598,1.0,0.0,0.0,0.15954332229252496,125.79507765994643,0.96,821.3226184976486,788.4697137577426,32.85290473990597,,,,850.1972531841852,2400.0,2220.0,180.0,2400.0,0.0,1.0,-0.0,0.0,0.38297173566855514,212.5493132960481,0.925,600.0,555.0,45.0,1.0,0.0,0.0,0.3829717356685539,212.54931329604702,0.9249999999999998,600.0,555.0,45.0,1.0,0.0,-0.0,0.3829717356685492,212.54931329604307,0.925,600.0,555.0,45.0,1.0,0.0,-0.0,0.38297173566855397,212.54931329604707,0.9249999999999999,600.0,555.0,45.0,1.0,,,0.101,224.22000000000003,2220.0,2220.0,0.0,68.82,0.0,,,280.0,0.0,120.4,4.0,1459.3735814885206,0.0,-0.0,0.0,162.41726572725284
167,1,168,0.10845283,0.0,1459.3735814885217,,,,0,0.0,1,2500.0,2500.0,0.0,400.0,83.0,0.0,,,384.9563283043352,2500.0,2400.0,100.0,2500.0,0.0,1.0,0.0,0.0,0.16203688700803573,133.36617298444233,0.96,857.3547630047018,823.0605724845137,34.2941905201881,1.0,0.0,0.0,0.15954332229252505,125.79507765994651,0.96,821.3226184976487,788.4697137577427,32.85290473990598,1.0,0.0,0.0,0.15954332229252496,125.79507765994643,0.96,821.3226184976486,788.4697137577426,32.85290473990597,,,,850.1972531841865,2400.0,2220.0,180.0,2400.0,0.0,1.0,-0.0,0.0,0.38297173566855514,212.5493132960481,0.925,600.0,555.0,45.0,1.0,0.0,0.0,0.38297173566855436,212.54931329604767,0.925,600.0,555.0,45.0,1.0,0.0,0.0,0.3829717356685492,212.54931329604307,0.925,600.0,555.0,45.0,1.0,0.0,0.0,0.38297173566855436,212.54931329604767,0.925,600.0,555.0,45.0,1.0,,,0.101,224.22000000000003,2220.0,2220.0,0.0,68.82,0.0,,,280.0,0.0,120.4,4.0,1459.3735814885217,0.0,-0.0,0.0,158.27319493966579
