,Day,Time,LMP,bypass_pretreatment_flow,power_from_grid,intake.op_mode,intake.startup,intake.shutdown,intake.energy_intensity,intake.power_consumption,intake.recovery,intake.feed_flowrate,intake.product_flowrate,intake.reject_flowrate,intake.feed_cost,intake.chemical_cost,pretreatment.op_mode,pretreatment.startup,pretreatment.shutdown,pretreatment.power_consumption,pretreatment.feed_flowrate,pretreatment.product_flowrate,pretreatment.reject_flowrate,pretreatment.inlet_flowrate,pretreatment.leftover_flow,pretreatment.uf_pumps[1].op_mode,pretreatment.uf_pumps[1].startup,pretreatment.uf_pumps[1].shutdown,pretreatment.uf_pumps[1].energy_intensity,pretreatment.uf_pumps[1].power_consumption,pretreatment.uf_pumps[1].recovery,pretreatment.uf_pumps[1].feed_flowrate,pretreatment.uf_pumps[1].product_flowrate,pretreatment.uf_pumps[1].reject_flowrate,pretreatment.uf_pumps[2].op_mode,pretreatment.uf_pumps[2].startup,pretreatment.uf_pumps[2].shutdown,pretreatment.uf_pumps[2].energy_intensity,pretreatment.uf_pumps[2].power_consumption,pretreatment.uf_pumps[2].recovery,pretreatment.uf_pumps[2].feed_flowrate,pretreatment.uf_pumps[2].product_flowrate,pretreatment.uf_pumps[2].reject_flowrate,pretreatment.uf_pumps[3].op_mode,pretreatment.uf_pumps[3].startup,pretreatment.uf_pumps[3].shutdown,pretreatment.uf_pumps[3].energy_intensity,pretreatment.uf_pumps[3].power_consumption,pretreatment.uf_pumps[3].recovery,pretreatment.uf_pumps[3].feed_flowrate,pretreatment.uf_pumps[3].product_flowrate,pretreatment.uf_pumps[3].reject_flowrate,reverse_osmosis.op_mode,reverse_osmosis.startup,reverse_osmosis.shutdown,reverse_osmosis.power_consumption,reverse_osmosis.feed_flowrate,reverse_osmosis.product_flowrate,reverse_osmosis.reject_flowrate,reverse_osmosis.inlet_flowrate,reverse_osmosis.leftover_flow,reverse_osmosis.ro_skid[1].op_mode,reverse_osmosis.ro_skid[1].startup,reverse_osmosis.ro_skid[1].shutdown,reverse_osmosis.ro_skid[1].energy_intensity,reverse_osmosis.ro_skid[1].power_consumption,reverse_osmosis.ro_skid[1].recovery,reverse_osmosis.ro_skid[1].feed_flowrate,reverse_osmosis.ro_skid[1].product_flowrate,reverse_osmosis.ro_skid[1].reject_flowrate,reverse_osmosis.ro_skid[2].op_mode,reverse_osmosis.ro_skid[2].startup,reverse_osmosis.ro_skid[2].shutdown,reverse_osmosis.ro_skid[2].energy_intensity,reverse_osmosis.ro_skid[2].power_consumption,reverse_osmosis.ro_skid[2].recovery,reverse_osmosis.ro_skid[2].feed_flowrate,reverse_osmosis.ro_skid[2].product_flowrate,reverse_osmosis.ro_skid[2].reject_flowrate,reverse_osmosis.ro_skid[3].op_mode,reverse_osmosis.ro_skid[3].startup,reverse_osmosis.ro_skid[3].shutdown,reverse_osmosis.ro_skid[3].energy_intensity,reverse_osmosis.ro_skid[3].power_consumption,reverse_osmosis.ro_skid[3].recovery,reverse_osmosis.ro_skid[3].feed_flowrate,reverse_osmosis.ro_skid[3].product_flowrate,reverse_osmosis.ro_skid[3].reject_flowrate,reverse_osmosis.ro_skid[4].op_mode,reverse_osmosis.ro_skid[4].startup,reverse_osmosis.ro_skid[4].shutdown,reverse_osmosis.ro_skid[4].energy_intensity,reverse_osmosis.ro_skid[4].power_consumption,reverse_osmosis.ro_skid[4].recovery,reverse_osmosis.ro_skid[4].feed_flowrate,reverse_osmosis.ro_skid[4].product_flowrate,reverse_osmosis.ro_skid[4].reject_flowrate,posttreatment.op_mode,posttreatment.startup,posttreatment.shutdown,posttreatment.energy_intensity,posttreatment.power_consumption,posttreatment.feed_flowrate,posttreatment.product_flowrate,posttreatment.reject_flowrate,posttreatment.chemical_cost,brine_discharge.op_mode,brine_discharge.startup,brine_discharge.shutdown,brine_discharge.feed_flowrate,brine_discharge.power_consumption,brine_discharge.brine_cost,num_skids_online,net_power_consumption,water_revenue,demand_response_revenue,emissions_cost,energy_cost
0,1,1,0.11233,0.0,1102.6552392369908,,,,0,0.0,1,1891.487500220377,1891.487500220377,0.0,302.6380000352603,62.797385007316514,0.0,,,285.49121713575073,1891.487500220377,1815.8280002115616,75.65950000881514,1891.4875002203767,0.0,1.0,0.0,0.0,0.15570421836808582,104.16738769632242,0.96,696.8834669622734,669.0081282837824,27.87533867849096,1.0,0.0,0.0,0.15677951883650648,94.43565099430202,0.96,627.444646569648,602.346860706862,25.09778586278594,1.0,0.0,0.0,0.15958215862764197,86.8881784451263,0.96,567.1593866884556,544.4730112209173,22.686375467538245,,,,647.5202911814749,1815.8280002115616,1679.6409001956947,136.18710001586697,1815.8280002115619,0.0,1.0,0,0,0.38551723087020057,215.84800994687595,0.925,605.2886388913047,559.8919909744569,45.396647916847826,1.0,0,0,0.3855110405922809,215.8399577823109,0.925,605.275777682793,559.8800943565835,45.39568332620944,1.0,0,0,0.38550517142924795,215.8323234522881,0.925,605.2635836374632,559.8688148646535,45.39476877280971,0.0,0,0,0.09418341935927774,0.0,0.925,0.0,0.0,0.0,1.0,,,0.101,169.64373091976518,1679.6409001956947,1679.6409001956947,0.0,52.06886790606654,0.0,,,211.8466000246819,0.0,91.09403801061322,3.0,1102.6552392369908,0.0,-0.0,0.0,123.86126302349118
1,1,2,0.11184,0.0,1102.6552392369908,,,,0,0.0,1,1891.487500220377,1891.487500220377,0.0,302.6380000352603,62.797385007316514,0.0,,,285.49121713575073,1891.487500220377,1815.8280002115616,75.65950000881514,1891.4875002203767,0.0,1.0,0.0,0.0,0.15570421836808582,104.16738769632242,0.96,696.8834669622734,669.0081282837824,27.87533867849096,1.0,0.0,0.0,0.15677951883650648,94.43565099430202,0.96,627.444646569648,602.346860706862,25.09778586278594,1.0,0.0,0.0,0.15958215862764197,86.8881784451263,0.96,567.1593866884556,544.4730112209173,22.686375467538245,,,,647.5202911814749,1815.8280002115616,1679.6409001956947,136.18710001586697,1815.8280002115619,0.0,1.0,0,0,0.38551723087020057,215.84800994687595,0.925,605.2886388913047,559.8919909744569,45.396647916847826,1.0,0,0,0.3855110405922809,215.8399577823109,0.925,605.275777682793,559.8800943565835,45.39568332620944,1.0,0,0,0.38550517142924795,215.8323234522881,0.925,605.2635836374632,559.8688148646535,45.39476877280971,0.0,0,0,0.09418341935927774,0.0,0.925,0.0,0.0,0.0,1.0,,,0.101,169.64373091976518,1679.6409001956947,1679.6409001956947,0.0,52.06886790606654,0.0,,,211.8466000246819,0.0,91.09403801061322,3.0,1102.6552392369908,0.0,-0.0,0.0,123.32096195626505
2,1,3,0.11204,0.0,1102.6552392369908,,,,0,0.0,1,1891.487500220377,1891.487500220377,0.0,302.6380000352603,62.797385007316514,0.0,,,285.49121713575073,1891.487500220377,1815.8280002115616,75.65950000881514,1891.4875002203767,0.0,1.0,0.0,0.0,0.15570421836808582,104.16738769632242,0.96,696.8834669622734,669.0081282837824,27.87533867849096,1.0,0.0,0.0,0.15677951883650648,94.43565099430202,0.96,627.444646569648,602.346860706862,25.09778586278594,1.0,0.0,0.0,0.15958215862764197,86.8881784451263,0.96,567.1593866884556,544.4730112209173,22.686375467538245,,,,647.5202911814749,1815.8280002115616,1679.6409001956947,136.18710001586697,1815.8280002115619,0.0,1.0,0,0,0.38551723087020057,215.84800994687595,0.925,605.2886388913047,559.8919909744569,45.396647916847826,1.0,0,0,0.3855110405922809,215.8399577823109,0.925,605.275777682793,559.8800943565835,45.39568332620944,1.0,0,0,0.3855051714292479,215.83232345228808,0.925,605.2635836374632,559.8688148646535,45.39476877280971,0.0,0,0,0.09418341935927774,0.0,0.925,0.0,0.0,0.0,1.0,,,0.101,169.64373091976518,1679.6409001956947,1679.6409001956947,0.0,52.06886790606654,0.0,,,211.8466000246819,0.0,91.09403801061322,3.0,1102.6552392369908,0.0,-0.0,0.0,123.54149300411245
3,1,4,0.1128,0.0,1102.6552392369908,,,,0,0.0,1,1891.487500220377,1891.487500220377,0.0,302.6380000352603,62.797385007316514,0.0,,,285.49121713575073,1891.487500220377,1815.8280002115616,75.65950000881514,1891.4875002203767,0.0,1.0,0.0,0.0,0.15570421836808582,104.16738769632242,0.96,696.8834669622734,669.0081282837824,27.87533867849096,1.0,0.0,0.0,0.15677951883650648,94.43565099430202,0.96,627.444646569648,602.346860706862,25.09778586278594,1.0,0.0,0.0,0.15958215862764197,86.8881784451263,0.96,567.1593866884556,544.4730112209173,22.686375467538245,,,,647.5202911814749,1815.8280002115616,1679.6409001956947,136.18710001586697,1815.8280002115619,0.0,1.0,0,0,0.38551723087020057,215.84800994687595,0.925,605.2886388913047,559.8919909744569,45.396647916847826,1.0,0,0,0.3855110405922809,215.8399577823109,0.925,605.275777682793,559.8800943565835,45.39568332620944,1.0,0,0,0.3855051714292479,215.83232345228808,0.925,605.2635836374632,559.8688148646535,45.39476877280971,0.0,0,0,0.09418341935927774,0.0,0.925,0.0,0.0,0.0,1.0,,,0.101,169.64373091976518,1679.6409001956947,1679.6409001956947,0.0,52.06886790606654,0.0,,,211.8466000246819,0.0,91.09403801061322,3.0,1102.6552392369908,0.0,-0.0,0.0,124.37951098593257
4,1,5,0.11523,0.0,1102.6552392369908,,,,0,0.0,1,1891.487500220377,1891.487500220377,0.0,302.6380000352603,62.797385007316514,0.0,,,285.49121713575073,1891.487500220377,1815.8280002115616,75.65950000881514,1891.4875002203767,0.0,1.0,0.0,0.0,0.15570421836808582,104.16738769632242,0.96,696.8834669622734,669.0081282837824,27.87533867849096,1.0,0.0,0.0,0.15677951883650648,94.43565099430202,0.96,627.444646569648,602.346860706862,25.09778586278594,1.0,0.0,0.0,0.15958215862764197,86.8881784451263,0.96,567.1593866884556,544.4730112209173,22.686375467538245,,,,647.5202911814749,1815.8280002115616,1679.6409001956947,136.18710001586697,1815.8280002115619,0.0,1.0,0,0,0.38551723087020057,215.84800994687595,0.925,605.2886388913047,559.8919909744569,45.396647916847826,1.0,0,0,0.3855110405922809,215.8399577823109,0.925,605.275777682793,559.8800943565835,45.39568332620944,1.0,0,0,0.38550517142924795,215.8323234522881,0.925,605.2635836374632,559.8688148646535,45.39476877280971,0.0,0,0,0.09418341935927774,0.0,0.925,0.0,0.0,0.0,1.0,,,0.101,169.64373091976518,1679.6409001956947,1679.6409001956947,0.0,52.06886790606654,0.0,,,211.8466000246819,0.0,91.09403801061322,3.0,1102.6552392369908,0.0,-0.0,0.0,127.05896321727845
5,1,6,0.11799,0.0,1102.6552392369908,,,,0,0.0,1,1891.487500220377,1891.487500220377,0.0,302.6380000352603,62.797385007316514,0.0,,,285.49121713575073,1891.487500220377,1815.8280002115616,75.65950000881514,1891.4875002203767,0.0,1.0,0.0,0.0,0.15570421836808582,104.16738769632242,0.96,696.8834669622734,669.0081282837824,27.87533867849096,1.0,0.0,0.0,0.15677951883650648,94.43565099430202,0.96,627.444646569648,602.346860706862,25.09778586278594,1.0,0.0,0.0,0.15958215862764197,86.8881784451263,0.96,567.1593866884556,544.4730112209173,22.686375467538245,,,,647.5202911814749,1815.8280002115616,1679.6409001956947,136.18710001586697,1815.8280002115619,0.0,1.0,0,0,0.38551723087020057,215.84800994687595,0.925,605.2886388913047,559.8919909744569,45.396647916847826,1.0,0,0,0.3855110405922809,215.8399577823109,0.925,605.275777682793,559.8800943565835,45.39568332620944,1.0,0,0,0.38550517142924795,215.8323234522881,0.925,605.2635836374632,559.8688148646535,45.39476877280971,0.0,0,0,0.09418341935927774,0.0,0.925,0.0,0.0,0.0,1.0,,,0.101,169.64373091976518,1679.6409001956947,1679.6409001956947,0.0,52.06886790606654,0.0,,,211.8466000246819,0.0,91.09403801061322,3.0,1102.6552392369908,0.0,-0.0,0.0,130.10229167757254
6,1,7,0.10888,0.0,1102.6552392369908,,,,0,0.0,1,1891.487500220377,1891.487500220377,0.0,302.6380000352603,62.797385007316514,0.0,,,285.49121713575073,1891.487500220377,1815.8280002115616,75.65950000881514,1891.4875002203767,0.0,1.0,0.0,0.0,0.15570421836808582,104.16738769632242,0.96,696.8834669622734,669.0081282837824,27.87533867849096,1.0,0.0,0.0,0.15677951883650648,94.43565099430202,0.96,627.444646569648,602.346860706862,25.09778586278594,1.0,0.0,0.0,0.15958215862764197,86.8881784451263,0.96,567.1593866884556,544.4730112209173,22.686375467538245,,,,647.5202911814749,1815.8280002115616,1679.6409001956947,136.18710001586697,1815.8280002115619,0.0,1.0,0,0,0.38551723087020057,215.84800994687595,0.925,605.2886388913047,559.8919909744569,45.396647916847826,1.0,0,0,0.3855110405922809,215.8399577823109,0.925,605.275777682793,559.8800943565835,45.39568332620944,1.0,0,0,0.38550517142924795,215.8323234522881,0.925,605.2635836374632,559.8688148646535,45.39476877280971,0.0,0,0,0.09418341935927774,0.0,0.925,0.0,0.0,0.0,1.0,,,0.101,169.64373091976518,1679.6409001956947,1679.6409001956947,0.0,52.06886790606654,0.0,,,211.8466000246819,0.0,91.09403801061322,3.0,1102.6552392369908,0.0,-0.0,0.0,120.05710244812357
7,1,8,0.10277,0.0,1102.6552392369908,,,,0,0.0,1,1891.487500220377,1891.487500220377,0.0,302.6380000352603,62.797385007316514,0.0,,,285.49121713575073,1891.487500220377,1815.8280002115616,75.65950000881514,1891.4875002203767,0.0,1.0,0.0,0.0,0.15570421836808582,104.16738769632242,0.96,696.8834669622734,669.0081282837824,27.87533867849096,1.0,0.0,0.0,0.15677951883650648,94.43565099430202,0.96,627.444646569648,602.346860706862,25.09778586278594,1.0,0.0,0.0,0.15958215862764197,86.8881784451263,0.96,567.1593866884556,544.4730112209173,22.686375467538245,,,,647.5202911814749,1815.8280002115616,1679.6409001956947,136.18710001586697,1815.8280002115619,0.0,1.0,0,0,0.38551723087020057,215.84800994687595,0.925,605.2886388913047,559.8919909744569,45.396647916847826,1.0,0,0,0.3855110405922809,215.8399577823109,0.925,605.275777682793,559.8800943565835,45.39568332620944,1.0,0,0,0.38550517142924795,215.8323234522881,0.925,605.2635836374632,559.8688148646535,45.39476877280971,0.0,0,0,0.09418341935927774,0.0,0.925,0.0,0.0,0.0,1.0,,,0.101,169.64373091976518,1679.6409001956947,1679.6409001956947,0.0,52.06886790606654,0.0,,,211.8466000246819,0.0,91.09403801061322,3.0,1102.6552392369908,0.0,-0.0,0.0,113.31987893638555
8,1,9,0.09453,0.0,1102.6552392369908,,,,0,0.0,1,1891.487500220377,1891.487500220377,0.0,302.6380000352603,62.797385007316514,0.0,,,285.49121713575073,1891.487500220377,1815.8280002115616,75.65950000881514,1891.4875002203767,0.0,1.0,0.0,0.0,0.15570421836808582,104.16738769632242,0.96,696.8834669622734,669.0081282837824,27.87533867849096,1.0,0.0,0.0,0.15677951883650648,94.43565099430202,0.96,627.444646569648,602.346860706862,25.09778586278594,1.0,0.0,0.0,0.15958215862764197,86.8881784451263,0.96,567.1593866884556,544.4730112209173,22.686375467538245,,,,647.5202911814749,1815.8280002115616,1679.6409001956947,136.18710001586697,1815.8280002115619,0.0,1.0,0,0,0.38551723087020057,215.84800994687595,0.925,605.2886388913047,559.8919909744569,45.396647916847826,1.0,0,0,0.3855110405922809,215.8399577823109,0.925,605.275777682793,559.8800943565835,45.39568332620944,1.0,0,0,0.38550517142924795,215.8323234522881,0.925,605.2635836374632,559.8688148646535,45.39476877280971,0.0,0,0,0.09418341935927774,0.0,0.925,0.0,0.0,0.0,1.0,,,0.101,169.64373091976518,1679.6409001956947,1679.6409001956947,0.0,52.06886790606654,0.0,,,211.8466000246819,0.0,91.09403801061322,3.0,1102.6552392369908,0.0,-0.0,0.0,104.23399976507275
9,1,10,0.0882,0.0,1102.6552392369908,,,,0,0.0,1,1891.487500220377,1891.487500220377,0.0,302.6380000352603,62.797385007316514,0.0,,,285.49121713575073,1891.487500220377,1815.8280002115616,75.65950000881514,1891.4875002203767,0.0,1.0,0.0,0.0,0.15570421836808582,104.16738769632242,0.96,696.8834669622734,669.0081282837824,27.87533867849096,1.0,0.0,0.0,0.15677951883650648,94.43565099430202,0.96,627.444646569648,602.346860706862,25.09778586278594,1.0,0.0,0.0,0.15958215862764197,86.8881784451263,0.96,567.1593866884556,544.4730112209173,22.686375467538245,,,,647.5202911814749,1815.8280002115616,1679.6409001956947,136.18710001586697,1815.8280002115619,0.0,1.0,0,0,0.38551723087020057,215.84800994687595,0.925,605.2886388913047,559.8919909744569,45.396647916847826,1.0,0,0,0.3855110405922809,215.8399577823109,0.925,605.275777682793,559.8800943565835,45.39568332620944,1.0,0,0,0.38550517142924795,215.8323234522881,0.925,605.2635836374632,559.8688148646535,45.39476877280971,0.0,0,0,0.09418341935927774,0.0,0.925,0.0,0.0,0.0,1.0,,,0.101,169.64373091976518,1679.6409001956947,1679.6409001956947,0.0,52.06886790606654,0.0,,,211.8466000246819,0.0,91.09403801061322,3.0,1102.6552392369908,0.0,-0.0,0.0,97.2541921007026
10,1,11,0.08403,0.0,1102.6552392369908,,,,0,0.0,1,1891.487500220377,1891.487500220377,0.0,302.6380000352603,62.797385007316514,0.0,,,285.49121713575073,1891.487500220377,1815.8280002115616,75.65950000881514,1891.4875002203767,0.0,1.0,0.0,0.0,0.15570421836808582,104.16738769632242,0.96,696.8834669622734,669.0081282837824,27.87533867849096,1.0,0.0,0.0,0.15677951883650648,94.43565099430202,0.96,627.444646569648,602.346860706862,25.09778586278594,1.0,0.0,0.0,0.15958215862764197,86.8881784451263,0.96,567.1593866884556,544.4730112209173,22.686375467538245,,,,647.5202911814749,1815.8280002115616,1679.6409001956947,136.18710001586697,1815.8280002115619,0.0,1.0,0,0,0.38551723087020057,215.84800994687595,0.925,605.2886388913047,559.8919909744569,45.396647916847826,1.0,0,0,0.3855110405922809,215.8399577823109,0.925,605.275777682793,559.8800943565835,45.39568332620944,1.0,0,0,0.38550517142924795,215.8323234522881,0.925,605.2635836374632,559.8688148646535,45.39476877280971,0.0,0,0,0.09418341935927774,0.0,0.925,0.0,0.0,0.0,1.0,,,0.101,169.64373091976518,1679.6409001956947,1679.6409001956947,0.0,52.06886790606654,0.0,,,211.8466000246819,0.0,91.09403801061322,3.0,1102.6552392369908,0.0,-0.0,0.0,92.65611975308433
11,1,12,0.08356,0.0,1102.6552392369908,,,,0,0.0,1,1891.487500220377,1891.487500220377,0.0,302.6380000352603,62.797385007316514,0.0,,,285.49121713575073,1891.487500220377,1815.8280002115616,75.65950000881514,1891.4875002203767,0.0,1.0,0.0,0.0,0.15570421836808582,104.16738769632242,0.96,696.8834669622734,669.0081282837824,27.87533867849096,1.0,0.0,0.0,0.15677951883650648,94.43565099430202,0.96,627.444646569648,602.346860706862,25.09778586278594,1.0,0.0,0.0,0.15958215862764197,86.8881784451263,0.96,567.1593866884556,544.4730112209173,22.686375467538245,,,,647.5202911814749,1815.8280002115616,1679.6409001956947,136.18710001586697,1815.8280002115619,0.0,1.0,0,0,0.38551723087020057,215.84800994687595,0.925,605.2886388913047,559.8919909744569,45.396647916847826,1.0,0,0,0.3855110405922809,215.8399577823109,0.925,605.275777682793,559.8800943565835,45.39568332620944,1.0,0,0,0.38550517142924795,215.8323234522881,0.925,605.2635836374632,559.8688148646535,45.39476877280971,0.0,0,0,0.09418341935927774,0.0,0.925,0.0,0.0,0.0,1.0,,,0.101,169.64373091976518,1679.6409001956947,1679.6409001956947,0.0,52.06886790606654,0.0,,,211.8466000246819,0.0,91.09403801061322,3.0,1102.6552392369908,0.0,-0.0,0.0,92.13787179064295
12,1,13,0.08757,0.0,1102.6552392369908,,,,0,0.0,1,1891.487500220377,1891.487500220377,0.0,302.6380000352603,62.797385007316514,0.0,,,285.49121713575073,1891.487500220377,1815.8280002115616,75.65950000881514,1891.4875002203767,0.0,1.0,0.0,0.0,0.15570421836808582,104.16738769632242,0.96,696.8834669622734,669.0081282837824,27.87533867849096,1.0,0.0,0.0,0.15677951883650648,94.43565099430202,0.96,627.444646569648,602.346860706862,25.09778586278594,1.0,0.0,0.0,0.15958215862764197,86.8881784451263,0.96,567.1593866884556,544.4730112209173,22.686375467538245,,,,647.5202911814749,1815.8280002115616,1679.6409001956947,136.18710001586697,1815.8280002115619,0.0,1.0,0,0,0.38551723087020057,215.84800994687595,0.925,605.2886388913047,559.8919909744569,45.396647916847826,1.0,0,0,0.3855110405922809,215.8399577823109,0.925,605.275777682793,559.8800943565835,45.39568332620944,1.0,0,0,0.38550517142924795,215.8323234522881,0.925,605.2635836374632,559.8688148646535,45.39476877280971,0.0,0,0,0.09418341935927774,0.0,0.925,0.0,0.0,0.0,1.0,,,0.101,169.64373091976518,1679.6409001956947,1679.6409001956947,0.0,52.06886790606654,0.0,,,211.8466000246819,0.0,91.09403801061322,3.0,1102.6552392369908,0.0,-0.0,0.0,96.55951929998328
13,1,14,0.09237,0.0,1102.6552392369908,,,,0,0.0,1,1891.487500220377,1891.487500220377,0.0,302.6380000352603,62.797385007316514,0.0,,,285.49121713575073,1891.487500220377,1815.8280002115616,75.65950000881514,1891.4875002203767,0.0,1.0,0.0,0.0,0.15570421836808582,104.16738769632242,0.96,696.8834669622734,669.0081282837824,27.87533867849096,1.0,0.0,0.0,0.15677951883650648,94.43565099430202,0.96,627.444646569648,602.346860706862,25.09778586278594,1.0,0.0,0.0,0.15958215862764197,86.8881784451263,0.96,567.1593866884556,544.4730112209173,22.686375467538245,,,,647.5202911814749,1815.8280002115616,1679.6409001956947,136.18710001586697,1815.8280002115619,0.0,1.0,0,0,0.38551723087020057,215.84800994687595,0.925,605.2886388913047,559.8919909744569,45.396647916847826,1.0,0,0,0.3855110405922809,215.8399577823109,0.925,605.275777682793,559.8800943565835,45.39568332620944,1.0,0,0,0.38550517142924795,215.8323234522881,0.925,605.2635836374632,559.8688148646535,45.39476877280971,0.0,0,0,0.09418341935927774,0.0,0.925,0.0,0.0,0.0,1.0,,,0.101,169.64373091976518,1679.6409001956947,1679.6409001956947,0.0,52.06886790606654,0.0,,,211.8466000246819,0.0,91.09403801061322,3.0,1102.6552392369908,0.0,-0.0,0.0,101.85226444832084
14,1,15,0.09868,0.0,1102.6552392369908,,,,0,0.0,1,1891.487500220377,1891.487500220377,0.0,302.6380000352603,62.797385007316514,0.0,,,285.49121713575073,1891.487500220377,1815.8280002115616,75.65950000881514,1891.4875002203767,0.0,1.0,0.0,0.0,0.15570421836808582,104.16738769632242,0.96,696.8834669622734,669.0081282837824,27.87533867849096,1.0,0.0,0.0,0.15677951883650648,94.43565099430202,0.96,627.444646569648,602.346860706862,25.09778586278594,1.0,0.0,0.0,0.15958215862764197,86.8881784451263,0.96,567.1593866884556,544.4730112209173,22.686375467538245,,,,647.5202911814749,1815.8280002115616,1679.6409001956947,136.18710001586697,1815.8280002115619,0.0,1.0,0,0,0.38551723087020057,215.84800994687595,0.925,605.2886388913047,559.8919909744569,45.396647916847826,1.0,0,0,0.3855110405922809,215.8399577823109,0.925,605.275777682793,559.8800943565835,45.39568332620944,1.0,0,0,0.38550517142924795,215.8323234522881,0.925,605.2635836374632,559.8688148646535,45.39476877280971,0.0,0,0,0.09418341935927774,0.0,0.925,0.0,0.0,0.0,1.0,,,0.101,169.64373091976518,1679.6409001956947,1679.6409001956947,0.0,52.06886790606654,0.0,,,211.8466000246819,0.0,91.09403801061322,3.0,1102.6552392369908,0.0,-0.0,0.0,108.81001900790626
15,1,16,0.102,0.0,1102.6552392369908,,,,0,0.0,1,1891.487500220377,1891.487500220377,0.0,302.6380000352603,62.797385007316514,0.0,,,285.49121713575073,1891.487500220377,1815.8280002115616,75.65950000881514,1891.4875002203767,0.0,1.0,0.0,0.0,0.15570421836808582,104.16738769632242,0.96,696.8834669622734,669.0081282837824,27.87533867849096,1.0,0.0,0.0,0.15677951883650648,94.43565099430202,0.96,627.444646569648,602.346860706862,25.09778586278594,1.0,0.0,0.0,0.15958215862764197,86.8881784451263,0.96,567.1593866884556,544.4730112209173,22.686375467538245,,,,647.5202911814749,1815.8280002115616,1679.6409001956947,136.18710001586697,1815.8280002115619,0.0,1.0,0,0,0.38551723087020057,215.84800994687595,0.925,605.2886388913047,559.8919909744569,45.396647916847826,1.0,0,0,0.3855110405922809,215.8399577823109,0.925,605.275777682793,559.8800943565835,45.39568332620944,1.0,0,0,0.38550517142924795,215.8323234522881,0.925,605.2635836374632,559.8688148646535,45.39476877280971,0.0,0,0,0.09418341935927774,0.0,0.925,0.0,0.0,0.0,1.0,,,0.101,169.64373091976518,1679.6409001956947,1679.6409001956947,0.0,52.06886790606654,0.0,,,211.8466000246819,0.0,91.09403801061322,3.0,1102.6552392369908,0.0,-0.0,0.0,112.47083440217305
16,1,17,0.1076,0.0,1102.6552392369908,,,,0,0.0,1,1891.487500220377,1891.487500220377,0.0,302.6380000352603,62.797385007316514,0.0,,,285.49121713575073,1891.487500220377,1815.8280002115616,75.65950000881514,1891.4875002203767,0.0,1.0,0.0,0.0,0.15570421836808582,104.16738769632242,0.96,696.8834669622734,669.0081282837824,27.87533867849096,1.0,0.0,0.0,0.15677951883650648,94.43565099430202,0.96,627.444646569648,602.346860706862,25.09778586278594,1.0,0.0,0.0,0.15958215862764197,86.8881784451263,0.96,567.1593866884556,544.4730112209173,22.686375467538245,,,,647.5202911814749,1815.8280002115616,1679.6409001956947,136.18710001586697,1815.8280002115619,0.0,1.0,0,0,0.38551723087020057,215.84800994687595,0.925,605.2886388913047,559.8919909744569,45.396647916847826,1.0,0,0,0.3855110405922809,215.8399577823109,0.925,605.275777682793,559.8800943565835,45.39568332620944,1.0,0,0,0.38550517142924795,215.8323234522881,0.925,605.2635836374632,559.8688148646535,45.39476877280971,0.0,0,0,0.09418341935927774,0.0,0.925,0.0,0.0,0.0,1.0,,,0.101,169.64373091976518,1679.6409001956947,1679.6409001956947,0.0,52.06886790606654,0.0,,,211.8466000246819,0.0,91.09403801061322,3.0,1102.6552392369908,0.0,-0.0,0.0,118.64570374190022
17,1,18,0.17426,0.0,1102.6552392369908,,,,0,0.0,1,1891.487500220377,1891.487500220377,0.0,302.6380000352603,62.797385007316514,0.0,,,285.49121713575073,1891.487500220377,1815.8280002115616,75.65950000881514,1891.4875002203767,0.0,1.0,0.0,0.0,0.15570421836808582,104.16738769632242,0.96,696.8834669622734,669.0081282837824,27.87533867849096,1.0,0.0,0.0,0.15677951883650648,94.43565099430202,0.96,627.444646569648,602.346860706862,25.09778586278594,1.0,0.0,0.0,0.15958215862764197,86.8881784451263,0.96,567.1593866884556,544.4730112209173,22.686375467538245,,,,647.5202911814749,1815.8280002115616,1679.6409001956947,136.18710001586697,1815.8280002115619,0.0,1.0,0,0,0.38551723087020057,215.84800994687595,0.925,605.2886388913047,559.8919909744569,45.396647916847826,1.0,0,0,0.3855110405922809,215.8399577823109,0.925,605.275777682793,559.8800943565835,45.39568332620944,1.0,0,0,0.3855051714292479,215.83232345228808,0.925,605.2635836374632,559.8688148646535,45.39476877280971,0.0,0,0,0.09418341935927774,0.0,0.925,0.0,0.0,0.0,1.0,,,0.101,169.64373091976518,1679.6409001956947,1679.6409001956947,0.0,52.06886790606654,0.0,,,211.8466000246819,0.0,91.09403801061322,3.0,1102.6552392369908,0.0,-0.0,0.0,192.14870198943802
18,1,19,0.44472,0.0,1102.6552392369908,,,,0,0.0,1,1891.487500220377,1891.487500220377,0.0,302.6380000352603,62.797385007316514,0.0,,,285.49121713575073,1891.487500220377,1815.8280002115616,75.65950000881514,1891.4875002203767,0.0,1.0,0.0,0.0,0.15570421836808582,104.16738769632242,0.96,696.8834669622734,669.0081282837824,27.87533867849096,1.0,0.0,0.0,0.15677951883650648,94.43565099430202,0.96,627.444646569648,602.346860706862,25.09778586278594,1.0,0.0,0.0,0.15958215862764197,86.8881784451263,0.96,567.1593866884556,544.4730112209173,22.686375467538245,,,,647.5202911814749,1815.8280002115616,1679.6409001956947,136.18710001586697,1815.8280002115619,0.0,1.0,0,0,0.38551723087020057,215.84800994687595,0.925,605.2886388913047,559.8919909744569,45.396647916847826,1.0,0,0,0.3855110405922809,215.8399577823109,0.925,605.275777682793,559.8800943565835,45.39568332620944,1.0,0,0,0.38550517142924795,215.8323234522881,0.925,605.2635836374632,559.8688148646535,45.39476877280971,0.0,0,0,0.09418341935927774,0.0,0.925,0.0,0.0,0.0,1.0,,,0.101,169.64373091976518,1679.6409001956947,1679.6409001956947,0.0,52.06886790606654,0.0,,,211.8466000246819,0.0,91.09403801061322,3.0,1102.6552392369908,0.0,-0.0,0.0,490.37283799347455
19,1,20,0.34009,0.0,1102.6552392369908,,,,0,0.0,1,1891.487500220377,1891.487500220377,0.0,302.6380000352603,62.797385007316514,0.0,,,285.49121713575073,1891.487500220377,1815.8280002115616,75.65950000881514,1891.4875002203767,0.0,1.0,0.0,0.0,0.15570421836808582,104.16738769632242,0.96,696.8834669622734,669.0081282837824,27.87533867849096,1.0,0.0,0.0,0.15677951883650648,94.43565099430202,0.96,627.444646569648,602.346860706862,25.09778586278594,1.0,0.0,0.0,0.15958215862764197,86.8881784451263,0.96,567.1593866884556,544.4730112209173,22.686375467538245,,,,647.5202911814749,1815.8280002115616,1679.6409001956947,136.18710001586697,1815.8280002115619,0.0,1.0,0,0,0.38551723087020057,215.84800994687595,0.925,605.2886388913047,559.8919909744569,45.396647916847826,1.0,0,0,0.3855110405922809,215.8399577823109,0.925,605.275777682793,559.8800943565835,45.39568332620944,1.0,0,0,0.38550517142924795,215.8323234522881,0.925,605.2635836374632,559.8688148646535,45.39476877280971,0.0,0,0,0.09418341935927774,0.0,0.925,0.0,0.0,0.0,1.0,,,0.101,169.64373091976518,1679.6409001956947,1679.6409001956947,0.0,52.06886790606654,0.0,,,211.8466000246819,0.0,91.09403801061322,3.0,1102.6552392369908,0.0,-0.0,0.0,375.00202031210824
20,1,21,0.2079,0.0,1102.6552392369908,,,,0,0.0,1,1891.487500220377,1891.487500220377,0.0,302.6380000352603,62.797385007316514,0.0,,,285.49121713575073,1891.487500220377,1815.8280002115616,75.65950000881514,1891.4875002203767,0.0,1.0,0.0,0.0,0.15570421836808582,104.16738769632242,0.96,696.8834669622734,669.0081282837824,27.87533867849096,1.0,0.0,0.0,0.15677951883650648,94.43565099430202,0.96,627.444646569648,602.346860706862,25.09778586278594,1.0,0.0,0.0,0.15958215862764197,86.8881784451263,0.96,567.1593866884556,544.4730112209173,22.686375467538245,,,,647.5202911814749,1815.8280002115616,1679.6409001956947,136.18710001586697,1815.8280002115619,0.0,1.0,0,0,0.38551723087020057,215.84800994687595,0.925,605.2886388913047,559.8919909744569,45.396647916847826,1.0,0,0,0.3855110405922809,215.8399577823109,0.925,605.275777682793,559.8800943565835,45.39568332620944,1.0,0,0,0.38550517142924795,215.8323234522881,0.925,605.2635836374632,559.8688148646535,45.39476877280971,0.0,0,0,0.09418341935927774,0.0,0.925,0.0,0.0,0.0,1.0,,,0.101,169.64373091976518,1679.6409001956947,1679.6409001956947,0.0,52.06886790606654,0.0,,,211.8466000246819,0.0,91.09403801061322,3.0,1102.6552392369908,0.0,-0.0,0.0,229.2420242373704
21,1,22,0.13075,0.0,1102.6552392369908,,,,0,0.0,1,1891.487500220377,1891.487500220377,0.0,302.6380000352603,62.797385007316514,0.0,,,285.49121713575073,1891.487500220377,1815.8280002115616,75.65950000881514,1891.4875002203767,0.0,1.0,0.0,0.0,0.15570421836808582,104.16738769632242,0.96,696.8834669622734,669.0081282837824,27.87533867849096,1.0,0.0,0.0,0.15677951883650648,94.43565099430202,0.96,627.444646569648,602.346860706862,25.09778586278594,1.0,0.0,0.0,0.15958215862764197,86.8881784451263,0.96,567.1593866884556,544.4730112209173,22.686375467538245,,,,647.5202911814749,1815.8280002115616,1679.6409001956947,136.18710001586697,1815.8280002115619,0.0,1.0,0,0,0.38551723087020057,215.84800994687595,0.925,605.2886388913047,559.8919909744569,45.396647916847826,1.0,0,0,0.3855110405922809,215.8399577823109,0.925,605.275777682793,559.8800943565835,45.39568332620944,1.0,0,0,0.38550517142924795,215.8323234522881,0.925,605.2635836374632,559.8688148646535,45.39476877280971,0.0,0,0,0.09418341935927774,0.0,0.925,0.0,0.0,0.0,1.0,,,0.101,169.64373091976518,1679.6409001956947,1679.6409001956947,0.0,52.06886790606654,0.0,,,211.8466000246819,0.0,91.09403801061322,3.0,1102.6552392369908,0.0,-0.0,0.0,144.17217253023657
22,1,23,0.11833,0.0,1102.6552392369908,,,,0,0.0,1,1891.487500220377,1891.487500220377,0.0,302.6380000352603,62.797385007316514,0.0,,,285.49121713575073,1891.487500220377,1815.8280002115616,75.65950000881514,1891.4875002203767,0.0,1.0,0.0,0.0,0.15570421836808582,104.16738769632242,0.96,696.8834669622734,669.0081282837824,27.87533867849096,1.0,0.0,0.0,0.15677951883650648,94.43565099430202,0.96,627.444646569648,602.346860706862,25.09778586278594,1.0,0.0,0.0,0.15958215862764197,86.8881784451263,0.96,567.1593866884556,544.4730112209173,22.686375467538245,,,,647.5202911814749,1815.8280002115616,1679.6409001956947,136.18710001586697,1815.8280002115619,0.0,1.0,0,0,0.38551723087020057,215.84800994687595,0.925,605.2886388913047,559.8919909744569,45.396647916847826,1.0,0,0,0.3855110405922809,215.8399577823109,0.925,605.275777682793,559.8800943565835,45.39568332620944,1.0,0,0,0.38550517142924795,215.8323234522881,0.925,605.2635836374632,559.8688148646535,45.39476877280971,0.0,0,0,0.09418341935927774,0.0,0.925,0.0,0.0,0.0,1.0,,,0.101,169.64373091976518,1679.6409001956947,1679.6409001956947,0.0,52.06886790606654,0.0,,,211.8466000246819,0.0,91.09403801061322,3.0,1102.6552392369908,0.0,-0.0,0.0,130.47719445891312
23,1,24,0.11413,0.0,1102.6552392369908,,,,0,0.0,1,1891.487500220377,1891.487500220377,0.0,302.6380000352603,62.797385007316514,0.0,,,285.49121713575073,1891.487500220377,1815.8280002115616,75.65950000881514,1891.4875002203767,0.0,1.0,0.0,0.0,0.15570421836808582,104.16738769632242,0.96,696.8834669622734,669.0081282837824,27.87533867849096,1.0,0.0,0.0,0.15677951883650648,94.43565099430202,0.96,627.444646569648,602.346860706862,25.09778586278594,1.0,0.0,0.0,0.15958215862764197,86.8881784451263,0.96,567.1593866884556,544.4730112209173,22.686375467538245,,,,647.5202911814749,1815.8280002115616,1679.6409001956947,136.18710001586697,1815.8280002115619,0.0,1.0,0,0,0.38551723087020057,215.84800994687595,0.925,605.2886388913047,559.8919909744569,45.396647916847826,1.0,0,0,0.3855110405922809,215.8399577823109,0.925,605.275777682793,559.8800943565835,45.39568332620944,1.0,0,0,0.3855051714292479,215.83232345228808,0.925,605.2635836374632,559.8688148646535,45.39476877280971,0.0,0,0,0.09418341935927774,0.0,0.925,0.0,0.0,0.0,1.0,,,0.101,169.64373091976518,1679.6409001956947,1679.6409001956947,0.0,52.06886790606654,0.0,,,211.8466000246819,0.0,91.09403801061322,3.0,1102.6552392369908,0.0,-0.0,0.0,125.84604245411776
24,1,25,0.11233,0.0,1102.6552392369908,,,,0,0.0,1,1891.487500220377,1891.487500220377,0.0,302.6380000352603,62.797385007316514,0.0,,,285.49121713575073,1891.487500220377,1815.8280002115616,75.65950000881514,1891.4875002203767,0.0,1.0,0.0,0.0,0.15570421836808582,104.16738769632242,0.96,696.8834669622734,669.0081282837824,27.87533867849096,1.0,0.0,0.0,0.15677951883650648,94.43565099430202,0.96,627.444646569648,602.346860706862,25.09778586278594,1.0,0.0,0.0,0.15958215862764197,86.8881784451263,0.96,567.1593866884556,544.4730112209173,22.686375467538245,,,,647.5202911814749,1815.8280002115616,1679.6409001956947,136.18710001586697,1815.8280002115619,0.0,1.0,0,0,0.38551723087020057,215.84800994687595,0.925,605.2886388913047,559.8919909744569,45.396647916847826,1.0,0,0,0.3855110405922809,215.8399577823109,0.925,605.275777682793,559.8800943565835,45.39568332620944,1.0,0,0,0.38550517142924795,215.8323234522881,0.925,605.2635836374632,559.8688148646535,45.39476877280971,0.0,0,0,0.09418341935927774,0.0,0.925,0.0,0.0,0.0,1.0,,,0.101,169.64373091976518,1679.6409001956947,1679.6409001956947,0.0,52.06886790606654,0.0,,,211.8466000246819,0.0,91.09403801061322,3.0,1102.6552392369908,0.0,-0.0,0.0,123.86126302349118
25,1,26,0.11184,0.0,1102.6552392369908,,,,0,0.0,1,1891.487500220377,1891.487500220377,0.0,302.6380000352603,62.797385007316514,0.0,,,285.49121713575073,1891.487500220377,1815.8280002115616,75.65950000881514,1891.4875002203767,0.0,1.0,0.0,0.0,0.15570421836808582,104.16738769632242,0.96,696.8834669622734,669.0081282837824,27.87533867849096,1.0,0.0,0.0,0.15677951883650648,94.43565099430202,0.96,627.444646569648,602.346860706862,25.09778586278594,1.0,0.0,0.0,0.15958215862764197,86.8881784451263,0.96,567.1593866884556,544.4730112209173,22.686375467538245,,,,647.5202911814749,1815.8280002115616,1679.6409001956947,136.18710001586697,1815.8280002115619,0.0,1.0,0,0,0.38551723087020057,215.84800994687595,0.925,605.2886388913047,559.8919909744569,45.396647916847826,1.0,0,0,0.3855110405922809,215.8399577823109,0.925,605.275777682793,559.8800943565835,45.39568332620944,1.0,0,0,0.38550517142924795,215.8323234522881,0.925,605.2635836374632,559.8688148646535,45.39476877280971,0.0,0,0,0.09418341935927774,0.0,0.925,0.0,0.0,0.0,1.0,,,0.101,169.64373091976518,1679.6409001956947,1679.6409001956947,0.0,52.06886790606654,0.0,,,211.8466000246819,0.0,91.09403801061322,3.0,1102.6552392369908,0.0,-0.0,0.0,123.32096195626505
26,1,27,0.11204,0.0,1102.6552392369908,,,,0,0.0,1,1891.487500220377,1891.487500220377,0.0,302.6380000352603,62.797385007316514,0.0,,,285.49121713575073,1891.487500220377,1815.8280002115616,75.65950000881514,1891.4875002203767,0.0,1.0,0.0,0.0,0.15570421836808582,104.16738769632242,0.96,696.8834669622734,669.0081282837824,27.87533867849096,1.0,0.0,0.0,0.15677951883650648,94.43565099430202,0.96,627.444646569648,602.346860706862,25.09778586278594,1.0,0.0,0.0,0.15958215862764197,86.8881784451263,0.96,567.1593866884556,544.4730112209173,22.686375467538245,,,,647.5202911814749,1815.8280002115616,1679.6409001956947,136.18710001586697,1815.8280002115619,0.0,1.0,0,0,0.38551723087020057,215.84800994687595,0.925,605.2886388913047,559.8919909744569,45.396647916847826,1.0,0,0,0.3855110405922809,215.8399577823109,0.925,605.275777682793,559.8800943565835,45.39568332620944,1.0,0,0,0.3855051714292479,215.83232345228808,0.925,605.2635836374632,559.8688148646535,45.39476877280971,0.0,0,0,0.09418341935927774,0.0,0.925,0.0,0.0,0.0,1.0,,,0.101,169.64373091976518,1679.6409001956947,1679.6409001956947,0.0,52.06886790606654,0.0,,,211.8466000246819,0.0,91.09403801061322,3.0,1102.6552392369908,0.0,-0.0,0.0,123.54149300411245
27,1,28,0.1128,0.0,1102.6552392369908,,,,0,0.0,1,1891.487500220377,1891.487500220377,0.0,302.6380000352603,62.797385007316514,0.0,,,285.49121713575073,1891.487500220377,1815.8280002115616,75.65950000881514,1891.4875002203767,0.0,1.0,0.0,0.0,0.15570421836808582,104.16738769632242,0.96,696.8834669622734,669.0081282837824,27.87533867849096,1.0,0.0,0.0,0.15677951883650648,94.43565099430202,0.96,627.444646569648,602.346860706862,25.09778586278594,1.0,0.0,0.0,0.15958215862764197,86.8881784451263,0.96,567.1593866884556,544.4730112209173,22.686375467538245,,,,647.5202911814749,1815.8280002115616,1679.6409001956947,136.18710001586697,1815.8280002115619,0.0,1.0,0,0,0.38551723087020057,215.84800994687595,0.925,605.2886388913047,559.8919909744569,45.396647916847826,1.0,0,0,0.3855110405922809,215.8399577823109,0.925,605.275777682793,559.8800943565835,45.39568332620944,1.0,0,0,0.38550517142924795,215.8323234522881,0.925,605.2635836374632,559.8688148646535,45.39476877280971,0.0,0,0,0.09418341935927774,0.0,0.925,0.0,0.0,0.0,1.0,,,0.101,169.64373091976518,1679.6409001956947,1679.6409001956947,0.0,52.06886790606654,0.0,,,211.8466000246819,0.0,91.09403801061322,3.0,1102.6552392369908,0.0,-0.0,0.0,124.37951098593257
28,1,29,0.11523,0.0,1102.6552392369908,,,,0,0.0,1,1891.487500220377,1891.487500220377,0.0,302.6380000352603,62.797385007316514,0.0,,,285.49121713575073,1891.487500220377,1815.8280002115616,75.65950000881514,1891.4875002203767,0.0,1.0,0.0,0.0,0.15570421836808582,104.16738769632242,0.96,696.8834669622734,669.0081282837824,27.87533867849096,1.0,0.0,0.0,0.15677951883650648,94.43565099430202,0.96,627.444646569648,602.346860706862,25.09778586278594,1.0,0.0,0.0,0.15958215862764197,86.8881784451263,0.96,567.1593866884556,544.4730112209173,22.686375467538245,,,,647.5202911814749,1815.8280002115616,1679.6409001956947,136.18710001586697,1815.8280002115619,0.0,1.0,0,0,0.38551723087020057,215.84800994687595,0.925,605.2886388913047,559.8919909744569,45.396647916847826,1.0,0,0,0.3855110405922809,215.8399577823109,0.925,605.275777682793,559.8800943565835,45.39568332620944,1.0,0,0,0.38550517142924795,215.8323234522881,0.925,605.2635836374632,559.8688148646535,45.39476877280971,0.0,0,0,0.09418341935927774,0.0,0.925,0.0,0.0,0.0,1.0,,,0.101,169.64373091976518,1679.6409001956947,1679.6409001956947,0.0,52.06886790606654,0.0,,,211.8466000246819,0.0,91.09403801061322,3.0,1102.6552392369908,0.0,-0.0,0.0,127.05896321727845
29,1,30,0.11799,0.0,1102.6552392369908,,,,0,0.0,1,1891.487500220377,1891.487500220377,0.0,302.6380000352603,62.797385007316514,0.0,,,285.49121713575073,1891.487500220377,1815.8280002115616,75.65950000881514,1891.4875002203767,0.0,1.0,0.0,0.0,0.15570421836808582,104.16738769632242,0.96,696.8834669622734,669.0081282837824,27.87533867849096,1.0,0.0,0.0,0.15677951883650648,94.43565099430202,0.96,627.444646569648,602.346860706862,25.09778586278594,1.0,0.0,0.0,0.15958215862764197,86.8881784451263,0.96,567.1593866884556,544.4730112209173,22.686375467538245,,,,647.5202911814749,1815.8280002115616,1679.6409001956947,136.18710001586697,1815.8280002115619,0.0,1.0,0,0,0.38551723087020057,215.84800994687595,0.925,605.2886388913047,559.8919909744569,45.396647916847826,1.0,0,0,0.3855110405922809,215.8399577823109,0.925,605.275777682793,559.8800943565835,45.39568332620944,1.0,0,0,0.38550517142924795,215.8323234522881,0.925,605.2635836374632,559.8688148646535,45.39476877280971,0.0,0,0,0.09418341935927774,0.0,0.925,0.0,0.0,0.0,1.0,,,0.101,169.64373091976518,1679.6409001956947,1679.6409001956947,0.0,52.06886790606654,0.0,,,211.8466000246819,0.0,91.09403801061322,3.0,1102.6552392369908,0.0,-0.0,0.0,130.10229167757254
30,1,31,0.10888,0.0,1102.6552392369908,,,,0,0.0,1,1891.487500220377,1891.487500220377,0.0,302.6380000352603,62.797385007316514,0.0,,,285.49121713575073,1891.487500220377,1815.8280002115616,75.65950000881514,1891.4875002203767,0.0,1.0,0.0,0.0,0.15570421836808582,104.16738769632242,0.96,696.8834669622734,669.0081282837824,27.87533867849096,1.0,0.0,0.0,0.15677951883650648,94.43565099430202,0.96,627.444646569648,602.346860706862,25.09778586278594,1.0,0.0,0.0,0.15958215862764197,86.8881784451263,0.96,567.1593866884556,544.4730112209173,22.686375467538245,,,,647.5202911814749,1815.8280002115616,1679.6409001956947,136.18710001586697,1815.8280002115619,0.0,1.0,0,0,0.38551723087020057,215.84800994687595,0.925,605.2886388913047,559.8919909744569,45.396647916847826,1.0,0,0,0.3855110405922809,215.8399577823109,0.925,605.275777682793,559.8800943565835,45.39568332620944,1.0,0,0,0.38550517142924795,215.8323234522881,0.925,605.2635836374632,559.8688148646535,45.39476877280971,0.0,0,0,0.09418341935927774,0.0,0.925,0.0,0.0,0.0,1.0,,,0.101,169.64373091976518,1679.6409001956947,1679.6409001956947,0.0,52.06886790606654,0.0,,,211.8466000246819,0.0,91.09403801061322,3.0,1102.6552392369908,0.0,-0.0,0.0,120.05710244812357
31,1,32,0.10277,0.0,1102.6552392369908,,,,0,0.0,1,1891.487500220377,1891.487500220377,0.0,302.6380000352603,62.797385007316514,0.0,,,285.49121713575073,1891.487500220377,1815.8280002115616,75.65950000881514,1891.4875002203767,0.0,1.0,0.0,0.0,0.15570421836808582,104.16738769632242,0.96,696.8834669622734,669.0081282837824,27.87533867849096,1.0,0.0,0.0,0.15677951883650648,94.43565099430202,0.96,627.444646569648,602.346860706862,25.09778586278594,1.0,0.0,0.0,0.15958215862764197,86.8881784451263,0.96,567.1593866884556,544.4730112209173,22.686375467538245,,,,647.5202911814749,1815.8280002115616,1679.6409001956947,136.18710001586697,1815.8280002115619,0.0,1.0,0,0,0.38551723087020057,215.84800994687595,0.925,605.2886388913047,559.8919909744569,45.396647916847826,1.0,0,0,0.3855110405922809,215.8399577823109,0.925,605.275777682793,559.8800943565835,45.39568332620944,1.0,0,0,0.3855051714292479,215.83232345228808,0.925,605.2635836374632,559.8688148646535,45.39476877280971,0.0,0,0,0.09418341935927774,0.0,0.925,0.0,0.0,0.0,1.0,,,0.101,169.64373091976518,1679.6409001956947,1679.6409001956947,0.0,52.06886790606654,0.0,,,211.8466000246819,0.0,91.09403801061322,3.0,1102.6552392369908,0.0,-0.0,0.0,113.31987893638555
32,1,33,0.09453,0.0,1102.6552392369908,,,,0,0.0,1,1891.487500220377,1891.487500220377,0.0,302.6380000352603,62.797385007316514,0.0,,,285.49121713575073,1891.487500220377,1815.8280002115616,75.65950000881514,1891.4875002203767,0.0,1.0,0.0,0.0,0.15570421836808582,104.16738769632242,0.96,696.8834669622734,669.0081282837824,27.87533867849096,1.0,0.0,0.0,0.15677951883650648,94.43565099430202,0.96,627.444646569648,602.346860706862,25.09778586278594,1.0,0.0,0.0,0.15958215862764197,86.8881784451263,0.96,567.1593866884556,544.4730112209173,22.686375467538245,,,,647.5202911814749,1815.8280002115616,1679.6409001956947,136.18710001586697,1815.8280002115619,0.0,1.0,0,0,0.38551723087020057,215.84800994687595,0.925,605.2886388913047,559.8919909744569,45.396647916847826,1.0,0,0,0.3855110405922809,215.8399577823109,0.925,605.275777682793,559.8800943565835,45.39568332620944,1.0,0,0,0.38550517142924795,215.8323234522881,0.925,605.2635836374632,559.8688148646535,45.39476877280971,0.0,0,0,0.09418341935927774,0.0,0.925,0.0,0.0,0.0,1.0,,,0.101,169.64373091976518,1679.6409001956947,1679.6409001956947,0.0,52.06886790606654,0.0,,,211.8466000246819,0.0,91.09403801061322,3.0,1102.6552392369908,0.0,-0.0,0.0,104.23399976507275
33,1,34,0.0882,0.0,1102.6552392369908,,,,0,0.0,1,1891.487500220377,1891.487500220377,0.0,302.6380000352603,62.797385007316514,0.0,,,285.49121713575073,1891.487500220377,1815.8280002115616,75.65950000881514,1891.4875002203767,0.0,1.0,0.0,0.0,0.15570421836808582,104.16738769632242,0.96,696.8834669622734,669.0081282837824,27.87533867849096,1.0,0.0,0.0,0.15677951883650648,94.43565099430202,0.96,627.444646569648,602.346860706862,25.09778586278594,1.0,0.0,0.0,0.15958215862764197,86.8881784451263,0.96,567.1593866884556,544.4730112209173,22.686375467538245,,,,647.5202911814748,1815.8280002115616,1679.6409001956947,136.18710001586697,1815.8280002115619,0.0,1.0,0,0,0.38551723087020046,215.84800994687586,0.925,605.2886388913047,559.8919909744569,45.396647916847826,1.0,0,0,0.3855110405922809,215.8399577823109,0.925,605.275777682793,559.8800943565835,45.39568332620944,1.0,0,0,0.3855051714292479,215.83232345228808,0.925,605.2635836374632,559.8688148646535,45.39476877280971,0.0,0,0,0.09418341935927774,0.0,0.925,0.0,0.0,0.0,1.0,,,0.101,169.64373091976518,1679.6409001956947,1679.6409001956947,0.0,52.06886790606654,0.0,,,211.8466000246819,0.0,91.09403801061322,3.0,1102.6552392369908,0.0,-0.0,0.0,97.2541921007026
34,1,35,0.08403,0.0,1102.6552392369908,,,,0,0.0,1,1891.487500220377,1891.487500220377,0.0,302.6380000352603,62.797385007316514,0.0,,,285.49121713575073,1891.487500220377,1815.8280002115616,75.65950000881514,1891.4875002203767,0.0,1.0,0.0,0.0,0.15570421836808582,104.16738769632242,0.96,696.8834669622734,669.0081282837824,27.87533867849096,1.0,0.0,0.0,0.15677951883650648,94.43565099430202,0.96,627.444646569648,602.346860706862,25.09778586278594,1.0,0.0,0.0,0.15958215862764197,86.8881784451263,0.96,567.1593866884556,544.4730112209173,22.686375467538245,,,,647.5202911814748,1815.8280002115616,1679.6409001956947,136.18710001586697,1815.8280002115619,0.0,1.0,0,0,0.38551723087020046,215.84800994687586,0.925,605.2886388913047,559.8919909744569,45.396647916847826,1.0,0,0,0.3855110405922809,215.8399577823109,0.925,605.275777682793,559.8800943565835,45.39568332620944,1.0,0,0,0.3855051714292479,215.83232345228808,0.925,605.2635836374632,559.8688148646535,45.39476877280971,0.0,0,0,0.09418341935927774,0.0,0.925,0.0,0.0,0.0,1.0,,,0.101,169.64373091976518,1679.6409001956947,1679.6409001956947,0.0,52.06886790606654,0.0,,,211.8466000246819,0.0,91.09403801061322,3.0,1102.6552392369908,0.0,-0.0,0.0,92.65611975308433
35,1,36,0.08356,0.0,1102.6552392369908,,,,0,0.0,1,1891.487500220377,1891.487500220377,0.0,302.6380000352603,62.797385007316514,0.0,,,285.49121713575073,1891.487500220377,1815.8280002115616,75.65950000881514,1891.4875002203767,0.0,1.0,0.0,0.0,0.15570421836808582,104.16738769632242,0.96,696.8834669622734,669.0081282837824,27.87533867849096,1.0,0.0,0.0,0.15677951883650648,94.43565099430202,0.96,627.444646569648,602.346860706862,25.09778586278594,1.0,0.0,0.0,0.15958215862764197,86.8881784451263,0.96,567.1593866884556,544.4730112209173,22.686375467538245,,,,647.5202911814748,1815.8280002115616,1679.6409001956947,136.18710001586697,1815.8280002115619,0.0,1.0,0,0,0.38551723087020046,215.84800994687586,0.925,605.2886388913047,559.8919909744569,45.396647916847826,1.0,0,0,0.3855110405922809,215.8399577823109,0.925,605.275777682793,559.8800943565835,45.39568332620944,1.0,0,0,0.3855051714292479,215.83232345228808,0.925,605.2635836374632,559.8688148646535,45.39476877280971,0.0,0,0,0.09418341935927774,0.0,0.925,0.0,0.0,0.0,1.0,,,0.101,169.64373091976518,1679.6409001956947,1679.6409001956947,0.0,52.06886790606654,0.0,,,211.8466000246819,0.0,91.09403801061322,3.0,1102.6552392369908,0.0,-0.0,0.0,92.13787179064295
36,1,37,0.08757,0.0,1102.6552392369908,,,,0,0.0,1,1891.487500220377,1891.487500220377,0.0,302.6380000352603,62.797385007316514,0.0,,,285.49121713575073,1891.487500220377,1815.8280002115616,75.65950000881514,1891.4875002203767,0.0,1.0,0.0,0.0,0.15570421836808582,104.16738769632242,0.96,696.8834669622734,669.0081282837824,27.87533867849096,1.0,0.0,0.0,0.15677951883650648,94.43565099430202,0.96,627.444646569648,602.346860706862,25.09778586278594,1.0,0.0,0.0,0.15958215862764197,86.8881784451263,0.96,567.1593866884556,544.4730112209173,22.686375467538245,,,,647.5202911814748,1815.8280002115616,1679.6409001956947,136.18710001586697,1815.8280002115619,0.0,1.0,0,0,0.38551723087020046,215.84800994687586,0.925,605.2886388913047,559.8919909744569,45.396647916847826,1.0,0,0,0.3855110405922809,215.8399577823109,0.925,605.275777682793,559.8800943565835,45.39568332620944,1.0,0,0,0.3855051714292479,215.83232345228808,0.925,605.2635836374632,559.8688148646535,45.39476877280971,0.0,0,0,0.09418341935927774,0.0,0.925,0.0,0.0,0.0,1.0,,,0.101,169.64373091976518,1679.6409001956947,1679.6409001956947,0.0,52.06886790606654,0.0,,,211.8466000246819,0.0,91.09403801061322,3.0,1102.6552392369908,0.0,-0.0,0.0,96.55951929998328
37,1,38,0.09237,0.0,1102.6552392369908,,,,0,0.0,1,1891.487500220377,1891.487500220377,0.0,302.6380000352603,62.797385007316514,0.0,,,285.49121713575073,1891.487500220377,1815.8280002115616,75.65950000881514,1891.4875002203767,0.0,1.0,0.0,0.0,0.15570421836808582,104.16738769632242,0.96,696.8834669622734,669.0081282837824,27.87533867849096,1.0,0.0,0.0,0.15677951883650648,94.43565099430202,0.96,627.444646569648,602.346860706862,25.09778586278594,1.0,0.0,0.0,0.15958215862764197,86.8881784451263,0.96,567.1593866884556,544.4730112209173,22.686375467538245,,,,647.5202911814749,1815.8280002115616,1679.6409001956947,136.18710001586697,1815.8280002115619,0.0,1.0,0,0,0.38551723087020046,215.84800994687586,0.925,605.2886388913047,559.8919909744569,45.396647916847826,1.0,0,0,0.3855110405922809,215.8399577823109,0.925,605.275777682793,559.8800943565835,45.39568332620944,1.0,0,0,0.38550517142924795,215.8323234522881,0.925,605.2635836374632,559.8688148646535,45.39476877280971,0.0,0,0,0.09418341935927774,0.0,0.925,0.0,0.0,0.0,1.0,,,0.101,169.64373091976518,1679.6409001956947,1679.6409001956947,0.0,52.06886790606654,0.0,,,211.8466000246819,0.0,91.09403801061322,3.0,1102.6552392369908,0.0,-0.0,0.0,101.85226444832084
38,1,39,0.09868,0.0,1102.6552392369908,,,,0,0.0,1,1891.487500220377,1891.487500220377,0.0,302.6380000352603,62.797385007316514,0.0,,,285.49121713575073,1891.487500220377,1815.8280002115616,75.65950000881514,1891.4875002203767,0.0,1.0,0.0,0.0,0.15570421836808582,104.16738769632242,0.96,696.8834669622734,669.0081282837824,27.87533867849096,1.0,0.0,0.0,0.15677951883650648,94.43565099430202,0.96,627.444646569648,602.346860706862,25.09778586278594,1.0,0.0,0.0,0.15958215862764197,86.8881784451263,0.96,567.1593866884556,544.4730112209173,22.686375467538245,,,,647.5202911814749,1815.8280002115616,1679.6409001956947,136.18710001586697,1815.8280002115619,0.0,1.0,0,0,0.38551723087020046,215.84800994687586,0.925,605.2886388913047,559.8919909744569,45.396647916847826,1.0,0,0,0.3855110405922809,215.8399577823109,0.925,605.275777682793,559.8800943565835,45.39568332620944,1.0,0,0,0.38550517142924795,215.8323234522881,0.925,605.2635836374632,559.8688148646535,45.39476877280971,0.0,0,0,0.09418341935927774,0.0,0.925,0.0,0.0,0.0,1.0,,,0.101,169.64373091976518,1679.6409001956947,1679.6409001956947,0.0,52.06886790606654,0.0,,,211.8466000246819,0.0,91.09403801061322,3.0,1102.6552392369908,0.0,-0.0,0.0,108.81001900790626
39,1,40,0.102,0.0,1102.6552392369908,,,,0,0.0,1,1891.487500220377,1891.487500220377,0.0,302.6380000352603,62.797385007316514,0.0,,,285.49121713575073,1891.487500220377,1815.8280002115616,75.65950000881514,1891.4875002203767,0.0,1.0,0.0,0.0,0.15570421836808582,104.16738769632242,0.96,696.8834669622734,669.0081282837824,27.87533867849096,1.0,0.0,0.0,0.15677951883650648,94.43565099430202,0.96,627.444646569648,602.346860706862,25.09778586278594,1.0,0.0,0.0,0.15958215862764197,86.8881784451263,0.96,567.1593866884556,544.4730112209173,22.686375467538245,,,,647.5202911814749,1815.8280002115616,1679.6409001956947,136.18710001586697,1815.8280002115619,0.0,1.0,0,0,0.38551723087020046,215.84800994687586,0.925,605.2886388913047,559.8919909744569,45.396647916847826,1.0,0,0,0.3855110405922809,215.8399577823109,0.925,605.275777682793,559.8800943565835,45.39568332620944,1.0,0,0,0.38550517142924795,215.8323234522881,0.925,605.2635836374632,559.8688148646535,45.39476877280971,0.0,0,0,0.09418341935927774,0.0,0.925,0.0,0.0,0.0,1.0,,,0.101,169.64373091976518,1679.6409001956947,1679.6409001956947,0.0,52.06886790606654,0.0,,,211.8466000246819,0.0,91.09403801061322,3.0,1102.6552392369908,0.0,-0.0,0.0,112.47083440217305
40,1,41,0.1076,0.0,1102.6552392369908,,,,0,0.0,1,1891.487500220377,1891.487500220377,0.0,302.6380000352603,62.797385007316514,0.0,,,285.49121713575073,1891.487500220377,1815.8280002115616,75.65950000881514,1891.4875002203767,0.0,1.0,0.0,0.0,0.15570421836808582,104.16738769632242,0.96,696.8834669622734,669.0081282837824,27.87533867849096,1.0,0.0,0.0,0.15677951883650648,94.43565099430202,0.96,627.444646569648,602.346860706862,25.09778586278594,1.0,0.0,0.0,0.15958215862764197,86.8881784451263,0.96,567.1593866884556,544.4730112209173,22.686375467538245,,,,647.5202911814749,1815.8280002115616,1679.6409001956947,136.18710001586697,1815.8280002115619,0.0,1.0,0,0,0.38551723087020046,215.84800994687586,0.925,605.2886388913047,559.8919909744569,45.396647916847826,1.0,0,0,0.3855110405922809,215.8399577823109,0.925,605.275777682793,559.8800943565835,45.39568332620944,1.0,0,0,0.38550517142924795,215.8323234522881,0.925,605.2635836374632,559.8688148646535,45.39476877280971,0.0,0,0,0.09418341935927774,0.0,0.925,0.0,0.0,0.0,1.0,,,0.101,169.64373091976518,1679.6409001956947,1679.6409001956947,0.0,52.06886790606654,0.0,,,211.8466000246819,0.0,91.09403801061322,3.0,1102.6552392369908,0.0,-0.0,0.0,118.64570374190022
41,1,42,0.17426,0.0,1102.6552392369908,,,,0,0.0,1,1891.487500220377,1891.487500220377,0.0,302.6380000352603,62.797385007316514,0.0,,,285.49121713575073,1891.487500220377,1815.8280002115616,75.65950000881514,1891.4875002203767,0.0,1.0,0.0,0.0,0.15570421836808582,104.16738769632242,0.96,696.8834669622734,669.0081282837824,27.87533867849096,1.0,0.0,0.0,0.15677951883650648,94.43565099430202,0.96,627.444646569648,602.346860706862,25.09778586278594,1.0,0.0,0.0,0.15958215862764197,86.8881784451263,0.96,567.1593866884556,544.4730112209173,22.686375467538245,,,,647.5202911814749,1815.8280002115616,1679.6409001956947,136.18710001586697,1815.8280002115619,0.0,1.0,0,0,0.38551723087020046,215.84800994687586,0.925,605.2886388913047,559.8919909744569,45.396647916847826,1.0,0,0,0.3855110405922809,215.8399577823109,0.925,605.275777682793,559.8800943565835,45.39568332620944,1.0,0,0,0.38550517142924795,215.8323234522881,0.925,605.2635836374632,559.8688148646535,45.39476877280971,0.0,0,0,0.09418341935927774,0.0,0.925,0.0,0.0,0.0,1.0,,,0.101,169.64373091976518,1679.6409001956947,1679.6409001956947,0.0,52.06886790606654,0.0,,,211.8466000246819,0.0,91.09403801061322,3.0,1102.6552392369908,0.0,-0.0,0.0,192.14870198943802
42,1,43,0.44472,0.0,1102.6552392369908,,,,0,0.0,1,1891.487500220377,1891.487500220377,0.0,302.6380000352603,62.797385007316514,0.0,,,285.49121713575084,1891.487500220377,1815.8280002115616,75.65950000881514,1891.4875002203767,0.0,1.0,0.0,0.0,0.15570421836808582,104.16738769632242,0.96,696.8834669622734,669.0081282837824,27.87533867849096,1.0,0.0,0.0,0.15677951883650648,94.43565099430202,0.96,627.444646569648,602.346860706862,25.09778586278594,1.0,0.0,0.0,0.15958215862764197,86.8881784451263,0.96,567.1593866884556,544.4730112209173,22.686375467538245,,,,647.5202911814748,1815.8280002115616,1679.6409001956947,136.18710001586697,1815.8280002115619,0.0,1.0,0,0,0.38551723087020046,215.84800994687586,0.925,605.2886388913047,559.8919909744569,45.396647916847826,1.0,0,0,0.3855110405922809,215.8399577823109,0.925,605.275777682793,559.8800943565835,45.39568332620944,1.0,0,0,0.3855051714292479,215.83232345228808,0.925,605.2635836374632,559.8688148646535,45.39476877280971,0.0,0,0,0.09418341935927774,0.0,0.925,0.0,0.0,0.0,1.0,,,0.101,169.64373091976518,1679.6409001956947,1679.6409001956947,0.0,52.06886790606654,0.0,,,211.8466000246819,0.0,91.09403801061322,3.0,1102.6552392369908,0.0,-0.0,0.0,490.37283799347455
43,1,44,0.34009,0.0,1102.6552392369908,,,,0,0.0,1,1891.487500220377,1891.487500220377,0.0,302.6380000352603,62.797385007316514,0.0,,,285.49121713575073,1891.487500220377,1815.8280002115616,75.65950000881514,1891.4875002203767,0.0,1.0,0.0,0.0,0.15570421836808582,104.16738769632242,0.96,696.8834669622734,669.0081282837824,27.87533867849096,1.0,0.0,0.0,0.15677951883650648,94.43565099430202,0.96,627.444646569648,602.346860706862,25.09778586278594,1.0,0.0,0.0,0.15958215862764197,86.8881784451263,0.96,567.1593866884556,544.4730112209173,22.686375467538245,,,,647.5202911814749,1815.8280002115616,1679.6409001956947,136.18710001586697,1815.8280002115619,0.0,1.0,0,0,0.38551723087020046,215.84800994687586,0.925,605.2886388913047,559.8919909744569,45.396647916847826,1.0,0,0,0.3855110405922809,215.8399577823109,0.925,605.275777682793,559.8800943565835,45.39568332620944,1.0,0,0,0.38550517142924795,215.8323234522881,0.925,605.2635836374632,559.8688148646535,45.39476877280971,0.0,0,0,0.09418341935927774,0.0,0.925,0.0,0.0,0.0,1.0,,,0.101,169.64373091976518,1679.6409001956947,1679.6409001956947,0.0,52.06886790606654,0.0,,,211.8466000246819,0.0,91.09403801061322,3.0,1102.6552392369908,0.0,-0.0,0.0,375.00202031210824
44,1,45,0.2079,0.0,1102.6552392369908,,,,0,0.0,1,1891.487500220377,1891.487500220377,0.0,302.6380000352603,62.797385007316514,0.0,,,285.49121713575084,1891.487500220377,1815.8280002115616,75.65950000881514,1891.4875002203767,0.0,1.0,0.0,0.0,0.15570421836808582,104.16738769632242,0.96,696.8834669622734,669.0081282837824,27.87533867849096,1.0,0.0,0.0,0.15677951883650648,94.43565099430202,0.96,627.444646569648,602.346860706862,25.09778586278594,1.0,0.0,0.0,0.15958215862764197,86.8881784451263,0.96,567.1593866884556,544.4730112209173,22.686375467538245,,,,647.5202911814748,1815.8280002115616,1679.6409001956947,136.18710001586697,1815.8280002115619,0.0,1.0,0,0,0.38551723087020046,215.84800994687586,0.925,605.2886388913047,559.8919909744569,45.396647916847826,1.0,0,0,0.3855110405922809,215.8399577823109,0.925,605.275777682793,559.8800943565835,45.39568332620944,1.0,0,0,0.3855051714292479,215.83232345228808,0.925,605.2635836374632,559.8688148646535,45.39476877280971,0.0,0,0,0.09418341935927774,0.0,0.925,0.0,0.0,0.0,1.0,,,0.101,169.64373091976518,1679.6409001956947,1679.6409001956947,0.0,52.06886790606654,0.0,,,211.8466000246819,0.0,91.09403801061322,3.0,1102.6552392369908,0.0,-0.0,0.0,229.2420242373704
45,1,46,0.13075,0.0,1102.6552392369908,,,,0,0.0,1,1891.487500220377,1891.487500220377,0.0,302.6380000352603,62.797385007316514,0.0,,,285.49121713575073,1891.487500220377,1815.8280002115616,75.65950000881514,1891.4875002203767,0.0,1.0,0.0,0.0,0.15570421836808582,104.16738769632242,0.96,696.8834669622734,669.0081282837824,27.87533867849096,1.0,0.0,0.0,0.15677951883650648,94.43565099430202,0.96,627.444646569648,602.346860706862,25.09778586278594,1.0,0.0,0.0,0.15958215862764197,86.8881784451263,0.96,567.1593866884556,544.4730112209173,22.686375467538245,,,,647.5202911814749,1815.8280002115616,1679.6409001956947,136.18710001586697,1815.8280002115619,0.0,1.0,0,0,0.38551723087020046,215.84800994687586,0.925,605.2886388913047,559.8919909744569,45.396647916847826,1.0,0,0,0.3855110405922809,215.8399577823109,0.925,605.275777682793,559.8800943565835,45.39568332620944,1.0,0,0,0.38550517142924795,215.8323234522881,0.925,605.2635836374632,559.8688148646535,45.39476877280971,0.0,0,0,0.09418341935927774,0.0,0.925,0.0,0.0,0.0,1.0,,,0.101,169.64373091976518,1679.6409001956947,1679.6409001956947,0.0,52.06886790606654,0.0,,,211.8466000246819,0.0,91.09403801061322,3.0,1102.6552392369908,0.0,-0.0,0.0,144.17217253023657
46,1,47,0.11833,0.0,1102.6552392369908,,,,0,0.0,1,1891.487500220377,1891.487500220377,0.0,302.6380000352603,62.797385007316514,0.0,,,285.49121713575073,1891.487500220377,1815.8280002115616,75.65950000881514,1891.4875002203767,0.0,1.0,0.0,0.0,0.15570421836808582,104.16738769632242,0.96,696.8834669622734,669.0081282837824,27.87533867849096,1.0,0.0,0.0,0.15677951883650648,94.43565099430202,0.96,627.444646569648,602.346860706862,25.09778586278594,1.0,0.0,0.0,0.15958215862764197,86.8881784451263,0.96,567.1593866884556,544.4730112209173,22.686375467538245,,,,647.5202911814749,1815.8280002115616,1679.6409001956947,136.18710001586697,1815.8280002115619,0.0,1.0,0,0,0.38551723087020046,215.84800994687586,0.925,605.2886388913047,559.8919909744569,45.396647916847826,1.0,0,0,0.3855110405922809,215.8399577823109,0.925,605.275777682793,559.8800943565835,45.39568332620944,1.0,0,0,0.38550517142924795,215.8323234522881,0.925,605.2635836374632,559.8688148646535,45.39476877280971,0.0,0,0,0.09418341935927774,0.0,0.925,0.0,0.0,0.0,1.0,,,0.101,169.64373091976518,1679.6409001956947,1679.6409001956947,0.0,52.06886790606654,0.0,,,211.8466000246819,0.0,91.09403801061322,3.0,1102.6552392369908,0.0,-0.0,0.0,130.47719445891312
47,1,48,0.11413,0.0,1102.6552392369908,,,,0,0.0,1,1891.487500220377,1891.487500220377,0.0,302.6380000352603,62.797385007316514,0.0,,,285.49121713575073,1891.487500220377,1815.8280002115616,75.65950000881514,1891.4875002203767,0.0,1.0,0.0,0.0,0.15570421836808582,104.16738769632242,0.96,696.8834669622734,669.0081282837824,27.87533867849096,1.0,0.0,0.0,0.15677951883650648,94.43565099430202,0.96,627.444646569648,602.346860706862,25.09778586278594,1.0,0.0,0.0,0.15958215862764197,86.8881784451263,0.96,567.1593866884556,544.4730112209173,22.686375467538245,,,,647.5202911814749,1815.8280002115616,1679.6409001956947,136.18710001586697,1815.8280002115619,0.0,1.0,0,0,0.38551723087020046,215.84800994687586,0.925,605.2886388913047,559.8919909744569,45.396647916847826,1.0,0,0,0.3855110405922809,215.8399577823109,0.925,605.275777682793,559.8800943565835,45.39568332620944,1.0,0,0,0.38550517142924795,215.8323234522881,0.925,605.2635836374632,559.8688148646535,45.39476877280971,0.0,0,0,0.09418341935927774,0.0,0.925,0.0,0.0,0.0,1.0,,,0.101,169.64373091976518,1679.6409001956947,1679.6409001956947,0.0,52.06886790606654,0.0,,,211.8466000246819,0.0,91.09403801061322,3.0,1102.6552392369908,0.0,-0.0,0.0,125.84604245411776
48,1,49,0.11233,0.0,1102.6552392369908,,,,0,0.0,1,1891.487500220377,1891.487500220377,0.0,302.6380000352603,62.797385007316514,0.0,,,285.49121713575073,1891.487500220377,1815.8280002115616,75.65950000881514,1891.4875002203767,0.0,1.0,0.0,0.0,0.15570421836808582,104.16738769632242,0.96,696.8834669622734,669.0081282837824,27.87533867849096,1.0,0.0,0.0,0.15677951883650648,94.43565099430202,0.96,627.444646569648,602.346860706862,25.09778586278594,1.0,0.0,0.0,0.15958215862764197,86.8881784451263,0.96,567.1593866884556,544.4730112209173,22.686375467538245,,,,647.5202911814749,1815.8280002115616,1679.6409001956947,136.18710001586697,1815.8280002115619,0.0,1.0,0,0,0.38551723087020046,215.84800994687586,0.925,605.2886388913047,559.8919909744569,45.396647916847826,1.0,0,0,0.3855110405922809,215.8399577823109,0.925,605.275777682793,559.8800943565835,45.39568332620944,1.0,0,0,0.38550517142924795,215.8323234522881,0.925,605.2635836374632,559.8688148646535,45.39476877280971,0.0,0,0,0.09418341935927774,0.0,0.925,0.0,0.0,0.0,1.0,,,0.101,169.64373091976518,1679.6409001956947,1679.6409001956947,0.0,52.06886790606654,0.0,,,211.8466000246819,0.0,91.09403801061322,3.0,1102.6552392369908,0.0,-0.0,0.0,123.86126302349118
49,1,50,0.11184,0.0,1102.6552392369908,,,,0,0.0,1,1891.487500220377,1891.487500220377,0.0,302.6380000352603,62.797385007316514,0.0,,,285.49121713575073,1891.487500220377,1815.8280002115616,75.65950000881514,1891.4875002203767,0.0,1.0,0.0,0.0,0.15570421836808582,104.16738769632242,0.96,696.8834669622734,669.0081282837824,27.87533867849096,1.0,0.0,0.0,0.15677951883650648,94.43565099430202,0.96,627.444646569648,602.346860706862,25.09778586278594,1.0,0.0,0.0,0.15958215862764197,86.8881784451263,0.96,567.1593866884556,544.4730112209173,22.686375467538245,,,,647.5202911814749,1815.8280002115616,1679.6409001956947,136.18710001586697,1815.8280002115619,0.0,1.0,0,0,0.38551723087020046,215.84800994687586,0.925,605.2886388913047,559.8919909744569,45.396647916847826,1.0,0,0,0.3855110405922809,215.8399577823109,0.925,605.275777682793,559.8800943565835,45.39568332620944,1.0,0,0,0.38550517142924795,215.8323234522881,0.925,605.2635836374632,559.8688148646535,45.39476877280971,0.0,0,0,0.09418341935927774,0.0,0.925,0.0,0.0,0.0,1.0,,,0.101,169.64373091976518,1679.6409001956947,1679.6409001956947,0.0,52.06886790606654,0.0,,,211.8466000246819,0.0,91.09403801061322,3.0,1102.6552392369908,0.0,-0.0,0.0,123.32096195626505
50,1,51,0.11204,0.0,1102.6552392369908,,,,0,0.0,1,1891.487500220377,1891.487500220377,0.0,302.6380000352603,62.797385007316514,0.0,,,285.49121713575073,1891.487500220377,1815.8280002115616,75.65950000881514,1891.4875002203767,0.0,1.0,0.0,0.0,0.15570421836808582,104.16738769632242,0.96,696.8834669622734,669.0081282837824,27.87533867849096,1.0,0.0,0.0,0.15677951883650648,94.43565099430202,0.96,627.444646569648,602.346860706862,25.09778586278594,1.0,0.0,0.0,0.15958215862764197,86.8881784451263,0.96,567.1593866884556,544.4730112209173,22.686375467538245,,,,647.5202911814748,1815.8280002115616,1679.6409001956947,136.18710001586697,1815.8280002115619,0.0,1.0,0,0,0.38551723087020046,215.84800994687586,0.925,605.2886388913047,559.8919909744569,45.396647916847826,1.0,0,0,0.3855110405922809,215.8399577823109,0.925,605.275777682793,559.8800943565835,45.39568332620944,1.0,0,0,0.3855051714292479,215.83232345228808,0.925,605.2635836374632,559.8688148646535,45.39476877280971,0.0,0,0,0.09418341935927774,0.0,0.925,0.0,0.0,0.0,1.0,,,0.101,169.64373091976518,1679.6409001956947,1679.6409001956947,0.0,52.06886790606654,0.0,,,211.8466000246819,0.0,91.09403801061322,3.0,1102.6552392369908,0.0,-0.0,0.0,123.54149300411245
51,1,52,0.1128,0.0,1102.6552392369908,,,,0,0.0,1,1891.487500220377,1891.487500220377,0.0,302.6380000352603,62.797385007316514,0.0,,,285.49121713575073,1891.487500220377,1815.8280002115616,75.65950000881514,1891.4875002203767,0.0,1.0,0.0,0.0,0.15570421836808582,104.16738769632242,0.96,696.8834669622734,669.0081282837824,27.87533867849096,1.0,0.0,0.0,0.15677951883650648,94.43565099430202,0.96,627.444646569648,602.346860706862,25.09778586278594,1.0,0.0,0.0,0.15958215862764197,86.8881784451263,0.96,567.1593866884556,544.4730112209173,22.686375467538245,,,,647.5202911814749,1815.8280002115616,1679.6409001956947,136.18710001586697,1815.8280002115619,0.0,1.0,0,0,0.38551723087020046,215.84800994687586,0.925,605.2886388913047,559.8919909744569,45.396647916847826,1.0,0,0,0.3855110405922809,215.8399577823109,0.925,605.275777682793,559.8800943565835,45.39568332620944,1.0,0,0,0.38550517142924795,215.8323234522881,0.925,605.2635836374632,559.8688148646535,45.39476877280971,0.0,0,0,0.09418341935927774,0.0,0.925,0.0,0.0,0.0,1.0,,,0.101,169.64373091976518,1679.6409001956947,1679.6409001956947,0.0,52.06886790606654,0.0,,,211.8466000246819,0.0,91.09403801061322,3.0,1102.6552392369908,0.0,-0.0,0.0,124.37951098593257
52,1,53,0.11523,0.0,1102.6552392369908,,,,0,0.0,1,1891.487500220377,1891.487500220377,0.0,302.6380000352603,62.797385007316514,0.0,,,285.49121713575073,1891.487500220377,1815.8280002115616,75.65950000881514,1891.4875002203767,0.0,1.0,0.0,0.0,0.15570421836808582,104.16738769632242,0.96,696.8834669622734,669.0081282837824,27.87533867849096,1.0,0.0,0.0,0.15677951883650648,94.43565099430202,0.96,627.444646569648,602.346860706862,25.09778586278594,1.0,0.0,0.0,0.15958215862764197,86.8881784451263,0.96,567.1593866884556,544.4730112209173,22.686375467538245,,,,647.5202911814748,1815.8280002115616,1679.6409001956947,136.18710001586697,1815.8280002115619,0.0,1.0,0,0,0.38551723087020046,215.84800994687586,0.925,605.2886388913047,559.8919909744569,45.396647916847826,1.0,0,0,0.3855110405922809,215.8399577823109,0.925,605.275777682793,559.8800943565835,45.39568332620944,1.0,0,0,0.3855051714292479,215.83232345228808,0.925,605.2635836374632,559.8688148646535,45.39476877280971,0.0,0,0,0.09418341935927774,0.0,0.925,0.0,0.0,0.0,1.0,,,0.101,169.64373091976518,1679.6409001956947,1679.6409001956947,0.0,52.06886790606654,0.0,,,211.8466000246819,0.0,91.09403801061322,3.0,1102.6552392369908,0.0,-0.0,0.0,127.05896321727845
53,1,54,0.11799,0.0,1102.6552392369908,,,,0,0.0,1,1891.487500220377,1891.487500220377,0.0,302.6380000352603,62.797385007316514,0.0,,,285.49121713575073,1891.487500220377,1815.8280002115616,75.65950000881514,1891.4875002203767,0.0,1.0,0.0,0.0,0.15570421836808582,104.16738769632242,0.96,696.8834669622734,669.0081282837824,27.87533867849096,1.0,0.0,0.0,0.15677951883650648,94.43565099430202,0.96,627.444646569648,602.346860706862,25.09778586278594,1.0,0.0,0.0,0.15958215862764197,86.8881784451263,0.96,567.1593866884556,544.4730112209173,22.686375467538245,,,,647.5202911814749,1815.8280002115616,1679.6409001956947,136.18710001586697,1815.8280002115619,0.0,1.0,0,0,0.38551723087020046,215.84800994687586,0.925,605.2886388913047,559.8919909744569,45.396647916847826,1.0,0,0,0.3855110405922809,215.8399577823109,0.925,605.275777682793,559.8800943565835,45.39568332620944,1.0,0,0,0.38550517142924795,215.8323234522881,0.925,605.2635836374632,559.8688148646535,45.39476877280971,0.0,0,0,0.09418341935927774,0.0,0.925,0.0,0.0,0.0,1.0,,,0.101,169.64373091976518,1679.6409001956947,1679.6409001956947,0.0,52.06886790606654,0.0,,,211.8466000246819,0.0,91.09403801061322,3.0,1102.6552392369908,0.0,-0.0,0.0,130.10229167757254
54,1,55,0.10888,0.0,1102.6552392369908,,,,0,0.0,1,1891.487500220377,1891.487500220377,0.0,302.6380000352603,62.797385007316514,0.0,,,285.49121713575073,1891.487500220377,1815.8280002115616,75.65950000881514,1891.4875002203767,0.0,1.0,0.0,0.0,0.15570421836808582,104.16738769632242,0.96,696.8834669622734,669.0081282837824,27.87533867849096,1.0,0.0,0.0,0.15677951883650648,94.43565099430202,0.96,627.444646569648,602.346860706862,25.09778586278594,1.0,0.0,0.0,0.15958215862764197,86.8881784451263,0.96,567.1593866884556,544.4730112209173,22.686375467538245,,,,647.5202911814749,1815.8280002115616,1679.6409001956947,136.18710001586697,1815.8280002115619,0.0,1.0,0,0,0.38551723087020046,215.84800994687586,0.925,605.2886388913047,559.8919909744569,45.396647916847826,1.0,0,0,0.3855110405922809,215.8399577823109,0.925,605.275777682793,559.8800943565835,45.39568332620944,1.0,0,0,0.38550517142924795,215.8323234522881,0.925,605.2635836374632,559.8688148646535,45.39476877280971,0.0,0,0,0.09418341935927774,0.0,0.925,0.0,0.0,0.0,1.0,,,0.101,169.64373091976518,1679.6409001956947,1679.6409001956947,0.0,52.06886790606654,0.0,,,211.8466000246819,0.0,91.09403801061322,3.0,1102.6552392369908,0.0,-0.0,0.0,120.05710244812357
55,1,56,0.10277,0.0,1102.6552392369908,,,,0,0.0,1,1891.487500220377,1891.487500220377,0.0,302.6380000352603,62.797385007316514,0.0,,,285.49121713575073,1891.487500220377,1815.8280002115616,75.65950000881514,1891.4875002203767,0.0,1.0,0.0,0.0,0.15570421836808582,104.16738769632242,0.96,696.8834669622734,669.0081282837824,27.87533867849096,1.0,0.0,0.0,0.15677951883650648,94.43565099430202,0.96,627.444646569648,602.346860706862,25.09778586278594,1.0,0.0,0.0,0.15958215862764197,86.8881784451263,0.96,567.1593866884556,544.4730112209173,22.686375467538245,,,,647.5202911814749,1815.8280002115616,1679.6409001956947,136.18710001586697,1815.8280002115619,0.0,1.0,0,0,0.38551723087020046,215.84800994687586,0.925,605.2886388913047,559.8919909744569,45.396647916847826,1.0,0,0,0.3855110405922809,215.8399577823109,0.925,605.275777682793,559.8800943565835,45.39568332620944,1.0,0,0,0.38550517142924795,215.8323234522881,0.925,605.2635836374632,559.8688148646535,45.39476877280971,0.0,0,0,0.09418341935927774,0.0,0.925,0.0,0.0,0.0,1.0,,,0.101,169.64373091976518,1679.6409001956947,1679.6409001956947,0.0,52.06886790606654,0.0,,,211.8466000246819,0.0,91.09403801061322,3.0,1102.6552392369908,0.0,-0.0,0.0,113.31987893638555
56,1,57,0.09453,0.0,1102.6552392369908,,,,0,0.0,1,1891.487500220377,1891.487500220377,0.0,302.6380000352603,62.797385007316514,0.0,,,285.49121713575073,1891.487500220377,1815.8280002115616,75.65950000881514,1891.4875002203767,0.0,1.0,0.0,0.0,0.15570421836808582,104.16738769632242,0.96,696.8834669622734,669.0081282837824,27.87533867849096,1.0,0.0,0.0,0.15677951883650648,94.43565099430202,0.96,627.444646569648,602.346860706862,25.09778586278594,1.0,0.0,0.0,0.15958215862764197,86.8881784451263,0.96,567.1593866884556,544.4730112209173,22.686375467538245,,,,647.5202911814748,1815.8280002115616,1679.6409001956947,136.18710001586697,1815.8280002115619,0.0,1.0,0,0,0.38551723087020046,215.84800994687586,0.925,605.2886388913047,559.8919909744569,45.396647916847826,1.0,0,0,0.3855110405922809,215.8399577823109,0.925,605.275777682793,559.8800943565835,45.39568332620944,1.0,0,0,0.3855051714292479,215.83232345228808,0.925,605.2635836374632,559.8688148646535,45.39476877280971,0.0,0,0,0.09418341935927774,0.0,0.925,0.0,0.0,0.0,1.0,,,0.101,169.64373091976518,1679.6409001956947,1679.6409001956947,0.0,52.06886790606654,0.0,,,211.8466000246819,0.0,91.09403801061322,3.0,1102.6552392369908,0.0,-0.0,0.0,104.23399976507275
57,1,58,0.0882,0.0,1102.6552392369908,,,,0,0.0,1,1891.487500220377,1891.487500220377,0.0,302.6380000352603,62.797385007316514,0.0,,,285.49121713575073,1891.487500220377,1815.8280002115616,75.65950000881514,1891.4875002203767,0.0,1.0,0.0,0.0,0.15570421836808582,104.16738769632242,0.96,696.8834669622734,669.0081282837824,27.87533867849096,1.0,0.0,0.0,0.15677951883650648,94.43565099430202,0.96,627.444646569648,602.346860706862,25.09778586278594,1.0,0.0,0.0,0.15958215862764197,86.8881784451263,0.96,567.1593866884556,544.4730112209173,22.686375467538245,,,,647.5202911814748,1815.8280002115616,1679.6409001956947,136.18710001586697,1815.8280002115619,0.0,1.0,0,0,0.38551723087020046,215.84800994687586,0.925,605.2886388913047,559.8919909744569,45.396647916847826,1.0,0,0,0.3855110405922809,215.8399577823109,0.925,605.275777682793,559.8800943565835,45.39568332620944,1.0,0,0,0.3855051714292479,215.83232345228808,0.925,605.2635836374632,559.8688148646535,45.39476877280971,0.0,0,0,0.09418341935927774,0.0,0.925,0.0,0.0,0.0,1.0,,,0.101,169.64373091976518,1679.6409001956947,1679.6409001956947,0.0,52.06886790606654,0.0,,,211.8466000246819,0.0,91.09403801061322,3.0,1102.6552392369908,0.0,-0.0,0.0,97.2541921007026
58,1,59,0.08403,0.0,1102.6552392369908,,,,0,0.0,1,1891.487500220377,1891.487500220377,0.0,302.6380000352603,62.797385007316514,0.0,,,285.49121713575073,1891.487500220377,1815.8280002115616,75.65950000881514,1891.4875002203767,0.0,1.0,0.0,0.0,0.15570421836808582,104.16738769632242,0.96,696.8834669622734,669.0081282837824,27.87533867849096,1.0,0.0,0.0,0.15677951883650648,94.43565099430202,0.96,627.444646569648,602.346860706862,25.09778586278594,1.0,0.0,0.0,0.15958215862764197,86.8881784451263,0.96,567.1593866884556,544.4730112209173,22.686375467538245,,,,647.5202911814749,1815.8280002115616,1679.6409001956947,136.18710001586697,1815.8280002115619,0.0,1.0,0,0,0.38551723087020046,215.84800994687586,0.925,605.2886388913047,559.8919909744569,45.396647916847826,1.0,0,0,0.3855110405922809,215.8399577823109,0.925,605.275777682793,559.8800943565835,45.39568332620944,1.0,0,0,0.38550517142924795,215.8323234522881,0.925,605.2635836374632,559.8688148646535,45.39476877280971,0.0,0,0,0.09418341935927774,0.0,0.925,0.0,0.0,0.0,1.0,,,0.101,169.64373091976518,1679.6409001956947,1679.6409001956947,0.0,52.06886790606654,0.0,,,211.8466000246819,0.0,91.09403801061322,3.0,1102.6552392369908,0.0,-0.0,0.0,92.65611975308433
59,1,60,0.08356,0.0,1102.6552392369908,,,,0,0.0,1,1891.487500220377,1891.487500220377,0.0,302.6380000352603,62.797385007316514,0.0,,,285.49121713575073,1891.487500220377,1815.8280002115616,75.65950000881514,1891.4875002203767,0.0,1.0,0.0,0.0,0.15570421836808582,104.16738769632242,0.96,696.8834669622734,669.0081282837824,27.87533867849096,1.0,0.0,0.0,0.15677951883650648,94.43565099430202,0.96,627.444646569648,602.346860706862,25.09778586278594,1.0,0.0,0.0,0.15958215862764197,86.8881784451263,0.96,567.1593866884556,544.4730112209173,22.686375467538245,,,,647.5202911814749,1815.8280002115616,1679.6409001956947,136.18710001586697,1815.8280002115619,0.0,1.0,0,0,0.38551723087020046,215.84800994687586,0.925,605.2886388913047,559.8919909744569,45.396647916847826,1.0,0,0,0.3855110405922809,215.8399577823109,0.925,605.275777682793,559.8800943565835,45.39568332620944,1.0,0,0,0.38550517142924795,215.8323234522881,0.925,605.2635836374632,559.8688148646535,45.39476877280971,0.0,0,0,0.09418341935927774,0.0,0.925,0.0,0.0,0.0,1.0,,,0.101,169.64373091976518,1679.6409001956947,1679.6409001956947,0.0,52.06886790606654,0.0,,,211.8466000246819,0.0,91.09403801061322,3.0,1102.6552392369908,0.0,-0.0,0.0,92.13787179064295
60,1,61,0.08757,0.0,1102.6552392369908,,,,0,0.0,1,1891.487500220377,1891.487500220377,0.0,302.6380000352603,62.797385007316514,0.0,,,285.49121713575073,1891.487500220377,1815.8280002115616,75.65950000881514,1891.4875002203767,0.0,1.0,0.0,0.0,0.15570421836808582,104.16738769632242,0.96,696.8834669622734,669.0081282837824,27.87533867849096,1.0,0.0,0.0,0.15677951883650648,94.43565099430202,0.96,627.444646569648,602.346860706862,25.09778586278594,1.0,0.0,0.0,0.15958215862764197,86.8881784451263,0.96,567.1593866884556,544.4730112209173,22.686375467538245,,,,647.5202911814748,1815.8280002115616,1679.6409001956947,136.18710001586697,1815.8280002115619,0.0,1.0,0,0,0.38551723087020046,215.84800994687586,0.925,605.2886388913047,559.8919909744569,45.396647916847826,1.0,0,0,0.3855110405922809,215.8399577823109,0.925,605.275777682793,559.8800943565835,45.39568332620944,1.0,0,0,0.3855051714292479,215.83232345228808,0.925,605.2635836374632,559.8688148646535,45.39476877280971,0.0,0,0,0.09418341935927774,0.0,0.925,0.0,0.0,0.0,1.0,,,0.101,169.64373091976518,1679.6409001956947,1679.6409001956947,0.0,52.06886790606654,0.0,,,211.8466000246819,0.0,91.09403801061322,3.0,1102.6552392369908,0.0,-0.0,0.0,96.55951929998328
61,1,62,0.09237,0.0,1102.6552392369908,,,,0,0.0,1,1891.487500220377,1891.487500220377,0.0,302.6380000352603,62.797385007316514,0.0,,,285.49121713575073,1891.487500220377,1815.8280002115616,75.65950000881514,1891.4875002203767,0.0,1.0,0.0,0.0,0.15570421836808582,104.16738769632242,0.96,696.8834669622734,669.0081282837824,27.87533867849096,1.0,0.0,0.0,0.15677951883650648,94.43565099430202,0.96,627.444646569648,602.346860706862,25.09778586278594,1.0,0.0,0.0,0.15958215862764197,86.8881784451263,0.96,567.1593866884556,544.4730112209173,22.686375467538245,,,,647.5202911814749,1815.8280002115616,1679.6409001956947,136.18710001586697,1815.8280002115619,0.0,1.0,0,0,0.38551723087020046,215.84800994687586,0.925,605.2886388913047,559.8919909744569,45.396647916847826,1.0,0,0,0.3855110405922809,215.8399577823109,0.925,605.275777682793,559.8800943565835,45.39568332620944,1.0,0,0,0.38550517142924795,215.8323234522881,0.925,605.2635836374632,559.8688148646535,45.39476877280971,0.0,0,0,0.09418341935927774,0.0,0.925,0.0,0.0,0.0,1.0,,,0.101,169.64373091976518,1679.6409001956947,1679.6409001956947,0.0,52.06886790606654,0.0,,,211.8466000246819,0.0,91.09403801061322,3.0,1102.6552392369908,0.0,-0.0,0.0,101.85226444832084
62,1,63,0.09868,0.0,1102.6552392369908,,,,0,0.0,1,1891.487500220377,1891.487500220377,0.0,302.6380000352603,62.797385007316514,0.0,,,285.49121713575073,1891.487500220377,1815.8280002115616,75.65950000881514,1891.4875002203767,0.0,1.0,0.0,0.0,0.15570421836808582,104.16738769632242,0.96,696.8834669622734,669.0081282837824,27.87533867849096,1.0,0.0,0.0,0.15677951883650648,94.43565099430202,0.96,627.444646569648,602.346860706862,25.09778586278594,1.0,0.0,0.0,0.15958215862764197,86.8881784451263,0.96,567.1593866884556,544.4730112209173,22.686375467538245,,,,647.5202911814749,1815.8280002115616,1679.6409001956947,136.18710001586697,1815.8280002115619,0.0,1.0,0,0,0.38551723087020046,215.84800994687586,0.925,605.2886388913047,559.8919909744569,45.396647916847826,1.0,0,0,0.3855110405922809,215.8399577823109,0.925,605.275777682793,559.8800943565835,45.39568332620944,1.0,0,0,0.38550517142924795,215.8323234522881,0.925,605.2635836374632,559.8688148646535,45.39476877280971,0.0,0,0,0.09418341935927774,0.0,0.925,0.0,0.0,0.0,1.0,,,0.101,169.64373091976518,1679.6409001956947,1679.6409001956947,0.0,52.06886790606654,0.0,,,211.8466000246819,0.0,91.09403801061322,3.0,1102.6552392369908,0.0,-0.0,0.0,108.81001900790626
63,1,64,0.102,0.0,1102.6552392369908,,,,0,0.0,1,1891.487500220377,1891.487500220377,0.0,302.6380000352603,62.797385007316514,0.0,,,285.49121713575073,1891.487500220377,1815.8280002115616,75.65950000881514,1891.4875002203767,0.0,1.0,0.0,0.0,0.15570421836808582,104.16738769632242,0.96,696.8834669622734,669.0081282837824,27.87533867849096,1.0,0.0,0.0,0.15677951883650648,94.43565099430202,0.96,627.444646569648,602.346860706862,25.09778586278594,1.0,0.0,0.0,0.15958215862764197,86.8881784451263,0.96,567.1593866884556,544.4730112209173,22.686375467538245,,,,647.5202911814748,1815.8280002115616,1679.6409001956947,136.18710001586697,1815.8280002115619,0.0,1.0,0,0,0.38551723087020046,215.84800994687586,0.925,605.2886388913047,559.8919909744569,45.396647916847826,1.0,0,0,0.3855110405922809,215.8399577823109,0.925,605.275777682793,559.8800943565835,45.39568332620944,1.0,0,0,0.3855051714292479,215.83232345228808,0.925,605.2635836374632,559.8688148646535,45.39476877280971,0.0,0,0,0.09418341935927774,0.0,0.925,0.0,0.0,0.0,1.0,,,0.101,169.64373091976518,1679.6409001956947,1679.6409001956947,0.0,52.06886790606654,0.0,,,211.8466000246819,0.0,91.09403801061322,3.0,1102.6552392369908,0.0,-0.0,0.0,112.47083440217305
64,1,65,0.1076,0.0,1102.6552392369908,,,,0,0.0,1,1891.487500220377,1891.487500220377,0.0,302.6380000352603,62.797385007316514,0.0,,,285.49121713575073,1891.487500220377,1815.8280002115616,75.65950000881514,1891.4875002203767,0.0,1.0,0.0,0.0,0.15570421836808582,104.16738769632242,0.96,696.8834669622734,669.0081282837824,27.87533867849096,1.0,0.0,0.0,0.15677951883650648,94.43565099430202,0.96,627.444646569648,602.346860706862,25.09778586278594,1.0,0.0,0.0,0.15958215862764197,86.8881784451263,0.96,567.1593866884556,544.4730112209173,22.686375467538245,,,,647.5202911814749,1815.8280002115616,1679.6409001956947,136.18710001586697,1815.8280002115619,0.0,1.0,0,0,0.38551723087020046,215.84800994687586,0.925,605.2886388913047,559.8919909744569,45.396647916847826,1.0,0,0,0.3855110405922809,215.8399577823109,0.925,605.275777682793,559.8800943565835,45.39568332620944,1.0,0,0,0.38550517142924795,215.8323234522881,0.925,605.2635836374632,559.8688148646535,45.39476877280971,0.0,0,0,0.09418341935927774,0.0,0.925,0.0,0.0,0.0,1.0,,,0.101,169.64373091976518,1679.6409001956947,1679.6409001956947,0.0,52.06886790606654,0.0,,,211.8466000246819,0.0,91.09403801061322,3.0,1102.6552392369908,0.0,-0.0,0.0,118.64570374190022
65,1,66,0.17426,0.0,1102.6552392369908,,,,0,0.0,1,1891.487500220377,1891.487500220377,0.0,302.6380000352603,62.797385007316514,0.0,,,285.49121713575073,1891.487500220377,1815.8280002115616,75.65950000881514,1891.4875002203767,0.0,1.0,0.0,0.0,0.15570421836808582,104.16738769632242,0.96,696.8834669622734,669.0081282837824,27.87533867849096,1.0,0.0,0.0,0.15677951883650648,94.43565099430202,0.96,627.444646569648,602.346860706862,25.09778586278594,1.0,0.0,0.0,0.15958215862764197,86.8881784451263,0.96,567.1593866884556,544.4730112209173,22.686375467538245,,,,647.5202911814749,1815.8280002115616,1679.6409001956947,136.18710001586697,1815.8280002115619,0.0,1.0,0,0,0.38551723087020046,215.84800994687586,0.925,605.2886388913047,559.8919909744569,45.396647916847826,1.0,0,0,0.3855110405922809,215.8399577823109,0.925,605.275777682793,559.8800943565835,45.39568332620944,1.0,0,0,0.38550517142924795,215.8323234522881,0.925,605.2635836374632,559.8688148646535,45.39476877280971,0.0,0,0,0.09418341935927774,0.0,0.925,0.0,0.0,0.0,1.0,,,0.101,169.64373091976518,1679.6409001956947,1679.6409001956947,0.0,52.06886790606654,0.0,,,211.8466000246819,0.0,91.09403801061322,3.0,1102.6552392369908,0.0,-0.0,0.0,192.14870198943802
66,1,67,0.44472,0.0,1102.6552392369908,,,,0,0.0,1,1891.487500220377,1891.487500220377,0.0,302.6380000352603,62.797385007316514,0.0,,,285.49121713575084,1891.487500220377,1815.8280002115616,75.65950000881514,1891.4875002203767,0.0,1.0,0.0,0.0,0.15570421836808582,104.16738769632242,0.96,696.8834669622734,669.0081282837824,27.87533867849096,1.0,0.0,0.0,0.15677951883650648,94.43565099430202,0.96,627.444646569648,602.346860706862,25.09778586278594,1.0,0.0,0.0,0.15958215862764197,86.8881784451263,0.96,567.1593866884556,544.4730112209173,22.686375467538245,,,,647.5202911814748,1815.8280002115616,1679.6409001956947,136.18710001586697,1815.8280002115619,0.0,1.0,0,0,0.38551723087020046,215.84800994687586,0.925,605.2886388913047,559.8919909744569,45.396647916847826,1.0,0,0,0.3855110405922809,215.8399577823109,0.925,605.275777682793,559.8800943565835,45.39568332620944,1.0,0,0,0.3855051714292479,215.83232345228808,0.925,605.2635836374632,559.8688148646535,45.39476877280971,0.0,0,0,0.09418341935927774,0.0,0.925,0.0,0.0,0.0,1.0,,,0.101,169.64373091976518,1679.6409001956947,1679.6409001956947,0.0,52.06886790606654,0.0,,,211.8466000246819,0.0,91.09403801061322,3.0,1102.6552392369908,0.0,-0.0,0.0,490.37283799347455
67,1,68,0.34009,0.0,1102.6552392369908,,,,0,0.0,1,1891.487500220377,1891.487500220377,0.0,302.6380000352603,62.797385007316514,0.0,,,285.49121713575073,1891.487500220377,1815.8280002115616,75.65950000881514,1891.4875002203767,0.0,1.0,0.0,0.0,0.15570421836808582,104.16738769632242,0.96,696.8834669622734,669.0081282837824,27.87533867849096,1.0,0.0,0.0,0.15677951883650648,94.43565099430202,0.96,627.444646569648,602.346860706862,25.09778586278594,1.0,0.0,0.0,0.15958215862764197,86.8881784451263,0.96,567.1593866884556,544.4730112209173,22.686375467538245,,,,647.5202911814749,1815.8280002115616,1679.6409001956947,136.18710001586697,1815.8280002115619,0.0,1.0,0,0,0.38551723087020046,215.84800994687586,0.925,605.2886388913047,559.8919909744569,45.396647916847826,1.0,0,0,0.3855110405922809,215.8399577823109,0.925,605.275777682793,559.8800943565835,45.39568332620944,1.0,0,0,0.38550517142924795,215.8323234522881,0.925,605.2635836374632,559.8688148646535,45.39476877280971,0.0,0,0,0.09418341935927774,0.0,0.925,0.0,0.0,0.0,1.0,,,0.101,169.64373091976518,1679.6409001956947,1679.6409001956947,0.0,52.06886790606654,0.0,,,211.8466000246819,0.0,91.09403801061322,3.0,1102.6552392369908,0.0,-0.0,0.0,375.00202031210824
68,1,69,0.2079,0.0,1102.6552392369908,,,,0,0.0,1,1891.487500220377,1891.487500220377,0.0,302.6380000352603,62.797385007316514,0.0,,,285.49121713575084,1891.487500220377,1815.8280002115616,75.65950000881514,1891.4875002203767,0.0,1.0,0.0,0.0,0.15570421836808582,104.16738769632242,0.96,696.8834669622734,669.0081282837824,27.87533867849096,1.0,0.0,0.0,0.15677951883650648,94.43565099430202,0.96,627.444646569648,602.346860706862,25.09778586278594,1.0,0.0,0.0,0.15958215862764197,86.8881784451263,0.96,567.1593866884556,544.4730112209173,22.686375467538245,,,,647.5202911814748,1815.8280002115616,1679.6409001956947,136.18710001586697,1815.8280002115619,0.0,1.0,0,0,0.38551723087020046,215.84800994687586,0.925,605.2886388913047,559.8919909744569,45.396647916847826,1.0,0,0,0.3855110405922809,215.8399577823109,0.925,605.275777682793,559.8800943565835,45.39568332620944,1.0,0,0,0.3855051714292479,215.83232345228808,0.925,605.2635836374632,559.8688148646535,45.39476877280971,0.0,0,0,0.09418341935927774,0.0,0.925,0.0,0.0,0.0,1.0,,,0.101,169.64373091976518,1679.6409001956947,1679.6409001956947,0.0,52.06886790606654,0.0,,,211.8466000246819,0.0,91.09403801061322,3.0,1102.6552392369908,0.0,-0.0,0.0,229.2420242373704
69,1,70,0.13075,0.0,1102.6552392369908,,,,0,0.0,1,1891.487500220377,1891.487500220377,0.0,302.6380000352603,62.797385007316514,0.0,,,285.49121713575084,1891.487500220377,1815.8280002115616,75.65950000881514,1891.4875002203767,0.0,1.0,0.0,0.0,0.15570421836808582,104.16738769632242,0.96,696.8834669622734,669.0081282837824,27.87533867849096,1.0,0.0,0.0,0.15677951883650648,94.43565099430202,0.96,627.444646569648,602.346860706862,25.09778586278594,1.0,0.0,0.0,0.15958215862764197,86.8881784451263,0.96,567.1593866884556,544.4730112209173,22.686375467538245,,,,647.5202911814748,1815.8280002115616,1679.6409001956947,136.18710001586697,1815.8280002115619,0.0,1.0,0,0,0.38551723087020046,215.84800994687586,0.925,605.2886388913047,559.8919909744569,45.396647916847826,1.0,0,0,0.3855110405922809,215.8399577823109,0.925,605.275777682793,559.8800943565835,45.39568332620944,1.0,0,0,0.3855051714292479,215.83232345228808,0.925,605.2635836374632,559.8688148646535,45.39476877280971,0.0,0,0,0.09418341935927774,0.0,0.925,0.0,0.0,0.0,1.0,,,0.101,169.64373091976518,1679.6409001956947,1679.6409001956947,0.0,52.06886790606654,0.0,,,211.8466000246819,0.0,91.09403801061322,3.0,1102.6552392369908,0.0,-0.0,0.0,144.17217253023657
70,1,71,0.11833,0.0,1102.6552392369908,,,,0,0.0,1,1891.487500220377,1891.487500220377,0.0,302.6380000352603,62.797385007316514,0.0,,,285.49121713575073,1891.487500220377,1815.8280002115616,75.65950000881514,1891.4875002203767,0.0,1.0,0.0,0.0,0.15570421836808582,104.16738769632242,0.96,696.8834669622734,669.0081282837824,27.87533867849096,1.0,0.0,0.0,0.15677951883650648,94.43565099430202,0.96,627.444646569648,602.346860706862,25.09778586278594,1.0,0.0,0.0,0.15958215862764197,86.8881784451263,0.96,567.1593866884556,544.4730112209173,22.686375467538245,,,,647.5202911814748,1815.8280002115616,1679.6409001956947,136.18710001586697,1815.8280002115619,0.0,1.0,0,0,0.38551723087020046,215.84800994687586,0.925,605.2886388913047,559.8919909744569,45.396647916847826,1.0,0,0,0.3855110405922809,215.8399577823109,0.925,605.275777682793,559.8800943565835,45.39568332620944,1.0,0,0,0.3855051714292479,215.83232345228808,0.925,605.2635836374632,559.8688148646535,45.39476877280971,0.0,0,0,0.09418341935927774,0.0,0.925,0.0,0.0,0.0,1.0,,,0.101,169.64373091976518,1679.6409001956947,1679.6409001956947,0.0,52.06886790606654,0.0,,,211.8466000246819,0.0,91.09403801061322,3.0,1102.6552392369908,0.0,-0.0,0.0,130.47719445891312
71,1,72,0.11413,0.0,1102.6552392369908,,,,0,0.0,1,1891.487500220377,1891.487500220377,0.0,302.6380000352603,62.797385007316514,0.0,,,285.49121713575073,1891.487500220377,1815.8280002115616,75.65950000881514,1891.4875002203767,0.0,1.0,0.0,0.0,0.15570421836808582,104.16738769632242,0.96,696.8834669622734,669.0081282837824,27.87533867849096,1.0,0.0,0.0,0.15677951883650648,94.43565099430202,0.96,627.444646569648,602.346860706862,25.09778586278594,1.0,0.0,0.0,0.15958215862764197,86.8881784451263,0.96,567.1593866884556,544.4730112209173,22.686375467538245,,,,647.5202911814749,1815.8280002115616,1679.6409001956947,136.18710001586697,1815.8280002115619,0.0,1.0,0,0,0.38551723087020046,215.84800994687586,0.925,605.2886388913047,559.8919909744569,45.396647916847826,1.0,0,0,0.3855110405922809,215.8399577823109,0.925,605.275777682793,559.8800943565835,45.39568332620944,1.0,0,0,0.38550517142924795,215.8323234522881,0.925,605.2635836374632,559.8688148646535,45.39476877280971,0.0,0,0,0.09418341935927774,0.0,0.925,0.0,0.0,0.0,1.0,,,0.101,169.64373091976518,1679.6409001956947,1679.6409001956947,0.0,52.06886790606654,0.0,,,211.8466000246819,0.0,91.09403801061322,3.0,1102.6552392369908,0.0,-0.0,0.0,125.84604245411776
72,1,73,0.11233,0.0,1102.6552392369908,,,,0,0.0,1,1891.487500220377,1891.487500220377,0.0,302.6380000352603,62.797385007316514,0.0,,,285.49121713575073,1891.487500220377,1815.8280002115616,75.65950000881514,1891.4875002203767,0.0,1.0,0.0,0.0,0.15570421836808582,104.16738769632242,0.96,696.8834669622734,669.0081282837824,27.87533867849096,1.0,0.0,0.0,0.15677951883650648,94.43565099430202,0.96,627.444646569648,602.346860706862,25.09778586278594,1.0,0.0,0.0,0.15958215862764197,86.8881784451263,0.96,567.1593866884556,544.4730112209173,22.686375467538245,,,,647.5202911814749,1815.8280002115616,1679.6409001956947,136.18710001586697,1815.8280002115619,0.0,1.0,0,0,0.38551723087020046,215.84800994687586,0.925,605.2886388913047,559.8919909744569,45.396647916847826,1.0,0,0,0.3855110405922809,215.8399577823109,0.925,605.275777682793,559.8800943565835,45.39568332620944,1.0,0,0,0.38550517142924795,215.8323234522881,0.925,605.2635836374632,559.8688148646535,45.39476877280971,0.0,0,0,0.09418341935927774,0.0,0.925,0.0,0.0,0.0,1.0,,,0.101,169.64373091976518,1679.6409001956947,1679.6409001956947,0.0,52.06886790606654,0.0,,,211.8466000246819,0.0,91.09403801061322,3.0,1102.6552392369908,0.0,-0.0,0.0,123.86126302349118
73,1,74,0.11184,0.0,1102.6552392369908,,,,0,0.0,1,1891.487500220377,1891.487500220377,0.0,302.6380000352603,62.797385007316514,0.0,,,285.49121713575073,1891.487500220377,1815.8280002115616,75.65950000881514,1891.4875002203767,0.0,1.0,0.0,0.0,0.15570421836808582,104.16738769632242,0.96,696.8834669622734,669.0081282837824,27.87533867849096,1.0,0.0,0.0,0.15677951883650648,94.43565099430202,0.96,627.444646569648,602.346860706862,25.09778586278594,1.0,0.0,0.0,0.15958215862764197,86.8881784451263,0.96,567.1593866884556,544.4730112209173,22.686375467538245,,,,647.5202911814749,1815.8280002115616,1679.6409001956947,136.18710001586697,1815.8280002115619,0.0,1.0,0,0,0.38551723087020046,215.84800994687586,0.925,605.2886388913047,559.8919909744569,45.396647916847826,1.0,0,0,0.3855110405922809,215.8399577823109,0.925,605.275777682793,559.8800943565835,45.39568332620944,1.0,0,0,0.38550517142924795,215.8323234522881,0.925,605.2635836374632,559.8688148646535,45.39476877280971,0.0,0,0,0.09418341935927774,0.0,0.925,0.0,0.0,0.0,1.0,,,0.101,169.64373091976518,1679.6409001956947,1679.6409001956947,0.0,52.06886790606654,0.0,,,211.8466000246819,0.0,91.09403801061322,3.0,1102.6552392369908,0.0,-0.0,0.0,123.32096195626505
74,1,75,0.11204,0.0,1102.6552392369908,,,,0,0.0,1,1891.487500220377,1891.487500220377,0.0,302.6380000352603,62.797385007316514,0.0,,,285.49121713575073,1891.487500220377,1815.8280002115616,75.65950000881514,1891.4875002203767,0.0,1.0,0.0,0.0,0.15570421836808582,104.16738769632242,0.96,696.8834669622734,669.0081282837824,27.87533867849096,1.0,0.0,0.0,0.15677951883650648,94.43565099430202,0.96,627.444646569648,602.346860706862,25.09778586278594,1.0,0.0,0.0,0.15958215862764197,86.8881784451263,0.96,567.1593866884556,544.4730112209173,22.686375467538245,,,,647.5202911814749,1815.8280002115616,1679.6409001956947,136.18710001586697,1815.8280002115619,0.0,1.0,0,0,0.38551723087020046,215.84800994687586,0.925,605.2886388913047,559.8919909744569,45.396647916847826,1.0,0,0,0.3855110405922809,215.8399577823109,0.925,605.275777682793,559.8800943565835,45.39568332620944,1.0,0,0,0.38550517142924795,215.8323234522881,0.925,605.2635836374632,559.8688148646535,45.39476877280971,0.0,0,0,0.09418341935927774,0.0,0.925,0.0,0.0,0.0,1.0,,,0.101,169.64373091976518,1679.6409001956947,1679.6409001956947,0.0,52.06886790606654,0.0,,,211.8466000246819,0.0,91.09403801061322,3.0,1102.6552392369908,0.0,-0.0,0.0,123.54149300411245
75,1,76,0.1128,0.0,1102.6552392369908,,,,0,0.0,1,1891.487500220377,1891.487500220377,0.0,302.6380000352603,62.797385007316514,0.0,,,285.49121713575073,1891.487500220377,1815.8280002115616,75.65950000881514,1891.4875002203767,0.0,1.0,0.0,0.0,0.15570421836808582,104.16738769632242,0.96,696.8834669622734,669.0081282837824,27.87533867849096,1.0,0.0,0.0,0.15677951883650648,94.43565099430202,0.96,627.444646569648,602.346860706862,25.09778586278594,1.0,0.0,0.0,0.15958215862764197,86.8881784451263,0.96,567.1593866884556,544.4730112209173,22.686375467538245,,,,647.5202911814749,1815.8280002115616,1679.6409001956947,136.18710001586697,1815.8280002115619,0.0,1.0,0,0,0.38551723087020046,215.84800994687586,0.925,605.2886388913047,559.8919909744569,45.396647916847826,1.0,0,0,0.3855110405922809,215.8399577823109,0.925,605.275777682793,559.8800943565835,45.39568332620944,1.0,0,0,0.38550517142924795,215.8323234522881,0.925,605.2635836374632,559.8688148646535,45.39476877280971,0.0,0,0,0.09418341935927774,0.0,0.925,0.0,0.0,0.0,1.0,,,0.101,169.64373091976518,1679.6409001956947,1679.6409001956947,0.0,52.06886790606654,0.0,,,211.8466000246819,0.0,91.09403801061322,3.0,1102.6552392369908,0.0,-0.0,0.0,124.37951098593257
76,1,77,0.11523,0.0,1102.6552392369908,,,,0,0.0,1,1891.487500220377,1891.487500220377,0.0,302.6380000352603,62.797385007316514,0.0,,,285.49121713575073,1891.487500220377,1815.8280002115616,75.65950000881514,1891.4875002203767,0.0,1.0,0.0,0.0,0.15570421836808582,104.16738769632242,0.96,696.8834669622734,669.0081282837824,27.87533867849096,1.0,0.0,0.0,0.15677951883650648,94.43565099430202,0.96,627.444646569648,602.346860706862,25.09778586278594,1.0,0.0,0.0,0.15958215862764197,86.8881784451263,0.96,567.1593866884556,544.4730112209173,22.686375467538245,,,,647.5202911814749,1815.8280002115616,1679.6409001956947,136.18710001586697,1815.8280002115619,0.0,1.0,0,0,0.38551723087020046,215.84800994687586,0.925,605.2886388913047,559.8919909744569,45.396647916847826,1.0,0,0,0.3855110405922809,215.8399577823109,0.925,605.275777682793,559.8800943565835,45.39568332620944,1.0,0,0,0.38550517142924795,215.8323234522881,0.925,605.2635836374632,559.8688148646535,45.39476877280971,0.0,0,0,0.09418341935927774,0.0,0.925,0.0,0.0,0.0,1.0,,,0.101,169.64373091976518,1679.6409001956947,1679.6409001956947,0.0,52.06886790606654,0.0,,,211.8466000246819,0.0,91.09403801061322,3.0,1102.6552392369908,0.0,-0.0,0.0,127.05896321727845
77,1,78,0.11799,0.0,1102.6552392369908,,,,0,0.0,1,1891.487500220377,1891.487500220377,0.0,302.6380000352603,62.797385007316514,0.0,,,285.49121713575073,1891.487500220377,1815.8280002115616,75.65950000881514,1891.4875002203767,0.0,1.0,0.0,0.0,0.15570421836808582,104.16738769632242,0.96,696.8834669622734,669.0081282837824,27.87533867849096,1.0,0.0,0.0,0.15677951883650648,94.43565099430202,0.96,627.444646569648,602.346860706862,25.09778586278594,1.0,0.0,0.0,0.15958215862764197,86.8881784451263,0.96,567.1593866884556,544.4730112209173,22.686375467538245,,,,647.5202911814749,1815.8280002115616,1679.6409001956947,136.18710001586697,1815.8280002115619,0.0,1.0,0,0,0.38551723087020046,215.84800994687586,0.925,605.2886388913047,559.8919909744569,45.396647916847826,1.0,0,0,0.3855110405922809,215.8399577823109,0.925,605.275777682793,559.8800943565835,45.39568332620944,1.0,0,0,0.38550517142924795,215.8323234522881,0.925,605.2635836374632,559.8688148646535,45.39476877280971,0.0,0,0,0.09418341935927774,0.0,0.925,0.0,0.0,0.0,1.0,,,0.101,169.64373091976518,1679.6409001956947,1679.6409001956947,0.0,52.06886790606654,0.0,,,211.8466000246819,0.0,91.09403801061322,3.0,1102.6552392369908,0.0,-0.0,0.0,130.10229167757254
78,1,79,0.10888,0.0,1102.6552392369908,,,,0,0.0,1,1891.487500220377,1891.487500220377,0.0,302.6380000352603,62.797385007316514,0.0,,,285.49121713575073,1891.487500220377,1815.8280002115616,75.65950000881514,1891.4875002203767,0.0,1.0,0.0,0.0,0.15570421836808582,104.16738769632242,0.96,696.8834669622734,669.0081282837824,27.87533867849096,1.0,0.0,0.0,0.15677951883650648,94.43565099430202,0.96,627.444646569648,602.346860706862,25.09778586278594,1.0,0.0,0.0,0.15958215862764197,86.8881784451263,0.96,567.1593866884556,544.4730112209173,22.686375467538245,,,,647.5202911814749,1815.8280002115616,1679.6409001956947,136.18710001586697,1815.8280002115619,0.0,1.0,0,0,0.38551723087020046,215.84800994687586,0.925,605.2886388913047,559.8919909744569,45.396647916847826,1.0,0,0,0.3855110405922809,215.8399577823109,0.925,605.275777682793,559.8800943565835,45.39568332620944,1.0,0,0,0.38550517142924795,215.8323234522881,0.925,605.2635836374632,559.8688148646535,45.39476877280971,0.0,0,0,0.09418341935927774,0.0,0.925,0.0,0.0,0.0,1.0,,,0.101,169.64373091976518,1679.6409001956947,1679.6409001956947,0.0,52.06886790606654,0.0,,,211.8466000246819,0.0,91.09403801061322,3.0,1102.6552392369908,0.0,-0.0,0.0,120.05710244812357
79,1,80,0.10277,0.0,1102.6552392369908,,,,0,0.0,1,1891.487500220377,1891.487500220377,0.0,302.6380000352603,62.797385007316514,0.0,,,285.49121713575073,1891.487500220377,1815.8280002115616,75.65950000881514,1891.4875002203767,0.0,1.0,0.0,0.0,0.15570421836808582,104.16738769632242,0.96,696.8834669622734,669.0081282837824,27.87533867849096,1.0,0.0,0.0,0.15677951883650648,94.43565099430202,0.96,627.444646569648,602.346860706862,25.09778586278594,1.0,0.0,0.0,0.15958215862764197,86.8881784451263,0.96,567.1593866884556,544.4730112209173,22.686375467538245,,,,647.5202911814748,1815.8280002115616,1679.6409001956947,136.18710001586697,1815.8280002115619,0.0,1.0,0,0,0.38551723087020046,215.84800994687586,0.925,605.2886388913047,559.8919909744569,45.396647916847826,1.0,0,0,0.3855110405922809,215.8399577823109,0.925,605.275777682793,559.8800943565835,45.39568332620944,1.0,0,0,0.3855051714292479,215.83232345228808,0.925,605.2635836374632,559.8688148646535,45.39476877280971,0.0,0,0,0.09418341935927774,0.0,0.925,0.0,0.0,0.0,1.0,,,0.101,169.64373091976518,1679.6409001956947,1679.6409001956947,0.0,52.06886790606654,0.0,,,211.8466000246819,0.0,91.09403801061322,3.0,1102.6552392369908,0.0,-0.0,0.0,113.31987893638555
80,1,81,0.09453,0.0,1102.6552392369908,,,,0,0.0,1,1891.487500220377,1891.487500220377,0.0,302.6380000352603,62.797385007316514,0.0,,,285.49121713575073,1891.487500220377,1815.8280002115616,75.65950000881514,1891.4875002203767,0.0,1.0,0.0,0.0,0.15570421836808582,104.16738769632242,0.96,696.8834669622734,669.0081282837824,27.87533867849096,1.0,0.0,0.0,0.15677951883650648,94.43565099430202,0.96,627.444646569648,602.346860706862,25.09778586278594,1.0,0.0,0.0,0.15958215862764197,86.8881784451263,0.96,567.1593866884556,544.4730112209173,22.686375467538245,,,,647.5202911814748,1815.8280002115616,1679.6409001956947,136.18710001586697,1815.8280002115619,0.0,1.0,0,0,0.38551723087020046,215.84800994687586,0.925,605.2886388913047,559.8919909744569,45.396647916847826,1.0,0,0,0.3855110405922809,215.8399577823109,0.925,605.275777682793,559.8800943565835,45.39568332620944,1.0,0,0,0.3855051714292479,215.83232345228808,0.925,605.2635836374632,559.8688148646535,45.39476877280971,0.0,0,0,0.09418341935927774,0.0,0.925,0.0,0.0,0.0,1.0,,,0.101,169.64373091976518,1679.6409001956947,1679.6409001956947,0.0,52.06886790606654,0.0,,,211.8466000246819,0.0,91.09403801061322,3.0,1102.6552392369908,0.0,-0.0,0.0,104.23399976507275
81,1,82,0.0882,0.0,1102.6552392369908,,,,0,0.0,1,1891.487500220377,1891.487500220377,0.0,302.6380000352603,62.797385007316514,0.0,,,285.49121713575073,1891.487500220377,1815.8280002115616,75.65950000881514,1891.4875002203767,0.0,1.0,0.0,0.0,0.15570421836808582,104.16738769632242,0.96,696.8834669622734,669.0081282837824,27.87533867849096,1.0,0.0,0.0,0.15677951883650648,94.43565099430202,0.96,627.444646569648,602.346860706862,25.09778586278594,1.0,0.0,0.0,0.15958215862764197,86.8881784451263,0.96,567.1593866884556,544.4730112209173,22.686375467538245,,,,647.5202911814749,1815.8280002115616,1679.6409001956947,136.18710001586697,1815.8280002115619,0.0,1.0,0,0,0.38551723087020046,215.84800994687586,0.925,605.2886388913047,559.8919909744569,45.396647916847826,1.0,0,0,0.3855110405922809,215.8399577823109,0.925,605.275777682793,559.8800943565835,45.39568332620944,1.0,0,0,0.38550517142924795,215.8323234522881,0.925,605.2635836374632,559.8688148646535,45.39476877280971,0.0,0,0,0.09418341935927774,0.0,0.925,0.0,0.0,0.0,1.0,,,0.101,169.64373091976518,1679.6409001956947,1679.6409001956947,0.0,52.06886790606654,0.0,,,211.8466000246819,0.0,91.09403801061322,3.0,1102.6552392369908,0.0,-0.0,0.0,97.2541921007026
82,1,83,0.08403,0.0,1102.6552392369908,,,,0,0.0,1,1891.487500220377,1891.487500220377,0.0,302.6380000352603,62.797385007316514,0.0,,,285.49121713575073,1891.487500220377,1815.8280002115616,75.65950000881514,1891.4875002203767,0.0,1.0,0.0,0.0,0.15570421836808582,104.16738769632242,0.96,696.8834669622734,669.0081282837824,27.87533867849096,1.0,0.0,0.0,0.15677951883650648,94.43565099430202,0.96,627.444646569648,602.346860706862,25.09778586278594,1.0,0.0,0.0,0.15958215862764197,86.8881784451263,0.96,567.1593866884556,544.4730112209173,22.686375467538245,,,,647.5202911814749,1815.8280002115616,1679.6409001956947,136.18710001586697,1815.8280002115619,0.0,1.0,0,0,0.38551723087020046,215.84800994687586,0.925,605.2886388913047,559.8919909744569,45.396647916847826,1.0,0,0,0.3855110405922809,215.8399577823109,0.925,605.275777682793,559.8800943565835,45.39568332620944,1.0,0,0,0.38550517142924795,215.8323234522881,0.925,605.2635836374632,559.8688148646535,45.39476877280971,0.0,0,0,0.09418341935927774,0.0,0.925,0.0,0.0,0.0,1.0,,,0.101,169.64373091976518,1679.6409001956947,1679.6409001956947,0.0,52.06886790606654,0.0,,,211.8466000246819,0.0,91.09403801061322,3.0,1102.6552392369908,0.0,-0.0,0.0,92.65611975308433
83,1,84,0.08356,0.0,1102.6552392369908,,,,0,0.0,1,1891.487500220377,1891.487500220377,0.0,302.6380000352603,62.797385007316514,0.0,,,285.49121713575073,1891.487500220377,1815.8280002115616,75.65950000881514,1891.4875002203767,0.0,1.0,0.0,0.0,0.15570421836808582,104.16738769632242,0.96,696.8834669622734,669.0081282837824,27.87533867849096,1.0,0.0,0.0,0.15677951883650648,94.43565099430202,0.96,627.444646569648,602.346860706862,25.09778586278594,1.0,0.0,0.0,0.15958215862764197,86.8881784451263,0.96,567.1593866884556,544.4730112209173,22.686375467538245,,,,647.5202911814749,1815.8280002115616,1679.6409001956947,136.18710001586697,1815.8280002115619,0.0,1.0,0,0,0.38551723087020046,215.84800994687586,0.925,605.2886388913047,559.8919909744569,45.396647916847826,1.0,0,0,0.3855110405922809,215.8399577823109,0.925,605.275777682793,559.8800943565835,45.39568332620944,1.0,0,0,0.38550517142924795,215.8323234522881,0.925,605.2635836374632,559.8688148646535,45.39476877280971,0.0,0,0,0.09418341935927774,0.0,0.925,0.0,0.0,0.0,1.0,,,0.101,169.64373091976518,1679.6409001956947,1679.6409001956947,0.0,52.06886790606654,0.0,,,211.8466000246819,0.0,91.09403801061322,3.0,1102.6552392369908,0.0,-0.0,0.0,92.13787179064295
84,1,85,0.08757,0.0,1102.6552392369908,,,,0,0.0,1,1891.487500220377,1891.487500220377,0.0,302.6380000352603,62.797385007316514,0.0,,,285.49121713575073,1891.487500220377,1815.8280002115616,75.65950000881514,1891.4875002203767,0.0,1.0,0.0,0.0,0.15570421836808582,104.16738769632242,0.96,696.8834669622734,669.0081282837824,27.87533867849096,1.0,0.0,0.0,0.15677951883650648,94.43565099430202,0.96,627.444646569648,602.346860706862,25.09778586278594,1.0,0.0,0.0,0.15958215862764197,86.8881784451263,0.96,567.1593866884556,544.4730112209173,22.686375467538245,,,,647.5202911814749,1815.8280002115616,1679.6409001956947,136.18710001586697,1815.8280002115619,0.0,1.0,0,0,0.38551723087020046,215.84800994687586,0.925,605.2886388913047,559.8919909744569,45.396647916847826,1.0,0,0,0.3855110405922809,215.8399577823109,0.925,605.275777682793,559.8800943565835,45.39568332620944,1.0,0,0,0.38550517142924795,215.8323234522881,0.925,605.2635836374632,559.8688148646535,45.39476877280971,0.0,0,0,0.09418341935927774,0.0,0.925,0.0,0.0,0.0,1.0,,,0.101,169.64373091976518,1679.6409001956947,1679.6409001956947,0.0,52.06886790606654,0.0,,,211.8466000246819,0.0,91.09403801061322,3.0,1102.6552392369908,0.0,-0.0,0.0,96.55951929998328
85,1,86,0.09237,0.0,1102.6552392369908,,,,0,0.0,1,1891.487500220377,1891.487500220377,0.0,302.6380000352603,62.797385007316514,0.0,,,285.49121713575073,1891.487500220377,1815.8280002115616,75.65950000881514,1891.4875002203767,0.0,1.0,0.0,0.0,0.15570421836808582,104.16738769632242,0.96,696.8834669622734,669.0081282837824,27.87533867849096,1.0,0.0,0.0,0.15677951883650648,94.43565099430202,0.96,627.444646569648,602.346860706862,25.09778586278594,1.0,0.0,0.0,0.15958215862764197,86.8881784451263,0.96,567.1593866884556,544.4730112209173,22.686375467538245,,,,647.5202911814749,1815.8280002115616,1679.6409001956947,136.18710001586697,1815.8280002115619,0.0,1.0,0,0,0.38551723087020046,215.84800994687586,0.925,605.2886388913047,559.8919909744569,45.396647916847826,1.0,0,0,0.3855110405922809,215.8399577823109,0.925,605.275777682793,559.8800943565835,45.39568332620944,1.0,0,0,0.38550517142924795,215.8323234522881,0.925,605.2635836374632,559.8688148646535,45.39476877280971,0.0,0,0,0.09418341935927774,0.0,0.925,0.0,0.0,0.0,1.0,,,0.101,169.64373091976518,1679.6409001956947,1679.6409001956947,0.0,52.06886790606654,0.0,,,211.8466000246819,0.0,91.09403801061322,3.0,1102.6552392369908,0.0,-0.0,0.0,101.85226444832084
86,1,87,0.09868,0.0,1102.6552392369908,,,,0,0.0,1,1891.487500220377,1891.487500220377,0.0,302.6380000352603,62.797385007316514,0.0,,,285.49121713575073,1891.487500220377,1815.8280002115616,75.65950000881514,1891.4875002203767,0.0,1.0,0.0,0.0,0.15570421836808582,104.16738769632242,0.96,696.8834669622734,669.0081282837824,27.87533867849096,1.0,0.0,0.0,0.15677951883650648,94.43565099430202,0.96,627.444646569648,602.346860706862,25.09778586278594,1.0,0.0,0.0,0.15958215862764197,86.8881784451263,0.96,567.1593866884556,544.4730112209173,22.686375467538245,,,,647.5202911814748,1815.8280002115616,1679.6409001956947,136.18710001586697,1815.8280002115619,0.0,1.0,0,0,0.38551723087020046,215.84800994687586,0.925,605.2886388913047,559.8919909744569,45.396647916847826,1.0,0,0,0.3855110405922809,215.8399577823109,0.925,605.275777682793,559.8800943565835,45.39568332620944,1.0,0,0,0.3855051714292479,215.83232345228808,0.925,605.2635836374632,559.8688148646535,45.39476877280971,0.0,0,0,0.09418341935927774,0.0,0.925,0.0,0.0,0.0,1.0,,,0.101,169.64373091976518,1679.6409001956947,1679.6409001956947,0.0,52.06886790606654,0.0,,,211.8466000246819,0.0,91.09403801061322,3.0,1102.6552392369908,0.0,-0.0,0.0,108.81001900790626
87,1,88,0.102,0.0,1102.6552392369908,,,,0,0.0,1,1891.487500220377,1891.487500220377,0.0,302.6380000352603,62.797385007316514,0.0,,,285.49121713575073,1891.487500220377,1815.8280002115616,75.65950000881514,1891.4875002203767,0.0,1.0,0.0,0.0,0.15570421836808582,104.16738769632242,0.96,696.8834669622734,669.0081282837824,27.87533867849096,1.0,0.0,0.0,0.15677951883650648,94.43565099430202,0.96,627.444646569648,602.346860706862,25.09778586278594,1.0,0.0,0.0,0.15958215862764197,86.8881784451263,0.96,567.1593866884556,544.4730112209173,22.686375467538245,,,,647.5202911814749,1815.8280002115616,1679.6409001956947,136.18710001586697,1815.8280002115619,0.0,1.0,0,0,0.38551723087020046,215.84800994687586,0.925,605.2886388913047,559.8919909744569,45.396647916847826,1.0,0,0,0.3855110405922809,215.8399577823109,0.925,605.275777682793,559.8800943565835,45.39568332620944,1.0,0,0,0.38550517142924795,215.8323234522881,0.925,605.2635836374632,559.8688148646535,45.39476877280971,0.0,0,0,0.09418341935927774,0.0,0.925,0.0,0.0,0.0,1.0,,,0.101,169.64373091976518,1679.6409001956947,1679.6409001956947,0.0,52.06886790606654,0.0,,,211.8466000246819,0.0,91.09403801061322,3.0,1102.6552392369908,0.0,-0.0,0.0,112.47083440217305
88,1,89,0.1076,0.0,1102.6552392369908,,,,0,0.0,1,1891.487500220377,1891.487500220377,0.0,302.6380000352603,62.797385007316514,0.0,,,285.49121713575073,1891.487500220377,1815.8280002115616,75.65950000881514,1891.4875002203767,0.0,1.0,0.0,0.0,0.15570421836808582,104.16738769632242,0.96,696.8834669622734,669.0081282837824,27.87533867849096,1.0,0.0,0.0,0.15677951883650648,94.43565099430202,0.96,627.444646569648,602.346860706862,25.09778586278594,1.0,0.0,0.0,0.15958215862764197,86.8881784451263,0.96,567.1593866884556,544.4730112209173,22.686375467538245,,,,647.5202911814749,1815.8280002115616,1679.6409001956947,136.18710001586697,1815.8280002115619,0.0,1.0,0,0,0.38551723087020046,215.84800994687586,0.925,605.2886388913047,559.8919909744569,45.396647916847826,1.0,0,0,0.3855110405922809,215.8399577823109,0.925,605.275777682793,559.8800943565835,45.39568332620944,1.0,0,0,0.38550517142924795,215.8323234522881,0.925,605.2635836374632,559.8688148646535,45.39476877280971,0.0,0,0,0.09418341935927774,0.0,0.925,0.0,0.0,0.0,1.0,,,0.101,169.64373091976518,1679.6409001956947,1679.6409001956947,0.0,52.06886790606654,0.0,,,211.8466000246819,0.0,91.09403801061322,3.0,1102.6552392369908,0.0,-0.0,0.0,118.64570374190022
89,1,90,0.17426,0.0,1102.6552392369908,,,,0,0.0,1,1891.487500220377,1891.487500220377,0.0,302.6380000352603,62.797385007316514,0.0,,,285.49121713575073,1891.487500220377,1815.8280002115616,75.65950000881514,1891.4875002203767,0.0,1.0,0.0,0.0,0.15570421836808582,104.16738769632242,0.96,696.8834669622734,669.0081282837824,27.87533867849096,1.0,0.0,0.0,0.15677951883650648,94.43565099430202,0.96,627.444646569648,602.346860706862,25.09778586278594,1.0,0.0,0.0,0.15958215862764197,86.8881784451263,0.96,567.1593866884556,544.4730112209173,22.686375467538245,,,,647.5202911814749,1815.8280002115616,1679.6409001956947,136.18710001586697,1815.8280002115619,0.0,1.0,0,0,0.38551723087020046,215.84800994687586,0.925,605.2886388913047,559.8919909744569,45.396647916847826,1.0,0,0,0.3855110405922809,215.8399577823109,0.925,605.275777682793,559.8800943565835,45.39568332620944,1.0,0,0,0.38550517142924795,215.8323234522881,0.925,605.2635836374632,559.8688148646535,45.39476877280971,0.0,0,0,0.09418341935927774,0.0,0.925,0.0,0.0,0.0,1.0,,,0.101,169.64373091976518,1679.6409001956947,1679.6409001956947,0.0,52.06886790606654,0.0,,,211.8466000246819,0.0,91.09403801061322,3.0,1102.6552392369908,0.0,-0.0,0.0,192.14870198943802
90,1,91,0.44472,0.0,1102.6552392369908,,,,0,0.0,1,1891.487500220377,1891.487500220377,0.0,302.6380000352603,62.797385007316514,0.0,,,285.49121713575073,1891.487500220377,1815.8280002115616,75.65950000881514,1891.4875002203767,0.0,1.0,0.0,0.0,0.15570421836808582,104.16738769632242,0.96,696.8834669622734,669.0081282837824,27.87533867849096,1.0,0.0,0.0,0.15677951883650648,94.43565099430202,0.96,627.444646569648,602.346860706862,25.09778586278594,1.0,0.0,0.0,0.15958215862764197,86.8881784451263,0.96,567.1593866884556,544.4730112209173,22.686375467538245,,,,647.5202911814749,1815.8280002115616,1679.6409001956947,136.18710001586697,1815.8280002115619,0.0,1.0,0,0,0.38551723087020046,215.84800994687586,0.925,605.2886388913047,559.8919909744569,45.396647916847826,1.0,0,0,0.3855110405922809,215.8399577823109,0.925,605.275777682793,559.8800943565835,45.39568332620944,1.0,0,0,0.38550517142924795,215.8323234522881,0.925,605.2635836374632,559.8688148646535,45.39476877280971,0.0,0,0,0.09418341935927774,0.0,0.925,0.0,0.0,0.0,1.0,,,0.101,169.64373091976518,1679.6409001956947,1679.6409001956947,0.0,52.06886790606654,0.0,,,211.8466000246819,0.0,91.09403801061322,3.0,1102.6552392369908,0.0,-0.0,0.0,490.37283799347455
91,1,92,0.34009,0.0,1102.6552392369908,,,,0,0.0,1,1891.487500220377,1891.487500220377,0.0,302.6380000352603,62.797385007316514,0.0,,,285.49121713575084,1891.487500220377,1815.8280002115616,75.65950000881514,1891.4875002203767,0.0,1.0,0.0,0.0,0.15570421836808582,104.16738769632242,0.96,696.8834669622734,669.0081282837824,27.87533867849096,1.0,0.0,0.0,0.15677951883650648,94.43565099430202,0.96,627.444646569648,602.346860706862,25.09778586278594,1.0,0.0,0.0,0.15958215862764197,86.8881784451263,0.96,567.1593866884556,544.4730112209173,22.686375467538245,,,,647.5202911814748,1815.8280002115616,1679.6409001956947,136.18710001586697,1815.8280002115619,0.0,1.0,0,0,0.38551723087020046,215.84800994687586,0.925,605.2886388913047,559.8919909744569,45.396647916847826,1.0,0,0,0.3855110405922809,215.8399577823109,0.925,605.275777682793,559.8800943565835,45.39568332620944,1.0,0,0,0.3855051714292479,215.83232345228808,0.925,605.2635836374632,559.8688148646535,45.39476877280971,0.0,0,0,0.09418341935927774,0.0,0.925,0.0,0.0,0.0,1.0,,,0.101,169.64373091976518,1679.6409001956947,1679.6409001956947,0.0,52.06886790606654,0.0,,,211.8466000246819,0.0,91.09403801061322,3.0,1102.6552392369908,0.0,-0.0,0.0,375.00202031210824
92,1,93,0.2079,0.0,1102.6552392369908,,,,0,0.0,1,1891.487500220377,1891.487500220377,0.0,302.6380000352603,62.797385007316514,0.0,,,285.49121713575084,1891.487500220377,1815.8280002115616,75.65950000881514,1891.4875002203767,0.0,1.0,0.0,0.0,0.15570421836808582,104.16738769632242,0.96,696.8834669622734,669.0081282837824,27.87533867849096,1.0,0.0,0.0,0.15677951883650648,94.43565099430202,0.96,627.444646569648,602.346860706862,25.09778586278594,1.0,0.0,0.0,0.15958215862764197,86.8881784451263,0.96,567.1593866884556,544.4730112209173,22.686375467538245,,,,647.5202911814748,1815.8280002115616,1679.6409001956947,136.18710001586697,1815.8280002115619,0.0,1.0,0,0,0.38551723087020046,215.84800994687586,0.925,605.2886388913047,559.8919909744569,45.396647916847826,1.0,0,0,0.3855110405922809,215.8399577823109,0.925,605.275777682793,559.8800943565835,45.39568332620944,1.0,0,0,0.3855051714292479,215.83232345228808,0.925,605.2635836374632,559.8688148646535,45.39476877280971,0.0,0,0,0.09418341935927774,0.0,0.925,0.0,0.0,0.0,1.0,,,0.101,169.64373091976518,1679.6409001956947,1679.6409001956947,0.0,52.06886790606654,0.0,,,211.8466000246819,0.0,91.09403801061322,3.0,1102.6552392369908,0.0,-0.0,0.0,229.2420242373704
93,1,94,0.13075,0.0,1102.6552392369908,,,,0,0.0,1,1891.487500220377,1891.487500220377,0.0,302.6380000352603,62.797385007316514,0.0,,,285.49121713575073,1891.487500220377,1815.8280002115616,75.65950000881514,1891.4875002203767,0.0,1.0,0.0,0.0,0.15570421836808582,104.16738769632242,0.96,696.8834669622734,669.0081282837824,27.87533867849096,1.0,0.0,0.0,0.15677951883650648,94.43565099430202,0.96,627.444646569648,602.346860706862,25.09778586278594,1.0,0.0,0.0,0.15958215862764197,86.8881784451263,0.96,567.1593866884556,544.4730112209173,22.686375467538245,,,,647.5202911814749,1815.8280002115616,1679.6409001956947,136.18710001586697,1815.8280002115619,0.0,1.0,0,0,0.38551723087020046,215.84800994687586,0.925,605.2886388913047,559.8919909744569,45.396647916847826,1.0,0,0,0.3855110405922809,215.8399577823109,0.925,605.275777682793,559.8800943565835,45.39568332620944,1.0,0,0,0.38550517142924795,215.8323234522881,0.925,605.2635836374632,559.8688148646535,45.39476877280971,0.0,0,0,0.09418341935927774,0.0,0.925,0.0,0.0,0.0,1.0,,,0.101,169.64373091976518,1679.6409001956947,1679.6409001956947,0.0,52.06886790606654,0.0,,,211.8466000246819,0.0,91.09403801061322,3.0,1102.6552392369908,0.0,-0.0,0.0,144.17217253023657
94,1,95,0.11833,0.0,1102.6552392369908,,,,0,0.0,1,1891.487500220377,1891.487500220377,0.0,302.6380000352603,62.797385007316514,0.0,,,285.49121713575073,1891.487500220377,1815.8280002115616,75.65950000881514,1891.4875002203767,0.0,1.0,0.0,0.0,0.15570421836808582,104.16738769632242,0.96,696.8834669622734,669.0081282837824,27.87533867849096,1.0,0.0,0.0,0.15677951883650648,94.43565099430202,0.96,627.444646569648,602.346860706862,25.09778586278594,1.0,0.0,0.0,0.15958215862764197,86.8881784451263,0.96,567.1593866884556,544.4730112209173,22.686375467538245,,,,647.5202911814749,1815.8280002115616,1679.6409001956947,136.18710001586697,1815.8280002115619,0.0,1.0,0,0,0.38551723087020046,215.84800994687586,0.925,605.2886388913047,559.8919909744569,45.396647916847826,1.0,0,0,0.3855110405922809,215.8399577823109,0.925,605.275777682793,559.8800943565835,45.39568332620944,1.0,0,0,0.38550517142924795,215.8323234522881,0.925,605.2635836374632,559.8688148646535,45.39476877280971,0.0,0,0,0.09418341935927774,0.0,0.925,0.0,0.0,0.0,1.0,,,0.101,169.64373091976518,1679.6409001956947,1679.6409001956947,0.0,52.06886790606654,0.0,,,211.8466000246819,0.0,91.09403801061322,3.0,1102.6552392369908,0.0,-0.0,0.0,130.47719445891312
95,1,96,0.11413,0.0,1102.6552392369908,,,,0,0.0,1,1891.487500220377,1891.487500220377,0.0,302.6380000352603,62.797385007316514,0.0,,,285.49121713575073,1891.487500220377,1815.8280002115616,75.65950000881514,1891.4875002203767,0.0,1.0,0.0,0.0,0.15570421836808582,104.16738769632242,0.96,696.8834669622734,669.0081282837824,27.87533867849096,1.0,0.0,0.0,0.15677951883650648,94.43565099430202,0.96,627.444646569648,602.346860706862,25.09778586278594,1.0,0.0,0.0,0.15958215862764197,86.8881784451263,0.96,567.1593866884556,544.4730112209173,22.686375467538245,,,,647.5202911814748,1815.8280002115616,1679.6409001956947,136.18710001586697,1815.8280002115619,0.0,1.0,0,0,0.38551723087020046,215.84800994687586,0.925,605.2886388913047,559.8919909744569,45.396647916847826,1.0,0,0,0.3855110405922809,215.8399577823109,0.925,605.275777682793,559.8800943565835,45.39568332620944,1.0,0,0,0.3855051714292479,215.83232345228808,0.925,605.2635836374632,559.8688148646535,45.39476877280971,0.0,0,0,0.09418341935927774,0.0,0.925,0.0,0.0,0.0,1.0,,,0.101,169.64373091976518,1679.6409001956947,1679.6409001956947,0.0,52.06886790606654,0.0,,,211.8466000246819,0.0,91.09403801061322,3.0,1102.6552392369908,0.0,-0.0,0.0,125.84604245411776
96,1,97,0.11233,0.0,1102.6552392369908,,,,0,0.0,1,1891.487500220377,1891.487500220377,0.0,302.6380000352603,62.797385007316514,0.0,,,285.49121713575073,1891.487500220377,1815.8280002115616,75.65950000881514,1891.4875002203767,0.0,1.0,0.0,0.0,0.15570421836808582,104.16738769632242,0.96,696.8834669622734,669.0081282837824,27.87533867849096,1.0,0.0,0.0,0.15677951883650648,94.43565099430202,0.96,627.444646569648,602.346860706862,25.09778586278594,1.0,0.0,0.0,0.15958215862764197,86.8881784451263,0.96,567.1593866884556,544.4730112209173,22.686375467538245,,,,647.5202911814749,1815.8280002115616,1679.6409001956947,136.18710001586697,1815.8280002115619,0.0,1.0,0,0,0.38551723087020046,215.84800994687586,0.925,605.2886388913047,559.8919909744569,45.396647916847826,1.0,0,0,0.3855110405922809,215.8399577823109,0.925,605.275777682793,559.8800943565835,45.39568332620944,1.0,0,0,0.38550517142924795,215.8323234522881,0.925,605.2635836374632,559.8688148646535,45.39476877280971,0.0,0,0,0.09418341935927774,0.0,0.925,0.0,0.0,0.0,1.0,,,0.101,169.64373091976518,1679.6409001956947,1679.6409001956947,0.0,52.06886790606654,0.0,,,211.8466000246819,0.0,91.09403801061322,3.0,1102.6552392369908,0.0,-0.0,0.0,123.86126302349118
97,1,98,0.11184,0.0,1102.6552392369908,,,,0,0.0,1,1891.487500220377,1891.487500220377,0.0,302.6380000352603,62.797385007316514,0.0,,,285.49121713575073,1891.487500220377,1815.8280002115616,75.65950000881514,1891.4875002203767,0.0,1.0,0.0,0.0,0.15570421836808582,104.16738769632242,0.96,696.8834669622734,669.0081282837824,27.87533867849096,1.0,0.0,0.0,0.15677951883650648,94.43565099430202,0.96,627.444646569648,602.346860706862,25.09778586278594,1.0,0.0,0.0,0.15958215862764197,86.8881784451263,0.96,567.1593866884556,544.4730112209173,22.686375467538245,,,,647.5202911814749,1815.8280002115616,1679.6409001956947,136.18710001586697,1815.8280002115619,0.0,1.0,0,0,0.38551723087020046,215.84800994687586,0.925,605.2886388913047,559.8919909744569,45.396647916847826,1.0,0,0,0.3855110405922809,215.8399577823109,0.925,605.275777682793,559.8800943565835,45.39568332620944,1.0,0,0,0.38550517142924795,215.8323234522881,0.925,605.2635836374632,559.8688148646535,45.39476877280971,0.0,0,0,0.09418341935927774,0.0,0.925,0.0,0.0,0.0,1.0,,,0.101,169.64373091976518,1679.6409001956947,1679.6409001956947,0.0,52.06886790606654,0.0,,,211.8466000246819,0.0,91.09403801061322,3.0,1102.6552392369908,0.0,-0.0,0.0,123.32096195626505
98,1,99,0.11204,0.0,1102.6552392369908,,,,0,0.0,1,1891.487500220377,1891.487500220377,0.0,302.6380000352603,62.797385007316514,0.0,,,285.49121713575073,1891.487500220377,1815.8280002115616,75.65950000881514,1891.4875002203767,0.0,1.0,0.0,0.0,0.15570421836808582,104.16738769632242,0.96,696.8834669622734,669.0081282837824,27.87533867849096,1.0,0.0,0.0,0.15677951883650648,94.43565099430202,0.96,627.444646569648,602.346860706862,25.09778586278594,1.0,0.0,0.0,0.15958215862764197,86.8881784451263,0.96,567.1593866884556,544.4730112209173,22.686375467538245,,,,647.5202911814749,1815.8280002115616,1679.6409001956947,136.18710001586697,1815.8280002115619,0.0,1.0,0,0,0.38551723087020046,215.84800994687586,0.925,605.2886388913047,559.8919909744569,45.396647916847826,1.0,0,0,0.3855110405922809,215.8399577823109,0.925,605.275777682793,559.8800943565835,45.39568332620944,1.0,0,0,0.38550517142924795,215.8323234522881,0.925,605.2635836374632,559.8688148646535,45.39476877280971,0.0,0,0,0.09418341935927774,0.0,0.925,0.0,0.0,0.0,1.0,,,0.101,169.64373091976518,1679.6409001956947,1679.6409001956947,0.0,52.06886790606654,0.0,,,211.8466000246819,0.0,91.09403801061322,3.0,1102.6552392369908,0.0,-0.0,0.0,123.54149300411245
99,1,100,0.1128,0.0,1102.6552392369908,,,,0,0.0,1,1891.487500220377,1891.487500220377,0.0,302.6380000352603,62.797385007316514,0.0,,,285.49121713575073,1891.487500220377,1815.8280002115616,75.65950000881514,1891.4875002203767,0.0,1.0,0.0,0.0,0.15570421836808582,104.16738769632242,0.96,696.8834669622734,669.0081282837824,27.87533867849096,1.0,0.0,0.0,0.15677951883650648,94.43565099430202,0.96,627.444646569648,602.346860706862,25.09778586278594,1.0,0.0,0.0,0.15958215862764197,86.8881784451263,0.96,567.1593866884556,544.4730112209173,22.686375467538245,,,,647.5202911814748,1815.8280002115616,1679.6409001956947,136.18710001586697,1815.8280002115619,0.0,1.0,0,0,0.38551723087020046,215.84800994687586,0.925,605.2886388913047,559.8919909744569,45.396647916847826,1.0,0,0,0.3855110405922809,215.8399577823109,0.925,605.275777682793,559.8800943565835,45.39568332620944,1.0,0,0,0.3855051714292479,215.83232345228808,0.925,605.2635836374632,559.8688148646535,45.39476877280971,0.0,0,0,0.09418341935927774,0.0,0.925,0.0,0.0,0.0,1.0,,,0.101,169.64373091976518,1679.6409001956947,1679.6409001956947,0.0,52.06886790606654,0.0,,,211.8466000246819,0.0,91.09403801061322,3.0,1102.6552392369908,0.0,-0.0,0.0,124.37951098593257
100,1,101,0.11523,0.0,1102.6552392369908,,,,0,0.0,1,1891.487500220377,1891.487500220377,0.0,302.6380000352603,62.797385007316514,0.0,,,285.49121713575073,1891.487500220377,1815.8280002115616,75.65950000881514,1891.4875002203767,0.0,1.0,0.0,0.0,0.15570421836808582,104.16738769632242,0.96,696.8834669622734,669.0081282837824,27.87533867849096,1.0,0.0,0.0,0.15677951883650648,94.43565099430202,0.96,627.444646569648,602.346860706862,25.09778586278594,1.0,0.0,0.0,0.15958215862764197,86.8881784451263,0.96,567.1593866884556,544.4730112209173,22.686375467538245,,,,647.5202911814748,1815.8280002115616,1679.6409001956947,136.18710001586697,1815.8280002115619,0.0,1.0,0,0,0.38551723087020046,215.84800994687586,0.925,605.2886388913047,559.8919909744569,45.396647916847826,1.0,0,0,0.3855110405922809,215.8399577823109,0.925,605.275777682793,559.8800943565835,45.39568332620944,1.0,0,0,0.3855051714292479,215.83232345228808,0.925,605.2635836374632,559.8688148646535,45.39476877280971,0.0,0,0,0.09418341935927774,0.0,0.925,0.0,0.0,0.0,1.0,,,0.101,169.64373091976518,1679.6409001956947,1679.6409001956947,0.0,52.06886790606654,0.0,,,211.8466000246819,0.0,91.09403801061322,3.0,1102.6552392369908,0.0,-0.0,0.0,127.05896321727845
101,1,102,0.11799,0.0,1102.6552392369908,,,,0,0.0,1,1891.487500220377,1891.487500220377,0.0,302.6380000352603,62.797385007316514,0.0,,,285.49121713575073,1891.487500220377,1815.8280002115616,75.65950000881514,1891.4875002203767,0.0,1.0,0.0,0.0,0.15570421836808582,104.16738769632242,0.96,696.8834669622734,669.0081282837824,27.87533867849096,1.0,0.0,0.0,0.15677951883650648,94.43565099430202,0.96,627.444646569648,602.346860706862,25.09778586278594,1.0,0.0,0.0,0.15958215862764197,86.8881784451263,0.96,567.1593866884556,544.4730112209173,22.686375467538245,,,,647.5202911814749,1815.8280002115616,1679.6409001956947,136.18710001586697,1815.8280002115619,0.0,1.0,0,0,0.38551723087020046,215.84800994687586,0.925,605.2886388913047,559.8919909744569,45.396647916847826,1.0,0,0,0.3855110405922809,215.8399577823109,0.925,605.275777682793,559.8800943565835,45.39568332620944,1.0,0,0,0.38550517142924795,215.8323234522881,0.925,605.2635836374632,559.8688148646535,45.39476877280971,0.0,0,0,0.09418341935927774,0.0,0.925,0.0,0.0,0.0,1.0,,,0.101,169.64373091976518,1679.6409001956947,1679.6409001956947,0.0,52.06886790606654,0.0,,,211.8466000246819,0.0,91.09403801061322,3.0,1102.6552392369908,0.0,-0.0,0.0,130.10229167757254
102,1,103,0.10888,0.0,1102.6552392369908,,,,0,0.0,1,1891.487500220377,1891.487500220377,0.0,302.6380000352603,62.797385007316514,0.0,,,285.49121713575073,1891.487500220377,1815.8280002115616,75.65950000881514,1891.4875002203767,0.0,1.0,0.0,0.0,0.15570421836808582,104.16738769632242,0.96,696.8834669622734,669.0081282837824,27.87533867849096,1.0,0.0,0.0,0.15677951883650648,94.43565099430202,0.96,627.444646569648,602.346860706862,25.09778586278594,1.0,0.0,0.0,0.15958215862764197,86.8881784451263,0.96,567.1593866884556,544.4730112209173,22.686375467538245,,,,647.5202911814749,1815.8280002115616,1679.6409001956947,136.18710001586697,1815.8280002115619,0.0,1.0,0,0,0.38551723087020046,215.84800994687586,0.925,605.2886388913047,559.8919909744569,45.396647916847826,1.0,0,0,0.3855110405922809,215.8399577823109,0.925,605.275777682793,559.8800943565835,45.39568332620944,1.0,0,0,0.38550517142924795,215.8323234522881,0.925,605.2635836374632,559.8688148646535,45.39476877280971,0.0,0,0,0.09418341935927774,0.0,0.925,0.0,0.0,0.0,1.0,,,0.101,169.64373091976518,1679.6409001956947,1679.6409001956947,0.0,52.06886790606654,0.0,,,211.8466000246819,0.0,91.09403801061322,3.0,1102.6552392369908,0.0,-0.0,0.0,120.05710244812357
103,1,104,0.10277,0.0,1102.6552392369908,,,,0,0.0,1,1891.487500220377,1891.487500220377,0.0,302.6380000352603,62.797385007316514,0.0,,,285.49121713575073,1891.487500220377,1815.8280002115616,75.65950000881514,1891.4875002203767,0.0,1.0,0.0,0.0,0.15570421836808582,104.16738769632242,0.96,696.8834669622734,669.0081282837824,27.87533867849096,1.0,0.0,0.0,0.15677951883650648,94.43565099430202,0.96,627.444646569648,602.346860706862,25.09778586278594,1.0,0.0,0.0,0.15958215862764197,86.8881784451263,0.96,567.1593866884556,544.4730112209173,22.686375467538245,,,,647.5202911814749,1815.8280002115616,1679.6409001956947,136.18710001586697,1815.8280002115619,0.0,1.0,0,0,0.38551723087020046,215.84800994687586,0.925,605.2886388913047,559.8919909744569,45.396647916847826,1.0,0,0,0.3855110405922809,215.8399577823109,0.925,605.275777682793,559.8800943565835,45.39568332620944,1.0,0,0,0.38550517142924795,215.8323234522881,0.925,605.2635836374632,559.8688148646535,45.39476877280971,0.0,0,0,0.09418341935927774,0.0,0.925,0.0,0.0,0.0,1.0,,,0.101,169.64373091976518,1679.6409001956947,1679.6409001956947,0.0,52.06886790606654,0.0,,,211.8466000246819,0.0,91.09403801061322,3.0,1102.6552392369908,0.0,-0.0,0.0,113.31987893638555
104,1,105,0.09453,0.0,1102.6552392369908,,,,0,0.0,1,1891.487500220377,1891.487500220377,0.0,302.6380000352603,62.797385007316514,0.0,,,285.49121713575073,1891.487500220377,1815.8280002115616,75.65950000881514,1891.4875002203767,0.0,1.0,0.0,0.0,0.15570421836808582,104.16738769632242,0.96,696.8834669622734,669.0081282837824,27.87533867849096,1.0,0.0,0.0,0.15677951883650648,94.43565099430202,0.96,627.444646569648,602.346860706862,25.09778586278594,1.0,0.0,0.0,0.15958215862764197,86.8881784451263,0.96,567.1593866884556,544.4730112209173,22.686375467538245,,,,647.5202911814748,1815.8280002115616,1679.6409001956947,136.18710001586697,1815.8280002115619,0.0,1.0,0,0,0.38551723087020046,215.84800994687586,0.925,605.2886388913047,559.8919909744569,45.396647916847826,1.0,0,0,0.3855110405922809,215.8399577823109,0.925,605.275777682793,559.8800943565835,45.39568332620944,1.0,0,0,0.3855051714292479,215.83232345228808,0.925,605.2635836374632,559.8688148646535,45.39476877280971,0.0,0,0,0.09418341935927774,0.0,0.925,0.0,0.0,0.0,1.0,,,0.101,169.64373091976518,1679.6409001956947,1679.6409001956947,0.0,52.06886790606654,0.0,,,211.8466000246819,0.0,91.09403801061322,3.0,1102.6552392369908,0.0,-0.0,0.0,104.23399976507275
105,1,106,0.0882,0.0,1102.6552392369908,,,,0,0.0,1,1891.487500220377,1891.487500220377,0.0,302.6380000352603,62.797385007316514,0.0,,,285.49121713575073,1891.487500220377,1815.8280002115616,75.65950000881514,1891.4875002203767,0.0,1.0,0.0,0.0,0.15570421836808582,104.16738769632242,0.96,696.8834669622734,669.0081282837824,27.87533867849096,1.0,0.0,0.0,0.15677951883650648,94.43565099430202,0.96,627.444646569648,602.346860706862,25.09778586278594,1.0,0.0,0.0,0.15958215862764197,86.8881784451263,0.96,567.1593866884556,544.4730112209173,22.686375467538245,,,,647.5202911814749,1815.8280002115616,1679.6409001956947,136.18710001586697,1815.8280002115619,0.0,1.0,0,0,0.38551723087020046,215.84800994687586,0.925,605.2886388913047,559.8919909744569,45.396647916847826,1.0,0,0,0.3855110405922809,215.8399577823109,0.925,605.275777682793,559.8800943565835,45.39568332620944,1.0,0,0,0.38550517142924795,215.8323234522881,0.925,605.2635836374632,559.8688148646535,45.39476877280971,0.0,0,0,0.09418341935927774,0.0,0.925,0.0,0.0,0.0,1.0,,,0.101,169.64373091976518,1679.6409001956947,1679.6409001956947,0.0,52.06886790606654,0.0,,,211.8466000246819,0.0,91.09403801061322,3.0,1102.6552392369908,0.0,-0.0,0.0,97.2541921007026
106,1,107,0.08403,0.0,1102.6552392369908,,,,0,0.0,1,1891.487500220377,1891.487500220377,0.0,302.6380000352603,62.797385007316514,0.0,,,285.49121713575073,1891.487500220377,1815.8280002115616,75.65950000881514,1891.4875002203767,0.0,1.0,0.0,0.0,0.15570421836808582,104.16738769632242,0.96,696.8834669622734,669.0081282837824,27.87533867849096,1.0,0.0,0.0,0.15677951883650648,94.43565099430202,0.96,627.444646569648,602.346860706862,25.09778586278594,1.0,0.0,0.0,0.15958215862764197,86.8881784451263,0.96,567.1593866884556,544.4730112209173,22.686375467538245,,,,647.5202911814749,1815.8280002115616,1679.6409001956947,136.18710001586697,1815.8280002115619,0.0,1.0,0,0,0.38551723087020046,215.84800994687586,0.925,605.2886388913047,559.8919909744569,45.396647916847826,1.0,0,0,0.3855110405922809,215.8399577823109,0.925,605.275777682793,559.8800943565835,45.39568332620944,1.0,0,0,0.38550517142924795,215.8323234522881,0.925,605.2635836374632,559.8688148646535,45.39476877280971,0.0,0,0,0.09418341935927774,0.0,0.925,0.0,0.0,0.0,1.0,,,0.101,169.64373091976518,1679.6409001956947,1679.6409001956947,0.0,52.06886790606654,0.0,,,211.8466000246819,0.0,91.09403801061322,3.0,1102.6552392369908,0.0,-0.0,0.0,92.65611975308433
107,1,108,0.08356,0.0,1102.6552392369908,,,,0,0.0,1,1891.487500220377,1891.487500220377,0.0,302.6380000352603,62.797385007316514,0.0,,,285.49121713575073,1891.487500220377,1815.8280002115616,75.65950000881514,1891.4875002203767,0.0,1.0,0.0,0.0,0.15570421836808582,104.16738769632242,0.96,696.8834669622734,669.0081282837824,27.87533867849096,1.0,0.0,0.0,0.15677951883650648,94.43565099430202,0.96,627.444646569648,602.346860706862,25.09778586278594,1.0,0.0,0.0,0.15958215862764197,86.8881784451263,0.96,567.1593866884556,544.4730112209173,22.686375467538245,,,,647.5202911814748,1815.8280002115616,1679.6409001956947,136.18710001586697,1815.8280002115619,0.0,1.0,0,0,0.38551723087020046,215.84800994687586,0.925,605.2886388913047,559.8919909744569,45.396647916847826,1.0,0,0,0.3855110405922809,215.8399577823109,0.925,605.275777682793,559.8800943565835,45.39568332620944,1.0,0,0,0.3855051714292479,215.83232345228808,0.925,605.2635836374632,559.8688148646535,45.39476877280971,0.0,0,0,0.09418341935927774,0.0,0.925,0.0,0.0,0.0,1.0,,,0.101,169.64373091976518,1679.6409001956947,1679.6409001956947,0.0,52.06886790606654,0.0,,,211.8466000246819,0.0,91.09403801061322,3.0,1102.6552392369908,0.0,-0.0,0.0,92.13787179064295
108,1,109,0.08757,0.0,1102.6552392369908,,,,0,0.0,1,1891.487500220377,1891.487500220377,0.0,302.6380000352603,62.797385007316514,0.0,,,285.49121713575073,1891.487500220377,1815.8280002115616,75.65950000881514,1891.4875002203767,0.0,1.0,0.0,0.0,0.15570421836808582,104.16738769632242,0.96,696.8834669622734,669.0081282837824,27.87533867849096,1.0,0.0,0.0,0.15677951883650648,94.43565099430202,0.96,627.444646569648,602.346860706862,25.09778586278594,1.0,0.0,0.0,0.15958215862764197,86.8881784451263,0.96,567.1593866884556,544.4730112209173,22.686375467538245,,,,647.5202911814748,1815.8280002115616,1679.6409001956947,136.18710001586697,1815.8280002115619,0.0,1.0,0,0,0.38551723087020046,215.84800994687586,0.925,605.2886388913047,559.8919909744569,45.396647916847826,1.0,0,0,0.3855110405922809,215.8399577823109,0.925,605.275777682793,559.8800943565835,45.39568332620944,1.0,0,0,0.3855051714292479,215.83232345228808,0.925,605.2635836374632,559.8688148646535,45.39476877280971,0.0,0,0,0.09418341935927774,0.0,0.925,0.0,0.0,0.0,1.0,,,0.101,169.64373091976518,1679.6409001956947,1679.6409001956947,0.0,52.06886790606654,0.0,,,211.8466000246819,0.0,91.09403801061322,3.0,1102.6552392369908,0.0,-0.0,0.0,96.55951929998328
109,1,110,0.09237,0.0,1102.6552392369908,,,,0,0.0,1,1891.487500220377,1891.487500220377,0.0,302.6380000352603,62.797385007316514,0.0,,,285.49121713575073,1891.487500220377,1815.8280002115616,75.65950000881514,1891.4875002203767,0.0,1.0,0.0,0.0,0.15570421836808582,104.16738769632242,0.96,696.8834669622734,669.0081282837824,27.87533867849096,1.0,0.0,0.0,0.15677951883650648,94.43565099430202,0.96,627.444646569648,602.346860706862,25.09778586278594,1.0,0.0,0.0,0.15958215862764197,86.8881784451263,0.96,567.1593866884556,544.4730112209173,22.686375467538245,,,,647.5202911814749,1815.8280002115616,1679.6409001956947,136.18710001586697,1815.8280002115619,0.0,1.0,0,0,0.38551723087020046,215.84800994687586,0.925,605.2886388913047,559.8919909744569,45.396647916847826,1.0,0,0,0.3855110405922809,215.8399577823109,0.925,605.275777682793,559.8800943565835,45.39568332620944,1.0,0,0,0.38550517142924795,215.8323234522881,0.925,605.2635836374632,559.8688148646535,45.39476877280971,0.0,0,0,0.09418341935927774,0.0,0.925,0.0,0.0,0.0,1.0,,,0.101,169.64373091976518,1679.6409001956947,1679.6409001956947,0.0,52.06886790606654,0.0,,,211.8466000246819,0.0,91.09403801061322,3.0,1102.6552392369908,0.0,-0.0,0.0,101.85226444832084
110,1,111,0.09868,0.0,1102.6552392369908,,,,0,0.0,1,1891.487500220377,1891.487500220377,0.0,302.6380000352603,62.797385007316514,0.0,,,285.49121713575073,1891.487500220377,1815.8280002115616,75.65950000881514,1891.4875002203767,0.0,1.0,0.0,0.0,0.15570421836808582,104.16738769632242,0.96,696.8834669622734,669.0081282837824,27.87533867849096,1.0,0.0,0.0,0.15677951883650648,94.43565099430202,0.96,627.444646569648,602.346860706862,25.09778586278594,1.0,0.0,0.0,0.15958215862764197,86.8881784451263,0.96,567.1593866884556,544.4730112209173,22.686375467538245,,,,647.5202911814749,1815.8280002115616,1679.6409001956947,136.18710001586697,1815.8280002115619,0.0,1.0,0,0,0.38551723087020046,215.84800994687586,0.925,605.2886388913047,559.8919909744569,45.396647916847826,1.0,0,0,0.3855110405922809,215.8399577823109,0.925,605.275777682793,559.8800943565835,45.39568332620944,1.0,0,0,0.38550517142924795,215.8323234522881,0.925,605.2635836374632,559.8688148646535,45.39476877280971,0.0,0,0,0.09418341935927774,0.0,0.925,0.0,0.0,0.0,1.0,,,0.101,169.64373091976518,1679.6409001956947,1679.6409001956947,0.0,52.06886790606654,0.0,,,211.8466000246819,0.0,91.09403801061322,3.0,1102.6552392369908,0.0,-0.0,0.0,108.81001900790626
111,1,112,0.102,0.0,1102.6552392369908,,,,0,0.0,1,1891.487500220377,1891.487500220377,0.0,302.6380000352603,62.797385007316514,0.0,,,285.49121713575073,1891.487500220377,1815.8280002115616,75.65950000881514,1891.4875002203767,0.0,1.0,0.0,0.0,0.15570421836808582,104.16738769632242,0.96,696.8834669622734,669.0081282837824,27.87533867849096,1.0,0.0,0.0,0.15677951883650648,94.43565099430202,0.96,627.444646569648,602.346860706862,25.09778586278594,1.0,0.0,0.0,0.15958215862764197,86.8881784451263,0.96,567.1593866884556,544.4730112209173,22.686375467538245,,,,647.5202911814749,1815.8280002115616,1679.6409001956947,136.18710001586697,1815.8280002115619,0.0,1.0,0,0,0.38551723087020046,215.84800994687586,0.925,605.2886388913047,559.8919909744569,45.396647916847826,1.0,0,0,0.3855110405922809,215.8399577823109,0.925,605.275777682793,559.8800943565835,45.39568332620944,1.0,0,0,0.38550517142924795,215.8323234522881,0.925,605.2635836374632,559.8688148646535,45.39476877280971,0.0,0,0,0.09418341935927774,0.0,0.925,0.0,0.0,0.0,1.0,,,0.101,169.64373091976518,1679.6409001956947,1679.6409001956947,0.0,52.06886790606654,0.0,,,211.8466000246819,0.0,91.09403801061322,3.0,1102.6552392369908,0.0,-0.0,0.0,112.47083440217305
112,1,113,0.1076,0.0,1102.6552392369908,,,,0,0.0,1,1891.487500220377,1891.487500220377,0.0,302.6380000352603,62.797385007316514,0.0,,,285.49121713575073,1891.487500220377,1815.8280002115616,75.65950000881514,1891.4875002203767,0.0,1.0,0.0,0.0,0.15570421836808582,104.16738769632242,0.96,696.8834669622734,669.0081282837824,27.87533867849096,1.0,0.0,0.0,0.15677951883650648,94.43565099430202,0.96,627.444646569648,602.346860706862,25.09778586278594,1.0,0.0,0.0,0.15958215862764197,86.8881784451263,0.96,567.1593866884556,544.4730112209173,22.686375467538245,,,,647.5202911814749,1815.8280002115616,1679.6409001956947,136.18710001586697,1815.8280002115619,0.0,1.0,0,0,0.38551723087020046,215.84800994687586,0.925,605.2886388913047,559.8919909744569,45.396647916847826,1.0,0,0,0.3855110405922809,215.8399577823109,0.925,605.275777682793,559.8800943565835,45.39568332620944,1.0,0,0,0.38550517142924795,215.8323234522881,0.925,605.2635836374632,559.8688148646535,45.39476877280971,0.0,0,0,0.09418341935927774,0.0,0.925,0.0,0.0,0.0,1.0,,,0.101,169.64373091976518,1679.6409001956947,1679.6409001956947,0.0,52.06886790606654,0.0,,,211.8466000246819,0.0,91.09403801061322,3.0,1102.6552392369908,0.0,-0.0,0.0,118.64570374190022
113,1,114,0.17426,0.0,1102.6552392369908,,,,0,0.0,1,1891.487500220377,1891.487500220377,0.0,302.6380000352603,62.797385007316514,0.0,,,285.49121713575073,1891.487500220377,1815.8280002115616,75.65950000881514,1891.4875002203767,0.0,1.0,0.0,0.0,0.15570421836808582,104.16738769632242,0.96,696.8834669622734,669.0081282837824,27.87533867849096,1.0,0.0,0.0,0.15677951883650648,94.43565099430202,0.96,627.444646569648,602.346860706862,25.09778586278594,1.0,0.0,0.0,0.15958215862764197,86.8881784451263,0.96,567.1593866884556,544.4730112209173,22.686375467538245,,,,647.5202911814749,1815.8280002115616,1679.6409001956947,136.18710001586697,1815.8280002115619,0.0,1.0,0,0,0.38551723087020046,215.84800994687586,0.925,605.2886388913047,559.8919909744569,45.396647916847826,1.0,0,0,0.3855110405922809,215.8399577823109,0.925,605.275777682793,559.8800943565835,45.39568332620944,1.0,0,0,0.38550517142924795,215.8323234522881,0.925,605.2635836374632,559.8688148646535,45.39476877280971,0.0,0,0,0.09418341935927774,0.0,0.925,0.0,0.0,0.0,1.0,,,0.101,169.64373091976518,1679.6409001956947,1679.6409001956947,0.0,52.06886790606654,0.0,,,211.8466000246819,0.0,91.09403801061322,3.0,1102.6552392369908,0.0,-0.0,0.0,192.14870198943802
114,1,115,0.44472,0.0,1102.6552392369908,,,,0,0.0,1,1891.487500220377,1891.487500220377,0.0,302.6380000352603,62.797385007316514,0.0,,,285.49121713575073,1891.487500220377,1815.8280002115616,75.65950000881514,1891.4875002203767,0.0,1.0,0.0,0.0,0.15570421836808582,104.16738769632242,0.96,696.8834669622734,669.0081282837824,27.87533867849096,1.0,0.0,0.0,0.15677951883650648,94.43565099430202,0.96,627.444646569648,602.346860706862,25.09778586278594,1.0,0.0,0.0,0.15958215862764197,86.8881784451263,0.96,567.1593866884556,544.4730112209173,22.686375467538245,,,,647.5202911814749,1815.8280002115616,1679.6409001956947,136.18710001586697,1815.8280002115619,0.0,1.0,0,0,0.38551723087020046,215.84800994687586,0.925,605.2886388913047,559.8919909744569,45.396647916847826,1.0,0,0,0.3855110405922809,215.8399577823109,0.925,605.275777682793,559.8800943565835,45.39568332620944,1.0,0,0,0.38550517142924795,215.8323234522881,0.925,605.2635836374632,559.8688148646535,45.39476877280971,0.0,0,0,0.09418341935927774,0.0,0.925,0.0,0.0,0.0,1.0,,,0.101,169.64373091976518,1679.6409001956947,1679.6409001956947,0.0,52.06886790606654,0.0,,,211.8466000246819,0.0,91.09403801061322,3.0,1102.6552392369908,0.0,-0.0,0.0,490.37283799347455
115,1,116,0.34009,0.0,1102.6552392369908,,,,0,0.0,1,1891.487500220377,1891.487500220377,0.0,302.6380000352603,62.797385007316514,0.0,,,285.49121713575084,1891.487500220377,1815.8280002115616,75.65950000881514,1891.4875002203767,0.0,1.0,0.0,0.0,0.15570421836808582,104.16738769632242,0.96,696.8834669622734,669.0081282837824,27.87533867849096,1.0,0.0,0.0,0.15677951883650648,94.43565099430202,0.96,627.444646569648,602.346860706862,25.09778586278594,1.0,0.0,0.0,0.15958215862764197,86.8881784451263,0.96,567.1593866884556,544.4730112209173,22.686375467538245,,,,647.5202911814748,1815.8280002115616,1679.6409001956947,136.18710001586697,1815.8280002115619,0.0,1.0,0,0,0.38551723087020046,215.84800994687586,0.925,605.2886388913047,559.8919909744569,45.396647916847826,1.0,0,0,0.3855110405922809,215.8399577823109,0.925,605.275777682793,559.8800943565835,45.39568332620944,1.0,0,0,0.3855051714292479,215.83232345228808,0.925,605.2635836374632,559.8688148646535,45.39476877280971,0.0,0,0,0.09418341935927774,0.0,0.925,0.0,0.0,0.0,1.0,,,0.101,169.64373091976518,1679.6409001956947,1679.6409001956947,0.0,52.06886790606654,0.0,,,211.8466000246819,0.0,91.09403801061322,3.0,1102.6552392369908,0.0,-0.0,0.0,375.00202031210824
116,1,117,0.2079,0.0,1102.6552392369908,,,,0,0.0,1,1891.487500220377,1891.487500220377,0.0,302.6380000352603,62.797385007316514,0.0,,,285.49121713575073,1891.487500220377,1815.8280002115616,75.65950000881514,1891.4875002203767,0.0,1.0,0.0,0.0,0.15570421836808582,104.16738769632242,0.96,696.8834669622734,669.0081282837824,27.87533867849096,1.0,0.0,0.0,0.15677951883650648,94.43565099430202,0.96,627.444646569648,602.346860706862,25.09778586278594,1.0,0.0,0.0,0.15958215862764197,86.8881784451263,0.96,567.1593866884556,544.4730112209173,22.686375467538245,,,,647.5202911814749,1815.8280002115616,1679.6409001956947,136.18710001586697,1815.8280002115619,0.0,1.0,0,0,0.38551723087020046,215.84800994687586,0.925,605.2886388913047,559.8919909744569,45.396647916847826,1.0,0,0,0.3855110405922809,215.8399577823109,0.925,605.275777682793,559.8800943565835,45.39568332620944,1.0,0,0,0.38550517142924795,215.8323234522881,0.925,605.2635836374632,559.8688148646535,45.39476877280971,0.0,0,0,0.09418341935927774,0.0,0.925,0.0,0.0,0.0,1.0,,,0.101,169.64373091976518,1679.6409001956947,1679.6409001956947,0.0,52.06886790606654,0.0,,,211.8466000246819,0.0,91.09403801061322,3.0,1102.6552392369908,0.0,-0.0,0.0,229.2420242373704
117,1,118,0.13075,0.0,1102.6552392369908,,,,0,0.0,1,1891.487500220377,1891.487500220377,0.0,302.6380000352603,62.797385007316514,0.0,,,285.49121713575073,1891.487500220377,1815.8280002115616,75.65950000881514,1891.4875002203767,0.0,1.0,0.0,0.0,0.15570421836808582,104.16738769632242,0.96,696.8834669622734,669.0081282837824,27.87533867849096,1.0,0.0,0.0,0.15677951883650648,94.43565099430202,0.96,627.444646569648,602.346860706862,25.09778586278594,1.0,0.0,0.0,0.15958215862764197,86.8881784451263,0.96,567.1593866884556,544.4730112209173,22.686375467538245,,,,647.5202911814749,1815.8280002115616,1679.6409001956947,136.18710001586697,1815.8280002115619,0.0,1.0,0,0,0.38551723087020046,215.84800994687586,0.925,605.2886388913047,559.8919909744569,45.396647916847826,1.0,0,0,0.3855110405922809,215.8399577823109,0.925,605.275777682793,559.8800943565835,45.39568332620944,1.0,0,0,0.38550517142924795,215.8323234522881,0.925,605.2635836374632,559.8688148646535,45.39476877280971,0.0,0,0,0.09418341935927774,0.0,0.925,0.0,0.0,0.0,1.0,,,0.101,169.64373091976518,1679.6409001956947,1679.6409001956947,0.0,52.06886790606654,0.0,,,211.8466000246819,0.0,91.09403801061322,3.0,1102.6552392369908,0.0,-0.0,0.0,144.17217253023657
118,1,119,0.11833,0.0,1102.6552392369908,,,,0,0.0,1,1891.487500220377,1891.487500220377,0.0,302.6380000352603,62.797385007316514,0.0,,,285.49121713575073,1891.487500220377,1815.8280002115616,75.65950000881514,1891.4875002203767,0.0,1.0,0.0,0.0,0.15570421836808582,104.16738769632242,0.96,696.8834669622734,669.0081282837824,27.87533867849096,1.0,0.0,0.0,0.15677951883650648,94.43565099430202,0.96,627.444646569648,602.346860706862,25.09778586278594,1.0,0.0,0.0,0.15958215862764197,86.8881784451263,0.96,567.1593866884556,544.4730112209173,22.686375467538245,,,,647.5202911814749,1815.8280002115616,1679.6409001956947,136.18710001586697,1815.8280002115619,0.0,1.0,0,0,0.38551723087020046,215.84800994687586,0.925,605.2886388913047,559.8919909744569,45.396647916847826,1.0,0,0,0.3855110405922809,215.8399577823109,0.925,605.275777682793,559.8800943565835,45.39568332620944,1.0,0,0,0.38550517142924795,215.8323234522881,0.925,605.2635836374632,559.8688148646535,45.39476877280971,0.0,0,0,0.09418341935927774,0.0,0.925,0.0,0.0,0.0,1.0,,,0.101,169.64373091976518,1679.6409001956947,1679.6409001956947,0.0,52.06886790606654,0.0,,,211.8466000246819,0.0,91.09403801061322,3.0,1102.6552392369908,0.0,-0.0,0.0,130.47719445891312
119,1,120,0.11413,0.0,1102.6552392369908,,,,0,0.0,1,1891.487500220377,1891.487500220377,0.0,302.6380000352603,62.797385007316514,0.0,,,285.49121713575073,1891.487500220377,1815.8280002115616,75.65950000881514,1891.4875002203767,0.0,1.0,0.0,0.0,0.15570421836808582,104.16738769632242,0.96,696.8834669622734,669.0081282837824,27.87533867849096,1.0,0.0,0.0,0.15677951883650648,94.43565099430202,0.96,627.444646569648,602.346860706862,25.09778586278594,1.0,0.0,0.0,0.15958215862764197,86.8881784451263,0.96,567.1593866884556,544.4730112209173,22.686375467538245,,,,647.5202911814748,1815.8280002115616,1679.6409001956947,136.18710001586697,1815.8280002115619,0.0,1.0,0,0,0.38551723087020046,215.84800994687586,0.925,605.2886388913047,559.8919909744569,45.396647916847826,1.0,0,0,0.3855110405922809,215.8399577823109,0.925,605.275777682793,559.8800943565835,45.39568332620944,1.0,0,0,0.3855051714292479,215.83232345228808,0.925,605.2635836374632,559.8688148646535,45.39476877280971,0.0,0,0,0.09418341935927774,0.0,0.925,0.0,0.0,0.0,1.0,,,0.101,169.64373091976518,1679.6409001956947,1679.6409001956947,0.0,52.06886790606654,0.0,,,211.8466000246819,0.0,91.09403801061322,3.0,1102.6552392369908,0.0,-0.0,0.0,125.84604245411776
120,1,121,0.11378,0.0,1102.6552392369908,,,,0,0.0,1,1891.487500220377,1891.487500220377,0.0,302.6380000352603,62.797385007316514,0.0,,,285.49121713575073,1891.487500220377,1815.8280002115616,75.65950000881514,1891.4875002203767,0.0,1.0,0.0,0.0,0.15570421836808582,104.16738769632242,0.96,696.8834669622734,669.0081282837824,27.87533867849096,1.0,0.0,0.0,0.15677951883650648,94.43565099430202,0.96,627.444646569648,602.346860706862,25.09778586278594,1.0,0.0,0.0,0.15958215862764197,86.8881784451263,0.96,567.1593866884556,544.4730112209173,22.686375467538245,,,,647.5202911814748,1815.8280002115616,1679.6409001956947,136.18710001586697,1815.8280002115619,0.0,1.0,0,0,0.38551723087020046,215.84800994687586,0.925,605.2886388913047,559.8919909744569,45.396647916847826,1.0,0,0,0.3855110405922809,215.8399577823109,0.925,605.275777682793,559.8800943565835,45.39568332620944,1.0,0,0,0.3855051714292479,215.83232345228808,0.925,605.2635836374632,559.8688148646535,45.39476877280971,0.0,0,0,0.09418341935927774,0.0,0.925,0.0,0.0,0.0,1.0,,,0.101,169.64373091976518,1679.6409001956947,1679.6409001956947,0.0,52.06886790606654,0.0,,,211.8466000246819,0.0,91.09403801061322,3.0,1102.6552392369908,0.0,-0.0,0.0,125.46011312038482
121,1,122,0.11359,0.0,1102.6552392369908,,,,0,0.0,1,1891.487500220377,1891.487500220377,0.0,302.6380000352603,62.797385007316514,0.0,,,285.49121713575073,1891.487500220377,1815.8280002115616,75.65950000881514,1891.4875002203767,0.0,1.0,0.0,0.0,0.15570421836808582,104.16738769632242,0.96,696.8834669622734,669.0081282837824,27.87533867849096,1.0,0.0,0.0,0.15677951883650648,94.43565099430202,0.96,627.444646569648,602.346860706862,25.09778586278594,1.0,0.0,0.0,0.15958215862764197,86.8881784451263,0.96,567.1593866884556,544.4730112209173,22.686375467538245,,,,647.5202911814748,1815.8280002115616,1679.6409001956947,136.18710001586697,1815.8280002115619,0.0,1.0,0,0,0.38551723087020046,215.84800994687586,0.925,605.2886388913047,559.8919909744569,45.396647916847826,1.0,0,0,0.3855110405922809,215.8399577823109,0.925,605.275777682793,559.8800943565835,45.39568332620944,1.0,0,0,0.3855051714292479,215.83232345228808,0.925,605.2635836374632,559.8688148646535,45.39476877280971,0.0,0,0,0.09418341935927774,0.0,0.925,0.0,0.0,0.0,1.0,,,0.101,169.64373091976518,1679.6409001956947,1679.6409001956947,0.0,52.06886790606654,0.0,,,211.8466000246819,0.0,91.09403801061322,3.0,1102.6552392369908,0.0,-0.0,0.0,125.25060862492978
122,1,123,0.11351,0.0,1102.6552392369908,,,,0,0.0,1,1891.487500220377,1891.487500220377,0.0,302.6380000352603,62.797385007316514,0.0,,,285.49121713575073,1891.487500220377,1815.8280002115616,75.65950000881514,1891.4875002203767,0.0,1.0,0.0,0.0,0.15570421836808582,104.16738769632242,0.96,696.8834669622734,669.0081282837824,27.87533867849096,1.0,0.0,0.0,0.15677951883650648,94.43565099430202,0.96,627.444646569648,602.346860706862,25.09778586278594,1.0,0.0,0.0,0.15958215862764197,86.8881784451263,0.96,567.1593866884556,544.4730112209173,22.686375467538245,,,,647.5202911814749,1815.8280002115616,1679.6409001956947,136.18710001586697,1815.8280002115619,0.0,1.0,0,0,0.38551723087020046,215.84800994687586,0.925,605.2886388913047,559.8919909744569,45.396647916847826,1.0,0,0,0.3855110405922809,215.8399577823109,0.925,605.275777682793,559.8800943565835,45.39568332620944,1.0,0,0,0.38550517142924795,215.8323234522881,0.925,605.2635836374632,559.8688148646535,45.39476877280971,0.0,0,0,0.09418341935927774,0.0,0.925,0.0,0.0,0.0,1.0,,,0.101,169.64373091976518,1679.6409001956947,1679.6409001956947,0.0,52.06886790606654,0.0,,,211.8466000246819,0.0,91.09403801061322,3.0,1102.6552392369908,0.0,-0.0,0.0,125.16239620579083
123,1,124,0.11345,0.0,1102.6552392369908,,,,0,0.0,1,1891.487500220377,1891.487500220377,0.0,302.6380000352603,62.797385007316514,0.0,,,285.49121713575073,1891.487500220377,1815.8280002115616,75.65950000881514,1891.4875002203767,0.0,1.0,0.0,0.0,0.15570421836808582,104.16738769632242,0.96,696.8834669622734,669.0081282837824,27.87533867849096,1.0,0.0,0.0,0.15677951883650648,94.43565099430202,0.96,627.444646569648,602.346860706862,25.09778586278594,1.0,0.0,0.0,0.15958215862764197,86.8881784451263,0.96,567.1593866884556,544.4730112209173,22.686375467538245,,,,647.5202911814748,1815.8280002115616,1679.6409001956947,136.18710001586697,1815.8280002115619,0.0,1.0,0,0,0.38551723087020046,215.84800994687586,0.925,605.2886388913047,559.8919909744569,45.396647916847826,1.0,0,0,0.3855110405922809,215.8399577823109,0.925,605.275777682793,559.8800943565835,45.39568332620944,1.0,0,0,0.3855051714292479,215.83232345228808,0.925,605.2635836374632,559.8688148646535,45.39476877280971,0.0,0,0,0.09418341935927774,0.0,0.925,0.0,0.0,0.0,1.0,,,0.101,169.64373091976518,1679.6409001956947,1679.6409001956947,0.0,52.06886790606654,0.0,,,211.8466000246819,0.0,91.09403801061322,3.0,1102.6552392369908,0.0,-0.0,0.0,125.0962368914366
124,1,125,0.11392,0.0,1102.6552392369908,,,,0,0.0,1,1891.487500220377,1891.487500220377,0.0,302.6380000352603,62.797385007316514,0.0,,,285.49121713575073,1891.487500220377,1815.8280002115616,75.65950000881514,1891.4875002203767,0.0,1.0,0.0,0.0,0.15570421836808582,104.16738769632242,0.96,696.8834669622734,669.0081282837824,27.87533867849096,1.0,0.0,0.0,0.15677951883650648,94.43565099430202,0.96,627.444646569648,602.346860706862,25.09778586278594,1.0,0.0,0.0,0.15958215862764197,86.8881784451263,0.96,567.1593866884556,544.4730112209173,22.686375467538245,,,,647.5202911814749,1815.8280002115616,1679.6409001956947,136.18710001586697,1815.8280002115619,0.0,1.0,0,0,0.38551723087020046,215.84800994687586,0.925,605.2886388913047,559.8919909744569,45.396647916847826,1.0,0,0,0.3855110405922809,215.8399577823109,0.925,605.275777682793,559.8800943565835,45.39568332620944,1.0,0,0,0.38550517142924795,215.8323234522881,0.925,605.2635836374632,559.8688148646535,45.39476877280971,0.0,0,0,0.09418341935927774,0.0,0.925,0.0,0.0,0.0,1.0,,,0.101,169.64373091976518,1679.6409001956947,1679.6409001956947,0.0,52.06886790606654,0.0,,,211.8466000246819,0.0,91.09403801061322,3.0,1102.6552392369908,0.0,-0.0,0.0,125.61448485387798
125,1,126,0.1147,0.0,1102.6552392369908,,,,0,0.0,1,1891.487500220377,1891.487500220377,0.0,302.6380000352603,62.797385007316514,0.0,,,285.49121713575073,1891.487500220377,1815.8280002115616,75.65950000881514,1891.4875002203767,0.0,1.0,0.0,0.0,0.15570421836808582,104.16738769632242,0.96,696.8834669622734,669.0081282837824,27.87533867849096,1.0,0.0,0.0,0.15677951883650648,94.43565099430202,0.96,627.444646569648,602.346860706862,25.09778586278594,1.0,0.0,0.0,0.15958215862764197,86.8881784451263,0.96,567.1593866884556,544.4730112209173,22.686375467538245,,,,647.5202911814749,1815.8280002115616,1679.6409001956947,136.18710001586697,1815.8280002115619,0.0,1.0,0,0,0.38551723087020046,215.84800994687586,0.925,605.2886388913047,559.8919909744569,45.396647916847826,1.0,0,0,0.3855110405922809,215.8399577823109,0.925,605.275777682793,559.8800943565835,45.39568332620944,1.0,0,0,0.38550517142924795,215.8323234522881,0.925,605.2635836374632,559.8688148646535,45.39476877280971,0.0,0,0,0.09418341935927774,0.0,0.925,0.0,0.0,0.0,1.0,,,0.101,169.64373091976518,1679.6409001956947,1679.6409001956947,0.0,52.06886790606654,0.0,,,211.8466000246819,0.0,91.09403801061322,3.0,1102.6552392369908,0.0,-0.0,0.0,126.47455594048284
126,1,127,0.11153,0.0,1102.6552392369908,,,,0,0.0,1,1891.487500220377,1891.487500220377,0.0,302.6380000352603,62.797385007316514,0.0,,,285.49121713575073,1891.487500220377,1815.8280002115616,75.65950000881514,1891.4875002203767,0.0,1.0,0.0,0.0,0.15570421836808582,104.16738769632242,0.96,696.8834669622734,669.0081282837824,27.87533867849096,1.0,0.0,0.0,0.15677951883650648,94.43565099430202,0.96,627.444646569648,602.346860706862,25.09778586278594,1.0,0.0,0.0,0.15958215862764197,86.8881784451263,0.96,567.1593866884556,544.4730112209173,22.686375467538245,,,,647.5202911814748,1815.8280002115616,1679.6409001956947,136.18710001586697,1815.8280002115619,0.0,1.0,0,0,0.38551723087020046,215.84800994687586,0.925,605.2886388913047,559.8919909744569,45.396647916847826,1.0,0,0,0.3855110405922809,215.8399577823109,0.925,605.275777682793,559.8800943565835,45.39568332620944,1.0,0,0,0.3855051714292479,215.83232345228808,0.925,605.2635836374632,559.8688148646535,45.39476877280971,0.0,0,0,0.09418341935927774,0.0,0.925,0.0,0.0,0.0,1.0,,,0.101,169.64373091976518,1679.6409001956947,1679.6409001956947,0.0,52.06886790606654,0.0,,,211.8466000246819,0.0,91.09403801061322,3.0,1102.6552392369908,0.0,-0.0,0.0,122.9791388321016
127,1,128,0.09835,0.0,1102.6552392369908,,,,0,0.0,1,1891.487500220377,1891.487500220377,0.0,302.6380000352603,62.797385007316514,0.0,,,285.49121713575073,1891.487500220377,1815.8280002115616,75.65950000881514,1891.4875002203767,0.0,1.0,0.0,0.0,0.15570421836808582,104.16738769632242,0.96,696.8834669622734,669.0081282837824,27.87533867849096,1.0,0.0,0.0,0.15677951883650648,94.43565099430202,0.96,627.444646569648,602.346860706862,25.09778586278594,1.0,0.0,0.0,0.15958215862764197,86.8881784451263,0.96,567.1593866884556,544.4730112209173,22.686375467538245,,,,647.5202911814749,1815.8280002115616,1679.6409001956947,136.18710001586697,1815.8280002115619,0.0,1.0,0,0,0.38551723087020046,215.84800994687586,0.925,605.2886388913047,559.8919909744569,45.396647916847826,1.0,0,0,0.3855110405922809,215.8399577823109,0.925,605.275777682793,559.8800943565835,45.39568332620944,1.0,0,0,0.38550517142924795,215.8323234522881,0.925,605.2635836374632,559.8688148646535,45.39476877280971,0.0,0,0,0.09418341935927774,0.0,0.925,0.0,0.0,0.0,1.0,,,0.101,169.64373091976518,1679.6409001956947,1679.6409001956947,0.0,52.06886790606654,0.0,,,211.8466000246819,0.0,91.09403801061322,3.0,1102.6552392369908,0.0,-0.0,0.0,108.44614277895806
128,1,129,0.08005,0.0,1102.6552392369908,,,,0,0.0,1,1891.487500220377,1891.487500220377,0.0,302.6380000352603,62.797385007316514,0.0,,,285.49121713575073,1891.487500220377,1815.8280002115616,75.65950000881514,1891.4875002203767,0.0,1.0,0.0,0.0,0.15570421836808582,104.16738769632242,0.96,696.8834669622734,669.0081282837824,27.87533867849096,1.0,0.0,0.0,0.15677951883650648,94.43565099430202,0.96,627.444646569648,602.346860706862,25.09778586278594,1.0,0.0,0.0,0.15958215862764197,86.8881784451263,0.96,567.1593866884556,544.4730112209173,22.686375467538245,,,,647.5202911814748,1815.8280002115616,1679.6409001956947,136.18710001586697,1815.8280002115619,0.0,1.0,0,0,0.38551723087020046,215.84800994687586,0.925,605.2886388913047,559.8919909744569,45.396647916847826,1.0,0,0,0.3855110405922809,215.8399577823109,0.925,605.275777682793,559.8800943565835,45.39568332620944,1.0,0,0,0.3855051714292479,215.83232345228808,0.925,605.2635836374632,559.8688148646535,45.39476877280971,0.0,0,0,0.09418341935927774,0.0,0.925,0.0,0.0,0.0,1.0,,,0.101,169.64373091976518,1679.6409001956947,1679.6409001956947,0.0,52.06886790606654,0.0,,,211.8466000246819,0.0,91.09403801061322,3.0,1102.6552392369908,0.0,-0.0,0.0,88.2675519009211
129,1,130,0.06822,0.0,1102.6552392369908,,,,0,0.0,1,1891.487500220377,1891.487500220377,0.0,302.6380000352603,62.797385007316514,0.0,,,285.49121713575073,1891.487500220377,1815.8280002115616,75.65950000881514,1891.4875002203767,0.0,1.0,0.0,0.0,0.15570421836808582,104.16738769632242,0.96,696.8834669622734,669.0081282837824,27.87533867849096,1.0,0.0,0.0,0.15677951883650648,94.43565099430202,0.96,627.444646569648,602.346860706862,25.09778586278594,1.0,0.0,0.0,0.15958215862764197,86.8881784451263,0.96,567.1593866884556,544.4730112209173,22.686375467538245,,,,647.5202911814748,1815.8280002115616,1679.6409001956947,136.18710001586697,1815.8280002115619,0.0,1.0,0,0,0.38551723087020046,215.84800994687586,0.925,605.2886388913047,559.8919909744569,45.396647916847826,1.0,0,0,0.3855110405922809,215.8399577823109,0.925,605.275777682793,559.8800943565835,45.39568332620944,1.0,0,0,0.3855051714292479,215.83232345228808,0.925,605.2635836374632,559.8688148646535,45.39476877280971,0.0,0,0,0.09418341935927774,0.0,0.925,0.0,0.0,0.0,1.0,,,0.101,169.64373091976518,1679.6409001956947,1679.6409001956947,0.0,52.06886790606654,0.0,,,211.8466000246819,0.0,91.09403801061322,3.0,1102.6552392369908,0.0,-0.0,0.0,75.22314042074751
130,1,131,0.06264,0.0,1102.6552392369908,,,,0,0.0,1,1891.487500220377,1891.487500220377,0.0,302.6380000352603,62.797385007316514,0.0,,,285.49121713575073,1891.487500220377,1815.8280002115616,75.65950000881514,1891.4875002203767,0.0,1.0,0.0,0.0,0.15570421836808582,104.16738769632242,0.96,696.8834669622734,669.0081282837824,27.87533867849096,1.0,0.0,0.0,0.15677951883650648,94.43565099430202,0.96,627.444646569648,602.346860706862,25.09778586278594,1.0,0.0,0.0,0.15958215862764197,86.8881784451263,0.96,567.1593866884556,544.4730112209173,22.686375467538245,,,,647.5202911814749,1815.8280002115616,1679.6409001956947,136.18710001586697,1815.8280002115619,0.0,1.0,0,0,0.38551723087020046,215.84800994687586,0.925,605.2886388913047,559.8919909744569,45.396647916847826,1.0,0,0,0.3855110405922809,215.8399577823109,0.925,605.275777682793,559.8800943565835,45.39568332620944,1.0,0,0,0.38550517142924795,215.8323234522881,0.925,605.2635836374632,559.8688148646535,45.39476877280971,0.0,0,0,0.09418341935927774,0.0,0.925,0.0,0.0,0.0,1.0,,,0.101,169.64373091976518,1679.6409001956947,1679.6409001956947,0.0,52.06886790606654,0.0,,,211.8466000246819,0.0,91.09403801061322,3.0,1102.6552392369908,0.0,-0.0,0.0,69.0703241858051
131,1,132,0.06079,0.0,1102.6552392369908,,,,0,0.0,1,1891.487500220377,1891.487500220377,0.0,302.6380000352603,62.797385007316514,0.0,,,285.49121713575073,1891.487500220377,1815.8280002115616,75.65950000881514,1891.4875002203767,0.0,1.0,0.0,0.0,0.15570421836808582,104.16738769632242,0.96,696.8834669622734,669.0081282837824,27.87533867849096,1.0,0.0,0.0,0.15677951883650648,94.43565099430202,0.96,627.444646569648,602.346860706862,25.09778586278594,1.0,0.0,0.0,0.15958215862764197,86.8881784451263,0.96,567.1593866884556,544.4730112209173,22.686375467538245,,,,647.5202911814749,1815.8280002115616,1679.6409001956947,136.18710001586697,1815.8280002115619,0.0,1.0,0,0,0.38551723087020046,215.84800994687586,0.925,605.2886388913047,559.8919909744569,45.396647916847826,1.0,0,0,0.3855110405922809,215.8399577823109,0.925,605.275777682793,559.8800943565835,45.39568332620944,1.0,0,0,0.38550517142924795,215.8323234522881,0.925,605.2635836374632,559.8688148646535,45.39476877280971,0.0,0,0,0.09418341935927774,0.0,0.925,0.0,0.0,0.0,1.0,,,0.101,169.64373091976518,1679.6409001956947,1679.6409001956947,0.0,52.06886790606654,0.0,,,211.8466000246819,0.0,91.09403801061322,3.0,1102.6552392369908,0.0,-0.0,0.0,67.03041199321667
132,1,133,0.06044,0.0,1102.6552392369908,,,,0,0.0,1,1891.487500220377,1891.487500220377,0.0,302.6380000352603,62.797385007316514,0.0,,,285.49121713575073,1891.487500220377,1815.8280002115616,75.65950000881514,1891.4875002203767,0.0,1.0,0.0,0.0,0.15570421836808582,104.16738769632242,0.96,696.8834669622734,669.0081282837824,27.87533867849096,1.0,0.0,0.0,0.15677951883650648,94.43565099430202,0.96,627.444646569648,602.346860706862,25.09778586278594,1.0,0.0,0.0,0.15958215862764197,86.8881784451263,0.96,567.1593866884556,544.4730112209173,22.686375467538245,,,,647.5202911814748,1815.8280002115616,1679.6409001956947,136.18710001586697,1815.8280002115619,0.0,1.0,0,0,0.38551723087020046,215.84800994687586,0.925,605.2886388913047,559.8919909744569,45.396647916847826,1.0,0,0,0.3855110405922809,215.8399577823109,0.925,605.275777682793,559.8800943565835,45.39568332620944,1.0,0,0,0.3855051714292479,215.83232345228808,0.925,605.2635836374632,559.8688148646535,45.39476877280971,0.0,0,0,0.09418341935927774,0.0,0.925,0.0,0.0,0.0,1.0,,,0.101,169.64373091976518,1679.6409001956947,1679.6409001956947,0.0,52.06886790606654,0.0,,,211.8466000246819,0.0,91.09403801061322,3.0,1102.6552392369908,0.0,-0.0,0.0,66.64448265948373
133,1,134,0.06207,0.0,1102.6552392369908,,,,0,0.0,1,1891.487500220377,1891.487500220377,0.0,302.6380000352603,62.797385007316514,0.0,,,285.49121713575073,1891.487500220377,1815.8280002115616,75.65950000881514,1891.4875002203767,0.0,1.0,0.0,0.0,0.15570421836808582,104.16738769632242,0.96,696.8834669622734,669.0081282837824,27.87533867849096,1.0,0.0,0.0,0.15677951883650648,94.43565099430202,0.96,627.444646569648,602.346860706862,25.09778586278594,1.0,0.0,0.0,0.15958215862764197,86.8881784451263,0.96,567.1593866884556,544.4730112209173,22.686375467538245,,,,647.5202911814748,1815.8280002115616,1679.6409001956947,136.18710001586697,1815.8280002115619,0.0,1.0,0,0,0.38551723087020046,215.84800994687586,0.925,605.2886388913047,559.8919909744569,45.396647916847826,1.0,0,0,0.3855110405922809,215.8399577823109,0.925,605.275777682793,559.8800943565835,45.39568332620944,1.0,0,0,0.3855051714292479,215.83232345228808,0.925,605.2635836374632,559.8688148646535,45.39476877280971,0.0,0,0,0.09418341935927774,0.0,0.925,0.0,0.0,0.0,1.0,,,0.101,169.64373091976518,1679.6409001956947,1679.6409001956947,0.0,52.06886790606654,0.0,,,211.8466000246819,0.0,91.09403801061322,3.0,1102.6552392369908,0.0,-0.0,0.0,68.44181069944003
134,1,135,0.06773,0.0,1102.6552392369908,,,,0,0.0,1,1891.487500220377,1891.487500220377,0.0,302.6380000352603,62.797385007316514,0.0,,,285.49121713575073,1891.487500220377,1815.8280002115616,75.65950000881514,1891.4875002203767,0.0,1.0,0.0,0.0,0.15570421836808582,104.16738769632242,0.96,696.8834669622734,669.0081282837824,27.87533867849096,1.0,0.0,0.0,0.15677951883650648,94.43565099430202,0.96,627.444646569648,602.346860706862,25.09778586278594,1.0,0.0,0.0,0.15958215862764197,86.8881784451263,0.96,567.1593866884556,544.4730112209173,22.686375467538245,,,,647.5202911814748,1815.8280002115616,1679.6409001956947,136.18710001586697,1815.8280002115619,0.0,1.0,0,0,0.38551723087020046,215.84800994687586,0.925,605.2886388913047,559.8919909744569,45.396647916847826,1.0,0,0,0.3855110405922809,215.8399577823109,0.925,605.275777682793,559.8800943565835,45.39568332620944,1.0,0,0,0.3855051714292479,215.83232345228808,0.925,605.2635836374632,559.8688148646535,45.39476877280971,0.0,0,0,0.09418341935927774,0.0,0.925,0.0,0.0,0.0,1.0,,,0.101,169.64373091976518,1679.6409001956947,1679.6409001956947,0.0,52.06886790606654,0.0,,,211.8466000246819,0.0,91.09403801061322,3.0,1102.6552392369908,0.0,-0.0,0.0,74.68283935352139
135,1,136,0.08361,0.0,1102.6552392369908,,,,0,0.0,1,1891.487500220377,1891.487500220377,0.0,302.6380000352603,62.797385007316514,0.0,,,285.49121713575073,1891.487500220377,1815.8280002115616,75.65950000881514,1891.4875002203767,0.0,1.0,0.0,0.0,0.15570421836808582,104.16738769632242,0.96,696.8834669622734,669.0081282837824,27.87533867849096,1.0,0.0,0.0,0.15677951883650648,94.43565099430202,0.96,627.444646569648,602.346860706862,25.09778586278594,1.0,0.0,0.0,0.15958215862764197,86.8881784451263,0.96,567.1593866884556,544.4730112209173,22.686375467538245,,,,647.5202911814749,1815.8280002115616,1679.6409001956947,136.18710001586697,1815.8280002115619,0.0,1.0,0,0,0.38551723087020046,215.84800994687586,0.925,605.2886388913047,559.8919909744569,45.396647916847826,1.0,0,0,0.3855110405922809,215.8399577823109,0.925,605.275777682793,559.8800943565835,45.39568332620944,1.0,0,0,0.38550517142924795,215.8323234522881,0.925,605.2635836374632,559.8688148646535,45.39476877280971,0.0,0,0,0.09418341935927774,0.0,0.925,0.0,0.0,0.0,1.0,,,0.101,169.64373091976518,1679.6409001956947,1679.6409001956947,0.0,52.06886790606654,0.0,,,211.8466000246819,0.0,91.09403801061322,3.0,1102.6552392369908,0.0,-0.0,0.0,92.1930045526048
136,1,137,0.10588,0.0,1102.6552392369908,,,,0,0.0,1,1891.487500220377,1891.487500220377,0.0,302.6380000352603,62.797385007316514,0.0,,,285.49121713575073,1891.487500220377,1815.8280002115616,75.65950000881514,1891.4875002203767,0.0,1.0,0.0,0.0,0.15570421836808582,104.16738769632242,0.96,696.8834669622734,669.0081282837824,27.87533867849096,1.0,0.0,0.0,0.15677951883650648,94.43565099430202,0.96,627.444646569648,602.346860706862,25.09778586278594,1.0,0.0,0.0,0.15958215862764197,86.8881784451263,0.96,567.1593866884556,544.4730112209173,22.686375467538245,,,,647.5202911814749,1815.8280002115616,1679.6409001956947,136.18710001586697,1815.8280002115619,0.0,1.0,0,0,0.38551723087020046,215.84800994687586,0.925,605.2886388913047,559.8919909744569,45.396647916847826,1.0,0,0,0.3855110405922809,215.8399577823109,0.925,605.275777682793,559.8800943565835,45.39568332620944,1.0,0,0,0.38550517142924795,215.8323234522881,0.925,605.2635836374632,559.8688148646535,45.39476877280971,0.0,0,0,0.09418341935927774,0.0,0.925,0.0,0.0,0.0,1.0,,,0.101,169.64373091976518,1679.6409001956947,1679.6409001956947,0.0,52.06886790606654,0.0,,,211.8466000246819,0.0,91.09403801061322,3.0,1102.6552392369908,0.0,-0.0,0.0,116.74913673041259
137,1,138,0.20745,0.0,1102.6552392369908,,,,0,0.0,1,1891.487500220377,1891.487500220377,0.0,302.6380000352603,62.797385007316514,0.0,,,285.49121713575084,1891.487500220377,1815.8280002115616,75.65950000881514,1891.4875002203767,0.0,1.0,0.0,0.0,0.15570421836808582,104.16738769632242,0.96,696.8834669622734,669.0081282837824,27.87533867849096,1.0,0.0,0.0,0.15677951883650648,94.43565099430202,0.96,627.444646569648,602.346860706862,25.09778586278594,1.0,0.0,0.0,0.15958215862764197,86.8881784451263,0.96,567.1593866884556,544.4730112209173,22.686375467538245,,,,647.5202911814748,1815.8280002115616,1679.6409001956947,136.18710001586697,1815.8280002115619,0.0,1.0,0,0,0.38551723087020046,215.84800994687586,0.925,605.2886388913047,559.8919909744569,45.396647916847826,1.0,0,0,0.3855110405922809,215.8399577823109,0.925,605.275777682793,559.8800943565835,45.39568332620944,1.0,0,0,0.3855051714292479,215.83232345228808,0.925,605.2635836374632,559.8688148646535,45.39476877280971,0.0,0,0,0.09418341935927774,0.0,0.925,0.0,0.0,0.0,1.0,,,0.101,169.64373091976518,1679.6409001956947,1679.6409001956947,0.0,52.06886790606654,0.0,,,211.8466000246819,0.0,91.09403801061322,3.0,1102.6552392369908,0.0,-0.0,0.0,228.74582937971374
138,1,139,0.16833,0.0,1102.6552392369908,,,,0,0.0,1,1891.487500220377,1891.487500220377,0.0,302.6380000352603,62.797385007316514,0.0,,,285.49121713575073,1891.487500220377,1815.8280002115616,75.65950000881514,1891.4875002203767,0.0,1.0,0.0,0.0,0.15570421836808582,104.16738769632242,0.96,696.8834669622734,669.0081282837824,27.87533867849096,1.0,0.0,0.0,0.15677951883650648,94.43565099430202,0.96,627.444646569648,602.346860706862,25.09778586278594,1.0,0.0,0.0,0.15958215862764197,86.8881784451263,0.96,567.1593866884556,544.4730112209173,22.686375467538245,,,,647.5202911814749,1815.8280002115616,1679.6409001956947,136.18710001586697,1815.8280002115619,0.0,1.0,0,0,0.38551723087020046,215.84800994687586,0.925,605.2886388913047,559.8919909744569,45.396647916847826,1.0,0,0,0.3855110405922809,215.8399577823109,0.925,605.275777682793,559.8800943565835,45.39568332620944,1.0,0,0,0.38550517142924795,215.8323234522881,0.925,605.2635836374632,559.8688148646535,45.39476877280971,0.0,0,0,0.09418341935927774,0.0,0.925,0.0,0.0,0.0,1.0,,,0.101,169.64373091976518,1679.6409001956947,1679.6409001956947,0.0,52.06886790606654,0.0,,,211.8466000246819,0.0,91.09403801061322,3.0,1102.6552392369908,0.0,-0.0,0.0,185.60995642076267
139,1,140,0.12833,0.0,1102.6552392369908,,,,0,0.0,1,1891.487500220377,1891.487500220377,0.0,302.6380000352603,62.797385007316514,0.0,,,285.49121713575084,1891.487500220377,1815.8280002115616,75.65950000881514,1891.4875002203767,0.0,1.0,0.0,0.0,0.15570421836808582,104.16738769632242,0.96,696.8834669622734,669.0081282837824,27.87533867849096,1.0,0.0,0.0,0.15677951883650648,94.43565099430202,0.96,627.444646569648,602.346860706862,25.09778586278594,1.0,0.0,0.0,0.15958215862764197,86.8881784451263,0.96,567.1593866884556,544.4730112209173,22.686375467538245,,,,647.5202911814748,1815.8280002115616,1679.6409001956947,136.18710001586697,1815.8280002115619,0.0,1.0,0,0,0.38551723087020046,215.84800994687586,0.925,605.2886388913047,559.8919909744569,45.396647916847826,1.0,0,0,0.3855110405922809,215.8399577823109,0.925,605.275777682793,559.8800943565835,45.39568332620944,1.0,0,0,0.3855051714292479,215.83232345228808,0.925,605.2635836374632,559.8688148646535,45.39476877280971,0.0,0,0,0.09418341935927774,0.0,0.925,0.0,0.0,0.0,1.0,,,0.101,169.64373091976518,1679.6409001956947,1679.6409001956947,0.0,52.06886790606654,0.0,,,211.8466000246819,0.0,91.09403801061322,3.0,1102.6552392369908,0.0,-0.0,0.0,141.50374685128304
140,1,141,0.12103,0.0,1102.6552392369908,,,,0,0.0,1,1891.487500220377,1891.487500220377,0.0,302.6380000352603,62.797385007316514,0.0,,,285.49121713575073,1891.487500220377,1815.8280002115616,75.65950000881514,1891.4875002203767,0.0,1.0,0.0,0.0,0.15570421836808582,104.16738769632242,0.96,696.8834669622734,669.0081282837824,27.87533867849096,1.0,0.0,0.0,0.15677951883650648,94.43565099430202,0.96,627.444646569648,602.346860706862,25.09778586278594,1.0,0.0,0.0,0.15958215862764197,86.8881784451263,0.96,567.1593866884556,544.4730112209173,22.686375467538245,,,,647.5202911814749,1815.8280002115616,1679.6409001956947,136.18710001586697,1815.8280002115619,0.0,1.0,0,0,0.38551723087020046,215.84800994687586,0.925,605.2886388913047,559.8919909744569,45.396647916847826,1.0,0,0,0.3855110405922809,215.8399577823109,0.925,605.275777682793,559.8800943565835,45.39568332620944,1.0,0,0,0.38550517142924795,215.8323234522881,0.925,605.2635836374632,559.8688148646535,45.39476877280971,0.0,0,0,0.09418341935927774,0.0,0.925,0.0,0.0,0.0,1.0,,,0.101,169.64373091976518,1679.6409001956947,1679.6409001956947,0.0,52.06886790606654,0.0,,,211.8466000246819,0.0,91.09403801061322,3.0,1102.6552392369908,0.0,-0.0,0.0,133.454363604853
141,1,142,0.1205,0.0,1102.6552392369908,,,,0,0.0,1,1891.487500220377,1891.487500220377,0.0,302.6380000352603,62.797385007316514,0.0,,,285.49121713575073,1891.487500220377,1815.8280002115616,75.65950000881514,1891.4875002203767,0.0,1.0,0.0,0.0,0.15570421836808582,104.16738769632242,0.96,696.8834669622734,669.0081282837824,27.87533867849096,1.0,0.0,0.0,0.15677951883650648,94.43565099430202,0.96,627.444646569648,602.346860706862,25.09778586278594,1.0,0.0,0.0,0.15958215862764197,86.8881784451263,0.96,567.1593866884556,544.4730112209173,22.686375467538245,,,,647.5202911814749,1815.8280002115616,1679.6409001956947,136.18710001586697,1815.8280002115619,0.0,1.0,0,0,0.38551723087020046,215.84800994687586,0.925,605.2886388913047,559.8919909744569,45.396647916847826,1.0,0,0,0.3855110405922809,215.8399577823109,0.925,605.275777682793,559.8800943565835,45.39568332620944,1.0,0,0,0.38550517142924795,215.8323234522881,0.925,605.2635836374632,559.8688148646535,45.39476877280971,0.0,0,0,0.09418341935927774,0.0,0.925,0.0,0.0,0.0,1.0,,,0.101,169.64373091976518,1679.6409001956947,1679.6409001956947,0.0,52.06886790606654,0.0,,,211.8466000246819,0.0,91.09403801061322,3.0,1102.6552392369908,0.0,-0.0,0.0,132.86995632805738
142,1,143,0.11891,0.0,1102.6552392369908,,,,0,0.0,1,1891.487500220377,1891.487500220377,0.0,302.6380000352603,62.797385007316514,0.0,,,285.49121713575073,1891.487500220377,1815.8280002115616,75.65950000881514,1891.4875002203767,0.0,1.0,0.0,0.0,0.15570421836808582,104.16738769632242,0.96,696.8834669622734,669.0081282837824,27.87533867849096,1.0,0.0,0.0,0.15677951883650648,94.43565099430202,0.96,627.444646569648,602.346860706862,25.09778586278594,1.0,0.0,0.0,0.15958215862764197,86.8881784451263,0.96,567.1593866884556,544.4730112209173,22.686375467538245,,,,647.5202911814749,1815.8280002115616,1679.6409001956947,136.18710001586697,1815.8280002115619,0.0,1.0,0,0,0.38551723087020046,215.84800994687586,0.925,605.2886388913047,559.8919909744569,45.396647916847826,1.0,0,0,0.3855110405922809,215.8399577823109,0.925,605.275777682793,559.8800943565835,45.39568332620944,1.0,0,0,0.38550517142924795,215.8323234522881,0.925,605.2635836374632,559.8688148646535,45.39476877280971,0.0,0,0,0.09418341935927774,0.0,0.925,0.0,0.0,0.0,1.0,,,0.101,169.64373091976518,1679.6409001956947,1679.6409001956947,0.0,52.06886790606654,0.0,,,211.8466000246819,0.0,91.09403801061322,3.0,1102.6552392369908,0.0,-0.0,0.0,131.1167344976706
143,1,144,0.11637,0.0,1102.6552392369908,,,,0,0.0,1,1891.487500220377,1891.487500220377,0.0,302.6380000352603,62.797385007316514,0.0,,,285.49121713575073,1891.487500220377,1815.8280002115616,75.65950000881514,1891.4875002203767,0.0,1.0,0.0,0.0,0.15570421836808582,104.16738769632242,0.96,696.8834669622734,669.0081282837824,27.87533867849096,1.0,0.0,0.0,0.15677951883650648,94.43565099430202,0.96,627.444646569648,602.346860706862,25.09778586278594,1.0,0.0,0.0,0.15958215862764197,86.8881784451263,0.96,567.1593866884556,544.4730112209173,22.686375467538245,,,,647.5202911814748,1815.8280002115616,1679.6409001956947,136.18710001586697,1815.8280002115619,0.0,1.0,0,0,0.38551723087020046,215.84800994687586,0.925,605.2886388913047,559.8919909744569,45.396647916847826,1.0,0,0,0.3855110405922809,215.8399577823109,0.925,605.275777682793,559.8800943565835,45.39568332620944,1.0,0,0,0.3855051714292479,215.83232345228808,0.925,605.2635836374632,559.8688148646535,45.39476877280971,0.0,0,0,0.09418341935927774,0.0,0.925,0.0,0.0,0.0,1.0,,,0.101,169.64373091976518,1679.6409001956947,1679.6409001956947,0.0,52.06886790606654,0.0,,,211.8466000246819,0.0,91.09403801061322,3.0,1102.6552392369908,0.0,-0.0,0.0,128.31599019000862
144,1,145,0.11378,0.0,1102.6552392369908,,,,0,0.0,1,1891.487500220377,1891.487500220377,0.0,302.6380000352603,62.797385007316514,0.0,,,285.49121713575073,1891.487500220377,1815.8280002115616,75.65950000881514,1891.4875002203767,0.0,1.0,0.0,0.0,0.15570421836808582,104.16738769632242,0.96,696.8834669622734,669.0081282837824,27.87533867849096,1.0,0.0,0.0,0.15677951883650648,94.43565099430202,0.96,627.444646569648,602.346860706862,25.09778586278594,1.0,0.0,0.0,0.15958215862764197,86.8881784451263,0.96,567.1593866884556,544.4730112209173,22.686375467538245,,,,647.5202911814749,1815.8280002115616,1679.6409001956947,136.18710001586697,1815.8280002115619,0.0,1.0,0,0,0.38551723087020046,215.84800994687586,0.925,605.2886388913047,559.8919909744569,45.396647916847826,1.0,0,0,0.3855110405922809,215.8399577823109,0.925,605.275777682793,559.8800943565835,45.39568332620944,1.0,0,0,0.38550517142924795,215.8323234522881,0.925,605.2635836374632,559.8688148646535,45.39476877280971,0.0,0,0,0.09418341935927774,0.0,0.925,0.0,0.0,0.0,1.0,,,0.101,169.64373091976518,1679.6409001956947,1679.6409001956947,0.0,52.06886790606654,0.0,,,211.8466000246819,0.0,91.09403801061322,3.0,1102.6552392369908,0.0,-0.0,0.0,125.46011312038482
145,1,146,0.11359,0.0,1102.6552392369908,,,,0,0.0,1,1891.487500220377,1891.487500220377,0.0,302.6380000352603,62.797385007316514,0.0,,,285.49121713575073,1891.487500220377,1815.8280002115616,75.65950000881514,1891.4875002203767,0.0,1.0,0.0,0.0,0.15570421836808582,104.16738769632242,0.96,696.8834669622734,669.0081282837824,27.87533867849096,1.0,0.0,0.0,0.15677951883650648,94.43565099430202,0.96,627.444646569648,602.346860706862,25.09778586278594,1.0,0.0,0.0,0.15958215862764197,86.8881784451263,0.96,567.1593866884556,544.4730112209173,22.686375467538245,,,,647.5202911814749,1815.8280002115616,1679.6409001956947,136.18710001586697,1815.8280002115619,0.0,1.0,0,0,0.38551723087020046,215.84800994687586,0.925,605.2886388913047,559.8919909744569,45.396647916847826,1.0,0,0,0.3855110405922809,215.8399577823109,0.925,605.275777682793,559.8800943565835,45.39568332620944,1.0,0,0,0.38550517142924795,215.8323234522881,0.925,605.2635836374632,559.8688148646535,45.39476877280971,0.0,0,0,0.09418341935927774,0.0,0.925,0.0,0.0,0.0,1.0,,,0.101,169.64373091976518,1679.6409001956947,1679.6409001956947,0.0,52.06886790606654,0.0,,,211.8466000246819,0.0,91.09403801061322,3.0,1102.6552392369908,0.0,-0.0,0.0,125.25060862492978
146,1,147,0.11351,0.0,1102.6552392369908,,,,0,0.0,1,1891.487500220377,1891.487500220377,0.0,302.6380000352603,62.797385007316514,0.0,,,285.49121713575073,1891.487500220377,1815.8280002115616,75.65950000881514,1891.4875002203767,0.0,1.0,0.0,0.0,0.15570421836808582,104.16738769632242,0.96,696.8834669622734,669.0081282837824,27.87533867849096,1.0,0.0,0.0,0.15677951883650648,94.43565099430202,0.96,627.444646569648,602.346860706862,25.09778586278594,1.0,0.0,0.0,0.15958215862764197,86.8881784451263,0.96,567.1593866884556,544.4730112209173,22.686375467538245,,,,647.5202911814749,1815.8280002115616,1679.6409001956947,136.18710001586697,1815.8280002115619,0.0,1.0,0,0,0.38551723087020046,215.84800994687586,0.925,605.2886388913047,559.8919909744569,45.396647916847826,1.0,0,0,0.3855110405922809,215.8399577823109,0.925,605.275777682793,559.8800943565835,45.39568332620944,1.0,0,0,0.38550517142924795,215.8323234522881,0.925,605.2635836374632,559.8688148646535,45.39476877280971,0.0,0,0,0.09418341935927774,0.0,0.925,0.0,0.0,0.0,1.0,,,0.101,169.64373091976518,1679.6409001956947,1679.6409001956947,0.0,52.06886790606654,0.0,,,211.8466000246819,0.0,91.09403801061322,3.0,1102.6552392369908,0.0,-0.0,0.0,125.16239620579083
147,1,148,0.11345,0.0,1102.6552392369908,,,,0,0.0,1,1891.487500220377,1891.487500220377,0.0,302.6380000352603,62.797385007316514,0.0,,,285.49121713575073,1891.487500220377,1815.8280002115616,75.65950000881514,1891.4875002203767,0.0,1.0,0.0,0.0,0.15570421836808582,104.16738769632242,0.96,696.8834669622734,669.0081282837824,27.87533867849096,1.0,0.0,0.0,0.15677951883650648,94.43565099430202,0.96,627.444646569648,602.346860706862,25.09778586278594,1.0,0.0,0.0,0.15958215862764197,86.8881784451263,0.96,567.1593866884556,544.4730112209173,22.686375467538245,,,,647.5202911814749,1815.8280002115616,1679.6409001956947,136.18710001586697,1815.8280002115619,0.0,1.0,0,0,0.38551723087020046,215.84800994687586,0.925,605.2886388913047,559.8919909744569,45.396647916847826,1.0,0,0,0.3855110405922809,215.8399577823109,0.925,605.275777682793,559.8800943565835,45.39568332620944,1.0,0,0,0.38550517142924795,215.8323234522881,0.925,605.2635836374632,559.8688148646535,45.39476877280971,0.0,0,0,0.09418341935927774,0.0,0.925,0.0,0.0,0.0,1.0,,,0.101,169.64373091976518,1679.6409001956947,1679.6409001956947,0.0,52.06886790606654,0.0,,,211.8466000246819,0.0,91.09403801061322,3.0,1102.6552392369908,0.0,-0.0,0.0,125.0962368914366
148,1,149,0.11392,0.0,1102.6552392369908,,,,0,0.0,1,1891.487500220377,1891.487500220377,0.0,302.6380000352603,62.797385007316514,0.0,,,285.49121713575073,1891.487500220377,1815.8280002115616,75.65950000881514,1891.4875002203767,0.0,1.0,0.0,0.0,0.15570421836808582,104.16738769632242,0.96,696.8834669622734,669.0081282837824,27.87533867849096,1.0,0.0,0.0,0.15677951883650648,94.43565099430202,0.96,627.444646569648,602.346860706862,25.09778586278594,1.0,0.0,0.0,0.15958215862764197,86.8881784451263,0.96,567.1593866884556,544.4730112209173,22.686375467538245,,,,647.5202911814749,1815.8280002115616,1679.6409001956947,136.18710001586697,1815.8280002115619,0.0,1.0,0,0,0.38551723087020046,215.84800994687586,0.925,605.2886388913047,559.8919909744569,45.396647916847826,1.0,0,0,0.3855110405922809,215.8399577823109,0.925,605.275777682793,559.8800943565835,45.39568332620944,1.0,0,0,0.38550517142924795,215.8323234522881,0.925,605.2635836374632,559.8688148646535,45.39476877280971,0.0,0,0,0.09418341935927774,0.0,0.925,0.0,0.0,0.0,1.0,,,0.101,169.64373091976518,1679.6409001956947,1679.6409001956947,0.0,52.06886790606654,0.0,,,211.8466000246819,0.0,91.09403801061322,3.0,1102.6552392369908,0.0,-0.0,0.0,125.61448485387798
149,1,150,0.1147,0.0,1102.6552392369908,,,,0,0.0,1,1891.487500220377,1891.487500220377,0.0,302.6380000352603,62.797385007316514,0.0,,,285.49121713575073,1891.487500220377,1815.8280002115616,75.65950000881514,1891.4875002203767,0.0,1.0,0.0,0.0,0.15570421836808582,104.16738769632242,0.96,696.8834669622734,669.0081282837824,27.87533867849096,1.0,0.0,0.0,0.15677951883650648,94.43565099430202,0.96,627.444646569648,602.346860706862,25.09778586278594,1.0,0.0,0.0,0.15958215862764197,86.8881784451263,0.96,567.1593866884556,544.4730112209173,22.686375467538245,,,,647.5202911814749,1815.8280002115616,1679.6409001956947,136.18710001586697,1815.8280002115619,0.0,1.0,0,0,0.38551723087020046,215.84800994687586,0.925,605.2886388913047,559.8919909744569,45.396647916847826,1.0,0,0,0.3855110405922809,215.8399577823109,0.925,605.275777682793,559.8800943565835,45.39568332620944,1.0,0,0,0.38550517142924795,215.8323234522881,0.925,605.2635836374632,559.8688148646535,45.39476877280971,0.0,0,0,0.09418341935927774,0.0,0.925,0.0,0.0,0.0,1.0,,,0.101,169.64373091976518,1679.6409001956947,1679.6409001956947,0.0,52.06886790606654,0.0,,,211.8466000246819,0.0,91.09403801061322,3.0,1102.6552392369908,0.0,-0.0,0.0,126.47455594048284
150,1,151,0.11153,0.0,1102.6552392369908,,,,0,0.0,1,1891.487500220377,1891.487500220377,0.0,302.6380000352603,62.797385007316514,0.0,,,285.49121713575073,1891.487500220377,1815.8280002115616,75.65950000881514,1891.4875002203767,0.0,1.0,0.0,0.0,0.15570421836808582,104.16738769632242,0.96,696.8834669622734,669.0081282837824,27.87533867849096,1.0,0.0,0.0,0.15677951883650648,94.43565099430202,0.96,627.444646569648,602.346860706862,25.09778586278594,1.0,0.0,0.0,0.15958215862764197,86.8881784451263,0.96,567.1593866884556,544.4730112209173,22.686375467538245,,,,647.5202911814749,1815.8280002115616,1679.6409001956947,136.18710001586697,1815.8280002115619,0.0,1.0,0,0,0.38551723087020046,215.84800994687586,0.925,605.2886388913047,559.8919909744569,45.396647916847826,1.0,0,0,0.3855110405922809,215.8399577823109,0.925,605.275777682793,559.8800943565835,45.39568332620944,1.0,0,0,0.38550517142924795,215.8323234522881,0.925,605.2635836374632,559.8688148646535,45.39476877280971,0.0,0,0,0.09418341935927774,0.0,0.925,0.0,0.0,0.0,1.0,,,0.101,169.64373091976518,1679.6409001956947,1679.6409001956947,0.0,52.06886790606654,0.0,,,211.8466000246819,0.0,91.09403801061322,3.0,1102.6552392369908,0.0,-0.0,0.0,122.9791388321016
151,1,152,0.09835,0.0,1102.6552392369908,,,,0,0.0,1,1891.487500220377,1891.487500220377,0.0,302.6380000352603,62.797385007316514,0.0,,,285.49121713575073,1891.487500220377,1815.8280002115616,75.65950000881514,1891.4875002203767,0.0,1.0,0.0,0.0,0.15570421836808582,104.16738769632242,0.96,696.8834669622734,669.0081282837824,27.87533867849096,1.0,0.0,0.0,0.15677951883650648,94.43565099430202,0.96,627.444646569648,602.346860706862,25.09778586278594,1.0,0.0,0.0,0.15958215862764197,86.8881784451263,0.96,567.1593866884556,544.4730112209173,22.686375467538245,,,,647.5202911814749,1815.8280002115616,1679.6409001956947,136.18710001586697,1815.8280002115619,0.0,1.0,0,0,0.38551723087020046,215.84800994687586,0.925,605.2886388913047,559.8919909744569,45.396647916847826,1.0,0,0,0.3855110405922809,215.8399577823109,0.925,605.275777682793,559.8800943565835,45.39568332620944,1.0,0,0,0.38550517142924795,215.8323234522881,0.925,605.2635836374632,559.8688148646535,45.39476877280971,0.0,0,0,0.09418341935927774,0.0,0.925,0.0,0.0,0.0,1.0,,,0.101,169.64373091976518,1679.6409001956947,1679.6409001956947,0.0,52.06886790606654,0.0,,,211.8466000246819,0.0,91.09403801061322,3.0,1102.6552392369908,0.0,-0.0,0.0,108.44614277895806
152,1,153,0.08005,0.0,1102.6552392369908,,,,0,0.0,1,1891.487500220377,1891.487500220377,0.0,302.6380000352603,62.797385007316514,0.0,,,285.49121713575073,1891.487500220377,1815.8280002115616,75.65950000881514,1891.4875002203767,0.0,1.0,0.0,0.0,0.15570421836808582,104.16738769632242,0.96,696.8834669622734,669.0081282837824,27.87533867849096,1.0,0.0,0.0,0.15677951883650648,94.43565099430202,0.96,627.444646569648,602.346860706862,25.09778586278594,1.0,0.0,0.0,0.15958215862764197,86.8881784451263,0.96,567.1593866884556,544.4730112209173,22.686375467538245,,,,647.5202911814749,1815.8280002115616,1679.6409001956947,136.18710001586697,1815.8280002115619,0.0,1.0,0,0,0.38551723087020046,215.84800994687586,0.925,605.2886388913047,559.8919909744569,45.396647916847826,1.0,0,0,0.3855110405922809,215.8399577823109,0.925,605.275777682793,559.8800943565835,45.39568332620944,1.0,0,0,0.38550517142924795,215.8323234522881,0.925,605.2635836374632,559.8688148646535,45.39476877280971,0.0,0,0,0.09418341935927774,0.0,0.925,0.0,0.0,0.0,1.0,,,0.101,169.64373091976518,1679.6409001956947,1679.6409001956947,0.0,52.06886790606654,0.0,,,211.8466000246819,0.0,91.09403801061322,3.0,1102.6552392369908,0.0,-0.0,0.0,88.2675519009211
153,1,154,0.06822,0.0,1102.6552392369908,,,,0,0.0,1,1891.487500220377,1891.487500220377,0.0,302.6380000352603,62.797385007316514,0.0,,,285.49121713575073,1891.487500220377,1815.8280002115616,75.65950000881514,1891.4875002203767,0.0,1.0,0.0,0.0,0.15570421836808582,104.16738769632242,0.96,696.8834669622734,669.0081282837824,27.87533867849096,1.0,0.0,0.0,0.15677951883650648,94.43565099430202,0.96,627.444646569648,602.346860706862,25.09778586278594,1.0,0.0,0.0,0.15958215862764197,86.8881784451263,0.96,567.1593866884556,544.4730112209173,22.686375467538245,,,,647.5202911814749,1815.8280002115616,1679.6409001956947,136.18710001586697,1815.8280002115619,0.0,1.0,0,0,0.38551723087020046,215.84800994687586,0.925,605.2886388913047,559.8919909744569,45.396647916847826,1.0,0,0,0.3855110405922809,215.8399577823109,0.925,605.275777682793,559.8800943565835,45.39568332620944,1.0,0,0,0.38550517142924795,215.8323234522881,0.925,605.2635836374632,559.8688148646535,45.39476877280971,0.0,0,0,0.09418341935927774,0.0,0.925,0.0,0.0,0.0,1.0,,,0.101,169.64373091976518,1679.6409001956947,1679.6409001956947,0.0,52.06886790606654,0.0,,,211.8466000246819,0.0,91.09403801061322,3.0,1102.6552392369908,0.0,-0.0,0.0,75.22314042074751
154,1,155,0.06264,0.0,1102.6552392369908,,,,0,0.0,1,1891.487500220377,1891.487500220377,0.0,302.6380000352603,62.797385007316514,0.0,,,285.49121713575073,1891.487500220377,1815.8280002115616,75.65950000881514,1891.4875002203767,0.0,1.0,0.0,0.0,0.15570421836808582,104.16738769632242,0.96,696.8834669622734,669.0081282837824,27.87533867849096,1.0,0.0,0.0,0.15677951883650648,94.43565099430202,0.96,627.444646569648,602.346860706862,25.09778586278594,1.0,0.0,0.0,0.15958215862764197,86.8881784451263,0.96,567.1593866884556,544.4730112209173,22.686375467538245,,,,647.5202911814748,1815.8280002115616,1679.6409001956947,136.18710001586697,1815.8280002115619,0.0,1.0,0,0,0.38551723087020046,215.84800994687586,0.925,605.2886388913047,559.8919909744569,45.396647916847826,1.0,0,0,0.3855110405922809,215.8399577823109,0.925,605.275777682793,559.8800943565835,45.39568332620944,1.0,0,0,0.3855051714292479,215.83232345228808,0.925,605.2635836374632,559.8688148646535,45.39476877280971,0.0,0,0,0.09418341935927774,0.0,0.925,0.0,0.0,0.0,1.0,,,0.101,169.64373091976518,1679.6409001956947,1679.6409001956947,0.0,52.06886790606654,0.0,,,211.8466000246819,0.0,91.09403801061322,3.0,1102.6552392369908,0.0,-0.0,0.0,69.0703241858051
155,1,156,0.06079,0.0,1102.6552392369908,,,,0,0.0,1,1891.487500220377,1891.487500220377,0.0,302.6380000352603,62.797385007316514,0.0,,,285.49121713575073,1891.487500220377,1815.8280002115616,75.65950000881514,1891.4875002203767,0.0,1.0,0.0,0.0,0.15570421836808582,104.16738769632242,0.96,696.8834669622734,669.0081282837824,27.87533867849096,1.0,0.0,0.0,0.15677951883650648,94.43565099430202,0.96,627.444646569648,602.346860706862,25.09778586278594,1.0,0.0,0.0,0.15958215862764197,86.8881784451263,0.96,567.1593866884556,544.4730112209173,22.686375467538245,,,,647.5202911814749,1815.8280002115616,1679.6409001956947,136.18710001586697,1815.8280002115619,0.0,1.0,0,0,0.38551723087020046,215.84800994687586,0.925,605.2886388913047,559.8919909744569,45.396647916847826,1.0,0,0,0.3855110405922809,215.8399577823109,0.925,605.275777682793,559.8800943565835,45.39568332620944,1.0,0,0,0.38550517142924795,215.8323234522881,0.925,605.2635836374632,559.8688148646535,45.39476877280971,0.0,0,0,0.09418341935927774,0.0,0.925,0.0,0.0,0.0,1.0,,,0.101,169.64373091976518,1679.6409001956947,1679.6409001956947,0.0,52.06886790606654,0.0,,,211.8466000246819,0.0,91.09403801061322,3.0,1102.6552392369908,0.0,-0.0,0.0,67.03041199321667
156,1,157,0.06044,0.0,1102.6552392369908,,,,0,0.0,1,1891.487500220377,1891.487500220377,0.0,302.6380000352603,62.797385007316514,0.0,,,285.49121713575073,1891.487500220377,1815.8280002115616,75.65950000881514,1891.4875002203767,0.0,1.0,0.0,0.0,0.15570421836808582,104.16738769632242,0.96,696.8834669622734,669.0081282837824,27.87533867849096,1.0,0.0,0.0,0.15677951883650648,94.43565099430202,0.96,627.444646569648,602.346860706862,25.09778586278594,1.0,0.0,0.0,0.15958215862764197,86.8881784451263,0.96,567.1593866884556,544.4730112209173,22.686375467538245,,,,647.5202911814749,1815.8280002115616,1679.6409001956947,136.18710001586697,1815.8280002115619,0.0,1.0,0,0,0.38551723087020046,215.84800994687586,0.925,605.2886388913047,559.8919909744569,45.396647916847826,1.0,0,0,0.3855110405922809,215.8399577823109,0.925,605.275777682793,559.8800943565835,45.39568332620944,1.0,0,0,0.38550517142924795,215.8323234522881,0.925,605.2635836374632,559.8688148646535,45.39476877280971,0.0,0,0,0.09418341935927774,0.0,0.925,0.0,0.0,0.0,1.0,,,0.101,169.64373091976518,1679.6409001956947,1679.6409001956947,0.0,52.06886790606654,0.0,,,211.8466000246819,0.0,91.09403801061322,3.0,1102.6552392369908,0.0,-0.0,0.0,66.64448265948373
157,1,158,0.06207,0.0,1102.6552392369908,,,,0,0.0,1,1891.487500220377,1891.487500220377,0.0,302.6380000352603,62.797385007316514,0.0,,,285.49121713575073,1891.487500220377,1815.8280002115616,75.65950000881514,1891.4875002203767,0.0,1.0,0.0,0.0,0.15570421836808582,104.16738769632242,0.96,696.8834669622734,669.0081282837824,27.87533867849096,1.0,0.0,0.0,0.15677951883650648,94.43565099430202,0.96,627.444646569648,602.346860706862,25.09778586278594,1.0,0.0,0.0,0.15958215862764197,86.8881784451263,0.96,567.1593866884556,544.4730112209173,22.686375467538245,,,,647.5202911814749,1815.8280002115616,1679.6409001956947,136.18710001586697,1815.8280002115619,0.0,1.0,0,0,0.38551723087020046,215.84800994687586,0.925,605.2886388913047,559.8919909744569,45.396647916847826,1.0,0,0,0.3855110405922809,215.8399577823109,0.925,605.275777682793,559.8800943565835,45.39568332620944,1.0,0,0,0.38550517142924795,215.8323234522881,0.925,605.2635836374632,559.8688148646535,45.39476877280971,0.0,0,0,0.09418341935927774,0.0,0.925,0.0,0.0,0.0,1.0,,,0.101,169.64373091976518,1679.6409001956947,1679.6409001956947,0.0,52.06886790606654,0.0,,,211.8466000246819,0.0,91.09403801061322,3.0,1102.6552392369908,0.0,-0.0,0.0,68.44181069944003
158,1,159,0.06773,0.0,1102.6552392369908,,,,0,0.0,1,1891.487500220377,1891.487500220377,0.0,302.6380000352603,62.797385007316514,0.0,,,285.49121713575073,1891.487500220377,1815.8280002115616,75.65950000881514,1891.4875002203767,0.0,1.0,0.0,0.0,0.15570421836808582,104.16738769632242,0.96,696.8834669622734,669.0081282837824,27.87533867849096,1.0,0.0,0.0,0.15677951883650648,94.43565099430202,0.96,627.444646569648,602.346860706862,25.09778586278594,1.0,0.0,0.0,0.15958215862764197,86.8881784451263,0.96,567.1593866884556,544.4730112209173,22.686375467538245,,,,647.5202911814749,1815.8280002115616,1679.6409001956947,136.18710001586697,1815.8280002115619,0.0,1.0,0,0,0.38551723087020046,215.84800994687586,0.925,605.2886388913047,559.8919909744569,45.396647916847826,1.0,0,0,0.3855110405922809,215.8399577823109,0.925,605.275777682793,559.8800943565835,45.39568332620944,1.0,0,0,0.38550517142924795,215.8323234522881,0.925,605.2635836374632,559.8688148646535,45.39476877280971,0.0,0,0,0.09418341935927774,0.0,0.925,0.0,0.0,0.0,1.0,,,0.101,169.64373091976518,1679.6409001956947,1679.6409001956947,0.0,52.06886790606654,0.0,,,211.8466000246819,0.0,91.09403801061322,3.0,1102.6552392369908,0.0,-0.0,0.0,74.68283935352139
159,1,160,0.08361,0.0,1102.6552392369908,,,,0,0.0,1,1891.487500220377,1891.487500220377,0.0,302.6380000352603,62.797385007316514,0.0,,,285.49121713575073,1891.487500220377,1815.8280002115616,75.65950000881514,1891.4875002203767,0.0,1.0,0.0,0.0,0.15570421836808582,104.16738769632242,0.96,696.8834669622734,669.0081282837824,27.87533867849096,1.0,0.0,0.0,0.15677951883650648,94.43565099430202,0.96,627.444646569648,602.346860706862,25.09778586278594,1.0,0.0,0.0,0.15958215862764197,86.8881784451263,0.96,567.1593866884556,544.4730112209173,22.686375467538245,,,,647.5202911814749,1815.8280002115616,1679.6409001956947,136.18710001586697,1815.8280002115619,0.0,1.0,0,0,0.38551723087020046,215.84800994687586,0.925,605.2886388913047,559.8919909744569,45.396647916847826,1.0,0,0,0.3855110405922809,215.8399577823109,0.925,605.275777682793,559.8800943565835,45.39568332620944,1.0,0,0,0.38550517142924795,215.8323234522881,0.925,605.2635836374632,559.8688148646535,45.39476877280971,0.0,0,0,0.09418341935927774,0.0,0.925,0.0,0.0,0.0,1.0,,,0.101,169.64373091976518,1679.6409001956947,1679.6409001956947,0.0,52.06886790606654,0.0,,,211.8466000246819,0.0,91.09403801061322,3.0,1102.6552392369908,0.0,-0.0,0.0,92.1930045526048
160,1,161,0.10588,0.0,1102.6552392369908,,,,0,0.0,1,1891.487500220377,1891.487500220377,0.0,302.6380000352603,62.797385007316514,0.0,,,285.49121713575073,1891.487500220377,1815.8280002115616,75.65950000881514,1891.4875002203767,0.0,1.0,0.0,0.0,0.15570421836808582,104.16738769632242,0.96,696.8834669622734,669.0081282837824,27.87533867849096,1.0,0.0,0.0,0.15677951883650648,94.43565099430202,0.96,627.444646569648,602.346860706862,25.09778586278594,1.0,0.0,0.0,0.15958215862764197,86.8881784451263,0.96,567.1593866884556,544.4730112209173,22.686375467538245,,,,647.5202911814748,1815.8280002115616,1679.6409001956947,136.18710001586697,1815.8280002115619,0.0,1.0,0,0,0.38551723087020046,215.84800994687586,0.925,605.2886388913047,559.8919909744569,45.396647916847826,1.0,0,0,0.3855110405922809,215.8399577823109,0.925,605.275777682793,559.8800943565835,45.39568332620944,1.0,0,0,0.3855051714292479,215.83232345228808,0.925,605.2635836374632,559.8688148646535,45.39476877280971,0.0,0,0,0.09418341935927774,0.0,0.925,0.0,0.0,0.0,1.0,,,0.101,169.64373091976518,1679.6409001956947,1679.6409001956947,0.0,52.06886790606654,0.0,,,211.8466000246819,0.0,91.09403801061322,3.0,1102.6552392369908,0.0,-0.0,0.0,116.74913673041259
161,1,162,0.20745,0.0,1102.6552392369908,,,,0,0.0,1,1891.487500220377,1891.487500220377,0.0,302.6380000352603,62.797385007316514,0.0,,,285.49121713575073,1891.487500220377,1815.8280002115616,75.65950000881514,1891.4875002203767,0.0,1.0,0.0,0.0,0.15570421836808582,104.16738769632242,0.96,696.8834669622734,669.0081282837824,27.87533867849096,1.0,0.0,0.0,0.15677951883650648,94.43565099430202,0.96,627.444646569648,602.346860706862,25.09778586278594,1.0,0.0,0.0,0.15958215862764197,86.8881784451263,0.96,567.1593866884556,544.4730112209173,22.686375467538245,,,,647.5202911814749,1815.8280002115616,1679.6409001956947,136.18710001586697,1815.8280002115619,0.0,1.0,0,0,0.38551723087020046,215.84800994687586,0.925,605.2886388913047,559.8919909744569,45.396647916847826,1.0,0,0,0.3855110405922809,215.8399577823109,0.925,605.275777682793,559.8800943565835,45.39568332620944,1.0,0,0,0.38550517142924795,215.8323234522881,0.925,605.2635836374632,559.8688148646535,45.39476877280971,0.0,0,0,0.09418341935927774,0.0,0.925,0.0,0.0,0.0,1.0,,,0.101,169.64373091976518,1679.6409001956947,1679.6409001956947,0.0,52.06886790606654,0.0,,,211.8466000246819,0.0,91.09403801061322,3.0,1102.6552392369908,0.0,-0.0,0.0,228.74582937971374
162,1,163,0.16833,0.0,1102.6552392369908,,,,0,0.0,1,1891.487500220377,1891.487500220377,0.0,302.6380000352603,62.797385007316514,0.0,,,285.49121713575073,1891.487500220377,1815.8280002115616,75.65950000881514,1891.4875002203767,0.0,1.0,0.0,0.0,0.15570421836808582,104.16738769632242,0.96,696.8834669622734,669.0081282837824,27.87533867849096,1.0,0.0,0.0,0.15677951883650648,94.43565099430202,0.96,627.444646569648,602.346860706862,25.09778586278594,1.0,0.0,0.0,0.15958215862764197,86.8881784451263,0.96,567.1593866884556,544.4730112209173,22.686375467538245,,,,647.5202911814749,1815.8280002115616,1679.6409001956947,136.18710001586697,1815.8280002115619,0.0,1.0,0,0,0.38551723087020046,215.84800994687586,0.925,605.2886388913047,559.8919909744569,45.396647916847826,1.0,0,0,0.3855110405922809,215.8399577823109,0.925,605.275777682793,559.8800943565835,45.39568332620944,1.0,0,0,0.38550517142924795,215.8323234522881,0.925,605.2635836374632,559.8688148646535,45.39476877280971,0.0,0,0,0.09418341935927774,0.0,0.925,0.0,0.0,0.0,1.0,,,0.101,169.64373091976518,1679.6409001956947,1679.6409001956947,0.0,52.06886790606654,0.0,,,211.8466000246819,0.0,91.09403801061322,3.0,1102.6552392369908,0.0,-0.0,0.0,185.60995642076267
163,1,164,0.12833,0.0,1102.6552392369908,,,,0,0.0,1,1891.487500220377,1891.487500220377,0.0,302.6380000352603,62.797385007316514,0.0,,,285.49121713575073,1891.487500220377,1815.8280002115616,75.65950000881514,1891.4875002203767,0.0,1.0,0.0,0.0,0.15570421836808582,104.16738769632242,0.96,696.8834669622734,669.0081282837824,27.87533867849096,1.0,0.0,0.0,0.15677951883650648,94.43565099430202,0.96,627.444646569648,602.346860706862,25.09778586278594,1.0,0.0,0.0,0.15958215862764197,86.8881784451263,0.96,567.1593866884556,544.4730112209173,22.686375467538245,,,,647.5202911814749,1815.8280002115616,1679.6409001956947,136.18710001586697,1815.8280002115619,0.0,1.0,0,0,0.38551723087020046,215.84800994687586,0.925,605.2886388913047,559.8919909744569,45.396647916847826,1.0,0,0,0.3855110405922809,215.8399577823109,0.925,605.275777682793,559.8800943565835,45.39568332620944,1.0,0,0,0.38550517142924795,215.8323234522881,0.925,605.2635836374632,559.8688148646535,45.39476877280971,0.0,0,0,0.09418341935927774,0.0,0.925,0.0,0.0,0.0,1.0,,,0.101,169.64373091976518,1679.6409001956947,1679.6409001956947,0.0,52.06886790606654,0.0,,,211.8466000246819,0.0,91.09403801061322,3.0,1102.6552392369908,0.0,-0.0,0.0,141.50374685128304
164,1,165,0.12103,0.0,1102.6552392369908,,,,0,0.0,1,1891.487500220377,1891.487500220377,0.0,302.6380000352603,62.797385007316514,0.0,,,285.49121713575073,1891.487500220377,1815.8280002115616,75.65950000881514,1891.4875002203767,0.0,1.0,0.0,0.0,0.15570421836808582,104.16738769632242,0.96,696.8834669622734,669.0081282837824,27.87533867849096,1.0,0.0,0.0,0.15677951883650648,94.43565099430202,0.96,627.444646569648,602.346860706862,25.09778586278594,1.0,0.0,0.0,0.15958215862764197,86.8881784451263,0.96,567.1593866884556,544.4730112209173,22.686375467538245,,,,647.5202911814749,1815.8280002115616,1679.6409001956947,136.18710001586697,1815.8280002115619,0.0,1.0,0,0,0.38551723087020046,215.84800994687586,0.925,605.2886388913047,559.8919909744569,45.396647916847826,1.0,0,0,0.3855110405922809,215.8399577823109,0.925,605.275777682793,559.8800943565835,45.39568332620944,1.0,0,0,0.38550517142924795,215.8323234522881,0.925,605.2635836374632,559.8688148646535,45.39476877280971,0.0,0,0,0.09418341935927774,0.0,0.925,0.0,0.0,0.0,1.0,,,0.101,169.64373091976518,1679.6409001956947,1679.6409001956947,0.0,52.06886790606654,0.0,,,211.8466000246819,0.0,91.09403801061322,3.0,1102.6552392369908,0.0,-0.0,0.0,133.454363604853
165,1,166,0.1205,0.0,1102.6552392369908,,,,0,0.0,1,1891.487500220377,1891.487500220377,0.0,302.6380000352603,62.797385007316514,0.0,,,285.49121713575073,1891.487500220377,1815.8280002115616,75.65950000881514,1891.4875002203767,0.0,1.0,0.0,0.0,0.15570421836808582,104.16738769632242,0.96,696.8834669622734,669.0081282837824,27.87533867849096,1.0,0.0,0.0,0.15677951883650648,94.43565099430202,0.96,627.444646569648,602.346860706862,25.09778586278594,1.0,0.0,0.0,0.15958215862764197,86.8881784451263,0.96,567.1593866884556,544.4730112209173,22.686375467538245,,,,647.5202911814749,1815.8280002115616,1679.6409001956947,136.18710001586697,1815.8280002115619,0.0,1.0,0,0,0.38551723087020046,215.84800994687586,0.925,605.2886388913047,559.8919909744569,45.396647916847826,1.0,0,0,0.3855110405922809,215.8399577823109,0.925,605.275777682793,559.8800943565835,45.39568332620944,1.0,0,0,0.38550517142924795,215.8323234522881,0.925,605.2635836374632,559.8688148646535,45.39476877280971,0.0,0,0,0.09418341935927774,0.0,0.925,0.0,0.0,0.0,1.0,,,0.101,169.64373091976518,1679.6409001956947,1679.6409001956947,0.0,52.06886790606654,0.0,,,211.8466000246819,0.0,91.09403801061322,3.0,1102.6552392369908,0.0,-0.0,0.0,132.86995632805738
166,1,167,0.11891,0.0,1102.6552392369908,,,,0,0.0,1,1891.487500220377,1891.487500220377,0.0,302.6380000352603,62.797385007316514,0.0,,,285.49121713575073,1891.487500220377,1815.8280002115616,75.65950000881514,1891.4875002203767,0.0,1.0,0.0,0.0,0.15570421836808582,104.16738769632242,0.96,696.8834669622734,669.0081282837824,27.87533867849096,1.0,0.0,0.0,0.15677951883650648,94.43565099430202,0.96,627.444646569648,602.346860706862,25.09778586278594,1.0,0.0,0.0,0.15958215862764197,86.8881784451263,0.96,567.1593866884556,544.4730112209173,22.686375467538245,,,,647.5202911814748,1815.8280002115616,1679.6409001956947,136.18710001586697,1815.8280002115619,0.0,1.0,0,0,0.38551723087020046,215.84800994687586,0.925,605.2886388913047,559.8919909744569,45.396647916847826,1.0,0,0,0.3855110405922809,215.8399577823109,0.925,605.275777682793,559.8800943565835,45.39568332620944,1.0,0,0,0.3855051714292479,215.83232345228808,0.925,605.2635836374632,559.8688148646535,45.39476877280971,0.0,0,0,0.09418341935927774,0.0,0.925,0.0,0.0,0.0,1.0,,,0.101,169.64373091976518,1679.6409001956947,1679.6409001956947,0.0,52.06886790606654,0.0,,,211.8466000246819,0.0,91.09403801061322,3.0,1102.6552392369908,0.0,-0.0,0.0,131.1167344976706
167,1,168,0.11637,0.0,1102.6552392369908,,,,0,0.0,1,1891.487500220377,1891.487500220377,0.0,302.6380000352603,62.797385007316514,0.0,,,285.49121713575073,1891.487500220377,1815.8280002115616,75.65950000881514,1891.4875002203767,0.0,1.0,0.0,0.0,0.15570421836808582,104.16738769632242,0.96,696.8834669622734,669.0081282837824,27.87533867849096,1.0,0.0,0.0,0.15677951883650648,94.43565099430202,0.96,627.444646569648,602.346860706862,25.09778586278594,1.0,0.0,0.0,0.15958215862764197,86.8881784451263,0.96,567.1593866884556,544.4730112209173,22.686375467538245,,,,647.5202911814749,1815.8280002115616,1679.6409001956947,136.18710001586697,1815.8280002115619,0.0,1.0,0,0,0.38551723087020046,215.84800994687586,0.925,605.2886388913047,559.8919909744569,45.396647916847826,1.0,0,0,0.3855110405922809,215.8399577823109,0.925,605.275777682793,559.8800943565835,45.39568332620944,1.0,0,0,0.38550517142924795,215.8323234522881,0.925,605.2635836374632,559.8688148646535,45.39476877280971,0.0,0,0,0.09418341935927774,0.0,0.925,0.0,0.0,0.0,1.0,,,0.101,169.64373091976518,1679.6409001956947,1679.6409001956947,0.0,52.06886790606654,0.0,,,211.8466000246819,0.0,91.09403801061322,3.0,1102.6552392369908,0.0,-0.0,0.0,128.31599019000862
