

Running optimization for annual production of 9000 AF...
2026-09-19 20:34:46 [INFO] idaes.core.surrogate.pysmo_surrogate: Decode surrogate. type=poly

===========================Polynomial Regression===============================================

The number of cross-validation cases (3) is used.
The default training/cross-validation split of 0.75 is used.
No iterations will be run.
Default parameter estimation method is used.
Parameter estimation method:  pyomo 

2026-09-19 20:34:46 [INFO] idaes.core.surrogate.pysmo_surrogate: Decode surrogate. type=poly

===========================Polynomial Regression===============================================

The number of cross-validation cases (3) is used.
The default training/cross-validation split of 0.75 is used.
No iterations will be run.
Default parameter estimation method is used.
Parameter estimation method:  pyomo 

2026-09-19 20:34:46 [INFO] idaes.core.surrogate.pysmo_surrogate: Decode surrogate. type=poly

===========================Polynomial Regression===============================================

The number of cross-validation cases (3) is used.
The default training/cross-validation split of 0.75 is used.
No iterations will be run.
Default parameter estimation method is used.
Parameter estimation method:  pyomo 

2026-09-19 20:34:46 [INFO] idaes.core.surrogate.pysmo_surrogate: Decode surrogate. type=poly

===========================Polynomial Regression===============================================

The number of cross-validation cases (3) is used.
The default training/cross-validation split of 0.75 is used.
No iterations will be run.
Default parameter estimation method is used.
Parameter estimation method:  pyomo 

2026-09-19 20:34:48 [INFO] idaes.apps.grid_integration.pricetaker.price_taker_model: Found minimum uptime/downtime data for pretreatment.uf_pumps[1] - Adding minimum uptime/downtime constraints.
2026-09-19 20:34:48 [INFO] idaes.apps.grid_integration.pricetaker.price_taker_model: Created startup/shutdown constraints for operation model  pretreatment.uf_pumps[1] at uf_pumps_1_startup_shutdown.
2026-09-19 20:34:48 [INFO] idaes.apps.grid_integration.pricetaker.price_taker_model: Found minimum uptime/downtime data for pretreatment.uf_pumps[2] - Adding minimum uptime/downtime constraints.
2026-09-19 20:34:48 [INFO] idaes.apps.grid_integration.pricetaker.price_taker_model: Created startup/shutdown constraints for operation model  pretreatment.uf_pumps[2] at uf_pumps_2_startup_shutdown.
2026-09-19 20:34:48 [INFO] idaes.apps.grid_integration.pricetaker.price_taker_model: Found minimum uptime/downtime data for pretreatment.uf_pumps[3] - Adding minimum uptime/downtime constraints.
2026-09-19 20:34:48 [INFO] idaes.apps.grid_integration.pricetaker.price_taker_model: Created startup/shutdown constraints for operation model  pretreatment.uf_pumps[3] at uf_pumps_3_startup_shutdown.
2026-09-19 20:34:48 [INFO] idaes.apps.grid_integration.pricetaker.price_taker_model: Found minimum uptime/downtime data for reverse_osmosis.ro_skid[1] - Adding minimum uptime/downtime constraints.
2026-09-19 20:34:48 [INFO] idaes.apps.grid_integration.pricetaker.price_taker_model: Created startup/shutdown constraints for operation model  reverse_osmosis.ro_skid[1] at ro_skid_1_startup_shutdown.
2026-09-19 20:34:48 [INFO] idaes.apps.grid_integration.pricetaker.price_taker_model: Found minimum uptime/downtime data for reverse_osmosis.ro_skid[2] - Adding minimum uptime/downtime constraints.
2026-09-19 20:34:48 [INFO] idaes.apps.grid_integration.pricetaker.price_taker_model: Created startup/shutdown constraints for operation model  reverse_osmosis.ro_skid[2] at ro_skid_2_startup_shutdown.
2026-09-19 20:34:48 [INFO] idaes.apps.grid_integration.pricetaker.price_taker_model: Found minimum uptime/downtime data for reverse_osmosis.ro_skid[3] - Adding minimum uptime/downtime constraints.
2026-09-19 20:34:48 [INFO] idaes.apps.grid_integration.pricetaker.price_taker_model: Created startup/shutdown constraints for operation model  reverse_osmosis.ro_skid[3] at ro_skid_3_startup_shutdown.
2026-09-19 20:34:48 [INFO] idaes.apps.grid_integration.pricetaker.price_taker_model: Found minimum uptime/downtime data for reverse_osmosis.ro_skid[4] - Adding minimum uptime/downtime constraints.
2026-09-19 20:34:48 [INFO] idaes.apps.grid_integration.pricetaker.price_taker_model: Created startup/shutdown constraints for operation model  reverse_osmosis.ro_skid[4] at ro_skid_4_startup_shutdown.
4364
Set parameter TokenServer to value "10.60.1.73"
Set parameter LogToConsole to value 1
Set parameter MIPGap to value 0.01
Gurobi Optimizer version 12.0.3 build v12.0.3rc0 (linux64 - "Red Hat Enterprise Linux 8.8 (Ootpa)")

CPU model: Intel(R) Xeon(R) Platinum 8470QL, instruction set [SSE2|AVX|AVX2|AVX512]
Thread count: 104 physical cores, 104 logical processors, using up to 32 threads

Non-default parameters:
MIPGap  0.01

Optimize a model with 18287 rows, 16467 columns and 50167 nonzeros
Model fingerprint: 0xa39144c8
Model has 168 quadratic objective terms
Model has 2352 quadratic constraints
Variable types: 11259 continuous, 5208 integer (5208 binary)
Coefficient statistics:
  Matrix range     [5e-04, 2e+03]
  QMatrix range    [2e-07, 1e+00]
  QLMatrix range   [3e-04, 1e+00]
  Objective range  [1e-05, 1e-03]
  QObjective range [2e-04, 2e-04]
  Bounds range     [9e-01, 1e+03]
  RHS range        [5e-02, 2e+05]
  QRHS range       [3e-01, 3e-01]
Presolve removed 10721 rows and 9236 columns
Presolve time: 0.08s
Presolved: 16474 rows, 7238 columns, 45829 nonzeros
Presolved model has 4 SOS constraint(s)
Presolved model has 2352 bilinear constraint(s)

Solving non-convex MIQCP

Variable types: 5076 continuous, 2162 integer (2162 binary)
Found heuristic solution: objective 10.2304238

Root relaxation: unbounded, 0 iterations, 0.01 seconds (0.00 work units)

    Nodes    |    Current Node    |     Objective Bounds      |     Work
 Expl Unexpl |  Obj  Depth IntInf | Incumbent    BestBd   Gap | It/Node Time

     0     2  postponed    0        10.23042          -      -     -    3s
     1     4    8.30932    1 2353   10.23042          -      - 17828    5s
     7    16    8.39633    3 2659   10.23042    8.31137  18.8%  8996   11s
    15    32    8.42342    4 2704   10.23042    8.39633  17.9% 11075   15s
H   97   195                      10.2304236    8.42833  17.6%  4063   19s
   194   261    8.43285    8 2482   10.23042    8.42833  17.6%  2840   21s
   414   486    8.44239   10 2176   10.23042    8.42833  17.6%  2267   25s
   634   722    8.43979   12 2269   10.23042    8.42833  17.6%  1995   30s
   982  1092    8.44485   14 2256   10.23042    8.42833  17.6%  1699   35s
H 1156  1207                      10.1527386    8.42833  17.0%  1576   36s
H 1352  1470                       9.7591506    8.42833  13.6%  1467   38s
H 1628  1774                       9.7562168    8.42833  13.6%  1334   40s
H 1630  1774                       9.7547828    8.42833  13.6%  1336   40s
H 1632  1774                       9.7482446    8.42833  13.5%  1337   40s
H 1635  1774                       9.7207381    8.42833  13.3%  1337   40s
H 1662  1774                       9.7152543    8.42833  13.2%  1328   40s
H 1711  1774                       9.5273106    8.42833  11.5%  1313   40s
H 1944  2131                       9.5260842    8.42833  11.5%  1244   43s
H 1947  2131                       9.5244985    8.42833  11.5%  1243   43s
H 1961  2131                       9.5073727    8.42833  11.3%  1239   43s
H 1966  2131                       9.4876240    8.42833  11.2%  1238   43s
H 2049  2131                       9.1969947    8.42833  8.36%  1223   43s
H 2247  2306                       9.1736330    8.42833  8.12%  1164   44s
  2305  2506    8.46226   23 2009    9.17363    8.42833  8.12%  1159   45s
H 2306  2506                       9.1346231    8.42833  7.73%  1158   45s
H 2419  2506                       9.0350598    8.42833  6.72%  1139   45s
H 2419  2506                       8.9754981    8.42833  6.10%  1139   45s
H 2745  2945                       8.9734858    8.42833  6.08%  1069   48s
H 2847  2945                       8.9734689    8.42833  6.08%  1061   48s
  3213  3465    8.47299   28 2008    8.97347    8.42833  6.08%   995   50s
H 3611  3714                       8.9666936    8.42833  6.00%   949   51s
H 3863  4008                       8.9654199    8.42833  5.99%   933   52s
H 4192  4354                       8.9545223    8.42833  5.88%   901   53s
H 4540  4681                       8.9545210    8.42833  5.88%   871   54s
  4712  5062    8.50036   48 1974    8.95452    8.42833  5.88%   852   56s
H 5768  5846                       8.9542179    8.42850  5.87%   797   61s
H 5772  5843                       8.9534248    8.42850  5.86%   799   61s
H 5782  5843                       8.9533972    8.42850  5.86%   800   61s
H 5808  5842                       8.9533500    8.42850  5.86%   800   61s
H 5861  5842                       8.9533335    8.42850  5.86%   800   61s
H 5885  5842                       8.9533276    8.42850  5.86%   798   61s
  5939  6179    8.51782   60 1977    8.95333    8.42865  5.86%   795   97s
H 6469  6524                       8.9509874    8.42865  5.84%   781   98s
  6646  6971    8.53034   65 1907    8.95099    8.42865  5.84%   772  100s
H 7166  7413                       8.9509870    8.42865  5.84%   754  102s
H 7394  7413                       8.9509867    8.42865  5.84%   743  102s
  8094  8591    8.54263   75 1796    8.95099    8.42865  5.84%   716  105s
H 8255  8591                       8.9509866    8.42865  5.84%   709  105s
H 9183  9270                       8.9509862    8.42865  5.84%   670  107s
 10187 10496    8.57029  105 1786    8.95099    8.42865  5.84%   643  110s
H10225 10496                       8.9508622    8.42865  5.83%   643  110s
H10237 10496                       8.9508621    8.42865  5.83%   643  110s
H10446 10496                       8.9508366    8.42865  5.83%   633  110s
H10572 10496                       8.9508299    8.42865  5.83%   628  110s
H11612 11894                       8.9508295    8.42901  5.83%   600  114s
H11666 11894                       8.9508295    8.42901  5.83%   599  114s
H11744 11894                       8.9508294    8.42901  5.83%   597  114s
 12125 13128    8.58008  114 1749    8.95083    8.42901  5.83%   586  116s
 14073 14230    8.59725  137 1585    8.95083    8.42901  5.83%   535  121s
H14446 13887                       8.9359702    8.43031  5.66%   526  121s
H14541 13186                       8.9349702    8.58575  3.91%   525  126s
 14546 13189    8.69701   51  452    8.93497    8.69701  2.66%   524  133s
H14546 12529                       8.9349702    8.69701  2.66%   524  134s
 14548 12533    8.69891   11 2047    8.93497    8.69701  2.66%   527  197s
 14550 12537    8.70102   12 2280    8.93497    8.69891  2.64%   528  204s
 14554 12543    8.70286   13 2290    8.93497    8.70102  2.62%   528  209s
 14562 12557    8.70496   14 2283    8.93497    8.70286  2.60%   529  210s
H14579 11956                       8.9349702    8.70496  2.57%   529  211s
 14713 12080    8.71271   18 2191    8.93497    8.70709  2.55%   533  215s
H14803 11528                       8.9349702    8.70709  2.55%   537  216s
 15137 11768    8.72256   22 2184    8.93497    8.70709  2.55%   539  220s
H15339 11307                       8.9349702    8.70709  2.55%   540  222s
H15454 10851                       8.9349702    8.70709  2.55%   540  223s
 15567 10927    8.74591   27 1866    8.93497    8.70709  2.55%   541  225s
 15947 11149    8.75765   34 1845    8.93497    8.70887  2.53%   544  230s
H16240 10791                       8.9349702    8.70887  2.53%   545  233s
 16335 10841    8.81286   41 1780    8.93497    8.70887  2.53%   546  235s
H16456 10395                       8.9349702    8.70887  2.53%   548  236s
H16662 10064                       8.9349702    8.70887  2.53%   551  239s
H16690  9617                       8.9349702    8.70887  2.53%   551  239s
 16753  9709    8.82347   47 1828    8.93497    8.70887  2.53%   552  240s
H16912  9352                       8.9349702    8.70887  2.53%   554  242s
 17222  9604    8.83492   56 1868    8.93497    8.70887  2.53%   559  245s
 17652  9892    8.84097   66 1787    8.93497    8.70887  2.53%   565  250s
H17692  9483                       8.9349699    8.70887  2.53%   566  250s
H17750  9087                       8.9344010    8.70887  2.52%   567  250s
 18024  9336    8.85354   76 1819    8.93440    8.70887  2.52%   578  256s
H18187  9055                       8.9344010    8.70887  2.52%   581  258s
 18429  9218    8.85918   81 1762    8.93440    8.70887  2.52%   588  261s
H18440  8875                       8.9344010    8.70887  2.52%   588  261s
 18726  9114     cutoff   84         8.93440    8.70887  2.52%   594  265s
 19390  9449    8.86537   90 1706    8.93440    8.71309  2.48%   612  271s
H19647  9086                       8.9334525    8.71359  2.46%   618  272s
 19709  9203    8.87350   96 1693    8.93345    8.71359  2.46%   620  275s
 20126  9489    8.87267  102 1716    8.93345    8.71359  2.46%   634  280s
 20956  9883     cutoff  113         8.93345    8.71416  2.45%   656  287s
H20959  9563                       8.9320889    8.71416  2.44%   656  287s
H20960  9270                       8.9318435    8.71416  2.44%   656  287s
H21008  8979                       8.9318422    8.71416  2.44%   657  287s
H21039  8702                       8.9316018    8.71416  2.43%   657  287s
H21057  8447                       8.9316017    8.71416  2.43%   658  287s
 21525  9012    8.88115  121 1549    8.93160    8.71445  2.43%   667  292s
H22251  9145                       8.9314480    8.71468  2.43%   674  297s
H22293  8907                       8.9313750    8.71468  2.43%   675  297s
 22658  9096    8.88905  137 1541    8.93137    8.71468  2.43%   674  300s
 23509  9886    8.89069  145 1523    8.93137    8.71492  2.42%   680  306s
 24838 10172    8.89926  169 1354    8.93137    8.71664  2.40%   677  312s
 25342 10882    8.90112  170 1360    8.93137    8.71664  2.40%   680  318s
 25982 11330    8.90499  190 1325    8.93137    8.71664  2.40%   676  322s
 26759 11740    8.91149  209 1373    8.93137    8.71664  2.40%   671  325s
 28113 12778    8.92004  250 1355    8.93137    8.71799  2.39%   667  333s
 28999 13379     cutoff  280         8.93137    8.71799  2.39%   667  337s
 29707 13878     cutoff  294         8.93137    8.71801  2.39%   674  340s
 31059 15176    8.93126  363 1378    8.93137    8.71898  2.38%   686  349s
 31776 15568    8.75370   34 1932    8.93137    8.71949  2.37%   693  353s
 32279 15951    8.76768   45 1917    8.93137    8.71949  2.37%   705  358s
 32702 16422    8.80143   65 1984    8.93137    8.72107  2.35%   714  363s
 33303 16872    8.81080   71 1917    8.93137    8.72109  2.35%   728  368s
 33859 17485    8.82159   80 1884    8.93137    8.72109  2.35%   744  373s
 34553 18193    8.84073   94 1812    8.93137    8.72109  2.35%   757  380s
 35374 18640    8.86293  110 1962    8.93137    8.72163  2.35%   769  386s
 35874 19147    8.87752  121 1854    8.93137    8.72163  2.35%   782  392s
 36512 19798    8.93023  139 1775    8.93137    8.72201  2.34%   795  400s
 37265 20441    8.75140   40 1758    8.93137    8.72231  2.34%   813  406s
 38027 21378    8.79275   68 1930    8.93137    8.72237  2.34%   830  414s
 39088 22530    8.82606   83 1863    8.93137    8.72244  2.34%   842  421s
 40447 23749    8.90382   97 2039    8.93137    8.72244  2.34%   848  429s
 41900 24828    8.92321  112 1887    8.93137    8.72252  2.34%   854  437s
 43158 26119    8.76013   43 1890    8.93137    8.72325  2.33%   863  445s
 44515 27244    8.79240   63 1941    8.93137    8.72325  2.33%   869  454s
 45918 28602    8.81264   73 1763    8.93137    8.72350  2.33%   876  462s
 47458 30832    8.89455   98 1688    8.93137    8.72458  2.32%   881  471s
 49859 32954     cutoff  177         8.93137    8.72478  2.31%   868  479s
 52334 33977    8.81336   64 1946    8.93137    8.72479  2.31%   854  488s
 53439 34973    8.84214   80 1882    8.93137    8.72479  2.31%   864  496s
 54560 36347    8.87600   95 2010    8.93137    8.72479  2.31%   876  505s
 56256 37684    8.74618   20 1778    8.93137    8.72479  2.31%   879  514s
 57950 37685    8.89968  129    0    8.93137    8.72479  2.31%   883  611s
 57953 37687    8.89208   86  553    8.93137    8.75698  1.95%   883  617s
 57956 37689    8.76496   35  588    8.93137    8.76496  1.86%   883  622s
 57959 37691    8.76509   41  566    8.93137    8.76509  1.86%   883  625s
 57961 37692    8.80496   63  561    8.93137    8.76511  1.86%   883  633s
 57963 37697    8.77051   24 2233    8.93137    8.76511  1.86%   884  730s
 57969 37707    8.77422   26 2129    8.93137    8.76975  1.81%   884  737s
 57977 37720    8.77615   27 2099    8.93137    8.77004  1.81%   884  740s
 57993 37747    8.77790   28 2130    8.93137    8.77153  1.79%   885  745s
 58057 37844    8.78145   30 2137    8.93137    8.77311  1.77%   889  752s
 58144 37892    8.78316   31 2133    8.93137    8.77311  1.77%   892  756s
H58240 36050                       8.9313750    8.77311  1.77%   896  759s
H58281 34246                       8.9313750    8.77311  1.77%   898  759s
 58300 34318    8.78528   32 2210    8.93137    8.77311  1.77%   898  764s
 58379 34371    8.78963   32 2115    8.93137    8.77311  1.77%   901  768s
 58458 34432    8.78592   33 2178    8.93137    8.77311  1.77%   903  771s
 58628 34537    8.78597   34 2152    8.93137    8.77311  1.77%   906  778s
 58709 34569     cutoff   34         8.93137    8.77311  1.77%   908  780s
 58844 34664    8.79023   35 2142    8.93137    8.77311  1.77%   911  787s
 58918 34714    8.79254   36 2112    8.93137    8.77311  1.77%   913  790s
 59080 34842    8.79987   37 2012    8.93137    8.77311  1.77%   916  796s
 59177 34903    8.80132   38 2010    8.93137    8.77311  1.77%   917  800s
 59377 35025    8.80920   41 1974    8.93137    8.77311  1.77%   920  806s
H59427 33308                       8.9313557    8.77311  1.77%   920  806s
 59577 33450    8.81008   46 1970    8.93136    8.77311  1.77%   924  812s
 59692 33502    8.81618   50 1995    8.93136    8.77311  1.77%   925  815s
 59916 33622    8.82307   54 2045    8.93136    8.77311  1.77%   929  822s
 60035 33688     cutoff   57         8.93136    8.77311  1.77%   931  825s
 60268 33820    8.87628   62 1922    8.93136    8.77311  1.77%   935  832s
 60394 33905    8.87553   64 2023    8.93136    8.77311  1.77%   937  836s
 60531 33970    8.87864   66 2009    8.93136    8.77311  1.77%   939  840s
 60836 34158    8.88438   70 1963    8.93136    8.77311  1.77%   943  848s
 61001 34246    8.88970   73 1844    8.93136    8.77474  1.75%   945  851s
 61183 34352    8.89122   75 1817    8.93136    8.77474  1.75%   948  855s
 61582 34534    8.89444   80 1769    8.93136    8.77512  1.75%   952  864s
 61785 34670    8.89739   81 1722    8.93136    8.77687  1.73%   955  868s
 62025 34844    8.89868   85 1690    8.93136    8.77687  1.73%   957  873s
 62303 35015    8.90068   89 1689    8.93136    8.77720  1.73%   958  878s
 62590 35169    8.90199   93 1649    8.93136    8.77720  1.73%   960  882s
 62862 35348    8.90351   96 1674    8.93136    8.77720  1.73%   962  887s
 63157 35321    8.90584  101 1679    8.93136    8.77720  1.73%   963  892s
H63163 33569                       8.9242874    8.77720  1.65%   963  892s
 63233 33876    8.90583  101 1666    8.92429    8.77720  1.65%   963  897s
 63640 34240    8.90907  111 1627    8.92429    8.77720  1.65%   963  902s
 64202 34375     cutoff  116         8.92429    8.77720  1.65%   963  907s
H64203 32633                       8.9199395    8.77720  1.60%   963  907s
H64213 31165                       8.9198927    8.77720  1.60%   963  907s
H64263 29758                       8.9198518    8.77720  1.60%   963  907s
H64405 28386                       8.9195804    8.77720  1.60%   964  907s
H64571 27081                       8.9195789    8.77720  1.60%   963  907s
 64581 27508    8.91118  122 1682    8.91958    8.77720  1.60%   964  912s
 65170 27633    8.91517  127 1562    8.91958    8.77720  1.60%   963  918s
 65584 27798    8.91576  131 1586    8.91958    8.77720  1.60%   967  923s
 65971 28056     cutoff  137         8.91958    8.77730  1.60%   969  929s
 66485 28236    8.79644   42 2004    8.91958    8.77790  1.59%   973  936s
 66876 28466    8.81176   51 2132    8.91958    8.77790  1.59%   978  943s
 67289 28660    8.82116   56 2066    8.91958    8.77790  1.59%   984  950s
 67701 28895    8.83126   63 1995    8.91958    8.77853  1.58%   990  957s
 68136 29052    8.89513   68 1943    8.91958    8.77877  1.58%   997  965s
 68495 28961    8.89973   72 1883    8.91958    8.77899  1.58%  1004  971s
H68527 27762                       8.9195779    8.77901  1.58%  1004  971s
 68530 28191     cutoff   73         8.91958    8.77901  1.58%  1004  979s
 68986 28550    8.91077   82 1806    8.91958    8.77901  1.58%  1011  985s
 69611 28996     cutoff   95         8.91958    8.77901  1.58%  1016  994s
H69638 27859                       8.9195729    8.77901  1.58%  1017  994s
H69918 26556                       8.9185927    8.77901  1.57%  1017  994s
 70419 26814    8.80238   46 2105    8.91859    8.78001  1.55%  1018 1002s
H70783 25674                       8.9185927    8.78001  1.55%  1022 1002s
 70985 26070    8.82283   55 2062    8.91859    8.78010  1.55%  1025 1010s
 71541 26551    8.82938   59 2038    8.91859    8.78019  1.55%  1031 1019s
H71677 25537                       8.9185927    8.78019  1.55%  1033 1019s
H72043 24496                       8.9185927    8.78019  1.55%  1035 1019s
 72311 25101    8.83741   64 1965    8.91859    8.78019  1.55%  1034 1027s
H73012 23994                       8.9185927    8.78019  1.55%  1037 1027s
 73181 24490    8.90627   73 1914    8.91859    8.78019  1.55%  1036 1036s
 73888 24882     cutoff   81         8.91859    8.78061  1.55%  1043 1046s
H74270 23925                       8.9185926    8.78061  1.55%  1046 1046s
 74564 24457    8.80333   50 2041    8.91859    8.78061  1.55%  1051 1054s
 75268 25004    8.81269   55 2033    8.91859    8.78061  1.55%  1057 1064s
 76205 25298    8.83199   65 1897    8.91859    8.78061  1.55%  1061 1074s
H76229 24502                       8.9185878    8.78061  1.55%  1062 1074s
H76326 23720                       8.9185822    8.78061  1.55%  1063 1074s
H77015 22778                       8.9185749    8.78061  1.55%  1064 1074s
 77124 23473    8.90093   73 1910    8.91857    8.78127  1.54%  1065 1084s
 78024 23812    8.91768   83 1834    8.91857    8.78154  1.54%  1072 1095s
 78771 24132    8.79421   43 1985    8.91857    8.78154  1.54%  1079 1106s
 79424 24519    8.83144   64 2037    8.91857    8.78154  1.54%  1090 1117s
 80200 24962    8.90259   80 1876    8.91857    8.78154  1.54%  1100 1130s
 81055 25457     cutoff  100         8.91857    8.78234  1.53%  1110 1142s
 82005 25971    8.82906   56 1970    8.91857    8.78313  1.52%  1119 1155s
 82986 26634     cutoff   64         8.91857    8.78313  1.52%  1128 1169s
 84120 27597    8.89801   73 1857    8.91857    8.78313  1.52%  1136 1183s
 85755 28164     cutoff   97         8.91857    8.78340  1.52%  1137 1196s
 87206 28876    8.81988   61 1892    8.91857    8.78376  1.51%  1142 1211s
 88570 29573    8.88934   81 1790    8.91857    8.78376  1.51%  1150 1226s
 89929 30275    8.79986   42 2065    8.91857    8.78376  1.51%  1157 1240s
 91339 30936    8.82981   61 1978    8.91857    8.78376  1.51%  1162 1257s
H92018 30031                       8.9185712    8.78434  1.51%  1165 1257s
 92626 30378    8.90308   72 1960    8.91857    8.78434  1.51%  1165 1272s
 93373 31330     cutoff   84         8.91857    8.78445  1.50%  1167 1289s
 94764 32435    8.88952   67 1893    8.91857    8.78445  1.50%  1175 1306s
 96730 33367    8.83723   66 1876    8.91857    8.78463  1.50%  1178 1325s
 98543 34988    8.82927   52 1975    8.91857    8.78466  1.50%  1183 1343s
 100654 36138    8.83891   59 1885    8.91857    8.78466  1.50%  1185 1362s
 102163 37250     cutoff   82         8.91857    8.78466  1.50%  1192 1382s
 103670 38092    8.81367   54 2034    8.91857    8.78466  1.50%  1204 1402s
 104590 39707    8.89704   89 1679    8.91857    8.78521  1.50%  1219 1424s
 106553 41634    8.81456   52 1965    8.91857    8.78594  1.49%  1228 1447s
 108698 45617    8.88841   78 1769    8.91857    8.78597  1.49%  1234 1470s
 113055 47835    8.91609  228 1509    8.91857    8.78597  1.49%  1215 1491s
 115880 49434    8.81495   53 1924    8.91857    8.78631  1.48%  1213 1511s
 117642 52110     cutoff   73         8.91857    8.78631  1.48%  1221 1537s
 120684 54472     cutoff  123         8.91857    8.78631  1.48%  1219 1561s
 123687 56074    8.91325  164 1540    8.91857    8.78637  1.48%  1218 1583s
 125816 57728    8.81099   51 2048    8.91857    8.78638  1.48%  1225 1607s
 127922 60496    8.90890   75 1951    8.91857    8.78657  1.48%  1234 1633s
 131043 64752    8.89130   73 1811    8.91857    8.78679  1.48%  1234 1661s
 135761 66381    8.83738   73 1944    8.91857    8.78694  1.48%  1219 1686s
 137679 67921    8.83079   67 1987    8.91857    8.78694  1.48%  1230 1713s
 139610 69533    8.80504   46 1889    8.91857    8.78713  1.47%  1243 1742s
 141586 71050     cutoff   99         8.91857    8.78731  1.47%  1257 1775s
 143497 73156     cutoff   65         8.91857    8.78731  1.47%  1268 1810s
 146140 75072    8.91852  102 1879    8.91857    8.78731  1.47%  1281 1847s
 148543 76585     cutoff  103         8.91857    8.78778  1.47%  1298 1883s
 150358 81991    8.91336   93 1506    8.91857    8.78778  1.47%  1314 1945s
 156718 85828    8.82530   59 1896    8.91857    8.78810  1.46%  1323 1983s
 161097 87719    8.81290   50 2145    8.91857    8.78815  1.46%  1321 2016s
 163469 90001    8.79102   36 2001    8.91857    8.78831  1.46%  1334 2053s
 166267 94563    8.91677   84 1799    8.91857    8.78832  1.46%  1342 2090s
 171394 97630    8.89791   69 1752    8.91857    8.78848  1.46%  1335 2121s
 175299 100971    8.80804   45 2056    8.91857    8.78848  1.46%  1333 2152s
 179479 103648    8.82820   61 1854    8.91857    8.78858  1.46%  1327 2187s
 182672 105322    8.82501   61 2006    8.91857    8.78868  1.46%  1332 2222s
 184708 107629    8.79238   39 1989    8.91857    8.78887  1.45%  1340 2263s
 187517 110352    8.82751   58 2045    8.91857    8.78906  1.45%  1354 2307s
 190865 114018    8.79904   40 1968    8.91857    8.78914  1.45%  1366 2350s
 195246 116796    8.90850  200 1461    8.91857    8.78918  1.45%  1370 2391s
 198708 120721    8.91837   86 1767    8.91857    8.78940  1.45%  1378 2431s
 203288 125622    8.91121  138 1508    8.91857    8.78946  1.45%  1377 2468s
 208646 129769    8.89985   76 1874    8.91857    8.78948  1.45%  1364 2503s
 213628 131396    8.82323   56 1933    8.91857    8.78965  1.45%  1357 2527s
 215610 133019    8.91329   83 1816    8.91857    8.78965  1.45%  1361 2553s
 217650 134549    8.82820   58 2048    8.91857    8.78969  1.45%  1367 2582s
 219494 137435    8.82153   60 2001    8.91857    8.78984  1.44%  1376 2615s
 223068 139932    8.79620   39 2020    8.91857    8.78992  1.44%  1376 2648s
H223670 139101                       8.9179765    8.78992  1.44%  1376 2648s
 225951 142259     cutoff  150         8.91798    8.78996  1.44%  1374 2680s
H225956 142234                       8.9179648    8.78996  1.44%  1374 2680s
H226199 142166                       8.9179374    8.78996  1.44%  1373 2680s
H226412 142158                       8.9179312    8.78996  1.44%  1373 2680s
H226721 142154                       8.9179304    8.78996  1.43%  1373 2680s
H228180 142151                       8.9179260    8.78996  1.43%  1371 2680s
H228512 142151                       8.9179247    8.78996  1.43%  1371 2680s
H228832 142115                       8.9179088    8.78996  1.43%  1371 2680s
 229664 146961    8.91242  146 1572    8.91791    8.78996  1.43%  1371 2712s
H235132 149569                       8.9179058    8.79010  1.43%  1359 2738s
H236704 149566                       8.9179048    8.79010  1.43%  1359 2738s
H237247 149557                       8.9179020    8.79012  1.43%  1359 2738s
 238044 152640    8.90327  102 1713    8.91790    8.79012  1.43%  1359 2772s
 241827 154509    8.81467   57 1920    8.91790    8.79012  1.43%  1359 2801s
 244161 157070    8.90285  106 1764    8.91790    8.79023  1.43%  1365 2834s
 247175 161972    8.88228   81 1640    8.91790    8.79026  1.43%  1368 2867s
 252531 165061    8.91716  226 1433    8.91790    8.79032  1.43%  1357 2895s
 256816 166694    8.91750  102 1814    8.91790    8.79032  1.43%  1351 2922s
H258396 166694                       8.9179020    8.79032  1.43%  1352 2922s
 259266 168147    8.90594   82 1790    8.91790    8.79046  1.43%  1353 2949s
H260618 168147                       8.9179020    8.79049  1.43%  1356 2949s
 261037 170382    8.81346   55 1960    8.91790    8.79049  1.43%  1356 2980s
H261591 170381                       8.9179020    8.79049  1.43%  1356 2980s
H263595 172513                       8.9179019    8.79049  1.43%  1360 3011s
H264675 172513                       8.9179017    8.79049  1.43%  1362 3011s
H265983 172513                       8.9179010    8.79057  1.43%  1366 3011s
 266083 174320    8.91433   86 1764    8.91790    8.79057  1.43%  1366 3044s
 268810 176037    8.82358   62 1984    8.91790    8.79060  1.43%  1371 3078s
 271076 180478    8.83091   66 1909    8.91790    8.79065  1.43%  1379 3126s
 276289 184856    8.82364   57 1991    8.91790    8.79075  1.43%  1379 3160s
 281425 190593    8.88950   77 1844    8.91790    8.79079  1.43%  1372 3189s
 287672 192568    8.83244   63 1993    8.91790    8.79079  1.43%  1357 3213s
 290006 194493     cutoff   82         8.91790    8.79079  1.43%  1358 3239s
 292410 197763    8.82813   68 1821    8.91790    8.79086  1.42%  1360 3265s
 296086 200691    8.81382   55 1914    8.91790    8.79089  1.42%  1356 3291s
 299473 203064    8.90098   82 1804    8.91790    8.79089  1.42%  1352 3323s
 302559 204833    8.90537   71 1948    8.91790    8.79096  1.42%  1355 3358s
 304819 207947    8.91446   82 1867    8.91790    8.79105  1.42%  1362 3398s
 308644 211055    8.89909   72 1806    8.91790    8.79110  1.42%  1366 3436s
 312533 213237    8.90671   79 1864    8.91790    8.79110  1.42%  1368 3471s
 315317 215189    8.90574   78 1849    8.91790    8.79120  1.42%  1374 3507s
 317763 216768    8.90902   78 1886    8.91790    8.79121  1.42%  1381 3546s
 319751 219515    8.90680   76 1854    8.91790    8.79125  1.42%  1387 3588s
 323056 222081    8.89153   69 1778    8.91790    8.79133  1.42%  1393 3629s
 326233 224735    8.89556   70 1849    8.91790    8.79135  1.42%  1399 3671s
 329486 226491    8.91023   90 1859    8.91790    8.79142  1.42%  1405 3704s
 331855 228652    8.82985   66 2008    8.91790    8.79146  1.42%  1411 3750s
 334578 231332    8.91278   93 1636    8.91790    8.79153  1.42%  1420 3799s
 337879 234560    8.89373   70 1963    8.91790    8.79159  1.42%  1429 3848s
 341960 237079     cutoff   81         8.91790    8.79165  1.42%  1434 3895s
 345185 239605    8.91653   80 1871    8.91790    8.79170  1.42%  1439 3941s
H347844 239605                       8.9179010    8.79170  1.42%  1445 3941s
 348305 241849    8.88208   67 1860    8.91790    8.79173  1.41%  1447 3986s
 351048 245867     cutoff  105         8.91790    8.79173  1.41%  1452 4035s
 355776 250859    8.91758  150 1550    8.91790    8.79183  1.41%  1455 4078s
 361556 256285    8.91633  122 1589    8.91790    8.79184  1.41%  1449 4113s
 367622 257775    8.91505   99 1614    8.91790    8.79184  1.41%  1439 4133s
 369474 258909    8.83949   73 1905    8.91790    8.79186  1.41%  1440 4158s
 370817 260231    8.80526   49 2042    8.91790    8.79186  1.41%  1444 4182s
 372511 262274     cutoff   76         8.91790    8.79190  1.41%  1447 4211s
 375035 265764    8.83855   64 1955    8.91790    8.79190  1.41%  1449 4239s
 378922 268131    8.80290   46 1958    8.91790    8.79196  1.41%  1445 4267s
 381864 269503    8.91575   90 1733    8.91790    8.79200  1.41%  1445 4296s
 383670 271531    8.90457   80 1736    8.91790    8.79200  1.41%  1450 4327s
 386197 274280    8.89318   81 1703    8.91790    8.79206  1.41%  1453 4360s
 389262 276988    8.89694   72 1863    8.91790    8.79206  1.41%  1454 4392s
 392805 278753    8.82985   55 2091    8.91790    8.79206  1.41%  1453 4426s
 395002 281280    8.80145   40 2032    8.91790    8.79214  1.41%  1457 4476s
 398234 283862    8.81725   55 2034    8.91790    8.79219  1.41%  1465 4526s
H398639 283055                       8.9176630    8.79219  1.41%  1466 4526s
H400079 278775                       8.9168577    8.79219  1.40%  1468 4526s
H401447 279168                       8.9166108    8.79219  1.40%  1469 4580s
H401624 278924                       8.9165740    8.79219  1.39%  1469 4580s
H402210 278905                       8.9165714    8.79222  1.39%  1470 4580s
 404038 283499    8.82417   55 1933    8.91657    8.79226  1.39%  1472 4633s
 409867 285970    8.82370   63 1904    8.91657    8.79233  1.39%  1471 4675s
 412926 289610    8.90325   75 1914    8.91657    8.79237  1.39%  1477 4719s
 417298 291843    8.89453   81 1801    8.91657    8.79240  1.39%  1478 4758s
 420144 296147    8.90890   83 1759    8.91657    8.79247  1.39%  1483 4800s
 425465 298465    8.90959   73 1871    8.91657    8.79252  1.39%  1479 4835s
 428491 301729     cutoff   94         8.91657    8.79254  1.39%  1482 4873s
 432365 305823    8.89499   90 1685    8.91657    8.79258  1.39%  1483 4907s
 437221 308113    8.91543  165 1585    8.91657    8.79259  1.39%  1478 4936s
 440064 309998     cutoff   86         8.91657    8.79259  1.39%  1479 4966s
 442459 311391    8.80625   48 1960    8.91657    8.79262  1.39%  1481 4997s
 444053 311677    8.90278   73 1866    8.91657    8.79262  1.39%  1483 5061s
 444385 316498    8.90519   74 1808    8.91657    8.79262  1.39%  1483 5098s
 449825 320630    8.91060  123 1659    8.91657    8.79265  1.39%  1477 5130s
 454528 322515     cutoff   87         8.91657    8.79265  1.39%  1472 5165s
 456951 324443    8.91107   91 1756    8.91657    8.79265  1.39%  1476 5210s
 459554 327040    8.82908   60 1916    8.91657    8.79276  1.39%  1484 5261s
 462818 331492    8.81612   53 1937    8.91657    8.79281  1.39%  1489 5312s
 468360 333488    8.82127   61 1939    8.91657    8.79284  1.39%  1488 5353s
 470855 336142    8.83509   66 2035    8.91657    8.79289  1.39%  1494 5397s
 474137 341168     cutoff  109         8.91657    8.79292  1.39%  1498 5442s
 479873 345127    8.90451   95 1777    8.91657    8.79294  1.39%  1494 5477s
 484538 347387    8.83822   71 1937    8.91657    8.79295  1.39%  1491 5512s
 487414 351357    8.89205   70 1776    8.91657    8.79295  1.39%  1492 5552s
 492291 354303    8.79817   39 1911    8.91657    8.79301  1.39%  1489 5582s
 495613 357910    8.89432   89 1717    8.91657    8.79301  1.39%  1486 5612s
 499901 361478    8.82795   64 1808    8.91657    8.79304  1.39%  1483 5640s
 503861 363762    8.90669  131 1589    8.91657    8.79304  1.39%  1479 5667s
 506898 365266    8.82182   59 2004    8.91657    8.79304  1.39%  1479 5694s
 509159 368181    8.80138   40 2003    8.91657    8.79308  1.38%  1481 5724s
 512840 370080    8.91404   86 1809    8.91657    8.79308  1.38%  1479 5752s
 515174 372326 infeasible   82         8.91657    8.79313  1.38%  1480 5787s
 517973 376560    8.90184   94 1715    8.91657    8.79316  1.38%  1483 5827s
 522880 378942    8.89573   71 1936    8.91657    8.79317  1.38%  1481 5858s
 526064 381535    8.83629   67 1926    8.91657    8.79318  1.38%  1481 5889s
 529506 383222    8.81660   57 1947    8.91657    8.79323  1.38%  1480 5920s
 531563 387005    8.90990   90 1666    8.91657    8.79323  1.38%  1481 5954s
 535867 388895    8.90449   79 1851    8.91657    8.79325  1.38%  1478 5984s
 538147 390591    8.90409   81 1858    8.91657    8.79326  1.38%  1481 6017s
 540287 393036    8.91459   81 1838    8.91657    8.79332  1.38%  1484 6052s
 543539 395080    8.80621   45 1960    8.91657    8.79333  1.38%  1485 6087s
 546147 396882    8.91041   85 1873    8.91657    8.79335  1.38%  1488 6123s
 548360 400330    8.83612   71 1884    8.91657    8.79337  1.38%  1491 6172s
 552912 402608    8.90047   72 1924    8.91657    8.79343  1.38%  1493 6212s
 555707 406224    8.90823   95 1636    8.91657    8.79345  1.38%  1497 6253s
 560014 409488    8.79929   44 2032    8.91657    8.79345  1.38%  1497 6291s
 563888 414562    8.82061   55 1907    8.91657    8.79347  1.38%  1497 6328s
 569662 418092     cutoff  149         8.91657    8.79350  1.38%  1492 6359s
 573824 420020    8.80536   47 2101    8.91657    8.79350  1.38%  1489 6387s
 576123 421724    8.80976   51 1904    8.91657    8.79351  1.38%  1491 6421s
 578215 425539    8.80710   48 1984    8.91657    8.79353  1.38%  1495 6472s
 583020 428037    8.89686   72 1915    8.91657    8.79359  1.38%  1493 6513s
 586188 431210    8.81344   47 1959    8.91657    8.79360  1.38%  1496 6553s
 589880 437174    8.89290   73 1759    8.91657    8.79365  1.38%  1496 6591s
 596702 439975    8.79701   40 1920    8.91657    8.79365  1.38%  1488 6621s
 600310 441838    8.89240   80 1746    8.91657    8.79365  1.38%  1487 6649s
 602611 443435    8.90130   79 1875    8.91657    8.79366  1.38%  1488 6679s
 604651 446072    8.82506   62 2110    8.91657    8.79373  1.38%  1491 6712s
 607721 450628    8.80955   50 1924    8.91657    8.79374  1.38%  1492 6748s
 612762 452365    8.90090   93 1605    8.91657    8.79375  1.38%  1488 6770s
 614850 455543    8.81805   54 1885    8.91657    8.79376  1.38%  1489 6796s
 618433 458448    8.90807  100 1654    8.91657    8.79376  1.38%  1486 6821s
 621796 459619    8.91448  107 1792    8.91657    8.79377  1.38%  1484 6845s
 623300 461103    8.90327   72 1940    8.91657    8.79377  1.38%  1485 6873s
 625109 462653    8.83388   59 1972    8.91657    8.79380  1.38%  1487 6902s
 627049 464407    8.81195   53 2026    8.91657    8.79381  1.38%  1489 6935s
 629197 466264    8.81725   54 1927    8.91657    8.79385  1.38%  1492 6970s
 631470 469559    8.82077   55 1927    8.91657    8.79385  1.38%  1495 7007s
 635295 474266    8.81870   57 1968    8.91657    8.79390  1.38%  1495 7043s
 640534 476097    8.81027   49 1982    8.91657    8.79390  1.38%  1491 7077s
 642861 479137    8.81063   50 2040    8.91657    8.79392  1.38%  1494 7125s
 646565 483555    8.84598   67 1916    8.91657    8.79394  1.38%  1496 7168s
 651695 487240     cutoff   78         8.91657    8.79395  1.38%  1495 7202s
 655998 491034    8.91350  125 1587    8.91657    8.79395  1.38%  1493 7235s
 660238 494881    8.90036  115 1691    8.91657    8.79399  1.37%  1488 7266s
 664546 496625    8.83153   65 1953    8.91657    8.79399  1.37%  1486 7294s
 667060 499002    8.82788   64 1995    8.91657    8.79399  1.37%  1486 7325s
 669928 501680    8.89698   63 1992    8.91657    8.79402  1.37%  1487 7359s
 673172 505944    8.82125   52 1907    8.91657    8.79403  1.37%  1487 7393s
 678022 508258    8.91129  132 1657    8.91657    8.79404  1.37%  1484 7419s
 680848 510302    8.82880   58 1984    8.91657    8.79404  1.37%  1484 7447s
 683455 512202    8.81814   56 1975    8.91657    8.79406  1.37%  1484 7475s
 685856 514402    8.81114   52 1943    8.91657    8.79408  1.37%  1486 7507s
 688530 516384    8.81216   49 2049    8.91657    8.79409  1.37%  1486 7540s
 690995 518261     cutoff   85         8.91657    8.79410  1.37%  1488 7573s
 693296 519631    8.90557   77 1834    8.91657    8.79412  1.37%  1491 7609s
 695013 522780    8.82880   62 1863    8.91657    8.79413  1.37%  1493 7649s
 698679 527188    8.82676   62 1872    8.91657    8.79417  1.37%  1494 7687s
 703617 529226    8.83233   65 1884    8.91657    8.79417  1.37%  1491 7721s
 706131 531571    8.83275   65 1951    8.91657    8.79419  1.37%  1494 7765s
 709082 534406    8.90204   92 1608    8.91657    8.79421  1.37%  1497 7810s
 712641 537568     cutoff   88         8.91657    8.79422  1.37%  1500 7856s
 716493 541958    8.81893   55 2035    8.91657    8.79424  1.37%  1501 7898s
 721949 545094     cutoff  110         8.91657    8.79426  1.37%  1498 7933s
 725752 549984    8.91601  128 1668    8.91657    8.79428  1.37%  1498 7967s
 731408 553910    8.81871   55 1949    8.91657    8.79429  1.37%  1492 7995s
 735911 556928    8.91540  127 1600    8.91657    8.79430  1.37%  1489 8029s
 739338 559470    8.80770   45 2050    8.91657    8.79431  1.37%  1489 8062s
 742582 562180    8.90785  127 1498    8.91657    8.79431  1.37%  1489 8094s
 746041 564165    8.88928   80 1778    8.91657    8.79433  1.37%  1489 8125s
 748497 566487    8.83697   67 1993    8.91657    8.79433  1.37%  1489 8158s
 751280 568266    8.82092   59 1939    8.91657    8.79437  1.37%  1491 8193s
 753489 571740    8.81515   55 2028    8.91657    8.79437  1.37%  1493 8230s
 757792 574818    8.82730   64 1910    8.91657    8.79438  1.37%  1492 8264s
 761676 576747    8.90604  100 1744    8.91657    8.79441  1.37%  1491 8297s
 764112 579509    8.91436   95 1646    8.91657    8.79442  1.37%  1492 8332s
 767461 583568    8.91583  131 1683    8.91657    8.79444  1.37%  1493 8367s
 772095 585450    8.82545   55 1924    8.91657    8.79444  1.37%  1491 8392s
 774623 586654    8.83520   70 1685    8.91657    8.79446  1.37%  1491 8418s
 776339 588555    8.91057  136 1625    8.91657    8.79446  1.37%  1492 8448s
 778951 590403    8.82769   58 2120    8.91657    8.79447  1.37%  1493 8480s
 781203 592046    8.81970   58 2019    8.91657    8.79449  1.37%  1495 8513s
 783091 596179    8.91387   87 1747    8.91657    8.79450  1.37%  1496 8551s
 787862 598386     cutoff   84         8.91657    8.79450  1.37%  1494 8584s
 790539 600267    8.91333   82 1818    8.91657    8.79450  1.37%  1495 8618s
 792924 602462     cutoff   84         8.91657    8.79450  1.37%  1497 8654s
 795673 604583    8.91116   97 1712    8.91657    8.79455  1.37%  1498 8691s
 798336 606381    8.81728   58 1829    8.91657    8.79457  1.37%  1501 8725s
 800617 608867    8.80435   47 2003    8.91657    8.79458  1.37%  1503 8773s
 803737 611718    8.81962   59 1925    8.91657    8.79460  1.37%  1506 8823s
 807327 614290    8.90731   97 1718    8.91657    8.79462  1.37%  1509 8870s
 810513 616388    8.81946   58 1905    8.91657    8.79464  1.37%  1512 8917s
 813171 619226    8.90238   83 1773    8.91657    8.79466  1.37%  1516 8966s
 816709 621716    8.80633   47 1925    8.91657    8.79468  1.37%  1518 9014s
 819780 624647    8.82286   58 1972    8.91657    8.79469  1.37%  1521 9064s
 823613 626999    8.82071   57 1977    8.91657    8.79472  1.37%  1523 9113s
 826548 631384    8.79908   43 1885    8.91657    8.79472  1.37%  1526 9160s
 832036 634771     cutoff  100         8.91657    8.79475  1.37%  1525 9195s
 836162 636699    8.89745   85 1794    8.91657    8.79475  1.37%  1523 9223s
 838581 638988    8.79790   41 1980    8.91657    8.79477  1.37%  1524 9255s
 841366 642417    8.91174   80 1821    8.91657    8.79478  1.37%  1525 9287s
 845221 644613    8.82425   52 1957    8.91657    8.79478  1.37%  1523 9317s
 848041 646207    8.91622   85 1899    8.91657    8.79479  1.37%  1524 9349s
 850058 648211     cutoff   94         8.91657    8.79481  1.37%  1526 9383s
 852582 650550    8.83595   68 1921    8.91657    8.79484  1.37%  1527 9419s
 855731 651878    8.83668   65 1929    8.91657    8.79486  1.37%  1528 9456s
 857693 655724     cutoff   92         8.91657    8.79486  1.37%  1530 9497s
 862484 659364     cutoff   75         8.91657    8.79488  1.36%  1528 9531s
 866977 662380    8.91345   91 1889    8.91657    8.79489  1.36%  1526 9557s
 870720 664275    8.81281   50 1996    8.91657    8.79491  1.36%  1524 9581s
 873108 665515    8.89462   69 2029    8.91657    8.79491  1.36%  1524 9606s
 874665 667766     cutoff   90         8.91657    8.79491  1.36%  1525 9635s
 877484 670048 infeasible   65         8.91657    8.79492  1.36%  1525 9663s
 880715 672786    8.83005   68 1841    8.91657    8.79495  1.36%  1524 9692s
 884163 674698    8.83865   69 1815    8.91657    8.79496  1.36%  1523 9722s
 886561 676354    8.90063   83 1749    8.91657    8.79498  1.36%  1524 9752s
 888696 678162    8.82376   57 2027    8.91657    8.79499  1.36%  1526 9785s
 891087 680610    8.81118   50 2017    8.91657    8.79500  1.36%  1527 9820s
 894020 684903    8.91642   88 1731    8.91657    8.79502  1.36%  1528 9855s
 898930 687828    8.82200   56 2092    8.91657    8.79502  1.36%  1525 9878s
 902657 689142     cutoff   86         8.91657    8.79503  1.36%  1523 9901s
 904434 690606    8.81076   49 2005    8.91657    8.79504  1.36%  1523 9926s
 906347 693027    8.91435   80 1871    8.91657    8.79505  1.36%  1524 9953s
 909415 694961    8.81234   45 2017    8.91657    8.79505  1.36%  1523 9979s
 911714 696464    8.91478   78 1955    8.91657    8.79506  1.36%  1523 10007s
 913654 698286    8.91337   84 1751    8.91657    8.79507  1.36%  1525 10038s
 915918 700614    8.91378   89 1800    8.91657    8.79510  1.36%  1526 10071s
 918750 703376    8.82144   56 1968    8.91657    8.79510  1.36%  1527 10105s
 922040 707606    8.81871   53 2054    8.91657    8.79511  1.36%  1527 10139s
 926838 711759    8.91606  115 1664    8.91657    8.79512  1.36%  1525 10176s
 931876 713470    8.82380   59 1987    8.91657    8.79513  1.36%  1522 10199s
 934065 714883    8.80679   48 1980    8.91657    8.79513  1.36%  1522 10224s
 935866 715902     cutoff   83         8.91657    8.79514  1.36%  1524 10253s
 937094 717855    8.89600   75 1841    8.91657    8.79515  1.36%  1525 10285s
 939521 721994    8.83514   67 1764    8.91657    8.79516  1.36%  1526 10321s
 944300 725650    8.83792   62 1850    8.91657    8.79517  1.36%  1524 10350s
 949014 727300    8.81391   57 1920    8.91657    8.79518  1.36%  1521 10377s
 951096 728794     cutoff   86         8.91657    8.79519  1.36%  1522 10406s
 952948 730722    8.91031   82 1896    8.91657    8.79520  1.36%  1523 10438s
 955365 734105    8.91069   76 1964    8.91657    8.79520  1.36%  1524 10472s
 959576 738653    8.82404   65 1740    8.91657    8.79522  1.36%  1523 10506s
 964732 740604    8.80750   49 1962    8.91657    8.79523  1.36%  1520 10528s
 967154 742931    8.80036   37 1976    8.91657    8.79523  1.36%  1519 10553s
 970497 744872    8.80868   44 2054    8.91657    8.79523  1.36%  1518 10578s
 972697 747001    8.82142   55 2031    8.91657    8.79526  1.36%  1518 10605s
 975151 749879    8.83388   65 1838    8.91657    8.79526  1.36%  1518 10632s
 978757 749910    8.89952   74 1819    8.91657    8.79526  1.36%  1517 10698s
 978841 751533    8.90470   74 1882    8.91657    8.79526  1.36%  1517 10726s
 981376 753285    8.91014   80 1820    8.91657    8.79526  1.36%  1517 10754s
 983687 757328    8.82065   58 1917    8.91657    8.79527  1.36%  1518 10785s
 988155 758785    8.81168   54 2040    8.91657    8.79527  1.36%  1516 10813s
 989945 760731    8.82847   63 2024    8.91657    8.79527  1.36%  1516 10847s
 992469 764800    8.88792   79 1712    8.91657    8.79530  1.36%  1517 10891s
 997189 770103    8.90018  119 1689    8.91657    8.79532  1.36%  1517 10926s
 1003401 772848    8.83228   67 1858    8.91657    8.79532  1.36%  1512 10953s
 1006973 774592    8.80482   50 1993    8.91657    8.79532  1.36%  1511 10979s
 1009138 776202    8.90172   79 1892    8.91657    8.79534  1.36%  1511 11007s
 1011112 777738    8.83785   65 1910    8.91657    8.79534  1.36%  1512 11036s
 1013109 779306    8.81888   55 2001    8.91657    8.79536  1.36%  1514 11069s
 1015120 782439    8.80854   51 1941    8.91657    8.79537  1.36%  1516 11104s
 1018972 784559    8.84057   71 1849    8.91657    8.79539  1.36%  1515 11138s
 1021669 787507    8.83161   67 1767    8.91657    8.79539  1.36%  1516 11179s
 1025688 790482    8.91337   77 1914    8.91657    8.79541  1.36%  1516 11217s
 1029222 795477    8.90019  101 1606    8.91657    8.79543  1.36%  1516 11253s
 1034835 797261    8.91142   76 1908    8.91657    8.79543  1.36%  1513 11282s
 1037175 798681    8.89258   78 1835    8.91657    8.79543  1.36%  1514 11312s
 1039043 801410    8.80657   46 2046    8.91657    8.79546  1.36%  1515 11346s
 1042228 806357    8.88342   69 1790    8.91657    8.79547  1.36%  1515 11380s
 1047803 807964    8.81445   56 2028    8.91657    8.79547  1.36%  1512 11409s
 1049846 810546 infeasible   35         8.91657    8.79548  1.36%  1513 11443s
 1052921 815128    8.89949   92 1666    8.91657    8.79549  1.36%  1513 11480s
 1058170 817927    8.80750   47 2060    8.91657    8.79550  1.36%  1511 11508s
 1061669 819943    8.80520   45 1905    8.91657    8.79551  1.36%  1510 11535s
 1064193 822035    8.83843   68 1823    8.91657    8.79551  1.36%  1510 11563s
 1066862 824388     cutoff  103         8.91657    8.79551  1.36%  1510 11592s
 1069757 826606    8.91320   85 1789    8.91657    8.79552  1.36%  1510 11622s
 1072513 829989    8.88904   80 1714    8.91657    8.79553  1.36%  1511 11653s
 1076380 833000    8.83078   65 1887    8.91657    8.79553  1.36%  1509 11684s
 1079964 837709    8.82319   58 2011    8.91657    8.79554  1.36%  1508 11717s
 1085297 838714    8.89648   73 1742    8.91657    8.79554  1.36%  1506 11738s
 1086502 840344    8.79703   41 1906    8.91657    8.79554  1.36%  1506 11764s
 1088541 842862    8.89619   85 1691    8.91657    8.79555  1.36%  1506 11792s
 1091800 845388    8.83350   61 1941    8.91657    8.79556  1.36%  1506 11821s
 1094834 849503    8.88727   75 1701    8.91657    8.79557  1.36%  1506 11850s
 1099428 851424    8.91545  179 1440    8.91657    8.79557  1.36%  1503 11876s
 1101863 852837    8.81113   44 1938    8.91657    8.79559  1.36%  1503 11904s
 1103674 854768    8.90649   78 1850    8.91657    8.79559  1.36%  1505 11933s
 1105966 858501    8.83251   69 1786    8.91657    8.79560  1.36%  1505 11966s
 1110173 860818    8.82307   59 2009    8.91657    8.79561  1.36%  1504 12000s
 1113037 864312    8.82663   60 1966    8.91657    8.79562  1.36%  1505 12040s
 1117472 866708     cutoff  128         8.91657    8.79564  1.36%  1504 12071s
 1120552 869490    8.80977   52 1945    8.91657    8.79565  1.36%  1504 12105s
 1123836 874457    8.81918   57 1953    8.91657    8.79566  1.36%  1504 12138s
 1129403 878140    8.90794  127 1616    8.91657    8.79566  1.36%  1501 12165s
 1133573 881169    8.90290  103 1821    8.91657    8.79566  1.36%  1499 12192s
 1137114 884240    8.82905   59 1958    8.91657    8.79567  1.36%  1497 12217s
 1140487 886817    8.91646  129 1517    8.91657    8.79567  1.36%  1496 12251s
 1143487 889192    8.90900   75 1986    8.91657    8.79568  1.36%  1495 12288s
 1146414 894458     cutoff   75         8.91657    8.79570  1.36%  1496 12326s
 1152338 896328    8.83999   64 1988    8.91657    8.79570  1.36%  1493 12355s
 1154650 898255    8.83136   61 1943    8.91657    8.79571  1.36%  1494 12387s
 1157107 901067    8.81626   49 2022    8.91657    8.79572  1.36%  1495 12419s
 1160473 905404    8.88810   70 1718    8.91657    8.79574  1.36%  1495 12452s
 1165302 909222    8.80749   46 1915    8.91657    8.79574  1.36%  1492 12480s
 1169671 911660    8.91293  127 1638    8.91657    8.79574  1.36%  1490 12514s
 1172954 913617    8.90519   93 1545    8.91657    8.79575  1.35%  1490 12547s
 1175383 915680     cutoff   85         8.91657    8.79576  1.35%  1492 12585s
 1177924 919220     cutoff   96         8.91657    8.79577  1.35%  1493 12626s
 1182092 922051    8.89764   76 1876    8.91657    8.79578  1.35%  1492 12663s
 1185594 925556     cutoff  107         8.91657    8.79579  1.35%  1493 12700s
 1189656 931468    8.89844   70 1897    8.91657    8.79580  1.35%  1492 12735s
 1196234 934808    8.89895   72 1830    8.91657    8.79580  1.35%  1488 12762s
 1200006 937145    8.82809   64 1989    8.91657    8.79582  1.35%  1487 12797s
 1203260 939030    8.90221   79 1765    8.91657    8.79582  1.35%  1487 12831s
 1205772 941930    8.90814   80 1890    8.91657    8.79583  1.35%  1488 12868s
 1209203 946852    8.89892   78 1710    8.91657    8.79584  1.35%  1489 12905s
H1213983 946852                       8.9165713    8.79584  1.35%  1487 12905s
 1214938 948948    8.91493  101 1715    8.91657    8.79584  1.35%  1486 12935s
 1217596 950570     cutoff  118         8.91657    8.79584  1.35%  1486 12966s
 1220121 952695    8.91461   92 1790    8.91657    8.79585  1.35%  1487 12998s
 1223274 954569    8.83396   63 1823    8.91657    8.79586  1.35%  1487 13031s
 1225718 958378    8.83666   61 1986    8.91657    8.79586  1.35%  1488 13066s
 1230470 962835    8.83746   71 1740    8.91657    8.79588  1.35%  1486 13099s
 1235458 965023    8.80681   46 2040    8.91657    8.79588  1.35%  1484 13122s
 1238134 966748     cutoff   81         8.91657    8.79589  1.35%  1484 13146s
 1240274 968594    8.90292   92 1791    8.91657    8.79589  1.35%  1484 13173s
 1242713 971306    8.82966   66 1847    8.91657    8.79589  1.35%  1485 13201s
 1245713 975069    8.90098  109 1611    8.91657    8.79591  1.35%  1484 13231s
 1250088 977319    8.82242   54 2162    8.91657    8.79591  1.35%  1482 13257s
 1252901 979160    8.82920   57 2076    8.91657    8.79592  1.35%  1482 13284s
 1255168 982229    8.82433   55 2051    8.91657    8.79592  1.35%  1483 13312s
 1258578 985388    8.89929   96 1806    8.91657    8.79592  1.35%  1482 13341s
 1262365 990025    8.81935   59 1932    8.91657    8.79593  1.35%  1481 13376s
 1267618 991563    8.91428  139 1531    8.91657    8.79594  1.35%  1478 13398s
 1269500 993221    8.81770   49 1988    8.91657    8.79594  1.35%  1478 13422s
 1271498 996405    8.89716   93 1698    8.91657    8.79594  1.35%  1478 13451s
 1275294 998075    8.84177   69 1882    8.91657    8.79595  1.35%  1477 13476s
 1277438 999719    8.82672   61 1970    8.91657    8.79597  1.35%  1478 13504s
 1279488 1001324    8.81653   53 1930    8.91657    8.79597  1.35%  1479 13535s
 1281560 1002856    8.82172   56 2055    8.91657    8.79597  1.35%  1480 13567s
 1283500 1005871    8.83598   64 1974    8.91657    8.79597  1.35%  1482 13603s
 1287085 1008295    8.90614   72 1848    8.91657    8.79599  1.35%  1482 13637s
 1290181 1011481    8.91413  102 1649    8.91657    8.79599  1.35%  1482 13673s
 1293924 1015687    8.83300   67 1799    8.91657    8.79601  1.35%  1482 13706s
 1298661 1017067    8.91553  179 1563    8.91657    8.79601  1.35%  1480 13731s
 1300448 1018405    8.82583   58 1982    8.91657    8.79601  1.35%  1480 13759s
 1302162 1020496    8.83610   70 1887    8.91657    8.79603  1.35%  1482 13791s
 1304737 1024332    8.83183   67 1845    8.91657    8.79603  1.35%  1483 13824s
 1309054 1026818    8.83163   55 2009    8.91657    8.79604  1.35%  1482 13854s
 1312093 1028803    8.90719   71 1979    8.91657    8.79604  1.35%  1480 13885s
 1314726 1030311    8.83788   76 1875    8.91657    8.79605  1.35%  1481 13918s
 1316612 1032385    8.88695   67 1950    8.91657    8.79606  1.35%  1483 13953s
 1319227 1034689    8.89703   74 1957    8.91657    8.79607  1.35%  1484 13989s
 1322234 1038433     cutoff   87         8.91657    8.79608  1.35%  1485 14027s
 1326524 1040844    8.82523   59 1985    8.91657    8.79608  1.35%  1484 14061s
 1329415 1043708    8.83103   59 2071    8.91657    8.79609  1.35%  1485 14099s
 1332891 1046305    8.90268   68 1926    8.91657    8.79610  1.35%  1485 14135s
 1336142 1049918     cutoff   84         8.91657    8.79610  1.35%  1485 14171s
 1340688 1053536    8.83611   72 1761    8.91657    8.79611  1.35%  1484 14204s
 1344814 1055472    8.91628  148 1673    8.91657    8.79612  1.35%  1483 14234s
 1347241 1056737     cutoff  103         8.91657    8.79612  1.35%  1484 14267s
 1348830 1059456    8.83382   64 2031    8.91657    8.79613  1.35%  1485 14303s
 1352107 1062894    8.89968   72 1897    8.91657    8.79614  1.35%  1485 14337s
 1356521 1065553    8.83978   73 1845    8.91657    8.79615  1.35%  1484 14371s
 1360244 1067807    8.83763   71 1885    8.91657    8.79616  1.35%  1484 14401s
 1363010 1073032    8.83060   65 1827    8.91657    8.79617  1.35%  1484 14433s
 1368994 1076024 infeasible   75         8.91657    8.79617  1.35%  1481 14457s
 1372516 1078024    8.83576   64 1890    8.91657    8.79618  1.35%  1480 14481s
 1374918 1081469    8.81099   56 1858    8.91657    8.79618  1.35%  1480 14506s
 1378835 1084112    8.89584   92 1706    8.91657    8.79618  1.35%  1478 14530s
 1381995 1085472    8.82659   62 2010    8.91657    8.79619  1.35%  1477 14555s
 1383726 1087022    8.80208   49 1994    8.91657    8.79619  1.35%  1478 14581s
 1385610 1088726     cutoff   90         8.91657    8.79620  1.35%  1479 14615s
 1387766 1092031    8.82452   57 2092    8.91657    8.79620  1.35%  1480 14664s
 1391704 1096571    8.91112   79 1924    8.91657    8.79622  1.35%  1481 14709s
 1396965 1098378    8.82080   54 1970    8.91657    8.79623  1.35%  1480 14744s
 1399253 1100635    8.80241   44 1874    8.91657    8.79624  1.35%  1481 14782s
 1402349 1102577    8.91595   83 1890    8.91657    8.79624  1.35%  1481 14820s
 1404990 1104736     cutoff   86         8.91657    8.79626  1.35%  1483 14860s
 1407736 1108061    8.82059   61 1816    8.91657    8.79626  1.35%  1484 14901s
 1411721 1111431    8.83752   63 1895    8.91657    8.79627  1.35%  1484 14940s
 1416275 1114714    8.83641   64 1847    8.91657    8.79628  1.35%  1483 14973s
 1420919 1116329    8.82400   58 1962    8.91657    8.79629  1.35%  1482 14997s
 1423002 1118789    8.81366   51 2012    8.91657    8.79629  1.35%  1482 15025s
 1426057 1122251    8.83433   65 1798    8.91657    8.79630  1.35%  1482 15053s
 1430426 1124515    8.80707   48 1978    8.91657    8.79630  1.35%  1480 15079s
 1433071 1126984    8.89662   89 1774    8.91657    8.79632  1.35%  1480 15107s
 1436049 1128655    8.89385   71 1948    8.91657    8.79632  1.35%  1480 15133s
 1438128 1130056    8.83139   63 1950    8.91657    8.79632  1.35%  1480 15164s
 1439979 1132093    8.89458   69 1954    8.91657    8.79633  1.35%  1482 15195s
 1442563 1134146    8.89730   84 1734    8.91657    8.79634  1.35%  1482 15229s
 1445042 1136220    8.90903  118 1657    8.91657    8.79634  1.35%  1483 15265s
 1447785 1137928    8.90081   77 1878    8.91657    8.79635  1.35%  1484 15298s
 1449881 1141074    8.89751   72 1967    8.91657    8.79636  1.35%  1485 15351s
 1453881 1144433    8.81046   51 2022    8.91657    8.79637  1.35%  1486 15395s
 1457902 1149755    8.88743   73 1761    8.91657    8.79638  1.35%  1487 15438s
 1464303 1154054    8.81822   57 1937    8.91657    8.79639  1.35%  1485 15471s
 1469346 1155938    8.89887   75 1912    8.91657    8.79639  1.35%  1483 15498s
 1471792 1157382    8.90143   83 1747    8.91657    8.79639  1.35%  1483 15528s
 1473602 1159994    8.89723   75 1854    8.91657    8.79640  1.35%  1484 15561s
 1476864 1163057    8.89292   70 1792    8.91657    8.79641  1.35%  1484 15594s
 1480827 1165524    8.88347   66 1799    8.91657    8.79641  1.35%  1484 15622s
 1483824 1167776     cutoff  155         8.91657    8.79643  1.35%  1483 15651s
 1486673 1169781    8.82505   56 2105    8.91657    8.79643  1.35%  1484 15682s
 1489228 1172469    8.81749   58 1989    8.91657    8.79644  1.35%  1484 15714s
 1492774 1174191    8.90324   73 1804    8.91657    8.79645  1.35%  1484 15745s
 1494950 1176293    8.91398  117 1629    8.91657    8.79646  1.35%  1485 15779s
 1497562 1179952    8.82428   60 1904    8.91657    8.79646  1.35%  1484 15815s
 1502194 1184362    8.82009   61 1922    8.91657    8.79647  1.35%  1483 15845s
 1507188 1186849    8.90665  162 1578    8.91657    8.79648  1.35%  1481 15880s
 1510265 1188869    8.91350  125 1628    8.91657    8.79648  1.35%  1482 15916s
 1512854 1190849    8.80715   47 1993    8.91657    8.79650  1.35%  1483 15954s
 1515328 1193152     cutoff  129         8.91657    8.79651  1.35%  1484 15996s
 1518203 1195929    8.89927   77 1743    8.91657    8.79652  1.35%  1486 16039s
 1521557 1199502     cutoff   82         8.91657    8.79653  1.35%  1487 16081s
 1526251 1201578    8.91381   80 1853    8.91657    8.79654  1.35%  1487 16119s
 1528938 1205497     cutoff   79         8.91657    8.79655  1.35%  1488 16160s
 1533580 1209568    8.90314   99 1659    8.91657    8.79656  1.35%  1487 16196s
 1538434 1211556     cutoff   86         8.91657    8.79656  1.35%  1486 16229s
 1540940 1213840    8.91032   82 1790    8.91657    8.79657  1.35%  1487 16271s
 1543826 1215776 infeasible   83         8.91657    8.79658  1.35%  1488 16317s
H1543982 1215739                       8.9165670    8.79658  1.35%  1488 16317s
 1546429 1219445    8.91645  102 1682    8.91657    8.79659  1.35%  1490 16366s
 1550835 1224451    8.90750  111 1625    8.91657    8.79659  1.35%  1490 16410s
 1556861 1226819    8.89484   69 1994    8.91657    8.79659  1.35%  1489 16445s
 1559794 1226963    8.89328   67 1933    8.91657    8.79661  1.35%  1490 16513s
H1559923 1226963                       8.9165669    8.79661  1.35%  1490 16513s
 1559974 1229298    8.89554   68 1973    8.91657    8.79661  1.35%  1490 16551s
 1562904 1232511    8.82137   56 1881    8.91657    8.79662  1.35%  1491 16590s
 1567073 1234932    8.91498  104 1828    8.91657    8.79663  1.35%  1491 16627s
H1567570 1234932                       8.9165669    8.79663  1.35%  1490 16627s
H1568283 1234928                       8.9165667    8.79663  1.35%  1490 16627s
 1570108 1239331    8.83545   74 1755    8.91657    8.79663  1.35%  1490 16662s
 1575414 1240863    8.90321   82 1773    8.91657    8.79664  1.34%  1488 16684s
 1577453 1242346    8.83462   67 1921    8.91657    8.79664  1.34%  1488 16708s
 1579243 1243621    8.81372   55 1988    8.91657    8.79665  1.34%  1489 16735s
 1580838 1245084    8.89519   74 1850    8.91657    8.79665  1.34%  1490 16764s
 1582644 1247151    8.83047   66 1790    8.91657    8.79666  1.34%  1491 16797s
 1585234 1250161    8.83948   75 1804    8.91657    8.79667  1.34%  1492 16831s
 1589070 1253075    8.82732   61 1932    8.91657    8.79667  1.34%  1491 16864s
 1592787 1255403    8.83339   60 1862    8.91657    8.79668  1.34%  1491 16896s
 1595731 1257205    8.90777   78 1886    8.91657    8.79669  1.34%  1491 16929s
 1598024 1259425    8.82551   55 2107    8.91657    8.79669  1.34%  1492 16965s
 1600736 1261300    8.81651   56 1849    8.91657    8.79670  1.34%  1493 16999s
 1603168 1265370    8.91607  104 1653    8.91657    8.79671  1.34%  1494 17045s
 1608207 1268426    8.91591   80 1993    8.91657    8.79671  1.34%  1493 17079s
 1612165 1270448    8.82833   64 1917    8.91657    8.79672  1.34%  1492 17111s
 1614664 1271832    8.89701   74 1833    8.91657    8.79673  1.34%  1493 17145s
 1616934 1273446    8.81889   51 1999    8.91657    8.79673  1.34%  1494 17179s
 1619129 1275496    8.81850   56 2093    8.91657    8.79674  1.34%  1495 17217s
 1621689 1278104    8.81999   59 1892    8.91657    8.79674  1.34%  1496 17256s
 1624910 1280387    8.83667   69 2007    8.91657    8.79674  1.34%  1497 17296s
 1627827 1283324    8.89816   91 1713    8.91657    8.79676  1.34%  1498 17338s
 1631447 1285323    8.82023   54 2011    8.91657    8.79677  1.34%  1499 17372s
H1633465 1285320                       8.9165667    8.79677  1.34%  1499 17372s
H1633557 1285318                       8.9165666    8.79677  1.34%  1499 17372s
 1633864 1291103    8.84094   71 1835    8.91657    8.79677  1.34%  1499 17419s
 1640788 1293287    8.91624  161 1479    8.91657    8.79678  1.34%  1496 17446s
 1643559 1294494    8.91060   77 1855    8.91657    8.79678  1.34%  1496 17473s
 1645533 1296478    8.91648   84 1842    8.91657    8.79678  1.34%  1497 17503s
 1648116 1299087    8.80115   42 2042    8.91657    8.79679  1.34%  1498 17533s
 1651477 1302059    8.80172   41 2032    8.91657    8.79680  1.34%  1497 17565s
 1655575 1303659    8.81918   51 2005    8.91657    8.79680  1.34%  1496 17594s
 1657715 1305175    8.81987   55 1998    8.91657    8.79681  1.34%  1497 17625s
 1659574 1306876    8.79866   39 1953    8.91657    8.79682  1.34%  1498 17659s
 1661727 1309702    8.81022   54 1838    8.91657    8.79682  1.34%  1499 17693s
 1665011 1314278    8.80258   49 1921    8.91657    8.79683  1.34%  1500 17727s
 1670248 1316662     cutoff  151         8.91657    8.79683  1.34%  1498 17753s
 1673190 1318291    8.82305   63 1968    8.91657    8.79683  1.34%  1497 17780s
 1675307 1319665    8.80517   43 2002    8.91657    8.79684  1.34%  1498 17807s
 1677066 1321858     cutoff  110         8.91657    8.79684  1.34%  1499 17839s
 1679789 1324072    8.90668   75 1853    8.91657    8.79684  1.34%  1499 17871s
 1682493 1325492    8.91093   82 1737    8.91657    8.79685  1.34%  1500 17903s
H1683451 1325492                       8.9165665    8.79685  1.34%  1500 17904s
 1684335 1327619    8.82271   55 2088    8.91657    8.79685  1.34%  1500 17940s
 1687159 1330237    8.82878   66 1949    8.91657    8.79687  1.34%  1501 17977s
 1690621 1332337    8.91057   77 1926    8.91657    8.79687  1.34%  1501 18012s
 1693259 1334831     cutoff   83         8.91657    8.79688  1.34%  1502 18053s
 1696407 1338681    8.82914   62 2034    8.91657    8.79689  1.34%  1503 18094s
 1700891 1343010    8.91315  145 1618    8.91657    8.79690  1.34%  1503 18132s
 1705857 1344434    8.91122  105 1640    8.91657    8.79690  1.34%  1501 18164s
 1707669 1346160    8.91033   77 1939    8.91657    8.79690  1.34%  1502 18199s
 1709827 1347650    8.91177   84 1634    8.91657    8.79691  1.34%  1504 18237s
 1712197 1349761    8.90543   93 1725    8.91657    8.79691  1.34%  1505 18277s
 1714868 1353142     cutoff   80         8.91657    8.79692  1.34%  1506 18318s
 1718933 1357807    8.82883   66 1750    8.91657    8.79693  1.34%  1506 18358s
 1724286 1360795    8.89907   76 1949    8.91657    8.79693  1.34%  1505 18391s
 1728136 1363180    8.91515  102 1739    8.91657    8.79693  1.34%  1505 18420s
 1731397 1364992    8.83404   66 1929    8.91657    8.79694  1.34%  1504 18448s
 1733673 1367338    8.91311   84 1774    8.91657    8.79695  1.34%  1505 18480s
 1736952 1368533    8.82873   59 1963    8.91657    8.79695  1.34%  1505 18511s
H1736999 1368533                       8.9165665    8.79695  1.34%  1505 18512s
H1738447 1368533                       8.9165665    8.79696  1.34%  1505 18512s
 1738478 1371672     cutoff   83         8.91657    8.79696  1.34%  1505 18547s
 1742143 1377113    8.89706   91 1686    8.91657    8.79697  1.34%  1505 18580s
 1748259 1380306    8.83773   69 1831    8.91657    8.79697  1.34%  1502 18608s
 1752010 1383812    8.82735   59 1950    8.91657    8.79697  1.34%  1501 18633s
 1755989 1386660    8.91484  125 1561    8.91657    8.79697  1.34%  1500 18668s
 1759581 1388416    8.91277   94 1620    8.91657    8.79699  1.34%  1500 18698s
 1761777 1390773    8.89637   74 1950    8.91657    8.79699  1.34%  1501 18734s
 1764707 1393233 infeasible   81         8.91657    8.79699  1.34%  1501 18771s
 1767927 1395903    8.82373   56 2017    8.91657    8.79700  1.34%  1502 18807s
 1771225 1398316    8.83969   64 1947    8.91657    8.79701  1.34%  1502 18844s
 1774229 1401860    8.91597   91 1663    8.91657    8.79701  1.34%  1503 18881s
 1778429 1406367    8.89983   85 1738    8.91657    8.79702  1.34%  1502 18916s
 1783494 1408346    8.90843   82 1720    8.91657    8.79702  1.34%  1501 18946s
 1785919 1410257    8.80818   48 2019    8.91657    8.79702  1.34%  1501 18980s
 1788336 1413906    8.80711   46 2075    8.91657    8.79703  1.34%  1502 19025s
 1792638 1418974    8.89604   90 1696    8.91657    8.79704  1.34%  1502 19065s
 1798473 1422432    8.82868   61 1845    8.91657    8.79704  1.34%  1501 19094s
 1802480 1423602    8.81182   49 2038    8.91657    8.79704  1.34%  1500 19122s
 1803876 1425813    8.89912   70 1912    8.91657    8.79704  1.34%  1500 19153s
 1806511 1429640    8.82865   64 1882    8.91657    8.79705  1.34%  1500 19184s
 1810729 1431839    8.82453   60 1976    8.91657    8.79706  1.34%  1499 19214s
 1813523 1434107    8.82576   64 1885    8.91657    8.79706  1.34%  1499 19245s
 1816188 1438279    8.81518   47 2053    8.91657    8.79706  1.34%  1499 19279s
 1820953 1439592    8.90739   94 1698    8.91657    8.79706  1.34%  1498 19303s
 1822655 1441115    8.89635   79 1783    8.91657    8.79707  1.34%  1498 19331s
 1824555 1443232    8.91453   98 1726    8.91657    8.79707  1.34%  1499 19362s
 1827281 1446493     cutoff  100         8.91657    8.79707  1.34%  1500 19394s
 1831390 1448369    8.80918   48 2003    8.91657    8.79708  1.34%  1499 19424s
 1833855 1450029    8.91503   79 1862    8.91657    8.79710  1.34%  1499 19456s
 1835967 1451734    8.82873   62 1980    8.91657    8.79710  1.34%  1500 19491s
 1838149 1453593    8.83519   63 1989    8.91657    8.79710  1.34%  1501 19528s
 1840539 1457603    8.89864   76 1904    8.91657    8.79711  1.34%  1503 19568s
 1845488 1459772    8.81989   55 1911    8.91657    8.79712  1.34%  1502 19602s
 1848150 1463635    8.91458   85 1802    8.91657    8.79712  1.34%  1502 19643s
 1853354 1465413    8.83299   58 1922    8.91657    8.79714  1.34%  1501 19673s
 1855905 1466642    8.82536   65 1783    8.91657    8.79714  1.34%  1502 19705s
 1857502 1469625    8.89944   93 1630    8.91657    8.79714  1.34%  1502 19741s
 1861389 1471280    8.90459   72 1931    8.91657    8.79714  1.34%  1502 19775s
 1863534 1473137    8.90385   77 1896    8.91657    8.79715  1.34%  1503 19812s
 1865828 1476803    8.91563   87 1732    8.91657    8.79716  1.34%  1504 19851s
 1870089 1482442    8.91074  110 1713    8.91657    8.79717  1.34%  1504 19886s
 1876377 1487491    8.83561   65 1892    8.91657    8.79717  1.34%  1501 19921s
 1882120 1489566    8.84180   67 1971    8.91657    8.79717  1.34%  1499 19940s
 1884611 1492192    8.91226   92 1677    8.91657    8.79717  1.34%  1499 19961s
 1887845 1494019    8.90091   91 1734    8.91657    8.79718  1.34%  1498 19983s
 1890163 1495356    8.90390   84 1822    8.91657    8.79718  1.34%  1498 20006s
 1891957 1497201    8.90953   76 1907    8.91657    8.79719  1.34%  1498 20031s
 1894172 1500567    8.83231   72 1710    8.91657    8.79719  1.34%  1499 20059s
 1897955 1502680    8.82048   57 1939    8.91657    8.79719  1.34%  1498 20085s
 1900497 1504050    8.80097   41 2068    8.91657    8.79719  1.34%  1498 20111s
 1902159 1505584    8.89793   80 1881    8.91657    8.79719  1.34%  1498 20141s
 1904062 1507228    8.91334   78 1883    8.91657    8.79720  1.34%  1499 20173s
 1906249 1509326    8.81633   59 1803    8.91657    8.79720  1.34%  1500 20208s
 1908812 1513743    8.81513   48 1997    8.91657    8.79721  1.34%  1501 20250s
 1914265 1516035    8.83259   62 1821    8.91657    8.79722  1.34%  1500 20280s
 1917089 1519063     cutoff   96         8.91657    8.79722  1.34%  1499 20311s
 1920770 1520843    8.83271   59 1893    8.91657    8.79722  1.34%  1499 20342s
 1923151 1522681    8.89533   73 1883    8.91657    8.79723  1.34%  1499 20374s
 1925469 1524597    8.81785   56 1956    8.91657    8.79723  1.34%  1500 20408s
 1927897 1526814    8.83011   62 1903    8.91657    8.79724  1.34%  1501 20444s
 1930785 1529618    8.83074   62 1957    8.91657    8.79725  1.34%  1501 20481s
 1934068 1532044    8.83264   68 1993    8.91657    8.79725  1.34%  1502 20518s
 1937174 1533797    8.90993   80 1843    8.91657    8.79726  1.34%  1502 20551s
 1939441 1539612    8.82417   52 1960    8.91657    8.79726  1.34%  1503 20600s
 1946107 1542603    8.91447  134 1527    8.91657    8.79727  1.34%  1501 20628s
 1949598 1544583    8.89941   76 1823    8.91657    8.79727  1.34%  1501 20656s
 1952002 1546274    8.83363   68 1967    8.91657    8.79728  1.34%  1501 20686s
 1954137 1547422    8.83014   66 1906    8.91657    8.79728  1.34%  1502 20718s
 1955528 1549740    8.81565   51 2074    8.91657    8.79728  1.34%  1502 20753s
 1958479 1553317     cutoff   82         8.91657    8.79729  1.34%  1503 20790s
 1963291 1555288    8.90079   82 1815    8.91657    8.79729  1.34%  1502 20821s
 1965761 1556963    8.91188   90 1777    8.91657    8.79730  1.34%  1502 20853s
 1967858 1558744    8.91656   92 1745    8.91657    8.79731  1.34%  1503 20888s
 1970119 1562083    8.81544   53 2039    8.91657    8.79731  1.34%  1504 20935s
 1974453 1566356    8.82770   58 2017    8.91657    8.79732  1.34%  1505 20976s
 1979918 1568284    8.81321   53 1992    8.91657    8.79733  1.34%  1503 21008s
 1982404 1570681    8.81685   52 1966    8.91657    8.79734  1.34%  1504 21042s
 1985419 1574624    8.81786   55 1935    8.91657    8.79734  1.34%  1504 21076s
 1989923 1578374    8.89791  106 1591    8.91657    8.79734  1.34%  1504 21108s
 1994523 1581780    8.83254   62 1973    8.91657    8.79735  1.34%  1502 21135s
 1998466 1585766    8.83185   66 1949    8.91657    8.79735  1.34%  1501 21169s
 2003480 1587626     cutoff  109         8.91657    8.79736  1.34%  1500 21191s
 2005734 1589171    8.91145   82 1760    8.91657    8.79736  1.34%  1500 21216s
 2007816 1590793     cutoff   99         8.91657    8.79736  1.34%  1500 21244s
 2009832 1593036    8.90803   79 1837    8.91657    8.79737  1.34%  1501 21274s
 2012776 1595384     cutoff  116         8.91657    8.79737  1.34%  1501 21304s
 2015662 1597689    8.91590   86 1849    8.91657    8.79738  1.34%  1501 21336s
 2018596 1599919     cutoff   89         8.91657    8.79738  1.34%  1501 21368s
 2021296 1601890    8.91113   87 1771    8.91657    8.79739  1.34%  1502 21401s
 2023695 1604182    8.89229   78 1843    8.91657    8.79739  1.34%  1502 21436s
 2026554 1606425    8.89288   69 1904    8.91657    8.79739  1.34%  1502 21471s
 2029364 1608467    8.89502   71 1839    8.91657    8.79740  1.34%  1503 21505s
 2031940 1611916    8.83561   73 1868    8.91657    8.79741  1.34%  1503 21547s
 2036279 1614657    8.83566   64 1907    8.91657    8.79742  1.34%  1503 21582s
 2039721 1618377     cutoff  114         8.91657    8.79742  1.34%  1504 21616s
 2044302 1620873    8.81066   46 2102    8.91657    8.79742  1.34%  1503 21648s
 2047460 1622745    8.88754   76 1755    8.91657    8.79743  1.34%  1503 21680s
 2049865 1624758    8.83404   63 1919    8.91657    8.79744  1.34%  1503 21714s
 2052338 1626880    8.90812   76 1832    8.91657    8.79744  1.34%  1504 21748s
 2054919 1629574    8.89953   73 1841    8.91657    8.79744  1.34%  1505 21785s
 2058199 1632007    8.91491   84 1801    8.91657    8.79745  1.34%  1505 21823s
 2061362 1634025    8.83051   66 1748    8.91657    8.79746  1.34%  1506 21856s
 2063983 1636204    8.90341   79 1853    8.91657    8.79746  1.34%  1506 21897s
 2066859 1638748    8.83288   66 1933    8.91657    8.79746  1.34%  1507 21942s
H2067241 1638748                       8.9165664    8.79746  1.34%  1507 21943s
 2070004 1642690    8.82969   61 1736    8.91657    8.79747  1.34%  1508 21988s
 2074819 1645139    8.89517   67 2025    8.91657    8.79747  1.34%  1507 22026s
 2077999 1647569    8.91643   97 1845    8.91657    8.79748  1.34%  1508 22064s
 2080964 1650565    8.80251   39 2029    8.91657    8.79749  1.34%  1509 22103s
 2084505 1654150    8.82187   57 2011    8.91657    8.79749  1.34%  1509 22143s
 2088937 1656875    8.82503   56 1993    8.91657    8.79750  1.34%  1509 22179s
 2092370 1660104     cutoff   93         8.91657    8.79750  1.34%  1509 22213s
 2096095 1664859    8.83262   69 1760    8.91657    8.79751  1.34%  1509 22244s
 2101401 1667660    8.83278   66 1818    8.91657    8.79751  1.34%  1507 22266s
 2104527 1670256     cutoff  133         8.91657    8.79751  1.34%  1506 22289s
 2107581 1673013    8.90709   91 1675    8.91657    8.79751  1.34%  1506 22312s
 2110872 1675780    8.91551  117 1699    8.91657    8.79751  1.34%  1505 22335s
 2114188 1678432    8.90456   85 1721    8.91657    8.79752  1.34%  1504 22358s
 2117639 1680394    8.90248   94 1838    8.91657    8.79752  1.34%  1503 22382s
 2120190 1682288    8.90543   80 1868    8.91657    8.79752  1.34%  1503 22406s
 2122474 1686811    8.81668   52 2181    8.91657    8.79752  1.34%  1503 22440s
 2127534 1688369    8.90001   77 1722    8.91657    8.79753  1.33%  1502 22462s
 2129466 1690061    8.89601   74 1804    8.91657    8.79753  1.33%  1502 22488s
 2131676 1691298    8.81521   53 2078    8.91657    8.79754  1.33%  1502 22517s
 2133316 1694015    8.91520   78 1898    8.91657    8.79754  1.33%  1502 22548s
 2136365 1694648    8.90689   74 1977    8.91657    8.79754  1.33%  1502 22611s
 2137159 1698046    8.90713   75 1967    8.91657    8.79754  1.33%  1502 22647s
 2141234 1699884 infeasible   92         8.91657    8.79754  1.33%  1502 22679s
 2143540 1701956     cutoff   85         8.91657    8.79755  1.33%  1503 22714s
 2146121 1705332    8.90840   83 1762    8.91657    8.79755  1.33%  1503 22750s
 2150385 1707270    8.89744   75 1902    8.91657    8.79756  1.33%  1503 22783s
 2152899 1710194    8.90926   76 1883    8.91657    8.79757  1.33%  1503 22818s
 2156682 1712495    8.83294   73 1773    8.91657    8.79757  1.33%  1503 22848s
 2159513 1716266    8.83392   74 1712    8.91657    8.79758  1.33%  1503 22880s
 2163679 1718403    8.81152   47 1928    8.91657    8.79758  1.33%  1502 22908s
 2166437 1720459    8.81180   48 1883    8.91657    8.79758  1.33%  1502 22937s
 2168886 1724709    8.82166   49 1880    8.91657    8.79759  1.33%  1503 22969s
 2173651 1727292    8.91459   81 1906    8.91657    8.79759  1.33%  1501 22996s
 2176810 1729950    8.91021   71 2000    8.91657    8.79760  1.33%  1501 23024s
 2180152 1732083    8.80222   48 1926    8.91657    8.79760  1.33%  1501 23052s
 2182916 1733937    8.88806   82 1699    8.91657    8.79760  1.33%  1501 23085s
 2185323 1736268    8.91351   88 1801    8.91657    8.79761  1.33%  1501 23132s
 2188298 1737949    8.82672   66 1944    8.91657    8.79762  1.33%  1503 23180s
 2190470 1743396    8.82795   61 1934    8.91657    8.79763  1.33%  1504 23234s
 2196734 1748368    8.90840  123 1705    8.91657    8.79763  1.33%  1503 23273s
 2202493 1752511    8.90601  113 1700    8.91657    8.79763  1.33%  1502 23306s
 2207347 1755303    8.89135   71 1844    8.91657    8.79763  1.33%  1501 23334s
 2210517 1758933    8.91165  133 1739    8.91657    8.79763  1.33%  1500 23362s
 2215183 1761778    8.80553   44 2103    8.91657    8.79764  1.33%  1499 23396s
 2218502 1765228    8.90114   81 1623    8.91657    8.79764  1.33%  1499 23429s
 2222955 1767747    8.80192   42 2010    8.91657    8.79765  1.33%  1498 23457s
 2226200 1769752    8.91317   84 1915    8.91657    8.79765  1.33%  1498 23485s
 2228835 1771240    8.90267   79 1750    8.91657    8.79765  1.33%  1498 23515s
 2231207 1773205    8.90037   72 1917    8.91657    8.79766  1.33%  1498 23545s
 2233535 1775466    8.88916   79 1843    8.91657    8.79766  1.33%  1499 23578s
 2236383 1779091    8.90655   91 1733    8.91657    8.79767  1.33%  1499 23612s
 2240788 1781545    8.88971   84 1786    8.91657    8.79767  1.33%  1499 23642s
 2243869 1783969    8.89500   83 1683    8.91657    8.79768  1.33%  1499 23673s
 2246831 1788084    8.90214   90 1699    8.91657    8.79768  1.33%  1499 23707s
 2251445 1790211    8.91408  100 1761    8.91657    8.79768  1.33%  1498 23731s
 2254106 1793009    8.82811   64 1807    8.91657    8.79769  1.33%  1498 23757s
 2257324 1795090    8.89149   92 1685    8.91657    8.79769  1.33%  1497 23783s
 2259804 1796533    8.90904  162 1582    8.91657    8.79769  1.33%  1497 23810s
 2261670 1798316    8.83658   64 2017    8.91657    8.79770  1.33%  1497 23840s
 2263888 1800948    8.83456   58 1934    8.91657    8.79770  1.33%  1498 23873s
 2267045 1804616    8.82169   53 2053    8.91657    8.79771  1.33%  1498 23904s
 2271210 1806708    8.89369   74 1881    8.91657    8.79771  1.33%  1497 23934s
 2273845 1809679    8.89413   69 1983    8.91657    8.79771  1.33%  1497 23966s
 2277659 1811643     cutoff  101         8.91657    8.79772  1.33%  1497 24001s
 2280185 1815684    8.81945   56 2034    8.91657    8.79772  1.33%  1498 24043s
 2284845 1819721    8.90845   78 1902    8.91657    8.79773  1.33%  1497 24078s
 2289534 1821423    8.89868   73 1865    8.91657    8.79773  1.33%  1496 24108s
 2291680 1823211    8.82736   62 1958    8.91657    8.79774  1.33%  1497 24139s
 2293957 1825200    8.90512   74 1859    8.91657    8.79774  1.33%  1498 24173s
 2296486 1827465    8.89542   70 1949    8.91657    8.79775  1.33%  1498 24209s
 2299428 1829846    8.90194   95 1651    8.91657    8.79775  1.33%  1499 24245s
 2302534 1832415    8.82309   59 1949    8.91657    8.79775  1.33%  1499 24283s
 2305641 1835157    8.90818   76 1808    8.91657    8.79776  1.33%  1500 24320s
 2308803 1839738    8.82507   67 1788    8.91657    8.79776  1.33%  1499 24355s
 2313958 1841375    8.91583  172 1593    8.91657    8.79777  1.33%  1498 24376s
 2316008 1843936    8.89120   83 1745    8.91657    8.79777  1.33%  1498 24401s
 2318900 1846902    8.91569  186 1538    8.91657    8.79777  1.33%  1498 24427s
 2322496 1849406    8.81207   49 2049    8.91657    8.79777  1.33%  1497 24451s
 2325701 1851594    8.91586  119 1811    8.91657    8.79777  1.33%  1496 24478s
 2328400 1853784    8.83826   64 1929    8.91657    8.79778  1.33%  1496 24504s
 2331042 1855706    8.90407   72 1954    8.91657    8.79778  1.33%  1496 24532s
 2333374 1857329    8.90769   79 1888    8.91657    8.79778  1.33%  1497 24561s
 2335843 1859561    8.91499   92 1857    8.91657    8.79779  1.33%  1497 24592s
 2338731 1861745    8.84585   62 1964    8.91657    8.79779  1.33%  1497 24626s
 2341537 1864856    8.82140   58 1978    8.91657    8.79779  1.33%  1498 24665s
 2345816 1867641    8.82300   59 1987    8.91657    8.79780  1.33%  1497 24698s
 2349685 1870327    8.91601   99 1878    8.91657    8.79780  1.33%  1497 24729s
 2353164 1873467    8.83630   69 1919    8.91657    8.79781  1.33%  1497 24760s
 2357180 1875477    8.90401   84 1812    8.91657    8.79781  1.33%  1496 24789s
 2359771 1877772    8.90905   84 1788    8.91657    8.79782  1.33%  1496 24820s
 2362531 1881077    8.88418   72 1810    8.91657    8.79782  1.33%  1496 24852s
 2366191 1884075    8.91625  210 1522    8.91657    8.79782  1.33%  1495 24882s
 2369724 1887140    8.90657   89 1864    8.91657    8.79782  1.33%  1495 24916s
 2373751 1888744    8.82937   59 2000    8.91657    8.79783  1.33%  1495 24942s
 2375735 1890776    8.82310   60 2119    8.91657    8.79784  1.33%  1495 24975s
 2378291 1894629    8.83221   64 1843    8.91657    8.79784  1.33%  1496 25010s
 2382725 1897057    8.83832   71 1784    8.91657    8.79784  1.33%  1495 25041s
 2385803 1899661     cutoff   82         8.91657    8.79784  1.33%  1495 25073s
 2388961 1904295    8.89426  114 1525    8.91657    8.79785  1.33%  1495 25106s
 2394068 1906561     cutoff  317         8.91657    8.79785  1.33%  1493 25134s
 2396760 1909787    8.82707   66 1816    8.91657    8.79785  1.33%  1494 25163s
 2400346 1912357    8.91381  121 1575    8.91657    8.79786  1.33%  1493 25196s
 2403552 1915055    8.81635   53 2008    8.91657    8.79786  1.33%  1493 25231s
 2406785 1919865    8.82056   59 1944    8.91657    8.79786  1.33%  1493 25265s
 2412224 1921917    8.91598  172 1502    8.91657    8.79787  1.33%  1492 25293s
 2414739 1923797    8.90981   79 1849    8.91657    8.79787  1.33%  1492 25321s
 2417097 1925313    8.90442   77 1899    8.91657    8.79787  1.33%  1492 25352s
 2418987 1927363    8.82759   61 1767    8.91657    8.79788  1.33%  1492 25386s
 2421607 1929343    8.91542   76 1959    8.91657    8.79788  1.33%  1493 25421s
 2424174 1931919    8.90331   83 1731    8.91657    8.79788  1.33%  1493 25458s
 2427421 1934129    8.90965   72 1868    8.91657    8.79789  1.33%  1494 25494s
 2430309 1935884    8.91012  115 1746    8.91657    8.79789  1.33%  1494 25528s
 2432543 1939693    8.80708   44 2011    8.91657    8.79789  1.33%  1495 25576s
 2437364 1942844    8.82633   59 2065    8.91657    8.79789  1.33%  1495 25613s
 2441124 1946709    8.83353   64 1783    8.91657    8.79791  1.33%  1495 25649s
 2445628 1949175    8.90873  135 1535    8.91657    8.79791  1.33%  1494 25681s
 2448825 1951315    8.83738   62 1881    8.91657    8.79791  1.33%  1494 25713s
 2451450 1953989    8.83528   68 1941    8.91657    8.79792  1.33%  1495 25747s
 2454614 1958068    8.83226   60 1954    8.91657    8.79792  1.33%  1495 25781s
 2459205 1961101    8.89968   82 1746    8.91657    8.79792  1.33%  1494 25815s
 2462748 1965592    8.90716  117 1566    8.91657    8.79793  1.33%  1494 25847s
 2467725 1968989    8.90151   92 1704    8.91657    8.79793  1.33%  1493 25871s
 2471576 1972345    8.82773   68 1734    8.91657    8.79793  1.33%  1492 25895s
 2475496 1974630    8.91382  150 1623    8.91657    8.79793  1.33%  1491 25917s
 2478288 1976186    8.82699   63 1787    8.91657    8.79793  1.33%  1490 25941s
 2480010 1979492    8.88706   80 1775    8.91657    8.79794  1.33%  1490 25965s
 2483861 1981848    8.91449  174 1588    8.91657    8.79794  1.33%  1489 25989s
 2486917 1983253    8.81082   52 1996    8.91657    8.79794  1.33%  1489 26013s
 2488899 1985504    8.89182   84 1645    8.91657    8.79795  1.33%  1489 26045s
 2492358 1988456     cutoff  153         8.91657    8.79795  1.33%  1489 26076s
 2496155 1991617    8.83963   70 1775    8.91657    8.79795  1.33%  1489 26106s
 2500396 1993305    8.82751   55 2001    8.91657    8.79796  1.33%  1488 26133s
 2502580 1994884    8.83589   71 1878    8.91657    8.79796  1.33%  1488 26161s
 2504589 1996552    8.89718   76 1924    8.91657    8.79796  1.33%  1488 26192s
 2506752 1999030    8.90103   76 1876    8.91657    8.79797  1.33%  1489 26224s
 2509676 2003560    8.83264   63 1859    8.91657    8.79797  1.33%  1489 26257s
 2514871 2006100    8.81926   55 1881    8.91657    8.79798  1.33%  1488 26286s
 2518092 2009565    8.80298   44 1866    8.91657    8.79798  1.33%  1488 26320s
 2522460 2012024    8.83328   74 1771    8.91657    8.79799  1.33%  1487 26346s
 2525305 2013873     cutoff  127         8.91657    8.79799  1.33%  1487 26372s
 2527816 2015415    8.91526   92 1582    8.91657    8.79799  1.33%  1487 26400s
 2529767 2016446     cutoff  120         8.91657    8.79799  1.33%  1488 26431s
 2531056 2018157    8.83466   69 1955    8.91657    8.79799  1.33%  1488 26465s
 2533259 2020098    8.82307   63 1982    8.91657    8.79800  1.33%  1489 26502s
 2535772 2022384    8.81934   57 1980    8.91657    8.79800  1.33%  1490 26540s
 2538719 2024946    8.89379   75 1938    8.91657    8.79801  1.33%  1490 26579s
 2541997 2027962     cutoff  123         8.91657    8.79801  1.33%  1491 26617s
 2545845 2031098    8.89895   89 1700    8.91657    8.79802  1.33%  1491 26654s
 2549682 2033296    8.83773   62 1996    8.91657    8.79802  1.33%  1491 26687s
 2552529 2035422    8.91061   92 1794    8.91657    8.79802  1.33%  1491 26725s
 2555235 2038223    8.90225   84 1775    8.91657    8.79804  1.33%  1492 26768s
 2558868 2040996    8.83102   58 1974    8.91657    8.79804  1.33%  1492 26808s
 2562396 2044832    8.82505   59 1857    8.91657    8.79804  1.33%  1493 26847s
 2566806 2049610    8.83800   69 1876    8.91657    8.79805  1.33%  1492 26882s
 2572573 2051223    8.91520  113 1715    8.91657    8.79805  1.33%  1491 26911s
 2574647 2053871     cutoff   81         8.91657    8.79805  1.33%  1492 26942s
 2578054 2056347    8.83132   56 1960    8.91657    8.79806  1.33%  1491 26974s
 2581272 2058306    8.91631   92 1875    8.91657    8.79806  1.33%  1491 27008s
 2583758 2060400    8.80383   41 1932    8.91657    8.79806  1.33%  1492 27051s
 2586394 2061121    8.83269   71 1759    8.91657    8.79807  1.33%  1492 27124s
 2587323 2066144    8.89967  106 1653    8.91657    8.79807  1.33%  1492 27182s
 2593523 2069161    8.89564   72 1879    8.91657    8.79807  1.33%  1492 27227s
 2597276 2071909    8.81797   51 2031    8.91657    8.79808  1.33%  1493 27268s
 2600874 2074242    8.81436   52 1983    8.91657    8.79808  1.33%  1493 27306s
 2603854 2076525    8.82349   60 1919    8.91657    8.79809  1.33%  1494 27347s
 2606799 2079067    8.83904   68 1936    8.91657    8.79809  1.33%  1494 27389s
 2610030 2081163    8.91242   92 1763    8.91657    8.79810  1.33%  1495 27430s
 2612739 2083799     cutoff  142         8.91657    8.79810  1.33%  1496 27464s
 2616211 2086946    8.81381   52 1932    8.91657    8.79811  1.33%  1496 27496s
 2619895 2091330    8.91114  130 1552    8.91657    8.79811  1.33%  1495 27526s
 2624859 2094351    8.83800   68 1868    8.91657    8.79811  1.33%  1494 27551s
 2628258 2096626    8.91020  100 1666    8.91657    8.79811  1.33%  1494 27577s
 2631076 2097934    8.90975   99 1641    8.91657    8.79811  1.33%  1494 27603s
 2632798 2099474    8.89863   85 1769    8.91657    8.79812  1.33%  1494 27632s
 2634764 2101914    8.89984   74 1885    8.91657    8.79813  1.33%  1494 27663s
 2637631 2104722    8.82994   64 1959    8.91657    8.79813  1.33%  1495 27695s
 2640734 2107743    8.80359   48 2034    8.91657    8.79813  1.33%  1494 27727s
 2644377 2110055     cutoff   97         8.91657    8.79813  1.33%  1494 27761s
 2647301 2113075    8.83069   64 1884    8.91657    8.79813  1.33%  1494 27799s
 2651211 2115033    8.89336   67 1938    8.91657    8.79814  1.33%  1494 27831s
 2653681 2116679    8.90288   83 1823    8.91657    8.79815  1.33%  1495 27866s
 2655775 2119568 infeasible   97         8.91657    8.79815  1.33%  1496 27906s
 2659413 2122563    8.80760   46 1957    8.91657    8.79815  1.33%  1496 27943s
 2663082 2124960    8.91623  139 1492    8.91657    8.79815  1.33%  1496 27979s
 2666196 2127336     cutoff  100         8.91657    8.79816  1.33%  1496 28016s
 2669289 2129339     cutoff  114         8.91657    8.79817  1.33%  1497 28053s
 2671822 2132712    8.90530   83 1891    8.91657    8.79817  1.33%  1497 28094s
 2675856 2137270    8.90567  115 1582    8.91657    8.79817  1.33%  1497 28127s
 2681229 2139628    8.83965   67 1900    8.91657    8.79818  1.33%  1496 28148s
 2684238 2142030    8.81975   56 2003    8.91657    8.79818  1.33%  1495 28170s
 2687520 2142889    8.83376   63 1911    8.91657    8.79818  1.33%  1495 28191s
 2688677 2144149    8.80250   47 1945    8.91657    8.79818  1.33%  1495 28216s
 2690301 2145374    8.90709   83 1796    8.91657    8.79819  1.33%  1495 28241s
 2691868 2146384    8.90693   77 1863    8.91657    8.79819  1.33%  1496 28271s
 2693372 2148852    8.82606   59 1942    8.91657    8.79819  1.33%  1496 28303s
 2696886 2150597    8.91644  107 1875    8.91657    8.79819  1.33%  1496 28334s
 2699210 2154124    8.91444  125 1644    8.91657    8.79820  1.33%  1497 28367s
 2703456 2156041    8.91465   92 1741    8.91657    8.79820  1.33%  1496 28396s
 2705959 2157791    8.91126   76 1886    8.91657    8.79820  1.33%  1496 28429s
 2708225 2160447    8.89399   73 1952    8.91657    8.79821  1.33%  1497 28477s
 2711535 2165697    8.80702   49 1953    8.91657    8.79821  1.33%  1498 28524s
 2717578 2169565    8.83374   68 1855    8.91657    8.79822  1.33%  1497 28559s
 2722049 2174103    8.91522  135 1539    8.91657    8.79822  1.33%  1497 28590s
 2727103 2176599    8.81090   45 1943    8.91657    8.79822  1.33%  1495 28618s
 2730137 2179959    8.80149   38 2097    8.91657    8.79822  1.33%  1495 28646s
 2733927 2183712    8.90492   88 1698    8.91657    8.79822  1.33%  1495 28673s
 2738254 2185397    8.90127   78 1834    8.91657    8.79823  1.33%  1494 28707s
 2740407 2190575    8.82174   59 1944    8.91657    8.79823  1.33%  1494 28756s
 2746416 2193153    8.84030   78 1732    8.91657    8.79824  1.33%  1493 28787s
 2749560 2195550    8.82304   55 2071    8.91657    8.79824  1.33%  1494 28819s
 2752541 2198024    8.82541   56 1961    8.91657    8.79824  1.33%  1494 28852s
 2755652 2200037    8.81404   53 2018    8.91657    8.79824  1.33%  1494 28885s
 2758150 2203214    8.82768   64 1841    8.91657    8.79825  1.33%  1494 28921s
 2762362 2205547     cutoff  102         8.91657    8.79825  1.33%  1494 28953s
 2765451 2207630     cutoff   88         8.91657    8.79826  1.33%  1494 28987s
 2768043 2209377    8.81815   52 1979    8.91657    8.79826  1.33%  1495 29020s
 2770293 2211921    8.89214   67 2037    8.91657    8.79827  1.33%  1495 29068s
 2773490 2217015    8.91202  106 1624    8.91657    8.79827  1.33%  1496 29115s
 2779904 2221689    8.90653  158 1599    8.91657    8.79828  1.33%  1495 29149s
 2785118 2223649    8.83202   66 1780    8.91657    8.79828  1.33%  1494 29178s
 2787560 2225121    8.83831   71 1984    8.91657    8.79828  1.33%  1495 29209s
 2789461 2226417    8.82029   55 2022    8.91657    8.79828  1.33%  1495 29243s
 2791042 2229440     cutoff   80         8.91657    8.79829  1.33%  1496 29279s
 2795102 2231247    8.90905   85 1748    8.91657    8.79829  1.33%  1495 29313s
 2797398 2234166    8.80011   42 2032    8.91657    8.79830  1.33%  1496 29347s
 2801259 2236394     cutoff   90         8.91657    8.79830  1.33%  1496 29376s
 2804057 2238623    8.90650   89 1685    8.91657    8.79830  1.33%  1496 29406s
 2806818 2240634    8.89668   73 1940    8.91657    8.79831  1.33%  1496 29438s
 2809358 2242542    8.90394   78 1773    8.91657    8.79831  1.33%  1496 29471s
 2811774 2244743    8.91082   89 1546    8.91657    8.79831  1.33%  1497 29506s
 2814592 2246691    8.82960   61 1930    8.91657    8.79832  1.33%  1497 29541s
 2817036 2250114    8.90051   71 1975    8.91657    8.79832  1.33%  1498 29581s
 2821371 2254270    8.80550   42 1946    8.91657    8.79832  1.33%  1498 29616s
 2826038 2258665    8.88797   90 1634    8.91657    8.79833  1.33%  1497 29648s
 2831284 2262580    8.90835  163 1513    8.91657    8.79833  1.33%  1496 29682s
 2835920 2263853    8.90093   79 1756    8.91657    8.79833  1.33%  1495 29705s
 2837618 2265315    8.81449   51 1948    8.91657    8.79833  1.33%  1496 29733s
 2839451 2267380     cutoff   86         8.91657    8.79833  1.33%  1496 29767s
 2841928 2270050    8.90926   81 1817    8.91657    8.79834  1.33%  1496 29801s
 2845567 2271943    8.83180   63 1909    8.91657    8.79834  1.33%  1496 29833s
 2848011 2273344    8.81414   51 2024    8.91657    8.79835  1.33%  1497 29868s
 2849800 2275564    8.90417   74 1963    8.91657    8.79835  1.33%  1497 29906s
 2852573 2277814    8.90605   87 1770    8.91657    8.79835  1.33%  1498 29945s
 2855497 2281281    8.81635   47 2055    8.91657    8.79836  1.33%  1499 29986s
 2859748 2283801    8.83229   53 2066    8.91657    8.79836  1.33%  1499 30023s
 2863011 2285611     cutoff   87         8.91657    8.79836  1.33%  1499 30057s
 2865301 2288722    8.83654   66 1960    8.91657    8.79837  1.33%  1499 30103s
 2869316 2292380    8.82493   56 1909    8.91657    8.79837  1.33%  1500 30145s
 2873581 2295025    8.81601   57 1874    8.91657    8.79837  1.33%  1500 30182s
 2876869 2297114    8.83768   62 1937    8.91657    8.79838  1.33%  1500 30220s
 2879596 2299393    8.80485   43 1898    8.91657    8.79838  1.33%  1500 30258s
 2882575 2302075    8.81479   54 2007    8.91657    8.79838  1.33%  1501 30297s
 2885897 2305462    8.90181   95 1669    8.91657    8.79839  1.33%  1501 30336s
 2889975 2308144    8.89614   72 1689    8.91657    8.79839  1.33%  1501 30373s
 2893324 2309526    8.90141   72 1901    8.91657    8.79839  1.33%  1502 30407s
 2895067 2313863    8.89932   98 1622    8.91657    8.79839  1.33%  1502 30468s
 2900572 2316572    8.81676   58 1860    8.91657    8.79840  1.33%  1502 30509s
 2904145 2319429    8.83809   71 1774    8.91657    8.79841  1.33%  1503 30549s
 2907737 2321860    8.89790   69 1838    8.91657    8.79841  1.33%  1503 30588s
 2910875 2323818    8.90417   76 1958    8.91657    8.79841  1.33%  1503 30628s
 2913463 2325512     cutoff   95         8.91657    8.79841  1.33%  1504 30670s
 2915980 2328019    8.91199   86 1797    8.91657    8.79842  1.33%  1505 30712s
 2919250 2330583    8.81416   51 2046    8.91657    8.79842  1.32%  1506 30755s
 2922640 2331968    8.83342   69 1955    8.91657    8.79843  1.32%  1506 30789s
 2924909 2333704    8.90654   83 1834    8.91657    8.79843  1.32%  1507 30836s
 2927781 2336322     cutoff   83         8.91657    8.79843  1.32%  1508 30887s
 2931146 2340255    8.82025   58 1847    8.91657    8.79844  1.32%  1509 30937s
 2936312 2341858    8.82686   69 1845    8.91657    8.79845  1.32%  1509 30979s
H2938127 2341858                       8.9165664    8.79845  1.32%  1509 30979s
 2938381 2344385    8.81827   56 1952    8.91657    8.79845  1.32%  1509 31024s
 2941559 2347032    8.90475   83 1770    8.91657    8.79845  1.32%  1510 31070s
 2944973 2349883    8.82141   58 1866    8.91657    8.79846  1.32%  1511 31114s
 2948560 2354971    8.91507   80 1841    8.91657    8.79846  1.32%  1511 31157s
 2954526 2358344    8.82043   55 2092    8.91657    8.79847  1.32%  1511 31191s
 2958479 2359796    8.82604   63 1956    8.91657    8.79847  1.32%  1510 31219s
 2960372 2361440    8.83911   72 1970    8.91657    8.79847  1.32%  1511 31252s
 2962476 2363383    8.89861   73 1913    8.91657    8.79848  1.32%  1511 31290s
 2964959 2365484     cutoff   98         8.91657    8.79848  1.32%  1512 31329s
 2967761 2368064    8.82408   60 1978    8.91657    8.79849  1.32%  1513 31370s
 2971044 2372133    8.91145   88 1711    8.91657    8.79849  1.32%  1513 31411s
 2976374 2375695    8.83317   65 1990    8.91657    8.79849  1.32%  1512 31446s
 2980515 2378090    8.82300   62 1873    8.91657    8.79850  1.32%  1512 31477s
 2983514 2380229    8.81636   51 2037    8.91657    8.79850  1.32%  1512 31511s
 2986274 2384479    8.90775   77 1853    8.91657    8.79850  1.32%  1513 31550s
 2991242 2386561    8.82727   58 1957    8.91657    8.79851  1.32%  1512 31580s
 2993888 2388266    8.81512   52 1980    8.91657    8.79851  1.32%  1512 31614s
 2995942 2391228     cutoff   80         8.91657    8.79851  1.32%  1512 31650s
 2999389 2394138    8.90106   82 1738    8.91657    8.79851  1.32%  1512 31686s
 3002894 2396684     cutoff  125         8.91657    8.79852  1.32%  1512 31719s
 3005854 2399766    8.91634   85 1851    8.91657    8.79852  1.32%  1512 31753s
 3009541 2403915    8.90100   94 1699    8.91657    8.79852  1.32%  1512 31787s
 3014344 2406089    8.91201   84 1845    8.91657    8.79852  1.32%  1511 31821s
 3017104 2409054    8.91149  124 1580    8.91657    8.79853  1.32%  1512 31860s
 3020777 2411646    8.80550   49 1927    8.91657    8.79853  1.32%  1512 31897s
 3024060 2414144    8.80028   46 2011    8.91657    8.79853  1.32%  1512 31935s
 3027315 2417150    8.83476   59 2036    8.91657    8.79854  1.32%  1512 31971s
 3031226 2419035    8.89754   72 1933    8.91657    8.79854  1.32%  1512 32006s
 3033631 2421209    8.80337   42 1969    8.91657    8.79855  1.32%  1513 32043s
 3036351 2423133    8.82129   59 2011    8.91657    8.79855  1.32%  1513 32081s
 3038847 2425371    8.89362   68 1936    8.91657    8.79856  1.32%  1514 32121s
 3041722 2428825    8.90167   75 1965    8.91657    8.79856  1.32%  1514 32162s
 3045767 2433048    8.91101  127 1571    8.91657    8.79856  1.32%  1514 32196s
 3050533 2434091    8.90921   78 1854    8.91657    8.79856  1.32%  1513 32220s
 3051819 2436677    8.82292   62 1900    8.91657    8.79856  1.32%  1513 32249s
 3055186 2438352    8.82875   58 1961    8.91657    8.79857  1.32%  1513 32277s
 3057304 2440944    8.83228   67 1915    8.91657    8.79857  1.32%  1513 32308s
 3060867 2443291    8.83072   60 1829    8.91657    8.79857  1.32%  1513 32337s
 3064146 2445524    8.91568  129 1664    8.91657    8.79858  1.32%  1513 32367s
 3067021 2447678    8.91555   83 1838    8.91657    8.79858  1.32%  1513 32398s
 3069676 2449370    8.91475   89 1708    8.91657    8.79858  1.32%  1513 32429s
 3072026 2452224    8.81798   54 2000    8.91657    8.79858  1.32%  1514 32463s
 3075797 2453981    8.83280   60 1887    8.91657    8.79859  1.32%  1513 32496s
 3078093 2456602    8.90271   77 1920    8.91657    8.79859  1.32%  1514 32543s
 3081357 2459566     cutoff   84         8.91657    8.79860  1.32%  1515 32590s
 3085088 2463312    8.82260   52 1995    8.91657    8.79860  1.32%  1515 32636s
 3089407 2467286    8.91234  122 1577    8.91657    8.79860  1.32%  1516 32677s
 3094066 2471873    8.91031  140 1586    8.91657    8.79861  1.32%  1515 32713s
 3099454 2472859    8.81896   53 2014    8.91657    8.79861  1.32%  1514 32745s
 3100996 2474708    8.91198   75 1920    8.91657    8.79861  1.32%  1515 32779s
 3103577 2476595    8.91632   85 1887    8.91657    8.79861  1.32%  1515 32814s
 3105958 2478575    8.90147   76 1889    8.91657    8.79861  1.32%  1516 32849s
 3108480 2478989    8.90198   84 1753    8.91657    8.79862  1.32%  1516 32919s
 3109003 2483655    8.91625  110 1611    8.91657    8.79862  1.32%  1516 32977s
 3114915 2487539    8.91421  119 1590    8.91657    8.79862  1.32%  1516 33017s
 3119548 2489706    8.91542  107 1789    8.91657    8.79863  1.32%  1516 33052s
 3122307 2493179    8.81075   49 1920    8.91657    8.79863  1.32%  1516 33089s
 3126675 2495998    8.89540   72 1843    8.91657    8.79863  1.32%  1516 33124s
 3130349 2498767    8.90861   79 1840    8.91657    8.79864  1.32%  1516 33155s
 3133743 2502055    8.82819   55 1971    8.91657    8.79864  1.32%  1516 33187s
 3137894 2505940    8.83219   66 1840    8.91657    8.79864  1.32%  1515 33221s
 3142384 2507729    8.89461   87 1721    8.91657    8.79864  1.32%  1515 33245s
 3144667 2509744    8.89424   67 1962    8.91657    8.79864  1.32%  1515 33274s
 3147204 2511808    8.83385   62 1941    8.91657    8.79865  1.32%  1515 33304s
 3149819 2513046     cutoff   97         8.91657    8.79865  1.32%  1515 33336s
 3151447 2516106    8.89775   80 1834    8.91657    8.79865  1.32%  1516 33371s
 3155394 2517871    8.82513   59 1945    8.91657    8.79866  1.32%  1515 33403s
 3157727 2520014    8.81009   50 1949    8.91657    8.79866  1.32%  1516 33438s
 3160449 2521960    8.80553   42 1960    8.91657    8.79867  1.32%  1516 33474s
 3162976 2524198    8.91639   81 1900    8.91657    8.79867  1.32%  1516 33512s
 3165885 2527291    8.81747   55 2003    8.91657    8.79867  1.32%  1517 33551s
 3169524 2532025    8.82431   60 1919    8.91657    8.79867  1.32%  1517 33584s
 3175200 2534105    8.81805   52 1990    8.91657    8.79868  1.32%  1516 33605s
 3177585 2536188    8.83735   77 1774    8.91657    8.79868  1.32%  1516 33627s
 3180169 2537439    8.82319   59 1799    8.91657    8.79868  1.32%  1515 33650s
 3181986 2539106    8.82431   54 2016    8.91657    8.79868  1.32%  1516 33675s
 3184208 2541410    8.83931   57 1919    8.91657    8.79868  1.32%  1516 33701s
 3187163 2543127    8.89506   71 1937    8.91657    8.79869  1.32%  1516 33729s
 3189364 2545018    8.89521   72 1892    8.91657    8.79869  1.32%  1516 33758s
 3191706 2547220    8.82557   64 1824    8.91657    8.79869  1.32%  1516 33789s
 3194358 2549880    8.84086   63 2087    8.91657    8.79870  1.32%  1516 33822s
 3197494 2555202    8.82523   61 1891    8.91657    8.79870  1.32%  1516 33856s
 3203405 2557978    8.90229   65 1967    8.91657    8.79870  1.32%  1515 33890s
 3206778 2559615    8.91241   79 1862    8.91657    8.79870  1.32%  1515 33923s
 3208892 2561901    8.83392   67 1942    8.91657    8.79870  1.32%  1515 33962s
 3212073 2564283    8.91570   90 1882    8.91657    8.79871  1.32%  1515 34001s
 3215249 2566354    8.82065   58 1929    8.91657    8.79871  1.32%  1516 34039s
 3217799 2570897    8.83243   65 1909    8.91657    8.79871  1.32%  1516 34080s
 3223068 2575658    8.82702   63 1957    8.91657    8.79872  1.32%  1516 34115s
 3228557 2578222    8.83643   60 2029    8.91657    8.79872  1.32%  1515 34144s
 3232057 2579976    8.82313   57 1898    8.91657    8.79872  1.32%  1515 34173s
 3234354 2581954    8.83198   67 1953    8.91657    8.79873  1.32%  1515 34207s
 3236783 2584895    8.83570   68 1788    8.91657    8.79873  1.32%  1515 34251s
 3240564 2588196    8.81247   47 1973    8.91657    8.79874  1.32%  1516 34292s
 3244625 2592844    8.82122   56 1911    8.91657    8.79874  1.32%  1516 34330s
 3250020 2595094    8.91041  172 1481    8.91657    8.79874  1.32%  1515 34363s
 3253128 2598614    8.88827   83 1667    8.91657    8.79874  1.32%  1515 34394s
 3257174 2601679    8.83832   70 1790    8.91657    8.79874  1.32%  1515 34424s
 3261010 2603823    8.90343   81 1828    8.91657    8.79875  1.32%  1514 34453s
 3263787 2605688    8.89947   74 1974    8.91657    8.79875  1.32%  1514 34487s
 3266237 2608688    8.90071   75 1891    8.91657    8.79875  1.32%  1515 34531s
 3270213 2611034    8.82554   66 1775    8.91657    8.79876  1.32%  1514 34570s
 3273139 2613293    8.90422   75 1818    8.91657    8.79876  1.32%  1515 34611s
 3275975 2616113    8.91486   98 1643    8.91657    8.79877  1.32%  1515 34653s
 3279459 2618370     cutoff   86         8.91657    8.79877  1.32%  1516 34694s
 3282330 2620874    8.81581   58 1924    8.91657    8.79877  1.32%  1516 34737s
 3285488 2624431    8.83408   66 1804    8.91657    8.79878  1.32%  1517 34780s
 3289836 2626994    8.83884   70 1794    8.91657    8.79878  1.32%  1517 34819s
 3293130 2628992    8.89692   70 1841    8.91657    8.79878  1.32%  1517 34853s
 3295637 2631355     cutoff   88         8.91657    8.79879  1.32%  1518 34896s
 3298645 2633780    8.83095   63 1891    8.91657    8.79879  1.32%  1518 34940s
 3302033 2637258    8.82380   61 1948    8.91657    8.79879  1.32%  1519 34985s
 3306474 2639828     cutoff   64         8.91657    8.79879  1.32%  1519 35025s
 3309827 2643385    8.91513   87 1764    8.91657    8.79880  1.32%  1519 35065s
 3314399 2645391    8.91429   79 1909    8.91657    8.79880  1.32%  1519 35101s
 3316878 2648383    8.84071   70 1907    8.91657    8.79881  1.32%  1519 35140s
 3320725 2650677    8.82419   54 2039    8.91657    8.79881  1.32%  1519 35176s
 3323628 2653150    8.82474   63 1945    8.91657    8.79881  1.32%  1519 35212s
 3326749 2655500    8.82641   52 1995    8.91657    8.79882  1.32%  1519 35247s
 3329774 2658211    8.90158   71 2006    8.91657    8.79882  1.32%  1520 35283s
 3333167 2663253    8.88531   80 1740    8.91657    8.79882  1.32%  1520 35320s
 3338868 2665421     cutoff  224         8.91657    8.79882  1.32%  1519 35349s
 3341660 2667378    8.89773   85 1772    8.91657    8.79883  1.32%  1519 35379s
 3344109 2669146    8.89742   87 1720    8.91657    8.79883  1.32%  1519 35412s
 3346435 2672348    8.89822   90 1674    8.91657    8.79883  1.32%  1520 35446s
 3350495 2674898    8.82637   63 1930    8.91657    8.79884  1.32%  1519 35479s
 3353708 2679194    8.84050   76 1727    8.91657    8.79884  1.32%  1519 35514s
 3358543 2681286    8.82000   58 1944    8.91657    8.79884  1.32%  1519 35537s
 3361197 2682738    8.80501   44 2010    8.91657    8.79884  1.32%  1518 35562s
 3363063 2684052    8.90994   81 1778    8.91657    8.79884  1.32%  1519 35590s
 3365232 2685725    8.82150   62 1836    8.91657    8.79885  1.32%  1519 35621s
 3367520 2687949    8.91569  125 1693    8.91657    8.79885  1.32%  1519 35652s
 3370273 2690003    8.90593   82 1791    8.91657    8.79885  1.32%  1520 35685s
 3372785 2691444    8.91261   88 1694    8.91657    8.79885  1.32%  1520 35719s
 3374606 2693977    8.89623   69 1982    8.91657    8.79885  1.32%  1520 35757s
 3377732 2696474    8.83386   68 1803    8.91657    8.79886  1.32%  1520 35795s
 3380816 2698457    8.83550   68 1862    8.91657    8.79886  1.32%  1521 35833s
 3383460 2701353    8.90471   80 1825    8.91657    8.79886  1.32%  1521 35868s
 3387085 2702913    8.83405   67 1842    8.91657    8.79887  1.32%  1521 35900s
 3389491 2704858    8.83018   64 1973    8.91657    8.79887  1.32%  1521 35935s
 3392163 2707721    8.83280   71 1925    8.91657    8.79887  1.32%  1522 35973s
 3395729 2711736    8.82248   54 2045    8.91657    8.79888  1.32%  1522 36008s
 3400350 2714164     cutoff  105         8.91657    8.79888  1.32%  1521 36040s
 3403433 2716109    8.91010   85 1772    8.91657    8.79888  1.32%  1521 36072s
 3405894 2719927    8.82917   65 1719    8.91657    8.79888  1.32%  1522 36106s
 3410214 2723063    8.83428   57 1987    8.91657    8.79888  1.32%  1521 36138s
 3414215 2727497    8.80355   46 2045    8.91657    8.79888  1.32%  1521 36171s
 3419444 2729314    8.91158  103 1756    8.91657    8.79888  1.32%  1520 36194s
 3421796 2731456    8.83771   69 1948    8.91657    8.79889  1.32%  1520 36219s
 3424566 2733174    8.89445   78 1751    8.91657    8.79889  1.32%  1520 36244s
 3426783 2734053    8.89523   65 1965    8.91657    8.79889  1.32%  1520 36270s
 3427882 2735856    8.91061   73 1906    8.91657    8.79889  1.32%  1520 36300s
 3430234 2737017    8.91228   85 1780    8.91657    8.79890  1.32%  1520 36331s
 3432402 2738684    8.82542   57 2058    8.91657    8.79890  1.32%  1521 36364s
 3434575 2741123    8.81774   57 2094    8.91657    8.79890  1.32%  1521 36400s
 3437651 2744120    8.82642   51 2021    8.91657    8.79891  1.32%  1522 36436s
 3441340 2747191    8.82388   53 2015    8.91657    8.79891  1.32%  1521 36472s
 3445153 2750566    8.81548   51 1970    8.91657    8.79891  1.32%  1521 36507s
 3449019 2754616    8.80849   51 2059    8.91657    8.79891  1.32%  1521 36536s
 3453637 2757578    8.89769   78 1713    8.91657    8.79891  1.32%  1520 36560s
 3456961 2760303     cutoff   97         8.91657    8.79891  1.32%  1520 36585s
 3460319 2762713    8.82539   65 1825    8.91657    8.79891  1.32%  1520 36609s
 3462976 2765069    8.90194  105 1644    8.91657    8.79891  1.32%  1519 36634s
 3465822 2766818    8.83209   66 1914    8.91657    8.79892  1.32%  1519 36659s
 3468059 2768319    8.81805   55 1937    8.91657    8.79892  1.32%  1519 36687s
 3469994 2770114    8.80543   44 1943    8.91657    8.79892  1.32%  1520 36717s
 3472235 2772009     cutoff   81         8.91657    8.79892  1.32%  1520 36748s
 3474613 2774533     cutoff   85         8.91657    8.79893  1.32%  1520 36782s
 3478154 2777597    8.89943   84 1719    8.91657    8.79893  1.32%  1520 36814s
 3481792 2781246    8.89792   72 1759    8.91657    8.79894  1.32%  1520 36843s
 3485924 2783225    8.81899   54 2069    8.91657    8.79894  1.32%  1520 36870s
 3488364 2786929    8.80841   47 1980    8.91657    8.79894  1.32%  1520 36899s
 3492504 2789260    8.91156  120 1712    8.91657    8.79894  1.32%  1519 36926s
 3495297 2790665    8.83821   61 1945    8.91657    8.79894  1.32%  1519 36955s
 3497064 2793171    8.81907   54 1983    8.91657    8.79894  1.32%  1519 36985s
 3500014 2795705    8.90305   91 1696    8.91657    8.79895  1.32%  1519 37016s
 3503151 2798343    8.89407   69 1927    8.91657    8.79895  1.32%  1519 37046s
 3506379 2800692    8.89456   68 1960    8.91657    8.79895  1.32%  1519 37081s
 3509278 2802880    8.90659   99 1732    8.91657    8.79895  1.32%  1519 37119s
 3512074 2805467     cutoff   76         8.91657    8.79896  1.32%  1520 37158s
 3515367 2808236    8.91489   97 1826    8.91657    8.79896  1.32%  1520 37199s
 3518865 2812702    8.90022   83 1738    8.91657    8.79896  1.32%  1520 37239s
 3524153 2817067    8.91500  123 1533    8.91657    8.79897  1.32%  1520 37272s
 3529297 2818897    8.89807   78 1744    8.91657    8.79897  1.32%  1519 37302s
 3531733 2821141    8.89764   74 1845    8.91657    8.79897  1.32%  1519 37333s
 3534487 2825153    8.82700   66 1853    8.91657    8.79897  1.32%  1519 37365s
 3539144 2827480     cutoff  151         8.91657    8.79898  1.32%  1518 37399s
 3542077 2829556    8.80017   39 2077    8.91657    8.79898  1.32%  1519 37437s
 3544792 2833368    8.83401   61 1890    8.91657    8.79898  1.32%  1519 37477s
 3549224 2837788    8.89014   82 1732    8.91657    8.79899  1.32%  1519 37512s
 3554281 2840296    8.83947   70 1939    8.91657    8.79899  1.32%  1518 37544s
 3557204 2843468    8.83308   68 1838    8.91657    8.79899  1.32%  1518 37576s
 3560843 2846490    8.82054   54 1908    8.91657    8.79899  1.32%  1517 37607s
 3564589 2849444    8.83977   66 1848    8.91657    8.79899  1.32%  1517 37636s
 3567896 2852046    8.90653  119 1655    8.91657    8.79899  1.32%  1517 37665s
 3571095 2854333    8.91190   84 1793    8.91657    8.79900  1.32%  1517 37699s
 3574072 2856428    8.90211   68 1994    8.91657    8.79900  1.32%  1517 37738s
 3576720 2858819    8.91423   89 1788    8.91657    8.79900  1.32%  1518 37778s
 3579830 2861808    8.81807   55 1866    8.91657    8.79901  1.32%  1518 37819s
 3583556 2864942    8.90050   75 1788    8.91657    8.79901  1.32%  1518 37858s
 3587414 2868164    8.90593   75 1907    8.91657    8.79901  1.32%  1518 37896s
 3591576 2870397    8.91271   92 1729    8.91657    8.79902  1.32%  1518 37931s
 3594505 2872441    8.91573   87 1803    8.91657    8.79902  1.32%  1518 37967s
 3597236 2874947    8.80678   48 1916    8.91657    8.79902  1.32%  1519 38005s
 3600378 2876637    8.82042   51 2044    8.91657    8.79903  1.32%  1519 38040s
 3602492 2880081    8.89389   64 2060    8.91657    8.79903  1.32%  1519 38091s
 3606853 2883799    8.91544  102 1822    8.91657    8.79903  1.32%  1520 38134s
 3611531 2887239    8.82609   54 1892    8.91657    8.79904  1.32%  1519 38171s
 3616088 2889947    8.82857   65 1817    8.91657    8.79904  1.32%  1519 38203s
 3619393 2894705    8.82635   65 1818    8.91657    8.79905  1.32%  1519 38237s
 3624680 2896639     cutoff  169         8.91657    8.79905  1.32%  1518 38264s
 3627140 2898276    8.90103   67 2055    8.91657    8.79905  1.32%  1518 38295s
 3629260 2899886    8.89461   77 1899    8.91657    8.79905  1.32%  1518 38329s
 3631884 2903329    8.82272   60 1967    8.91657    8.79905  1.32%  1519 38371s
 3636323 2906660    8.83470   67 1933    8.91657    8.79906  1.32%  1519 38406s
 3640547 2908444    8.89080   72 1821    8.91657    8.79906  1.32%  1518 38438s
 3642816 2910451    8.90674   91 1637    8.91657    8.79906  1.32%  1519 38473s
 3645330 2911815    8.90697   90 1626    8.91657    8.79907  1.32%  1519 38508s
 3647064 2915022    8.89441   68 1840    8.91657    8.79907  1.32%  1519 38547s
 3651291 2917989    8.82340   58 1906    8.91657    8.79907  1.32%  1519 38583s
 3654847 2923118    8.82178   61 1931    8.91657    8.79908  1.32%  1519 38620s
 3660553 2925067    8.91498  128 1571    8.91657    8.79908  1.32%  1518 38653s
 3662952 2927688    8.80277   46 1963    8.91657    8.79908  1.32%  1519 38698s
 3666211 2931526    8.89331   65 1917    8.91657    8.79908  1.32%  1519 38743s
 3671049 2935269     cutoff   73         8.91657    8.79909  1.32%  1519 38781s
 3675784 2937477    8.81643   59 1933    8.91657    8.79909  1.32%  1519 38815s
 3678528 2940852    8.81455   53 1942    8.91657    8.79910  1.32%  1519 38850s
 3682504 2944780    8.82878   66 1724    8.91657    8.79910  1.32%  1519 38884s
 3687034 2946864    8.91619  148 1556    8.91657    8.79910  1.32%  1518 38913s
 3689642 2950949    8.82999   61 1874    8.91657    8.79910  1.32%  1518 38947s
 3694284 2952417    8.84169   63 2019    8.91657    8.79910  1.32%  1518 38971s
 3696125 2954143    8.90626   81 1847    8.91657    8.79910  1.32%  1518 39001s
 3698232 2956890    8.90940  118 1628    8.91657    8.79910  1.32%  1518 39033s
 3701474 2959443    8.83898   69 1868    8.91657    8.79911  1.32%  1518 39064s
 3704336 2959513    8.83306   68 1934    8.91657    8.79911  1.32%  1518 39130s
 3704456 2963383    8.83569   69 1940    8.91657    8.79911  1.32%  1518 39164s
 3708918 2968476    8.82399   56 1970    8.91657    8.79911  1.32%  1517 39194s
 3714637 2972947    8.91454  118 1755    8.91657    8.79911  1.32%  1516 39220s
 3719552 2976477    8.82443   66 1837    8.91657    8.79911  1.32%  1515 39254s
 3723845 2978044    8.90529   81 1802    8.91657    8.79912  1.32%  1515 39279s
 3725787 2979458    8.81480   55 1915    8.91657    8.79912  1.32%  1515 39309s
 3727720 2981462    8.82198   54 2035    8.91657    8.79912  1.32%  1515 39343s
 3730327 2983528    8.81987   56 1928    8.91657    8.79913  1.32%  1516 39379s
 3732958 2986334    8.83602   61 1993    8.91657    8.79913  1.32%  1516 39416s
 3736474 2988205    8.91302   87 1707    8.91657    8.79913  1.32%  1516 39452s
 3739244 2990692    8.89778   74 1933    8.91657    8.79913  1.32%  1517 39491s
 3742490 2992821    8.81725   52 1960    8.91657    8.79914  1.32%  1517 39528s
 3745162 2996445    8.83454   65 1976    8.91657    8.79914  1.32%  1517 39567s
 3749331 3002105    8.88450   75 1756    8.91657    8.79914  1.32%  1517 39603s
 3755931 3004233    8.81430   57 2000    8.91657    8.79914  1.32%  1516 39622s
 3758466 3005273    8.83298   70 1807    8.91657    8.79915  1.32%  1516 39642s
 3759766 3007252    8.90576  103 1683    8.91657    8.79915  1.32%  1515 39663s
 3762273 3008799    8.83924   78 1737    8.91657    8.79915  1.32%  1515 39685s
 3764406 3010445    8.82678   63 1855    8.91657    8.79915  1.32%  1515 39710s
 3766423 3012089    8.82478   60 1914    8.91657    8.79915  1.32%  1515 39735s
 3768387 3015004    8.90772   94 1690    8.91657    8.79915  1.32%  1516 39763s
 3771740 3017124    8.89290   83 1695    8.91657    8.79915  1.32%  1515 39790s
 3774390 3018922    8.90962   91 1741    8.91657    8.79916  1.32%  1515 39819s
 3776736 3020637    8.89337   67 2004    8.91657    8.79916  1.32%  1516 39849s
 3778877 3022400    8.89923   71 1951    8.91657    8.79916  1.32%  1516 39883s
 3781143 3025376    8.91106   82 1848    8.91657    8.79916  1.32%  1516 39931s
 3784843 3028618    8.82134   50 1995    8.91657    8.79917  1.32%  1517 39975s
 3788940 3031250    8.80292   44 1953    8.91657    8.79917  1.32%  1517 40015s
 3792454 3033193    8.82336   55 1963    8.91657    8.79918  1.32%  1517 40054s
 3794868 3036966    8.83581   64 1970    8.91657    8.79918  1.32%  1518 40096s
 3799795 3038964    8.82854   60 1989    8.91657    8.79918  1.32%  1518 40133s
 3802379 3041412    8.90843   79 1759    8.91657    8.79918  1.32%  1518 40173s
 3805589 3043831    8.80328   44 2011    8.91657    8.79919  1.32%  1518 40213s
 3808673 3046413    8.81065   53 1926    8.91657    8.79919  1.32%  1518 40246s
 3811932 3049786    8.82329   53 2027    8.91657    8.79919  1.32%  1519 40280s
 3816291 3052046    8.91516   87 1831    8.91657    8.79920  1.32%  1518 40308s
 3819008 3054310    8.91411   99 1755    8.91657    8.79920  1.32%  1518 40338s
 3821889 3056937    8.91514   83 1776    8.91657    8.79920  1.32%  1518 40369s
 3825111 3061629    8.90003   89 1658    8.91657    8.79920  1.32%  1518 40401s
 3830439 3065171    8.84058   73 1698    8.91657    8.79921  1.32%  1517 40427s
 3834302 3067583     cutoff  146         8.91657    8.79921  1.32%  1517 40452s
 3837280 3068975    8.91010   83 1831    8.91657    8.79921  1.32%  1516 40478s
 3839059 3070634    8.83850   69 1980    8.91657    8.79921  1.32%  1517 40511s
 3841126 3073613    8.90561   91 1687    8.91657    8.79921  1.32%  1517 40564s
 3844822 3076324    8.83355   61 1963    8.91657    8.79922  1.32%  1518 40612s
 3848283 3078762    8.90125  105 1556    8.91657    8.79922  1.32%  1518 40658s
 3851673 3081473    8.89751   72 1819    8.91657    8.79923  1.32%  1519 40705s
 3854939 3087466    8.83297   66 1904    8.91657    8.79923  1.32%  1519 40752s
 3861848 3090586     cutoff  103         8.91657    8.79923  1.32%  1518 40786s
 3865927 3092600    8.89984   73 1868    8.91657    8.79924  1.32%  1518 40818s
 3868476 3094687    8.83841   71 1931    8.91657    8.79924  1.32%  1518 40852s
 3871054 3097318    8.83297   62 2003    8.91657    8.79924  1.32%  1519 40895s
 3874431 3099515    8.83865   67 1874    8.91657    8.79925  1.32%  1519 40937s
 3877201 3103054    8.81179   49 1982    8.91657    8.79925  1.32%  1520 40980s
 3881791 3105697    8.82216   57 1901    8.91657    8.79925  1.32%  1519 41018s
 3884985 3107767    8.89996   82 1831    8.91657    8.79925  1.32%  1520 41057s
 3887670 3111558    8.90547   80 1731    8.91657    8.79926  1.32%  1520 41098s
 3892003 3116080    8.89899   77 1865    8.91657    8.79926  1.32%  1520 41136s
 3897313 3118336    8.90227   77 1893    8.91657    8.79926  1.32%  1519 41168s
 3900078 3120840    8.89098   62 1900    8.91657    8.79926  1.32%  1520 41202s
 3903281 3122741    8.90864   82 1828    8.91657    8.79926  1.32%  1520 41237s
 3905755 3124209    8.82714   59 1964    8.91657    8.79927  1.32%  1520 41275s
 3907595 3126529    8.91368   86 1832    8.91657    8.79927  1.32%  1520 41320s
 3910559 3129847    8.83454   66 1852    8.91657    8.79928  1.32%  1521 41364s
 3914642 3135605    8.83177   69 1695    8.91657    8.79928  1.32%  1521 41408s
 3921268 3139109    8.91408  138 1515    8.91657    8.79928  1.32%  1520 41439s
 3925892 3141957    8.82904   60 1994    8.91657    8.79928  1.32%  1520 41468s
 3929499 3144547     cutoff  103         8.91657    8.79928  1.32%  1519 41503s
 3932915 3146583    8.89581   70 1950    8.91657    8.79929  1.32%  1519 41536s
 3935597 3148344    8.82390   59 1922    8.91657    8.79929  1.32%  1520 41572s
 3937854 3150208    8.81662   53 1996    8.91657    8.79929  1.32%  1520 41612s
 3940192 3152826    8.83321   66 1958    8.91657    8.79929  1.32%  1521 41654s
 3943459 3155196    8.90535   87 1726    8.91657    8.79930  1.32%  1521 41696s
 3946485 3158812    8.91328   90 1629    8.91657    8.79931  1.32%  1522 41738s
 3950772 3161793    8.81324   51 1941    8.91657    8.79931  1.32%  1522 41776s
 3954558 3163867    8.82888   65 1952    8.91657    8.79931  1.32%  1522 41814s
 3957253 3166181    8.91172   76 1937    8.91657    8.79931  1.31%  1522 41852s
 3960134 3167420 infeasible   38         8.91657    8.79932  1.31%  1522 41887s
 3961770 3171643    8.90052   78 1930    8.91657    8.79932  1.31%  1523 41954s
 3966986 3175969    8.83393   66 1814    8.91657    8.79932  1.31%  1523 42001s
 3972186 3179994    8.89212   78 1715    8.91657    8.79932  1.31%  1523 42038s
 3976917 3181847    8.89779   74 1849    8.91657    8.79932  1.31%  1523 42071s
 3979269 3183736    8.82328   59 1865    8.91657    8.79933  1.31%  1523 42107s
 3981590 3185953    8.90516   77 1932    8.91657    8.79933  1.31%  1524 42145s
 3984380 3188253 infeasible   84         8.91657    8.79933  1.31%  1524 42184s
 3987400 3190422    8.88405   86 1686    8.91657    8.79934  1.31%  1524 42224s
 3990117 3193862    8.91032   81 1863    8.91657    8.79934  1.31%  1525 42258s
 3994481 3195626    8.83566   64 1860    8.91657    8.79934  1.31%  1524 42284s
 3996665 3197115    8.82511   56 2085    8.91657    8.79934  1.31%  1525 42312s
 3998535 3198253    8.91605   81 1763    8.91657    8.79935  1.31%  1525 42345s
 4000622 3200043     cutoff   81         8.91657    8.79935  1.31%  1525 42381s
 4002987 3201420    8.90364   81 1856    8.91657    8.79935  1.31%  1526 42419s
 4004712 3203671    8.89351   70 1935    8.91657    8.79935  1.31%  1526 42461s
 4007503 3206351    8.89566   73 1905    8.91657    8.79936  1.31%  1527 42503s
 4010967 3208592    8.83804   68 1888    8.91657    8.79936  1.31%  1527 42545s
 4013888 3210814    8.80060   41 2055    8.91657    8.79936  1.31%  1528 42589s
 4016658 3214028    8.82055   54 2003    8.91657    8.79936  1.31%  1528 42633s
 4020648 3219509    8.91130   92 1720    8.91657    8.79937  1.31%  1528 42667s
 4026894 3221157     cutoff  107         8.91657    8.79937  1.31%  1527 42685s
 4029038 3222910    8.83989   63 1939    8.91657    8.79937  1.31%  1527 42705s
 4031012 3225559    8.90508   87 1715    8.91657    8.79937  1.31%  1527 42729s
 4034110 3227717    8.83834   74 1866    8.91657    8.79937  1.31%  1527 42752s
 4036713 3230463    8.88758   73 1749    8.91657    8.79937  1.31%  1527 42777s
 4039920 3233106    8.91426  138 1474    8.91657    8.79937  1.31%  1526 42801s
 4043335 3235551    8.90194   68 1926    8.91657    8.79938  1.31%  1526 42825s
 4046531 3237126    8.80500   46 2137    8.91657    8.79938  1.31%  1525 42848s
 4048489 3238499    8.90751   82 1870    8.91657    8.79938  1.31%  1526 42874s
 4050318 3240912    8.82957   68 1775    8.91657    8.79938  1.31%  1526 42907s
 4053329 3243382    8.83826   66 1955    8.91657    8.79939  1.31%  1526 42944s
 4056598 3246902    8.83388   60 2057    8.91657    8.79939  1.31%  1526 42980s
 4061073 3251763    8.81042   47 1963    8.91657    8.79939  1.31%  1526 43012s
 4066561 3253129    8.91329  158 1522    8.91657    8.79939  1.31%  1525 43039s
 4068281 3254780     cutoff   69         8.91657    8.79939  1.31%  1525 43069s
 4070378 3256434    8.90072   77 1792    8.91657    8.79940  1.31%  1525 43100s
 4072482 3258447    8.91102   81 1812    8.91657    8.79940  1.31%  1526 43134s
 4075030 3260719     cutoff  113         8.91657    8.79940  1.31%  1526 43170s
 4077930 3262523    8.83741   71 1945    8.91657    8.79940  1.31%  1526 43206s
 4080418 3264283    8.91537   94 1679    8.91657    8.79940  1.31%  1527 43241s
 4083151 3267327    8.81301   51 2054    8.91657    8.79940  1.31%  1527 43281s
 4087089 3270484    8.90770   86 1808    8.91657    8.79941  1.31%  1527 43318s
 4091091 3273239    8.83966   72 1685    8.91657    8.79941  1.31%  1527 43351s
 4094582 3275591    8.80664   48 1981    8.91657    8.79942  1.31%  1527 43385s
 4097826 3277686     cutoff   86         8.91657    8.79942  1.31%  1527 43418s
 4100457 3280203    8.90872  102 1761    8.91657    8.79942  1.31%  1527 43452s
 4104014 3282248     cutoff   83         8.91657    8.79942  1.31%  1527 43485s
 4106698 3284179    8.83132   65 2025    8.91657    8.79942  1.31%  1527 43520s
 4109144 3287308    8.91150   97 1569    8.91657    8.79943  1.31%  1528 43556s
 4112885 3291039    8.91005   80 1803    8.91657    8.79943  1.31%  1528 43590s
 4117126 3293850    8.88950   77 1824    8.91657    8.79943  1.31%  1527 43617s
 4120441 3297697    8.82843   68 1750    8.91657    8.79943  1.31%  1527 43646s
 4124862 3300052    8.91549  215 1593    8.91657    8.79943  1.31%  1526 43669s
 4127786 3301719    8.91583   96 1724    8.91657    8.79944  1.31%  1526 43694s
 4129980 3304770    8.89094   82 1704    8.91657    8.79944  1.31%  1526 43720s
 4133265 3307905 infeasible  181         8.91657    8.79944  1.31%  1526 43746s
 4137123 3309314    8.91511   78 1835    8.91657    8.79944  1.31%  1525 43771s
 4138995 3310925    8.91062  103 1679    8.91657    8.79944  1.31%  1525 43798s
 4140993 3312241    8.90358   78 1863    8.91657    8.79944  1.31%  1526 43829s
 4143061 3315507    8.89734   77 1759    8.91657    8.79944  1.31%  1526 43863s
 4147571 3317945    8.89452   70 1857    8.91657    8.79945  1.31%  1526 43888s
 4150618 3321447    8.89858   74 1763    8.91657    8.79945  1.31%  1525 43913s
 4154688 3323492    8.83471   60 2022    8.91657    8.79945  1.31%  1525 43937s
 4157194 3325804    8.82100   52 1851    8.91657    8.79945  1.31%  1525 43961s
 4160224 3327969    8.90403   74 1836    8.91657    8.79945  1.31%  1525 43986s
 4162934 3330879    8.82319   57 1902    8.91657    8.79946  1.31%  1525 44013s
 4166196 3332942    8.91157  127 1530    8.91657    8.79946  1.31%  1524 44041s
 4168840 3334153    8.90725   80 1857    8.91657    8.79946  1.31%  1524 44068s
 4170831 3336082    8.82389   62 2030    8.91657    8.79946  1.31%  1525 44097s
 4173511 3337730    8.82612   54 1942    8.91657    8.79946  1.31%  1525 44131s
 4175629 3342861    8.80386   45 1895    8.91657    8.79947  1.31%  1525 44183s
 4181726 3344877    8.90058  156 1575    8.91657    8.79947  1.31%  1524 44216s
 4184634 3347011    8.91048  253 1468    8.91657    8.79947  1.31%  1525 44249s
 4187396 3348944    8.83591   70 1837    8.91657    8.79947  1.31%  1525 44284s
 4189941 3350944    8.89628   70 1950    8.91657    8.79947  1.31%  1525 44321s
 4192549 3353350    8.83137   65 2001    8.91657    8.79948  1.31%  1525 44360s
 4195593 3355645    8.90845   99 1735    8.91657    8.79948  1.31%  1526 44397s
 4198622 3357750     cutoff   88         8.91657    8.79948  1.31%  1526 44436s
 4201320 3360379    8.86075   75 1841    8.91657    8.79949  1.31%  1527 44477s
 4205048 3362573    8.81791   55 1926    8.91657    8.79949  1.31%  1527 44511s
 4207801 3364852    8.82859   66 1959    8.91657    8.79949  1.31%  1527 44551s
 4210754 3367488     cutoff   83         8.91657    8.79949  1.31%  1527 44593s
 4214079 3371249    8.81382   51 2107    8.91657    8.79949  1.31%  1527 44634s
 4218606 3373260    8.81048   54 1950    8.91657    8.79949  1.31%  1527 44672s
 4221117 3377075    8.82496   55 1928    8.91657    8.79950  1.31%  1528 44712s
 4225766 3380113     cutoff  142         8.91657    8.79950  1.31%  1528 44748s
 4229375 3382930    8.91563  220 1568    8.91657    8.79950  1.31%  1527 44783s
 4233118 3385748    8.89450   78 1878    8.91657    8.79950  1.31%  1527 44816s
 4236739 3388851    8.82139   56 1908    8.91657    8.79951  1.31%  1527 44850s
 4240462 3393260    8.91619  132 1582    8.91657    8.79951  1.31%  1527 44880s
 4245423 3396442    8.80441   38 2045    8.91657    8.79951  1.31%  1526 44905s
 4249007 3396836    8.89153   81 1703    8.91657    8.79951  1.31%  1526 44969s
 4249504 3400244    8.89202   82 1698    8.91657    8.79951  1.31%  1526 44996s
 4253346 3404114    8.91622  161 1548    8.91657    8.79951  1.31%  1525 45022s
 4257731 3406299    8.82948   72 1690    8.91657    8.79951  1.31%  1524 45045s
 4260367 3409316    8.89477  106 1651    8.91657    8.79951  1.31%  1524 45068s
 4263901 3411122    8.90991  158 1482    8.91657    8.79952  1.31%  1524 45093s
 4266173 3412835    8.80961   47 1926    8.91657    8.79952  1.31%  1524 45127s
 4268540 3416503    8.80161   38 2009    8.91657    8.79952  1.31%  1524 45173s
 4273398 3419602    8.82292   56 2078    8.91657    8.79953  1.31%  1524 45209s
 4277599 3421561    8.91430   81 1862    8.91657    8.79953  1.31%  1524 45241s
 4280558 3425332    8.90121   86 1705    8.91657    8.79953  1.31%  1524 45276s
 4284993 3427200     cutoff  106         8.91657    8.79953  1.31%  1523 45305s
 4287267 3429509    8.90958   89 1744    8.91657    8.79954  1.31%  1523 45338s
 4290168 3432681    8.89585   71 1936    8.91657    8.79954  1.31%  1524 45371s
 4294021 3436347    8.82853   60 1994    8.91657    8.79954  1.31%  1523 45403s
 4298235 3438411    8.82569   59 1855    8.91657    8.79954  1.31%  1523 45437s
 4300754 3440920    8.83195   62 2001    8.91657    8.79954  1.31%  1523 45481s
 4304086 3444059     cutoff   87         8.91657    8.79954  1.31%  1523 45524s
 4308111 3446822    8.89320   85 1729    8.91657    8.79954  1.31%  1524 45563s
 4311962 3448976    8.80591   42 2017    8.91657    8.79954  1.31%  1524 45601s
 4314774 3451349     cutoff  110         8.91657    8.79955  1.31%  1524 45640s
 4317739 3453104    8.82883   58 1953    8.91657    8.79955  1.31%  1524 45680s
 4319945 3456628    8.81967   59 2024    8.91657    8.79956  1.31%  1525 45722s
 4324133 3461490    8.81806   52 2016    8.91657    8.79956  1.31%  1524 45761s
 4329743 3465914    8.91537  104 1702    8.91657    8.79956  1.31%  1524 45795s
 4335059 3467915    8.89600   81 1743    8.91657    8.79956  1.31%  1523 45817s
 4337552 3469284    8.82606   62 1975    8.91657    8.79956  1.31%  1523 45841s
 4339356 3471011    8.82367   62 1851    8.91657    8.79956  1.31%  1523 45869s
 4341514 3473378    8.83796   69 1965    8.91657    8.79956  1.31%  1523 45896s
 4344632 3475832    8.89769   81 1730    8.91657    8.79956  1.31%  1523 45925s
 4347545 3477903    8.83221   63 1860    8.91657    8.79957  1.31%  1523 45954s
 4350504 3479394     cutoff  109         8.91657    8.79957  1.31%  1523 45983s
 4352549 3480565    8.80338   46 1977    8.91657    8.79958  1.31%  1523 46016s
 4354563 3482343    8.82544   63 1856    8.91657    8.79958  1.31%  1524 46049s
 4356947 3484623    8.82336   61 1985    8.91657    8.79958  1.31%  1524 46085s
 4359852 3487253    8.83249   67 1822    8.91657    8.79958  1.31%  1525 46119s
 4362971 3491053    8.83606   69 1916    8.91657    8.79958  1.31%  1525 46154s
 4367876 3495373    8.81638   55 1892    8.91657    8.79959  1.31%  1524 46183s
 4372695 3497489    8.91051  134 1519    8.91657    8.79959  1.31%  1523 46208s
H4375326 3498594                       8.9165663    8.79959  1.31%  1523 46234s
 4376813 3500169    8.82796   55 2025    8.91657    8.79959  1.31%  1523 46262s
 4378852 3501756    8.83535   68 1944    8.91657    8.79959  1.31%  1523 46292s
 4380865 3503863    8.89508   73 1922    8.91657    8.79959  1.31%  1524 46324s
 4383474 3505848    8.89944   70 1953    8.91657    8.79959  1.31%  1524 46358s
 4385955 3508865    8.81955   55 1948    8.91657    8.79960  1.31%  1524 46393s
 4389579 3513371    8.91536  155 1681    8.91657    8.79960  1.31%  1524 46428s
 4394800 3514938    8.80950   50 1940    8.91657    8.79960  1.31%  1524 46451s
 4396693 3516394    8.90222  106 1683    8.91657    8.79960  1.31%  1524 46476s
 4398506 3518578    8.83811   70 1841    8.91657    8.79960  1.31%  1524 46504s
 4401125 3521240    8.83173   65 1828    8.91657    8.79960  1.31%  1524 46533s
 4404320 3525017    8.91266  149 1429    8.91657    8.79960  1.31%  1524 46564s
 4408803 3527057    8.90100   77 1878    8.91657    8.79960  1.31%  1523 46590s
 4411455 3528740    8.83812   69 1793    8.91657    8.79961  1.31%  1523 46618s
 4413662 3530610    8.83174   67 1847    8.91657    8.79961  1.31%  1523 46648s
 4416023 3533108    8.90025   73 1905    8.91657    8.79961  1.31%  1524 46680s
 4419035 3535394    8.80096   42 1974    8.91657    8.79961  1.31%  1524 46715s
 4421778 3537886    8.80628   46 1974    8.91657    8.79961  1.31%  1524 46755s
 4425031 3540772    8.82270   60 1860    8.91657    8.79962  1.31%  1524 46795s
 4428592 3543207    8.83884   64 1790    8.91657    8.79962  1.31%  1524 46833s
 4431744 3545839    8.82310   55 1964    8.91657    8.79962  1.31%  1524 46871s
 4435112 3549055    8.90939   82 1782    8.91657    8.79962  1.31%  1524 46910s
 4438908 3553667    8.91493  131 1548    8.91657    8.79963  1.31%  1524 46948s
 4444238 3556624    8.90179   74 1831    8.91657    8.79963  1.31%  1524 46980s
 4448035 3558806    8.82584   62 1902    8.91657    8.79963  1.31%  1524 47014s
 4450879 3561290    8.88829   76 1707    8.91657    8.79963  1.31%  1524 47052s
 4453998 3563954    8.91467   99 1557    8.91657    8.79964  1.31%  1524 47092s
 4457294 3566955    8.90645   85 1779    8.91657    8.79964  1.31%  1524 47132s
 4461069 3570545    8.90437   82 1757    8.91657    8.79964  1.31%  1524 47170s
 4465354 3575262    8.83172   67 1799    8.91657    8.79964  1.31%  1524 47204s
 4470669 3576868    8.90069   79 1778    8.91657    8.79964  1.31%  1523 47234s
 4472790 3578653    8.90995   81 1877    8.91657    8.79965  1.31%  1524 47267s
 4475151 3580649    8.89021   69 1904    8.91657    8.79965  1.31%  1524 47301s
 4477706 3583540    8.90620   79 1795    8.91657    8.79965  1.31%  1524 47334s
 4481413 3586662    8.90478   74 1955    8.91657    8.79965  1.31%  1524 47364s
 4485464 3587845    8.82205   56 1970    8.91657    8.79966  1.31%  1524 47392s
 4487036 3589729    8.84152   64 2006    8.91657    8.79966  1.31%  1524 47422s
 4489571 3591515    8.82335   58 1984    8.91657    8.79966  1.31%  1524 47455s
 4491816 3593750    8.82253   63 1857    8.91657    8.79966  1.31%  1524 47489s
 4494479 3595430    8.81770   56 1899    8.91657    8.79966  1.31%  1525 47524s
 4496608 3598499     cutoff  100         8.91657    8.79966  1.31%  1525 47563s
 4500608 3600763    8.81947   58 2035    8.91657    8.79967  1.31%  1525 47599s
 4503443 3603090    8.89586   70 1969    8.91657    8.79967  1.31%  1525 47635s
 4506330 3605343 infeasible   74         8.91657    8.79967  1.31%  1525 47674s
 4509342 3606426    8.90044   74 1950    8.91657    8.79967  1.31%  1526 47708s
 4511421 3610761    8.80429   45 2048    8.91657    8.79968  1.31%  1526 47760s
 4516553 3614338    8.88571   81 1698    8.91657    8.79968  1.31%  1526 47799s
 4520979 3617569    8.83046   63 2013    8.91657    8.79968  1.31%  1526 47834s
 4524717 3620567    8.89388   67 1928    8.91657    8.79968  1.31%  1526 47867s
 4528259 3623188    8.81091   50 1892    8.91657    8.79968  1.31%  1525 47899s
 4531376 3625418    8.91588   95 1740    8.91657    8.79968  1.31%  1525 47932s
 4534307 3629237    8.89298   86 1702    8.91657    8.79969  1.31%  1525 47965s
 4538610 3632589    8.91527  158 1596    8.91657    8.79969  1.31%  1525 47999s
 4542884 3634103    8.90874   95 1695    8.91657    8.79969  1.31%  1525 48025s
 4544781 3635891    8.91494   78 1923    8.91657    8.79969  1.31%  1525 48056s
 4547035 3637756    8.83646   71 1914    8.91657    8.79969  1.31%  1525 48089s
 4549446 3639850    8.83816   72 1913    8.91657    8.79969  1.31%  1526 48124s
 4552319 3641858    8.89877   71 1774    8.91657    8.79970  1.31%  1526 48162s
 4554863 3644898    8.80304   42 2006    8.91657    8.79970  1.31%  1526 48202s
 4558721 3647472    8.91032  100 1823    8.91657    8.79970  1.31%  1526 48238s
 4562096 3650317    8.90151   69 1867    8.91657    8.79970  1.31%  1526 48274s
 4565668 3652614    8.90514   72 1855    8.91657    8.79971  1.31%  1526 48309s
 4568788 3654261    8.83873   67 1929    8.91657    8.79971  1.31%  1527 48344s
 4570861 3659367    8.82600   55 2178    8.91657    8.79971  1.31%  1527 48396s
 4576852 3662640    8.82949   66 1764    8.91657    8.79971  1.31%  1526 48430s
 4580798 3664436    8.81768   57 1950    8.91657    8.79971  1.31%  1526 48461s
 4583045 3667377    8.91466   82 1874    8.91657    8.79972  1.31%  1527 48496s
 4586803 3670403 infeasible   53         8.91657    8.79972  1.31%  1526 48529s
 4590449 3675137    8.82156   56 2009    8.91657    8.79972  1.31%  1526 48561s
 4595976 3677254     cutoff   46         8.91657    8.79972  1.31%  1525 48588s
 4598715 3679121    8.81194   53 1985    8.91657    8.79972  1.31%  1525 48623s
 4601081 3682967    8.80528   46 1934    8.91657    8.79973  1.31%  1526 48671s
 4605637 3687977    8.82966   63 1916    8.91657    8.79973  1.31%  1526 48708s
 4611696 3690049    8.82975   61 1895    8.91657    8.79973  1.31%  1525 48736s
 4614327 3692936    8.83083   58 1858    8.91657    8.79973  1.31%  1525 48765s
 4617696 3697300    8.89434   88 1681    8.91657    8.79973  1.31%  1525 48795s
 4622763 3699785    8.90926   98 1712    8.91657    8.79973  1.31%  1524 48820s
 4625902 3701856    8.90947   74 1884    8.91657    8.79974  1.31%  1524 48847s
 4628413 3703355    8.83770   73 1917    8.91657    8.79974  1.31%  1524 48881s
 4630386 3706700    8.90014   81 1742    8.91657    8.79974  1.31%  1524 48936s
 4634688 3710340    8.82805   65 1865    8.91657    8.79974  1.31%  1524 48980s
 4639132 3712829    8.91438   89 1764    8.91657    8.79974  1.31%  1525 49020s
 4642399 3715455    8.82566   57 2055    8.91657    8.79975  1.31%  1525 49060s
 4646011 3717872    8.83076   62 1968    8.91657    8.79975  1.31%  1525 49100s
 4649200 3720168    8.81465   53 2031    8.91657    8.79975  1.31%  1525 49139s
 4652092 3722707    8.82988   56 2042    8.91657    8.79975  1.31%  1525 49179s
 4655289 3726656    8.90494   77 1898    8.91657    8.79976  1.31%  1526 49219s
 4660067 3729385    8.82003   56 1959    8.91657    8.79976  1.31%  1526 49253s
 4663585 3732593    8.82450   64 1832    8.91657    8.79976  1.31%  1526 49289s
 4667299 3736452    8.89643   77 1723    8.91657    8.79976  1.31%  1525 49319s
 4671689 3740399    8.83707   71 1726    8.91657    8.79976  1.31%  1525 49346s
 4676267 3742946    8.91514  121 1592    8.91657    8.79976  1.31%  1524 49370s
 4679390 3744567    8.82295   55 1981    8.91657    8.79976  1.31%  1524 49394s
 4681502 3745962    8.91352   80 1860    8.91657    8.79977  1.31%  1524 49421s
 4683290 3746905    8.89793   89 1745    8.91657    8.79977  1.31%  1524 49449s
 4684449 3749166    8.81895   58 2078    8.91657    8.79977  1.31%  1524 49481s
 4687330 3751638    8.90079   80 1829    8.91657    8.79977  1.31%  1525 49514s
 4690486 3753852    8.90552   83 1798    8.91657    8.79977  1.31%  1525 49547s
 4693479 3755790     cutoff  111         8.91657    8.79978  1.31%  1525 49584s
 4696290 3756010    8.83698   66 1952    8.91657    8.79978  1.31%  1525 49651s
 4696581 3759702    8.83917   67 1933    8.91657    8.79978  1.31%  1525 49695s
 4701260 3761809    8.83449   68 1921    8.91657    8.79978  1.31%  1525 49732s
 4703907 3764025    8.90321   73 1995    8.91657    8.79978  1.31%  1525 49771s
 4706673 3766522    8.90853  100 1653    8.91657    8.79979  1.31%  1526 49811s
 4709887 3769483    8.91646   93 1744    8.91657    8.79979  1.31%  1526 49853s
 4713376 3772610    8.82249   63 1905    8.91657    8.79979  1.31%  1526 49893s
 4717361 3775414 infeasible   63         8.91657    8.79979  1.31%  1526 49931s
 4721286 3778226    8.83492   66 1726    8.91657    8.79979  1.31%  1526 49966s
 4724869 3781719    8.83698   69 1801    8.91657    8.79979  1.31%  1526 49997s
 4728907 3783674    8.90686  108 1598    8.91657    8.79980  1.31%  1526 50025s
 4731321 3785411    8.90435   72 1970    8.91657    8.79980  1.31%  1526 50056s
 4733530 3787111    8.90035   82 1690    8.91657    8.79980  1.31%  1526 50089s
 4735692 3789789    8.89069   84 1845    8.91657    8.79980  1.31%  1526 50123s
 4739027 3792495    8.91481   78 1908    8.91657    8.79980  1.31%  1526 50157s
 4742417 3797097    8.83410   71 1855    8.91657    8.79980  1.31%  1526 50190s
 4747598 3800349    8.91578  139 1515    8.91657    8.79981  1.31%  1526 50220s
 4751586 3802315    8.89609   87 1782    8.91657    8.79981  1.31%  1525 50253s
 4754173 3805499    8.90221   78 1814    8.91657    8.79981  1.31%  1525 50296s
 4757954 3808480    8.81380   50 2100    8.91657    8.79981  1.31%  1526 50335s
 4761680 3810760    8.82948   62 1755    8.91657    8.79981  1.31%  1526 50372s
 4764768 3812765    8.90046   90 1662    8.91657    8.79981  1.31%  1526 50409s
 4767443 3815370     cutoff   83         8.91657    8.79981  1.31%  1526 50449s
 4770904 3818516 infeasible   53         8.91657    8.79982  1.31%  1526 50487s
 4774789 3821325    8.82982   67 1787    8.91657    8.79982  1.31%  1527 50523s
 4778408 3825552    8.83824   70 1724    8.91657    8.79982  1.31%  1527 50559s
 4783280 3827953    8.82389   58 2061    8.91657    8.79982  1.31%  1526 50593s
 4786274 3830987    8.81986   60 2026    8.91657    8.79982  1.31%  1526 50629s
 4790336 3833629    8.83166   60 1990    8.91657    8.79982  1.31%  1526 50662s
 4793930 3837338    8.82616   61 1850    8.91657    8.79983  1.31%  1526 50694s
 4798411 3839393     cutoff  152         8.91657    8.79983  1.31%  1526 50722s
 4801045 3841869    8.89044   83 1745    8.91657    8.79983  1.31%  1525 50752s
 4804093 3844410    8.82623   59 1938    8.91657    8.79983  1.31%  1525 50782s
 4807615 3845991    8.83687   64 1865    8.91657    8.79983  1.31%  1525 50812s
 4809608 3848483    8.89725   77 1862    8.91657    8.79984  1.31%  1525 50844s
 4812784 3851123    8.82199   53 1980    8.91657    8.79984  1.31%  1525 50878s
 4816157 3853743    8.91312  117 1555    8.91657    8.79984  1.31%  1525 50910s
 4819320 3857156     cutoff   89         8.91657    8.79984  1.31%  1526 50942s
 4823721 3859467    8.90541   82 1841    8.91657    8.79984  1.31%  1525 50972s
 4826659 3861027    8.90465   76 1870    8.91657    8.79985  1.31%  1525 51003s
 4828723 3863343    8.89505   91 1673    8.91657    8.79985  1.31%  1525 51036s
 4831543 3868430    8.83913   72 1754    8.91657    8.79985  1.31%  1526 51070s
 4837194 3872527    8.82029   58 1931    8.91657    8.79985  1.31%  1525 51098s
 4841911 3874879    8.82571   60 1896    8.91657    8.79985  1.31%  1524 51132s
 4845125 3875957    8.88847   84 1664    8.91657    8.79986  1.31%  1524 51167s
 4846985 3878306    8.83316   64 1976    8.91657    8.79986  1.31%  1524 51208s
 4849919 3880896    8.82535   60 1930    8.91657    8.79986  1.31%  1525 51252s
 4853234 3884548    8.89965   81 1826    8.91657    8.79986  1.31%  1525 51295s
 4857848 3888202    8.82297   50 1918    8.91657    8.79986  1.31%  1525 51334s
 4862600 3892144    8.81360   53 1930    8.91657    8.79987  1.31%  1525 51369s
 4867145 3894167    8.91590  189 1471    8.91657    8.79987  1.31%  1524 51400s
 4869641 3896571    8.80529   43 1892    8.91657    8.79987  1.31%  1525 51433s
 4872603 3899266    8.81643   49 1942    8.91657    8.79987  1.31%  1525 51469s
 4875934 3901006    8.82425   61 1905    8.91657    8.79987  1.31%  1525 51501s
 4878159 3903156    8.81580   48 2054    8.91657    8.79988  1.31%  1525 51540s
 4880919 3906661    8.82495   61 1925    8.91657    8.79988  1.31%  1525 51581s
 4885041 3911955    8.89431   68 1953    8.91657    8.79988  1.31%  1525 51620s
 4891498 3914840    8.81980   53 1956    8.91657    8.79988  1.31%  1524 51649s
 4895207 3916237    8.90526   78 1878    8.91657    8.79988  1.31%  1524 51677s
 4897050 3918456    8.82385   63 1923    8.91657    8.79989  1.31%  1524 51707s
 4899901 3920507    8.83095   60 1917    8.91657    8.79989  1.31%  1524 51738s
 4902399 3922870    8.82931   68 1912    8.91657    8.79989  1.31%  1524 51772s
 4905381 3925576    8.89857   72 1928    8.91657    8.79989  1.31%  1525 51811s
 4908807 3928191    8.82120   52 1885    8.91657    8.79989  1.31%  1525 51847s
 4912151 3931663    8.90983   78 1881    8.91657    8.79989  1.31%  1525 51883s
 4916444 3936702    8.89581   68 1855    8.91657    8.79990  1.31%  1525 51916s
 4922178 3940036    8.83868   78 1778    8.91657    8.79990  1.31%  1524 51944s
 4925998 3942369     cutoff  141         8.91657    8.79990  1.31%  1523 51970s
 4928782 3944098    8.90324   77 1896    8.91657    8.79990  1.31%  1523 51997s
 4931054 3945686    8.82845   63 1937    8.91657    8.79990  1.31%  1523 52026s
 4933064 3948521    8.82663   65 2057    8.91657    8.79990  1.31%  1524 52067s
 4936750 3950628    8.89377   75 1873    8.91657    8.79990  1.31%  1523 52098s
 4939496 3953646     cutoff   85         8.91657    8.79991  1.31%  1523 52131s
 4943473 3955044    8.89057   78 1828    8.91657    8.79991  1.31%  1523 52162s
 4945214 3956933    8.82529   60 2008    8.91657    8.79991  1.31%  1523 52194s
 4947596 3958801    8.82879   60 2053    8.91657    8.79991  1.31%  1524 52229s
 4950045 3961728    8.89340   85 1700    8.91657    8.79992  1.31%  1524 52266s
 4953538 3965928    8.89488   80 1677    8.91657    8.79992  1.31%  1524 52302s
 4958419 3968278     cutoff   98         8.91657    8.79992  1.31%  1524 52334s
 4961325 3970455    8.90986   85 1795    8.91657    8.79992  1.31%  1524 52367s
 4964055 3972166    8.80129   41 1953    8.91657    8.79992  1.31%  1524 52401s
 4966232 3975179     cutoff   87         8.91657    8.79992  1.31%  1524 52450s
 4970008 3978745    8.91382  102 1695    8.91657    8.79993  1.31%  1524 52495s
 4974699 3982255    8.91075   92 1705    8.91657    8.79993  1.31%  1524 52534s
 4979288 3986591    8.82898   61 1890    8.91657    8.79993  1.31%  1524 52569s
 4984216 3988306    8.83553   66 1839    8.91657    8.79993  1.31%  1524 52600s
 4986395 3991066    8.82750   65 1912    8.91657    8.79994  1.31%  1524 52632s
 4989967 3993343    8.81974   58 1947    8.91657    8.79994  1.31%  1524 52663s
 4992828 3995862    8.80476   41 1971    8.91657    8.79994  1.31%  1524 52696s
 4995937 3997311    8.82113   52 1937    8.91657    8.79994  1.31%  1524 52731s
 4997890 4001657    8.91206   82 1873    8.91657    8.79994  1.31%  1524 52786s
 5003463 4004208    8.91624   84 1885    8.91657    8.79995  1.31%  1524 52824s
 5006552 4006480    8.81074   48 1951    8.91657    8.79995  1.31%  1524 52863s
 5009441 4009109    8.83856   71 1836    8.91657    8.79995  1.31%  1524 52902s
 5012692 4013529    8.90078   71 1937    8.91657    8.79996  1.31%  1525 52942s
 5018049 4015976    8.90763  107 1557    8.91657    8.79996  1.31%  1524 52974s
 5020961 4015976    8.91089  101 1831    8.91657    8.79996  1.31%  1524 52975s
 5021531 4018035    8.90992   82 1812    8.91657    8.79996  1.31%  1524 53007s
 5024263 4020404    8.90883   81 1803    8.91657    8.79996  1.31%  1524 53041s
 5027199 4024459    8.90385  101 1714    8.91657    8.79996  1.31%  1524 53074s
 5031861 4026056    8.90926   79 1819    8.91657    8.79996  1.31%  1524 53099s
 5033943 4027571    8.90694   75 1981    8.91657    8.79996  1.31%  1524 53127s
 5035964 4030078    8.89931   69 1877    8.91657    8.79997  1.31%  1524 53158s
 5038920 4034006    8.89930   72 1808    8.91657    8.79997  1.31%  1524 53190s
 5043378 4037050    8.82985   63 2002    8.91657    8.79997  1.31%  1524 53219s
 5047170 4038899    8.90461   93 1821    8.91657    8.79997  1.31%  1523 53247s
 5049526 4040426    8.90601  114 1586    8.91657    8.79997  1.31%  1524 53276s
 5051477 4041689    8.91572   96 1618    8.91657    8.79997  1.31%  1524 53309s
 5053043 4043685    8.80486   43 1966    8.91657    8.79998  1.31%  1524 53343s
 5055634 4045759    8.89556   71 1936    8.91657    8.79998  1.31%  1524 53380s
 5058329 4048088    8.91306   86 1827    8.91657    8.79998  1.31%  1525 53415s
 5061294 4052445    8.83779   73 1757    8.91657    8.79998  1.31%  1525 53452s
 5066250 4055016    8.81095   53 1919    8.91657    8.79998  1.31%  1524 53481s
 5069568 4058122     cutoff   41         8.91657    8.79998  1.31%  1524 53510s
 5073167 4060872    8.89764   75 1917    8.91657    8.79999  1.31%  1524 53537s
 5076480 4063443    8.82999   59 2000    8.91657    8.79999  1.31%  1524 53565s
 5079831 4065348    8.91564   89 1777    8.91657    8.79999  1.31%  1524 53592s
 5082246 4067359    8.91488   89 1798    8.91657    8.79999  1.31%  1524 53621s
 5084728 4069718    8.90987   79 1829    8.91657    8.79999  1.31%  1524 53652s
 5087562 4072684    8.90995   85 1770    8.91657    8.79999  1.31%  1524 53685s
 5091058 4078026    8.90423  106 1621    8.91657    8.79999  1.31%  1524 53717s
 5097299 4079588    8.81874   56 1995    8.91657    8.80000  1.31%  1523 53739s
 5099272 4080991    8.90932   78 1941    8.91657    8.80000  1.31%  1523 53762s
 5101123 4082611    8.83927   70 1962    8.91657    8.80000  1.31%  1523 53788s
 5103155 4084133    8.82934   63 2062    8.91657    8.80000  1.31%  1523 53815s
 5105090 4085812    8.81027   50 1975    8.91657    8.80000  1.31%  1523 53844s
 5107205 4088727    8.83778   70 1757    8.91657    8.80000  1.31%  1524 53876s
 5111000 4090728    8.80920   46 2001    8.91657    8.80000  1.31%  1524 53906s
 5113630 4093114    8.82438   59 1889    8.91657    8.80001  1.31%  1523 53938s
 5116568 4095977     cutoff  156         8.91657    8.80001  1.31%  1523 53971s
 5120246 4097305    8.90431   72 1883    8.91657    8.80001  1.31%  1523 54002s
 5122312 4098995    8.82309   63 1891    8.91657    8.80001  1.31%  1523 54037s
 5124653 4101864    8.82575   66 1729    8.91657    8.80001  1.31%  1524 54076s
 5128331 4106045    8.83717   64 1882    8.91657    8.80002  1.31%  1524 54113s
 5133631 4110400    8.83855   76 1730    8.91657    8.80002  1.31%  1523 54144s
 5138532 4112195    8.80079   38 1916    8.91657    8.80002  1.31%  1523 54172s
 5140722 4114735    8.90548   92 1668    8.91657    8.80002  1.31%  1523 54202s
 5144042 4116516 infeasible   58         8.91657    8.80002  1.31%  1523 54232s
 5146429 4118383    8.81014   43 1955    8.91657    8.80003  1.31%  1523 54265s
 5148799 4122162    8.82484   65 1861    8.91657    8.80003  1.31%  1523 54311s
 5153309 4124662    8.89651   80 1737    8.91657    8.80003  1.31%  1523 54348s
 5156471 4126097    8.82262   49 2003    8.91657    8.80003  1.31%  1524 54386s
 5158294 4128289     cutoff   81         8.91657    8.80003  1.31%  1524 54427s
 5161187 4132609    8.80373   44 1914    8.91657    8.80003  1.31%  1524 54472s
 5166216 4135964    8.82328   58 2047    8.91657    8.80004  1.31%  1524 54508s
 5170231 4137700    8.91369   95 1728    8.91657    8.80004  1.31%  1524 54541s
 5172453 4139811    8.91644   80 1883    8.91657    8.80004  1.31%  1524 54577s
 5175092 4143766    8.83163   63 1868    8.91657    8.80004  1.31%  1524 54616s
 5180235 4147685    8.83318   66 1814    8.91657    8.80005  1.31%  1524 54650s
 5184607 4150343     cutoff  131         8.91657    8.80005  1.31%  1524 54677s
 5187864 4153148    8.90521  105 1698    8.91657    8.80005  1.31%  1523 54702s
 5191076 4155115    8.89314   84 1724    8.91657    8.80005  1.31%  1523 54729s
 5193602 4156618    8.83201   67 1868    8.91657    8.80005  1.31%  1523 54756s
 5195536 4158237    8.82265   58 1952    8.91657    8.80005  1.31%  1524 54784s
 5197570 4160218    8.82204   61 1985    8.91657    8.80005  1.31%  1524 54815s
 5200006 4163445    8.81793   54 1939    8.91657    8.80005  1.31%  1524 54849s
 5203881 4165549    8.81145   43 1973    8.91657    8.80006  1.31%  1524 54880s
 5206480 4167639    8.91173   78 1958    8.91657    8.80006  1.31%  1524 54914s
 5209166 4170256    8.90655   93 1667    8.91657    8.80006  1.31%  1524 54948s
 5212389 4173328    8.89393   78 1789    8.91657    8.80006  1.31%  1524 54983s
 5215801 4176337    8.81447   55 2066    8.91657    8.80006  1.31%  1524 55016s
 5219582 4178128    8.80697   44 2028    8.91657    8.80007  1.31%  1524 55048s
 5221862 4180081    8.80457   45 2041    8.91657    8.80007  1.31%  1524 55082s
 5224356 4182297    8.81680   55 1953    8.91657    8.80007  1.31%  1524 55117s
 5227268 4184245    8.83901   69 1876    8.91657    8.80007  1.31%  1525 55153s
 5229710 4187572     cutoff   83         8.91657    8.80007  1.31%  1525 55191s
 5234029 4189840    8.80453   40 2066    8.91657    8.80008  1.31%  1525 55227s
 5237026 4193669    8.82038   60 1895    8.91657    8.80008  1.31%  1525 55264s
 5242079 4195710    8.80311   40 2016    8.91657    8.80008  1.31%  1524 55297s
 5244855 4198337    8.90349   71 1919    8.91657    8.80008  1.31%  1525 55336s
 5248219 4202685     cutoff  107         8.91657    8.80008  1.31%  1525 55375s
 5253300 4206194    8.90998  118 1593    8.91657    8.80009  1.31%  1524 55406s
 5257395 4207816    8.82137   61 1893    8.91657    8.80009  1.31%  1524 55435s
 5259422 4209547    8.83208   68 1888    8.91657    8.80009  1.31%  1524 55467s
 5261623 4211011    8.91019   83 1786    8.91657    8.80009  1.31%  1525 55501s
 5263479 4213395    8.90979  107 1598    8.91657    8.80009  1.31%  1525 55538s
 5266378 4216222     cutoff   95         8.91657    8.80009  1.31%  1525 55576s
 5269910 4219802    8.89552   77 1782    8.91657    8.80010  1.31%  1525 55614s
 5274276 4222306    8.82268   58 2097    8.91657    8.80010  1.31%  1525 55648s
 5277527 4225249    8.81709   51 2071    8.91657    8.80010  1.31%  1525 55681s
 5281571 4228893    8.90251   78 1753    8.91657    8.80010  1.31%  1525 55712s
 5285601 4232956    8.91257  110 1743    8.91657    8.80010  1.31%  1524 55740s
 5290412 4235848    8.90565  101 1719    8.91657    8.80010  1.31%  1524 55765s
 5293713 4239141    8.83131   60 1936    8.91657    8.80010  1.31%  1524 55791s
 5297726 4240496    8.90710   94 1789    8.91657    8.80010  1.31%  1523 55815s
 5299554 4241742    8.81365   54 1966    8.91657    8.80011  1.31%  1523 55841s
 5301137 4244005     cutoff   84         8.91657    8.80011  1.31%  1524 55869s
 5304136 4245943    8.83136   68 1693    8.91657    8.80011  1.31%  1524 55903s
 5306660 4250554    8.81908   55 1939    8.91657    8.80011  1.31%  1524 55946s
 5311997 4250676    8.89798  106 1666    8.91657    8.80012  1.31%  1524 56009s
 5312132 4254833    8.89832  107 1703    8.91657    8.80012  1.31%  1523 56045s
 5316840 4257491    8.90037   77 1822    8.91657    8.80012  1.31%  1523 56074s
 5320225 4258985    8.81256   55 1986    8.91657    8.80012  1.31%  1523 56102s
 5322174 4260327     cutoff   89         8.91657    8.80012  1.31%  1523 56133s
 5323763 4264950    8.89874   86 1713    8.91657    8.80012  1.31%  1523 56168s
 5328885 4268178    8.83505   66 1820    8.91657    8.80012  1.31%  1523 56197s
 5332654 4271258    8.81830   56 2040    8.91657    8.80012  1.31%  1522 56226s
 5336236 4273990    8.90074   95 1669    8.91657    8.80012  1.31%  1522 56260s
 5339627 4276248    8.83842   76 1895    8.91657    8.80012  1.31%  1522 56292s
 5342510 4280699    8.83508   70 1711    8.91657    8.80013  1.31%  1522 56326s
 5347597 4283813    8.91271  140 1548    8.91657    8.80013  1.31%  1522 56355s
 5351420 4286153    8.82531   58 2049    8.91657    8.80013  1.31%  1522 56384s
 5354078 4288151    8.89484   69 1966    8.91657    8.80013  1.31%  1522 56412s
 5356707 4289929     cutoff   86         8.91657    8.80013  1.31%  1522 56443s
 5359445 4291537    8.91405   96 1651    8.91657    8.80013  1.31%  1522 56473s
 5361630 4293569    8.90604   81 1853    8.91657    8.80013  1.31%  1522 56505s
 5364291 4295724    8.90088   77 1894    8.91657    8.80013  1.31%  1522 56540s
 5367047 4297521    8.85373   78 1824    8.91657    8.80013  1.31%  1522 56573s
 5369534 4300970    8.80485   42 1984    8.91657    8.80014  1.31%  1523 56616s
 5373624 4304287 infeasible   82         8.91657    8.80014  1.31%  1523 56654s
 5377604 4308899    8.89594   81 1698    8.91657    8.80014  1.31%  1523 56689s
 5383216 4310953    8.83979   73 1832    8.91657    8.80014  1.31%  1522 56719s
 5385878 4313083    8.89571   82 1791    8.91657    8.80014  1.31%  1522 56751s
 5388535 4314739    8.83179   61 1834    8.91657    8.80015  1.31%  1522 56783s
 5390687 4316904    8.91529   91 1735    8.91657    8.80015  1.31%  1522 56817s
 5393436 4318828     cutoff  106         8.91657    8.80015  1.31%  1523 56852s
 5395960 4320557    8.91496   80 1941    8.91657    8.80015  1.31%  1523 56885s
 5398162 4323751    8.83765   75 1704    8.91657    8.80015  1.31%  1523 56934s
 5402339 4326318    8.83049   60 2026    8.91657    8.80016  1.31%  1523 56975s
 5405616 4329798    8.83739   73 1882    8.91657    8.80016  1.31%  1524 57018s
 5410004 4332396    8.90022   70 1920    8.91657    8.80016  1.31%  1524 57056s
 5413551 4335253    8.84176   66 1980    8.91657    8.80016  1.31%  1524 57093s
 5417002 4339441    8.90008   88 1779    8.91657    8.80016  1.31%  1524 57130s
 5421877 4341343    8.82952   57 1922    8.91657    8.80017  1.31%  1524 57161s
 5424325 4344450    8.81751   53 1992    8.91657    8.80017  1.31%  1524 57195s
 5428321 4346690    8.83711   57 1940    8.91657    8.80017  1.31%  1524 57229s
 5431258 4348384     cutoff   87         8.91657    8.80017  1.31%  1524 57267s
 5433878 4349882    8.89579   78 1770    8.91657    8.80017  1.31%  1524 57308s
 5435864 4354070    8.89354   65 1947    8.91657    8.80018  1.31%  1524 57354s
 5441246 4356498    8.83143   57 2011    8.91657    8.80018  1.31%  1524 57391s
 5444406 4359875    8.81623   55 1938    8.91657    8.80018  1.31%  1524 57429s
 5448561 4363248    8.89698   77 1791    8.91657    8.80018  1.31%  1524 57463s
 5452504 4365568    8.80608   40 2079    8.91657    8.80019  1.31%  1524 57498s
 5455404 4367549    8.83269   64 1945    8.91657    8.80019  1.31%  1524 57532s
 5457875 4369486    8.82914   63 1847    8.91657    8.80019  1.31%  1524 57567s
 5460339 4372036    8.81883   58 1932    8.91657    8.80019  1.31%  1525 57611s
 5463640 4375830    8.89651   91 1681    8.91657    8.80019  1.31%  1525 57654s
 5468588 4378713    8.83854   68 1874    8.91657    8.80019  1.31%  1525 57690s
 5472020 4380986    8.83467   68 1910    8.91657    8.80020  1.31%  1525 57727s
 5474925 4384600    8.91602  124 1719    8.91657    8.80020  1.31%  1525 57764s
 5479072 4389148    8.81670   51 1824    8.91657    8.80020  1.31%  1525 57798s
 5484345 4390893    8.90130   80 1775    8.91657    8.80020  1.31%  1524 57828s
 5486546 4393976    8.90288   73 1949    8.91657    8.80020  1.31%  1525 57860s
 5490156 4398049    8.83541   72 1747    8.91657    8.80020  1.31%  1524 57893s
 5494875 4399535    8.90427   82 1754    8.91657    8.80021  1.30%  1524 57917s
 5496780 4400452     cutoff   79         8.91657    8.80021  1.30%  1524 57945s
 5497968 4402264    8.91262  114 1616    8.91657    8.80021  1.30%  1524 57978s
 5500252 4405297    8.80420   42 2034    8.91657    8.80021  1.30%  1525 58012s
 5504175 4407539    8.82854   62 1889    8.91657    8.80021  1.30%  1524 58045s
 5507083 4410449    8.90614   79 1860    8.91657    8.80021  1.30%  1525 58080s
 5510632 4414367    8.89155   80 1797    8.91657    8.80021  1.30%  1524 58114s
 5515134 4416491    8.81753   54 1920    8.91657    8.80021  1.30%  1524 58144s
 5517813 4419346    8.82036   51 1923    8.91657    8.80022  1.30%  1524 58175s
 5521138 4422914    8.82204   62 1825    8.91657    8.80022  1.30%  1524 58208s
 5525309 4426487    8.90482   89 1751    8.91657    8.80022  1.30%  1524 58236s
 5529387 4428547    8.82939   68 1808    8.91657    8.80022  1.30%  1523 58260s
 5532195 4430263    8.82014   56 1945    8.91657    8.80022  1.30%  1523 58285s
 5534335 4431752    8.81396   56 1943    8.91657    8.80023  1.30%  1523 58312s
 5536223 4434165    8.81152   44 2036    8.91657    8.80023  1.30%  1523 58342s
 5539216 4436222    8.91051   72 1866    8.91657    8.80023  1.30%  1523 58372s
 5541858 4438591    8.81831   48 1973    8.91657    8.80023  1.30%  1524 58402s
 5544751 4440662    8.82162   60 1918    8.91657    8.80023  1.30%  1524 58434s
 5547350 4442669    8.80476   48 1825    8.91657    8.80023  1.30%  1524 58467s
 5549818 4444934    8.82434   58 1786    8.91657    8.80023  1.30%  1524 58502s
 5552649 4446843    8.90265   76 1897    8.91657    8.80023  1.30%  1524 58536s
 5555072 4448600    8.90108   70 1898    8.91657    8.80024  1.30%  1524 58582s
 5557320 4451473    8.89369   75 1704    8.91657    8.80024  1.30%  1525 58635s
 5560923 4454606    8.83758   69 1893    8.91657    8.80024  1.30%  1525 58685s
 5565562 4459161    8.91589   86 1787    8.91657    8.80024  1.30%  1525 58730s
 5571513 4463449    8.90311  120 1691    8.91657    8.80025  1.30%  1525 58767s
 5576468 4465987    8.83194   64 1865    8.91657    8.80025  1.30%  1525 58798s
 5579503 4468523    8.89788   76 1902    8.91657    8.80025  1.30%  1525 58832s
 5582647 4470664    8.83513   61 1971    8.91657    8.80025  1.30%  1525 58866s
 5585380 4473384    8.82924   68 1814    8.91657    8.80025  1.30%  1525 58908s
 5588906 4476797    8.89949   74 1920    8.91657    8.80026  1.30%  1525 58947s
 5593114 4480457    8.89983   84 1586    8.91657    8.80026  1.30%  1525 58981s
 5597329 4484325    8.88487   79 1659    8.91657    8.80026  1.30%  1525 59013s
 5602276 4486320    8.82022   56 1899    8.91657    8.80026  1.30%  1524 59041s
 5604902 4488396    8.81478   55 1957    8.91657    8.80026  1.30%  1524 59070s
 5607449 4490818     cutoff   83         8.91657    8.80026  1.30%  1524 59102s
 5610411 4492560    8.82263   55 1989    8.91657    8.80026  1.30%  1524 59134s
 5612553 4494065     cutoff   89         8.91657    8.80027  1.30%  1525 59169s
 5614419 4498976    8.83374   67 1771    8.91657    8.80027  1.30%  1525 59227s
 5620855 4501326    8.91061   75 1819    8.91657    8.80027  1.30%  1525 59261s
 5623861 4504640     cutoff   83         8.91657    8.80027  1.30%  1525 59297s
 5628212 4506465    8.90672   73 1885    8.91657    8.80027  1.30%  1525 59329s
 5630603 4509736    8.90117   70 1900    8.91657    8.80028  1.30%  1525 59364s
 5634836 4511597    8.82010   62 2004    8.91657    8.80028  1.30%  1524 59396s
 5637251 4513341    8.83523   72 1796    8.91657    8.80028  1.30%  1525 59429s
 5639473 4515443    8.90068   81 1826    8.91657    8.80028  1.30%  1525 59465s
 5642189 4517565    8.90758   87 1828    8.91657    8.80028  1.30%  1525 59499s
 5645068 4519765     cutoff   89         8.91657    8.80029  1.30%  1525 59537s
 5647956 4522042    8.80659   47 2078    8.91657    8.80029  1.30%  1526 59578s
 5650807 4525501    8.81885   55 2101    8.91657    8.80029  1.30%  1526 59620s
 5655353 4527850    8.90525   88 1805    8.91657    8.80029  1.30%  1526 59658s
 5658446 4530313    8.82496   59 1947    8.91657    8.80029  1.30%  1526 59696s
 5662108 4532151     cutoff   85         8.91657    8.80030  1.30%  1526 59732s
 5664520 4533713    8.90770   79 1860    8.91657    8.80030  1.30%  1526 59772s
 5666503 4535966    8.83587   65 1976    8.91657    8.80030  1.30%  1527 59813s
 5669323 4540383    8.90354   92 1730    8.91657    8.80030  1.30%  1527 59856s
 5674433 4544405    8.91227  146 1697    8.91657    8.80031  1.30%  1527 59891s
 5679204 4545926    8.84007   60 1911    8.91657    8.80031  1.30%  1526 59915s
 5681239 4548674    8.81890   53 2089    8.91657    8.80031  1.30%  1526 59942s
 5684739 4550678     cutoff   83         8.91657    8.80031  1.30%  1526 59969s
 5687269 4552357    8.91254   84 1809    8.91657    8.80031  1.30%  1526 59996s
 5689416 4554582    8.91171   83 1782    8.91657    8.80031  1.30%  1526 60026s
 5692374 4557166    8.83980   64 1815    8.91657    8.80031  1.30%  1526 60056s
 5696047 4558638     cutoff  100         8.91657    8.80031  1.30%  1526 60085s
 5698008 4560499     cutoff   84         8.91657    8.80032  1.30%  1526 60117s
 5700341 4563438    8.90105   80 1751    8.91657    8.80032  1.30%  1527 60151s
 5704130 4567389     cutoff   72         8.91657    8.80032  1.30%  1527 60185s
 5708604 4569005    8.89624   73 1861    8.91657    8.80032  1.30%  1526 60210s
 5710790 4570314    8.89326   68 1978    8.91657    8.80032  1.30%  1526 60238s
 5712533 4572393    8.81258   52 2068    8.91657    8.80032  1.30%  1526 60271s
 5715120 4575863     cutoff   84         8.91657    8.80033  1.30%  1527 60305s
 5719030 4578662    8.90862   89 1762    8.91657    8.80033  1.30%  1527 60338s
 5722657 4580326    8.91589  126 1619    8.91657    8.80033  1.30%  1526 60370s
 5724906 4582877    8.83783   60 2014    8.91657    8.80033  1.30%  1526 60404s
 5728187 4584604    8.82315   61 1913    8.91657    8.80033  1.30%  1526 60438s
 5730542 4587350     cutoff  100         8.91657    8.80033  1.30%  1527 60473s
 5734597 4590094    8.90498   87 1715    8.91657    8.80033  1.30%  1527 60507s
 5738244 4592525    8.83141   72 1751    8.91657    8.80034  1.30%  1527 60537s
 5741228 4597386    8.81919   53 1990    8.91657    8.80034  1.30%  1527 60570s
 5746786 4599238    8.91600  114 1672    8.91657    8.80034  1.30%  1526 60594s
 5749227 4600617    8.90697   93 1654    8.91657    8.80034  1.30%  1526 60621s
 5750992 4602409    8.83879   70 1858    8.91657    8.80034  1.30%  1526 60649s
 5753165 4604185    8.83669   69 1933    8.91657    8.80034  1.30%  1526 60680s
 5755379 4606267    8.82251   69 1670    8.91657    8.80034  1.30%  1527 60714s
 5758002 4608068    8.89954   80 1894    8.91657    8.80035  1.30%  1527 60748s
 5760288 4610469    8.90165   77 1884    8.91657    8.80035  1.30%  1527 60785s
 5763278 4612620    8.80731   50 1940    8.91657    8.80035  1.30%  1527 60822s
 5766093 4614410     cutoff   98         8.91657    8.80035  1.30%  1528 60856s
 5768355 4617005    8.82415   54 2063    8.91657    8.80035  1.30%  1528 60904s
 5771713 4619274    8.80728   45 1966    8.91657    8.80035  1.30%  1528 60951s
 5774622 4622648    8.81752   59 1908    8.91657    8.80035  1.30%  1528 60999s
 5778975 4627308    8.91377   82 1829    8.91657    8.80036  1.30%  1528 61044s
 5784721 4630255    8.89995   77 1946    8.91657    8.80036  1.30%  1528 61079s
 5788541 4633452    8.82654   63 1762    8.91657    8.80036  1.30%  1528 61114s
 5792430 4637560    8.83171   61 1917    8.91657    8.80036  1.30%  1528 61148s
 5797115 4641855    8.83040   65 1865    8.91657    8.80036  1.30%  1527 61181s
 5802207 4643540     cutoff  139         8.91657    8.80036  1.30%  1527 61203s
 5804360 4645632    8.90439   73 1943    8.91657    8.80036  1.30%  1527 61228s
 5807092 4647398    8.82895   66 1779    8.91657    8.80036  1.30%  1527 61254s
 5809452 4648817    8.83632   68 1909    8.91657    8.80037  1.30%  1527 61282s
 5811695 4651922     cutoff   88         8.91657    8.80037  1.30%  1527 61312s
 5815286 4654480    8.90993   79 1832    8.91657    8.80037  1.30%  1527 61341s
 5818599 4656332    8.80317   43 1974    8.91657    8.80037  1.30%  1527 61370s
 5821011 4658240    8.83656   69 1764    8.91657    8.80037  1.30%  1527 61400s
 5823425 4659839    8.83182   63 1924    8.91657    8.80037  1.30%  1527 61432s
 5825593 4662064    8.83241   64 1771    8.91657    8.80037  1.30%  1527 61467s
 5828481 4664380    8.91560  102 1684    8.91657    8.80037  1.30%  1527 61500s
 5831494 4666035    8.81275   52 1969    8.91657    8.80038  1.30%  1527 61538s
 5833488 4668503    8.89999   83 1707    8.91657    8.80038  1.30%  1528 61582s
 5836702 4668810    8.81508   51 1973    8.91657    8.80038  1.30%  1528 61653s
 5837139 4671587    8.81509   52 1924    8.91657    8.80038  1.30%  1528 61702s
 5840926 4676248    8.82829   62 2023    8.91657    8.80038  1.30%  1528 61748s
 5846402 4679456    8.80345   42 1962    8.91657    8.80038  1.30%  1528 61787s
 5850212 4683864    8.81992   56 2005    8.91657    8.80039  1.30%  1528 61825s
 5855413 4686944     cutoff   85         8.91657    8.80039  1.30%  1528 61856s
 5859236 4689150    8.89106   81 1747    8.91657    8.80039  1.30%  1528 61890s
 5862102 4691531    8.91231   84 1773    8.91657    8.80039  1.30%  1528 61928s
 5865108 4694011    8.83438   65 1961    8.91657    8.80039  1.30%  1528 61968s
 5868200 4696690    8.83331   64 1999    8.91657    8.80040  1.30%  1528 62009s
 5871504 4699235    8.89509   97 1625    8.91657    8.80040  1.30%  1528 62048s
 5874762 4701395    8.81014   52 1857    8.91657    8.80040  1.30%  1529 62087s
 5877868 4702820    8.81799   55 1922    8.91657    8.80040  1.30%  1529 62127s
 5880436 4705523     cutoff   81         8.91657    8.80040  1.30%  1529 62170s
 5883983 4707893    8.81413   53 1829    8.91657    8.80040  1.30%  1529 62212s
 5887069 4710292    8.83601   68 1979    8.91657    8.80041  1.30%  1529 62254s
 5890185 4712232    8.89955   80 1766    8.91657    8.80041  1.30%  1530 62289s
 5892660 4714863    8.91019   87 1851    8.91657    8.80041  1.30%  1530 62332s
 5895970 4718945     cutoff   85         8.91657    8.80041  1.30%  1530 62376s
 5900787 4722704    8.91343  143 1554    8.91657    8.80041  1.30%  1530 62412s
 5905237 4724603    8.91391   85 1899    8.91657    8.80041  1.30%  1530 62446s
 5907662 4726858    8.91297   84 1743    8.91657    8.80042  1.30%  1530 62481s
 5910609 4729989    8.82474   58 1924    8.91657    8.80042  1.30%  1530 62517s
 5914320 4732167    8.82990   65 1795    8.91657    8.80042  1.30%  1530 62551s
 5917055 4734247    8.91594   92 1808    8.91657    8.80042  1.30%  1531 62587s
 5919699 4735702    8.83170   62 1805    8.91657    8.80042  1.30%  1531 62621s
 5921450 4739598    8.90780  144 1574    8.91657    8.80042  1.30%  1531 62683s
 5926418 4743160    8.82762   58 2026    8.91657    8.80043  1.30%  1531 62729s
 5930768 4746789    8.89483   87 1823    8.91657    8.80043  1.30%  1531 62770s
 5935012 4748990     cutoff   92         8.91657    8.80043  1.30%  1531 62807s
 5937793 4751215    8.89745   86 1693    8.91657    8.80043  1.30%  1532 62846s
 5940603 4754934     cutoff   91         8.91657    8.80043  1.30%  1532 62886s
 5945201 4758495     cutoff  114         8.91657    8.80043  1.30%  1532 62922s
 5949705 4761886    8.80392   48 1966    8.91657    8.80044  1.30%  1531 62956s
 5954117 4763359    8.89833   77 1860    8.91657    8.80044  1.30%  1531 62982s
 5956131 4764999    8.90751   81 1743    8.91657    8.80044  1.30%  1531 63012s
 5958219 4766775    8.89553   73 1873    8.91657    8.80044  1.30%  1531 63045s
 5960466 4769324    8.90583   72 1906    8.91657    8.80044  1.30%  1532 63081s
 5963673 4772234    8.91311   83 1834    8.91657    8.80045  1.30%  1532 63116s
 5967333 4776579    8.89211   92 1604    8.91657    8.80045  1.30%  1532 63150s
 5972327 4779049    8.82827   59 1934    8.91657    8.80045  1.30%  1531 63180s
 5975355 4780867    8.82108   61 1926    8.91657    8.80045  1.30%  1531 63211s
 5977779 4783391    8.82434   54 1968    8.91657    8.80045  1.30%  1532 63243s
 5981103 4785002    8.83649   68 1907    8.91657    8.80045  1.30%  1532 63277s
 5983331 4787891    8.90165   81 1866    8.91657    8.80045  1.30%  1532 63326s
 5987118 4792593    8.82942   64 1983    8.91657    8.80046  1.30%  1532 63369s
 5992511 4796522    8.89873   77 1854    8.91657    8.80046  1.30%  1532 63405s
 5997074 4798115    8.89383   72 1938    8.91657    8.80046  1.30%  1531 63437s
 5999152 4800206    8.83483   67 1918    8.91657    8.80046  1.30%  1532 63471s
 6001833 4802356    8.90304   78 1800    8.91657    8.80046  1.30%  1532 63507s
 6004591 4805507    8.88916   69 1826    8.91657    8.80046  1.30%  1532 63544s
 6008320 4810290    8.88402   84 1768    8.91657    8.80047  1.30%  1532 63580s
 6013846 4814736     cutoff  236         8.91657    8.80047  1.30%  1532 63613s
 6019296 4816313    8.82319   59 1969    8.91657    8.80047  1.30%  1531 63635s
 6021563 4817583    8.90934  114 1708    8.91657    8.80047  1.30%  1531 63657s
 6023272 4819917    8.89482   73 1921    8.91657    8.80047  1.30%  1531 63684s
 6026223 4821735    8.80738   48 1943    8.91657    8.80047  1.30%  1531 63710s
 6028493 4823101     cutoff   85         8.91657    8.80047  1.30%  1531 63738s
 6030342 4824220    8.90206   86 1702    8.91657    8.80047  1.30%  1531 63769s
 6031788 4825997    8.90719   75 1925    8.91657    8.80047  1.30%  1531 63804s
 6034084 4828727    8.80582   48 2042    8.91657    8.80048  1.30%  1532 63839s
 6037649 4831737    8.81569   59 1970    8.91657    8.80048  1.30%  1532 63873s
 6041583 4833903    8.81916   54 1878    8.91657    8.80048  1.30%  1531 63907s
 6044419 4836193    8.80697   43 1940    8.91657    8.80048  1.30%  1531 63940s
 6047301 4839157    8.81254   45 2023    8.91657    8.80048  1.30%  1532 63978s
 6051031 4842024    8.82252   59 1883    8.91657    8.80048  1.30%  1532 64014s
 6054444 4845177    8.82993   62 2002    8.91657    8.80048  1.30%  1532 64048s
 6058185 4849856    8.83523   69 1844    8.91657    8.80049  1.30%  1532 64082s
 6063472 4854055    8.89871   90 1691    8.91657    8.80049  1.30%  1531 64111s
 6068086 4855629    8.83732   64 2051    8.91657    8.80049  1.30%  1531 64136s
 6070092 4857346    8.82507   60 1877    8.91657    8.80049  1.30%  1531 64164s
 6072217 4860269    8.82454   58 1979    8.91657    8.80049  1.30%  1531 64195s
 6075637 4865165    8.82007   59 1975    8.91657    8.80049  1.30%  1531 64229s
 6081173 4867241    8.91487  131 1642    8.91657    8.80049  1.30%  1530 64250s
 6083914 4869126    8.83164   61 1908    8.91657    8.80049  1.30%  1530 64272s
 6086042 4871886    8.89275   81 1848    8.91657    8.80049  1.30%  1530 64297s
 6089291 4873795    8.91407  138 1564    8.91657    8.80049  1.30%  1530 64321s
 6091629 4875518    8.89826   83 1799    8.91657    8.80049  1.30%  1530 64346s
 6093872 4877462    8.82088   54 1938    8.91657    8.80050  1.30%  1530 64374s
 6096001 4881791    8.82176   55 1872    8.91657    8.80050  1.30%  1530 64404s
 6100965 4883411    8.91152  110 1760    8.91657    8.80050  1.30%  1529 64429s
 6103060 4884828    8.90510   95 1667    8.91657    8.80050  1.30%  1529 64455s
 6105016 4886943    8.89827   71 1892    8.91657    8.80050  1.30%  1529 64489s
 6107763 4889848    8.89497   80 1728    8.91657    8.80050  1.30%  1529 64529s
 6111801 4894084    8.91071   97 1717    8.91657    8.80050  1.30%  1529 64564s
 6116704 4896251    8.90755   70 1920    8.91657    8.80050  1.30%  1529 64595s
 6119511 4897733    8.90435   79 1872    8.91657    8.80051  1.30%  1529 64625s
 6121448 4900148    8.89562   82 1666    8.91657    8.80051  1.30%  1529 64658s
 6124391 4905256    8.90388   72 1786    8.91657    8.80051  1.30%  1530 64692s
 6130277 4907901    8.90218   78 1838    8.91657    8.80051  1.30%  1529 64719s
 6133666 4909572    8.81498   55 1963    8.91657    8.80051  1.30%  1529 64746s
 6135866 4911428     cutoff   94         8.91657    8.80051  1.30%  1529 64781s
 6138397 4915256    8.81941   61 1782    8.91657    8.80051  1.30%  1529 64823s
 6143306 4918091    8.91386  114 1698    8.91657    8.80052  1.30%  1529 64856s
 6146761 4922166    8.90602  100 1711    8.91657    8.80052  1.30%  1529 64890s
 6151501 4924211     cutoff   85         8.91657    8.80052  1.30%  1528 64919s
 6154102 4926370    8.91280   81 1814    8.91657    8.80052  1.30%  1528 64951s
 6156845 4928072    8.90356   73 1786    8.91657    8.80052  1.30%  1529 64983s
 6159138 4930657    8.89951   75 1921    8.91657    8.80052  1.30%  1529 65017s
 6162480 4932700    8.90854   86 1803    8.91657    8.80053  1.30%  1529 65050s
 6165262 4935562    8.89933   75 1889    8.91657    8.80053  1.30%  1529 65084s
 6169140 4937808    8.81794   59 1853    8.91657    8.80053  1.30%  1529 65113s
 6171966 4941484    8.80894   48 2077    8.91657    8.80053  1.30%  1529 65144s
 6176017 4943933    8.91381  146 1573    8.91657    8.80053  1.30%  1528 65171s
 6179107 4945766    8.91218   96 1753    8.91657    8.80053  1.30%  1528 65201s
 6181441 4947819     cutoff  117         8.91657    8.80053  1.30%  1528 65231s
 6184013 4949679     cutoff  100         8.91657    8.80053  1.30%  1529 65263s
 6186337 4951409    8.83133   61 2048    8.91657    8.80054  1.30%  1529 65296s
 6188508 4953419    8.83377   62 1911    8.91657    8.80054  1.30%  1529 65332s
 6191067 4957121    8.81681   54 1956    8.91657    8.80054  1.30%  1529 65372s
 6195589 4960112    8.91245  145 1479    8.91657    8.80054  1.30%  1529 65404s
 6199553 4961769    8.82561   61 1970    8.91657    8.80054  1.30%  1529 65433s
 6201624 4963872    8.82334   58 1940    8.91657    8.80054  1.30%  1529 65465s
 6204304 4965208     cutoff   83         8.91657    8.80055  1.30%  1529 65500s
 6205946 4968658    8.82144   57 1971    8.91657    8.80055  1.30%  1529 65539s
 6209964 4970651     cutoff  138         8.91657    8.80055  1.30%  1529 65575s
 6212469 4973180    8.89559   80 1795    8.91657    8.80055  1.30%  1530 65614s
 6215524 4976036    8.91023   75 1904    8.91657    8.80055  1.30%  1530 65652s
 6219048 4980621    8.83507   66 1862    8.91657    8.80055  1.30%  1530 65690s
 6225153 4982805     cutoff   85         8.91657    8.80055  1.30%  1529 65723s
 6228288 4985371    8.90408   80 1846    8.91657    8.80055  1.30%  1529 65758s
 6232204 4987165    8.83310   63 1851    8.91657    8.80056  1.30%  1529 65789s
 6234576 4988979    8.83223   67 1949    8.91657    8.80056  1.30%  1529 65824s
 6237000 4992261    8.90851   87 1800    8.91657    8.80056  1.30%  1529 65860s
 6240871 4996271     cutoff   78         8.91657    8.80056  1.30%  1529 65895s
 6245538 4998701    8.83378   63 1825    8.91657    8.80056  1.30%  1529 65927s
 6248580 5000906     cutoff   96         8.91657    8.80056  1.30%  1529 65959s
 6251432 5002864     cutoff   91         8.91657    8.80056  1.30%  1529 65992s
 6253851 5005434    8.82317   58 1872    8.91657    8.80057  1.30%  1529 66026s
 6256994 5008759    8.81724   54 1889    8.91657    8.80057  1.30%  1529 66060s
 6261292 5010375    8.91035  118 1803    8.91657    8.80057  1.30%  1529 66086s
 6263266 5012138    8.90660   81 1792    8.91657    8.80057  1.30%  1529 66116s
 6265526 5013522    8.83957   71 1856    8.91657    8.80057  1.30%  1530 66150s
 6267195 5016920    8.80823   50 1924    8.91657    8.80057  1.30%  1530 66187s
 6271131 5018703    8.91624  125 1680    8.91657    8.80057  1.30%  1530 66221s
 6273399 5020219     cutoff   86         8.91657    8.80058  1.30%  1530 66258s
 6275832 5023531    8.89648   71 1782    8.91657    8.80058  1.30%  1530 66298s
 6279754 5028539    8.91303  119 1735    8.91657    8.80058  1.30%  1530 66336s
 6285414 5032562     cutoff  120         8.91657    8.80058  1.30%  1530 66368s
 6290174 5035594     cutoff   78         8.91657    8.80058  1.30%  1529 66401s
 6294277 5037505     cutoff  123         8.91657    8.80058  1.30%  1529 66429s
 6296750 5039341    8.91203   91 1813    8.91657    8.80058  1.30%  1529 66460s
 6299731 5041252    8.82529   55 1889    8.91657    8.80058  1.30%  1529 66490s
 6302374 5043659    8.80422   39 1946    8.91657    8.80059  1.30%  1529 66523s
 6305205 5045822    8.81855   56 1878    8.91657    8.80059  1.30%  1529 66555s
 6307923 5047844    8.81019   52 2052    8.91657    8.80059  1.30%  1530 66589s
 6310527 5049971    8.83975   69 1765    8.91657    8.80059  1.30%  1530 66625s
 6313836 5052848    8.81852   59 1882    8.91657    8.80059  1.30%  1530 66660s
 6317286 5056958    8.83022   64 1859    8.91657    8.80060  1.30%  1530 66695s
 6321939 5060510    8.91544  175 1541    8.91657    8.80060  1.30%  1530 66730s
 6326107 5061602    8.82278   56 1877    8.91657    8.80060  1.30%  1529 66757s
 6327523 5064515    8.81777   56 2073    8.91657    8.80060  1.30%  1529 66790s
 6331307 5066581    8.81188   49 2092    8.91657    8.80060  1.30%  1529 66821s
 6333973 5068761    8.91074   78 1863    8.91657    8.80060  1.30%  1529 66853s
 6336858 5070648    8.83235   61 1946    8.91657    8.80060  1.30%  1529 66886s
 6339222 5073999    8.90051   81 1744    8.91657    8.80060  1.30%  1530 66921s
 6343502 5076298    8.82488   61 2058    8.91657    8.80061  1.30%  1529 66953s
 6346427 5078191    8.90154   83 1718    8.91657    8.80061  1.30%  1529 66987s
 6348816 5080554    8.89517   74 1867    8.91657    8.80061  1.30%  1530 67022s
 6351797 5083190    8.80514   49 2077    8.91657    8.80061  1.30%  1530 67058s
 6355059 5085503    8.90900   96 1744    8.91657    8.80061  1.30%  1530 67092s
 6357952 5088009    8.83619   68 1969    8.91657    8.80061  1.30%  1530 67128s
 6361065 5090960    8.90363   84 1717    8.91657    8.80061  1.30%  1530 67165s
 6364651 5094918    8.90413   88 1706    8.91657    8.80062  1.30%  1530 67199s
 6369187 5097593    8.90138   75 1818    8.91657    8.80062  1.30%  1530 67231s
 6372521 5100858    8.90011   99 1695    8.91657    8.80062  1.30%  1530 67262s
 6376300 5103892    8.82240   60 1979    8.91657    8.80062  1.30%  1530 67293s
 6380156 5105395    8.89985   78 1870    8.91657    8.80062  1.30%  1530 67323s
 6382111 5107172    8.82204   59 2034    8.91657    8.80062  1.30%  1529 67357s
 6384440 5110802    8.82878   62 1944    8.91657    8.80062  1.30%  1530 67403s
 6388787 5115722    8.90205   75 1773    8.91657    8.80063  1.30%  1530 67441s
 6394622 5117937    8.91154   80 1917    8.91657    8.80063  1.30%  1529 67471s
 6397649 5120161     cutoff  131         8.91657    8.80063  1.30%  1529 67502s
 6400478 5122304    8.91559   86 1854    8.91657    8.80063  1.30%  1529 67535s
 6403314 5124683    8.91621  104 1761    8.91657    8.80063  1.30%  1530 67567s
 6406374 5127935    8.83299   71 1858    8.91657    8.80063  1.30%  1530 67600s
 6410561 5130676    8.82448   50 1853    8.91657    8.80063  1.30%  1529 67631s
 6414103 5132775    8.91591  101 1652    8.91657    8.80063  1.30%  1529 67665s
 6416869 5136240    8.91617  113 1656    8.91657    8.80064  1.30%  1529 67705s
 6421011 5140777    8.80740   51 1940    8.91657    8.80064  1.30%  1529 67738s
 6426163 5142444    8.80881   46 2030    8.91657    8.80064  1.30%  1529 67767s
 6428374 5142536    8.90943   74 1940    8.91657    8.80064  1.30%  1529 67833s
 6428509 5143729    8.91596   75 1963    8.91657    8.80064  1.30%  1529 67865s
 6429998 5145735    8.83051   63 1951    8.91657    8.80064  1.30%  1529 67901s
 6432572 5147852    8.82103   59 1888    8.91657    8.80064  1.30%  1529 67937s
 6435219 5150382    8.82440   59 1908    8.91657    8.80064  1.30%  1530 67976s
 6438329 5154649    8.90429   83 1770    8.91657    8.80064  1.30%  1530 68015s
 6443300 5159760    8.90405  129 1556    8.91657    8.80065  1.30%  1529 68049s
 6449014 5163080    8.82909   61 1859    8.91657    8.80065  1.30%  1529 68069s
 6452734 5164906    8.90653  102 1713    8.91657    8.80065  1.30%  1528 68089s
 6454937 5166273    8.88540   79 1788    8.91657    8.80065  1.30%  1528 68110s
 6456674 5168018    8.82718   53 2030    8.91657    8.80065  1.30%  1528 68132s
 6458908 5170730    8.90511   75 1931    8.91657    8.80065  1.30%  1528 68156s
 6461931 5173143    8.81784   55 1975    8.91657    8.80065  1.30%  1528 68181s
 6464802 5174733     cutoff   82         8.91657    8.80065  1.30%  1528 68205s
 6466799 5176347    8.91330   97 1623    8.91657    8.80065  1.30%  1528 68234s
 6468774 5179199    8.91200   77 1925    8.91657    8.80065  1.30%  1528 68264s
 6472444 5182877    8.80795   41 1921    8.91657    8.80066  1.30%  1528 68299s
 6476741 5186323    8.89238   81 1650    8.91657    8.80066  1.30%  1528 68325s
 6480574 5189621    8.82040   54 1959    8.91657    8.80066  1.30%  1528 68350s
 6484581 5191345    8.89216   80 1693    8.91657    8.80066  1.30%  1527 68372s
 6486781 5193413    8.81807   57 1965    8.91657    8.80066  1.30%  1527 68397s
 6489494 5195753     cutoff   81         8.91657    8.80066  1.30%  1527 68422s
 6492513 5197293    8.82745   58 1941    8.91657    8.80066  1.30%  1527 68448s
 6494468 5198998     cutoff   88         8.91657    8.80066  1.30%  1527 68477s
 6496694 5200377    8.83930   66 1895    8.91657    8.80067  1.30%  1527 68507s
 6498431 5203103    8.83505   71 1755    8.91657    8.80067  1.30%  1527 68540s
 6502093 5205557    8.82629   60 1844    8.91657    8.80067  1.30%  1527 68574s
 6505298 5207847    8.83768   66 1968    8.91657    8.80067  1.30%  1527 68608s
 6508211 5210374    8.90184   76 1892    8.91657    8.80067  1.30%  1527 68644s
 6511365 5212595    8.83786   69 1879    8.91657    8.80067  1.30%  1527 68681s
 6514230 5214957    8.82733   70 1729    8.91657    8.80067  1.30%  1528 68718s
 6517254 5218059    8.90012   85 1743    8.91657    8.80068  1.30%  1528 68757s
 6521318 5220610    8.82427   58 1876    8.91657    8.80068  1.30%  1528 68792s
 6524383 5225664    8.82864   66 1899    8.91657    8.80068  1.30%  1528 68829s
 6530163 5230287    8.89188   74 1842    8.91657    8.80068  1.30%  1527 68858s
 6535312 5233910    8.82319   60 1936    8.91657    8.80068  1.30%  1527 68893s
 6539504 5235656    8.81748   53 2034    8.91657    8.80068  1.30%  1526 68920s
 6541971 5237153     cutoff   89         8.91657    8.80068  1.30%  1526 68949s
 6544004 5238923    8.90841   80 1803    8.91657    8.80068  1.30%  1526 68982s
 6546255 5240834     cutoff   91         8.91657    8.80069  1.30%  1527 69017s
 6548688 5244148    8.81206   49 1968    8.91657    8.80069  1.30%  1527 69055s
 6553024 5246084    8.82241   54 1846    8.91657    8.80069  1.30%  1527 69089s
 6555417 5250339    8.84521   73 1808    8.91657    8.80069  1.30%  1527 69125s
 6560297 5253471    8.90429   87 1736    8.91657    8.80069  1.30%  1526 69157s
 6564034 5257143    8.83391   69 1759    8.91657    8.80069  1.30%  1526 69189s
 6568227 5260315    8.80632   49 2005    8.91657    8.80069  1.30%  1526 69223s
 6571988 5263015     cutoff   75         8.91657    8.80069  1.30%  1526 69254s
 6575280 5265046    8.83265   66 1866    8.91657    8.80070  1.30%  1526 69283s
 6577757 5267138    8.82960   60 1812    8.91657    8.80070  1.30%  1526 69315s
 6580448 5269321    8.81462   56 1991    8.91657    8.80070  1.30%  1526 69349s
 6584117 5271045    8.83684   63 2001    8.91657    8.80070  1.30%  1526 69380s
 6586763 5273222    8.83780   68 1953    8.91657    8.80070  1.30%  1526 69414s
 6589493 5276016    8.91527   82 1776    8.91657    8.80070  1.30%  1526 69450s
 6592994 5278093     cutoff   93         8.91657    8.80070  1.30%  1526 69484s
 6595596 5280211    8.81777   54 1922    8.91657    8.80070  1.30%  1526 69519s
 6598338 5282319    8.83118   59 2063    8.91657    8.80071  1.30%  1527 69553s
 6601008 5285351    8.83247   67 1810    8.91657    8.80071  1.30%  1527 69594s
 6604946 5288280    8.80269   45 2027    8.91657    8.80071  1.30%  1527 69631s
 6609174 5290158    8.82086   51 2003    8.91657    8.80071  1.30%  1527 69664s
 6611947 5293302    8.91597  110 1714    8.91657    8.80071  1.30%  1526 69699s
 6616135 5295623    8.89870   73 1929    8.91657    8.80071  1.30%  1526 69731s
 6619009 5298286    8.89772   72 1914    8.91657    8.80072  1.30%  1526 69765s
 6622180 5303744    8.83041   68 1783    8.91657    8.80072  1.30%  1526 69798s
 6628208 5307235    8.83943   73 1698    8.91657    8.80072  1.30%  1526 69832s
 6632361 5310666    8.90381   81 1768    8.91657    8.80072  1.30%  1525 69860s
 6636346 5313041    8.90463   79 1762    8.91657    8.80072  1.30%  1525 69886s
 6639396 5314909    8.82062   54 2065    8.91657    8.80072  1.30%  1525 69911s
 6641771 5316716    8.91498   77 1895    8.91657    8.80072  1.30%  1525 69938s
 6644110 5318470     cutoff   87         8.91657    8.80072  1.30%  1525 69966s
 6646408 5320280    8.91630   88 1855    8.91657    8.80073  1.30%  1525 69996s
 6648766 5322926    8.81227   53 1939    8.91657    8.80073  1.30%  1525 70028s
 6652216 5325014    8.84109   69 1861    8.91657    8.80073  1.30%  1525 70059s
 6654923 5326524    8.90849   75 1865    8.91657    8.80073  1.30%  1525 70092s
 6656936 5329293    8.90450   95 1655    8.91657    8.80073  1.30%  1526 70127s
 6660415 5331143    8.82916   61 1879    8.91657    8.80073  1.30%  1526 70161s
 6662776 5333830    8.80976   49 2054    8.91657    8.80074  1.30%  1526 70207s
 6666246 5336175    8.82401   59 2007    8.91657    8.80074  1.30%  1526 70251s
 6669234 5340186    8.90371   76 1869    8.91657    8.80074  1.30%  1526 70297s
 6673931 5344391    8.90434   99 1776    8.91657    8.80074  1.30%  1526 70337s
 6679029 5346713    8.82296   61 1835    8.91657    8.80074  1.30%  1526 70371s
 6682057 5349068    8.89969   71 1865    8.91657    8.80074  1.30%  1526 70407s
 6685013 5351381    8.89693   96 1740    8.91657    8.80074  1.30%  1526 70443s
 6687958 5353454    8.80849   50 2067    8.91657    8.80074  1.30%  1526 70479s
 6690638 5355599    8.82758   61 1965    8.91657    8.80075  1.30%  1527 70514s
 6693413 5359038    8.82604   58 2056    8.91657    8.80075  1.30%  1527 70554s
 6697870 5360844    8.81093   49 2005    8.91657    8.80075  1.30%  1527 70586s
 6700752 5362699    8.91634   85 1787    8.91657    8.80075  1.30%  1527 70620s
 6703130 5364176     cutoff  120         8.91657    8.80075  1.30%  1527 70656s
 6704994 5366359    8.80443   45 1952    8.91657    8.80076  1.30%  1527 70696s
 6707869 5368500    8.89693   69 1768    8.91657    8.80076  1.30%  1527 70736s
 6710624 5371457    8.80651   47 1992    8.91657    8.80076  1.30%  1528 70778s
 6714505 5373990    8.89927   75 1754    8.91657    8.80076  1.30%  1528 70817s
 6717856 5376281    8.90714   88 1675    8.91657    8.80076  1.30%  1528 70856s
 6720734 5378013    8.91575   93 1682    8.91657    8.80076  1.30%  1528 70890s
 6722880 5381369     cutoff   83         8.91657    8.80076  1.30%  1528 70942s
 6727091 5387023    8.83411   70 1876    8.91657    8.80077  1.30%  1529 70985s
 6733387 5388830    8.90813   74 1931    8.91657    8.80077  1.30%  1528 71016s
 6735595 5390788     cutoff   83         8.91657    8.80077  1.30%  1528 71049s
 6738070 5392673    8.89897   81 1796    8.91657    8.80077  1.30%  1529 71085s
 6740485 5394491 infeasible   86         8.91657    8.80077  1.30%  1529 71122s
 6742761 5396484    8.83024   62 1994    8.91657    8.80077  1.30%  1529 71162s
 6745337 5398669    8.89669   68 2019    8.91657    8.80078  1.30%  1529 71204s
 6748202 5401023    8.88865   65 1923    8.91657    8.80078  1.30%  1530 71247s
 6751140 5405199    8.83957   69 1791    8.91657    8.80078  1.30%  1530 71283s
 6755919 5407612    8.90268   74 1909    8.91657    8.80078  1.30%  1530 71306s
 6759014 5410417    8.88941   86 1705    8.91657    8.80078  1.30%  1529 71330s
 6762157 5412746    8.83244   60 1947    8.91657    8.80078  1.30%  1529 71354s
 6764994 5414367    8.81866   58 1847    8.91657    8.80078  1.30%  1529 71379s
 6767093 5415908    8.81994   56 2013    8.91657    8.80078  1.30%  1529 71406s
 6769074 5418072    8.81798   55 1953    8.91657    8.80078  1.30%  1529 71435s
 6771780 5420161     cutoff   80         8.91657    8.80078  1.30%  1529 71467s
 6774129 5422644    8.80545   45 1987    8.91657    8.80078  1.30%  1530 71498s
 6777306 5424509    8.82815   65 1970    8.91657    8.80079  1.30%  1530 71530s
 6780493 5426520    8.89603   72 1928    8.91657    8.80079  1.30%  1530 71564s
 6783155 5429243     cutoff   85         8.91657    8.80079  1.30%  1530 71606s
 6786684 5431972    8.82559   63 1811    8.91657    8.80079  1.30%  1530 71645s
 6790030 5435723    8.89973   80 1803    8.91657    8.80079  1.30%  1530 71686s
 6794513 5438042    8.81365   51 2026    8.91657    8.80079  1.30%  1530 71722s
 6797408 5440294    8.91573   83 1818    8.91657    8.80079  1.30%  1530 71760s
 6800330 5444064    8.83262   73 1805    8.91657    8.80080  1.30%  1530 71798s
 6804757 5446522    8.82613   56 1896    8.91657    8.80080  1.30%  1530 71833s
 6807842 5447997    8.82079   61 1962    8.91657    8.80080  1.30%  1530 71867s
 6809705 5450529    8.90240   86 1684    8.91657    8.80080  1.30%  1530 71901s
 6812927 5453793    8.89262   78 1767    8.91657    8.80080  1.30%  1530 71936s
 6817068 5457141    8.83729   68 1747    8.91657    8.80080  1.30%  1530 71966s
 6821017 5459508    8.90994   94 1633    8.91657    8.80080  1.30%  1530 71995s
 6823892 5462035    8.91082  113 1567    8.91657    8.80080  1.30%  1530 72024s
 6827274 5463890    8.90596   74 1896    8.91657    8.80080  1.30%  1530 72053s
 6829609 5465642    8.90844   84 1793    8.91657    8.80081  1.30%  1530 72084s
 6831958 5467983     cutoff  109         8.91657    8.80081  1.30%  1530 72116s
 6834923 5471401    8.83727   70 1940    8.91657    8.80081  1.30%  1530 72149s
 6839375 5473709    8.82675   62 1986    8.91657    8.80081  1.30%  1530 72183s
 6842324 5477474    8.81346   55 1992    8.91657    8.80081  1.30%  1530 72220s
 6846849 5479904    8.90140  102 1653    8.91657    8.80081  1.30%  1530 72251s
 6850664 5481798     cutoff   82         8.91657    8.80081  1.30%  1529 72280s
 6853119 5483687    8.91226  133 1702    8.91657    8.80082  1.30%  1530 72311s
 6855487 5486559    8.89691   71 1935    8.91657    8.80082  1.30%  1530 72343s
 6858787 5491157    8.83317   75 1768    8.91657    8.80082  1.30%  1530 72377s
 6864041 5492884    8.89739   76 1856    8.91657    8.80082  1.30%  1529 72404s
 6866340 5494268    8.85065   74 1805    8.91657    8.80082  1.30%  1529 72434s
 6868057 5496541    8.83943   66 1963    8.91657    8.80082  1.30%  1530 72467s
 6870886 5498399    8.83281   58 1957    8.91657    8.80082  1.30%  1530 72503s
 6873192 5503858    8.91201   76 1868    8.91657    8.80082  1.30%  1530 72550s
 6879713 5506765    8.91145   95 1636    8.91657    8.80082  1.30%  1529 72580s
 6883543 5509360    8.81439   47 2102    8.91657    8.80083  1.30%  1529 72607s
 6886553 5512582    8.89755  102 1610    8.91657    8.80083  1.30%  1529 72636s
 6890553 5514933    8.90951   88 1829    8.91657    8.80083  1.30%  1529 72662s
 6893838 5516669    8.82151   57 1924    8.91657    8.80083  1.30%  1528 72689s
 6896551 5518583    8.80205   42 2057    8.91657    8.80083  1.30%  1528 72717s
 6898934 5520765    8.83469   64 1927    8.91657    8.80083  1.30%  1528 72746s
 6901650 5522878    8.83010   67 1835    8.91657    8.80083  1.30%  1529 72781s
 6904702 5524519    8.90599   78 1956    8.91657    8.80084  1.30%  1529 72817s
 6907295 5526207    8.80633   45 1964    8.91657    8.80084  1.30%  1529 72856s
 6910089 5528623    8.83397   64 1961    8.91657    8.80084  1.30%  1529 72897s
 6913128 5531659    8.91060   81 1848    8.91657    8.80084  1.30%  1529 72940s
 6916774 5535941    8.91016  120 1606    8.91657    8.80084  1.30%  1529 72981s
 6921794 5538346     cutoff  117         8.91657    8.80084  1.30%  1529 73017s
 6924881 5540796    8.91452  106 1819    8.91657    8.80084  1.30%  1529 73053s
 6927871 5546165    8.90643   98 1719    8.91657    8.80084  1.30%  1529 73090s
 6933953 5550650    8.89581   74 1849    8.91657    8.80084  1.30%  1529 73124s
 6938938 5553265    8.89374   76 1788    8.91657    8.80084  1.30%  1528 73147s
 6941959 5555074    8.83567   64 1984    8.91657    8.80085  1.30%  1528 73170s
 6944158 5556512    8.82077   57 2004    8.91657    8.80085  1.30%  1528 73195s
 6946006 5558842    8.81207   50 1979    8.91657    8.80085  1.30%  1528 73223s
 6948955 5561786    8.80255   41 1972    8.91657    8.80085  1.30%  1528 73251s
 6952488 5564558    8.90199   77 1859    8.91657    8.80085  1.30%  1528 73278s
 6955893 5566827    8.91648   82 1814    8.91657    8.80085  1.30%  1528 73306s
 6958800 5568869     cutoff   86         8.91657    8.80085  1.30%  1528 73334s
 6961365 5572840    8.89359   82 1741    8.91657    8.80085  1.30%  1528 73363s
 6965760 5575245    8.83779   68 1786    8.91657    8.80086  1.30%  1528 73397s
 6968814 5577341    8.91221   81 1813    8.91657    8.80086  1.30%  1528 73433s
 6971489 5579567    8.82028   54 1936    8.91657    8.80086  1.30%  1528 73472s
 6974277 5582279    8.89698   70 1931    8.91657    8.80086  1.30%  1528 73513s
 6977759 5584523    8.82643   64 1877    8.91657    8.80086  1.30%  1528 73554s
 6980756 5586861    8.88951   61 1909    8.91657    8.80086  1.30%  1528 73595s
 6983802 5589484     cutoff   48         8.91657    8.80087  1.30%  1528 73637s
 6987264 5592128     cutoff   86         8.91657    8.80087  1.30%  1529 73677s
 6990675 5594914    8.91572  112 1786    8.91657    8.80087  1.30%  1529 73718s
 6994375 5597266    8.80742   46 2080    8.91657    8.80087  1.30%  1529 73757s
 6997580 5600132    8.89398   67 1936    8.91657    8.80087  1.30%  1529 73791s
 7001021 5604784    8.90475   94 1763    8.91657    8.80088  1.30%  1529 73823s
 7006276 5606908    8.82616   60 1986    8.91657    8.80088  1.30%  1529 73848s
 7009072 5609505    8.90423   82 1863    8.91657    8.80088  1.30%  1528 73874s
 7012140 5611611    8.91383   93 1601    8.91657    8.80088  1.30%  1528 73900s
 7014732 5613525    8.89844   71 1864    8.91657    8.80088  1.30%  1528 73927s
 7017182 5617184    8.82973   73 1712    8.91657    8.80088  1.30%  1528 73956s
 7021279 5620168    8.81094   47 2039    8.91657    8.80088  1.30%  1528 73983s
 7025141 5622539    8.91585  108 1642    8.91657    8.80088  1.30%  1528 74008s
 7028538 5625189    8.81680   52 1940    8.91657    8.80088  1.30%  1528 74042s
 7032038 5628539    8.81739   58 1859    8.91657    8.80089  1.30%  1528 74074s
 7036021 5630331    8.90257  115 1580    8.91657    8.80089  1.30%  1527 74103s
 7038296 5632201    8.81953   56 1895    8.91657    8.80089  1.30%  1528 74134s
 7040688 5634164    8.82287   60 2000    8.91657    8.80089  1.30%  1528 74167s
 7043153 5635769    8.83046   69 1889    8.91657    8.80089  1.30%  1528 74201s
 7045227 5638349    8.80288   44 1943    8.91657    8.80089  1.30%  1528 74238s
 7048661 5638633    8.82671   58 1957    8.91657    8.80089  1.30%  1528 74314s
 7048991 5641072    8.83801   70 1856    8.91657    8.80089  1.30%  1528 74353s
 7052063 5643045    8.91345   85 1798    8.91657    8.80089  1.30%  1528 74393s
 7054630 5646079    8.83245   64 1969    8.91657    8.80090  1.30%  1529 74435s
 7058446 5648303    8.89898   73 1768    8.91657    8.80090  1.30%  1529 74468s
 7061387 5651418    8.83132   62 1920    8.91657    8.80090  1.30%  1529 74506s
 7065592 5653613    8.81816   61 1830    8.91657    8.80090  1.30%  1529 74539s
 7068431 5655658    8.81527   55 1855    8.91657    8.80090  1.30%  1529 74572s
 7071213 5657348    8.81957   57 1845    8.91657    8.80090  1.30%  1529 74607s
 7073464 5659426    8.83140   62 1972    8.91657    8.80090  1.30%  1529 74643s
 7076090 5661647    8.83305   58 2066    8.91657    8.80090  1.30%  1529 74681s
 7078913 5664844     cutoff   72         8.91657    8.80091  1.30%  1530 74721s
 7082705 5667322     cutoff   98         8.91657    8.80091  1.30%  1530 74759s
 7085977 5669443    8.82752   67 1769    8.91657    8.80091  1.30%  1530 74798s
 7088717 5671883    8.91014   96 1832    8.91657    8.80091  1.30%  1530 74832s
 7091881 5676670    8.89771   83 1636    8.91657    8.80091  1.30%  1530 74867s
 7097815 5678857    8.80706   45 1973    8.91657    8.80091  1.30%  1529 74891s
 7100751 5680656    8.89609   87 1749    8.91657    8.80091  1.30%  1529 74915s
 7102954 5682402    8.82344   49 2098    8.91657    8.80091  1.30%  1529 74942s
 7105154 5684711    8.91431   76 1839    8.91657    8.80091  1.30%  1529 74970s
 7108225 5686821     cutoff   99         8.91657    8.80091  1.30%  1529 74999s
 7110858 5689353     cutoff   78         8.91657    8.80092  1.30%  1529 75028s
 7113986 5693031    8.91476  121 1524    8.91657    8.80092  1.30%  1529 75059s
 7118172 5694811    8.91142   95 1655    8.91657    8.80092  1.30%  1529 75093s
 7120487 5697577     cutoff   83         8.91657    8.80092  1.30%  1529 75139s
 7124041 5701645    8.89686   74 1796    8.91657    8.80092  1.30%  1529 75183s
 7128973 5705237    8.89813   85 1732    8.91657    8.80092  1.30%  1529 75220s
 7133327 5706940    8.90932  103 1638    8.91657    8.80093  1.30%  1529 75253s
 7135986 5709020    8.82969   64 1869    8.91657    8.80093  1.30%  1529 75289s
 7138703 5711025    8.83678   62 1989    8.91657    8.80093  1.30%  1529 75326s
 7141310 5714276    8.89913   85 1720    8.91657    8.80093  1.30%  1530 75364s
 7145550 5716958    8.83518   70 1805    8.91657    8.80093  1.30%  1530 75400s
 7148947 5718612    8.80576   44 2116    8.91657    8.80093  1.30%  1530 75434s
 7151121 5721098    8.83500   68 1884    8.91657    8.80093  1.30%  1530 75484s
 7154789 5724120    8.89626   89 1722    8.91657    8.80093  1.30%  1530 75530s
 7158784 5728415 infeasible   66         8.91657    8.80093  1.30%  1530 75573s
 7163938 5732895    8.88859   81 1723    8.91657    8.80094  1.30%  1530 75609s
 7169196 5737489    8.82794   60 1841    8.91657    8.80094  1.30%  1530 75641s
 7174648 5740203    8.91584  138 1634    8.91657    8.80094  1.30%  1529 75666s
 7178069 5742578    8.82896   66 1829    8.91657    8.80094  1.30%  1529 75701s
 7181100 5744873    8.82845   62 1940    8.91657    8.80094  1.30%  1529 75737s
 7183959 5748553    8.89394   70 1898    8.91657    8.80094  1.30%  1529 75775s
 7188289 5752532    8.89848   89 1742    8.91657    8.80095  1.30%  1529 75810s
 7192983 5755420     cutoff  125         8.91657    8.80095  1.30%  1529 75840s
 7196671 5758207    8.90809   78 1903    8.91657    8.80095  1.30%  1528 75871s
 7200331 5759861    8.82988   58 1936    8.91657    8.80095  1.30%  1528 75899s
 7201399 5759861    8.89635   71 1946    8.91657    8.80095  1.30%  1528 75900s
 7202477 5761554    8.91541   89 1760    8.91657    8.80095  1.30%  1528 75930s
 7204685 5762869     cutoff   97         8.91657    8.80095  1.30%  1529 75964s
 7206327 5764656     cutoff   98         8.91657    8.80095  1.30%  1529 76000s
 7208627 5766898    8.83063   69 1811    8.91657    8.80095  1.30%  1529 76033s
 7211603 5769816     cutoff   82         8.91657    8.80095  1.30%  1529 76070s
 7215524 5773703    8.80334   48 1933    8.91657    8.80096  1.30%  1529 76104s
 7220505 5778117    8.90611  114 1564    8.91657    8.80096  1.30%  1529 76132s
 7225298 5780404    8.83420   63 1992    8.91657    8.80096  1.30%  1528 76157s
 7228017 5781936    8.81368   52 1989    8.91657    8.80096  1.30%  1528 76183s
 7229954 5783741     cutoff   88         8.91657    8.80096  1.30%  1528 76211s
 7232280 5786409    8.82303   58 1892    8.91657    8.80096  1.30%  1528 76240s
 7235879 5789736    8.91622   98 1696    8.91657    8.80096  1.30%  1528 76269s
 7239826 5792267    8.83612   65 1763    8.91657    8.80096  1.30%  1528 76303s
 7243058 5794807    8.89357   73 1873    8.91657    8.80096  1.30%  1528 76337s
 7246195 5797188    8.90238   95 1704    8.91657    8.80096  1.30%  1528 76371s
 7249015 5800484    8.90711  132 1652    8.91657    8.80097  1.30%  1528 76409s
 7252979 5805114    8.90957  106 1683    8.91657    8.80097  1.30%  1528 76443s
 7258285 5808927    8.89959   88 1767    8.91657    8.80097  1.30%  1528 76471s
 7262673 5811189    8.89475   78 1788    8.91657    8.80097  1.30%  1527 76498s
 7265527 5812783    8.81245   56 1904    8.91657    8.80097  1.30%  1527 76525s
 7267459 5814261     cutoff   91         8.91657    8.80097  1.30%  1528 76556s
 7269489 5815704     cutoff   87         8.91657    8.80097  1.30%  1528 76590s
 7271805 5818382     cutoff  136         8.91657    8.80097  1.30%  1528 76637s
 7275426 5823275    8.90176   82 1748    8.91657    8.80097  1.30%  1528 76682s
 7281059 5826151    8.91597  130 1564    8.91657    8.80098  1.30%  1528 76717s
 7284706 5828500 infeasible   84         8.91657    8.80098  1.30%  1528 76751s
 7288380 5830531    8.80216   41 2009    8.91657    8.80098  1.30%  1527 76784s
 7291142 5832682    8.91640  100 1824    8.91657    8.80098  1.30%  1528 76817s
 7293782 5834860    8.83630   76 1679    8.91657    8.80098  1.30%  1528 76852s
 7296571 5837082    8.91038   92 1662    8.91657    8.80098  1.30%  1528 76888s
 7299364 5839447    8.82595   62 1874    8.91657    8.80098  1.30%  1528 76923s
 7302306 5843824    8.82958   58 2049    8.91657    8.80098  1.30%  1528 76960s
 7307434 5845646    8.91281  127 1611    8.91657    8.80098  1.30%  1528 76988s
 7309856 5848053    8.90669   82 1800    8.91657    8.80099  1.30%  1528 77018s
 7312833 5852754    8.83764   76 1764    8.91657    8.80099  1.30%  1528 77051s
 7318078 5854909    8.83466   58 1872    8.91657    8.80099  1.30%  1527 77079s
 7320706 5857869    8.81821   53 2008    8.91657    8.80099  1.30%  1527 77108s
 7324194 5860049    8.90759  107 1691    8.91657    8.80099  1.30%  1527 77135s
 7326885 5861841    8.82818   55 2073    8.91657    8.80099  1.30%  1527 77163s
 7329093 5863269 infeasible   86         8.91657    8.80099  1.30%  1527 77198s
 7330906 5866316    8.89922   72 1974    8.91657    8.80099  1.30%  1528 77258s
 7334766 5870086    8.89437   71 1957    8.91657    8.80100  1.30%  1528 77311s
 7339604 5874063    8.83452   66 1879    8.91657    8.80100  1.30%  1528 77356s
 7344856 5877276    8.82040   56 2000    8.91657    8.80100  1.30%  1528 77394s
 7348748 5881409    8.82291   59 1893    8.91657    8.80100  1.30%  1528 77430s
 7353511 5883200    8.81341   51 1883    8.91657    8.80100  1.30%  1527 77462s
 7355826 5885484    8.81339   53 1930    8.91657    8.80100  1.30%  1528 77496s
 7358610 5890005    8.81819   57 1961    8.91657    8.80101  1.30%  1528 77531s
 7363711 5891823     cutoff  133         8.91657    8.80101  1.30%  1527 77554s
 7365998 5893529    8.90285   90 1694    8.91657    8.80101  1.30%  1527 77579s
 7368184 5895893    8.91637   98 1767    8.91657    8.80101  1.30%  1527 77606s
 7371226 5897609     cutoff   82         8.91657    8.80101  1.30%  1527 77633s
 7373501 5899251     cutoff   88         8.91657    8.80101  1.30%  1527 77661s
 7375576 5900763    8.81809   53 1961    8.91657    8.80101  1.30%  1528 77692s
 7377538 5902135    8.81373   55 1969    8.91657    8.80101  1.30%  1528 77726s
 7379248 5904582    8.90692   91 1741    8.91657    8.80101  1.30%  1528 77764s
 7382283 5906739    8.82182   60 1788    8.91657    8.80101  1.30%  1528 77802s
 7385210 5910299    8.89140   76 1750    8.91657    8.80102  1.30%  1528 77842s
 7389909 5912396    8.80349   47 1950    8.91657    8.80102  1.30%  1528 77876s
 7392717 5915615     cutoff   90         8.91657    8.80102  1.30%  1528 77915s
 7396435 5920425    8.89937   71 1944    8.91657    8.80102  1.30%  1528 77952s
 7401914 5924428    8.89285   84 1682    8.91657    8.80102  1.30%  1528 77981s
 7406480 5926864    8.83141   62 1907    8.91657    8.80102  1.30%  1527 78007s
 7409706 5928540    8.91608   83 1823    8.91657    8.80102  1.30%  1527 78033s
 7411980 5930229    8.90421   73 1919    8.91657    8.80102  1.30%  1527 78060s
 7414122 5932684    8.90192   74 1994    8.91657    8.80102  1.30%  1527 78090s
 7417101 5937395    8.83353   67 1821    8.91657    8.80103  1.30%  1527 78121s
 7422323 5940716    8.82077   57 1905    8.91657    8.80103  1.30%  1527 78155s
 7426310 5942294    8.82148   57 2010    8.91657    8.80103  1.30%  1527 78183s
 7428296 5944234    8.82719   64 1930    8.91657    8.80103  1.30%  1527 78216s
 7430763 5946516    8.83473   60 2047    8.91657    8.80103  1.30%  1527 78252s
 7433636 5949235    8.82895   59 2022    8.91657    8.80103  1.30%  1527 78288s
 7436966 5952237    8.82525   62 1774    8.91657    8.80103  1.30%  1527 78325s
 7440499 5956548     cutoff   77         8.91657    8.80103  1.30%  1527 78360s
 7445696 5961032    8.91217  147 1506    8.91657    8.80103  1.30%  1527 78392s
 7450931 5962922    8.89882   77 1813    8.91657    8.80103  1.30%  1526 78419s
 7453355 5964835    8.91155   86 1771    8.91657    8.80103  1.30%  1526 78452s
 7455881 5967497    8.80284   44 2026    8.91657    8.80104  1.30%  1527 78496s
 7459315 5971561    8.80574   43 2051    8.91657    8.80104  1.30%  1527 78538s
 7464160 5974925    8.83506   72 1843    8.91657    8.80104  1.30%  1527 78573s
 7468221 5976907    8.82333   55 1987    8.91657    8.80104  1.30%  1526 78606s
 7470817 5978767    8.81971   54 1944    8.91657    8.80104  1.30%  1527 78640s
 7473163 5980723    8.91303   94 1791    8.91657    8.80104  1.30%  1527 78676s
 7475866 5983199    8.81925   54 1958    8.91657    8.80105  1.30%  1527 78714s
 7479117 5985239    8.82260   58 1928    8.91657    8.80105  1.30%  1527 78752s
 7481827 5987540    8.89486   77 1866    8.91657    8.80105  1.30%  1527 78792s
 7484707 5989120    8.90321   81 1798    8.91657    8.80105  1.30%  1528 78827s
 7486797 5992263    8.90793   72 1935    8.91657    8.80105  1.30%  1528 78878s
 7490703 5998046    8.82862   70 1743    8.91657    8.80105  1.30%  1528 78923s
 7497607 6001276     cutoff  108         8.91657    8.80105  1.30%  1527 78954s
 7501391 6005054    8.81150   48 2050    8.91657    8.80106  1.30%  1527 78985s
 7505802 6007670     cutoff   82         8.91657    8.80106  1.30%  1527 79012s
 7509154 6009573    8.84908   66 2015    8.91657    8.80106  1.30%  1527 79039s
 7511681 6011258    8.82847   60 1908    8.91657    8.80106  1.30%  1527 79067s
 7513841 6013079    8.88740   79 1847    8.91657    8.80106  1.30%  1527 79100s
 7516205 6015533    8.83497   69 1766    8.91657    8.80106  1.30%  1527 79146s
 7519450 6018420    8.81947   60 1899    8.91657    8.80106  1.30%  1527 79193s
 7523093 6021677    8.90774   78 1904    8.91657    8.80107  1.30%  1528 79239s
 7527132 6023914     cutoff   91         8.91657    8.80107  1.30%  1528 79280s
 7530215 6026919    8.81445   53 1889    8.91657    8.80107  1.30%  1528 79322s
 7534211 6030450    8.83794   73 1740    8.91657    8.80107  1.30%  1528 79362s
 7538251 6033686    8.83258   68 1931    8.91657    8.80107  1.30%  1528 79400s
 7542353 6036870    8.81718   59 1809    8.91657    8.80107  1.30%  1528 79434s
 7546574 6039505     cutoff   97         8.91657    8.80107  1.30%  1527 79469s
 7549830 6042713    8.90726   76 1810    8.91657    8.80107  1.30%  1527 79503s
 7553637 6046248    8.84006   68 1917    8.91657    8.80107  1.30%  1527 79534s
 7557583 6046248    8.90832  118 1588    8.91657    8.80107  1.30%  1527 79535s
 7557871 6048154    8.83567   73 1917    8.91657    8.80107  1.30%  1527 79563s
 7560410 6049940    8.82272   59 1902    8.91657    8.80108  1.30%  1527 79593s
 7562667 6051824    8.81690   54 2004    8.91657    8.80108  1.30%  1527 79624s
 7564990 6054238     cutoff   86         8.91657    8.80108  1.30%  1527 79658s
 7567912 6057210    8.80378   45 1924    8.91657    8.80108  1.30%  1528 79693s
 7571715 6061870    8.82306   56 2019    8.91657    8.80108  1.30%  1527 79726s
 7577069 6064286    8.91458  111 1603    8.91657    8.80108  1.30%  1527 79760s
 7580176 6066149    8.90373   93 1635    8.91657    8.80108  1.30%  1527 79796s
 7582567 6069214    8.83164   70 1683    8.91657    8.80108  1.30%  1527 79837s
 7586336 6071521    8.89700   69 1945    8.91657    8.80109  1.30%  1527 79875s
 7589315 6074994    8.89733   73 1808    8.91657    8.80109  1.30%  1527 79915s
 7593817 6077661    8.90112   81 1728    8.91657    8.80109  1.30%  1527 79950s
 7597144 6080840     cutoff  103         8.91657    8.80109  1.30%  1527 79986s
 7600891 6083111    8.82464   60 1807    8.91657    8.80109  1.30%  1527 80020s
 7603689 6085105    8.83740   70 1889    8.91657    8.80109  1.30%  1527 80054s
 7606252 6087057    8.90592   78 1792    8.91657    8.80109  1.30%  1527 80088s
 7608848 6089398    8.82275   59 1989    8.91657    8.80110  1.30%  1528 80130s
 7611733 6091772    8.90092   79 1798    8.91657    8.80110  1.30%  1528 80175s
 7614778 6094542     cutoff   86         8.91657    8.80110  1.29%  1528 80220s
 7618300 6095064    8.83276   66 1934    8.91657    8.80110  1.29%  1528 80291s
 7618966 6098635    8.83927   70 1916    8.91657    8.80110  1.29%  1528 80339s
 7623622 6103328    8.89663   70 1909    8.91657    8.80110  1.29%  1528 80384s
 7629630 6108159     cutoff  102         8.91657    8.80110  1.29%  1528 80419s
 7635208 6112096    8.91614  136 1613    8.91657    8.80111  1.29%  1528 80454s
 7640110 6112615    8.83376   66 2006    8.91657    8.80111  1.29%  1527 80478s
 7640797 6114118    8.91410   82 1849    8.91657    8.80111  1.29%  1527 80506s
 7642763 6115805     cutoff  117         8.91657    8.80111  1.29%  1528 80537s
 7644936 6117586    8.91514  106 1589    8.91657    8.80111  1.29%  1528 80571s
 7647219 6120738    8.90809   95 1703    8.91657    8.80111  1.29%  1528 80607s
 7651833 6124340    8.82807   62 1767    8.91657    8.80111  1.29%  1528 80641s
 7656145 6126690     cutoff  130         8.91657    8.80111  1.29%  1527 80670s
 7658945 6128493    8.91124   84 1757    8.91657    8.80111  1.29%  1527 80701s
 7661234 6130340    8.89884   76 1868    8.91657    8.80112  1.29%  1528 80734s
 7663617 6132430    8.90338   80 1809    8.91657    8.80112  1.29%  1528 80769s
 7666189 6134363    8.89969   73 1934    8.91657    8.80112  1.29%  1528 80803s
 7668638 6137991    8.89250   84 1702    8.91657    8.80112  1.29%  1528 80847s
 7673076 6141423    8.82968   67 1865    8.91657    8.80112  1.29%  1528 80883s
 7677021 6143409     cutoff  159         8.91657    8.80112  1.29%  1528 80918s
 7679631 6145394    8.89786   77 1869    8.91657    8.80112  1.29%  1528 80953s
 7682139 6147888    8.89553   76 1820    8.91657    8.80112  1.29%  1529 80990s
 7685329 6151155     cutoff   81         8.91657    8.80113  1.29%  1529 81029s
 7689191 6153679    8.89542   72 1956    8.91657    8.80113  1.29%  1529 81065s
 7692406 6155936    8.91115   83 1754    8.91657    8.80113  1.29%  1529 81102s
 7695081 6159115    8.89950   75 1754    8.91657    8.80113  1.29%  1529 81136s
 7698905 6160677    8.91576   86 1803    8.91657    8.80113  1.29%  1529 81165s
 7700950 6162629    8.82139   54 1976    8.91657    8.80113  1.29%  1529 81198s
 7703463 6165517     cutoff   99         8.91657    8.80113  1.29%  1529 81235s
 7706988 6168916    8.91623  139 1609    8.91657    8.80113  1.29%  1529 81272s
 7711099 6171525    8.83757   67 1834    8.91657    8.80114  1.29%  1529 81305s
 7714241 6173557    8.90410   79 1845    8.91657    8.80114  1.29%  1529 81338s
 7717412 6175839     cutoff   90         8.91657    8.80114  1.29%  1529 81373s
 7720500 6178184 infeasible   57         8.91657    8.80114  1.29%  1529 81407s
 7723583 6180137    8.82848   62 1808    8.91657    8.80114  1.29%  1529 81441s
 7726098 6182059    8.90832   91 1651    8.91657    8.80114  1.29%  1529 81476s
 7728504 6186237    8.82148   61 1882    8.91657    8.80114  1.29%  1530 81522s
 7733748 6189613     cutoff  151         8.91657    8.80114  1.29%  1529 81556s
 7738308 6191629    8.81947   55 2053    8.91657    8.80114  1.29%  1529 81585s
 7740962 6193215    8.89578   69 1952    8.91657    8.80115  1.29%  1529 81616s
 7743052 6195250    8.83259   68 1943    8.91657    8.80115  1.29%  1529 81648s
 7745726 6197310    8.82386   55 1914    8.91657    8.80115  1.29%  1530 81682s
 7748420 6198657    8.91192   84 1910    8.91657    8.80115  1.29%  1530 81718s
 7750114 6200724    8.89340   65 1960    8.91657    8.80115  1.29%  1530 81756s
 7752849 6204688    8.90236   78 1801    8.91657    8.80115  1.29%  1530 81796s
 7757472 6209110    8.91188  140 1462    8.91657    8.80115  1.29%  1530 81831s
 7762839 6210507     cutoff  111         8.91657    8.80115  1.29%  1529 81853s
 7764709 6212085    8.89627   69 1922    8.91657    8.80115  1.29%  1530 81877s
 7766711 6213744    8.83422   73 1734    8.91657    8.80115  1.29%  1530 81903s
 7768766 6215422    8.83268   67 1790    8.91657    8.80116  1.29%  1530 81932s
 7770887 6217380    8.83607   73 1871    8.91657    8.80116  1.29%  1530 81964s
 7773401 6219337    8.90544   73 1917    8.91657    8.80116  1.29%  1530 81997s
 7775865 6222148     cutoff   84         8.91657    8.80116  1.29%  1530 82032s
 7779194 6224717    8.83145   63 1826    8.91657    8.80116  1.29%  1530 82066s
 7782393 6229111    8.88581   77 1712    8.91657    8.80116  1.29%  1530 82102s
 7787491 6231747    8.91348  195 1584    8.91657    8.80116  1.29%  1530 82137s
 7790791 6233573    8.82627   68 1714    8.91657    8.80116  1.29%  1530 82170s
 7793154 6235502    8.81584   56 1933    8.91657    8.80117  1.29%  1530 82208s
 7795631 6238214    8.89720   73 1929    8.91657    8.80117  1.29%  1530 82251s
 7799178 6241606    8.83459   62 1947    8.91657    8.80117  1.29%  1530 82291s
 7803688 6244853    8.83621   68 1891    8.91657    8.80117  1.29%  1530 82328s
 7808226 6246941    8.81988   54 1931    8.91657    8.80117  1.29%  1530 82362s
 7811047 6249037    8.81728   59 1760    8.91657    8.80117  1.29%  1530 82396s
 7813715 6251002    8.82288   59 1954    8.91657    8.80117  1.29%  1530 82433s
 7816155 6253098    8.82777   63 1765    8.91657    8.80118  1.29%  1531 82470s
 7818885 6255970    8.91235   82 1831    8.91657    8.80118  1.29%  1531 82504s
 7822658 6257918    8.89706   72 1940    8.91657    8.80118  1.29%  1531 82533s
 7825109 6260287    8.89455   68 1963    8.91657    8.80118  1.29%  1531 82566s
 7828003 6262696    8.90812   78 1780    8.91657    8.80118  1.29%  1531 82599s
 7830910 6265024    8.80251   44 1923    8.91657    8.80118  1.29%  1531 82635s
 7833852 6267869    8.82064   57 1890    8.91657    8.80118  1.29%  1531 82669s
 7837569 6271791    8.82051   52 1995    8.91657    8.80118  1.29%  1531 82704s
 7842198 6274484    8.91413   93 1713    8.91657    8.80118  1.29%  1531 82734s
 7845516 6276944    8.91233   80 1751    8.91657    8.80118  1.29%  1531 82765s
 7848589 6278494    8.89521   70 1771    8.91657    8.80118  1.29%  1531 82800s
 7850625 6281565    8.81834   55 1953    8.91657    8.80118  1.29%  1531 82853s
 7854768 6283981     cutoff   84         8.91657    8.80119  1.29%  1531 82900s
 7857876 6287477    8.82979   61 1994    8.91657    8.80119  1.29%  1531 82947s
 7862357 6291224    8.84135   69 1821    8.91657    8.80119  1.29%  1531 82988s
 7866976 6293743    8.83887   63 2002    8.91657    8.80119  1.29%  1531 83026s
 7870257 6295621    8.90230   83 1733    8.91657    8.80119  1.29%  1531 83064s
 7873236 6298681    8.90753   93 1648    8.91657    8.80119  1.29%  1531 83102s
 7876882 6301195    8.91616   80 1910    8.91657    8.80120  1.29%  1531 83139s
 7879972 6303871    8.82663   62 1885    8.91657    8.80120  1.29%  1532 83173s
 7883249 6305795     cutoff   68         8.91657    8.80120  1.29%  1532 83206s
 7885779 6307886    8.83782   75 1886    8.91657    8.80120  1.29%  1532 83243s
 7888530 6310367    8.80703   47 1926    8.91657    8.80120  1.29%  1532 83281s
 7891663 6312817    8.82926   61 2024    8.91657    8.80120  1.29%  1532 83322s
 7894834 6316190    8.91017   81 1795    8.91657    8.80120  1.29%  1532 83363s
 7898730 6319803    8.90315   72 1937    8.91657    8.80120  1.29%  1532 83401s
 7903257 6322616    8.90685   71 1983    8.91657    8.80121  1.29%  1532 83436s
 7906697 6324583    8.90346   81 1799    8.91657    8.80121  1.29%  1532 83470s
 7909175 6326096    8.89799   75 1847    8.91657    8.80121  1.29%  1532 83504s
 7911053 6332306    8.90761   79 1860    8.91657    8.80121  1.29%  1532 83562s
 7918111 6334765    8.81178   50 1989    8.91657    8.80121  1.29%  1532 83594s
 7921204 6337297    8.90563   78 1816    8.91657    8.80121  1.29%  1532 83626s
 7924369 6339419    8.89993   68 1763    8.91657    8.80121  1.29%  1532 83659s
 7927120 6341662    8.82266   49 1988    8.91657    8.80121  1.29%  1532 83693s
 7929918 6343906    8.90221   75 1784    8.91657    8.80121  1.29%  1532 83728s
 7932930 6345843    8.90923   98 1616    8.91657    8.80121  1.29%  1532 83763s
 7935429 6348613    8.81875   53 1860    8.91657    8.80122  1.29%  1533 83799s
 7938816 6350637    8.90616   90 1709    8.91657    8.80122  1.29%  1533 83833s
 7941358 6353048    8.91196   98 1699    8.91657    8.80122  1.29%  1533 83875s
 7944417 6355349    8.82362   58 1970    8.91657    8.80122  1.29%  1533 83920s
 7947259 6358356    8.82942   61 1953    8.91657    8.80122  1.29%  1533 83967s
 7951107 6362981    8.91222   77 1799    8.91657    8.80122  1.29%  1533 84012s
 7956512 6366900    8.91492  165 1518    8.91657    8.80122  1.29%  1533 84049s
 7961111 6370973    8.90189   79 1803    8.91657    8.80123  1.29%  1533 84082s
 7965716 6373220    8.90310   78 1835    8.91657    8.80123  1.29%  1533 84114s
 7968606 6375106    8.91593  112 1655    8.91657    8.80123  1.29%  1533 84148s
 7971048 6378428    8.91459   80 1825    8.91657    8.80123  1.29%  1533 84194s
 7975204 6382181     cutoff  100         8.91657    8.80123  1.29%  1533 84233s
 7979587 6384334    8.80389   44 1988    8.91657    8.80123  1.29%  1533 84267s
 7982166 6387528    8.89213   94 1602    8.91657    8.80123  1.29%  1533 84303s
 7986359 6389697    8.90005   74 1863    8.91657    8.80123  1.29%  1533 84337s
 7989119 6392004    8.81668   51 2030    8.91657    8.80123  1.29%  1533 84371s
 7992027 6394033    8.88414   74 1952    8.91657    8.80124  1.29%  1533 84411s
 7994637 6396213    8.82562   59 1964    8.91657    8.80124  1.29%  1533 84447s
 7997269 6399031    8.91307  120 1558    8.91657    8.80124  1.29%  1533 84486s
 8000802 6400989    8.91591   88 1857    8.91657    8.80124  1.29%  1534 84520s
 8003446 6402933    8.82930   67 1817    8.91657    8.80124  1.29%  1534 84562s
 8005948 6406034    8.90189   72 1988    8.91657    8.80124  1.29%  1534 84608s
 8009865 6408563    8.90926   80 1873    8.91657    8.80124  1.29%  1534 84650s
 8013128 6411729    8.82633   58 2004    8.91657    8.80125  1.29%  1534 84693s
 8017097 6415225    8.83563   63 1881    8.91657    8.80125  1.29%  1534 84734s
 8021454 6419660     cutoff   71         8.91657    8.80125  1.29%  1534 84772s
 8026652 6422212    8.90025   79 1825    8.91657    8.80125  1.29%  1534 84804s
 8029793 6424547    8.82595   55 2032    8.91657    8.80125  1.29%  1534 84838s
 8032444 6427065    8.90091   67 1922    8.91657    8.80125  1.29%  1534 84880s
 8036381 6429033     cutoff   84         8.91657    8.80125  1.29%  1534 84916s
 8039339 6432259     cutoff   83         8.91657    8.80125  1.29%  1534 84955s
 8043627 6434559    8.91209   79 1901    8.91657    8.80125  1.29%  1534 84989s
 8046542 6436649    8.90385   99 1575    8.91657    8.80125  1.29%  1534 85026s
 8049234 6438683    8.82843   64 2015    8.91657    8.80126  1.29%  1534 85063s
 8051797 6442045    8.82443   62 1888    8.91657    8.80126  1.29%  1534 85103s
 8055923 6445400    8.83488   65 1838    8.91657    8.80126  1.29%  1534 85140s
 8059782 6447479    8.82958   61 1972    8.91657    8.80126  1.29%  1534 85175s
 8062425 6450101    8.83209   64 1921    8.91657    8.80126  1.29%  1534 85216s
 8065769 6454152    8.91373   89 1742    8.91657    8.80126  1.29%  1535 85257s
 8070437 6456293    8.82273   62 1784    8.91657    8.80126  1.29%  1534 85292s
 8073142 6460262    8.83786   68 1949    8.91657    8.80126  1.29%  1535 85328s
 8077816 6464278    8.90607  107 1695    8.91657    8.80127  1.29%  1534 85360s
 8082495 6465826    8.89728   68 1927    8.91657    8.80127  1.29%  1534 85389s
 8084471 6467795    8.89612   69 1901    8.91657    8.80127  1.29%  1534 85420s
 8086949 6469730    8.91220   84 1902    8.91657    8.80127  1.29%  1534 85453s
 8089433 6472186    8.80443   44 1997    8.91657    8.80127  1.29%  1534 85488s
 8092485 6474352    8.91118  112 1593    8.91657    8.80127  1.29%  1535 85524s
 8095214 6476749    8.90778   97 1650    8.91657    8.80127  1.29%  1535 85565s
 8098328 6478425    8.81344   49 2034    8.91657    8.80127  1.29%  1535 85604s
 8100460 6480996    8.91502   93 1786    8.91657    8.80127  1.29%  1535 85648s
 8103807 6483658    8.82656   58 2025    8.91657    8.80127  1.29%  1535 85690s
 8107231 6486830    8.83687   69 1948    8.91657    8.80128  1.29%  1535 85733s
 8111117 6491072    8.84071   67 1820    8.91657    8.80128  1.29%  1535 85773s
 8116217 6493402    8.81910   51 2027    8.91657    8.80128  1.29%  1535 85808s
 8119231 6495599    8.83587   69 1911    8.91657    8.80128  1.29%  1535 85842s
 8122032 6497902    8.82085   52 2016    8.91657    8.80128  1.29%  1536 85881s
 8125026 6500138    8.83510   69 1890    8.91657    8.80128  1.29%  1536 85922s
 8127881 6502593    8.91518   81 1876    8.91657    8.80128  1.29%  1536 85964s
 8130931 6505008    8.83475   69 1916    8.91657    8.80129  1.29%  1536 86007s
 8134137 6507514    8.91427   86 1800    8.91657    8.80129  1.29%  1536 86050s
 8137460 6507931    8.90462   82 1851    8.91657    8.80129  1.29%  1537 86119s
 8137947 6511402     cutoff   90         8.91657    8.80129  1.29%  1537 86166s
 8142283 6515380    8.82542   57 1999    8.91657    8.80129  1.29%  1537 86210s
 8147568 6519498    8.81309   55 1948    8.91657    8.80129  1.29%  1537 86247s
 8152158 6522248    8.89170   84 1660    8.91657    8.80129  1.29%  1536 86282s
 8155705 6524801    8.83993   65 1977    8.91657    8.80129  1.29%  1536 86313s
 8159069 6527075    8.83184   67 1802    8.91657    8.80130  1.29%  1536 86343s
 8162048 6529070    8.83681   68 1836    8.91657    8.80130  1.29%  1536 86375s
 8164732 6531907    8.83893   71 1865    8.91657    8.80130  1.29%  1536 86408s
 8168435 6534606    8.81290   50 1998    8.91657    8.80130  1.29%  1536 86439s
 8171707 6538272    8.81154   46 2081    8.91657    8.80130  1.29%  1536 86471s
 8175893 6540258     cutoff   76         8.91657    8.80130  1.29%  1536 86502s
 8178484 6541880    8.82190   55 1930    8.91657    8.80130  1.29%  1536 86532s
 8180591 6543807    8.81881   56 1947    8.91657    8.80130  1.29%  1536 86566s
 8183103 6546993    8.82866   63 1914    8.91657    8.80130  1.29%  1536 86600s
 8187227 6549049    8.80472   46 2043    8.91657    8.80130  1.29%  1536 86628s
 8189752 6551150    8.89455   68 1904    8.91657    8.80130  1.29%  1536 86657s
 8192577 6552387    8.83778   62 1975    8.91657    8.80130  1.29%  1536 86688s
 8194159 6554276    8.91522   77 1911    8.91657    8.80131  1.29%  1536 86724s
 8196576 6556609     cutoff   77         8.91657    8.80131  1.29%  1536 86761s
 8199531 6561113    8.83739   62 1956    8.91657    8.80131  1.29%  1537 86798s
 8205077 6565462    8.91609   83 1819    8.91657    8.80131  1.29%  1536 86829s
 8209980 6569419    8.89581   91 1675    8.91657    8.80131  1.29%  1536 86856s
 8214541 6572620    8.82274   56 1947    8.91657    8.80131  1.29%  1535 86890s
 8218431 6576681     cutoff   95         8.91657    8.80131  1.29%  1535 86919s
 8223203 6578972    8.90895  105 1664    8.91657    8.80131  1.29%  1535 86942s
 8226067 6581679    8.91536  105 1728    8.91657    8.80131  1.29%  1535 86966s
 8229549 6583033    8.83406   60 2023    8.91657    8.80131  1.29%  1535 86989s
 8231338 6584803    8.82051   56 1977    8.91657    8.80131  1.29%  1535 87016s
 8233594 6588252    8.81110   52 2024    8.91657    8.80132  1.29%  1535 87043s
 8237436 6590292    8.91500  122 1706    8.91657    8.80132  1.29%  1535 87069s
 8240002 6591944    8.90812  107 1639    8.91657    8.80132  1.29%  1535 87098s
 8242125 6593889     cutoff   89         8.91657    8.80132  1.29%  1535 87129s
 8244514 6595856    8.91432   82 1828    8.91657    8.80132  1.29%  1535 87163s
 8247020 6598482    8.91371   80 1831    8.91657    8.80132  1.29%  1535 87207s
 8250333 6602675    8.89417   80 1724    8.91657    8.80132  1.29%  1535 87251s
 8255251 6604058    8.89465   90 1652    8.91657    8.80132  1.29%  1535 87288s
 8256978 6606874    8.89856   69 1900    8.91657    8.80132  1.29%  1535 87328s
 8260525 6610995     cutoff  109         8.91657    8.80132  1.29%  1535 87366s
 8265562 6613851    8.83397   64 1985    8.91657    8.80133  1.29%  1535 87401s
 8269309 6616005    8.82835   60 1966    8.91657    8.80133  1.29%  1535 87433s
 8272222 6618460    8.83541   69 1837    8.91657    8.80133  1.29%  1535 87465s
 8275205 6622873    8.82878   64 1951    8.91657    8.80133  1.29%  1535 87500s
 8280204 6625075    8.91238  127 1581    8.91657    8.80133  1.29%  1535 87522s
 8283092 6627757    8.81865   53 1952    8.91657    8.80133  1.29%  1535 87545s
 8286108 6630028    8.90280   84 1714    8.91657    8.80133  1.29%  1535 87570s
 8288825 6631369    8.89548   79 1833    8.91657    8.80133  1.29%  1534 87596s
 8290536 6632962    8.88418   73 1695    8.91657    8.80133  1.29%  1535 87623s
 8292543 6634716    8.83296   65 1976    8.91657    8.80133  1.29%  1535 87653s
 8294863 6636490    8.83323   69 1834    8.91657    8.80133  1.29%  1535 87685s
 8297159 6639580    8.82464   66 1995    8.91657    8.80133  1.29%  1535 87718s
 8301211 6641572    8.82434   66 1756    8.91657    8.80134  1.29%  1535 87750s
 8303751 6643710    8.81646   56 2017    8.91657    8.80134  1.29%  1535 87783s
 8306483 6645384    8.82466   62 1891    8.91657    8.80134  1.29%  1535 87817s
 8309139 6647764    8.83586   63 1868    8.91657    8.80134  1.29%  1535 87858s
 8312141 6650762    8.91404   88 1785    8.91657    8.80134  1.29%  1535 87900s
 8315979 6652646    8.83161   62 1941    8.91657    8.80134  1.29%  1536 87941s
 8318363 6655489    8.91642   88 1824    8.91657    8.80134  1.29%  1536 87983s
 8322100 6659113    8.89739   71 1826    8.91657    8.80135  1.29%  1536 88025s
 8327133 6662290    8.83584   63 1950    8.91657    8.80135  1.29%  1536 88060s
 8330828 6665964    8.83044   66 1875    8.91657    8.80135  1.29%  1535 88094s
 8335277 6668140    8.82543   59 1737    8.91657    8.80135  1.29%  1535 88125s
 8338107 6670804    8.89335   66 1939    8.91657    8.80135  1.29%  1535 88159s
 8341592 6674426    8.82679   63 1871    8.91657    8.80135  1.29%  1535 88190s
 8345737 6676594    8.82992   68 1843    8.91657    8.80135  1.29%  1535 88219s
 8348727 6678538    8.82689   53 1982    8.91657    8.80135  1.29%  1535 88247s
 8351294 6680528    8.89583   85 1651    8.91657    8.80136  1.29%  1535 88278s
 8353763 6683826     cutoff   82         8.91657    8.80136  1.29%  1535 88309s
 8357959 6686658    8.82802   65 1771    8.91657    8.80136  1.29%  1535 88339s
 8361263 6688885    8.90691  119 1548    8.91657    8.80136  1.29%  1535 88369s
 8364064 6690463    8.90707  118 1679    8.91657    8.80136  1.29%  1535 88401s
 8366628 6692174    8.81321   51 2029    8.91657    8.80136  1.29%  1535 88433s
 8368804 6693741    8.82913   60 2022    8.91657    8.80136  1.29%  1535 88467s
 8370825 6696489    8.82250   59 1834    8.91657    8.80136  1.29%  1535 88521s
 8374183 6699942    8.91438   74 1922    8.91657    8.80136  1.29%  1535 88573s
 8378521 6703513     cutoff  103         8.91657    8.80137  1.29%  1536 88619s
 8382864 6707536    8.83967   71 1819    8.91657    8.80137  1.29%  1536 88662s
 8387669 6710442     cutoff   87         8.91657    8.80137  1.29%  1536 88700s
 8391288 6714660    8.89739   90 1647    8.91657    8.80137  1.29%  1536 88737s
 8396230 6717124    8.89852   75 1810    8.91657    8.80137  1.29%  1535 88769s
 8399730 6720192    8.83294   55 1993    8.91657    8.80137  1.29%  1535 88803s
 8404070 6723155    8.83114   61 1904    8.91657    8.80137  1.29%  1535 88828s
 8407511 6726177    8.90840  122 1566    8.91657    8.80137  1.29%  1535 88853s
 8411322 6728755    8.82013   58 2018    8.91657    8.80137  1.29%  1535 88877s
 8414710 6730300    8.83208   63 1967    8.91657    8.80137  1.29%  1534 88901s
 8416617 6731485    8.81303   50 1919    8.91657    8.80138  1.29%  1535 88927s
 8418222 6733235    8.91611   88 1810    8.91657    8.80138  1.29%  1535 88955s
 8420564 6735171    8.91547   89 1742    8.91657    8.80138  1.29%  1535 88986s
 8423031 6736945    8.82505   56 1929    8.91657    8.80138  1.29%  1535 89018s
 8425412 6739403    8.83443   67 1888    8.91657    8.80138  1.29%  1535 89052s
 8428360 6741286    8.83072   73 1756    8.91657    8.80138  1.29%  1535 89086s
 8430716 6742751    8.90077   78 1809    8.91657    8.80138  1.29%  1535 89121s
 8432477 6748195    8.82820   63 1772    8.91657    8.80138  1.29%  1535 89182s
 8438894 6750739    8.81538   49 2012    8.91657    8.80138  1.29%  1535 89218s
 8442268 6753083    8.89524   71 1957    8.91657    8.80139  1.29%  1535 89253s
 8445291 6755193    8.91480   84 1813    8.91657    8.80139  1.29%  1535 89290s
 8448053 6757366    8.89714   70 1877    8.91657    8.80139  1.29%  1536 89327s
 8450831 6759760    8.91378   83 1844    8.91657    8.80139  1.29%  1536 89366s
 8453940 6761837    8.83353   67 1974    8.91657    8.80139  1.29%  1536 89405s
 8456570 6764369 infeasible  100         8.91657    8.80139  1.29%  1536 89446s
 8459753 6767708    8.82908   61 1885    8.91657    8.80139  1.29%  1536 89480s
 8463744 6769455    8.81927   55 1959    8.91657    8.80139  1.29%  1536 89508s
 8465963 6771434    8.89433   69 2045    8.91657    8.80140  1.29%  1536 89540s
 8468470 6773279    8.89660   70 2012    8.91657    8.80140  1.29%  1536 89574s
 8470910 6775200    8.90504   75 1931    8.91657    8.80140  1.29%  1537 89610s
 8473406 6777288    8.80259   45 1967    8.91657    8.80140  1.29%  1537 89648s
 8476250 6779219    8.83372   62 1822    8.91657    8.80140  1.29%  1537 89689s
 8478699 6782524    8.90063   75 1916    8.91657    8.80140  1.29%  1537 89731s
 8482644 6786998    8.82669   67 1710    8.91657    8.80140  1.29%  1537 89770s
 8487949 6788468    8.91533  230 1527    8.91657    8.80140  1.29%  1537 89803s
 8489906 6791721    8.90246   73 1836    8.91657    8.80140  1.29%  1537 89838s
 8494038 6793954    8.83820   61 1915    8.91657    8.80141  1.29%  1537 89864s
 8496771 6796020    8.82987   56 1925    8.91657    8.80141  1.29%  1537 89893s
 8499508 6798480    8.82460   61 2002    8.91657    8.80141  1.29%  1537 89925s
 8502634 6800982    8.83616   60 1921    8.91657    8.80141  1.29%  1537 89956s
 8505760 6803438 infeasible   65         8.91657    8.80141  1.29%  1537 89987s
 8509100 6805572    8.91549   96 1768    8.91657    8.80141  1.29%  1537 90018s
 8511852 6807513    8.80955   50 2062    8.91657    8.80141  1.29%  1537 90050s
 8514318 6809165    8.83572   67 1920    8.91657    8.80141  1.29%  1537 90084s
 8516431 6811681    8.89503   71 1936    8.91657    8.80141  1.29%  1537 90119s
 8519548 6814495     cutoff   88         8.91657    8.80141  1.29%  1537 90154s
 8523154 6818104    8.89500   83 1727    8.91657    8.80141  1.29%  1537 90185s
 8527290 6819708    8.82208   58 1922    8.91657    8.80142  1.29%  1537 90212s
 8529360 6821179    8.80933   52 2016    8.91657    8.80142  1.29%  1537 90242s
 8531234 6823732     cutoff   90         8.91657    8.80142  1.29%  1538 90273s
 8534611 6825813     cutoff   84         8.91657    8.80142  1.29%  1537 90305s
 8537291 6826965    8.90658   83 1758    8.91657    8.80142  1.29%  1538 90339s
 8538806 6829346    8.83754   74 1810    8.91657    8.80142  1.29%  1538 90375s
 8541717 6831363    8.83538   66 1967    8.91657    8.80142  1.29%  1538 90413s
 8544500 6833547    8.82705   57 2027    8.91657    8.80142  1.29%  1538 90452s
 8547313 6836998    8.89694   76 1891    8.91657    8.80142  1.29%  1538 90493s
 8551835 6838996    8.90749   85 1764    8.91657    8.80142  1.29%  1538 90527s
 8554379 6841557    8.91470   76 1928    8.91657    8.80143  1.29%  1538 90569s
 8557562 6844848    8.81495   53 2000    8.91657    8.80143  1.29%  1538 90612s
 8561649 6846929    8.81412   55 1933    8.91657    8.80143  1.29%  1538 90652s
 8564365 6848928    8.89464   77 1895    8.91657    8.80143  1.29%  1539 90692s
 8566896 6852215    8.90675   86 1707    8.91657    8.80143  1.29%  1539 90735s
 8571286 6856068    8.80717   45 1899    8.91657    8.80143  1.29%  1539 90775s
 8576450 6857938    8.80541   47 1998    8.91657    8.80143  1.29%  1539 90809s
 8578852 6859800    8.82027   59 1899    8.91657    8.80143  1.29%  1539 90845s
 8581275 6861122    8.90078   76 1787    8.91657    8.80144  1.29%  1539 90879s
 8582922 6865822    8.82812   68 1709    8.91657    8.80144  1.29%  1539 90945s
 8588966 6867985     cutoff   85         8.91657    8.80144  1.29%  1539 90986s
 8591780 6870786    8.82606   58 1908    8.91657    8.80144  1.29%  1539 91029s
 8595250 6872917    8.91085   78 1819    8.91657    8.80144  1.29%  1540 91071s
 8598037 6875291     cutoff   85         8.91657    8.80144  1.29%  1540 91113s
 8601086 6877674    8.91361  110 1838    8.91657    8.80144  1.29%  1540 91157s
 8604748 6879781    8.81382   50 2054    8.91657    8.80144  1.29%  1540 91200s
 8607646 6882949    8.82401   61 1904    8.91657    8.80145  1.29%  1540 91243s
 8611633 6885293    8.90086   72 1924    8.91657    8.80145  1.29%  1541 91277s
 8614686 6887792    8.91234  120 1752    8.91657    8.80145  1.29%  1541 91314s
 8617847 6890293    8.82865   67 1768    8.91657    8.80145  1.29%  1541 91351s
 8621079 6892480    8.80966   48 2016    8.91657    8.80145  1.29%  1541 91388s
 8623892 6894566    8.89695   75 1928    8.91657    8.80145  1.29%  1541 91425s
 8626557 6898058    8.83285   69 1930    8.91657    8.80145  1.29%  1541 91465s
 8631072 6900206    8.82146   55 2021    8.91657    8.80146  1.29%  1541 91502s
 8633710 6904172     cutoff   79         8.91657    8.80146  1.29%  1541 91540s
 8638348 6906286    8.91264   88 1720    8.91657    8.80146  1.29%  1541 91574s
 8641067 6908467    8.81786   54 2010    8.91657    8.80146  1.29%  1541 91609s
 8643877 6910814    8.83106   56 2022    8.91657    8.80146  1.29%  1541 91649s
 8646954 6912883    8.82333   58 1951    8.91657    8.80146  1.29%  1541 91690s
 8649627 6915960    8.91190   82 1836    8.91657    8.80146  1.29%  1541 91734s
 8653466 6918925    8.89471   73 1933    8.91657    8.80146  1.29%  1541 91773s
 8657066 6922446    8.91491   82 1829    8.91657    8.80147  1.29%  1541 91813s
 8661497 6925384    8.89254   67 1909    8.91657    8.80147  1.29%  1541 91849s
 8665483 6929053    8.83059   61 1894    8.91657    8.80147  1.29%  1541 91884s
 8669886 6930849    8.91571  141 1652    8.91657    8.80147  1.29%  1541 91915s
 8672337 6934230     cutoff   84         8.91657    8.80147  1.29%  1541 91949s
 8676761 6934253    8.89233   84 1735    8.91657    8.80147  1.29%  1541 92021s
 8676807 6936770    8.89559   84 1742    8.91657    8.80147  1.29%  1541 92048s
 8679710 6939807    8.91533  167 1542    8.91657    8.80147  1.29%  1541 92076s
 8683416 6941220    8.90647   80 1935    8.91657    8.80147  1.29%  1541 92104s
 8685379 6944026    8.83733   58 2013    8.91657    8.80147  1.29%  1541 92134s
 8689173 6945866    8.81652   55 1857    8.91657    8.80147  1.29%  1541 92161s
 8691613 6948920    8.82432   60 1898    8.91657    8.80148  1.29%  1541 92190s
 8695541 6950878    8.81847   53 1977    8.91657    8.80148  1.29%  1540 92218s
 8698003 6953615    8.83001   69 1745    8.91657    8.80148  1.29%  1540 92247s
 8701666 6956640    8.82918   62 1928    8.91657    8.80148  1.29%  1540 92282s
 8705515 6958593    8.91571  109 1818    8.91657    8.80148  1.29%  1540 92312s
 8708104 6961280    8.81532   56 1955    8.91657    8.80148  1.29%  1540 92344s
 8711559 6963691    8.83431   61 1930    8.91657    8.80148  1.29%  1540 92375s
 8714587 6967927    8.89146   84 1642    8.91657    8.80148  1.29%  1540 92408s
 8719425 6969989    8.83483   67 1901    8.91657    8.80148  1.29%  1540 92435s
 8722054 6971851    8.83932   77 1826    8.91657    8.80149  1.29%  1540 92466s
 8724476 6975574    8.83646   68 1927    8.91657    8.80149  1.29%  1540 92497s
 8728697 6977824    8.80529   46 1908    8.91657    8.80149  1.29%  1540 92526s
 8731610 6979818    8.82423   60 2062    8.91657    8.80149  1.29%  1540 92559s
 8734140 6983578    8.90012   74 1950    8.91657    8.80149  1.29%  1540 92603s
 8739133 6984968    8.91011   89 1761    8.91657    8.80149  1.29%  1540 92637s
 8740940 6987160    8.80285   45 1966    8.91657    8.80149  1.29%  1540 92673s
 8743871 6989059    8.82281   56 1927    8.91657    8.80149  1.29%  1540 92711s
 8746721 6991671    8.83668   72 1766    8.91657    8.80149  1.29%  1540 92751s
 8750082 6993821     cutoff   69         8.91657    8.80150  1.29%  1540 92790s
 8752869 6996115    8.90201   89 1705    8.91657    8.80150  1.29%  1540 92830s
 8755802 6998813    8.81752   57 1959    8.91657    8.80150  1.29%  1541 92871s
 8759209 7001913    8.90490   84 1872    8.91657    8.80150  1.29%  1541 92911s
 8762921 7003836     cutoff   94         8.91657    8.80150  1.29%  1541 92945s
 8765398 7007565    8.91507   82 1838    8.91657    8.80150  1.29%  1541 92989s
 8769770 7009665    8.83922   73 1813    8.91657    8.80150  1.29%  1541 93025s
 8772460 7011689    8.90800   83 1757    8.91657    8.80150  1.29%  1541 93064s
 8775021 7014062    8.82165   54 1803    8.91657    8.80151  1.29%  1541 93104s
 8777978 7016734    8.91069   95 1676    8.91657    8.80151  1.29%  1542 93145s
 8781486 7019389    8.82962   67 1854    8.91657    8.80151  1.29%  1542 93186s
 8784575 7022331    8.90759  153 1616    8.91657    8.80151  1.29%  1542 93227s
 8788363 7024747    8.89906   79 1831    8.91657    8.80151  1.29%  1542 93267s
 8791369 7028567    8.90953   91 1727    8.91657    8.80151  1.29%  1542 93307s
 8795879 7031073    8.91468   88 1725    8.91657    8.80151  1.29%  1542 93341s
 8799073 7034986    8.91575   85 1865    8.91657    8.80151  1.29%  1542 93375s
 8803547 7039280    8.91592  133 1558    8.91657    8.80151  1.29%  1542 93405s
 8808770 7041136    8.83684   67 1833    8.91657    8.80151  1.29%  1541 93429s
 8811135 7042925    8.82653   64 1982    8.91657    8.80151  1.29%  1541 93455s
 8813416 7045429    8.82516   53 1966    8.91657    8.80152  1.29%  1541 93481s
 8816214 7048655    8.90669   82 1703    8.91657    8.80152  1.29%  1541 93510s
 8820099 7050960    8.83041   65 1900    8.91657    8.80152  1.29%  1541 93536s
 8822986 7052765    8.83443   59 1880    8.91657    8.80152  1.29%  1541 93564s
 8825374 7054844    8.83453   64 1836    8.91657    8.80152  1.29%  1541 93598s
 8828054 7057443    8.83226   64 1876    8.91657    8.80152  1.29%  1541 93638s
 8831356 7059037    8.90102   79 1770    8.91657    8.80152  1.29%  1541 93680s
 8833374 7061532    8.89411   90 1672    8.91657    8.80152  1.29%  1541 93726s
 8836576 7065421    8.80309   46 1999    8.91657    8.80152  1.29%  1542 93772s
 8841666 7068378    8.83213   66 1996    8.91657    8.80152  1.29%  1542 93812s
 8846643 7069939    8.91451  102 1797    8.91657    8.80152  1.29%  1541 93846s
 8848930 7072819     cutoff   82         8.91657    8.80153  1.29%  1542 93884s
 8852456 7077294    8.90300   95 1635    8.91657    8.80153  1.29%  1542 93921s
 8857480 7079591    8.89988   87 1740    8.91657    8.80153  1.29%  1541 93954s
 8860385 7081411    8.90943   81 1816    8.91657    8.80153  1.29%  1541 93993s
 8862864 7083779    8.91179   86 1797    8.91657    8.80153  1.29%  1542 94035s
 8865966 7086870    8.90116   74 1859    8.91657    8.80153  1.29%  1542 94080s
 8869856 7089337     cutoff   90         8.91657    8.80153  1.29%  1542 94121s
 8872986 7093218    8.91581  120 1626    8.91657    8.80153  1.29%  1542 94163s
 8877540 7096907    8.83066   68 1664    8.91657    8.80154  1.29%  1542 94200s
 8881874 7098922    8.91131   84 1790    8.91657    8.80154  1.29%  1542 94235s
 8884763 7100448    8.82456   62 1970    8.91657    8.80154  1.29%  1542 94270s
 8886986 7102348    8.81631   52 1931    8.91657    8.80154  1.29%  1542 94304s
 8889382 7105883    8.80649   43 2106    8.91657    8.80154  1.29%  1542 94350s
 8893668 7109442    8.83233   70 1892    8.91657    8.80154  1.29%  1542 94388s
 8897776 7111995    8.83234   67 1901    8.91657    8.80154  1.29%  1542 94424s
 8901310 7114289    8.83957   76 1778    8.91657    8.80154  1.29%  1542 94459s
 8904303 7116582    8.89850   75 1947    8.91657    8.80154  1.29%  1542 94494s
 8907117 7119678    8.91109  106 1694    8.91657    8.80154  1.29%  1542 94530s
 8911196 7121966    8.89895   77 1856    8.91657    8.80155  1.29%  1542 94565s
 8914264 7123943    8.89302   68 1938    8.91657    8.80155  1.29%  1542 94600s
 8916788 7126167     cutoff  105         8.91657    8.80155  1.29%  1542 94634s
 8919732 7130163    8.81330   47 2019    8.91657    8.80155  1.29%  1543 94672s
 8924463 7134375    8.82605   66 1710    8.91657    8.80155  1.29%  1542 94703s
 8929424 7135874    8.81818   55 2001    8.91657    8.80155  1.29%  1542 94728s
 8931302 7138133     cutoff   89         8.91657    8.80155  1.29%  1542 94757s
 8934091 7140114    8.80338   43 2067    8.91657    8.80155  1.29%  1542 94786s
 8936649 7142920    8.82573   64 1807    8.91657    8.80155  1.29%  1542 94817s
 8940299 7144286     cutoff  105         8.91657    8.80155  1.29%  1542 94847s
 8942147 7145941    8.83435   65 1913    8.91657    8.80155  1.29%  1542 94879s
 8944296 7148079    8.82843   67 1757    8.91657    8.80156  1.29%  1542 94914s
 8947054 7149969    8.90276   83 1804    8.91657    8.80156  1.29%  1542 94949s
 8949525 7153311    8.90996   94 1698    8.91657    8.80156  1.29%  1542 94993s
 8953626 7156229    8.83136   62 1926    8.91657    8.80156  1.29%  1543 95032s
 8957254 7158814    8.90048   73 1826    8.91657    8.80156  1.29%  1543 95068s
 8960555 7160762    8.80621   47 1975    8.91657    8.80156  1.29%  1543 95105s
 8963090 7163042    8.82498   65 1819    8.91657    8.80156  1.29%  1543 95144s
 8965969 7165416    8.83172   70 1767    8.91657    8.80156  1.29%  1543 95184s
 8968982 7168406    8.82225   57 1867    8.91657    8.80157  1.29%  1543 95224s
 8972620 7170802    8.91503  125 1625    8.91657    8.80157  1.29%  1543 95263s
 8975838 7173714    8.82330   60 1841    8.91657    8.80157  1.29%  1543 95303s
 8979326 7176712    8.83499   65 1905    8.91657    8.80157  1.29%  1543 95337s
 8982755 7179067    8.91141  108 1639    8.91657    8.80157  1.29%  1543 95369s
 8985691 7180523    8.81563   49 1990    8.91657    8.80157  1.29%  1543 95403s
 8988044 7182411    8.83047   68 1748    8.91657    8.80157  1.29%  1543 95441s
 8990605 7184881    8.90457   78 1940    8.91657    8.80157  1.29%  1544 95479s
 8993711 7187785     cutoff  183         8.91657    8.80157  1.29%  1544 95519s
 8997341 7190453    8.82075   55 2011    8.91657    8.80158  1.29%  1544 95557s
 9000856 7192767    8.82338   57 2036    8.91657    8.80158  1.29%  1544 95594s
 9003918 7195479    8.81954   57 1905    8.91657    8.80158  1.29%  1544 95631s
 9007201 7198808    8.89562   69 1756    8.91657    8.80158  1.29%  1544 95670s
 9011655 7201140    8.80625   45 1909    8.91657    8.80158  1.29%  1544 95704s
 9014650 7203815    8.80599   46 1987    8.91657    8.80158  1.29%  1544 95741s
 9017929 7207147    8.91296  112 1739    8.91657    8.80158  1.29%  1544 95777s
 9021845 7209918    8.89466   69 1977    8.91657    8.80158  1.29%  1544 95811s
 9025246 7214345    8.82810   56 1951    8.91657    8.80158  1.29%  1544 95846s
 9030349 7216913    8.83967   66 1860    8.91657    8.80158  1.29%  1543 95886s
 9033677 7220735    8.83768   76 1779    8.91657    8.80158  1.29%  1543 95915s
 9037941 7223067    8.83906   69 1724    8.91657    8.80158  1.29%  1543 95942s
 9041042 7226167    8.80759   44 2080    8.91657    8.80158  1.29%  1543 95976s
 9044794 7228300    8.83736   63 1972    8.91657    8.80159  1.29%  1543 96006s
 9047338 7230590    8.90193   75 1819    8.91657    8.80159  1.29%  1543 96041s
 9050677 7233747    8.83927   75 1725    8.91657    8.80159  1.29%  1543 96073s
 9054719 7235513    8.91613  145 1629    8.91657    8.80159  1.29%  1543 96103s
 9056926 7237340    8.91484   92 1728    8.91657    8.80159  1.29%  1543 96135s
 9059280 7239272    8.91547  131 1523    8.91657    8.80159  1.29%  1543 96170s
 9061658 7242339    8.82190   58 1845    8.91657    8.80159  1.29%  1543 96207s
 9065351 7244631    8.82601   56 2007    8.91657    8.80159  1.29%  1543 96242s
 9068397 7246776     cutoff   98         8.91657    8.80159  1.29%  1543 96278s
 9071254 7248511     cutoff   88         8.91657    8.80159  1.29%  1543 96313s
 9073822 7254057    8.89867   75 1840    8.91657    8.80159  1.29%  1543 96356s
 9080589 7255579    8.91280   94 1732    8.91657    8.80160  1.29%  1543 96382s
 9082580 7256968    8.83605   67 1926    8.91657    8.80160  1.29%  1543 96410s
 9084407 7259105    8.82171   59 1960    8.91657    8.80160  1.29%  1543 96441s
 9087021 7261351    8.83809   53 2017    8.91657    8.80160  1.29%  1543 96474s
 9089908 7263483    8.83066   65 2005    8.91657    8.80160  1.29%  1543 96507s
 9092639 7265844    8.83565   67 1914    8.91657    8.80160  1.29%  1543 96541s
 9095627 7269657    8.82661   63 1918    8.91657    8.80160  1.29%  1543 96575s
 9100001 7272305    8.91600  139 1694    8.91657    8.80160  1.29%  1543 96608s
 9103281 7274256    8.91339   94 1677    8.91657    8.80160  1.29%  1543 96642s
 9105856 7277351    8.80335   44 2047    8.91657    8.80160  1.29%  1543 96685s
 9109765 7280970    8.89572   64 1812    8.91657    8.80160  1.29%  1543 96723s
 9114144 7284733    8.89797   80 1684    8.91657    8.80161  1.29%  1543 96757s
 9118553 7286516    8.83610   68 2004    8.91657    8.80161  1.29%  1543 96789s
 9120830 7289480    8.82161   59 1875    8.91657    8.80161  1.29%  1543 96822s
 9124162 7293035    8.90665  135 1538    8.91657    8.80161  1.29%  1543 96855s
 9128677 7294978    8.80957   48 1976    8.91657    8.80161  1.29%  1543 96885s
 9131082 7296733     cutoff   98         8.91657    8.80161  1.29%  1543 96917s
 9133465 7298496    8.82703   59 1897    8.91657    8.80161  1.29%  1543 96951s
 9135797 7301263    8.83347   67 1930    8.91657    8.80161  1.29%  1543 96998s
 9139331 7304408    8.82208   57 1910    8.91657    8.80161  1.29%  1543 97044s
 9143231 7306772     cutoff  164         8.91657    8.80162  1.29%  1543 97086s
 9146262 7309205    8.91518   98 1690    8.91657    8.80162  1.29%  1544 97128s
 9149429 7312082    8.91637   85 1874    8.91657    8.80162  1.29%  1544 97170s
 9153012 7315297    8.91226   78 1866    8.91657    8.80162  1.29%  1544 97212s
 9157089 7317495    8.82592   61 1771    8.91657    8.80162  1.29%  1544 97250s
 9159970 7319720    8.83197   66 2004    8.91657    8.80162  1.29%  1544 97290s
 9162810 7321951     cutoff  108         8.91657    8.80162  1.29%  1544 97325s
 9165596 7325444    8.82427   58 1954    8.91657    8.80162  1.29%  1544 97366s
 9169723 7328732    8.89377   82 1699    8.91657    8.80162  1.29%  1544 97401s
 9173505 7330980    8.82768   55 1966    8.91657    8.80162  1.29%  1544 97434s
 9176274 7333334    8.82214   58 1871    8.91657    8.80163  1.29%  1544 97469s
 9179185 7336016    8.83368   62 2010    8.91657    8.80163  1.29%  1544 97504s
 9182499 7339805    8.83699   67 1877    8.91657    8.80163  1.29%  1544 97539s
 9186843 7342748    8.82809   62 1882    8.91657    8.80163  1.29%  1544 97571s
 9190497 7346993    8.82238   57 1863    8.91657    8.80163  1.29%  1544 97604s
 9195204 7351076    8.91094  150 1546    8.91657    8.80163  1.29%  1544 97638s
 9200168 7353105    8.81191   48 2116    8.91657    8.80163  1.29%  1544 97662s
 9202785 7356170    8.91517   81 1850    8.91657    8.80163  1.29%  1543 97687s
 9206223 7358083    8.91440   88 1761    8.91657    8.80163  1.29%  1543 97712s
 9208709 7359511     cutoff   85         8.91657    8.80163  1.29%  1543 97737s
 9211163 7362905    8.89530   75 1795    8.91657    8.80163  1.29%  1543 97765s
 9214930 7365104    8.91445  150 1512    8.91657    8.80163  1.29%  1543 97791s
 9217697 7366516    8.90050   83 1760    8.91657    8.80163  1.29%  1543 97818s
 9219461 7367417    8.90793   76 1904    8.91657    8.80163  1.29%  1543 97848s
 9220632 7369395    8.82824   64 1841    8.91657    8.80163  1.29%  1543 97882s
 9223123 7371621    8.89311   73 1850    8.91657    8.80164  1.29%  1543 97917s
 9225929 7373768    8.91516  125 1709    8.91657    8.80164  1.29%  1543 97951s
 9228642 7376897    8.81596   50 1944    8.91657    8.80164  1.29%  1544 97992s
 9232523 7379184    8.89691   71 1846    8.91657    8.80164  1.29%  1544 98029s
 9235628 7381245    8.90550   82 1886    8.91657    8.80164  1.29%  1544 98066s
 9238270 7384110    8.80405   42 2015    8.91657    8.80164  1.29%  1544 98105s
 9241813 7386760    8.82393   58 1985    8.91657    8.80164  1.29%  1544 98143s
 9245062 7389025    8.82873   56 1940    8.91657    8.80164  1.29%  1544 98181s
 9248071 7391237    8.91486   93 1720    8.91657    8.80164  1.29%  1544 98219s
 9251018 7393462    8.83003   61 1853    8.91657    8.80165  1.29%  1544 98258s
 9253860 7393733    8.91419  110 1630    8.91657    8.80165  1.29%  1545 98324s
 9254251 7398023     cutoff  116         8.91657    8.80165  1.29%  1545 98368s
 9259291 7402625    8.90267   85 1770    8.91657    8.80165  1.29%  1544 98403s
 9264669 7404086    8.80630   46 2052    8.91657    8.80165  1.29%  1544 98425s
 9266620 7405574    8.90569   79 1845    8.91657    8.80165  1.29%  1544 98450s
 9268569 7407285    8.83972   71 1717    8.91657    8.80165  1.29%  1544 98477s
 9270781 7409035    8.90055  114 1580    8.91657    8.80165  1.29%  1544 98507s
 9272978 7410336    8.90054   78 1792    8.91657    8.80165  1.29%  1544 98538s
 9274611 7414189    8.82807   64 1833    8.91657    8.80165  1.29%  1544 98572s
 9279061 7416812    8.82124   58 1971    8.91657    8.80165  1.29%  1544 98603s
 9282299 7420738    8.81590   56 2018    8.91657    8.80165  1.29%  1544 98635s
 9286759 7423036    8.90071  116 1693    8.91657    8.80165  1.29%  1544 98663s
 9289542 7426589    8.89654   77 1771    8.91657    8.80166  1.29%  1544 98698s
 9294226 7428182    8.81125   45 1959    8.91657    8.80166  1.29%  1544 98722s
 9296294 7430254    8.90660   76 1948    8.91657    8.80166  1.29%  1544 98750s
 9298918 7432177    8.83573   71 1753    8.91657    8.80166  1.29%  1544 98780s
 9301445 7433961    8.82004   57 1938    8.91657    8.80166  1.29%  1544 98810s
 9303746 7436531    8.82220   55 1973    8.91657    8.80166  1.29%  1544 98842s
 9306804 7441101    8.81758   56 2038    8.91657    8.80166  1.29%  1544 98875s
 9311952 7443563    8.91629  117 1684    8.91657    8.80166  1.29%  1544 98904s
 9314930 7445585    8.89410   74 1757    8.91657    8.80166  1.29%  1544 98933s
 9317708 7447737    8.81700   47 2084    8.91657    8.80166  1.29%  1544 98964s
 9321044 7449874    8.90395   77 1911    8.91657    8.80166  1.29%  1543 98998s
 9324063 7451971    8.90495   79 1811    8.91657    8.80167  1.29%  1544 99034s
 9326925 7454270    8.83815   70 1747    8.91657    8.80167  1.29%  1544 99073s
 9329895 7456300     cutoff  104         8.91657    8.80167  1.29%  1544 99113s
 9332486 7457970     cutoff  111         8.91657    8.80167  1.29%  1544 99155s
 9334647 7461647    8.81813   58 1985    8.91657    8.80167  1.29%  1544 99200s
 9339409 7465682    8.89678   84 1713    8.91657    8.80167  1.29%  1544 99241s
 9344112 7469598    8.89656   77 1759    8.91657    8.80167  1.29%  1544 99277s
 9348658 7472173    8.91382   87 1753    8.91657    8.80167  1.29%  1544 99310s
 9352151 7476468    8.83221   69 1759    8.91657    8.80167  1.29%  1544 99345s
 9357009 7478348     cutoff  134         8.91657    8.80167  1.29%  1543 99368s
 9359528 7480052    8.83205   66 1743    8.91657    8.80168  1.29%  1543 99394s
 9361744 7481363    8.90526   72 2014    8.91657    8.80168  1.29%  1544 99421s
 9363527 7483151    8.91368   80 1898    8.91657    8.80168  1.29%  1544 99451s
 9365867 7485018    8.90991   86 1737    8.91657    8.80168  1.29%  1544 99484s
 9368293 7487087     cutoff   91         8.91657    8.80168  1.29%  1544 99517s
 9370935 7489126    8.82573   61 1836    8.91657    8.80168  1.29%  1544 99552s
 9373494 7491397    8.89343   80 1752    8.91657    8.80168  1.29%  1544 99591s
 9376489 7493497     cutoff  134         8.91657    8.80168  1.29%  1544 99630s
 9379186 7495345    8.91410   91 1733    8.91657    8.80168  1.29%  1544 99670s
 9382120 7496819    8.82532   55 1968    8.91657    8.80168  1.29%  1545 99706s
 9384018 7502248    8.82462   51 1995    8.91657    8.80169  1.29%  1545 99763s
 9390494 7505322    8.88387   82 1646    8.91657    8.80169  1.29%  1545 99796s
 9394316 7508002    8.91028  212 1614    8.91657    8.80169  1.29%  1545 99831s
 9397635 7510001    8.83933   63 1990    8.91657    8.80169  1.29%  1545 99864s
 9400342 7511751    8.82659   58 1810    8.91657    8.80169  1.29%  1545 99898s
 9402544 7514722    8.89738   71 1921    8.91657    8.80169  1.29%  1545 99935s
 9406172 7516574    8.83949   65 1969    8.91657    8.80169  1.29%  1545 99970s
 9408662 7519728    8.83573   65 1918    8.91657    8.80169  1.29%  1545 100005s
 9412744 7521638    8.91070   99 1794    8.91657    8.80169  1.29%  1545 100040s
 9415212 7524197    8.91503   83 1820    8.91657    8.80169  1.29%  1545 100084s
 9418424 7527912    8.83261   59 1947    8.91657    8.80170  1.29%  1545 100129s
 9423105 7530769     cutoff   94         8.91657    8.80170  1.29%  1545 100166s
 9426911 7533025    8.83940   68 1871    8.91657    8.80170  1.29%  1545 100203s
 9429882 7534862     cutoff   77         8.91657    8.80170  1.29%  1545 100240s
 9432371 7536827     cutoff   85         8.91657    8.80170  1.29%  1546 100279s
 9435201 7540458    8.89743   92 1709    8.91657    8.80170  1.29%  1546 100319s
 9439737 7542500    8.81443   51 1985    8.91657    8.80170  1.29%  1545 100355s
 9442647 7545883    8.83188   63 1921    8.91657    8.80170  1.29%  1546 100389s
 9447011 7549117    8.80519   40 2107    8.91657    8.80170  1.29%  1545 100416s
 9450617 7551199    8.89415   85 1791    8.91657    8.80170  1.29%  1545 100441s
 9453261 7553130    8.81672   58 1890    8.91657    8.80170  1.29%  1545 100467s
 9455625 7555391 infeasible   41         8.91657    8.80170  1.29%  1545 100495s
 9458467 7557306    8.90730   81 1815    8.91657    8.80171  1.29%  1545 100522s
 9460969 7558887    8.90406   75 1852    8.91657    8.80171  1.29%  1545 100552s
 9463009 7560673    8.88294   79 1704    8.91657    8.80171  1.29%  1545 100584s
 9465326 7562527     cutoff   90         8.91657    8.80171  1.29%  1546 100619s
 9467704 7564954    8.91627  147 1464    8.91657    8.80171  1.29%  1546 100656s
 9470739 7567413    8.88867   74 1868    8.91657    8.80171  1.29%  1546 100692s
 9473913 7570314    8.90888   84 1825    8.91657    8.80171  1.29%  1546 100726s
 9477446 7572096    8.90202   82 1773    8.91657    8.80171  1.29%  1546 100758s
 9479821 7574458    8.91502   75 1858    8.91657    8.80171  1.29%  1546 100793s
 9482847 7576973    8.91520  107 1930    8.91657    8.80171  1.29%  1546 100831s
 9485912 7582474    8.83980   73 1755    8.91657    8.80171  1.29%  1546 100868s
 9492189 7584886    8.91541   82 1871    8.91657    8.80172  1.29%  1545 100897s
 9495218 7588522     cutoff  141         8.91657    8.80172  1.29%  1545 100927s
 9499332 7590752     cutoff  100         8.91657    8.80172  1.29%  1545 100954s
 9502068 7592721    8.90804   93 1609    8.91657    8.80172  1.29%  1545 100983s
 9504520 7595918    8.90017   68 1805    8.91657    8.80172  1.29%  1545 101017s
 9508702 7597570    8.82768   63 1911    8.91657    8.80172  1.29%  1545 101044s
 9510917 7599808    8.80346   45 1932    8.91657    8.80172  1.29%  1545 101075s
 9513605 7604502    8.83206   58 1867    8.91657    8.80172  1.29%  1545 101108s
 9518896 7606183    8.91583  178 1730    8.91657    8.80172  1.29%  1545 101135s
 9521172 7607902    8.82309   61 1830    8.91657    8.80172  1.29%  1545 101164s
 9523332 7609382    8.81474   56 2001    8.91657    8.80172  1.29%  1545 101195s
 9525226 7612578    8.82775   59 1996    8.91657    8.80172  1.29%  1545 101229s
 9529387 7616772    8.81552   48 2037    8.91657    8.80172  1.29%  1545 101261s
 9534156 7618877    8.89582  103 1652    8.91657    8.80173  1.29%  1545 101295s
 9536850 7623125    8.80975   51 1986    8.91657    8.80173  1.29%  1545 101337s
 9541743 7626259    8.90533   84 1760    8.91657    8.80173  1.29%  1545 101369s
 9545511 7629025    8.91228   93 1584    8.91657    8.80173  1.29%  1544 101400s
 9549071 7631157    8.81749   60 1946    8.91657    8.80173  1.29%  1544 101429s
 9551823 7633034    8.89226   76 1728    8.91657    8.80173  1.29%  1544 101459s
 9554183 7635501    8.90350   81 1781    8.91657    8.80173  1.29%  1544 101493s
 9557088 7640121    8.83051   67 1829    8.91657    8.80173  1.29%  1545 101526s
 9562382 7641897    8.81088   50 1931    8.91657    8.80173  1.29%  1544 101554s
 9564706 7643667    8.89643   65 1863    8.91657    8.80173  1.29%  1544 101589s
 9566967 7647039    8.82011   61 1882    8.91657    8.80173  1.29%  1544 101637s
 9571235 7650192    8.82860   61 1883    8.91657    8.80174  1.29%  1544 101677s
 9575293 7653949    8.91633   91 1770    8.91657    8.80174  1.29%  1544 101714s
 9579589 7656347    8.83421   60 1927    8.91657    8.80174  1.29%  1544 101747s
 9582788 7657606    8.83551   67 1952    8.91657    8.80174  1.29%  1544 101782s
 9584373 7660213    8.82582   62 1841    8.91657    8.80174  1.29%  1545 101821s
 9587620 7662658    8.89620   75 1789    8.91657    8.80174  1.29%  1545 101860s
 9590855 7665145    8.82611   61 1995    8.91657    8.80174  1.29%  1545 101898s
 9594035 7667953    8.83739   67 1950    8.91657    8.80174  1.29%  1545 101933s
 9597560 7669623    8.83264   58 1974    8.91657    8.80174  1.29%  1545 101965s
 9599760 7671696    8.83062   64 2006    8.91657    8.80174  1.29%  1545 102001s
 9602282 7675114    8.83341   69 1958    8.91657    8.80175  1.29%  1545 102043s
 9606395 7680524    8.89321   78 1887    8.91657    8.80175  1.29%  1545 102080s
 9612435 7684131    8.82430   64 1881    8.91657    8.80175  1.29%  1545 102109s
 9616546 7686268    8.91500  127 1539    8.91657    8.80175  1.29%  1544 102137s
 9619201 7690384    8.89330   82 1805    8.91657    8.80175  1.29%  1545 102167s
 9623771 7692930    8.83044   70 1892    8.91657    8.80175  1.29%  1544 102201s
 9627016 7694572    8.82636   59 1884    8.91657    8.80175  1.29%  1544 102235s
 9629118 7696834    8.83792   71 1916    8.91657    8.80175  1.29%  1544 102277s
 9632074 7700370    8.80532   47 2054    8.91657    8.80175  1.29%  1545 102319s
 9636760 7701966     cutoff  102         8.91657    8.80175  1.29%  1544 102356s
 9639425 7704844    8.91631  158 1579    8.91657    8.80176  1.29%  1545 102395s
 9643168 7707725    8.89031   69 1751    8.91657    8.80176  1.29%  1545 102432s
 9647064 7709849    8.83351   62 1817    8.91657    8.80176  1.29%  1544 102468s
 9649799 7712911    8.91540   81 1752    8.91657    8.80176  1.29%  1545 102504s
 9653844 7714711    8.81542   55 1915    8.91657    8.80176  1.29%  1545 102538s
 9656212 7718183    8.81722   60 1820    8.91657    8.80176  1.29%  1545 102584s
 9660540 7722207    8.83026   59 1811    8.91657    8.80176  1.29%  1545 102623s
 9665303 7726275    8.90433   87 1776    8.91657    8.80176  1.29%  1545 102657s
 9670075 7730087    8.89382   77 1821    8.91657    8.80176  1.29%  1544 102687s
 9674367 7733136    8.89704   71 1885    8.91657    8.80176  1.29%  1544 102716s
 9677882 7735319    8.90647   83 1807    8.91657    8.80176  1.29%  1544 102742s
 9680597 7738085    8.82594   57 1976    8.91657    8.80177  1.29%  1544 102770s
 9683720 7740760    8.90593   96 1703    8.91657    8.80177  1.29%  1544 102804s
 9687492 7742228     cutoff  130         8.91657    8.80177  1.29%  1544 102833s
 9689359 7744553    8.86195   69 1848    8.91657    8.80177  1.29%  1544 102869s
 9692383 7746571     cutoff   82         8.91657    8.80177  1.29%  1544 102905s
 9695058 7749333    8.90083   76 1838    8.91657    8.80177  1.29%  1544 102942s
 9698831 7752877    8.89310   67 1967    8.91657    8.80177  1.29%  1544 102979s
 9702969 7757057    8.89218   86 1639    8.91657    8.80177  1.29%  1544 103013s
 9707934 7758866     cutoff  117         8.91657    8.80177  1.29%  1544 103043s
 9710203 7760845    8.80952   44 2039    8.91657    8.80177  1.29%  1544 103075s
 9712678 7762720    8.83767   67 1926    8.91657    8.80178  1.29%  1544 103110s
 9715085 7765166    8.91133  102 1724    8.91657    8.80178  1.29%  1544 103155s
 9718231 7767944    8.91159   86 1766    8.91657    8.80178  1.29%  1544 103202s
 9721934 7770589    8.83118   66 1752    8.91657    8.80178  1.29%  1544 103245s
 9725261 7774330    8.80614   47 1996    8.91657    8.80178  1.29%  1545 103289s
 9730118 7776861    8.90292   92 1806    8.91657    8.80178  1.29%  1545 103328s
 9733370 7778485    8.89962   76 1877    8.91657    8.80178  1.29%  1545 103368s
 9735570 7781565    8.91290   98 1723    8.91657    8.80178  1.29%  1545 103409s
 9739226 7785608    8.91088  136 1604    8.91657    8.80178  1.29%  1545 103450s
 9744080 7789205    8.90781  149 1493    8.91657    8.80179  1.29%  1545 103483s
 9749020 7790985    8.91485  109 1605    8.91657    8.80179  1.29%  1544 103506s
 9751447 7792542    8.90193   77 1792    8.91657    8.80179  1.29%  1544 103532s
 9753455 7794342    8.90077   81 1743    8.91657    8.80179  1.29%  1544 103560s
 9755810 7796930    8.91142   78 1900    8.91657    8.80179  1.29%  1544 103591s
 9759072 7799087    8.83422   68 1795    8.91657    8.80179  1.29%  1544 103620s
 9761879 7800845    8.83235   67 1764    8.91657    8.80179  1.29%  1544 103650s
 9764243 7802540    8.82767   66 1821    8.91657    8.80179  1.29%  1545 103684s
 9766574 7804419    8.83458   66 1965    8.91657    8.80179  1.29%  1545 103719s
 9768955 7806562    8.83258   67 1953    8.91657    8.80179  1.29%  1545 103756s
 9771944 7810061     cutoff  104         8.91657    8.80180  1.29%  1545 103793s
 9776622 7812578    8.90403  107 1651    8.91657    8.80180  1.29%  1545 103828s
 9779962 7814671     cutoff   92         8.91657    8.80180  1.29%  1545 103862s
 9782639 7818380     cutoff   86         8.91657    8.80180  1.29%  1545 103899s
 9786888 7822862     cutoff  132         8.91657    8.80180  1.29%  1545 103933s
 9792075 7824432    8.81353   57 2027    8.91657    8.80180  1.29%  1544 103960s
 9793981 7826436    8.82771   66 1824    8.91657    8.80180  1.29%  1545 103990s
 9796358 7830205    8.89981   92 1660    8.91657    8.80180  1.29%  1544 104022s
 9800719 7830294     cutoff  141         8.91657    8.80180  1.29%  1544 104093s
 9800848 7832369    8.81939   58 1973    8.91657    8.80180  1.29%  1544 104124s
 9803586 7834527    8.83354   56 1937    8.91657    8.80180  1.29%  1544 104157s
 9806331 7838173    8.90195   79 1780    8.91657    8.80180  1.29%  1544 104192s
 9810570 7841676    8.90131   91 1701    8.91657    8.80180  1.29%  1544 104219s
 9814554 7843387    8.83371   73 1713    8.91657    8.80180  1.29%  1544 104243s
 9816690 7844950    8.82445   63 1827    8.91657    8.80180  1.29%  1544 104270s
 9818745 7846733    8.83055   61 1957    8.91657    8.80181  1.29%  1544 104299s
 9821085 7848217    8.82777   56 1996    8.91657    8.80181  1.29%  1544 104329s
 9823115 7850092    8.81408   49 1938    8.91657    8.80181  1.29%  1544 104361s
 9825499 7852186    8.83331   66 1823    8.91657    8.80181  1.29%  1544 104395s
 9828229 7854400    8.89634   68 1978    8.91657    8.80181  1.29%  1545 104431s
 9831081 7856330    8.91600   85 1899    8.91657    8.80181  1.29%  1545 104467s
 9833567 7858537    8.82106   53 2016    8.91657    8.80181  1.29%  1545 104504s
 9836402 7861772    8.83489   63 1926    8.91657    8.80181  1.29%  1545 104538s
 9840283 7865149    8.82478   63 1893    8.91657    8.80181  1.29%  1545 104567s
 9844221 7866402    8.91642  126 1689    8.91657    8.80181  1.29%  1545 104593s
 9845774 7868280    8.90112   75 1923    8.91657    8.80181  1.29%  1545 104624s
 9848177 7870590    8.90809   82 1785    8.91657    8.80182  1.29%  1545 104655s
 9851037 7874220    8.90409   96 1685    8.91657    8.80182  1.29%  1545 104687s
 9855301 7876220     cutoff   98         8.91657    8.80182  1.29%  1545 104717s
 9857837 7878108    8.83719   63 1978    8.91657    8.80182  1.29%  1545 104748s
 9860388 7880008    8.83086   65 1956    8.91657    8.80182  1.29%  1545 104781s
 9862825 7883161    8.84281   65 1946    8.91657    8.80182  1.29%  1545 104815s
 9866590 7887178    8.88363   87 1722    8.91657    8.80182  1.29%  1545 104849s
 9871211 7888939    8.91271  279 1495    8.91657    8.80182  1.29%  1545 104875s
 9873380 7891896    8.90774   78 1912    8.91657    8.80182  1.29%  1545 104904s
 9877190 7893811    8.81007   49 1956    8.91657    8.80182  1.29%  1544 104930s
 9879704 7895744    8.82072   58 1815    8.91657    8.80182  1.29%  1544 104957s
 9882119 7897849    8.91450   85 1760    8.91657    8.80182  1.29%  1545 104986s
 9884838 7899925    8.90763   76 1849    8.91657    8.80182  1.29%  1545 105017s
 9887610 7901842    8.83589   61 1955    8.91657    8.80183  1.29%  1545 105049s
 9890134 7903830    8.89958   75 1911    8.91657    8.80183  1.29%  1545 105081s
 9892681 7906420     cutoff   92         8.91657    8.80183  1.29%  1545 105115s
 9895757 7908357    8.83147   63 1943    8.91657    8.80183  1.29%  1545 105149s
 9898222 7911247    8.89783   77 1852    8.91657    8.80183  1.29%  1545 105194s
 9901850 7914322    8.89976   62 2008    8.91657    8.80183  1.29%  1545 105236s
 9906024 7916886    8.90987   84 1765    8.91657    8.80183  1.29%  1545 105274s
 9909436 7918530    8.90062   96 1597    8.91657    8.80183  1.29%  1545 105311s
 9912001 7920693    8.91531  111 1597    8.91657    8.80183  1.29%  1545 105350s
 9914929 7923526    8.89719   78 1795    8.91657    8.80184  1.29%  1545 105390s
 9918580 7928313    8.90556   74 1837    8.91657    8.80184  1.29%  1545 105430s
 9923932 7932428    8.90441   89 1626    8.91657    8.80184  1.29%  1545 105463s
 9928638 7934568    8.80655   43 2070    8.91657    8.80184  1.29%  1545 105497s
 9931362 7937842    8.82778   63 1938    8.91657    8.80184  1.29%  1545 105537s
 9936259 7939671     cutoff  112         8.91657    8.80184  1.29%  1545 105568s
 9938808 7942317    8.89877   80 1674    8.91657    8.80184  1.29%  1545 105601s
 9941949 7944237    8.90419   80 1863    8.91657    8.80184  1.29%  1545 105634s
 9944468 7946830    8.90342   76 1873    8.91657    8.80184  1.29%  1545 105669s
 9947657 7949220    8.89875   72 1971    8.91657    8.80184  1.29%  1545 105704s
 9950796 7951230    8.89598   79 1819    8.91657    8.80184  1.29%  1545 105740s
 9953358 7953857    8.91261   90 1720    8.91657    8.80185  1.29%  1545 105777s
 9956711 7955995    8.89835   72 1861    8.91657    8.80185  1.29%  1545 105814s
 9959514 7958037     cutoff   88         8.91657    8.80185  1.29%  1545 105850s
 9962086 7960312    8.91111  122 1479    8.91657    8.80185  1.29%  1545 105893s
 9965354 7962348    8.83689   64 2018    8.91657    8.80185  1.29%  1546 105936s
 9968462 7965811    8.83805   72 1996    8.91657    8.80185  1.29%  1546 105980s
 9972943 7967745    8.89415   67 2008    8.91657    8.80185  1.29%  1546 106019s
 9975404 7970000    8.90677   81 1898    8.91657    8.80185  1.29%  1546 106060s
 9978328 7972573     cutoff   86         8.91657    8.80185  1.29%  1546 106103s
 9981499 7977008    8.83126   64 1920    8.91657    8.80186  1.29%  1546 106147s
 9986669 7981920    8.82941   59 1892    8.91657    8.80186  1.29%  1546 106185s
 9992571 7984855    8.90831  105 1676    8.91657    8.80186  1.29%  1546 106219s
 9996140 7986387    8.90658   93 1650    8.91657    8.80186  1.29%  1546 106250s
 9998084 7989008    8.91258   79 1859    8.91657    8.80186  1.29%  1546 106287s
 10001373 7991341     cutoff   96         8.91657    8.80186  1.29%  1546 106324s
 10004554 7993876    8.82784   66 1741    8.91657    8.80186  1.29%  1546 106360s
 10007703 7996656    8.89395   93 1728    8.91657    8.80186  1.29%  1546 106397s
 10011101 7999203    8.81052   52 1815    8.91657    8.80186  1.29%  1546 106436s
 10014300 8001407    8.91431   96 1730    8.91657    8.80186  1.29%  1546 106473s
 10017050 8004458    8.90986  129 1636    8.91657    8.80187  1.29%  1546 106511s
 10020865 8006433    8.81391   49 1987    8.91657    8.80187  1.29%  1546 106547s
 10023342 8008792    8.82543   61 2050    8.91657    8.80187  1.29%  1547 106581s
 10026357 8011151    8.82567   59 1958    8.91657    8.80187  1.29%  1547 106617s
 10029441 8013990    8.83403   64 1972    8.91657    8.80187  1.29%  1547 106655s
 10032927 8018037    8.89272   77 1774    8.91657    8.80187  1.29%  1547 106693s
 10037695 8019680    8.81911   61 1954    8.91657    8.80187  1.29%  1547 106726s
 10039669 8022411    8.80354   41 2005    8.91657    8.80187  1.29%  1547 106762s
 10043109 8025075    8.82468   55 2031    8.91657    8.80187  1.29%  1547 106797s
 10046623 8027250    8.83357   59 2018    8.91657    8.80187  1.29%  1547 106830s
 10049516 8028967    8.89670   70 1907    8.91657    8.80187  1.29%  1547 106865s
 10052189 8031647    8.89488   68 1902    8.91657    8.80187  1.29%  1547 106901s
 10055521 8035342    8.83550   65 1871    8.91657    8.80188  1.29%  1547 106935s
 10059791 8037976    8.82708   64 1871    8.91657    8.80188  1.29%  1547 106961s
 10063197 8040412    8.91536   90 1735    8.91657    8.80188  1.29%  1547 106988s
 10066394 8042264    8.83428   60 1962    8.91657    8.80188  1.29%  1546 107014s
 10068790 8044044    8.81552   56 1947    8.91657    8.80188  1.29%  1546 107042s
 10071078 8045930    8.83241   61 1885    8.91657    8.80188  1.29%  1547 107071s
 10073512 8047822    8.89624   79 1852    8.91657    8.80188  1.29%  1547 107102s
 10075887 8050496    8.89576   68 1860    8.91657    8.80188  1.29%  1547 107135s
 10079825 8053038    8.81111   50 2034    8.91657    8.80188  1.29%  1547 107166s
 10082968 8057634    8.80889   45 1914    8.91657    8.80188  1.29%  1547 107198s
 10088100 8061605    8.90343  112 1597    8.91657    8.80188  1.29%  1546 107233s
 10092677 8063105    8.90644   71 1999    8.91657    8.80188  1.29%  1546 107257s
 10094604 8063887    8.83716   69 1900    8.91657    8.80188  1.29%  1546 107286s
 10095617 8066709     cutoff   90         8.91657    8.80188  1.29%  1546 107320s
 10099218 8070214    8.89754   84 1638    8.91657    8.80188  1.29%  1546 107353s
 10103327 8072824    8.83046   64 1889    8.91657    8.80189  1.29%  1546 107383s
 10106699 8074779    8.91425  104 1774    8.91657    8.80189  1.29%  1546 107413s
 10109223 8077035    8.91515  104 1627    8.91657    8.80189  1.29%  1546 107444s
 10112396 8078784    8.90429   75 1893    8.91657    8.80189  1.29%  1546 107476s
 10114649 8081756    8.90087   79 1744    8.91657    8.80189  1.29%  1546 107511s
 10118180 8086162    8.90442   92 1758    8.91657    8.80189  1.29%  1546 107545s
 10123207 8087630    8.80704   50 1949    8.91657    8.80189  1.29%  1546 107567s
 10125146 8091015    8.80319   48 1890    8.91657    8.80189  1.29%  1546 107594s
 10128995 8092983    8.90437  100 1642    8.91657    8.80189  1.29%  1546 107619s
 10131538 8094405    8.82936   62 1876    8.91657    8.80189  1.29%  1546 107644s
 10133330 8096136    8.82887   60 1945    8.91657    8.80189  1.29%  1546 107673s
 10135507 8098288    8.83143   63 1945    8.91657    8.80189  1.29%  1546 107704s
 10138435 8101782    8.89395   73 1831    8.91657    8.80189  1.29%  1546 107734s
 10142525 8103850    8.82357   63 1895    8.91657    8.80190  1.29%  1546 107763s
 10145226 8105647    8.83100   69 1756    8.91657    8.80190  1.29%  1546 107793s
 10147512 8109002    8.90719   74 1980    8.91657    8.80190  1.29%  1546 107829s
 10151412 8111483    8.89517   98 1591    8.91657    8.80190  1.29%  1546 107858s
 10154326 8113797    8.91604  166 1451    8.91657    8.80190  1.29%  1545 107888s
 10157173 8115633     cutoff  110         8.91657    8.80190  1.29%  1545 107920s
 10159554 8117334    8.82416   58 1874    8.91657    8.80190  1.29%  1546 107952s
 10161812 8119553    8.91610   83 1850    8.91657    8.80190  1.29%  1546 107987s
 10164668 8122683    8.83269   61 1937    8.91657    8.80190  1.29%  1546 108024s
 10168387 8126639    8.82548   60 1958    8.91657    8.80190  1.29%  1546 108059s
 10173017 8128385    8.91652  140 1571    8.91657    8.80190  1.29%  1546 108090s
 10175331 8129648    8.80300   45 2053    8.91657    8.80190  1.29%  1546 108124s
 10177618 8131750     cutoff   79         8.91657    8.80190  1.29%  1546 108158s
 10180343 8134078    8.83549   69 1851    8.91657    8.80191  1.29%  1546 108199s
 10183416 8136975    8.90161   72 1913    8.91657    8.80191  1.29%  1546 108239s
 10186883 8140868    8.89831   88 1651    8.91657    8.80191  1.29%  1546 108281s
 10191412 8145685    8.82770   57 2014    8.91657    8.80191  1.29%  1546 108318s
 10197148 8148225    8.82653   65 1913    8.91657    8.80191  1.29%  1545 108347s
 10200300 8150543 infeasible  102         8.91657    8.80191  1.29%  1545 108377s
 10203244 8153787    8.90431  102 1617    8.91657    8.80191  1.29%  1545 108408s
 10207010 8156000    8.89557   91 1654    8.91657    8.80191  1.29%  1545 108442s
 10209758 8158237    8.83708   74 1694    8.91657    8.80191  1.29%  1545 108482s
 10212711 8160379    8.90021   90 1702    8.91657    8.80191  1.29%  1545 108524s
 10215487 8163151    8.80296   45 2002    8.91657    8.80191  1.29%  1546 108568s
 10218971 8165690    8.90275   77 1927    8.91657    8.80191  1.29%  1546 108611s
 10222350 8168198    8.82542   61 1878    8.91657    8.80192  1.29%  1546 108655s
 10225782 8170397    8.89625   74 1793    8.91657    8.80192  1.29%  1546 108697s
 10229404 8172803     cutoff   96         8.91657    8.80192  1.29%  1546 108737s
 10232709 8174766    8.82358   50 1998    8.91657    8.80192  1.29%  1546 108778s
 10235281 8177654    8.82900   65 1893    8.91657    8.80192  1.29%  1546 108821s
 10239484 8179842    8.91155  104 1645    8.91657    8.80192  1.29%  1546 108856s
 10242384 8181724     cutoff   91         8.91657    8.80192  1.29%  1546 108895s
 10245417 8183860    8.91557   82 1903    8.91657    8.80192  1.29%  1547 108935s
 10248367 8185840    8.82283   59 1833    8.91657    8.80192  1.29%  1547 108975s
 10251348 8188312    8.80817   46 1957    8.91657    8.80192  1.29%  1547 109016s
 10254529 8190764     cutoff  137         8.91657    8.80192  1.29%  1547 109058s
 10258100 8192674    8.91355   83 1777    8.91657    8.80192  1.29%  1547 109098s
 10260974 8196109    8.81307   45 2005    8.91657    8.80193  1.29%  1547 109140s
 10265052 8198551    8.91503  129 1666    8.91657    8.80193  1.29%  1547 109180s
 10268025 8201265    8.89504   69 1854    8.91657    8.80193  1.29%  1547 109221s
 10271342 8203323    8.84062   67 1765    8.91657    8.80193  1.29%  1547 109255s
 10274059 8206309    8.90397   73 1947    8.91657    8.80193  1.29%  1548 109295s
 10277686 8209709    8.88271   83 1621    8.91657    8.80193  1.29%  1548 109334s
 10281562 8213431    8.91244  178 1485    8.91657    8.80193  1.29%  1547 109369s
 10286386 8215376    8.81312   49 1938    8.91657    8.80193  1.29%  1547 109400s
 10289042 8217101    8.83756   66 1856    8.91657    8.80193  1.29%  1547 109433s
 10291209 8219753    8.83462   64 1893    8.91657    8.80193  1.29%  1547 109469s
 10294528 8221656    8.89930   76 1889    8.91657    8.80193  1.29%  1547 109504s
 10296963 8224589    8.81980   49 2087    8.91657    8.80194  1.29%  1548 109542s
 10300856 8226607    8.81865   62 1796    8.91657    8.80194  1.29%  1548 109575s
 10303477 8229147    8.82625   63 2003    8.91657    8.80194  1.29%  1548 109617s
 10306622 8231734     cutoff   83         8.91657    8.80194  1.29%  1548 109659s
 10309937 8235960    8.89859   87 1697    8.91657    8.80194  1.29%  1548 109701s
 10315112 8240134    8.82593   59 1994    8.91657    8.80194  1.29%  1548 109737s
 10319931 8240322    8.83697   64 1898    8.91657    8.80194  1.29%  1548 109803s
 10320150 8242485    8.83732   65 1896    8.91657    8.80194  1.29%  1548 109836s
 10322918 8245403     cutoff  109         8.91657    8.80194  1.29%  1547 109871s
 10326580 8248475    8.82569   57 1949    8.91657    8.80194  1.29%  1547 109906s
 10330478 8252035     cutoff  105         8.91657    8.80194  1.29%  1547 109940s
 10334787 8255322    8.91217  113 1552    8.91657    8.80194  1.29%  1547 109966s
 10338572 8257322    8.80488   39 1999    8.91657    8.80195  1.29%  1547 109991s
 10340951 8258781    8.90840   76 1829    8.91657    8.80195  1.29%  1547 110017s
 10342805 8260782    8.82609   68 1758    8.91657    8.80195  1.29%  1547 110046s
 10345319 8262837    8.83445   69 1784    8.91657    8.80195  1.29%  1547 110076s
 10347932 8265017    8.89518   73 1924    8.91657    8.80195  1.29%  1547 110108s
 10350726 8266605    8.81464   53 1993    8.91657    8.80195  1.29%  1547 110141s
 10352762 8268406    8.91586   84 1784    8.91657    8.80195  1.29%  1547 110176s
 10355104 8270883    8.82176   57 1974    8.91657    8.80195  1.29%  1547 110213s
 10358129 8274979    8.83587   63 2013    8.91657    8.80195  1.29%  1548 110251s
 10362873 8279158    8.81618   54 1888    8.91657    8.80195  1.29%  1547 110285s
 10367781 8281846    8.82535   59 1848    8.91657    8.80195  1.29%  1547 110308s
 10370803 8283761    8.89497   90 1692    8.91657    8.80195  1.29%  1547 110333s
 10373189 8285266    8.83327   63 1909    8.91657    8.80195  1.29%  1547 110357s
 10375121 8286253    8.91316   95 1696    8.91657    8.80196  1.29%  1547 110385s
 10376532 8287887    8.82358   61 1925    8.91657    8.80196  1.29%  1547 110416s
 10378591 8290914    8.82723   64 1951    8.91657    8.80196  1.29%  1547 110449s
 10382483 8292958    8.81848   51 2010    8.91657    8.80196  1.29%  1547 110480s
 10385165 8294969    8.90745   75 1919    8.91657    8.80196  1.29%  1547 110513s
 10387789 8297026    8.90196   86 1787    8.91657    8.80196  1.29%  1547 110547s
 10390483 8299027    8.82493   59 1946    8.91657    8.80196  1.29%  1547 110581s
 10393077 8302033    8.90629   83 1774    8.91657    8.80196  1.29%  1547 110616s
 10396634 8305894    8.90070  109 1633    8.91657    8.80196  1.29%  1547 110647s
 10401176 8308400    8.83186   66 1723    8.91657    8.80196  1.29%  1547 110673s
 10404369 8311581    8.82608   65 1697    8.91657    8.80196  1.29%  1547 110700s
 10407759 8315282    8.90396  140 1559    8.91657    8.80196  1.29%  1547 110726s
 10412331 8317205    8.83900   65 1968    8.91657    8.80196  1.29%  1547 110750s
 10414850 8319721 infeasible   60         8.91657    8.80196  1.29%  1547 110776s
 10417653 8321906    8.91072   93 1694    8.91657    8.80196  1.29%  1547 110801s
 10420278 8323316    8.82353   63 1804    8.91657    8.80197  1.29%  1547 110828s
 10422098 8325850    8.82512   58 1867    8.91657    8.80197  1.29%  1547 110864s
 10425112 8330508    8.82579   57 2030    8.91657    8.80197  1.29%  1547 110901s
 10430753 8332049    8.91596  116 1756    8.91657    8.80197  1.29%  1546 110926s
 10432731 8333317    8.89680   77 1845    8.91657    8.80197  1.29%  1546 110956s
 10434389 8335686    8.80931   49 1999    8.91657    8.80197  1.29%  1546 110988s
 10437376 8338437    8.91540   83 1814    8.91657    8.80197  1.29%  1547 111021s
 10440788 8341004     cutoff   90         8.91657    8.80197  1.29%  1546 111053s
 10443889 8343374    8.83810   63 1823    8.91657    8.80197  1.29%  1547 111086s
 10446588 8345650     cutoff   86         8.91657    8.80197  1.29%  1547 111119s
 10449855 8348559     cutoff   72         8.91657    8.80197  1.29%  1547 111152s
 10453876 8350584    8.91485  156 1501    8.91657    8.80197  1.29%  1546 111186s
 10456471 8352708     cutoff   86         8.91657    8.80197  1.29%  1547 111228s
 10459277 8355163    8.81965   55 1900    8.91657    8.80197  1.29%  1547 111274s
 10462404 8357806    8.90615  110 1617    8.91657    8.80198  1.29%  1547 111321s
 10465780 8361180    8.90475   76 1863    8.91657    8.80198  1.29%  1547 111367s
 10470651 8364597    8.83246   60 1943    8.91657    8.80198  1.29%  1547 111408s
 10474899 8369960    8.81535   52 2072    8.91657    8.80198  1.29%  1547 111445s
 10480999 8372621    8.81763   50 2087    8.91657    8.80198  1.29%  1547 111476s
 10484608 8375599     cutoff   82         8.91657    8.80198  1.29%  1547 111510s
 10488194 8378984    8.91166  129 1495    8.91657    8.80198  1.29%  1547 111542s
 10491989 8381174    8.90678   94 1664    8.91657    8.80198  1.29%  1546 111570s
 10494802 8383871    8.90205   89 1698    8.91657    8.80198  1.29%  1546 111601s
 10498234 8385870    8.81944   57 2007    8.91657    8.80198  1.29%  1546 111630s
 10500878 8387823    8.82559   65 1827    8.91657    8.80198  1.29%  1546 111661s
 10503356 8389548    8.83614   65 1905    8.91657    8.80198  1.29%  1546 111694s
 10505609 8392837    8.82999   63 1899    8.91657    8.80199  1.29%  1546 111728s
 10509830 8396957    8.81458   53 1989    8.91657    8.80199  1.29%  1546 111760s
 10514555 8402016    8.90578  105 1781    8.91657    8.80199  1.29%  1546 111795s
 10520629 8403426    8.90774   76 1786    8.91657    8.80199  1.29%  1546 111814s
 10522507 8404619    8.89918   80 1884    8.91657    8.80199  1.29%  1546 111836s
 10523999 8405929    8.83549   68 1884    8.91657    8.80199  1.29%  1546 111860s
 10525605 8408322    8.82316   63 1882    8.91657    8.80199  1.28%  1546 111887s
 10528596 8410406     cutoff  123         8.91657    8.80199  1.28%  1546 111914s
 10531269 8411717    8.91122   84 1816    8.91657    8.80199  1.28%  1546 111942s
 10533115 8413866    8.83652   66 2008    8.91657    8.80199  1.28%  1546 111972s
 10535798 8415542    8.83406   60 1837    8.91657    8.80199  1.28%  1546 112004s
 10537927 8417830    8.82197   55 1925    8.91657    8.80199  1.28%  1546 112038s
 10540857 8420365    8.90068   76 1839    8.91657    8.80199  1.28%  1546 112072s
 10543994 8423110    8.90212   76 1819    8.91657    8.80200  1.28%  1546 112107s
 10547396 8425201    8.83226   67 1840    8.91657    8.80200  1.28%  1546 112140s
 10550125 8427087     cutoff  153         8.91657    8.80200  1.28%  1546 112176s
 10552565 8429443    8.83465   61 1962    8.91657    8.80200  1.28%  1546 112214s
 10555583 8432481    8.81082   50 2024    8.91657    8.80200  1.28%  1546 112253s
 10559257 8435908    8.89965   82 1689    8.91657    8.80200  1.28%  1546 112293s
 10563339 8440078    8.82106   59 1951    8.91657    8.80200  1.28%  1546 112327s
 10568118 8442088    8.81389   49 1940    8.91657    8.80200  1.28%  1546 112359s
 10570852 8446322    8.82296   58 1971    8.91657    8.80200  1.28%  1546 112391s
 10575672 8449202    8.90285  115 1542    8.91657    8.80200  1.28%  1546 112426s
 10579250 8452252     cutoff   44         8.91657    8.80200  1.28%  1546 112458s
 10582856 8454370     cutoff   69         8.91657    8.80200  1.28%  1546 112488s
 10585599 8456842    8.89863   84 1751    8.91657    8.80200  1.28%  1546 112519s
 10588977 8458757    8.89872   85 1829    8.91657    8.80201  1.28%  1546 112550s
 10591493 8460694     cutoff   93         8.91657    8.80201  1.28%  1546 112582s
 10594020 8462181    8.91421   90 1737    8.91657    8.80201  1.28%  1546 112617s
 10595859 8465294    8.91188   80 1793    8.91657    8.80201  1.28%  1546 112654s
 10599854 8467880    8.90028   72 1915    8.91657    8.80201  1.28%  1546 112689s
 10603159 8472297     cutoff   80         8.91657    8.80201  1.28%  1546 112727s
 10608266 8475715    8.90073   98 1761    8.91657    8.80201  1.28%  1546 112762s
 10612711 8478681    8.90237   85 1669    8.91657    8.80201  1.28%  1546 112788s
 10616098 8480977    8.89856  109 1496    8.91657    8.80201  1.28%  1545 112813s
 10619240 8482813    8.83222   64 1832    8.91657    8.80201  1.28%  1545 112838s
 10621731 8484370    8.90581   87 1739    8.91657    8.80201  1.28%  1545 112865s
 10623743 8485614    8.83054   68 1956    8.91657    8.80201  1.28%  1545 112894s
 10625889 8487451    8.83452   62 1921    8.91657    8.80201  1.28%  1546 112924s
 10628298 8489473    8.89888   71 1979    8.91657    8.80201  1.28%  1546 112957s
 10630808 8492159    8.89339   79 1870    8.91657    8.80202  1.28%  1546 112993s
 10634477 8494659    8.83470   76 1825    8.91657    8.80202  1.28%  1546 113027s
 10637638 8496827    8.89857   74 1843    8.91657    8.80202  1.28%  1546 113061s
 10640540 8500239    8.90766   77 1828    8.91657    8.80202  1.28%  1546 113099s
 10644570 8502291    8.89665   71 1860    8.91657    8.80202  1.28%  1546 113134s
 10647188 8504538    8.91170   84 1814    8.91657    8.80202  1.28%  1546 113171s
 10650213 8507516    8.81904   56 1936    8.91657    8.80202  1.28%  1546 113207s
 10653896 8509494    8.83259   62 1935    8.91657    8.80202  1.28%  1546 113242s
 10656483 8511715    8.83412   66 1897    8.91657    8.80202  1.28%  1546 113279s
 10659255 8513924    8.82860   64 1939    8.91657    8.80202  1.28%  1546 113317s
 10662207 8516855     cutoff  113         8.91657    8.80202  1.28%  1546 113359s
 10665904 8519192    8.81560   57 1967    8.91657    8.80203  1.28%  1546 113397s
 10669034 8521675    8.81287   53 1965    8.91657    8.80203  1.28%  1546 113431s
 10672089 8526408    8.80290   43 2044    8.91657    8.80203  1.28%  1546 113468s
 10677423 8528556    8.90002   95 1719    8.91657    8.80203  1.28%  1546 113494s
 10679897 8530826    8.82936   56 1993    8.91657    8.80203  1.28%  1546 113523s
 10682831 8532424    8.91526   87 1791    8.91657    8.80203  1.28%  1546 113552s
 10685299 8534625    8.90335   76 1846    8.91657    8.80203  1.28%  1546 113583s
 10688347 8536845    8.80531   42 2042    8.91657    8.80203  1.28%  1546 113614s
 10691264 8538868     cutoff   87         8.91657    8.80203  1.28%  1546 113646s
 10693796 8541487    8.83755   63 2012    8.91657    8.80203  1.28%  1546 113680s
 10697194 8542980    8.82419   57 1953    8.91657    8.80203  1.28%  1546 113714s
 10699220 8544952    8.91523   79 1841    8.91657    8.80203  1.28%  1546 113747s
 10702302 8546847    8.81066   52 2049    8.91657    8.80203  1.28%  1546 113783s
 10704781 8548815    8.81941   59 1865    8.91657    8.80203  1.28%  1546 113823s
 10707267 8553242    8.83614   63 2028    8.91657    8.80203  1.28%  1546 113867s
 10712359 8556750    8.89952  109 1575    8.91657    8.80204  1.28%  1546 113903s
 10716574 8559778    8.90146   90 1729    8.91657    8.80204  1.28%  1546 113937s
 10720432 8561403    8.89826   70 1945    8.91657    8.80204  1.28%  1546 113970s
 10722872 8563256    8.83851   66 1995    8.91657    8.80204  1.28%  1546 114005s
 10725195 8565409    8.90191   82 1888    8.91657    8.80204  1.28%  1546 114042s
 10728003 8569820    8.83836   64 1983    8.91657    8.80204  1.28%  1547 114081s
 10733062 8573511    8.80341   42 1983    8.91657    8.80204  1.28%  1546 114115s
 10737399 8575398    8.91568  111 1731    8.91657    8.80204  1.28%  1546 114140s
 10739809 8577284    8.89946   71 1793    8.91657    8.80204  1.28%  1546 114170s
 10742337 8579351    8.90588   86 1820    8.91657    8.80204  1.28%  1546 114200s
 10744946 8581447    8.91612  112 1773    8.91657    8.80204  1.28%  1546 114233s
 10747659 8583267     cutoff   88         8.91657    8.80204  1.28%  1546 114266s
 10750006 8585204    8.91245   95 1696    8.91657    8.80204  1.28%  1547 114302s
 10752541 8587391    8.91422   86 1797    8.91657    8.80205  1.28%  1547 114340s
 10755344 8589827    8.81930   44 1952    8.91657    8.80205  1.28%  1547 114379s
 10758351 8595288     cutoff   75         8.91657    8.80205  1.28%  1547 114420s
 10764684 8598620    8.90984   77 1874    8.91657    8.80205  1.28%  1546 114454s
 10768995 8601463    8.83449   62 2007    8.91657    8.80205  1.28%  1546 114480s
 10772700 8603533    8.90041   74 1882    8.91657    8.80205  1.28%  1546 114504s
 10775502 8605332    8.90444   80 1790    8.91657    8.80205  1.28%  1546 114531s
 10777799 8609236    8.83547   68 1823    8.91657    8.80205  1.28%  1546 114559s
 10782153 8610713    8.82620   57 1928    8.91657    8.80205  1.28%  1546 114584s
 10784000 8612711    8.82617   59 1982    8.91657    8.80205  1.28%  1546 114612s
 10786419 8617095    8.82938   58 1922    8.91657    8.80205  1.28%  1546 114640s
 10791292 8619323    8.91588  147 1603    8.91657    8.80205  1.28%  1546 114667s
 10793949 8622673    8.89950   82 1752    8.91657    8.80205  1.28%  1546 114702s
 10798686 8624261    8.83619   70 1825    8.91657    8.80205  1.28%  1545 114726s
 10800878 8625953    8.83418   70 1788    8.91657    8.80206  1.28%  1545 114754s
 10803307 8627585    8.89647   70 1814    8.91657    8.80206  1.28%  1545 114783s
 10805430 8629366    8.89600   84 1751    8.91657    8.80206  1.28%  1546 114815s
 10807672 8631463    8.83658   63 2002    8.91657    8.80206  1.28%  1546 114849s
 10810412 8633628    8.83235   66 1832    8.91657    8.80206  1.28%  1546 114884s
 10813200 8637151    8.89997   80 1869    8.91657    8.80206  1.28%  1546 114921s
 10817342 8640793    8.91285  134 1604    8.91657    8.80206  1.28%  1546 114954s
 10821650 8642569     cutoff   90         8.91657    8.80206  1.28%  1545 114986s
 10823941 8645434    8.91437   81 1879    8.91657    8.80206  1.28%  1545 115021s
 10827389 8649319    8.89644   88 1711    8.91657    8.80206  1.28%  1545 115053s
 10831774 8651522    8.87612   61 1972    8.91657    8.80206  1.28%  1545 115082s
 10834661 8653557    8.88353   65 2019    8.91657    8.80206  1.28%  1545 115113s
 10837394 8655520    8.88029   65 1839    8.91657    8.80206  1.28%  1545 115143s
 10839913 8657250    8.88121   67 1897    8.91657    8.80206  1.28%  1545 115175s
[2026-09-21T04:34:57.029] error: *** JOB 18681479 ON x1007c0s1b0n0 CANCELLED AT 2026-09-21T04:34:57 DUE TO TIME LIMIT ***
