

Running optimization for annual production of 9000 AF...
2026-09-15 13:48:03 [INFO] idaes.core.surrogate.pysmo_surrogate: Decode surrogate. type=poly

===========================Polynomial Regression===============================================

The number of cross-validation cases (3) is used.
The default training/cross-validation split of 0.75 is used.
No iterations will be run.
Default parameter estimation method is used.
Parameter estimation method:  pyomo 

2026-09-15 13:48:03 [INFO] idaes.core.surrogate.pysmo_surrogate: Decode surrogate. type=poly

===========================Polynomial Regression===============================================

The number of cross-validation cases (3) is used.
The default training/cross-validation split of 0.75 is used.
No iterations will be run.
Default parameter estimation method is used.
Parameter estimation method:  pyomo 

2026-09-15 13:48:03 [INFO] idaes.core.surrogate.pysmo_surrogate: Decode surrogate. type=poly

===========================Polynomial Regression===============================================

The number of cross-validation cases (3) is used.
The default training/cross-validation split of 0.75 is used.
No iterations will be run.
Default parameter estimation method is used.
Parameter estimation method:  pyomo 

2026-09-15 13:48:03 [INFO] idaes.core.surrogate.pysmo_surrogate: Decode surrogate. type=poly

===========================Polynomial Regression===============================================

The number of cross-validation cases (3) is used.
The default training/cross-validation split of 0.75 is used.
No iterations will be run.
Default parameter estimation method is used.
Parameter estimation method:  pyomo 

2026-09-15 13:48:05 [INFO] idaes.apps.grid_integration.pricetaker.price_taker_model: Found minimum uptime/downtime data for pretreatment.uf_pumps[1] - Adding minimum uptime/downtime constraints.
2026-09-15 13:48:05 [INFO] idaes.apps.grid_integration.pricetaker.price_taker_model: Created startup/shutdown constraints for operation model  pretreatment.uf_pumps[1] at uf_pumps_1_startup_shutdown.
2026-09-15 13:48:05 [INFO] idaes.apps.grid_integration.pricetaker.price_taker_model: Found minimum uptime/downtime data for pretreatment.uf_pumps[2] - Adding minimum uptime/downtime constraints.
2026-09-15 13:48:05 [INFO] idaes.apps.grid_integration.pricetaker.price_taker_model: Created startup/shutdown constraints for operation model  pretreatment.uf_pumps[2] at uf_pumps_2_startup_shutdown.
2026-09-15 13:48:05 [INFO] idaes.apps.grid_integration.pricetaker.price_taker_model: Found minimum uptime/downtime data for pretreatment.uf_pumps[3] - Adding minimum uptime/downtime constraints.
2026-09-15 13:48:05 [INFO] idaes.apps.grid_integration.pricetaker.price_taker_model: Created startup/shutdown constraints for operation model  pretreatment.uf_pumps[3] at uf_pumps_3_startup_shutdown.
2026-09-15 13:48:05 [INFO] idaes.apps.grid_integration.pricetaker.price_taker_model: Found minimum uptime/downtime data for reverse_osmosis.ro_skid[1] - Adding minimum uptime/downtime constraints.
2026-09-15 13:48:05 [INFO] idaes.apps.grid_integration.pricetaker.price_taker_model: Created startup/shutdown constraints for operation model  reverse_osmosis.ro_skid[1] at ro_skid_1_startup_shutdown.
2026-09-15 13:48:05 [INFO] idaes.apps.grid_integration.pricetaker.price_taker_model: Found minimum uptime/downtime data for reverse_osmosis.ro_skid[2] - Adding minimum uptime/downtime constraints.
2026-09-15 13:48:05 [INFO] idaes.apps.grid_integration.pricetaker.price_taker_model: Created startup/shutdown constraints for operation model  reverse_osmosis.ro_skid[2] at ro_skid_2_startup_shutdown.
2026-09-15 13:48:05 [INFO] idaes.apps.grid_integration.pricetaker.price_taker_model: Found minimum uptime/downtime data for reverse_osmosis.ro_skid[3] - Adding minimum uptime/downtime constraints.
2026-09-15 13:48:05 [INFO] idaes.apps.grid_integration.pricetaker.price_taker_model: Created startup/shutdown constraints for operation model  reverse_osmosis.ro_skid[3] at ro_skid_3_startup_shutdown.
2026-09-15 13:48:05 [INFO] idaes.apps.grid_integration.pricetaker.price_taker_model: Found minimum uptime/downtime data for reverse_osmosis.ro_skid[4] - Adding minimum uptime/downtime constraints.
2026-09-15 13:48:05 [INFO] idaes.apps.grid_integration.pricetaker.price_taker_model: Created startup/shutdown constraints for operation model  reverse_osmosis.ro_skid[4] at ro_skid_4_startup_shutdown.
4364
Set parameter TokenServer to value "10.60.1.73"
Set parameter LogToConsole to value 1
Set parameter MIPGap to value 0.01
Gurobi Optimizer version 12.0.3 build v12.0.3rc0 (linux64 - "Red Hat Enterprise Linux 8.8 (Ootpa)")

CPU model: Intel(R) Xeon(R) Platinum 8470Q, instruction set [SSE2|AVX|AVX2|AVX512]
Thread count: 104 physical cores, 104 logical processors, using up to 32 threads

Non-default parameters:
MIPGap  0.01

Optimize a model with 18119 rows, 16467 columns and 49999 nonzeros
Model fingerprint: 0x09c33126
Model has 168 quadratic objective terms
Model has 2352 quadratic constraints
Variable types: 11259 continuous, 5208 integer (5208 binary)
Coefficient statistics:
  Matrix range     [5e-04, 2e+03]
  QMatrix range    [2e-07, 1e+00]
  QLMatrix range   [3e-04, 1e+00]
  Objective range  [1e-05, 1e-03]
  QObjective range [2e-04, 2e-04]
  Bounds range     [9e-01, 1e+03]
  RHS range        [5e-02, 2e+05]
  QRHS range       [3e-01, 3e-01]
Presolve removed 6979 rows and 7572 columns
Presolve time: 0.11s
Presolved: 20380 rows, 9400 columns, 55029 nonzeros
Presolved model has 336 SOS constraint(s)
Presolved model has 2352 bilinear constraint(s)

Solving non-convex MIQCP

Variable types: 5740 continuous, 3660 integer (3660 binary)
Found heuristic solution: objective 10.2304238

Root relaxation: unbounded, 0 iterations, 0.01 seconds (0.00 work units)

    Nodes    |    Current Node    |     Objective Bounds      |     Work
 Expl Unexpl |  Obj  Depth IntInf | Incumbent    BestBd   Gap | It/Node Time

     0     2  postponed    0        10.23042          -      -     -    3s
     3     8  postponed    2        10.23042          -      -  3953    6s
    15    20  postponed    4        10.23042          -      -  7060   10s
    79    80  postponed    7        10.23042          -      -  7825   16s
   115   142  postponed    8        10.23042          -      -  8353   21s
   177   410  postponed    9        10.23042          -      -  9824   27s
   589   765  postponed   14        10.23042          -      -  3579   35s
  1152  1282  postponed   21        10.23042          -      -  2216   47s
  1999  2042 infeasible   32        10.23042          -      -  1593   66s
  3287  2950  postponed   49        10.23042          -      -  1256   93s
H 4746  2950                      10.0751672          -      -  1105   93s
  4945  4188  postponed   70        10.07517          -      -  1088  119s
H 5415  4188                      10.0654260          -      -  1077  119s
H 5664  4188                      10.0653810          -      -  1076  119s
H 5697  4188                      10.0642766          -      -  1073  119s
  6981  6667  postponed   89        10.06428          -      -  1038  143s
H 7463  6641                      10.0175575          -      -  1053  143s
H 7682  6641                      10.0167998          -      -  1041  143s
H 8687  6571                       9.8095006          -      -  1004  143s
H 8687  6565                       9.7856709          -      -  1004  143s
 10031  7612  postponed   98         9.78567          -      -   954  162s
H10448  7496                       9.7270263          -      -   957  162s
H10698  7496                       9.7269576          -      -   945  162s
 11919  8359 infeasible  107         9.72696          -      -   933  181s
H12184  8359                       9.7231542          -      -   939  181s
H12300  8333                       9.7121724          -      -   942  181s
H12597  8226                       9.6898533          -      -   945  181s
 13526 10236  postponed  115         9.68985          -      -   937  202s
H13817 10172                       9.6725313          -      -   940  202s
H16115  9622                       9.6191497    5.54686  42.3%   887  244s
 16117  9623    7.81348  123 2428    9.61915    7.81348  18.8%   887  255s
 16118  9624    8.83671  358 2708    9.61915    8.21289  14.6%   887  266s
 16119  9624    8.89983  266 2535    9.61915    8.25775  14.2%   887  273s
 16120  9625    8.29242  122 2681    9.61915    8.29242  13.8%   887  280s
 16121  9626    8.31154   62 2606    9.61915    8.31154  13.6%   887  285s
 16122  9626    9.31485  221 2747    9.61915    8.32363  13.5%   887  292s
H16122  9145                       9.6123631    8.33336  13.3%   887  297s
 16125  9147    8.34466   83 2770    9.61236    8.34466  13.2%   887  303s
 16126  9148    8.80289  218 2752    9.61236    8.34721  13.2%   887  306s
 16127  9149    8.40992  182 2695    9.61236    8.35331  13.1%   886  311s
 16129  9150    8.38194  132 2726    9.61236    8.38194  12.8%   886  319s
 16130  9151    9.61236  398 2792    9.61236    8.38468  12.8%   886  321s
H16130  8693                       9.5915733    8.39215  12.5%   886  326s
 16133  8695    8.40254   54 2786    9.59157    8.40254  12.4%   886  333s
 16134  8695    8.40319   64 2792    9.59157    8.40319  12.4%   886  335s
H16135  8261                       9.5910187    8.40603  12.4%   886  339s
 16136  8262    8.82712  218 2713    9.59102    8.40603  12.4%   886  340s
H16137  7848                       9.5744637    8.40651  12.2%   886  344s
H16137  7455                       9.5703936    8.40651  12.2%   886  344s
 16138  7456    8.40651  128 2683    9.57039    8.40651  12.2%   886  345s
H16138  7083                       9.5694023    8.40722  12.1%   886  348s
H16138  6728                       9.5638986    8.40722  12.1%   886  348s
H16138  6392                       9.5619416    8.40722  12.1%   886  348s
H16138  6072                       9.5605044    8.40722  12.1%   886  348s
H16138  5768                       9.5575074    8.40722  12.0%   886  348s
H16138  5479                       9.5479969    8.40722  11.9%   886  348s
H16140  5205                       9.5379841    8.40751  11.9%   886  350s
H16141  4946                       9.5352882    8.40758  11.8%   886  353s
 16144  4948    8.40768  147 2736    9.53529    8.40768  11.8%   886  397s
H16144  4700                       9.5336315    8.40768  11.8%   886  427s
H16145  4467                       9.5116876    8.40768  11.6%   901  617s
 16146  4468    8.43288   11 4881    9.51169    8.40768  11.6%   902  649s
 16148  4472    8.45161   12 4767    9.51169    8.43011  11.4%   902  671s
 16152  4478    8.45470   13 4841    9.51169    8.45161  11.1%   905  715s
 16160  4492    8.46989   14 4698    9.51169    8.45470  11.1%   919  742s
 16176  4518    8.48289   15 4598    9.51169    8.46989  11.0%   934  770s
 16208  4538    8.49278   16 4616    9.51169    8.48289  10.8%   957  795s
 16238  4559    8.49588   17 4675    9.51169    8.48289  10.8%   981  817s
H16240  4334                       9.5039964    8.48289  10.7%   982  817s
H16251  4118                       9.4731040    8.48289  10.5%   992  817s
H16262  3913                       9.4653330    8.48289  10.4%  1003  817s
 16269  3995    8.49947   18 4608    9.46533    8.48289  10.4%  1010  844s
H16354  3860                       9.4644187    8.48289  10.4%  1061  865s
H16359  3676                       9.4569754    8.48289  10.3%  1061  865s
H16371  3498                       9.4551612    8.48289  10.3%  1068  865s
H16371  3334                       9.4162135    8.48289  9.91%  1068  865s
 16439  3403    8.60768   21 4575    9.41621    8.48289  9.91%  1086  886s
H16530  3312                       9.4127300    8.48289  9.88%  1107  904s
H16535  3162                       9.4115154    8.48289  9.87%  1108  904s
H16538  3020                       9.4093104    8.48289  9.85%  1108  904s
 16626  3079    8.53578   26 4577    9.40931    8.48289  9.85%  1126  920s
H16715  2994                       9.4093104    8.48289  9.85%  1145  937s
H16724  2864                       9.4093103    8.48289  9.85%  1148  937s
H16737  2738                       9.4079249    8.48289  9.83%  1150  937s
 16794  2810    8.58719   28 4634    9.40792    8.48289  9.83%  1158  953s
H16889  2776                       9.4076695    8.48289  9.83%  1175  968s
H16897  2664                       9.4074628    8.48289  9.83%  1177  968s
H16902  2558                       9.4073611    8.48289  9.83%  1179  968s
H16906  2459                       9.4073151    8.48289  9.83%  1179  968s
H16963  2346                       9.4025708    8.48289  9.78%  1183  968s
 17005  2437    8.61265   30 4543    9.40257    8.48289  9.78%  1188  983s
H17110  2437                       9.4016535    8.48289  9.77%  1208  997s
H17127  2347                       9.4011503    8.48289  9.77%  1212  997s
H17139  2263                       9.3783207    8.48289  9.55%  1212  997s
H17146  2184                       9.3771735    8.48289  9.54%  1214  997s
 17234  2265    8.64661   34 3317    9.37717    8.48289  9.54%  1233 1012s
 17352  2353    8.69642   34 3359    9.37717    8.48289  9.54%  1260 1027s
H17359  2279                       9.3760221    8.48289  9.53%  1261 1027s
H17373  2205                       9.3756142    8.48289  9.52%  1261 1027s
H17380  2138                       9.3723099    8.48289  9.49%  1265 1027s
 17489  2214    8.67115   35 3119    9.37231    8.48289  9.49%  1280 1042s
H17636  2194                       9.3717081    8.48289  9.48%  1305 1060s
H17640  2133                       9.3702374    8.48289  9.47%  1306 1060s
H17674  2066                       9.3699862    8.48289  9.47%  1321 1060s
 17759  2168    8.73579   39 2094    9.36999    8.48289  9.47%  1340 1081s
 17919  2264    8.80061   41 1989    9.36999    8.48289  9.47%  1373 1098s
H18017  2179                       9.3696749    8.48289  9.46%  1394 1098s
 18089  2298    8.81175   41 2541    9.36967    8.48289  9.46%  1405 1117s
H18256  2317                       9.3696722    8.48289  9.46%  1435 1139s
H18361  2170                       9.3236012    8.48289  9.02%  1453 1139s
 18416  2236    8.92288   45 2391    9.32360    8.48289  9.02%  1469 1157s
H18574  2235                       9.3197665    8.52638  8.51%  1510 1175s
H18588  2181                       9.3184134    8.52638  8.50%  1512 1175s
H18596  2086                       9.2846470    8.52638  8.17%  1513 1175s
H18711  1893                       9.1850487    8.53841  7.04%  1537 1175s
H18744  1854                       9.1840487    8.53841  7.03%  1548 1194s
H18905  1961                       9.1807260    8.54311  6.95%  1566 1217s
H18909  1922                       9.1665469    8.54311  6.80%  1567 1217s
H18913  1885                       9.1450959    8.54311  6.58%  1571 1217s
 19061  1963    9.07583   52 1372    9.14510    8.54311  6.58%  1595 1240s
H19180  2041                       9.1404198    8.54311  6.53%  1622 1266s
H19187  2039                       9.1386859    8.54311  6.52%  1626 1266s
H19201  2002                       9.1285968    8.54354  6.41%  1628 1266s
 19298  2104     cutoff   39         9.12860    8.55249  6.31%  1663 1287s
H19475  2076                       9.1106889    8.55249  6.13%  1698 1310s
 19646  2152    8.87275   26 2201    9.11069    8.55249  6.13%  1750 1330s
 19790  2259    9.09215   38 1666    9.11069    8.55345  6.12%  1799 1357s
H19799  2254                       9.1094182    8.55345  6.10%  1799 1357s
H19812  2254                       9.1091001    8.55345  6.10%  1804 1357s
H19857  2254                       9.1088153    8.55345  6.10%  1824 1357s
H19869  2253                       9.1048010    8.55345  6.06%  1827 1357s
 19944  2317    8.63775   19 4636    9.10480    8.55345  6.06%  1846 1384s
H20063  2445                       9.1045099    8.55375  6.05%  1884 1410s
H20068  2429                       9.1001095    8.55375  6.00%  1883 1410s
H20087  2426                       9.0991949    8.55375  5.99%  1890 1410s
H20103  2426                       9.0983611    8.55375  5.99%  1893 1410s
 20252  2544    8.86000   26 3242    9.09836    8.55375  5.99%  1928 1436s
 20451  2706    8.89022   29 3180    9.09836    8.55375  5.99%  1973 1467s
H20475  2706                       9.0978601    8.55375  5.98%  1979 1467s
H20482  2703                       9.0962934    8.55375  5.96%  1980 1467s
H20539  2701                       9.0951958    8.55375  5.95%  1990 1467s
H20555  2699                       9.0926960    8.55375  5.93%  1997 1467s
 20660  2809    8.96965   37 3225    9.09270    8.56105  5.85%  2027 1494s
 20847  2941    8.97047   39 3102    9.09270    8.56105  5.85%  2090 1521s
H20854  2940                       9.0923851    8.56105  5.84%  2094 1521s
H20899  2937                       9.0919152    8.56105  5.84%  2111 1521s
H20899  2937                       9.0917515    8.56105  5.84%  2111 1521s
H20967  2927                       9.0893928    8.56105  5.81%  2138 1521s
H21024  3047                       9.0883928    8.56105  5.80%  2151 1552s
 21214  3109    8.98978   47 2921    9.08839    8.56496  5.76%  2211 1581s
H21219  3063                       9.0816606    8.56496  5.69%  2215 1581s
H21224  3042                       9.0778633    8.56496  5.65%  2218 1581s
 21314  3164     cutoff   50         9.07786    8.56541  5.65%  2241 1612s
H21316  3160                       9.0763356    8.56541  5.63%  2241 1612s
H21513  3160                       9.0763318    8.57144  5.56%  2293 1612s
H21517  3148                       9.0751342    8.57144  5.55%  2297 1612s
 21524  3294     cutoff   52         9.07513    8.57144  5.55%  2300 1644s
H21668  3291                       9.0736268    8.57144  5.53%  2340 1644s
 21758  3403    8.63935   20 4765    9.07363    8.57144  5.53%  2358 1683s
H21771  3380                       9.0669930    8.57144  5.47%  2363 1683s
 21971  3512    8.64208   22 4678    9.06699    8.57144  5.47%  2427 1719s
H22173  3682                       9.0664011    8.57144  5.46%  2496 1753s
H22209  3682                       9.0664011    8.57144  5.46%  2507 1753s
H22256  3677                       9.0657210    8.57144  5.45%  2517 1753s
 22408  3863    8.83396   29 4481    9.06572    8.57322  5.43%  2573 1794s
H22635  3859                       9.0646034    8.57708  5.38%  2636 1794s
H22664  3983                       9.0612310    8.57708  5.34%  2646 1834s
H22706  3963                       9.0593430    8.57708  5.32%  2670 1834s
 22905  4167    8.97866   37 4214    9.05934    8.57813  5.31%  2736 1872s
H23193  4328                       9.0561418    8.57813  5.28%  2812 1910s
 23489  4499    9.01160   47 3241    9.05614    8.58772  5.17%  2892 1954s
H23765  4725                       9.0561315    8.58954  5.15%  2980 1996s
H23841  4725                       9.0560944    8.58954  5.15%  2993 1996s
H23841  4723                       9.0560597    8.58954  5.15%  2993 1996s
H23910  4710                       9.0552239    8.58954  5.14%  3006 1996s
 24104  4884    8.71167   23 4609    9.05522    8.58954  5.14%  3056 2040s
 24389  5135     cutoff   38         9.05522    8.59136  5.12%  3141 2088s
 24715  5316    9.05333   49 2518    9.05522    8.59136  5.12%  3222 2137s
 25008  5590    8.80107   27 3089    9.05522    8.59136  5.12%  3316 2184s
H25027  5588                       9.0547757    8.59136  5.12%  3318 2184s
H25109  5579                       9.0543549    8.59619  5.06%  3328 2184s
H25208  5577                       9.0542746    8.59619  5.06%  3352 2184s
H25351  5577                       9.0542691    8.59850  5.03%  3378 2184s
H25368  5569                       9.0535273    8.59850  5.03%  3379 2184s
 25436  5892    8.87017   18 4677    9.05353    8.59850  5.03%  3389 2238s
H25464  5824                       9.0494726    8.59850  4.98%  3392 2238s
 25910  6107    8.95785   26 4100    9.04947    8.59850  4.98%  3463 2297s
H26254  6105                       9.0493490    8.59850  4.98%  3529 2297s
H26328  6302                       9.0493490    8.59850  4.98%  3539 2354s
H26364  6302                       9.0493242    8.59850  4.98%  3554 2354s
H26513  6248                       9.0468187    8.59850  4.96%  3587 2354s
H26715  5969                       9.0346946    8.59850  4.83%  3618 2354s
H26773  6223                       9.0326946    8.59850  4.81%  3626 2412s
H26792  6184                       9.0307005    8.59850  4.79%  3630 2412s
 27244  6439     cutoff   35         9.03070    8.59850  4.79%  3698 2472s
H27251  6438                       9.0305470    8.59850  4.78%  3703 2472s
 27731  6677     cutoff   38         9.03055    8.60509  4.71%  3780 2532s
H27891  6676                       9.0304855    8.60634  4.70%  3803 2532s
H28034  6675                       9.0304563    8.61375  4.61%  3816 2532s
H28174  6675                       9.0304479    8.61375  4.61%  3832 2532s
 28228  6968    8.85872   26 4480    9.03045    8.61375  4.61%  3839 2598s
H28238  6966                       9.0304221    8.61375  4.61%  3842 2598s
H28306  6964                       9.0303263    8.61375  4.61%  3856 2598s
H28347  6958                       9.0299590    8.61375  4.61%  3866 2598s
H28671  6947                       9.0294471    8.61375  4.60%  3908 2598s
 28740  7297     cutoff   37         9.02945    8.61375  4.60%  3919 2663s
H29145  7288                       9.0292052    8.61375  4.60%  3978 2663s
 29285  7615    8.94000   34 3035    9.02921    8.61375  4.60%  3995 2737s
H29492  7615                       9.0292052    8.61651  4.57%  4027 2737s
H29507  7611                       9.0290485    8.61651  4.57%  4033 2737s
 29830  8087    8.85913   34 4160    9.02905    8.61857  4.55%  4098 2815s
H29943  8087                       9.0290418    8.61857  4.55%  4117 2815s
 30483  8565     cutoff   42         9.02904    8.61857  4.55%  4193 2892s
H30486  8565                       9.0290096    8.61857  4.55%  4195 2892s
H30566  8562                       9.0289561    8.61857  4.55%  4206 2892s
H30778  8561                       9.0289380    8.61857  4.55%  4232 2892s
H30853  8559                       9.0289207    8.61857  4.54%  4240 2892s
 31201  8976     cutoff   40         9.02892    8.62294  4.50%  4289 2966s
H31876  9078                       9.0289207    8.62294  4.50%  4369 3040s
H31878  9045                       9.0277466    8.62468  4.46%  4369 3040s
H31879  9044                       9.0276761    8.62468  4.46%  4370 3040s
H31882  9026                       9.0272088    8.62468  4.46%  4370 3040s
H31887  8953                       9.0252972    8.62468  4.44%  4371 3040s
H31889  8871                       9.0229480    8.62476  4.41%  4371 3040s
H31916  7372                       8.9732620    8.62476  3.88%  4379 3040s
H31925  7368                       8.9731615    8.62476  3.88%  4378 3040s
H32044  7368                       8.9731605    8.62476  3.88%  4393 3040s
H32048  7367                       8.9731199    8.62476  3.88%  4393 3040s
H32066  7582                       8.9691199    8.62476  3.84%  4400 3118s
 32749  7971    8.92307   32 4439    8.96912    8.62841  3.80%  4489 3200s
H33464  8354                       8.9676136    8.63085  3.76%  4586 3290s
H33878  8354                       8.9675841    8.63122  3.75%  4619 3290s
H34263  8799                       8.9665841    8.63471  3.70%  4672 3380s
H34814  8799                       8.9665631    8.63471  3.70%  4735 3380s
H34847  8799                       8.9665421    8.63471  3.70%  4744 3380s
 35054  9270    8.83821   48 4224    8.96654    8.63471  3.70%  4757 3480s
H35344  9268                       8.9665148    8.63835  3.66%  4788 3480s
 35842  9764    8.85338   58 3924    8.96651    8.63904  3.65%  4845 3580s
H35846  9764                       8.9665148    8.63904  3.65%  4846 3580s
 36676 10209    8.88704   79 3577    8.96651    8.64093  3.63%  4933 3683s
H36851 10209                       8.9664910    8.64093  3.63%  4944 3683s
 37547 10384    8.93783  107 2908    8.96649    8.64112  3.63%  5010 3789s
H37584 10384                       8.9664910    8.64112  3.63%  5011 3789s
H37615 10384                       8.9664909    8.64112  3.63%  5018 3789s
H37793 10087                       8.9552641    8.64112  3.51%  5028 3789s
 37969 10441    8.81631   36 4484    8.95526    8.64210  3.50%  5049 3905s
 38796 10795     cutoff   50         8.95526    8.64295  3.49%  5147 4020s
H38800 10718                       8.9532415    8.64295  3.47%  5146 4020s
 39748 11209    8.87248   32 4240    8.95324    8.64672  3.42%  5251 4142s
H39868 11182                       8.9522492    8.64672  3.41%  5257 4142s
H40506 11182                       8.9522492    8.64726  3.41%  5320 4142s
 40747 11571     cutoff   34         8.95225    8.64889  3.39%  5348 4271s
 41789 12107    8.82733   35 4409    8.95225    8.65194  3.35%  5458 4408s
H42059 12107                       8.9522482    8.65194  3.35%  5492 4408s
H42512 12107                       8.9522482    8.65194  3.35%  5520 4408s
 42995 12792    8.87206   49 4047    8.95225    8.65393  3.33%  5558 4546s
 44271 13541    8.94134   67 3262    8.95225    8.65667  3.30%  5654 4687s
H44485 13541                       8.9522481    8.65667  3.30%  5667 4687s
H45626 13541                       8.9522429    8.66003  3.26%  5699 4687s
 45743 14287    8.79123   21 4525    8.95224    8.66113  3.25%  5707 4819s
 47064 14942     cutoff   35         8.95224    8.66166  3.25%  5775 4962s
H47065 14942                       8.9522429    8.66166  3.25%  5775 4962s
H47243 14942                       8.9522188    8.66166  3.25%  5790 4962s
H48288 14942                       8.9521957    8.66266  3.23%  5827 4962s
 48460 15850    8.88458   34 1855    8.95220    8.66315  3.23%  5843 5104s
 50179 16692    8.76802   28 3311    8.95220    8.66832  3.17%  5868 5263s
H50545 16692                       8.9521957    8.66909  3.16%  5900 5263s
 51664 17471    8.79763   30 4536    8.95220    8.67022  3.15%  5933 5417s
 52986 18192    8.81658   42 4232    8.95220    8.67150  3.14%  6014 5583s
 54520 19146    8.88304   66 3499    8.95220    8.67313  3.12%  6083 5742s
 56324 19999    8.76466   20 4694    8.95220    8.67520  3.09%  6119 5922s
 57850 20875    8.93794   45 3764    8.95220    8.67520  3.09%  6195 6094s
 59572 21592    8.83838   24 3301    8.95220    8.68003  3.04%  6251 6280s
H60015 21592                       8.9521954    8.68041  3.04%  6271 6280s
H60888 21471                       8.9501874    8.68041  3.01%  6264 6280s
 60979 22768     cutoff   31         8.95019    8.68192  3.00%  6272 6518s
H62196 22768                       8.9501874    8.68269  2.99%  6331 6518s
 63323 23973 infeasible   26         8.95019    8.68455  2.97%  6356 6744s
H63767 23965                       8.9500733    8.68478  2.96%  6368 6744s
H64833 23965                       8.9500721    8.68478  2.96%  6418 6744s
H65617 25284                       8.9490721    8.68561  2.94%  6414 6949s
 67877 25284    8.76469   22 4508    8.94907    8.68924  2.90%  6432 6950s
 67943 26718    8.80990   27 3168    8.94907    8.68924  2.90%  6442 7159s
H68788 26610                       8.9480722    8.68989  2.89%  6434 7159s
 70269 28061    8.78172   23 3362    8.94807    8.68989  2.89%  6464 7368s
H71150 28061                       8.9480596    8.68989  2.89%  6446 7368s
 72772 29465    8.86428   48 3939    8.94806    8.69302  2.85%  6476 7586s
 75082 30635    8.80369   30 4729    8.94806    8.69677  2.81%  6480 7806s
 77836 32053    8.94088   30 3006    8.94806    8.69810  2.79%  6490 8032s
 80419 33779    8.94584   37 1634    8.94806    8.69924  2.78%  6495 8262s
 83245 35349    8.78598   58 3630    8.94806    8.70084  2.76%  6505 8500s
 86113 37040    8.91770   91 2906    8.94806    8.70312  2.74%  6507 8733s
 88986 38228    8.91162   28 4624    8.94806    8.70606  2.70%  6503 9016s
H89229 38208                       8.9479579    8.70609  2.70%  6520 9016s
 91073 40820    8.81808   26 3225    8.94796    8.70743  2.69%  6550 9419s
H91241 40820                       8.9479579    8.70743  2.69%  6551 9419s
 95988 43574     cutoff   78         8.94796    8.70959  2.66%  6554 9712s
 100352 47056    8.92142  328 1054    8.94796    8.71171  2.64%  6510 9965s
*104832 42436            2957       8.9462485    8.71207  2.62%  6375 9965s
H105595 40360                       8.9452485    8.71405  2.58%  6382 10184s
H105784 39140                       8.9406669    8.71405  2.53%  6376 10184s
H105818 38876                       8.9398432    8.71405  2.53%  6379 10184s
H105865 38778                       8.9394937    8.71405  2.52%  6381 10184s
H106311 35258                       8.9283709    8.71405  2.40%  6393 10184s
H108111 34978                       8.9282688    8.71609  2.38%  6349 10422s
H108154 34821                       8.9276837    8.71609  2.37%  6352 10422s
H109414 34805                       8.9276179    8.71689  2.36%  6388 10422s
H110052 35385                       8.9276178    8.71798  2.35%  6406 10673s
H111011 35385                       8.9276178    8.71831  2.34%  6433 10673s
 112230 35925     cutoff   34         8.92762    8.71969  2.33%  6467 10934s
H112324 35925                       8.9276139    8.71969  2.33%  6468 10934s
H112943 35900                       8.9275307    8.71990  2.33%  6487 10934s
H114494 36760                       8.9275284    8.72050  2.32%  6534 11203s
H115494 36759                       8.9275237    8.72110  2.31%  6552 11203s
H116579 36759                       8.9275212    8.72149  2.31%  6579 11203s
 117073 37713     cutoff   34         8.92752    8.72288  2.29%  6590 11491s
 119721 38737    8.79437   22 3677    8.92752    8.72480  2.27%  6655 11791s
 122309 40069    8.77837   38 3261    8.92752    8.72589  2.26%  6731 12169s
 126028 41665    8.85295   26 3235    8.92752    8.72805  2.23%  6799 12517s
 129546 42640     cutoff   39         8.92752    8.72982  2.21%  6854 12871s
H130697 42640                       8.9275207    8.73031  2.21%  6875 12871s
 132512 43650    8.79858   24 4480    8.92752    8.73232  2.19%  6915 13226s
 135567 44803     cutoff   42         8.92752    8.73465  2.16%  6973 13583s
 138523 48301    8.80118   28 3166    8.92752    8.73598  2.15%  7039 13940s
H138696 48301                       8.9275207    8.73598  2.15%  7043 13940s
H139970 48301                       8.9275207    8.73598  2.15%  7002 13940s
 143655 50386    8.81752   27 4655    8.92752    8.73772  2.13%  6967 14250s
H143745 50386                       8.9275206    8.73772  2.13%  6968 14250s
 147633 51220    8.80457   46 3977    8.92752    8.73949  2.11%  6956 14539s
 150451 52371    8.83078   26 3287    8.92752    8.74093  2.09%  6999 14845s
 154068 53011    8.90216   33 4388    8.92752    8.74212  2.08%  7011 15122s
 156551 53534    8.85955   31 3006    8.92752    8.74438  2.05%  7053 15445s
 159072 54480     cutoff   35         8.92752    8.74502  2.04%  7111 15777s
 161865 55363    8.88931   37 3754    8.92752    8.74629  2.03%  7167 16129s
 164749 56263    8.83330   26 3303    8.92752    8.74762  2.02%  7227 16486s
 167893 57183     cutoff   35         8.92752    8.74936  2.00%  7274 16836s
 170917 58110    8.92036   27 4311    8.92752    8.75086  1.98%  7327 17203s
 174076 58991    8.88807   43 3943    8.92752    8.75221  1.96%  7375 17576s
 177368 59612    8.90121   36 3059    8.92752    8.75438  1.94%  7418 17943s
 180469 60281     cutoff   36         8.92752    8.75553  1.93%  7467 18256s
 183457 60836    8.76436   96 3361    8.92752    8.75635  1.92%  7498 18591s
H183810 60836                       8.9275201    8.75684  1.91%  7501 18591s
 185964 61590    8.82143   25 3467    8.92752    8.75784  1.90%  7532 18973s
 188817 62576    8.92694   33 2912    8.92752    8.75872  1.89%  7572 19376s
 192430 63421    8.86562   26 3370    8.92752    8.75996  1.88%  7615 19778s
 195962 64047    8.81542   32 3317    8.92752    8.76191  1.86%  7653 20162s
 199319 64830    8.81532   24 4301    8.92752    8.76265  1.85%  7695 20558s
 202419 65835    8.92127   35 3259    8.92752    8.76402  1.83%  7735 20945s
 205810 66823    8.89404   26 4414    8.92752    8.76536  1.82%  7765 21344s
 209235 68136    8.89540   28 4145    8.92752    8.76679  1.80%  7797 21730s
 213254 68995    8.92488   35 2881    8.92752    8.76724  1.80%  7807 22057s
 216056 69723    8.89645   33 3327    8.92752    8.76866  1.78%  7818 22435s
 219287 70500    8.88748   28 1770    8.92752    8.76982  1.77%  7854 22815s
 222543 71435    8.86432   34 2859    8.92752    8.77099  1.75%  7881 23198s
 225796 72159     cutoff   28         8.92752    8.77237  1.74%  7915 23581s
 229053 72622     cutoff   33         8.92752    8.77330  1.73%  7946 24014s
 231283 73567    8.90768   79 3314    8.92752    8.77382  1.72%  7957 24422s
 234880 74404     cutoff   25         8.92752    8.77463  1.71%  7981 24811s
 238185 74977    8.84565   41 3989    8.92752    8.77567  1.70%  8015 25208s
H239170 74976                       8.9275147    8.77583  1.70%  8025 25208s
 241024 75951    8.89216   25 4296    8.92751    8.77659  1.69%  8039 25610s
 244668 76707     cutoff   32         8.92751    8.77733  1.68%  8063 25962s
 247692 77479     cutoff   29         8.92751    8.77854  1.67%  8084 26313s
H247694 77479                       8.9275142    8.77854  1.67%  8084 26313s
H247782 77479                       8.9275141    8.77854  1.67%  8084 26313s
H249103 77479                       8.9275136    8.77870  1.67%  8089 26313s
H249606 77479                       8.9275130    8.77870  1.67%  8092 26313s
H250158 77479                       8.9275123    8.77878  1.67%  8098 26313s
 250498 78347     cutoff   35         8.92751    8.77907  1.66%  8100 26702s
H251982 78347                       8.9275123    8.77933  1.66%  8111 26702s
H252171 78347                       8.9275118    8.77933  1.66%  8113 26702s
 253795 79220    8.88222   28 3186    8.92751    8.77972  1.66%  8129 27112s
H254462 79220                       8.9275118    8.77972  1.66%  8133 27112s
H255238 79220                       8.9275118    8.77986  1.65%  8139 27112s
 257365 81041    8.88006  109 3121    8.92751    8.78070  1.64%  8150 27501s
H257909 81041                       8.9275115    8.78089  1.64%  8152 27501s
H258120 81041                       8.9275112    8.78089  1.64%  8150 27501s
 261948 81696    8.92113   34 2851    8.92751    8.78182  1.63%  8138 27832s
H262051 81696                       8.9275111    8.78182  1.63%  8139 27832s
H263175 81695                       8.9275105    8.78182  1.63%  8149 27832s
 264928 82315    8.92646   30 3051    8.92751    8.78231  1.63%  8159 28175s
 267831 83152     cutoff   54         8.92751    8.78296  1.62%  8183 28523s
 271023 83965    8.91184   34 2855    8.92751    8.78392  1.61%  8200 28876s
 274302 84768    8.89720   37 2783    8.92751    8.78471  1.60%  8216 29205s
 277286 85520     cutoff   84         8.92751    8.78555  1.59%  8232 29572s
 280788 86425     cutoff   31         8.92751    8.78655  1.58%  8249 29922s
H281322 86425                       8.9275104    8.78664  1.58%  8250 29922s
H281967 86425                       8.9275103    8.78664  1.58%  8251 29922s
H282439 86425                       8.9275103    8.78664  1.58%  8251 29922s
 283844 88631    8.92537   40 4255    8.92751    8.78693  1.57%  8259 30277s
 288202 90536     cutoff   37         8.92751    8.78784  1.56%  8230 30603s
 292416 91124    8.84999   30 3325    8.92751    8.78843  1.56%  8208 30916s
 295175 91828    8.92382   87 1842    8.92751    8.78905  1.55%  8223 31240s
 298136 92698     cutoff   40         8.92751    8.78992  1.54%  8235 31569s
 301233 93306     cutoff   32         8.92751    8.79061  1.53%  8247 31898s
 304034 95153    8.92428   57 3721    8.92751    8.79126  1.53%  8268 32252s
 308364 95746     cutoff   28         8.92751    8.79177  1.52%  8248 32519s
 310853 96667     cutoff   61         8.92751    8.79207  1.52%  8255 32801s
 313823 97673     cutoff   30         8.92751    8.79292  1.51%  8259 33085s
 316689 98370    8.91284   50 4187    8.92751    8.79331  1.50%  8263 33389s
 319602 99581    8.91245   46 4222    8.92751    8.79394  1.50%  8272 33702s
 323063 101931    8.86604   44 4188    8.92751    8.79445  1.49%  8265 34004s
 327555 103258     cutoff  118         8.92751    8.79495  1.48%  8234 34278s
 330492 103652    8.88428  212 2180    8.92751    8.79532  1.48%  8218 34557s
 333170 104158    8.89900   29 2968    8.92751    8.79597  1.47%  8226 34889s
 336092 104871     cutoff   39         8.92751    8.79634  1.47%  8242 35260s
 339404 105530    8.84282   38 4057    8.92751    8.79683  1.46%  8256 35626s
 342656 106533    8.92322   43 4210    8.92751    8.79708  1.46%  8269 36002s
 346415 107110    8.91442   33 3029    8.92751    8.79820  1.45%  8276 36354s
 349532 107881     cutoff  151         8.92751    8.79876  1.44%  8291 36706s
H350030 107881                       8.9275103    8.79881  1.44%  8291 36706s
H350936 107880                       8.9275087    8.79885  1.44%  8293 36706s
 352743 108825     cutoff   36         8.92751    8.79921  1.44%  8298 37060s
H352745 108825                       8.9275086    8.79921  1.44%  8298 37060s
H352835 108825                       8.9275082    8.79921  1.44%  8298 37060s
H352916 108825                       8.9275063    8.79921  1.44%  8299 37060s
H352979 108825                       8.9275062    8.79921  1.44%  8300 37060s
 356022 110700     cutoff   27         8.92751    8.79980  1.43%  8298 37415s
H356301 110700                       8.9275062    8.79980  1.43%  8299 37415s
 360667 111757     cutoff   58         8.92751    8.80019  1.43%  8279 37733s
 364054 112761     cutoff   33         8.92751    8.80078  1.42%  8281 38190s
 366463 115006     cutoff   26         8.92751    8.80104  1.42%  8275 38638s
 372072 115972    8.87234  187 2328    8.92751    8.80168  1.41%  8258 38951s
 375369 118194    8.91748   31 3274    8.92751    8.80212  1.40%  8260 39260s
 380002 121128     cutoff   27         8.92751    8.80255  1.40%  8233 39546s
H380613 121128                       8.9275056    8.80263  1.40%  8229 39546s
 385046 122568     cutoff   38         8.92751    8.80284  1.40%  8192 39791s
H385047 122568                       8.9275056    8.80284  1.40%  8192 39791s
H386052 122568                       8.9275056    8.80296  1.40%  8192 39791s
H387138 122568                       8.9275056    8.80296  1.40%  8172 39791s
H387442 122568                       8.9275054    8.80296  1.40%  8172 39791s
 387775 125165    8.92610   43 3872    8.92751    8.80326  1.39%  8175 40054s
H388319 125165                       8.9275053    8.80328  1.39%  8170 40054s
 392298 127335    8.88468   31 4404    8.92751    8.80352  1.39%  8137 40279s
 396167 129871     cutoff   50         8.92751    8.80373  1.39%  8108 40608s
H398380 129871                       8.9275053    8.80394  1.38%  8083 40608s
 401265 130480    8.88453  185 2356    8.92751    8.80424  1.38%  8081 40823s
H402009 130480                       8.9275053    8.80424  1.38%  8077 40823s
H402172 130480                       8.9275044    8.80431  1.38%  8078 40823s
 403528 132713     cutoff   32         8.92750    8.80466  1.38%  8081 41066s
 407862 134090    8.89530   32 3411    8.92750    8.80498  1.37%  8050 41278s
 410870 135565     cutoff   36         8.92750    8.80509  1.37%  8037 41499s
 413940 138584     cutoff   37         8.92750    8.80550  1.37%  8026 41730s
 418582 139714     cutoff   29         8.92750    8.80572  1.36%  7985 41938s
 421245 140988     cutoff   37         8.92750    8.80614  1.36%  7978 42153s
H421450 140986                       8.9275006    8.80614  1.36%  7979 42153s
 423929 141875     cutoff   29         8.92750    8.80629  1.36%  7971 42375s
H423930 141875                       8.9275006    8.80629  1.36%  7971 42375s
H423930 141875                       8.9274991    8.80629  1.36%  7971 42375s
H423970 141875                       8.9274991    8.80635  1.36%  7972 42375s
 426042 144797     cutoff   28         8.92750    8.80653  1.36%  7967 42699s
H426043 144797                       8.9274991    8.80653  1.36%  7967 42699s
H426868 144797                       8.9274991    8.80656  1.35%  7965 42699s
 431605 150427     cutoff   31         8.92750    8.80695  1.35%  7934 42916s
 438638 152555    8.92015   60 2583    8.92750    8.80718  1.35%  7848 43047s
 441740 155079    8.89204   44 2480    8.92750    8.80739  1.35%  7819 43184s
 445635 156375    8.91556   26 3296    8.92750    8.80759  1.34%  7779 43314s
 447920 157305    8.88264  188 2315    8.92750    8.80773  1.34%  7763 43456s
 450006 158663     cutoff   70         8.92750    8.80778  1.34%  7754 43602s
 452635 161437     cutoff  143         8.92750    8.80795  1.34%  7738 43762s
 456597 164406    8.90072  130 2773    8.92750    8.80813  1.34%  7701 44096s
 462475 165794     cutoff   33         8.92750    8.80840  1.33%  7668 44276s
 465277 168381    8.90724   40 3904    8.92750    8.80870  1.33%  7657 44469s
 469591 168972    8.89649   41 4365    8.92750    8.80891  1.33%  7624 44648s
 471545 172096     cutoff   57         8.92750    8.80916  1.33%  7622 44844s
 476299 175838    8.81334  133 2632    8.92750    8.80938  1.32%  7582 45020s
H478657 175838                       8.9274991    8.80944  1.32%  7557 45020s
 481784 177375     cutoff   68         8.92750    8.80962  1.32%  7528 45167s
 484589 178661     cutoff   50         8.92750    8.80970  1.32%  7512 45316s
 486661 182307    8.89844   24 4754    8.92750    8.80970  1.32%  7498 45623s
 492568 184396     cutoff  131         8.92750    8.81005  1.32%  7465 45796s
 496143 186480    8.89648   38 3088    8.92750    8.81018  1.31%  7445 45963s
 499565 190244     cutoff   36         8.92750    8.81048  1.31%  7426 46135s
 504921 193471    8.84097   34 3281    8.92750    8.81067  1.31%  7380 46277s
 509711 194411    8.90104   82 3396    8.92750    8.81079  1.31%  7341 46404s
 509972 194411     cutoff   33         8.92750    8.81079  1.31%  7339 46405s
 511773 195809    8.86606   35 4383    8.92750    8.81092  1.31%  7334 46539s
 514423 198586    8.89677   26 4517    8.92750    8.81092  1.31%  7324 46683s
 518558 202234    8.81560  133 2542    8.92750    8.81116  1.30%  7293 46978s
 525562 205491     cutoff   47         8.92750    8.81140  1.30%  7252 47135s
 530039 209834    8.88428  205 1936    8.92750    8.81159  1.30%  7216 47269s
 535581 213089    8.81681  136 2749    8.92750    8.81174  1.30%  7165 47376s
H536371 213089                       8.9274990    8.81174  1.30%  7159 47376s
H536698 213089                       8.9274990    8.81174  1.30%  7156 47376s
 539950 217186     cutoff  137         8.92750    8.81174  1.30%  7128 47486s
 545284 218962    8.92635  211 2085    8.92750    8.81187  1.30%  7078 47575s
 547905 225590    8.89918   30 3201    8.92750    8.81198  1.29%  7059 47859s
 557431 226485    8.91499   33 3196    8.92750    8.81220  1.29%  6991 47964s
 559139 229681    8.83664  154 2453    8.92750    8.81220  1.29%  6987 48085s
 563722 230947     cutoff   27         8.92750    8.81247  1.29%  6951 48186s
 565908 232882    8.82436  136 2667    8.92750    8.81263  1.29%  6942 48314s
 569052 235126    8.88457   26 4534    8.92750    8.81275  1.29%  6923 48427s
 572551 238956     cutoff   40         8.92750    8.81284  1.28%  6901 48541s
 577784 246292     cutoff   28         8.92750    8.81291  1.28%  6861 48828s
 588043 250393     cutoff  137         8.92750    8.81315  1.28%  6793 48939s
 593207 251642    8.91791  274 1558    8.92750    8.81326  1.28%  6752 49023s
H594384 251642                       8.9274989    8.81327  1.28%  6745 49023s
 595266 253397     cutoff   31         8.92750    8.81333  1.28%  6741 49108s
 597689 257316     cutoff   29         8.92750    8.81337  1.28%  6724 49210s
 602617 263652     cutoff   75         8.92750    8.81343  1.28%  6686 49308s
 609854 273841    8.86591   27 4629    8.92750    8.81343  1.28%  6621 49591s
 623402 276548    8.92559   46 4184    8.92750    8.81362  1.28%  6524 49660s
 626887 277852    8.85737   31 3172    8.92750    8.81374  1.27%  6499 49736s
H628305 277852                       8.9274989    8.81376  1.27%  6492 49736s
 628870 278830    8.81925  141 2417    8.92750    8.81376  1.27%  6488 49818s
 630723 280029    8.87404   30 4578    8.92750    8.81384  1.27%  6481 49905s
H630784 280029                       8.9274989    8.81384  1.27%  6482 49905s
 632682 281467    8.81780  137 2759    8.92750    8.81388  1.27%  6473 50003s
 635103 283249    8.91402  133 2384    8.92750    8.81394  1.27%  6463 50103s
 637823 287275     cutoff   39         8.92750    8.81403  1.27%  6450 50209s
 642614 297154    8.92056   36 2981    8.92750    8.81406  1.27%  6418 50477s
 655432 300527    8.81838  144 2491    8.92750    8.81421  1.27%  6333 50550s
 659598 302477     cutoff   28         8.92750    8.81430  1.27%  6305 50628s
 662452 303576     cutoff  225         8.92750    8.81439  1.27%  6289 50706s
 664343 304962     cutoff   29         8.92750    8.81439  1.27%  6281 50788s
 666625 306311    8.81754  135 2798    8.92750    8.81453  1.27%  6271 50873s
 668720 307687    8.89441   26 3591    8.92750    8.81457  1.26%  6264 50962s
 671121 310903    8.90371   34 3206    8.92750    8.81466  1.26%  6255 51064s
 675507 321101    8.83983  160 2134    8.92750    8.81470  1.26%  6231 51326s
 688364 322259    8.90056   81 3409    8.92750    8.81485  1.26%  6155 51394s
 690224 323258    8.92663   29 4315    8.92750    8.81489  1.26%  6148 51469s
 691847 324099    8.87744   34 3350    8.92750    8.81499  1.26%  6144 51560s
 693395 325853     cutoff  110         8.92750    8.81502  1.26%  6141 51662s
 696108 328187    8.88948  203 1974    8.92750    8.81508  1.26%  6131 51765s
 699740 330414    8.82235  144 2331    8.92750    8.81520  1.26%  6116 51860s
 703147 332780    8.90273  218 1943    8.92750    8.81524  1.26%  6100 51952s
H704832 332780                       8.9274987    8.81524  1.26%  6094 51952s
 706574 339431    8.87823  183 2269    8.92750    8.81524  1.26%  6085 52196s
H713634 339431                       8.9274987    8.81534  1.26%  6052 52196s
 715877 343305    8.82441  146 2288    8.92750    8.81535  1.26%  6042 52292s
H717486 343305                       8.9274986    8.81535  1.26%  6029 52292s
 720755 345417     cutoff  137         8.92750    8.81553  1.25%  6013 52381s
 723865 347471    8.86691  180 2324    8.92750    8.81555  1.25%  5999 52461s
 726964 349654     cutoff   27         8.92750    8.81559  1.25%  5986 52557s
 730197 350780    8.92428   68 3565    8.92750    8.81570  1.25%  5972 52644s
 730615 350780     cutoff  256         8.92750    8.81574  1.25%  5971 52645s
 732136 354175     cutoff  127         8.92750    8.81581  1.25%  5968 52739s
 736411 362296    8.87544   34 4356    8.92750    8.81585  1.25%  5946 53009s
 747227 363656    8.83563  160 2528    8.92750    8.81601  1.25%  5894 53091s
 749459 365787    8.82526  146 2336    8.92750    8.81606  1.25%  5887 53178s
 752515 367582    8.92633  243 1900    8.92750    8.81610  1.25%  5875 53265s
 755215 369443    8.88539   31 4566    8.92750    8.81612  1.25%  5865 53351s
 758187 371837     cutoff  146         8.92750    8.81618  1.25%  5856 53445s
 761786 374193    8.91457  238 1940    8.92750    8.81630  1.25%  5842 53533s
 765122 376609    8.91837   30 2923    8.92750    8.81636  1.24%  5829 53634s
 768607 384798     cutoff  141         8.92750    8.81646  1.24%  5815 53876s
 779412 386815     cutoff   33         8.92750    8.81660  1.24%  5768 53952s
 782441 391310     cutoff   25         8.92750    8.81669  1.24%  5757 54031s
 788126 395457     cutoff  238         8.92750    8.81669  1.24%  5725 54103s
 793066 397445    8.82103  139 2654    8.92750    8.81669  1.24%  5698 54162s
 795721 398945    8.92262  243 1901    8.92750    8.81669  1.24%  5687 54228s
 797925 406637     cutoff   29         8.92750    8.81679  1.24%  5680 54470s
 808770 409950    8.83768  151 2252    8.92750    8.81698  1.24%  5638 54553s
 813098 413918    8.92716  277 1802    8.92750    8.81699  1.24%  5618 54624s
 817627 416428    8.82308  135 2858    8.92750    8.81701  1.24%  5596 54694s
 820821 417787     cutoff  171         8.92750    8.81705  1.24%  5580 54757s
 822941 418888    8.89092   29 3215    8.92750    8.81709  1.24%  5573 54831s
 824846 420876     cutoff   30         8.92750    8.81718  1.24%  5569 54905s
 827485 432070    8.86422  180 2296    8.92750    8.81720  1.24%  5561 55129s
 841072 433681     cutoff  137         8.92750    8.81730  1.23%  5499 55187s
 843263 433975    8.92705  249 1809    8.92750    8.81735  1.23%  5493 55395s
 843666 438446    8.82209  141 2492    8.92750    8.81738  1.23%  5491 55466s
 848780 442582    8.82352  145 2426    8.92750    8.81738  1.23%  5466 55529s
 853582 444904    8.86455  180 2234    8.92750    8.81738  1.23%  5442 55591s
 856558 451380    8.89769   30 3362    8.92750    8.81749  1.23%  5430 55820s
 865759 456380     cutoff   35         8.92750    8.81762  1.23%  5402 55904s
 871685 458110    8.92196   32 3763    8.92750    8.81768  1.23%  5375 55974s
 874274 460711     cutoff   29         8.92750    8.81769  1.23%  5368 56045s
 877661 462629    8.91605  132 2815    8.92750    8.81775  1.23%  5356 56117s
 880600 466532    8.88467  197 2239    8.92750    8.81780  1.23%  5346 56188s
 885478 476859     cutoff  235         8.92750    8.81781  1.23%  5327 56406s
H886118 476859                       8.9274986    8.81785  1.23%  5325 56406s
 898253 478278    8.89113   67 3749    8.92750    8.81788  1.23%  5276 56473s
 900244 482057     cutoff   78         8.92750    8.81794  1.23%  5271 56541s
 904624 484528    8.87322  177 2080    8.92750    8.81794  1.23%  5252 56610s
H905275 484528                       8.9274985    8.81794  1.23%  5249 56610s
H907577 484528                       8.9274985    8.81803  1.23%  5241 56610s
 907755 485312    8.82241  145 2271    8.92750    8.81803  1.23%  5240 56669s
 908967 487992    8.85795  171 2111    8.92750    8.81805  1.23%  5236 56742s
H910510 487992                       8.9274982    8.81805  1.23%  5230 56742s
 912383 489569     cutoff   33         8.92750    8.81810  1.23%  5224 56817s
 914858 495811    8.89774   33 3049    8.92750    8.81816  1.22%  5217 57026s
 923750 497687     cutoff   28         8.92750    8.81818  1.22%  5194 57109s
 926575 499566    8.83142  156 2412    8.92750    8.81826  1.22%  5187 57194s
 929381 501630    8.91618  234 1956    8.92750    8.81833  1.22%  5182 57283s
 932642 503594 infeasible  121         8.92750    8.81836  1.22%  5174 57368s
 935854 508382    8.90168   33 4355    8.92750    8.81836  1.22%  5167 57458s
 941788 512077     cutoff   42         8.92750    8.81847  1.22%  5145 57537s
 946597 517723    8.82257  138 2710    8.92750    8.81854  1.22%  5128 57756s
 955132 521485     cutoff  145         8.92750    8.81869  1.22%  5107 57842s
 959957 523582     cutoff  243         8.92750    8.81872  1.22%  5091 57911s
 963085 527029     cutoff   35         8.92750    8.81873  1.22%  5082 57984s
 967372 530011     cutoff  139         8.92750    8.81873  1.22%  5069 58055s
 971526 531661    8.92631  244 1898    8.92750    8.81881  1.22%  5055 58123s
 974254 534825     cutoff   98         8.92750    8.81888  1.22%  5049 58192s
 978375 542613    8.91918   30 4138    8.92750    8.81891  1.22%  5036 58396s
 989228 544532    8.82261  140 2486    8.92750    8.81899  1.22%  5004 58462s
 992059 547360     cutoff   25         8.92750    8.81904  1.21%  4998 58535s
 995791 550236    8.90357   25 3443    8.92750    8.81904  1.21%  4986 58605s
 999379 552415    8.84988  166 2236    8.92750    8.81911  1.21%  4975 58677s
 1002467 555576    8.91046   28 3317    8.92750    8.81917  1.21%  4967 58745s
 1006368 558222    8.89817  200 2153    8.92750    8.81918  1.21%  4955 58808s
 1010065 568124    8.82664  141 2519    8.92750    8.81923  1.21%  4944 59007s
 1022505 569870     cutoff   29         8.92750    8.81932  1.21%  4906 59064s
 1024975 571543     cutoff   27         8.92750    8.81934  1.21%  4900 59124s
 1027681 573520    8.89383   29 2967    8.92750    8.81939  1.21%  4894 59191s
 1030473 575965     cutoff  135         8.92750    8.81942  1.21%  4887 59257s
 1033959 578529    8.85818   59 4136    8.92750    8.81946  1.21%  4878 59325s
 1037312 581369     cutoff   66         8.92750    8.81950  1.21%  4868 59394s
 1041020 589604    8.89469   26 3361    8.92750    8.81951  1.21%  4858 59593s
 1052093 590777    8.82290  143 2342    8.92750    8.81962  1.21%  4828 59655s
 1053907 592323    8.89459   31 3296    8.92750    8.81965  1.21%  4826 59724s
 1056202 594058    8.82686  146 2559    8.92750    8.81966  1.21%  4821 59802s
 1058919 597748    8.82467  142 2722    8.92750    8.81973  1.21%  4817 59884s
 1063711 601052    8.89115  237 1698    8.92750    8.81973  1.21%  4803 59955s
 1067841 603866    8.89463   28 3033    8.92750    8.81980  1.21%  4791 60025s
 1071584 611537     cutoff  243         8.92750    8.81982  1.21%  4781 60223s
 1082162 613874 infeasible  271         8.92750    8.81993  1.20%  4755 60295s
 1085471 615942    8.88704   34 4206    8.92750    8.81995  1.20%  4746 60367s
 1088392 618560     cutoff  145         8.92750    8.81995  1.20%  4740 60435s
 1092074 620483    8.86974   22 3570    8.92750    8.81995  1.20%  4731 60501s
 1094921 621612     cutoff   34         8.92750    8.82004  1.20%  4725 60572s
 1096664 622504     cutoff   35         8.92750    8.82004  1.20%  4721 60641s
 1098359 623954    8.82465  149 2420    8.92750    8.82010  1.20%  4719 60729s
 1100740 629753     cutoff   39         8.92750    8.82010  1.20%  4716 60910s
 1108997 633194     cutoff   30         8.92750    8.82022  1.20%  4700 60992s
 1113603 636446    8.89824  240 1838    8.92750    8.82026  1.20%  4689 61063s
 1117945 640107     cutoff   32         8.92750    8.82028  1.20%  4678 61129s
 1122689 643668    8.82627  141 2752    8.92750    8.82028  1.20%  4665 61187s
 1127141 645835     cutoff  139         8.92750    8.82031  1.20%  4654 61245s
 1130284 651818    8.86765   28 3397    8.92750    8.82031  1.20%  4646 61430s
 1139185 655641     cutoff   28         8.92750    8.82042  1.20%  4629 61503s
 1143780 659549     cutoff  136         8.92750    8.82042  1.20%  4618 61573s
 1148765 661011    8.91614   25 3541    8.92750    8.82047  1.20%  4605 61638s
 1151035 662917    8.90881   25 3431    8.92750    8.82052  1.20%  4601 61704s
 1154069 665662    8.91042   53 3779    8.92750    8.82053  1.20%  4595 61768s
 1157653 669125    8.85104  172 2211    8.92750    8.82057  1.20%  4588 61830s
 1162065 676183    8.89751   35 3565    8.92750    8.82060  1.20%  4577 62011s
H1169603 676173                       8.9274940    8.82062  1.20%  4560 62011s
 1171816 678863     cutoff  225         8.92749    8.82068  1.20%  4555 62084s
H1172229 678853                       8.9274911    8.82068  1.20%  4554 62084s
H1172880 678853                       8.9274903    8.82070  1.20%  4553 62084s
 1175227 681977    8.83483  159 2082    8.92749    8.82072  1.20%  4546 62150s
H1175355 681977                       8.9274903    8.82072  1.20%  4546 62150s
H1176066 681970                       8.9274842    8.82072  1.20%  4544 62150s
H1176074 681968                       8.9274818    8.82072  1.20%  4544 62150s
H1176271 681968                       8.9274818    8.82072  1.20%  4544 62150s
 1179040 685476    8.85906   31 4460    8.92748    8.82072  1.20%  4537 62213s
H1180767 685476                       8.9274811    8.82075  1.20%  4532 62213s
 1183427 688141    8.91653   46 3990    8.92748    8.82075  1.20%  4527 62272s
 1186922 691456     cutoff   46         8.92748    8.82080  1.19%  4518 62331s
 1191138 697980     cutoff   29         8.92748    8.82083  1.19%  4508 62514s
 1200336 701045     cutoff   33         8.92748    8.82087  1.19%  4490 62584s
 1204175 706149     cutoff   34         8.92748    8.82089  1.19%  4481 62650s
 1209984 709858    8.90509   27 4564    8.92748    8.82095  1.19%  4465 62707s
 1214555 712069     cutoff   30         8.92748    8.82096  1.19%  4454 62759s
 1217461 714574     cutoff  144         8.92748    8.82096  1.19%  4448 62812s
 1220649 724958     cutoff   40         8.92748    8.82102  1.19%  4441 62988s
 1233597 728155    8.88122  194 2138    8.92748    8.82106  1.19%  4411 63038s
 1237407 730961    8.92697  233 1953    8.92748    8.82109  1.19%  4401 63088s
 1240973 732635    8.85036  161 2212    8.92748    8.82112  1.19%  4393 63134s
 1243568 734599    8.82673  144 2581    8.92748    8.82112  1.19%  4389 63189s
 1246313 737269    8.82421  143 2725    8.92748    8.82119  1.19%  4383 63250s
 1249628 743549    8.86596  184 2277    8.92748    8.82119  1.19%  4376 63431s
 1258750 746421    8.91288  222 1937    8.92748    8.82127  1.19%  4361 63500s
 1262703 749362    8.87223   26 3422    8.92748    8.82133  1.19%  4353 63568s
 1266712 751582    8.85488  169 2258    8.92748    8.82137  1.19%  4345 63634s
 1270013 754142    8.82531  148 2427    8.92748    8.82137  1.19%  4340 63693s
 1273551 757451     cutoff  146         8.92748    8.82141  1.19%  4333 63754s
 1277799 760572    8.87003  182 2223    8.92748    8.82145  1.19%  4324 63815s
 1281937 769439    8.88238  187 2177    8.92748    8.82146  1.19%  4315 63987s
 1293741 772613    8.92587  259 1806    8.92748    8.82155  1.19%  4293 64039s
H1293928 772613                       8.9274811    8.82155  1.19%  4292 64039s
 1297423 775299     cutoff   67         8.92748    8.82157  1.19%  4284 64096s
H1297522 775299                       8.9274810    8.82157  1.19%  4284 64096s
H1298022 775299                       8.9274810    8.82157  1.19%  4283 64096s
 1300559 778272     cutoff  232         8.92748    8.82157  1.19%  4277 64148s
H1303794 778271                       8.9274808    8.82158  1.19%  4269 64148s
 1304133 780489     cutoff   29         8.92748    8.82159  1.19%  4269 64197s
H1304385 780477                       8.9274740    8.82159  1.19%  4268 64197s
 1306902 782880     cutoff  138         8.92747    8.82159  1.19%  4263 64250s
H1307401 782878                       8.9274721    8.82159  1.19%  4262 64250s
H1308604 782878                       8.9274718    8.82159  1.19%  4260 64250s
 1310043 784587    8.88397   36 4291    8.92747    8.82160  1.19%  4257 64308s
H1311631 784587                       8.9274717    8.82160  1.19%  4254 64308s
 1312410 791947    8.90173   50 4041    8.92747    8.82161  1.19%  4253 64477s
 1322300 794194     cutoff   28         8.92747    8.82164  1.19%  4235 64538s
 1325445 798795    8.82898  144 2571    8.92747    8.82164  1.19%  4230 64609s
 1331171 802649     cutoff  210         8.92747    8.82172  1.18%  4217 64660s
 1335883 805012     cutoff  228         8.92747    8.82173  1.18%  4207 64706s
 1339016 808322    8.82792  149 2389    8.92747    8.82177  1.18%  4200 64752s
 1343045 814649    8.90797   28 3296    8.92747    8.82177  1.18%  4192 64915s
 1352179 818367     cutoff   31         8.92747    8.82186  1.18%  4179 64979s
 1356864 819601    8.92718   38 2276    8.92747    8.82186  1.18%  4169 65036s
H1358163 819601                       8.9274716    8.82186  1.18%  4168 65036s
 1358684 821462    8.91230  228 1966    8.92747    8.82186  1.18%  4167 65096s
H1359141 821462                       8.9274716    8.82186  1.18%  4167 65096s
 1361218 823890    8.82850  140 2420    8.92747    8.82190  1.18%  4163 65165s
 1364394 825723     cutoff  144         8.92747    8.82193  1.18%  4158 65229s
H1367128 829036                       8.9274714    8.82193  1.18%  4154 65307s
H1368198 829036                       8.9274714    8.82194  1.18%  4152 65307s
H1368302 829036                       8.9274714    8.82194  1.18%  4152 65307s
H1371455 832982                       8.9274714    8.82200  1.18%  4147 65376s
 1376472 841377    8.90426  210 2012    8.92747    8.82202  1.18%  4137 65537s
H1383968 841377                       8.9274713    8.82203  1.18%  4123 65537s
H1387541 843561                       8.9274713    8.82207  1.18%  4117 65594s
H1387600 843560                       8.9274710    8.82207  1.18%  4117 65595s
H1388662 843560                       8.9274708    8.82207  1.18%  4115 65595s
 1390649 845382     cutoff   97         8.92747    8.82208  1.18%  4112 65650s
 1393315 846902    8.91219   80 3387    8.92747    8.82208  1.18%  4108 65709s
 1395756 848586     cutoff  140         8.92747    8.82214  1.18%  4106 65765s
 1398368 852468    8.84190  168 2400    8.92747    8.82215  1.18%  4103 65828s
 1403319 855659     cutoff  148         8.92747    8.82216  1.18%  4094 65887s
 1407674 863132    8.87849  177 2200    8.92747    8.82218  1.18%  4086 66052s
H1407988 863132                       8.9274708    8.82218  1.18%  4085 66053s
H1408207 863132                       8.9274707    8.82218  1.18%  4085 66053s
 1417637 864907     cutoff  149         8.92747    8.82223  1.18%  4069 66109s
 1420200 868162    8.89209   35 3353    8.92747    8.82223  1.18%  4065 66171s
 1424427 871891    8.92541   50 2736    8.92747    8.82228  1.18%  4058 66231s
 1429011 874810    8.82464  146 2503    8.92747    8.82234  1.18%  4049 66286s
H1429727 874810                       8.9274706    8.82234  1.18%  4048 66286s
 1432904 877170     cutoff   32         8.92747    8.82234  1.18%  4043 66333s
H1432913 877170                       8.9274706    8.82234  1.18%  4043 66333s
H1434587 877170                       8.9274706    8.82236  1.18%  4041 66333s
 1436264 879076     cutoff   32         8.92747    8.82236  1.18%  4038 66383s
H1436335 879076                       8.9274705    8.82236  1.18%  4038 66383s
 1439142 887532     cutoff   31         8.92747    8.82239  1.18%  4034 66560s
 1450461 889790    8.83926  163 2331    8.92747    8.82241  1.18%  4016 66609s
 1453474 892776    8.88981  223 1886    8.92747    8.82243  1.18%  4012 66660s
 1457278 895035    8.82834  150 2249    8.92747    8.82243  1.18%  4005 66711s
 1460570 897017    8.82925  144 2605    8.92747    8.82249  1.18%  4001 66764s
 1463327 899707    8.90150  214 2005    8.92747    8.82249  1.18%  3997 66825s
 1466733 902158     cutoff  148         8.92747    8.82249  1.18%  3992 66889s
 1469872 909854     cutoff  160         8.92747    8.82253  1.18%  3987 67048s
 1480515 912913    8.87826  199 1986    8.92747    8.82259  1.17%  3971 67102s
 1484279 918351    8.92250  340 1537    8.92747    8.82261  1.17%  3965 67152s
 1490601 921092    8.92495  143 2567    8.92747    8.82261  1.17%  3952 67199s
 1494089 922694     cutoff  155         8.92747    8.82263  1.17%  3946 67245s
 1496425 925098     cutoff  146         8.92747    8.82263  1.17%  3943 67290s
 1499229 935267    8.87285  197 1921    8.92747    8.82266  1.17%  3938 67447s
 1512218 937538    8.85757  170 2276    8.92747    8.82271  1.17%  3917 67492s
 1515295 940678    8.87991  193 2080    8.92747    8.82273  1.17%  3913 67540s
 1519086 943168    8.88801  199 2083    8.92747    8.82273  1.17%  3906 67581s
 1522434 946155    8.91474  230 2011    8.92747    8.82274  1.17%  3901 67623s
 1526140 948914     cutoff   29         8.92747    8.82274  1.17%  3895 67669s
 1529580 963035     cutoff   29         8.92747    8.82274  1.17%  3889 67823s
 1545975 965323     cutoff  231         8.92747    8.82281  1.17%  3860 67863s
 1548944 966268    8.82872  144 2563    8.92747    8.82282  1.17%  3855 67898s
 1550529 967447    8.89894  209 2208    8.92747    8.82283  1.17%  3854 67935s
H1550774 967447                       8.9274702    8.82283  1.17%  3854 67935s
 1552135 969364     cutoff  133         8.92747    8.82285  1.17%  3852 67983s
H1552136 969364                       8.9274702    8.82285  1.17%  3852 67983s
 1554631 972033    8.90244   23 4711    8.92747    8.82285  1.17%  3848 68027s
H1556798 972033                       8.9274700    8.82285  1.17%  3845 68028s
 1558119 974349     cutoff   27         8.92747    8.82285  1.17%  3843 68072s
 1561178 984728    8.85240   26 3610    8.92747    8.82287  1.17%  3838 68227s
 1573860 988016    8.82767  149 2461    8.92747    8.82291  1.17%  3819 68268s
 1577942 990654    8.92601  232 2011    8.92747    8.82293  1.17%  3812 68309s
 1581306 994024     cutoff   32         8.92747    8.82293  1.17%  3807 68350s
 1585189 997079    8.86817  184 2129    8.92747    8.82294  1.17%  3801 68394s
 1588845 999306    8.91307  280 1726    8.92747    8.82296  1.17%  3794 68435s
 1591851 1006528     cutoff  144         8.92747    8.82297  1.17%  3790 68583s
 1601660 1009991    8.90995  238 1949    8.92747    8.82300  1.17%  3778 68634s
 1606009 1012869    8.88227  199 2202    8.92747    8.82302  1.17%  3772 68682s
H1609330 1012868                       8.9274699    8.82305  1.17%  3767 68683s
 1609705 1013629    8.82628  145 2371    8.92747    8.82305  1.17%  3767 68729s
H1609835 1013613                       8.9274652    8.82305  1.17%  3766 68729s
H1610047 1013610                       8.9274643    8.82305  1.17%  3766 68729s
H1610789 1013609                       8.9274637    8.82305  1.17%  3765 68729s
 1610876 1013880    8.92241  230 1904    8.92746    8.82305  1.17%  3765 68946s
H1611011 1013880                       8.9274637    8.82307  1.17%  3765 68946s
H1611052 1013880                       8.9274636    8.82307  1.17%  3765 68946s
H1611062 1013880                       8.9274636    8.82307  1.17%  3765 68946s
 1611298 1018187    8.82764  143 2384    8.92746    8.82309  1.17%  3765 69011s
H1613206 1018186                       8.9274634    8.82310  1.17%  3762 69011s
H1615092 1018186                       8.9274634    8.82310  1.17%  3759 69011s
H1615388 1018186                       8.9274634    8.82310  1.17%  3758 69011s
 1616429 1022392    8.90862   26 4268    8.92746    8.82310  1.17%  3757 69063s
H1616442 1022392                       8.9274634    8.82310  1.17%  3757 69063s
H1620440 1022392                       8.9274634    8.82312  1.17%  3750 69064s
 1621465 1034573    8.91002   27 3129    8.92746    8.82313  1.17%  3749 69211s
H1632341 1034573                       8.9274634    8.82314  1.17%  3733 69211s
 1635924 1036546    8.83314  150 2348    8.92746    8.82315  1.17%  3726 69247s
H1636613 1036546                       8.9274633    8.82315  1.17%  3725 69247s
H1638083 1036545                       8.9274632    8.82316  1.17%  3723 69247s
 1638547 1039250    8.82731  149 2220    8.92746    8.82316  1.17%  3722 69287s
H1639184 1039250                       8.9274632    8.82316  1.17%  3722 69287s
 1641754 1041225    8.91395   38 3304    8.92746    8.82316  1.17%  3718 69329s
H1642335 1041225                       8.9274632    8.82316  1.17%  3717 69329s
H1643007 1041225                       8.9274631    8.82316  1.17%  3716 69329s
 1644278 1043212     cutoff   30         8.92746    8.82316  1.17%  3715 69370s
H1645438 1043212                       8.9274631    8.82316  1.17%  3713 69371s
 1647058 1044702     cutoff   28         8.92746    8.82321  1.17%  3711 69411s
H1647220 1044702                       8.9274630    8.82322  1.17%  3711 69411s
H1647362 1044702                       8.9274630    8.82322  1.17%  3711 69411s
H1647489 1044701                       8.9274629    8.82322  1.17%  3711 69411s
 1649212 1046936     cutoff   36         8.92746    8.82322  1.17%  3709 69461s
H1649219 1046936                       8.9274629    8.82322  1.17%  3709 69461s
 1652129 1057076    8.92675   40 3873    8.92746    8.82323  1.17%  3706 69606s
 1664940 1058832    8.91225   90 1618    8.92746    8.82324  1.17%  3689 69648s
 1667514 1060658    8.92554  106  927    8.92746    8.82328  1.17%  3686 69691s
 1669972 1063091    8.90866  214 2092    8.92746    8.82328  1.17%  3683 69736s
 1673051 1066399    8.92500  227 2035    8.92746    8.82329  1.17%  3679 69788s
 1677209 1067920     cutoff   57         8.92746    8.82330  1.17%  3674 69831s
 1679666 1071070    8.89071   31 3197    8.92746    8.82331  1.17%  3671 69876s
 1683603 1079496    8.82706  138 2680    8.92746    8.82333  1.17%  3666 70025s
 1694841 1081303     cutoff  150         8.92746    8.82337  1.17%  3652 70072s
 1697220 1084021    8.87179  109 2835    8.92746    8.82338  1.17%  3650 70118s
 1700774 1087056    8.90477   36 4302    8.92746    8.82339  1.17%  3646 70166s
 1704620 1092094    8.91181   40 4178    8.92746    8.82339  1.17%  3641 70212s
 1710246 1095685     cutoff   44         8.92746    8.82341  1.17%  3632 70259s
 1714727 1104596     cutoff  142         8.92746    8.82342  1.17%  3625 70404s
 1726078 1107195     cutoff   34         8.92746    8.82346  1.17%  3611 70448s
 1729417 1109885    8.82617  149 2419    8.92746    8.82349  1.16%  3607 70493s
 1732760 1111236    8.83518  160 2215    8.92746    8.82350  1.16%  3603 70534s
 1734907 1113822    8.88025  193 2116    8.92746    8.82352  1.16%  3601 70579s
 1738467 1115951    8.82622  154 2284    8.92746    8.82353  1.16%  3597 70625s
 1741561 1119040     cutoff  137         8.92746    8.82355  1.16%  3594 70673s
 1745334 1127415    8.82531  145 2413    8.92746    8.82355  1.16%  3590 70814s
 1756336 1129781    8.88486  193 2285    8.92746    8.82360  1.16%  3577 70863s
 1759420 1133388    8.87786   32 3224    8.92746    8.82360  1.16%  3573 70907s
 1763622 1136994    8.90973   38 2780    8.92746    8.82364  1.16%  3568 70955s
 1767945 1138369     cutoff  170         8.92746    8.82364  1.16%  3562 71000s
 1770196 1141318    8.82882  142 2587    8.92746    8.82367  1.16%  3560 71045s
 1773778 1144339    8.86887  191 2105    8.92746    8.82368  1.16%  3556 71087s
 1777429 1157040    8.92075  334 1613    8.92746    8.82369  1.16%  3551 71224s
 1792640 1157764    8.88422  199 1956    8.92746    8.82372  1.16%  3530 71254s
H1793070 1157764                       8.9274629    8.82372  1.16%  3530 71255s
H1793442 1157764                       8.9274629    8.82373  1.16%  3529 71255s
 1793510 1160175    8.90052  247 1662    8.92746    8.82373  1.16%  3529 71295s
 1796451 1162280    8.92001  315 1554    8.92746    8.82374  1.16%  3525 71338s
H1797876 1162280                       8.9274628    8.82374  1.16%  3524 71338s
 1799288 1163698     cutoff  139         8.92746    8.82374  1.16%  3522 71380s
H1799583 1163698                       8.9274627    8.82374  1.16%  3522 71380s
 1801406 1165376    8.88510  196 2292    8.92746    8.82375  1.16%  3521 71421s
H1801645 1165376                       8.9274626    8.82375  1.16%  3520 71421s
 1803780 1167486    8.82578  146 2378    8.92746    8.82375  1.16%  3518 71473s
 1806775 1175064    8.92578  264 1836    8.92746    8.82377  1.16%  3515 71607s
 1816856 1176913    8.88240  191 2172    8.92746    8.82378  1.16%  3505 71654s
 1819579 1179020 infeasible   34         8.92746    8.82382  1.16%  3503 71704s
 1822311 1181584    8.90172  221 1986    8.92746    8.82385  1.16%  3500 71762s
 1825622 1184600    8.92585  262 1840    8.92746    8.82386  1.16%  3497 71823s
 1829463 1187696    8.92627  250 1790    8.92746    8.82388  1.16%  3493 71872s
 1833125 1191902    8.82995  147 2352    8.92746    8.82390  1.16%  3489 71925s
 1838294 1201593    8.84024  163 2301    8.92746    8.82390  1.16%  3482 72062s
 1850302 1203181    8.92613  267 1890    8.92746    8.82395  1.16%  3468 72102s
 1852687 1204945    8.83161  146 2470    8.92746    8.82396  1.16%  3466 72150s
 1855230 1207705     cutoff  220         8.92746    8.82396  1.16%  3464 72197s
H1857632 1207705                       8.9274626    8.82396  1.16%  3462 72197s
 1858611 1211635    8.82984  152 2212    8.92746    8.82396  1.16%  3461 72242s
H1860095 1211635                       8.9274626    8.82398  1.16%  3459 72242s
H1860579 1211635                       8.9274626    8.82398  1.16%  3459 72242s
H1861093 1211635                       8.9274626    8.82398  1.16%  3458 72242s
H1861151 1211619                       8.9274568    8.82398  1.16%  3458 72242s
 1863017 1215449    8.88039  198 2103    8.92746    8.82398  1.16%  3455 72284s
 1867632 1224622    8.89799  250 1724    8.92746    8.82399  1.16%  3449 72425s
H1869089 1224622                       8.9274568    8.82399  1.16%  3448 72425s
H1869279 1224622                       8.9274567    8.82399  1.16%  3447 72425s
 1879306 1226735    8.91461   51 2829    8.92746    8.82403  1.16%  3437 72468s
H1879648 1226735                       8.9274565    8.82403  1.16%  3437 72468s
H1880203 1226735                       8.9274565    8.82403  1.16%  3436 72468s
 1881976 1228668    8.91985   63 2490    8.92746    8.82403  1.16%  3434 72513s
H1881990 1228668                       8.9274565    8.82403  1.16%  3434 72513s
H1882058 1228668                       8.9274565    8.82403  1.16%  3434 72513s
H1883455 1228668                       8.9274565    8.82404  1.16%  3433 72513s
H1883506 1228668                       8.9274563    8.82404  1.16%  3433 72513s
H1883673 1228668                       8.9274563    8.82404  1.16%  3433 72513s
 1884618 1230869    8.92600   77 2002    8.92746    8.82405  1.16%  3432 72559s
H1885010 1230869                       8.9274563    8.82405  1.16%  3432 72559s
H1885638 1230867                       8.9274562    8.82405  1.16%  3431 72559s
 1887710 1234461    8.91774  231 1918    8.92746    8.82405  1.16%  3429 72614s
H1888018 1234461                       8.9274562    8.82405  1.16%  3429 72614s
H1888943 1234461                       8.9274562    8.82405  1.16%  3428 72614s
 1891988 1237294     cutoff  141         8.92746    8.82405  1.16%  3424 72655s
H1892073 1237294                       8.9274561    8.82405  1.16%  3424 72655s
H1892969 1237294                       8.9274561    8.82405  1.16%  3423 72655s
H1893655 1237294                       8.9274561    8.82405  1.16%  3422 72655s
H1893832 1237294                       8.9274561    8.82405  1.16%  3422 72656s
 1895517 1239734     cutoff  224         8.92746    8.82405  1.16%  3420 72697s
H1895775 1239734                       8.9274561    8.82405  1.16%  3419 72697s
H1896355 1239734                       8.9274561    8.82407  1.16%  3419 72697s
 1898555 1249559     cutoff  221         8.92746    8.82408  1.16%  3416 72827s
H1900903 1249559                       8.9274560    8.82409  1.16%  3413 72827s
H1903183 1249558                       8.9274559    8.82409  1.16%  3411 72827s
 1910952 1252511    8.83029  150 2316    8.92746    8.82412  1.16%  3403 72865s
H1911372 1252511                       8.9274559    8.82413  1.16%  3402 72865s
 1914521 1255126    8.92403  217 1801    8.92746    8.82413  1.16%  3399 72906s
 1917828 1257111    8.85277  168 2405    8.92746    8.82414  1.16%  3395 72948s
 1920495 1259265     cutoff   38         8.92746    8.82414  1.16%  3393 72992s
 1923207 1262298     cutoff   38         8.92746    8.82417  1.16%  3390 73035s
 1926641 1265704    8.84540  166 2318    8.92746    8.82417  1.16%  3386 73080s
 1930838 1267338     cutoff   32         8.92746    8.82420  1.16%  3381 73195s
H1931295 1267338                       8.9274558    8.82420  1.16%  3381 73195s
H1931555 1267338                       8.9274558    8.82420  1.16%  3381 73195s
 1933005 1276606    8.88356  196 2211    8.92746    8.82420  1.16%  3379 73383s
 1946069 1279869     cutoff   28         8.92746    8.82424  1.16%  3368 73445s
 1950488 1283894    8.82863  146 2403    8.92746    8.82425  1.16%  3364 73503s
 1955441 1290131    8.86052  178 2197    8.92746    8.82427  1.16%  3359 73555s
 1962568 1299154    8.91022  471 1256    8.92746    8.82427  1.16%  3350 73685s
 1974357 1302997    8.88105  190 2210    8.92746    8.82433  1.16%  3339 73728s
 1978866 1305680    8.87055  175 2203    8.92746    8.82434  1.16%  3333 73764s
 1982200 1308341     cutoff  144         8.92746    8.82434  1.16%  3330 73805s
 1985431 1310239    8.92108  225 2147    8.92746    8.82436  1.15%  3327 73839s
 1988182 1311907    8.88371  191 2175    8.92746    8.82436  1.15%  3324 73879s
 1990541 1313733    8.83694  163 2291    8.92746    8.82439  1.15%  3323 73925s
 1993137 1322370    8.88191  204 2046    8.92746    8.82440  1.15%  3321 74064s
 2004596 1324207    8.90800   36 3095    8.92746    8.82444  1.15%  3310 74106s
 2007127 1326685    8.90956   43 2959    8.92746    8.82445  1.15%  3309 74147s
 2010330 1328778    8.91915   59 2601    8.92746    8.82446  1.15%  3306 74196s
 2013142 1331451    8.92666   82 1995    8.92746    8.82447  1.15%  3304 74244s
 2016546 1333744    8.83027  150 2298    8.92746    8.82447  1.15%  3301 74292s
 2019743 1336147     cutoff  143         8.92746    8.82450  1.15%  3298 74337s
 2022874 1347336     cutoff  143         8.92746    8.82450  1.15%  3296 74472s
 2036354 1349449    8.82826  145 2917    8.92746    8.82452  1.15%  3282 74508s
 2039157 1351666    8.83303  157 2644    8.92746    8.82453  1.15%  3279 74548s
 2041952 1353033    8.85181  177 2277    8.92746    8.82453  1.15%  3276 74588s
 2043845 1354634     cutoff  233         8.92746    8.82454  1.15%  3275 74625s
 2046089 1356995     cutoff  227         8.92746    8.82454  1.15%  3273 74669s
 2049258 1360138    8.92710  276 1809    8.92746    8.82457  1.15%  3270 74714s
 2053062 1373191    8.89745  242 1663    8.92746    8.82457  1.15%  3266 74842s
 2068172 1375367    8.91344  323 1652    8.92746    8.82461  1.15%  3250 74874s
 2070958 1376530    8.89829   32 1975    8.92746    8.82462  1.15%  3247 74907s
 2072871 1378295     cutoff   24         8.92746    8.82462  1.15%  3246 74945s
 2075255 1380409    8.83054  148 2285    8.92746    8.82462  1.15%  3244 74981s
 2078037 1382327    8.82898  149 2226    8.92746    8.82464  1.15%  3242 75020s
 2080702 1385507     cutoff  145         8.92746    8.82467  1.15%  3240 75059s
 2084247 1395205     cutoff   27         8.92746    8.82467  1.15%  3236 75183s
 2096638 1398384    8.89736  245 1772    8.92746    8.82470  1.15%  3225 75228s
 2100309 1401054    8.92308  342 1567    8.92746    8.82471  1.15%  3221 75267s
 2103695 1403246    8.91084  222 2034    8.92746    8.82472  1.15%  3218 75306s
 2106470 1406635    8.83493  151 2307    8.92746    8.82472  1.15%  3215 75348s
 2110338 1410701    8.91709  202 1910    8.92746    8.82473  1.15%  3212 75389s
 2114952 1418963     cutoff   34         8.92746    8.82473  1.15%  3206 75523s
 2125569 1421117     cutoff   33         8.92746    8.82476  1.15%  3197 75566s
 2128521 1424212     cutoff   26         8.92746    8.82476  1.15%  3195 75613s
 2132355 1426448    8.91101  225 1909    8.92746    8.82478  1.15%  3191 75660s
 2135503 1428116     cutoff  144         8.92746    8.82480  1.15%  3189 75700s
 2137975 1433309    8.88507  196 2147    8.92746    8.82480  1.15%  3188 75744s
 2140553 1433309     cutoff  153         8.92746    8.82480  1.15%  3185 75745s
 2143742 1437869     cutoff  238         8.92746    8.82481  1.15%  3182 75788s
 2149060 1444537    8.90948  223 1986    8.92746    8.82481  1.15%  3176 75907s
H2152982 1444537                       8.9274558    8.82481  1.15%  3173 75907s
 2157465 1447490    8.89480  220 1884    8.92746    8.82483  1.15%  3169 75962s
 2161344 1449983    8.82872  143 2771    8.92746    8.82483  1.15%  3166 76009s
 2164779 1452305    8.88465  200 2189    8.92746    8.82483  1.15%  3163 76064s
 2168142 1454705    8.82984  152 2340    8.92746    8.82487  1.15%  3161 76114s
 2171605 1458196     cutoff  150         8.92746    8.82489  1.15%  3159 76162s
 2175769 1463339    8.90933  236 1889    8.92746    8.82489  1.15%  3156 76210s
 2181679 1472364    8.89482  211 2006    8.92746    8.82491  1.15%  3150 76330s
 2193309 1474886     cutoff  146         8.92746    8.82494  1.15%  3140 76367s
 2196453 1477953     cutoff  152         8.92746    8.82495  1.15%  3138 76411s
 2200232 1481225    8.89404  243 1590    8.92746    8.82495  1.15%  3135 76449s
 2204013 1486023    8.89950  264 1595    8.92746    8.82495  1.15%  3131 76485s
 2209203 1489248    8.92182  377 1475    8.92746    8.82498  1.15%  3125 76517s
 2212997 1496532    8.89939  206 2187    8.92746    8.82498  1.15%  3121 76638s
 2223100 1498733    8.88739   33 4463    8.92746    8.82502  1.15%  3114 76683s
 2226087 1500425     cutoff   43         8.92746    8.82502  1.15%  3112 76730s
 2228598 1502987     cutoff  146         8.92746    8.82503  1.15%  3111 76776s
 2232287 1505726    8.82814  145 2312    8.92746    8.82506  1.15%  3109 76819s
 2235979 1507931     cutoff  145         8.92746    8.82506  1.15%  3106 76871s
 2239178 1510498    8.85183  174 2291    8.92746    8.82509  1.15%  3104 76920s
 2242485 1519570    8.82793  151 2361    8.92746    8.82510  1.15%  3102 77041s
 2254160 1521014    8.88398  200 1872    8.92746    8.82512  1.15%  3093 77082s
 2256221 1523319    8.88415  191 2157    8.92746    8.82513  1.15%  3092 77121s
 2259423 1526918    8.83165  155 2311    8.92746    8.82513  1.15%  3089 77160s
 2263852 1529005    8.89601  235 1698    8.92746    8.82515  1.15%  3085 77202s
 2266792 1530898     cutoff  344         8.92746    8.82516  1.15%  3084 77243s
 2269152 1533918     cutoff   36         8.92746    8.82516  1.15%  3082 77284s
 2272605 1542659    8.82727  150 2366    8.92746    8.82516  1.15%  3079 77402s
 2283651 1544998     cutoff  147         8.92746    8.82520  1.15%  3071 77455s
 2286706 1548186     cutoff  149         8.92746    8.82520  1.15%  3069 77500s
 2290689 1550608    8.82994  151 2319    8.92746    8.82520  1.15%  3065 77540s
 2293831 1554012    8.87642  195 2075    8.92746    8.82522  1.15%  3063 77578s
 2297714 1558754    8.88420  215 1867    8.92746    8.82523  1.15%  3060 77619s
 2303120 1566823    8.92604  326 1585    8.92746    8.82523  1.15%  3055 77739s
 2313904 1569581    8.83527  145 2240    8.92746    8.82526  1.14%  3047 77778s
 2317332 1572945    8.87647  190 2224    8.92746    8.82527  1.14%  3044 77822s
 2321486 1575856     cutoff  226         8.92746    8.82527  1.14%  3041 77860s
 2325123 1577907     cutoff  247         8.92746    8.82528  1.14%  3038 77901s
 2327870 1580320    8.85373   32 3189    8.92746    8.82530  1.14%  3036 77940s
 2330918 1582957    8.92562   35 2866    8.92746    8.82530  1.14%  3034 77980s
 2334101 1590736     cutoff   33         8.92746    8.82531  1.14%  3032 78096s
 2344492 1592609    8.84395  166 2252    8.92746    8.82534  1.14%  3025 78136s
 2346895 1594521    8.82893  149 2532    8.92746    8.82534  1.14%  3023 78177s
 2349458 1597533    8.89575  208 1900    8.92746    8.82534  1.14%  3022 78230s
 2353501 1600505    8.87346  200 1862    8.92746    8.82536  1.14%  3019 78272s
 2357364 1603665    8.90678  325 1380    8.92746    8.82538  1.14%  3016 78320s
 2361288 1605932    8.87030   28 3618    8.92746    8.82539  1.14%  3013 78359s
 2364259 1613876    8.92646  203 1850    8.92746    8.82539  1.14%  3011 78477s
 2375025 1616072     cutoff  231         8.92746    8.82540  1.14%  3004 78520s
 2377985 1618292    8.84448  158 2092    8.92746    8.82541  1.14%  3002 78563s
 2381028 1621063     cutoff   59         8.92746    8.82542  1.14%  3000 78603s
 2384443 1624347    8.92048  210 1795    8.92746    8.82542  1.14%  2998 78646s
 2388423 1627327    8.88229  192 2200    8.92746    8.82545  1.14%  2995 78683s
 2392092 1632252    8.86019  178 2101    8.92746    8.82545  1.14%  2992 78729s
 2397473 1643902    8.89512  249 1620    8.92746    8.82545  1.14%  2988 78848s
 2411096 1646968    8.89496  244 1678    8.92746    8.82548  1.14%  2976 78883s
 2414593 1649147    8.92378  353 1569    8.92746    8.82549  1.14%  2974 78918s
 2417484 1650878    8.88635  192 2267    8.92746    8.82549  1.14%  2972 78952s
 2419957 1652534 infeasible  238         8.92746    8.82550  1.14%  2970 78991s
 2422235 1654294     cutoff   39         8.92746    8.82551  1.14%  2969 79028s
 2424702 1656074     cutoff   32         8.92746    8.82551  1.14%  2967 79069s
 2427018 1662143    8.88444  199 2159    8.92746    8.82553  1.14%  2966 79187s
 2435281 1665674     cutoff   33         8.92746    8.82554  1.14%  2961 79234s
 2439809 1667822    8.83252  158 2298    8.92746    8.82557  1.14%  2958 79275s
 2442891 1669602    8.85765  172 2143    8.92746    8.82557  1.14%  2957 79320s
 2445564 1671388    8.89816  208 2226    8.92746    8.82559  1.14%  2956 79363s
 2448010 1673804    8.86640  181 2331    8.92746    8.82559  1.14%  2955 79411s
 2451456 1676939    8.88278  191 2228    8.92746    8.82561  1.14%  2953 79458s
 2455374 1680511     cutoff  144         8.92746    8.82561  1.14%  2951 79504s
 2459821 1689021     cutoff   33         8.92746    8.82563  1.14%  2948 79620s
 2470625 1691821     cutoff  150         8.92746    8.82564  1.14%  2940 79658s
 2474245 1693646    8.91061  215 2039    8.92746    8.82566  1.14%  2938 79696s
 2476753 1697038    8.82947  158 2157    8.92746    8.82566  1.14%  2937 79734s
 2480657 1701175    8.88150  194 2216    8.92746    8.82567  1.14%  2934 79772s
 2485425 1703275    8.90625   35 2678    8.92746    8.82568  1.14%  2930 79803s
 2488162 1705937    8.92561  228 1806    8.92746    8.82568  1.14%  2928 79840s
 2491544 1713673    8.85934   26 4661    8.92746    8.82569  1.14%  2926 79953s
 2501769 1716108     cutoff  156         8.92746    8.82571  1.14%  2919 79992s
 2504710 1718145    8.82916  143 2681    8.92746    8.82571  1.14%  2917 80038s
 2507480 1720511    8.89459  199 2188    8.92746    8.82571  1.14%  2916 80081s
 2510664 1722886    8.82917  141 2528    8.92746    8.82573  1.14%  2914 80123s
 2514068 1724651    8.92096  228 1970    8.92746    8.82573  1.14%  2912 80163s
 2516717 1726676    8.84417  164 2128    8.92746    8.82575  1.14%  2911 80212s
 2519480 1729256    8.89745  201 2063    8.92746    8.82576  1.14%  2910 80257s
 2523047 1739662    8.83452  146 2571    8.92746    8.82577  1.14%  2908 80365s
 2535402 1742825    8.89032   27 3001    8.92746    8.82578  1.14%  2899 80401s
 2539207 1744703     cutoff  143         8.92746    8.82579  1.14%  2896 80433s
 2541638 1746496    8.87496  182 2032    8.92746    8.82579  1.14%  2895 80469s
 2544142 1748065     cutoff  145         8.92746    8.82581  1.14%  2894 80510s
 2546413 1749915    8.90160  203 2116    8.92746    8.82581  1.14%  2893 80553s
 2549038 1752481    8.88963  196 2201    8.92746    8.82581  1.14%  2891 80591s
 2552392 1764079    8.92241  216 2149    8.92746    8.82581  1.14%  2890 80701s
 2566307 1766565    8.89290  209 2016    8.92746    8.82584  1.14%  2879 80732s
 2569422 1768568    8.86069  169 2190    8.92746    8.82585  1.14%  2877 80767s
 2571942 1771728     cutoff  135         8.92746    8.82586  1.14%  2876 80801s
 2575437 1775941    8.86711  170 2070    8.92746    8.82587  1.14%  2873 80836s
 2580124 1778206    8.92653  223 1820    8.92746    8.82587  1.14%  2869 80867s
 2582969 1783879    8.88473  191 2086    8.92746    8.82587  1.14%  2867 80971s
 2590861 1785959    8.88325  193 2116    8.92746    8.82587  1.14%  2864 81021s
 2593820 1789020    8.88353   30 2877    8.92746    8.82589  1.14%  2862 81074s
 2597607 1792263    8.89992   33 2826    8.92746    8.82590  1.14%  2860 81122s
 2601775 1795316    8.92038  244 1813    8.92746    8.82592  1.14%  2858 81168s
 2605731 1797880    8.91325  219 2002    8.92746    8.82592  1.14%  2855 81212s
 2609164 1800510     cutoff  151         8.92746    8.82593  1.14%  2854 81252s
 2612616 1806504    8.92336   34 3247    8.92746    8.82594  1.14%  2852 81360s
 2620999 1809243     cutoff  282         8.92746    8.82597  1.14%  2848 81405s
 2624462 1811425    8.92314   30 3177    8.92746    8.82597  1.14%  2846 81451s
 2627594 1813360    8.90367  219 1991    8.92746    8.82598  1.14%  2845 81498s
 2630463 1815987    8.92733  229 2038    8.92746    8.82598  1.14%  2844 81543s
 2634008 1818643    8.90176   35 4417    8.92746    8.82600  1.14%  2842 81594s
 2637423 1821446    8.91730   46 3998    8.92746    8.82600  1.14%  2841 81645s
 2641372 1823858     cutoff   49         8.92746    8.82602  1.14%  2839 81689s
 2644945 1829640     cutoff  150         8.92746    8.82602  1.14%  2837 81792s
 2652922 1832169     cutoff  146         8.92746    8.82605  1.14%  2834 81843s
 2656231 1836904    8.86031   28 3065    8.92746    8.82605  1.14%  2832 81887s
 2661675 1840872     cutoff   31         8.92746    8.82606  1.14%  2828 81930s
 2666326 1843764    8.91899  246 1760    8.92746    8.82607  1.14%  2825 81970s
 2670066 1845998     cutoff  149         8.92746    8.82608  1.14%  2823 82007s
 2673080 1847777     cutoff  146         8.92746    8.82608  1.14%  2821 82045s
 2675580 1853558    8.83988  158 2233    8.92746    8.82609  1.14%  2820 82153s
 2683836 1856273     cutoff  143         8.92746    8.82611  1.14%  2817 82203s
 2687439 1859269     cutoff  141         8.92746    8.82611  1.14%  2815 82254s
 2691219 1862763    8.84738  168 2229    8.92746    8.82612  1.14%  2813 82301s
 2695604 1864694    8.82890  154 2191    8.92746    8.82613  1.14%  2810 82342s
 2698477 1867324    8.86457  183 2218    8.92746    8.82614  1.13%  2809 82384s
 2701857 1870390     cutoff  122         8.92746    8.82616  1.13%  2807 82422s
 2705372 1882915    8.83272  155 2277    8.92746    8.82616  1.13%  2805 82533s
 2719806 1882929     cutoff  177         8.92746    8.82616  1.13%  2795 82653s
 2719850 1886303    8.86429  178 2098    8.92746    8.82616  1.13%  2795 82680s
 2723720 1888650    8.88304  216 1762    8.92746    8.82617  1.13%  2792 82708s
 2726422 1890880    8.91995  348 1528    8.92746    8.82617  1.13%  2791 82739s
 2729333 1893368    8.83703  156 2207    8.92746    8.82618  1.13%  2789 82774s
 2732376 1896928    8.87928  204 1945    8.92746    8.82619  1.13%  2787 82806s
 2736210 1907043    8.91265  313 1502    8.92746    8.82619  1.13%  2784 82911s
 2748448 1908622    8.83172  147 2481    8.92746    8.82621  1.13%  2777 82941s
 2750823 1910382    8.88472  196 2220    8.92746    8.82621  1.13%  2776 82975s
 2753179 1912279    8.88325  193 2147    8.92746    8.82622  1.13%  2775 83011s
 2755635 1915309    8.88763  200 2127    8.92746    8.82623  1.13%  2774 83047s
 2759173 1919823    8.88317  196 2213    8.92746    8.82623  1.13%  2772 83086s
 2764240 1922302     cutoff  229         8.92746    8.82625  1.13%  2768 83119s
 2767459 1931877    8.92639  257 1717    8.92746    8.82625  1.13%  2767 83219s
 2778859 1934422    8.92728  212 1890    8.92746    8.82626  1.13%  2760 83249s
 2781891 1937688    8.83278  151 2331    8.92746    8.82626  1.13%  2758 83279s
 2785657 1940668    8.86043  182 2221    8.92746    8.82627  1.13%  2756 83313s
 2789268 1942538     cutoff   30         8.92746    8.82627  1.13%  2754 83349s
 2791808 1944263    8.91611   32 2971    8.92746    8.82628  1.13%  2752 83384s
 2794190 1946483    8.83274  155 2261    8.92746    8.82630  1.13%  2752 83421s
 2797135 1953936     cutoff  235         8.92746    8.82630  1.13%  2750 83526s
 2806830 1956876    8.85170  173 2191    8.92746    8.82632  1.13%  2746 83571s
 2810747 1960475     cutoff  147         8.92746    8.82632  1.13%  2744 83610s
 2815088 1963068    8.89936  214 1984    8.92746    8.82633  1.13%  2741 83649s
 2818547 1966066     cutoff  151         8.92746    8.82634  1.13%  2739 83680s
 2822169 1969497     cutoff  230         8.92746    8.82634  1.13%  2737 83714s
 2826185 1975552    8.90676  205 2219    8.92746    8.82635  1.13%  2734 83811s
 2834544 1978613    8.92492  236 1919    8.92746    8.82636  1.13%  2731 83857s
 2838495 1980549     cutoff  227         8.92746    8.82638  1.13%  2729 83901s
 2841487 1982704    8.87636   32 4376    8.92746    8.82638  1.13%  2728 83945s
 2844527 1984957     cutoff   36         8.92746    8.82639  1.13%  2727 83995s
 2847655 1985508     cutoff   34         8.92746    8.82640  1.13%  2726 84036s
 2848491 1988114    8.82963  151 2458    8.92746    8.82641  1.13%  2726 84092s
 2852014 1990783     cutoff  232         8.92746    8.82641  1.13%  2724 84143s
 2855652 2002563     cutoff   28         8.92746    8.82642  1.13%  2723 84246s
 2869272 2005069    8.90828  141 2329    8.92746    8.82644  1.13%  2714 84273s
 2872382 2006938     cutoff   28         8.92746    8.82644  1.13%  2712 84305s
 2874928 2009791    8.91713   29 3359    8.92746    8.82645  1.13%  2711 84333s
 2878256 2012662    8.88427   28 3105    8.92746    8.82645  1.13%  2709 84363s
 2881619 2015893    8.90489   30 2926    8.92746    8.82645  1.13%  2707 84392s
 2885289 2021363     cutoff  141         8.92746    8.82646  1.13%  2705 84492s
 2893045 2023879    8.92305  220 2224    8.92746    8.82647  1.13%  2702 84543s
 2896683 2026599    8.88450  196 2215    8.92746    8.82648  1.13%  2701 84588s
 2900271 2028662    8.88171  190 2043    8.92746    8.82649  1.13%  2699 84637s
 2902963 2032724    8.88246  187 2183    8.92746    8.82650  1.13%  2698 84683s
 2907944 2035417    8.89232   60 3385    8.92746    8.82651  1.13%  2696 84723s
 2911405 2038259    8.89981   68 3146    8.92746    8.82651  1.13%  2694 84770s
 2915191 2046904     cutoff  146         8.92746    8.82652  1.13%  2692 84871s
 2925718 2050681    8.88909   65 3722    8.92746    8.82653  1.13%  2687 84910s
 2930038 2053088     cutoff   67         8.92746    8.82653  1.13%  2685 84942s
 2933123 2054738    8.91162   70 3452    8.92746    8.82653  1.13%  2683 84977s
 2935240 2056859    8.82895  155 2378    8.92746    8.82654  1.13%  2682 85017s
 2938138 2059030    8.92578  227 2078    8.92746    8.82655  1.13%  2681 85050s
 2940819 2062148    8.84363  164 2190    8.92746    8.82656  1.13%  2680 85088s
 2944875 2067319    8.91482   25 3424    8.92746    8.82656  1.13%  2678 85185s
 2952362 2070413    8.92664  251 1886    8.92746    8.82658  1.13%  2676 85230s
 2956325 2074096    8.92428  229 2043    8.92746    8.82658  1.13%  2674 85273s
 2960884 2076278    8.92475  243 1814    8.92746    8.82659  1.13%  2672 85313s
 2964014 2078272    8.92656  229 1998    8.92746    8.82660  1.13%  2671 85351s
 2966962 2081103    8.87919  187 2250    8.92746    8.82660  1.13%  2670 85397s
 2970621 2084160    8.83077  148 2334    8.92746    8.82661  1.13%  2668 85439s
 2974412 2090251    8.86114  178 2257    8.92746    8.82661  1.13%  2667 85537s
 2982609 2091709    8.87430  189 2341    8.92746    8.82663  1.13%  2664 85582s
 2985080 2096049    8.84205  162 2171    8.92746    8.82664  1.13%  2663 85627s
 2990080 2100235    8.91775  226 1892    8.92746    8.82665  1.13%  2661 85665s
 2995136 2102874     cutoff  149         8.92746    8.82666  1.13%  2658 85703s
 2998660 2107593     cutoff  215         8.92746    8.82666  1.13%  2657 85735s
 3003859 2116213    8.87231  181 2136    8.92746    8.82667  1.13%  2653 85841s
 3014767 2118257    8.92646  243 1747    8.92746    8.82668  1.13%  2648 85872s
 3017361 2120990    8.89234  202 2135    8.92746    8.82669  1.13%  2647 85911s
 3020832 2122429    8.83283  145 2464    8.92746    8.82669  1.13%  2645 85944s
 3022871 2124186    8.91608  214 2133    8.92746    8.82669  1.13%  2645 85978s
 3025395 2127218     cutoff  142         8.92746    8.82669  1.13%  2644 86020s
 3029091 2130419     cutoff  268         8.92746    8.82670  1.13%  2642 86061s
 3033025 2141620    8.91898  232 1879    8.92746    8.82672  1.13%  2640 86157s
 3046061 2144499    8.85964  172 2211    8.92746    8.82673  1.13%  2633 86187s
 3049485 2145986    8.92599  219 1969    8.92746    8.82674  1.13%  2631 86217s
 3051409 2148078    8.91029   27 3541    8.92746    8.82674  1.13%  2631 86251s
 3054070 2150841    8.83466  148 2221    8.92746    8.82675  1.13%  2629 86281s
 3057444 2153053    8.83192  152 2169    8.92746    8.82675  1.13%  2628 86309s
 3060141 2156290    8.86724   29 3296    8.92746    8.82676  1.13%  2626 86343s
 3063959 2162834    8.83002  157 2187    8.92746    8.82676  1.13%  2624 86449s
 3072563 2164900    8.92245  233 1964    8.92746    8.82677  1.13%  2621 86493s
 3075459 2169505    8.92590  238 1918    8.92746    8.82679  1.13%  2620 86539s
 3080830 2172503    8.92599  231 1914    8.92746    8.82679  1.13%  2617 86575s
 3084579 2174367    8.83281  152 2325    8.92746    8.82680  1.13%  2615 86609s
 3087228 2176474    8.92574  223 2149    8.92746    8.82681  1.13%  2615 86648s
 3090141 2178366    8.92515  256 1816    8.92746    8.82682  1.13%  2614 86688s
 3092942 2183901    8.87999  198 2231    8.92746    8.82683  1.13%  2613 86782s
 3100910 2186212     cutoff   27         8.92746    8.82684  1.13%  2610 86823s
 3104124 2188622    8.87219  181 2054    8.92746    8.82684  1.13%  2610 86864s
 3107518 2191755    8.90260  207 2022    8.92746    8.82686  1.13%  2609 86908s
 3111563 2195994     cutoff  123         8.92746    8.82686  1.13%  2607 86949s
 3116436 2198842    8.83113  150 2372    8.92746    8.82686  1.13%  2604 86991s
 3120069 2201868    8.91739  246 1912    8.92746    8.82686  1.13%  2603 87025s
 3123792 2213261    8.88989  225 1640    8.92746    8.82687  1.13%  2601 87134s
 3136142 2213261    8.91587  305 1483    8.92746    8.82688  1.13%  2594 87135s
 3136944 2215627     cutoff  254         8.92746    8.82689  1.13%  2594 87166s
 3139785 2218339    8.92537  219 2011    8.92746    8.82689  1.13%  2592 87197s
 3143074 2220018    8.85810  175 2207    8.92746    8.82690  1.13%  2591 87223s
 3145218 2221963    8.92633  238 1895    8.92746    8.82691  1.13%  2590 87252s
 3147867 2223669    8.87348  185 2257    8.92746    8.82691  1.13%  2589 87285s
 3150152 2225072    8.82964  157 2136    8.92746    8.82692  1.13%  2588 87319s
 3152337 2226967     cutoff  147         8.92746    8.82693  1.13%  2587 87359s
 3154823 2233896    8.83048  153 2338    8.92746    8.82693  1.13%  2587 87462s
 3163989 2236076    8.83511  150 2118    8.92746    8.82694  1.13%  2583 87497s
 3166985 2238162    8.90405  213 2190    8.92746    8.82696  1.13%  2582 87540s
 3169859 2240878    8.84598  173 2321    8.92746    8.82696  1.13%  2581 87581s
 3173350 2242852    8.92592  233 2064    8.92746    8.82697  1.13%  2580 87622s
 3176011 2246171    8.85119  177 2240    8.92746    8.82698  1.13%  2579 87665s
 3180057 2250069     cutoff   30         8.92746    8.82698  1.13%  2578 87705s
 3184632 2259124    8.92097   33 2981    8.92746    8.82698  1.13%  2575 87798s
 3195636 2260733    8.85795  177 2304    8.92746    8.82699  1.13%  2570 87830s
 3197911 2262881    8.90163   32 3242    8.92746    8.82699  1.13%  2570 87867s
 3200849 2264764     cutoff   34         8.92746    8.82701  1.13%  2569 87901s
 3203512 2266786    8.83617  162 2202    8.92746    8.82702  1.12%  2568 87939s
 3206310 2268311     cutoff  274         8.92746    8.82702  1.12%  2567 87973s
 3208660 2270803    8.90286  206 2196    8.92746    8.82703  1.12%  2567 88016s
 3212078 2273499     cutoff  226         8.92746    8.82704  1.12%  2565 88053s
 3215631 2281737     cutoff  184         8.92746    8.82704  1.12%  2564 88147s
 3225824 2283265    8.83062  152 2344    8.92746    8.82706  1.12%  2560 88179s
 3227821 2285292    8.91557  223 1992    8.92746    8.82707  1.12%  2559 88215s
 3230771 2288355     cutoff  158         8.92746    8.82707  1.12%  2558 88255s
 3234787 2292020    8.83266  155 2236    8.92746    8.82708  1.12%  2557 88294s
 3239158 2295781    8.86037  174 2125    8.92746    8.82708  1.12%  2554 88325s
 3243339 2300294    8.88943  233 1608    8.92746    8.82708  1.12%  2552 88363s
 3248314 2309674    8.89751  265 1536    8.92746    8.82708  1.12%  2549 88459s
 3259627 2311997    8.88922  198 2087    8.92746    8.82709  1.12%  2544 88491s
 3262444 2314454    8.87520  186 2265    8.92746    8.82710  1.12%  2543 88521s
 3265467 2317018    8.92627  222 2090    8.92746    8.82710  1.12%  2542 88556s
 3268641 2320989    8.88181   44 4067    8.92746    8.82711  1.12%  2541 88587s
 3273117 2322746    8.88495   48 4019    8.92746    8.82712  1.12%  2538 88614s
 3275442 2324719     cutoff   53         8.92746    8.82712  1.12%  2538 88648s
 3278166 2337434    8.83297  150 2120    8.92746    8.82713  1.12%  2537 88747s
 3292647 2339185    8.83125  154 2263    8.92746    8.82714  1.12%  2529 88769s
 3294806 2340641    8.84411  164 2237    8.92746    8.82714  1.12%  2528 88793s
 3296914 2342829    8.90879  262 1637    8.92746    8.82715  1.12%  2527 88824s
 3299540 2345267    8.92489  315 1681    8.92746    8.82715  1.12%  2526 88859s
 3302586 2347813    8.88243  189 2098    8.92746    8.82715  1.12%  2525 88894s
 3305736 2350188     cutoff  151         8.92746    8.82715  1.12%  2524 88932s
 3308740 2357765     cutoff  226         8.92746    8.82715  1.12%  2523 89025s
 3318365 2360975    8.90762  218 1894    8.92746    8.82718  1.12%  2519 89060s
 3322363 2363143     cutoff  151         8.92746    8.82718  1.12%  2518 89091s
 3325316 2364957    8.90087  214 1787    8.92746    8.82718  1.12%  2517 89123s
 3328026 2367558    8.89984  208 2040    8.92746    8.82718  1.12%  2516 89160s
 3331463 2369134    8.89018  200 2109    8.92746    8.82718  1.12%  2515 89195s
 3333968 2370838    8.87599  191 2106    8.92746    8.82719  1.12%  2514 89235s
 3336552 2373292    8.86623  178 2264    8.92746    8.82720  1.12%  2514 89278s
 3339889 2381307    8.89706  207 2150    8.92746    8.82720  1.12%  2513 89367s
 3349883 2383038    8.92468  224 2032    8.92746    8.82722  1.12%  2509 89398s
 3351971 2386327     cutoff  149         8.92746    8.82722  1.12%  2508 89435s
 3355818 2389233     cutoff  221         8.92746    8.82723  1.12%  2506 89471s
 3359235 2393858    8.83706  146 2252    8.92746    8.82723  1.12%  2505 89504s
 3364564 2396470    8.83651  154 2187    8.92746    8.82723  1.12%  2502 89537s
 3367662 2398237    8.87740  185 2163    8.92746    8.82723  1.12%  2501 89569s
 3370045 2404580    8.89427  197 2134    8.92746    8.82723  1.12%  2500 89660s
 3378554 2406667    8.89867  204 2148    8.92746    8.82725  1.12%  2497 89700s
 3381280 2409024    8.83234  142 2587    8.92746    8.82726  1.12%  2497 89739s
 3384621 2411006     cutoff  232         8.92746    8.82726  1.12%  2496 89778s
 3387641 2413086    8.89372  206 1940    8.92746    8.82727  1.12%  2495 89816s
 3390703 2415040    8.83745  159 2230    8.92746    8.82728  1.12%  2495 89860s
H3392375 2415040                       8.9274558    8.82729  1.12%  2494 89860s
 3393233 2418347    8.83149  154 2226    8.92746    8.82729  1.12%  2494 89910s
 3397443 2420832    8.85643  174 2152    8.92746    8.82729  1.12%  2492 89950s
H3398674 2420832                       8.9274558    8.82729  1.12%  2492 89950s
 3400813 2426953    8.88484   26 3310    8.92746    8.82729  1.12%  2491 90038s
H3401125 2426951                       8.9274558    8.82729  1.12%  2491 90038s
 3409043 2429084    8.85681  177 2251    8.92746    8.82730  1.12%  2489 90082s
 3412090 2433614    8.83100  148 2402    8.92746    8.82732  1.12%  2488 90120s
 3417378 2436960    8.88000  192 2152    8.92746    8.82732  1.12%  2486 90161s
 3421494 2438959    8.87333   35 3287    8.92746    8.82733  1.12%  2484 90199s
 3424120 2442192    8.91335   37 3004    8.92746    8.82733  1.12%  2483 90240s
 3427824 2446792    8.89884   24 3388    8.92746    8.82733  1.12%  2482 90273s
 3433013 2459675    8.92641  252 1824    8.92746    8.82733  1.12%  2479 90373s
 3447961 2461561    8.92441  222 2071    8.92746    8.82736  1.12%  2472 90398s
 3450428 2463360     cutoff  151         8.92746    8.82736  1.12%  2471 90424s
 3452549 2465258    8.85959  176 2156    8.92746    8.82736  1.12%  2470 90449s
 3454853 2467812    8.87879  205 1917    8.92746    8.82736  1.12%  2469 90478s
 3458012 2470456    8.90582  285 1702    8.92746    8.82736  1.12%  2468 90513s
 3461188 2473138     cutoff  148         8.92746    8.82737  1.12%  2467 90546s
 3464514 2479372    8.83289  152 2293    8.92746    8.82737  1.12%  2465 90633s
 3472650 2481573     cutoff  224         8.92746    8.82738  1.12%  2463 90670s
 3475758 2485431    8.90656  218 1912    8.92746    8.82739  1.12%  2462 90709s
 3480361 2489612    8.86693  182 2196    8.92746    8.82740  1.12%  2461 90749s
 3485113 2493523    8.90861  263 1589    8.92746    8.82740  1.12%  2458 90779s
 3489683 2496195    8.92539  350 1643    8.92746    8.82740  1.12%  2456 90819s
 3492794 2498497    8.83201  159 2163    8.92746    8.82740  1.12%  2455 90850s
 3495876 2503916     cutoff  264         8.92746    8.82740  1.12%  2454 90940s
 3503116 2507918     cutoff  151         8.92746    8.82742  1.12%  2452 90994s
 3507949 2511317     cutoff  148         8.92746    8.82742  1.12%  2450 91034s
 3512172 2513318    8.83950  162 2279    8.92746    8.82744  1.12%  2448 91073s
 3515178 2516061     cutoff  232         8.92746    8.82744  1.12%  2448 91108s
 3518698 2518823     cutoff  255         8.92746    8.82745  1.12%  2447 91144s
 3522302 2520777    8.88491  193 2019    8.92746    8.82745  1.12%  2446 91184s
 3525127 2527223    8.83226  151 2262    8.92746    8.82746  1.12%  2445 91276s
 3533590 2530605    8.90636  287 1609    8.92746    8.82746  1.12%  2442 91317s
 3537753 2533051     cutoff  363         8.92746    8.82747  1.12%  2441 91357s
 3541039 2534894     cutoff   29         8.92746    8.82748  1.12%  2440 91393s
 3543658 2537491    8.89691  210 2032    8.92746    8.82749  1.12%  2440 91435s
 3547243 2538809     cutoff  151         8.92746    8.82749  1.12%  2438 91475s
 3549372 2542265     cutoff  163         8.92746    8.82750  1.12%  2438 91513s
 3553456 2545697    8.88637  191 2125    8.92746    8.82750  1.12%  2437 91555s
 3557720 2553630    8.90660  212 1975    8.92746    8.82750  1.12%  2435 91642s
 3567532 2555580    8.89974  196 2026    8.92746    8.82751  1.12%  2432 91678s
 3570216 2557184    8.83041  149 2342    8.92746    8.82752  1.12%  2431 91713s
 3572420 2559644    8.92182  245 1871    8.92746    8.82752  1.12%  2431 91747s
 3575700 2562604     cutoff  250         8.92746    8.82753  1.12%  2430 91783s
 3579513 2564847    8.90415  213 2134    8.92746    8.82753  1.12%  2428 91816s
 3582784 2566524    8.83220  155 2165    8.92746    8.82754  1.12%  2428 91852s
 3585347 2569478    8.83162  149 2243    8.92746    8.82754  1.12%  2427 91893s
 3589149 2575433    8.82996  159 2086    8.92746    8.82755  1.12%  2426 91979s
 3597134 2577529    8.83177  152 2222    8.92746    8.82756  1.12%  2423 92024s
 3599902 2580304    8.86892  177 2184    8.92746    8.82757  1.12%  2423 92069s
 3603622 2582744     cutoff  201         8.92746    8.82758  1.12%  2422 92112s
 3607088 2584883    8.92415  234 1965    8.92746    8.82758  1.12%  2421 92150s
 3610088 2587303     cutoff   32         8.92746    8.82759  1.12%  2420 92192s
 3613474 2590398    8.85258  165 2167    8.92746    8.82759  1.12%  2419 92231s
 3617665 2591332    8.88773  194 2072    8.92746    8.82760  1.12%  2418 92264s
 3618839 2597814    8.88928  197 2078    8.92746    8.82761  1.12%  2417 92352s
 3627439 2600131    8.89287  204 2175    8.92746    8.82761  1.12%  2415 92395s
 3630448 2602394     cutoff  235         8.92746    8.82761  1.12%  2414 92436s
 3633410 2604761    8.86770  180 2313    8.92746    8.82762  1.12%  2413 92478s
 3636504 2608928    8.91440  213 2212    8.92746    8.82763  1.12%  2413 92515s
 3641246 2611663    8.89309  201 2149    8.92746    8.82764  1.12%  2411 92557s
 3644834 2614172    8.83987  161 2126    8.92746    8.82765  1.12%  2409 92589s
 3648054 2619405    8.87112  180 2034    8.92746    8.82765  1.12%  2409 92678s
 3655438 2622082     cutoff  190         8.92746    8.82765  1.12%  2407 92726s
 3658974 2625272    8.90782  218 2034    8.92746    8.82766  1.12%  2406 92766s
 3662799 2628824     cutoff   31         8.92746    8.82767  1.12%  2405 92804s
 3667029 2633319    8.83037  155 2266    8.92746    8.82767  1.12%  2403 92843s
 3672222 2636934     cutoff  232         8.92746    8.82768  1.12%  2401 92876s
 3676317 2641309    8.88889  212 1910    8.92746    8.82768  1.12%  2400 92912s
 3681317 2651497    8.92205  319 1605    8.92746    8.82769  1.12%  2397 93003s
 3693132 2654233    8.90447  223 1838    8.92746    8.82770  1.12%  2393 93033s
 3696451 2656341    8.83305  150 2555    8.92746    8.82770  1.12%  2391 93058s
 3699182 2658251    8.90393  204 2300    8.92746    8.82771  1.12%  2391 93090s
 3701720 2660089    8.83634  157 2274    8.92746    8.82771  1.12%  2390 93126s
 3704209 2662025    8.92532  246 1866    8.92746    8.82771  1.12%  2390 93157s
 3707012 2664203    8.92462  228 1961    8.92746    8.82772  1.12%  2389 93187s
 3709826 2666084    8.92506  228 1917    8.92746    8.82772  1.12%  2388 93219s
 3712270 2677284    8.91986  226 2030    8.92746    8.82772  1.12%  2387 93304s
 3724842 2680313    8.83111  151 2288    8.92746    8.82773  1.12%  2382 93328s
 3728263 2683205    8.91971  227 2059    8.92746    8.82773  1.12%  2381 93355s
 3731615 2685725    8.83348  160 2186    8.92746    8.82774  1.12%  2380 93379s
 3734705 2688236    8.88180  196 2006    8.92746    8.82774  1.12%  2378 93408s
 3737555 2690876    8.91921  299 1542    8.92746    8.82774  1.12%  2377 93436s
 3740551 2693577    8.92324  317 1481    8.92746    8.82774  1.12%  2376 93462s
 3743792 2701785    8.85923  170 2189    8.92746    8.82775  1.12%  2375 93549s
 3753986 2701806    8.92556  229 1998    8.92746    8.82775  1.12%  2372 93754s
 3754031 2703794    8.92556  230 1998    8.92746    8.82775  1.12%  2372 93788s
 3756704 2706483     cutoff  153         8.92746    8.82775  1.12%  2371 93822s
 3760012 2709963    8.87898  189 1940    8.92746    8.82776  1.12%  2370 93854s
 3764037 2713686    8.88488  193 1953    8.92746    8.82776  1.12%  2369 93884s
 3768240 2717020    8.90861  203 1848    8.92746    8.82777  1.12%  2367 93913s
 3772237 2720230    8.92711  237 1687    8.92746    8.82777  1.12%  2365 93951s
 3775937 2730329     cutoff  247         8.92746    8.82777  1.12%  2364 94035s
 3787671 2733916    8.87408  194 2050    8.92746    8.82779  1.12%  2360 94063s
 3791769 2735740    8.89964  255 1711    8.92746    8.82779  1.12%  2358 94087s
 3793944 2738354    8.91683  318 1595    8.92746    8.82779  1.12%  2357 94115s
 3797170 2740688    8.83492   45 4425    8.92746    8.82780  1.12%  2356 94141s
 3800092 2743274    8.83859   47 4357    8.92746    8.82780  1.12%  2355 94173s
 3803161 2744958    8.84961   53 4163    8.92746    8.82780  1.12%  2354 94199s
 3805216 2752555    8.85159   54 4159    8.92746    8.82781  1.12%  2354 94282s
 3814366 2755135    8.85233   55 4167    8.92746    8.82781  1.12%  2351 94311s
 3817630 2757616    8.85991   61 4010    8.92746    8.82781  1.12%  2350 94347s
 3820848 2759079    8.86518   69 3848    8.92746    8.82782  1.12%  2349 94386s
 3823050 2760979     cutoff   85         8.92746    8.82782  1.12%  2349 94419s
 3825727 2763517    8.86998  183 2182    8.92746    8.82783  1.12%  2348 94456s
 3829070 2767159    8.83641  158 2272    8.92746    8.82783  1.12%  2347 94495s
 3833566 2770043    8.88913  213 1879    8.92746    8.82783  1.12%  2346 94534s
 3837219 2778850    8.91319  285 1658    8.92746    8.82784  1.12%  2345 94614s
 3847577 2782318    8.92270   29 2571    8.92746    8.82785  1.12%  2341 94645s
 3851456 2784247     cutoff  148         8.92746    8.82785  1.12%  2340 94678s
 3854202 2786004    8.83602  152 2294    8.92746    8.82785  1.12%  2339 94706s
 3856482 2788482    8.85444  171 2187    8.92746    8.82785  1.12%  2339 94743s
 3859733 2790817    8.87808  189 2089    8.92746    8.82786  1.12%  2338 94774s
 3862572 2794450    8.90407  217 1951    8.92746    8.82787  1.12%  2337 94810s
 3866786 2804317    8.90888  231 1870    8.92746    8.82787  1.12%  2336 94893s
 3878464 2806801    8.86984  180 2113    8.92746    8.82787  1.12%  2331 94919s
 3881437 2809593    8.89258  237 1643    8.92746    8.82787  1.12%  2330 94953s
H3882649 2809590                       8.9274554    8.82787  1.12%  2330 94953s
 3884630 2810261    8.91639  315 1740    8.92746    8.82787  1.12%  2329 94976s
 3885384 2812550    8.92224  341 1660    8.92746    8.82787  1.12%  2329 95008s
 3888217 2814728     cutoff  210         8.92746    8.82788  1.12%  2328 95039s
 3890936 2816880     cutoff  149         8.92746    8.82789  1.12%  2327 95072s
 3893904 2818683    8.92632  242 1945    8.92746    8.82789  1.12%  2327 95108s
 3896490 2825022     cutoff   30         8.92746    8.82790  1.12%  2326 95188s
 3904494 2828035    8.83302  154 2272    8.92746    8.82791  1.12%  2324 95224s
 3908339 2830030     cutoff  150         8.92746    8.82792  1.11%  2323 95259s
 3908695 2830030    8.83387  159 2346    8.92746    8.82792  1.11%  2323 95260s
 3911057 2832477    8.92656  209 1781    8.92746    8.82792  1.11%  2323 95298s
 3914315 2835390    8.89526  207 2097    8.92746    8.82793  1.11%  2322 95335s
 3918030 2837746    8.83221  155 2414    8.92746    8.82793  1.11%  2321 95370s
 3921243 2839520    8.88483  192 2164    8.92746    8.82794  1.11%  2320 95410s
 3924008 2841703    8.84785  168 2174    8.92746    8.82794  1.11%  2320 95447s
 3926974 2850144    8.89899  255 1663    8.92746    8.82795  1.11%  2319 95529s
 3936969 2853188    8.84409  169 2094    8.92746    8.82796  1.11%  2316 95560s
 3940453 2856685    8.83222  149 2332    8.92746    8.82797  1.11%  2315 95588s
 3944501 2858754    8.92030  238 1928    8.92746    8.82797  1.11%  2313 95616s
 3947236 2860865    8.83488  157 2122    8.92746    8.82797  1.11%  2313 95654s
 3950006 2862853    8.88267  199 2028    8.92746    8.82798  1.11%  2312 95685s
 3952688 2865669    8.90137  245 1957    8.92746    8.82798  1.11%  2311 95719s
 3956191 2875355    8.83351  149 2236    8.92746    8.82798  1.11%  2310 95806s
 3967780 2877489     cutoff  256         8.92746    8.82800  1.11%  2306 95837s
 3970380 2879630    8.92341  204 1938    8.92746    8.82800  1.11%  2306 95867s
 3973016 2882004    8.88460  193 2174    8.92746    8.82800  1.11%  2305 95895s
 3975880 2884727    8.84453  170 2318    8.92746    8.82801  1.11%  2304 95924s
 3979271 2887342    8.87401   29 3160    8.92746    8.82801  1.11%  2303 95953s
 3982634 2889416     cutoff   31         8.92746    8.82802  1.11%  2302 95981s
 3985277 2894250    8.88769  199 2159    8.92746    8.82802  1.11%  2301 96069s
 3991877 2898373     cutoff   33         8.92746    8.82802  1.11%  2300 96114s
 3996731 2901928     cutoff   33         8.92746    8.82803  1.11%  2299 96150s
 4000963 2905337    8.89281  253 1678    8.92746    8.82804  1.11%  2297 96186s
 4004873 2909138    8.90660  314 1600    8.92746    8.82804  1.11%  2296 96219s
 4009131 2912987    8.92272  493 1604    8.92746    8.82804  1.11%  2294 96252s
 4013586 2914709    8.85195  174 2220    8.92746    8.82804  1.11%  2293 96286s
 4015951 2919897    8.83074  155 2411    8.92746    8.82805  1.11%  2292 96374s
 4023082 2923242    8.83940  159 2222    8.92746    8.82806  1.11%  2291 96412s
 4027259 2927840    8.88923  191 2072    8.92746    8.82807  1.11%  2290 96447s
 4032603 2931707    8.91507  221 1888    8.92746    8.82807  1.11%  2288 96477s
 4037112 2934528    8.83082  145 2470    8.92746    8.82807  1.11%  2287 96508s
 4040685 2935927    8.88218  195 2129    8.92746    8.82808  1.11%  2286 96536s
 4042982 2937742     cutoff  227         8.92746    8.82808  1.11%  2285 96571s
 4045506 2941630    8.92075  224 1857    8.92746    8.82808  1.11%  2285 96656s
 4050884 2945352    8.87589  184 2002    8.92746    8.82809  1.11%  2284 96705s
 4055618 2950185     cutoff  162         8.92746    8.82809  1.11%  2283 96759s
 4061055 2954167    8.90847  288 1709    8.92746    8.82810  1.11%  2281 96801s
 4065919 2956791     cutoff  152         8.92746    8.82811  1.11%  2279 96834s
 4069247 2959522    8.89249  205 2063    8.92746    8.82811  1.11%  2279 96873s
 4072864 2961965     cutoff  231         8.92746    8.82812  1.11%  2278 96908s
 4076079 2969828    8.92429  235 1968    8.92746    8.82812  1.11%  2277 96991s
 4085734 2972986     cutoff  216         8.92746    8.82814  1.11%  2274 97027s
 4089552 2975551    8.92711  216 2117    8.92746    8.82814  1.11%  2273 97055s
 4092762 2977400    8.89054  197 2153    8.92746    8.82814  1.11%  2272 97087s
 4095279 2979580    8.85053  171 2100    8.92746    8.82815  1.11%  2271 97121s
 4098131 2981939    8.83312  151 2172    8.92746    8.82815  1.11%  2271 97157s
 4101313 2984089    8.87042  188 2083    8.92746    8.82816  1.11%  2270 97192s
 4104097 2987241    8.83281  152 2074    8.92746    8.82816  1.11%  2270 97227s
 4107994 2995204    8.88252  188 2239    8.92746    8.82816  1.11%  2269 97304s
 4117636 2999383     cutoff  154         8.92746    8.82817  1.11%  2266 97335s
 4122293 3002431    8.86878  179 2099    8.92746    8.82817  1.11%  2265 97367s
 4125931 3005502    8.88905  190 2152    8.92746    8.82817  1.11%  2263 97392s
 4129475 3007832    8.91214  219 1933    8.92746    8.82817  1.11%  2262 97423s
 4132346 3010455     cutoff  148         8.92746    8.82818  1.11%  2261 97447s
 4135437 3012427    8.84452  171 2191    8.92746    8.82818  1.11%  2260 97476s
 4138006 3012428    8.92292  400    0    8.92746    8.82818  1.11%  2260 98532s
 4138008 3012429    8.88971  232 1678    8.92746    8.82818  1.11%  2260 98555s
 4138009 3012430    8.91510  663 2007    8.92746    8.82818  1.11%  2260 98568s
 4138010 3012431    8.88682  199 2291    8.92746    8.82818  1.11%  2260 98582s
 4138011 3012431    8.90864  310 2198    8.92746    8.82818  1.11%  2260 98591s
 4138012 3012432    8.83251  158 2197    8.92746    8.82818  1.11%  2260 98597s
 4138013 3012433    8.92389  300 2147    8.92746    8.82818  1.11%  2260 98602s
 4138015 3012434    8.91034  259 2169    8.92746    8.82818  1.11%  2260 98608s
 4138016 3012435    8.91852  344 2155    8.92746    8.82818  1.11%  2260 98611s
 4138017 3012435    8.91781  349 2210    8.92746    8.82818  1.11%  2260 98617s
 4138019 3012437    8.90685  281 2179    8.92746    8.82818  1.11%  2260 98622s
 4138021 3012438    8.88466  234 2176    8.92746    8.82818  1.11%  2260 98625s
 4138025 3012441    8.85236  166 2211    8.92746    8.82818  1.11%  2260 98631s
 4138028 3012443    8.92116  233 2162    8.92746    8.82818  1.11%  2260 98659s
 4138029 3012443    8.91940  316 2162    8.92746    8.82818  1.11%  2260 98675s
 4138030 3012447    8.82818   25 4338    8.92746    8.82818  1.11%  2260 98888s
 4138032 3012450    8.82818   26 4364    8.92746    8.82818  1.11%  2260 98910s
 4138036 3012457    8.82818   27 4354    8.92746    8.82818  1.11%  2260 98929s
 4138044 3012469    8.82818   28 4304    8.92746    8.82818  1.11%  2260 98954s
 4138059 3012495    8.82818   29 4174    8.92746    8.82818  1.11%  2260 98976s
 4138090 3012516    8.82818   30 3279    8.92746    8.82818  1.11%  2260 98996s
 4138121 3012619    8.82818   31 3249    8.92746    8.82818  1.11%  2260 99015s
 4138238 3012669    8.82818   34 2983    8.92746    8.82818  1.11%  2260 99030s
 4138331 3012735    8.82818   35 2966    8.92746    8.82818  1.11%  2260 99043s
 4138430 3012796    8.82818   37 2857    8.92746    8.82818  1.11%  2260 99055s
 4138525 3012852    8.82818   38 2700    8.92746    8.82818  1.11%  2260 99071s
 4138623 3012891    8.82818   40 2558    8.92746    8.82818  1.11%  2261 99083s
 4138705 3012925    8.82818   41 2660    8.92746    8.82818  1.11%  2261 99095s
 4138791 3012958    8.82818   42 2476    8.92746    8.82818  1.11%  2261 99112s
 4138880 3012983    8.82818   43 2740    8.92746    8.82818  1.11%  2261 99129s
 4138958 3013006    8.82818   44 2148    8.92746    8.82818  1.11%  2261 99144s
 4139042 3013001    8.82818   46 2308    8.92746    8.82818  1.11%  2261 99157s
 4139112 3013026    8.82818   46 1883    8.92746    8.82818  1.11%  2261 99170s
 4139197 3013049    8.82818   48 2404    8.92746    8.82818  1.11%  2261 99185s
 4139293 3013087    8.82824   49 2327    8.92746    8.82818  1.11%  2261 99199s
 4139403 3013115    8.85944   50 1814    8.92746    8.82818  1.11%  2261 99213s
 4139504 3013138     cutoff   52         8.92746    8.82818  1.11%  2261 99228s
 4139622 3013143    8.89875   54 1843    8.92746    8.82818  1.11%  2261 99242s
 4139730 3013154     cutoff   55         8.92746    8.82818  1.11%  2262 99254s
 4139837 3013171     cutoff   56         8.92746    8.82818  1.11%  2262 99268s
 4139943 3013171     cutoff   57         8.92746    8.82818  1.11%  2262 99284s
 4140065 3013176    8.82818   31 4140    8.92746    8.82818  1.11%  2262 99300s
 4140181 3013206    8.82818   35 3017    8.92746    8.82818  1.11%  2262 99318s
 4140322 3013233    8.82818   37 2783    8.92746    8.82818  1.11%  2262 99333s
 4140448 3013274    8.82818   41 2789    8.92746    8.82818  1.11%  2262 99350s
 4140599 3013327    8.82818   43 2705    8.92746    8.82818  1.11%  2263 99364s
 4140779 3013362    8.89631   51 1729    8.92746    8.82818  1.11%  2263 99381s
 4140935 3013353     cutoff   51         8.92746    8.82818  1.11%  2263 99399s
 4141053 3013387    8.82818   31 4108    8.92746    8.82818  1.11%  2263 99417s
 4141194 3013392    8.82818   35 3914    8.92746    8.82818  1.11%  2263 99438s
 4141337 3013409     cutoff   46         8.92746    8.82818  1.11%  2263 99456s
 4141497 3013440    8.90646   41 2799    8.92746    8.82818  1.11%  2264 99479s
 4141667 3013477     cutoff   43         8.92746    8.82818  1.11%  2264 99502s
 4141869 3013521    8.82818   40 2949    8.92746    8.82818  1.11%  2264 99525s
 4142089 3013539     cutoff   51         8.92746    8.82818  1.11%  2264 99547s
 4142279 3013555 infeasible   51         8.92746    8.82818  1.11%  2264 99571s
 4142487 3013544    8.82818   32 4125    8.92746    8.82818  1.11%  2265 99596s
 4142701 3013573    8.82818   34 2975    8.92746    8.82818  1.11%  2265 99622s
 4142897 3013608    8.82922   35 3006    8.92746    8.82818  1.11%  2265 99649s
 4143119 3013546     cutoff   38         8.92746    8.82818  1.11%  2266 99671s
 4143190 3013550    8.88815   39 2789    8.92746    8.82818  1.11%  2266 99694s
 4143262 3013557     cutoff   39         8.92746    8.82818  1.11%  2266 99721s
 4143347 3013610     cutoff   41         8.92746    8.82818  1.11%  2266 99750s
 4143488 3013638     cutoff   42         8.92746    8.82818  1.11%  2266 99777s
 4143696 3013684     cutoff   42         8.92746    8.82818  1.11%  2266 99807s
 4143922 3013717    8.88760   38 1712    8.92746    8.82818  1.11%  2267 99839s
 4144202 3013794    8.82818   34 3186    8.92746    8.82818  1.11%  2267 99870s
 4144502 3013882 infeasible   50         8.92746    8.82818  1.11%  2267 99900s
 4144810 3013965    8.82818   43 2762    8.92746    8.82818  1.11%  2268 99939s
 4145158 3013976     cutoff   51         8.92746    8.82818  1.11%  2268 99973s
 4145515 3014003     cutoff   53         8.92746    8.82818  1.11%  2269 100008s
 4145852 3014057    8.82818   33 4129    8.92746    8.82818  1.11%  2269 100044s
 4146160 3014104    8.82818   36 3903    8.92746    8.82818  1.11%  2269 100084s
 4146553 3014139    8.84532   43 1748    8.92746    8.82818  1.11%  2270 100125s
 4146960 3014200    8.82818   34 3146    8.92746    8.82818  1.11%  2270 100169s
 4147376 3014185     cutoff   40         8.92746    8.82818  1.11%  2271 100211s
 4147771 3014298    8.92287   39 2767    8.92746    8.82818  1.11%  2271 100254s
 4148232 3014264    8.92410   38 2886    8.92746    8.82818  1.11%  2272 100300s
 4148721 3014209    8.90953   39 2762    8.92746    8.82818  1.11%  2273 100348s
 4149189 3014173    8.85511   44 2670    8.92746    8.82818  1.11%  2273 100398s
 4149625 3014215    8.86657   64 3623    8.92746    8.82818  1.11%  2274 100448s
 4150068 3014322    8.89927   73 3256    8.92746    8.82818  1.11%  2275 100499s
 4150629 3014433    8.82818   53 4086    8.92746    8.82818  1.11%  2275 100553s
 4151230 3014451    8.82818   63 3786    8.92746    8.82818  1.11%  2276 100616s
 4151723 3014607    8.82818   72 3632    8.92746    8.82818  1.11%  2277 100675s
 4152288 3014716    8.82818   79 3524    8.92746    8.82818  1.11%  2277 100736s
 4152885 3014899    8.82818   98 3183    8.92746    8.82818  1.11%  2278 100800s
 4153618 3015008     cutoff  132         8.92746    8.82818  1.11%  2279 100867s
 4154357 3015195     cutoff   48         8.92746    8.82818  1.11%  2280 100930s
 4155146 3015406    8.83141   57 3659    8.92746    8.82818  1.11%  2280 101000s
 4156032 3015739    8.85106   78 3290    8.92746    8.82818  1.11%  2281 101075s
 4157091 3015953     cutoff  102         8.92746    8.82818  1.11%  2282 101147s
 4158066 3016281    8.82818   43 4023    8.92746    8.82818  1.11%  2283 101222s
 4158996 3016699    8.82818   37 4054    8.92746    8.82818  1.11%  2284 101298s
 4159970 3017206    8.84103   38 2934    8.92746    8.82818  1.11%  2285 101379s
 4161163 3017504    8.87210   51 2541    8.92746    8.82818  1.11%  2285 101462s
 4162207 3017874    8.82818   51 3980    8.92746    8.82818  1.11%  2286 101545s
 4163291 3018091    8.87542   42 3935    8.92746    8.82818  1.11%  2287 101628s
 4164255 3018367    8.89433   48 3683    8.92746    8.82818  1.11%  2288 101711s
 4165288 3018601    8.91537   59 3375    8.92746    8.82818  1.11%  2289 101801s
 4166437 3018858 infeasible   48         8.92746    8.82818  1.11%  2290 101895s
 4167597 3019218    8.91775   45 3909    8.92746    8.82818  1.11%  2291 101996s
 4168996 3019211     cutoff   41         8.92746    8.82818  1.11%  2293 102086s
 4169855 3019244    8.85702   45 2691    8.92746    8.82818  1.11%  2294 102196s
 4170858 3019476     cutoff   45         8.92746    8.82818  1.11%  2295 102316s
 4171935 3019581     cutoff   58         8.92746    8.82818  1.11%  2297 102445s
 4173143 3019886     cutoff   97         8.92746    8.82818  1.11%  2299 102586s
 4174634 3019951     cutoff   82         8.92746    8.82818  1.11%  2301 102726s
 4175709 3020479     cutoff   48         8.92746    8.82818  1.11%  2303 102875s
 4177441 3020650    8.83931   80 3577    8.92746    8.82818  1.11%  2305 103038s
 4179301 3020753     cutoff   52         8.92746    8.82818  1.11%  2307 103200s
 4181084 3021100    8.82818   69 3918    8.92746    8.82818  1.11%  2310 103369s
 4183069 3021284    8.87014   43 2522    8.92746    8.82818  1.11%  2312 103536s
 4184951 3021407    8.92056   41 3197    8.92746    8.82818  1.11%  2315 103712s
 4186747 3021792    8.88061   51 3019    8.92746    8.82818  1.11%  2318 103897s
 4188825 3022260    8.85177  104 3389    8.92746    8.82818  1.11%  2321 104101s
 4191185 3022302     cutoff   90         8.92746    8.82818  1.11%  2324 104293s
 4193078 3022612     cutoff   53         8.92746    8.82818  1.11%  2327 104496s
 4195328 3023167    8.87205   44 2807    8.92746    8.82818  1.11%  2330 104717s
 4197839 3022836    8.88495  121 2906    8.92746    8.82818  1.11%  2333 104927s
H4198079 2872133                       8.9274553    8.82818  1.11%  2334 104927s
 4199656 2873200     cutoff   48         8.92746    8.82818  1.11%  2336 105218s
 4203069 2873268    8.82818  120 3153    8.92746    8.82818  1.11%  2341 105469s
 4205837 2874041    8.85048  185 2496    8.92746    8.82818  1.11%  2345 105730s
 4209308 2874658    8.91494  397 1564    8.92746    8.82818  1.11%  2349 105980s
 4212797 2874547    8.87867  116 3159    8.92746    8.82818  1.11%  2353 106225s
 4214953 2875875     cutoff   50         8.92746    8.82818  1.11%  2356 106504s
 4218629 2877036    8.91039  158 2436    8.92746    8.82818  1.11%  2360 106787s
 4222757 2877446    8.82949   43 2907    8.92746    8.82818  1.11%  2364 107041s
 4226021 2877287    8.92289  152 2618    8.92746    8.82818  1.11%  2368 107297s
 4228615 2877803     cutoff   83         8.92746    8.82818  1.11%  2373 107577s
 4232018 2878605    8.84144   40 2841    8.92746    8.82818  1.11%  2378 107847s
 4235627 2881402     cutoff   45         8.92746    8.82818  1.11%  2382 108110s
 4241389 2881101    8.83531  171 2470    8.92746    8.82818  1.11%  2385 108311s
 4244558 2880703     cutoff   42         8.92746    8.82818  1.11%  2387 108505s
 4246659 2880901    8.92079   75 3586    8.92746    8.82818  1.11%  2391 108715s
 4249314 2882466    8.92594   40 4102    8.92746    8.82818  1.11%  2394 108945s
 4253130 2882051    8.92423   43 2605    8.92746    8.82818  1.11%  2397 109166s
 4255623 2881935     cutoff   44         8.92746    8.82818  1.11%  2400 109391s
H4256665 2738497                       8.9274510    8.82818  1.11%  2401 109391s
H4256882 2602488                       8.9274498    8.82818  1.11%  2402 109391s
 4257491 2603388     cutoff  158         8.92745    8.82818  1.11%  2402 109653s
 4260388 2603289     cutoff   58         8.92745    8.82818  1.11%  2407 109950s
H4260389 2474149                       8.9274498    8.82818  1.11%  2407 109950s
 4263495 2474303     cutoff  135         8.92745    8.82818  1.11%  2412 110250s
H4266438 2350637                       8.9274493    8.82818  1.11%  2416 110250s
 4267050 2351897    8.88624   42 2793    8.92745    8.82818  1.11%  2417 110547s
 4270618 2352543    8.90334  122 3102    8.92745    8.82818  1.11%  2422 110830s
 4274561 2353677     cutoff  128         8.92745    8.82818  1.11%  2426 111102s
 4279044 2353716     cutoff   83         8.92745    8.82818  1.11%  2430 111344s
 4281998 2352732    8.83453   96 3360    8.92745    8.82818  1.11%  2433 111345s
 4282470 2353094     cutoff   49         8.92745    8.82818  1.11%  2434 111574s
H4282479 2236542                       8.9274493    8.82818  1.11%  2434 111574s
H4282494 2125815                       8.9274490    8.82818  1.11%  2434 111574s
H4282960 2020475                       8.9274489    8.82818  1.11%  2435 111574s
H4283316 1920430                       8.9274488    8.82818  1.11%  2435 111574s
H4284139 1825226                       8.9274487    8.82818  1.11%  2436 111574s
H4284344 1736365                       8.9274486    8.82818  1.11%  2437 111844s
 4287612 1737980     cutoff   44         8.92745    8.82818  1.11%  2441 112121s
H4290855 1651225                       8.9274486    8.82818  1.11%  2443 112121s
H4290855 1569834                       8.9274485    8.82818  1.11%  2443 112121s
 4292324 1570598    8.90284   84 3293    8.92745    8.82818  1.11%  2445 112309s
H4292662 1493164                       8.9274484    8.82818  1.11%  2445 112309s
 4294744 1493547    8.89536   43 4158    8.92745    8.82818  1.11%  2448 112513s
H4296550 1419491                       8.9274484    8.82818  1.11%  2450 112513s
 4297396 1421056    8.91517  124 3084    8.92745    8.82818  1.11%  2451 112736s
 4300926 1420668    8.90480   46 2364    8.92745    8.82818  1.11%  2454 112955s
 4303316 1421349     cutoff  151         8.92745    8.82818  1.11%  2457 113184s
 4306287 1421409     cutoff   42         8.92745    8.82818  1.11%  2460 113419s
 4308899 1422566    8.92025   51 2642    8.92745    8.82818  1.11%  2464 113667s
 4312710 1422308    8.88851   43 2776    8.92745    8.82818  1.11%  2467 113902s
 4315527 1421955    8.91917  124 3081    8.92745    8.82818  1.11%  2471 114144s
 4318012 1422950    8.82818  148 2671    8.92745    8.82818  1.11%  2474 114414s
 4321880 1423261    8.88014   48 2727    8.92745    8.82818  1.11%  2478 114640s
 4325060 1425155    8.90313  292 1519    8.92745    8.82818  1.11%  2482 114876s
 4329825 1424745    8.85604   42 3193    8.92745    8.82818  1.11%  2484 115071s
[2026-09-16T21:48:11.030] error: *** JOB 18607498 ON x1008c7s1b0n0 CANCELLED AT 2026-09-16T21:48:11 DUE TO TIME LIMIT ***
