2026-07-30 19:57:06 [INFO] idaes.core.surrogate.pysmo_surrogate: Decode surrogate. type=poly

===========================Polynomial Regression===============================================

The number of cross-validation cases (3) is used.
The default training/cross-validation split of 0.75 is used.
No iterations will be run.
Default parameter estimation method is used.
Parameter estimation method:  pyomo 

2026-07-30 19:57:06 [INFO] idaes.core.surrogate.pysmo_surrogate: Decode surrogate. type=poly

===========================Polynomial Regression===============================================

The number of cross-validation cases (3) is used.
The default training/cross-validation split of 0.75 is used.
No iterations will be run.
Default parameter estimation method is used.
Parameter estimation method:  pyomo 

2026-07-30 19:57:06 [INFO] idaes.core.surrogate.pysmo_surrogate: Decode surrogate. type=poly

===========================Polynomial Regression===============================================

The number of cross-validation cases (3) is used.
The default training/cross-validation split of 0.75 is used.
No iterations will be run.
Default parameter estimation method is used.
Parameter estimation method:  pyomo 

2026-07-30 19:57:06 [INFO] idaes.core.surrogate.pysmo_surrogate: Decode surrogate. type=poly

===========================Polynomial Regression===============================================

The number of cross-validation cases (3) is used.
The default training/cross-validation split of 0.75 is used.
No iterations will be run.
Default parameter estimation method is used.
Parameter estimation method:  pyomo 

2026-07-30 19:57:07 [INFO] idaes.apps.grid_integration.pricetaker.price_taker_model: Found minimum uptime/downtime data for pretreatment.uf_pumps[1] - Adding minimum uptime/downtime constraints.
2026-07-30 19:57:07 [INFO] idaes.apps.grid_integration.pricetaker.price_taker_model: Created startup/shutdown constraints for operation model  pretreatment.uf_pumps[1] at uf_pumps_1_startup_shutdown.
2026-07-30 19:57:07 [INFO] idaes.apps.grid_integration.pricetaker.price_taker_model: Found minimum uptime/downtime data for pretreatment.uf_pumps[2] - Adding minimum uptime/downtime constraints.
2026-07-30 19:57:07 [INFO] idaes.apps.grid_integration.pricetaker.price_taker_model: Created startup/shutdown constraints for operation model  pretreatment.uf_pumps[2] at uf_pumps_2_startup_shutdown.
2026-07-30 19:57:07 [INFO] idaes.apps.grid_integration.pricetaker.price_taker_model: Found minimum uptime/downtime data for pretreatment.uf_pumps[3] - Adding minimum uptime/downtime constraints.
2026-07-30 19:57:07 [INFO] idaes.apps.grid_integration.pricetaker.price_taker_model: Created startup/shutdown constraints for operation model  pretreatment.uf_pumps[3] at uf_pumps_3_startup_shutdown.
2026-07-30 19:57:07 [INFO] idaes.apps.grid_integration.pricetaker.price_taker_model: Found minimum uptime/downtime data for reverse_osmosis.ro_skid[1] - Adding minimum uptime/downtime constraints.
2026-07-30 19:57:07 [INFO] idaes.apps.grid_integration.pricetaker.price_taker_model: Created startup/shutdown constraints for operation model  reverse_osmosis.ro_skid[1] at ro_skid_1_startup_shutdown.
2026-07-30 19:57:07 [INFO] idaes.apps.grid_integration.pricetaker.price_taker_model: Found minimum uptime/downtime data for reverse_osmosis.ro_skid[2] - Adding minimum uptime/downtime constraints.
2026-07-30 19:57:07 [INFO] idaes.apps.grid_integration.pricetaker.price_taker_model: Created startup/shutdown constraints for operation model  reverse_osmosis.ro_skid[2] at ro_skid_2_startup_shutdown.
2026-07-30 19:57:07 [INFO] idaes.apps.grid_integration.pricetaker.price_taker_model: Found minimum uptime/downtime data for reverse_osmosis.ro_skid[3] - Adding minimum uptime/downtime constraints.
2026-07-30 19:57:07 [INFO] idaes.apps.grid_integration.pricetaker.price_taker_model: Created startup/shutdown constraints for operation model  reverse_osmosis.ro_skid[3] at ro_skid_3_startup_shutdown.
2026-07-30 19:57:07 [INFO] idaes.apps.grid_integration.pricetaker.price_taker_model: Found minimum uptime/downtime data for reverse_osmosis.ro_skid[4] - Adding minimum uptime/downtime constraints.
2026-07-30 19:57:07 [INFO] idaes.apps.grid_integration.pricetaker.price_taker_model: Created startup/shutdown constraints for operation model  reverse_osmosis.ro_skid[4] at ro_skid_4_startup_shutdown.
4200
Set parameter TokenServer to value "10.60.1.73"
Set parameter LogToConsole to value 1
Set parameter MIPGap to value 0.01
Gurobi Optimizer version 12.0.3 build v12.0.3rc0 (linux64 - "Red Hat Enterprise Linux 8.8 (Ootpa)")

CPU model: Intel(R) Xeon(R) Platinum 8470QL, instruction set [SSE2|AVX|AVX2|AVX512]
Thread count: 104 physical cores, 104 logical processors, using up to 32 threads

Non-default parameters:
MIPGap  0.01

Optimize a model with 18115 rows, 16467 columns and 49495 nonzeros
Model fingerprint: 0x90b47cab
Model has 168 quadratic objective terms
Model has 2352 quadratic constraints
Variable types: 11259 continuous, 5208 integer (5208 binary)
Coefficient statistics:
  Matrix range     [5e-04, 2e+03]
  QMatrix range    [2e-07, 1e+00]
  QLMatrix range   [3e-04, 1e+00]
  Objective range  [1e-05, 1e-03]
  QObjective range [2e-04, 2e-04]
  Bounds range     [9e-01, 1e+03]
  RHS range        [5e-02, 3e+05]
  QRHS range       [3e-01, 3e-01]
Presolve removed 10719 rows and 9396 columns
Presolve time: 0.08s
Presolved: 16144 rows, 7078 columns, 44821 nonzeros
Presolved model has 4 SOS constraint(s)
Presolved model has 2312 bilinear constraint(s)

Solving non-convex MIQCP

Variable types: 4964 continuous, 2114 integer (2114 binary)
Found heuristic solution: objective 20.7003269

Root relaxation: unbounded, 0 iterations, 0.01 seconds (0.00 work units)

    Nodes    |    Current Node    |     Objective Bounds      |     Work
 Expl Unexpl |  Obj  Depth IntInf | Incumbent    BestBd   Gap | It/Node Time

     0     2  postponed    0        20.70033          -      -     -    3s
     1     4   10.94444    1 2487   20.70033          -      - 30230    8s
H    3     8                      13.8750047   10.94444  21.1% 19988   10s
H    7    16                      13.8710047   10.94564  21.1%  8806   11s
H   31    64                      13.8602097   11.04332  20.3%  4015   13s
H   35    64                      13.8027990   11.04332  20.0%  3654   13s
H   41    64                      13.7211704   11.04332  19.5%  3290   13s
H   44    64                      13.5720456   11.04332  18.6%  3121   13s
H   63    96                      13.5710456   11.04381  18.6%  2590   14s
H   95   199                      12.6679614   11.04393  12.8%  1887   15s
H  120   199                      12.6515778   11.04393  12.7%  1710   15s
H  132   199                      12.6484961   11.04393  12.7%  1628   15s
H  144   199                      12.5897324   11.04393  12.3%  1576   15s
H  157   199                      12.5471463   11.04393  12.0%  1479   15s
H  287   356                      12.5372957   11.04393  11.9%  1245   18s
H  351   356                      12.4390627   11.04393  11.2%  1253   18s
   355   435   11.12162   12 2604   12.43906   11.04393  11.2%  1263   22s
   434   495   11.12537   13 2595   12.43906   11.04393  11.2%  1337   25s
H  500   583                      12.3738207   11.04393  10.7%  1556   28s
   582   660   11.13595   14 2649   12.37382   11.04393  10.7%  1490   32s
H  584   660                      12.3698599   11.04393  10.7%  1494   32s
H  587   660                      12.3425985   11.04393  10.5%  1502   32s
H  593   660                      12.3315406   11.04393  10.4%  1545   32s
H  598   660                      12.3190538   11.04393  10.4%  1544   32s
   751   832   11.12871   16 2614   12.31905   11.04393  10.4%  1457   35s
H  752   832                      12.3179725   11.04393  10.3%  1455   35s
H  782   832                      12.3142551   11.04393  10.3%  1441   35s
H  935  1028                      12.2791336   11.04393  10.1%  1353   37s
H  938  1028                      12.2786128   11.04393  10.1%  1350   37s
H  942  1028                      12.2695307   11.04393  10.0%  1350   37s
H  948  1028                      12.2053973   11.04393  9.52%  1353   37s
H 1027  1143                      12.2043973   11.04393  9.51%  1311   38s
H 1040  1143                      12.1990080   11.04393  9.47%  1316   38s
H 1096  1143                      12.1844766   11.04393  9.36%  1297   38s
H 1159  1253                      12.1834766   11.04393  9.35%  1274   39s
  1252  1373   11.14722   22 2388   12.18348   11.04393  9.35%  1250   41s
H 1374  1496                      12.1622016   11.04393  9.19%  1225   42s
H 1377  1496                      12.1534302   11.04393  9.13%  1226   42s
H 1384  1496                      12.1469971   11.04393  9.08%  1225   42s
H 1389  1496                      12.1376980   11.04393  9.01%  1224   42s
H 1613  1753                      12.1251771   11.04393  8.92%  1181   44s
H 1621  1753                      12.1115863   11.04393  8.82%  1180   44s
H 1639  1753                      12.0962084   11.04393  8.70%  1181   44s
  1752  1904   11.16892   27 2549   12.09621   11.04393  8.70%  1160   48s
H 1903  2053                      12.0918456   11.04393  8.67%  1157   49s
H 1905  2053                      12.0914688   11.04393  8.66%  1158   49s
H 1908  2053                      12.0783401   11.04393  8.56%  1160   49s
H 1912  2053                      12.0703196   11.04393  8.50%  1162   49s
H 1917  2053                      12.0574841   11.04393  8.41%  1163   49s
  2052  2202   11.17556   29 2530   12.05748   11.04393  8.41%  1125   50s
H 2209  2337                      12.0560398   11.04393  8.40%  1116   52s
H 2211  2337                      12.0417564   11.04393  8.29%  1117   52s
  2336  2505   11.17816   31 2508   12.04176   11.04393  8.29%  1122   56s
H 2504  2669                      12.0338715   11.04393  8.23%  1112   57s
H 2509  2669                      12.0272389   11.04393  8.18%  1114   57s
H 2626  2669                      12.0128198   11.04393  8.07%  1106   57s
  2668  2847   11.18570   33 2508   12.01282   11.04393  8.07%  1100   60s
H 2852  3019                      12.0089695   11.04393  8.04%  1107   61s
H 2857  3019                      11.9916653   11.04393  7.90%  1108   61s
H 3151  3202                      11.9915398   11.04393  7.90%  1112   63s
H 3196  3202                      11.9913841   11.04393  7.90%  1108   63s
  3350  3541   11.20476   39 2541   11.99138   11.04393  7.90%  1131   66s
H 3359  3541                      11.9864692   11.04393  7.86%  1132   66s
H 3369  3541                      11.9703011   11.04393  7.74%  1134   66s
H 3615  3759                      11.9701623   11.04393  7.74%  1131   67s
H 3631  3759                      11.9701523   11.04393  7.74%  1138   67s
H 3632  3746                      11.9400791   11.04393  7.51%  1138   67s
  3764  4025   11.24531   44 2513   11.94008   11.04393  7.51%  1114   71s
H 3772  4019                      11.9361771   11.04393  7.48%  1112   71s
H 3844  4019                      11.9353039   11.04393  7.47%  1118   71s
H 4100  4365                      11.9335098   11.04393  7.45%  1107   74s
H 4150  4365                      11.9330188   11.04393  7.45%  1103   74s
H 4339  4365                      11.9325253   11.04393  7.45%  1075   74s
  4403  4702   11.29926   61 2403   11.93253   11.04393  7.45%  1066   76s
H 4497  4701                      11.9306450   11.04393  7.43%  1081   76s
H 4753  5138                      11.9306450   11.04393  7.43%  1048   78s
H 4781  5137                      11.9296039   11.04393  7.42%  1046   78s
H 5004  5137                      11.9294485   11.04393  7.42%  1027   78s
  5187  5545   11.32808   71 2241   11.92945   11.04393  7.42%   997   81s
H 5618  5995                      11.9284485   11.04393  7.42%   971   84s
H 5654  5995                      11.9284475   11.04393  7.42%   982   84s
H 5660  5995                      11.9280951   11.04393  7.41%   983   84s
H 6059  5994                      11.9253548   11.04393  7.39%   946   84s
  6074  6467   11.33945   76 2229   11.92535   11.04393  7.39%   945   85s
H 6599  6893                      11.9253547   11.04451  7.39%   925   87s
H 6997  7397                      11.9253140   11.04451  7.39%   913   89s
H 7038  7397                      11.9253089   11.04451  7.39%   917   89s
H 7113  7397                      11.9252757   11.04451  7.39%   919   89s
  7515  7865   11.37877   90 2113   11.92528   11.04484  7.38%   889   91s
H 7518  7865                      11.9252757   11.04484  7.38%   889   91s
H 7537  7864                      11.9248823   11.04484  7.38%   893   91s
H 7789  7853                      11.9229089   11.04484  7.36%   893   91s
  7991  8331   11.40059   98 2090   11.92291   11.04547  7.36%   884  136s
H 8019  8328                      11.9226589   11.04547  7.36%   885  136s
H 8073  8327                      11.9225786   11.04547  7.36%   889  136s
H 8479  8798                      11.9225635   11.04547  7.36%   879  138s
H 8493  8798                      11.9225156   11.04547  7.36%   881  138s
H 8532  8798                      11.9225017   11.04547  7.36%   886  138s
H 8560  8798                      11.9224774   11.04547  7.36%   891  138s
H 8570  8797                      11.9223716   11.04547  7.36%   893  138s
  8964  9093   11.41513  103 2033   11.92237   11.04547  7.36%   880  140s
H 9035  9093                      11.9223716   11.04547  7.36%   890  140s
H 9116  9093                      11.9223117   11.04547  7.35%   893  140s
H 9202  9092                      11.9222885   11.04547  7.35%   896  140s
H 9345  9582                      11.9222865   11.04547  7.35%   910  142s
H 9750 10096                      11.9222846   11.04547  7.35%   898  144s
H 9753 10096                      11.9222829   11.04547  7.35%   900  144s
H 9829 10096                      11.9222785   11.04547  7.35%   911  144s
H 9883 10023                      11.9165517   11.04547  7.31%   917  144s
H10264 10580                      11.9145517   11.04547  7.29%   903  146s
H11611 11839                      11.9122212   11.04547  7.28%   887  150s
H11645 11568                      11.8900500   11.04547  7.10%   890  150s
H11870 11568                      11.8899548   11.04547  7.10%   885  150s
H12166 12361                      11.8829548   11.04547  7.05%   872  153s
 13114 13449   11.51940  139 1705   11.88295   11.04547  7.05%   846  155s
H14203 13509                      11.8828267   11.04547  7.05%   815  157s
H14218 13509                      11.8827616   11.04547  7.05%   815  157s
H14240 13509                      11.8827126   11.04547  7.05%   814  157s
 14263 14917   11.58469  176 1580   11.88271   11.04547  7.05%   815  161s
 15733 14919   11.40352   82  400   11.88271   11.40352  4.03%   764  167s
 15740 14924   11.56175  155  481   11.88271   11.45356  3.61%   764  170s
 15742 14925   11.55059  289  481   11.88271   11.45374  3.61%   764  175s
 15743 14929   11.45494   16 2249   11.88271   11.45374  3.61%   766  248s
 15749 14939   11.46112   18 2299   11.88271   11.45860  3.57%   767  250s
 15837 15073   11.47387   22 2160   11.88271   11.46710  3.50%   770  257s
 15920 15116   11.48237   23 2141   11.88271   11.46710  3.50%   775  260s
H16040 14397                      11.8817248   11.46710  3.49%   781  262s
 16120 14498   11.48769   25 1994   11.88172   11.46710  3.49%   785  266s
H16127 13787                      11.8807193   11.46710  3.48%   786  266s
 16344 13949   11.49664   28 2057   11.88072   11.46710  3.48%   794  270s
 16620 14122   11.50396   30 2065   11.88072   11.46710  3.48%   800  275s
 16826 14266   11.51443   31 2051   11.88072   11.46710  3.48%   804  280s
H16975 13701                      11.8807193   11.46710  3.48%   806  283s
 17058 13766   11.53242   34 2078   11.88072   11.46710  3.48%   809  285s
H17152 13194                      11.8807193   11.46710  3.48%   810  286s
 17471 13432   11.55754   42 2113   11.88072   11.46710  3.48%   805  291s
 17827 13656   11.58649   50 2079   11.88072   11.46710  3.48%   801  296s
 18058 13837   11.59076   53 2090   11.88072   11.46710  3.48%   800  301s
 18412 14068   11.60477   59 2093   11.88072   11.46710  3.48%   796  307s
H18626 13551                      11.8807193   11.46710  3.48%   794  308s
 18911 13816   11.62160   67 1989   11.88072   11.46710  3.48%   790  312s
 19279 14086   11.62755   73 1989   11.88072   11.46710  3.48%   786  315s
 19953 14549   11.65136   82 1965   11.88072   11.46710  3.48%   774  320s
 20729 15125   11.68026   94 1917   11.88072   11.46710  3.48%   760  326s
H21145 14514                      11.8807193   11.46710  3.48%   752  328s
H21148 13964                      11.8806237   11.46710  3.48%   752  328s
 21170 14605   11.68836  104 1853   11.88062   11.46710  3.48%   752  330s
 22492 15176   11.78763  124 1725   11.88062   11.46710  3.48%   727  336s
 23514 15505   11.80817  151 1637   11.88062   11.47518  3.41%   717  340s
 24280 16071   11.81809  169 1597   11.88062   11.47624  3.40%   715  345s
 25406 16816   11.82452  190 1593   11.88062   11.47624  3.40%   707  351s
H25572 16240                      11.8806237   11.47624  3.40%   705  351s
 26551 16578   11.83208  211 1564   11.88062   11.47624  3.40%   697  357s
H26552 15369                      11.8477935   11.47624  3.14%   697  357s
 26734 16097   11.83213  212 1565   11.84779   11.47624  3.14%   696  360s
H27585 15666                      11.8474449   11.47662  3.13%   687  363s
H27600 15214                      11.8474433   11.47662  3.13%   687  363s
H27603 14788                      11.8474351   11.47662  3.13%   687  363s
H27604 14381                      11.8473046   11.47662  3.13%   687  363s
H27674 13971                      11.8471721   11.47662  3.13%   687  363s
 27969 14737   11.83928  229 1536   11.84717   11.47662  3.13%   683  366s
H28889 14631                      11.8471547   11.47662  3.13%   674  370s
H28895 14283                      11.8471538   11.47662  3.13%   674  370s
 30473 15555     cutoff  250        11.84715   11.48034  3.10%   660  377s
 31487 15836   11.52008   31 2016   11.84715   11.48212  3.08%   654  380s
 32994 16743   11.65919   76 2018   11.84715   11.48212  3.08%   645  386s
H34266 16722                      11.8466480   11.48269  3.07%   639  393s
H34461 15742                      11.8415085   11.48269  3.03%   638  393s
 34533 16430   11.70728  111 1795   11.84151   11.48269  3.03%   638  397s
H34720 16430                      11.8415085   11.48269  3.03%   639  397s
H35067 16365                      11.8412146   11.48269  3.03%   638  397s
 35413 17117   11.81252  138 1700   11.84121   11.48323  3.02%   636  401s
H35840 17111                      11.8411901   11.48358  3.02%   634  401s
 36225 18010   11.83825  172 1627   11.84119   11.48431  3.01%   634  405s
 37768 19451   11.62209   57 2099   11.84119   11.48431  3.01%   632  413s
 38702 20481   11.68065   78 1990   11.84119   11.48431  3.01%   630  419s
H38725 20424                      11.8408962   11.48431  3.01%   630  419s
H38957 20213                      11.8398882   11.48431  3.00%   629  419s
H39119 20016                      11.8389008   11.48456  2.99%   628  419s
H39862 20521                      11.8389008   11.48456  2.99%   626  424s
H39974 20521                      11.8389008   11.48456  2.99%   626  424s
H40265 20521                      11.8389008   11.48477  2.99%   626  424s
H40526 21208                      11.8389008   11.48477  2.99%   627  428s
 41321 22157   11.83781  154 1586   11.83890   11.48477  2.99%   626  433s
H41373 22157                      11.8388991   11.48477  2.99%   626  433s
 42377 23025   11.53600   34 2035   11.83890   11.48477  2.99%   625  437s
H42478 23025                      11.8388991   11.48477  2.99%   624  437s
H42497 23024                      11.8388875   11.48477  2.99%   625  437s
H42964 23024                      11.8388868   11.48477  2.99%   623  437s
 43338 24216   11.63518   58 2096   11.83889   11.48477  2.99%   622  442s
H43823 24215                      11.8388856   11.48477  2.99%   622  442s
 44651 24814   11.68354   81 1880   11.83889   11.48578  2.98%   620  447s
H44796 24812                      11.8388823   11.48578  2.98%   619  447s
H44797 24811                      11.8388802   11.48578  2.98%   619  447s
H44797 24808                      11.8388581   11.48578  2.98%   619  447s
H44798 24455                      11.8376109   11.48578  2.97%   619  447s
H44844 23941                      11.8358976   11.48578  2.96%   619  447s
H44930 21586                      11.8279847   11.48578  2.89%   619  447s
 45288 22582   11.81567  127 1715   11.82798   11.48578  2.89%   618  455s
H45334 22582                      11.8279847   11.48578  2.89%   618  455s
H45352 22582                      11.8279847   11.48578  2.89%   619  455s
 46563 23285   11.50398   27 1995   11.82798   11.48693  2.88%   618  461s
H46810 23228                      11.8277682   11.48693  2.88%   619  461s
H46868 23204                      11.8277024   11.48693  2.88%   619  461s
H47286 23167                      11.8275771   11.48693  2.88%   621  461s
 47369 24195   11.51664   32 2009   11.82758   11.48693  2.88%   621  468s
 48446 25319   11.62228   55 2068   11.82758   11.48828  2.87%   621  474s
H48962 25319                      11.8275739   11.48828  2.87%   622  474s
H49073 25319                      11.8275736   11.48828  2.87%   623  474s
H49283 25319                      11.8275724   11.48828  2.87%   623  474s
 49733 26599   11.69998   87 1787   11.82757   11.48828  2.87%   622  480s
 51234 27803     cutoff  144        11.82757   11.48941  2.86%   623  487s
 52593 29303   11.57665   43 2086   11.82757   11.48977  2.86%   625  494s
 54248 30864   11.69229   76 1871   11.82757   11.48977  2.86%   627  501s
 55921 32343   11.80039   97 1695   11.82757   11.48977  2.86%   628  508s
 57581 33506   11.82298  112 1599   11.82757   11.49028  2.85%   630  516s
 59077 34865     cutoff  121        11.82757   11.49051  2.85%   634  524s
 60686 34866   11.71184  108    0   11.82757   11.49135  2.84%   638  613s
 60688 34867   11.68701   77  388   11.82757   11.49135  2.84%   638  618s
 60689 34868   11.71055  101  652   11.82757   11.63938  1.59%   638  622s
 60692 34870   11.81737  114  640   11.82757   11.64243  1.57%   638  627s
 60694 34871   11.64350   58  715   11.82757   11.64350  1.56%   638  631s
 60696 34873   11.80429  119  714   11.82757   11.64357  1.56%   638  635s
 60700 34875   11.64380   24  720   11.82757   11.64380  1.55%   638  642s
 60702 34877   11.72305  104  720   11.82757   11.64390  1.55%   638  646s
 60704 34878   11.69712   89  720   11.82757   11.64393  1.55%   638  650s
 60708 34881   11.69752  115  723   11.82757   11.64393  1.55%   638  657s
 60710 34882   11.64600   82  729   11.82757   11.64411  1.55%   638  661s
 60712 34883   11.67672   83  734   11.82757   11.64498  1.54%   638  665s
 60715 34885   11.68702   91  739   11.82757   11.64557  1.54%   638  677s
 60716 34886   11.70893   92  739   11.82757   11.64557  1.54%   638  680s
 60717 34890   11.64583   28 2306   11.82757   11.64557  1.54%   639  775s
 60723 34900   11.64939   30 2234   11.82757   11.64716  1.53%   639  786s
 60731 34913   11.65128   31 2238   11.82757   11.64881  1.51%   639  791s
 60779 34961   11.65367   33 2227   11.82757   11.65100  1.49%   640  795s
 60897 35081   11.65740   35 2201   11.82757   11.65100  1.49%   640  804s
 60970 35141   11.65921   36 2218   11.82757   11.65100  1.49%   641  807s
 61055 35184   11.66106   37 2188   11.82757   11.65100  1.49%   641  811s
 61126 35237   11.66275   38 2167   11.82757   11.65100  1.49%   642  817s
 61203 35299   11.66453   39 2209   11.82757   11.65100  1.49%   644  822s
 61290 35359   11.66644   40 2201   11.82757   11.65100  1.49%   644  826s
 61469 35469   11.67061   42 2185   11.82757   11.65100  1.49%   645  834s
 61549 35531   11.67260   43 2131   11.82757   11.65100  1.49%   646  836s
 61638 35578   11.67463   44 2121   11.82757   11.65100  1.49%   646  841s
H61714 33839                      11.8272305   11.65100  1.49%   646  845s
H61731 32176                      11.8272191   11.65100  1.49%   647  845s
H61733 30600                      11.8271969   11.65100  1.49%   647  845s
H61784 29154                      11.8271857   11.65100  1.49%   648  847s
H61786 27731                      11.8271650   11.65100  1.49%   648  847s
H61788 26381                      11.8271557   11.65100  1.49%   648  847s
 61812 26456   11.68015   47 2173   11.82716   11.65100  1.49%   648  850s
 61985 26591   11.68673   50 2155   11.82716   11.65100  1.49%   648  859s
 62088 26657   11.69049   52 2147   11.82716   11.65100  1.49%   649  864s
 62192 26705   11.69309   54 2173   11.82716   11.65100  1.49%   651  868s
 62293 26802   11.69382   55 2179   11.82716   11.65100  1.49%   652  872s
 62426 26884   11.69537   57 2173   11.82716   11.65100  1.49%   653  878s
 62557 26968   11.69872   59 2162   11.82716   11.65100  1.49%   655  885s
 62696 27028   11.70037   61 2247   11.82716   11.65100  1.49%   658  891s
 62812 27038   11.70467   63 2262   11.82716   11.65100  1.49%   663  895s
H62831 25750                      11.8271504   11.65100  1.49%   663  895s
 62866 25831   11.70448   64 2273   11.82715   11.65100  1.49%   666  901s
 62976 25886   11.70547   66 2258   11.82715   11.65100  1.49%   671  906s
 63095 25943   11.77946   68 2213   11.82715   11.65100  1.49%   675  911s
H63116 24717                      11.8271504   11.65100  1.49%   675  911s
 63221 24757   11.78060   71 2190   11.82715   11.65100  1.49%   678  916s
H63251 23590                      11.8271504   11.65100  1.49%   680  916s
 63326 23695   11.78354   73 2196   11.82715   11.65100  1.49%   684  923s
 63487 23779   11.78644   78 2170   11.82715   11.65212  1.48%   688  929s
H63490 22678                      11.8271504   11.65212  1.48%   688  929s
H63551 21613                      11.8271504   11.65212  1.48%   689  929s
H63575 20613                      11.8271504   11.65212  1.48%   689  929s
 63646 20752   11.78716   79 2164   11.82715   11.65212  1.48%   692  933s
 63825 20862   11.79024   83 2103   11.82715   11.65321  1.47%   696  939s
H63828 19918                      11.8271502   11.65321  1.47%   697  939s
H63975 18973                      11.8271501   11.65367  1.47%   700  939s
 64016 19127   11.79114   84 2082   11.82715   11.65379  1.47%   701  944s
 64199 19240   11.79264   88 2047   11.82715   11.65379  1.47%   705  950s
 64392 19375   11.79862   92 2009   11.82715   11.65379  1.47%   712  955s
 64608 19544   11.79595   97 2000   11.82715   11.65444  1.46%   716  961s
 64864 19778   11.79732  101 1959   11.82715   11.65444  1.46%   720  968s
 65193 19946   11.79926  105 1928   11.82715   11.65467  1.46%   723  974s
H65224 19085                      11.8271501   11.65467  1.46%   723  974s
 65476 19390   11.80135  112 1869   11.82715   11.65467  1.46%   723  980s
 65873 19356   11.80713  119 1871   11.82715   11.65467  1.46%   725  986s
 65978 19439   11.80420  120 1868   11.82715   11.65473  1.46%   725  991s
 66104 19670   11.80451  120 1880   11.82715   11.65473  1.46%   727  998s
 66401 20050   11.80868  137 1788   11.82715   11.65473  1.46%   730 1005s
 66892 20478   11.81183  152 1736   11.82715   11.65478  1.46%   731 1012s
 67519 20684   11.81630  167 1725   11.82715   11.65478  1.46%   735 1021s
 67964 20971   11.81601  171 1714   11.82715   11.65478  1.46%   745 1028s
 68430 21249   11.82048  183 1695   11.82715   11.65478  1.46%   754 1035s
 68914 21425   11.82367  196 1663   11.82715   11.65478  1.46%   764 1044s
 69286 21706   11.82542  199 1644   11.82715   11.65485  1.46%   777 1052s
 69720 21877     cutoff  202        11.82715   11.65485  1.46%   789 1060s
 70097 22131   11.82676  206 1636   11.82715   11.65509  1.45%   804 1068s
 70562 22336   11.66492   38 2282   11.82715   11.65542  1.45%   815 1079s
 70983 22608   11.69292   56 2153   11.82715   11.65542  1.45%   830 1088s
 71481 22895   11.77228   64 2053   11.82715   11.65543  1.45%   843 1097s
 72042 23114   11.79206   94 1956   11.82715   11.65543  1.45%   856 1106s
 72562 23315   11.80798  121 1857   11.82715   11.65550  1.45%   869 1116s
 73065 23615   11.82545  130 1808   11.82715   11.65593  1.45%   883 1126s
 73678 24255   11.66265   35 2400   11.82715   11.65593  1.45%   894 1136s
 74606 24796   11.79745   82 1926   11.82715   11.65593  1.45%   900 1146s
 75516 25160   11.82408  117 1683   11.82715   11.65605  1.45%   911 1157s
 76293 25072     cutoff  122        11.82715   11.65609  1.45%   924 1168s
 76501 25696   11.82638  123 1665   11.82715   11.65609  1.45%   929 1178s
 77294 26294   11.67320   42 2262   11.82715   11.65609  1.45%   936 1189s
 78302 27017   11.67919   44 2238   11.82715   11.65609  1.45%   944 1201s
 79483 27358   11.68908   51 2220   11.82715   11.65609  1.45%   949 1213s
 80319 28099     cutoff   66        11.82715   11.65609  1.45%   954 1225s
 81494 28398   11.70162   64 2015   11.82715   11.65609  1.45%   962 1238s
 82337 28741   11.70581   67 2005   11.82715   11.65762  1.43%   977 1251s
 83175 29062   11.78226   70 2073   11.82715   11.65762  1.43%   991 1266s
 83934 29689   11.77923   69 2041   11.82715   11.65837  1.43%  1010 1280s
 84980 30660   11.79393   96 1878   11.82715   11.65856  1.43%  1023 1295s
 86471 30885   11.81026  147 1750   11.82715   11.65856  1.43%  1032 1309s
 87450 31923   11.81319  163 1671   11.82715   11.65856  1.43%  1046 1324s
 88905 33602   11.81767  211 1704   11.82715   11.65856  1.43%  1052 1340s
 91090 35032   11.82408  252 1678   11.82715   11.65856  1.43%  1051 1358s
 93524 35595   11.82533  268 1658   11.82715   11.65884  1.42%  1052 1370s
 95017 36277 infeasible  275        11.82715   11.65895  1.42%  1053 1381s
 96354 36754   11.82669  284 1725   11.82715   11.65895  1.42%  1056 1393s
 97413 37138   11.68296   44 2201   11.82715   11.65938  1.42%  1065 1408s
 98322 37698   11.82065  106 1606   11.82715   11.65945  1.42%  1077 1422s
 99337 37654   11.82593  116 1640   11.82715   11.65962  1.42%  1090 1438s
 99693 37935   11.82689  119 1647   11.82715   11.65962  1.42%  1099 1453s
H99993 35267                      11.8245436   11.65997  1.39%  1105 1453s
 100260 36680   11.68016   45 2287   11.82454   11.65997  1.39%  1111 1470s
H101532 35488                      11.8245436   11.66000  1.39%  1111 1470s
 102086 36044   11.81481  102 1696   11.82454   11.66000  1.39%  1115 1488s
H102106 35308                      11.8245436   11.66000  1.39%  1115 1488s
 103062 35953     cutoff  119        11.82454   11.66005  1.39%  1136 1507s
H104085 36310                      11.8239672   11.66005  1.39%  1158 1527s
H104194 36229                      11.8238806   11.66005  1.39%  1158 1527s
H104272 36188                      11.8238391   11.66005  1.39%  1160 1527s
H104357 36188                      11.8238366   11.66005  1.39%  1160 1527s
H104919 36187                      11.8238313   11.66005  1.39%  1166 1527s
H105027 36175                      11.8238235   11.66005  1.39%  1168 1527s
 105345 37099   11.82253  125 1810   11.82382   11.66005  1.39%  1174 1548s
 106548 38551   11.69050   51 2188   11.82382   11.66029  1.38%  1196 1572s
H106623 37403                      11.8226602   11.66029  1.37%  1197 1572s
H106914 36018                      11.8212499   11.66029  1.36%  1200 1572s
H107914 35992                      11.8212207   11.66061  1.36%  1208 1572s
H108192 35936                      11.8211678   11.66061  1.36%  1209 1572s
 108205 37332   11.79561   95 1837   11.82117   11.66061  1.36%  1210 1597s
H108341 37332                      11.8211678   11.66061  1.36%  1212 1597s
 109910 39446     cutoff  143        11.82117   11.66092  1.36%  1226 1622s
H110482 39441                      11.8211593   11.66099  1.35%  1231 1622s
H111069 39440                      11.8211515   11.66099  1.35%  1231 1622s
 112294 43165   11.69041   55 2139   11.82115   11.66099  1.35%  1231 1649s
H112680 43165                      11.8211515   11.66107  1.35%  1230 1649s
 116111 44972   11.80774   83 2028   11.82115   11.66107  1.35%  1222 1674s
 118050 45620   11.81711   92 1936   11.82115   11.66107  1.35%  1238 1700s
H118091 45620                      11.8211515   11.66107  1.35%  1239 1700s
H118302 45620                      11.8211515   11.66107  1.35%  1239 1700s
H118413 45620                      11.8211514   11.66107  1.35%  1243 1700s
H118559 45620                      11.8211511   11.66124  1.35%  1247 1700s
 118919 46901   11.81956   96 1891   11.82115   11.66124  1.35%  1258 1727s
 120526 48986   11.82098  100 1928   11.82115   11.66132  1.35%  1282 1759s
 123032 51264     cutoff   89        11.82115   11.66138  1.35%  1298 1792s
 125711 53301     cutoff   85        11.82115   11.66162  1.35%  1316 1824s
 128160 55303     cutoff  100        11.82115   11.66170  1.35%  1337 1859s
 130610 56721   11.82003  118 1769   11.82115   11.66199  1.35%  1358 1895s
 132394 59109   11.70785   66 2104   11.82115   11.66209  1.35%  1385 1935s
 135239 60233   11.81681  103 1620   11.82115   11.66209  1.35%  1407 1976s
H135241 60233                      11.8211508   11.66209  1.35%  1407 1976s
H135245 60140                      11.8210747   11.66209  1.34%  1407 1976s
H135356 60101                      11.8210459   11.66209  1.34%  1408 1976s
H135387 59994                      11.8209774   11.66209  1.34%  1408 1976s
H135711 59870                      11.8208875   11.66209  1.34%  1414 1976s
 136657 62588     cutoff  109        11.82089   11.66234  1.34%  1421 2021s
H136750 62588                      11.8208875   11.66234  1.34%  1421 2021s
H137771 62588                      11.8208874   11.66242  1.34%  1429 2021s
H137994 62588                      11.8208874   11.66243  1.34%  1430 2021s
 139850 64896     cutoff  110        11.82089   11.66244  1.34%  1445 2069s
H140703 64896                      11.8208873   11.66244  1.34%  1453 2069s
 142806 68544   11.67238   42 2259   11.82089   11.66269  1.34%  1475 2117s
H143646 68544                      11.8208873   11.66269  1.34%  1479 2117s
 147067 77114   11.80763  165 1725   11.82089   11.66289  1.34%  1483 2163s
H153296 77102                      11.8208734   11.66289  1.34%  1453 2163s
 155877 79583 infeasible  289        11.82087   11.66289  1.34%  1446 2205s
H155971 79580                      11.8208688   11.66289  1.34%  1446 2205s
H156147 79580                      11.8208688   11.66289  1.34%  1446 2205s
H156661 79580                      11.8208657   11.66289  1.34%  1453 2205s
H157506 79580                      11.8208646   11.66289  1.34%  1462 2205s
 158814 82161     cutoff  117        11.82086   11.66289  1.34%  1469 2250s
 162129 83862   11.82054  108 1565   11.82086   11.66314  1.33%  1492 2296s
 164612 90025   11.69692   56 2082   11.82086   11.66319  1.33%  1522 2347s
 171196 93503   11.81621  132 1859   11.82086   11.66328  1.33%  1506 2384s
 174993 95112   11.81937  143 1899   11.82086   11.66328  1.33%  1514 2420s
 177035 97267   11.81949   90 1734   11.82086   11.66348  1.33%  1535 2459s
 179733 99626   11.81783  104 1684   11.82086   11.66348  1.33%  1552 2498s
 182658 101780   11.80307   79 1977   11.82086   11.66371  1.33%  1567 2539s
 185324 103874   11.82030  103 1881   11.82086   11.66372  1.33%  1583 2579s
 187880 107664   11.77992   65 2170   11.82086   11.66380  1.33%  1598 2631s
 192027 109715   11.81757   95 2045   11.82086   11.66380  1.33%  1609 2679s
 194645 113107   11.79462   77 2132   11.82086   11.66399  1.33%  1628 2728s
 198397 114244   11.82035  115 1956   11.82086   11.66415  1.33%  1637 2775s
H199383 113853                      11.8206494   11.66417  1.32%  1649 2775s
H199952 111611                      11.8195601   11.66418  1.31%  1656 2775s
 199969 114919   11.81466  103 1878   11.81956   11.66418  1.31%  1657 2824s
 203977 120893     cutoff   65        11.81956   11.66418  1.31%  1664 2874s
H203978 118304                      11.8187318   11.66418  1.31%  1664 2874s
H204643 117023                      11.8183526   11.66418  1.30%  1661 2874s
H207831 116886                      11.8183116   11.66433  1.30%  1659 2874s
 210236 118809     cutoff  164        11.81831   11.66434  1.30%  1652 2912s
H211569 118776                      11.8182991   11.66434  1.30%  1657 2912s
 212646 120632   11.68435   49 2151   11.81830   11.66434  1.30%  1660 2953s
H213189 120584                      11.8182817   11.66434  1.30%  1664 2953s
 214982 123720   11.69691   52 2271   11.81828   11.66438  1.30%  1675 2996s
 218440 125417   11.81605   89 2014   11.81828   11.66444  1.30%  1681 3036s
 220617 127750   11.66792   40 2187   11.81828   11.66452  1.30%  1698 3083s
 223534 134128     cutoff  101        11.81828   11.66456  1.30%  1710 3133s
 230222 136041   11.81773  114 1606   11.81828   11.66474  1.30%  1695 3171s
 232470 138009   11.81765  118 1935   11.81828   11.66475  1.30%  1707 3210s
 235015 140055   11.81569   96 1777   11.81828   11.66484  1.30%  1718 3251s
 237493 142655   11.70415   57 2189   11.81828   11.66498  1.30%  1728 3295s
 240303 144128   11.81732   95 1905   11.81828   11.66498  1.30%  1738 3339s
 242303 148729   11.78780   72 2165   11.81828   11.66510  1.30%  1755 3388s
 247216 151218   11.81498  125 1879   11.81828   11.66515  1.30%  1752 3431s
 250126 154650   11.67833   44 2155   11.81828   11.66519  1.30%  1759 3479s
 253922 158119   11.79307  110 1925   11.81828   11.66519  1.30%  1755 3522s
 257640 160469   11.81310  216 1688   11.81828   11.66519  1.30%  1762 3563s
 260605 165830     cutoff   59        11.81828   11.66520  1.30%  1769 3606s
 266328 168937   11.81439  181 1620   11.81828   11.66520  1.30%  1756 3642s
 269733 171270     cutoff  187        11.81828   11.66520  1.30%  1758 3677s
 272417 173723     cutoff  195        11.81828   11.66538  1.29%  1763 3715s
 275248 177399   11.77303   64 2179   11.81828   11.66539  1.29%  1769 3753s
 279281 179455   11.81456  168 1807   11.81828   11.66540  1.29%  1766 3795s
 281679 182294   11.81815  186 1770   11.81828   11.66542  1.29%  1778 3851s
 285065 184902   11.78696   92 1882   11.81828   11.66548  1.29%  1790 3906s
 288186 189235   11.81683  181 1800   11.81828   11.66553  1.29%  1800 3962s
 293139 194270   11.80077   97 1623   11.81828   11.66554  1.29%  1802 4010s
 298639 197306   11.81718  144 1567   11.81828   11.66560  1.29%  1795 4051s
 302438 201613   11.81501  140 1611   11.81828   11.66566  1.29%  1795 4092s
 307166 204460     cutoff  104        11.81828   11.66572  1.29%  1789 4128s
 310325 207226   11.79737   76 2198   11.81828   11.66574  1.29%  1790 4171s
 313495 209127     cutoff  110        11.81828   11.66578  1.29%  1795 4214s
 315954 211151     cutoff   94        11.81828   11.66578  1.29%  1806 4262s
H316200 211151                      11.8182817   11.66578  1.29%  1807 4262s
 318437 214113   11.81678  103 1890   11.81828   11.66585  1.29%  1814 4313s
 322034 217055     cutoff   82        11.81828   11.66597  1.29%  1822 4364s
 325637 219745   11.81658  171 1470   11.81828   11.66604  1.29%  1829 4413s
 328765 225259   11.78147   83 2001   11.81828   11.66611  1.29%  1837 4463s
 334504 228099   11.81090  270 1527   11.81828   11.66620  1.29%  1830 4505s
 337821 230286     cutoff  345        11.81828   11.66620  1.29%  1837 4545s
 340531 232925   11.81726  381 1557   11.81828   11.66620  1.29%  1845 4587s
 343757 235734 infeasible  189        11.81828   11.66627  1.29%  1851 4630s
 347217 237839   11.68278   45 2261   11.81828   11.66627  1.29%  1856 4671s
H347299 237839                      11.8182817   11.66627  1.29%  1856 4671s
H348295 237837                      11.8182816   11.66633  1.29%  1856 4671s
 349657 240383   11.79203   72 2134   11.81828   11.66633  1.29%  1857 4719s
H349796 240383                      11.8182816   11.66633  1.29%  1858 4719s
 352708 242313     cutoff   98        11.81828   11.66645  1.28%  1864 4765s
 355129 244251   11.78790   72 2112   11.81828   11.66649  1.28%  1874 4812s
 357646 246782   11.79194   77 2097   11.81828   11.66649  1.28%  1885 4863s
 360746 249711   11.67319   43 2237   11.81828   11.66657  1.28%  1894 4913s
 364340 252072   11.81783  110 1944   11.81828   11.66659  1.28%  1901 4965s
 367556 255432     cutoff   91        11.81828   11.66672  1.28%  1911 5015s
 371585 257904     cutoff  126        11.81828   11.66672  1.28%  1916 5058s
 374515 261055   11.68746   52 2080   11.81828   11.66682  1.28%  1921 5106s
 378275 263794   11.79535   99 1822   11.81828   11.66682  1.28%  1923 5150s
 381497 266148   11.81575  162 1659   11.81828   11.66697  1.28%  1928 5195s
 384379 268604   11.68989   52 2004   11.81828   11.66703  1.28%  1934 5241s
 387463 271066   11.79157   87 1843   11.81828   11.66703  1.28%  1940 5287s
 390436 273531   11.79559   77 2056   11.81828   11.66711  1.28%  1947 5335s
 393435 275353     cutoff  117        11.81828   11.66717  1.28%  1954 5383s
H393953 275353                      11.8182816   11.66717  1.28%  1955 5383s
 395828 277715     cutoff   93        11.81828   11.66719  1.28%  1962 5434s
 398804 280753   11.69867   55 2184   11.81828   11.66725  1.28%  1971 5488s
 402549 282874   11.81270  114 1666   11.81828   11.66732  1.28%  1975 5532s
 405138 286445   11.79957  109 1653   11.81828   11.66736  1.28%  1977 5586s
 409243 288730   11.69246   49 2325   11.81828   11.66738  1.28%  1981 5634s
 412247 292151   11.81748  122 2022   11.81828   11.66745  1.28%  1988 5683s
 416272 295034   11.81797  121 1812   11.81828   11.66745  1.28%  1990 5728s
 419745 297183     cutoff  119        11.81828   11.66755  1.28%  1993 5773s
 422560 300840   11.79287   80 2169   11.81828   11.66755  1.28%  1997 5818s
 426852 301001   11.69055   55 2098   11.81828   11.66760  1.27%  1992 5909s
 427044 306291   11.69076   55 2115   11.81828   11.66761  1.27%  1992 5955s
 432549 308020   11.80369  132 1811   11.81828   11.66761  1.27%  1983 5999s
 434757 311647   11.81235  235 1646   11.81828   11.66764  1.27%  1992 6062s
 439005 313772   11.78110   61 2266   11.81828   11.66765  1.27%  1996 6117s
 441557 316798     cutoff  103        11.81828   11.66767  1.27%  2007 6175s
 445346 320082   11.71221   62 2142   11.81828   11.66775  1.27%  2013 6230s
 449296 322583     cutoff  101        11.81828   11.66781  1.27%  2018 6284s
 452329 327345   11.77927   77 1959   11.81828   11.66781  1.27%  2023 6337s
 457314 330231   11.80500  165 1737   11.81828   11.66787  1.27%  2018 6385s
 460703 333506   11.81608  299 1530   11.81828   11.66787  1.27%  2022 6433s
 464575 336413   11.81521  356 1482   11.81828   11.66789  1.27%  2024 6478s
 467967 339474   11.81589  379 1468   11.81828   11.66794  1.27%  2025 6519s
 471631 342277   11.81636  404 1465   11.81828   11.66801  1.27%  2026 6559s
 474878 348771   11.81729  429 1470   11.81828   11.66801  1.27%  2026 6599s
 481639 350491   11.81797  104 1936   11.81828   11.66801  1.27%  2010 6631s
 483659 352091   11.81725   82 1787   11.81828   11.66806  1.27%  2014 6664s
 485666 354137     cutoff  117        11.81828   11.66807  1.27%  2018 6702s
 488197 355841   11.81558  106 1566   11.81828   11.66810  1.27%  2021 6740s
 490366 357196   11.70515   65 2046   11.81828   11.66810  1.27%  2026 6780s
 492170 362795   11.69327   60 2102   11.81828   11.66818  1.27%  2030 6824s
 498114 365301   11.81638  195 1690   11.81828   11.66818  1.27%  2018 6868s
 500956 367812   11.68707   46 2388   11.81828   11.66821  1.27%  2022 6918s
 503965 370268   11.81619  120 1875   11.81828   11.66821  1.27%  2028 6971s
 507182 372208     cutoff  113        11.81828   11.66828  1.27%  2035 7023s
 510067 374884   11.81698   91 1695   11.81828   11.66828  1.27%  2044 7077s
 513363 377766   11.69205   52 2128   11.81828   11.66829  1.27%  2050 7132s
 516899 380283     cutoff  151        11.81828   11.66836  1.27%  2053 7183s
 520033 383848     cutoff  122        11.81828   11.66840  1.27%  2055 7237s
 524419 386642   11.78183   78 2103   11.81828   11.66844  1.27%  2055 7287s
 527738 389289   11.77637   64 2121   11.81828   11.66847  1.27%  2058 7332s
 530969 391539   11.81786  120 1908   11.81828   11.66852  1.27%  2060 7376s
 533686 397742   11.78559   77 1982   11.81828   11.66853  1.27%  2064 7424s
 540083 399977   11.81820  161 1856   11.81828   11.66853  1.27%  2054 7458s
 542772 401309   11.81474  134 1636   11.81828   11.66856  1.27%  2056 7494s
 544582 405602   11.77176   65 1958   11.81828   11.66856  1.27%  2060 7534s
 549259 407778   11.80579  150 1797   11.81828   11.66857  1.27%  2054 7570s
 551671 410071   11.81682  218 1660   11.81828   11.66857  1.27%  2056 7610s
 554481 412174     cutoff   87        11.81828   11.66861  1.27%  2058 7648s
 556952 413423   11.81669   91 1583   11.81828   11.66863  1.27%  2059 7694s
 558859 420785     cutoff   92        11.81828   11.66866  1.27%  2068 7768s
 567032 423600   11.67360   41 2303   11.81828   11.66873  1.27%  2059 7804s
 570170 425397   11.79869  120 1931   11.81828   11.66873  1.27%  2059 7840s
 572419 427680   11.67712   44 2160   11.81828   11.66873  1.27%  2063 7878s
 575233 429202   11.68534   49 2117   11.81828   11.66873  1.27%  2066 7918s
 577230 431814   11.77955   65 2320   11.81828   11.66873  1.27%  2069 7962s
 580470 434620   11.81614   95 1644   11.81828   11.66878  1.26%  2068 8006s
 583796 436508   11.81570  160 1553   11.81828   11.66882  1.26%  2070 8051s
 586092 439175   11.81523   83 1837   11.81828   11.66886  1.26%  2072 8095s
 589248 441168   11.81717  117 1935   11.81828   11.66890  1.26%  2074 8139s
 591743 443964     cutoff   97        11.81828   11.66892  1.26%  2079 8191s
 595163 447838   11.81794  128 1714   11.81828   11.66894  1.26%  2082 8241s
 599563 453764   11.77627   63 2049   11.81828   11.66894  1.26%  2078 8287s
 605764 455155   11.81424  123 1897   11.81828   11.66895  1.26%  2070 8326s
 607666 457051   11.81677  128 1867   11.81828   11.66896  1.26%  2075 8364s
 610013 459462   11.68568   46 2277   11.81828   11.66901  1.26%  2077 8406s
 612683 461051   11.78993   74 2105   11.81828   11.66901  1.26%  2080 8451s
 614740 463171   11.81673  117 1934   11.81828   11.66903  1.26%  2085 8500s
 617365 465807     cutoff  123        11.81828   11.66904  1.26%  2090 8546s
 620366 467587   11.79583   80 1819   11.81828   11.66906  1.26%  2092 8594s
 622590 471779   11.67950   44 2203   11.81828   11.66906  1.26%  2098 8651s
 627108 474408   11.79204   97 1927   11.81828   11.66910  1.26%  2096 8699s
 630201 476888   11.81755  186 1654   11.81828   11.66911  1.26%  2098 8749s
 633153 479682   11.68763   49 2086   11.81828   11.66911  1.26%  2101 8799s
 636670 483378   11.77255   60 2151   11.81828   11.66911  1.26%  2102 8848s
 641015 485873     cutoff   60        11.81828   11.66914  1.26%  2101 8894s
 643967 488051   11.81559  123 1491   11.81828   11.66916  1.26%  2103 8940s
 646724 491505     cutoff  129        11.81828   11.66918  1.26%  2107 8984s
 650742 493296   11.81508   87 1817   11.81828   11.66919  1.26%  2106 9023s
 652890 496832   11.69489   60 1994   11.81828   11.66921  1.26%  2109 9065s
 656651 499312   11.80915  132 1844   11.81828   11.66922  1.26%  2106 9104s
H658500 499312                      11.8182816   11.66922  1.26%  2106 9104s
 659521 502633   11.81690  160 1794   11.81828   11.66924  1.26%  2105 9144s
 663367 507192   11.67945   45 2300   11.81828   11.66924  1.26%  2103 9185s
 668129 509422   11.80153  146 1802   11.81828   11.66924  1.26%  2098 9220s
 670769 511055   11.81815  213 1738   11.81828   11.66925  1.26%  2100 9256s
 672777 512928   11.71135   66 2104   11.81828   11.66926  1.26%  2103 9296s
 675179 515314   11.77834   72 2002   11.81828   11.66928  1.26%  2106 9340s
 678128 518040     cutoff   80        11.81828   11.66934  1.26%  2108 9384s
H678986 518039                      11.8182816   11.66934  1.26%  2109 9384s
 681356 520276   11.81770  167 1702   11.81828   11.66937  1.26%  2110 9429s
 684029 523534   11.68920   50 2086   11.81828   11.66937  1.26%  2111 9477s
 687765 526050   11.69838   62 2025   11.81828   11.66941  1.26%  2112 9523s
 690930 532321   11.77367   72 2028   11.81828   11.66942  1.26%  2113 9571s
 697447 535064   11.81513  232 1686   11.81828   11.66942  1.26%  2104 9607s
 700654 537124   11.67670   43 2360   11.81828   11.66942  1.26%  2104 9644s
 703152 539209     cutoff  192        11.81828   11.66944  1.26%  2106 9683s
 705710 541838   11.70200   59 2191   11.81828   11.66944  1.26%  2108 9722s
 708889 544890     cutoff  117        11.81828   11.66949  1.26%  2109 9766s
 712501 547086   11.67202   40 2178   11.81828   11.66949  1.26%  2110 9806s
 715186 549761   11.76678   59 2106   11.81828   11.66953  1.26%  2112 9848s
 718434 555135   11.68300   45 2291   11.81828   11.66955  1.26%  2112 9892s
 724043 557103   11.81506  143 1785   11.81828   11.66956  1.26%  2106 9929s
 726330 559151     cutoff  153        11.81828   11.66956  1.26%  2108 9967s
 728884 561047   11.80233   86 2008   11.81828   11.66958  1.26%  2110 10007s
 731274 563020   11.81714  116 1743   11.81828   11.66961  1.26%  2113 10051s
 733730 564573     cutoff  106        11.81828   11.66962  1.26%  2116 10094s
 735780 567570   11.81334  121 1632   11.81828   11.66962  1.26%  2118 10142s
 739171 569945   11.70420   63 2147   11.81828   11.66966  1.26%  2118 10187s
 742126 573206   11.67425   40 2353   11.81828   11.66966  1.26%  2120 10237s
 746003 575960   11.78528   70 1994   11.81828   11.66968  1.26%  2122 10284s
 749427 577604     cutoff  105        11.81828   11.66973  1.26%  2123 10333s
 751864 582377   11.79765  104 1903   11.81828   11.66975  1.26%  2127 10380s
 756989 584965   11.81652  148 1785   11.81828   11.66975  1.26%  2123 10420s
 759950 586616     cutoff  154        11.81828   11.66975  1.26%  2124 10460s
H760786 586616                      11.8182816   11.66975  1.26%  2126 10460s
 761939 588732   11.78998   74 2086   11.81828   11.66975  1.26%  2126 10506s
 764725 591658   11.70245   64 2037   11.81828   11.66978  1.26%  2129 10552s
 768214 594388   11.69348   54 2083   11.81828   11.66980  1.26%  2130 10599s
 771526 596787   11.68025   44 2266   11.81828   11.66985  1.26%  2132 10645s
 774464 599735     cutoff  107        11.81828   11.66985  1.26%  2134 10692s
 778058 602629   11.69597   57 2099   11.81828   11.66989  1.26%  2135 10736s
H780256 602629                      11.8182815   11.66990  1.26%  2136 10736s
 781521 605037   11.69801   59 2110   11.81828   11.66990  1.26%  2136 10780s
 784356 608432   11.69770   61 2072   11.81828   11.66991  1.26%  2136 10826s
 788324 614234   11.67895   44 2190   11.81828   11.66994  1.26%  2134 10869s
 794349 616079   11.81376  164 1751   11.81828   11.66994  1.26%  2127 10905s
 796581 617929   11.81771  181 1746   11.81828   11.66994  1.26%  2129 10942s
 798881 620728   11.81542  113 1621   11.81828   11.66995  1.26%  2130 10987s
 802255 626587   11.80009  106 1612   11.81828   11.66995  1.26%  2131 11031s
 808382 627874   11.81589  148 1620   11.81828   11.66995  1.26%  2123 11062s
 809859 629327   11.81752  154 1583   11.81828   11.66998  1.25%  2126 11094s
 811757 631915   11.70738   69 1975   11.81828   11.67000  1.25%  2128 11129s
 814800 634884   11.81776  113 1672   11.81828   11.67000  1.25%  2127 11166s
 818304 637043   11.81739  113 1562   11.81828   11.67004  1.25%  2126 11204s
 820890 639370   11.81633  153 1873   11.81828   11.67005  1.25%  2127 11241s
 823676 641679   11.81140  122 1657   11.81828   11.67007  1.25%  2128 11282s
 826507 643415   11.80416   93 1586   11.81828   11.67007  1.25%  2129 11323s
 828663 649959   11.67915   44 2210   11.81828   11.67010  1.25%  2131 11367s
 835612 652135   11.81439  144 1808   11.81828   11.67010  1.25%  2121 11389s
 837986 653355   11.81531  148 1830   11.81828   11.67011  1.25%  2119 11414s
 839431 654485   11.81690  150 1841   11.81828   11.67011  1.25%  2121 11439s
 840805 656186     cutoff  154        11.81828   11.67011  1.25%  2122 11469s
H842274 656186                      11.8182815   11.67013  1.25%  2121 11469s
 842710 659429   11.68864   52 2160   11.81828   11.67013  1.25%  2121 11502s
 846145 661980   11.78472   81 2015   11.81828   11.67013  1.25%  2119 11533s
 849038 663194   11.81462  171 1751   11.81828   11.67013  1.25%  2119 11567s
 850676 665167   11.81789  189 1747   11.81828   11.67013  1.25%  2122 11602s
 853095 667285   11.81712   90 1702   11.81828   11.67015  1.25%  2123 11640s
 855732 672599   11.78213   96 1913   11.81828   11.67017  1.25%  2123 11680s
 861253 675070   11.79808  137 1797   11.81828   11.67018  1.25%  2117 11724s
 864095 677038   11.81523  224 1648   11.81828   11.67019  1.25%  2119 11773s
 866735 680083     cutoff  244        11.81828   11.67019  1.25%  2123 11829s
 870568 682857     cutoff  101        11.81828   11.67023  1.25%  2124 11882s
 874029 684939     cutoff  125        11.81828   11.67026  1.25%  2127 11933s
 876673 687607   11.80485  136 1698   11.81828   11.67026  1.25%  2129 11986s
 880066 691041   11.81675  123 1969   11.81828   11.67028  1.25%  2132 12040s
 884176 693630   11.81718   99 1733   11.81828   11.67032  1.25%  2133 12089s
 887375 697127   11.81816  125 1866   11.81828   11.67032  1.25%  2136 12139s
 890135 697127   11.77913   67 2063   11.81828   11.67034  1.25%  2135 12140s
 891502 702879   11.79057   95 1912   11.81828   11.67036  1.25%  2134 12184s
 897384 703727   11.81680  176 1720   11.81828   11.67036  1.25%  2129 12209s
 898451 705538   11.81758  177 1757   11.81828   11.67036  1.25%  2132 12239s
 900659 705573   11.80685   94 1640   11.81828   11.67036  1.25%  2132 12339s
 900782 708403   11.80843   95 1637   11.81828   11.67036  1.25%  2132 12373s
 903912 710212   11.81786  111 1576   11.81828   11.67036  1.25%  2132 12408s
 906097 712251     cutoff   87        11.81828   11.67038  1.25%  2133 12446s
 908561 715012   11.80482  105 1948   11.81828   11.67038  1.25%  2135 12485s
 911800 716531     cutoff   84        11.81828   11.67040  1.25%  2135 12526s
 913707 719071   11.80424  104 1840   11.81828   11.67041  1.25%  2137 12569s
 916819 722307   11.81298  116 1645   11.81828   11.67043  1.25%  2138 12612s
 920569 725551   11.81597  103 1582   11.81828   11.67044  1.25%  2138 12658s
 924357 727602   11.71372   67 2151   11.81828   11.67047  1.25%  2138 12697s
 926909 729544   11.78653   70 2033   11.81828   11.67048  1.25%  2140 12740s
 929306 732119   11.68060   43 2313   11.81828   11.67048  1.25%  2142 12788s
 932097 734318   11.81703  114 1931   11.81828   11.67050  1.25%  2144 12836s
 934762 736795   11.81698  120 1941   11.81828   11.67051  1.25%  2146 12885s
 937826 739085   11.81729  122 1941   11.81828   11.67052  1.25%  2149 12936s
 940857 743021   11.81742  125 1658   11.81828   11.67055  1.25%  2152 12987s
 945381 747527   11.80466  140 1726   11.81828   11.67056  1.25%  2151 13034s
 950091 750126   11.81720  214 1680   11.81828   11.67056  1.25%  2147 13077s
 953067 753313     cutoff   68        11.81828   11.67056  1.25%  2148 13126s
 956680 755966   11.81695  152 1778   11.81828   11.67057  1.25%  2147 13172s
 959777 761049   11.78489   79 2053   11.81828   11.67058  1.25%  2148 13219s
 965271 763502   11.81693  158 1767   11.81828   11.67058  1.25%  2144 13260s
 968158 766271     cutoff  198        11.81828   11.67060  1.25%  2145 13300s
 971464 768877   11.81798  149 1787   11.81828   11.67060  1.25%  2145 13340s
 974611 771647   11.81513  108 1651   11.81828   11.67063  1.25%  2146 13381s
 977897 774084   11.81022   97 1874   11.81828   11.67064  1.25%  2146 13423s
 980830 775934   11.81767  110 1763   11.81828   11.67065  1.25%  2148 13468s
 983159 778910   11.80973  120 1965   11.81828   11.67067  1.25%  2149 13526s
 987174 785151   11.76833   60 2101   11.81828   11.67070  1.25%  2150 13579s
 994231 789808   11.81264  179 1679   11.81828   11.67070  1.25%  2141 13616s
 999056 792496   11.81597  191 1704   11.81828   11.67070  1.25%  2137 13649s
 1001997 793840   11.81638  196 1719   11.81828   11.67070  1.25%  2137 13681s
 1003680 795202   11.81696  202 1737   11.81828   11.67070  1.25%  2140 13718s
 1005493 797123   11.81716  202 1722   11.81828   11.67070  1.25%  2143 13758s
 1007979 799505   11.80652  132 1772   11.81828   11.67072  1.25%  2144 13800s
 1010842 801917   11.81757  117 1808   11.81828   11.67073  1.25%  2146 13844s
 1013869 807857   11.77547   68 2090   11.81828   11.67073  1.25%  2146 13892s
 1019997 810217   11.81731  170 1779   11.81828   11.67073  1.25%  2139 13925s
 1022508 811410   11.81770  171 1781   11.81828   11.67073  1.25%  2140 13958s
 1024056 813381   11.70256   64 2126   11.81828   11.67073  1.25%  2141 13996s
 1026576 815319   11.67519   43 2220   11.81828   11.67077  1.25%  2143 14037s
 1029088 817442   11.81753  124 1724   11.81828   11.67078  1.25%  2144 14079s
 1031770 822834   11.79432  107 1846   11.81828   11.67079  1.25%  2145 14123s
 1037362 825291   11.81666  188 1684   11.81828   11.67080  1.25%  2139 14159s
 1040029 827045   11.68408   49 2177   11.81828   11.67080  1.25%  2140 14201s
 1042245 830640   11.81826  109 1712   11.81828   11.67081  1.25%  2143 14265s
 1046364 833475   11.68647   46 2238   11.81828   11.67081  1.25%  2146 14321s
 1049884 836942   11.78535   73 2016   11.81828   11.67084  1.25%  2148 14375s
 1054016 839360   11.81364  117 1686   11.81828   11.67085  1.25%  2149 14426s
 1056928 841428   11.81441  112 1867   11.81828   11.67085  1.25%  2151 14477s
 1059668 843593   11.78152   76 2013   11.81828   11.67088  1.25%  2154 14531s
 1062453 847354   11.81748  115 1871   11.81828   11.67089  1.25%  2157 14588s
 1066888 850315     cutoff  125        11.81828   11.67093  1.25%  2157 14638s
 1070585 852417   11.70098   59 2184   11.81828   11.67095  1.25%  2159 14681s
 1073098 855926 infeasible  102        11.81828   11.67095  1.25%  2160 14740s
 1076988 859313     cutoff   74        11.81828   11.67096  1.25%  2161 14791s
 1080906 863760   11.81684  137 1905   11.81828   11.67096  1.25%  2161 14838s
 1085652 866037   11.81790  141 1894   11.81828   11.67097  1.25%  2158 14881s
 1088332 868323 infeasible  114        11.81828   11.67098  1.25%  2159 14925s
 1091360 871160   11.67621   42 2272   11.81828   11.67098  1.25%  2160 14971s
 1094863 873183   11.78841   83 1948   11.81828   11.67099  1.25%  2160 15017s
 1097536 875463   11.81595  152 1759   11.81828   11.67099  1.25%  2163 15063s
 1100338 877406   11.81641   94 1902   11.81828   11.67099  1.25%  2165 15108s
 1102737 880732   11.80987   86 1985   11.81828   11.67102  1.25%  2167 15168s
 1106882 883227   11.70111   60 2137   11.81828   11.67103  1.25%  2168 15220s
 1109960 885408   11.68636   48 2214   11.81828   11.67107  1.25%  2171 15273s
 1112684 888697   11.79112   74 2108   11.81828   11.67108  1.25%  2173 15327s
 1116714 891211     cutoff   90        11.81828   11.67110  1.25%  2174 15378s
 1119757 894142   11.80744   94 1985   11.81828   11.67111  1.25%  2176 15431s
 1123337 898130     cutoff  111        11.81828   11.67113  1.25%  2177 15482s
 1127871 900955   11.81666  104 1801   11.81828   11.67113  1.25%  2176 15528s
 1131237 903724   11.80414  146 1823   11.81828   11.67115  1.24%  2177 15573s
 1134624 905500   11.81652   80 1835   11.81828   11.67117  1.24%  2178 15615s
H1134836 905500                      11.8182815   11.67117  1.24%  2178 15615s
 1136748 908101   11.69884   57 2204   11.81828   11.67118  1.24%  2179 15665s
 1139931 911349   11.68118   47 2267   11.81828   11.67119  1.24%  2180 15715s
 1143852 917183   11.78088   82 2005   11.81828   11.67121  1.24%  2180 15763s
 1149878 920280   11.81646  187 1813   11.81828   11.67121  1.24%  2176 15801s
 1153301 922324   11.81767  194 1802   11.81828   11.67121  1.24%  2175 15840s
H1154143 922322                      11.8182814   11.67121  1.24%  2176 15840s
 1155946 923767   11.80108   82 1980   11.81828   11.67122  1.24%  2176 15880s
 1157796 926712   11.68394   44 2299   11.81828   11.67123  1.24%  2178 15923s
 1161450 928689   11.81236  123 1627   11.81828   11.67124  1.24%  2177 15968s
 1163860 932670   11.70487   64 2216   11.81828   11.67125  1.24%  2179 16026s
 1168545 938577   11.70050   58 2074   11.81828   11.67126  1.24%  2178 16073s
 1174623 940197     cutoff  141        11.81828   11.67128  1.24%  2174 16110s
 1176655 942073   11.81708  115 1541   11.81828   11.67128  1.24%  2176 16148s
 1179014 944213   11.80058  119 1876   11.81828   11.67128  1.24%  2177 16190s
 1181717 947182     cutoff   90        11.81828   11.67128  1.24%  2178 16232s
 1185251 952873   11.79007   94 2057   11.81828   11.67131  1.24%  2178 16273s
 1191158 955877   11.81823  168 1761   11.81828   11.67131  1.24%  2172 16316s
 1194635 959019   11.81542  129 1668   11.81828   11.67131  1.24%  2173 16358s
 1198297 961256   11.80274  109 1767   11.81828   11.67132  1.24%  2172 16397s
 1201042 963211   11.81615   98 1665   11.81828   11.67133  1.24%  2173 16441s
 1203483 964846   11.79258   75 2095   11.81828   11.67134  1.24%  2175 16484s
 1205534 967940   11.68067   45 2333   11.81828   11.67135  1.24%  2176 16532s
 1209237 970289   11.67867   45 2227   11.81828   11.67136  1.24%  2177 16579s
 1212080 972738   11.69977   58 2052   11.81828   11.67137  1.24%  2178 16627s
 1215054 975234   11.79161   83 2068   11.81828   11.67139  1.24%  2180 16676s
 1218209 977606   11.81824  101 1799   11.81828   11.67140  1.24%  2181 16724s
 1221292 980208   11.79589   83 1968   11.81828   11.67142  1.24%  2182 16769s
 1224373 983073   11.79485   93 1742   11.81828   11.67142  1.24%  2183 16816s
 1227795 984954   11.78800   71 2023   11.81828   11.67142  1.24%  2184 16861s
 1230229 990790   11.68310   47 2241   11.81828   11.67145  1.24%  2184 16911s
 1236310 993342   11.80235  119 1911   11.81828   11.67146  1.24%  2179 16951s
 1239154 995343   11.81671  155 1851   11.81828   11.67146  1.24%  2180 16993s
 1241722 997915   11.80226  104 1657   11.81828   11.67147  1.24%  2181 17036s
 1244845 1000217   11.68379   48 2180   11.81828   11.67147  1.24%  2182 17077s
 1247689 1003018     cutoff  114        11.81828   11.67149  1.24%  2183 17122s
 1251117 1005661   11.81632   88 1641   11.81828   11.67150  1.24%  2184 17166s
 1254190 1007950   11.80397   91 2018   11.81828   11.67151  1.24%  2184 17215s
 1256940 1011265   11.67475   43 2267   11.81828   11.67153  1.24%  2185 17267s
 1260728 1015653   11.81768  239 1648   11.81828   11.67153  1.24%  2186 17314s
 1265356 1018490     cutoff  135        11.81828   11.67154  1.24%  2183 17358s
 1268737 1021022   11.80507  101 2019   11.81828   11.67154  1.24%  2183 17401s
 1271602 1023036     cutoff  132        11.81828   11.67154  1.24%  2184 17446s
 1274176 1025324   11.80087   74 1894   11.81828   11.67154  1.24%  2186 17494s
 1276987 1030299   11.71293   72 2060   11.81828   11.67156  1.24%  2187 17542s
 1282119 1032177   11.81437  118 1627   11.81828   11.67156  1.24%  2184 17587s
 1284477 1034954   11.68013   44 2215   11.81828   11.67157  1.24%  2186 17647s
 1288073 1038778   11.81776  120 1890   11.81828   11.67158  1.24%  2188 17704s
 1292467 1040880   11.67615   42 2290   11.81828   11.67159  1.24%  2188 17757s
 1295044 1043425   11.69316   51 2231   11.81828   11.67161  1.24%  2191 17809s
 1297853 1045576   11.81433   98 1897   11.81828   11.67161  1.24%  2191 17866s
 1300602 1049634     cutoff  105        11.81828   11.67162  1.24%  2194 17923s
 1305365 1055056   11.79955  114 1693   11.81828   11.67164  1.24%  2193 17974s
 1311068 1056654   11.81721  168 1717   11.81828   11.67164  1.24%  2190 18019s
 1313173 1060010   11.71324   71 2064   11.81828   11.67164  1.24%  2193 18086s
 1317312 1064507   11.81726   97 1694   11.81828   11.67165  1.24%  2195 18144s
 1322351 1067635     cutoff  125        11.81828   11.67166  1.24%  2195 18193s
 1326098 1071626   11.69534   60 2072   11.81828   11.67167  1.24%  2195 18239s
 1330644 1073914   11.81351  179 1714   11.81828   11.67168  1.24%  2194 18282s
 1333457 1075290   11.81681   91 1673   11.81828   11.67170  1.24%  2195 18325s
 1335182 1077471   11.70896   61 2166   11.81828   11.67171  1.24%  2196 18372s
 1337915 1079836   11.81797  103 1931   11.81828   11.67172  1.24%  2198 18422s
 1340864 1081853   11.81616  134 1660   11.81828   11.67173  1.24%  2199 18468s
 1343360 1089761   11.70350   65 2062   11.81828   11.67174  1.24%  2201 18525s
 1351658 1091645   11.81637  189 1678   11.81828   11.67174  1.24%  2194 18556s
 1353714 1093156   11.67630   41 2260   11.81828   11.67174  1.24%  2194 18588s
 1355582 1095609   11.81763  147 1801   11.81828   11.67174  1.24%  2195 18622s
 1358247 1095642   11.67847   43 2247   11.81828   11.67175  1.24%  2195 18713s
 1358302 1099445   11.67901   43 2222   11.81828   11.67175  1.24%  2195 18750s
 1362329 1101982   11.79457  130 1861   11.81828   11.67175  1.24%  2193 18785s
 1365295 1104374   11.81510  231 1603   11.81828   11.67176  1.24%  2193 18821s
 1368126 1106139     cutoff  258        11.81828   11.67177  1.24%  2193 18858s
 1370309 1111488   11.78021   71 2073   11.81828   11.67177  1.24%  2194 18903s
 1375854 1112778   11.81475  152 1865   11.81828   11.67178  1.24%  2190 18931s
 1377324 1114323   11.81604  158 1846   11.81828   11.67178  1.24%  2191 18963s
 1379217 1116052   11.78136   67 2020   11.81828   11.67179  1.24%  2192 18999s
 1381353 1117434 infeasible  102        11.81828   11.67179  1.24%  2194 19037s
 1383160 1119955   11.81655   91 1877   11.81828   11.67180  1.24%  2195 19079s
 1386227 1122424   11.81704  117 1677   11.81828   11.67180  1.24%  2195 19122s
 1389276 1125278   11.78096   70 2042   11.81828   11.67181  1.24%  2196 19166s
 1392587 1127537     cutoff  135        11.81828   11.67182  1.24%  2197 19209s
 1395456 1130313   11.81815  118 1678   11.81828   11.67184  1.24%  2198 19254s
 1398799 1132510   11.81637  161 1782   11.81828   11.67184  1.24%  2199 19300s
 1401499 1135162   11.78286   67 2170   11.81828   11.67185  1.24%  2200 19345s
 1404458 1137154   11.81767  113 2010   11.81828   11.67187  1.24%  2201 19395s
 1407050 1139951     cutoff   81        11.81828   11.67188  1.24%  2203 19449s
 1410502 1144429   11.81296  191 1767   11.81828   11.67188  1.24%  2204 19502s
 1415624 1146647   11.81550  123 1757   11.81828   11.67189  1.24%  2202 19549s
 1418394 1149340   11.79945  111 1836   11.81828   11.67190  1.24%  2204 19596s
 1421735 1151804   11.81615   94 1720   11.81828   11.67192  1.24%  2205 19643s
 1424767 1154504   11.79702   87 1951   11.81828   11.67193  1.24%  2206 19691s
 1428104 1157369   11.81672   95 1731   11.81828   11.67193  1.24%  2207 19739s
 1431572 1159257     cutoff  122        11.81828   11.67195  1.24%  2207 19783s
 1433966 1162720   11.78960   71 2083   11.81828   11.67196  1.24%  2209 19844s
 1437811 1166025   11.81646   93 1977   11.81828   11.67196  1.24%  2210 19899s
 1441578 1167988   11.77355   64 2126   11.81828   11.67196  1.24%  2210 19950s
 1444143 1170720   11.70039   56 2297   11.81828   11.67196  1.24%  2212 20006s
 1447631 1173054   11.71885   72 1990   11.81828   11.67200  1.24%  2213 20061s
 1450588 1175747   11.78963   81 1810   11.81828   11.67200  1.24%  2215 20117s
 1453811 1179872   11.79208   75 2102   11.81828   11.67202  1.24%  2216 20170s
 1458639 1185295   11.79531   97 1984   11.81828   11.67203  1.24%  2214 20220s
 1464315 1188021   11.81740  161 1793   11.81828   11.67204  1.24%  2211 20264s
 1467539 1190449   11.79789  155 1904   11.81828   11.67204  1.24%  2212 20310s
 1470441 1193086   11.81730  272 1754   11.81828   11.67204  1.24%  2212 20360s
 1473723 1196769     cutoff  117        11.81828   11.67205  1.24%  2212 20406s
 1478143 1199426   11.69009   51 2077   11.81828   11.67205  1.24%  2211 20449s
 1481388 1201836   11.78381   84 1988   11.81828   11.67207  1.24%  2212 20493s
 1484379 1204159   11.81604  103 1586   11.81828   11.67207  1.24%  2213 20538s
 1487160 1206296   11.81456   97 1895   11.81828   11.67209  1.24%  2214 20583s
 1489805 1208242   11.71335   65 2215   11.81828   11.67210  1.24%  2215 20632s
 1492292 1209940   11.80900   95 1960   11.81828   11.67210  1.24%  2217 20683s
 1494861 1213220   11.81768  106 1902   11.81828   11.67211  1.24%  2219 20729s
 1498543 1216446   11.67534   42 2333   11.81828   11.67211  1.24%  2218 20769s
 1501957 1219596   11.78291   88 1946   11.81828   11.67211  1.24%  2217 20809s
 1505616 1221474   11.81589  239 1638   11.81828   11.67212  1.24%  2216 20848s
 1507945 1223763     cutoff  256        11.81828   11.67213  1.24%  2218 20892s
 1510451 1225042   11.81750   91 2000   11.81828   11.67213  1.24%  2219 20935s
 1512175 1228534   11.68911   51 2170   11.81828   11.67214  1.24%  2221 20981s
 1516266 1233641   11.81340  147 1823   11.81828   11.67214  1.24%  2220 21024s
 1521648 1235734   11.81809  113 1585   11.81828   11.67215  1.24%  2216 21063s
 1524104 1238007   11.77700   79 1999   11.81828   11.67215  1.24%  2217 21107s
 1527025 1240819   11.79402  114 1883   11.81828   11.67216  1.24%  2218 21158s
 1530436 1243721   11.79987   84 1678   11.81828   11.67216  1.24%  2219 21205s
 1533789 1246600   11.81809  111 1705   11.81828   11.67216  1.24%  2219 21252s
 1537112 1251608   11.77865   82 1921   11.81828   11.67218  1.24%  2220 21301s
 1542371 1254235   11.81297  233 1713   11.81828   11.67218  1.24%  2217 21342s
 1545459 1255919   11.79320   75 2100   11.81828   11.67218  1.24%  2217 21383s
 1547690 1258000   11.69692   55 2235   11.81828   11.67218  1.24%  2219 21427s
 1550325 1260271   11.72763   72 1925   11.81828   11.67219  1.24%  2220 21474s
 1553066 1262592   11.79680  112 1961   11.81828   11.67221  1.24%  2221 21519s
 1555978 1265091   11.81609  105 1712   11.81828   11.67221  1.24%  2222 21570s
 1558949 1267333   11.79994   82 2112   11.81828   11.67223  1.24%  2223 21623s
 1561547 1270459 infeasible  106        11.81828   11.67224  1.24%  2225 21679s
 1565419 1273776     cutoff  130        11.81828   11.67225  1.24%  2226 21734s
 1569422 1276872   11.71072   69 2080   11.81828   11.67225  1.24%  2227 21785s
 1573196 1279639   11.81767  108 1941   11.81828   11.67227  1.24%  2227 21833s
 1576551 1283243     cutoff   61        11.81828   11.67228  1.24%  2228 21882s
 1580704 1285382   11.81701  179 1782   11.81828   11.67228  1.24%  2227 21927s
 1583348 1287995 infeasible  184        11.81828   11.67229  1.24%  2228 21973s
 1586527 1290212   11.70839   65 2174   11.81828   11.67229  1.24%  2229 22019s
 1589204 1292454   11.68126   45 2224   11.81828   11.67231  1.24%  2230 22069s
 1591994 1294324   11.81826   88 2007   11.81828   11.67232  1.24%  2231 22122s
 1594414 1297017   11.81820   99 2017   11.81828   11.67233  1.23%  2233 22178s
 1597785 1299609   11.81758  114 1680   11.81828   11.67234  1.23%  2235 22234s
 1601075 1302470     cutoff  103        11.81828   11.67234  1.23%  2236 22292s
 1604682 1305800     cutoff  141        11.81828   11.67236  1.23%  2237 22347s
 1608490 1309106   11.78064   92 1851   11.81828   11.67236  1.23%  2238 22405s
 1612207 1310356   11.79692  103 1852   11.81828   11.67237  1.23%  2238 22450s
 1614085 1313861   11.77729   75 2048   11.81828   11.67237  1.23%  2241 22527s
 1618575 1318534     cutoff  154        11.81828   11.67239  1.23%  2243 22588s
 1623949 1321000     cutoff  128        11.81828   11.67239  1.23%  2243 22638s
 1626874 1323545   11.68427   44 2352   11.81828   11.67240  1.23%  2243 22690s
 1630084 1325924   11.81818   98 2110   11.81828   11.67241  1.23%  2244 22742s
 1633064 1328400   11.68206   46 2148   11.81828   11.67242  1.23%  2245 22794s
 1636157 1331163   11.81529  128 1903   11.81828   11.67243  1.23%  2246 22847s
 1639407 1336901   11.69270   53 2264   11.81828   11.67244  1.23%  2247 22901s
 1645487 1338954   11.81495  148 1831   11.81828   11.67244  1.23%  2244 22946s
 1648081 1344082   11.68849   52 2107   11.81828   11.67244  1.23%  2246 23002s
 1653696 1345956   11.81585  138 1813   11.81828   11.67245  1.23%  2244 23041s
 1656055 1347537   11.81603   91 1693   11.81828   11.67245  1.23%  2245 23084s
 1658132 1350004   11.81638   82 1790   11.81828   11.67246  1.23%  2246 23130s
 1661151 1352944   11.81741  102 1664   11.81828   11.67247  1.23%  2247 23178s
 1664694 1356217   11.71363   68 2111   11.81828   11.67248  1.23%  2248 23224s
 1668441 1359071   11.81470  100 1963   11.81828   11.67248  1.23%  2247 23268s
 1671842 1361637   11.81808  105 1998   11.81828   11.67248  1.23%  2248 23312s
 1674925 1363821   11.77653   76 2038   11.81828   11.67250  1.23%  2248 23357s
 1677584 1367368   11.75811   55 2112   11.81828   11.67251  1.23%  2249 23413s
 1681875 1369874   11.80341   89 1916   11.81828   11.67252  1.23%  2249 23460s
 1684983 1372242   11.78245   66 1955   11.81828   11.67253  1.23%  2249 23508s
 1687830 1375896   11.81803  102 1615   11.81828   11.67253  1.23%  2250 23556s
 1692042 1378351     cutoff  162        11.81828   11.67253  1.23%  2249 23602s
 1695082 1381054   11.81794  139 1707   11.81828   11.67255  1.23%  2250 23649s
 1698420 1383709     cutoff  154        11.81828   11.67256  1.23%  2250 23696s
 1701754 1388774   11.79009   82 1973   11.81828   11.67256  1.23%  2251 23742s
 1707000 1392053   11.81730  146 1848   11.81828   11.67256  1.23%  2248 23788s
 1710669 1395185   11.67686   43 2336   11.81828   11.67257  1.23%  2248 23828s
 1714242 1397668   11.80699  129 1828   11.81828   11.67257  1.23%  2247 23869s
 1717089 1399360   11.81773  158 1734   11.81828   11.67258  1.23%  2247 23910s
 1719256 1401888     cutoff   98        11.81828   11.67258  1.23%  2249 23953s
 1722289 1403944   11.81724  157 1714   11.81828   11.67259  1.23%  2249 23997s
 1724815 1406136   11.80925  105 1850   11.81828   11.67259  1.23%  2250 24045s
 1727496 1411840 infeasible  130        11.81828   11.67260  1.23%  2251 24093s
 1733458 1413730   11.81668  163 1669   11.81828   11.67261  1.23%  2248 24133s
 1735847 1415958     cutoff  121        11.81828   11.67262  1.23%  2249 24177s
 1738600 1418244     cutoff  115        11.81828   11.67262  1.23%  2250 24223s
 1741360 1420695   11.81713   94 1973   11.81828   11.67263  1.23%  2251 24275s
 1744534 1423997   11.80204  117 1812   11.81828   11.67264  1.23%  2252 24329s
 1748493 1426499   11.81777  139 1720   11.81828   11.67265  1.23%  2253 24381s
 1751625 1429131     cutoff  124        11.81828   11.67265  1.23%  2254 24433s
 1754921 1431587   11.67925   44 2233   11.81828   11.67266  1.23%  2255 24482s
 1757911 1434039   11.81331   85 2083   11.81828   11.67267  1.23%  2256 24534s
 1760899 1436445   11.69661   55 2096   11.81828   11.67268  1.23%  2257 24587s
 1763699 1438456   11.81792  106 2046   11.81828   11.67269  1.23%  2259 24640s
 1766399 1441422     cutoff   96        11.81828   11.67269  1.23%  2260 24696s
 1770101 1443876   11.70230   62 2144   11.81828   11.67270  1.23%  2261 24742s
 1773158 1447082   11.79810   96 1822   11.81828   11.67270  1.23%  2262 24790s
 1776978 1450121   11.79196   73 1872   11.81828   11.67271  1.23%  2262 24835s
 1780482 1451408   11.79832  105 1760   11.81828   11.67272  1.23%  2262 24879s
 1782537 1454059     cutoff  148        11.81828   11.67273  1.23%  2265 24926s
 1785819 1457033   11.79528  120 1883   11.81828   11.67273  1.23%  2265 24973s
 1789453 1458764   11.81470  120 1693   11.81828   11.67274  1.23%  2266 25020s
 1791578 1460757   11.70381   59 2101   11.81828   11.67274  1.23%  2266 25068s
 1794146 1464133   11.81524   90 2030   11.81828   11.67275  1.23%  2268 25119s
 1798205 1467189   11.81688  101 1660   11.81828   11.67276  1.23%  2268 25168s
 1801938 1467377   11.67500   43 2238   11.81828   11.67276  1.23%  2268 25266s
 1802260 1492475   11.67661   44 2223   11.81828   11.67276  1.23%  2268 25765s
 1833485 1495970   11.79412  117 1615   11.81828   11.67284  1.23%  2277 25811s
 1837315 1497999   11.81629  540 1240   11.81828   11.67284  1.23%  2276 25853s
 1839835 1500396   11.69715   61 2064   11.81828   11.67284  1.23%  2276 25895s
 1843066 1505339     cutoff   67        11.81828   11.67285  1.23%  2276 25940s
 1848522 1507991   11.81103  173 1806   11.81828   11.67285  1.23%  2272 25978s
 1851455 1510315   11.81799  219 1790   11.81828   11.67286  1.23%  2272 26016s
 1854221 1511595     cutoff   88        11.81828   11.67286  1.23%  2273 26054s
 1855848 1513350   11.67641   44 2218   11.81828   11.67286  1.23%  2274 26097s
 1858076 1516192   11.67792   43 2308   11.81828   11.67287  1.23%  2275 26143s
 1861189 1517435   11.80103   82 2063   11.81828   11.67287  1.23%  2275 26191s
 1863029 1520245   11.81600  103 2076   11.81828   11.67287  1.23%  2277 26237s
 1866460 1522349   11.79583   78 1765   11.81828   11.67287  1.23%  2277 26280s
 1869019 1524618   11.69664   52 2223   11.81828   11.67288  1.23%  2278 26333s
 1871541 1527170     cutoff  108        11.81828   11.67289  1.23%  2280 26384s
 1874737 1529229     cutoff  122        11.81828   11.67289  1.23%  2281 26437s
 1877412 1531999   11.81707  112 1665   11.81828   11.67290  1.23%  2282 26491s
 1880862 1534682     cutoff  111        11.81828   11.67290  1.23%  2283 26551s
 1884241 1538111   11.81362  136 1640   11.81828   11.67291  1.23%  2284 26605s
 1888364 1544173   11.79420  109 1921   11.81828   11.67292  1.23%  2283 26655s
 1894604 1546721   11.81758  191 1723   11.81828   11.67292  1.23%  2280 26701s
 1897653 1549082   11.81532  133 1660   11.81828   11.67292  1.23%  2281 26750s
 1900512 1551464   11.70584   61 2240   11.81828   11.67294  1.23%  2282 26802s
 1903245 1553196   11.67755   44 2183   11.81828   11.67294  1.23%  2284 26858s
 1905541 1556738   11.81764   92 1931   11.81828   11.67294  1.23%  2285 26916s
 1909860 1559708   11.81257  114 1915   11.81828   11.67294  1.23%  2286 26972s
 1913339 1561690   11.70909   66 2115   11.81828   11.67296  1.23%  2286 27026s
 1915688 1565905   11.81654  104 1995   11.81828   11.67296  1.23%  2288 27087s
 1920512 1568626     cutoff   91        11.81828   11.67297  1.23%  2287 27137s
 1923912 1571094     cutoff  110        11.81828   11.67297  1.23%  2288 27183s
 1926936 1573276   11.81643  115 1598   11.81828   11.67297  1.23%  2289 27234s
 1929705 1576119     cutoff  108        11.81828   11.67299  1.23%  2291 27286s
 1933041 1578572   11.81349  105 1986   11.81828   11.67300  1.23%  2291 27337s
 1935951 1582679   11.68424   49 2225   11.81828   11.67300  1.23%  2292 27391s
 1940648 1585009   11.81433  190 1636   11.81828   11.67300  1.23%  2291 27438s
 1943372 1587688   11.81671  207 1695   11.81828   11.67300  1.23%  2292 27488s
 1946566 1593140   11.79774   84 1816   11.81828   11.67302  1.23%  2292 27538s
 1952371 1595998   11.81554  124 1635   11.81828   11.67302  1.23%  2289 27581s
 1955608 1598320   11.81615  141 1798   11.81828   11.67303  1.23%  2289 27627s
 1958438 1601160     cutoff   82        11.81828   11.67303  1.23%  2291 27678s
 1962086 1604033   11.78217   75 2010   11.81828   11.67304  1.23%  2291 27727s
 1965627 1607229   11.81715  157 1617   11.81828   11.67305  1.23%  2291 27775s
 1969375 1608871   11.67714   43 2242   11.81828   11.67306  1.23%  2291 27821s
 1971480 1611637   11.68445   48 2135   11.81828   11.67306  1.23%  2292 27871s
 1974763 1614315   11.69526   53 2174   11.81828   11.67307  1.23%  2292 27924s
 1977784 1616691   11.81610  103 1982   11.81828   11.67307  1.23%  2293 27975s
 1980804 1620178   11.80729   94 1747   11.81828   11.67308  1.23%  2294 28029s
 1984962 1622360   11.77573   63 2039   11.81828   11.67310  1.23%  2294 28075s
 1987688 1625886   11.81565  122 1845   11.81828   11.67310  1.23%  2295 28129s
 1991873 1629572   11.81769  167 1739   11.81828   11.67311  1.23%  2295 28177s
 1996116 1632510     cutoff  136        11.81828   11.67311  1.23%  2294 28221s
 1999616 1635758     cutoff   85        11.81828   11.67312  1.23%  2294 28263s
 2003385 1638808   11.80135   81 1867   11.81828   11.67312  1.23%  2293 28306s
 2006877 1640083   11.81575  121 1663   11.81828   11.67312  1.23%  2293 28347s
 2008559 1643383   11.68424   46 2280   11.81828   11.67313  1.23%  2294 28393s
 2012594 1648895   11.68953   49 2250   11.81828   11.67314  1.23%  2292 28436s
 2018299 1651254   11.81551  141 1802   11.81828   11.67314  1.23%  2289 28485s
 2021154 1656020   11.68093   43 2283   11.81828   11.67314  1.23%  2290 28536s
 2026312 1658276   11.80962  157 1731   11.81828   11.67314  1.23%  2288 28576s
 2028931 1661952   11.81766  204 1692   11.81828   11.67315  1.23%  2289 28617s
 2032945 1664234   11.78852   83 2039   11.81828   11.67315  1.23%  2288 28657s
 2035784 1666550   11.69314   48 2342   11.81828   11.67316  1.23%  2288 28699s
 2038734 1669214     cutoff  112        11.81828   11.67317  1.23%  2287 28740s
 2041931 1671315   11.81740  178 1684   11.81828   11.67317  1.23%  2288 28783s
 2044507 1673363   11.69912   57 2115   11.81828   11.67318  1.23%  2288 28827s
 2046934 1674655   11.81781   91 1989   11.81828   11.67318  1.23%  2289 28874s
 2049047 1677093   11.78647   97 1862   11.81828   11.67319  1.23%  2291 28920s
 2052092 1679656   11.81760  168 1824   11.81828   11.67319  1.23%  2292 28971s
 2055068 1682578     cutoff  110        11.81828   11.67319  1.23%  2292 29023s
 2058689 1685476   11.79945  106 1676   11.81828   11.67320  1.23%  2292 29072s
 2062297 1692151   11.69959   59 2106   11.81828   11.67321  1.23%  2292 29120s
 2069198 1693371   11.81689  125 1585   11.81828   11.67321  1.23%  2288 29157s
 2070756 1694971   11.70537   64 2152   11.81828   11.67321  1.23%  2290 29196s
 2072815 1697268     cutoff  101        11.81828   11.67321  1.23%  2291 29240s
 2075710 1700000   11.81827  106 1947   11.81828   11.67321  1.23%  2291 29284s
 2078901 1702852   11.67827   44 2144   11.81828   11.67323  1.23%  2291 29329s
 2082380 1704942     cutoff  131        11.81828   11.67323  1.23%  2291 29374s
 2085005 1707647     cutoff  127        11.81828   11.67324  1.23%  2292 29421s
 2088359 1709966   11.67926   45 2197   11.81828   11.67325  1.23%  2293 29470s
 2091301 1712832     cutoff  113        11.81828   11.67326  1.23%  2293 29519s
 2094823 1715012     cutoff  114        11.81828   11.67326  1.23%  2294 29568s
 2097544 1717577   11.81626  121 1944   11.81828   11.67327  1.23%  2295 29616s
 2100645 1719249   11.80209   88 2047   11.81828   11.67328  1.23%  2295 29666s
 2102593 1721542   11.81677  107 2008   11.81828   11.67328  1.23%  2296 29721s
 2105548 1724702     cutoff   84        11.81828   11.67328  1.23%  2297 29777s
 2109420 1727141   11.81543  110 1793   11.81828   11.67329  1.23%  2298 29822s
 2112290 1732699   11.69093   55 2043   11.81828   11.67329  1.23%  2298 29874s
 2118069 1734655   11.80998  179 1700   11.81828   11.67329  1.23%  2296 29910s
 2120440 1736816   11.81574  214 1689   11.81828   11.67331  1.23%  2297 29948s
 2123221 1741968   11.69237   52 2191   11.81828   11.67331  1.23%  2297 29989s
 2128607 1743397   11.80808  138 1836   11.81828   11.67332  1.23%  2294 30024s
 2130247 1745085   11.81545  168 1830   11.81828   11.67332  1.23%  2294 30061s
 2132421 1747217   11.81590  178 1842   11.81828   11.67332  1.23%  2295 30102s
 2135166 1753706   11.69773   59 2193   11.81828   11.67332  1.23%  2295 30143s
 2141880 1755701   11.81613  185 1719   11.81828   11.67333  1.23%  2291 30189s
 2144338 1758338   11.67909   43 2238   11.81828   11.67333  1.23%  2292 30250s
 2147468 1761209   11.79191   84 2057   11.81828   11.67333  1.23%  2294 30309s
 2150948 1767551   11.67941   44 2280   11.81828   11.67335  1.23%  2294 30369s
 2157720 1769550   11.81618  205 1701   11.81828   11.67335  1.23%  2292 30413s
 2160300 1771623   11.81774   98 1716   11.81828   11.67335  1.23%  2293 30460s
 2162884 1774455   11.67916   44 2252   11.81828   11.67335  1.23%  2294 30509s
 2166331 1777332   11.81680   86 1692   11.81828   11.67336  1.23%  2294 30557s
 2169672 1782583     cutoff   89        11.81828   11.67337  1.23%  2294 30605s
 2175275 1785458   11.78377   74 2050   11.81828   11.67337  1.23%  2292 30649s
 2178870 1791064   11.69888   61 2080   11.81828   11.67338  1.23%  2292 30691s
 2184642 1792773   11.80465  135 1802   11.81828   11.67338  1.23%  2289 30721s
 2186625 1794538     cutoff  181        11.81828   11.67338  1.23%  2289 30752s
 2188823 1796988   11.68234   45 2261   11.81828   11.67338  1.23%  2290 30790s
 2191742 1799092   11.67658   44 2295   11.81828   11.67338  1.23%  2289 30826s
 2194255 1800589   11.81662  211 1843   11.81828   11.67338  1.23%  2290 30864s
 2196322 1802844   11.69438   58 2103   11.81828   11.67340  1.23%  2291 30905s
 2198770 1807901   11.78449   92 1933   11.81828   11.67340  1.23%  2290 30947s
 2204032 1809596   11.81720  184 1760   11.81828   11.67341  1.23%  2287 30984s
 2206192 1812115   11.69398   55 2170   11.81828   11.67341  1.23%  2288 31031s
 2209372 1815328   11.67772   43 2275   11.81828   11.67341  1.23%  2289 31077s
 2213191 1817742   11.81749  125 1878   11.81828   11.67341  1.23%  2289 31122s
 2216145 1819452   11.81794  102 1913   11.81828   11.67343  1.23%  2289 31167s
 2218404 1822235     cutoff   88        11.81828   11.67343  1.23%  2290 31214s
 2221874 1824925   11.76903   60 2005   11.81828   11.67344  1.23%  2291 31261s
 2225179 1827603   11.77941   78 2043   11.81828   11.67344  1.23%  2291 31309s
 2228375 1830481   11.77604   73 1998   11.81828   11.67345  1.23%  2292 31355s
 2231871 1833680   11.76468   60 2071   11.81828   11.67346  1.23%  2292 31402s
 2235728 1836703   11.78007   78 1925   11.81828   11.67346  1.23%  2292 31448s
 2239278 1839680   11.81618  113 1614   11.81828   11.67347  1.23%  2292 31491s
 2242814 1841682   11.80255  165 1646   11.81828   11.67348  1.23%  2292 31532s
 2245278 1843690   11.70285   59 2274   11.81828   11.67348  1.23%  2293 31574s
 2247865 1843716   11.81742   90 1777   11.81828   11.67349  1.23%  2294 31676s
 2248052 1845928   11.67641   43 2213   11.81828   11.67349  1.23%  2294 31729s
 2251068 1848389   11.78384   87 1973   11.81828   11.67349  1.23%  2295 31778s
 2254001 1851478   11.80690  145 1822   11.81828   11.67349  1.23%  2295 31829s
 2257709 1854341   11.81620  194 1814   11.81828   11.67350  1.23%  2295 31879s
 2261195 1856799     cutoff  200        11.81828   11.67350  1.23%  2295 31928s
 2264259 1859532   11.81670  115 1825   11.81828   11.67351  1.23%  2296 31979s
 2267680 1862189   11.77557   68 2023   11.81828   11.67351  1.22%  2296 32024s
 2270899 1865494   11.67990   45 2172   11.81828   11.67352  1.22%  2297 32070s
 2274847 1871151   11.67908   43 2320   11.81828   11.67352  1.22%  2296 32112s
 2280713 1872748   11.79152   92 1919   11.81828   11.67352  1.22%  2293 32145s
 2282614 1874025   11.81652  177 1769   11.81828   11.67353  1.22%  2294 32181s
 2284526 1876134   11.68732   51 2205   11.81828   11.67353  1.22%  2294 32219s
 2287255 1880204   11.70406   65 2050   11.81828   11.67353  1.22%  2293 32259s
 2291810 1884175   11.80507  132 1818   11.81828   11.67354  1.22%  2291 32296s
 2296043 1886518   11.81613  190 1743   11.81828   11.67354  1.22%  2290 32330s
 2298646 1889059   11.69596   57 2132   11.81828   11.67354  1.22%  2289 32376s
 2301560 1893048     cutoff  104        11.81828   11.67354  1.22%  2290 32427s
 2306029 1895148   11.80662   84 1995   11.81828   11.67354  1.22%  2289 32469s
 2308523 1897291     cutoff   99        11.81828   11.67355  1.22%  2289 32515s
 2311239 1899740   11.81646  102 1665   11.81828   11.67355  1.22%  2290 32562s
 2314311 1902223     cutoff   98        11.81828   11.67356  1.22%  2291 32610s
 2317344 1905205   11.79931   72 1980   11.81828   11.67356  1.22%  2292 32659s
 2320878 1907420   11.69193   52 2244   11.81828   11.67357  1.22%  2292 32706s
 2323496 1910248   11.81198  137 1875   11.81828   11.67357  1.22%  2292 32759s
 2326816 1912845   11.78719   79 1967   11.81828   11.67357  1.22%  2293 32808s
 2329982 1915159   11.78615   70 2168   11.81828   11.67358  1.22%  2294 32856s
 2332931 1921053   11.81828  106 1979   11.81828   11.67358  1.22%  2294 32907s
 2339111 1922590   11.70609   61 2139   11.81828   11.67358  1.22%  2290 32940s
 2340899 1924222   11.81672  114 1916   11.81828   11.67358  1.22%  2291 32976s
 2343094 1926414   11.79277   78 1863   11.81828   11.67359  1.22%  2292 33016s
 2345701 1928671     cutoff  115        11.81828   11.67359  1.22%  2292 33056s
 2348541 1933964   11.70350   63 2134   11.81828   11.67360  1.22%  2292 33098s
 2354077 1936121   11.81750  132 1769   11.81828   11.67360  1.22%  2290 33133s
 2356582 1937324   11.81590   83 1771   11.81828   11.67360  1.22%  2290 33172s
 2358145 1940091   11.70636   62 2147   11.81828   11.67360  1.22%  2290 33213s
 2361211 1941754   11.81693   87 2051   11.81828   11.67360  1.22%  2290 33260s
 2363389 1945504     cutoff   93        11.81828   11.67361  1.22%  2292 33326s
 2367789 1946765   11.81698  109 2001   11.81828   11.67362  1.22%  2293 33381s
 2369913 1949368   11.78997   73 2157   11.81828   11.67362  1.22%  2295 33443s
 2373271 1952192   11.81625  114 1612   11.81828   11.67362  1.22%  2296 33504s
 2376756 1954745   11.80924   89 1992   11.81828   11.67363  1.22%  2297 33564s
 2379723 1958518   11.79290   95 1830   11.81828   11.67364  1.22%  2299 33626s
 2383998 1961526   11.81532  171 1568   11.81828   11.67364  1.22%  2299 33683s
 2387735 1965649   11.81671  159 1493   11.81828   11.67364  1.22%  2300 33735s
 2392466 1970037   11.78611   93 1878   11.81828   11.67365  1.22%  2298 33781s
 2396998 1971824   11.81345  193 1768   11.81828   11.67365  1.22%  2297 33814s
 2399053 1974618   11.81766  211 1827   11.81828   11.67365  1.22%  2297 33851s
 2402287 1976252   11.78314   74 2141   11.81828   11.67365  1.22%  2297 33889s
 2404369 1978269   11.81697  139 1988   11.81828   11.67366  1.22%  2298 33930s
 2406921 1981050   11.81452  124 1783   11.81828   11.67366  1.22%  2298 33974s
 2410283 1983716   11.81523  164 1590   11.81828   11.67367  1.22%  2298 34019s
 2413485 1985960   11.80653  172 1791   11.81828   11.67367  1.22%  2299 34066s
 2416283 1988227   11.81690   97 1644   11.81828   11.67368  1.22%  2300 34112s
 2419082 1990099 infeasible   91        11.81828   11.67368  1.22%  2300 34162s
 2421431 1992207   11.81693   99 2016   11.81828   11.67369  1.22%  2301 34207s
 2424127 1995565   11.68726   47 2340   11.81828   11.67369  1.22%  2302 34261s
 2428312 1998448   11.81505  113 1688   11.81828   11.67370  1.22%  2302 34310s
 2431793 2000655   11.79377   98 1899   11.81828   11.67370  1.22%  2302 34358s
 2434669 2003643   11.79920   80 2169   11.81828   11.67371  1.22%  2303 34406s
 2438270 2007105   11.81379  172 1910   11.81828   11.67371  1.22%  2302 34454s
 2442269 2009445   11.79057   80 1890   11.81828   11.67372  1.22%  2302 34499s
 2445181 2012052   11.81770  130 1691   11.81828   11.67372  1.22%  2303 34546s
 2448406 2014133   11.81522   98 1577   11.81828   11.67373  1.22%  2303 34591s
 2450936 2016446   11.81645  108 1830   11.81828   11.67374  1.22%  2303 34637s
 2453841 2019284   11.81683  109 1860   11.81828   11.67374  1.22%  2304 34689s
 2457390 2023248   11.81726   88 1707   11.81828   11.67375  1.22%  2304 34740s
 2461891 2025776   11.67824   43 2277   11.81828   11.67375  1.22%  2304 34784s
 2464983 2028308 infeasible  103        11.81828   11.67376  1.22%  2304 34828s
 2468050 2031529   11.81474  162 1705   11.81828   11.67376  1.22%  2305 34874s
 2471802 2033868   11.68598   48 2215   11.81828   11.67376  1.22%  2304 34917s
 2474715 2036362   11.81792   93 2117   11.81828   11.67377  1.22%  2305 34961s
 2477765 2038940     cutoff  106        11.81828   11.67377  1.22%  2306 35007s
 2480985 2042733   11.81667  164 1830   11.81828   11.67378  1.22%  2306 35052s
 2485361 2044843   11.79691  130 2004   11.81828   11.67379  1.22%  2305 35087s
 2487797 2046544   11.81789   90 2016   11.81828   11.67379  1.22%  2305 35125s
 2490012 2047959   11.78690   83 1977   11.81828   11.67379  1.22%  2306 35169s
 2491807 2050396   11.69052   50 2241   11.81828   11.67380  1.22%  2307 35216s
 2494761 2052595   11.81816   97 2000   11.81828   11.67380  1.22%  2307 35265s
 2497363 2056316   11.70391   58 2229   11.81828   11.67381  1.22%  2308 35315s
 2501266 2059420   11.80132   80 2023   11.81828   11.67381  1.22%  2307 35364s
 2504526 2060535   11.81627   96 1997   11.81828   11.67381  1.22%  2307 35411s
 2506038 2061962   11.81773   99 2019   11.81828   11.67381  1.22%  2309 35464s
 2508318 2065060     cutoff   99        11.81828   11.67381  1.22%  2311 35519s
 2512164 2067453     cutoff  122        11.81828   11.67381  1.22%  2311 35563s
 2515080 2069924   11.80980  151 1847   11.81828   11.67381  1.22%  2311 35616s
 2518322 2074574   11.69730   61 2025   11.81828   11.67382  1.22%  2312 35668s
 2523233 2077163   11.80351  114 1554   11.81828   11.67382  1.22%  2310 35711s
 2526401 2079433     cutoff  155        11.81828   11.67383  1.22%  2311 35756s
 2529211 2082068   11.80121   87 1990   11.81828   11.67383  1.22%  2311 35804s
 2532078 2084060   11.81681  112 1971   11.81828   11.67383  1.22%  2311 35850s
 2534582 2086245   11.81627  116 1967   11.81828   11.67384  1.22%  2312 35900s
 2537315 2088412   11.79146   74 2065   11.81828   11.67384  1.22%  2313 35951s
 2540054 2091017   11.67998   45 2256   11.81828   11.67384  1.22%  2314 36004s
 2543328 2092654     cutoff  136        11.81828   11.67384  1.22%  2315 36050s
 2545409 2097510   11.81736  123 1782   11.81828   11.67384  1.22%  2315 36121s
 2551217 2100387     cutoff   87        11.81828   11.67386  1.22%  2315 36167s
 2554690 2102856   11.81749  132 1541   11.81828   11.67387  1.22%  2315 36214s
 2557787 2105517   11.68893   51 2191   11.81828   11.67387  1.22%  2316 36261s
 2560951 2109967     cutoff  122        11.81828   11.67388  1.22%  2316 36308s
 2565644 2112186   11.68493   47 2152   11.81828   11.67388  1.22%  2315 36350s
 2568329 2115043     cutoff  118        11.81828   11.67388  1.22%  2315 36394s
 2571826 2117361   11.81279  116 1647   11.81828   11.67389  1.22%  2315 36440s
 2574684 2119507   11.81541  123 1795   11.81828   11.67389  1.22%  2316 36485s
 2577398 2120604   11.81334   93 1743   11.81828   11.67390  1.22%  2317 36539s
 2579376 2124217   11.81639   98 1728   11.81828   11.67390  1.22%  2319 36606s
 2583938 2128181   11.81633  220 1765   11.81828   11.67391  1.22%  2319 36663s
 2588547 2131253     cutoff  136        11.81828   11.67391  1.22%  2319 36716s
 2592130 2133801   11.70788   62 2252   11.81828   11.67392  1.22%  2319 36765s
 2595230 2136517   11.81642   85 1686   11.81828   11.67392  1.22%  2320 36817s
 2598518 2138639     cutoff  153        11.81828   11.67392  1.22%  2321 36868s
 2601385 2142110   11.81702  178 1881   11.81828   11.67393  1.22%  2322 36921s
 2605590 2144638     cutoff  123        11.81828   11.67394  1.22%  2321 36968s
 2608785 2146480   11.78549   72 2164   11.81828   11.67394  1.22%  2322 37014s
 2611019 2148954   11.68123   43 2333   11.81828   11.67394  1.22%  2323 37070s
 2613911 2151400     cutoff   86        11.81828   11.67395  1.22%  2324 37127s
 2617032 2154123   11.67679   43 2197   11.81828   11.67395  1.22%  2325 37184s
 2620489 2157299     cutoff   85        11.81828   11.67395  1.22%  2325 37243s
 2624377 2160185   11.81557   86 1732   11.81828   11.67396  1.22%  2326 37298s
 2627959 2162651     cutoff  105        11.81828   11.67396  1.22%  2327 37350s
 2631024 2164976   11.81774  102 2060   11.81828   11.67396  1.22%  2328 37404s
 2633858 2171433   11.78245   78 2075   11.81828   11.67398  1.22%  2328 37459s
 2640639 2173636   11.81660  180 1683   11.81828   11.67398  1.22%  2326 37504s
 2643363 2177064   11.81700   89 1766   11.81828   11.67398  1.22%  2326 37559s
 2647495 2179872   11.77872   68 2082   11.81828   11.67399  1.22%  2326 37606s
 2650884 2182204   11.69733   55 2225   11.81828   11.67399  1.22%  2326 37655s
 2653832 2184458   11.68175   44 2256   11.81828   11.67400  1.22%  2327 37704s
 2656788 2187187   11.67635   42 2266   11.81828   11.67401  1.22%  2328 37752s
 2660261 2187498     cutoff  112        11.81828   11.67401  1.22%  2328 37851s
 2660763 2190393   11.67818   43 2317   11.81828   11.67401  1.22%  2328 37904s
 2664273 2192885   11.69907   58 2196   11.81828   11.67402  1.22%  2329 37957s
 2667334 2196380   11.80897  100 1573   11.81828   11.67402  1.22%  2329 38012s
 2671512 2199467   11.81396  116 1633   11.81828   11.67403  1.22%  2329 38057s
 2675080 2202534   11.81032  114 1677   11.81828   11.67403  1.22%  2329 38099s
 2678804 2203721   11.80466  143 1734   11.81828   11.67403  1.22%  2329 38141s
 2680733 2205375   11.69290   54 2204   11.81828   11.67404  1.22%  2330 38186s
 2682956 2207978   11.70181   59 2156   11.81828   11.67404  1.22%  2331 38235s
 2686186 2210233   11.81140  120 1695   11.81828   11.67405  1.22%  2332 38284s
 2689071 2212451   11.79245   70 2025   11.81828   11.67406  1.22%  2333 38333s
 2691740 2217726     cutoff  103        11.81828   11.67406  1.22%  2333 38384s
 2697363 2220268   11.68188   44 2220   11.81828   11.67406  1.22%  2331 38427s
 2700399 2225039     cutoff   88        11.81828   11.67406  1.22%  2331 38474s
 2705531 2226366   11.81695  141 1949   11.81828   11.67406  1.22%  2329 38507s
 2707181 2228265   11.80512   95 1853   11.81828   11.67406  1.22%  2330 38542s
 2709504 2230067     cutoff  123        11.81828   11.67407  1.22%  2330 38580s
 2711753 2231655   11.81495   90 1950   11.81828   11.67408  1.22%  2331 38622s
 2713866 2234449   11.81717   97 1845   11.81828   11.67408  1.22%  2332 38665s
 2717256 2239089   11.81060  163 1719   11.81828   11.67408  1.22%  2331 38710s
 2722154 2241083   11.81622  191 1714   11.81828   11.67408  1.22%  2330 38752s
 2724541 2242904   11.67870   45 2270   11.81828   11.67408  1.22%  2330 38792s
 2727022 2247308   11.81785  136 1987   11.81828   11.67409  1.22%  2331 38836s
H2729719 2247308                      11.8182814   11.67409  1.22%  2330 38836s
 2731686 2250392   11.81694  129 1882   11.81828   11.67409  1.22%  2329 38883s
 2735239 2254958   11.79438  110 1887   11.81828   11.67409  1.22%  2329 38925s
 2740138 2256564   11.81597  219 1650   11.81828   11.67409  1.22%  2327 38960s
 2742041 2258471   11.81702  225 1632   11.81828   11.67409  1.22%  2328 38999s
 2744410 2263786   11.77073   67 2071   11.81828   11.67409  1.22%  2328 39039s
 2749976 2265795   11.81576  202 1684   11.81828   11.67410  1.22%  2326 39074s
 2752210 2267877   11.68142   45 2220   11.81828   11.67410  1.22%  2326 39110s
 2754742 2269351   11.71451   65 2270   11.81828   11.67410  1.22%  2326 39147s
 2756807 2271556     cutoff  114        11.81828   11.67411  1.22%  2327 39189s
 2759546 2274010   11.81810  113 1960   11.81828   11.67411  1.22%  2327 39232s
 2762647 2279642   11.78410   85 1926   11.81828   11.67412  1.22%  2327 39278s
 2768469 2281103   11.81707  187 1719   11.81828   11.67412  1.22%  2324 39307s
 2770120 2282592     cutoff  195        11.81828   11.67412  1.22%  2325 39339s
 2771931 2283966   11.81597  129 1574   11.81828   11.67413  1.22%  2325 39373s
 2773647 2285832     cutoff  133        11.81828   11.67413  1.22%  2326 39412s
 2775988 2288271     cutoff  115        11.81828   11.67413  1.22%  2326 39454s
 2778965 2291288   11.81603  249 1738   11.81828   11.67414  1.22%  2326 39495s
 2782506 2293393   11.81549  147 1540   11.81828   11.67414  1.22%  2326 39537s
 2785100 2296068   11.81612  105 1892   11.81828   11.67414  1.22%  2327 39581s
 2788330 2298515   11.81633  110 1623   11.81828   11.67415  1.22%  2327 39624s
 2791258 2300753   11.79669   75 2091   11.81828   11.67415  1.22%  2327 39670s
 2793811 2302343   11.81810  103 1993   11.81828   11.67415  1.22%  2328 39717s
 2795923 2306605   11.78374   62 2232   11.81828   11.67416  1.22%  2329 39786s
 2800721 2310993   11.81776   99 2075   11.81828   11.67416  1.22%  2329 39840s
 2805615 2313364   11.69336   51 2324   11.81828   11.67416  1.22%  2328 39886s
 2808572 2315525   11.69557   54 2120   11.81828   11.67416  1.22%  2329 39934s
 2811201 2318745     cutoff   86        11.81828   11.67417  1.22%  2329 39984s
 2815078 2321462   11.81138  105 1867   11.81828   11.67418  1.22%  2329 40032s
 2818415 2324093   11.80648  102 1685   11.81828   11.67418  1.22%  2330 40079s
 2821643 2327167   11.69885   57 2123   11.81828   11.67419  1.22%  2330 40126s
 2825310 2330081   11.81654  132 1864   11.81828   11.67419  1.22%  2330 40175s
 2828805 2333358     cutoff   80        11.81828   11.67419  1.22%  2330 40217s
 2832631 2338229   11.79034   90 1965   11.81828   11.67420  1.22%  2329 40258s
 2837675 2340528   11.81638  177 1793   11.81828   11.67420  1.22%  2327 40294s
 2840264 2342335   11.81821  181 1728   11.81828   11.67420  1.22%  2328 40331s
 2842463 2344119   11.81665   86 1846   11.81828   11.67421  1.22%  2328 40369s
 2844806 2346093     cutoff  114        11.81828   11.67421  1.22%  2328 40412s
 2847331 2348269   11.79231   68 2040   11.81828   11.67422  1.22%  2329 40456s
 2849940 2350885   11.81524   94 1647   11.81828   11.67422  1.22%  2329 40500s
 2853096 2353704   11.81726  162 1769   11.81828   11.67422  1.22%  2329 40545s
 2856501 2356373   11.81742   90 1751   11.81828   11.67422  1.22%  2329 40591s
 2859824 2358742   11.79596   91 1609   11.81828   11.67423  1.22%  2330 40636s
 2862893 2365288     cutoff  133        11.81828   11.67424  1.22%  2330 40685s
 2869598 2366695   11.77501   61 2256   11.81828   11.67424  1.22%  2327 40720s
 2871307 2369198   11.81717   92 2027   11.81828   11.67424  1.22%  2328 40756s
 2874194 2371512 infeasible   99        11.81828   11.67424  1.22%  2327 40794s
 2876836 2373231     cutoff  109        11.81828   11.67424  1.22%  2327 40835s
 2879109 2378560   11.69943   62 2034   11.81828   11.67425  1.22%  2328 40877s
 2884674 2380334   11.81215  144 1782   11.81828   11.67425  1.22%  2325 40913s
 2886642 2382607   11.81615  165 1744   11.81828   11.67425  1.22%  2326 40960s
 2889562 2385927   11.78989   92 1623   11.81828   11.67425  1.22%  2326 41011s
 2893505 2388980   11.79594   96 1790   11.81828   11.67426  1.22%  2326 41058s
 2897256 2391176   11.80118   89 2075   11.81828   11.67426  1.22%  2326 41101s
 2899966 2393148   11.81792   90 1996   11.81828   11.67427  1.22%  2326 41147s
 2902506 2396145   11.67838   42 2364   11.81828   11.67427  1.22%  2327 41195s
 2906018 2398691   11.80893  107 1649   11.81828   11.67427  1.22%  2327 41242s
 2909194 2401278   11.81701  121 1662   11.81828   11.67428  1.22%  2327 41291s
 2912285 2403882   11.81814  107 1728   11.81828   11.67428  1.22%  2328 41338s
 2915412 2411036   11.70091   60 2107   11.81828   11.67428  1.22%  2327 41386s
 2922875 2414115   11.80800  146 1785   11.81828   11.67429  1.22%  2324 41432s
 2926550 2418598   11.81714  182 1747   11.81828   11.67429  1.22%  2324 41474s
 2931333 2420823   11.78620   70 2058   11.81828   11.67429  1.22%  2322 41508s
 2933911 2423040   11.70378   61 2120   11.81828   11.67429  1.22%  2322 41543s
 2936563 2425277     cutoff  122        11.81828   11.67430  1.22%  2322 41583s
 2939327 2427464   11.67915   44 2091   11.81828   11.67430  1.22%  2322 41622s
 2942051 2429622   11.81822   90 1688   11.81828   11.67430  1.22%  2323 41662s
 2944781 2436062   11.78400   73 2101   11.81828   11.67431  1.22%  2323 41703s
 2951363 2437499   11.81658  165 1732   11.81828   11.67431  1.22%  2320 41737s
 2953022 2439500     cutoff  172        11.81828   11.67431  1.22%  2320 41782s
 2955492 2442734   11.81591  124 1565   11.81828   11.67431  1.22%  2321 41841s
 2959561 2446544   11.81715  122 1862   11.81828   11.67432  1.22%  2321 41894s
 2964011 2448789   11.81531  112 1756   11.81828   11.67432  1.22%  2321 41942s
 2966806 2451503   11.80985   97 1728   11.81828   11.67432  1.22%  2321 41992s
 2970123 2454404   11.77542   66 2122   11.81828   11.67433  1.22%  2322 42041s
 2973621 2457248     cutoff  153        11.81828   11.67434  1.22%  2322 42088s
 2977130 2459715   11.69096   53 2178   11.81828   11.67435  1.22%  2322 42135s
 2980177 2461958   11.81796  157 1866   11.81828   11.67435  1.22%  2323 42183s
 2983001 2463491   11.77314   60 2077   11.81828   11.67435  1.22%  2323 42228s
 2984985 2470147   11.68479   48 2072   11.81828   11.67436  1.22%  2324 42303s
 2992117 2472390   11.81431  129 1737   11.81828   11.67436  1.22%  2322 42346s
H2994637 2472390                      11.8182814   11.67436  1.22%  2322 42346s
 2994857 2475093     cutoff  140        11.81828   11.67436  1.22%  2322 42389s
 2998141 2478024   11.80883  170 1663   11.81828   11.67437  1.22%  2322 42432s
 3001656 2479474   11.81555   98 1619   11.81828   11.67437  1.22%  2322 42473s
 3003515 2482250   11.68742   49 2137   11.81828   11.67438  1.22%  2323 42519s
 3006881 2484808     cutoff  115        11.81828   11.67438  1.22%  2323 42564s
 3009369 2484808   11.81806   86 1728   11.81828   11.67438  1.22%  2323 42565s
 3009959 2487001   11.67934   42 2351   11.81828   11.67438  1.22%  2323 42611s
 3012756 2489337     cutoff  182        11.81828   11.67438  1.22%  2324 42657s
 3015755 2492122   11.80827   93 1726   11.81828   11.67439  1.22%  2324 42709s
 3019124 2495261   11.68116   43 2311   11.81828   11.67440  1.22%  2325 42758s
 3022944 2498156   11.77923   70 2023   11.81828   11.67440  1.22%  2325 42805s
 3026400 2500696   11.67857   43 2296   11.81828   11.67440  1.22%  2325 42852s
 3029509 2503086   11.81773   80 1862   11.81828   11.67441  1.22%  2325 42900s
 3032517 2505425     cutoff  133        11.81828   11.67441  1.22%  2326 42948s
 3035371 2511004   11.77890   80 2000   11.81828   11.67442  1.22%  2326 42996s
 3041210 2513409   11.81668  214 1722   11.81828   11.67442  1.22%  2325 43036s
 3044142 2516175   11.80626  120 1693   11.81828   11.67442  1.22%  2325 43082s
 3047453 2518670   11.79891   99 1904   11.81828   11.67442  1.22%  2325 43129s
 3050677 2521498     cutoff  121        11.81828   11.67443  1.22%  2325 43176s
 3054048 2524460   11.81653  173 1694   11.81828   11.67443  1.22%  2325 43222s
 3057581 2526593   11.69142   52 2227   11.81828   11.67444  1.22%  2326 43265s
 3060200 2532676     cutoff  124        11.81828   11.67444  1.22%  2325 43311s
 3066634 2535445   11.78974  107 1809   11.81828   11.67444  1.22%  2323 43348s
 3069661 2537315   11.81319  180 1736   11.81828   11.67444  1.22%  2322 43386s
 3071911 2539165   11.81708  200 1747   11.81828   11.67444  1.22%  2323 43425s
 3074251 2541336   11.81626  129 1687   11.81828   11.67445  1.22%  2323 43471s
 3077008 2543987     cutoff  113        11.81828   11.67446  1.22%  2324 43524s
 3080340 2546243   11.78646   64 2262   11.81828   11.67447  1.22%  2324 43579s
 3083258 2549980   11.78101   66 2177   11.81828   11.67447  1.22%  2325 43632s
 3087749 2556092   11.80243  140 1765   11.81828   11.67447  1.22%  2324 43683s
 3094012 2557424     cutoff  189        11.81828   11.67447  1.22%  2322 43722s
 3095792 2559193   11.68709   47 2307   11.81828   11.67447  1.22%  2323 43765s
 3098106 2560935   11.81636  106 1908   11.81828   11.67447  1.22%  2324 43810s
 3100345 2563301     cutoff   97        11.81828   11.67448  1.22%  2325 43859s
 3103332 2565534     cutoff   86        11.81828   11.67449  1.22%  2325 43906s
 3106170 2567948   11.69882   61 2175   11.81828   11.67449  1.22%  2326 43958s
 3109138 2570498   11.69091   52 2094   11.81828   11.67449  1.22%  2326 44014s
 3112125 2570871   11.81683   91 1939   11.81828   11.67450  1.22%  2327 44106s
 3112694 2574721   11.81724   92 1911   11.81828   11.67450  1.22%  2327 44171s
 3117377 2578047   11.67792   42 2261   11.81828   11.67450  1.22%  2328 44228s
 3121404 2580678   11.80799  105 1904   11.81828   11.67451  1.22%  2328 44282s
 3124646 2583417   11.69618   58 2156   11.81828   11.67451  1.22%  2328 44336s
 3128088 2584527     cutoff  151        11.81828   11.67451  1.22%  2329 44388s
 3129995 2588149   11.80376   99 1917   11.81828   11.67452  1.22%  2331 44447s
 3134307 2590775   11.77838   70 2051   11.81828   11.67452  1.22%  2331 44493s
 3137545 2592440   11.79967   75 1936   11.81828   11.67452  1.22%  2331 44541s
 3139655 2595336   11.79187   74 2197   11.81828   11.67452  1.22%  2332 44597s
 3142835 2597635 infeasible  109        11.81828   11.67453  1.22%  2332 44654s
 3145766 2599931   11.81732  126 1589   11.81828   11.67453  1.22%  2333 44711s
 3148559 2603512   11.79074   79 2051   11.81828   11.67453  1.22%  2334 44769s
 3152897 2608619     cutoff  112        11.81828   11.67454  1.22%  2334 44824s
 3158342 2610825   11.81627   99 1638   11.81828   11.67454  1.22%  2333 44871s
 3161061 2614587   11.81205  164 1808   11.81828   11.67454  1.22%  2334 44918s
 3165439 2617154     cutoff   82        11.81828   11.67455  1.22%  2333 44964s
 3168564 2620085   11.81764  108 1681   11.81828   11.67455  1.22%  2333 45014s
 3172163 2623015   11.68921   51 2265   11.81828   11.67455  1.22%  2333 45059s
 3175698 2625609   11.80771  112 1709   11.81828   11.67455  1.22%  2333 45104s
 3178930 2628089   11.81504  106 1695   11.81828   11.67456  1.22%  2334 45151s
 3182037 2630386   11.81571   82 1814   11.81828   11.67457  1.22%  2334 45199s
 3184743 2632567   11.81734   91 1688   11.81828   11.67457  1.22%  2334 45246s
 3187450 2635246   11.81602  114 2020   11.81828   11.67457  1.22%  2335 45295s
 3190863 2637636     cutoff   89        11.81828   11.67458  1.22%  2335 45343s
 3193915 2640202   11.68897   51 2147   11.81828   11.67458  1.22%  2335 45393s
 3197226 2643005   11.69067   50 2174   11.81828   11.67459  1.22%  2335 45441s
 3200612 2645677     cutoff  119        11.81828   11.67459  1.22%  2336 45487s
 3203872 2648397   11.67881   43 2268   11.81828   11.67460  1.22%  2336 45532s
 3207193 2650952     cutoff  136        11.81828   11.67460  1.22%  2336 45577s
 3210150 2654812   11.70356   62 2021   11.81828   11.67460  1.22%  2336 45622s
 3214248 2657080   11.81808  157 1877   11.81828   11.67461  1.22%  2335 45665s
 3217007 2659294   11.77921   66 2007   11.81828   11.67461  1.22%  2336 45710s
 3219714 2662306   11.70438   60 2306   11.81828   11.67461  1.22%  2336 45755s
 3223348 2667289   11.78374   92 1978   11.81828   11.67461  1.22%  2336 45799s
 3228612 2670154   11.81704  214 1685   11.81828   11.67462  1.22%  2334 45845s
 3232047 2672592     cutoff  164        11.81828   11.67462  1.22%  2334 45889s
 3235086 2675514   11.81607  160 1917   11.81828   11.67462  1.22%  2335 45935s
 3238454 2678198     cutoff  117        11.81828   11.67462  1.22%  2334 45984s
 3241737 2680798   11.81661  136 1880   11.81828   11.67462  1.22%  2335 46030s
 3244905 2683128   11.80603  117 1842   11.81828   11.67463  1.22%  2335 46076s
 3247753 2685899   11.68307   46 2192   11.81828   11.67464  1.22%  2336 46125s
 3251150 2687886   11.81417   87 1728   11.81828   11.67464  1.22%  2336 46172s
 3253657 2690591   11.70691   62 2170   11.81828   11.67464  1.22%  2336 46222s
 3256615 2692775     cutoff   96        11.81828   11.67464  1.22%  2337 46273s
 3259497 2694912   11.81735  122 1786   11.81828   11.67465  1.22%  2338 46320s
 3262198 2697482   11.81759   98 1960   11.81828   11.67465  1.22%  2338 46378s
 3265505 2700862   11.81693  128 1602   11.81828   11.67466  1.22%  2339 46433s
 3269691 2703673   11.81385  106 1690   11.81828   11.67466  1.22%  2339 46484s
 3273023 2705935   11.81781  113 1667   11.81828   11.67467  1.22%  2339 46536s
 3275900 2708830   11.68284   46 2215   11.81828   11.67467  1.22%  2339 46587s
 3279387 2711506   11.81061  143 1836   11.81828   11.67467  1.22%  2340 46639s
 3282730 2714357   11.79686   81 1935   11.81828   11.67468  1.22%  2340 46689s
 3286276 2716730   11.81702   82 1746   11.81828   11.67468  1.22%  2341 46739s
 3287938 2716730   11.81716  131 1608   11.81828   11.67468  1.22%  2341 46740s
 3289193 2719575   11.67922   43 2286   11.81828   11.67468  1.22%  2341 46786s
 3292671 2722544   11.69594   54 2072   11.81828   11.67469  1.21%  2341 46828s
 3296112 2725248     cutoff  162        11.81828   11.67469  1.21%  2341 46873s
 3299333 2726923     cutoff  108        11.81828   11.67469  1.21%  2341 46915s
 3301477 2728616     cutoff   89        11.81828   11.67470  1.21%  2342 46962s
 3303588 2733682   11.78467   75 1956   11.81828   11.67470  1.21%  2342 47011s
 3308975 2735713   11.81703  161 1778   11.81828   11.67470  1.21%  2341 47052s
 3311526 2740888   11.79421   99 1813   11.81828   11.67470  1.21%  2341 47097s
 3316975 2742442   11.81508  179 1699   11.81828   11.67470  1.21%  2340 47134s
 3318846 2744883   11.81732  201 1723   11.81828   11.67470  1.21%  2340 47180s
 3321866 2747733     cutoff  208        11.81828   11.67471  1.21%  2341 47229s
 3325450 2750350   11.81762  135 1590   11.81828   11.67471  1.21%  2341 47277s
 3328550 2755843   11.78839   94 1857   11.81828   11.67472  1.21%  2341 47328s
 3334283 2757398   11.81621  205 1591   11.81828   11.67472  1.21%  2339 47366s
 3336187 2759444   11.78185   64 1981   11.81828   11.67472  1.21%  2340 47411s
 3338755 2761478   11.70585   60 2251   11.81828   11.67473  1.21%  2340 47456s
 3341386 2764330   11.77241   65 2093   11.81828   11.67473  1.21%  2341 47504s
 3344929 2766765   11.81535   98 1713   11.81828   11.67473  1.21%  2341 47551s
 3347874 2768745   11.81799  142 1744   11.81828   11.67474  1.21%  2341 47597s
 3350368 2771695   11.81527  112 1936   11.81828   11.67474  1.21%  2342 47658s
 3354088 2775317     cutoff  131        11.81828   11.67474  1.21%  2342 47712s
 3358390 2779302   11.81694  157 1836   11.81828   11.67475  1.21%  2342 47762s
 3362920 2781145   11.70273   61 2154   11.81828   11.67475  1.21%  2342 47807s
 3365170 2783422   11.68203   46 2146   11.81828   11.67476  1.21%  2342 47855s
 3368033 2785354   11.79284   82 2060   11.81828   11.67476  1.21%  2343 47904s
 3370622 2787802     cutoff  109        11.81828   11.67476  1.21%  2343 47956s
 3373607 2790629   11.80406   89 1930   11.81828   11.67477  1.21%  2344 48011s
 3376880 2792433   11.81684  103 1535   11.81828   11.67477  1.21%  2344 48057s
 3379298 2795726     cutoff  120        11.81828   11.67477  1.21%  2345 48119s
 3383339 2798968   11.77905   68 2085   11.81828   11.67478  1.21%  2346 48174s
 3387321 2801747   11.80784  115 1817   11.81828   11.67478  1.21%  2346 48226s
 3390792 2804683   11.81176  128 1844   11.81828   11.67479  1.21%  2346 48274s
 3394428 2810390   11.69447   52 2148   11.81828   11.67479  1.21%  2346 48321s
 3400260 2812680   11.81513  126 1841   11.81828   11.67479  1.21%  2344 48361s
