

Running optimization for annual production of 9000 AF...
2026-08-21 16:47:04 [INFO] idaes.core.surrogate.pysmo_surrogate: Decode surrogate. type=poly

===========================Polynomial Regression===============================================

The number of cross-validation cases (3) is used.
The default training/cross-validation split of 0.75 is used.
No iterations will be run.
Default parameter estimation method is used.
Parameter estimation method:  pyomo 

2026-08-21 16:47:04 [INFO] idaes.core.surrogate.pysmo_surrogate: Decode surrogate. type=poly

===========================Polynomial Regression===============================================

The number of cross-validation cases (3) is used.
The default training/cross-validation split of 0.75 is used.
No iterations will be run.
Default parameter estimation method is used.
Parameter estimation method:  pyomo 

2026-08-21 16:47:04 [INFO] idaes.core.surrogate.pysmo_surrogate: Decode surrogate. type=poly

===========================Polynomial Regression===============================================

The number of cross-validation cases (3) is used.
The default training/cross-validation split of 0.75 is used.
No iterations will be run.
Default parameter estimation method is used.
Parameter estimation method:  pyomo 

2026-08-21 16:47:04 [INFO] idaes.core.surrogate.pysmo_surrogate: Decode surrogate. type=poly

===========================Polynomial Regression===============================================

The number of cross-validation cases (3) is used.
The default training/cross-validation split of 0.75 is used.
No iterations will be run.
Default parameter estimation method is used.
Parameter estimation method:  pyomo 

2026-08-21 16:47:06 [INFO] idaes.apps.grid_integration.pricetaker.price_taker_model: Found minimum uptime/downtime data for pretreatment.uf_pumps[1] - Adding minimum uptime/downtime constraints.
2026-08-21 16:47:06 [INFO] idaes.apps.grid_integration.pricetaker.price_taker_model: Created startup/shutdown constraints for operation model  pretreatment.uf_pumps[1] at uf_pumps_1_startup_shutdown.
2026-08-21 16:47:06 [INFO] idaes.apps.grid_integration.pricetaker.price_taker_model: Found minimum uptime/downtime data for pretreatment.uf_pumps[2] - Adding minimum uptime/downtime constraints.
2026-08-21 16:47:06 [INFO] idaes.apps.grid_integration.pricetaker.price_taker_model: Created startup/shutdown constraints for operation model  pretreatment.uf_pumps[2] at uf_pumps_2_startup_shutdown.
2026-08-21 16:47:06 [INFO] idaes.apps.grid_integration.pricetaker.price_taker_model: Found minimum uptime/downtime data for pretreatment.uf_pumps[3] - Adding minimum uptime/downtime constraints.
2026-08-21 16:47:06 [INFO] idaes.apps.grid_integration.pricetaker.price_taker_model: Created startup/shutdown constraints for operation model  pretreatment.uf_pumps[3] at uf_pumps_3_startup_shutdown.
2026-08-21 16:47:06 [INFO] idaes.apps.grid_integration.pricetaker.price_taker_model: Found minimum uptime/downtime data for reverse_osmosis.ro_skid[1] - Adding minimum uptime/downtime constraints.
2026-08-21 16:47:06 [INFO] idaes.apps.grid_integration.pricetaker.price_taker_model: Created startup/shutdown constraints for operation model  reverse_osmosis.ro_skid[1] at ro_skid_1_startup_shutdown.
2026-08-21 16:47:06 [INFO] idaes.apps.grid_integration.pricetaker.price_taker_model: Found minimum uptime/downtime data for reverse_osmosis.ro_skid[2] - Adding minimum uptime/downtime constraints.
2026-08-21 16:47:06 [INFO] idaes.apps.grid_integration.pricetaker.price_taker_model: Created startup/shutdown constraints for operation model  reverse_osmosis.ro_skid[2] at ro_skid_2_startup_shutdown.
2026-08-21 16:47:06 [INFO] idaes.apps.grid_integration.pricetaker.price_taker_model: Found minimum uptime/downtime data for reverse_osmosis.ro_skid[3] - Adding minimum uptime/downtime constraints.
2026-08-21 16:47:06 [INFO] idaes.apps.grid_integration.pricetaker.price_taker_model: Created startup/shutdown constraints for operation model  reverse_osmosis.ro_skid[3] at ro_skid_3_startup_shutdown.
2026-08-21 16:47:06 [INFO] idaes.apps.grid_integration.pricetaker.price_taker_model: Found minimum uptime/downtime data for reverse_osmosis.ro_skid[4] - Adding minimum uptime/downtime constraints.
2026-08-21 16:47:06 [INFO] idaes.apps.grid_integration.pricetaker.price_taker_model: Created startup/shutdown constraints for operation model  reverse_osmosis.ro_skid[4] at ro_skid_4_startup_shutdown.
4292
Set parameter TokenServer to value "10.60.1.73"
Set parameter LogToConsole to value 1
Set parameter MIPGap to value 0.01
Gurobi Optimizer version 12.0.3 build v12.0.3rc0 (linux64 - "Red Hat Enterprise Linux 8.8 (Ootpa)")

CPU model: Intel(R) Xeon(R) Platinum 8470QL, instruction set [SSE2|AVX|AVX2|AVX512]
Thread count: 104 physical cores, 104 logical processors, using up to 32 threads

Non-default parameters:
MIPGap  0.01

Optimize a model with 18191 rows, 16467 columns and 50081 nonzeros
Model fingerprint: 0x17a8f7b3
Model has 168 quadratic objective terms
Model has 2352 quadratic constraints
Variable types: 11259 continuous, 5208 integer (5208 binary)
Coefficient statistics:
  Matrix range     [5e-04, 2e+03]
  QMatrix range    [2e-07, 1e+00]
  QLMatrix range   [3e-04, 1e+00]
  Objective range  [7e-06, 1e-03]
  QObjective range [2e-04, 2e-04]
  Bounds range     [9e-01, 1e+03]
  RHS range        [5e-02, 2e+05]
  QRHS range       [3e-01, 3e-01]
Presolve removed 13862 rows and 12354 columns
Presolve time: 0.09s
Presolved: 9377 rows, 4126 columns, 25977 nonzeros
Presolved model has 8 SOS constraint(s)
Presolved model has 1332 bilinear constraint(s)

Solving non-convex MIQCP

Variable types: 2885 continuous, 1241 integer (1241 binary)

Root relaxation: unbounded, 0 iterations, 0.01 seconds (0.00 work units)
Exploring 100 nodes in MinRel heuristic

    Nodes    |    Current Node    |     Objective Bounds      |     Work
 Expl Unexpl |  Obj  Depth IntInf | Incumbent    BestBd   Gap | It/Node Time

H    0     0                      11.2848686          -      -     -    2s
Feasible solution found by MinRel heuristic at node 132
     0     2  postponed    0        11.28487          -      -     -    2s
H    4     6                       9.0155093          -      -  4129    4s
H   12    16                       9.0135093    8.75462  2.87%  2244    4s
    20    32    8.77273    5  747    9.01351    8.75490  2.87%  1720    5s
H   49    60                       8.9781220    8.76103  2.42%  1523    6s
H  449   514                       8.9771205    8.76370  2.38%   261    7s
H  635   686                       8.9731447    8.76370  2.33%   212    8s
  1467  1532    8.82009   40  579    8.97314    8.76686  2.30%   145   10s
H 1941  1973                       8.9731016    8.76686  2.30%   122   10s
H 2060  2090                       8.9681926    8.76686  2.25%   120   11s
H 2166  2248                       8.9661926    8.76686  2.22%   119   11s
  3985  3936    8.85161   98  478    8.96619    8.77200  2.17%   101   15s
H 4097  4096                       8.9661848    8.77200  2.17%   105   15s
H 4741  4582                       8.9661848    8.77561  2.13%   112   17s
  6267  6164    8.87718  142  692    8.96618    8.77616  2.12%   112   20s
H 6908  6683                       8.9661756    8.77643  2.12%   114   21s
 10434 10525    8.90327  320  934    8.96618    8.77799  2.10%   102   25s
 11483 11481     cutoff  360         8.96618    8.77886  2.09%   102   37s
 12446 11936    8.88132  124   90    8.96618    8.80194  1.83%   103   41s
 12455 11943    8.86005  147  235    8.96618    8.82120  1.62%   104   45s
 12460 11947    8.82314   16  215    8.96618    8.82314  1.60%   104   58s
 12464 11950    8.85618   61  113    8.96618    8.82314  1.60%   105   60s
 12468 11953    8.88526   17  107    8.96618    8.82467  1.58%   105   86s

Cutting planes:
  Learned: 17
  Cover: 7
  Implied bound: 8

Explored 12470 nodes (1320649 simplex iterations) in 94.28 seconds (133.11 work units)
Thread count was 32 (of 104 available processors)

Solution count 10: 8.96618 8.96618 8.96618 ... 9.01351

Optimal solution found (tolerance 1.00e-02)
Best objective 8.966175644958e+00, best bound 8.908944062383e+00, gap 0.6383%
m.flow_changes_penalty(): 190.0
Total operational cost: 89471.76
Maximum power (kW): 1528.58
Discharge energy capacity (kWh): 81843.01
Charge energy capacity (kWh): 39245.04
Levelized Cost of Flexibility ($/kWh): 0.25
{'fixed_demand_cost': 6731.7771496379655, 'variable_demand_cost': 3616.3573474609657, 'fixed_monthly_cost': 171938.17204301074, 'total_water_production': 211634.75342465745, 'total_energy_cost': 13979.894891610695, 'total_demand_cost': 10348.13449709893, 'total_customer_cost': 0.0, 'total_feed_cost': 38132.388004442786, 'total_brine_cost': 12409.515456003963, 'total_chemical_cost': 14601.823600419544, 'total_water_revenue': 0.0, 'total_demand_response_revenue': 0.0, 'total_emissions_cost': 0.0, 'total_op_cost': 89471.75644957593, 'fixed_cost': 121551.98252688172, 'total_cost': 211023.73897645765, 'LCOW': 0.997112882273292, 'degree_of_flex': 0.0718562874251497, 'total_replacement_cost': 1420.0413193151237, 'maximum_power': 1528.576547007101, 'discharge_energy_capacity': 81843.00629712504, 'charge_energy_capacity': 39245.042324653296, 'discharge_power_capacity': 1076.881661804277, 'charge_power_capacity': 426.57654700710106, 'round_trip_efficiency': 0, 'LVOF': 0.2474640552374284}
Saved operation variable results to: /home/rchurchi/watertap_test/watertap/tutorials/flex_ro/wrd_result_both_winter_9000AF.csv


Running optimization for annual production of 4000 AF...
2026-08-21 16:48:43 [INFO] idaes.core.surrogate.pysmo_surrogate: Decode surrogate. type=poly

===========================Polynomial Regression===============================================

The number of cross-validation cases (3) is used.
The default training/cross-validation split of 0.75 is used.
No iterations will be run.
Default parameter estimation method is used.
Parameter estimation method:  pyomo 

2026-08-21 16:48:43 [INFO] idaes.core.surrogate.pysmo_surrogate: Decode surrogate. type=poly

===========================Polynomial Regression===============================================

The number of cross-validation cases (3) is used.
The default training/cross-validation split of 0.75 is used.
No iterations will be run.
Default parameter estimation method is used.
Parameter estimation method:  pyomo 

2026-08-21 16:48:43 [INFO] idaes.core.surrogate.pysmo_surrogate: Decode surrogate. type=poly

===========================Polynomial Regression===============================================

The number of cross-validation cases (3) is used.
The default training/cross-validation split of 0.75 is used.
No iterations will be run.
Default parameter estimation method is used.
Parameter estimation method:  pyomo 

2026-08-21 16:48:43 [INFO] idaes.core.surrogate.pysmo_surrogate: Decode surrogate. type=poly

===========================Polynomial Regression===============================================

The number of cross-validation cases (3) is used.
The default training/cross-validation split of 0.75 is used.
No iterations will be run.
Default parameter estimation method is used.
Parameter estimation method:  pyomo 

2026-08-21 16:48:45 [INFO] idaes.apps.grid_integration.pricetaker.price_taker_model: Found minimum uptime/downtime data for pretreatment.uf_pumps[1] - Adding minimum uptime/downtime constraints.
2026-08-21 16:48:45 [INFO] idaes.apps.grid_integration.pricetaker.price_taker_model: Created startup/shutdown constraints for operation model  pretreatment.uf_pumps[1] at uf_pumps_1_startup_shutdown.
2026-08-21 16:48:45 [INFO] idaes.apps.grid_integration.pricetaker.price_taker_model: Found minimum uptime/downtime data for pretreatment.uf_pumps[2] - Adding minimum uptime/downtime constraints.
2026-08-21 16:48:45 [INFO] idaes.apps.grid_integration.pricetaker.price_taker_model: Created startup/shutdown constraints for operation model  pretreatment.uf_pumps[2] at uf_pumps_2_startup_shutdown.
2026-08-21 16:48:45 [INFO] idaes.apps.grid_integration.pricetaker.price_taker_model: Found minimum uptime/downtime data for pretreatment.uf_pumps[3] - Adding minimum uptime/downtime constraints.
2026-08-21 16:48:45 [INFO] idaes.apps.grid_integration.pricetaker.price_taker_model: Created startup/shutdown constraints for operation model  pretreatment.uf_pumps[3] at uf_pumps_3_startup_shutdown.
2026-08-21 16:48:45 [INFO] idaes.apps.grid_integration.pricetaker.price_taker_model: Found minimum uptime/downtime data for reverse_osmosis.ro_skid[1] - Adding minimum uptime/downtime constraints.
2026-08-21 16:48:45 [INFO] idaes.apps.grid_integration.pricetaker.price_taker_model: Created startup/shutdown constraints for operation model  reverse_osmosis.ro_skid[1] at ro_skid_1_startup_shutdown.
2026-08-21 16:48:45 [INFO] idaes.apps.grid_integration.pricetaker.price_taker_model: Found minimum uptime/downtime data for reverse_osmosis.ro_skid[2] - Adding minimum uptime/downtime constraints.
2026-08-21 16:48:45 [INFO] idaes.apps.grid_integration.pricetaker.price_taker_model: Created startup/shutdown constraints for operation model  reverse_osmosis.ro_skid[2] at ro_skid_2_startup_shutdown.
2026-08-21 16:48:45 [INFO] idaes.apps.grid_integration.pricetaker.price_taker_model: Found minimum uptime/downtime data for reverse_osmosis.ro_skid[3] - Adding minimum uptime/downtime constraints.
2026-08-21 16:48:45 [INFO] idaes.apps.grid_integration.pricetaker.price_taker_model: Created startup/shutdown constraints for operation model  reverse_osmosis.ro_skid[3] at ro_skid_3_startup_shutdown.
2026-08-21 16:48:45 [INFO] idaes.apps.grid_integration.pricetaker.price_taker_model: Found minimum uptime/downtime data for reverse_osmosis.ro_skid[4] - Adding minimum uptime/downtime constraints.
2026-08-21 16:48:45 [INFO] idaes.apps.grid_integration.pricetaker.price_taker_model: Created startup/shutdown constraints for operation model  reverse_osmosis.ro_skid[4] at ro_skid_4_startup_shutdown.
4292
Set parameter LogToConsole to value 1
Set parameter MIPGap to value 0.01
Gurobi Optimizer version 12.0.3 build v12.0.3rc0 (linux64 - "Red Hat Enterprise Linux 8.8 (Ootpa)")

CPU model: Intel(R) Xeon(R) Platinum 8470QL, instruction set [SSE2|AVX|AVX2|AVX512]
Thread count: 104 physical cores, 104 logical processors, using up to 32 threads

Non-default parameters:
MIPGap  0.01

Optimize a model with 18191 rows, 16467 columns and 50081 nonzeros
Model fingerprint: 0x67c4f08d
Model has 168 quadratic objective terms
Model has 2352 quadratic constraints
Variable types: 11259 continuous, 5208 integer (5208 binary)
Coefficient statistics:
  Matrix range     [5e-04, 2e+03]
  QMatrix range    [2e-07, 1e+00]
  QLMatrix range   [3e-04, 1e+00]
  Objective range  [7e-06, 1e-03]
  QObjective range [2e-04, 2e-04]
  Bounds range     [9e-01, 1e+03]
  RHS range        [5e-02, 2e+05]
  QRHS range       [3e-01, 3e-01]
Presolve removed 11844 rows and 11434 columns
Presolve time: 0.07s
Presolved: 11579 rows, 5322 columns, 31608 nonzeros
Presolved model has 192 SOS constraint(s)
Presolved model has 1332 bilinear constraint(s)

Solving non-convex MIQCP

Variable types: 3253 continuous, 2069 integer (2069 binary)
Found heuristic solution: objective 5.1033311

Root relaxation: unbounded, 0 iterations, 0.00 seconds (0.00 work units)

    Nodes    |    Current Node    |     Objective Bounds      |     Work
 Expl Unexpl |  Obj  Depth IntInf | Incumbent    BestBd   Gap | It/Node Time

     0     2  postponed    0         5.10333          -      -     -    2s
    13    16  postponed    4         5.10333          -      -  3447    5s
    98    95  postponed    8         5.10333          -      -  4310   10s
   200   312  postponed   10         5.10333          -      -  5420   15s
   881  1041  postponed   17         5.10333          -      -  1651   26s
  1618  1725  postponed   27         5.10333          -      -  1085   38s
  2904  4282 infeasible   52         5.10333          -      -   792   55s
H 2908  4282                       5.0087926          -      -   791   55s
H 2908  4282                       4.6590767          -      -   791   55s
H 2991  4282                       4.6570365          -      -   788   55s
H 6543  4834                       4.6560365          -      -   693   66s
  8614  5895  postponed   17         4.65604          -      -   661   77s
H 9417  5894                       4.6557035          -      -   658   77s
 10393  5896    3.45971   94 1123    4.65570    1.80458  61.2%   651   83s
 10394  5897    4.30179  275 1354    4.65570    3.33914  28.3%   650   89s
 10395  5898    3.56901   17 1546    4.65570    3.56901  23.3%   650   91s
 10396  5898    3.63724   45 1585    4.65570    3.63724  21.9%   650   96s
 10397  5899    4.04710  148 1561    4.65570    3.69229  20.7%   650  100s
 10399  5900    3.74732   61 1618    4.65570    3.74732  19.5%   650  106s
 10400  5901    3.78826   32 1552    4.65570    3.78826  18.6%   650  112s
 10402  5902    4.24243  187 1513    4.65570    3.80416  18.3%   650  116s
 10404  5904    4.51958  400 1510    4.65570    3.80988  18.2%   650  120s
 10408  5906    4.51585   63 1540    4.65570    3.81264  18.1%   650  126s
 10410  5908    4.13647  291 1534    4.65570    3.81315  18.1%   649  130s
 10414  5910    3.81398   54 1539    4.65570    3.81398  18.1%   649  135s
 10418  5913    3.81409   46 1554    4.65570    3.81409  18.1%   649  140s
 10419  5914    4.07820  191 1553    4.65570    3.81409  18.1%   649  145s
H10419  5617                       4.3608506    3.81409  12.5%   649  153s
 10421  5621    3.81669   15 2637    4.36085    3.81409  12.5%   665  237s
 10423  5624    3.81704   16 2591    4.36085    3.81669  12.5%   667  251s
 10427  5631    3.81755   17 2597    4.36085    3.81704  12.5%   669  259s
 10435  5644    3.82923   18 2684    4.36085    3.81755  12.5%   674  266s
H10451  5390                       4.3502689    3.82923  12.0%   681  274s
H10459  5120                       4.3502646    3.82923  12.0%   685  274s
H10461  4866                       4.2933972    3.82923  10.8%   686  274s
H10476  4619                       4.2933941    3.83199  10.7%   696  274s
 10483  4648    3.86519   20 2392    4.29339    3.83199  10.7%   701  278s
 10515  4685    3.91496   21 2371    4.29339    3.83199  10.7%   725  290s
 10562  4735    3.96413   22 2369    4.29339    3.83199  10.7%   765  308s
 10628  4775    3.96808   23 2435    4.29339    3.83199  10.7%   827  322s
H10645  4540                       4.2586674    3.83199  10.0%   848  322s
H10687  4308                       4.2586631    3.83199  10.0%   886  322s
 10690  4388    3.98912   24 2193    4.25866    3.83199  10.0%   888  338s
 10771  4459    3.99066   25 2178    4.25866    3.83199  10.0%   941  349s
H10800  4244                       4.2239364    3.83199  9.28%   955  349s
 10869  4331    3.99087   27 2137    4.22394    3.83199  9.28%   980  357s
 10981  4371    4.02969   28 2116    4.22394    3.83199  9.28%  1004  364s
 11068  4429    3.99220   29 2189    4.22394    3.83199  9.28%  1029  369s
 11171  4486    3.99447   30 2243    4.22394    3.83199  9.28%  1047  374s
H11173  4288                       4.2069493    3.83199  8.91%  1048  374s
 11268  4325    4.01416   31 2004    4.20695    3.83199  8.91%  1062  380s
H11375  4175                       4.2069493    3.83199  8.91%  1079  388s
H11383  3995                       4.1693744    3.83199  8.09%  1084  388s
 11464  4064    4.01566   33 1985    4.16937    3.83199  8.09%  1107  398s
 11588  4103    4.01631   34 1928    4.16937    3.83199  8.09%  1122  404s
H11591  3934                       4.1693744    3.83199  8.09%  1122  404s
H11615  3766                       4.1693744    3.83199  8.09%  1131  404s
 11678  3833    4.08626   35 1891    4.16937    3.83199  8.09%  1156  413s
 11777  3909    4.02000   36 1881    4.16937    3.83199  8.09%  1185  424s
H11816  3744                       4.1693744    3.83199  8.09%  1194  424s
H11892  3574                       4.1693673    3.83199  8.09%  1208  424s
 11902  3693    4.02010   37 1932    4.16937    3.83199  8.09%  1214  434s
 12068  3710    4.02494   39 1967    4.16937    3.83199  8.09%  1237  443s
H12074  3571                       4.1693673    3.83199  8.09%  1240  443s
H12104  3430                       4.1693673    3.83199  8.09%  1248  443s
H12180  3282                       4.1693673    3.85903  7.44%  1268  443s
 12193  3372    4.04932   41 1790    4.16937    3.85903  7.44%  1271  453s
 12328  3423    4.13994   43 1248    4.16937    3.85903  7.44%  1302  464s
 12478  3443     cutoff   45         4.16937    3.86070  7.40%  1335  478s
 12643  3402    3.86119   21 2697    4.16937    3.86070  7.40%  1371  491s
H12757  3246                       4.1693673    3.86070  7.40%  1404  491s
 12775  3284    3.92150   24 2653    4.16937    3.86070  7.40%  1415  504s
 12905  3363    3.92314   26 2597    4.16937    3.86070  7.40%  1451  516s
H12920  3246                       4.1693673    3.86070  7.40%  1454  516s
 13062  3318    3.93058   29 2399    4.16937    3.86822  7.22%  1486  528s
 13222  3396    3.95028   36 2399    4.16937    3.86822  7.22%  1525  536s
H13232  3287                       4.1693630    3.86950  7.19%  1528  536s
H13337  3151                       4.1693587    3.86950  7.19%  1543  536s
 13400  3303    3.97033   39 2441    4.16936    3.86950  7.19%  1551  546s
 13607  3368    3.97041   40 2406    4.16936    3.86950  7.19%  1577  559s
 13793  3421    4.08238   45 2228    4.16936    3.87068  7.16%  1613  572s
 13981  3485    4.09046   46 2191    4.16936    3.87677  7.02%  1654  586s
 14147  3569    4.16576   49 2117    4.16936    3.88173  6.90%  1699  601s
 14335  3636     cutoff   50         4.16936    3.88173  6.90%  1740  615s
H14528  3622                       4.1684319    3.88173  6.88%  1787  628s
H14558  3521                       4.1684319    3.88173  6.88%  1794  628s
H14701  3386                       4.1683950    3.88173  6.88%  1815  628s
 14762  3517    4.01281   34 2273    4.16839    3.88173  6.88%  1827  643s
 14964  3568    4.07352   40 2025    4.16839    3.88173  6.88%  1867  658s
 15141  3670    4.07598   43 1945    4.16839    3.88173  6.88%  1926  673s
 15363  3789    4.10058   60 1709    4.16839    3.88173  6.88%  1970  689s
 15593  3824    4.16459   71 1606    4.16839    3.88173  6.88%  2024  701s
 15655  3941     cutoff   76         4.16839    3.89198  6.63%  2032  718s
 15823  4152    3.94627   25 2559    4.16839    3.89207  6.63%  2062  732s
 16097  4365    4.01239   28 2484    4.16839    3.91739  6.02%  2094  746s
 16439  4537    4.01754   31 2235    4.16839    3.91881  5.99%  2127  763s
 16718  4696    4.00254   36 2076    4.16839    3.92091  5.94%  2179  784s
 16975  4858    4.03483   41 1988    4.16839    3.92091  5.94%  2241  802s
 17249  5062     cutoff   52         4.16839    3.92091  5.94%  2295  821s
 17518  5231     cutoff   56         4.16839    3.92246  5.90%  2344  842s
 17798  5441    4.10803   34 2434    4.16839    3.92246  5.90%  2395  862s
 18070  5721    4.12192   39 2281    4.16839    3.92246  5.90%  2449  878s
 18423  6075    4.13417   49 2143    4.16839    3.92254  5.90%  2489  900s
 18884  6406    4.13865   57 2067    4.16839    3.92384  5.87%  2525  920s
 19324  6789    4.16049   73 1719    4.16839    3.92817  5.76%  2564  940s
 19811  7196    4.16691   90 1493    4.16839    3.92914  5.74%  2596  962s
 20314  7511    3.93212   22 2583    4.16839    3.92914  5.74%  2629  985s
 20764  7666    4.03265   30 2414    4.16839    3.92914  5.74%  2674 1007s
H20821  5244                       4.1171136    3.92914  4.57%  2681 1007s
H20882  3286                       4.0711349    3.92914  3.49%  2680 1007s
 20980  3239    4.03659   31 2375    4.07113    3.92914  3.49%  2685 1033s
 21300  3341    3.99001   23 2525    4.07113    3.93329  3.39%  2744 1063s
H21375  3329                       4.0708643    3.93329  3.38%  2755 1063s
 21606  3540    4.04477   25 2260    4.07086    3.93540  3.33%  2808 1089s
H21911  3540                       4.0708643    3.93540  3.33%  2870 1089s
 21946  3740     cutoff   29         4.07086    3.93540  3.33%  2878 1116s
 22377  3962    4.04233   30 2370    4.07086    3.94117  3.19%  2938 1146s
H22531  3942                       4.0701173    3.94160  3.16%  2975 1146s
 22844  4039    4.05157   32 2262    4.07012    3.94160  3.16%  2998 1178s
H22882  4038                       4.0700938    3.94160  3.16%  3005 1178s
H22943  3999                       4.0694483    3.94282  3.11%  3015 1178s
H22957  3994                       4.0693794    3.94282  3.11%  3018 1178s
H22977  3991                       4.0692868    3.94282  3.11%  3021 1178s
H23019  3945                       4.0681477    3.94282  3.08%  3032 1178s
 23237  4116     cutoff   31         4.06815    3.94621  3.00%  3079 1207s
H23345  4075                       4.0670639    3.94733  2.94%  3106 1207s
 23690  4203    4.01619   26 2000    4.06706    3.94733  2.94%  3150 1236s
 24162  4385    3.98408   36 2442    4.06706    3.95085  2.86%  3223 1273s
H24173  4382                       4.0670303    3.95085  2.86%  3226 1273s
H24512  4382                       4.0670205    3.95138  2.84%  3261 1273s
H24568  4382                       4.0670201    3.95138  2.84%  3267 1273s
H24638  4369                       4.0668651    3.95156  2.84%  3271 1273s
 24708  4614    4.01796   47 2043    4.06687    3.95185  2.83%  3287 1303s
H24722  4611                       4.0668419    3.95185  2.83%  3287 1303s
 25256  4744     cutoff   23         4.06684    3.95423  2.77%  3356 1341s
H25411  4744                       4.0668419    3.95516  2.75%  3379 1341s
 25760  4943    3.98063   36 2345    4.06684    3.95592  2.73%  3433 1377s
 26296  5081    4.01385   57 2079    4.06684    3.95760  2.69%  3510 1412s
H26321  4172                       4.0479382    3.95760  2.23%  3511 1412s
H26387  4140                       4.0472967    3.95760  2.22%  3516 1412s
H26391  3960                       4.0439776    3.95760  2.14%  3516 1412s
H26579  3959                       4.0439513    3.95779  2.13%  3529 1412s
 26588  4058    3.98560   28 2348    4.04395    3.95779  2.13%  3532 1449s
 27166  4238     cutoff   22         4.04395    3.95919  2.10%  3605 1488s
H27178  4238                       4.0439513    3.95919  2.10%  3606 1488s
 27802  4473    3.98884   33 2326    4.04395    3.96320  2.00%  3676 1530s
 28491  4665    4.02161   46 2026    4.04395    3.96451  1.96%  3745 1572s
H28637  4656                       4.0437311    3.96532  1.94%  3761 1572s
H28667  4656                       4.0437311    3.96631  1.91%  3766 1572s
H29095  4656                       4.0437310    3.96677  1.90%  3801 1572s
 29213  4932    4.00345   29 2260    4.04373    3.96677  1.90%  3812 1615s
H29228  4932                       4.0437310    3.96677  1.90%  3812 1615s
 29969  5079     cutoff   28         4.04373    3.97027  1.82%  3875 1659s
 30739  5198     cutoff   29         4.04373    3.97283  1.75%  3950 1711s
 31517  5345     cutoff   39         4.04373    3.97452  1.71%  4026 1761s
 32323  5582    4.03029   49 2064    4.04373    3.97637  1.67%  4108 1816s
 33269  5970     cutoff   32         4.04373    3.97783  1.63%  4184 1872s
 34432  6116    4.03798   31 2015    4.04373    3.98071  1.56%  4236 1927s
 35487  6271     cutoff   51         4.04373    3.98337  1.49%  4299 1984s
 36589  6533     cutoff   32         4.04373    3.98549  1.44%  4356 2043s
 37836  6514     cutoff   30         4.04373    3.98796  1.38%  4398 2104s
 39005  6732    4.01898   24 2487    4.04373    3.99078  1.31%  4456 2168s
 40328  6703     cutoff   33         4.04373    3.99315  1.25%  4500 2240s
 41436  6761    4.04315   45 2009    4.04373    3.99463  1.21%  4571 2311s
 42655  7089    4.03249   40 2314    4.04373    3.99783  1.14%  4637 2381s
 44314  7273     cutoff   61         4.04373    4.00046  1.07%  4661 2459s
 45713  7317    4.01010   64 1913    4.04373    4.00198  1.03%  4672 2536s

Cutting planes:
  Learned: 417
  Gomory: 34
  Cover: 754
  Implied bound: 310
  Projected implied bound: 216
  Clique: 13
  MIR: 587
  StrongCG: 2
  Flow cover: 1028
  GUB cover: 30
  Zero half: 15
  RLT: 833
  Relax-and-lift: 293
  BQP: 8

Explored 47413 nodes (222945361 simplex iterations) in 2536.94 seconds (6467.16 work units)
Thread count was 32 (of 104 available processors)

Solution count 10: 4.04373 4.04373 4.04373 ... 4.06684

Optimal solution found (tolerance 1.00e-02)
Best objective 4.043731032754e+00, best bound 4.003994526741e+00, gap 0.9827%
m.flow_changes_penalty(): 100.0
Total operational cost: 40337.31
Maximum power (kW): 641.27
Discharge energy capacity (kWh): 124411.26
Charge energy capacity (kWh): 0.00
Levelized Cost of Flexibility ($/kWh): 0.56
{'fixed_demand_cost': 2824.129208398575, 'variable_demand_cost': 1517.1417801730097, 'fixed_monthly_cost': 171938.17204301074, 'total_water_production': 94059.89041096016, 'total_energy_cost': 5971.52268782672, 'total_demand_cost': 4341.270988571585, 'total_customer_cost': 0.0, 'total_feed_cost': 17071.6484018264, 'total_brine_cost': 6365.968869862263, 'total_chemical_cost': 6586.899379452086, 'total_water_revenue': 0.0, 'total_demand_response_revenue': 0.0, 'total_emissions_cost': 0.0, 'total_op_cost': 40337.31032753905, 'fixed_cost': 121551.98252688172, 'total_cost': 161889.29285442078, 'LCOW': 1.7211299327173883, 'degree_of_flex': 0.03592814371257485, 'total_replacement_cost': 1414.9209780195163, 'maximum_power': 641.2716203844897, 'discharge_energy_capacity': 124411.25530876988, 'charge_energy_capacity': 0.0, 'discharge_power_capacity': 740.5431863617255, 'charge_power_capacity': nan, 'round_trip_efficiency': 0, 'LVOF': 0.5577692188879463}
Saved operation variable results to: /home/rchurchi/watertap_test/watertap/tutorials/flex_ro/wrd_result_both_winter_4000AF.csv


Running optimization for annual production of 5000 AF...
2026-08-21 17:31:04 [INFO] idaes.core.surrogate.pysmo_surrogate: Decode surrogate. type=poly

===========================Polynomial Regression===============================================

The number of cross-validation cases (3) is used.
The default training/cross-validation split of 0.75 is used.
No iterations will be run.
Default parameter estimation method is used.
Parameter estimation method:  pyomo 

2026-08-21 17:31:04 [INFO] idaes.core.surrogate.pysmo_surrogate: Decode surrogate. type=poly

===========================Polynomial Regression===============================================

The number of cross-validation cases (3) is used.
The default training/cross-validation split of 0.75 is used.
No iterations will be run.
Default parameter estimation method is used.
Parameter estimation method:  pyomo 

2026-08-21 17:31:04 [INFO] idaes.core.surrogate.pysmo_surrogate: Decode surrogate. type=poly

===========================Polynomial Regression===============================================

The number of cross-validation cases (3) is used.
The default training/cross-validation split of 0.75 is used.
No iterations will be run.
Default parameter estimation method is used.
Parameter estimation method:  pyomo 

2026-08-21 17:31:04 [INFO] idaes.core.surrogate.pysmo_surrogate: Decode surrogate. type=poly

===========================Polynomial Regression===============================================

The number of cross-validation cases (3) is used.
The default training/cross-validation split of 0.75 is used.
No iterations will be run.
Default parameter estimation method is used.
Parameter estimation method:  pyomo 

2026-08-21 17:31:06 [INFO] idaes.apps.grid_integration.pricetaker.price_taker_model: Found minimum uptime/downtime data for pretreatment.uf_pumps[1] - Adding minimum uptime/downtime constraints.
2026-08-21 17:31:06 [INFO] idaes.apps.grid_integration.pricetaker.price_taker_model: Created startup/shutdown constraints for operation model  pretreatment.uf_pumps[1] at uf_pumps_1_startup_shutdown.
2026-08-21 17:31:06 [INFO] idaes.apps.grid_integration.pricetaker.price_taker_model: Found minimum uptime/downtime data for pretreatment.uf_pumps[2] - Adding minimum uptime/downtime constraints.
2026-08-21 17:31:06 [INFO] idaes.apps.grid_integration.pricetaker.price_taker_model: Created startup/shutdown constraints for operation model  pretreatment.uf_pumps[2] at uf_pumps_2_startup_shutdown.
2026-08-21 17:31:06 [INFO] idaes.apps.grid_integration.pricetaker.price_taker_model: Found minimum uptime/downtime data for pretreatment.uf_pumps[3] - Adding minimum uptime/downtime constraints.
2026-08-21 17:31:06 [INFO] idaes.apps.grid_integration.pricetaker.price_taker_model: Created startup/shutdown constraints for operation model  pretreatment.uf_pumps[3] at uf_pumps_3_startup_shutdown.
2026-08-21 17:31:06 [INFO] idaes.apps.grid_integration.pricetaker.price_taker_model: Found minimum uptime/downtime data for reverse_osmosis.ro_skid[1] - Adding minimum uptime/downtime constraints.
2026-08-21 17:31:06 [INFO] idaes.apps.grid_integration.pricetaker.price_taker_model: Created startup/shutdown constraints for operation model  reverse_osmosis.ro_skid[1] at ro_skid_1_startup_shutdown.
2026-08-21 17:31:06 [INFO] idaes.apps.grid_integration.pricetaker.price_taker_model: Found minimum uptime/downtime data for reverse_osmosis.ro_skid[2] - Adding minimum uptime/downtime constraints.
2026-08-21 17:31:06 [INFO] idaes.apps.grid_integration.pricetaker.price_taker_model: Created startup/shutdown constraints for operation model  reverse_osmosis.ro_skid[2] at ro_skid_2_startup_shutdown.
2026-08-21 17:31:06 [INFO] idaes.apps.grid_integration.pricetaker.price_taker_model: Found minimum uptime/downtime data for reverse_osmosis.ro_skid[3] - Adding minimum uptime/downtime constraints.
2026-08-21 17:31:06 [INFO] idaes.apps.grid_integration.pricetaker.price_taker_model: Created startup/shutdown constraints for operation model  reverse_osmosis.ro_skid[3] at ro_skid_3_startup_shutdown.
2026-08-21 17:31:06 [INFO] idaes.apps.grid_integration.pricetaker.price_taker_model: Found minimum uptime/downtime data for reverse_osmosis.ro_skid[4] - Adding minimum uptime/downtime constraints.
2026-08-21 17:31:06 [INFO] idaes.apps.grid_integration.pricetaker.price_taker_model: Created startup/shutdown constraints for operation model  reverse_osmosis.ro_skid[4] at ro_skid_4_startup_shutdown.
4292
Set parameter LogToConsole to value 1
Set parameter MIPGap to value 0.01
Gurobi Optimizer version 12.0.3 build v12.0.3rc0 (linux64 - "Red Hat Enterprise Linux 8.8 (Ootpa)")

CPU model: Intel(R) Xeon(R) Platinum 8470QL, instruction set [SSE2|AVX|AVX2|AVX512]
Thread count: 104 physical cores, 104 logical processors, using up to 32 threads

Non-default parameters:
MIPGap  0.01

Optimize a model with 18191 rows, 16467 columns and 50081 nonzeros
Model fingerprint: 0xa560d33c
Model has 168 quadratic objective terms
Model has 2352 quadratic constraints
Variable types: 11259 continuous, 5208 integer (5208 binary)
Coefficient statistics:
  Matrix range     [5e-04, 2e+03]
  QMatrix range    [2e-07, 1e+00]
  QLMatrix range   [3e-04, 1e+00]
  Objective range  [7e-06, 1e-03]
  QObjective range [2e-04, 2e-04]
  Bounds range     [9e-01, 1e+03]
  RHS range        [5e-02, 2e+05]
  QRHS range       [3e-01, 3e-01]
Presolve removed 11844 rows and 11434 columns
Presolve time: 0.07s
Presolved: 11579 rows, 5322 columns, 31608 nonzeros
Presolved model has 192 SOS constraint(s)
Presolved model has 1332 bilinear constraint(s)

Solving non-convex MIQCP

Variable types: 3253 continuous, 2069 integer (2069 binary)
Found heuristic solution: objective 6.0042959

Root relaxation: unbounded, 0 iterations, 0.00 seconds (0.00 work units)

    Nodes    |    Current Node    |     Objective Bounds      |     Work
 Expl Unexpl |  Obj  Depth IntInf | Incumbent    BestBd   Gap | It/Node Time

     0     2  postponed    0         6.00430          -      -     -    2s
     7    10  postponed    3         6.00430          -      -  2741    5s
    98    94  postponed    8         6.00430          -      -  4548   11s
   230   250  postponed   10         6.00430          -      -  3603   16s
   355   481  postponed   12         6.00430          -      -  4220   21s
   728   867  postponed   17         6.00430          -      -  2416   28s
  1364  1432  postponed   27         6.00430          -      -  1551   42s
H 1411  1432                       5.7633549          -      -  1513   42s
H 1411  1432                       5.5585037          -      -  1513   42s
H 2302  1432                       5.5201723          -      -  1143   42s
  2566  2903 infeasible   44         5.52017          -      -  1061   58s
H 2568  2903                       5.5192722          -      -  1060   58s
H 4509  2903                       5.5191511          -      -   828   58s
  4630  6732    5.47504  204  531    5.51915          -      -   822   73s
H 5199  6732                       5.5191511          -      -   810   73s
H 5481  6732                       5.5188536          -      -   797   73s
H 6206  6732                       5.5187942          -      -   759   73s
H 7486  6732                       5.5155657          -      -   713   73s
  9100  8409  postponed   28         5.51557          -      -   670   83s
H 9433  8391                       5.5089323          -      -   668   83s
H10126  8279                       5.4922111          -      -   660   83s
H10180  8279                       5.4921948          -      -   661   83s
 11446  8953  postponed   54         5.49219          -      -   641   92s
H11699  8952                       5.4921397          -      -   641   92s
H12663  8506                       5.4901397    2.86742  47.8%   630  100s
 12665  8507    5.12897  325 1435    5.49014    4.62768  15.7%   630  106s
 12667  8508    5.43338  125 1668    5.49014    4.73264  13.8%   630  113s
 12668  8509    4.76606  144 1673    5.49014    4.73998  13.7%   630  115s
 12669  8510    5.24250  514 1597    5.49014    4.77283  13.1%   630  120s
H12670  8084                       5.4901397    4.78050  12.9%   630  125s
 12674  8087    4.84882  238 1511    5.49014    4.79292  12.7%   629  130s
 12676  8088    4.79458   34 1496    5.49014    4.79458  12.7%   629  135s
 12680  8091    5.12180  302 1525    5.49014    4.79622  12.6%   629  141s
 12682  8092    4.96883  365 1518    5.49014    4.79650  12.6%   629  151s
 12683  8093    5.06766  412 1518    5.49014    4.79650  12.6%   629  155s
 12684  8097    4.80006   15 2636    5.49014    4.79650  12.6%   640  235s
 12686  8100    4.80018   16 2633    5.49014    4.80006  12.6%   641  250s
 12690  8107    4.83583   17 2563    5.49014    4.80018  12.6%   643  260s
 12698  8120    4.83609   18 2549    5.49014    4.80068  12.6%   647  274s
 12714  8147    4.89296   19 2432    5.49014    4.80145  12.5%   658  289s
H12724  7738                       5.4901397    4.80145  12.5%   663  289s
 12746  7763    4.89329   20 2449    5.49014    4.80167  12.5%   682  295s
 12778  7816    4.93763   21 2332    5.49014    4.80167  12.5%   706  309s
 12842  7863    5.00502   22 2396    5.49014    4.80167  12.5%   771  322s
 12910  7923    5.01386   23 2321    5.49014    4.80167  12.5%   830  334s
H12917  7536                       5.4901397    4.80167  12.5%   835  334s
H12920  7170                       5.4901394    4.80167  12.5%   840  334s
 12993  7231    5.04722   24 2153    5.49014    4.80167  12.5%   876  345s
 13078  7273    5.01780   25 1815    5.49014    4.80167  12.5%   916  357s
 13149  7328    5.06938   27 2001    5.49014    4.80167  12.5%   962  368s
 13234  7372    5.05894   28 1747    5.49014    4.80167  12.5%  1000  379s
 13320  7406    5.19809   30 1437    5.49014    4.80167  12.5%  1032  386s
 13406  7446    5.22063   31 1407    5.49014    4.80167  12.5%  1061  395s
 13502  7499    5.18033   33 1577    5.49014    4.80167  12.5%  1094  405s
 13595  7556    5.23620   35 1457    5.49014    4.80167  12.5%  1121  415s
 13700  7580    5.24706   36 1413    5.49014    4.80167  12.5%  1150  423s
 13801  7647    5.36479   38 1374    5.49014    4.80167  12.5%  1186  431s
 13927  7725    5.37175   41 1442    5.49014    4.80167  12.5%  1212  438s
 14061  7777    5.38701   45 1411    5.49014    4.80167  12.5%  1233  450s
 14205  7860    5.37371   48 1022    5.49014    4.80223  12.5%  1260  461s
 14343  7977    5.37477   53  985    5.49014    4.80223  12.5%  1287  472s
 14520  8066    5.39895   57 1254    5.49014    4.80223  12.5%  1311  483s
 14698  8189    5.38003   61  824    5.49014    4.80223  12.5%  1342  491s
 14902  8322    5.38274   67  939    5.49014    4.80313  12.5%  1362  501s
 15133  8483    5.38109   72  917    5.49014    4.80313  12.5%  1380  512s
H15230  8019                       5.4540608    4.80313  11.9%  1384  512s
 15398  8052    5.38919   79  832    5.45406    4.80313  11.9%  1399  526s
H15648  7808                       5.4487441    4.82601  11.4%  1424  538s
H15667  7487                       5.4485384    4.82601  11.4%  1423  538s
H15691  7178                       5.4473831    4.82601  11.4%  1423  538s
H15694  6890                       5.4461454    4.82601  11.4%  1424  538s
H15719  6613                       5.4455061    4.82601  11.4%  1426  538s
H15732  6351                       5.4450891    4.82601  11.4%  1428  538s
H15841  6068                       5.4435646    4.82601  11.3%  1437  538s
H15874  5716                       5.4357718    4.82601  11.2%  1444  538s
 15880  5877    5.39400   97  835    5.43577    4.82888  11.2%  1448  549s
H16117  5741                       5.4330040    4.82888  11.1%  1470  560s
H16131  5454                       5.4275837    4.82888  11.0%  1470  560s
H16199  5229                       5.4272748    4.82888  11.0%  1475  560s
H16316  4997                       5.4269261    4.82888  11.0%  1492  560s
 16358  5264    5.39561  109  738    5.42693    4.82888  11.0%  1499  572s
H16651  5298                       5.4263032    4.82888  11.0%  1515  580s
H16671  5120                       5.4254890    4.82888  11.0%  1515  580s
H16676  4947                       5.4248966    4.82888  11.0%  1515  580s
H16692  4780                       5.4240371    4.82888  11.0%  1517  580s
H16732  4618                       5.4235353    4.82888  11.0%  1516  580s
H16815  4450                       5.4230277    4.82888  11.0%  1512  580s
H16941  4269                       5.4214541    4.82888  10.9%  1523  580s
H16991  4437                       5.4204541    4.82888  10.9%  1526  591s
H17014  4299                       5.4181389    4.82888  10.9%  1525  591s
H17068  4162                       5.4174431    4.83041  10.8%  1530  591s
H17095  4045                       5.4171664    4.83041  10.8%  1529  591s
H17130  3310                       5.3217078    4.83041  9.23%  1529  591s
 17361  3259     cutoff  137         5.32171    4.83041  9.23%  1542  604s
H17379  3152                       5.3206581    4.83041  9.21%  1544  604s
H17389  3050                       5.3197035    4.83041  9.20%  1546  604s
H17405  2934                       5.3168149    4.83041  9.15%  1547  604s
H17501  2863                       5.3164678    4.83041  9.14%  1547  604s
 17680  3125    4.86595   25 2688    5.31647    4.83041  9.14%  1561  619s
H17736  3124                       5.3160677    4.83041  9.14%  1568  619s
H17768  3123                       5.3155397    4.83041  9.13%  1566  619s
H17949  3123                       5.3153800    4.83041  9.12%  1578  619s
H18005  3334                       5.3143800    4.83041  9.11%  1580  626s
H18006  2759                       5.2601959    4.83041  8.17%  1580  626s
H18097  1997                       5.2026396    4.83041  7.15%  1574  626s
H18132  1997                       5.1042726    4.83041  5.37%  1573  626s
 18221  1792    4.87490   28 2585    5.10427    4.83041  5.37%  1576  643s
H18420  1791                       5.1037456    4.83041  5.36%  1614  654s
H18461  1791                       5.1037377    4.83072  5.35%  1631  654s
H18547  1791                       5.1029894    4.83072  5.34%  1653  654s
 18550  1846    4.94277   39 2346    5.10299    4.83072  5.34%  1654  670s
H18683  1877                       5.1029894    4.83747  5.20%  1697  682s
H18694  1877                       5.1029894    4.83747  5.20%  1698  682s
H18713  1877                       5.1017763    4.83747  5.18%  1701  682s
 18828  1898    4.95618   50 2227    5.10178    4.83747  5.18%  1738  695s
H18998  1894                       5.1008064    4.83747  5.16%  1782  710s
 19177  1912    4.96032   57 2084    5.10081    4.83747  5.16%  1830  727s
H19357  1912                       5.1006444    4.84383  5.03%  1864  727s
 19423  2064    4.96819   65 1944    5.10064    4.84936  4.93%  1875  743s
H19518  2064                       5.1005357    4.85507  4.81%  1894  743s
H19551  2058                       5.0996198    4.85507  4.80%  1899  743s
H19576  2058                       5.0996035    4.85507  4.80%  1905  743s
H19686  2056                       5.0982622    4.85507  4.77%  1910  743s
 19696  2364    4.97046   69 1800    5.09826    4.85507  4.77%  1911  759s
H19818  2356                       5.0970921    4.85507  4.75%  1922  759s
 20049  2638    5.00592   85 1563    5.09709    4.85638  4.72%  1944  774s
H20066  2638                       5.0970921    4.85638  4.72%  1943  774s
 20436  2952    5.05795  121 1310    5.09709    4.85638  4.72%  1975  789s
H20506  2948                       5.0969536    4.85638  4.72%  1973  789s
H20550  2948                       5.0969416    4.85638  4.72%  1982  789s
H20642  2941                       5.0960628    4.85638  4.70%  1988  789s
 20789  3213    5.08198  170 1125    5.09606    4.85862  4.66%  2001  806s
H20905  3211                       5.0959497    4.85862  4.66%  2011  806s
H21131  3211                       5.0959347    4.85862  4.66%  2029  806s
 21166  3538    4.94438   24 2497    5.09593    4.85862  4.66%  2037  824s
H21169  3537                       5.0958732    4.85862  4.66%  2038  824s
H21223  3524                       5.0949574    4.85862  4.64%  2043  824s
H21362  3523                       5.0948886    4.85964  4.62%  2055  824s
 21616  3834    5.02296   27 2367    5.09489    4.85964  4.62%  2064  839s
 22015  4108    5.03693   32 2306    5.09489    4.85964  4.62%  2090  859s
 22407  4317    5.04641   38 2192    5.09489    4.86798  4.45%  2123  880s
H22410  4139                       5.0899849    4.86798  4.36%  2125  880s
H22427  4134                       5.0898922    4.86936  4.33%  2129  880s
H22726  3976                       5.0828922    4.87666  4.06%  2161  898s
 23005  4155    5.05918   48 1838    5.08289    4.87666  4.06%  2207  917s
 23310  4258    5.04311   26 2333    5.08289    4.87996  3.99%  2257  933s
H23317  4258                       5.0828922    4.87996  3.99%  2259  933s
H23350  4252                       5.0826727    4.88007  3.99%  2262  933s
 23428  4434    5.04543   27 2363    5.08267    4.88007  3.99%  2261  952s
H23651  4434                       5.0826727    4.88007  3.99%  2307  952s
 23736  4633    5.05854   31 2292    5.08267    4.88007  3.99%  2311  973s
H23893  4633                       5.0826727    4.88318  3.92%  2348  973s
 23999  4988    5.07306   39 2081    5.08267    4.88318  3.92%  2372  995s
 24491  5312     cutoff   47         5.08267    4.88403  3.91%  2416 1015s
H24587  5312                       5.0826727    4.88403  3.91%  2441 1015s
H24604  5310                       5.0826658    4.88403  3.91%  2443 1015s
H24948  5614                       5.0816658    4.88403  3.89%  2462 1036s
 25462  5994    5.02462   30 2112    5.08167    4.88403  3.89%  2505 1058s
H25866  5994                       5.0816658    4.88403  3.89%  2531 1058s
H25986  5994                       5.0816658    4.88403  3.89%  2543 1058s
 25989  6341     cutoff   35         5.08167    4.88403  3.89%  2544 1086s
 26495  6780    4.95483   26 2377    5.08167    4.88403  3.89%  2587 1111s
H27132  7007                       5.0812904    4.88403  3.88%  2622 1138s
H27293  7005                       5.0812737    4.88799  3.80%  2633 1138s
H27372  6998                       5.0812326    4.88799  3.80%  2645 1138s
H27586  7115                       5.0792326    4.88928  3.74%  2676 1162s
 28081  7468    5.07372   29 2105    5.07923    4.88928  3.74%  2723 1189s
 28601  7788    4.99985   26 2293    5.07923    4.89414  3.64%  2772 1217s
H28602  6606                       5.0651681    4.89414  3.38%  2771 1217s
 28994  7095    5.05941   27 2277    5.06517    4.89458  3.37%  2774 1254s
H29765  7706                       5.0632938    4.89615  3.30%  2810 1282s
H29777  7149                       5.0577332    4.89615  3.19%  2813 1282s
H29883  7101                       5.0573063    4.89615  3.19%  2803 1282s
H30004  7099                       5.0572868    4.89811  3.15%  2799 1282s
H30121  7096                       5.0572750    4.89811  3.15%  2794 1282s
 30733  7201     cutoff   28         5.05728    4.89811  3.15%  2813 1305s
H30734  6959                       5.0552750    4.89811  3.11%  2813 1305s
 31384  7175     cutoff   36         5.05528    4.90108  3.05%  2839 1334s
 31876  7335    4.99352   31 2308    5.05528    4.90350  3.00%  2889 1363s
H31898  7331                       5.0552589    4.90350  3.00%  2893 1363s
 32293  7518     cutoff   34         5.05526    4.90722  2.93%  2951 1397s
H32341  7518                       5.0552589    4.90722  2.93%  2957 1397s
H32439  7518                       5.0552589    4.90722  2.93%  2972 1397s
 32791  7928     cutoff   32         5.05526    4.90975  2.88%  3019 1432s
 33545  8123     cutoff   32         5.05526    4.91003  2.87%  3068 1468s
 34115  8422    5.04861   26 2364    5.05526    4.91464  2.78%  3143 1509s
 34807  8875     cutoff   29         5.05526    4.91806  2.71%  3215 1547s
H35166  8875                       5.0552589    4.91806  2.71%  3241 1547s
 35630  9257    5.00195   26 2246    5.05526    4.91940  2.69%  3275 1590s
 36455  9451    4.96646   50 2196    5.05526    4.92348  2.61%  3338 1635s
 37057  9704     cutoff   45         5.05526    4.92845  2.51%  3422 1683s
H37464  9610                       5.0543395    4.92870  2.49%  3453 1683s
H37572  9609                       5.0543324    4.92870  2.49%  3469 1683s
 37580 10187    5.04748   28 2274    5.05433    4.92870  2.49%  3471 1734s
 38636 10610     cutoff   32         5.05433    4.93190  2.42%  3531 1788s
H38999 10610                       5.0543323    4.93190  2.42%  3548 1788s
H39228 10602                       5.0542924    4.93190  2.42%  3556 1788s
 39712 10867    5.03987   36 2253    5.05429    4.93424  2.38%  3590 1841s
 40575 11163     cutoff   29         5.05429    4.93759  2.31%  3663 1901s
H40578 11161                       5.0542671    4.93759  2.31%  3663 1901s
H40847 11161                       5.0542657    4.93778  2.30%  3688 1901s
 41487 11733    5.03513   27 2398    5.05427    4.93907  2.28%  3739 1962s
 42697 12493    5.01485   26 1897    5.05427    4.94180  2.23%  3794 2024s
H42725 12493                       5.0542655    4.94180  2.23%  3797 2024s
H42899 11615                       5.0502955    4.94180  2.15%  3785 2024s
H43995 11908                       5.0482955    4.94180  2.11%  3837 2085s
 45556 12282    4.98397   34 2326    5.04830    4.94604  2.03%  3857 2146s
H45584 12221                       5.0480498    4.94604  2.02%  3859 2146s
H45790 12221                       5.0480494    4.94604  2.02%  3842 2146s
H46298 12217                       5.0480405    4.94622  2.02%  3865 2146s
 46773 12595     cutoff   30         5.04804    4.94797  1.98%  3914 2214s
H46815 12595                       5.0480405    4.94797  1.98%  3916 2214s
 47901 12816     cutoff   46         5.04804    4.94998  1.94%  3984 2282s
H47902 12811                       5.0480078    4.94998  1.94%  3983 2282s
H48160 12798                       5.0479628    4.94998  1.94%  3984 2282s
 48993 13005    4.99398   42 2145    5.04796    4.95303  1.88%  4061 2358s
H49014 13005                       5.0479628    4.95303  1.88%  4063 2358s
H49144 12412                       5.0458533    4.95304  1.84%  4075 2358s
H49528 12412                       5.0458533    4.95368  1.83%  4104 2358s
 50163 12690     cutoff   33         5.04585    4.95584  1.78%  4144 2434s
H50362 12680                       5.0458041    4.95648  1.77%  4157 2434s
H51064 12680                       5.0458040    4.95696  1.76%  4188 2434s
 51479 12920     cutoff   54         5.04580    4.95861  1.73%  4223 2515s
H51481 12920                       5.0458040    4.95861  1.73%  4223 2515s
H51709 12920                       5.0458039    4.95867  1.73%  4231 2515s
 52665 13945    5.03247   70 1749    5.04580    4.96046  1.69%  4284 2600s
H52969 13945                       5.0458039    4.96086  1.68%  4299 2600s
 54977 15365    5.03335   45 1886    5.04580    4.96258  1.65%  4300 2683s
 57608 16414     cutoff   43         5.04580    4.96551  1.59%  4273 2763s
 59964 17183    5.00893   37 2364    5.04580    4.96916  1.52%  4267 2848s
 62137 18648    4.99676   84 1595    5.04580    4.97161  1.47%  4290 2927s
 65006 20202    5.04473   56 1916    5.04580    4.97447  1.41%  4255 2995s
H65675 20158                       5.0456994    4.97497  1.40%  4254 2995s
H67761 20299                       5.0439171    4.97497  1.37%  4205 3062s
H68784 20299                       5.0439165    4.97640  1.34%  4197 3062s
H68965 20299                       5.0439152    4.97692  1.33%  4194 3062s
 70366 23105    4.98781   86 1464    5.04392    4.97876  1.29%  4169 3126s
H70595 23105                       5.0439152    4.97880  1.29%  4162 3127s
H71300 23105                       5.0439152    4.97907  1.29%  4131 3127s
H71458 23105                       5.0439152    4.97909  1.29%  4129 3127s
 74792 26183     cutoff   75         5.04392    4.98011  1.26%  4039 3185s
H75277 26183                       5.0439151    4.98011  1.26%  4020 3185s
 79484 29011    5.03239   39 2282    5.04392    4.98258  1.22%  3902 3240s
 83786 32837    4.99584   87 1444    5.04392    4.98411  1.19%  3792 3295s
 89331 41813    4.99318   47 1972    5.04392    4.98461  1.18%  3641 3403s
 101481 42852    5.04377  148 1039    5.04392    4.98607  1.15%  3349 3437s
H101560 42851                       5.0439124    4.98607  1.15%  3347 3437s
H101566 42823                       5.0438958    4.98607  1.15%  3347 3437s
H101716 42786                       5.0438713    4.98607  1.15%  3343 3437s
H102150 42775                       5.0438591    4.98615  1.14%  3333 3437s
H102830 42775                       5.0438591    4.98615  1.14%  3320 3437s
H102922 47390                       5.0438591    4.98615  1.14%  3319 3467s
H103236 47390                       5.0438591    4.98615  1.14%  3310 3467s
 109136 55049     cutoff   27         5.04386    4.98669  1.13%  3176 3493s
H109137 55035                       5.0438493    4.98669  1.13%  3176 3493s
H110089 55035                       5.0438492    4.98674  1.13%  3156 3493s
H116516 55035                       5.0438491    4.98742  1.12%  3005 3494s
 117792 58085     cutoff  156         5.04385    4.98742  1.12%  2977 3514s
H117795 58085                       5.0438490    4.98742  1.12%  2977 3514s
H121020 58085                       5.0438490    4.98772  1.11%  2913 3514s
 121788 73241    5.02683  107 1317    5.04385    4.98772  1.11%  2903 3604s
 141208 77786    5.03113  135 1138    5.04385    4.98855  1.10%  2608 3621s
H146318 77786                       5.0438490    4.98870  1.09%  2533 3621s
 146378 80534     cutoff   85         5.04385    4.98887  1.09%  2532 3637s
 149354 84736     cutoff  170         5.04385    4.98904  1.09%  2492 3651s
 154396 98670    5.03581   40 2221    5.04385    4.98904  1.09%  2425 3728s
 172398 102850    5.00419   93 1388    5.04385    4.98949  1.08%  2246 3745s
 177660 105729    5.00046   90 1353    5.04385    4.98992  1.07%  2191 3761s
 181329 108238    5.04296  135 1032    5.04385    4.99017  1.06%  2160 3775s
H182703 107157                       5.0436505    4.99023  1.06%  2150 3775s
*183172 106349            2157       5.0436162    4.99023  1.06%  2144 3775s
 184745 113239     cutoff  148         5.04362    4.99023  1.06%  2131 3837s
H184747 109952                       5.0426162    4.99023  1.04%  2131 3837s
H185024 103368                       5.0410802    4.99023  1.01%  2130 3837s
H185690 103358                       5.0410778    4.99023  1.01%  2126 3837s
H186246 103344                       5.0410727    4.99023  1.01%  2123 3837s
H193179 103288                       5.0410580    4.99036  1.01%  2080 3837s
H195688 97353                       5.0390580    4.99036  0.97%  2067 3858s
H195688 97353                       5.0390580    4.99036  0.97%  2067 3858s

Cutting planes:
  Learned: 332
  Gomory: 31
  Cover: 965
  Implied bound: 342
  Projected implied bound: 200
  MIR: 630
  StrongCG: 5
  Flow cover: 1128
  GUB cover: 20
  Zero half: 7
  RLT: 845
  Relax-and-lift: 299
  BQP: 5

Explored 200088 nodes (407776869 simplex iterations) in 3858.41 seconds (10184.47 work units)
Thread count was 32 (of 104 available processors)

Solution count 10: 5.03906 5.03906 5.04106 ... 5.04385

Optimal solution found (tolerance 1.00e-02)
Best objective 5.039057993537e+00, best bound 4.990551942934e+00, gap 0.9626%
m.flow_changes_penalty(): 320.0
Total operational cost: 50070.58
Maximum power (kW): 894.28
Discharge energy capacity (kWh): 110522.68
Charge energy capacity (kWh): 0.00
Levelized Cost of Flexibility ($/kWh): 0.54
{'fixed_demand_cost': 3938.346132545348, 'variable_demand_cost': 1413.3353057447075, 'fixed_monthly_cost': 171938.17204301074, 'total_water_production': 117574.86301369876, 'total_energy_cost': 7165.549325918899, 'total_demand_cost': 5351.681438290056, 'total_customer_cost': 0.0, 'total_feed_cost': 21410.810502291773, 'total_brine_cost': 7925.0526824229955, 'total_chemical_cost': 8217.485986443011, 'total_water_revenue': 0.0, 'total_demand_response_revenue': 0.0, 'total_emissions_cost': 0.0, 'total_op_cost': 50070.57993536674, 'fixed_cost': 121551.98252688172, 'total_cost': 171622.56246224846, 'LCOW': 1.4596875391830357, 'degree_of_flex': 0.10778443113772455, 'total_replacement_cost': 1425.1988543731686, 'maximum_power': 894.2755157975862, 'discharge_energy_capacity': 110522.68186591263, 'charge_energy_capacity': 0.0, 'discharge_power_capacity': 657.873106344718, 'charge_power_capacity': nan, 'round_trip_efficiency': 0, 'LVOF': 0.5397011744849551}
Saved operation variable results to: /home/rchurchi/watertap_test/watertap/tutorials/flex_ro/wrd_result_both_winter_5000AF.csv


Running optimization for annual production of 6000 AF...
2026-08-21 18:35:28 [INFO] idaes.core.surrogate.pysmo_surrogate: Decode surrogate. type=poly

===========================Polynomial Regression===============================================

The number of cross-validation cases (3) is used.
The default training/cross-validation split of 0.75 is used.
No iterations will be run.
Default parameter estimation method is used.
Parameter estimation method:  pyomo 

2026-08-21 18:35:28 [INFO] idaes.core.surrogate.pysmo_surrogate: Decode surrogate. type=poly

===========================Polynomial Regression===============================================

The number of cross-validation cases (3) is used.
The default training/cross-validation split of 0.75 is used.
No iterations will be run.
Default parameter estimation method is used.
Parameter estimation method:  pyomo 

2026-08-21 18:35:28 [INFO] idaes.core.surrogate.pysmo_surrogate: Decode surrogate. type=poly

===========================Polynomial Regression===============================================

The number of cross-validation cases (3) is used.
The default training/cross-validation split of 0.75 is used.
No iterations will be run.
Default parameter estimation method is used.
Parameter estimation method:  pyomo 

2026-08-21 18:35:28 [INFO] idaes.core.surrogate.pysmo_surrogate: Decode surrogate. type=poly

===========================Polynomial Regression===============================================

The number of cross-validation cases (3) is used.
The default training/cross-validation split of 0.75 is used.
No iterations will be run.
Default parameter estimation method is used.
Parameter estimation method:  pyomo 

2026-08-21 18:35:30 [INFO] idaes.apps.grid_integration.pricetaker.price_taker_model: Found minimum uptime/downtime data for pretreatment.uf_pumps[1] - Adding minimum uptime/downtime constraints.
2026-08-21 18:35:30 [INFO] idaes.apps.grid_integration.pricetaker.price_taker_model: Created startup/shutdown constraints for operation model  pretreatment.uf_pumps[1] at uf_pumps_1_startup_shutdown.
2026-08-21 18:35:30 [INFO] idaes.apps.grid_integration.pricetaker.price_taker_model: Found minimum uptime/downtime data for pretreatment.uf_pumps[2] - Adding minimum uptime/downtime constraints.
2026-08-21 18:35:30 [INFO] idaes.apps.grid_integration.pricetaker.price_taker_model: Created startup/shutdown constraints for operation model  pretreatment.uf_pumps[2] at uf_pumps_2_startup_shutdown.
2026-08-21 18:35:30 [INFO] idaes.apps.grid_integration.pricetaker.price_taker_model: Found minimum uptime/downtime data for pretreatment.uf_pumps[3] - Adding minimum uptime/downtime constraints.
2026-08-21 18:35:30 [INFO] idaes.apps.grid_integration.pricetaker.price_taker_model: Created startup/shutdown constraints for operation model  pretreatment.uf_pumps[3] at uf_pumps_3_startup_shutdown.
2026-08-21 18:35:30 [INFO] idaes.apps.grid_integration.pricetaker.price_taker_model: Found minimum uptime/downtime data for reverse_osmosis.ro_skid[1] - Adding minimum uptime/downtime constraints.
2026-08-21 18:35:30 [INFO] idaes.apps.grid_integration.pricetaker.price_taker_model: Created startup/shutdown constraints for operation model  reverse_osmosis.ro_skid[1] at ro_skid_1_startup_shutdown.
2026-08-21 18:35:30 [INFO] idaes.apps.grid_integration.pricetaker.price_taker_model: Found minimum uptime/downtime data for reverse_osmosis.ro_skid[2] - Adding minimum uptime/downtime constraints.
2026-08-21 18:35:30 [INFO] idaes.apps.grid_integration.pricetaker.price_taker_model: Created startup/shutdown constraints for operation model  reverse_osmosis.ro_skid[2] at ro_skid_2_startup_shutdown.
2026-08-21 18:35:30 [INFO] idaes.apps.grid_integration.pricetaker.price_taker_model: Found minimum uptime/downtime data for reverse_osmosis.ro_skid[3] - Adding minimum uptime/downtime constraints.
2026-08-21 18:35:30 [INFO] idaes.apps.grid_integration.pricetaker.price_taker_model: Created startup/shutdown constraints for operation model  reverse_osmosis.ro_skid[3] at ro_skid_3_startup_shutdown.
2026-08-21 18:35:30 [INFO] idaes.apps.grid_integration.pricetaker.price_taker_model: Found minimum uptime/downtime data for reverse_osmosis.ro_skid[4] - Adding minimum uptime/downtime constraints.
2026-08-21 18:35:30 [INFO] idaes.apps.grid_integration.pricetaker.price_taker_model: Created startup/shutdown constraints for operation model  reverse_osmosis.ro_skid[4] at ro_skid_4_startup_shutdown.
4292
Set parameter LogToConsole to value 1
Set parameter MIPGap to value 0.01
Gurobi Optimizer version 12.0.3 build v12.0.3rc0 (linux64 - "Red Hat Enterprise Linux 8.8 (Ootpa)")

CPU model: Intel(R) Xeon(R) Platinum 8470QL, instruction set [SSE2|AVX|AVX2|AVX512]
Thread count: 104 physical cores, 104 logical processors, using up to 32 threads

Non-default parameters:
MIPGap  0.01

Optimize a model with 18191 rows, 16467 columns and 50081 nonzeros
Model fingerprint: 0x95330d43
Model has 168 quadratic objective terms
Model has 2352 quadratic constraints
Variable types: 11259 continuous, 5208 integer (5208 binary)
Coefficient statistics:
  Matrix range     [5e-04, 2e+03]
  QMatrix range    [2e-07, 1e+00]
  QLMatrix range   [3e-04, 1e+00]
  Objective range  [7e-06, 1e-03]
  QObjective range [2e-04, 2e-04]
  Bounds range     [9e-01, 1e+03]
  RHS range        [5e-02, 2e+05]
  QRHS range       [3e-01, 3e-01]
Presolve removed 11844 rows and 11434 columns
Presolve time: 0.07s
Presolved: 11579 rows, 5322 columns, 31608 nonzeros
Presolved model has 192 SOS constraint(s)
Presolved model has 1332 bilinear constraint(s)

Solving non-convex MIQCP

Variable types: 3253 continuous, 2069 integer (2069 binary)
Found heuristic solution: objective 6.8511443

Root relaxation: unbounded, 0 iterations, 0.00 seconds (0.00 work units)

    Nodes    |    Current Node    |     Objective Bounds      |     Work
 Expl Unexpl |  Obj  Depth IntInf | Incumbent    BestBd   Gap | It/Node Time

     0     2  postponed    0         6.85114          -      -     -    2s
     7    10  postponed    3         6.85114          -      -  2901    5s
    97    94  postponed    8         6.85114          -      -  4740   10s
   244   274  postponed   10         6.85114          -      -  3594   16s
   387   590  postponed   12         6.85114          -      -  4349   22s
   881  1116 infeasible   20         6.85114          -      -  2189   34s
H  921  1116                       6.6273404          -      -  2109   34s
H 1775  2200                       6.5284438          -      -  1271   46s
H 1775  2200                       6.4099652          -      -  1271   46s
H 2688  2200                       6.4038329          -      -  1001   46s
  3425  5121    6.29497  149  625    6.40383          -      -   845   61s
H 4668  5121                       6.4037912          -      -   792   61s
H 5296  5121                       6.4019819          -      -   746   61s
H 6972  7889                       6.3837374          -      -   681   72s
H 7776  7889                       6.3832028          -      -   674   72s
H 7985  7889                       6.3825803          -      -   665   72s
H 7998  7538                       6.2666107          -      -   665   72s
 10056  8892     cutoff  362         6.26661          -      -   615   80s
H10284  8822                       6.2506156          -      -   624   80s
H10284  8511                       6.2303605          -      -   624   80s
 11926  9306 infeasible   36         6.23036          -      -   613   88s
H12155  9082                       6.2090969          -      -   619   88s
H12495  9082                       6.2090712          -      -   617   88s
 13385  9035    6.20494  599 1390    6.20907    4.26908  31.2%   611   95s
 13386  9036    6.18288  421 1278    6.20907    5.71910  7.89%   611  102s
 13388  9037    5.90211  158 1428    6.20907    5.77960  6.92%   611  107s
 13390  9039    5.79271   80 1386    6.20907    5.79271  6.71%   611  111s
 13393  9041    6.10987  622 1307    6.20907    5.79917  6.60%   611  116s
 13396  9043    5.97939  413 1344    6.20907    5.80086  6.57%   611  120s
H13398  8591                       6.2081221    5.80100  6.56%   610  123s
 13401  8593    6.18415  493 1289    6.20812    5.80100  6.56%   610  125s
 13403  8594    6.19229  552 1277    6.20812    5.80100  6.56%   610  132s
 13404  8595    6.05734  568 1277    6.20812    5.80100  6.56%   610  136s
 13405  8599    5.80354   15 2359    6.20812    5.80100  6.56%   618  199s
 13407  8602    5.80361   16 2312    6.20812    5.80354  6.52%   619  206s
 13411  8609    5.80460   17 2325    6.20812    5.80361  6.52%   620  214s
 13419  8622    5.80500   18 2289    6.20812    5.80460  6.50%   624  221s
 13435  8649    5.80556   19 2249    6.20812    5.80500  6.49%   629  232s
 13467  8670    5.81115   20 2244    6.20812    5.80556  6.48%   645  237s
H13499  8296                       6.2081221    5.80556  6.48%   658  249s
H13503  7886                       6.2081220    5.80556  6.48%   660  249s
H13505  7497                       6.2074838    5.80556  6.47%   661  249s
H13509  7127                       6.2067220    5.80556  6.46%   663  249s
 13566  7152    5.88062   22 2109    6.20672    5.80556  6.46%   689  258s
 13610  7217    5.83471   24 2244    6.20672    5.80556  6.46%   720  265s
H13644  6856                       6.2061411    5.80556  6.45%   732  265s
 13690  6922    5.87059   26 2164    6.20614    5.80556  6.45%   751  275s
H13771  6592                       6.1802566    5.80556  6.06%   780  283s
H13776  6274                       6.1355582    5.80556  5.38%   782  283s
H13778  5973                       6.1355290    5.80556  5.38%   783  283s
 13803  6022    5.91866   27 2187    6.13553    5.80556  5.38%   796  290s
 13890  6063    5.92716   29 2077    6.13553    5.80574  5.38%   822  300s
 13965  6105    5.93765   30 2001    6.13553    5.80853  5.33%   855  310s
H13967  5818                       6.1348732    5.80853  5.32%   855  310s
H14001  5536                       6.1341933    5.80853  5.31%   869  310s
H14003  5278                       6.1338424    5.80853  5.30%   870  310s
 14036  5343    5.96403   31 2051    6.13384    5.80853  5.30%   882  321s
H14041  5097                       6.0617249    5.80853  4.18%   883  321s
 14123  5092    5.98155   32 1432    6.06172    5.80853  4.18%   910  330s
 14204  5117    5.98760   33 1899    6.06172    5.81277  4.11%   936  337s
H14213  4882                       6.0612879    5.81277  4.10%   939  337s
H14229  4656                       6.0595092    5.81277  4.07%   942  337s
H14269  4476                       6.0585092    5.81277  4.06%   956  343s
H14269  4277                       6.0577198    5.81277  4.04%   956  343s
 14352  4295    5.99677   35 1869    6.05772    5.81277  4.04%   980  350s
H14398  4090                       6.0577198    5.81416  4.02%   991  350s
 14449  4119    6.03877   35 1275    6.05772    5.81503  4.01%  1006  359s
H14466  3934                       6.0575499    5.81503  4.00%  1010  359s
H14482  3758                       6.0573095    5.81503  4.00%  1013  359s
H14485  3594                       6.0569577    5.81503  3.99%  1013  359s
 14539  3634     cutoff   37         6.05696    5.81545  3.99%  1035  365s
H14639  3490                       6.0569577    5.81545  3.99%  1061  371s
H14741  3310                       6.0569530    5.81577  3.98%  1087  371s
 14744  3350     cutoff   40         6.05695    5.81577  3.98%  1087  382s
H14810  3189                       6.0535356    5.81577  3.93%  1121  382s
 14836  3231    6.01742   41 1694    6.05354    5.81577  3.93%  1124  389s
H14838  3097                       6.0535327    5.81577  3.93%  1126  389s
H14858  2965                       6.0527951    5.81577  3.92%  1129  389s
H14900  2831                       6.0527935    5.81577  3.92%  1137  389s
 14974  2892     cutoff   42         6.05279    5.81577  3.92%  1149  396s
 15096  2917    6.02284   44 1738    6.05279    5.81577  3.92%  1177  405s
H15134  2791                       6.0527933    5.81577  3.92%  1187  405s
 15206  2873     cutoff   46         6.05279    5.81577  3.92%  1206  414s
H15255  2749                       6.0502787    5.81901  3.82%  1217  414s
 15350  2807    5.95337   24 2222    6.05028    5.81901  3.82%  1237  421s
H15394  2691                       6.0500818    5.81901  3.82%  1246  421s
 15498  2760    5.95369   25 2191    6.05008    5.81901  3.82%  1262  429s
 15631  2849    5.95845   29 2193    6.05008    5.81901  3.82%  1295  438s
H15650  2745                       6.0500787    5.81901  3.82%  1299  438s
H15772  2613                       6.0500771    5.81901  3.82%  1325  438s
 15783  2737    5.96061   33 2059    6.05008    5.81901  3.82%  1328  444s
 15979  2739    5.96474   37 1940    6.05008    5.81901  3.82%  1358  453s
 16168  2849    5.97001   41 1811    6.05008    5.81901  3.82%  1391  462s
H16413  2851                       6.0500771    5.82167  3.78%  1415  469s
H16608  2703                       6.0500771    5.82167  3.78%  1435  469s
 16634  2908    5.97764   49 1494    6.05008    5.82167  3.78%  1442  480s
 16907  3071    5.97957   53 1514    6.05008    5.82321  3.75%  1469  492s
 17214  3233    5.98249   58 1464    6.05008    5.82502  3.72%  1487  500s
H17225  3149                       6.0500459    5.82502  3.72%  1488  500s
H17277  3043                       6.0488403    5.82502  3.70%  1495  500s
 17538  3211     cutoff   62         6.04884    5.82654  3.68%  1506  508s
H17548  3168                       6.0488403    5.82654  3.68%  1509  508s
 17847  3381    5.99605   69 1291    6.04884    5.83075  3.61%  1528  520s
 18074  3613    5.99589   71 1217    6.04884    5.83075  3.61%  1564  529s
 18357  3870    6.00329   80 1174    6.04884    5.83075  3.61%  1592  541s
H18658  3903                       6.0487719    5.83075  3.60%  1623  554s
H18661  3636                       6.0410494    5.83075  3.48%  1623  554s
H18665  3151                       6.0272684    5.83075  3.26%  1623  554s
H18689  2468                       6.0050487    5.83422  2.84%  1627  554s
 18699  2580     cutoff   84         6.00505    5.83422  2.84%  1627  566s
 18939  2706 infeasible   26         6.00505    5.83422  2.84%  1670  581s
 19161  2901    5.98133   31 2224    6.00505    5.83624  2.81%  1699  594s
 19400  3099    5.98758   41 1817    6.00505    5.83624  2.81%  1744  610s
 19642  3321    5.99458   46 1672    6.00505    5.84876  2.60%  1785  623s
H19730  3320                       6.0050286    5.84876  2.60%  1793  623s
H19820  3247                       6.0029436    5.84959  2.55%  1802  623s
 19922  3471     cutoff   52         6.00294    5.84959  2.55%  1826  638s
 20222  3709     cutoff   57         6.00294    5.84999  2.55%  1864  651s
H20276  3709                       6.0029435    5.84999  2.55%  1870  651s
H20535  4096                       6.0028928    5.85121  2.53%  1906  667s
 20993  4575    5.99946   28 2232    6.00289    5.85121  2.53%  1926  680s
H21368  4534                       6.0018852    5.85121  2.51%  1931  680s
 21548  5001     cutoff   32         6.00189    5.85208  2.50%  1947  696s
 22142  5415    5.99405   24 2144    6.00189    5.85208  2.50%  1979  712s
H22695  5656                       5.9994497    5.85208  2.46%  2015  731s
H23035  5656                       5.9994497    5.85208  2.46%  2037  731s
H23208  5656                       5.9994496    5.85208  2.46%  2039  731s
H23215  6056                       5.9974496    5.85208  2.42%  2040  751s
H23836  6056                       5.9974496    5.85208  2.42%  2054  751s
H23872  6332                       5.9974496    5.85208  2.42%  2057  765s
H23872  6332                       5.9974496    5.85208  2.42%  2057  765s
H23873  3872                       5.9735850    5.85208  2.03%  2058  765s
H23996  2726                       5.9593848    5.85208  1.80%  2056  765s
 24233  2525    5.92809   39 2231    5.95938    5.85208  1.80%  2058  785s
H24473  2525                       5.9593848    5.85575  1.74%  2076  785s
 24623  2711    5.93630   47 1985    5.95938    5.85575  1.74%  2090  801s
H24936  2943                       5.9593848    5.85991  1.67%  2128  817s
H24987  2943                       5.9593847    5.85991  1.67%  2135  817s
 25306  3179    5.95929   68 1557    5.95938    5.85991  1.67%  2174  837s
 25718  3376     cutoff   25         5.95938    5.85991  1.67%  2226  858s
 26134  3513    5.95121   28 1961    5.95938    5.87613  1.40%  2285  889s
H26147  3511                       5.9593562    5.87763  1.37%  2286  889s
H26216  3511                       5.9593556    5.87763  1.37%  2292  889s
H26257  3511                       5.9593546    5.87763  1.37%  2298  889s
 26519  3800     cutoff   43         5.95935    5.87896  1.35%  2332  914s
 26961  4146    5.90973   38 2140    5.95935    5.87896  1.35%  2378  936s
H27465  4510                       5.9583717    5.88013  1.31%  2421  961s
 28043  4936    5.95529  100 1172    5.95837    5.88028  1.31%  2468  985s
H28049  4936                       5.9583716    5.88028  1.31%  2469  985s
 28684  5287     cutoff   30         5.95837    5.88307  1.26%  2518 1013s
 29327  5360    5.95267   32 2094    5.95837    5.88551  1.22%  2565 1039s
H29343  5205                       5.9569784    5.88707  1.17%  2568 1039s
 29552  5968    5.95284   33 2088    5.95698    5.88707  1.17%  2585 1105s
H29710  5968                       5.9569783    5.88840  1.15%  2603 1105s
H30777  5968                       5.9569783    5.88840  1.15%  2703 1105s
 31081  6499    5.95497   74 1381    5.95698    5.88840  1.15%  2740 1146s
 32022  7001    5.93379   33 2221    5.95698    5.89308  1.07%  2817 1182s
H32181  7001                       5.9569781    5.89336  1.07%  2820 1182s
 32905  7388    5.93245   27 2173    5.95698    5.89625  1.02%  2884 1220s
H32906  7388                       5.9569780    5.89625  1.02%  2884 1220s

Cutting planes:
  Learned: 314
  Gomory: 43
  Cover: 600
  Implied bound: 210
  Projected implied bound: 78
  Clique: 1
  MIR: 466
  StrongCG: 4
  Flow cover: 686
  GUB cover: 13
  Zero half: 8
  RLT: 801
  Relax-and-lift: 326
  BQP: 2

Explored 33695 nodes (99335608 simplex iterations) in 1220.25 seconds (2870.07 work units)
Thread count was 32 (of 104 available processors)

Solution count 10: 5.95698 5.95698 5.95698 ... 5.95938

Optimal solution found (tolerance 1.00e-02)
Best objective 5.956978083948e+00, best bound 5.897876674559e+00, gap 0.9921%
m.flow_changes_penalty(): 270.0
Total operational cost: 59299.78
Maximum power (kW): 1082.68
Discharge energy capacity (kWh): 91891.86
Charge energy capacity (kWh): 0.00
Levelized Cost of Flexibility ($/kWh): 0.55
{'fixed_demand_cost': 4768.067336162223, 'variable_demand_cost': 1716.2698463581194, 'fixed_monthly_cost': 171938.17204301074, 'total_water_production': 141089.83561643935, 'total_energy_cost': 9009.939880250684, 'total_demand_cost': 6484.337182520342, 'total_customer_cost': 0.0, 'total_feed_cost': 25427.472602739657, 'total_brine_cost': 8599.36997146055, 'total_chemical_cost': 9778.661202511421, 'total_water_revenue': 0.0, 'total_demand_response_revenue': 0.0, 'total_emissions_cost': 0.0, 'total_op_cost': 59299.78083948265, 'fixed_cost': 121551.98252688172, 'total_cost': 180851.76336636438, 'LCOW': 1.281819931082917, 'degree_of_flex': 0.10778443113772455, 'total_replacement_cost': 1425.1988543731686, 'maximum_power': 1082.679316346168, 'discharge_energy_capacity': 91891.85690687246, 'charge_energy_capacity': 0.0, 'discharge_power_capacity': 546.9753387313837, 'charge_power_capacity': nan, 'round_trip_efficiency': 0, 'LVOF': 0.548688665169126}
Saved operation variable results to: /home/rchurchi/watertap_test/watertap/tutorials/flex_ro/wrd_result_both_winter_6000AF.csv


Running optimization for annual production of 7000 AF...
2026-08-21 18:55:53 [INFO] idaes.core.surrogate.pysmo_surrogate: Decode surrogate. type=poly

===========================Polynomial Regression===============================================

The number of cross-validation cases (3) is used.
The default training/cross-validation split of 0.75 is used.
No iterations will be run.
Default parameter estimation method is used.
Parameter estimation method:  pyomo 

2026-08-21 18:55:53 [INFO] idaes.core.surrogate.pysmo_surrogate: Decode surrogate. type=poly

===========================Polynomial Regression===============================================

The number of cross-validation cases (3) is used.
The default training/cross-validation split of 0.75 is used.
No iterations will be run.
Default parameter estimation method is used.
Parameter estimation method:  pyomo 

2026-08-21 18:55:53 [INFO] idaes.core.surrogate.pysmo_surrogate: Decode surrogate. type=poly

===========================Polynomial Regression===============================================

The number of cross-validation cases (3) is used.
The default training/cross-validation split of 0.75 is used.
No iterations will be run.
Default parameter estimation method is used.
Parameter estimation method:  pyomo 

2026-08-21 18:55:53 [INFO] idaes.core.surrogate.pysmo_surrogate: Decode surrogate. type=poly

===========================Polynomial Regression===============================================

The number of cross-validation cases (3) is used.
The default training/cross-validation split of 0.75 is used.
No iterations will be run.
Default parameter estimation method is used.
Parameter estimation method:  pyomo 

2026-08-21 18:55:54 [INFO] idaes.apps.grid_integration.pricetaker.price_taker_model: Found minimum uptime/downtime data for pretreatment.uf_pumps[1] - Adding minimum uptime/downtime constraints.
2026-08-21 18:55:54 [INFO] idaes.apps.grid_integration.pricetaker.price_taker_model: Created startup/shutdown constraints for operation model  pretreatment.uf_pumps[1] at uf_pumps_1_startup_shutdown.
2026-08-21 18:55:54 [INFO] idaes.apps.grid_integration.pricetaker.price_taker_model: Found minimum uptime/downtime data for pretreatment.uf_pumps[2] - Adding minimum uptime/downtime constraints.
2026-08-21 18:55:54 [INFO] idaes.apps.grid_integration.pricetaker.price_taker_model: Created startup/shutdown constraints for operation model  pretreatment.uf_pumps[2] at uf_pumps_2_startup_shutdown.
2026-08-21 18:55:54 [INFO] idaes.apps.grid_integration.pricetaker.price_taker_model: Found minimum uptime/downtime data for pretreatment.uf_pumps[3] - Adding minimum uptime/downtime constraints.
2026-08-21 18:55:54 [INFO] idaes.apps.grid_integration.pricetaker.price_taker_model: Created startup/shutdown constraints for operation model  pretreatment.uf_pumps[3] at uf_pumps_3_startup_shutdown.
2026-08-21 18:55:54 [INFO] idaes.apps.grid_integration.pricetaker.price_taker_model: Found minimum uptime/downtime data for reverse_osmosis.ro_skid[1] - Adding minimum uptime/downtime constraints.
2026-08-21 18:55:54 [INFO] idaes.apps.grid_integration.pricetaker.price_taker_model: Created startup/shutdown constraints for operation model  reverse_osmosis.ro_skid[1] at ro_skid_1_startup_shutdown.
2026-08-21 18:55:54 [INFO] idaes.apps.grid_integration.pricetaker.price_taker_model: Found minimum uptime/downtime data for reverse_osmosis.ro_skid[2] - Adding minimum uptime/downtime constraints.
2026-08-21 18:55:54 [INFO] idaes.apps.grid_integration.pricetaker.price_taker_model: Created startup/shutdown constraints for operation model  reverse_osmosis.ro_skid[2] at ro_skid_2_startup_shutdown.
2026-08-21 18:55:54 [INFO] idaes.apps.grid_integration.pricetaker.price_taker_model: Found minimum uptime/downtime data for reverse_osmosis.ro_skid[3] - Adding minimum uptime/downtime constraints.
2026-08-21 18:55:54 [INFO] idaes.apps.grid_integration.pricetaker.price_taker_model: Created startup/shutdown constraints for operation model  reverse_osmosis.ro_skid[3] at ro_skid_3_startup_shutdown.
2026-08-21 18:55:54 [INFO] idaes.apps.grid_integration.pricetaker.price_taker_model: Found minimum uptime/downtime data for reverse_osmosis.ro_skid[4] - Adding minimum uptime/downtime constraints.
2026-08-21 18:55:54 [INFO] idaes.apps.grid_integration.pricetaker.price_taker_model: Created startup/shutdown constraints for operation model  reverse_osmosis.ro_skid[4] at ro_skid_4_startup_shutdown.
4292
Set parameter LogToConsole to value 1
Set parameter MIPGap to value 0.01
Gurobi Optimizer version 12.0.3 build v12.0.3rc0 (linux64 - "Red Hat Enterprise Linux 8.8 (Ootpa)")

CPU model: Intel(R) Xeon(R) Platinum 8470QL, instruction set [SSE2|AVX|AVX2|AVX512]
Thread count: 104 physical cores, 104 logical processors, using up to 32 threads

Non-default parameters:
MIPGap  0.01

Optimize a model with 18191 rows, 16467 columns and 50081 nonzeros
Model fingerprint: 0x06015ba1
Model has 168 quadratic objective terms
Model has 2352 quadratic constraints
Variable types: 11259 continuous, 5208 integer (5208 binary)
Coefficient statistics:
  Matrix range     [5e-04, 2e+03]
  QMatrix range    [2e-07, 1e+00]
  QLMatrix range   [3e-04, 1e+00]
  Objective range  [7e-06, 1e-03]
  QObjective range [2e-04, 2e-04]
  Bounds range     [9e-01, 1e+03]
  RHS range        [5e-02, 2e+05]
  QRHS range       [3e-01, 3e-01]
Presolve removed 11844 rows and 11434 columns
Presolve time: 0.07s
Presolved: 11579 rows, 5322 columns, 31608 nonzeros
Presolved model has 192 SOS constraint(s)
Presolved model has 1332 bilinear constraint(s)

Solving non-convex MIQCP

Variable types: 3253 continuous, 2069 integer (2069 binary)

Root relaxation: unbounded, 0 iterations, 0.00 seconds (0.00 work units)
Exploring 100 nodes in MinRel heuristic

    Nodes    |    Current Node    |     Objective Bounds      |     Work
 Expl Unexpl |  Obj  Depth IntInf | Incumbent    BestBd   Gap | It/Node Time

H    0     0                      12.6931008          -      -     -    3s
Feasible solution found by MinRel heuristic at node 1
     0     2  postponed    0        12.69310          -      -     -    3s
     7    10  postponed    3        12.69310          -      -  3284    5s
    97    92  postponed    8        12.69310          -      -  4667   10s
   532   742  postponed   13        12.69310          -      -  1914   19s
H  830   742                      10.4311556          -      -  1399   19s
H  857   742                       8.3913810          -      -  1372   19s
  1085  1244  postponed   20         8.39138          -      -  1140   25s
H 1093  1244                       7.5006078          -      -  1136   25s
H 1093  1244                       7.2992013          -      -  1136   25s
  1814  2026 infeasible   24         7.29920          -      -   896   34s
H 2980  5061                       7.2979205          -      -   722   47s
H 2991  5061                       7.2942070          -      -   720   47s
H 2994  5061                       7.2929126          -      -   719   47s
H 2997  5061                       7.2929118          -      -   719   47s
H 3694  5061                       7.2918866          -      -   698   47s
H 5581  5061                       7.2790590          -      -   608   47s
H 6815  7132                       7.1859271          -      -   582   57s
H 6815  6747                       7.1012740          -      -   582   57s
H 8138  6747                       7.1011999          -      -   576   57s
  9340  7683     cutoff  412         7.10120          -      -   578   64s
H10505  7683                       7.1011999          -      -   586   64s
 11012  8852  postponed   90         7.10120          -      -   598   72s
 12830  8854    6.81070  270 1390    7.10120    5.74281  19.1%   602   80s
 12833  8856    6.75365   41 1459    7.10120    6.75365  4.89%   602   88s
 12834  8857    6.84824  416 1430    7.10120    6.76023  4.80%   602   90s
 12837  8859    6.77553  211 1359    7.10120    6.77053  4.66%   602   96s
 12841  8862    6.77782  216 1351    7.10120    6.77782  4.55%   602  100s
 12848  8866    6.77800  185 1401    7.10120    6.77800  4.55%   602  105s
 12852  8869    6.77853   64 1374    7.10120    6.77853  4.54%   601  113s
 12853  8870    7.01717  144 1374    7.10120    6.77853  4.54%   601  115s
 12854  8873    6.78954   15 2568    7.10120    6.78436  4.46%   608  185s
 12856  8877    6.79313   16 2551    7.10120    6.78954  4.39%   609  192s
 12860  8883    6.81868   17 2427    7.10120    6.79313  4.34%   610  204s
 12868  8897    6.87399   18 2341    7.10120    6.80545  4.16%   615  210s
 12884  8923    6.91156   19 2253    7.10120    6.80780  4.13%   620  220s
H12888  8478                       7.1011930    6.80780  4.13%   622  220s
 12916  8501    6.92945   20 2161    7.10119    6.80849  4.12%   633  230s
H12948  8119                       7.1011930    6.80849  4.12%   665  241s
H12954  7716                       7.1011930    6.80849  4.12%   669  241s
H12994  7323                       7.1011930    6.80849  4.12%   686  241s
H13018  6953                       7.1011930    6.80849  4.12%   697  241s
 13053  6961    7.05170   23 1117    7.10119    6.80849  4.12%   722  254s
 13144  6944     cutoff   26         7.10119    6.80849  4.12%   764  267s
 13213  6940    6.94234   22 2553    7.10119    6.80849  4.12%   805  275s
 13287  6937    6.94734   24 2588    7.10119    6.80849  4.12%   838  283s
H13318  6584                       7.1011929    6.80849  4.12%   847  283s
 13361  6596    7.01970   26 2443    7.10119    6.80849  4.12%   863  291s
 13429  6597     cutoff   29         7.10119    6.80849  4.12%   901  302s
 13508  6609    7.02057   28 2448    7.10119    6.80849  4.12%   937  310s
 13570  6620    7.08627   31 2204    7.10119    6.80849  4.12%   969  316s
H13606  6281                       7.1002380    6.80895  4.10%   984  316s
 13632  6316    7.08649   33 2195    7.10024    6.80895  4.10%   998  328s
 13717  6347    7.08784   35 2271    7.10024    6.80895  4.10%  1025  337s
 13797  6366    7.08800   36 2191    7.10024    6.80895  4.10%  1053  350s
 13866  6391     cutoff   37         7.10024    6.80895  4.10%  1086  362s
H13888  6074                       7.1002380    6.80895  4.10%  1098  362s
 13942  6134    7.08857   38 2245    7.10024    6.84550  3.59%  1122  372s
 14039  6194    7.08917   40 2088    7.10024    6.84550  3.59%  1151  384s
 14156  6248    7.09330   48 2003    7.10024    6.84550  3.59%  1186  393s
 14288  6307    7.09809   57 2060    7.10024    6.84826  3.55%  1216  407s
 14397  6382     cutoff   61         7.10024    6.84826  3.55%  1254  414s
 14539  6432    6.88278   27 2417    7.10024    6.84830  3.55%  1284  430s
 14680  6515    6.97495   30 2324    7.10024    6.84830  3.55%  1323  438s
 14834  6616    7.03285   33 2277    7.10024    6.84830  3.55%  1353  448s
 15012  6698    7.03686   38 2269    7.10024    6.85050  3.52%  1385  462s
H15019  6402                       7.1002311    6.85050  3.52%  1389  462s
 15171  6514    7.03959   43 2219    7.10023    6.85050  3.52%  1419  469s
 15354  6632    7.03984   44 2204    7.10023    6.85050  3.52%  1452  481s
 15557  6775    7.04153   51 2132    7.10023    6.85311  3.48%  1491  490s
H15567  6492                       7.1002310    6.85311  3.48%  1494  490s
H15584  6220                       7.1002310    6.85311  3.48%  1492  490s
H15595  5965                       7.1002310    6.85311  3.48%  1493  490s
H15603  5722                       7.1002308    6.85311  3.48%  1493  490s
H15696  5463                       7.1002306    6.85311  3.48%  1511  490s
 15798  5666    7.04426   59 1983    7.10023    6.85311  3.48%  1525  499s
 16060  5860    7.04535   62 1957    7.10023    6.85460  3.46%  1553  508s
 16354  6075    7.04869   74 1699    7.10023    6.85502  3.45%  1578  518s
 16690  6321    7.05445   86 1538    7.10023    6.85502  3.45%  1595  529s
 17060  6636    7.05824   97 1431    7.10023    6.85502  3.45%  1610  537s
H17151  6390                       7.1002076    6.85537  3.45%  1614  537s
 17507  6770    7.06755  124 1303    7.10021    6.85537  3.45%  1604  549s
H18048  4111                       6.9674543    6.85537  1.61%  1598  562s
H18058  3913                       6.9551211    6.85537  1.43%  1597  562s
 18239  3630     cutoff  164         6.95512    6.85575  1.43%  1591  572s
H18518  3351                       6.9550762    6.85594  1.43%  1613  572s
 18541  3486    6.89988   63 2049    6.95508    6.86087  1.35%  1613  584s
 18838  3547    6.90144   65 1947    6.95508    6.86347  1.32%  1638  595s
H18854  3365                       6.9528431    6.86360  1.28%  1646  595s
H19192  3085                       6.9525060    6.86360  1.28%  1648  595s
 19332  3015    6.90908   71 1818    6.95251    6.86360  1.28%  1646  612s
H19422  2826                       6.9524977    6.86479  1.26%  1651  612s
H19587  2620                       6.9524913    6.86479  1.26%  1657  612s
 19829  2544    6.92377   80 1644    6.95249    6.86479  1.26%  1660  624s
H19839  2397                       6.9524913    6.86479  1.26%  1662  624s
H19884  2246                       6.9524913    6.86479  1.26%  1659  624s
H19973  2086                       6.9524913    6.86479  1.26%  1666  624s
H20041  2006                       6.9524841    6.86479  1.26%  1672  624s
H20138  2006                       6.9524793    6.86479  1.26%  1678  624s
 20279  2126    6.93813   89 1362    6.95248    6.86479  1.26%  1677  637s
 20647  2360    6.94847   98 1303    6.95248    6.86830  1.21%  1705  651s
H20942  2352                       6.9523908    6.86830  1.21%  1743  651s
 20970  2637    6.95079  224 1198    6.95239    6.86867  1.20%  1742  667s
 21381  2879     cutoff   44         6.95239    6.87112  1.17%  1775  682s
 21762  3227    6.94920  220 1161    6.95239    6.87252  1.15%  1818  697s
H21887  3226                       6.9523828    6.87252  1.15%  1826  697s
 22296  3697    6.95170  267 1165    6.95238    6.87252  1.15%  1838  713s
H22367  3695                       6.9523472    6.87252  1.15%  1840  713s
H22440  3694                       6.9523349    6.87252  1.15%  1842  713s
 22934  4071    6.94290   59 1957    6.95233    6.87367  1.13%  1852  727s
 23427  4392    6.94439   65 1909    6.95233    6.87367  1.13%  1872  738s
H23432  4371                       6.9521032    6.87367  1.13%  1872  738s
H23474  2887                       6.9436113    6.87367  1.01%  1869  738s
H23623  2526                       6.9392804    6.87367  0.95%  1868  738s

Cutting planes:
  Learned: 256
  Gomory: 33
  Cover: 450
  Implied bound: 161
  Projected implied bound: 72
  MIR: 303
  StrongCG: 1
  Flow cover: 533
  GUB cover: 21
  Zero half: 9
  RLT: 894
  Relax-and-lift: 388
  BQP: 6

Explored 23814 nodes (44316677 simplex iterations) in 739.00 seconds (1641.05 work units)
Thread count was 32 (of 104 available processors)

Solution count 10: 6.93928 6.94361 6.9521 ... 6.95249

Optimal solution found (tolerance 1.00e-02)
Best objective 6.939280375662e+00, best bound 6.873665000131e+00, gap 0.9456%
m.flow_changes_penalty(): 440.0
Total operational cost: 68952.80
Maximum power (kW): 1249.29
Discharge energy capacity (kWh): 91105.79
Charge energy capacity (kWh): 10412.82
Levelized Cost of Flexibility ($/kWh): 0.45
{'fixed_demand_cost': 5501.810841781666, 'variable_demand_cost': 1524.758053957769, 'fixed_monthly_cost': 171938.17204301074, 'total_water_production': 164604.80821917832, 'total_energy_cost': 10032.604456728568, 'total_demand_cost': 7026.568895739435, 'total_customer_cost': 0.0, 'total_feed_cost': 29909.13470319714, 'total_brine_cost': 10545.884248082408, 'total_chemical_cost': 11438.611452872023, 'total_water_revenue': 0.0, 'total_demand_response_revenue': 0.0, 'total_emissions_cost': 0.0, 'total_op_cost': 68952.80375661957, 'fixed_cost': 121551.98252688172, 'total_cost': 190504.7862835013, 'LCOW': 1.1573464247158325, 'degree_of_flex': 0.17964071856287425, 'total_replacement_cost': 1435.6271386734606, 'maximum_power': 1249.2895756789437, 'discharge_energy_capacity': 91105.78796005943, 'charge_energy_capacity': 10412.82362950959, 'discharge_power_capacity': 949.0186245839524, 'charge_power_capacity': 144.62255040985542, 'round_trip_efficiency': 0, 'LVOF': 0.4473543340909861}
Saved operation variable results to: /home/rchurchi/watertap_test/watertap/tutorials/flex_ro/wrd_result_both_winter_7000AF.csv


Running optimization for annual production of 8000 AF...
2026-08-21 19:08:16 [INFO] idaes.core.surrogate.pysmo_surrogate: Decode surrogate. type=poly

===========================Polynomial Regression===============================================

The number of cross-validation cases (3) is used.
The default training/cross-validation split of 0.75 is used.
No iterations will be run.
Default parameter estimation method is used.
Parameter estimation method:  pyomo 

2026-08-21 19:08:16 [INFO] idaes.core.surrogate.pysmo_surrogate: Decode surrogate. type=poly

===========================Polynomial Regression===============================================

The number of cross-validation cases (3) is used.
The default training/cross-validation split of 0.75 is used.
No iterations will be run.
Default parameter estimation method is used.
Parameter estimation method:  pyomo 

2026-08-21 19:08:16 [INFO] idaes.core.surrogate.pysmo_surrogate: Decode surrogate. type=poly

===========================Polynomial Regression===============================================

The number of cross-validation cases (3) is used.
The default training/cross-validation split of 0.75 is used.
No iterations will be run.
Default parameter estimation method is used.
Parameter estimation method:  pyomo 

2026-08-21 19:08:16 [INFO] idaes.core.surrogate.pysmo_surrogate: Decode surrogate. type=poly

===========================Polynomial Regression===============================================

The number of cross-validation cases (3) is used.
The default training/cross-validation split of 0.75 is used.
No iterations will be run.
Default parameter estimation method is used.
Parameter estimation method:  pyomo 

2026-08-21 19:08:18 [INFO] idaes.apps.grid_integration.pricetaker.price_taker_model: Found minimum uptime/downtime data for pretreatment.uf_pumps[1] - Adding minimum uptime/downtime constraints.
2026-08-21 19:08:18 [INFO] idaes.apps.grid_integration.pricetaker.price_taker_model: Created startup/shutdown constraints for operation model  pretreatment.uf_pumps[1] at uf_pumps_1_startup_shutdown.
2026-08-21 19:08:18 [INFO] idaes.apps.grid_integration.pricetaker.price_taker_model: Found minimum uptime/downtime data for pretreatment.uf_pumps[2] - Adding minimum uptime/downtime constraints.
2026-08-21 19:08:18 [INFO] idaes.apps.grid_integration.pricetaker.price_taker_model: Created startup/shutdown constraints for operation model  pretreatment.uf_pumps[2] at uf_pumps_2_startup_shutdown.
2026-08-21 19:08:18 [INFO] idaes.apps.grid_integration.pricetaker.price_taker_model: Found minimum uptime/downtime data for pretreatment.uf_pumps[3] - Adding minimum uptime/downtime constraints.
2026-08-21 19:08:18 [INFO] idaes.apps.grid_integration.pricetaker.price_taker_model: Created startup/shutdown constraints for operation model  pretreatment.uf_pumps[3] at uf_pumps_3_startup_shutdown.
2026-08-21 19:08:18 [INFO] idaes.apps.grid_integration.pricetaker.price_taker_model: Found minimum uptime/downtime data for reverse_osmosis.ro_skid[1] - Adding minimum uptime/downtime constraints.
2026-08-21 19:08:18 [INFO] idaes.apps.grid_integration.pricetaker.price_taker_model: Created startup/shutdown constraints for operation model  reverse_osmosis.ro_skid[1] at ro_skid_1_startup_shutdown.
2026-08-21 19:08:18 [INFO] idaes.apps.grid_integration.pricetaker.price_taker_model: Found minimum uptime/downtime data for reverse_osmosis.ro_skid[2] - Adding minimum uptime/downtime constraints.
2026-08-21 19:08:18 [INFO] idaes.apps.grid_integration.pricetaker.price_taker_model: Created startup/shutdown constraints for operation model  reverse_osmosis.ro_skid[2] at ro_skid_2_startup_shutdown.
2026-08-21 19:08:18 [INFO] idaes.apps.grid_integration.pricetaker.price_taker_model: Found minimum uptime/downtime data for reverse_osmosis.ro_skid[3] - Adding minimum uptime/downtime constraints.
2026-08-21 19:08:18 [INFO] idaes.apps.grid_integration.pricetaker.price_taker_model: Created startup/shutdown constraints for operation model  reverse_osmosis.ro_skid[3] at ro_skid_3_startup_shutdown.
2026-08-21 19:08:18 [INFO] idaes.apps.grid_integration.pricetaker.price_taker_model: Found minimum uptime/downtime data for reverse_osmosis.ro_skid[4] - Adding minimum uptime/downtime constraints.
2026-08-21 19:08:18 [INFO] idaes.apps.grid_integration.pricetaker.price_taker_model: Created startup/shutdown constraints for operation model  reverse_osmosis.ro_skid[4] at ro_skid_4_startup_shutdown.
4292
Set parameter LogToConsole to value 1
Set parameter MIPGap to value 0.01
Gurobi Optimizer version 12.0.3 build v12.0.3rc0 (linux64 - "Red Hat Enterprise Linux 8.8 (Ootpa)")

CPU model: Intel(R) Xeon(R) Platinum 8470QL, instruction set [SSE2|AVX|AVX2|AVX512]
Thread count: 104 physical cores, 104 logical processors, using up to 32 threads

Non-default parameters:
MIPGap  0.01

Optimize a model with 18191 rows, 16467 columns and 50081 nonzeros
Model fingerprint: 0x1aa533fd
Model has 168 quadratic objective terms
Model has 2352 quadratic constraints
Variable types: 11259 continuous, 5208 integer (5208 binary)
Coefficient statistics:
  Matrix range     [5e-04, 2e+03]
  QMatrix range    [2e-07, 1e+00]
  QLMatrix range   [3e-04, 1e+00]
  Objective range  [7e-06, 1e-03]
  QObjective range [2e-04, 2e-04]
  Bounds range     [9e-01, 1e+03]
  RHS range        [5e-02, 2e+05]
  QRHS range       [3e-01, 3e-01]
Presolve removed 11844 rows and 11434 columns
Presolve time: 0.07s
Presolved: 11579 rows, 5322 columns, 31608 nonzeros
Presolved model has 192 SOS constraint(s)
Presolved model has 1332 bilinear constraint(s)

Solving non-convex MIQCP

Variable types: 3253 continuous, 2069 integer (2069 binary)

Root relaxation: unbounded, 0 iterations, 0.00 seconds (0.00 work units)
Exploring 100 nodes in MinRel heuristic
MinRel: 0 nodes explored, relaxation 2.37e-01, total elapsed time 5s

    Nodes    |    Current Node    |     Objective Bounds      |     Work
 Expl Unexpl |  Obj  Depth IntInf | Incumbent    BestBd   Gap | It/Node Time

H    0     0                      11.8905548          -      -     -    6s
Feasible solution found by MinRel heuristic at node 80
     0     2  postponed    0        11.89055          -      -     -    7s
    23    26  postponed    5        11.89055          -      -  4537   10s
   174   275  postponed   10        11.89055          -      -  4842   17s
H  372   275                      10.0251940          -      -  2563   17s
H  385   275                       8.7121142          -      -  2493   17s
   403   405  postponed   12         8.71211          -      -  2422   22s
H  405   405                       8.7111142          -      -  2410   22s
H  659   586                       8.3296102          -      -  1716   24s
H  664   586                       8.2047272          -      -  1705   24s
H 1052   913                       8.1870572          -      -  1150   28s
  1721  1526    8.00172   82  669    8.18706          -      -   762   32s
H 2755  2468                       8.1803971          -      -   552   38s
H 3044  2468                       8.1803638          -      -   551   38s
H 3794  2468                       8.1275847          -      -   487   38s
  4052  3799    8.04120  226  655    8.12758          -      -   479   44s
H 4707  3732                       8.1148694          -      -   472   44s
H 6100  4738                       8.0592325          -      -   418   51s
H 6359  4738                       8.0592139          -      -   426   51s
H 7419  4738                       8.0591398          -      -   409   51s
  7913  6294     cutoff  461         8.05914          -      -   406   58s
H 9284  6085                       8.0531399          -      -   406   58s
 10095  6079    7.22508   36 1323    8.05314    7.22508  10.3%   405   64s
 10096  6080    7.72405   27  442    8.05314    7.72405  4.09%   404   67s
 10098  6081    7.96448  140  439    8.05314    7.79621  3.19%   404   70s
 10104  6085    7.81280   56  574    8.05314    7.81280  2.98%   404   75s
 10115  6093    7.81460   23  596    8.05314    7.81460  2.96%   404   80s
 10116  6093    7.95145  223  596    8.05314    7.81460  2.96%   404   85s
 10118  6098    7.83462   15 1565    8.05314    7.81460  2.96%   411  126s
 10120  6101    7.84444   16 1646    8.05314    7.83354  2.73%   411  134s
 10124  6106    7.84883   17 1719    8.05314    7.83414  2.72%   413  137s
 10132  6115    7.92874   18 1065    8.05314    7.84883  2.54%   416  149s
 10146  6129    8.01463   19  929    8.05314    7.86832  2.30%   427  158s
 10172  6140     cutoff   20         8.05314    7.87041  2.27%   452  165s
 10204  6203    7.87547   21 1733    8.05314    7.87327  2.23%   474  175s
 10303  6232    7.87916   22 1498    8.05314    7.87768  2.18%   522  184s
 10382  6298    7.87770   23 2040    8.05314    7.87770  2.18%   572  191s
H10389  5989                       7.9901359    7.87770  1.41%   573  191s
 10488  6057    7.87772   24 2039    7.99014    7.87772  1.41%   609  199s
 10610  6121    7.88212   25 1675    7.99014    7.87778  1.41%   642  207s
 10715  6190    7.88244   26 1647    7.99014    7.87778  1.41%   674  216s
 10821  6253    7.88307   27 1673    7.99014    7.87778  1.41%   696  226s
 10925  6325    7.88394   29 1641    7.99014    7.87778  1.41%   721  238s
 11038  6363    7.88420   31 1650    7.99014    7.87778  1.41%   748  244s
 11122  6413    7.88842   32 1438    7.99014    7.87778  1.41%   786  252s
 11204  6489    7.88879   33 1375    7.99014    7.87778  1.41%   832  258s
 11312  6538    7.89602   33 1424    7.99014    7.87778  1.41%   860  263s
 11404  6619    7.89008   36 1339    7.99014    7.87778  1.41%   901  273s
 11520  6715    7.89064   38 1340    7.99014    7.87778  1.41%   929  281s
 11663  6810    7.89190   43 1268    7.99014    7.87778  1.41%   959  285s
 11814  6856    7.89676   46 1263    7.99014    7.87778  1.41%   989  291s
 11927  6904    7.94317   47 1301    7.99014    7.87778  1.41%  1035  299s
 12040  7014    7.89453   48 1322    7.99014    7.87778  1.41%  1084  305s
 12216  7048    7.89716   48 1168    7.99014    7.87778  1.41%  1117  312s
 12379  7104    7.89580   51 1325    7.99014    7.87778  1.41%  1155  319s
 12518  7211    7.89584   53 1259    7.99014    7.87778  1.41%  1205  326s
 12706  7311    7.89814   54 1155    7.99014    7.87778  1.41%  1239  334s
 12912  7435    7.89838   56 1460    7.99014    7.87778  1.41%  1278  340s
 13134  7530    7.89896   57 1409    7.99014    7.87778  1.41%  1305  349s
 13333  7698     cutoff   59         7.99014    7.87826  1.40%  1350  356s
 13590  7928     cutoff   60         7.99014    7.87826  1.40%  1379  362s
 13928  8116    7.90309   62 2123    7.99014    7.87826  1.40%  1393  369s
H13975  7231                       7.9756366    7.87826  1.22%  1392  369s
 14276  7280    7.90358   66 1699    7.97564    7.87826  1.22%  1410  376s
H14453  6720                       7.9696669    7.87916  1.14%  1406  376s
 14668  6923    7.90552   70 1925    7.96967    7.87916  1.14%  1414  387s
H14697  6569                       7.9669553    7.87916  1.10%  1415  387s
H14975  6505                       7.9653352    7.87916  1.08%  1444  396s
H15166  6192                       7.9649443    7.87916  1.08%  1444  396s
 15342  6271    7.90604   77 1890    7.96494    7.87916  1.08%  1463  403s
H15344  4939                       7.9331567    7.87916  0.68%  1464  403s
H15392  4230                       7.9236444    7.87916  0.56%  1462  403s
H15443  3983                       7.9135863    7.87916  0.43%  1462  403s
H15469  3782                       7.9130717    7.87916  0.43%  1466  403s
H15473  3598                       7.9130668    7.87916  0.43%  1468  403s
H15478  3423                       7.9120687    7.87916  0.42%  1468  403s

Cutting planes:
  Learned: 214
  Gomory: 10
  Cover: 710
  Implied bound: 145
  Projected implied bound: 69
  Clique: 1
  MIR: 202
  StrongCG: 3
  Flow cover: 548
  GUB cover: 7
  Zero half: 1
  RLT: 1223
  Relax-and-lift: 471
  BQP: 3

Explored 15490 nodes (22755747 simplex iterations) in 403.25 seconds (785.04 work units)
Thread count was 32 (of 104 available processors)

Solution count 10: 7.91207 7.91307 7.91307 ... 7.96967

Optimal solution found (tolerance 1.00e-02)
Best objective 7.912068692651e+00, best bound 7.879163678390e+00, gap 0.4159%
m.flow_changes_penalty(): 440.0
Total operational cost: 78680.69
Maximum power (kW): 1520.66
Discharge energy capacity (kWh): 88661.79
Charge energy capacity (kWh): 30139.61
Levelized Cost of Flexibility ($/kWh): 0.35
{'fixed_demand_cost': 6696.895059732898, 'variable_demand_cost': 1809.266772730807, 'fixed_monthly_cost': 171938.17204301074, 'total_water_production': 188119.7808217928, 'total_energy_cost': 12151.17410664717, 'total_demand_cost': 8506.161832463704, 'total_customer_cost': 0.0, 'total_feed_cost': 33895.45600393293, 'total_brine_cost': 11134.198923839658, 'total_chemical_cost': 12993.696059625, 'total_water_revenue': 0.0, 'total_demand_response_revenue': 0.0, 'total_emissions_cost': 0.0, 'total_op_cost': 78680.68692650847, 'fixed_cost': 121551.98252688172, 'total_cost': 200232.66945339018, 'LCOW': 1.0643892342351386, 'degree_of_flex': 0.17964071856287425, 'total_replacement_cost': 1435.6271386734606, 'maximum_power': 1520.6559127742298, 'discharge_energy_capacity': 88661.78918051491, 'charge_energy_capacity': 30139.61394529485, 'discharge_power_capacity': 923.560303963697, 'charge_power_capacity': 418.60574924020625, 'round_trip_efficiency': 0, 'LVOF': 0.3499668371415767}
Saved operation variable results to: /home/rchurchi/watertap_test/watertap/tutorials/flex_ro/wrd_result_both_winter_8000AF.csv
