Annual Production (AF),Total Water Production (m3),Total Cost ($),Total Energy Cost ($),Total Demand Cost ($),Total Feed Cost ($),Total Brine Cost ($),Total Chemical Cost ($),Total Replacement Cost ($),Degree of Flexibility,Levelized Cost of Water ($/m3)
8000,188119.78084509633,195648.76172563556,12161.698378011608,4972.0684255823035,33895.45698391632,10202.534880883053,12865.020530360569,992.3107078853046,0.0,1.0400222711652998
10000,236075.0,215765.27735091592,14354.878481557253,5976.73548473646,43151.631799163166,14457.760460251042,16272.288598326271,994.0965099990754,0.017964071856287425,0.9139691934805292
12000,282179.6712549317,233294.3666872671,18666.457124996145,7631.409564427878,50843.185186567316,15303.801549278438,19297.530735115597,992.3107078853046,0.0,0.8267582340348685
14000,329242.0490867652,252044.5497523424,20629.787769362792,9169.492294844293,59579.16938302508,18544.93660956106,22569.18116866744,1003.1228100293331,0.10778443113772455,0.765529647417305
16000,376239.5616438414,272268.2838581776,25031.982196873843,10672.694694682354,67797.39849438578,21354.163613476238,25860.06233187765,995.8887513031602,0.03592814371257485,0.7236567113479527
