Annual Production (AF),Total Water Production (m3),Total Cost ($),Total Energy Cost ($),Total Demand Cost ($),Total Feed Cost ($),Total Brine Cost ($),Total Chemical Cost ($),Total Replacement Cost ($),Degree of Flexibility,Levelized Cost of Water ($/m3),Total Electricity
8000,188119.7808,201617.2696,13751.62104,9350.653834,33895.45694,10202.53476,12865.02052,992.3107079,0,1.071749439,23102.27487
10000,235149.726,221761.4468,17371.27037,11634.34912,42369.3416,12753.22335,16081.27988,994.09651,0.017964072,0.943064874,29005.61949
12000,282179.6713,242455.1676,21106.75956,14351.90811,50843.18517,15303.80151,19297.53073,992.3107079,0,0.85922266,35458.66767
14000,329209.6166,261869.9384,22815.84592,15514.03122,59908.27105,19443.3433,22636.46436,992.3107079,0,0.795450452,38329.87714
16000,376239.5617,281996.3684,27690.03782,18828.32452,67790.91363,20405.06887,25730.04099,992.3107079,0,0.749512803,46518.36234
