Annual Production (AF),Total Water Production (m3),Total Cost ($),Total Energy Cost ($),Total Demand Cost ($),Total Feed Cost ($),Total Brine Cost ($),Total Chemical Cost ($),Total Replacement Cost ($),Degree of Flexibility,Levelized Cost of Water ($/m3),Total Electricity
8000,188119.7808,201617.2697,13751.6211,9350.653834,33895.45694,10202.53476,12865.02052,992.3107079,0,1.07174944,23102.27493
10000,235149.726,220205.5438,16478.66871,10089.94069,42595.55651,13361.17592,16128.21948,999.4926913,0.071856287,0.936448226,26568.6094
12000,282179.6712,239283.0329,19986.16897,11899.72803,50946.04421,15580.23519,19318.87398,1001.304461,0.089820359,0.847981117,31885.897
14000,329281.8555,257639.0854,23485.93881,12647.72322,59393.29942,18028.2943,22531.84715,1010.462733,0.179640719,0.782427216,36133.66203
16000,376241.5905,280887.3226,27950.49484,16916.53475,67930.3479,20778.92608,25759.0365,1001.304461,0.089820359,0.746561065,44867.02959
