

Running optimization for annual production of 9000 AF...
2026-08-21 16:22:11 [INFO] idaes.core.surrogate.pysmo_surrogate: Decode surrogate. type=poly

===========================Polynomial Regression===============================================

The number of cross-validation cases (3) is used.
The default training/cross-validation split of 0.75 is used.
No iterations will be run.
Default parameter estimation method is used.
Parameter estimation method:  pyomo 

2026-08-21 16:22:11 [INFO] idaes.core.surrogate.pysmo_surrogate: Decode surrogate. type=poly

===========================Polynomial Regression===============================================

The number of cross-validation cases (3) is used.
The default training/cross-validation split of 0.75 is used.
No iterations will be run.
Default parameter estimation method is used.
Parameter estimation method:  pyomo 

2026-08-21 16:22:11 [INFO] idaes.core.surrogate.pysmo_surrogate: Decode surrogate. type=poly

===========================Polynomial Regression===============================================

The number of cross-validation cases (3) is used.
The default training/cross-validation split of 0.75 is used.
No iterations will be run.
Default parameter estimation method is used.
Parameter estimation method:  pyomo 

2026-08-21 16:22:11 [INFO] idaes.core.surrogate.pysmo_surrogate: Decode surrogate. type=poly

===========================Polynomial Regression===============================================

The number of cross-validation cases (3) is used.
The default training/cross-validation split of 0.75 is used.
No iterations will be run.
Default parameter estimation method is used.
Parameter estimation method:  pyomo 

2026-08-21 16:22:13 [INFO] idaes.apps.grid_integration.pricetaker.price_taker_model: Found minimum uptime/downtime data for pretreatment.uf_pumps[1] - Adding minimum uptime/downtime constraints.
2026-08-21 16:22:13 [INFO] idaes.apps.grid_integration.pricetaker.price_taker_model: Created startup/shutdown constraints for operation model  pretreatment.uf_pumps[1] at uf_pumps_1_startup_shutdown.
2026-08-21 16:22:13 [INFO] idaes.apps.grid_integration.pricetaker.price_taker_model: Found minimum uptime/downtime data for pretreatment.uf_pumps[2] - Adding minimum uptime/downtime constraints.
2026-08-21 16:22:13 [INFO] idaes.apps.grid_integration.pricetaker.price_taker_model: Created startup/shutdown constraints for operation model  pretreatment.uf_pumps[2] at uf_pumps_2_startup_shutdown.
2026-08-21 16:22:13 [INFO] idaes.apps.grid_integration.pricetaker.price_taker_model: Found minimum uptime/downtime data for pretreatment.uf_pumps[3] - Adding minimum uptime/downtime constraints.
2026-08-21 16:22:13 [INFO] idaes.apps.grid_integration.pricetaker.price_taker_model: Created startup/shutdown constraints for operation model  pretreatment.uf_pumps[3] at uf_pumps_3_startup_shutdown.
2026-08-21 16:22:13 [INFO] idaes.apps.grid_integration.pricetaker.price_taker_model: Found minimum uptime/downtime data for reverse_osmosis.ro_skid[1] - Adding minimum uptime/downtime constraints.
2026-08-21 16:22:13 [INFO] idaes.apps.grid_integration.pricetaker.price_taker_model: Created startup/shutdown constraints for operation model  reverse_osmosis.ro_skid[1] at ro_skid_1_startup_shutdown.
2026-08-21 16:22:13 [INFO] idaes.apps.grid_integration.pricetaker.price_taker_model: Found minimum uptime/downtime data for reverse_osmosis.ro_skid[2] - Adding minimum uptime/downtime constraints.
2026-08-21 16:22:13 [INFO] idaes.apps.grid_integration.pricetaker.price_taker_model: Created startup/shutdown constraints for operation model  reverse_osmosis.ro_skid[2] at ro_skid_2_startup_shutdown.
2026-08-21 16:22:13 [INFO] idaes.apps.grid_integration.pricetaker.price_taker_model: Found minimum uptime/downtime data for reverse_osmosis.ro_skid[3] - Adding minimum uptime/downtime constraints.
2026-08-21 16:22:13 [INFO] idaes.apps.grid_integration.pricetaker.price_taker_model: Created startup/shutdown constraints for operation model  reverse_osmosis.ro_skid[3] at ro_skid_3_startup_shutdown.
2026-08-21 16:22:13 [INFO] idaes.apps.grid_integration.pricetaker.price_taker_model: Found minimum uptime/downtime data for reverse_osmosis.ro_skid[4] - Adding minimum uptime/downtime constraints.
2026-08-21 16:22:13 [INFO] idaes.apps.grid_integration.pricetaker.price_taker_model: Created startup/shutdown constraints for operation model  reverse_osmosis.ro_skid[4] at ro_skid_4_startup_shutdown.
4364
Set parameter TokenServer to value "10.60.1.73"
Set parameter LogToConsole to value 1
Set parameter MIPGap to value 0.0112
Gurobi Optimizer version 12.0.3 build v12.0.3rc0 (linux64 - "Red Hat Enterprise Linux 8.8 (Ootpa)")

CPU model: Intel(R) Xeon(R) Platinum 8470QL, instruction set [SSE2|AVX|AVX2|AVX512]
Thread count: 104 physical cores, 104 logical processors, using up to 32 threads

Non-default parameters:
MIPGap  0.0112

Optimize a model with 18119 rows, 16467 columns and 49999 nonzeros
Model fingerprint: 0x09c33126
Model has 168 quadratic objective terms
Model has 2352 quadratic constraints
Variable types: 11259 continuous, 5208 integer (5208 binary)
Coefficient statistics:
  Matrix range     [5e-04, 2e+03]
  QMatrix range    [2e-07, 1e+00]
  QLMatrix range   [3e-04, 1e+00]
  Objective range  [1e-05, 1e-03]
  QObjective range [2e-04, 2e-04]
  Bounds range     [9e-01, 1e+03]
  RHS range        [5e-02, 2e+05]
  QRHS range       [3e-01, 3e-01]
Presolve removed 6979 rows and 7572 columns
Presolve time: 0.11s
Presolved: 20380 rows, 9400 columns, 55029 nonzeros
Presolved model has 336 SOS constraint(s)
Presolved model has 2352 bilinear constraint(s)

Solving non-convex MIQCP

Variable types: 5740 continuous, 3660 integer (3660 binary)
Found heuristic solution: objective 10.2304238

Root relaxation: unbounded, 0 iterations, 0.01 seconds (0.00 work units)

    Nodes    |    Current Node    |     Objective Bounds      |     Work
 Expl Unexpl |  Obj  Depth IntInf | Incumbent    BestBd   Gap | It/Node Time

     0     2  postponed    0        10.23042          -      -     -    3s
     3     8  postponed    2        10.23042          -      -  3953    6s
    15    20  postponed    4        10.23042          -      -  7060   10s
    79    80  postponed    7        10.23042          -      -  7825   16s
   115   142  postponed    8        10.23042          -      -  8353   21s
   177   410  postponed    9        10.23042          -      -  9824   27s
   589   765  postponed   14        10.23042          -      -  3579   35s
  1152  1282  postponed   21        10.23042          -      -  2216   47s
  1999  2042 infeasible   32        10.23042          -      -  1593   67s
  3287  2950  postponed   49        10.23042          -      -  1256   93s
H 4746  2950                      10.0751672          -      -  1105   93s
  4945  4188  postponed   70        10.07517          -      -  1088  119s
H 5415  4188                      10.0654260          -      -  1077  119s
H 5664  4188                      10.0653810          -      -  1076  119s
H 5697  4188                      10.0642766          -      -  1073  119s
  6981  6667  postponed   89        10.06428          -      -  1038  142s
H 7463  6641                      10.0175575          -      -  1053  142s
H 7682  6641                      10.0167998          -      -  1041  142s
H 8687  6571                       9.8095006          -      -  1004  142s
H 8687  6565                       9.7856709          -      -  1004  142s
 10031  7612  postponed   98         9.78567          -      -   954  161s
H10448  7496                       9.7270263          -      -   957  161s
H10698  7496                       9.7269576          -      -   945  161s
 11919  8359 infeasible  107         9.72696          -      -   933  180s
H12184  8359                       9.7231542          -      -   939  180s
H12300  8333                       9.7121724          -      -   942  180s
H12597  8226                       9.6898533          -      -   945  180s
 13526 10236  postponed  115         9.68985          -      -   937  200s
H13817 10172                       9.6725313          -      -   940  200s
H16115  9622                       9.6191497    5.54686  42.3%   887  243s
 16117  9623    7.81348  123 2428    9.61915    7.81348  18.8%   887  254s
 16118  9624    8.83671  358 2708    9.61915    8.21289  14.6%   887  265s
 16119  9624    8.89983  266 2535    9.61915    8.25775  14.2%   887  272s
 16120  9625    8.29242  122 2681    9.61915    8.29242  13.8%   887  279s
 16121  9626    8.31154   62 2606    9.61915    8.31154  13.6%   887  285s
 16122  9626    9.31485  221 2747    9.61915    8.32363  13.5%   887  291s
H16122  9145                       9.6123631    8.33336  13.3%   887  296s
 16125  9147    8.34466   83 2770    9.61236    8.34466  13.2%   887  303s
 16126  9148    8.80289  218 2752    9.61236    8.34721  13.2%   887  306s
 16127  9149    8.40992  182 2695    9.61236    8.35331  13.1%   886  311s
 16129  9150    8.38194  132 2726    9.61236    8.38194  12.8%   886  319s
 16130  9151    9.61236  398 2792    9.61236    8.38468  12.8%   886  321s
H16130  8693                       9.5915733    8.39215  12.5%   886  326s
 16133  8695    8.40254   54 2786    9.59157    8.40254  12.4%   886  333s
 16134  8695    8.40319   64 2792    9.59157    8.40319  12.4%   886  335s
H16135  8261                       9.5910187    8.40603  12.4%   886  340s
H16137  7848                       9.5744637    8.40651  12.2%   886  344s
H16137  7455                       9.5703936    8.40651  12.2%   886  344s
 16138  7456    8.40651  128 2683    9.57039    8.40651  12.2%   886  345s
H16138  7083                       9.5694023    8.40722  12.1%   886  348s
H16138  6728                       9.5638986    8.40722  12.1%   886  348s
H16138  6392                       9.5619416    8.40722  12.1%   886  348s
H16138  6072                       9.5605044    8.40722  12.1%   886  348s
H16138  5768                       9.5575074    8.40722  12.0%   886  348s
H16138  5479                       9.5479969    8.40722  11.9%   886  348s
H16140  5205                       9.5379841    8.40751  11.9%   886  351s
H16141  4946                       9.5352882    8.40758  11.8%   886  353s
 16143  4947    9.32846  518 2736    9.53529    8.40768  11.8%   886  355s
 16144  4948    8.40768  147 2736    9.53529    8.40768  11.8%   886  398s
H16144  4700                       9.5336315    8.40768  11.8%   886  428s
H16145  4467                       9.5116876    8.40768  11.6%   901  620s
 16146  4468    8.43288   11 4881    9.51169    8.40768  11.6%   902  651s
 16148  4472    8.45161   12 4767    9.51169    8.43011  11.4%   902  673s
 16152  4478    8.45470   13 4841    9.51169    8.45161  11.1%   905  718s
 16160  4492    8.46989   14 4698    9.51169    8.45470  11.1%   919  746s
 16176  4518    8.48289   15 4598    9.51169    8.46989  11.0%   934  774s
 16208  4538    8.49278   16 4616    9.51169    8.48289  10.8%   957  799s
 16238  4559    8.49588   17 4675    9.51169    8.48289  10.8%   981  820s
H16240  4334                       9.5039964    8.48289  10.7%   982  820s
H16251  4118                       9.4731040    8.48289  10.5%   992  820s
H16262  3913                       9.4653330    8.48289  10.4%  1003  820s
 16269  3995    8.49947   18 4608    9.46533    8.48289  10.4%  1010  845s
H16354  3860                       9.4644187    8.48289  10.4%  1061  867s
H16359  3676                       9.4569754    8.48289  10.3%  1061  867s
H16371  3498                       9.4551612    8.48289  10.3%  1068  867s
H16371  3334                       9.4162135    8.48289  9.91%  1068  867s
 16439  3403    8.60768   21 4575    9.41621    8.48289  9.91%  1086  887s
H16530  3312                       9.4127300    8.48289  9.88%  1107  906s
H16535  3162                       9.4115154    8.48289  9.87%  1108  906s
H16538  3020                       9.4093104    8.48289  9.85%  1108  906s
 16626  3079    8.53578   26 4577    9.40931    8.48289  9.85%  1126  922s
H16715  2994                       9.4093104    8.48289  9.85%  1145  939s
H16724  2864                       9.4093103    8.48289  9.85%  1148  939s
H16737  2738                       9.4079249    8.48289  9.83%  1150  939s
 16794  2810    8.58719   28 4634    9.40792    8.48289  9.83%  1158  954s
H16889  2776                       9.4076695    8.48289  9.83%  1175  969s
H16897  2664                       9.4074628    8.48289  9.83%  1177  969s
H16902  2558                       9.4073611    8.48289  9.83%  1179  969s
H16906  2459                       9.4073151    8.48289  9.83%  1179  969s
H16963  2346                       9.4025708    8.48289  9.78%  1183  969s
 17005  2437    8.61265   30 4543    9.40257    8.48289  9.78%  1188  984s
H17110  2437                       9.4016535    8.48289  9.77%  1208  998s
H17127  2347                       9.4011503    8.48289  9.77%  1212  998s
H17139  2263                       9.3783207    8.48289  9.55%  1212  998s
H17146  2184                       9.3771735    8.48289  9.54%  1214  998s
 17234  2265    8.64661   34 3317    9.37717    8.48289  9.54%  1233 1014s
 17352  2353    8.69642   34 3359    9.37717    8.48289  9.54%  1260 1029s
H17359  2279                       9.3760221    8.48289  9.53%  1261 1029s
H17373  2205                       9.3756142    8.48289  9.52%  1261 1029s
H17380  2138                       9.3723099    8.48289  9.49%  1265 1029s
 17489  2214    8.67115   35 3119    9.37231    8.48289  9.49%  1280 1044s
H17636  2194                       9.3717081    8.48289  9.48%  1305 1062s
H17640  2133                       9.3702374    8.48289  9.47%  1306 1062s
H17674  2066                       9.3699862    8.48289  9.47%  1321 1062s
 17759  2168    8.73579   39 2094    9.36999    8.48289  9.47%  1340 1082s
 17919  2264    8.80061   41 1989    9.36999    8.48289  9.47%  1373 1099s
H18017  2179                       9.3696749    8.48289  9.46%  1394 1099s
 18089  2298    8.81175   41 2541    9.36967    8.48289  9.46%  1405 1119s
H18256  2317                       9.3696722    8.48289  9.46%  1435 1141s
H18361  2170                       9.3236012    8.48289  9.02%  1453 1141s
 18416  2236    8.92288   45 2391    9.32360    8.48289  9.02%  1469 1160s
H18574  2235                       9.3197665    8.52638  8.51%  1510 1177s
H18588  2181                       9.3184134    8.52638  8.50%  1512 1177s
H18596  2086                       9.2846470    8.52638  8.17%  1513 1177s
H18711  1893                       9.1850487    8.53841  7.04%  1537 1177s
H18744  1854                       9.1840487    8.53841  7.03%  1548 1197s
H18905  1961                       9.1807260    8.54311  6.95%  1566 1220s
H18909  1922                       9.1665469    8.54311  6.80%  1567 1220s
H18913  1885                       9.1450959    8.54311  6.58%  1571 1220s
 19061  1963    9.07583   52 1372    9.14510    8.54311  6.58%  1595 1243s
H19180  2041                       9.1404198    8.54311  6.53%  1622 1270s
H19187  2039                       9.1386859    8.54311  6.52%  1626 1270s
H19201  2002                       9.1285968    8.54354  6.41%  1628 1270s
 19298  2104     cutoff   39         9.12860    8.55249  6.31%  1663 1290s
H19475  2076                       9.1106889    8.55249  6.13%  1698 1313s
 19646  2152    8.87275   26 2201    9.11069    8.55249  6.13%  1750 1334s
 19790  2259    9.09215   38 1666    9.11069    8.55345  6.12%  1799 1361s
H19799  2254                       9.1094182    8.55345  6.10%  1799 1361s
H19812  2254                       9.1091001    8.55345  6.10%  1804 1361s
H19857  2254                       9.1088153    8.55345  6.10%  1824 1361s
H19869  2253                       9.1048010    8.55345  6.06%  1827 1361s
 19944  2317    8.63775   19 4636    9.10480    8.55345  6.06%  1846 1389s
H20063  2445                       9.1045099    8.55375  6.05%  1884 1415s
H20068  2429                       9.1001095    8.55375  6.00%  1883 1415s
H20087  2426                       9.0991949    8.55375  5.99%  1890 1415s
H20103  2426                       9.0983611    8.55375  5.99%  1893 1415s
 20252  2544    8.86000   26 3242    9.09836    8.55375  5.99%  1928 1441s
 20451  2706    8.89022   29 3180    9.09836    8.55375  5.99%  1973 1472s
H20475  2706                       9.0978601    8.55375  5.98%  1979 1472s
H20482  2703                       9.0962934    8.55375  5.96%  1980 1472s
H20539  2701                       9.0951958    8.55375  5.95%  1990 1472s
H20555  2699                       9.0926960    8.55375  5.93%  1997 1472s
 20660  2809    8.96965   37 3225    9.09270    8.56105  5.85%  2027 1498s
 20847  2941    8.97047   39 3102    9.09270    8.56105  5.85%  2090 1524s
H20854  2940                       9.0923851    8.56105  5.84%  2094 1524s
H20899  2937                       9.0919152    8.56105  5.84%  2111 1524s
H20899  2937                       9.0917515    8.56105  5.84%  2111 1524s
H20967  2927                       9.0893928    8.56105  5.81%  2138 1524s
H21024  3047                       9.0883928    8.56105  5.80%  2151 1556s
 21214  3109    8.98978   47 2921    9.08839    8.56496  5.76%  2211 1584s
H21219  3063                       9.0816606    8.56496  5.69%  2215 1584s
H21224  3042                       9.0778633    8.56496  5.65%  2218 1584s
 21314  3164     cutoff   50         9.07786    8.56541  5.65%  2241 1614s
H21316  3160                       9.0763356    8.56541  5.63%  2241 1614s
H21513  3160                       9.0763318    8.57144  5.56%  2293 1614s
H21517  3148                       9.0751342    8.57144  5.55%  2297 1614s
 21524  3294     cutoff   52         9.07513    8.57144  5.55%  2300 1646s
H21668  3291                       9.0736268    8.57144  5.53%  2340 1646s
 21758  3403    8.63935   20 4765    9.07363    8.57144  5.53%  2358 1684s
H21771  3380                       9.0669930    8.57144  5.47%  2363 1684s
 21971  3512    8.64208   22 4678    9.06699    8.57144  5.47%  2427 1719s
H22173  3682                       9.0664011    8.57144  5.46%  2496 1753s
H22209  3682                       9.0664011    8.57144  5.46%  2507 1753s
H22256  3677                       9.0657210    8.57144  5.45%  2517 1753s
 22408  3863    8.83396   29 4481    9.06572    8.57322  5.43%  2573 1794s
H22635  3859                       9.0646034    8.57708  5.38%  2636 1794s
H22664  3983                       9.0612310    8.57708  5.34%  2646 1834s
H22706  3963                       9.0593430    8.57708  5.32%  2670 1834s
 22905  4167    8.97866   37 4214    9.05934    8.57813  5.31%  2736 1874s
H23193  4328                       9.0561418    8.57813  5.28%  2812 1912s
 23489  4499    9.01160   47 3241    9.05614    8.58772  5.17%  2892 1955s
H23765  4725                       9.0561315    8.58954  5.15%  2980 1996s
H23841  4725                       9.0560944    8.58954  5.15%  2993 1996s
H23841  4723                       9.0560597    8.58954  5.15%  2993 1996s
H23910  4710                       9.0552239    8.58954  5.14%  3006 1996s
 24104  4884    8.71167   23 4609    9.05522    8.58954  5.14%  3056 2038s
 24389  5135     cutoff   38         9.05522    8.59136  5.12%  3141 2086s
 24715  5316    9.05333   49 2518    9.05522    8.59136  5.12%  3222 2134s
 25008  5590    8.80107   27 3089    9.05522    8.59136  5.12%  3316 2182s
H25027  5588                       9.0547757    8.59136  5.12%  3318 2182s
H25109  5579                       9.0543549    8.59619  5.06%  3328 2182s
H25208  5577                       9.0542746    8.59619  5.06%  3352 2182s
H25351  5577                       9.0542691    8.59850  5.03%  3378 2182s
H25368  5569                       9.0535273    8.59850  5.03%  3379 2182s
 25436  5892    8.87017   18 4677    9.05353    8.59850  5.03%  3389 2237s
H25464  5824                       9.0494726    8.59850  4.98%  3392 2237s
 25910  6107    8.95785   26 4100    9.04947    8.59850  4.98%  3463 2295s
H26254  6105                       9.0493490    8.59850  4.98%  3529 2295s
H26328  6302                       9.0493490    8.59850  4.98%  3539 2351s
H26364  6302                       9.0493242    8.59850  4.98%  3554 2351s
H26513  6248                       9.0468187    8.59850  4.96%  3587 2351s
H26715  5969                       9.0346946    8.59850  4.83%  3618 2351s
H26773  6223                       9.0326946    8.59850  4.81%  3626 2409s
H26792  6184                       9.0307005    8.59850  4.79%  3630 2409s
 27244  6439     cutoff   35         9.03070    8.59850  4.79%  3698 2469s
H27251  6438                       9.0305470    8.59850  4.78%  3703 2469s
 27731  6677     cutoff   38         9.03055    8.60509  4.71%  3780 2527s
H27891  6676                       9.0304855    8.60634  4.70%  3803 2527s
H28034  6675                       9.0304563    8.61375  4.61%  3816 2527s
H28174  6675                       9.0304479    8.61375  4.61%  3832 2527s
 28228  6968    8.85872   26 4480    9.03045    8.61375  4.61%  3839 2594s
H28238  6966                       9.0304221    8.61375  4.61%  3842 2594s
H28306  6964                       9.0303263    8.61375  4.61%  3856 2594s
H28347  6958                       9.0299590    8.61375  4.61%  3866 2594s
H28671  6947                       9.0294471    8.61375  4.60%  3908 2594s
 28740  7297     cutoff   37         9.02945    8.61375  4.60%  3919 2659s
H29145  7288                       9.0292052    8.61375  4.60%  3978 2659s
 29285  7615    8.94000   34 3035    9.02921    8.61375  4.60%  3995 2731s
H29492  7615                       9.0292052    8.61651  4.57%  4027 2731s
H29507  7611                       9.0290485    8.61651  4.57%  4033 2731s
 29830  8087    8.85913   34 4160    9.02905    8.61857  4.55%  4098 2811s
H29943  8087                       9.0290418    8.61857  4.55%  4117 2811s
 30483  8565     cutoff   42         9.02904    8.61857  4.55%  4193 2886s
H30486  8565                       9.0290096    8.61857  4.55%  4195 2886s
H30566  8562                       9.0289561    8.61857  4.55%  4206 2886s
H30778  8561                       9.0289380    8.61857  4.55%  4232 2886s
H30853  8559                       9.0289207    8.61857  4.54%  4240 2886s
 31201  8976     cutoff   40         9.02892    8.62294  4.50%  4289 2958s
H31876  9078                       9.0289207    8.62294  4.50%  4369 3031s
H31878  9045                       9.0277466    8.62468  4.46%  4369 3031s
H31879  9044                       9.0276761    8.62468  4.46%  4370 3031s
H31882  9026                       9.0272088    8.62468  4.46%  4370 3031s
H31887  8953                       9.0252972    8.62468  4.44%  4371 3031s
H31889  8871                       9.0229480    8.62476  4.41%  4371 3031s
H31916  7372                       8.9732620    8.62476  3.88%  4379 3031s
H31925  7368                       8.9731615    8.62476  3.88%  4378 3031s
H32044  7368                       8.9731605    8.62476  3.88%  4393 3031s
H32048  7367                       8.9731199    8.62476  3.88%  4393 3031s
H32066  7582                       8.9691199    8.62476  3.84%  4400 3109s
 32749  7971    8.92307   32 4439    8.96912    8.62841  3.80%  4489 3190s
H33464  8354                       8.9676136    8.63085  3.76%  4586 3281s
H33878  8354                       8.9675841    8.63122  3.75%  4619 3281s
H34263  8799                       8.9665841    8.63471  3.70%  4672 3370s
H34814  8799                       8.9665631    8.63471  3.70%  4735 3370s
H34847  8799                       8.9665421    8.63471  3.70%  4744 3370s
 35054  9270    8.83821   48 4224    8.96654    8.63471  3.70%  4757 3471s
H35344  9268                       8.9665148    8.63835  3.66%  4788 3471s
 35842  9764    8.85338   58 3924    8.96651    8.63904  3.65%  4845 3570s
H35846  9764                       8.9665148    8.63904  3.65%  4846 3570s
 36676 10209    8.88704   79 3577    8.96651    8.64093  3.63%  4933 3670s
H36851 10209                       8.9664910    8.64093  3.63%  4944 3670s
 37547 10384    8.93783  107 2908    8.96649    8.64112  3.63%  5010 3778s
H37584 10384                       8.9664910    8.64112  3.63%  5011 3778s
H37615 10384                       8.9664909    8.64112  3.63%  5018 3778s
H37793 10087                       8.9552641    8.64112  3.51%  5028 3778s
 37969 10441    8.81631   36 4484    8.95526    8.64210  3.50%  5049 3896s
 38796 10795     cutoff   50         8.95526    8.64295  3.49%  5147 4012s
H38800 10718                       8.9532415    8.64295  3.47%  5146 4012s
 39748 11209    8.87248   32 4240    8.95324    8.64672  3.42%  5251 4131s
H39868 11182                       8.9522492    8.64672  3.41%  5257 4131s
H40506 11182                       8.9522492    8.64726  3.41%  5320 4131s
 40747 11571     cutoff   34         8.95225    8.64889  3.39%  5348 4259s
 41789 12107    8.82733   35 4409    8.95225    8.65194  3.35%  5458 4393s
H42059 12107                       8.9522482    8.65194  3.35%  5492 4393s
H42512 12107                       8.9522482    8.65194  3.35%  5520 4393s
 42995 12792    8.87206   49 4047    8.95225    8.65393  3.33%  5558 4533s
 44271 13541    8.94134   67 3262    8.95225    8.65667  3.30%  5654 4675s
H44485 13541                       8.9522481    8.65667  3.30%  5667 4675s
H45626 13541                       8.9522429    8.66003  3.26%  5699 4675s
 45743 14287    8.79123   21 4525    8.95224    8.66113  3.25%  5707 4809s
 47064 14942     cutoff   35         8.95224    8.66166  3.25%  5775 4952s
H47065 14942                       8.9522429    8.66166  3.25%  5775 4952s
H47243 14942                       8.9522188    8.66166  3.25%  5790 4952s
H48288 14942                       8.9521957    8.66266  3.23%  5827 4952s
 48460 15850    8.88458   34 1855    8.95220    8.66315  3.23%  5843 5096s
 50179 16692    8.76802   28 3311    8.95220    8.66832  3.17%  5868 5254s
H50545 16692                       8.9521957    8.66909  3.16%  5900 5254s
 51664 17471    8.79763   30 4536    8.95220    8.67022  3.15%  5933 5406s
 52986 18192    8.81658   42 4232    8.95220    8.67150  3.14%  6014 5572s
 54520 19146    8.88304   66 3499    8.95220    8.67313  3.12%  6083 5730s
 56324 19999    8.76466   20 4694    8.95220    8.67520  3.09%  6119 5897s
 57850 20875    8.93794   45 3764    8.95220    8.67520  3.09%  6195 6070s
 59572 21592    8.83838   24 3301    8.95220    8.68003  3.04%  6251 6256s
H60015 21592                       8.9521954    8.68041  3.04%  6271 6256s
H60888 21471                       8.9501874    8.68041  3.01%  6264 6256s
 60979 22768     cutoff   31         8.95019    8.68192  3.00%  6272 6496s
H62196 22768                       8.9501874    8.68269  2.99%  6331 6496s
 63323 23973 infeasible   26         8.95019    8.68455  2.97%  6356 6712s
H63767 23965                       8.9500733    8.68478  2.96%  6368 6712s
H64833 23965                       8.9500721    8.68478  2.96%  6418 6712s
H65617 25284                       8.9490721    8.68561  2.94%  6414 6923s
 67943 26718    8.80990   27 3168    8.94907    8.68924  2.90%  6442 7126s
H68788 26610                       8.9480722    8.68989  2.89%  6434 7126s
 70269 28061    8.78172   23 3362    8.94807    8.68989  2.89%  6464 7331s
H71150 28061                       8.9480596    8.68989  2.89%  6446 7331s
 72772 29465    8.86428   48 3939    8.94806    8.69302  2.85%  6476 7540s
 75082 30635    8.80369   30 4729    8.94806    8.69677  2.81%  6480 7763s
 77836 32053    8.94088   30 3006    8.94806    8.69810  2.79%  6490 7995s
 80419 33779    8.94584   37 1634    8.94806    8.69924  2.78%  6495 8226s
 83245 35349    8.78598   58 3630    8.94806    8.70084  2.76%  6505 8458s
 86113 37040    8.91770   91 2906    8.94806    8.70312  2.74%  6507 8694s
 88986 38228    8.91162   28 4624    8.94806    8.70606  2.70%  6503 8976s
H89229 38208                       8.9479579    8.70609  2.70%  6520 8976s
 91073 40820    8.81808   26 3225    8.94796    8.70743  2.69%  6550 9386s
H91241 40820                       8.9479579    8.70743  2.69%  6551 9386s
 95988 43574     cutoff   78         8.94796    8.70959  2.66%  6554 9683s
 100352 47056    8.92142  328 1054    8.94796    8.71171  2.64%  6510 9949s
*104832 42436            2957       8.9462485    8.71207  2.62%  6375 9949s
H105595 40360                       8.9452485    8.71405  2.58%  6382 10167s
H105784 39140                       8.9406669    8.71405  2.53%  6376 10167s
H105818 38876                       8.9398432    8.71405  2.53%  6379 10167s
H105865 38778                       8.9394937    8.71405  2.52%  6381 10167s
H106311 35258                       8.9283709    8.71405  2.40%  6393 10167s
H108111 34978                       8.9282688    8.71609  2.38%  6349 10403s
H108154 34821                       8.9276837    8.71609  2.37%  6352 10403s
H109414 34805                       8.9276179    8.71689  2.36%  6388 10403s
H110052 35385                       8.9276178    8.71798  2.35%  6406 10649s
H111011 35385                       8.9276178    8.71831  2.34%  6433 10649s
 112230 35925     cutoff   34         8.92762    8.71969  2.33%  6467 10903s
H112324 35925                       8.9276139    8.71969  2.33%  6468 10903s
H112943 35900                       8.9275307    8.71990  2.33%  6487 10903s
H114494 36760                       8.9275284    8.72050  2.32%  6534 11180s
H115494 36759                       8.9275237    8.72110  2.31%  6552 11180s
H116579 36759                       8.9275212    8.72149  2.31%  6579 11180s
 117073 37713     cutoff   34         8.92752    8.72288  2.29%  6590 11469s
 119721 38737    8.79437   22 3677    8.92752    8.72480  2.27%  6655 11771s
 122309 40069    8.77837   38 3261    8.92752    8.72589  2.26%  6731 12156s
 126028 41665    8.85295   26 3235    8.92752    8.72805  2.23%  6799 12507s
 129546 42640     cutoff   39         8.92752    8.72982  2.21%  6854 12855s
H130697 42640                       8.9275207    8.73031  2.21%  6875 12855s
 132512 43650    8.79858   24 4480    8.92752    8.73232  2.19%  6915 13210s
 135567 44803     cutoff   42         8.92752    8.73465  2.16%  6973 13566s
 138523 48301    8.80118   28 3166    8.92752    8.73598  2.15%  7039 13923s
H138696 48301                       8.9275207    8.73598  2.15%  7043 13923s
H139970 48301                       8.9275207    8.73598  2.15%  7002 13923s
 143655 50386    8.81752   27 4655    8.92752    8.73772  2.13%  6967 14227s
H143745 50386                       8.9275206    8.73772  2.13%  6968 14227s
 147633 51220    8.80457   46 3977    8.92752    8.73949  2.11%  6956 14516s
 150451 52371    8.83078   26 3287    8.92752    8.74093  2.09%  6999 14826s
 154068 53011    8.90216   33 4388    8.92752    8.74212  2.08%  7011 15102s
 156551 53534    8.85955   31 3006    8.92752    8.74438  2.05%  7053 15419s
 159072 54480     cutoff   35         8.92752    8.74502  2.04%  7111 15752s
 161865 55363    8.88931   37 3754    8.92752    8.74629  2.03%  7167 16097s
 164749 56263    8.83330   26 3303    8.92752    8.74762  2.02%  7227 16451s
 167893 57183     cutoff   35         8.92752    8.74936  2.00%  7274 16812s
 170917 58110    8.92036   27 4311    8.92752    8.75086  1.98%  7327 17178s
 174076 58991    8.88807   43 3943    8.92752    8.75221  1.96%  7375 17548s
 177368 59612    8.90121   36 3059    8.92752    8.75438  1.94%  7418 17922s
 180469 60281     cutoff   36         8.92752    8.75553  1.93%  7467 18240s
 183457 60836    8.76436   96 3361    8.92752    8.75635  1.92%  7498 18576s
H183810 60836                       8.9275201    8.75684  1.91%  7501 18576s
 185964 61590    8.82143   25 3467    8.92752    8.75784  1.90%  7532 18963s
 188817 62576    8.92694   33 2912    8.92752    8.75872  1.89%  7572 19365s
 192430 63421    8.86562   26 3370    8.92752    8.75996  1.88%  7615 19769s
 195962 64047    8.81542   32 3317    8.92752    8.76191  1.86%  7653 20154s
 199319 64830    8.81532   24 4301    8.92752    8.76265  1.85%  7695 20548s
 202419 65835    8.92127   35 3259    8.92752    8.76402  1.83%  7735 20935s
 205810 66823    8.89404   26 4414    8.92752    8.76536  1.82%  7765 21333s
 209235 68136    8.89540   28 4145    8.92752    8.76679  1.80%  7797 21709s
 213254 68995    8.92488   35 2881    8.92752    8.76724  1.80%  7807 22038s
 216056 69723    8.89645   33 3327    8.92752    8.76866  1.78%  7818 22419s
 219287 70500    8.88748   28 1770    8.92752    8.76982  1.77%  7854 22801s
 222543 71435    8.86432   34 2859    8.92752    8.77099  1.75%  7881 23177s
 225796 72159     cutoff   28         8.92752    8.77237  1.74%  7915 23554s
 229053 72622     cutoff   33         8.92752    8.77330  1.73%  7946 23985s
 231283 73567    8.90768   79 3314    8.92752    8.77382  1.72%  7957 24391s
 234880 74404     cutoff   25         8.92752    8.77463  1.71%  7981 24781s
 238185 74977    8.84565   41 3989    8.92752    8.77567  1.70%  8015 25176s
H239170 74976                       8.9275147    8.77583  1.70%  8025 25176s
 241024 75951    8.89216   25 4296    8.92751    8.77659  1.69%  8039 25581s
 244668 76707     cutoff   32         8.92751    8.77733  1.68%  8063 25928s
 247692 77479     cutoff   29         8.92751    8.77854  1.67%  8084 26280s
H247694 77479                       8.9275142    8.77854  1.67%  8084 26280s
H247782 77479                       8.9275141    8.77854  1.67%  8084 26280s
H249103 77479                       8.9275136    8.77870  1.67%  8089 26280s
H249606 77479                       8.9275130    8.77870  1.67%  8092 26280s
H250158 77479                       8.9275123    8.77878  1.67%  8098 26280s
 250498 78347     cutoff   35         8.92751    8.77907  1.66%  8100 26670s
H251982 78347                       8.9275123    8.77933  1.66%  8111 26670s
H252171 78347                       8.9275118    8.77933  1.66%  8113 26670s
 253795 79220    8.88222   28 3186    8.92751    8.77972  1.66%  8129 27078s
H254462 79220                       8.9275118    8.77972  1.66%  8133 27078s
H255238 79220                       8.9275118    8.77986  1.65%  8139 27078s
 257365 81041    8.88006  109 3121    8.92751    8.78070  1.64%  8150 27463s
H257909 81041                       8.9275115    8.78089  1.64%  8152 27463s
H258120 81041                       8.9275112    8.78089  1.64%  8150 27463s
 261948 81696    8.92113   34 2851    8.92751    8.78182  1.63%  8138 27797s
H262051 81696                       8.9275111    8.78182  1.63%  8139 27797s
H263175 81695                       8.9275105    8.78182  1.63%  8149 27797s
 264928 82315    8.92646   30 3051    8.92751    8.78231  1.63%  8159 28144s
 267831 83152     cutoff   54         8.92751    8.78296  1.62%  8183 28492s
 271023 83965    8.91184   34 2855    8.92751    8.78392  1.61%  8200 28844s
 274302 84768    8.89720   37 2783    8.92751    8.78471  1.60%  8216 29179s
 277286 85520     cutoff   84         8.92751    8.78555  1.59%  8232 29554s
 280788 86425     cutoff   31         8.92751    8.78655  1.58%  8249 29905s
H281322 86425                       8.9275104    8.78664  1.58%  8250 29905s
H281967 86425                       8.9275103    8.78664  1.58%  8251 29905s
H282439 86425                       8.9275103    8.78664  1.58%  8251 29905s
 283844 88631    8.92537   40 4255    8.92751    8.78693  1.57%  8259 30257s
 288202 90536     cutoff   37         8.92751    8.78784  1.56%  8230 30584s
 292416 91124    8.84999   30 3325    8.92751    8.78843  1.56%  8208 30893s
 295175 91828    8.92382   87 1842    8.92751    8.78905  1.55%  8223 31213s
 298136 92698     cutoff   40         8.92751    8.78992  1.54%  8235 31543s
 301233 93306     cutoff   32         8.92751    8.79061  1.53%  8247 31868s
 304034 95153    8.92428   57 3721    8.92751    8.79126  1.53%  8268 32225s
 308364 95746     cutoff   28         8.92751    8.79177  1.52%  8248 32488s
 310853 96667     cutoff   61         8.92751    8.79207  1.52%  8255 32778s
 313823 97673     cutoff   30         8.92751    8.79292  1.51%  8259 33067s
 316689 98370    8.91284   50 4187    8.92751    8.79331  1.50%  8263 33371s
 319602 99581    8.91245   46 4222    8.92751    8.79394  1.50%  8272 33686s
 323063 101931    8.86604   44 4188    8.92751    8.79445  1.49%  8265 33986s
 327555 103258     cutoff  118         8.92751    8.79495  1.48%  8234 34259s
 330492 103652    8.88428  212 2180    8.92751    8.79532  1.48%  8218 34539s
 333170 104158    8.89900   29 2968    8.92751    8.79597  1.47%  8226 34871s
 336092 104871     cutoff   39         8.92751    8.79634  1.47%  8242 35241s
 339404 105530    8.84282   38 4057    8.92751    8.79683  1.46%  8256 35611s
 342656 106533    8.92322   43 4210    8.92751    8.79708  1.46%  8269 35978s
 346415 107110    8.91442   33 3029    8.92751    8.79820  1.45%  8276 36333s
 349532 107881     cutoff  151         8.92751    8.79876  1.44%  8291 36679s
H350030 107881                       8.9275103    8.79881  1.44%  8291 36679s
H350936 107880                       8.9275087    8.79885  1.44%  8293 36679s
 352743 108825     cutoff   36         8.92751    8.79921  1.44%  8298 37027s
H352745 108825                       8.9275086    8.79921  1.44%  8298 37027s
H352835 108825                       8.9275082    8.79921  1.44%  8298 37027s
H352916 108825                       8.9275063    8.79921  1.44%  8299 37027s
H352979 108825                       8.9275062    8.79921  1.44%  8300 37027s
 356022 110700     cutoff   27         8.92751    8.79980  1.43%  8298 37381s
H356301 110700                       8.9275062    8.79980  1.43%  8299 37381s
 360667 111757     cutoff   58         8.92751    8.80019  1.43%  8279 37700s
 364054 112761     cutoff   33         8.92751    8.80078  1.42%  8281 38149s
 366463 115006     cutoff   26         8.92751    8.80104  1.42%  8275 38604s
 372072 115972    8.87234  187 2328    8.92751    8.80168  1.41%  8258 38915s
 375369 118194    8.91748   31 3274    8.92751    8.80212  1.40%  8260 39220s
 380002 121128     cutoff   27         8.92751    8.80255  1.40%  8233 39504s
H380613 121128                       8.9275056    8.80263  1.40%  8229 39504s
 385046 122568     cutoff   38         8.92751    8.80284  1.40%  8192 39747s
H385047 122568                       8.9275056    8.80284  1.40%  8192 39747s
H386052 122568                       8.9275056    8.80296  1.40%  8192 39747s
H387138 122568                       8.9275056    8.80296  1.40%  8172 39747s
H387442 122568                       8.9275054    8.80296  1.40%  8172 39747s
 387775 125165    8.92610   43 3872    8.92751    8.80326  1.39%  8175 40014s
H388319 125165                       8.9275053    8.80328  1.39%  8170 40014s
 392298 127335    8.88468   31 4404    8.92751    8.80352  1.39%  8137 40238s
 396167 129871     cutoff   50         8.92751    8.80373  1.39%  8108 40565s
H398380 129871                       8.9275053    8.80394  1.38%  8083 40565s
 401265 130480    8.88453  185 2356    8.92751    8.80424  1.38%  8081 40781s
H402009 130480                       8.9275053    8.80424  1.38%  8077 40781s
H402172 130480                       8.9275044    8.80431  1.38%  8078 40781s
 403528 132713     cutoff   32         8.92750    8.80466  1.38%  8081 41032s
 407862 134090    8.89530   32 3411    8.92750    8.80498  1.37%  8050 41244s
 410870 135565     cutoff   36         8.92750    8.80509  1.37%  8037 41467s
 413940 138584     cutoff   37         8.92750    8.80550  1.37%  8026 41699s
 418582 139714     cutoff   29         8.92750    8.80572  1.36%  7985 41904s
 421245 140988     cutoff   37         8.92750    8.80614  1.36%  7978 42123s
H421450 140986                       8.9275006    8.80614  1.36%  7979 42123s
 423929 141875     cutoff   29         8.92750    8.80629  1.36%  7971 42349s
H423930 141875                       8.9275006    8.80629  1.36%  7971 42349s
H423930 141875                       8.9274991    8.80629  1.36%  7971 42349s
H423970 141875                       8.9274991    8.80635  1.36%  7972 42349s
 426042 144797     cutoff   28         8.92750    8.80653  1.36%  7967 42676s
H426043 144797                       8.9274991    8.80653  1.36%  7967 42676s
H426868 144797                       8.9274991    8.80656  1.35%  7965 42676s
 431605 150427     cutoff   31         8.92750    8.80695  1.35%  7934 42889s
 438638 152555    8.92015   60 2583    8.92750    8.80718  1.35%  7848 43025s
 441740 155079    8.89204   44 2480    8.92750    8.80739  1.35%  7819 43164s
 445635 156375    8.91556   26 3296    8.92750    8.80759  1.34%  7779 43300s
 447920 157305    8.88264  188 2315    8.92750    8.80773  1.34%  7763 43444s
 450006 158663     cutoff   70         8.92750    8.80778  1.34%  7754 43587s
 452635 161437     cutoff  143         8.92750    8.80795  1.34%  7738 43752s
 456597 164406    8.90072  130 2773    8.92750    8.80813  1.34%  7701 44077s
 462475 165794     cutoff   33         8.92750    8.80840  1.33%  7668 44260s
 465277 168381    8.90724   40 3904    8.92750    8.80870  1.33%  7657 44451s
 469591 168972    8.89649   41 4365    8.92750    8.80891  1.33%  7624 44628s
 471545 172096     cutoff   57         8.92750    8.80916  1.33%  7622 44823s
 476299 175838    8.81334  133 2632    8.92750    8.80938  1.32%  7582 44997s
H478657 175838                       8.9274991    8.80944  1.32%  7557 44997s
 481784 177375     cutoff   68         8.92750    8.80962  1.32%  7528 45144s
 484589 178661     cutoff   50         8.92750    8.80970  1.32%  7512 45293s
 486661 182307    8.89844   24 4754    8.92750    8.80970  1.32%  7498 45600s
 492568 184396     cutoff  131         8.92750    8.81005  1.32%  7465 45776s
 496143 186480    8.89648   38 3088    8.92750    8.81018  1.31%  7445 45945s
 499565 190244     cutoff   36         8.92750    8.81048  1.31%  7426 46117s
 504921 193471    8.84097   34 3281    8.92750    8.81067  1.31%  7380 46264s
 509711 194411    8.90104   82 3396    8.92750    8.81079  1.31%  7341 46389s
 511773 195809    8.86606   35 4383    8.92750    8.81092  1.31%  7334 46524s
 514423 198586    8.89677   26 4517    8.92750    8.81092  1.31%  7324 46668s
 518558 202234    8.81560  133 2542    8.92750    8.81116  1.30%  7293 46967s
 525562 205491     cutoff   47         8.92750    8.81140  1.30%  7252 47120s
 530039 209834    8.88428  205 1936    8.92750    8.81159  1.30%  7216 47252s
 535581 213089    8.81681  136 2749    8.92750    8.81174  1.30%  7165 47361s
H536371 213089                       8.9274990    8.81174  1.30%  7159 47361s
H536698 213089                       8.9274990    8.81174  1.30%  7156 47361s
 539950 217186     cutoff  137         8.92750    8.81174  1.30%  7128 47471s
 545284 218962    8.92635  211 2085    8.92750    8.81187  1.30%  7078 47559s
 547905 225590    8.89918   30 3201    8.92750    8.81198  1.29%  7059 47846s
 557431 226485    8.91499   33 3196    8.92750    8.81220  1.29%  6991 47951s
 559139 229681    8.83664  154 2453    8.92750    8.81220  1.29%  6987 48075s
 563722 230947     cutoff   27         8.92750    8.81247  1.29%  6951 48176s
 565908 232882    8.82436  136 2667    8.92750    8.81263  1.29%  6942 48307s
 569052 235126    8.88457   26 4534    8.92750    8.81275  1.29%  6923 48419s
 572551 238956     cutoff   40         8.92750    8.81284  1.28%  6901 48532s
 577784 246292     cutoff   28         8.92750    8.81291  1.28%  6861 48815s
 588043 250393     cutoff  137         8.92750    8.81315  1.28%  6793 48923s
 593207 251642    8.91791  274 1558    8.92750    8.81326  1.28%  6752 49006s
H594384 251642                       8.9274989    8.81327  1.28%  6745 49006s
 595266 253397     cutoff   31         8.92750    8.81333  1.28%  6741 49090s
 597689 257316     cutoff   29         8.92750    8.81337  1.28%  6724 49190s
 602617 263652     cutoff   75         8.92750    8.81343  1.28%  6686 49291s
 609854 273841    8.86591   27 4629    8.92750    8.81343  1.28%  6621 49564s
 623402 276548    8.92559   46 4184    8.92750    8.81362  1.28%  6524 49633s
 626887 277852    8.85737   31 3172    8.92750    8.81374  1.27%  6499 49708s
H628305 277852                       8.9274989    8.81376  1.27%  6492 49708s
 628870 278830    8.81925  141 2417    8.92750    8.81376  1.27%  6488 49791s
 630723 280029    8.87404   30 4578    8.92750    8.81384  1.27%  6481 49879s
H630784 280029                       8.9274989    8.81384  1.27%  6482 49879s
 632682 281467    8.81780  137 2759    8.92750    8.81388  1.27%  6473 49979s
 635103 283249    8.91402  133 2384    8.92750    8.81394  1.27%  6463 50078s
 637823 287275     cutoff   39         8.92750    8.81403  1.27%  6450 50181s
 642614 297154    8.92056   36 2981    8.92750    8.81406  1.27%  6418 50447s
 655432 300527    8.81838  144 2491    8.92750    8.81421  1.27%  6333 50520s
 659598 302477     cutoff   28         8.92750    8.81430  1.27%  6305 50597s
 662452 303576     cutoff  225         8.92750    8.81439  1.27%  6289 50674s
 664343 304962     cutoff   29         8.92750    8.81439  1.27%  6281 50756s
 666625 306311    8.81754  135 2798    8.92750    8.81453  1.27%  6271 50840s
 668720 307687    8.89441   26 3591    8.92750    8.81457  1.26%  6264 50930s
 671121 310903    8.90371   34 3206    8.92750    8.81466  1.26%  6255 51032s
 675507 321101    8.83983  160 2134    8.92750    8.81470  1.26%  6231 51294s
 688364 322259    8.90056   81 3409    8.92750    8.81485  1.26%  6155 51361s
 690224 323258    8.92663   29 4315    8.92750    8.81489  1.26%  6148 51435s
 691847 324099    8.87744   34 3350    8.92750    8.81499  1.26%  6144 51525s
 693395 325853     cutoff  110         8.92750    8.81502  1.26%  6141 51630s
 696108 328187    8.88948  203 1974    8.92750    8.81508  1.26%  6131 51734s
 699740 330414    8.82235  144 2331    8.92750    8.81520  1.26%  6116 51830s
 703147 332780    8.90273  218 1943    8.92750    8.81524  1.26%  6100 51922s
H704832 332780                       8.9274987    8.81524  1.26%  6094 51922s
 706574 339431    8.87823  183 2269    8.92750    8.81524  1.26%  6085 52170s
H713634 339431                       8.9274987    8.81534  1.26%  6052 52170s
 715877 343305    8.82441  146 2288    8.92750    8.81535  1.26%  6042 52268s
H717486 343305                       8.9274986    8.81535  1.26%  6029 52268s
 720755 345417     cutoff  137         8.92750    8.81553  1.25%  6013 52358s
 723865 347471    8.86691  180 2324    8.92750    8.81555  1.25%  5999 52438s
 726964 349654     cutoff   27         8.92750    8.81559  1.25%  5986 52530s
 730197 350780    8.92428   68 3565    8.92750    8.81570  1.25%  5972 52616s
 732136 354175     cutoff  127         8.92750    8.81581  1.25%  5968 52709s
 736411 362296    8.87544   34 4356    8.92750    8.81585  1.25%  5946 52983s
 747227 363656    8.83563  160 2528    8.92750    8.81601  1.25%  5894 53066s
 749459 365787    8.82526  146 2336    8.92750    8.81606  1.25%  5887 53152s
 752515 367582    8.92633  243 1900    8.92750    8.81610  1.25%  5875 53238s
 755215 369443    8.88539   31 4566    8.92750    8.81612  1.25%  5865 53324s
 758187 371837     cutoff  146         8.92750    8.81618  1.25%  5856 53416s
 761786 374193    8.91457  238 1940    8.92750    8.81630  1.25%  5842 53506s
 765122 376609    8.91837   30 2923    8.92750    8.81636  1.24%  5829 53606s
 768607 384798     cutoff  141         8.92750    8.81646  1.24%  5815 53850s
 779412 386815     cutoff   33         8.92750    8.81660  1.24%  5768 53927s
 782441 391310     cutoff   25         8.92750    8.81669  1.24%  5757 54006s
 788126 395457     cutoff  238         8.92750    8.81669  1.24%  5725 54077s
 793066 397445    8.82103  139 2654    8.92750    8.81669  1.24%  5698 54137s
 795721 398945    8.92262  243 1901    8.92750    8.81669  1.24%  5687 54202s
 797925 406637     cutoff   29         8.92750    8.81679  1.24%  5680 54440s
 808770 409950    8.83768  151 2252    8.92750    8.81698  1.24%  5638 54523s
 813098 413918    8.92716  277 1802    8.92750    8.81699  1.24%  5618 54593s
 817627 416428    8.82308  135 2858    8.92750    8.81701  1.24%  5596 54664s
 820821 417787     cutoff  171         8.92750    8.81705  1.24%  5580 54728s
 822941 418888    8.89092   29 3215    8.92750    8.81709  1.24%  5573 54801s
 824846 420876     cutoff   30         8.92750    8.81718  1.24%  5569 54875s
 827485 432070    8.86422  180 2296    8.92750    8.81720  1.24%  5561 55096s
 841072 433681     cutoff  137         8.92750    8.81730  1.23%  5499 55153s
 843263 433975    8.92705  249 1809    8.92750    8.81735  1.23%  5493 55361s
 843666 438446    8.82209  141 2492    8.92750    8.81738  1.23%  5491 55431s
 848780 442582    8.82352  145 2426    8.92750    8.81738  1.23%  5466 55495s
 853582 444904    8.86455  180 2234    8.92750    8.81738  1.23%  5442 55557s
 856558 451380    8.89769   30 3362    8.92750    8.81749  1.23%  5430 55777s
 865759 456380     cutoff   35         8.92750    8.81762  1.23%  5402 55860s
 871685 458110    8.92196   32 3763    8.92750    8.81768  1.23%  5375 55928s
 874274 460711     cutoff   29         8.92750    8.81769  1.23%  5368 56000s
 877661 462629    8.91605  132 2815    8.92750    8.81775  1.23%  5356 56070s
 880600 466532    8.88467  197 2239    8.92750    8.81780  1.23%  5346 56144s
 885478 476859     cutoff  235         8.92750    8.81781  1.23%  5327 56366s
H886118 476859                       8.9274986    8.81785  1.23%  5325 56366s
 898253 478278    8.89113   67 3749    8.92750    8.81788  1.23%  5276 56432s
 900244 482057     cutoff   78         8.92750    8.81794  1.23%  5271 56500s
 904624 484528    8.87322  177 2080    8.92750    8.81794  1.23%  5252 56569s
H905275 484528                       8.9274985    8.81794  1.23%  5249 56569s
H907577 484528                       8.9274985    8.81803  1.23%  5241 56569s
 907755 485312    8.82241  145 2271    8.92750    8.81803  1.23%  5240 56628s
 908967 487992    8.85795  171 2111    8.92750    8.81805  1.23%  5236 56700s
H910510 487992                       8.9274982    8.81805  1.23%  5230 56700s
 912383 489569     cutoff   33         8.92750    8.81810  1.23%  5224 56775s
 914858 495811    8.89774   33 3049    8.92750    8.81816  1.22%  5217 56987s
 923750 497687     cutoff   28         8.92750    8.81818  1.22%  5194 57069s
 926575 499566    8.83142  156 2412    8.92750    8.81826  1.22%  5187 57154s
 929381 501630    8.91618  234 1956    8.92750    8.81833  1.22%  5182 57244s
 932642 503594 infeasible  121         8.92750    8.81836  1.22%  5174 57329s
 935854 508382    8.90168   33 4355    8.92750    8.81836  1.22%  5167 57419s
 941788 512077     cutoff   42         8.92750    8.81847  1.22%  5145 57497s
 946597 517723    8.82257  138 2710    8.92750    8.81854  1.22%  5128 57715s
 955132 521485     cutoff  145         8.92750    8.81869  1.22%  5107 57801s
 959957 523582     cutoff  243         8.92750    8.81872  1.22%  5091 57872s
 963085 527029     cutoff   35         8.92750    8.81873  1.22%  5082 57943s
 967372 530011     cutoff  139         8.92750    8.81873  1.22%  5069 58013s
 971526 531661    8.92631  244 1898    8.92750    8.81881  1.22%  5055 58080s
 974254 534825     cutoff   98         8.92750    8.81888  1.22%  5049 58149s
 978375 542613    8.91918   30 4138    8.92750    8.81891  1.22%  5036 58352s
 989228 544532    8.82261  140 2486    8.92750    8.81899  1.22%  5004 58418s
 992059 547360     cutoff   25         8.92750    8.81904  1.21%  4998 58494s
 995791 550236    8.90357   25 3443    8.92750    8.81904  1.21%  4986 58565s
 999379 552415    8.84988  166 2236    8.92750    8.81911  1.21%  4975 58637s
 1002467 555576    8.91046   28 3317    8.92750    8.81917  1.21%  4967 58704s
 1006368 558222    8.89817  200 2153    8.92750    8.81918  1.21%  4955 58767s
 1010065 568124    8.82664  141 2519    8.92750    8.81923  1.21%  4944 58964s
 1022505 569870     cutoff   29         8.92750    8.81932  1.21%  4906 59021s
 1024975 571543     cutoff   27         8.92750    8.81934  1.21%  4900 59082s
 1027681 573520    8.89383   29 2967    8.92750    8.81939  1.21%  4894 59149s
 1030473 575965     cutoff  135         8.92750    8.81942  1.21%  4887 59215s
 1033959 578529    8.85818   59 4136    8.92750    8.81946  1.21%  4878 59282s
 1037312 581369     cutoff   66         8.92750    8.81950  1.21%  4868 59351s
 1041020 589604    8.89469   26 3361    8.92750    8.81951  1.21%  4858 59551s
 1052093 590777    8.82290  143 2342    8.92750    8.81962  1.21%  4828 59612s
 1053907 592323    8.89459   31 3296    8.92750    8.81965  1.21%  4826 59680s
 1056202 594058    8.82686  146 2559    8.92750    8.81966  1.21%  4821 59758s
 1058919 597748    8.82467  142 2722    8.92750    8.81973  1.21%  4817 59841s
 1063711 601052    8.89115  237 1698    8.92750    8.81973  1.21%  4803 59911s
 1067841 603866    8.89463   28 3033    8.92750    8.81980  1.21%  4791 59983s
 1071584 611537     cutoff  243         8.92750    8.81982  1.21%  4781 60185s
 1082162 613874 infeasible  271         8.92750    8.81993  1.20%  4755 60255s
 1085471 615942    8.88704   34 4206    8.92750    8.81995  1.20%  4746 60327s
 1088392 618560     cutoff  145         8.92750    8.81995  1.20%  4740 60397s
 1092074 620483    8.86974   22 3570    8.92750    8.81995  1.20%  4731 60462s
 1094921 621612     cutoff   34         8.92750    8.82004  1.20%  4725 60531s
 1096664 622504     cutoff   35         8.92750    8.82004  1.20%  4721 60599s
 1098359 623954    8.82465  149 2420    8.92750    8.82010  1.20%  4719 60688s
 1100740 629753     cutoff   39         8.92750    8.82010  1.20%  4716 60873s
 1108997 633194     cutoff   30         8.92750    8.82022  1.20%  4700 60953s
 1113603 636446    8.89824  240 1838    8.92750    8.82026  1.20%  4689 61024s
 1117945 640107     cutoff   32         8.92750    8.82028  1.20%  4678 61090s
 1122689 643668    8.82627  141 2752    8.92750    8.82028  1.20%  4665 61148s
 1127141 645835     cutoff  139         8.92750    8.82031  1.20%  4654 61205s
 1130284 651818    8.86765   28 3397    8.92750    8.82031  1.20%  4646 61388s
 1139185 655641     cutoff   28         8.92750    8.82042  1.20%  4629 61461s
 1143780 659549     cutoff  136         8.92750    8.82042  1.20%  4618 61535s
 1148765 661011    8.91614   25 3541    8.92750    8.82047  1.20%  4605 61599s
 1151035 662917    8.90881   25 3431    8.92750    8.82052  1.20%  4601 61665s
 1154069 665662    8.91042   53 3779    8.92750    8.82053  1.20%  4595 61730s
 1157653 669125    8.85104  172 2211    8.92750    8.82057  1.20%  4588 61791s
 1162065 676183    8.89751   35 3565    8.92750    8.82060  1.20%  4577 61973s
H1169603 676173                       8.9274940    8.82062  1.20%  4560 61973s
 1171816 678863     cutoff  225         8.92749    8.82068  1.20%  4555 62045s
H1172229 678853                       8.9274911    8.82068  1.20%  4554 62045s
H1172880 678853                       8.9274903    8.82070  1.20%  4553 62046s
 1175227 681977    8.83483  159 2082    8.92749    8.82072  1.20%  4546 62111s
H1175355 681977                       8.9274903    8.82072  1.20%  4546 62111s
H1176066 681970                       8.9274842    8.82072  1.20%  4544 62112s
H1176074 681968                       8.9274818    8.82072  1.20%  4544 62112s
H1176271 681968                       8.9274818    8.82072  1.20%  4544 62112s
 1179040 685476    8.85906   31 4460    8.92748    8.82072  1.20%  4537 62173s
H1180767 685476                       8.9274811    8.82075  1.20%  4532 62174s
 1183427 688141    8.91653   46 3990    8.92748    8.82075  1.20%  4527 62233s
 1186922 691456     cutoff   46         8.92748    8.82080  1.19%  4518 62291s
 1191138 697980     cutoff   29         8.92748    8.82083  1.19%  4508 62474s
 1200336 701045     cutoff   33         8.92748    8.82087  1.19%  4490 62545s
 1204175 706149     cutoff   34         8.92748    8.82089  1.19%  4481 62611s
 1209984 709858    8.90509   27 4564    8.92748    8.82095  1.19%  4465 62666s
 1214555 712069     cutoff   30         8.92748    8.82096  1.19%  4454 62719s
 1217461 714574     cutoff  144         8.92748    8.82096  1.19%  4448 62772s
 1220649 724958     cutoff   40         8.92748    8.82102  1.19%  4441 62947s
 1233597 728155    8.88122  194 2138    8.92748    8.82106  1.19%  4411 62997s
 1237407 730961    8.92697  233 1953    8.92748    8.82109  1.19%  4401 63048s
 1240973 732635    8.85036  161 2212    8.92748    8.82112  1.19%  4393 63094s
 1243568 734599    8.82673  144 2581    8.92748    8.82112  1.19%  4389 63148s
 1246313 737269    8.82421  143 2725    8.92748    8.82119  1.19%  4383 63208s
 1249628 743549    8.86596  184 2277    8.92748    8.82119  1.19%  4376 63388s
 1258750 746421    8.91288  222 1937    8.92748    8.82127  1.19%  4361 63456s
 1262703 749362    8.87223   26 3422    8.92748    8.82133  1.19%  4353 63524s
 1266712 751582    8.85488  169 2258    8.92748    8.82137  1.19%  4345 63589s
 1270013 754142    8.82531  148 2427    8.92748    8.82137  1.19%  4340 63650s
 1273551 757451     cutoff  146         8.92748    8.82141  1.19%  4333 63711s
 1277799 760572    8.87003  182 2223    8.92748    8.82145  1.19%  4324 63773s
 1281937 769439    8.88238  187 2177    8.92748    8.82146  1.19%  4315 63948s
 1293741 772613    8.92587  259 1806    8.92748    8.82155  1.19%  4293 63998s
H1293928 772613                       8.9274811    8.82155  1.19%  4292 63999s
 1297423 775299     cutoff   67         8.92748    8.82157  1.19%  4284 64055s
H1297522 775299                       8.9274810    8.82157  1.19%  4284 64055s
H1298022 775299                       8.9274810    8.82157  1.19%  4283 64055s
 1300559 778272     cutoff  232         8.92748    8.82157  1.19%  4277 64106s
H1303794 778271                       8.9274808    8.82158  1.19%  4269 64106s
 1304133 780489     cutoff   29         8.92748    8.82159  1.19%  4269 64155s
H1304385 780477                       8.9274740    8.82159  1.19%  4268 64156s
 1306902 782880     cutoff  138         8.92747    8.82159  1.19%  4263 64208s
H1307401 782878                       8.9274721    8.82159  1.19%  4262 64208s
H1308604 782878                       8.9274718    8.82159  1.19%  4260 64208s
 1310043 784587    8.88397   36 4291    8.92747    8.82160  1.19%  4257 64265s
H1311631 784587                       8.9274717    8.82160  1.19%  4254 64265s
 1312410 791947    8.90173   50 4041    8.92747    8.82161  1.19%  4253 64435s
 1322300 794194     cutoff   28         8.92747    8.82164  1.19%  4235 64496s
 1325445 798795    8.82898  144 2571    8.92747    8.82164  1.19%  4230 64565s
 1331171 802649     cutoff  210         8.92747    8.82172  1.18%  4217 64618s
 1335883 805012     cutoff  228         8.92747    8.82173  1.18%  4207 64664s
 1339016 808322    8.82792  149 2389    8.92747    8.82177  1.18%  4200 64711s
 1343045 814649    8.90797   28 3296    8.92747    8.82177  1.18%  4192 64873s
 1352179 818367     cutoff   31         8.92747    8.82186  1.18%  4179 64938s
 1356864 819601    8.92718   38 2276    8.92747    8.82186  1.18%  4169 64994s
H1358163 819601                       8.9274716    8.82186  1.18%  4168 64994s
 1358684 821462    8.91230  228 1966    8.92747    8.82186  1.18%  4167 65054s
H1359141 821462                       8.9274716    8.82186  1.18%  4167 65054s
 1361218 823890    8.82850  140 2420    8.92747    8.82190  1.18%  4163 65122s
 1364394 825723     cutoff  144         8.92747    8.82193  1.18%  4158 65186s
H1367128 829036                       8.9274714    8.82193  1.18%  4154 65264s
H1368198 829036                       8.9274714    8.82194  1.18%  4152 65264s
H1368302 829036                       8.9274714    8.82194  1.18%  4152 65264s
H1371455 832982                       8.9274714    8.82200  1.18%  4147 65335s
 1376472 841377    8.90426  210 2012    8.92747    8.82202  1.18%  4137 65498s
H1383968 841377                       8.9274713    8.82203  1.18%  4123 65498s
H1387541 843561                       8.9274713    8.82207  1.18%  4117 65555s
H1387600 843560                       8.9274710    8.82207  1.18%  4117 65555s
H1388662 843560                       8.9274708    8.82207  1.18%  4115 65555s
 1390649 845382     cutoff   97         8.92747    8.82208  1.18%  4112 65612s
 1393315 846902    8.91219   80 3387    8.92747    8.82208  1.18%  4108 65670s
 1395756 848586     cutoff  140         8.92747    8.82214  1.18%  4106 65726s
 1398368 852468    8.84190  168 2400    8.92747    8.82215  1.18%  4103 65789s
 1403319 855659     cutoff  148         8.92747    8.82216  1.18%  4094 65848s
 1407674 863132    8.87849  177 2200    8.92747    8.82218  1.18%  4086 66010s
H1407988 863132                       8.9274708    8.82218  1.18%  4085 66010s
H1408207 863132                       8.9274707    8.82218  1.18%  4085 66010s
 1417637 864907     cutoff  149         8.92747    8.82223  1.18%  4069 66065s
 1420200 868162    8.89209   35 3353    8.92747    8.82223  1.18%  4065 66128s
 1424427 871891    8.92541   50 2736    8.92747    8.82228  1.18%  4058 66187s
 1429011 874810    8.82464  146 2503    8.92747    8.82234  1.18%  4049 66242s
H1429727 874810                       8.9274706    8.82234  1.18%  4048 66242s
 1432904 877170     cutoff   32         8.92747    8.82234  1.18%  4043 66289s
H1432913 877170                       8.9274706    8.82234  1.18%  4043 66289s
H1434587 877170                       8.9274706    8.82236  1.18%  4041 66289s
 1436264 879076     cutoff   32         8.92747    8.82236  1.18%  4038 66338s
H1436335 879076                       8.9274705    8.82236  1.18%  4038 66338s
 1439142 887532     cutoff   31         8.92747    8.82239  1.18%  4034 66512s
 1450461 889790    8.83926  163 2331    8.92747    8.82241  1.18%  4016 66562s
 1453474 892776    8.88981  223 1886    8.92747    8.82243  1.18%  4012 66613s
 1457278 895035    8.82834  150 2249    8.92747    8.82243  1.18%  4005 66664s
 1460570 897017    8.82925  144 2605    8.92747    8.82249  1.18%  4001 66718s
 1463327 899707    8.90150  214 2005    8.92747    8.82249  1.18%  3997 66778s
 1466733 902158     cutoff  148         8.92747    8.82249  1.18%  3992 66844s
 1469872 909854     cutoff  160         8.92747    8.82253  1.18%  3987 67005s
 1480515 912913    8.87826  199 1986    8.92747    8.82259  1.17%  3971 67058s
 1484279 918351    8.92250  340 1537    8.92747    8.82261  1.17%  3965 67109s
 1490601 921092    8.92495  143 2567    8.92747    8.82261  1.17%  3952 67155s
 1494089 922694     cutoff  155         8.92747    8.82263  1.17%  3946 67201s
 1496425 925098     cutoff  146         8.92747    8.82263  1.17%  3943 67246s
 1499229 935267    8.87285  197 1921    8.92747    8.82266  1.17%  3938 67401s
 1512218 937538    8.85757  170 2276    8.92747    8.82271  1.17%  3917 67446s
 1515295 940678    8.87991  193 2080    8.92747    8.82273  1.17%  3913 67493s
 1519086 943168    8.88801  199 2083    8.92747    8.82273  1.17%  3906 67535s
 1522434 946155    8.91474  230 2011    8.92747    8.82274  1.17%  3901 67578s
 1526140 948914     cutoff   29         8.92747    8.82274  1.17%  3895 67624s
 1529580 963035     cutoff   29         8.92747    8.82274  1.17%  3889 67780s
 1545975 965323     cutoff  231         8.92747    8.82281  1.17%  3860 67820s
 1548944 966268    8.82872  144 2563    8.92747    8.82282  1.17%  3855 67856s
 1550529 967447    8.89894  209 2208    8.92747    8.82283  1.17%  3854 67892s
H1550774 967447                       8.9274702    8.82283  1.17%  3854 67893s
 1552135 969364     cutoff  133         8.92747    8.82285  1.17%  3852 67939s
H1552136 969364                       8.9274702    8.82285  1.17%  3852 67939s
 1554631 972033    8.90244   23 4711    8.92747    8.82285  1.17%  3848 67982s
H1556798 972033                       8.9274700    8.82285  1.17%  3845 67983s
 1558119 974349     cutoff   27         8.92747    8.82285  1.17%  3843 68028s
 1561178 984728    8.85240   26 3610    8.92747    8.82287  1.17%  3838 68182s
 1573860 988016    8.82767  149 2461    8.92747    8.82291  1.17%  3819 68223s
 1577942 990654    8.92601  232 2011    8.92747    8.82293  1.17%  3812 68264s
 1581306 994024     cutoff   32         8.92747    8.82293  1.17%  3807 68307s
 1585189 997079    8.86817  184 2129    8.92747    8.82294  1.17%  3801 68349s
 1588845 999306    8.91307  280 1726    8.92747    8.82296  1.17%  3794 68391s
 1591851 1006528     cutoff  144         8.92747    8.82297  1.17%  3790 68539s
 1601660 1009991    8.90995  238 1949    8.92747    8.82300  1.17%  3778 68590s
 1606009 1012869    8.88227  199 2202    8.92747    8.82302  1.17%  3772 68638s
H1609330 1012868                       8.9274699    8.82305  1.17%  3767 68639s
 1609705 1013629    8.82628  145 2371    8.92747    8.82305  1.17%  3767 68685s
H1609835 1013613                       8.9274652    8.82305  1.17%  3766 68685s
H1610047 1013610                       8.9274643    8.82305  1.17%  3766 68685s
H1610789 1013609                       8.9274637    8.82305  1.17%  3765 68685s
 1610876 1013880    8.92241  230 1904    8.92746    8.82305  1.17%  3765 68902s
H1611011 1013880                       8.9274637    8.82307  1.17%  3765 68902s
H1611052 1013880                       8.9274636    8.82307  1.17%  3765 68902s
H1611062 1013880                       8.9274636    8.82307  1.17%  3765 68902s
 1611298 1018187    8.82764  143 2384    8.92746    8.82309  1.17%  3765 68965s
H1613206 1018186                       8.9274634    8.82310  1.17%  3762 68965s
H1615092 1018186                       8.9274634    8.82310  1.17%  3759 68965s
H1615388 1018186                       8.9274634    8.82310  1.17%  3758 68965s
 1616429 1022392    8.90862   26 4268    8.92746    8.82310  1.17%  3757 69017s
H1616442 1022392                       8.9274634    8.82310  1.17%  3757 69017s
H1620440 1022392                       8.9274634    8.82312  1.17%  3750 69017s
 1621465 1034573    8.91002   27 3129    8.92746    8.82313  1.17%  3749 69166s
H1632341 1034573                       8.9274634    8.82314  1.17%  3733 69166s
 1635924 1036546    8.83314  150 2348    8.92746    8.82315  1.17%  3726 69202s
H1636613 1036546                       8.9274633    8.82315  1.17%  3725 69202s
H1638083 1036545                       8.9274632    8.82316  1.17%  3723 69203s
 1638547 1039250    8.82731  149 2220    8.92746    8.82316  1.17%  3722 69242s
H1639184 1039250                       8.9274632    8.82316  1.17%  3722 69242s
 1641754 1041225    8.91395   38 3304    8.92746    8.82316  1.17%  3718 69283s
H1642335 1041225                       8.9274632    8.82316  1.17%  3717 69283s
H1643007 1041225                       8.9274631    8.82316  1.17%  3716 69283s
 1644278 1043212     cutoff   30         8.92746    8.82316  1.17%  3715 69325s
H1645438 1043212                       8.9274631    8.82316  1.17%  3713 69325s
 1647058 1044702     cutoff   28         8.92746    8.82321  1.17%  3711 69365s
H1647220 1044702                       8.9274630    8.82322  1.17%  3711 69365s
H1647362 1044702                       8.9274630    8.82322  1.17%  3711 69365s
H1647489 1044701                       8.9274629    8.82322  1.17%  3711 69365s
 1649212 1046936     cutoff   36         8.92746    8.82322  1.17%  3709 69413s
H1649219 1046936                       8.9274629    8.82322  1.17%  3709 69413s
 1652129 1057076    8.92675   40 3873    8.92746    8.82323  1.17%  3706 69557s
 1664940 1058832    8.91225   90 1618    8.92746    8.82324  1.17%  3689 69600s
 1667514 1060658    8.92554  106  927    8.92746    8.82328  1.17%  3686 69642s
 1669972 1063091    8.90866  214 2092    8.92746    8.82328  1.17%  3683 69688s
 1673051 1066399    8.92500  227 2035    8.92746    8.82329  1.17%  3679 69739s
 1677209 1067920     cutoff   57         8.92746    8.82330  1.17%  3674 69783s
 1679666 1071070    8.89071   31 3197    8.92746    8.82331  1.17%  3671 69827s
 1683603 1079496    8.82706  138 2680    8.92746    8.82333  1.17%  3666 69973s
 1694841 1081303     cutoff  150         8.92746    8.82337  1.17%  3652 70020s
 1697220 1084021    8.87179  109 2835    8.92746    8.82338  1.17%  3650 70066s
 1700774 1087056    8.90477   36 4302    8.92746    8.82339  1.17%  3646 70113s
 1704620 1092094    8.91181   40 4178    8.92746    8.82339  1.17%  3641 70161s
 1710246 1095685     cutoff   44         8.92746    8.82341  1.17%  3632 70207s
 1714727 1104596     cutoff  142         8.92746    8.82342  1.17%  3625 70348s
 1726078 1107195     cutoff   34         8.92746    8.82346  1.17%  3611 70392s
 1729417 1109885    8.82617  149 2419    8.92746    8.82349  1.16%  3607 70436s
 1732760 1111236    8.83518  160 2215    8.92746    8.82350  1.16%  3603 70478s
 1734907 1113822    8.88025  193 2116    8.92746    8.82352  1.16%  3601 70523s
 1738467 1115951    8.82622  154 2284    8.92746    8.82353  1.16%  3597 70570s
 1741561 1119040     cutoff  137         8.92746    8.82355  1.16%  3594 70618s
 1745334 1127415    8.82531  145 2413    8.92746    8.82355  1.16%  3590 70758s
 1756336 1129781    8.88486  193 2285    8.92746    8.82360  1.16%  3577 70805s
 1759420 1133388    8.87786   32 3224    8.92746    8.82360  1.16%  3573 70849s
 1763622 1136994    8.90973   38 2780    8.92746    8.82364  1.16%  3568 70899s
 1767945 1138369     cutoff  170         8.92746    8.82364  1.16%  3562 70944s
 1770196 1141318    8.82882  142 2587    8.92746    8.82367  1.16%  3560 70989s
 1773778 1144339    8.86887  191 2105    8.92746    8.82368  1.16%  3556 71033s
 1777429 1157040    8.92075  334 1613    8.92746    8.82369  1.16%  3551 71173s
 1792640 1157764    8.88422  199 1956    8.92746    8.82372  1.16%  3530 71204s
H1793070 1157764                       8.9274629    8.82372  1.16%  3530 71204s
H1793442 1157764                       8.9274629    8.82373  1.16%  3529 71204s
 1793510 1160175    8.90052  247 1662    8.92746    8.82373  1.16%  3529 71244s
 1796451 1162280    8.92001  315 1554    8.92746    8.82374  1.16%  3525 71289s
H1797876 1162280                       8.9274628    8.82374  1.16%  3524 71289s
 1799288 1163698     cutoff  139         8.92746    8.82374  1.16%  3522 71330s
H1799583 1163698                       8.9274627    8.82374  1.16%  3522 71330s
 1801406 1165376    8.88510  196 2292    8.92746    8.82375  1.16%  3521 71371s
H1801645 1165376                       8.9274626    8.82375  1.16%  3520 71371s
 1803780 1167486    8.82578  146 2378    8.92746    8.82375  1.16%  3518 71423s
 1806775 1175064    8.92578  264 1836    8.92746    8.82377  1.16%  3515 71558s
 1816856 1176913    8.88240  191 2172    8.92746    8.82378  1.16%  3505 71605s
 1819579 1179020 infeasible   34         8.92746    8.82382  1.16%  3503 71655s
 1822311 1181584    8.90172  221 1986    8.92746    8.82385  1.16%  3500 71713s
 1825622 1184600    8.92585  262 1840    8.92746    8.82386  1.16%  3497 71775s
 1829463 1187696    8.92627  250 1790    8.92746    8.82388  1.16%  3493 71824s
 1833125 1191902    8.82995  147 2352    8.92746    8.82390  1.16%  3489 71878s
 1838294 1201593    8.84024  163 2301    8.92746    8.82390  1.16%  3482 72017s
 1850302 1203181    8.92613  267 1890    8.92746    8.82395  1.16%  3468 72058s
 1852687 1204945    8.83161  146 2470    8.92746    8.82396  1.16%  3466 72105s
 1855230 1207705     cutoff  220         8.92746    8.82396  1.16%  3464 72152s
H1857632 1207705                       8.9274626    8.82396  1.16%  3462 72152s
 1858611 1211635    8.82984  152 2212    8.92746    8.82396  1.16%  3461 72197s
H1860095 1211635                       8.9274626    8.82398  1.16%  3459 72197s
H1860579 1211635                       8.9274626    8.82398  1.16%  3459 72197s
H1861093 1211635                       8.9274626    8.82398  1.16%  3458 72197s
H1861151 1211619                       8.9274568    8.82398  1.16%  3458 72197s
 1863017 1215449    8.88039  198 2103    8.92746    8.82398  1.16%  3455 72238s
 1867632 1224622    8.89799  250 1724    8.92746    8.82399  1.16%  3449 72376s
H1869089 1224622                       8.9274568    8.82399  1.16%  3448 72376s
H1869279 1224622                       8.9274567    8.82399  1.16%  3447 72376s
 1879306 1226735    8.91461   51 2829    8.92746    8.82403  1.16%  3437 72418s
H1879648 1226735                       8.9274565    8.82403  1.16%  3437 72418s
H1880203 1226735                       8.9274565    8.82403  1.16%  3436 72419s
 1881976 1228668    8.91985   63 2490    8.92746    8.82403  1.16%  3434 72463s
H1881990 1228668                       8.9274565    8.82403  1.16%  3434 72463s
H1882058 1228668                       8.9274565    8.82403  1.16%  3434 72463s
H1883455 1228668                       8.9274565    8.82404  1.16%  3433 72463s
H1883506 1228668                       8.9274563    8.82404  1.16%  3433 72463s
H1883673 1228668                       8.9274563    8.82404  1.16%  3433 72463s
 1884618 1230869    8.92600   77 2002    8.92746    8.82405  1.16%  3432 72510s
H1885010 1230869                       8.9274563    8.82405  1.16%  3432 72510s
H1885638 1230867                       8.9274562    8.82405  1.16%  3431 72510s
 1887710 1234461    8.91774  231 1918    8.92746    8.82405  1.16%  3429 72565s
H1888018 1234461                       8.9274562    8.82405  1.16%  3429 72565s
H1888943 1234461                       8.9274562    8.82405  1.16%  3428 72565s
 1891988 1237294     cutoff  141         8.92746    8.82405  1.16%  3424 72607s
H1892073 1237294                       8.9274561    8.82405  1.16%  3424 72607s
H1892969 1237294                       8.9274561    8.82405  1.16%  3423 72607s
H1893655 1237294                       8.9274561    8.82405  1.16%  3422 72607s
H1893832 1237294                       8.9274561    8.82405  1.16%  3422 72607s
 1895517 1239734     cutoff  224         8.92746    8.82405  1.16%  3420 72649s
H1895775 1239734                       8.9274561    8.82405  1.16%  3419 72649s
H1896355 1239734                       8.9274561    8.82407  1.16%  3419 72650s
 1898555 1249559     cutoff  221         8.92746    8.82408  1.16%  3416 72780s
H1900903 1249559                       8.9274560    8.82409  1.16%  3413 72780s
H1903183 1249558                       8.9274559    8.82409  1.16%  3411 72780s
 1910952 1252511    8.83029  150 2316    8.92746    8.82412  1.16%  3403 72817s
H1911372 1252511                       8.9274559    8.82413  1.16%  3402 72817s
 1914521 1255126    8.92403  217 1801    8.92746    8.82413  1.16%  3399 72859s
 1917828 1257111    8.85277  168 2405    8.92746    8.82414  1.16%  3395 72902s
 1920495 1259265     cutoff   38         8.92746    8.82414  1.16%  3393 72947s
 1923207 1262298     cutoff   38         8.92746    8.82417  1.16%  3390 72990s
 1926641 1265704    8.84540  166 2318    8.92746    8.82417  1.16%  3386 73035s
 1930838 1267338     cutoff   32         8.92746    8.82420  1.16%  3381 73153s
H1931295 1267338                       8.9274558    8.82420  1.16%  3381 73153s
H1931555 1267338                       8.9274558    8.82420  1.16%  3381 73153s
 1933005 1276606    8.88356  196 2211    8.92746    8.82420  1.16%  3379 73344s
 1946069 1279869     cutoff   28         8.92746    8.82424  1.16%  3368 73405s
 1950488 1283894    8.82863  146 2403    8.92746    8.82425  1.16%  3364 73462s
 1955441 1290131    8.86052  178 2197    8.92746    8.82427  1.16%  3359 73515s
 1962568 1299154    8.91022  471 1256    8.92746    8.82427  1.16%  3350 73643s
 1974357 1302997    8.88105  190 2210    8.92746    8.82433  1.16%  3339 73686s
 1978866 1305680    8.87055  175 2203    8.92746    8.82434  1.16%  3333 73723s
 1982200 1308341     cutoff  144         8.92746    8.82434  1.16%  3330 73764s
 1985431 1310239    8.92108  225 2147    8.92746    8.82436  1.15%  3327 73798s
 1988182 1311907    8.88371  191 2175    8.92746    8.82436  1.15%  3324 73839s
 1990541 1313733    8.83694  163 2291    8.92746    8.82439  1.15%  3323 73884s
 1993137 1322370    8.88191  204 2046    8.92746    8.82440  1.15%  3321 74026s
 2004596 1324207    8.90800   36 3095    8.92746    8.82444  1.15%  3310 74067s
 2007127 1326685    8.90956   43 2959    8.92746    8.82445  1.15%  3309 74109s
 2010330 1328778    8.91915   59 2601    8.92746    8.82446  1.15%  3306 74156s
 2013142 1331451    8.92666   82 1995    8.92746    8.82447  1.15%  3304 74204s
 2016546 1333744    8.83027  150 2298    8.92746    8.82447  1.15%  3301 74251s
 2019743 1336147     cutoff  143         8.92746    8.82450  1.15%  3298 74295s
 2022874 1347336     cutoff  143         8.92746    8.82450  1.15%  3296 74430s
 2036354 1349449    8.82826  145 2917    8.92746    8.82452  1.15%  3282 74465s
 2039157 1351666    8.83303  157 2644    8.92746    8.82453  1.15%  3279 74505s
 2041952 1353033    8.85181  177 2277    8.92746    8.82453  1.15%  3276 74544s
 2043845 1354634     cutoff  233         8.92746    8.82454  1.15%  3275 74582s
 2046089 1356995     cutoff  227         8.92746    8.82454  1.15%  3273 74626s
 2049258 1360138    8.92710  276 1809    8.92746    8.82457  1.15%  3270 74670s
 2053062 1373191    8.89745  242 1663    8.92746    8.82457  1.15%  3266 74797s
 2068172 1375367    8.91344  323 1652    8.92746    8.82461  1.15%  3250 74830s
 2070958 1376530    8.89829   32 1975    8.92746    8.82462  1.15%  3247 74864s
 2072871 1378295     cutoff   24         8.92746    8.82462  1.15%  3246 74902s
 2075255 1380409    8.83054  148 2285    8.92746    8.82462  1.15%  3244 74937s
 2078037 1382327    8.82898  149 2226    8.92746    8.82464  1.15%  3242 74975s
 2080702 1385507     cutoff  145         8.92746    8.82467  1.15%  3240 75014s
 2084247 1395205     cutoff   27         8.92746    8.82467  1.15%  3236 75137s
 2096638 1398384    8.89736  245 1772    8.92746    8.82470  1.15%  3225 75183s
 2100309 1401054    8.92308  342 1567    8.92746    8.82471  1.15%  3221 75222s
 2103695 1403246    8.91084  222 2034    8.92746    8.82472  1.15%  3218 75261s
 2106470 1406635    8.83493  151 2307    8.92746    8.82472  1.15%  3215 75304s
 2110338 1410701    8.91709  202 1910    8.92746    8.82473  1.15%  3212 75345s
 2114952 1418963     cutoff   34         8.92746    8.82473  1.15%  3206 75477s
 2125569 1421117     cutoff   33         8.92746    8.82476  1.15%  3197 75521s
 2128521 1424212     cutoff   26         8.92746    8.82476  1.15%  3195 75567s
 2132355 1426448    8.91101  225 1909    8.92746    8.82478  1.15%  3191 75613s
 2135503 1428116     cutoff  144         8.92746    8.82480  1.15%  3189 75653s
 2137975 1433309    8.88507  196 2147    8.92746    8.82480  1.15%  3188 75697s
 2143742 1437869     cutoff  238         8.92746    8.82481  1.15%  3182 75741s
 2149060 1444537    8.90948  223 1986    8.92746    8.82481  1.15%  3176 75859s
H2152982 1444537                       8.9274558    8.82481  1.15%  3173 75859s
 2157465 1447490    8.89480  220 1884    8.92746    8.82483  1.15%  3169 75914s
 2161344 1449983    8.82872  143 2771    8.92746    8.82483  1.15%  3166 75962s
 2164779 1452305    8.88465  200 2189    8.92746    8.82483  1.15%  3163 76015s
 2168142 1454705    8.82984  152 2340    8.92746    8.82487  1.15%  3161 76064s
 2171605 1458196     cutoff  150         8.92746    8.82489  1.15%  3159 76112s
 2175769 1463339    8.90933  236 1889    8.92746    8.82489  1.15%  3156 76161s
 2181679 1472364    8.89482  211 2006    8.92746    8.82491  1.15%  3150 76282s
 2193309 1474886     cutoff  146         8.92746    8.82494  1.15%  3140 76319s
 2196453 1477953     cutoff  152         8.92746    8.82495  1.15%  3138 76363s
 2200232 1481225    8.89404  243 1590    8.92746    8.82495  1.15%  3135 76402s
 2204013 1486023    8.89950  264 1595    8.92746    8.82495  1.15%  3131 76438s
 2209203 1489248    8.92182  377 1475    8.92746    8.82498  1.15%  3125 76469s
 2212997 1496532    8.89939  206 2187    8.92746    8.82498  1.15%  3121 76588s
 2223100 1498733    8.88739   33 4463    8.92746    8.82502  1.15%  3114 76634s
 2226087 1500425     cutoff   43         8.92746    8.82502  1.15%  3112 76680s
 2228598 1502987     cutoff  146         8.92746    8.82503  1.15%  3111 76727s
 2232287 1505726    8.82814  145 2312    8.92746    8.82506  1.15%  3109 76770s
 2235979 1507931     cutoff  145         8.92746    8.82506  1.15%  3106 76821s
 2239178 1510498    8.85183  174 2291    8.92746    8.82509  1.15%  3104 76871s
 2242485 1519570    8.82793  151 2361    8.92746    8.82510  1.15%  3102 76988s
 2254160 1521014    8.88398  200 1872    8.92746    8.82512  1.15%  3093 77029s
 2256221 1523319    8.88415  191 2157    8.92746    8.82513  1.15%  3092 77067s
 2259423 1526918    8.83165  155 2311    8.92746    8.82513  1.15%  3089 77107s
 2263852 1529005    8.89601  235 1698    8.92746    8.82515  1.15%  3085 77149s
 2266792 1530898     cutoff  344         8.92746    8.82516  1.15%  3084 77190s
 2269152 1533918     cutoff   36         8.92746    8.82516  1.15%  3082 77232s
 2272605 1542659    8.82727  150 2366    8.92746    8.82516  1.15%  3079 77348s
 2283651 1544998     cutoff  147         8.92746    8.82520  1.15%  3071 77401s
 2286706 1548186     cutoff  149         8.92746    8.82520  1.15%  3069 77446s
 2290689 1550608    8.82994  151 2319    8.92746    8.82520  1.15%  3065 77486s
 2293831 1554012    8.87642  195 2075    8.92746    8.82522  1.15%  3063 77524s
 2297714 1558754    8.88420  215 1867    8.92746    8.82523  1.15%  3060 77565s
 2303120 1566823    8.92604  326 1585    8.92746    8.82523  1.15%  3055 77686s
 2313904 1569581    8.83527  145 2240    8.92746    8.82526  1.14%  3047 77724s
 2317332 1572945    8.87647  190 2224    8.92746    8.82527  1.14%  3044 77767s
 2321486 1575856     cutoff  226         8.92746    8.82527  1.14%  3041 77805s
 2325123 1577907     cutoff  247         8.92746    8.82528  1.14%  3038 77845s
 2327870 1580320    8.85373   32 3189    8.92746    8.82530  1.14%  3036 77883s
 2330918 1582957    8.92562   35 2866    8.92746    8.82530  1.14%  3034 77921s
 2334101 1590736     cutoff   33         8.92746    8.82531  1.14%  3032 78041s
 2344492 1592609    8.84395  166 2252    8.92746    8.82534  1.14%  3025 78079s
 2346895 1594521    8.82893  149 2532    8.92746    8.82534  1.14%  3023 78121s
 2349458 1597533    8.89575  208 1900    8.92746    8.82534  1.14%  3022 78173s
 2353501 1600505    8.87346  200 1862    8.92746    8.82536  1.14%  3019 78214s
 2357364 1603665    8.90678  325 1380    8.92746    8.82538  1.14%  3016 78261s
 2361288 1605932    8.87030   28 3618    8.92746    8.82539  1.14%  3013 78300s
 2364259 1613876    8.92646  203 1850    8.92746    8.82539  1.14%  3011 78418s
 2375025 1616072     cutoff  231         8.92746    8.82540  1.14%  3004 78462s
 2377985 1618292    8.84448  158 2092    8.92746    8.82541  1.14%  3002 78504s
 2381028 1621063     cutoff   59         8.92746    8.82542  1.14%  3000 78544s
 2384443 1624347    8.92048  210 1795    8.92746    8.82542  1.14%  2998 78586s
 2388423 1627327    8.88229  192 2200    8.92746    8.82545  1.14%  2995 78623s
 2392092 1632252    8.86019  178 2101    8.92746    8.82545  1.14%  2992 78669s
 2397473 1643902    8.89512  249 1620    8.92746    8.82545  1.14%  2988 78789s
 2411096 1646968    8.89496  244 1678    8.92746    8.82548  1.14%  2976 78824s
 2414593 1649147    8.92378  353 1569    8.92746    8.82549  1.14%  2974 78859s
 2417484 1650878    8.88635  192 2267    8.92746    8.82549  1.14%  2972 78893s
 2419957 1652534 infeasible  238         8.92746    8.82550  1.14%  2970 78931s
 2422235 1654294     cutoff   39         8.92746    8.82551  1.14%  2969 78968s
 2424702 1656074     cutoff   32         8.92746    8.82551  1.14%  2967 79009s
 2427018 1662143    8.88444  199 2159    8.92746    8.82553  1.14%  2966 79129s
 2435281 1665674     cutoff   33         8.92746    8.82554  1.14%  2961 79176s
 2439809 1667822    8.83252  158 2298    8.92746    8.82557  1.14%  2958 79218s
 2442891 1669602    8.85765  172 2143    8.92746    8.82557  1.14%  2957 79261s
 2445564 1671388    8.89816  208 2226    8.92746    8.82559  1.14%  2956 79305s
 2448010 1673804    8.86640  181 2331    8.92746    8.82559  1.14%  2955 79354s
 2451456 1676939    8.88278  191 2228    8.92746    8.82561  1.14%  2953 79401s
 2455374 1680511     cutoff  144         8.92746    8.82561  1.14%  2951 79447s
 2459821 1689021     cutoff   33         8.92746    8.82563  1.14%  2948 79562s
 2470625 1691821     cutoff  150         8.92746    8.82564  1.14%  2940 79600s
 2474245 1693646    8.91061  215 2039    8.92746    8.82566  1.14%  2938 79637s
 2476753 1697038    8.82947  158 2157    8.92746    8.82566  1.14%  2937 79675s
 2480657 1701175    8.88150  194 2216    8.92746    8.82567  1.14%  2934 79713s
 2485425 1703275    8.90625   35 2678    8.92746    8.82568  1.14%  2930 79744s
 2488162 1705937    8.92561  228 1806    8.92746    8.82568  1.14%  2928 79782s
 2491544 1713673    8.85934   26 4661    8.92746    8.82569  1.14%  2926 79896s
 2501769 1716108     cutoff  156         8.92746    8.82571  1.14%  2919 79934s
 2504710 1718145    8.82916  143 2681    8.92746    8.82571  1.14%  2917 79979s
 2507480 1720511    8.89459  199 2188    8.92746    8.82571  1.14%  2916 80022s
 2510664 1722886    8.82917  141 2528    8.92746    8.82573  1.14%  2914 80065s
 2514068 1724651    8.92096  228 1970    8.92746    8.82573  1.14%  2912 80104s
 2516717 1726676    8.84417  164 2128    8.92746    8.82575  1.14%  2911 80155s
 2519480 1729256    8.89745  201 2063    8.92746    8.82576  1.14%  2910 80200s
 2523047 1739662    8.83452  146 2571    8.92746    8.82577  1.14%  2908 80311s
 2535402 1742825    8.89032   27 3001    8.92746    8.82578  1.14%  2899 80346s
 2539207 1744703     cutoff  143         8.92746    8.82579  1.14%  2896 80378s
 2541638 1746496    8.87496  182 2032    8.92746    8.82579  1.14%  2895 80414s
 2544142 1748065     cutoff  145         8.92746    8.82581  1.14%  2894 80456s
 2546413 1749915    8.90160  203 2116    8.92746    8.82581  1.14%  2893 80498s
 2549038 1752481    8.88963  196 2201    8.92746    8.82581  1.14%  2891 80536s
 2552392 1764079    8.92241  216 2149    8.92746    8.82581  1.14%  2890 80648s
 2566307 1766565    8.89290  209 2016    8.92746    8.82584  1.14%  2879 80679s
 2569422 1768568    8.86069  169 2190    8.92746    8.82585  1.14%  2877 80713s
 2571942 1771728     cutoff  135         8.92746    8.82586  1.14%  2876 80747s
 2575437 1775941    8.86711  170 2070    8.92746    8.82587  1.14%  2873 80784s
 2580124 1778206    8.92653  223 1820    8.92746    8.82587  1.14%  2869 80814s
 2582969 1783879    8.88473  191 2086    8.92746    8.82587  1.14%  2867 80917s
 2590861 1785959    8.88325  193 2116    8.92746    8.82587  1.14%  2864 80968s
 2593820 1789020    8.88353   30 2877    8.92746    8.82589  1.14%  2862 81019s
 2597607 1792263    8.89992   33 2826    8.92746    8.82590  1.14%  2860 81067s
 2601775 1795316    8.92038  244 1813    8.92746    8.82592  1.14%  2858 81113s
 2605731 1797880    8.91325  219 2002    8.92746    8.82592  1.14%  2855 81156s
 2609164 1800510     cutoff  151         8.92746    8.82593  1.14%  2854 81196s
 2612616 1806504    8.92336   34 3247    8.92746    8.82594  1.14%  2852 81306s
 2620999 1809243     cutoff  282         8.92746    8.82597  1.14%  2848 81350s
 2624462 1811425    8.92314   30 3177    8.92746    8.82597  1.14%  2846 81396s
 2627594 1813360    8.90367  219 1991    8.92746    8.82598  1.14%  2845 81444s
 2630463 1815987    8.92733  229 2038    8.92746    8.82598  1.14%  2844 81489s
 2634008 1818643    8.90176   35 4417    8.92746    8.82600  1.14%  2842 81540s
 2637423 1821446    8.91730   46 3998    8.92746    8.82600  1.14%  2841 81591s
 2641372 1823858     cutoff   49         8.92746    8.82602  1.14%  2839 81634s
 2644945 1829640     cutoff  150         8.92746    8.82602  1.14%  2837 81736s
 2652922 1832169     cutoff  146         8.92746    8.82605  1.14%  2834 81785s
 2656231 1836904    8.86031   28 3065    8.92746    8.82605  1.14%  2832 81830s
 2661675 1840872     cutoff   31         8.92746    8.82606  1.14%  2828 81872s
 2666326 1843764    8.91899  246 1760    8.92746    8.82607  1.14%  2825 81913s
 2670066 1845998     cutoff  149         8.92746    8.82608  1.14%  2823 81950s
 2673080 1847777     cutoff  146         8.92746    8.82608  1.14%  2821 81988s
 2675580 1853558    8.83988  158 2233    8.92746    8.82609  1.14%  2820 82095s
 2683836 1856273     cutoff  143         8.92746    8.82611  1.14%  2817 82144s
 2687439 1859269     cutoff  141         8.92746    8.82611  1.14%  2815 82195s
 2691219 1862763    8.84738  168 2229    8.92746    8.82612  1.14%  2813 82243s
 2695604 1864694    8.82890  154 2191    8.92746    8.82613  1.14%  2810 82283s
 2698477 1867324    8.86457  183 2218    8.92746    8.82614  1.13%  2809 82325s
 2701857 1870390     cutoff  122         8.92746    8.82616  1.13%  2807 82363s
 2705372 1882915    8.83272  155 2277    8.92746    8.82616  1.13%  2805 82474s
 2719806 1882929     cutoff  177         8.92746    8.82616  1.13%  2795 82596s
 2719850 1886303    8.86429  178 2098    8.92746    8.82616  1.13%  2795 82623s
 2723720 1888650    8.88304  216 1762    8.92746    8.82617  1.13%  2792 82651s
 2726422 1890880    8.91995  348 1528    8.92746    8.82617  1.13%  2791 82681s
 2729333 1893368    8.83703  156 2207    8.92746    8.82618  1.13%  2789 82715s
 2732376 1896928    8.87928  204 1945    8.92746    8.82619  1.13%  2787 82748s
 2736210 1907043    8.91265  313 1502    8.92746    8.82619  1.13%  2784 82854s
 2748448 1908622    8.83172  147 2481    8.92746    8.82621  1.13%  2777 82884s
 2750823 1910382    8.88472  196 2220    8.92746    8.82621  1.13%  2776 82918s
 2753179 1912279    8.88325  193 2147    8.92746    8.82622  1.13%  2775 82955s
 2755635 1915309    8.88763  200 2127    8.92746    8.82623  1.13%  2774 82990s
 2759173 1919823    8.88317  196 2213    8.92746    8.82623  1.13%  2772 83029s
 2764240 1922302     cutoff  229         8.92746    8.82625  1.13%  2768 83061s
 2767459 1931877    8.92639  257 1717    8.92746    8.82625  1.13%  2767 83163s
 2778859 1934422    8.92728  212 1890    8.92746    8.82626  1.13%  2760 83193s
 2781891 1937688    8.83278  151 2331    8.92746    8.82626  1.13%  2758 83224s
 2785657 1940668    8.86043  182 2221    8.92746    8.82627  1.13%  2756 83258s
 2789268 1942538     cutoff   30         8.92746    8.82627  1.13%  2754 83293s
 2791808 1944263    8.91611   32 2971    8.92746    8.82628  1.13%  2752 83328s
 2794190 1946483    8.83274  155 2261    8.92746    8.82630  1.13%  2752 83365s
 2797135 1953936     cutoff  235         8.92746    8.82630  1.13%  2750 83472s
 2806830 1956876    8.85170  173 2191    8.92746    8.82632  1.13%  2746 83516s
 2810747 1960475     cutoff  147         8.92746    8.82632  1.13%  2744 83555s
 2815088 1963068    8.89936  214 1984    8.92746    8.82633  1.13%  2741 83593s
 2818547 1966066     cutoff  151         8.92746    8.82634  1.13%  2739 83624s
 2822169 1969497     cutoff  230         8.92746    8.82634  1.13%  2737 83659s
 2826185 1975552    8.90676  205 2219    8.92746    8.82635  1.13%  2734 83756s
 2834544 1978613    8.92492  236 1919    8.92746    8.82636  1.13%  2731 83801s
 2838495 1980549     cutoff  227         8.92746    8.82638  1.13%  2729 83846s
 2841487 1982704    8.87636   32 4376    8.92746    8.82638  1.13%  2728 83888s
 2844527 1984957     cutoff   36         8.92746    8.82639  1.13%  2727 83937s
 2847655 1985508     cutoff   34         8.92746    8.82640  1.13%  2726 83978s
 2848491 1988114    8.82963  151 2458    8.92746    8.82641  1.13%  2726 84037s
 2852014 1990783     cutoff  232         8.92746    8.82641  1.13%  2724 84088s
 2855652 2002563     cutoff   28         8.92746    8.82642  1.13%  2723 84192s
 2869272 2005069    8.90828  141 2329    8.92746    8.82644  1.13%  2714 84218s
 2872382 2006938     cutoff   28         8.92746    8.82644  1.13%  2712 84251s
 2874928 2009791    8.91713   29 3359    8.92746    8.82645  1.13%  2711 84279s
 2878256 2012662    8.88427   28 3105    8.92746    8.82645  1.13%  2709 84309s
 2881619 2015893    8.90489   30 2926    8.92746    8.82645  1.13%  2707 84339s
 2885289 2021363     cutoff  141         8.92746    8.82646  1.13%  2705 84438s
 2893045 2023879    8.92305  220 2224    8.92746    8.82647  1.13%  2702 84489s
 2896683 2026599    8.88450  196 2215    8.92746    8.82648  1.13%  2701 84534s
 2900271 2028662    8.88171  190 2043    8.92746    8.82649  1.13%  2699 84581s
 2902963 2032724    8.88246  187 2183    8.92746    8.82650  1.13%  2698 84627s
 2907944 2035417    8.89232   60 3385    8.92746    8.82651  1.13%  2696 84667s
 2911405 2038259    8.89981   68 3146    8.92746    8.82651  1.13%  2694 84713s
 2915191 2046904     cutoff  146         8.92746    8.82652  1.13%  2692 84814s
 2925718 2050681    8.88909   65 3722    8.92746    8.82653  1.13%  2687 84852s
 2930038 2053088     cutoff   67         8.92746    8.82653  1.13%  2685 84885s
 2933123 2054738    8.91162   70 3452    8.92746    8.82653  1.13%  2683 84921s
 2935240 2056859    8.82895  155 2378    8.92746    8.82654  1.13%  2682 84961s
 2938138 2059030    8.92578  227 2078    8.92746    8.82655  1.13%  2681 84994s
 2940819 2062148    8.84363  164 2190    8.92746    8.82656  1.13%  2680 85031s
 2944875 2067319    8.91482   25 3424    8.92746    8.82656  1.13%  2678 85128s
 2952362 2070413    8.92664  251 1886    8.92746    8.82658  1.13%  2676 85172s
 2956325 2074096    8.92428  229 2043    8.92746    8.82658  1.13%  2674 85215s
 2960884 2076278    8.92475  243 1814    8.92746    8.82659  1.13%  2672 85255s
 2964014 2078272    8.92656  229 1998    8.92746    8.82660  1.13%  2671 85294s
 2966962 2081103    8.87919  187 2250    8.92746    8.82660  1.13%  2670 85341s
 2970621 2084160    8.83077  148 2334    8.92746    8.82661  1.13%  2668 85383s
 2974412 2090251    8.86114  178 2257    8.92746    8.82661  1.13%  2667 85479s
 2982609 2091709    8.87430  189 2341    8.92746    8.82663  1.13%  2664 85524s
 2985080 2096049    8.84205  162 2171    8.92746    8.82664  1.13%  2663 85568s
 2990080 2100235    8.91775  226 1892    8.92746    8.82665  1.13%  2661 85606s
 2995136 2102874     cutoff  149         8.92746    8.82666  1.13%  2658 85644s
 2995878 2102874    8.83158  145 2606    8.92746    8.82666  1.13%  2658 85645s
 2998660 2107593     cutoff  215         8.92746    8.82666  1.13%  2657 85676s
 3003859 2116213    8.87231  181 2136    8.92746    8.82667  1.13%  2653 85782s
 3014767 2118257    8.92646  243 1747    8.92746    8.82668  1.13%  2648 85814s
 3017361 2120990    8.89234  202 2135    8.92746    8.82669  1.13%  2647 85853s
 3020832 2122429    8.83283  145 2464    8.92746    8.82669  1.13%  2645 85885s
 3022871 2124186    8.91608  214 2133    8.92746    8.82669  1.13%  2645 85919s
 3025395 2127218     cutoff  142         8.92746    8.82669  1.13%  2644 85961s
 3029091 2130419     cutoff  268         8.92746    8.82670  1.13%  2642 86003s
 3033025 2141620    8.91898  232 1879    8.92746    8.82672  1.13%  2640 86101s
 3046061 2144499    8.85964  172 2211    8.92746    8.82673  1.13%  2633 86130s
 3049485 2145986    8.92599  219 1969    8.92746    8.82674  1.13%  2631 86160s
 3051409 2148078    8.91029   27 3541    8.92746    8.82674  1.13%  2631 86194s
 3054070 2150841    8.83466  148 2221    8.92746    8.82675  1.13%  2629 86224s
 3057444 2153053    8.83192  152 2169    8.92746    8.82675  1.13%  2628 86252s
 3060141 2156290    8.86724   29 3296    8.92746    8.82676  1.13%  2626 86286s
 3063959 2162834    8.83002  157 2187    8.92746    8.82676  1.13%  2624 86389s
 3072563 2164900    8.92245  233 1964    8.92746    8.82677  1.13%  2621 86434s
 3075459 2169505    8.92590  238 1918    8.92746    8.82679  1.13%  2620 86479s
 3080830 2172503    8.92599  231 1914    8.92746    8.82679  1.13%  2617 86515s
 3084579 2174367    8.83281  152 2325    8.92746    8.82680  1.13%  2615 86549s
 3087228 2176474    8.92574  223 2149    8.92746    8.82681  1.13%  2615 86588s
 3090141 2178366    8.92515  256 1816    8.92746    8.82682  1.13%  2614 86627s
 3092942 2183901    8.87999  198 2231    8.92746    8.82683  1.13%  2613 86722s
 3100910 2186212     cutoff   27         8.92746    8.82684  1.13%  2610 86762s
 3104124 2188622    8.87219  181 2054    8.92746    8.82684  1.13%  2610 86803s
 3107518 2191755    8.90260  207 2022    8.92746    8.82686  1.13%  2609 86848s
 3111563 2195994     cutoff  123         8.92746    8.82686  1.13%  2607 86888s
 3116436 2198842    8.83113  150 2372    8.92746    8.82686  1.13%  2604 86930s
 3120069 2201868    8.91739  246 1912    8.92746    8.82686  1.13%  2603 86965s
 3123792 2213261    8.88989  225 1640    8.92746    8.82687  1.13%  2601 87075s
 3136944 2215627     cutoff  254         8.92746    8.82689  1.13%  2594 87106s
 3139785 2218339    8.92537  219 2011    8.92746    8.82689  1.13%  2592 87138s
 3143074 2220018    8.85810  175 2207    8.92746    8.82690  1.13%  2591 87163s
 3145218 2221963    8.92633  238 1895    8.92746    8.82691  1.13%  2590 87192s
 3147867 2223669    8.87348  185 2257    8.92746    8.82691  1.13%  2589 87226s
 3150152 2225072    8.82964  157 2136    8.92746    8.82692  1.13%  2588 87259s
 3152337 2226967     cutoff  147         8.92746    8.82693  1.13%  2587 87300s
 3154823 2233896    8.83048  153 2338    8.92746    8.82693  1.13%  2587 87402s
 3163989 2236076    8.83511  150 2118    8.92746    8.82694  1.13%  2583 87437s
 3166985 2238162    8.90405  213 2190    8.92746    8.82696  1.13%  2582 87478s
 3169859 2240878    8.84598  173 2321    8.92746    8.82696  1.13%  2581 87518s
 3173350 2242852    8.92592  233 2064    8.92746    8.82697  1.13%  2580 87559s
 3174555 2242852    8.92479  251 1867    8.92746    8.82697  1.13%  2580 87560s
 3176011 2246171    8.85119  177 2240    8.92746    8.82698  1.13%  2579 87602s
 3180057 2250069     cutoff   30         8.92746    8.82698  1.13%  2578 87642s
 3184632 2259124    8.92097   33 2981    8.92746    8.82698  1.13%  2575 87736s
 3195636 2260733    8.85795  177 2304    8.92746    8.82699  1.13%  2570 87768s
 3197911 2262881    8.90163   32 3242    8.92746    8.82699  1.13%  2570 87804s
 3200849 2264764     cutoff   34         8.92746    8.82701  1.13%  2569 87837s
 3203512 2266786    8.83617  162 2202    8.92746    8.82702  1.12%  2568 87875s
 3206310 2268311     cutoff  274         8.92746    8.82702  1.12%  2567 87910s
 3208660 2270803    8.90286  206 2196    8.92746    8.82703  1.12%  2567 87952s
 3212078 2273499     cutoff  226         8.92746    8.82704  1.12%  2565 87989s
 3215631 2281737     cutoff  184         8.92746    8.82704  1.12%  2564 88083s
 3225824 2283265    8.83062  152 2344    8.92746    8.82706  1.12%  2560 88115s
 3227821 2285292    8.91557  223 1992    8.92746    8.82707  1.12%  2559 88150s
 3230771 2288355     cutoff  158         8.92746    8.82707  1.12%  2558 88190s
 3234787 2292020    8.83266  155 2236    8.92746    8.82708  1.12%  2557 88230s
 3239158 2295781    8.86037  174 2125    8.92746    8.82708  1.12%  2554 88262s
 3243339 2300294    8.88943  233 1608    8.92746    8.82708  1.12%  2552 88300s
 3248314 2309674    8.89751  265 1536    8.92746    8.82708  1.12%  2549 88395s
 3259627 2311997    8.88922  198 2087    8.92746    8.82709  1.12%  2544 88427s
 3262444 2314454    8.87520  186 2265    8.92746    8.82710  1.12%  2543 88457s
 3265467 2317018    8.92627  222 2090    8.92746    8.82710  1.12%  2542 88493s
 3268641 2320989    8.88181   44 4067    8.92746    8.82711  1.12%  2541 88524s
 3273117 2322746    8.88495   48 4019    8.92746    8.82712  1.12%  2538 88551s
 3275442 2324719     cutoff   53         8.92746    8.82712  1.12%  2538 88586s
 3278166 2337434    8.83297  150 2120    8.92746    8.82713  1.12%  2537 88684s
 3292647 2339185    8.83125  154 2263    8.92746    8.82714  1.12%  2529 88707s
 3294806 2340641    8.84411  164 2237    8.92746    8.82714  1.12%  2528 88730s
 3296914 2342829    8.90879  262 1637    8.92746    8.82715  1.12%  2527 88762s
 3299540 2345267    8.92489  315 1681    8.92746    8.82715  1.12%  2526 88795s
 3302586 2347813    8.88243  189 2098    8.92746    8.82715  1.12%  2525 88830s
 3305736 2350188     cutoff  151         8.92746    8.82715  1.12%  2524 88868s
 3308740 2357765     cutoff  226         8.92746    8.82715  1.12%  2523 88962s
 3318365 2360975    8.90762  218 1894    8.92746    8.82718  1.12%  2519 88996s
 3322363 2363143     cutoff  151         8.92746    8.82718  1.12%  2518 89027s
 3325316 2364957    8.90087  214 1787    8.92746    8.82718  1.12%  2517 89059s
 3328026 2367558    8.89984  208 2040    8.92746    8.82718  1.12%  2516 89096s
 3331463 2369134    8.89018  200 2109    8.92746    8.82718  1.12%  2515 89132s
 3333968 2370838    8.87599  191 2106    8.92746    8.82719  1.12%  2514 89172s
 3336552 2373292    8.86623  178 2264    8.92746    8.82720  1.12%  2514 89216s
 3339889 2381307    8.89706  207 2150    8.92746    8.82720  1.12%  2513 89306s
 3349883 2383038    8.92468  224 2032    8.92746    8.82722  1.12%  2509 89336s
 3351971 2386327     cutoff  149         8.92746    8.82722  1.12%  2508 89373s
 3355818 2389233     cutoff  221         8.92746    8.82723  1.12%  2506 89409s
 3359235 2393858    8.83706  146 2252    8.92746    8.82723  1.12%  2505 89441s
 3364564 2396470    8.83651  154 2187    8.92746    8.82723  1.12%  2502 89474s
 3367662 2398237    8.87740  185 2163    8.92746    8.82723  1.12%  2501 89506s
 3370045 2404580    8.89427  197 2134    8.92746    8.82723  1.12%  2500 89596s
 3378554 2406667    8.89867  204 2148    8.92746    8.82725  1.12%  2497 89636s
 3381280 2409024    8.83234  142 2587    8.92746    8.82726  1.12%  2497 89674s
 3384621 2411006     cutoff  232         8.92746    8.82726  1.12%  2496 89713s
 3387641 2413086    8.89372  206 1940    8.92746    8.82727  1.12%  2495 89751s
 3390703 2415040    8.83745  159 2230    8.92746    8.82728  1.12%  2495 89794s
H3392375 2415040                       8.9274558    8.82729  1.12%  2494 89795s
 3393233 2418347    8.83149  154 2226    8.92746    8.82729  1.12%  2494 89843s
 3397443 2420832    8.85643  174 2152    8.92746    8.82729  1.12%  2492 89883s
H3398674 2420832                       8.9274558    8.82729  1.12%  2492 89883s
 3400813 2426953    8.88484   26 3310    8.92746    8.82729  1.12%  2491 89970s
H3401125 2426951                       8.9274558    8.82729  1.12%  2491 89970s
 3409043 2429084    8.85681  177 2251    8.92746    8.82730  1.12%  2489 90014s
 3412090 2433614    8.83100  148 2402    8.92746    8.82732  1.12%  2488 90052s
 3417378 2436960    8.88000  192 2152    8.92746    8.82732  1.12%  2486 90093s
 3421494 2438959    8.87333   35 3287    8.92746    8.82733  1.12%  2484 90130s
 3424120 2442192    8.91335   37 3004    8.92746    8.82733  1.12%  2483 90171s
 3427824 2446792    8.89884   24 3388    8.92746    8.82733  1.12%  2482 90204s
 3433013 2459675    8.92641  252 1824    8.92746    8.82733  1.12%  2479 90306s
 3447961 2461561    8.92441  222 2071    8.92746    8.82736  1.12%  2472 90330s
 3450428 2463360     cutoff  151         8.92746    8.82736  1.12%  2471 90356s
 3452549 2465258    8.85959  176 2156    8.92746    8.82736  1.12%  2470 90381s
 3454853 2467812    8.87879  205 1917    8.92746    8.82736  1.12%  2469 90410s
 3458012 2470456    8.90582  285 1702    8.92746    8.82736  1.12%  2468 90444s
 3461188 2473138     cutoff  148         8.92746    8.82737  1.12%  2467 90477s
 3464514 2479372    8.83289  152 2293    8.92746    8.82737  1.12%  2465 90564s
 3472650 2481573     cutoff  224         8.92746    8.82738  1.12%  2463 90601s
 3475758 2485431    8.90656  218 1912    8.92746    8.82739  1.12%  2462 90641s
 3480361 2489612    8.86693  182 2196    8.92746    8.82740  1.12%  2461 90680s
 3485113 2493523    8.90861  263 1589    8.92746    8.82740  1.12%  2458 90710s
 3489683 2496195    8.92539  350 1643    8.92746    8.82740  1.12%  2456 90750s
 3492794 2498497    8.83201  159 2163    8.92746    8.82740  1.12%  2455 90782s
 3495876 2503916     cutoff  264         8.92746    8.82740  1.12%  2454 90873s
 3503116 2507918     cutoff  151         8.92746    8.82742  1.12%  2452 90927s
 3507949 2511317     cutoff  148         8.92746    8.82742  1.12%  2450 90967s
 3512172 2513318    8.83950  162 2279    8.92746    8.82744  1.12%  2448 91007s
 3515178 2516061     cutoff  232         8.92746    8.82744  1.12%  2448 91042s
 3518698 2518823     cutoff  255         8.92746    8.82745  1.12%  2447 91077s
 3522302 2520777    8.88491  193 2019    8.92746    8.82745  1.12%  2446 91117s
 3525127 2527223    8.83226  151 2262    8.92746    8.82746  1.12%  2445 91208s
 3533590 2530605    8.90636  287 1609    8.92746    8.82746  1.12%  2442 91249s
 3537753 2533051     cutoff  363         8.92746    8.82747  1.12%  2441 91289s

Cutting planes:
  Learned: 573
  Gomory: 99
  Cover: 1929
  Implied bound: 995
  Projected implied bound: 133
  Clique: 28
  MIR: 1188
  StrongCG: 2
  Flow cover: 2404
  GUB cover: 57
  Inf proof: 45
  Zero half: 11
  Network: 47
  RLT: 1653
  Relax-and-lift: 692
  BQP: 25
  PSD: 1

Explored 3541039 nodes (8640060050 simplex iterations) in 91289.20 seconds (220988.02 work units)
Thread count was 32 (of 104 available processors)

Solution count 10: 8.92746 8.92746 8.92746 ... 8.92746

Optimal solution found (tolerance 1.12e-02)
Best objective 8.927455826587e+00, best bound 8.827479714695e+00, gap 1.1199%
m.flow_changes_penalty(): 570.0
Total operational cost: 88704.56
Maximum power (kW): 1410.93
Discharge energy capacity (kWh): 73737.27
Charge energy capacity (kWh): 29651.59
Levelized Cost of Flexibility ($/kWh): 0.41
{'fixed_demand_cost': 6315.030581301806, 'variable_demand_cost': 1.5719796321649005e-05, 'fixed_monthly_cost': 171938.17204301074, 'total_water_production': 211634.77549594978, 'total_energy_cost': 14871.657722592894, 'total_demand_cost': 6315.030597021602, 'total_customer_cost': 0.0, 'total_feed_cost': 38197.46294457405, 'total_brine_cost': 14447.728200311545, 'total_chemical_cost': 14872.67880137355, 'total_water_revenue': 0.0, 'total_demand_response_revenue': 0.0, 'total_emissions_cost': 0.0, 'total_op_cost': 88704.55826587364, 'fixed_cost': 121551.98252688172, 'total_cost': 210256.54079275538, 'LCOW': 0.9934876737532164, 'degree_of_flex': 0.2155688622754491, 'total_replacement_cost': 1440.898719354024, 'maximum_power': 1410.9342191675764, 'discharge_energy_capacity': 73737.26592619205, 'charge_energy_capacity': 29651.592511960604, 'discharge_power_capacity': 1024.128693419334, 'charge_power_capacity': 308.87075533292295, 'round_trip_efficiency': 0, 'LVOF': 0.406206314250295}
Saved operation variable results to: /home/rchurchi/watertap_test/watertap/tutorials/flex_ro/wrd_result_both_summer_9000AF.csv
