Annual Production (AF),Total Water Production (m3),Total Cost ($),Total Energy Cost ($),Total Demand Cost ($),Total Feed Cost ($),Total Brine Cost ($),Total Chemical Cost ($),Total Replacement Cost ($),Degree of Flexibility,Levelized Cost of Water ($/m3)
8000,188119.7808429164,201617.26962406503,13751.621038608979,9350.653834270712,33895.45693982727,10202.534763331838,12865.020521144525,992.3107078853046,0.0,1.0717494392172362
10000,235149.72602739744,221761.44684707755,17371.27037033414,11634.349116589372,42369.34159830248,12753.223353657435,16081.279881312397,994.0965099990754,0.017964071856287425,0.9430648744249015
12000,282179.67125049635,242455.16761046206,21106.759558974656,14351.908107556075,50843.18517227309,15303.801512764463,19297.53073201206,992.3107078853046,0.0,0.8592226595771668
14000,329209.6166411765,261869.93837575312,22815.84591751646,15514.031219934379,59908.271052957585,19443.34329909781,22636.464359365156,992.3107078853046,0.0,0.7954504520479407
16000,376239.5616641268,281996.3683587884,27690.037821111648,18828.324518927002,67790.91363179835,20405.068869883726,25730.04099018596,992.3107078853046,0.0,0.7495128027246896
