Annual Production (AF),Total Water Production (m3),Total Cost ($),Total Energy Cost ($),Total Demand Cost ($),Total Feed Cost ($),Total Brine Cost ($),Total Chemical Cost ($),Total Replacement Cost ($),Degree of Flexibility,Levelized Cost of Water ($/m3)
8000,188119.78084291608,201617.26777811322,13751.620940918006,9350.655696899497,33895.45601848372,10202.53226496442,12865.020329965855,992.3107078853046,0.0,1.0717494294045975
10000,279720.0,240480.56308564334,20374.717277353007,13854.143281408584,50400.0,15170.399999999954,19129.32000000006,992.3107078853046,0.0,0.8597188727500477
12000,282179.6712328764,241650.5410335179,20627.808539625465,14026.237085855752,50843.18400592369,15303.798385783017,19297.530489448236,992.3107078853046,0.0,0.8563711906591925
14000,372960.01726066455,280382.83601349697,27320.69983891696,18577.186826696474,67200.00352618926,20227.202028047854,25505.761266764726,992.3107078853046,0.0,0.7517771960460182
16000,376239.5616641239,281996.3630695991,27690.037428951215,18828.324342779735,67790.91242547611,20405.065605635948,25730.040739874315,992.3107078853046,0.0,0.7495127886666595
