Annual Production (AF),Total Water Production (m3),Total Cost ($),Total Energy Cost ($),Total Demand Cost ($),Total Feed Cost ($),Total Brine Cost ($),Total Chemical Cost ($),Total Electricity Cost ($),Total Replacement Cost ($),Degree of Flexibility,Levelized Cost of Water ($/m3)
9000,211634.7534246578,210740.5743687115,14410.881075234649,8834.187451526468,38609.95890410964,12761.320582191876,14572.24382876714,23245.06852676112,999.4926912958135,0.0718562874251497,0.9957748949949062
11000,258665.41564451955,229216.27882373164,18465.546731687988,10785.108644370204,46629.30468882012,14090.127624061395,17694.20860791023,29250.655376058192,1001.3044605247485,0.08982035928143713,0.8861496936209692
13000,305694.64383560774,247634.47461514777,21477.196712383986,11284.98033598796,55274.0636533876,17100.349219524716,20945.902166981792,32762.177048371945,1004.9477757237471,0.12574850299401197,0.810071355873403
