Annual Production (AF),Total Water Production (m3),Total Cost ($),Total Energy Cost ($),Total Demand Cost ($),Total Feed Cost ($),Total Brine Cost ($),Total Chemical Cost ($),Total Replacement Cost ($),Degree of Flexibility,Levelized Cost of Water ($/m3)
8000,188119.78084291285,201617.26968135685,13751.621095618395,9350.65383427,33895.45693989983,10202.534763527347,12865.020521159571,992.3107078853046,0.0,1.0717494395218061
10000,235149.72602738577,220205.5438254551,16478.668708007594,10089.9406881087,42595.556505102846,13361.175915696414,16128.219481657829,999.4926912958135,0.0718562874251497,0.9364482261816871
12000,282179.671232877,239283.0329089453,19986.16896819641,11899.72803251259,50946.044211366396,15580.235187910364,19318.873982077806,1001.3044605247485,0.08982035928143713,0.8479811173621716
14000,329281.8555385458,257639.08542348334,23485.938812380984,12647.72321502294,59393.2994169645,18028.294301518104,22531.847150715057,1010.462733029548,0.17964071856287425,0.7824272157423021
16000,376241.59048902354,280887.32260193035,27950.494840144547,16916.534754491953,67930.34790385923,20778.926081342364,25759.036495210534,1001.3044605247485,0.08982035928143713,0.746561065290109
