Annual Production (AF),Total Water Production (m3),Total Cost ($),Total Energy Cost ($),Total Demand Cost ($),Total Feed Cost ($),Total Brine Cost ($),Total Chemical Cost ($),Total Electricity Cost ($),Total Replacement Cost ($),Degree of Flexibility,Levelized Cost of Water ($/m3)
15000,352724.58906158304,267783.9066735923,25410.508353091707,12463.846502663835,63952.421136463905,20200.558507765883,24204.589646725235,37874.35485575554,1010.462733029548,0.17964071856287425,0.7591869548591047
