Season,Flexibility Type,Num Flexible Trains,Total Operational Cost,Total Water Production (m3),LCOW ($/m3),Total Energy Cost,Fixed Demand Cost,Variable Demand Cost,Total Electricity Cost,Total Feed Cost,Total Brine Cost,Total Chemical Cost,Total Replacement Cost,Total Demand Response Revenue,Total Cost,Maximum Power,Energy Capacity,Power Capacity,LVOF
summer,no_flex,2,118409.31653290449,282179.67123287683,0.8503847850249683,20330.773698750272,6573.3255592595515,6060.704393743383,32964.8036517532,50843.18400592275,15303.798385780341,19297.530489448203,999.4926912958135,0.0,239961.2990597862,1468.6437204095164,20699.96328803144,173.9492713279953,0.8640444811747073
summer,both,2,117590.90519865035,282179.6712328783,0.8474844650597503,19872.55302467822,5801.354641348669,5871.637279199443,31545.54494522633,50997.44520547944,15718.375359588445,19329.539688356133,1001.3044605247485,0.0,239142.88772553205,1296.1662812138647,15990.310909975507,135.5111094065721,1.2074036348632817
