Season,Flexibility Type,Num Flexible Trains,Total Operational Cost,Total Water Production (m3),LCOW ($/m3),Total Energy Cost,Fixed Demand Cost,Variable Demand Cost,Total Electricity Cost,Total Feed Cost,Total Brine Cost,Total Chemical Cost,Total Replacement Cost,Total Demand Response Revenue,Total Cost,Maximum Power,Energy Capacity,Power Capacity,LVOF
summer,both,2,118382.01785575738,282322.9500000003,0.8498565220526311,20316.12461750739,6562.454151823855,6015.541136426084,32894.119905757325,50869.00000000013,15311.568999999909,19307.328950000017,999.4926912958135,0.0,239934.00038263912,1466.2147787545114,22486.34939711694,351.3492093299522,0.798545485015044
