Season,Flexibility Type,Num Flexible Trains,Total Operational Cost,Total Water Production (m3),LCOW ($/m3),Total Energy Cost,Fixed Demand Cost,Variable Demand Cost,Total Feed Cost,Total Brine Cost,Total Chemical Cost,Total Replacement Cost,Total Demand Response Revenue,Total Cost,Maximum Power,Energy Capacity,Power Capacity,LVOF
winter,both,4,108960.61353945392,282179.67123287724,0.8169000802190962,23571.632136721113,6951.940902897129,913.8817930776858,48809.46021275075,9838.16569164225,18875.532802364985,992.3107078853046,-0.0,230512.59606633562,1103.3673370121064,0.0,,
summer,both,4,113598.30775822153,282179.67123287474,0.8333353329731557,21005.26345233954,9419.192984733612,0.0,48819.62745649796,14784.690159207985,19569.53370544245,1040.9289460857153,0.0,235150.29028510326,1494.9537101611445,40078.803663142186,910.8819014350497,0.5106807249297997
