Season,Flexibility Type,Num Flexible Trains,Total Operational Cost,Total Water Production (m3),LCOW ($/m3),Total Energy Cost,Fixed Demand Cost,Variable Demand Cost,Total Electricity Cost,Total Feed Cost,Total Brine Cost,Total Chemical Cost,Total Replacement Cost,Total Demand Response Revenue,Total Cost,Maximum Power,Energy Capacity,Power Capacity,LVOF
winter,no_flex,2,111737.91785110335,282179.6712548452,0.8267424061434027,18663.290146715608,4963.622430913924,2666.492376240202,26293.404953869736,50843.18401230207,15303.79839347874,19297.530491452813,992.3107078853046,-0.0,233289.9003779851,1127.0837800240377,0.0,,
winter,both,2,111737.92287843056,282179.671254845,0.8267424239594535,18663.29041640464,4963.622507749107,2666.4924108713976,26293.405335025145,50843.18520515742,15303.801599277655,19297.530738970356,992.3107078853046,-0.0,233289.90540531228,1127.0837974713643,0.0,,
summer,no_flex,2,118312.74726789058,282179.6712328768,0.8500425588660393,20300.274992509225,6548.0877285735305,6019.8716656525485,32868.234386735305,50843.18400592384,15303.798385783044,19297.530489448396,999.4926912958135,0.0,239864.72979477228,1463.004964011459,22102.62651115241,350.83534144686365,0.8135801550773674
summer,both,2,120897.16861577518,282179.67125169584,0.8592013381658508,21103.178064471806,5044.578635615639,9304.894428065596,35452.65112815304,50843.18519051323,15303.80156127489,19297.530735834036,992.3107078853046,-0.0,242449.15114265692,1127.0837977699673,0.0,,
