Annual Production (AF),Total Water Production (m3),Total Cost ($),Total Energy Cost ($),Total Demand Cost ($),Total Feed Cost ($),Total Brine Cost ($),Total Chemical Cost ($),Total Replacement Cost ($),Degree of Flexibility
13500,317452.130136986,253583.05007568086,21746.27789688981,12106.769563972011,58048.259057398565,19500.28025785449,141022.6109344132,1158.8523651527685,0.28742514970059885
14500,340967.1027518673,271907.9517097807,23444.66336188399,15835.71760890046,61769.402674962796,19389.415505659945,150476.44185048822,992.3107078853046,0.0
15500,364482.0753543473,291482.5226308687,25593.174862707903,17286.931511243674,66029.36147974154,20726.616574436954,160854.12749485337,992.3107078853046,0.0
