Season,Flexibility Type,Num Flexible Trains,Total Operational Cost,Total Water Production (m3),LCOW ($/m3),Total Energy Cost,Fixed Demand Cost,Variable Demand Cost,Total Electricity Cost,Total Feed Cost,Total Brine Cost,Total Chemical Cost,Total Replacement Cost,Total Demand Response Revenue,Total Cost,Maximum Power,Energy Capacity,Power Capacity,LVOF
winter,no_flex,0,115030.97832217958,282179.6712328764,0.8384124902244103,20114.09271280606,6942.284660080837,2530.088068137761,29586.46544102466,50843.18400592369,15303.798385783002,19297.530489448236,992.3107078853046,-0.0,236582.96084906132,1101.8347602124163,0.0,,
summer,no_flex,0,124771.24670944999,282179.67125180946,0.8729304564839455,22626.697961956568,7102.576712951336,9597.459138487484,39326.73381339539,50843.18401168842,15303.79839313456,19297.53049123162,992.3107078853046,-0.0,246323.2292363317,1127.2750171490386,0.0,,
