Season,Flexibility Type,Num Flexible Trains,Total Operational Cost,Total Water Production (m3),LCOW ($/m3),Total Energy Cost,Fixed Demand Cost,Variable Demand Cost,Total Feed Cost,Total Brine Cost,Total Chemical Cost,Total Replacement Cost,Total Demand Response Revenue,Total Cost,MMaximum Power,Energy Capacity,Power Capacity,LVOF
winter,no_flex,2,111441.1180530548,282179.6712328764,0.8256905947971449,17691.845773165427,4757.4239851397315,2555.0247057094307,50843.18400592369,15303.798385783002,19297.53048944822,992.3107078853046,0.0,232993.10057993652,1080.2625467547964,2069.5658519485964,12.54282334514301,0.000491042055878912
