Season,Flexibility Type,Num Flexible Trains,Total Operational Cost,Total Water Production (m3),LCOW ($/m3),Total Energy Cost,Fixed Demand Cost,Variable Demand Cost,Total Electricity Cost,Total Feed Cost,Total Brine Cost,Total Chemical Cost,Total Replacement Cost,Total Demand Response Revenue,Total Cost,Maximum Power,Energy Capacity,Power Capacity,LVOF
summer,flow,2,118253.99932365929,282179.67123287637,0.8498343654693491,20277.993676447488,6534.5593757614915,5996.93339029523,32809.48644250421,50843.184005923635,15303.798385783062,19297.530489448378,999.4926912958135,0.0,239805.98185054102,1459.9823949592942,22276.99715252722,353.60312940519395,0.809849106918117
summer,both,2,120118.3275131889,282179.75538363075,0.8564409934777693,20639.44264824118,4933.731672426464,9100.433847132079,34673.60816779972,50843.24563375046,15303.927825743001,19297.545885895714,992.3107078853046,-0.0,241670.31004007062,1102.317841033715,0.0,,
winter,flow,2,111141.3548688167,282179.67123287637,0.8246282816158715,18239.84450516925,4851.0043304546125,2605.9931520376276,25696.84198766149,50843.18400592376,15303.79838578302,19297.530489448436,992.3107078853046,-0.0,232693.3373956984,1101.5117232998643,0.0,,
winter,both,2,111737.92287843056,282179.671254845,0.8267424239594535,18663.29041640464,4963.622507749107,2666.4924108713976,26293.405335025145,50843.18520515742,15303.801599277655,19297.530738970356,992.3107078853046,-0.0,233289.90540531228,1127.0837974713643,0.0,,
