Season,Flexibility Type,Num Flexible Trains,Total Operational Cost,Total Water Production (m3),LCOW ($/m3),Total Energy Cost,Fixed Demand Cost,Variable Demand Cost,Total Electricity Cost,Total Feed Cost,Total Brine Cost,Total Chemical Cost,Total Replacement Cost,Total Demand Response Revenue,Total Cost,Maximum Power,Energy Capacity,Power Capacity,LVOF
winter,no_flex,2,111737.9179,282179.6713,0.826742406,18663.29015,4963.622431,2666.492376,26293.40495,50843.18401,15303.79839,19297.53049,992.3107079,0,233289.9004,1127.08378,0,,
winter,both,2,111737.9229,282179.6713,0.826742424,18663.29042,4963.622508,2666.492411,26293.40534,50843.18521,15303.8016,19297.53074,992.3107079,0,233289.9054,1127.083797,0,,
summer,no_flex,2,118312.7473,282179.6712,0.850042559,20300.27499,6548.087729,6019.871666,32868.23439,50843.18401,15303.79839,19297.53049,999.4926913,0,239864.7298,1463.004964,22102.62651,350.8353414,0.813580155
summer,both,2,120897.1686,282179.6713,0.859201338,21103.17806,5044.578636,9304.894428,35452.65113,50843.18519,15303.80156,19297.53074,992.3107079,0,242449.1511,1127.083798,0,,
