Annual Production (AF),Total Water Production (m3),Total Cost ($),Total Energy Cost ($)
8000,188119.78083390454,151053.20715248107,13287.248825080454
9000,211634.75342465797,170897.89820772325,14353.204617799398
9500,223392.2397260273,179822.1041617076,14709.720351674832
10000,235190.0333795587,189149.14904368308,15626.703606370182
10500,246907.21234089535,197151.0166920998,16964.28645523172
11000,258664.69864208577,206916.4481143722,18025.498529479715
12000,282179.67123287683,225576.38099298943,19029.58087799914
12500,293937.15754606837,235960.03243896103,21058.303742086737
13000,305694.6438356164,241922.03732196562,20310.818989351603
