Season,Flexibility Type,Num Flexible Trains,Total Operational Cost,Total Water Production (m3),LCOW ($/m3),Total Energy Cost,Fixed Demand Cost,Variable Demand Cost,Total Feed Cost,Total Brine Cost,Total Chemical Cost,Total Replacement Cost,Total Demand Response Revenue,Total Cost,MMaximum Power,Energy Capacity,Power Capacity,LVOF
winter,both,4,29246.872213012317,79415.83561643776,0.7990360148181304,5027.712181640047,1374.977512607069,737.0294337998295,13738.897144289354,2774.4767602098045,5312.712061549617,281.06711891659563,0.0,63456.112804410164,1109.3578734028415,1319.7347564204028,164.96684455255036,12.998330086720179
summer,both,4,31117.586117118382,79418.58234281557,0.8225634956127605,5396.955839164564,1815.6859627839292,1465.8307439937316,13823.466666666664,3000.5762592559304,5330.345385960613,284.72525929295045,0.0,65326.82670851624,1441.4203848900352,7121.7987059287325,245.57926572168043,5.821177265069079
