Annual Production (AF),Total Water Production (m3),Total Cost ($),Total Energy Cost ($),Total Demand Cost ($),Total Feed Cost ($),Total Brine Cost ($),Total Chemical Cost ($),Total Replacement Cost ($),Degree of Flexibility
8000,188119.78083390454,151053.20715248107,13287.248825080454,8974.883446874786,34079.670446037366,10697.608565146818,83021.48516145635,992.3107078853046,0.0
8500,199877.26712327634,160555.79393117275,13590.693220133484,9666.764195492278,36335.830781212855,11705.320361500486,88218.21428683461,1038.971085999034,0.0898203592814375
9000,211634.75342465797,170897.89820772325,14353.204617799398,9606.316303096624,38903.87801367401,13551.228189146106,93434.43634845744,1048.8347355496576,0.10778443113772473
9500,223392.2397260273,179822.1041617076,14709.720351674832,10451.198474921712,40930.679550909575,13942.53821087757,98616.8305541236,1171.1370192003076,0.30538922155686254
10000,235190.0333795587,189149.14904368308,15626.703606370182,10271.100067619618,43008.446563697995,14453.48578672803,104642.5902634413,1146.8227558259243,0.2694610778443134
10500,246907.21234089535,197151.0166920998,16964.28645523172,11458.541570628715,44729.56745556106,14040.611230234965,108965.69927255805,992.3107078853046,0.0
11000,258664.69864208577,206916.4481143722,18025.498529479715,12175.338159752206,46859.54685793483,14709.21176460259,114154.54209471757,992.3107078853046,0.0
11500,270422.1849432646,216835.0539283228,19178.133394446544,12953.886349847518,48989.52626030476,15377.812298965722,119343.38491687296,992.3107078853046,0.0
