Season,Flexibility Type,Num Flexible Trains,Total Operational Cost,Total Water Production (m3),LCOW ($/m3),Total Energy Cost,Fixed Demand Cost,Variable Demand Cost,Total Feed Cost,Total Brine Cost,Total Chemical Cost,Total Replacement Cost,Total Demand Response Revenue,Total Cost,Maximum Power,Energy Capacity,Power Capacity,LVOF
winter,both,4,109980.20113130785,282179.67125832295,0.8205133368598766,21638.168048717755,7709.2578824188995,966.9777801917769,49084.5386863727,10577.4390785478,18932.61158643032,1071.2080686286095,0.0,231532.18365818958,1223.5637433073032,14243.957859063481,323.7263149787155,-0.36718696407626805
summer,both,4,114854.1811449556,282179.67123287695,0.8377859490690819,21054.528645424052,10045.983762379228,0.0,48831.69996408143,14369.935023331524,19509.139550766133,1042.8941989732277,0.0,236406.1636718373,1594.4339150434755,43260.708125424884,920.4405984132954,0.45753716591470023
