Season,Flexibility Type,Num Flexible Trains,Total Operational Cost,Total Water Production (m3),LCOW ($/m3),Total Energy Cost,Fixed Demand Cost,Variable Demand Cost,Total Electricity Cost,Total Feed Cost,Total Brine Cost,Total Chemical Cost,Total Replacement Cost,Total Demand Response Revenue,Total Cost,Maximum Power,Energy Capacity,Power Capacity,LVOF
summer,flow,2,118061.35644741346,282179.6712327582,0.849151669670237,20001.7589473985,6545.685425640708,6069.399195814267,32616.843568853474,50843.18400523141,15303.79838401249,19297.530489316097,1010.462733029548,0.0,239613.33897429518,1462.4682301396927,17686.324085333374,149.88410241807944,0.11616993753268919
