Season,Flexibility Type,Num Flexible Trains,Total Operational Cost,Total Water Production (m3),LCOW ($/m3),Total Energy Cost,Fixed Demand Cost,Variable Demand Cost,Total Electricity Cost,Total Feed Cost,Total Brine Cost,Total Chemical Cost,Total Replacement Cost,Total Demand Response Revenue,Total Cost,Maximum Power,Energy Capacity,Power Capacity,LVOF
winter,no_flex,4,111742.37918817071,282179.6712550068,0.8267582164139085,18666.456843152682,4964.464634145722,2666.944813654201,26297.866290952603,50843.18401231698,15303.798393440165,19297.530491460955,992.3107078853046,-0.0,233294.36171505245,1127.2750181913377,0.0,,
summer,no_flex,4,118002.30169642283,282179.6712328768,0.8489423889986942,20022.627559674635,6537.041210999317,5998.082417587988,32557.75118826194,50843.19366625902,15303.824347933923,19297.532493967945,1010.462733029548,0.0,239554.28422330454,1460.5368984148527,20030.04559222572,178.83969278772966,0.10552704610857225
