,Day,Time,LMP,bypass_pretreatment_flow,power_from_grid,intake.op_mode,intake.startup,intake.shutdown,intake.energy_intensity,intake.power_consumption,intake.recovery,intake.feed_flowrate,intake.product_flowrate,intake.reject_flowrate,intake.feed_cost,intake.chemical_cost,pretreatment.op_mode,pretreatment.startup,pretreatment.shutdown,pretreatment.power_consumption,pretreatment.feed_flowrate,pretreatment.product_flowrate,pretreatment.reject_flowrate,pretreatment.inlet_flowrate,pretreatment.leftover_flow,pretreatment.uf_pumps[1].op_mode,pretreatment.uf_pumps[1].startup,pretreatment.uf_pumps[1].shutdown,pretreatment.uf_pumps[1].energy_intensity,pretreatment.uf_pumps[1].power_consumption,pretreatment.uf_pumps[1].recovery,pretreatment.uf_pumps[1].feed_flowrate,pretreatment.uf_pumps[1].product_flowrate,pretreatment.uf_pumps[1].reject_flowrate,pretreatment.uf_pumps[2].op_mode,pretreatment.uf_pumps[2].startup,pretreatment.uf_pumps[2].shutdown,pretreatment.uf_pumps[2].energy_intensity,pretreatment.uf_pumps[2].power_consumption,pretreatment.uf_pumps[2].recovery,pretreatment.uf_pumps[2].feed_flowrate,pretreatment.uf_pumps[2].product_flowrate,pretreatment.uf_pumps[2].reject_flowrate,pretreatment.uf_pumps[3].op_mode,pretreatment.uf_pumps[3].startup,pretreatment.uf_pumps[3].shutdown,pretreatment.uf_pumps[3].energy_intensity,pretreatment.uf_pumps[3].power_consumption,pretreatment.uf_pumps[3].recovery,pretreatment.uf_pumps[3].feed_flowrate,pretreatment.uf_pumps[3].product_flowrate,pretreatment.uf_pumps[3].reject_flowrate,reverse_osmosis.op_mode,reverse_osmosis.startup,reverse_osmosis.shutdown,reverse_osmosis.power_consumption,reverse_osmosis.feed_flowrate,reverse_osmosis.product_flowrate,reverse_osmosis.reject_flowrate,reverse_osmosis.inlet_flowrate,reverse_osmosis.leftover_flow,reverse_osmosis.ro_skid[1].op_mode,reverse_osmosis.ro_skid[1].startup,reverse_osmosis.ro_skid[1].shutdown,reverse_osmosis.ro_skid[1].energy_intensity,reverse_osmosis.ro_skid[1].power_consumption,reverse_osmosis.ro_skid[1].recovery,reverse_osmosis.ro_skid[1].feed_flowrate,reverse_osmosis.ro_skid[1].product_flowrate,reverse_osmosis.ro_skid[1].reject_flowrate,reverse_osmosis.ro_skid[2].op_mode,reverse_osmosis.ro_skid[2].startup,reverse_osmosis.ro_skid[2].shutdown,reverse_osmosis.ro_skid[2].energy_intensity,reverse_osmosis.ro_skid[2].power_consumption,reverse_osmosis.ro_skid[2].recovery,reverse_osmosis.ro_skid[2].feed_flowrate,reverse_osmosis.ro_skid[2].product_flowrate,reverse_osmosis.ro_skid[2].reject_flowrate,reverse_osmosis.ro_skid[3].op_mode,reverse_osmosis.ro_skid[3].startup,reverse_osmosis.ro_skid[3].shutdown,reverse_osmosis.ro_skid[3].energy_intensity,reverse_osmosis.ro_skid[3].power_consumption,reverse_osmosis.ro_skid[3].recovery,reverse_osmosis.ro_skid[3].feed_flowrate,reverse_osmosis.ro_skid[3].product_flowrate,reverse_osmosis.ro_skid[3].reject_flowrate,reverse_osmosis.ro_skid[4].op_mode,reverse_osmosis.ro_skid[4].startup,reverse_osmosis.ro_skid[4].shutdown,reverse_osmosis.ro_skid[4].energy_intensity,reverse_osmosis.ro_skid[4].power_consumption,reverse_osmosis.ro_skid[4].recovery,reverse_osmosis.ro_skid[4].feed_flowrate,reverse_osmosis.ro_skid[4].product_flowrate,reverse_osmosis.ro_skid[4].reject_flowrate,posttreatment.op_mode,posttreatment.startup,posttreatment.shutdown,posttreatment.energy_intensity,posttreatment.power_consumption,posttreatment.feed_flowrate,posttreatment.product_flowrate,posttreatment.reject_flowrate,posttreatment.chemical_cost,brine_discharge.op_mode,brine_discharge.startup,brine_discharge.shutdown,brine_discharge.feed_flowrate,brine_discharge.power_consumption,brine_discharge.brine_cost,num_skids_online,net_power_consumption,water_revenue,demand_response_revenue,emissions_cost,energy_cost
0,1,1,0.1016,4.0210281422427045e-05,906.8719655154163,,,,0,2.471005041380547e-13,1,1784.6726829691218,1784.6726829691218,3.3648878899052324e-13,285.5476292750595,59.251133074574845,0.333407412955068,,,270.83153185694346,1784.6726427588403,1713.2856125314934,71.38690052214567,1784.672513053639,0.00012970520122124277,0.708798504976496,0.27265315018618635,0.09611817932650096,0.1580292196742067,90.40320685105175,0.96,595.9025003771658,572.0664003620791,23.836100015086696,0.708150809424258,0.27248777993954554,0.09633164537591442,0.158077142041284,90.27719594864504,0.96,594.8914850401273,571.0958256385222,23.79565940160516,0.7075025456688825,0.2723221159993285,0.09654530871036746,0.15812564646014876,90.15112905724666,0.96,593.8785276363459,570.1233865308922,23.755141105453813,,,,475.97637258276495,1713.2856125314934,1584.789024513757,128.49655043436692,1713.2855749481243,3.7583369074277205e-05,0.6749353517016871,2.4590855605124295e-14,2.2110494593073286e-14,0.3004665083860394,119.11680872289757,0.9249999228176703,428.5833379095144,396.43955448724034,32.14378342227409,0.6749353517016871,2.1432245608604913e-14,2.1994489708660818e-14,0.3004657072969685,119.11602855715321,0.9249999228173815,428.5816735297986,396.4380149360079,32.14365859379071,0.6744129137350457,2.0020633588706572e-14,1.9774538519240104e-14,0.3003066637843619,118.96118789579968,0.9249999227600257,428.25123736991577,396.13236148905753,32.118875880858255,0.6738114792663252,2.0017248119240683e-14,1.977780558955151e-14,0.3001228446051518,118.78234740691447,0.9249999226936246,427.8693261388955,395.7790936014516,32.09023253744388,0.999999999999654,,,0.101,160.06369147588947,1584.789024513757,1584.7890245133246,4.3250587292860974e-10,49.128459759926464,2.2375803995492615e-13,,,199.88352875059593,0.00036959981821663504,85.94991736275625,2.698095096404745,906.8719655154164,0.0,0.0,0.0,92.13819169636629
1,1,2,0.1016,4.021028152865895e-05,906.8719655151092,,,,0,2.471038129585613e-13,1,1784.6726829682416,1784.6726829682414,3.3649143851084357e-13,285.5476292749187,59.25113307454562,0.333407412955068,,,270.83153185707226,1784.67264275796,1713.2856125306469,71.38690052211042,1784.6725130527575,0.00012970520232658185,0.7024082954498618,0.08752786625764399,0.09391807578427806,0.15802921964355604,90.40320693212,0.96,595.9025010271145,572.0664009860299,23.836100041084624,0.7017216911279193,0.08769169681031976,0.0941208151066586,0.15807714204135512,90.27719594845917,0.96,594.8914850386349,571.0958256370894,23.79565940154542,0.7010343167000386,0.087855474949999,0.09432370391884298,0.15812564649139876,90.15112897649311,0.96,593.8785269870081,570.1233859075277,23.75514107948037,,,,475.97637258236927,1713.2856125306469,1584.7890245129763,128.4965504343021,1713.2855749472785,3.7583368357333916e-05,0.674935351701691,2.6881395787587737e-14,1.9573041752323374e-14,0.3004665083859884,119.11680872284798,0.9249999228176711,428.58333790940827,396.4395544871425,32.143783422265784,0.6749353517016905,2.4687886550123315e-14,2.1110094948396806e-14,0.30046570729677846,119.11602855696825,0.9249999228173823,428.58167352940364,396.4380149356429,32.14365859376074,0.674412913735046,2.002063332437523e-14,1.977453877711183e-14,0.30030666378427906,118.96118789571916,0.9249999227600265,428.25123736974354,396.1323614888986,32.11887588084496,0.6738114792663255,2.001724785509294e-14,1.9777805847416485e-14,0.3001228446050689,118.78234740683385,0.9249999226936254,427.86932613872295,395.77909360129235,32.090232537430616,0.999999999999609,,,0.101,160.0636914758106,1584.7890245129763,1584.7890245124875,4.887438096420561e-10,49.12845975990226,5.2875604277692846e-15,,,199.88352875055148,0.0003695998568445718,85.94991736273714,2.698095096404753,906.8719655151092,0.0,0.0,0.0,92.13819169633508
2,1,3,0.1016,4.021028121737714e-05,906.8719655150178,,,,0,2.471028513784081e-13,1,1784.6726829673632,1784.672682967363,3.3649026861202655e-13,285.5476292747781,59.25113307451646,0.33340741295506804,,,270.8315318574407,1784.6726427570818,1713.2856125298074,71.38690052207535,1784.6725130518828,0.00012970519908770596,0.7015102807013077,0.0919305656807988,0.09282858042935298,0.15802921958223304,90.40320709431379,0.96,595.9025023274713,572.0664022343725,23.83610009309885,0.7008165681751722,0.09211821099731177,0.09302333395005868,0.15807714204148324,90.27719594812415,0.96,594.891485035945,571.0958256345073,23.7956594014378,0.7001220360012297,0.09230590314634332,0.09321818384515218,0.15812564655389252,90.1511288150028,0.96,593.8785256884663,570.1233846609276,23.755141027538702,,,,475.9763725819762,1713.2856125298074,1584.7890245122003,128.4965504342388,1713.2855749464393,3.758336796604157e-05,0.6749353517016943,2.614952905184269e-14,2.0051755839303906e-14,0.3004665083859379,119.11680872279881,0.9249999228176713,428.5833379093033,396.4395544870455,32.14378342225782,0.674935351701694,2.4646539251452414e-14,2.0580182150307942e-14,0.30046570729658784,119.11602855678261,0.9249999228173825,428.5816735290075,396.43801493527656,32.143658593730954,0.6744129137350462,2.0020633060045166e-14,1.977453903498352e-14,0.30030666378419785,118.96118789564005,0.9249999227600267,428.2512373695746,396.13236148874233,32.11887588083221,0.6738114792663257,2.0017247590946483e-14,1.977780610528142e-14,0.3001228446049875,118.78234740675474,0.9249999226936256,427.86932613855384,395.779093601136,32.09023253741782,0.999999999999599,,,0.101,160.06369147573224,1584.7890245122003,1584.789024511699,5.013406403656211e-10,49.12845975987821,1.3316441362612177e-13,,,199.883528750465,0.00036959986834053253,85.94991736269995,2.69809509640476,906.8719655150177,0.0,0.0,0.0,92.1381916963258
3,1,4,0.1016,4.021028122880217e-05,906.871965515157,,,,0,2.4710374088360947e-13,1,1784.672682966521,1784.672682966521,3.364912295816839e-13,285.5476292746434,59.2511330744885,0.33340741295506804,,,270.8315318580521,1784.6726427562396,1713.2856125289989,71.3869005220417,1784.6725130510406,0.00012970519920658298,0.7014845914289309,0.09275874941221106,0.0927844386845878,0.15802921949022483,90.40320733766701,0.96,595.9025042785083,572.066404107368,23.836100171140302,0.7007904263284355,0.0929523520231828,0.09297849386991959,0.15807714204166817,90.2771959476408,0.96,594.8914850320641,571.0958256307814,23.795659401282638,0.7000954361452189,0.093146037365239,0.09317263722124988,0.15812564664764198,90.15112857274423,0.96,593.878523740468,570.1233827908493,23.75514094961876,,,,475.97637258159716,1713.2856125289989,1584.7890245114522,128.4965504341788,1713.285574945631,3.7583367924121964e-05,0.674935351701698,2.6550933730166997e-14,2.0221764512991497e-14,0.3004665083858894,119.11680872275153,0.924999922817671,428.5833379092026,396.43955448695215,32.143783422250436,0.6749353517016978,2.4989593939751307e-14,2.040412026615253e-14,0.30046570729640326,119.11602855660284,0.9249999228173822,428.58167352862415,396.43801493492185,32.14365859370232,0.6744129137350464,2.002063279571516e-14,1.9774539292855177e-14,0.30030666378411974,118.96118789556407,0.9249999227600264,428.25123736941254,396.1323614885923,32.11887588082018,0.6738114792663259,2.001724732680008e-14,1.9777806363146314e-14,0.3001228446049094,118.78234740667877,0.9249999226936253,427.8693261383917,395.7790936009859,32.09023253740585,0.9999999999996022,,,0.101,160.06369147565667,1584.7890245114522,1584.7890245109547,4.972993425848086e-10,49.12845975985501,5.315019336508478e-15,,,199.88352875036728,0.0003695998508351499,85.94991736265793,2.698095096404768,906.8719655151571,0.0,0.0,0.0,92.13819169633994
4,1,5,0.1016,4.02102812687587e-05,906.8719655153565,,,,0,2.471029765448543e-13,1,1784.672682965422,1784.6726829654217,3.3649026939540274e-13,285.5476292744675,59.251133074452,0.333407412955068,,,270.8315318588703,1784.6726427551405,1713.2856125279432,71.38690052199769,1784.6725130499408,0.00012970519962232928,0.701485469220632,0.09278579069368559,0.09278491290198447,0.158029219367516,90.40320766222075,0.96,595.9025068805546,572.0664066053324,23.836100275222222,0.7007913033404747,0.09297983387323709,0.0929789568611979,0.15807714204191453,90.2771959469966,0.96,594.8914850268919,571.0958256258162,23.79565940107572,0.7000963122456693,0.09317396467662939,0.09317308857617897,0.15812564677267227,90.1511282496529,0.96,593.8785211424943,570.1233802967946,23.75514084569974,,,,475.9763725811022,1713.2856125279432,1584.7890245104747,128.4965504341005,1713.2855749445753,3.758336789294313e-05,0.6749353517017016,2.6337372200784324e-14,2.030083774457428e-14,0.30046650838582556,119.11680872268937,0.9249999228176704,428.5833379090702,396.4395544868295,32.14378342224073,0.6749353517017015,2.4943519007339214e-14,2.032424252997799e-14,0.3004657072961629,119.11602855636875,0.9249999228173816,428.58167352812495,396.43801493445983,32.1436585936651,0.6744129137350466,2.002063253138521e-14,1.9774539550726792e-14,0.30030666378401766,118.96118789546469,0.924999922760026,428.2512373692005,396.13236148839604,32.118875880804495,0.6738114792663261,2.0017247062653728e-14,1.9777806621011174e-14,0.3001228446048073,118.78234740657943,0.9249999226936247,427.86932613817976,395.77909360078957,32.09023253739018,0.999999999999599,,,0.101,160.063691475558,1584.7890245104747,1584.7890245099734,5.01327652567238e-10,49.12845975982472,1.1568100843418878e-13,,,199.883528750249,0.0003695998257395229,85.94991736260708,2.698095096404776,906.8719655153565,0.0,0.0,0.0,92.13819169636021
5,1,6,0.1016,4.021028123306724e-05,906.871965515573,,,,0,2.471040333412183e-13,1,1784.672682963991,1784.6726829639908,3.3649108188818e-13,285.54762927423855,59.25113307440451,0.33340741295506804,,,270.83153185988647,1784.6726427537096,1713.2856125265698,71.38690052194043,1784.6725130485104,0.00012970519925096082,0.7014855698160483,0.09278513486213684,0.0927850342667206,0.15802921921408059,90.40320806804341,0.96,595.9025101341584,572.066409728792,23.836100405366402,0.7007914035217793,0.09297918115457465,0.09297908097327012,0.15807714204222387,90.27719594618802,0.96,594.8914850203994,571.0958256195835,23.795659400815946,0.700096412053629,0.0931733152573218,0.09317321544936193,0.1581256469290118,90.15112784565504,0.96,593.8785178939524,570.1233771781943,23.755140715758095,,,,475.9763725804583,1713.2856125265698,1584.7890245092035,128.49655043399846,1713.285574943202,3.758336778783639e-05,0.6749353517017054,2.6610129733518556e-14,2.036400510695341e-14,0.30046650838574235,119.11680872260831,0.9249999228176699,428.58333790889753,396.4395544866695,32.143783422228026,0.6749353517017054,2.5133498878986264e-14,2.0261321767353823e-14,0.3004657072958507,119.11602855606466,0.9249999228173811,428.5816735274764,396.43801493385973,32.143658593616706,0.6744129137350469,2.0020632267055316e-14,1.9774539808598357e-14,0.30030666378388465,118.96118789533521,0.9249999227600254,428.2512373689244,396.13236148814036,32.11887588078406,0.6738114792663263,2.001724679850744e-14,1.977780687887598e-14,0.3001228446046743,118.78234740645006,0.9249999226936242,427.86932613790356,395.7790936005339,32.090232537369666,0.999999999999599,,,0.101,160.06369147542955,1584.7890245092035,1584.7890245087021,5.013030662106284e-10,49.12845975978531,5.3240516990756024e-15,,,199.88352875008957,0.0003695997985100669,85.94991736253851,2.698095096404784,906.8719655155732,0.0,0.0,0.0,92.13819169638222
6,1,7,0.1016,4.021028127546038e-05,906.8719655158652,,,,0,2.4710268371658176e-13,1,1784.6726829623283,1784.672682962328,3.364902774838701e-13,285.5476292739725,59.2511330743493,0.333407412955068,,,270.83153186111315,1784.6726427520468,1713.2856125249732,71.38690052187401,1784.6725130468471,0.00012970519969205996,0.7014855749775409,0.0927850429909701,0.09278503782947747,0.15802921902988337,90.40320855522825,0.96,595.9025140400677,572.0664134784649,23.836100561602702,0.700791406097951,0.09297908817964565,0.09297908560347391,0.15807714204259482,90.27719594521832,0.96,594.8914850126137,571.095825612109,23.79565940050462,0.7000964120660463,0.09317322115574148,0.09317322114332423,0.1581256471166932,90.15112736066658,0.96,593.878513994166,570.1233734343994,23.75514055976669,,,,475.9763725797098,1713.2856125249732,1584.7890245077258,128.49655043388003,1713.2855749416055,3.758336772731212e-05,0.6749353517017092,2.6477995452220818e-14,2.0413368254885008e-14,0.30046650838564554,119.11680872251402,0.9249999228176691,428.58333790869665,396.4395544864834,32.14378342221326,0.6749353517017092,2.5109283532910273e-14,2.0212690894723778e-14,0.30046570729548727,119.11602855571068,0.9249999228173803,428.5816735267216,396.4380149331611,32.143658593560446,0.6744129137350471,2.002063200272551e-14,1.9774540066469856e-14,0.30030666378373044,118.96118789518509,0.9249999227600246,428.25123736860417,396.13236148784387,32.11887588076032,0.6738114792663266,2.0017246534361235e-14,1.977780713674072e-14,0.30012284460452004,118.78234740629998,0.9249999226936234,427.8693261375833,395.7790936002373,32.090232537346004,0.9999999999995972,,,0.101,160.0636914752803,1584.7890245077258,1584.7890245072222,5.03453017639293e-10,49.12845975973949,1.0674210686848944e-13,,,199.88352874990684,0.00036959976177119226,85.94991736245994,2.698095096404792,906.8719655158653,0.0,0.0,0.0,92.13819169641191
7,1,8,0.1016,4.021028122051684e-05,906.871965516166,,,,0,2.4710390687401317e-13,1,1784.6726829603185,1784.6726829603185,3.3649094853178506e-13,285.547629273651,59.25113307428258,0.33340741295506804,,,270.8315318625365,1784.6726427500373,1713.2856125230448,71.3869005217935,1784.672513044838,0.0001297051991203745,0.7014855779977363,0.09278503973760588,0.0927850367174106,0.1580292188148856,90.40320912387774,0.96,595.9025185991038,572.0664178551397,23.836100743964135,0.7007914059802146,0.09297908541527683,0.09297908553301316,0.1580771420430295,90.27719594408198,0.96,594.8914850034897,571.0958256033501,23.795659400139613,0.7000964088324342,0.09317321887253831,0.09317322210615049,0.1581256473357593,90.1511267945768,0.96,593.8785094422446,570.1233690645548,23.755140377689756,,,,475.9763725788054,1713.2856125230448,1584.7890245059402,128.4965504337367,1713.2855749396772,3.758336757614303e-05,0.6749353517017131,2.6713662680122015e-14,2.045758722900422e-14,0.3004665083855284,119.1168087223999,0.9249999228176683,428.58333790845353,396.43955448625815,32.14378342219536,0.6749353517017131,2.5270496942087293e-14,2.0169523688078644e-14,0.3004657072950487,119.11602855528352,0.9249999228173795,428.58167352581063,396.4380149323182,32.143658593492454,0.6744129137350473,2.00206317383958e-14,1.977454032434127e-14,0.3003066637835439,118.96118789500352,0.9249999227600239,428.25123736821695,396.1323614874853,32.118875880731636,0.6738114792663268,2.0017246270215124e-14,1.9777807394605383e-14,0.3001228446043334,118.7823474061185,0.9249999226936226,427.8693261371959,395.77909359987865,32.09023253731725,0.9999999999995965,,,0.101,160.06369147509997,1584.7890245059402,1584.789024505436,5.04288037853864e-10,49.12845975968414,5.329201530961416e-15,,,199.88352874968362,0.00036959972394465224,85.94991736236396,2.6980950964048005,906.871965516166,0.0,0.0,0.0,92.13819169644246
8,1,9,0.1016,4.0210281191992626e-05,906.8719655165229,,,,0,2.4710255707260036e-13,1,1784.6726829580418,1784.6726829580418,3.3649029737952896e-13,285.5476292732867,59.25113307420699,0.33340741295506804,,,270.8315318641668,1784.6726427477606,1713.2856125208593,71.38690052170253,1784.6725130425618,0.00012970519882358098,0.7014855815679258,0.09278503911069395,0.09278503554050432,0.15802921856903884,90.40320977412016,0.96,595.9025238122953,572.0664228598034,23.836100952491776,0.7007914059621001,0.09297908550322356,0.09297908552133813,0.15807714204352707,90.27719594278126,0.96,594.891484993046,571.0958255933241,23.795659399721877,0.7000964052511802,0.09317321966888452,0.09317322325013849,0.15812564758625666,90.15112614726532,0.96,593.8785042372207,570.1233640677318,23.755140169488865,,,,475.9763725777811,1713.2856125208593,1584.789024503918,128.4965504335744,1713.2855749374921,3.758336742965336e-05,0.674935351701717,2.662427450663355e-14,2.0516222763153808e-14,0.3004665083853956,119.11680872227055,0.9249999228176674,428.5833379081779,396.43955448600286,32.14378342217507,0.674935351701717,2.5266993940199923e-14,2.0112850943666313e-14,0.30046570729455163,119.11602855479941,0.9249999228173786,428.5816735247782,396.4380149313628,32.1436585934154,0.6744129137350475,2.00206314740662e-14,1.9774540582212594e-14,0.3003066637833328,118.96118789479804,0.924999922760023,428.2512373677787,396.13236148707955,32.118875880699136,0.673811479266327,2.0017246006069127e-14,1.9777807652469946e-14,0.3001228446041223,118.78234740591313,0.9249999226936217,427.86932613675754,395.77909359947273,32.0902325372848,0.9999999999995951,,,0.101,160.0636914748957,1584.789024503918,1584.7890245034118,5.061110399448091e-10,49.12845975962145,1.0005241170816076e-13,,,199.883528749432,0.00036959967907786227,85.94991736225576,2.698095096404809,906.8719655165228,0.0,0.0,0.0,92.13819169647873
9,1,10,0.1016,4.021028114485615e-05,906.8719655169195,,,,0,2.471036774613745e-13,1,1784.6726829554716,1784.6726829554714,3.3649082661531454e-13,285.54762927287544,59.251133074121654,0.33340741295506804,,,270.8315318660009,1784.6726427451902,1713.2856125183919,71.38690052159966,1784.6725130399918,0.0001297051983331277,0.7014855855950571,0.09278503828144935,0.0927850342543181,0.15802921829228941,90.40321050609731,0.96,595.9025296807789,572.0664284935477,23.836101187231122,0.7007914059500399,0.09297908551523756,0.09297908552729782,0.15807714204408838,90.27719594131388,0.96,594.8914849812642,571.0958255820136,23.795659399250557,0.7000964012283046,0.09317322051471992,0.09317322453759544,0.1581256478682404,90.1511254185897,0.96,593.8784983779486,570.1233584428306,23.75513993511798,,,,475.9763725766242,1713.2856125183919,1584.7890245016338,128.496550433391,1713.2855749350247,3.758336725351897e-05,0.6749353517017211,2.6833726588976933e-14,2.0534891206782713e-14,0.3004665083852455,119.11680872212433,0.9249999228176664,428.5833379078664,396.4395544857143,32.14378342215212,0.6749353517017211,2.5409958542029276e-14,2.0094942173398266e-14,0.30046570729399064,119.11602855425303,0.9249999228173776,428.58167352361295,396.4380149302845,32.14365859332842,0.6744129137350477,2.002063120973673e-14,1.9774540840083806e-14,0.30030666378309423,118.96118789456581,0.924999922760022,428.25123736728335,396.13236148662094,32.11887588066242,0.6738114792663272,2.0017245741923262e-14,1.9777807910334402e-14,0.30012284460388367,118.78234740568102,0.9249999226936207,427.8693261362621,395.77909359901406,32.09023253724803,0.9999999999995943,,,0.101,160.06369147466503,1584.7890245016338,1584.7890245011267,5.071097664727191e-10,49.12845975955065,5.33175317230418e-15,,,199.8835287491465,0.00036959962919826366,85.94991736213301,2.6980950964048174,906.8719655169195,0.0,0.0,0.0,92.13819169651902
10,1,11,0.1016,4.021028130081446e-05,906.8719655174405,,,,0,2.4710289379186626e-13,1,1784.6726829527508,1784.6726829527506,3.3649031649733965e-13,285.54762927244013,59.25113307403132,0.33340741295506804,,,270.8315318680572,1784.6726427424694,1713.2856125157784,71.38690052149089,1784.6725130372693,0.00012970519995586828,0.7014855899656017,0.09278503731097848,0.09278503294043382,0.15802921798457428,90.403211319976,0.96,595.9025362058919,572.0664347576562,23.83610144823572,0.7007914058273418,0.09297908551133255,0.09297908563403051,0.15807714204471165,90.27719593968443,0.96,594.8914849681811,571.0958255694538,23.795659398727242,0.7000963966439496,0.09317322146885816,0.09317322605321315,0.1581256481817699,90.15112460839674,0.96,593.8784918631964,570.1233521886684,23.755139674527918,,,,475.9763725753987,1713.2856125157784,1584.7890244992143,128.4965504331973,1713.2855749324112,3.758336721841574e-05,0.6749353517017253,2.678181575879295e-14,2.055623670107164e-14,0.3004665083850866,119.11680872196952,0.9249999228176651,428.5833379075366,396.4395544854087,32.14378342212795,0.6749353517017253,2.54253941695085e-14,2.0074543998165143e-14,0.3004657072933953,119.11602855367317,0.9249999228173763,428.5816735223765,396.4380149291402,32.14365859323626,0.674412913735048,2.00206309454074e-14,1.977454109795489e-14,0.3003066637828421,118.9611878943203,0.9249999227600206,428.2512373667598,396.13236148613606,32.11887588062374,0.6738114792663275,2.0017245477777533e-14,1.977780816819873e-14,0.3001228446036315,118.78234740543566,0.9249999226936194,427.8693261357385,395.77909359852913,32.09023253720937,0.9999999999995929,,,0.101,160.06369147442066,1584.7890244992143,1584.7890244987054,5.089212544851414e-10,49.12845975947564,9.477309107020313e-14,,,199.88352874884598,0.00036959956369344936,85.94991736200376,2.698095096404826,906.8719655174406,0.0,0.0,0.0,92.13819169657195
11,1,12,0.1016,4.021028123609758e-05,906.8719655179224,,,,0,2.4710341540071246e-13,1,1784.6726829495976,1784.6726829495976,3.3649067735308393e-13,285.54762927193565,59.251133073926646,0.33340741295506804,,,270.8315318703015,1784.6726427393164,1713.2856125127526,71.3869005213647,1784.6725130341172,0.0001297051992824915,0.7014855942338333,0.09278503608796301,0.09278503181973152,0.15802921764583006,90.40321221592393,0.96,595.9025433889791,572.0664416534199,23.836101735559158,0.7007914051694107,0.09297908537902375,0.0929790860369548,0.1580771420454019,90.27719593787994,0.96,594.8914849536926,571.0958255555448,23.795659398147727,0.7000963910956444,0.0931732224176543,0.09317322796595963,0.15812564852691818,90.15112371649762,0.96,593.8784846914457,570.1233453037878,23.755139387657806,,,,475.97637257397986,1713.2856125127526,1584.789024496413,128.49655043297244,1713.2855749293856,3.7583366997494287e-05,0.6749353517017295,2.6956359004235128e-14,2.0547984373252934e-14,0.30046650838490224,119.11680872178992,0.9249999228176639,428.583337907154,396.4395544850542,32.14378342209979,0.6749353517017295,2.5542400240561683e-14,2.0082420886980723e-14,0.3004657072927054,119.11602855300127,0.9249999228173751,428.5816735209435,396.4380149278142,32.14365859312931,0.6744129137350482,2.0020630681078224e-14,1.9774541355825844e-14,0.30030666378255066,118.96118789403663,0.9249999227600193,428.25123736615467,396.1323614855758,32.11887588057887,0.6738114792663277,2.0017245213631955e-14,1.9777808426062925e-14,0.30012284460333993,118.7823474051521,0.9249999226936182,427.86932613513324,395.77909359796877,32.090232537164475,0.9999999999995921,,,0.101,160.06369147413773,1584.789024496413,1584.789024495903,5.098762288888128e-10,49.128459759388804,5.331987207135502e-15,,,199.8835287484956,0.00036959950310175754,85.9499173618531,2.6980950964048347,906.8719655179224,0.0,0.0,0.0,92.13819169662091
12,1,13,0.1016,4.02102812227284e-05,906.8719655184447,,,,0,2.471030451896231e-13,1,1784.6726829461488,1784.6726829461488,3.364903298546762e-13,285.54762927138387,59.25113307381215,0.33340741295506804,,,270.831531872751,1784.6726427358676,1713.285612509442,71.38690052122683,1784.6725130306684,0.0001297051991433856,0.7014856352311034,0.09278503480496036,0.09278499380769022,0.15802921727598015,90.40321319414352,0.96,595.9025512316633,572.0664491823967,23.836102049266536,0.7007914417752349,0.09297908535835954,0.09297904875253547,0.15807714204615766,90.27719593590436,0.96,594.8914849378302,571.0958255403169,23.795659397513262,0.7000964233690035,0.09317322365026624,0.09317319137690713,0.15812564890375846,90.15112274270311,0.96,593.878476861175,570.123337786728,23.75513907444704,,,,475.97637257242775,1713.285612509442,1584.7890244933487,128.49655043272648,1713.2855749260752,3.7583366800897736e-05,0.6749353517017337,2.6934536892624443e-14,2.053386976138019e-14,0.30046650838469785,119.11680872159079,0.9249999228176625,428.5833379067297,396.4395544846612,32.14378342206856,0.6749353517017337,2.5573465553519397e-14,2.0095922014514633e-14,0.30046570729188854,119.11602855220569,0.9249999228173738,428.5816735192468,396.4380149262442,32.143658593002634,0.6744129137350484,2.002063041674922e-14,1.977454161369664e-14,0.3003066637822643,118.96118789375785,0.924999922760018,428.2512373655601,396.1323614850252,32.11887588053487,0.6738114792663279,2.001724494948655e-14,1.9777808683926964e-14,0.3001228446030535,118.78234740487345,0.9249999226936169,427.8693261345385,395.77909359741807,32.09023253712043,0.9999999999995909,,,0.101,160.06369147382824,1584.7890244933487,1584.7890244928374,5.114635063347475e-10,49.12845975929381,9.082601062752065e-14,,,199.88352874811315,0.00036959943741835454,85.94991736168865,2.6980950964048436,906.8719655184447,0.0,0.0,0.0,92.13819169667397
13,1,14,0.1016,4.0210281107424545e-05,906.8719655179236,,,,0,2.471034002795221e-13,1,1784.6726829405643,1784.672682940564,3.3649053527205003e-13,285.5476292704903,59.25113307362674,0.33340741295506804,,,270.83153187517746,1784.672642730283,1713.2856125040819,71.38690052100347,1784.6725130250852,0.00012970519794365328,0.7014866444112164,0.09278509024508082,0.0927840810649678,0.15802921687497232,90.40321425477342,0.96,595.9025597350554,572.0664573456531,23.836102389402235,0.7007924559848984,0.09297914351060142,0.09297812930093789,0.15807714204700868,90.27719593367961,0.96,594.8914849199674,571.0958255231686,23.795659396798733,0.7000974427933457,0.09317328452885094,0.09317226510450861,0.15812564931240253,90.15112168672444,0.96,593.8784683700624,570.1233296352599,23.7551387348025,,,,475.97637256991527,1713.2856125040819,1584.7890244883931,128.4965504323222,1713.2855749207154,3.7583366437394265e-05,0.674935351701738,2.7094777818623475e-14,2.052438435902156e-14,0.3004665083843268,119.11680872122953,0.9249999228176639,428.5833379059585,396.43955448394837,32.143783422010124,0.674935351701738,2.5679100423789494e-14,2.0105015965977707e-14,0.3004657072885766,119.11602854898027,0.9249999228173751,428.5816735123653,396.43801491987927,32.14365859248598,0.6744129137350486,2.0020630152420387e-14,1.9774541871567282e-14,0.30030666378281695,118.9611878942958,0.9249999227600193,428.251237366708,396.13236148608763,32.11887588062036,0.6738114792663281,2.001724468534132e-14,1.9777808941790852e-14,0.3001228446036048,118.78234740540968,0.9249999226936182,427.8693261356835,395.77909359847774,32.09023253720574,0.9999999999995899,,,0.101,160.0636914733277,1584.7890244883931,1584.7890244878804,5.126886101840174e-10,49.128459759140185,5.33034525289876e-15,,,199.88352874748625,0.0003695995029447974,85.9499173614191,2.698095096404853,906.8719655179236,0.0,0.0,0.0,92.13819169662104
14,1,15,0.1016,4.021028106649386e-05,906.8719654586654,,,,0,2.4710299901984e-13,1,1784.6726828349058,1784.6726828349056,3.364903544635753e-13,285.54762925358494,59.25113307011887,0.33340741295506804,,,270.8315318653834,1784.6726426246246,1713.2856124026503,71.38690051677713,1784.6725129194272,0.00012970519751777105,0.7014910524678823,0.09278625180771737,0.09278184375105147,0.1580292164442598,90.40321539396953,0.96,595.9025688683369,572.0664661136034,23.836102754733478,0.7007967648504237,0.09298031569798271,0.09297600683245734,0.15807714204951107,90.2771959271378,0.96,594.8914848674422,571.0958254727444,23.79565939469775,0.700101651209512,0.09317446740569174,0.0931702589895256,0.1581256497545087,90.15112054427605,0.96,593.8784591836479,570.1233208163021,23.755138367345904,,,,475.97637252244874,1713.2856124026503,1584.7890243948416,128.49655042445633,1713.285574819298,3.7583352164075946e-05,0.6749353517017425,2.708063605697723e-14,2.0526944813838652e-14,0.300466508380444,119.11680871745409,0.9249999228178154,428.58333789784274,396.4395544765062,32.14378342133654,0.6749353517017425,2.5712651206742663e-14,2.0102560215895258e-14,0.3004657071990338,119.11602846178242,0.9249999228175265,428.5816733262786,396.438014747814,32.14365857846454,0.6744129137350489,2.0020629888091242e-14,1.9774542129438238e-14,0.30030666380521165,118.96118791609788,0.924999922760171,428.25123741318777,396.1323615291463,32.11887588404145,0.6738114792663283,2.001724442119578e-14,1.977780919965505e-14,0.3001228446259156,118.78234742711433,0.9249999226937698,427.8693261819889,395.77909364137514,32.0902325406138,0.9999999999995889,,,0.101,160.06369146387902,1584.7890243948416,1584.7890243943277,5.139619993970895e-10,49.12845975624009,8.751855047668608e-14,,,199.88352873538102,0.0003696069538908797,85.94991735621383,2.6980950964048622,906.8719654586653,0.0,0.0,0.0,92.1381916906004
15,1,16,0.1016,4.021028118509e-05,906.8719607962817,,,,0,2.4710320242834667e-13,1,1784.6726749136926,1784.6726749136924,3.3649020571397715e-13,285.54762798619083,59.25113280713459,0.33340741295506804,,,270.8315308824338,1784.6726347034112,1713.2856047982839,71.38690019992859,1784.6725049982124,0.00012970519875175868,0.7011386848082528,0.09278454564109823,0.09313691330072768,0.15802921610513698,90.40321629091895,0.96,595.9025760594532,572.0664730170749,23.836103042378156,0.7004410283733271,0.09297839601539314,0.09333413249248981,0.158077142176192,90.27719559596677,0.96,594.891482208416,571.0958229200794,23.795659288336658,0.6997424954314594,0.09317233088105929,0.09353148665911175,0.15812565035383772,90.15111899554806,0.96,593.8784467303433,570.1233088611295,23.755137869213772,,,,475.97636896779477,1713.2856047982839,1584.7890173828318,128.49654983397113,1713.2855672168027,3.758148119524488e-05,0.674935351701747,2.7251880525206674e-14,2.059968044143831e-14,0.30046650818245024,119.11680852510254,0.9249999228296587,428.58333748268956,396.4395540975654,32.143783385124145,0.6749353517017469,2.582003421362205e-14,2.0033287429731924e-14,0.30046570370339243,119.1160250579189,0.9249999228293687,428.58166605978016,396.43800803137896,32.14365802840121,0.6744129137350491,2.0020629623749345e-14,1.9774542387321655e-14,0.3003066638282402,118.96118793898073,0.9249999227720194,428.25123745723903,396.13236157496783,32.1188758822712,0.6738114792663286,2.0017244157037547e-14,1.9777809457531653e-14,0.3001228446446392,118.78234744579261,0.924999922705624,427.86932621709406,395.7790936789195,32.090232538174575,0.9999999999995877,,,0.101,160.06369075566602,1584.7890173828318,1584.7890173823162,5.155055112400141e-10,49.12845953886778,5.328311291180293e-15,,,199.88352782617795,0.00037019038682815957,85.94991696525652,2.6980950964048716,906.8719607962815,0.0,0.0,0.0,92.13819121690221
16,1,17,0.1016,4.0210281070837784e-05,906.8714774897802,,,,0,2.470816901541648e-13,1,1784.6718850166947,1784.6718850166947,3.364877368753818e-13,285.54750160267116,59.251106582554264,0.33340741295506804,,,270.83143250746696,1784.6718448064134,1713.284846497167,71.3868686040488,1784.671715101216,0.00012970519756289706,0.6921770668494868,0.09223962264477378,0.10120124060353984,0.15802922803497388,90.40318473760985,0.96,595.9023230869409,572.0662301634632,23.836092923477707,0.6914606117706854,0.09242882424928157,0.10140924085192327,0.15807715472119688,90.27716280070628,0.96,594.8912188898721,571.0955701342772,23.79564875559494,0.6907423866675653,0.09261803565060803,0.10161814441450216,0.1581256635214431,90.1510849691508,0.96,593.878173124403,570.1230461994269,23.755126924976153,,,,475.9760143101257,1713.284846497167,1584.7883173851062,128.496491721956,1713.2848091070623,3.739010469428333e-05,0.6749353517017515,2.7241860863796354e-14,2.0694990144023698e-14,0.3004664613819738,119.1167629760235,0.9249999235611955,428.5832400136114,396.4394642522,32.14377576141136,0.6749353517017515,2.5851323844302854e-14,1.994396253373564e-14,0.30046553599964404,119.11586176377422,0.9249999235608638,428.5813173964699,396.437685831349,32.14363156512093,0.6744129137350493,2.0020629359395363e-14,1.9774542645216873e-14,0.30030658894088597,118.96111508251087,0.9249999235038587,428.25108163346397,396.1322177513989,32.11886388206501,0.6738114792663288,2.0017243892869695e-14,1.9777809715417663e-14,0.3001227695986022,118.78227448781718,0.9249999234378236,427.8691700635171,395.7789495501584,32.09022051335871,0.9999999999995868,,,0.101,160.06362005589574,1584.7883173851062,1584.7883173845896,5.165872412344304e-10,49.1284378389383,8.433851261623812e-14,,,199.8834379269075,0.0004106162916108218,85.94987830857022,2.698095096404881,906.8714774897802,0.0,0.0,0.0,92.13814211296166
17,1,18,0.15246,4.0210284097912204e-05,697.1063635283647,,,,0,2.462955340735297e-13,1,1461.4694408589592,1461.469440858959,3.348926851563925e-13,233.83511053743348,48.52078543651744,0.3334074129550678,,,232.87717479839853,1461.469400648675,1403.0105001057238,58.45877083773853,1461.4692709434626,0.00012970521241790898,0.6453505247699918,0.08208646603930125,0.12891300811879633,0.1658605402962022,77.766714260368,0.96,488.40425743549343,468.86808713807375,19.53617029741973,0.6445856183412872,0.0822626632514675,0.12913765668086566,0.1659833417272971,77.6263181315826,0.96,487.16182727892175,467.67535418776487,19.486473091156867,0.6438131427768814,0.0824378835939989,0.12936712748468285,0.16610849779857836,77.48414240644793,0.96,485.9031862290472,466.4670587798853,19.436127449161926,,,,334.78788979391453,1403.0105001057238,1281.5960131984782,121.41445120827643,1403.0104644067549,3.569896908532681e-05,0.6749353517017561,2.743642852873428e-14,2.0780883539850756e-14,0.26133036714109376,83.78113818235595,0.9134615343097818,350.9668626037833,320.59472880594234,30.372133797840984,0.6749353517017561,2.5958988667139377e-14,1.9864835571900844e-14,0.26133018479459924,83.78098796239402,0.9134614477312409,350.96651147465946,320.5943776768256,30.372133797833868,0.6744129137350495,2.002062913186891e-14,1.9774542867184355e-14,0.26119946594032567,83.67428090367828,0.9134614660171765,350.69491806511655,320.34629398053494,30.348624084581605,0.673811479266329,2.001724366555885e-14,1.9777809937323125e-14,0.2610489370481198,83.5514827454863,0.9134614659982089,350.3821722631955,320.06061273517554,30.321559528019975,0.9999999999995824,,,0.101,129.44119733304632,1281.5960131984782,1281.5960131979564,5.21901229815763e-10,39.729476409152824,5.3248353308341794e-15,,,179.87329795579038,0.00010160300509319266,77.34551812098985,2.6980950964048906,697.1063635283647,0.0,0.0,0.0,106.28083618353449
18,1,19,0.15246,4.021028361674067e-05,697.1063595151247,,,,0,2.464012805796379e-13,1,1461.4694260928375,1461.4694260928375,3.349032455803173e-13,233.835108174854,48.520784946282205,0.3334074129550678,,,232.87717313027235,1461.4693858825538,1403.0104859302523,58.4587702470939,1461.4692561773463,0.00012970520741133345,0.6313481151656103,0.0991034438852955,0.11310585348967692,0.16586054058873606,77.76671392484937,0.96,488.40425446689494,468.86808428821917,19.536170178675814,0.6305654268924177,0.09929480359632432,0.11331499504519386,0.16598334221773692,77.62631757265693,0.96,487.161822331812,467.67534943853946,19.48647289327252,0.6297732471948583,0.09948668866114312,0.11352658424316624,0.1661084984818263,77.48414163276607,0.96,485.9031793786394,466.4670522034938,19.43612717514557,,,,334.7878848360328,1403.0104859302523,1281.5960017599693,121.41444863268875,1403.010450392658,3.553759440199989e-05,0.6749353517017607,2.7216469756511974e-14,2.0704961790807428e-14,0.2613303639924924,83.78113561448123,0.9134615345158456,350.9668559961216,320.594722842419,30.372133153702574,0.6749353517017606,2.583285020496239e-14,1.9934707839235084e-14,0.26133018415589726,83.78098746221592,0.9134614491290092,350.96650970009784,320.5943765464018,30.372133153696005,0.6744129137350497,2.002063057879817e-14,1.9774541455606944e-14,0.26119946476379974,83.67427996092655,0.913461467159596,350.6949152549095,320.3462918141598,30.34862344074969,0.6738114792663292,2.001724511143621e-14,1.9777808525828457e-14,0.2610489358656443,83.55148179840909,0.913461467137812,350.38216944152913,320.06061055698865,30.32155888454048,0.9999999999995824,,,0.101,129.44119617775692,1281.5960017599693,1281.5960017594473,5.220143681096272e-10,39.72947605455905,8.095053806675051e-14,,,179.87329462818303,0.000105371062376591,77.3455166901187,2.6980950964049004,697.1063595151248,0.0,0.0,0.0,106.28083557167592
19,1,20,0.15246,4.0210284043319474e-05,697.1063595139717,,,,0,2.4635725255224013e-13,1,1461.4694260885985,1461.4694260885983,3.349280455981065e-13,233.83510817417576,48.52078494614147,0.3334074129550678,,,232.8771731298466,1461.4693858783144,1403.0104859261785,58.45877024692417,1461.4692561731024,0.00012970521184987036,0.6305381042375184,0.11100743011591024,0.11181744104400212,0.16586054052468216,77.76671399831532,0.96,488.40425511690637,468.8680849122301,19.53617020467626,0.6297507198645088,0.1112036724947876,0.11201837952269648,0.16598334221870586,77.62631757155269,0.96,487.16182232203823,467.6753494291567,19.486472892881565,0.6289537157422477,0.11140198138548761,0.11222151283809813,0.16610849854610577,77.4841415599786,0.96,485.9031787341578,466.4670515847915,19.436127149366346,,,,334.78788483457964,1403.0104859261785,1281.5960017566158,121.41444863199804,1403.0104503886137,3.553756467125864e-05,0.6749353517017651,2.7203860874396847e-14,2.0712620503397812e-14,0.26133036398983844,83.78113561230184,0.9134615345150414,350.96685599086516,320.5947228373352,30.37213315352993,0.6749353517017651,2.5769683089764098e-14,1.9927610598911278e-14,0.26133018415593806,83.78098746225649,0.9134614491294845,350.96650970003043,320.5943765465071,30.372133153523365,0.67441291373505,2.0020632046537952e-14,1.977454002372787e-14,0.2611994647642109,83.67427996127199,0.9134614671602479,350.6949152555551,320.34629181497814,30.348623440576933,0.6738114792663294,2.001724657815729e-14,1.9777807093986146e-14,0.26104893586604955,83.55148179874936,0.9134614671384613,350.3821694421631,320.06061055779526,30.321558884367818,0.9999999999995839,,,0.101,129.44119617741822,1281.5960017566158,1281.5960017560956,5.202172916564246e-10,39.72947605445509,5.3392199331084315e-15,,,179.87329462729147,0.00010537212695536898,77.34551668973533,2.6980950964049097,697.1063595139717,0.0,0.0,0.0,106.28083557150013
20,1,21,0.15246,4.0210283808582595e-05,697.106359515126,,,,0,2.462780217004062e-13,1,1461.4694260928454,1461.4694260928452,3.349414520354569e-13,233.83510817485526,48.52078494628247,0.3334074129550678,,,232.87717313027306,1461.4693858825615,1403.0104859302578,58.45877024709413,1461.469256177352,0.00012970520940744167,0.6313481335048498,0.11181744144259087,0.1110074121752596,0.16586054058873143,77.76671392485473,0.96,488.40425446694223,468.8680842882645,19.53617017867769,0.6305654269145692,0.11201837952319853,0.11120367247313821,0.16598334221773675,77.62631757265716,0.96,487.1618223318139,467.6753494385413,19.486472893272577,0.6297732286534921,0.11222151240746535,0.11140199949622105,0.16610849848183062,77.48414163276117,0.96,485.903179378596,466.4670522034521,19.436127175143866,,,,334.7878848360343,1403.0104859302578,1281.5960017599728,121.41444863269038,1403.0104503926634,3.553759452456372e-05,0.6749353517017692,2.697134493573588e-14,2.0842180352376513e-14,0.2613303639924934,83.78113561448203,0.9134615345158444,350.966855996124,320.5947228424209,30.372133153703164,0.6749353517017694,2.5665352652331294e-14,1.9809136447148876e-14,0.26133018415589904,83.78098746221737,0.9134614491290085,350.9665097001019,320.5943765464053,30.37213315369661,0.6744129137350502,2.0020633514276334e-14,1.9774538591850582e-14,0.26119946476379935,83.6742799609262,0.9134614671595952,350.6949152549089,320.346291814159,30.34862344074991,0.6738114792663297,2.0017248044877028e-14,1.977780566214556e-14,0.26104893586564387,83.55148179840872,0.9134614671378113,350.38216944152845,320.06061055698774,30.321558884540703,0.9999999999995851,,,0.101,129.4411961777573,1281.5960017599728,1281.5960017594543,5.186337684193567e-10,39.72947605455916,8.200461914342752e-14,,,179.8732946281818,0.00010537106112541031,77.34551669011817,2.698095096404918,697.1063595151261,0.0,0.0,0.0,106.28083557167612
21,1,22,0.15246,4.021028414393694e-05,697.1063635283656,,,,0,2.490561525837584e-13,1,1461.4694408589642,1461.469440858964,3.3515124577215514e-13,233.83511053743425,48.52078543651761,0.3334074129550678,,,232.87717479839907,1461.4694006486798,1403.0105001057282,58.458770837738676,1461.4692709434669,0.0001297052128967946,0.6453509146474905,0.11310588469338219,0.09910310355074137,0.165860540296193,77.7667142603785,0.96,488.4042574355866,468.86808713816316,19.53617029742348,0.644585618809185,0.11331499508287003,0.09929480318825418,0.16598334172729695,77.62631813158276,0.96,487.1618272789231,467.6753541877662,19.486473091156917,0.6438127528276768,0.11352655268709189,0.09948702851290711,0.1661084977985874,77.4841424064378,0.96,485.9031862289572,466.46705877979895,19.436127449158285,,,,334.78788979391544,1403.0105001057282,1281.5960131984805,121.41445120827865,1403.0104644067592,3.569896909919784e-05,0.6749353517017727,2.6497625876723566e-14,2.099620375890366e-14,0.26133036714109437,83.78113818235643,0.9134615343097799,350.9668626037853,320.59472880594336,30.372133797841872,0.6749353517017741,2.5502969322123418e-14,1.967197710636989e-14,0.2613301847946027,83.78098796239682,0.91346144773124,350.9665114746669,320.5943776768321,30.372133797834824,0.6744129137350504,2.0020634982016554e-14,1.9774537159971918e-14,0.2611994659403243,83.67428090367711,0.9134614660171754,350.694918065114,320.3462939805322,30.34862408458179,0.6738114792663299,2.001724951159854e-14,1.977780423030366e-14,0.2610489370481184,83.55148274548512,0.9134614659982077,350.38217226319296,320.0606127351728,30.321559528020167,0.9999999999995866,,,0.101,129.44119733304655,1281.5960131984805,1281.5960131979634,5.168627203059526e-10,39.729476409152895,5.354124999388275e-15,,,179.87329795578776,0.00010160300426986923,77.34551812098874,2.698095096404927,697.1063635283657,0.0,0.0,0.0,106.28083618353463
22,1,23,0.1016,4.021028100406847e-05,906.8714777720555,,,,0,2.468248764775514e-13,1,1784.6718841624106,1784.6718841624106,3.364172471831693e-13,285.5475014659857,59.251106554192035,0.33340741295506804,,,270.8314332667084,1784.6718439521296,1713.284845677055,71.38686856987735,1784.6717142469327,0.0001297051968681647,0.692178547511922,0.12891347727320274,0.08208584440877126,0.15802911714113443,90.40347804507306,0.96,595.9046746188025,572.0684876340504,23.836186984752082,0.6914606135431429,0.1291376572436961,0.0822626625097382,0.15807715458656088,90.27716315267229,0.96,594.8912217158656,571.095572847231,23.79564886863467,0.6907409062922584,0.1293666583112234,0.08243850484664184,0.1581257768702576,90.15079206896304,0.96,593.8758179122643,570.1207851957737,23.755032716490597,,,,475.9760139256795,1713.284845677055,1584.7883166260958,128.49649166088955,1713.2848082869853,3.739006977762009e-05,0.6749353517017631,1.3023093026478406e-14,1.8916750725618783e-14,0.30046646133178356,119.1167629271339,0.9249999235609392,428.58323990941585,396.4394641557093,32.14377575370654,0.6749353517017619,9.512769232119835e-15,2.193069273825544e-14,0.30046553581334706,119.11586158233325,0.9249999235606075,428.5813170094927,396.4376854732852,32.143631536207494,0.6744129137350506,2.0020636428946672e-14,1.9774535748395308e-14,0.3003065888617212,118.96111500545217,0.9249999235036023,428.2510814690698,396.1322175992245,32.11886386984528,0.6738114792663301,2.0017250957476758e-14,1.9777802818809795e-14,0.30012276951938166,118.78227441076017,0.924999923437567,427.869169899007,395.7789493978767,32.09022050113023,0.9999999999997892,,,0.101,160.06361997923568,1584.7883166260958,1584.7883166258323,2.63614734992214e-10,49.12843781540897,2.331723674910104e-13,,,199.88343783138163,0.0004106004316875429,85.9498782674941,2.6980950964049057,906.8714777720555,0.0,0.0,0.0,92.13814214164084
23,1,24,0.1016,4.021028110723832e-05,906.8719609647676,,,,0,2.468205896628384e-13,1,1784.672673895735,1784.672673895735,3.364303569557176e-13,285.5476278233176,59.251132773338405,0.33340741295506804,,,270.8315316214627,1784.6726336854538,1713.2856038210455,71.38690015921033,1784.672503980256,0.00012970519794171478,0.701140301002487,0.10120092417567446,0.09223917068510948,0.15802910519114582,90.40350965254393,0.96,595.9049280246727,572.0687309036857,23.83619712098698,0.7004410302815057,0.101409240463669,0.09242882372530618,0.1580771420441958,90.277195941033,0.96,594.891484979009,571.0958255798487,23.795659399160378,0.6997408790782025,0.1016184598997655,0.09261848711382141,0.1581257637284114,90.15082602788578,0.96,593.8760909765741,570.1210473375112,23.755043639062976,,,,475.9763685096065,1713.2856038210455,1584.7890164782082,128.4965497614114,1713.2855662396198,3.758142568876638e-05,0.6749353517017613,2.0753949527401736e-14,1.9979668104914768e-14,0.3004665081227165,119.11680846691196,0.9249999228292334,428.5833373587202,396.43955398271146,32.143783376008734,0.6749353517017611,2.073396890028499e-14,2.0656669988001407e-14,0.3004657034807729,119.11602484109724,0.9249999228289433,428.5816655973916,396.43800760348716,32.14365799390439,0.6744129137350509,2.0020636201453497e-14,1.9774535970330012e-14,0.30030666373413073,118.96118784737013,0.9249999227715938,428.2512372618492,396.13236139405,32.11887586779917,0.6738114792663303,2.0017250730199163e-14,1.9777803040682484e-14,0.30012284455050775,118.78234735422717,0.9249999227051984,427.8693260216587,395.77909349795954,32.09023252369912,0.9999999999999503,,,0.101,160.06369066429903,1584.7890164782082,1584.7890164781459,6.21116237895836e-11,49.12845951082445,3.485097571013053e-14,,,199.88352771239096,0.0003701693990281322,85.9499169163281,2.6980950964049035,906.8719609647676,0.0,0.0,0.0,92.13819123402038
24,1,25,0.1016,4.021028127250615e-05,906.871965625088,,,,0,2.4680035313584e-13,1,1784.6726818132106,1784.6726818132104,3.364393709305268e-13,285.54762909011373,59.251133036198596,0.333407412955068,,,270.83153260430714,1784.6726416029292,1713.2856114218202,71.38690047590916,1784.6725118977295,0.0001297051996613212,0.7014926689406213,0.09313646177919233,0.092784093841058,0.1580291054830125,90.40350888056172,0.96,595.9049218354779,572.0687249620588,23.836196873419098,0.7007967667504553,0.0933341319551606,0.092978395486211,0.1580771419176601,90.27719627182435,0.96,594.8914876349864,571.0958281295871,23.79565950539945,0.7001000344991429,0.09353193749786876,0.09317278207692829,0.15812576317732138,90.15082745192106,0.96,593.8761024272651,570.1210583301745,23.75504409709061,,,,475.976372062578,1713.2856114218202,1584.7890234868964,128.49655035162766,1713.285573838524,3.758329619818518e-05,0.6749353517017621,2.3480686270605185e-14,2.051735879373421e-14,0.30046650832043775,119.11680865899817,0.9249999228173897,428.5833377733074,396.4395543611286,32.14378341217879,0.6749353517017619,2.201670794855077e-14,2.011175025455512e-14,0.3004657069758774,119.11602824443793,0.9249999228171009,428.58167286277467,396.43801431889057,32.14365854388412,0.6744129137350511,2.0020635937152978e-14,1.9774536228172736e-14,0.30030666371064163,118.96118782403896,0.9249999227597452,428.251237216841,396.1323613473432,32.11887586949778,0.6738114792663306,2.001725046608473e-14,1.9777803298516007e-14,0.3001228445313257,118.78234733510293,0.9249999226933439,427.86932598560094,395.77909345953395,32.090232526066956,0.9999999999996425,,,0.101,160.06369137217652,1584.7890234868964,1584.7890234864494,4.468550340808682e-10,49.12845972809379,1.045838979963075e-14,,,199.88352862156148,0.0003695860261413833,85.94991730727143,2.6980950964049057,906.8719656250881,0.0,0.0,0.0,92.13819170750894
25,1,26,0.1016,4.021028122459751e-05,906.8719656843848,,,,0,2.468008092646338e-13,1,1784.672681918107,1784.672681918107,3.3644286313172513e-13,285.5476291068971,59.25113303968115,0.33340741295506804,,,270.83153261455743,1784.6726417078257,1713.2856115225213,71.38690048010515,1784.6725120026265,0.00012970519916283364,0.70148826164146,0.09278139185017828,0.09278579914933958,0.15802910584208513,90.40350793082068,0.96,595.9049142211418,572.0687176522961,23.836196568845715,0.7007924578821911,0.09297600630036627,0.09298031516863046,0.1580771419153011,90.27719627799121,0.96,594.8914876845015,571.0958281771213,23.795659507380122,0.700095825330995,0.09317071029339137,0.09317491946153933,0.15812576280819915,90.15082840574554,0.96,593.8761100969833,570.121065693104,23.75504440387931,,,,475.9763721097023,1713.2856115225213,1584.789023579772,128.49655035943908,1713.285573939211,3.7583310354764284e-05,0.6749353517017629,2.3477911001334016e-14,2.0644414485828857e-14,0.3004665083242771,119.11680866273124,0.9249999228172381,428.58333778133283,396.43955436848717,32.143783412845664,0.6749353517017628,2.221782761738362e-14,1.9991147898299245e-14,0.3004657070652795,119.1160283314988,0.9249999228169492,428.5816730485692,396.4380144906855,32.14365855788374,0.6744129137350513,2.002063567286482e-14,1.9774536486003412e-14,0.30030666368816317,118.9611878021554,0.9249999227595934,428.2512371701874,396.13236130412366,32.11887586606373,0.6738114792663308,2.0017250201980195e-14,1.977780355633988e-14,0.30012284450893123,118.7823473133169,0.924999922693192,427.8693259391217,395.7790934164758,32.09023252264593,0.9999999999996336,,,0.101,160.06369138155696,1584.789023579772,1584.789023579314,4.579689209733672e-10,49.128459730972935,1.119996268279427e-14,,,199.8835286335941,0.0003695785678293977,85.94991731244546,2.698095096404908,906.8719656843848,0.0,0.0,0.0,92.13819171353349
26,1,27,0.1016,4.021028131008017e-05,906.871965685036,,,,0,2.4678469151011387e-13,1,1784.6726819227958,1784.6726819227958,3.364649992306854e-13,285.5476291076473,59.25113303983682,0.333407412955068,,,270.8315326127611,1784.6726417125144,1713.2856115270215,71.3869004802927,1784.6725120073145,0.00012970520005227757,0.7014872538644729,0.09278362928937753,0.09278463706636475,0.15802910614710514,90.40350712404798,0.96,595.9049077530221,572.0687114429012,23.836196310120954,0.7007914436697678,0.09297812876984392,0.09297914298226735,0.15807714191464123,90.27719627971624,0.96,594.891487698352,571.0958281904178,23.795659507934115,0.7000948045079015,0.09317271628039685,0.09317373710349026,0.15812576249734753,90.1508292089969,0.96,593.8761165559404,570.1210718937027,23.755044662237623,,,,475.9763721118116,1713.2856115270215,1584.7890235839316,128.4965503597795,1713.2855739437111,3.758331064586133e-05,0.674935351701764,2.3681945856858853e-14,2.0714673962841217e-14,0.3004665083245969,119.11680866304259,0.9249999228172364,428.5833377819977,396.4395543691015,32.143783412896276,0.6749353517017639,2.261404363516654e-14,1.992570354949737e-14,0.30046570706839665,119.11602833453449,0.9249999228169475,428.58167305504617,396.438014496676,32.14365855837021,0.6744129137350515,2.0020635408589476e-14,1.9774536743821606e-14,0.3003066636875265,118.96118780153563,0.9249999227595918,428.25123716886503,396.1323613028997,32.11887586596531,0.673811479266331,2.0017249937888408e-14,1.9777803814151328e-14,0.30012284450829585,118.78234731269892,0.9249999226931903,427.86932593780216,395.77909341525447,32.090232522547694,0.9999999999996328,,,0.101,160.0636913819771,1584.7890235839316,1584.7890235834725,4.5902042291109295e-10,49.12845973110187,1.0390093313114785e-14,,,199.88352863412348,0.0003695784859179997,85.94991731267311,2.69809509640491,906.8719656850359,0.0,0.0,0.0,92.13819171359965
27,1,28,0.1016,4.021028099523366e-05,906.8719656845664,,,,0,2.467819913510226e-13,1,1784.6726819249257,1784.6726819249254,3.3646647968468814e-13,285.5476291079881,59.251133039907536,0.333407412955068,,,270.83153261108015,1784.6726417146444,1713.28561152907,71.38690048037795,1784.6725120094477,0.00012970519677631118,0.701487214621656,0.09278454176736006,0.09278458101017684,0.15802910639660253,90.40350646413195,0.96,595.9049024622926,572.068706363801,23.836196098491737,0.7007914070604518,0.09297904822195086,0.09297908483126675,0.15807714191412917,90.27719628105501,0.96,594.8914877091009,571.0958282007368,23.795659508364047,0.7000947704852407,0.09317364281580985,0.09317367683847064,0.1581257622431341,90.1508298658932,0.96,593.8761218380541,570.121076964532,23.755044873522163,,,,475.97637211277237,1713.28561152907,1584.7890235858285,128.49655035993104,1713.2855739457593,3.7583310527845045e-05,0.6749353517017652,2.377933871140523e-14,2.07779234386836e-14,0.30046650832472527,119.11680866316762,0.9249999228172376,428.583337782264,396.43955436934823,32.14378341291574,0.6749353517017651,2.2766154061076803e-14,1.986752936325974e-14,0.30046570706892756,119.11602833505157,0.9249999228169488,428.58167305614876,396.43801449769643,32.14365855845236,0.6744129137350517,2.00206351443145e-14,1.9774537001639453e-14,0.30030666368769016,118.96118780169502,0.9249999227595929,428.2512371692048,396.13236130321457,32.118875865990255,0.6738114792663312,2.0017249673796987e-14,1.977780407196243e-14,0.30012284450845955,118.78234731285818,0.9249999226931915,427.86932593814197,395.7790934155693,32.09023252257267,0.9999999999996292,,,0.101,160.06369138216868,1584.7890235858285,1584.789023585365,4.6347879295308444e-10,49.12845973116068,1.1044976740293841e-14,,,199.8835286343643,0.0003695785449877824,85.94991731277665,2.6980950964049133,906.8719656845665,0.0,0.0,0.0,92.13819171355193
28,1,29,0.1016,4.021028105213882e-05,906.8719656842983,,,,0,2.4677414234069395e-13,1,1784.6726819267508,1784.6726819267508,3.3648229738076713e-13,285.54762910828015,59.251133039968124,0.33340741295506804,,,270.83153260979367,1784.6726417164696,1713.2856115308214,71.38690048045103,1784.6725120112724,0.00012970519736840727,0.7014872124617172,0.09278457941574844,0.0927845815756873,0.15802910659059677,90.40350595102063,0.96,595.9048983485375,572.0687024145959,23.83619593394156,0.700791407714208,0.09297908550709504,0.0929790848533389,0.15807714191372862,90.27719628210184,0.96,594.8914877175065,571.0958282088062,23.795659508700336,0.7000947739315835,0.09317367976670578,0.0931736763203631,0.15812576204546722,90.15083037667118,0.96,593.8761259452283,570.1210809074192,23.755045037809133,,,,475.9763721135933,1713.2856115308214,1584.7890235874493,128.49655036006124,1713.2855739475106,3.75833106695003e-05,0.6749353517017668,2.3976298693335223e-14,2.0780713885247908e-14,0.3004665083248329,119.11680866327247,0.9249999228172383,428.5833377824874,396.4395543695552,32.14378341293221,0.6749353517017667,2.3065020074183126e-14,1.9864979279562914e-14,0.3004657070693273,119.11602833544092,0.9249999228169494,428.5816730569792,396.4380144984648,32.143658558514396,0.674412913735052,2.0020634880039442e-14,1.977453725945739e-14,0.3003066636878581,118.96118780185843,0.9249999227595936,428.25123716955335,396.13236130353727,32.11887586601611,0.6738114792663314,2.001724940970548e-14,1.977780432977362e-14,0.30012284450862753,118.78234731302153,0.9249999226931922,427.8693259384906,395.7790934158921,32.09023252259853,0.9999999999996269,,,0.101,160.0636913823324,1584.7890235874493,1584.789023586983,4.664420546978389e-10,49.12845973121093,1.0325889609997498e-14,,,199.88352863457075,0.0003695785787105259,85.94991731286542,2.6980950964049164,906.8719656842983,0.0,0.0,0.0,92.1381917135247
29,1,30,0.1016,4.021028119558145e-05,906.8719656841469,,,,0,2.4677137558192177e-13,1,1784.6726819281225,1784.6726819281225,3.364842490300341e-13,285.5476291084996,59.25113304001367,0.33340741295506804,,,270.8315326088834,1784.6726417178413,1713.2856115321367,71.3869004805058,1784.6725120126425,0.00012970519886092258,0.7014872105552423,0.09278458007495857,0.09278458198143344,0.1580291067291327,90.40350558459552,0.96,595.904895410806,572.0686995943737,23.8361958164323,0.7007914078320538,0.09297908510509618,0.09297908498725026,0.15807714191344183,90.27719628285179,0.96,594.8914877235276,571.0958282145864,23.795659508941178,0.7000947760593698,0.09317367831317366,0.09317367618538742,0.15812576190430624,90.15083074143611,0.96,593.8761288783088,570.1210837231765,23.755045155132322,,,,475.97637211421005,1713.2856115321367,1584.7890235886669,128.49655036015918,1713.285573948826,3.7583310850318944e-05,0.6749353517017683,2.4078450056109052e-14,2.0860375552139103e-14,0.3004665083249138,119.11680866335125,0.9249999228172386,428.5833377826553,396.43955436971066,32.14378341294462,0.6749353517017682,2.3193071943349853e-14,1.9792726024686542e-14,0.30046570706962605,119.11602833573188,0.9249999228169499,428.58167305759974,396.438014499039,32.143658558560745,0.6744129137350522,2.002063461576429e-14,1.9774537517275436e-14,0.300306663687985,118.96118780198194,0.924999922759594,428.2512371698168,396.1323613037811,32.118875866035694,0.6738114792663317,2.0017249145613887e-14,1.9777804587584916e-14,0.3001228445087544,118.78234731314497,0.9249999226931926,427.8693259387542,395.77909341613605,32.090232522618116,0.9999999999996245,,,0.101,160.06369138245537,1584.7890235886669,1584.7890235881976,4.693825195428033e-10,49.128459731248675,1.0922361179210562e-14,,,199.88352863472673,0.00036957859776252125,85.94991731293248,2.6980950964049204,906.8719656841469,0.0,0.0,0.0,92.13819171350931
30,1,31,0.1016,4.021028112772534e-05,906.8719656839971,,,,0,2.467900096376005e-13,1,1784.6726819288442,1784.6726819288442,3.3649935489009247e-13,285.54762910861507,59.25113304003763,0.33340741295506804,,,270.8315326083249,1784.672641718563,1713.2856115328302,71.38690048053469,1784.672512013365,0.00012970519815488227,0.7014872093482416,0.09278458082808054,0.09278458203508125,0.1580291068122437,90.40350536476845,0.96,595.9048936483915,572.0686979024558,23.836195745935715,0.7007914078382455,0.09297908499946403,0.09297908499327245,0.15807714191327138,90.2771962832973,0.96,594.8914877271048,571.0958282180206,23.79565950908423,0.7000947772701172,0.09317367735554023,0.09317367614479277,0.15812576181962354,90.15083096025914,0.96,593.8761306378684,570.1210854123538,23.755045225514742,,,,475.97637211453514,1713.2856115328302,1584.789023589309,128.49655036021056,1713.2855739495194,3.7583310840065326e-05,0.6749353517017702,2.426700957386222e-14,2.0889731643570032e-14,0.3004665083249565,119.1168086633929,0.9249999228172391,428.583337782744,396.43955436979286,32.14378341295113,0.67493535170177,2.3422750542731756e-14,1.9766370765318056e-14,0.3004657070697843,119.11602833588601,0.9249999228169502,428.58167305792836,396.4380144993431,32.14365855858521,0.6744129137350524,2.0020634351489073e-14,1.9774537775093557e-14,0.3003066636880514,118.96118780204662,0.9249999227595944,428.2512371699548,396.13236130390885,32.11887586604589,0.6738114792663319,2.0017248881522226e-14,1.977780484539629e-14,0.3001228445088209,118.78234731320961,0.924999922693193,427.86932593889213,395.77909341626383,32.09023252262831,0.9999999999996222,,,0.101,160.0636913825202,1584.789023589309,1584.7890235888367,4.722891981468939e-10,49.12845973126858,1.0271176831971308e-14,,,199.88352863480986,0.0003695786165974706,85.94991731296824,2.6980950964049244,906.8719656839971,0.0,0.0,0.0,92.13819171349411
31,1,32,0.1016,4.0210281176216136e-05,906.8719656839747,,,,0,2.467885679797808e-13,1,1784.672681929132,1784.6726819291318,3.3650284881801294e-13,285.5476291086611,59.25113304004718,0.33340741295506804,,,270.8315326081446,1784.6726417188506,1713.285611533106,71.38690048054605,1784.672512013652,0.00012970519865942713,0.7014872089446782,0.09278458145363025,0.09278458185719364,0.1580291068399447,90.40350529149988,0.96,595.904893060977,572.068697338538,23.836195722439047,0.7007914078389941,0.09297908499433889,0.0929790849935903,0.15807714191321387,90.27719628344772,0.96,594.8914877283124,571.0958282191799,23.79565950913252,0.7000947776722981,0.09317367672455869,0.09317367632237777,0.15812576179139723,90.150831033197,0.96,593.8761312243627,570.1210859753882,23.75504524897448,,,,475.9763721146645,1713.285611533106,1584.789023589564,128.49655036023108,1713.285573949795,3.758331089138131e-05,0.6749353517017724,2.435717349459204e-14,2.093094724611826e-14,0.3004665083249739,119.11680866340984,0.9249999228172391,428.5833377827801,396.43955436982634,32.14378341295377,0.6749353517017717,2.3449207560638186e-14,1.9729610445625685e-14,0.3004657070698468,119.11602833594687,0.9249999228169503,428.5816730580582,396.43801449946324,32.14365855859497,0.6744129137350526,2.002063408721383e-14,1.9774538032911723e-14,0.3003066636880779,118.9611878020724,0.9249999227595944,428.25123717000974,396.1323613039598,32.11887586604996,0.6738114792663321,2.0017248617430538e-14,1.9777805103207707e-14,0.3001228445088474,118.78234731323539,0.9249999226931931,427.86932593894716,395.77909341631477,32.090232522632384,0.9999999999996202,,,0.101,160.06369138254598,1584.789023589564,1584.7890235890893,4.74709118151764e-10,49.128459731276486,1.0823625734473208e-14,,,199.88352863484425,0.00036957861941144994,85.94991731298302,2.698095096404929,906.8719656839747,0.0,0.0,0.0,92.13819171349184
32,1,33,0.1016,4.021028121187859e-05,906.8719656840306,,,,0,2.4702212145574075e-13,1,1784.672681928902,1784.672681928902,3.3649329421857954e-13,285.54762910862434,59.25113304003955,0.33340741295506804,,,270.831532608332,1784.6726417186208,1713.2856115328848,71.38690048053697,1784.6725120134217,0.0001297051990304937,0.7014872093482484,0.09278458185719712,0.09278458145362693,0.15802910681224297,90.40350536477037,0.96,595.9048936484069,572.0686979024706,23.83619574593629,0.7007914078382546,0.09297908499359464,0.09297908499433416,0.15807714191327052,90.27719628329969,0.96,594.8914877271238,571.0958282180388,23.79565950908503,0.7000947772701286,0.09317367632238296,0.09317367672455251,0.15812576181962248,90.15083096026197,0.96,593.876130637891,570.1210854123754,23.755045225515644,,,,475.9763721145606,1713.2856115328848,1584.789023589359,128.4965503602147,1713.2855739495737,3.758331090490986e-05,0.6749353517017738,2.4603978021190597e-14,2.275182267683208e-14,0.30046650832496063,119.11680866339691,0.924999922817239,428.5833377827526,396.4395543698008,32.143783412951805,0.6749353517017737,2.3386055216719215e-14,1.8345641273684444e-14,0.30046570706979636,119.11602833589775,0.9249999228169501,428.5816730579534,396.43801449936626,32.143658558587134,0.6744129137350529,2.0020633822938575e-14,1.9774538290729907e-14,0.30030666368805636,118.96118780205147,0.9249999227595943,428.2512371699652,396.13236130391846,32.11887586604667,0.6738114792663323,2.001724835333884e-14,1.977780536101914e-14,0.30012284450882587,118.78234731321447,0.9249999226931929,427.86932593890253,395.77909341627344,32.0902325226291,0.9999999999996173,,,0.101,160.06369138252526,1584.789023589359,1584.7890235888806,4.783430173140528e-10,49.12845973127013,1.0239503400896795e-14,,,199.88352863482248,0.0003695786123956813,85.94991731297367,2.6980950964049324,906.8719656840304,0.0,0.0,0.0,92.1381917134975
33,1,34,0.1016,4.021028120491608e-05,906.8719656841525,,,,0,2.4700299346488287e-13,1,1784.6726819281328,1784.6726819281325,3.3648883638847337e-13,285.54762910850127,59.25113304001401,0.33340741295506804,,,270.83153260888463,1784.6726417178513,1713.285611532146,71.38690048050626,1784.6725120126525,0.000129705198958049,0.7014872105552447,0.09278458203507764,0.09278458082808137,0.15802910672913284,90.4035055845952,0.96,595.9048954108034,572.0686995943712,23.83619581643221,0.7007914078320603,0.09297908499326889,0.09297908499946315,0.15807714191344166,90.27719628285219,0.96,594.8914877235309,571.0958282145896,23.79565950894129,0.7000947760593801,0.09317367614478927,0.0931736773555377,0.1581257619043058,90.15083074143726,0.96,593.876128878318,570.1210837231853,23.755045155132763,,,,475.97637211421437,1713.285611532146,1584.7890235886755,128.49655036015986,1713.2855739488352,3.758331085737388e-05,0.6749353517017755,2.4662062480707814e-14,2.2588985579800246e-14,0.30046650832491584,119.11680866335328,0.9249999228172386,428.58333778265967,396.4395543697147,32.14378341294497,0.6749353517017757,2.3446362969719964e-14,1.845290177046536e-14,0.30046570706962833,119.1160283357341,0.9249999228169499,428.58167305760446,396.4380144990434,32.143658558561086,0.6744129137350531,2.0020633558663337e-14,1.9774538548548088e-14,0.300306663687985,118.96118780198198,0.924999922759594,428.251237169817,396.1323613037813,32.118875866035694,0.6738114792663326,2.0017248089247156e-14,1.9777805618830573e-14,0.3001228445087545,118.78234731314504,0.9249999226931926,427.8693259387543,395.7790934161362,32.090232522618116,0.9999999999996151,,,0.101,160.06369138245623,1584.7890235886755,1584.7890235881941,4.811921133564738e-10,49.12845973124894,1.077660903794083e-14,,,199.88352863473975,0.00036957859704314666,85.94991731293808,2.698095096404937,906.8719656841525,0.0,0.0,0.0,92.1381917135099
34,1,35,0.1016,4.021028115743837e-05,906.8719656843416,,,,0,2.469760348274244e-13,1,1784.6726819268254,1784.6726819268254,3.36498176335414e-13,285.5476291082921,59.251133039970604,0.33340741295506804,,,270.8315326098028,1784.6726417165441,1713.2856115308919,71.38690048045387,1784.6725120113456,0.0001297051984640452,0.7014872124617252,0.0927845819814346,0.09278458007495409,0.15802910659059596,90.4035059510227,0.96,595.9048983485538,572.0687024146117,23.83619593394216,0.7007914077142212,0.0929790849872508,0.09297908510508983,0.1580771419137275,90.27719628210492,0.96,594.891487717531,571.0958282088297,23.79565950870124,0.700094773931602,0.0931736761853874,0.09317367831316542,0.15812576204546566,90.15083037667523,0.96,593.8761259452609,570.1210809074504,23.755045037810476,,,,475.9763721136262,1713.2856115308919,1584.789023587514,128.4965503600667,1713.285573947581,3.7583310750331956e-05,0.6749353517017774,2.483781610573957e-14,2.2376853033730765e-14,0.3004665083248395,119.11680866327893,0.9249999228172382,428.58333778250125,396.43955436956793,32.14378341293328,0.674935351701778,2.3837432782519285e-14,1.8596920386624472e-14,0.3004657070693429,119.11602833545611,0.9249999228169493,428.5816730570116,396.43801449849474,32.14365855851683,0.6744129137350533,2.002063329438815e-14,1.9774538806366238e-14,0.30030666368786385,118.96118780186404,0.9249999227595935,428.2512371695654,396.13236130354835,32.11887586601708,0.6738114792663328,2.0017247825155524e-14,1.9777805876641973e-14,0.3001228445086333,118.78234731302716,0.9249999226931921,427.8693259385027,395.7790934159032,32.09023252259949,0.9999999999996132,,,0.101,160.06369138233893,1584.789023587514,1584.7890235870307,4.834571844565502e-10,49.128459731212935,1.0209326145433014e-14,,,199.88352863459627,0.0003695785732727378,85.9499173128764,2.6980950964049413,906.8719656843415,0.0,0.0,0.0,92.1381917135291
35,1,36,0.1016,4.021028105903738e-05,906.8719656845939,,,,0,2.4697859907888004e-13,1,1784.6726819249732,1784.6726819249732,3.3649815574014203e-13,285.54762910799576,59.251133039909114,0.33340741295506804,,,270.83153261108595,1784.6726417146922,1713.2856115291147,71.38690048037974,1784.6725120094948,0.00012970519744018657,0.7014872146216573,0.09278458157568452,0.09278457941575236,0.15802910639660217,90.40350646413283,0.96,595.9049024622997,572.0687063638078,23.836196098491957,0.7007914070604588,0.0929790848533349,0.09297908550709727,0.1580771419141284,90.27719628105693,0.96,594.8914877091165,571.0958282007518,23.795659508364675,0.7000947704852536,0.09317367632035788,0.09317367976670637,0.1581257622431329,90.1508298658962,0.96,593.8761218380783,570.1210769645552,23.755044873523104,,,,475.97637211279334,1713.2856115291147,1584.7890235858697,128.49655035993453,1713.2855739458041,3.758331057620235e-05,0.6749353517017797,2.4862076833843912e-14,2.1603402977549943e-14,0.30046650832473115,119.11680866317337,0.9249999228172375,428.58333778227626,396.4395543693596,32.14378341291667,0.6749353517017805,2.4058140488658838e-14,1.9167231557681587e-14,0.30046570706893727,119.116028335061,0.9249999228169486,428.58167305616894,396.438014497715,32.14365855845395,0.6744129137350535,2.0020633030113038e-14,1.9774539064184324e-14,0.30030666368769315,118.9611878016979,0.9249999227595929,428.2512371692109,396.1323613032202,32.11887586599074,0.673811479266333,2.001724756106397e-14,1.9777806134453313e-14,0.30012284450846255,118.78234731286106,0.9249999226931914,427.8693259381481,395.77909341557495,32.09023252257316,0.9999999999996118,,,0.101,160.06369138217286,1584.7890235858697,1584.7890235853845,4.852574709697169e-10,49.12845973116196,1.0655812705341874e-14,,,199.8835286343915,0.0003695785415316697,85.94991731278834,2.6980950964049466,906.871965684594,0.0,0.0,0.0,92.13819171355473
36,1,37,0.1016,4.0210281183758334e-05,906.8719656849908,,,,0,2.4699236539956924e-13,1,1784.6726819227172,1784.6726819227172,3.3649965933956193e-13,285.54762910763475,59.251133039834215,0.33340741295506804,,,270.8315326127516,1784.672641712436,1713.2856115269478,71.38690048028958,1784.6725120072372,0.0001297051987379034,0.701487253864457,0.0927845810101693,0.09278454176736968,0.1580291061471068,90.40350712404381,0.96,595.9049077529884,572.0687114428688,23.836196310119583,0.7007914436697575,0.09297908483125757,0.09297904822195885,0.15807714191464248,90.27719627971308,0.96,594.8914876983263,571.0958281903933,23.79565950793303,0.7000948045078972,0.09317367683845985,0.0931736428158162,0.1581257624973484,90.15082920899472,0.96,593.8761165559227,570.1210718936858,23.755044662236966,,,,475.97637211177704,1713.2856115269478,1584.7890235838636,128.49655035977378,1713.2855739436372,3.758331054707288e-05,0.674935351701783,2.5018558557468338e-14,1.9723361269384814e-14,0.3004665083245965,119.11680866304219,0.9249999228172365,428.5833377819969,396.4395543691007,32.14378341289616,0.6749353517017824,2.436014299770977e-14,2.093798810253829e-14,0.30046570706838,119.11602833451829,0.9249999228169477,428.58167305501155,396.43801449664403,32.14365855836757,0.6744129137350537,2.002063276583803e-14,1.9774539322002322e-14,0.3003066636875173,118.96118780152668,0.9249999227595919,428.2512371688459,396.1323613028821,32.118875865963815,0.6738114792663332,2.001724729697252e-14,1.9777806392264562e-14,0.3001228445082866,118.78234731268991,0.9249999226931904,427.869325937783,395.77909341523673,32.09023252254623,0.9999999999996102,,,0.101,160.06369138197024,1584.7890235838636,1584.7890235833763,4.872741957992596e-10,49.128459731099774,1.015903983264217e-14,,,199.8835286341427,0.0003695784916181534,85.94991731268136,2.698095096404952,906.8719656849906,0.0,0.0,0.0,92.13819171359506
37,1,38,0.1016,4.0210281207819776e-05,906.8719656843821,,,,0,2.4699450915638947e-13,1,1784.672681918102,1784.672681918102,3.364996349259037e-13,285.54762910689635,59.25113303968099,0.33340741295506804,,,270.8315326145569,1784.6726417078207,1713.2856115225168,71.38690048010501,1784.6725120026217,0.0001297051989882619,0.7014882616414497,0.09278463706637,0.09278362928937724,0.15802910584208565,90.40350793081936,0.96,595.904914221131,572.0687176522857,23.836196568845256,0.7007924578821875,0.09297914298227117,0.09297812876984123,0.1580771419153012,90.27719627799105,0.96,594.8914876844999,571.0958281771199,23.79565950738007,0.7000958253309981,0.09317373710349265,0.09317271628039174,0.15812576280819876,90.1508284057465,0.96,593.876110096991,570.1210656931114,23.755044403879683,,,,475.97637210970026,1713.2856115225168,1584.789023579768,128.49655035943874,1713.2855739392064,3.758331034011377e-05,0.6749353517017856,2.5075224131575525e-14,2.096513572403194e-14,0.30046650832428184,119.11680866273583,0.9249999228172381,428.58333778134266,396.4395543684962,32.14378341284644,0.6749353517017851,2.4379183019255437e-14,1.969933300804556e-14,0.30046570706527786,119.11602833149725,0.9249999228169492,428.58167304856585,396.4380144906824,32.14365855788346,0.674412913735054,2.002063250156313e-14,1.9774539579820225e-14,0.3003066636881605,118.9611878021528,0.9249999227595934,428.25123717018187,396.1323613041185,32.118875866063334,0.6738114792663334,2.0017247032881177e-14,1.9777806650075722e-14,0.3001228445089286,118.78234731331433,0.924999922693192,427.86932593911615,395.77909341647063,32.09023252264553,0.9999999999996086,,,0.101,160.06369138155657,1584.789023579768,1584.7890235792786,4.892739092678121e-10,49.1284597309728,1.0562357078224247e-14,,,199.88352863362493,0.00036957856818084625,85.94991731245872,2.698095096404958,906.8719656843822,0.0,0.0,0.0,92.13819171353322
38,1,39,0.1016,4.021028125071929e-05,906.8719656250846,,,,0,2.47019770622241e-13,1,1784.6726818132045,1784.6726818132042,3.364963695843087e-13,285.5476290901127,59.25113303619839,0.333407412955068,,,270.83153260430635,1784.672641602923,1713.2856114218148,71.38690047590916,1784.6725118977236,0.00012970519943462973,0.7014926689406139,0.09278579914934328,0.09278139185017908,0.15802910548301305,90.40350888056015,0.96,595.9049218354655,572.0687249620468,23.83619687341868,0.7007967667504561,0.09298031516863318,0.09297600630036464,0.15807714191766015,90.27719627182407,0.96,594.8914876349846,571.0958281295851,23.795659505399442,0.7001000344991517,0.09317491946154101,0.09317071029338747,0.15812576317732097,90.15082745192213,0.96,593.8761024272737,570.1210583301828,23.755044097091027,,,,475.9763720625754,1713.2856114218148,1584.7890234868917,128.49655035162718,1713.2855738385185,3.758329617977044e-05,0.6749353517017878,2.5302288672084975e-14,2.238610475657596e-14,0.300466508320443,119.11680865900328,0.9249999228173897,428.5833377733183,396.43955436113873,32.14378341217957,0.6749353517017884,2.4487896271809174e-14,1.8590536958815286e-14,0.3004657069758758,119.11602824443644,0.9249999228171009,428.58167286277154,396.43801431888767,32.14365854388389,0.6744129137350542,2.0020632237287873e-14,1.97745398376385e-14,0.3003066637106384,118.96118782403587,0.9249999227597452,428.2512372168344,396.13236134733717,32.11887586949727,0.6738114792663337,2.0017246768789472e-14,1.9777806907887245e-14,0.30012284453132254,118.78234733509984,0.9249999226933439,427.86932598559434,395.77909345952787,32.090232526066444,0.9999999999996062,,,0.101,160.06369137217607,1584.7890234868917,1584.7890234863994,4.922654394356137e-10,49.12845972809364,1.0138393854411217e-14,,,199.8835286216064,0.00036958602657518805,85.94991730729075,2.6980950964049644,906.8719656250846,0.0,0.0,0.0,92.1381917075086
39,1,40,0.1016,4.021028116647397e-05,906.8719609647965,,,,0,2.4701633579163737e-13,1,1784.6726738957846,1784.6726738957846,3.3649731486674856e-13,285.54762782332557,59.251132773340046,0.33340741295506804,,,270.83153162146886,1784.6726336855033,1713.2856038210928,71.38690015921226,1784.6725039803048,0.00012970519855805957,0.7011403010026449,0.09278409384106442,0.09313646177903338,0.15802910519114566,90.4035096525445,0.96,595.9049280246771,572.0687309036899,23.83619712098713,0.7004410302815168,0.09297839548621385,0.0933341319551531,0.15807714204419504,90.27719594103506,0.96,594.8914849790254,571.0958255798644,23.795659399161053,0.6997408790780573,0.09317278207692731,0.09353193749802168,0.15812576372840997,90.15082602788928,0.96,593.8760909766024,570.1210473375384,23.755043639064073,,,,475.97636850962857,1713.2856038210928,1584.7890164782518,128.49654976141508,1713.2855662396669,3.7581425732728054e-05,0.674935351701791,2.5285238478948194e-14,2.0648965770010398e-14,0.30046650812272585,119.11680846692104,0.9249999228292333,428.58333735873964,396.43955398272936,32.14378337601025,0.6749353517017912,2.4618414749973425e-14,1.9986889324403453e-14,0.30046570348078294,119.11602484110705,0.9249999228289433,428.5816655974125,396.43800760350655,32.14365799390596,0.6744129137350544,2.0020631972999815e-14,1.977454009546927e-14,0.3003066637341324,118.9611878473717,0.9249999227715937,428.2512372618526,396.13236139405313,32.118875867799495,0.6738114792663339,2.0017246504685035e-14,1.9777807165711216e-14,0.3001228445505094,118.78234735422879,0.9249999227051983,427.8693260216621,395.7790934979627,32.090232523699385,0.9999999999996045,,,0.101,160.06369066430344,1584.7890164782518,1584.7890164777575,4.943094517395924e-10,49.128459510825806,1.0493852789347822e-14,,,199.88352771282888,0.00037016939541629774,85.94991691651641,2.6980950964049706,906.8719609647965,0.0,0.0,0.0,92.13819123402332
40,1,41,0.1016,4.021028102130361e-05,906.8714777720816,,,,0,2.4698780992606636e-13,1,1784.6718841624518,1784.6718841624515,3.364928965190424e-13,285.5475014659923,59.25110655419339,0.33340741295506804,,,270.8314332667135,1784.6718439521705,1713.2848456770946,71.38686856987904,1784.6717142469736,0.00012970519704749578,0.6921785475154654,0.0922391706853447,0.10120092417252431,0.15802911714113432,90.4034780450732,0.96,595.9046746188039,572.0684876340516,23.83618698475223,0.691460613543207,0.09242882372530799,0.10140924046361784,0.15807715458656024,90.27716315267399,0.96,594.8912217158794,571.0955728472442,23.795648868635237,0.6907409062886759,0.09261848711357605,0.10161845990295741,0.1581257768702564,90.1507920689663,0.96,593.8758179122904,570.1207851957987,23.75503271649158,,,,475.9760139256982,1713.2848456770946,1584.7883166261327,128.49649166089253,1713.2848082870248,3.739006979003497e-05,0.6749353517017941,2.553518821706649e-14,2.0688727350360047e-14,0.3004664613317928,119.11676292714286,0.9249999235609392,428.58323990943495,396.43946415572697,32.14377575370798,0.6749353517017943,2.4816894031297885e-14,1.994977780971514e-14,0.30046553581335556,119.11586158234157,0.9249999235606073,428.5813170095104,396.4376854733016,32.14363153620882,0.6744129137350546,2.002063170869941e-14,1.97745403533121e-14,0.300306588861722,118.96111500545291,0.9249999235036023,428.2510814690713,396.1322175992259,32.118863869845406,0.6738114792663341,2.0017246240570712e-14,1.9777807423544843e-14,0.3001227695193824,118.78227441076088,0.9249999234375669,427.8691698990085,395.7789493978782,32.09022050113031,0.9999999999996028,,,0.101,160.0636199792394,1584.7883166261327,1584.788316625636,4.966005030548223e-10,49.128437815410116,1.0112120177429993e-14,,,199.8834378316193,0.0004106004302266566,85.9498782675963,2.698095096404977,906.8714777720816,0.0,0.0,0.0,92.13814214164348
41,1,42,0.15246,4.0210284048805686e-05,697.1063635283664,,,,0,2.463511489512493e-13,1,1461.4694408589608,1461.4694408589605,3.349257908471433e-13,233.8351105374337,48.52078543651749,0.3334074129550678,,,232.87717479840336,1461.4694006486766,1403.010500105726,58.458770837738655,1461.4692709434646,0.0001297052119069575,0.6453509146650696,0.08208584441263592,0.12891347726303176,0.165860540290774,77.76671426659374,0.96,488.4042574905777,468.8680871909546,19.536170299623134,0.6445856188095881,0.08226266250979689,0.12913765724341575,0.16598334172721207,77.62631813167944,0.96,487.1618272797789,467.67535418858773,19.486473091191165,0.6438127528100103,0.0824385048427176,0.12936665832138322,0.16610849780415768,77.48414240013018,0.96,485.9031861731079,466.46705872618355,19.436127446924353,,,,334.7878897939132,1403.010500105726,1281.5960131984752,121.41445120828175,1403.010464406757,3.569896899970216e-05,0.6749353517017974,2.557879457681427e-14,2.0375931097612056e-14,0.2613303671410925,83.78113818235484,0.9134615343097757,350.9668626037827,320.5947288059396,30.37213379784312,0.6749353517017975,2.489070306843383e-14,2.0249531130260743e-14,0.2613301847946064,83.78098796239985,0.9134614477312386,350.9665114746751,320.5943776768391,30.37213379783601,0.6744129137350549,2.002063148120634e-14,1.9774540575246908e-14,0.26119946594032206,83.67428090367528,0.9134614660171734,350.69491806510996,320.3462939805279,30.348624084582124,0.6738114792663343,2.0017246013293228e-14,1.977780764541764e-14,0.2610489370481162,83.55148274548328,0.9134614659982058,350.382172263189,320.06061273516843,30.321559528020497,0.9999999999995975,,,0.101,129.441197333046,1281.5960131984752,1281.596013197972,5.030424952917561e-10,39.72947640915273,1.0401769524142888e-14,,,179.87329795577682,0.00010160300353285915,77.34551812098402,2.6980950964049843,697.1063635283664,0.0,0.0,0.0,106.28083618353475
42,1,43,0.15246,4.0210283979699303e-05,697.1063595151286,,,,0,2.4637041470199783e-13,1,1461.4694260928522,1461.469426092852,3.3489712283750277e-13,233.83510817485634,48.520784946282696,0.3334074129550678,,,232.87717313027815,1461.469385882568,1403.0104859302623,58.45877024709436,1461.4692561773568,0.0001297052111879048,0.6313481334353972,0.09910310354038228,0.11310588477005462,0.16586054058331134,77.7667139310712,0.96,488.4042545219443,468.86808434106655,19.536170180877804,0.6305654269149783,0.09929480318821118,0.113314995082821,0.16598334221765168,77.6263175727541,0.96,487.161822332672,467.6753494393651,19.486472893306907,0.6297732287243104,0.09948702852354686,0.11352655260924674,0.1661084984874015,77.48414162645284,0.96,485.90317932274047,466.46705214983086,19.43612717290964,,,,334.78788483603427,1403.0104859302623,1281.5960017599723,121.4144486326952,1403.010450392668,3.553759460025189e-05,0.6749353517018009,2.5594103514529544e-14,2.0188422092430214e-14,0.2613303639924929,83.78113561448154,0.9134615345158396,350.9668559961246,320.5947228424196,30.372133153704972,0.6749353517018005,2.484922536755107e-14,2.0438179295406045e-14,0.2613301841559045,83.78098746222179,0.9134614491290063,350.9665097001138,320.59437654641545,30.372133153698393,0.6744129137350551,2.0020632928135982e-14,1.9774539163669778e-14,0.26119946476379696,83.67427996092421,0.9134614671595925,350.6949152549048,320.3462918141543,30.348623440750515,0.6738114792663346,2.0017247459170973e-14,1.9777806233923255e-14,0.26104893586564154,83.55148179840674,0.9134614671378085,350.38216944152435,320.0606105569831,30.321558884541307,0.9999999999995961,,,0.101,129.44119617775723,1281.5960017599723,1281.5960017594675,5.049078027011753e-10,39.72947605455914,1.0080465654365745e-14,,,179.87329462817337,0.00010537105875412761,77.34551669011455,2.698095096404991,697.1063595151287,0.0,0.0,0.0,106.28083557167652
43,1,44,0.15246,4.021028385528347e-05,697.1063595139727,,,,0,2.4638936149917776e-13,1,1461.4694260885954,1461.4694260885951,3.3489270464185183e-13,233.83510817417525,48.52078494614136,0.3334074129550678,,,232.87717312985112,1461.4693858783112,1403.0104859261776,58.458770246924075,1461.4692561731015,0.00012970520989336246,0.6305381040258522,0.11100741206258265,0.11181744147212762,0.1658605405192605,77.76671400453368,0.96,488.4042551719249,468.8680849650479,19.536170206876992,0.6297507198647613,0.11120367247288224,0.11201837952309926,0.16598334221862096,77.62631757164944,0.96,487.1618223228945,467.6753494299787,19.486472892915774,0.6289537159478855,0.11140199961031981,0.1122215123867447,0.1661084985516787,77.48414155366801,0.96,485.90317867828213,466.4670515311508,19.436127147131312,,,,334.78788483457765,1403.0104859261776,1281.5960017566108,121.41444863200259,1403.010450388613,3.553756449335481e-05,0.6749353517018035,2.5041382097813716e-14,2.073333130715464e-14,0.2613303639898367,83.78113561230032,0.9134615345150356,350.96685599086334,320.5947228373316,30.372133153531806,0.6749353517018034,2.4519413450915422e-14,1.9908472818153142e-14,0.26133018415594456,83.78098746226176,0.9134614491294827,350.9665097000445,320.5943765465193,30.372133153525237,0.6744129137350553,2.0020634395876146e-14,1.9774537731791004e-14,0.2611994647642074,83.67427996126911,0.9134614671602451,350.69491525554866,320.3462918149713,30.348623440577327,0.6738114792663348,2.0017248925892428e-14,1.9777804802081242e-14,0.261048935866046,83.55148179874644,0.9134614671384587,350.3821694421567,320.0606105577885,30.321558884368212,0.9999999999996,,,0.101,129.4411961774177,1281.5960017566108,1281.5960017561106,5.00098970168342e-10,39.729476054454935,1.041124208828158e-14,,,179.87329462727544,0.00010537212602271603,77.34551668972844,2.6980950964049972,697.1063595139727,0.0,0.0,0.0,106.28083557150029
44,1,45,0.15246,4.0210283816114067e-05,697.106359515128,,,,0,2.4580285459662767e-13,1,1461.4694260928482,1461.4694260928482,3.3513386697203103e-13,233.83510817485572,48.52078494628256,0.3334074129550678,,,232.87717313027795,1461.4693858825644,1403.0104859302605,58.45877024709423,1461.4692561773547,0.0001297052094858062,0.6313481334353742,0.111817441472127,0.11100741206260493,0.16586054058331146,77.76671393107111,0.96,488.4042545219435,468.86808434106575,19.536170180877765,0.6305654269149795,0.1120183795230992,0.1112036724728809,0.16598334221765176,77.62631757275405,0.96,487.16182233267136,467.6753494393645,19.48647289330685,0.6297732287243363,0.11222151238674527,0.11140199961029458,0.16610849848740158,77.48414162645281,0.96,485.90317932273996,466.46705214983035,19.436127172909615,,,,334.7878848360335,1403.0104859302605,1281.5960017599707,121.4144486326954,1403.010450392666,3.553759448183607e-05,0.6749353517018064,2.5560591373269714e-14,2.1046438033289608e-14,0.2613303639924924,83.78113561448113,0.9134615345158389,350.9668559961238,320.59472284241866,30.372133153705132,0.6749353517018067,2.4710859364213596e-14,1.962808126099073e-14,0.2613301841559056,83.78098746222264,0.9134614491290064,350.96650970011603,320.59437654641744,30.37213315369858,0.6744129137350555,2.002063586361492e-14,1.9774536299914006e-14,0.26119946476379624,83.67427996092361,0.9134614671595922,350.6949152549034,320.3462918141529,30.348623440750448,0.673811479266335,2.0017250392612557e-14,1.9777803370240942e-14,0.26104893586564076,83.55148179840613,0.9134614671378083,350.38216944152293,320.0606105569817,30.32155888454124,0.9999999999995975,,,0.101,129.44119617775704,1281.5960017599707,1281.5960017594675,5.03105350476147e-10,39.72947605455909,1.0227943938134207e-14,,,179.87329462817138,0.00010537105930152131,77.34551669011368,2.6980950964050034,697.106359515128,0.0,0.0,0.0,106.28083557167642
45,1,46,0.15246,4.02102841418863e-05,697.106363528367,,,,0,2.4821169240504737e-13,1,1461.4694408589648,1461.4694408589646,3.3512448100128945e-13,233.83511053743436,48.52078543651763,0.3334074129550678,,,232.8771747984037,1461.4694006486804,1403.0105001057289,58.458770837738726,1461.4692709434676,0.0001297052128754578,0.6453509146645868,0.11310588477001622,0.09910310354080361,0.16586054029077402,77.7667142665938,0.96,488.404257490578,468.86808719095484,19.53617029962314,0.6445856188096167,0.1133149950828236,0.09929480318818643,0.165983341727212,77.62631813167955,0.96,487.1618272797799,467.6753541885887,19.486473091191193,0.6438127528105514,0.1135265526092908,0.09948702852307566,0.16610849780415746,77.48414240013035,0.96,485.90318617310965,466.46705872618526,19.436127446924395,,,,334.7878897939141,1403.0105001057289,1281.5960131984768,121.41445120828291,1403.0104644067599,3.569896905642858e-05,0.6749353517018034,1.914386067422192e-14,2.026976481002106e-14,0.26133036714109287,83.78113818235514,0.9134615343097748,350.96686260378385,320.5947288059403,30.372133797843514,0.6749353517018047,1.9805006995979832e-14,2.0355472916289765e-14,0.26133018479460773,83.78098796240097,0.913461447731238,350.96651147467816,320.5943776768417,30.372133797836455,0.6744129137350557,2.0020637331355525e-14,1.9774534868035632e-14,0.2611994659403217,83.67428090367497,0.9134614660171728,350.6949180651094,320.34629398052715,30.348624084582287,0.6738114792663352,2.0017251859334453e-14,1.9777801938399335e-14,0.26104893704811577,83.55148274548296,0.9134614659982051,350.3821722631884,320.0606127351677,30.32155952802066,0.999999999999611,,,0.101,129.44119733304615,1281.5960131984768,1281.5960131979905,4.863201443653872e-10,39.72947640915278,1.0313035573179622e-14,,,179.8732979557615,0.00010160300285570251,77.34551812097745,2.698095096404999,697.106363528367,0.0,0.0,0.0,106.28083618353483
46,1,47,0.1016,4.021028140087073e-05,906.8714777724211,,,,0,2.4682527218667394e-13,1,1784.671884162999,1784.671884162999,3.36416798295582e-13,285.54750146607984,59.251106554211574,0.333407412955068,,,270.83143326678,1784.6718439527176,1713.2848456776157,71.3868685699008,1784.6717142475165,0.00012970520099687768,0.692178547513619,0.12891347726245042,0.08208584441341833,0.15802911714127132,90.40347804471084,0.96,595.9046746158987,572.0684876312628,23.83618698463594,0.691460613543301,0.1291376572434492,0.08226266250976491,0.15807715458655178,90.27716315269606,0.96,594.8912217160566,571.0955728474144,23.79564886864234,0.6907409062907139,0.1293666583220327,0.08243850484187007,0.158125776870099,90.15079206937308,0.96,593.8758179155612,570.1207851989387,23.75503271662252,,,,475.9760139259419,1713.2848456776157,1584.7883166266136,128.4964916609321,1713.2848082875457,3.7390070088435814e-05,0.6749353517017982,1.7409918448230773e-14,1.9417164248929426e-14,0.30046646133182564,119.11676292717489,0.9249999235609389,428.5832399095034,396.4394641557902,32.143775753713214,0.6749353517017977,1.4641981000410363e-14,2.1294455164395883e-14,0.3004655358134712,119.11586158245416,0.9249999235606071,428.58131700975076,396.43768547352374,32.14363153622699,0.674412913735056,2.0020638778286015e-14,1.9774533456459316e-14,0.30030658886177286,118.9611150055024,0.9249999235036019,428.2510814691771,396.13221759932367,32.118863869853456,0.6738114792663354,2.0017253305213044e-14,1.9777800526905764e-14,0.3001227695194334,118.78227441081046,0.9249999234375667,427.8691698991145,395.7789493979761,32.09022050113843,0.999999999999948,,,0.101,160.06361997928798,1584.7883166266136,1584.7883166265485,6.500761742258792e-11,49.12843781542502,4.098062549350882e-14,,,199.88343783124972,0.0004106004111394018,85.94987826743738,2.6980950964049875,906.8714777724211,0.0,0.0,0.0,92.13814214167799
47,1,48,0.1016,4.021028115080901e-05,906.8719609647937,,,,0,2.468196481318642e-13,1,1784.6726738957816,1784.6726738957816,3.364315568057883e-13,285.54762782332506,59.25113277333995,0.33340741295506804,,,270.8315316214673,1784.6726336855004,1713.2856038210898,71.38690015921217,1784.672503980302,0.0001297051983950662,0.7011403010005429,0.10120092417288705,0.0922391706859631,0.15802910519129107,90.40350965215994,0.96,595.9049280215938,572.0687309007301,23.83619712086382,0.7004410302815302,0.10140924046356502,0.09242882372533585,0.15807714204419526,90.27719594103445,0.96,594.8914849790207,571.0958255798598,23.79565939916084,0.6997408790801907,0.1016184599024895,0.09261848711301285,0.15812576372826154,90.15082602827296,0.96,593.8760909796874,570.1210473404999,23.755043639187516,,,,475.9763685096273,1713.2856038210898,1584.7890164782493,128.49654976141483,1713.2855662396641,3.758142572135643e-05,0.6749353517017956,2.0180969335961627e-14,2.0016633738104957e-14,0.30046650812272646,119.11680846692167,0.9249999228292333,428.58333735874095,396.4395539827306,32.143783376010305,0.6749353517017953,1.8863859430476534e-14,2.061729993223359e-14,0.3004657034807829,119.11602484110698,0.9249999228289433,428.5816655974124,396.43800760350643,32.143657993905975,0.6744129137350562,2.0020638550792764e-14,1.9774533678393988e-14,0.30030666373413145,118.9611878473708,0.9249999227715938,428.25123726185063,396.1323613940513,32.11887586779931,0.6738114792663357,2.0017253077935373e-14,1.9777800748778426e-14,0.30012284455050847,118.78234735422785,0.9249999227051983,427.86932602166013,395.7790934979609,32.09023252369926,0.9999999999999473,,,0.101,160.06369066430318,1584.7890164782493,1584.7890164781834,6.589985968245159e-11,49.12845951082573,4.038116853373395e-14,,,199.88352771240014,0.00037016939575723644,85.94991691633206,2.698095096404983,906.8719609647937,0.0,0.0,0.0,92.13819123402304
48,1,49,0.1016,4.021028108630836e-05,906.8719656250222,,,,0,2.4680059165931025e-13,1,1784.6726818130983,1784.672681813098,3.364386894381834e-13,285.5476290900957,59.25113303619486,0.33340741295506804,,,270.8315326042922,1784.672641602817,1713.2856114217145,71.38690047590491,1784.6725118976192,0.00012970519772394012,0.7014926689384825,0.09313646177960354,0.09278409384166389,0.1580291054831599,90.40350888017176,0.96,595.9049218323516,572.0687249590575,23.836196873294096,0.7007967667504377,0.09333413195513118,0.09297839548622366,0.158077141917662,90.27719627181929,0.96,594.891487634946,571.0958281295481,23.79565950539788,0.7001000345012509,0.09353193749740739,0.09317278207634706,0.15812576317717422,90.15082745230114,0.96,593.8761024303217,570.1210583331087,23.75504409721293,,,,475.9763720625287,1713.2856114217145,1584.7890234867991,128.49655035161936,1713.2855738384185,3.7583296052105705e-05,0.674935351701796,2.3260284485629462e-14,2.0488051430124538e-14,0.3004665083204386,119.11680865899898,0.92499992281739,428.58333777330904,396.4395543611302,32.143783412178806,0.6749353517017959,2.171816934723234e-14,2.013998543798574e-14,0.30046570697585306,119.11602824441427,0.9249999228171011,428.5816728627242,396.43801431884395,32.14365854388026,0.6744129137350564,2.0020638286492188e-14,1.9774533936236652e-14,0.3003066637106281,118.96118782402577,0.9249999227597453,428.25123721681274,396.13236134731716,32.11887586949557,0.6738114792663359,2.0017252813820883e-14,1.9777801006611882e-14,0.3001228445313121,118.7823473350897,0.924999922693344,427.8693259855726,395.77909345950786,32.090232526064725,0.9999999999996486,,,0.101,160.06369137216672,1584.7890234867991,1584.7890234863598,4.3926211758937657e-10,49.128459728090775,1.0338829461472045e-14,,,199.88352862154102,0.0003695860344288339,85.94991730726262,2.698095096404984,906.8719656250222,0.0,0.0,0.0,92.13819170750226
49,1,50,0.1016,4.021028118962775e-05,906.871965684376,,,,0,2.4680003609263164e-13,1,1784.6726819180938,1784.6726819180935,3.3644338345590734e-13,285.547629106895,59.25113303968072,0.33340741295506804,,,270.83153261455476,1784.6726417078125,1713.2856115225086,71.38690048010461,1784.6725120026138,0.00012970519879897455,0.7014882616393276,0.09278139185077784,0.09278579914993272,0.15802910584223098,90.40350793043498,0.96,595.9049142180494,572.0687176493274,23.83619656872199,0.7007924578821777,0.09297600630037199,0.09298031516863198,0.15807714191530153,90.27719627799024,0.96,594.8914876844934,571.0958281771136,23.795659507379753,0.7000958253331051,0.09317071029280288,0.0931749194609487,0.15812576280805055,90.1508284061295,0.96,593.8761101000708,570.121065696068,23.75504440400287,,,,475.9763721096963,1713.2856115225086,1584.78902357976,128.49655035943806,1713.2855739391985,3.758331032493347e-05,0.6749353517017963,2.315018234290605e-14,2.0579163476294365e-14,0.3004665083242837,119.11680866273758,0.9249999228172381,428.5833377813463,396.4395543684996,32.14378341284668,0.6749353517017961,2.1530821016187635e-14,2.0052713008328877e-14,0.3004657070652751,119.1160283314945,0.9249999228169492,428.58167304856005,396.43801449067706,32.143658557883,0.6744129137350566,2.0020638022203978e-14,1.9774534194067263e-14,0.30030666368815906,118.96118780215134,0.9249999227595934,428.2512371701787,396.13236130411565,32.118875866063085,0.6738114792663361,2.001725254971629e-14,1.9777801264435692e-14,0.30012284450892707,118.78234731331285,0.9249999226931921,427.869325939113,395.77909341646773,32.09023252264529,0.9999999999996362,,,0.101,160.06369138155577,1584.78902357976,1584.7890235793052,4.547818492499029e-10,49.12845973097256,1.1500875471447809e-14,,,199.88352863358932,0.00036957856893982534,85.9499173124434,2.6980950964049852,906.871965684376,0.0,0.0,0.0,92.1381917135326
50,1,51,0.1016,4.021028107984192e-05,906.8719656849536,,,,0,2.467851194331244e-13,1,1784.6726819226549,1784.6726819226546,3.364646202157325e-13,285.5476291076248,59.25113303983215,0.33340741295506804,,,270.8315326127427,1784.6726417123737,1713.285611526889,71.38690048028705,1784.672512007176,0.00012970519765665703,0.7014872538623359,0.09278362928997026,0.09278463706696197,0.15802910614725296,90.40350712365712,0.96,595.9049077498884,572.0687114398929,23.836196309995536,0.7007914436697494,0.09297812876984372,0.09297914298227201,0.1580771419146436,90.27719627971003,0.96,594.8914876983021,571.09582819037,23.795659507932083,0.7000948045100065,0.09317271627980322,0.09317373710290187,0.15812576249720095,90.15082920937559,0.96,593.8761165589856,570.1210718966261,23.755044662359442,,,,475.97637211174964,1713.285611526889,1584.7890235838092,128.4965503597692,1713.2855739435784,3.7583310466048706e-05,0.6749353517017971,2.34183717459558e-14,2.0669438522405015e-14,0.3004665083245958,119.11680866304154,0.9249999228172366,428.5833377819954,396.4395543690994,32.14378341289599,0.674935351701797,2.2194723618752848e-14,1.9967734217174224e-14,0.30046570706836656,119.11602833450517,0.9249999228169478,428.5816730549836,396.4380144966181,32.14365855836545,0.6744129137350569,2.002063775792857e-14,1.977453445188539e-14,0.30030666368751024,118.96118780151981,0.924999922759592,428.2512371688312,396.1323613028685,32.11887586596268,0.6738114792663363,2.0017252285624445e-14,1.9777801522247074e-14,0.30012284450827953,118.78234731268304,0.9249999226931905,427.8693259377683,395.77909341522314,32.09023252254509,0.9999999999996365,,,0.101,160.06369138196473,1584.7890235838092,1584.789023583355,4.5435317663476456e-10,49.12845973109809,1.0373318325240834e-14,,,199.8835286341025,0.0003695784962852941,85.94991731266407,2.6980950964049875,906.8719656849536,0.0,0.0,0.0,92.13819171359128
51,1,52,0.1016,4.0210281221950007e-05,906.8719656846603,,,,0,2.467813055454546e-13,1,1784.6726819250898,1784.6726819250896,3.3646710992109074e-13,285.54762910801435,59.251133039912986,0.33340741295506804,,,270.83153261109914,1784.6726417148084,1713.285611529225,71.3869004803845,1784.6725120096094,0.00012970519913528636,0.701487214619557,0.0927845417679706,0.09278458101074961,0.15802910639674575,90.40350646375315,0.96,595.9049024592557,572.0687063608855,23.836196098370273,0.7007914070604727,0.09297904822196944,0.09297908483124616,0.15807714191412678,90.27719628106125,0.96,594.8914877091511,571.0958282007849,23.795659508366114,0.7000947704873863,0.09317364281523606,0.09317367683785627,0.15812576224298255,90.15082986628474,0.96,593.8761218412026,570.1210769675545,23.755044873648107,,,,475.9763721128447,1713.285611529225,1584.789023585971,128.49655035994297,1713.2855739459142,3.758331070088492e-05,0.674935351701798,2.34689211834091e-14,2.0741608406285918e-14,0.30046650832474187,119.11680866318378,0.9249999228172373,428.58333778229854,396.4395543693801,32.1437834129184,0.6749353517017979,2.2239258139651926e-14,1.9900841057235026e-14,0.3004657070689608,119.11602833508395,0.9249999228169485,428.58167305621794,396.43801449776026,32.143658558457666,0.6744129137350571,2.0020637493653543e-14,1.9774534709703164e-14,0.30030666368770237,118.96118780170687,0.9249999227595926,428.2512371692302,396.132361303238,32.11887586599225,0.6738114792663366,2.0017252021532973e-14,1.9777801780058104e-14,0.3001228445084718,118.78234731287009,0.9249999226931913,427.8693259381675,395.7790934155928,32.09023252257466,0.9999999999996323,,,0.101,160.0636913821831,1584.789023585971,1584.7890235855114,4.5962639287591115e-10,49.12845973116511,1.1245957651168696e-14,,,199.88352863437936,0.0003695785331753861,85.94991731278311,2.6980950964049897,906.8719656846603,0.0,0.0,0.0,92.13819171356148
52,1,53,0.1016,4.0210281192451074e-05,906.8719656843597,,,,0,2.4677554756331937e-13,1,1784.6726819268586,1784.6726819268583,3.3648184874114016e-13,285.5476291082974,59.251133039971705,0.33340741295506804,,,270.8315326098057,1784.6726417165773,1713.285611530923,71.38690048045521,1784.6725120113783,0.00012970519882835106,0.7014872124596161,0.09278457941633889,0.09278458157627971,0.15802910659074085,90.40350595063944,0.96,595.9048983454816,572.0687024116622,23.836195933819315,0.7007914077142273,0.09297908550709295,0.09297908485333838,0.15807714191372718,90.27719628210582,0.96,594.8914877175381,571.0958282088366,23.79565950870154,0.7000947739337278,0.09317367976611074,0.09317367631976921,0.15812576204531656,90.15083037706047,0.96,593.8761259483587,570.1210809104243,23.75504503793436,,,,475.97637211364093,1713.285611530923,1584.7890235875432,128.49655036006914,1713.2855739476124,3.75833107762279e-05,0.6749353517017991,2.3698176773382813e-14,2.0754800604006805e-14,0.30046650832484606,119.11680866328528,0.9249999228172381,428.5833377825148,396.4395543695805,32.14378341293432,0.674935351701799,2.2635064123122858e-14,1.988871232079796e-14,0.3004657070693493,119.11602833546232,0.9249999228169493,428.58167305702483,396.43801449850696,32.14365855851787,0.6744129137350573,2.0020637229378415e-14,1.9774534967521055e-14,0.30030666368786496,118.96118780186512,0.9249999227595934,428.25123716956773,396.13236130355045,32.11887586601727,0.6738114792663368,2.0017251757441398e-14,1.9777802037869246e-14,0.3001228445086344,118.78234731302821,0.9249999226931921,427.86932593850497,395.7790934159053,32.090232522599685,0.9999999999996303,,,0.101,160.06369138234186,1584.7890235875432,1584.789023587081,4.622012402062518e-10,49.12845973121384,1.0338742379794927e-14,,,199.88352863457885,0.00036957857098826493,85.9499173128689,2.698095096404992,906.8719656843597,0.0,0.0,0.0,92.13819171353094
53,1,54,0.1016,4.021028117104991e-05,906.871965684144,,,,0,2.4677118686675325e-13,1,1784.6726819281193,1784.6726819281193,3.3648473310569054e-13,285.54762910849905,59.25113304001356,0.33340741295506804,,,270.8315326088819,1784.6726417178381,1713.2856115321338,71.3869004805057,1784.6725120126396,0.00012970519860567282,0.701487210553125,0.09278458007553934,0.09278458198203045,0.15802910672927847,90.40350558421,0.96,595.9048954077151,572.0686995914064,23.836195816308674,0.7007914078320564,0.0929790851050838,0.09297908498725464,0.15807714191344202,90.27719628285118,0.96,594.8914877235229,571.095828214582,23.795659508940915,0.7000947760614967,0.09317367831256781,0.09317367618479887,0.15812576190415742,90.15083074182074,0.96,593.8761288814017,570.1210837261456,23.755045155256102,,,,475.97637211420874,1713.2856115321338,1584.789023588664,128.49655036015895,1713.285573948823,3.758331082959198e-05,0.6749353517018003,2.37724931222896e-14,2.085463315926619e-14,0.30046650832492044,119.11680866335774,0.9249999228172386,428.5833377826691,396.43955436972345,32.14378341294564,0.6749353517018002,2.2723389084481287e-14,1.9797893838412192e-14,0.30046570706962483,119.11602833573065,0.9249999228169499,428.5816730575971,396.4380144990365,32.14365855856056,0.6744129137350575,2.00206369651032e-14,1.9774535225339043e-14,0.30030666368798153,118.96118780197864,0.924999922759594,428.2512371698098,396.13236130377464,32.11887586603517,0.673811479266337,2.001725149334974e-14,1.9777802295680482e-14,0.3001228445087511,118.7823473131417,0.9249999226931926,427.8693259387472,395.77909341612957,32.09023252261759,0.9999999999996277,,,0.101,160.06369138245506,1584.789023588664,1584.7890235881987,4.653857686917754e-10,49.12845973124858,1.10839962382806e-14,,,199.8835286347224,0.00036957859810955566,85.94991731293062,2.698095096404995,906.871965684144,0.0,0.0,0.0,92.13819171350903
54,1,55,0.1016,4.021028116745949e-05,906.8719656840187,,,,0,2.467904746441738e-13,1,1784.672681928883,1784.6726819288829,3.364985087034106e-13,285.54762910862127,59.25113304003892,0.33340741295506804,,,270.8315326083286,1784.6726417186017,1713.2856115328668,71.38690048053616,1784.672512013403,0.00012970519856831455,0.7014872093461272,0.0927845808286724,0.09278458203567026,0.1580291068123888,90.40350536438467,0.96,595.9048936453147,572.068697899502,23.83619574581264,0.7007914078382504,0.09297908499946289,0.09297908499326893,0.15807714191327096,90.27719628329844,0.96,594.8914877271138,571.0958282180293,23.795659509084537,0.7000947772722462,0.09317367735494574,0.09317367614419626,0.15812576181947408,90.15083096064545,0.96,593.8761306409746,570.1210854153355,23.755045225638987,,,,475.97637211455236,1713.2856115328668,1584.7890235893428,128.49655036021338,1713.285573949556,3.7583310868798344e-05,0.6749353517018019,2.398498538212942e-14,2.09013906042905e-14,0.3004665083249656,119.11680866340173,0.924999922817239,428.58333778276284,396.4395543698103,32.143783412952516,0.6749353517018015,2.2999386342490503e-14,1.975593877731008e-14,0.3004657070697916,119.11602833589308,0.9249999228169502,428.5816730579435,396.43801449935705,32.14365855858638,0.6744129137350577,2.0020636700827924e-14,1.97745354831571e-14,0.3003066636880521,118.96118780204728,0.9249999227595943,428.2512371699562,396.1323613039102,32.11887586604603,0.6738114792663372,2.0017251229258023e-14,1.9777802553491793e-14,0.30012284450882154,118.78234731321028,0.924999922693193,427.86932593889355,395.77909341626514,32.090232522628455,0.9999999999996255,,,0.101,160.06369138252364,1584.7890235893428,1584.7890235888747,4.681650650193342e-10,49.12845973126963,1.0295424121505183e-14,,,199.88352863481006,0.00036957861388821404,85.94991731296832,2.698095096404998,906.8719656840187,0.0,0.0,0.0,92.1381917134963
55,1,56,0.1016,4.021028122447912e-05,906.8719656839997,,,,0,2.467908687687773e-13,1,1784.672681929177,1784.672681929177,3.3650334193331916e-13,285.54762910866833,59.25113304004868,0.33340741295506804,,,270.8315326081489,1784.6726417188959,1713.2856115331485,71.3869004805479,1784.6725120136966,0.00012970519916160174,0.7014872089425662,0.09278458145422289,0.09278458185778382,0.1580291068400896,90.4035052911164,0.96,595.9048930579028,572.0686973355866,23.83619572231612,0.7007914078390011,0.09297908499433875,0.09297908499358806,0.15807714191321331,90.27719628344906,0.96,594.8914877283235,571.0958282191905,23.795659509132992,0.7000947776744287,0.09317367672396525,0.0931736763217827,0.1581257617912477,90.15083103358346,0.96,593.8761312274702,570.1210859783714,23.755045249098785,,,,475.97637211468435,1713.2856115331485,1584.7890235896032,128.4965503602344,1713.2855739498375,3.758331092682512e-05,0.6749353517018036,2.4055896294540878e-14,2.095752360582254e-14,0.3004665083249832,119.1168086634189,0.9249999228172391,428.58333778279945,396.4395543698442,32.14378341295524,0.6749353517018026,2.2979130568475344e-14,1.9706050797346082e-14,0.3004657070698554,119.11602833595525,0.9249999228169502,428.58167305807603,396.4380144994797,32.14365855859632,0.674412913735058,2.0020636436552616e-14,1.9774535740975207e-14,0.30030666368807907,118.96118780207358,0.9249999227595944,428.25123717001236,396.13236130396217,32.11887586605022,0.6738114792663374,2.001725096516627e-14,1.977780281130315e-14,0.30012284450884863,118.78234731323661,0.924999922693193,427.86932593894977,395.77909341631715,32.090232522632625,0.9999999999996235,,,0.101,160.06369138254993,1584.7890235896032,1584.7890235891325,4.706656311675104e-10,49.128459731277694,1.0963543613522533e-14,,,199.88352863484545,0.0003695786162640147,85.94991731298353,2.6980950964050017,906.8719656839996,0.0,0.0,0.0,92.13819171349436
56,1,57,0.1016,4.02102812614153e-05,906.871965684055,,,,0,2.4702001420568277e-13,1,1784.6726819289463,1784.6726819289463,3.364940909613847e-13,285.5476291086314,59.25113304004102,0.33340741295506804,,,270.83153260833626,1784.6726417186649,1713.2856115329266,71.3869004805387,1784.6725120134654,0.00012970519954592135,0.7014872093461314,0.09278458185778764,0.0927845814542225,0.1580291068123879,90.40350536438699,0.96,595.9048936453332,572.0686978995199,23.836195745813367,0.700791407838256,0.09297908499359239,0.0929790849943375,0.15807714191327,90.27719628330102,0.96,594.8914877271346,571.0958282180492,23.795659509085386,0.7000947772722531,0.09317367632178758,0.09317367672396329,0.15812576181947297,90.15083096064828,0.96,593.8761306409974,570.1210854153575,23.75504522563995,,,,475.9763721145801,1713.2856115329266,1584.7890235893974,128.49655036021804,1713.2855739496156,3.758331094100323e-05,0.6749353517018045,2.4357404371568216e-14,2.307201549169469e-14,0.3004665083249698,119.11680866340586,0.9249999228172389,428.58333778277176,396.4395543698185,32.143783412953255,0.6749353517018044,2.286541076324893e-14,1.8142615582490435e-14,0.3004657070698044,119.1160283359056,0.9249999228169501,428.5816730579702,396.4380144993818,32.143658558588434,0.6744129137350582,2.0020636172277296e-14,1.977453599879333e-14,0.30030666368805775,118.9611878020528,0.9249999227595942,428.2512371699681,396.13236130392113,32.11887586604697,0.6738114792663377,2.0017250701074513e-14,1.9777803069114524e-14,0.3001228445088273,118.78234731321584,0.9249999226931929,427.86932593890543,395.77909341627605,32.09023252262939,0.9999999999996202,,,0.101,160.06369138252916,1584.7890235893974,1584.7890235889226,4.747405158391664e-10,49.12845973127132,1.0274740521444845e-14,,,199.88352863482405,0.0003695786093106807,85.94991731297434,2.6980950964050043,906.8719656840552,0.0,0.0,0.0,92.13819171349998
57,1,58,0.1016,4.0210281010625654e-05,906.871965684083,,,,0,2.4696846247685816e-13,1,1784.6726819280136,1784.6726819280136,3.3649258477279415e-13,285.5476291084822,59.25113304001005,0.33340741295506804,,,270.831532608869,1784.6726417177326,1713.2856115320344,71.38690048050154,1784.6725120125357,0.0001297051969364643,0.7014872105531074,0.09278458203566131,0.09278458082868528,0.15802910672928022,90.40350558420529,0.96,595.9048954076775,572.0686995913704,23.836195816307132,0.7007914078320412,0.09297908499325992,0.09297908499947474,0.15807714191344371,90.27719628284687,0.96,594.8914877234882,571.0958282145486,23.795659508939604,0.7000947760614837,0.09317367614418723,0.09317367735495659,0.15812576190415895,90.15083074181682,0.96,593.8761288813699,570.1210837261151,23.755045155254795,,,,475.9763721141622,1713.2856115320344,1584.789023588572,128.49655036015125,1713.2855739487236,3.758331070522984e-05,0.6749353517018059,2.4390779128604064e-14,2.2827586724554032e-14,0.3004665083249155,119.11680866335291,0.9249999228172389,428.58333778265876,396.43955436971396,32.143783412944835,0.674935351701806,2.291644597715291e-14,1.8296672079568333e-14,0.30046570706960257,119.11602833570902,0.92499992281695,428.58167305755086,396.4380144989939,32.14365855855699,0.6744129137350584,2.0020635908002002e-14,1.977453625661145e-14,0.30030666368797126,118.9611878019686,0.9249999227595942,428.2512371697883,396.1323613037548,32.1188758660335,0.6738114792663379,2.0017250436982767e-14,1.97778033269259e-14,0.3001228445087407,118.78234731313165,0.9249999226931928,427.86932593872564,395.77909341610973,32.09023252261591,0.9999999999996176,,,0.101,160.0636913824458,1584.789023588572,1584.789023588094,4.780285167272805e-10,49.128459731245734,1.09131838673008e-14,,,199.88352863472286,0.00036957860579828276,85.94991731293082,2.6980950964050083,906.8719656840831,0.0,0.0,0.0,92.13819171350282
58,1,59,0.1016,4.021028112118342e-05,906.871965684333,,,,0,2.469777672721699e-13,1,1784.6726819268117,1784.6726819268115,3.364981804858542e-13,285.54762910828987,59.25113303997014,0.33340741295506804,,,270.83153260980004,1784.6726417165305,1713.2856115308791,71.38690048045339,1784.6725120113324,0.00012970519808681383,0.7014872124596003,0.0927845819820341,0.09278458007554115,0.15802910659074185,90.4035059506368,0.96,595.9048983454602,572.0687024116419,23.836195933818406,0.7007914077142159,0.09297908498725826,0.09297908510508357,0.1580771419137279,90.2771962821039,0.96,594.8914877175229,571.0958282088219,23.795659508700968,0.7000947739337207,0.09317367618480243,0.09317367831256554,0.15812576204531703,90.15083037705934,0.96,593.8761259483493,570.1210809104153,23.755045037934014,,,,475.97637211362047,1713.2856115308791,1584.789023587503,128.4965503600657,1713.2855739475683,3.758331072025777e-05,0.6749353517018074,2.45677078670136e-14,2.2598749933912254e-14,0.30046650832484517,119.11680866328444,0.9249999228172382,428.58333778251296,396.4395543695788,32.14378341293417,0.6749353517018079,2.3382251278949735e-14,1.8446387367823055e-14,0.3004657070693391,119.11602833545237,0.9249999228169493,428.58167305700357,396.43801449848735,32.14365855851624,0.6744129137350586,2.002063564372676e-14,1.977453651442953e-14,0.30030666368786,118.9611878018603,0.9249999227595935,428.2512371695574,396.1323613035409,32.11887586601643,0.6738114792663381,2.0017250172891084e-14,1.9777803584737226e-14,0.30012284450862936,118.78234731302337,0.9249999226931922,427.8693259384946,395.7790934158958,32.090232522598846,0.9999999999996161,,,0.101,160.0636913823378,1584.789023587503,1584.789023587023,4.798987125541959e-10,49.12845973121259,1.0249637000183102e-14,,,199.8835286345912,0.00036957857435744725,85.9499173128742,2.6980950964050123,906.8719656843328,0.0,0.0,0.0,92.13819171352823
59,1,60,0.1016,4.0210281180214864e-05,906.8719656846467,,,,0,2.469797880753222e-13,1,1784.6726819250664,1784.6726819250662,3.3649840474412433e-13,285.5476291080106,59.251133039912204,0.33340741295506804,,,270.8315326110962,1784.6726417147852,1713.2856115292027,71.38690048038359,1784.6725120095864,0.00012970519870103377,0.7014872146195485,0.09278458157628602,0.09278457941633778,0.15802910639674655,90.4035064637509,0.96,595.9049024592379,572.0687063608683,23.83619609836959,0.7007914070604714,0.09297908485334437,0.09297908550708883,0.1580771419141271,90.27719628106027,0.96,594.8914877091433,571.0958282007775,23.79565950836577,0.7000947704873919,0.09317367631977498,0.09317367976610366,0.15812576224298242,90.15082986628501,0.96,593.876121841205,570.1210769675567,23.755044873648217,,,,475.9763721128343,1713.2856115292027,1584.7890235859506,128.49655035994127,1713.2855739458919,3.758331066799727e-05,0.6749353517018092,2.457573607155303e-14,2.1820763742989133e-14,0.30046650832474286,119.11680866318478,0.9249999228172374,428.58333778230065,396.4395543693821,32.14378341291855,0.67493535170181,2.3640415269580083e-14,1.8999313507035742e-14,0.30046570706895576,119.11602833507901,0.9249999228169485,428.5816730562074,396.4380144977506,32.14365855845685,0.6744129137350588,2.002063537945159e-14,1.9774536772247553e-14,0.30030666368769904,118.96118780170366,0.9249999227595928,428.2512371692233,396.1323613032316,32.11887586599172,0.6738114792663383,2.001724990879947e-14,1.9777803842548503e-14,0.3001228445084685,118.78234731286683,0.9249999226931913,427.8693259381605,395.7790934155864,32.09023252257413,0.9999999999996148,,,0.101,160.06369138218102,1584.7890235859506,1584.789023585469,4.815282812836318e-10,49.12845973116447,1.0769604909284602e-14,,,199.88352863439854,0.0003695785348926833,85.94991731279137,2.6980950964050163,906.8719656846466,0.0,0.0,0.0,92.1381917135601
60,1,61,0.1016,4.0210281236839673e-05,906.8719656850175,,,,0,2.469931790223161e-13,1,1784.6726819227654,1784.6726819227654,3.364997433793667e-13,285.5476291076425,59.251133039835814,0.33340741295506804,,,270.8315326127563,1784.6726417124842,1713.285611526993,71.3869004802915,1784.6725120072847,0.00012970519929021286,0.7014872538623428,0.09278458101075851,0.09278454176796433,0.15802910614725194,90.40350712365981,0.96,595.9049077499099,572.0687114399135,23.836196309996456,0.7007914436697661,0.09297908483125418,0.09297904822195951,0.1580771419146419,90.27719627971456,0.96,594.8914876983382,571.0958281904046,23.795659507933564,0.7000948045100329,0.09317367683786343,0.09317364281522245,0.15812576249719854,90.15082920938194,0.96,593.8761165590364,570.121071896675,23.755044662361485,,,,475.97637211179824,1713.285611526993,1584.7890235839052,128.49655035977727,1713.2855739436825,3.7583310586429604e-05,0.6749353517018121,2.4727968028111578e-14,2.0122249645704316e-14,0.3004665083246055,119.1168086630509,0.9249999228172364,428.58333778201546,396.4395543691179,32.143783412897605,0.6749353517018117,2.398558109749921e-14,2.050644487135698e-14,0.30046570706838927,119.1160283345273,0.9249999228169477,428.58167305503076,396.43801449666176,32.143658558369005,0.6744129137350591,2.0020635115176518e-14,1.9774537030065497e-14,0.300306663687519,118.96118780152837,0.9249999227595918,428.2512371688495,396.1323613028854,32.11887586596412,0.6738114792663386,2.0017249644707953e-14,1.9777804100359695e-14,0.3001228445082884,118.78234731269166,0.9249999226931904,427.86932593778664,395.77909341524014,32.09023252254654,0.9999999999996135,,,0.101,160.06369138197442,1584.7890235839052,1584.789023583422,4.831692442071806e-10,49.12845973110106,1.0193911302461612e-14,,,199.8835286341441,0.0003695784882574425,85.94991731268198,2.698095096405021,906.8719656850175,0.0,0.0,0.0,92.13819171359778
61,1,62,0.1016,4.021028122070553e-05,906.871965684392,,,,0,2.4699355942718177e-13,1,1784.6726819181208,1784.6726819181206,3.3649976701760334e-13,285.5476291068993,59.251133039681605,0.33340741295506804,,,270.831532614558,1784.6726417078394,1713.2856115225347,71.38690048010561,1784.6725120026404,0.00012970519912233766,0.7014882616393235,0.09278463706695787,0.09278362928997715,0.15802910584223132,90.40350793043397,0.96,595.9049142180414,572.0687176493198,23.836196568721654,0.700792457882185,0.09297914298226591,0.09297812876984692,0.15807714191530103,90.27719627799134,0.96,594.8914876845023,571.0958281771223,23.795659507380083,0.700095825333124,0.09317373710289378,0.09317271627980275,0.1581257628080493,90.15082840613272,0.96,593.8761101000966,570.1210656960927,23.755044404003872,,,,475.97637210970856,1713.2856115225347,1584.789023579784,128.4965503594401,1713.2855739392244,3.758331034798338e-05,0.6749353517018143,2.478625777854976e-14,2.1254155060688332e-14,0.3004665083242891,119.11680866274288,0.9249999228172381,428.5833377813577,396.43955436851013,32.14378341284757,0.6749353517018142,2.4033666338682907e-14,1.9450801049693727e-14,0.30046570706528064,119.11602833149995,0.9249999228169492,428.58167304857164,396.43801449068775,32.14365855788389,0.6744129137350593,2.0020634850901558e-14,1.9774537287883344e-14,0.30030666368815984,118.96118780215212,0.9249999227595933,428.2512371701804,396.1323613041171,32.118875866063235,0.6738114792663388,2.0017249380616545e-14,1.97778043581708e-14,0.30012284450892784,118.78234731331361,0.924999922693192,427.8693259391147,395.77909341646927,32.090232522645415,0.9999999999996119,,,0.101,160.06369138155821,1584.789023579784,1584.7890235792988,4.852565226246355e-10,49.128459730973304,1.0664061883972567e-14,,,199.8835286336229,0.0003695785669312716,85.94991731245784,2.6980950964050265,906.871965684392,0.0,0.0,0.0,92.13819171353423
62,1,63,0.1016,4.0210281046561535e-05,906.8719656250108,,,,0,2.470235727056576e-13,1,1784.6726818130783,1784.6726818130783,3.3649553462433086e-13,285.5476290900926,59.251133036194204,0.33340741295506804,,,270.8315326042898,1784.672641602797,1713.2856114216959,71.38690047590408,1784.6725118975999,0.00012970519731037578,0.7014926689384688,0.09278579914992921,0.09278139185078382,0.15802910548316104,90.40350888016864,0.96,595.9049218323266,572.0687249590336,23.836196873293076,0.7007967667504366,0.09298031516862564,0.09297600630037409,0.15807714191766228,90.27719627181847,0.96,594.8914876349396,571.0958281295419,23.795659505397648,0.7001000345012623,0.09317491946093953,0.09317071029280116,0.15812576317717367,90.15082745230266,0.96,593.8761024303337,570.1210583331203,23.755044097213368,,,,475.97637206252006,1713.2856114216959,1584.7890234867818,128.49655035161797,1713.2855738383998,3.7583296020062916e-05,0.6749353517018166,2.498685858194594e-14,2.1375329844150974e-14,0.3004665083204419,119.1168086590022,0.92499992281739,428.5833377733159,396.43955436113663,32.14378341217931,0.674935351701817,2.422419268809405e-14,1.9350413195875004e-14,0.30046570697584857,119.11602824440988,0.9249999228171011,428.58167286271475,396.4380143188352,32.143658543879546,0.6744129137350595,2.0020634586626235e-14,1.9774537545701556e-14,0.3003066637106242,118.96118782402199,0.9249999227597453,428.2512372168047,396.1323613473097,32.118875869494985,0.673811479266339,2.0017249116524786e-14,1.977780461598226e-14,0.3001228445313082,118.78234733508594,0.9249999226933441,427.8693259855646,395.7790934595005,32.09023252606413,0.9999999999996096,,,0.101,160.063691372165,1584.7890234867818,1584.789023486294,4.879335295384937e-10,49.12845972809024,1.0167553112433839e-14,,,199.8835286215874,0.00036958603584087804,85.94991730728259,2.698095096405032,906.8719656250111,0.0,0.0,0.0,92.1381917075011
63,1,64,0.1016,4.0210281153076585e-05,906.8719609648003,,,,0,2.47016434667609e-13,1,1784.6726738957925,1784.6726738957925,3.3649736584746935e-13,285.5476278233268,59.251132773340316,0.33340741295506804,,,270.8315316214687,1784.6726336855113,1713.2856038211003,71.38690015921263,1784.672503980313,0.00012970519841866022,0.7011403010005166,0.09278409384166815,0.09313646177962048,0.15802910519129187,90.40350965215782,0.96,595.9049280215769,572.0687309007138,23.83619712086315,0.7004410302815389,0.09297839548622495,0.09333413195512268,0.1580771420441951,90.27719594103492,0.96,594.8914849790243,571.0958255798633,23.795659399160954,0.6997408790802352,0.09317278207634543,0.09353193749737258,0.15812576372826034,90.15082602827593,0.96,593.8760909797115,570.1210473405231,23.75504363918852,,,,475.9763685096324,1713.2856038211003,1584.789016478259,128.4965497614157,1713.2855662396746,3.758142572197268e-05,0.6749353517018194,2.4992177772520297e-14,2.069061871526576e-14,0.3004665081227322,119.11680846692724,0.9249999228292333,428.5833373587529,396.43955398274164,32.14378337601123,0.6749353517018195,2.4308233481799602e-14,1.9948014266995363e-14,0.3004657034807851,119.11602484110912,0.9249999228289433,428.581665597417,396.43800760351064,32.14365799390633,0.6744129137350597,2.002063432233813e-14,1.9774537803532255e-14,0.30030666373413006,118.96118784736944,0.9249999227715937,428.25123726184773,396.13236139404864,32.1188758677991,0.6738114792663392,2.0017248852420293e-14,1.977780487380616e-14,0.30012284455050714,118.78234735422654,0.9249999227051983,427.8693260216573,395.77909349795823,32.090232523699044,0.999999999999608,,,0.101,160.06369066430418,1584.789016478259,1584.789016477769,4.9005060857317e-10,49.12845951082603,1.0582036649862533e-14,,,199.88352771282558,0.0003701693949341819,85.949916916515,2.698095096405038,906.8719609648005,0.0,0.0,0.0,92.13819123402371
64,1,65,0.1016,4.0210281540422265e-05,906.8714777725538,,,,0,2.4698822914371183e-13,1,1784.671884163212,1784.6718841632119,3.3649296264070043e-13,285.5475014661139,59.25110655421864,0.33340741295506804,,,270.8314332668063,1784.6718439529304,1713.2848456778186,71.3868685699091,1784.6717142477278,0.0001297052024489063,0.6921785475131061,0.09223917068594292,0.10120092417335329,0.1580291171412691,90.40347804471685,0.96,595.9046746159468,572.0684876313088,23.836186984637894,0.6914606135433343,0.09242882372534449,0.10140924046354909,0.15807715458654845,90.27716315270486,0.96,594.8912217161271,571.095572847482,23.795648868645067,0.6907409062913081,0.09261848711305166,0.10161845990197867,0.1581257768700945,90.15079206938461,0.96,593.875817915654,570.1207851990279,23.75503271662614,,,,475.9760139260367,1713.2848456778186,1584.788316626801,128.49649166094747,1713.2848082877485,3.739007019722011e-05,0.6749353517018222,2.5243896520553472e-14,2.0699733425527653e-14,0.30046646133184324,119.11676292719201,0.9249999235609387,428.58323990954,396.439464155824,32.14377575371601,0.6749353517018224,2.450820750978577e-14,1.9939549933359278e-14,0.3004655358135157,119.11586158249749,0.924999923560607,428.58131700984325,396.43768547360924,32.14363153623399,0.67441291373506,2.0020634058037663e-14,1.9774538061375023e-14,0.30030658886179046,118.96111500551956,0.9249999235036018,428.2510814692138,396.13221759935755,32.11886386985625,0.6738114792663394,2.0017248588305913e-14,1.9777805131639727e-14,0.30012276951945105,118.78227441082764,0.9249999234375664,427.8691698991513,395.77894939801007,32.09022050114121,0.999999999999606,,,0.101,160.0636199793069,1584.788316626801,1584.7883166263084,4.925445970371889e-10,49.12843781543083,1.0144533694604374e-14,,,199.8834378317012,0.00041060040369064933,85.9498782676315,2.6980950964050443,906.8714777725538,0.0,0.0,0.0,92.13814214169146
65,1,66,0.15246,4.0210284113144235e-05,697.1063635283678,,,,0,2.4634642251836195e-13,1,1461.4694408589698,1461.4694408589698,3.349128447902408e-13,233.83511053743518,48.5207854365178,0.3334074129550678,,,232.87717479840367,1461.4694006486857,1403.0105001057343,58.45877083773899,1461.469270943473,0.00012970521257639765,0.6453509146605894,0.0820858444128015,0.12891347726531838,0.16586054029159467,77.76671426565254,0.96,488.40425748225005,468.86808718296004,19.53617029929,0.6445856188095944,0.08226266250974658,0.12913765724348641,0.16598334172721896,77.62631813167161,0.96,487.1618272797096,467.67535418852117,19.486473091188397,0.6438127528146028,0.08243850484246634,0.12936665831917168,0.1661084978033193,77.48414240107952,0.96,485.90318618151366,466.4670587342531,19.43612744726059,,,,334.7878897939152,1403.0105001057343,1281.5960131984793,121.41445120828568,1403.010464406765,3.5698969013547926e-05,0.6749353517018252,2.53051124223126e-14,2.026778218353346e-14,0.261330367141093,83.78113818235515,0.913461534309772,350.9668626037849,320.59472880594024,30.37213379784461,0.6749353517018253,2.4596208984471322e-14,2.0357479978416996e-14,0.2613301847946115,83.780987962404,0.9134614477312372,350.96651147468623,320.5943776768487,30.3721337978375,0.6744129137350602,2.002063383054451e-14,1.977453828330981e-14,0.26119946594032056,83.67428090367405,0.9134614660171714,350.6949180651076,320.34629398052493,30.348624084582603,0.6738114792663397,2.0017248361028343e-14,1.97778053535125e-14,0.2610489370481147,83.55148274548202,0.9134614659982037,350.3821722631865,320.0606127351655,30.32155952802098,0.9999999999996008,,,0.101,129.44119733304643,1281.5960131984793,1281.5960131979803,4.991246141954776e-10,39.72947640915286,1.0485094008331406e-14,,,179.87329795577728,0.00010160300219120766,77.34551812098422,2.6980950964050505,697.1063635283678,0.0,0.0,0.0,106.28083618353496
66,1,67,0.15246,4.021028412711321e-05,697.1063595151305,,,,0,2.4637220947700787e-13,1,1461.4694260928643,1461.469426092864,3.348970018297411e-13,233.83510817485828,48.520784946283094,0.3334074129550678,,,232.87717313027863,1461.46938588258,1403.0104859302726,58.458770247094705,1461.4692561773672,0.00012970521272174097,0.6313481334301794,0.09910310354110012,0.11310588477151012,0.165860540584132,77.76671393013007,0.96,488.40425451361716,468.8680843330725,19.53617018054468,0.6305654269149372,0.09929480318817939,0.11331499508283664,0.16598334221765845,77.6263175727463,0.96,487.1618223326032,467.6753494392991,19.486472893304146,0.6297732287295728,0.09948702852275894,0.11352655260778903,0.16610849848656312,77.48414162740227,0.96,485.90317933114676,466.4670521579009,19.436127173245882,,,,334.78788483603694,1403.0104859302726,1281.5960017599784,121.41444863269932,1403.0104503926777,3.553759467096856e-05,0.6749353517018283,2.5300953333583417e-14,2.0045130063904817e-14,0.26133036399249376,83.78113561448221,0.9134615345158359,350.9668559961276,320.5947228424211,30.372133153706503,0.674935351701828,2.4548731963330313e-14,2.0587161732624365e-14,0.26133018415590964,83.78098746222598,0.9134614491290047,350.9665097001251,320.59437654642517,30.37213315369992,0.6744129137350604,2.0020635277474514e-14,1.9774536871732985e-14,0.26119946476379563,83.67427996092313,0.9134614671595904,350.6949152549028,320.34629181415175,30.348623440751055,0.6738114792663399,2.001724980690645e-14,1.977780394201842e-14,0.2610489358656402,83.55148179840565,0.9134614671378065,350.38216944152236,320.0606105569805,30.321558884541844,0.9999999999995993,,,0.101,129.44119617775783,1281.5960017599784,1281.5960017594775,5.00917479054013e-10,39.729476054559335,1.0106691276326319e-14,,,179.87329462817408,0.00010537105691602503,77.34551669011485,2.6980950964050567,697.1063595151304,0.0,0.0,0.0,106.2808355716768
67,1,68,0.15246,4.021028387701686e-05,697.106359513974,,,,0,2.4638937646064194e-13,1,1461.469426088604,1461.469426088604,3.348930601254876e-13,233.83510817417664,48.52078494614166,0.33340741295506787,,,232.8771731298514,1461.46938587832,1403.0104859261858,58.45877024692446,1461.46925617311,0.0001297052101194976,0.6305381040205715,0.11100741206386891,0.11181744147347665,0.1658605405200811,77.76671400359248,0.96,488.40425516359744,468.86808495705355,19.536170206543893,0.6297507198647173,0.11120367247289073,0.11201837952311061,0.16598334221862787,77.6263175716416,0.96,487.1618223228251,467.67534942991205,19.48647289291304,0.6289537159532069,0.11140199960902322,0.112221512385389,0.16610849855084034,77.48414155461731,0.96,485.90317868668745,466.46705153921994,19.43612714746753,,,,334.7878848345795,1403.0104859261858,1281.5960017566147,121.4144486320063,1403.0104503886212,3.553756447802539e-05,0.6749353517018306,2.477503788631849e-14,2.070623824636861e-14,0.26133036398983706,83.78113561230053,0.9134615345150319,350.96685599086516,320.594722837332,30.372133153533227,0.6749353517018305,2.4200877000134214e-14,1.993351250271431e-14,0.26133018415594955,83.78098746226581,0.9134614491294812,350.9665097000553,320.5943765465287,30.372133153526658,0.6744129137350606,2.0020636745215047e-14,1.977453543985452e-14,0.261199464764206,83.67427996126791,0.9134614671602433,350.6949152555463,320.3462918149685,30.348623440577764,0.6738114792663401,2.0017251273628272e-14,1.9777802510176716e-14,0.26104893586604455,83.55148179874521,0.9134614671384569,350.38216944215424,320.06061055778554,30.32155888436865,0.999999999999603,,,0.101,129.4411961774181,1281.5960017566147,1281.5960017561183,4.962769308829723e-10,39.729476054455056,1.0499221746871465e-14,,,179.87329462727573,0.00010537212478922449,77.34551668972856,2.698095096405062,697.106359513974,0.0,0.0,0.0,106.28083557150048
68,1,69,0.15246,4.0210283906898685e-05,697.1063595151296,,,,0,2.461119841687322e-13,1,1461.4694260928586,1461.4694260928586,3.3512204415803406e-13,233.8351081748574,48.52078494628291,0.3334074129550678,,,232.8771731302783,1461.4693858825747,1403.0104859302696,58.45877024709459,1461.4692561773643,0.00012970521043041689,0.6313481334301775,0.1118174414734765,0.1110074120638706,0.16586054058413205,77.76671393012998,0.96,488.40425451361654,468.86808433307186,19.536170180544676,0.6305654269149361,0.11201837952311039,0.11120367247289165,0.1659833422176586,77.62631757274622,0.96,487.16182233260224,467.67534943929815,19.486472893304107,0.6297732287295723,0.11222151238538873,0.11140199960902336,0.1661084984865632,77.48414162740208,0.96,485.9031793311454,466.4670521578996,19.436127173245808,,,,334.7878848360358,1403.0104859302696,1281.5960017599757,121.41444863269929,1403.010450392675,3.553759451424663e-05,0.674935351701833,2.5233276123508945e-14,2.1104437871740468e-14,0.26133036399249293,83.78113561448154,0.9134615345158353,350.9668559961261,320.5947228424195,30.372133153706585,0.6749353517018335,2.4392008861975587e-14,1.957789818235884e-14,0.2613301841559105,83.78098746222668,0.9134614491290047,350.9665097001268,320.59437654642676,30.37213315370004,0.6744129137350608,2.002063821295419e-14,1.9774534007977824e-14,0.2611994647637949,83.67427996092252,0.9134614671595903,350.6949152549013,320.34629181415033,30.34862344075094,0.6738114792663403,2.001725274034877e-14,1.9777801078336725e-14,0.26104893586563954,83.55148179840506,0.9134614671378065,350.38216944152083,320.0606105569791,30.32155888454173,0.9999999999996009,,,0.101,129.44119617775758,1281.5960017599757,1281.5960017594768,4.989204137513896e-10,39.72947605455924,1.0257479703552755e-14,,,179.87329462817155,0.00010537105775351155,77.34551669011377,2.6980950964050674,697.1063595151297,0.0,0.0,0.0,106.28083557167668
69,1,70,0.15246,4.0210284143633017e-05,697.1063635283681,,,,0,2.4815259820612404e-13,1,1461.4694408589723,1461.4694408589721,3.3512512729127406e-13,233.83511053743555,48.52078543651788,0.3334074129550678,,,232.87717479840387,1461.469400648688,1403.0105001057361,58.458770837739,1461.469270943475,0.00012970521289363225,0.6453509146605546,0.11310588477150749,0.09910310354113029,0.16586054029159458,77.7667142656526,0.96,488.4042574822507,468.86808718296066,19.536170299290042,0.6445856188095784,0.11331499508283555,0.09929480318819321,0.16598334172721893,77.62631813167168,0.96,487.16182727971017,467.6753541885218,19.4864730911884,0.6438127528146054,0.11352655260778953,0.0994870285227565,0.16610849780331924,77.48414240107958,0.96,485.9031861815142,466.4670587342536,19.43612744726056,,,,334.7878897939156,1403.0105001057361,1281.5960131984805,121.4144512082865,1403.010464406767,3.5698969028409004e-05,0.6749353517018297,1.9018899106244516e-14,2.0122601083314332e-14,0.26133036714109303,83.7811381823552,0.9134615343097713,350.9668626037853,320.5947288059404,30.37213379784488,0.6749353517018309,1.916226084802752e-14,2.0506070316291827e-14,0.26133018479461256,83.78098796240486,0.9134614477312367,350.96651147468856,320.59437767685074,30.37213379783782,0.6744129137350611,2.002063968069516e-14,1.977453257609976e-14,0.26119946594032023,83.67428090367376,0.913461466017171,350.694918065107,320.3462939805243,30.34862408458271,0.6738114792663406,2.0017254207071032e-14,1.9777799646495424e-14,0.2610489370481144,83.55148274548178,0.9134614659982033,350.38217226318596,320.0606127351649,30.32155952802108,0.9999999999996141,,,0.101,129.44119733304652,1281.5960131984805,1281.596013197998,4.82469117284612e-10,39.729476409152895,1.0407374747775247e-14,,,179.87329795576147,0.00010160300184181981,77.34551812097745,2.6980950964050625,697.1063635283681,0.0,0.0,0.0,106.280836183535
70,1,71,0.1016,4.021028132607678e-05,906.8714777723635,,,,0,2.4682540590403816e-13,1,1784.6718841629063,1784.671884162906,3.364167090625675e-13,285.547501466065,59.251106554208484,0.333407412955068,,,270.8314332667685,1784.6718439526248,1713.2848456775275,71.38686856989695,1784.6717142474245,0.00012970520021864942,0.6921785475129817,0.12891347726527674,0.0820858444128497,0.15802911714127918,90.40347804469025,0.96,595.9046746157334,572.0684876311041,23.836186984629318,0.6914606135432807,0.1291376572434672,0.08226266250976491,0.15807715458655322,90.27716315269222,0.96,594.8912217160259,571.0955728473848,23.795648868641035,0.6907409062913257,0.12936665831917502,0.08243850484245474,0.1581257768700939,90.15079206938601,0.96,593.8758179156655,570.1207851990389,23.755032716626594,,,,475.9760139259007,1713.2848456775275,1584.7883166265322,128.4964916609255,1713.2848082874577,3.739007002852578e-05,0.6749353517018242,1.7143914152691017e-14,1.9219269193367918e-14,0.30046646133182575,119.11676292717493,0.924999923560939,428.5832399095035,396.43946415579023,32.14377575371324,0.6749353517018237,1.435534724544376e-14,2.1537657456750367e-14,0.3004655358134506,119.11586158243406,0.9249999235606071,428.5813170097079,396.4376854734841,32.14363153622378,0.6744129137350613,2.0020641127626017e-14,1.977453116452375e-14,0.3003065888617619,118.9611150054918,0.924999923503602,428.2510814691545,396.1322175993027,32.11886386985178,0.6738114792663408,2.001725565294999e-14,1.9777798235002157e-14,0.3001227695194225,118.78227441079986,0.9249999234375667,427.86916989909184,395.77894939795516,32.09022050113669,0.9999999999999473,,,0.101,160.06361997927976,1584.7883166265322,1584.7883166264662,6.594618268520988e-11,49.1284378154225,4.166090613073934e-14,,,199.8834378312401,0.0004106004143795193,85.94987826743322,2.6980950964050496,906.8714777723636,0.0,0.0,0.0,92.13814214167213
71,1,72,0.1016,4.021028116590406e-05,906.8719609648047,,,,0,2.468199574201862e-13,1,1784.6726738958,1784.6726738958,3.364313114674072e-13,285.547627823328,59.251132773340565,0.33340741295506804,,,270.83153162146954,1784.6726336855188,1713.2856038211073,71.38690015921286,1784.6725039803202,0.0001297051985521296,0.7011403010004298,0.10120092417339796,0.09223917068594989,0.15802910519129712,90.4035096521438,0.96,595.9049280214645,572.0687309006059,23.836197120858557,0.7004410302815309,0.10140924046357902,0.09242882372532883,0.15807714204419498,90.27719594103519,0.96,594.8914849790266,571.0958255798655,23.795659399161128,0.6997408790803062,0.101618459901994,0.09261848711301336,0.15812576372825468,90.15082602829057,0.96,593.8760909798292,570.121047340636,23.75504363919318,,,,475.97636850963556,1713.2856038211073,1584.7890164782655,128.49654976141622,1713.2855662396817,3.75814257311244e-05,0.6749353517018212,1.9886413226754224e-14,1.9851891289750437e-14,0.300466508122733,119.11680846692803,0.9249999228292333,428.58333735875453,396.4395539827432,32.14378337601135,0.6749353517018208,1.833731868491088e-14,2.0795042686872584e-14,0.30046570348078555,119.11602484110959,0.9249999228289432,428.58166559741795,396.43800760351155,32.14365799390639,0.6744129137350615,2.0020640900132716e-14,1.9774531386458368e-14,0.30030666373413106,118.96118784737044,0.9249999227715937,428.2512372618499,396.1323613940506,32.118875867799275,0.673811479266341,2.001725542567227e-14,1.977779845687476e-14,0.30012284455050814,118.78234735422751,0.9249999227051983,427.8693260216594,395.7790934979602,32.090232523699214,0.9999999999999468,,,0.101,160.06369066430483,1584.7890164782655,1584.789016478199,6.647243025866661e-11,49.12845951082623,4.129046672002148e-14,,,199.8835277124028,0.0003701693944113118,85.9499169163332,2.6980950964050447,906.8719609648045,0.0,0.0,0.0,92.13819123402415
72,1,73,0.1016,4.0210281142717515e-05,906.871965625049,,,,0,2.46800707894865e-13,1,1784.6726818131442,1784.6726818131442,3.3643861675457257e-13,285.5476290901031,59.25113303619639,0.33340741295506804,,,270.8315326042978,1784.672641602863,1713.2856114217582,71.3869004759067,1784.6725118976647,0.00012970519831087521,0.7014926689383957,0.09313646177965425,0.09278409384168837,0.15802910548316554,90.40350888015668,0.96,595.9049218322308,572.0687249589415,23.836196873289275,0.7007967667504437,0.09333413195513499,0.09297839548622217,0.15807714191766128,90.27719627182115,0.96,594.891487634961,571.0958281295625,23.795659505398497,0.70010003450135,0.09353193749736342,0.09317278207631965,0.15812576317716698,90.15082745231999,0.96,593.876102430473,570.121058333254,23.755044097218928,,,,475.9763720625491,1713.2856114217582,1584.7890234868391,128.49655035162277,1713.2855738384621,3.7583296093884094e-05,0.6749353517018212,2.2881179558826334e-14,2.0366009614170294e-14,0.3004665083204466,119.11680865900678,0.9249999228173899,428.5833377733257,396.4395543611456,32.1437834121801,0.674935351701821,2.110107762330867e-14,2.0259320669539167e-14,0.30046570697586156,119.11602824442255,0.924999922817101,428.5816728627419,396.43801431886027,32.14365854388165,0.6744129137350617,2.0020640635832076e-14,1.977453164430097e-14,0.30030666371063025,118.96118782402789,0.9249999227597452,428.25123721681734,396.13236134732136,32.118875869495945,0.6738114792663412,2.0017255161557718e-14,1.977779871470816e-14,0.3001228445313143,118.78234733509186,0.924999922693344,427.86932598557723,395.7790934595121,32.09023252606509,0.9999999999996517,,,0.101,160.06369137217078,1584.7890234868391,1584.789023486404,4.353074936078426e-10,49.12845972809202,1.0479495399913068e-14,,,199.88352862154238,0.0003695860310551923,85.94991730726322,2.698095096405045,906.871965625049,0.0,0.0,0.0,92.13819170750497
73,1,74,0.1016,4.0210281114300176e-05,906.8719656843523,,,,0,2.468002988406499e-13,1,1784.6726819180524,1784.6726819180521,3.36443132212595e-13,285.5476291068884,59.25113303967933,0.33340741295506804,,,270.83153261454964,1784.6726417077712,1713.28561152247,71.38690048010301,1784.672512002573,0.0001297051980151939,0.7014882616392321,0.09278139185079837,0.09278579914996192,0.158029105842238,90.40350793041642,0.96,595.9049142179005,572.0687176491845,23.83619656871604,0.700792457882175,0.09297600630036655,0.09298031516863517,0.15807714191530217,90.27719627798852,0.96,594.8914876844797,571.0958281771004,23.795659507379238,0.7000958253331956,0.09317071029277149,0.0931749194609259,0.1581257628080447,90.1508284061447,0.96,593.8761101001928,570.1210656961852,23.755044404007737,,,,475.97637210967827,1713.28561152247,1584.7890235797245,128.4965503594351,1713.2855739391598,3.7583310265195794e-05,0.6749353517018211,2.2787479939089313e-14,2.0471077924484774e-14,0.30046650832428645,119.1168086627403,0.9249999228172382,428.5833377813521,396.439554368505,32.143783412847114,0.6749353517018208,2.094050983234633e-14,2.0156409887379247e-14,0.30046570706526565,119.11602833148532,0.9249999228169493,428.5816730485404,396.4380144906589,32.1436585578815,0.674412913735062,2.0020640371543806e-14,1.9774531902131517e-14,0.3003066636881531,118.96118780214559,0.9249999227595934,428.2512371701664,396.1323613041043,32.11887586606216,0.6738114792663414,2.0017254897453066e-14,1.9777798972531908e-14,0.3001228445089211,118.78234731330708,0.9249999226931921,427.8693259391007,395.77909341645636,32.090232522644335,0.9999999999996396,,,0.101,160.0636913815522,1584.7890235797245,1584.789023579274,4.504937682540375e-10,49.12845973097146,1.1623406311748683e-14,,,199.88352863358037,0.0003695785719250834,85.94991731243955,2.698095096405045,906.8719656843523,0.0,0.0,0.0,92.13819171353019
74,1,75,0.1016,4.0210281149730724e-05,906.8719656849853,,,,0,2.467851937525426e-13,1,1784.6726819227097,1784.6726819227094,3.3646453089279273e-13,285.54762910763355,59.25113303983397,0.33340741295506804,,,270.8315326127494,1784.6726417124285,1713.2856115269408,71.38690048028924,1784.67251200723,0.00012970519838384741,0.7014872538622494,0.09278362928999996,0.09278463706698262,0.1580291061472585,90.40350712364244,0.96,595.9049077497706,572.0687114397798,23.836196309990843,0.7007914436697559,0.09297812876984743,0.09297914298226663,0.15807714191464278,90.27719627971226,0.96,594.8914876983199,571.095828190387,23.795659507932832,0.7000948045101062,0.09317271627978103,0.09317373710287052,0.15812576249719354,90.15082920939473,0.96,593.8761165591395,570.121071896774,23.755044662365567,,,,475.9763721117738,1713.2856115269408,1584.789023583857,128.49655035977312,1713.2855739436302,3.758331051824572e-05,0.6749353517018213,2.3038639973262296e-14,2.0576840506359475e-14,0.30046650832460414,119.11680866304961,0.9249999228172365,428.5833377820127,396.43955436911534,32.14378341289735,0.6749353517018212,2.1588311842489645e-14,2.005491495330836e-14,0.3004657070683768,119.11602833451516,0.9249999228169477,428.5816730550049,396.4380144966379,32.14365855836704,0.6744129137350622,2.002064010726834e-14,1.9774532159949584e-14,0.30030666368751335,118.96118780152288,0.9249999227595919,428.25123716883775,396.1323613028746,32.118875865963176,0.6738114792663417,2.001725463336116e-14,1.977779923034323e-14,0.3001228445082827,118.78234731268614,0.9249999226931904,427.8693259377749,395.7790934152293,32.09023252254558,0.99999999999964,,,0.101,160.06369138196956,1584.789023583857,1584.7890235834068,4.500696559841362e-10,49.12845973109956,1.0508174834124857e-14,,,199.88352863410447,0.0003695784922951647,85.94991731266492,2.698095096405046,906.8719656849853,0.0,0.0,0.0,92.13819171359451
75,1,76,0.1016,4.02102811951721e-05,906.8719656846553,,,,0,2.467814831370635e-13,1,1784.6726819250812,1784.672681925081,3.364668536117014e-13,285.547629108013,59.251133039912695,0.33340741295506804,,,270.831532611098,1784.6726417147997,1713.285611529217,71.38690048038416,1784.672512009601,0.0001297051988566632,0.7014872146194665,0.09278454176799379,0.09278458101077675,0.15802910639675222,90.40350646373595,0.96,595.9049024591179,572.0687063607531,23.836196098364777,0.7007914070604748,0.09297904822196654,0.09297908483124752,0.1580771419141269,90.27719628106087,0.96,594.8914877091481,571.0958282007822,23.795659508365947,0.7000947704874813,0.093173642815207,0.09317367683783187,0.15812576224297617,90.1508298663012,0.96,593.876121841335,570.1210769676816,23.755044873653436,,,,475.97637211284086,1713.285611529217,1584.7890235859636,128.49655035994243,1713.2855739459062,3.758331067872016e-05,0.6749353517018216,2.3095292405683114e-14,2.06626319439127e-14,0.30046650832474636,119.11680866318811,0.9249999228172374,428.58333778230775,396.43955436938865,32.143783412919134,0.6749353517018215,2.1646091563681457e-14,1.9974086452293714e-14,0.30046570706895803,119.11602833508125,0.9249999228169485,428.58167305621225,396.438014497755,32.14365855845726,0.6744129137350624,2.0020639842993255e-14,1.97745324177673e-14,0.3003066636876996,118.96118780170417,0.9249999227595926,428.2512371692244,396.1323613032326,32.1188758659918,0.6738114792663419,2.0017254369269628e-14,1.9777799488154197e-14,0.300122844508469,118.78234731286733,0.9249999226931913,427.8693259381616,395.77909341558734,32.09023252257425,0.9999999999996358,,,0.101,160.06369138218233,1584.7890235859636,1584.7890235855082,4.5522825199502806e-10,49.12845973116487,1.1359609057987082e-14,,,199.88352863437402,0.00036957853380884773,85.94991731278083,2.6980950964050474,906.8719656846553,0.0,0.0,0.0,92.13819171356097
76,1,77,0.1016,4.021028124511094e-05,906.8719656843849,,,,0,2.4677556350102177e-13,1,1784.672681926902,1784.672681926902,3.3648176504813064e-13,285.5476291083043,59.25113303997315,0.33340741295506804,,,270.831532609811,1784.6726417166205,1713.2856115309642,71.38690048045704,1784.6725120114213,0.00012970519937627504,0.7014872124595312,0.09278457941636574,0.09278458157630101,0.1580291065907465,90.40350595062448,0.96,595.9048983453614,572.0687024115468,23.8361959338145,0.7007914077142344,0.09297908550709372,0.09297908485333413,0.15807714191372646,90.27719628210754,0.96,594.8914877175522,571.0958282088501,23.795659508702165,0.7000947739338274,0.09317367976608543,0.0931736763197394,0.15812576204530943,90.150830377079,0.96,593.8761259485075,570.1210809105671,23.75504503794037,,,,475.97637211366015,1713.2856115309642,1584.7890235875811,128.4965503600723,1713.2855739476533,3.7583310815317896e-05,0.6749353517018223,2.3314751747728038e-14,2.0682994038361994e-14,0.3004665083248535,119.11680866329249,0.9249999228172381,428.5833377825302,396.4395543695947,32.14378341293549,0.6749353517018222,2.204248077050794e-14,1.9955096139107284e-14,0.30046570706935727,119.11602833547009,0.9249999228169492,428.5816730570415,396.43801449852236,32.14365855851915,0.6744129137350626,2.0020639578718064e-14,1.977453267558513e-14,0.3003066636878671,118.96118780186723,0.9249999227595934,428.2512371695722,396.1323613035546,32.11887586601759,0.6738114792663421,2.0017254105177996e-14,1.9777799745965275e-14,0.3001228445086366,118.78234731303033,0.924999922693192,427.8693259385095,395.7790934159095,32.09023252260004,0.9999999999996338,,,0.101,160.0636913823457,1584.7890235875811,1584.7890235871234,4.577338027477886e-10,49.12845973121501,1.0467522257553575e-14,,,199.88352863457945,0.0003695785678071579,85.94991731286916,2.6980950964050487,906.8719656843849,0.0,0.0,0.0,92.1381917135335
77,1,78,0.1016,4.021028120010798e-05,906.8719656841602,,,,0,2.4677120328616083e-13,1,1784.6726819281475,1784.6726819281473,3.364845496274011e-13,285.5476291085036,59.251133040014494,0.33340741295506804,,,270.8315326088853,1784.672641717866,1713.2856115321604,71.3869004805067,1784.6725120126673,0.00012970519890802097,0.7014872105530395,0.09278458007556367,0.09278458198205536,0.1580291067292843,90.40350558419458,0.96,595.9048954075913,572.0686995912877,23.836195816303626,0.7007914078320621,0.09297908510508206,0.09297908498725449,0.15807714191344163,90.2771962828523,0.96,594.8914877235319,571.0958282145906,23.795659508941306,0.7000947760615936,0.09317367831253998,0.09317367618477358,0.15812576190415054,90.15083074183842,0.96,593.876128881544,570.1210837262822,23.755045155261765,,,,475.976372114221,1713.2856115321604,1584.7890235886885,128.49655036016102,1713.2855739488496,3.7583310850510624e-05,0.6749353517018231,2.3393193459449155e-14,2.0803421879100496e-14,0.3004665083249268,119.11680866336393,0.9249999228172386,428.58333778268235,396.4395543697357,32.143783412946675,0.6749353517018228,2.214132549420331e-14,1.9844264057153805e-14,0.3004657070696296,119.1160283357353,0.9249999228169498,428.581673057607,396.4380144990457,32.14365855856132,0.6744129137350628,2.002063931444279e-14,1.9774532933403055e-14,0.3003066636879823,118.96118780197936,0.924999922759594,428.25123716981136,396.13236130377607,32.11887586603531,0.6738114792663423,2.001725384108627e-14,1.9777800003776457e-14,0.3001228445087518,118.78234731314242,0.9249999226931925,427.8693259387487,395.779093416131,32.090232522617704,0.9999999999996314,,,0.101,160.06369138245753,1584.7890235886885,1584.7890235882278,4.607944967863723e-10,49.12845973124934,1.1189551415937935e-14,,,199.88352863472093,0.0003695785960750161,85.94991731293,2.698095096405051,906.8719656841602,0.0,0.0,0.0,92.13819171351066
78,1,79,0.1016,4.0210281151346334e-05,906.8719656840174,,,,0,2.467902983661994e-13,1,1784.6726819288804,1784.6726819288801,3.3649854471680455e-13,285.5476291086208,59.25113304003882,0.33340741295506804,,,270.8315326083282,1784.672641718599,1713.2856115328646,71.38690048053606,1784.6725120134006,0.0001297051984006578,0.7014872093460394,0.09278458082869494,0.09278458203569505,0.15802910681239496,90.40350536436823,0.96,595.9048936451829,572.0686978993757,23.83619574580729,0.7007914078382524,0.09297908499945949,0.0929790849932691,0.15807714191327102,90.27719628329832,0.96,594.8914877271129,571.0958282180284,23.79565950908452,0.7000947772723383,0.09317367735491636,0.0931736761441718,0.1581257618194678,90.15083096066164,0.96,593.8761306411047,570.1210854154606,23.755045225644245,,,,475.97637211455145,1713.2856115328646,1584.7890235893408,128.49655036021318,1713.2855739495537,3.7583310854900674e-05,0.6749353517018242,2.360183626122435e-14,2.086472968296006e-14,0.30046650832497007,119.1168086634061,0.924999922817239,428.5833377827722,396.43955436981895,32.14378341295327,0.6749353517018238,2.2420349899924033e-14,1.9788799110246153e-14,0.3004657070697901,119.11602833589166,0.9249999228169502,428.5816730579404,396.43801449935427,32.14365855858613,0.6744129137350631,2.002063905016745e-14,1.9774533191221056e-14,0.3003066636880501,118.96118780204533,0.9249999227595943,428.251237169952,396.1323613039063,32.11887586604569,0.6738114792663426,2.0017253576994492e-14,1.9777800261587706e-14,0.3001228445088196,118.78234731320835,0.924999922693193,427.86932593888935,395.7790934162613,32.09023252262809,0.9999999999996292,,,0.101,160.06369138252342,1584.7890235893408,1584.7890235888772,4.635361498606347e-10,49.128459731269565,1.041857129440122e-14,,,199.88352863480512,0.00036957861405144925,85.94991731296619,2.698095096405053,906.8719656840173,0.0,0.0,0.0,92.13819171349616
79,1,80,0.1016,4.0210281275706905e-05,906.8719656840238,,,,0,2.4679028455053765e-13,1,1784.6726819292187,1784.6726819292187,3.365031516574049e-13,285.54762910867504,59.251133040050064,0.333407412955068,,,270.831532608154,1784.6726417189375,1713.285611533188,71.3869004805496,1784.6725120137378,0.000129705199694625,0.7014872089424826,0.09278458145424943,0.09278458185780616,0.15802910684009505,90.40350529110202,0.96,595.9048930577876,572.0686973354761,23.836195722311533,0.7007914078390058,0.09297908499433966,0.0929790849935862,0.15807714191321273,90.27719628345079,0.96,594.8914877283371,571.0958282192036,23.795659509133504,0.7000947776745221,0.09317367672394056,0.09317367632175672,0.1581257617912408,90.15083103360121,0.96,593.876131227613,570.1210859785084,23.755045249104565,,,,475.9763721147027,1713.285611533188,1584.7890235896396,128.49655036023742,1713.285573949877,3.758331096473842e-05,0.6749353517018255,2.3677591975456557e-14,2.0932168478547432e-14,0.3004665083249902,119.11680866342572,0.924999922817239,428.583337782814,396.4395543698576,32.14378341295639,0.6749353517018245,2.2379477974547426e-14,1.9728516371108222e-14,0.30046570706986286,119.1160283359625,0.9249999228169502,428.58167305809155,396.4380144994941,32.143658558597494,0.6744129137350633,2.0020638785892082e-14,1.9774533449039098e-14,0.30030666368808134,118.96118780207577,0.9249999227595943,428.251237170017,396.13236130396643,32.11887586605057,0.6738114792663428,2.001725331290268e-14,1.9777800519399002e-14,0.30012284450885085,118.78234731323877,0.924999922693193,427.86932593895443,395.7790934163214,32.09023252263298,0.9999999999996273,,,0.101,160.0636913825536,1584.7890235896396,1584.7890235891737,4.659439727989239e-10,49.12845973127883,1.1062074828058475e-14,,,199.88352863484556,0.0003695786132302724,85.94991731298359,2.6980950964050563,906.8719656840238,0.0,0.0,0.0,92.13819171349682
80,1,81,0.1016,4.021028118460088e-05,906.8719656840304,,,,0,2.470234236278679e-13,1,1784.6726819289033,1784.6726819289033,3.3649552617060927e-13,285.5476291086245,59.25113304003959,0.33340741295506804,,,270.83153260833103,1784.6726417186221,1713.2856115328862,71.386900480537,1784.6725120134233,0.00012970519874667014,0.7014872093460435,0.09278458185780844,0.09278458145424763,0.1580291068123945,90.4035053643695,0.96,595.9048936451932,572.0686978993855,23.83619574580775,0.7007914078382547,0.09297908499358781,0.09297908499433906,0.15807714191327066,90.27719628329925,0.96,594.8914877271204,571.0958282180355,23.79565950908487,0.7000947772723386,0.09317367632175767,0.09317367672394122,0.1581257618194676,90.15083096066226,0.96,593.8761306411096,570.1210854154652,23.75504522564437,,,,475.9763721145614,1713.2856115328862,1584.7890235893606,128.49655036021483,1713.2855739495753,3.7583310880398894e-05,0.6749353517018258,2.4021183714273204e-14,2.3379864382853625e-14,0.3004665083249718,119.11680866340775,0.924999922817239,428.5833377827757,396.4395543698222,32.14378341295351,0.6749353517018256,2.2177487758168187e-14,1.795668744599094e-14,0.30046570706979464,119.11602833589608,0.9249999228169501,428.5816730579499,396.438014499363,32.143658558586885,0.6744129137350635,2.0020638521616702e-14,1.9774533706857162e-14,0.3003066636880521,118.96118780204726,0.9249999227595943,428.25123716995614,396.13236130391016,32.118875866046,0.673811479266343,2.0017253048810856e-14,1.9777800777210314e-14,0.3001228445088216,118.78234731321028,0.9249999226931929,427.86932593889355,395.7790934162651,32.090232522628455,0.9999999999996235,,,0.101,160.06369138252543,1584.7890235893606,1584.78902358889,4.706148568099663e-10,49.128459731270176,1.039952509382278e-14,,,199.88352863481484,0.00036957861240624737,85.94991731297038,2.6980950964050576,906.8719656840306,0.0,0.0,0.0,92.13819171349749
81,1,82,0.1016,4.021028114778883e-05,906.8719656841406,,,,0,2.4697821384534727e-13,1,1784.6726819281137,1784.6726819281134,3.3649126401614576e-13,285.54762910849814,59.25113304001337,0.33340741295506804,,,270.83153260888116,1784.6726417178322,1713.2856115321283,71.38690048050546,1784.672512012634,0.0001297051983636421,0.7014872105530383,0.09278458203569215,0.09278458082869731,0.15802910672928455,90.4035055841939,0.96,595.9048954075861,572.0686995912826,23.836195816303515,0.7007914078320568,0.09297908499326597,0.09297908499946374,0.15807714191344213,90.27719628285094,0.96,594.8914877235208,571.0958282145799,23.795659508940858,0.7000947760615847,0.09317367614416851,0.09317367735492241,0.15812576190415137,90.15083074183632,0.96,593.8761288815269,570.1210837262659,23.755045155261087,,,,475.9763721142061,1713.2856115321283,1584.7890235886591,128.49655036015852,1713.2855739488175,3.758331080982121e-05,0.6749353517018265,2.4053713330019694e-14,2.3136536432610158e-14,0.30046650832492555,119.11680866336272,0.9249999228172386,428.58333778267973,396.4395543697333,32.143783412946426,0.6749353517018266,2.2236638445088785e-14,1.8102914476787647e-14,0.3004657070696223,119.11602833572823,0.9249999228169499,428.5816730575919,396.43801449903174,32.14365855856017,0.6744129137350637,2.0020638257341348e-14,1.9774533964675217e-14,0.3003066636879789,118.96118780197605,0.924999922759594,428.25123716980426,396.1323613037695,32.11887586603477,0.6738114792663432,2.001725278471906e-14,1.9777801035021622e-14,0.30012284450874843,118.78234731313913,0.9249999226931926,427.86932593874167,395.7790934161245,32.090232522617164,0.9999999999996205,,,0.101,160.0636913824546,1584.7890235886591,1584.7890235881848,4.743665221378572e-10,49.128459731248434,1.1020620445563374e-14,,,199.88352863473065,0.0003695785985425551,85.94991731293418,2.6980950964050603,906.8719656841406,0.0,0.0,0.0,92.13819171350868
82,1,83,0.1016,4.0210281210977176e-05,906.8719656843723,,,,0,2.4697701391686064e-13,1,1784.67268192688,1784.67268192688,3.3649816274072236e-13,285.5476291083008,59.251133039972416,0.33340741295506804,,,270.8315326098084,1784.6726417165987,1713.2856115309437,71.386900480456,1784.6725120113997,0.00012970519902111443,0.7014872124595299,0.09278458198205555,0.09278458007556392,0.15802910659074643,90.4035059506246,0.96,595.9048983453625,572.068702411548,23.8361959338145,0.7007914077142275,0.09297908498725517,0.09297908510508451,0.15807714191372685,90.27719628210667,0.96,594.891487717545,571.0958282088432,23.79565950870182,0.7000947739338147,0.09317367618477466,0.09317367831254457,0.15812576204531018,90.15083037707709,0.96,593.876125948492,570.1210809105523,23.755045037939684,,,,475.9763721136504,1713.2856115309437,1584.789023587562,128.49655036007073,1713.2855739476329,3.7583310788321804e-05,0.6749353517018275,2.421041689454749e-14,2.285105155691508e-14,0.3004665083248533,119.1168086632923,0.9249999228172381,428.58333778252984,396.43955436959436,32.14378341293547,0.674935351701828,2.275221010437845e-14,1.8281622008258894e-14,0.3004657070693522,119.11602833546516,0.9249999228169493,428.58167305703097,396.43801449851264,32.14365855851835,0.674412913735064,2.002063799306604e-14,1.977453422249324e-14,0.30030666368786474,118.96118780186494,0.9249999227595934,428.25123716956733,396.1323613035501,32.11887586601723,0.6738114792663434,2.0017252520627307e-14,1.97778012928329e-14,0.30012284450863425,118.78234731302804,0.9249999226931921,427.86932593850463,395.7790934159049,32.090232522599685,0.9999999999996193,,,0.101,160.06369138234376,1584.789023587562,1584.7890235870861,4.758588867747447e-10,49.12845973121443,1.0371045306234427e-14,,,199.88352863459494,0.0003695785694128551,85.94991731287583,2.698095096405063,906.8719656843723,0.0,0.0,0.0,92.13819171353222
83,1,84,0.1016,4.021028109470675e-05,906.8719656846174,,,,0,2.469791221941475e-13,1,1784.6726819250155,1784.6726819250152,3.36498346712896e-13,285.54762910800247,59.251133039910506,0.33340741295506804,,,270.83153261109,1784.6726417147343,1713.2856115291547,71.38690048038154,1784.6725120095364,0.00012970519781132505,0.701487214619461,0.09278458157629979,0.09278457941636872,0.15802910639675274,90.40350646373454,0.96,595.9049024591067,572.0687063607423,23.836196098364322,0.7007914070604625,0.09297908485333398,0.09297908550709903,0.15807714191412792,90.27719628105821,0.96,594.8914877091265,571.0958282007615,23.795659508365034,0.700094770487462,0.0931736763197403,0.09317367976609302,0.1581257622429777,90.15082986629723,0.96,593.8761218413032,570.121076967651,23.755044873652185,,,,475.97637211281193,1713.2856115291547,1584.7890235859065,128.49655035993763,1713.2855739458441,3.7583310600358085e-05,0.6749353517018288,2.420989194535423e-14,2.213265740841424e-14,0.30046650832474403,119.11680866318588,0.9249999228172374,428.583337782303,396.43955436938427,32.14378341291869,0.6749353517018296,2.306717371826551e-14,1.876901541961999e-14,0.3004657070689438,119.11602833506743,0.9249999228169486,428.5816730561827,396.4380144977277,32.143658558455,0.6744129137350642,2.002063772879081e-14,1.977453448031121e-14,0.300306663687693,118.96118780169773,0.9249999227595928,428.25123716921064,396.13236130321985,32.11887586599077,0.6738114792663437,2.001725225653563e-14,1.977780155064412e-14,0.3001228445084624,118.7823473128609,0.9249999226931914,427.8693259381478,395.77909341557466,32.09023252257317,0.9999999999996183,,,0.101,160.0636913821766,1584.7890235859065,1584.7890235854295,4.771026580256618e-10,49.128459731163105,1.0861010770356183e-14,,,199.8835286343883,0.00036957853857609466,85.94991731278697,2.6980950964050665,906.8719656846172,0.0,0.0,0.0,92.13819171355712
84,1,85,0.1016,4.021028107437875e-05,906.8719656849578,,,,0,2.469926826273357e-13,1,1784.6726819226622,1784.6726819226622,3.3649974496743476e-13,285.54762910762594,59.25113303983238,0.33340741295506804,,,270.8315326127437,1784.672641712381,1713.285611526896,71.3869004802873,1784.6725120071833,0.00012970519759981296,0.7014872538622476,0.09278458101077863,0.09278454176799196,0.15802910614725874,90.40350712364187,0.96,595.9049077497659,572.0687114397753,23.836196309990616,0.7007914436697468,0.0929790848312511,0.09297904822196677,0.1580771419146435,90.27719627971032,0.96,594.8914876983042,571.0958281903721,23.795659507932143,0.7000948045100898,0.09317367683783713,0.0931736428152094,0.15812576249719482,90.15082920939146,0.96,593.876116559113,570.1210718967485,23.75504466236454,,,,475.97637211175277,1713.285611526896,1584.7890235838156,128.4965503597696,1713.2855739435854,3.758331045914063e-05,0.6749353517018314,2.4340740626077248e-14,2.0156441964170915e-14,0.30046650832460353,119.11680866304901,0.9249999228172366,428.58333778201137,396.4395543691142,32.14378341289719,0.6749353517018308,2.347232662857645e-14,2.047105091895873e-14,0.3004657070683662,119.11602833450485,0.9249999228169478,428.58167305498284,396.4380144966175,32.143658558365345,0.6744129137350644,2.002063746451568e-14,1.9774534738129085e-14,0.30030666368750825,118.96118780151785,0.9249999227595919,428.25123716882695,396.1323613028646,32.118875865962345,0.6738114792663439,2.0017251992444056e-14,1.9777801808455248e-14,0.30012284450827753,118.78234731268107,0.9249999226931905,427.869325937764,395.7790934152193,32.09023252254473,0.9999999999996173,,,0.101,160.06369138196538,1584.7890235838156,1584.7890235833372,4.783253488976682e-10,49.12845973109828,1.0302665979988376e-14,,,199.88352863412712,0.0003695784957559172,85.94991731267466,2.69809509640507,906.8719656849578,0.0,0.0,0.0,92.13819171359171
85,1,86,0.1016,4.021028112589351e-05,906.871965684359,,,,0,2.4699311842282313e-13,1,1784.672681918064,1784.6726819180637,3.364997714344272e-13,285.5476291068902,59.25113303967972,0.33340741295506804,,,270.83153261455107,1784.6726417077828,1713.2856115224813,71.38690048010345,1784.6725120025847,0.00012970519813582207,0.7014882616392395,0.09278463706698667,0.0927836292899948,0.1580291058422373,90.40350793041819,0.96,595.9049142179147,572.0687176491981,23.836196568716606,0.7007924578821754,0.0929791429822728,0.09297812876984425,0.15807714191530195,90.277196277989,0.96,594.8914876844835,571.0958281771042,23.795659507379348,0.7000958253331888,0.09317373710287874,0.09317271627977969,0.15812576280804497,90.15082840614387,0.96,593.8761101001863,570.1210656961789,23.755044404007506,,,,475.9763721096834,1713.2856115224813,1584.7890235797347,128.496550359436,1713.285573939171,3.7583310273218735e-05,0.6749353517018332,2.4406372177684946e-14,2.149935174146824e-14,0.3004665083242897,119.11680866274348,0.9249999228172381,428.5833377813589,396.43955436851127,32.14378341284764,0.6749353517018327,2.3484798622060724e-14,1.9249882313345187e-14,0.30046570706526743,119.11602833148706,0.9249999228169493,428.58167304854413,396.43801449066234,32.14365855788181,0.6744129137350646,2.002063720024066e-14,1.9774534995946866e-14,0.30030666368815323,118.96118780214569,0.9249999227595934,428.25123717016663,396.13236130410445,32.11887586606217,0.6738114792663441,2.0017251728352594e-14,1.977780206626628e-14,0.30012284450892124,118.78234731330718,0.9249999226931921,427.869325939101,395.7790934164566,32.09023252264439,0.9999999999996159,,,0.101,160.0636913815532,1584.7890235797347,1584.7890235792545,4.801390206536168e-10,49.12845973097178,1.0742007794210247e-14,,,199.88352863361135,0.0003695785710774454,85.94991731245288,2.6980950964050745,906.871965684359,0.0,0.0,0.0,92.13819171353087
86,1,87,0.1016,4.021028115735185e-05,906.8719656250568,,,,0,2.470170966487244e-13,1,1784.6726818131574,1784.6726818131574,3.364970358312411e-13,285.5476290901052,59.251133036196826,0.33340741295506804,,,270.8315326042995,1784.6726416028762,1713.2856114217707,71.38690047590715,1784.6725118976776,0.000129705198463145,0.7014926689384012,0.09278579914996099,0.09278139185079927,0.15802910548316493,90.40350888015851,0.96,595.9049218322453,572.0687249589555,23.83619687328984,0.7007967667504422,0.09298031516863625,0.0929760063003694,0.15807714191766112,90.27719627182171,0.96,594.8914876349653,571.0958281295667,23.79565950539861,0.7001000345013416,0.09317491946092903,0.09317071029277624,0.15812576317716728,90.15082745231928,0.96,593.8761024304672,570.1210583332485,23.7550440972187,,,,475.97637206255496,1713.2856114217707,1584.7890234868512,128.49655035162377,1713.2855738384746,3.7583296103984853e-05,0.6749353517018343,2.4658913427909516e-14,2.3013083320352752e-14,0.3004665083204502,119.11680865901025,0.9249999228173899,428.5833377733331,396.43955436115243,32.143783412180674,0.6749353517018353,2.3575291776434937e-14,1.817922159008672e-14,0.30046570697586356,119.11602824442446,0.924999922817101,428.58167286274596,396.438014318864,32.14365854388195,0.6744129137350648,2.0020636935965284e-14,1.9774535253765012e-14,0.30030666371063053,118.96118782402816,0.9249999227597452,428.25123721681786,396.1323613473219,32.118875869496016,0.6738114792663443,2.0017251464260772e-14,1.977780232407768e-14,0.3001228445313146,118.78234733509211,0.924999922693344,427.86932598557775,395.7790934595126,32.090232526065144,0.9999999999996131,,,0.101,160.06369137217197,1584.7890234868512,1584.7890234863676,4.835907135957565e-10,49.12845972809239,1.0279531775816103e-14,,,199.8835286215921,0.00036958603006869274,85.94991730728461,2.698095096405079,906.8719656250568,0.0,0.0,0.0,92.13819170750577
87,1,88,0.1016,4.02102809821096e-05,906.8719609647375,,,,0,2.4701596425489203e-13,1,1784.672673895684,1784.672673895684,3.3649741630886153e-13,285.5476278233095,59.251132773336714,0.333407412955068,,,270.8315316214554,1784.672633685403,1713.285603820998,71.38690015920832,1784.6725039802063,0.00012970519663975518,0.7011403010004262,0.09278409384168086,0.0931364617796559,0.15802910519129842,90.40350965214031,0.96,595.9049280214367,572.0687309005792,23.836197120857534,0.7004410302815243,0.09297839548621666,0.09333413195513458,0.15807714204419676,90.27719594103046,0.96,594.8914849789886,571.095825579829,23.79565939915954,0.6997408790802968,0.09317278207631613,0.09353193749736086,0.15812576372825704,90.1508260282846,0.96,593.876090979781,570.1210473405897,23.75504363919125,,,,475.9763685095844,1713.285603820998,1584.7890164781647,128.49654976140775,1713.2855662395723,3.7581425588584236e-05,0.6749353517018368,2.459973332091363e-14,2.0596396364237765e-14,0.3004665081227295,119.11680846692458,0.9249999228292334,428.5833373587471,396.43955398273636,32.14378337601075,0.6749353517018372,2.3817250182283758e-14,2.0036380251371913e-14,0.3004657034807611,119.1160248410858,0.9249999228289434,428.58166559736713,396.43800760346465,32.143657993902494,0.6744129137350651,2.0020636671677112e-14,1.9774535511595654e-14,0.30030666373411874,118.96118784735846,0.9249999227715939,428.25123726182426,396.132361394027,32.11887586779731,0.6738114792663445,2.001725120015622e-14,1.977780258190152e-14,0.3001228445504958,118.78234735421556,0.9249999227051984,427.86932602163375,395.77909349793657,32.090232523697175,0.9999999999996115,,,0.101,160.06369066429465,1584.7890164781647,1584.789016477679,4.856005513539367e-10,49.128459510823106,1.0665142776887479e-14,,,199.88352771280856,0.0003701694027775727,85.94991691650768,2.698095096405084,906.8719609647375,0.0,0.0,0.0,92.13819123401733
88,1,89,0.1016,4.021028152059227e-05,906.871477772541,,,,0,2.469880049975598e-13,1,1784.6718841631912,1784.6718841631912,3.3649294297450186e-13,285.5475014661106,59.25110655421795,0.333407412955068,,,270.83143326680374,1784.6718439529095,1713.2848456777992,71.3868685699083,1784.6717142477073,0.00012970520224257588,0.692178547512938,0.09223917068596191,0.10120092417345015,0.15802911714127432,90.40347804470294,0.96,595.9046746158355,572.0684876312021,23.836186984633407,0.6914606135433264,0.09242882372534889,0.1014092404635467,0.15807715458654875,90.27716315270398,0.96,594.8912217161201,571.0955728474753,23.795648868644786,0.6907409062914637,0.09261848711304163,0.10161845990187478,0.1581257768700898,90.15079206939679,0.96,593.8758179157519,570.1207851991218,23.75503271663012,,,,475.9760139260276,1713.2848456777992,1584.7883166267827,128.49649166094602,1713.284808287729,3.7390070180523915e-05,0.6749353517018393,2.485247919140229e-14,2.0624047289266195e-14,0.30046646133184557,119.11676292719427,0.9249999235609387,428.58323990954483,396.43946415582843,32.1437757537164,0.6749353517018396,2.4079361421245875e-14,2.0010282191887958e-14,0.30046553581350977,119.11586158249172,0.924999923560607,428.58131700983097,396.43768547359787,32.14363153623308,0.6744129137350653,2.0020636407376593e-14,1.9774535769438356e-14,0.30030658886178757,118.96111500551675,0.9249999235036018,428.25108146920775,396.132217599352,32.118863869855794,0.6738114792663448,2.0017250936041782e-14,1.977780283973502e-14,0.3001227695194481,118.7822744108248,0.9249999234375665,427.8691698991452,395.7789493980045,32.09022050114074,0.9999999999996102,,,0.101,160.06361997930506,1584.7883166267827,1584.7883166262955,4.872421184120135e-10,49.12843781543026,1.0238337262571884e-14,,,199.88343783169358,0.0004106004044075737,85.94987826762824,2.6980950964050887,906.871477772541,0.0,0.0,0.0,92.13814214169015
89,1,90,0.15246,4.021028382528824e-05,697.1063635283671,,,,0,2.463470673009458e-13,1,1461.469440858966,1461.469440858966,3.349125540918721e-13,233.83511053743456,48.52078543651768,0.3334074129550678,,,232.8771747984034,1461.469400648682,1403.0105001057334,58.45877083773898,1461.4692709434726,0.00012970520958126657,0.6453509146598578,0.08208584441272457,0.1289134772658047,0.16586054029174077,77.76671426548498,0.96,488.40425748076746,468.86808718153674,19.53617029923071,0.6445856188095869,0.08226266250974956,0.12913765724348913,0.16598334172722026,77.62631813167005,0.96,487.161827279696,467.67535418850815,19.486473091187882,0.6438127528153375,0.08243850484255208,0.12936665831867838,0.16610849780317014,77.48414240124839,0.96,485.903186183009,466.4670587356886,19.436127447320388,,,,334.7878897939145,1403.0105001057334,1281.5960131984777,121.41445120828726,1403.0104644067649,3.5698968793961316e-05,0.6749353517018418,2.491579141662538e-14,2.0087311062011823e-14,0.26133036714109154,83.78113818235391,0.9134615343097696,350.9668626037826,320.59472880593734,30.372133797845258,0.674935351701842,2.4185701889875866e-14,2.0542855774450313e-14,0.26133018479461423,83.78098796240623,0.9134614477312367,350.966511474692,320.59437767685387,30.37213379783815,0.6744129137350655,2.0020636179883386e-14,1.9774535991373085e-14,0.26119946594031945,83.67428090367315,0.9134614660171705,350.69491806510564,320.3462939805229,30.34862408458274,0.673811479266345,2.0017250708764165e-14,1.977780306160774e-14,0.26104893704811366,83.55148274548117,0.913461465998203,350.3821722631846,320.0606127351635,30.321559528021112,0.9999999999996045,,,0.101,129.44119733304623,1281.5960131984777,1281.5960131979832,4.943297230217593e-10,39.72947640915281,1.0551834208255015e-14,,,179.87329795577352,0.00010160300276694742,77.34551812098262,2.6980950964050945,697.1063635283672,0.0,0.0,0.0,106.28083618353484
90,1,91,0.15246,4.0210284162651644e-05,697.1063595151317,,,,0,2.463732199116426e-13,1,1461.46942609287,1461.46942609287,3.3489694770870044e-13,233.83510817485922,48.520784946283285,0.33340741295506776,,,232.87717313027912,1461.4693858825858,1403.0104859302778,58.458770247094975,1461.4692561773727,0.0001297052130915171,0.6313481334292541,0.09910310354117045,0.11310588477177415,0.16586054058427788,77.7667139299626,0.96,488.404254512136,468.8680843316505,19.53617018048548,0.6305654269149298,0.09929480318818124,0.11331499508283835,0.16598334221765965,77.62631757274505,0.96,487.16182233259184,467.6753494392882,19.486472893303663,0.6297732287305063,0.09948702852269115,0.11352655260752223,0.16610849848641368,77.48414162757145,0.96,485.903179332645,466.4670521593391,19.436127173305827,,,,334.7878848360382,1403.0104859302778,1281.596001759981,121.41444863270188,1403.010450392683,3.5537594674685304e-05,0.6749353517018446,2.4896495386066163e-14,1.9789373235870975e-14,0.26133036399249354,83.78113561448198,0.9134615345158333,350.9668559961279,320.5947228424205,30.372133153707395,0.6749353517018443,2.4141824655003132e-14,2.0864094559548254e-14,0.2613301841559125,83.78098746222831,0.9134614491290037,350.9665097001313,320.5943765464305,30.372133153700812,0.6744129137350657,2.0020637626813756e-14,1.9774534579796567e-14,0.26119946476379513,83.67427996092266,0.9134614671595891,350.69491525490207,320.3462918141506,30.34862344075145,0.6738114792663452,2.0017252154642636e-14,1.977780165011396e-14,0.26104893586563965,83.55148179840519,0.9134614671378053,350.3821694415217,320.06061055697944,30.321558884542238,0.9999999999996033,,,0.101,129.44119617775812,1281.596001759981,1281.5960017594853,4.958436607416264e-10,39.729476054559406,1.0194669511335913e-14,,,179.8732946281719,0.00010537105597590153,77.34551669011391,2.6980950964050994,697.1063595151317,0.0,0.0,0.0,106.28083557167697
91,1,92,0.15246,4.021028387272042e-05,697.1063595139748,,,,0,2.463907665904629e-13,1,1461.4694260886088,1461.4694260886088,3.348929926688704e-13,233.8351081741774,48.52078494614181,0.33340741295506787,,,232.8771731298518,1461.4693858783248,1403.01048592619,58.458770246924665,1461.469256173115,0.00012970521007479334,0.6305381040196322,0.11100741206409477,0.11181744147371672,0.1658605405202271,77.76671400342502,0.96,488.4042551621158,468.86808495563116,19.536170206484673,0.62975071986471,0.11120367247289262,0.11201837952311247,0.16598334221862904,77.62631757164029,0.96,487.1618223228134,467.67534942990085,19.48647289291256,0.6289537159541553,0.1114019996087962,0.11222151238514723,0.16610849855069093,77.48414155478649,0.96,485.9031786881855,466.4670515406581,19.436127147527433,,,,334.78788483458044,1403.01048592619,1281.5960017566167,121.41444863200869,1403.0104503886255,3.553756445499589e-05,0.6749353517018465,2.4390268197445488e-14,2.0615216971535476e-14,0.2613303639898366,83.78113561230018,0.9134615345150295,350.96685599086516,320.5947228373311,30.37213315353406,0.6749353517018465,2.377388532614517e-14,2.0018596399168446e-14,0.2613301841559523,83.78098746226807,0.9134614491294802,350.9665097000614,320.5943765465339,30.372133153527496,0.674412913735066,2.002063909455465e-14,1.9774533147918414e-14,0.2611994647642054,83.67427996126742,0.913461467160242,350.6949152555455,320.34629181496734,30.348623440578127,0.6738114792663454,2.0017253621364816e-14,1.9777800218272575e-14,0.26104893586604405,83.55148179874477,0.9134614671384556,350.3821694421535,320.06061055778446,30.321558884369008,0.9999999999996069,,,0.101,129.44119617741828,1281.5960017566167,1281.5960017561254,4.914641495970071e-10,39.72947605445512,1.0568611491572793e-14,,,179.87329462727348,0.00010537212405927276,77.34551668972759,2.6980950964051043,697.1063595139748,0.0,0.0,0.0,106.2808355715006
92,1,93,0.15246,4.0210283990767896e-05,697.1063595151309,,,,0,2.460927463110732e-13,1,1461.469426092866,1461.469426092866,3.351244449197078e-13,233.83510817485856,48.52078494628315,0.3334074129550678,,,232.87717313027886,1461.4693858825817,1403.0104859302755,58.45877024709484,1461.4692561773704,0.00012970521130307305,0.6313481334292452,0.11181744147371646,0.11100741206410347,0.165860540584278,77.7667139299626,0.96,488.40425451213565,468.8680843316502,19.53617018048542,0.6305654269149296,0.11201837952311228,0.1112036724728927,0.16598334221765973,77.62631757274495,0.96,487.16182233259104,467.67534943928734,19.486472893303677,0.6297732287305149,0.11222151238514719,0.11140199960878755,0.16610849848641374,77.4841416275713,0.96,485.90317933264373,466.467052159338,19.436127173305746,,,,334.78788483603734,1403.0104859302755,1281.5960017599791,121.4144486327019,1403.0104503926812,3.5537594551868074e-05,0.6749353517018484,2.4802071525542677e-14,2.1087861666706998e-14,0.261330363992493,83.7811356144815,0.9134615345158328,350.9668559961268,320.59472284241934,30.37213315370746,0.6749353517018494,2.3994947569346263e-14,1.9592180242588114e-14,0.26133018415591336,83.78098746222899,0.9134614491290038,350.9665097001331,320.5943765464321,30.372133153700936,0.6744129137350662,2.002064056229415e-14,1.977453171604204e-14,0.2611994647637945,83.67427996092215,0.9134614671595891,350.6949152549008,320.3462918141495,30.348623440751364,0.6738114792663457,2.0017255088085677e-14,1.97777987864329e-14,0.26104893586563904,83.55148179840468,0.9134614671378052,350.38216944152043,320.06061055697825,30.321558884542153,0.999999999999605,,,0.101,129.44119617775792,1281.5960017599791,1281.5960017594855,4.938133895650351e-10,39.729476054559356,1.0353613892998144e-14,,,179.87329462816945,0.0001053710566113272,77.34551669011286,2.698095096405109,697.106359515131,0.0,0.0,0.0,106.28083557167686
93,1,94,0.15246,4.0210283809576144e-05,697.1063635283672,,,,0,2.481523833040707e-13,1,1461.4694408589664,1461.4694408589664,3.351261842761423e-13,233.83511053743464,48.520785436517684,0.3334074129550678,,,232.8771747984035,1461.4694006486825,1403.010500105734,58.458770837738975,1461.469270943473,0.00012970520941778282,0.64535091465967,0.11310588477175917,0.09910310354133438,0.16586054029174072,77.76671426548505,0.96,488.4042574807681,468.8680871815373,19.536170299230747,0.6445856188095891,0.11331499508283868,0.09929480318817913,0.16598334172722023,77.62631813167009,0.96,487.16182727969624,467.6753541885084,19.48647309118788,0.64381275281553,0.11352655260753804,0.09948702852252302,0.16610849780317014,77.48414240124836,0.96,485.9031861830088,466.46705873568845,19.43612744732035,,,,334.7878897939145,1403.010500105734,1281.5960131984777,121.41445120828766,1403.0104644067653,3.569896877898073e-05,0.6749353517018442,1.835729407636059e-14,1.9716081068088606e-14,0.2613303671410913,83.78113818235376,0.9134615343097693,350.9668626037824,320.594728805937,30.372133797845375,0.6749353517018457,1.7870381735825933e-14,2.0946178550121983e-14,0.26133018479461484,83.78098796240673,0.9134614477312365,350.9665114746934,320.59437767685506,30.37213379783833,0.6744129137350664,2.0020642030035482e-14,1.9774530284164292e-14,0.2611994659403193,83.674280903673,0.9134614660171703,350.6949180651053,320.3462939805225,30.34862408458279,0.6738114792663459,2.0017256554808296e-14,1.9777797354591918e-14,0.2610489370481135,83.55148274548101,0.9134614659982027,350.38217226318426,320.0606127351631,30.32155952802117,0.9999999999996186,,,0.101,129.44119733304623,1281.5960131984777,1281.596013198001,4.767852014248141e-10,39.72947640915281,1.047636270555102e-14,,,179.87329795575636,0.00010160300269577243,77.34551812097523,2.698095096405102,697.1063635283672,0.0,0.0,0.0,106.28083618353487
94,1,95,0.1016,4.021028153821619e-05,906.8714777725611,,,,0,2.468269348217394e-13,1,1784.6718841632241,1784.671884163224,3.364154575628194e-13,285.5475014661159,59.25110655421904,0.33340741295506804,,,270.8314332668073,1784.6718439529425,1713.2848456778304,71.38686856990968,1784.67171424774,0.00012970520242595215,0.6921785475122314,0.1289134772655787,0.08208584441301724,0.15802911714132797,90.40347804456106,0.96,595.9046746146979,572.06848763011,23.836186984587922,0.6914606135433422,0.12913765724349213,0.08226266250973899,0.15807715458654828,90.27716315270516,0.96,594.8912217161297,571.0955728474845,23.795648868645266,0.6907409062922026,0.12936665831891073,0.08243850484223804,0.15812577687003393,90.15079206954111,0.96,593.8758179169124,570.1207852002359,23.75503271667648,,,,475.97601392604224,1713.2848456778304,1584.788316626812,128.49649166094835,1713.2848082877601,3.739007019534305e-05,0.6749353517018376,1.6561275032846614e-14,1.865989088361712e-14,0.30046646133184685,119.11676292719552,0.9249999235609387,428.5832399095475,396.43946415583093,32.14377575371661,0.6749353517018373,1.28843394675599e-14,2.2286332683017077e-14,0.30046553581351737,119.11586158249914,0.9249999235606069,428.58131700984677,396.43768547361253,32.14363153623424,0.6744129137350666,2.0020643476966704e-14,1.9774528872588585e-14,0.3003065888617907,118.96111500551976,0.9249999235036018,428.25108146921417,396.1322175993579,32.118863869856284,0.6738114792663461,2.0017258000687613e-14,1.9777795943098953e-14,0.30012276951945127,118.78227441082784,0.9249999234375664,427.8691698991517,395.77894939801047,32.090220501141225,0.9999999999999439,,,0.101,160.06361997930802,1584.788316626812,1584.788316626742,7.004329192458084e-11,49.12843781543117,4.504114791130333e-14,,,199.88343783128013,0.00041060040327527787,85.94987826745044,2.698095096405088,906.8714777725611,0.0,0.0,0.0,92.1381421416922
95,1,96,0.1016,4.021028150409702e-05,906.8719609649418,,,,0,2.4682189182031797e-13,1,1784.6726738960374,1784.6726738960372,3.3642990708771334e-13,285.547627823366,59.25113277334844,0.333407412955068,,,270.83153162149824,1784.6726336857557,1713.2856038213317,71.3869001592222,1784.6725039805535,0.000129705202071015,0.7011403009996904,0.10120092417361883,0.09223917068615985,0.1580291051913471,90.40350965201152,0.96,595.9049280204042,572.068730899588,23.836197120816184,0.7004410302815759,0.10140924046356085,0.09242882372532724,0.15807714204419135,90.27719594104475,0.96,594.8914849791032,571.0958255799391,23.795659399164116,0.699740879081137,0.10161845990173471,0.09261848711280035,0.15812576372819614,90.15082602844197,0.96,593.8760909810463,570.1210473418045,23.755043639241897,,,,475.9763685097402,1713.2856038213317,1584.7890164784721,128.4965497614336,1713.2855662399056,3.758142599227041e-05,0.6749353517018335,1.9216368495283855e-14,1.9279054067099124e-14,0.30046650812274905,119.11680846694362,0.9249999228292329,428.58333735878796,396.439553982774,32.143783376013985,0.6749353517018329,1.64294967044344e-14,2.1463066280309597e-14,0.3004657034808347,119.11602484115743,0.9249999228289428,428.5816655975202,396.43800760360597,32.143657993914246,0.6744129137350668,2.0020643249473333e-14,1.9774529094523165e-14,0.3003066637341522,118.96118784739102,0.9249999227715934,428.251237261894,396.1323613940913,32.1188758678027,0.6738114792663463,2.0017257773409835e-14,1.9777796164971516e-14,0.30012284455052934,118.78234735424813,0.9249999227051979,427.8693260217036,395.7790934980009,32.09023252370268,0.9999999999999437,,,0.101,160.06369066432572,1584.7890164784721,1584.789016478402,7.040627154273821e-11,49.128459510832634,4.445808527051103e-14,,,199.88352771243407,0.0003701693773302032,85.94991691634664,2.69809509640508,906.8719609649418,0.0,0.0,0.0,92.13819123403808
96,1,97,0.1016,4.021028105430725e-05,906.8719656250188,,,,0,2.468020671321128e-13,1,1784.6726818130924,1784.6726818130924,3.3643737281137595e-13,285.5476290900948,59.251133036194666,0.33340741295506804,,,270.8315326042911,1784.6726416028114,1713.2856114217093,71.38690047590453,1784.672511897614,0.00012970519739096968,0.7014926689376209,0.09313646177984763,0.0927840938419172,0.1580291054832197,90.40350888001355,0.96,595.904921831083,572.0687249578398,23.8361968732433,0.7007967667504449,0.09333413195510498,0.09297839548623589,0.15807714191766217,90.27719627181891,0.96,594.8914876349428,571.0958281295451,23.79565950539769,0.7001000345021288,0.09353193749710995,0.09317278207611816,0.1581257631771133,90.15082745245867,0.96,593.8761024315882,570.1210583343246,23.75504409726354,,,,475.97637206252637,1713.2856114217093,1584.7890234867946,128.49655035161896,1713.2855738384133,3.758329602521024e-05,0.6749353517018319,2.1958196859989863e-14,1.991339692342984e-14,0.3004665083204456,119.11680865900578,0.92499992281739,428.58333777332354,396.4395543611436,32.143783412179886,0.6749353517018317,1.9365126956457513e-14,2.0727974988252797e-14,0.30046570697585,119.1160282444113,0.9249999228171011,428.5816728627178,396.43801431883804,32.14365854387976,0.6744129137350671,2.0020642985172628e-14,1.9774529352365716e-14,0.30030666371062487,118.96118782402264,0.9249999227597453,428.2512372168061,396.13236134731096,32.118875869495106,0.6738114792663465,2.0017257509295206e-14,1.977779642280487e-14,0.30012284453130894,118.78234733508661,0.924999922693344,427.869325985566,395.7790934595017,32.09023252606423,0.9999999999996617,,,0.101,160.06369137216626,1584.7890234867946,1584.7890234863717,4.2294061758576136e-10,49.128459728090625,1.087378422037221e-14,,,199.88352862152385,0.00036958603485726495,85.94991730725526,2.698095096405077,906.8719656250187,0.0,0.0,0.0,92.1381917075019
97,1,98,0.1016,4.02102811384901e-05,906.8719656843643,,,,0,2.4680195424520514e-13,1,1784.6726819180733,1784.672681918073,3.364415736283877e-13,285.5476291068917,59.251133039680035,0.33340741295506804,,,270.8315326145518,1784.672641707792,1713.2856115224902,71.38690048010376,1784.6725120025937,0.00012970519826688919,0.7014882616384646,0.0927813918510139,0.09278579915017017,0.1580291058422907,90.40350793027696,0.96,595.9049142167825,572.0687176481111,23.836196568671312,0.7007924578821794,0.09297600630036344,0.09298031516862905,0.15807714191530187,90.27719627798922,0.96,594.8914876844854,571.095828177106,23.79565950737944,0.7000958253339731,0.09317071029254961,0.09317491946070529,0.15812576280799015,90.15082840628561,0.96,593.876110101326,570.121065697273,23.755044404053013,,,,475.9763721096877,1713.2856115224902,1584.7890235797433,128.49655035943667,1713.2855739391798,3.758331028315992e-05,0.6749353517018306,2.1925632161285965e-14,2.007214987429334e-14,0.30046650832428945,119.11680866274324,0.9249999228172381,428.5833377813584,396.4395543685108,32.14378341284758,0.6749353517018303,1.9323911141611835e-14,2.0558722862922278e-14,0.3004657070652688,119.11602833148845,0.9249999228169493,428.58167304854715,396.43801449066507,32.14365855788206,0.6744129137350673,2.0020642720884295e-14,1.97745296101962e-14,0.30030666368815484,118.9611878021473,0.9249999227595934,428.25123717017004,396.13236130410763,32.118875866062396,0.6738114792663468,2.0017257245190498e-14,1.9777796680628553e-14,0.30012284450892285,118.78234731330878,0.9249999226931921,427.86932593910433,395.7790934164597,32.09023252264462,0.9999999999996494,,,0.101,160.0636913815541,1584.7890235797433,1584.789023579305,4.382028418183734e-10,49.12845973097204,1.205940761700139e-14,,,199.8835286335704,0.00036957857041478064,85.94991731243528,2.698095096405075,906.8719656843642,0.0,0.0,0.0,92.13819171353141
98,1,99,0.1016,4.0210281283469915e-05,906.8719656850399,,,,0,2.4678616352386073e-13,1,1784.6726819228045,1784.6726819228043,3.3646340840151945e-13,285.54762910764873,59.25113303983711,0.333407412955068,,,270.8315326127606,1784.672641712523,1713.2856115270304,71.386900480293,1784.6725120073231,0.00012970519977539884,0.7014872538614981,0.09278362929022145,0.09278463706718793,0.15802910614730978,90.40350712350674,0.96,595.9049077486828,572.0687114387355,23.83619630994735,0.700791443669772,0.0929781287698516,0.09297914298225898,0.15807714191464137,90.277196279716,0.96,594.8914876983497,571.0958281904157,23.795659507933998,0.700094804510891,0.09317271627956777,0.09317373710264984,0.15812576249713817,90.15082920953792,0.96,593.8761165602907,570.121071897879,23.75504466241165,,,,475.97637211181564,1713.2856115270304,1584.7890235839395,128.49655035978014,1713.2855739437198,3.758331062104372e-05,0.6749353517018296,2.2133506218944314e-14,2.022336867075684e-14,0.3004665083246111,119.11680866305639,0.9249999228172364,428.5833377820272,396.4395543691287,32.143783412898486,0.6749353517018294,2.0041436312420756e-14,2.0402467234264714e-14,0.3004657070683954,119.1160283345333,0.9249999228169475,428.5816730550436,396.4380144966736,32.14365855837004,0.6744129137350675,2.002064245660877e-14,1.9774529868014207e-14,0.300306663687522,118.96118780153132,0.9249999227595918,428.2512371688559,396.1323613028913,32.11887586596458,0.673811479266347,2.001725698109853e-14,1.9777796938439814e-14,0.30012284450829146,118.78234731269461,0.9249999226931903,427.869325937793,395.77909341524594,32.09023252254704,0.9999999999996498,,,0.101,160.0636913819779,1584.7890235839395,1584.7890235835018,4.376935774314256e-10,49.12845973110212,1.0859483520031154e-14,,,199.8835286341031,0.00036957848543127793,85.94991731266433,2.6980950964050736,906.8719656850398,0.0,0.0,0.0,92.13819171360005
99,1,100,0.1016,4.021028127308345e-05,906.8719656846878,,,,0,2.4678264544384864e-13,1,1784.6726819251378,1784.6726819251378,3.3646540011851215e-13,285.5476291080221,59.25113303991458,0.333407412955068,,,270.83153261110454,1784.6726417148564,1713.2856115292705,71.38690048038633,1784.6725120096567,0.00012970519966732803,0.7014872146187138,0.09278454176820525,0.09278458101098956,0.15802910639680373,90.4035064635997,0.96,595.9049024580255,572.0687063597045,23.836196098321036,0.7007914070604843,0.0929790482219615,0.09297908483124923,0.15807714191412603,90.27719628106301,0.96,594.8914877091654,571.0958282007987,23.795659508366654,0.7000947704882542,0.09317364281498551,0.0931736768376224,0.15812576224292177,90.15082986644182,0.96,593.8761218424657,570.121076968767,23.755044873698633,,,,475.976372112866,1713.2856115292705,1584.789023586013,128.49655035994658,1713.2855739459596,3.758331073836615e-05,0.6749353517018287,2.2225524988161184e-14,2.0341501988179114e-14,0.3004665083247508,119.11680866319247,0.9249999228172373,428.58333778231713,396.4395543693973,32.14378341291985,0.6749353517018286,2.0178140710841987e-14,2.0283627355289995e-14,0.3004657070689687,119.11602833509161,0.9249999228169484,428.5816730562343,396.4380144977754,32.143658558458945,0.6744129137350677,2.0020642192333614e-14,1.977453012583187e-14,0.30030666368770487,118.96118780170933,0.9249999227595926,428.2512371692355,396.1323613032428,32.118875865992656,0.6738114792663472,2.001725671700693e-14,1.9777797196250725e-14,0.3001228445084744,118.78234731287252,0.9249999226931912,427.8693259381727,395.7790934155976,32.09023252257511,0.9999999999996456,,,0.101,160.06369138218733,1584.789023586013,1584.78902358557,4.429806843594052e-10,49.12845973116641,1.1723868877102161e-14,,,199.88352863436822,0.00036957852972365607,85.94991731277834,2.6980950964050723,906.8719656846878,0.0,0.0,0.0,92.13819171356427
100,1,101,0.1016,4.0210281166239e-05,906.8719656843564,,,,0,2.4677582797104116e-13,1,1784.6726819268533,1784.6726819268533,3.3648061346504547e-13,285.5476291082966,59.251133039971535,0.33340741295506804,,,270.8315326098047,1784.6726417165721,1713.2856115309182,71.38690048045508,1784.6725120113736,0.0001297051985556155,0.7014872124587687,0.09278457941657191,0.09278458157651703,0.15802910659079922,90.40350595048503,0.96,595.9048983442434,572.0687024104736,23.836195933769815,0.7007914077142281,0.09297908550708467,0.09297908485334073,0.15807714191372726,90.2771962821054,0.96,594.891487717535,571.0958282088336,23.795659508701462,0.7000947739345788,0.09317367976586108,0.09317367631953652,0.15812576204525708,90.15083037721425,0.96,593.8761259495949,570.1210809116111,23.7550450379838,,,,475.9763721136387,1713.2856115309182,1584.7890235875388,128.4965503600688,1713.2855739476076,3.7583310753837724e-05,0.6749353517018283,2.2430226179649887e-14,2.0384785713557727e-14,0.30046650832485156,119.11680866329064,0.9249999228172381,428.58333778252626,396.43955436959106,32.14378341293517,0.6749353517018281,2.0625675010117938e-14,2.024077223898174e-14,0.30046570706934583,119.11602833545894,0.9249999228169493,428.5816730570176,396.4380144985003,32.14365855851732,0.674412913735068,2.002064192805836e-14,1.9774530383649642e-14,0.3003066636878628,118.96118780186303,0.9249999227595934,428.25123716956324,396.1323613035463,32.11887586601693,0.6738114792663474,2.0017256452915232e-14,1.9777797454061746e-14,0.30012284450863225,118.78234731302612,0.9249999226931921,427.86932593850054,395.7790934159012,32.09023252259935,0.9999999999996433,,,0.101,160.06369138234146,1584.7890235875388,1584.789023587093,4.459583794638983e-10,49.12845973121371,1.0779424123179034e-14,,,199.88352863456205,0.0003695785714019908,85.94991731286169,2.698095096405072,906.8719656843565,0.0,0.0,0.0,92.1381917135306
101,1,102,0.1016,4.0210281189600876e-05,906.8719656841569,,,,0,2.467714116692025e-13,1,1784.672681928142,1784.6726819281419,3.364831873179478e-13,285.54762910850275,59.25113304001432,0.33340741295506804,,,270.83153260888423,1784.6726417178609,1713.2856115321551,71.38690048050663,1784.672512012662,0.0001297051987986949,0.7014872105522814,0.09278458007577844,0.09278458198226575,0.15802910672933596,90.40350558405778,0.96,595.9048954064951,572.0686995902353,23.836195816259856,0.7007914078320547,0.09297908510508339,0.09297908498725677,0.15807714191344177,90.27719628285193,0.96,594.8914877235288,571.0958282145876,23.79565950894123,0.7000947760623389,0.09317367831232776,0.09317367618456761,0.1581257619040979,90.1508307419745,0.96,593.876128882638,570.1210837273325,23.755045155305538,,,,475.97637211421875,1713.2856115321551,1584.7890235886841,128.4965503601606,1713.2855739488446,3.758331084147019e-05,0.6749353517018278,2.2535791570973602e-14,2.053109706628286e-14,0.3004665083249272,119.11680866336435,0.9249999228172386,428.58333778268326,396.4395543697365,32.14378341294671,0.6749353517018277,2.0759112782945004e-14,2.009855573166719e-14,0.3004657070696267,119.1160283357325,0.9249999228169498,428.58167305760105,396.4380144990402,32.143658558560844,0.6744129137350682,2.0020641663783024e-14,1.97745306414675e-14,0.30030666368798237,118.96118780197942,0.924999922759594,428.2512371698115,396.1323613037762,32.11887586603531,0.6738114792663477,2.0017256188823455e-14,1.977779771187286e-14,0.3001228445087519,118.78234731314247,0.9249999226931926,427.86932593874883,395.77909341613105,32.09023252261774,0.9999999999996407,,,0.101,160.0636913824571,1584.7890235886841,1584.7890235882348,4.4913979728314684e-10,49.1284597312492,1.1507722253939763e-14,,,199.88352863470874,0.00036957859650196194,85.94991731292475,2.6980950964050714,906.8719656841569,0.0,0.0,0.0,92.13819171351034
102,1,103,0.1016,4.021028099138474e-05,906.8719656839561,,,,0,2.4678824751878966e-13,1,1784.672681928775,1784.672681928775,3.3649759155477903e-13,285.547629108604,59.251133040035334,0.333407412955068,,,270.83153260831494,1784.672641718494,1713.2856115327652,71.386900480532,1784.6725120132974,0.0001297051967362633,0.7014872093452728,0.09278458082890423,0.09278458203591283,0.1580291068124479,90.40350536422834,0.96,595.9048936440613,572.0686978982989,23.83619574576244,0.700791407838232,0.09297908499945705,0.0929790849932798,0.1580771419132727,90.27719628329385,0.96,594.8914877270771,571.0958282179939,23.795659509083155,0.7000947772730657,0.09317367735470206,0.09317367614397531,0.1581257618194171,90.15083096079273,0.96,593.8761306421588,570.1210854164725,23.755045225686406,,,,475.9763721145049,1713.2856115327652,1584.789023589249,128.49655036020553,1713.2855739494544,3.7583310730481e-05,0.6749353517018278,2.2750884887793232e-14,2.0613491565370037e-14,0.30046650832496447,119.1168086634006,0.9249999228172392,428.5833377827604,396.4395543698081,32.14378341295231,0.6749353517018274,2.106006310355546e-14,2.0020219038566808e-14,0.3004657070697663,119.11602833586846,0.9249999228169503,428.5816730578909,396.4380144993085,32.143658558582395,0.6744129137350684,2.0020641399507625e-14,1.977453089928544e-14,0.30030666368804093,118.96118780203643,0.9249999227595945,428.25123716993295,396.13236130388873,32.118875866044206,0.6738114792663479,2.001725592473161e-14,1.977779796968405e-14,0.3001228445088104,118.78234731319941,0.9249999226931931,427.86932593887025,395.77909341624365,32.09023252262663,0.9999999999996382,,,0.101,160.06369138251415,1584.789023589249,1584.7890235887967,4.5234388582904714e-10,49.128459731266716,1.070566078395515e-14,,,199.88352863478195,0.0003695786217576054,85.94991731295623,2.698095096405072,906.871965683956,0.0,0.0,0.0,92.13819171348993
103,1,104,0.1016,4.021028112815226e-05,906.8719656839672,,,,0,2.467870528805177e-13,1,1784.6726819291214,1784.6726819291214,3.3650166455267836e-13,285.5476291086594,59.25113304004683,0.33340741295506804,,,270.83153260814174,1784.6726417188402,1713.2856115330965,71.38690048054562,1784.672512013642,0.00012970519815932435,0.7014872089417209,0.09278458145446349,0.09278458185801533,0.15802910684014762,90.40350529096305,0.96,595.9048930566731,572.0686973344062,23.836195722266908,0.7007914078389871,0.0929790849943437,0.09297908499358869,0.15807714191321431,90.27719628344667,0.96,594.8914877283038,571.0958282191717,23.795659509132125,0.7000947776752479,0.0931736767237345,0.0931736763215523,0.15812576179119017,90.15083103373205,0.96,593.8761312286649,570.1210859795184,23.75504524914659,,,,475.97637211465997,1713.2856115330965,1584.789023589555,128.49655036023034,1713.2855739497857,3.758331085002253e-05,0.6749353517018281,2.284250500764259e-14,2.069406379483764e-14,0.30046650832498484,119.11680866342046,0.9249999228172391,428.58333778280274,396.43955436984726,32.14378341295545,0.6749353517018268,2.0948207033678352e-14,1.9944799563481867e-14,0.3004657070698408,119.11602833594105,0.9249999228169503,428.58167305804574,396.43801449945175,32.143658558594026,0.6744129137350686,2.0020641135232204e-14,1.9774531157103418e-14,0.30030666368807307,118.96118780206773,0.9249999227595944,428.2512371699998,396.1323613039506,32.118875866049216,0.6738114792663481,2.0017255660639745e-14,1.9777798227495277e-14,0.3001228445088425,118.78234731323072,0.9249999226931931,427.86932593893715,395.7790934163055,32.09023252263164,0.9999999999996362,,,0.101,160.06369138254504,1584.789023589555,1584.7890235891,4.5484846901527834e-10,49.12845973127621,1.134934741497041e-14,,,199.8835286348231,0.00036957862035511143,85.94991731297394,2.698095096405072,906.8719656839673,0.0,0.0,0.0,92.13819171349107
104,1,105,0.1016,4.0210281198431574e-05,906.8719656840368,,,,0,2.470351438280719e-13,1,1784.6726819289147,1784.6726819289145,3.3652284336528876e-13,285.5476291086263,59.25113304003997,0.33340741295506804,,,270.831532608332,1784.6726417186333,1713.285611532897,71.38690048053746,1784.6725120134345,0.00012970519889057798,0.7014872093453033,0.09278458185802843,0.09278458145444599,0.15802910681244528,90.40350536423526,0.96,595.9048936441168,572.0686978983521,23.836195745764698,0.7007914078382554,0.09297908499359928,0.09297908499433087,0.1580771419132705,90.27719628329955,0.96,594.8914877271229,571.0958282180379,23.7956595090849,0.7000947772730821,0.09317367632156046,0.09317367672372623,0.15812576181941534,90.15083096079721,0.96,593.876130642195,570.1210854165071,23.75504522568787,,,,475.9763721145665,1713.285611532897,1584.7890235893706,128.49655036021576,1713.285573949586,3.758331089075724e-05,0.674935351701827,2.3310547685912512e-14,2.39305715423552e-14,0.3004665083249723,119.11680866340825,0.924999922817239,428.58333778277677,396.43955436982316,32.143783412953624,0.6749353517018267,2.0451741725710485e-14,1.7644817001318608e-14,0.3004657070697956,119.11602833589697,0.9249999228169501,428.58167305795183,396.4380144993648,32.143658558587035,0.6744129137350688,2.0020640870956768e-14,1.9774531414921413e-14,0.30030666368805403,118.96118780204915,0.9249999227595943,428.2512371699602,396.13236130391385,32.11887586604635,0.6738114792663483,2.0017255396547867e-14,1.9777798485306532e-14,0.3001228445088235,118.78234731321213,0.9249999226931929,427.86932593889753,395.7790934162688,32.090232522628774,0.9999999999996311,,,0.101,160.06369138252646,1584.7890235893706,1584.7890235889095,4.611691251603542e-10,49.12845973127049,1.0696344598370402e-14,,,199.88352863480685,0.00036957861160280466,85.94991731296695,2.698095096405071,906.8719656840368,0.0,0.0,0.0,92.13819171349813
105,1,106,0.1016,4.021028129968481e-05,906.8719656842002,,,,0,2.4700683661875944e-13,1,1784.6726819282173,1784.6726819282173,3.364891546969321e-13,285.5476291085148,59.25113304001682,0.333407412955068,,,270.8315326088935,1784.6726417179361,1713.2856115322263,71.38690048050954,1784.672512012736,0.00012970519994411417,0.7014872105523128,0.09278458203590693,0.09278458082889746,0.1580291067293338,90.40350558406371,0.96,595.9048954065422,572.0686995902805,23.836195816261743,0.7007914078320705,0.09297908499327298,0.0929790849994579,0.15807714191344058,90.27719628285499,0.96,594.8914877235535,571.0958282146113,23.795659508942204,0.7000947760623392,0.0931736761439675,0.09317367735471047,0.1581257619040978,90.15083074197479,0.96,593.8761288826403,570.1210837273346,23.75504515530559,,,,475.9763721142518,1713.2856115322263,1584.7890235887492,128.49655036016617,1713.2855739489155,3.758331092690604e-05,0.6749353517018263,2.3322748186158337e-14,2.3612294178129043e-14,0.3004665083249311,119.11680866336813,0.9249999228172385,428.5833377826914,396.439554369744,32.1437834129474,0.6749353517018263,2.0551319866234864e-14,1.7821945228769868e-14,0.30046570706964243,119.1160283357478,0.9249999228169496,428.58167305763374,396.43801449907033,32.143658558563374,0.6744129137350691,2.0020640606681353e-14,1.977453167273941e-14,0.3003066636879896,118.96118780198641,0.9249999227595939,428.2512371698264,396.13236130379,32.118875866036475,0.6738114792663485,2.0017255132456005e-14,1.977779874311778e-14,0.30012284450875903,118.78234731314946,0.9249999226931925,427.86932593876384,395.7790934161449,32.09023252261892,0.9999999999996274,,,0.101,160.06369138246367,1584.7890235887492,1584.7890235882835,4.658325338402381e-10,49.128459731251226,1.1360359988474318e-14,,,199.88352863473406,0.0003695785910489808,85.94991731293564,2.69809509640507,906.8719656842002,0.0,0.0,0.0,92.13819171351473
106,1,107,0.1016,4.0210281144480116e-05,906.8719656843482,,,,0,2.469728557328419e-13,1,1784.6726819268392,1784.672681926839,3.364975597232672e-13,285.5476291082943,59.251133039971066,0.33340741295506804,,,270.831532609803,1784.672641716558,1713.2856115309048,71.38690048045454,1784.6725120113597,0.0001297051983292151,0.7014872124587941,0.09278458198225414,0.09278458007577285,0.15802910659079772,90.40350595048905,0.96,595.9048983442756,572.0687024105046,23.83619593377108,0.7007914077142283,0.09297908498724616,0.09297908510508843,0.15807714191372754,90.27719628210484,0.96,594.8914877175304,571.0958282088291,23.79565950870128,0.7000947739345538,0.09317367618455791,0.09317367831234327,0.15812576204525905,90.15083037720906,0.96,593.8761259495535,570.1210809115713,23.755045037982182,,,,475.9763721136324,1713.2856115309048,1584.7890235875263,128.4965503600677,1713.285573947594,3.7583310737205995e-05,0.6749353517018261,2.3483371068493003e-14,2.3451537883955302e-14,0.3004665083248501,119.11680866328923,0.9249999228172382,428.5833377825232,396.4395543695882,32.14378341293495,0.6749353517018264,2.117790834123227e-14,1.7914633220390926e-14,0.30046570706934256,119.11602833545577,0.9249999228169493,428.5816730570109,396.43801449849406,32.143658558516826,0.6744129137350693,2.0020640342405976e-14,1.977453193055738e-14,0.3003066636878619,118.96118780186218,0.9249999227595934,428.2512371695614,396.13236130354466,32.11887586601675,0.6738114792663488,2.0017254868364186e-14,1.9777799000929e-14,0.30012284450863136,118.78234731302527,0.9249999226931921,427.86932593849866,395.7790934158995,32.090232522599166,0.9999999999996262,,,0.101,160.06369138234018,1584.7890235875263,1584.789023587059,4.672804761666646e-10,49.12845973121332,1.0654659092977525e-14,,,199.88352863458175,0.0003695785724326915,85.94991731287016,2.69809509640507,906.8719656843482,0.0,0.0,0.0,92.13819171352978
107,1,108,0.1016,4.021028125824548e-05,906.8719656846811,,,,0,2.46976478593657e-13,1,1784.6726819251264,1784.6726819251264,3.3649770985906724e-13,285.54762910802026,59.2511330399142,0.333407412955068,,,270.83153261110317,1784.6726417148452,1713.2856115292595,71.38690048038595,1784.6725120096455,0.00012970519951293943,0.7014872146187425,0.09278458157651115,0.09278457941656273,0.1580291063968015,90.40350646360558,0.96,595.9049024580728,572.0687063597499,23.836196098322947,0.7007914070604779,0.09297908485333845,0.09297908550708876,0.15807714191412622,90.27719628106254,0.96,594.8914877091617,571.0958282007952,23.795659508366494,0.7000947704882132,0.09317367631953775,0.09317367976587829,0.15812576224292435,90.15082986643503,0.96,593.8761218424113,570.1210769687148,23.755044873696512,,,,475.9763721128609,1713.2856115292595,1584.7890235860032,128.49655035994576,1713.285573945949,3.758331072663014e-05,0.6749353517018262,2.3444343882761066e-14,2.2628855315975394e-14,0.3004665083247494,119.11680866319115,0.9249999228172373,428.5833377823143,396.43955436939467,32.14378341291961,0.674935351701827,2.1669350033739935e-14,1.8426369791366394e-14,0.3004657070689655,119.1160283350885,0.9249999228169484,428.5816730562277,396.43801449776925,32.143658558458455,0.6744129137350695,2.0020640078130685e-14,1.9774532188375284e-14,0.3003066636877046,118.96118780170902,0.9249999227595926,428.2512371692348,396.13236130324213,32.118875865992656,0.673811479266349,2.001725460427245e-14,1.9777799258740155e-14,0.300122844508474,118.7823473128722,0.9249999226931912,427.86932593817204,395.779093415597,32.090232522575036,0.9999999999996257,,,0.101,160.06369138218633,1584.7890235860032,1584.7890235855355,4.678965127728511e-10,49.1284597311661,1.1136616026991667e-14,,,199.88352863439192,0.00036957853055807465,85.94991731278853,2.698095096405072,906.8719656846812,0.0,0.0,0.0,92.1381917135636
108,1,109,0.1016,4.021028110882484e-05,906.8719656849726,,,,0,2.4698799593186223e-13,1,1784.672681922688,1784.6726819226878,3.3649974185906566e-13,285.5476291076301,59.25113303983324,0.33340741295506804,,,270.8315326127464,1784.6726417124069,1713.2856115269205,71.38690048028843,1784.6725120072088,0.00012970519795822314,0.7014872538615278,0.09278458101097974,0.09278454176819445,0.15802910614730856,90.40350712351008,0.96,595.9049077487094,572.068711438761,23.836196309948356,0.7007914436697573,0.09297908483124577,0.09297904822196645,0.15807714191464317,90.2771962797112,0.96,594.8914876983114,571.0958281903789,23.795659507932506,0.7000948045108324,0.09317367683762523,0.09317364281500604,0.1581257624971431,90.15082920952513,0.96,593.8761165601879,570.1210718977803,23.75504466240757,,,,475.97637211176436,1713.2856115269205,1584.7890235838383,128.49655035977162,1713.28557394361,3.7583310486205054e-05,0.6749353517018276,2.3531767274206207e-14,2.0575321789395806e-14,0.30046650832460375,119.1168086630492,0.9249999228172365,428.58333778201177,396.4395543691145,32.143783412897285,0.6749353517018272,2.223845594860349e-14,2.005635840316414e-14,0.3004657070683706,119.11602833450912,0.9249999228169478,428.58167305499194,396.4380144966259,32.143658558366056,0.6744129137350697,2.0020639813855488e-14,1.9774532446193106e-14,0.30030666368751185,118.96118780152139,0.9249999227595919,428.25123716883456,396.13236130287163,32.11887586596293,0.6738114792663492,2.001725434018081e-14,1.9777799516551233e-14,0.3001228445082812,118.78234731268464,0.9249999226931905,427.86932593777163,395.77909341522627,32.09023252254536,0.9999999999996256,,,0.101,160.0636913819677,1584.7890235838383,1584.7890235833704,4.679323944734159e-10,49.128459731098985,1.054109732264082e-14,,,199.8835286341199,0.00036957849389866845,85.94991731267156,2.6980950964050736,906.8719656849726,0.0,0.0,0.0,92.13819171359322
109,1,110,0.1016,4.021028127727547e-05,906.8719656844175,,,,0,2.469902507240211e-13,1,1784.6726819181658,1784.6726819181656,3.364997549466388e-13,285.5476291069065,59.251133039683104,0.333407412955068,,,270.8315326145631,1784.6726417078844,1713.285611522577,71.38690048010751,1784.6725120026847,0.00012970519971094578,0.7014882616385292,0.09278463706719144,0.09278362929019009,0.1580291058422857,90.40350793029022,0.96,595.9049142168888,572.0687176482131,23.83619656867557,0.7007924578821887,0.0929791429822717,0.09297812876984034,0.1580771419153004,90.27719627799297,0.96,594.8914876845155,571.0958281771349,23.795659507380684,0.7000958253339273,0.0931737371026716,0.09317271627957666,0.15812576280799231,90.15082840627993,0.96,593.8761101012803,570.1210656972291,23.75504440405126,,,,475.9763721097284,1713.285611522577,1584.7890235798232,128.4965503594434,1713.2855739392667,3.758331039016234e-05,0.6749353517018284,2.3598349998014392e-14,2.1824141221128482e-14,0.30046650832429417,119.11680866274779,0.924999922817238,428.58333778136813,396.43955436851974,32.14378341284838,0.674935351701828,2.2263504304562498e-14,1.8996746215171758e-14,0.300465707065287,119.11602833150616,0.9249999228169491,428.58167304858495,396.43801449069997,32.14365855788496,0.67441291373507,2.0020639549580408e-14,1.977453270401083e-14,0.3003066636881643,118.96118780215646,0.9249999227595933,428.25123717018965,396.1323613041257,32.11887586606393,0.6738114792663494,2.0017254076089284e-14,1.9777799774362207e-14,0.30012284450893234,118.78234731331797,0.924999922693192,427.869325939124,395.7790934164779,32.09023252264614,0.9999999999996247,,,0.101,160.06369138156214,1584.7890235798232,1584.789023579354,4.690579581315463e-10,49.12845973097452,1.0970554432717906e-14,,,199.883528633612,0.00036957856370763544,85.94991731245315,2.698095096405076,906.8719656844177,0.0,0.0,0.0,92.13819171353681
110,1,111,0.1016,4.021028106431668e-05,906.8719656250211,,,,0,2.4699850990179193e-13,1,1784.6726818130965,1784.6726818130962,3.3652972899819776e-13,285.5476290900954,59.2511330361948,0.33340741295506804,,,270.8315326042917,1784.6726416028152,1713.285611421713,71.38690047590474,1784.6725118976178,0.00012970519749511752,0.7014926689376795,0.09278579915015826,0.0927813918510079,0.15802910548321547,90.40350888002486,0.96,595.9049218311737,572.0687249579267,23.836196873246937,0.7007967667504352,0.09298031516862565,0.09297600630037907,0.15807714191766215,90.27719627181905,0.96,594.8914876349439,571.0958281295461,23.79565950539779,0.7001000345020514,0.09317491946071017,0.09317071029258615,0.15812576317711755,90.15082745244774,0.96,593.8761024315002,570.1210583342402,23.75504409726001,,,,475.97637206252807,1713.285611421713,1584.7890234867978,128.4965503516193,1713.285573838417,3.7583296032363745e-05,0.6749353517018284,2.3911989610633732e-14,2.350913626309067e-14,0.30046650832044486,119.11680865900506,0.92499992281739,428.583337773322,396.4395543611422,32.14378341217977,0.6749353517018295,2.228857455535797e-14,1.7881168735107753e-14,0.30046570697584934,119.11602824441063,0.9249999228171011,428.58167286271635,396.4380143188367,32.14365854387968,0.6744129137350702,2.002063928530496e-14,1.9774532961828922e-14,0.3003066637106265,118.9611878240242,0.9249999227597453,428.25123721680944,396.1323613473141,32.11887586949534,0.6738114792663497,2.0017253811997396e-14,1.977780003217355e-14,0.30012284453131055,118.78234733508816,0.924999922693344,427.8693259855693,395.7790934595048,32.0902325260645,0.9999999999996213,,,0.101,160.0636913721666,1584.7890234867978,1584.7890234863244,4.734367860727077e-10,49.12845972809073,1.0511881840334724e-14,,,199.88352862157492,0.00036958603455870305,85.94991730727722,2.698095096405078,906.8719656250212,0.0,0.0,0.0,92.13819170750213
111,1,112,0.1016,4.021028099901956e-05,906.8719609647394,,,,0,2.470075033885679e-13,1,1784.6726738956884,1784.6726738956884,3.364985026590861e-13,285.5476278233101,59.251132773336856,0.333407412955068,,,270.8315316214555,1784.6726336854074,1713.285603821002,71.3869001592085,1784.6725039802104,0.0001297051968157026,0.7011403009986247,0.09278409384187244,0.0931364617809273,0.15802910519134766,90.40350965201007,0.96,595.9049280203925,572.0687308995768,23.83619712081571,0.7004410302814829,0.09297839548621668,0.09333413195516903,0.15807714204419682,90.27719594103047,0.96,594.8914849789885,571.095825579829,23.79565939915958,0.6997408790820776,0.09317278207612607,0.0935319374960998,0.15812576372820653,90.15082602841494,0.96,593.8760909808293,570.1210473415961,23.755043639233207,,,,475.97636850958617,1713.285603821002,1584.7890164781682,128.496549761408,1713.2855662395764,3.7581425600045534e-05,0.6749353517018299,2.3767943521045837e-14,2.0567629360466626e-14,0.30046650812272796,119.11680846692312,0.9249999228292334,428.58333735874396,396.43955398273346,32.143783376010475,0.6749353517018304,2.2726676384564198e-14,2.0063674672951777e-14,0.3004657034807587,119.11602484108337,0.9249999228289434,428.58166559736196,396.4380076034598,32.14365799390213,0.6744129137350704,2.0020639021016732e-14,1.9774533219659504e-14,0.30030666373412174,118.96118784736133,0.9249999227715939,428.25123726183034,396.1323613940326,32.118875867797726,0.6738114792663499,2.001725354789278e-14,1.977780028999733e-14,0.3001228445504987,118.78234735421837,0.9249999227051984,427.86932602163984,395.7790934979422,32.090232523697665,0.9999999999996199,,,0.101,160.063690664295,1584.7890164781682,1584.789016477693,4.751586383732263e-10,49.12845951082321,1.0885875735317351e-14,,,199.88352771279858,0.0003701694025358012,85.94991691650338,2.6980950964050807,906.8719609647394,0.0,0.0,0.0,92.13819123401753
112,1,113,0.1016,4.021028104873864e-05,906.8714777721193,,,,0,2.469868248584579e-13,1,1784.6718841625145,1784.6718841625145,3.3649282127355233e-13,285.5475014660023,59.25110655419549,0.33340741295506804,,,270.8314332667197,1784.6718439522335,1713.2848456771549,71.38686856988143,1784.671714247036,0.00012970519733295622,0.6921785474879233,0.09223917068455001,0.10120092419525135,0.1580291171413339,90.4034780445454,0.96,595.9046746145721,572.0684876299892,23.836186984582856,0.6914606135428546,0.09242882372530002,0.10140924046392834,0.1580771545865595,90.27716315267593,0.96,594.891221715895,571.0955728472591,23.795648868635844,0.6907409063166086,0.09261848711444376,0.1016184598799129,0.15812577687005042,90.15079206949841,0.96,593.8758179165692,570.1207851999064,23.755032716662736,,,,475.9760139257262,1713.2848456771549,1584.788316626188,128.49649166089705,1713.284808287085,3.739006980949074e-05,0.6749353517018314,2.4010870805385494e-14,2.0332718906703604e-14,0.30046646133180377,119.11676292715356,0.9249999235609392,428.5832399094578,396.4394641557481,32.14377575370967,0.6749353517018319,2.3110352790536933e-14,2.029237512736225e-14,0.3004655358133647,119.11586158235045,0.9249999235606073,428.5813170095294,396.43768547331916,32.14363153621025,0.6744129137350706,2.002063875671615e-14,1.9774533477502146e-14,0.30030658886172634,118.96111500545712,0.9249999235036023,428.2510814690803,396.1322175992342,32.11886386984611,0.6738114792663501,2.0017253283778286e-14,1.9777800547830773e-14,0.3001227695193867,118.78227441076508,0.9249999234375669,427.86916989901755,395.77894939788655,32.090220501131,0.9999999999996197,,,0.101,160.063619979245,1584.788316626188,1584.7883166257127,4.753289540389392e-10,49.12843781541183,1.044130722995697e-14,,,199.883437831605,0.0004106004281053215,85.94987826759015,2.6980950964050843,906.8714777721193,0.0,0.0,0.0,92.13814214164732
113,1,114,0.15246,4.0210284044338875e-05,697.1063635283664,,,,0,2.4634430493558345e-13,1,1461.4694408590162,1461.469440859016,3.3490519010230307e-13,233.8351105374426,48.52078543651934,0.3334074129550678,,,232.87717479837733,1461.469400648732,1403.010500105779,58.45877083774093,1461.46927094352,0.0001297052118604805,0.6453509145301856,0.08208584438642773,0.12891347734416544,0.16586054032882136,77.76671422295573,0.96,488.4042571044778,468.86808682029863,19.536170284179146,0.644585618806996,0.08226266250939297,0.12913765724525145,0.165983341727761,77.62631813105386,0.96,487.16182727424194,467.67535418327225,19.486473090969724,0.6438127529456805,0.08243850486927222,0.1293666582402002,0.16610849776509096,77.48414244436773,0.96,485.9031865648003,466.4670591022082,19.436127462592058,,,,334.7878897939343,1403.010500105779,1281.596013198524,121.41445120828641,1403.0104644068103,3.569896899639419e-05,0.6749353517018332,2.4071605341180707e-14,1.9526491759571964e-14,0.2613303671411014,83.78113818236211,0.9134615343097756,350.96686260380125,320.59472880595655,30.37213379784473,0.6749353517018334,2.3265112982865797e-14,2.1164500427655443e-14,0.26133018479461534,83.78098796240717,0.9134614477312386,350.96651147469373,320.5943776768561,30.37213379783762,0.6744129137350708,2.0020638529222915e-14,1.9774533699436796e-14,0.261199465940326,83.67428090367851,0.9134614660171734,350.6949180651182,320.3462939805354,30.34862408458284,0.6738114792663503,2.001725305650064e-14,1.977780076970341e-14,0.26104893704812016,83.55148274548652,0.9134614659982057,350.38217226319716,320.060612735176,30.321559528021215,0.9999999999996134,,,0.101,129.44119733305092,1281.596013198524,1281.5960131980407,4.832178373555707e-10,39.72947640915424,1.0735369786228845e-14,,,179.87329795576395,0.00010160300354470826,77.3455181209785,2.698095096405088,697.1063635283664,0.0,0.0,0.0,106.28083618353475
114,1,115,0.15246,4.021028404532262e-05,697.1063595151289,,,,0,2.4637379573347405e-13,1,1461.4694260929093,1461.4694260929093,3.3489672737765877e-13,233.83510817486552,48.5207849462846,0.3334074129550678,,,232.87717313025226,1461.4693858826254,1403.0104859303167,58.458770247096574,1461.4692561774134,0.00012970521187071296,0.6313481337971,0.09910310360358528,0.11310588433667088,0.1658605406213642,77.76671388742695,0.96,488.404254135789,468.8680839703575,19.53617016543158,0.6305654269123018,0.09929480318847299,0.11331499508316727,0.16598334221820055,77.62631757212858,0.96,487.1618223271355,467.6753494340501,19.486472893085413,0.6297732283549183,0.09948702845867528,0.1135265530494375,0.1661084984483292,77.48414167069672,0.96,485.9031797144887,466.46705252590914,19.43612718857958,,,,334.7878848360557,1403.0104859303167,1281.5960017600223,121.41444863269987,1403.0104503927223,3.553759464663118e-05,0.674935351701835,2.4051029095070793e-14,1.9270556023999106e-14,0.26133036399250203,83.781135614489,0.9134615345158396,350.9668559961435,320.59472284243697,30.372133153706553,0.6749353517018347,2.3244129002540598e-14,2.147361612265409e-14,0.2613301841559132,83.7809874622289,0.9134614491290063,350.9665097001319,320.59437654643193,30.37213315369997,0.6744129137350711,2.0020639976153578e-14,1.9774532287860654e-14,0.2611994647638011,83.67427996092762,0.9134614671595925,350.69491525491355,320.34629181416227,30.34862344075128,0.6738114792663505,2.0017254502379395e-14,1.977779935821001e-14,0.2610489358656457,83.55148179841017,0.9134614671378085,350.38216944153316,320.0606105569911,30.32155888454207,0.9999999999996126,,,0.101,129.44119617776227,1281.5960017600223,1281.596001759538,4.842519626335569e-10,39.72947605456069,1.0382958165301109e-14,,,179.87329462815973,0.00010537105849159871,77.34551669010868,2.6980950964050914,697.106359515129,0.0,0.0,0.0,106.28083557167656
115,1,116,0.15246,4.021028399576056e-05,697.1063595139733,,,,0,2.463902880962366e-13,1,1461.4694260886552,1461.469426088655,3.3489281073970993e-13,233.83510817418482,48.52078494614335,0.3334074129550678,,,232.8771731298254,1461.469385878371,1403.010485926233,58.458770246926434,1461.4692561731597,0.00012970521135502146,0.6305381052126389,0.11100741272713836,0.11181744131159953,0.16586054055732408,77.76671396087703,0.96,488.4042547856601,468.8680845942337,19.536170191426418,0.6297507198630481,0.11120367247449772,0.11201837952375146,0.1659833422191698,77.62631757102402,0.96,487.16182231735877,467.6753494246644,19.486472892694344,0.6289537147958388,0.11140199893736148,0.11222151249644094,0.16610849851259538,77.48414159792435,0.96,485.9031790701408,466.46705190733513,19.436127162805676,,,,334.7878848345995,1403.010485926233,1281.5960017566615,121.41444863200734,1403.0104503886687,3.553756459240492e-05,0.6749353517018358,2.358380991104381e-14,2.0255636235666538e-14,0.261330363989846,83.78113561230792,0.9134615345150359,350.96685599088266,320.5947228373493,30.372133153533355,0.6749353517018363,2.280594654468054e-14,2.0369732640749942e-14,0.26133018415595305,83.78098746226871,0.9134614491294825,350.96650970006226,320.59437654653544,30.37213315352681,0.6744129137350713,2.0020641443894774e-14,1.9774530855982876e-14,0.2611994647642119,83.67427996127275,0.9134614671602451,350.69491525555793,320.3462918149798,30.348623440578137,0.6738114792663508,2.0017255969101885e-14,1.9777797926368996e-14,0.2610489358660505,83.55148179875009,0.9134614671384587,350.38216944216595,320.0606105577969,30.321558884369022,0.9999999999996154,,,0.101,129.44119617742282,1281.5960017566615,1281.5960017561806,4.807640033687175e-10,39.729476054456505,1.074853036949605e-14,,,179.87329462726345,0.00010537212545258261,77.3455166897233,2.698095096405094,697.1063595139734,0.0,0.0,0.0,106.28083557150038
116,1,117,0.15246,4.021028415740257e-05,697.1063595151296,,,,0,2.4602097998492384e-13,1,1461.4694260929134,1461.4694260929134,3.351299526402989e-13,233.83510817486615,48.52078494628473,0.33340741295506776,,,232.87717313025257,1461.4693858826292,1403.0104859303194,58.45877024709666,1461.4692561774161,0.00012970521303690057,0.6313480272833012,0.11181743899615387,0.11100751692549152,0.16586054062139113,77.76671388739604,0.96,488.40425413551554,468.868083970095,19.53617016542062,0.6305654267756238,0.1120183795206577,0.11120367260808199,0.16598334221820038,77.62631757212874,0.96,487.1618223271369,467.67534943405144,19.4864728930855,0.6297733360487883,0.11222151499723569,0.11140189374428625,0.16610849844830183,77.48414167072778,0.96,485.90317971476367,466.4670525261731,19.43612718859054,,,,334.78788483605655,1403.0104859303194,1281.5960017600244,121.41444863270061,1403.0104503927248,3.553759471951573e-05,0.6749353517018365,2.409826107510302e-14,2.0464684928939493e-14,0.2613303639925024,83.78113561448933,0.9134615345158394,350.96685599614443,320.5947228424377,30.37213315370673,0.6749353517018388,2.3121481053663237e-14,2.0162606545302865e-14,0.261330184155914,83.78098746222958,0.913461449129006,350.9665097001338,320.5943765464335,30.372133153700272,0.6744129137350715,2.0020642911634572e-14,1.9774529424106875e-14,0.2611994647638011,83.67427996092756,0.9134614671595921,350.6949152549135,320.3462918141621,30.348623440751407,0.673811479266351,2.001725743582304e-14,1.9777796494529696e-14,0.2610489358656456,83.55148179841008,0.9134614671378082,350.3821694415331,320.06061055699087,30.321558884542203,0.9999999999996135,,,0.101,129.44119617776246,1281.5960017600244,1281.5960017595412,4.830828945490308e-10,39.729476054560756,1.0566063392678826e-14,,,179.87329462815956,0.00010537105780855954,77.34551669010861,2.6980950964050976,697.1063595151296,0.0,0.0,0.0,106.28083557167668
117,1,118,0.15246,4.021028408697926e-05,697.1063635283664,,,,0,2.4818107983733145e-13,1,1461.469440859017,1461.469440859017,3.3512632004846187e-13,233.83511053744272,48.52078543651936,0.3334074129550678,,,232.87717479837735,1461.4694006487327,1403.0105001057796,58.458770837740914,1461.4692709435205,0.000129705212304152,0.64534865019183,0.11310570310839106,0.09910508019986226,0.16586054032887534,77.76671422289388,0.96,488.4042571039303,468.8680868197731,19.53617028415723,0.6445856159196884,0.11331499485068143,0.09929480570661676,0.16598334172776089,77.62631813105399,0.96,487.161827274243,467.67535418327327,19.486473090969763,0.6438150179475665,0.11352673633865201,0.09948505443987388,0.1661084977650364,77.48414244442951,0.96,485.9031865653472,466.4670591027333,19.436127462613914,,,,334.78788979393437,1403.0105001057796,1281.5960131985241,121.41445120828615,1403.0104644068103,3.5698969028653797e-05,0.6749353517018278,1.5127611822326163e-14,1.8340347294490975e-14,0.26133036714110114,83.7811381823619,0.9134615343097762,350.96686260380056,320.59472880595604,30.372133797844505,0.6749353517018297,1.1599005840571585e-14,2.2759942982100702e-14,0.2613301847946146,83.78098796240656,0.9134614477312386,350.9665114746922,320.5943776768547,30.37213379783747,0.6744129137350717,2.00206443793762e-14,1.977452799222951e-14,0.26119946594032656,83.67428090367895,0.9134614660171734,350.69491806511934,320.3462939805364,30.348624084582898,0.6738114792663512,2.0017258902545958e-14,1.9777795062689096e-14,0.2610489370481207,83.55148274548695,0.9134614659982059,350.3821722631983,320.060612735177,30.32155952802127,0.9999999999996302,,,0.101,129.44119733305095,1281.5960131985241,1281.5960131980619,4.623043399627971e-10,39.729476409154245,1.0612538057565188e-14,,,179.87329795574283,0.00010160300345007208,77.34551812096942,2.6980950964050807,697.1063635283664,0.0,0.0,0.0,106.28083618353475
118,1,119,0.1016,4.021028109625241e-05,906.8714761395426,,,,0,2.46817824161671e-13,1,1784.6718890931702,1784.6718890931702,3.3642313018336725e-13,285.5475022549072,59.25110671789325,0.33340741295506804,,,270.8314288811368,1784.671848882889,1713.2848504105834,71.3868687671078,1784.671719177691,0.00012970519782733576,0.6921699479929253,0.12891075259445364,0.0820894547933583,0.1580297612414242,90.40177455069798,0.96,595.8910170921189,572.0553764084341,23.835640683684815,0.691460602603687,0.12913765377205938,0.08226266708806076,0.1580771554173378,90.27716098085149,0.96,594.8912042779557,571.0955561068374,23.79564817111827,0.6907495049370903,0.12936938342724902,0.08243489643772517,0.1581251185377487,90.15249334958736,0.96,593.8894978076167,570.133917895312,23.755579912304718,,,,475.9760161446305,1713.2848504105834,1584.7883210069608,128.49649201335137,1713.2848130203122,3.739027123058843e-05,0.6749353517018164,1.3801314194527286e-14,1.8027127978812685e-14,0.3004664616214971,119.11676320933981,0.92499992356242,428.58324051086396,396.43946471268345,32.14377579818052,0.6749353517018172,6.962040835161653e-15,2.3261499649422453e-14,0.30046553688861316,119.1158626295715,0.9249999235620885,428.5813192430413,396.43768753995226,32.14363170308906,0.674412913735072,2.00206458263077e-14,1.9774526580654186e-14,0.30030658931863485,118.96111545021044,0.9249999235050838,428.2510824179003,396.1322184775271,32.1188639403732,0.6738114792663514,2.001726034842556e-14,1.977779365119651e-14,0.3001227699766174,118.78227485550873,0.9249999234390491,427.8691708485066,395.778950276798,32.09022057170858,0.999999999999854,,,0.101,160.06362042170304,1584.7883210069608,1584.7883210067782,1.825474302654487e-10,49.12843795121579,6.997693733138202e-14,,,199.88343838119437,0.00041069207198466215,85.94987850391357,2.6980950964050567,906.8714761395426,0.0,0.0,0.0,92.13814197577751
119,1,120,0.1016,4.021028117252885e-05,906.8719599899398,,,,0,2.468102155590176e-13,1,1784.67267977242,1784.6726797724198,3.364388968558902e-13,285.5476287635872,59.251132968444345,0.33340741295506804,,,270.8315273527072,1784.6726395621388,1713.2856094626627,71.38690039427767,1784.67250985694,0.00012970519862106093,0.701130914291095,0.1012027619246773,0.09224179562650768,0.15802974940932304,90.4018058414001,0.96,595.8912679633903,572.0556172448547,23.83565071853559,0.700441018494038,0.10140924285617414,0.09242882696582325,0.15807714285973998,90.27719380902722,0.96,594.8914678607869,571.0958091463554,23.795658714431546,0.6997502674790758,0.1016166273773463,0.09261586483536083,0.1581251052455864,90.15252770227991,0.96,593.889774032763,570.1341830714524,23.755590961310542,,,,475.9763711547381,1713.2856094626627,1584.7890217006207,128.4965501802957,1713.2855718809165,3.758174614722386e-05,0.6749353517018066,1.6427354049880113e-14,1.8083545805732727e-14,0.3004665084675871,119.11680880287332,0.9249999228316916,428.5833380744522,396.43955464581705,32.1437834286351,0.6749353517018069,8.186467354764828e-15,2.3168231371955348e-14,0.30046570476595685,119.11602609280979,0.924999922831402,428.5816682667621,396.4380100737085,32.14365819305363,0.6744129137350722,2.0020645598621194e-14,1.977452680277708e-14,0.3003066642774153,118.9611883762294,0.9249999227740532,428.25123838981483,396.1323624384713,32.118875951343476,0.6738114792663517,2.0017260120954803e-14,1.9777793873257358e-14,0.30012284509391907,118.78234788282559,0.924999922707659,427.8693271498872,395.77909454262374,32.090232607263495,0.9999999999998663,,,0.101,160.06369119176267,1584.7890217006207,1584.7890217004535,1.6716574960964917e-10,49.128459672719245,6.19876561520389e-14,,,199.88352836676822,0.0003702907315339833,85.94991719771033,2.698095096405037,906.8719599899398,0.0,0.0,0.0,92.13819113497787
120,1,121,0.1016,4.021028128683716e-05,906.8719646628131,,,,0,2.4679686508660597e-13,1,1784.6726877125786,1784.6726877125784,3.3644456783354375e-13,285.54763003401257,59.25113323205761,0.333407412955068,,,270.83152833629384,1784.6726475022972,1713.2856170852137,71.38690071188395,1784.6725177970973,0.0001297051998104354,0.7014832805863526,0.09313908415587706,0.09278671786061948,0.1580297499771776,90.4018043396724,0.96,595.8912559233835,572.0556056864481,23.835650236935397,0.7007967550097267,0.09333413527252636,0.09297839875683757,0.1580771427323949,90.27719414193434,0.96,594.8914705337525,571.0958117124023,23.795658821350095,0.7001094249913568,0.0935293188454353,0.09317016133315435,0.15812510441275213,90.15252985468709,0.96,593.8897913399614,570.134199686363,23.75559165359846,,,,475.9763747179098,1713.2856170852137,1584.7890287294483,128.496550772145,1713.2855795015932,3.7583620541577523e-05,0.6749353517017982,1.8202337216240402e-14,1.8149611208835167e-14,0.30046650866695007,119.11680899655839,0.9249999228198479,428.58333849245037,396.43955502738936,32.14378346506101,0.6749353517017982,9.400743422836924e-15,2.306068755167129e-14,0.30046570826439045,119.11602949939268,0.9249999228195595,428.5816755390621,396.4380167955099,32.14365874355218,0.6744129137350724,2.0020645334010466e-14,1.9774527060921954e-14,0.30030666425668606,118.96118835558441,0.9249999227622044,428.2512383505409,396.13236239706873,32.11887595347217,0.6738114792663519,2.0017259856530414e-14,1.9777794131392983e-14,0.3001228450774854,118.7823478663743,0.9249999226958043,427.8693271195397,395.77909450948005,32.09023261005964,0.9999999999997488,,,0.101,160.0636919016743,1584.7890287294483,1584.789028729134,3.1411413371684655e-10,49.128459890612895,1.786960161161734e-14,,,199.88352927824525,0.00036970693493988216,85.94991758964545,2.6980950964050203,906.8719646628132,0.0,0.0,0.0,92.13819160974181
121,1,122,0.1016,4.021028103024788e-05,906.8719647216151,,,,0,2.4678828499499234e-13,1,1784.6726878214029,1784.6726878214026,3.3645553877368857e-13,285.54763005142445,59.25113323567057,0.33340741295506804,,,270.8315283438514,1784.6726476111216,1713.2856171896872,71.38690071623715,1784.6725179059245,0.00012970519714063328,0.7014788688547039,0.09278401643554099,0.0927884281671896,0.158029750754647,90.40180228360545,0.96,595.8912394389963,572.0555898614364,23.835649577559902,0.7007924461563698,0.09297600958758209,0.09298031844093899,0.1580771427292853,90.27719415006354,0.96,594.891470599023,571.0958117750621,23.795658823960977,0.7001052202245064,0.09316808894240489,0.09317229370925524,0.1581251036174163,90.15253191018242,0.96,593.8898078679051,570.1342155531888,23.755592314716278,,,,475.9763747668028,1713.2856171896872,1584.7890288258159,128.49655078023653,1713.2855796060524,3.758363481562721e-05,0.67493535170179,1.8368575805326085e-14,1.818841576855899e-14,0.30046650867101754,119.11680900051364,0.9249999228196979,428.58333850094914,396.4395550351864,32.1437834657627,0.6749353517017899,9.704487975268668e-15,2.2998345007999836e-14,0.30046570835450814,119.11602958715046,0.9249999228194095,428.5816757263427,396.4380169686802,32.143658757662536,0.6744129137350726,2.002064506941055e-14,1.9774527319056292e-14,0.30030666423464436,118.96118833412595,0.9249999227620543,428.251238304794,396.1323623546886,32.1188759501054,0.6738114792663521,2.0017259592114377e-14,1.9777794389520467e-14,0.3001228450555272,118.78234784501272,0.9249999226956542,427.86932707396653,395.7790944672606,32.090232606705904,0.999999999999731,,,0.101,160.06369191140743,1584.7890288258159,1584.7890288254796,3.362630129218859e-10,49.128459893600294,2.0355181900528784e-14,,,199.88352929072616,0.0003696995533070227,85.94991759501224,2.698095096405005,906.8719647216152,0.0,0.0,0.0,92.1381916157161
122,1,123,0.1016,4.0210281191032653e-05,906.8719647214705,,,,0,2.4678092498778774e-13,1,1784.6726878311895,1784.6726878311895,3.364695654416977e-13,285.5476300529903,59.251133235995496,0.33340741295506804,,,270.8315283384075,1784.6726476209083,1713.285617199081,71.38690071662859,1784.6725179157095,0.00012970519881359295,0.701477852884558,0.09278625315238445,0.09278726912253044,0.15802975162023802,90.4017999944956,0.96,595.8912210862019,572.0555722427538,23.835648843448148,0.7007914319584668,0.0929781320513159,0.09297914624921894,0.15807714272761647,90.27719415442613,0.96,594.891470634051,571.095811808689,23.7956588253621,0.700104207570555,0.09317009566742895,0.0931711083213803,0.1581251027354823,90.15253418948579,0.96,593.8898261954565,570.1342331476383,23.75559304781834,,,,475.9763747712062,1713.285617199081,1584.789028834505,128.4965507809404,1713.2855796154454,3.7583635445307975e-05,0.674935351701782,1.8533835718076717e-14,1.8228484701180656e-14,0.30046650867163416,119.11680900111418,0.9249999228196983,428.58333850223016,396.43955503637153,32.14378346585863,0.6749353517017819,1.0076750624674612e-14,2.2934600122741145e-14,0.3004657083587304,119.11602959126245,0.9249999228194098,428.5816757351149,396.43801697679464,32.1436587583203,0.6744129137350728,2.0020644804823222e-14,1.9774527577178364e-14,0.3003066642344848,118.96118833397065,0.9249999227620547,428.25123830446233,396.13236235438194,32.11887595008038,0.6738114792663523,2.0017259327710873e-14,1.9777794647635736e-14,0.3001228450553691,118.78234784485895,0.9249999226956546,427.8693270736379,395.7790944669568,32.09023260668109,0.9999999999997328,,,0.101,160.063691912285,1584.789028834505,1584.7890288341707,3.341053754938757e-10,49.128459893869646,1.652838333573141e-14,,,199.88352929182005,0.0003696995714672445,85.94991759548263,2.6980950964049892,906.8719647214705,0.0,0.0,0.0,92.1381916157014
123,1,124,0.1016,4.021028126575056e-05,906.8719647201114,,,,0,2.467738904812515e-13,1,1784.6726878399206,1784.6726878399204,3.364781940089505e-13,285.5476300543873,59.25113323628536,0.333407412955068,,,270.8315283321647,1784.6726476296392,1713.2856172074619,71.3869007169776,1784.6725179244395,0.0001297051995910301,0.7014778033970068,0.09278716717621346,0.09278721666376459,0.15802975257260077,90.40179747591318,0.96,595.8912008936248,572.0555528578798,23.83564803574503,0.7007913953674625,0.09297905150071388,0.09297908809171816,0.1580771427258309,90.27719415909404,0.96,594.8914706715304,571.0958118446691,23.795658826861217,0.7001041837642539,0.09317102066664096,0.0931710444729421,0.15812510176518565,90.15253669715749,0.96,593.8898463592842,570.1342525049129,23.755593854371362,,,,475.97637477513575,1713.2856172074619,1584.789028842263,128.49655078156297,1713.285579623826,3.758363597833035e-05,0.6749353517017743,1.8664049434329393e-14,1.825691939021331e-14,0.300466508672148,119.11680900161475,0.9249999228197018,428.58333850329666,396.4395550373595,32.14378346593711,0.6749353517017741,1.030390883457649e-14,2.288974667175745e-14,0.3004657083606998,119.11602959318058,0.9249999228194132,428.58167573920565,396.43801698058,32.14365875862559,0.6744129137350731,2.0020644540235996e-14,1.977452783530035e-14,0.300306664235261,118.96118833472622,0.9249999227620582,428.2512383060739,396.13236235587414,32.11887595019977,0.6738114792663525,2.001725906330746e-14,1.9777794905750924e-14,0.3001228450561455,118.78234784561417,0.924999922695658,427.8693270752498,395.77909446844933,32.0902326068005,0.9999999999997236,,,0.101,160.06369191306857,1584.789028842263,1584.7890288419176,3.4558349118157063e-10,49.12845989411015,1.8614857126094785e-14,,,199.88352929280373,0.00036969974209131773,85.9499175959056,2.698095096404974,906.8719647201115,0.0,0.0,0.0,92.13819161556331
124,1,125,0.1016,4.02102811191378e-05,906.871964718513,,,,0,2.4677440289138866e-13,1,1784.6726878492507,1784.6726878492505,3.3649055529732546e-13,285.5476300558801,59.25113323659512,0.33340741295506804,,,270.8315283253276,1784.6726476389695,1713.2856172164204,71.38690071735093,1784.6725179337714,0.0001297051980655297,0.7014777889263776,0.09278720694808539,0.09278722141871465,0.1580297536119208,90.40179472736745,0.96,595.8911788573307,572.0555317030374,23.835647154293262,0.7007913960432801,0.0929790887820955,0.09297908810627785,0.15807714272390053,90.27719416414035,0.96,594.8914707120482,571.0958118835663,23.795658828481937,0.7001041994867392,0.0931710555042958,0.0931710397818105,0.15812510070628563,90.15253943381981,0.96,593.8898683643922,570.1342736298166,23.755594734575727,,,,475.9763747793362,1713.2856172164204,1584.7890288505562,128.49655078222784,1713.285579632784,3.758363638464197e-05,0.6749353517017668,1.8868444840960686e-14,1.830418587481986e-14,0.3004665086726945,119.1168090021471,0.9249999228197059,428.5833385044306,396.4395550384102,32.143783466020416,0.6749353517017667,1.0721924988438694e-14,2.2815879828434458e-14,0.3004657083627403,119.11602959516792,0.9249999228194173,428.58167574344367,396.438016984502,32.1436587589417,0.6744129137350733,2.002064427564833e-14,1.9774528093422777e-14,0.30030666423612457,118.96118833556686,0.9249999227620622,428.2512383078668,396.1323623575343,32.11887595033249,0.6738114792663528,2.0017258798903617e-14,1.977779516386655e-14,0.3001228450570092,118.78234784645436,0.9249999226956621,427.869327077043,395.7790944701098,32.09023260693324,0.9999999999997213,,,0.101,160.0636919139062,1584.7890288505562,1584.7890288502078,3.4833952368758217e-10,49.128459894367246,1.574187973314694e-14,,,199.88352929384496,0.00036969994274601203,85.94991759635333,2.698095096404959,906.8719647185131,0.0,0.0,0.0,92.13819161540091
125,1,126,0.1016,4.021028120525102e-05,906.8719647168738,,,,0,2.467733016018071e-13,1,1784.6726878595246,1784.6726878595243,3.3649521146518377e-13,285.547630057524,59.25113323693621,0.33340741295506804,,,270.8315283179369,1784.6726476492433,1713.2856172262823,71.38690071776188,1784.6725179440443,0.00012970519896153467,0.7014777726320491,0.09278721030211122,0.0927872265964396,0.15802975473842396,90.4017917482613,0.96,595.8911549725321,572.0555087736308,23.835646198901365,0.7007913961869946,0.09297908837529689,0.09297908823158242,0.15807714272181822,90.27719416958394,0.96,594.8914707557557,571.0958119255254,23.795658830230277,0.7001042159618883,0.09317105136885466,0.09317103489370551,0.15812509955854276,90.15254240009166,0.96,593.8898922157566,570.1342965271264,23.75559568863024,,,,475.97637478395995,1713.2856172262823,1584.7890288596848,128.4965507829603,1713.2855796426454,3.75836370138982e-05,0.6749353517017597,1.9073275560701356e-14,1.8361149291500426e-14,0.30046650867329633,119.11680900273335,0.92499992281971,428.5833385056796,396.43955503956727,32.14378346611233,0.6749353517017594,1.1028786977345308e-14,2.2727989596577297e-14,0.300465708364983,119.11602959735224,0.9249999228194216,428.581675748102,396.43801698881265,32.143658759289295,0.6744129137350735,2.0020644011060177e-14,1.9774528351545692e-14,0.3003066642370767,118.9611883364937,0.9249999227620664,428.2512383098436,396.13236235936466,32.11887595047893,0.673811479266353,2.0017258534499286e-14,1.977779542198266e-14,0.30012284505796155,118.7823478473807,0.9249999226956663,427.8693270790203,395.77909447194054,32.090232607079756,0.999999999999716,,,0.101,160.06369191482818,1584.7890288596848,1584.7890288593298,3.5502587808080523e-10,49.12845989465023,1.7131102551374837e-14,,,199.88352929499578,0.00036970014853892865,85.94991759684818,2.6980950964049457,906.8719647168738,0.0,0.0,0.0,92.13819161523438
126,1,127,0.1016,4.021028112949477e-05,906.8719647150432,,,,0,2.4679943871540625e-13,1,1784.6726878704847,1784.6726878704844,3.3650596941038926e-13,285.54763005927754,59.25113323730009,0.33340741295506804,,,270.8315283099591,1784.6726476602032,1713.2856172368047,71.38690071820037,1784.672517955005,0.00012970519817329362,0.7014777549564974,0.09278721432954945,0.09278723200510124,0.1580297559523647,90.40178853792213,0.96,595.8911292338361,572.0554840644826,23.83564516935349,0.700791396222891,0.09297908826381682,0.09297908822792039,0.1580771427195861,90.27719417541934,0.96,594.891470802609,571.0958119705045,23.795658832104394,0.7001042335947554,0.0931710471523397,0.09317102951947263,0.15812509832170776,90.15254559661763,0.96,593.8899179185602,570.1343212018178,23.75559671674247,,,,475.97637478889357,1713.2856172368047,1584.7890288694257,128.4965507837415,1713.2855796531674,3.758363756209427e-05,0.6749353517017528,1.9336119547863657e-14,1.8394365801196277e-14,0.3004665086739384,119.11680900335892,0.9249999228197147,428.58333850701234,396.4395550408021,32.143783466210266,0.6749353517017523,1.1298897696377291e-14,2.2677300347496202e-14,0.30046570836737696,119.1160295996838,0.9249999228194262,428.5816757530742,396.43801699341395,32.14365875966024,0.6744129137350737,2.0020643746471493e-14,1.9774528609669143e-14,0.3003066642380921,118.96118833748217,0.9249999227620711,428.2512383119518,396.1323623613167,32.11887595063508,0.6738114792663532,2.0017258270094416e-14,1.9777795680099312e-14,0.30012284505897713,118.78234784836864,0.924999922695671,427.8693270811289,395.779094473893,32.090232607235905,0.9999999999997095,,,0.101,160.063691915812,1584.7890288694257,1584.7890288690626,3.6314197893144227e-10,49.1284598949522,1.4896937419699167e-14,,,199.88352929622403,0.0003697003783493345,85.94991759737633,2.6980950964049324,906.8719647150432,0.0,0.0,0.0,92.13819161504838
127,1,128,0.1016,4.0210281133225955e-05,906.8719647131127,,,,0,2.469985221529969e-13,1,1784.6726878822917,1784.6726878822917,3.3649998210244584e-13,285.5476300611667,59.25113323769209,0.33340741295506804,,,270.8315283014119,1784.6726476720105,1713.2856172481397,71.38690071867249,1784.6725179668124,0.00012970519821211646,0.7014777360000138,0.0927872188099908,0.09278723776647432,0.1580297572540105,90.40178509564272,0.96,595.8911016355725,572.0554575701495,23.83564406542288,0.7007913962571871,0.09297908825177677,0.0929790882174807,0.15807714271719944,90.27719418165861,0.96,594.891470852705,571.0958120185968,23.79565883410817,0.7001042524974077,0.09317104268439051,0.09317102378173814,0.1581250969955049,90.15254902411056,0.96,593.8899454785347,570.1343476593934,23.755597819141443,,,,475.9763747942081,1713.2856172481397,1584.7890288799185,128.49655078458306,1713.2855796645015,3.758363821519044e-05,0.6749353517017468,1.9673014724703876e-14,1.8426938569006235e-14,0.3004665086746306,119.1168090040332,0.9249999228197197,428.58333850844883,396.43955504213295,32.14378346631587,0.6749353517017443,1.0757315341628146e-14,2.2627988872093042e-14,0.30046570836995506,119.11602960219481,0.9249999228194311,428.58167575842907,396.4380169983694,32.14365876005971,0.674412913735074,2.002064348188223e-14,1.977452886779317e-14,0.300306664239186,118.96118833854703,0.9249999227620761,428.25123831422303,396.1323623634197,32.118875950803314,0.6738114792663534,2.0017258005688975e-14,1.9777795938216538e-14,0.30012284506007136,118.78234784943302,0.9249999226956759,427.86932708340066,395.7790944759965,32.09023260740418,0.9999999999997076,,,0.101,160.06369191687176,1584.7890288799185,1584.789028879553,3.6562546396530507e-10,49.12845989527747,1.6244377814681767e-14,,,199.8835292975409,0.0003697006207011852,85.94991759794257,2.6980950964049186,906.8719647131127,0.0,0.0,0.0,92.13819161485225
128,1,129,0.1016,4.0210281080077626e-05,906.8719647110299,,,,0,2.4711479146302613e-13,1,1784.6726878948593,1784.672687894859,3.364982762041059e-13,285.5476300631775,59.25113323810933,0.33340741295506804,,,270.8315282922826,1784.6726476845781,1713.285617260205,71.38690071917524,1784.6725179793805,0.00012970519765911006,0.7014777157621036,0.09278722364986473,0.09278724388777497,0.15802975864365218,90.40178142065434,0.96,595.8910721715775,572.0554292847145,23.835642886863145,0.7007913962938052,0.09297908824303543,0.09297908820641737,0.15807714271465734,90.27719418830407,0.96,594.8914709060625,571.0958120698201,23.795658836242485,0.7001042726780875,0.09317103786631266,0.09317101768563293,0.15812509557964263,90.15255268332415,0.96,593.8899749017403,570.1343759056707,23.755598996069608,,,,475.976374799865,1713.285617260205,1584.7890288910874,128.49655078547875,1713.2855796765662,3.758363886848782e-05,0.6749353517017385,2.1251149495762305e-14,2.4641844007910687e-14,0.30046650867536684,119.11680900475044,0.9249999228197249,428.5833385099768,396.43955504354864,32.14378346642819,0.6749353517017381,9.58889707671363e-15,1.727710975453095e-14,0.3004657083726999,119.11602960486815,0.9249999228194364,428.58167576413007,396.4380170036451,32.143658760485,0.6744129137350742,2.0020643217292352e-14,1.9774529125917807e-14,0.30030666424035046,118.96118833968055,0.9249999227620814,428.2512383166405,396.1323623656582,32.118875950982314,0.6738114792663537,2.0017257741282922e-14,1.9777796196334373e-14,0.300122845061236,118.78234785056591,0.9249999226956812,427.8693270858186,395.7790944782354,32.09023260758323,0.999999999999677,,,0.101,160.06369191799982,1584.7890288910874,1584.7890288906835,4.037089990577873e-10,49.128459895623706,1.5480983923064536e-14,,,199.88352929897798,0.00036970088216993995,85.94991759856053,2.698095096404904,906.8719647110298,0.0,0.0,0.0,92.13819161464063
129,1,130,0.1016,4.0210281073498145e-05,906.8719647088345,,,,0,2.470984385343977e-13,1,1784.672687908259,1784.672687908259,3.3649452394321093e-13,285.54763006532147,59.251133238554196,0.33340741295506804,,,270.83152828257755,1784.672647697978,1713.285617273069,71.38690071971125,1784.6725179927803,0.00012970519759065077,0.7014776942382082,0.09278722884645416,0.09278725037034961,0.15802976012159758,90.40177751214281,0.96,595.8910408353239,572.0553992019109,23.835641633412973,0.7007913963327237,0.09297908823363084,0.09297908819471234,0.15807714271195636,90.27719419536493,0.96,594.8914709627554,571.0958121242452,23.79565883851023,0.7001042941412003,0.09317103269292257,0.09317101122980968,0.1581250940738071,90.15255657506981,0.96,593.8900061947011,570.134405946913,23.755600247788056,,,,475.9763748058964,1713.285617273069,1584.7890289029956,128.496550786434,1713.2855796894294,3.7583639601937666e-05,0.674935351701731,2.110942936279322e-14,2.4092390403974764e-14,0.3004665086761522,119.11680900551549,0.9249999228197305,428.5833385116067,396.4395550450586,32.14378346654806,0.6749353517017317,1.0142917771464926e-14,1.7557860709038547e-14,0.3004657083756263,119.11602960771835,0.9249999228194421,428.5816757702084,396.43801700926986,32.1436587609385,0.6744129137350744,2.002064295270182e-14,1.9774529384043104e-14,0.30030666424159175,118.96118834088894,0.924999922762087,428.25123831921786,396.13236236804465,32.11887595117323,0.6738114792663539,2.0017257476876203e-14,1.977779645445287e-14,0.3001228450624776,118.78234785177366,0.9249999226956869,427.8693270883965,395.7790944806223,32.09023260777421,0.999999999999661,,,0.101,160.06369191920257,1584.7890289029956,1584.7890289025718,4.23735340831458e-10,49.12845989599286,1.8046029063999113e-14,,,199.88352930049,0.00036970115778086796,85.94991759921069,2.698095096404891,906.8719647088345,0.0,0.0,0.0,92.13819161441758
130,1,131,0.1016,4.0210281160423864e-05,906.8719647065444,,,,0,2.470987236725922e-13,1,1784.6726879225255,1784.6726879225255,3.3649461137096743e-13,285.54763006760413,59.251133239027844,0.33340741295506804,,,270.8315282722986,1784.6726477122443,1713.285617286764,71.38690072028184,1784.6725180070457,0.0001297051984951097,0.7014776714235346,0.09278723440095574,0.09278725721562942,0.1580297616881749,90.4017733692406,0.96,595.8910076198557,572.0553673150614,23.835640304794236,0.7007913963739713,0.09297908822359177,0.09297908818234422,0.15807714270909343,90.27719420284926,0.96,594.8914710228482,571.0958121819343,23.795658840913898,0.7001043168914797,0.09317102716311107,0.09317100441283171,0.15812509247766507,90.15256070020872,0.96,593.8900393643418,570.134437789768,23.755601574573713,,,,475.9763748123173,1713.285617286764,1584.7890289156724,128.496550787451,1713.2855797031234,3.758364045189605e-05,0.6749353517017246,2.0347408774468324e-14,2.157447068561043e-14,0.30046650867698865,119.11680900633031,0.9249999228197364,428.5833385133426,396.43955504666684,32.14378346667575,0.6749353517017261,1.179353402583464e-14,1.9190046456779822e-14,0.30046570837874137,119.11602961075229,0.9249999228194479,428.58167577667854,396.43801701525734,32.14365876142123,0.6744129137350746,2.002064268811058e-14,1.9774529642169095e-14,0.30030666424291325,118.96118834217532,0.9249999227620929,428.2512383219616,396.13236237058504,32.11887595137652,0.6738114792663541,2.001725721246879e-14,1.977779671257206e-14,0.3001228450637994,118.7823478530594,0.9249999226956926,427.8693270911408,395.7790944831633,32.0902326079775,0.9999999999996771,,,0.101,160.06369192048294,1584.7890289156724,1584.789028915269,4.035292144815607e-10,49.12845989638585,1.4291510080601047e-14,,,199.88352930205832,0.00036970144527483464,85.94991759988508,2.698095096404879,906.8719647065443,0.0,0.0,0.0,92.1381916141849
131,1,132,0.1016,4.021028122989542e-05,906.8719647041155,,,,0,2.470988877511966e-13,1,1784.6726879375872,1784.672687937587,3.364948330041955e-13,285.54763007001395,59.251133239527896,0.33340741295506804,,,270.83152826143447,1784.6726477273057,1713.2856173012221,71.3869007208844,1784.6725180221067,0.00012970519921795868,0.7014776473129972,0.09278724031460608,0.09278726442514333,0.1580297633437336,90.40176899102394,0.96,595.8909725177662,572.0553336170555,23.835638900710723,0.700791396417573,0.0929790882129105,0.09297908816930865,0.158077142706067,90.27719421076121,0.96,594.8914710863744,571.0958122429194,23.795658843455055,0.7001043409339379,0.09317102127565831,0.0931709972332001,0.15812509079086534,90.15256505964932,0.96,593.8900744179659,570.1344714412473,23.755602976718624,,,,475.976374819096,1713.2856173012221,1584.789028929056,128.4965507885247,1713.2855797175807,3.7583641332659555e-05,0.6749353517017195,1.998811970071985e-14,1.8380163157607478e-14,0.300466508677872,119.11680900719088,0.9249999228197425,428.583338515176,396.43955504836543,32.14378346681059,0.6749353517017197,1.302124661228827e-14,2.2698927530665255e-14,0.30046570838202985,119.11602961395509,0.9249999228194541,428.5816757835088,396.43801702157793,32.143658761930844,0.6744129137350748,2.0020642423518595e-14,1.9774529900295835e-14,0.30030666424430835,118.96118834353334,0.924999922762099,428.251238324858,396.13236237326686,32.118875951591114,0.6738114792663543,2.0017256948060626e-14,1.9777796970691998e-14,0.3001228450651947,118.78234785441673,0.9249999226956989,427.8693270940379,395.77909448584575,32.09023260819214,0.9999999999996918,,,0.101,160.06369192183467,1584.789028929056,1584.7890289286709,3.85267844313632e-10,49.12845989680074,1.5025204705808306e-14,,,199.88352930371727,0.00036970175018667103,85.94991760059843,2.6980950964048684,906.8719647041155,0.0,0.0,0.0,92.13819161393813
132,1,133,0.1016,4.021028116742028e-05,906.871964701501,,,,0,2.470995815019304e-13,1,1784.6726879533658,1784.6726879533655,3.3649973306147407e-13,285.54763007253854,59.251133240051736,0.33340741295506804,,,270.83152824997273,1784.6726477430843,1713.2856173163705,71.38690072151546,1784.6725180378858,0.00012970519856790719,0.7014776219016942,0.092787246588728,0.09278727200003117,0.158029765088643,90.40176437651634,0.96,595.8909355212262,572.0552981003772,23.835637420849018,0.7007913964640377,0.09297908820158597,0.09297908815512133,0.15807714270287526,90.27719421910498,0.96,594.891471153368,571.0958123072332,23.795658846134767,0.7001043662743635,0.0931710150292732,0.09317098968884767,0.15812508901303646,90.15256965435141,0.96,593.8901113632918,570.13450690876,23.75560445453167,,,,475.9763748261987,1713.2856173163705,1584.789028943079,128.49655078964932,1713.2855797327284,3.758364215632168e-05,0.6749353517017143,1.9950315740722416e-14,1.8239023389633836e-14,0.30046650867879726,119.11680900809225,0.9249999228197492,428.5833385170962,396.43955505014446,32.14378346695173,0.6749353517017141,1.381284939076925e-14,2.2917946055800987e-14,0.3004657083854699,119.11602961730553,0.9249999228194608,428.58167579065383,396.43801702818996,32.14365876246386,0.6744129137350751,2.0020642158925818e-14,1.9774530158423356e-14,0.30030666424577307,118.96118834495914,0.9249999227621057,428.251238327899,396.13236237608265,32.11887595181633,0.6738114792663545,2.0017256683651676e-14,1.9777797228812716e-14,0.30012284506665976,118.78234785584179,0.9249999226957055,427.86932709707946,395.77909448866205,32.0902326084174,0.9999999999996956,,,0.101,160.06369192325099,1584.789028943079,1584.7890289426985,3.80583342867043e-10,49.12845989723545,1.306804100645433e-14,,,199.883529305469,0.0003697020783992505,85.94991760135167,2.698095096404858,906.871964701501,0.0,0.0,0.0,92.1381916136725
133,1,134,0.1016,4.021028122513291e-05,906.8719646987157,,,,0,2.4709949090023565e-13,1,1784.6726879698963,1784.672687969896,3.365007943931653e-13,285.5476300751834,59.25113324060055,0.33340741295506804,,,270.8315282379144,1784.6726477596148,1713.2856173322386,71.3869007221768,1784.6725180544156,0.00012970519916840505,0.7014775951939625,0.09278725322541607,0.09278727993314768,0.15802976692329074,90.40175952469299,0.96,595.8908966220192,572.0552607571384,23.83563586488082,0.7007913965234546,0.09297908819031954,0.09297908813090267,0.1580771426995148,90.27719422788978,0.96,594.8914712239028,571.0958123749466,23.79565884895619,0.7001043929284599,0.09317100842330028,0.09317098176920373,0.15812508714378523,90.15257448533164,0.96,593.8901502084935,570.1345442001538,23.75560600833979,,,,475.9763748336385,1713.2856173322386,1584.7890289577683,128.49655079082723,1713.2855797485954,3.7583643119927175e-05,0.6749353517017092,2.016813998101319e-14,1.838859898890275e-14,0.30046650867975755,119.1168090090277,0.9249999228197563,428.583338519089,396.43955505199085,32.14378346709815,0.6749353517017089,1.4124972619699889e-14,2.2686076183833153e-14,0.30046570838886644,119.11602962061363,0.9249999228194679,428.5816757977084,396.4380170347184,32.14365876298994,0.6744129137350753,2.0020641894332215e-14,1.97745304165517e-14,0.30030666424741514,118.96118834655763,0.9249999227621128,428.2512383313084,396.1323623792394,32.11887595206899,0.6738114792663548,2.0017256419241893e-14,1.977779748693426e-14,0.3001228450683022,118.7823478574395,0.9249999226957126,427.86932710048967,395.7790944918196,32.09023260867012,0.9999999999996941,,,0.101,160.0636919247346,1584.7890289577683,1584.789028957386,3.823340050902726e-10,49.12845989769082,1.4126981553779257e-14,,,199.88352930731102,0.0003697024280587547,85.94991760214374,2.698095096404848,906.8719646987158,0.0,0.0,0.0,92.13819161338951
134,1,135,0.1016,4.021028118521472e-05,906.8719646921937,,,,0,2.471048773018236e-13,1,1784.6726879811308,1784.6726879811308,3.3649601029728245e-13,285.54763007698097,59.251133240973545,0.33340741295506804,,,270.8315282245038,1784.6726477708496,1713.2856173430248,71.38690072262607,1784.6725180656508,0.00012970519875305764,0.7014775671765336,0.09278726023678512,0.09278728825421394,0.15802976884817999,90.40175443422352,0.96,595.8908558094787,572.0552215770996,23.83563423237913,0.7007913965872001,0.09297908818976239,0.0929790881260168,0.1580771426960786,90.27719423687302,0.96,594.8914712960303,571.095812444189,23.795658851841235,0.7001044208920957,0.0931710014669645,0.09317097350332883,0.1581250851827956,90.15257955340726,0.96,593.8901909601418,570.134583321736,23.755607638405703,,,,475.9763748386977,1713.2856173430248,1584.7890289677732,128.49655079160758,1713.2855797593809,3.758364379475145e-05,0.6749353517017044,2.0459758106137607e-14,1.873434226053679e-14,0.3004665086802741,119.11680900953142,0.924999922819773,428.58333852015693,396.4395550529858,32.14378346717115,0.6749353517017043,1.432649109912363e-14,2.218105720242554e-14,0.30046570838430325,119.11602961617034,0.9249999228194845,428.5816757882224,396.4380170259511,32.14365876227133,0.6744129137350755,2.0020641629737678e-14,1.9774530674680965e-14,0.3003066642520393,118.9611883510588,0.9249999227621295,428.25123834091033,396.13236238812834,32.118875952781984,0.673811479266355,2.0017256154831183e-14,1.9777797745056722e-14,0.3001228450729261,118.78234786193717,0.9249999226957293,427.8693271100912,395.7790945007081,32.09023260938311,0.9999999999996874,,,0.101,160.0636919257451,1584.7890289677732,1584.7890289673824,3.90778261014293e-10,49.12845989800097,1.2670949523026301e-14,,,199.88352930854975,0.000369703246789879,85.94991760267638,2.698095096404839,906.8719646921937,0.0,0.0,0.0,92.13819161272689
135,1,136,0.1016,4.021028118050322e-05,906.8719644847541,,,,0,2.4710303253927025e-13,1,1784.6726876524183,1784.6726876524183,3.3649242668386114e-13,285.54763002438693,59.2511332300603,0.33340741295506804,,,270.83152816805756,1784.672647442137,1713.2856170274606,71.3869007094775,1784.6725177369383,0.0001297051987040346,0.7014775332339453,0.09278726753356205,0.09278730147615033,0.15802977086900644,90.40174909004558,0.96,595.890812962843,572.0551804443293,23.83563251851372,0.7007913920256753,0.09297908810665409,0.09297909266817891,0.15807714269787754,90.27719423217009,0.96,594.89147125827,571.0958124079392,23.795658850330813,0.7001044455213186,0.09317099406304254,0.09317096943381968,0.1581250831349958,90.15258484584191,0.96,593.8902335158251,570.1346241751921,23.755609340632976,,,,475.9763746910548,1713.2856170274606,1584.7890286768275,128.49655076703704,1713.2855794438642,3.75835962776013e-05,0.6749353517016999,2.0626216848417713e-14,1.8678809948306714e-14,0.30046650866912206,119.1168089986917,0.9249999228203021,428.5833384968175,396.43955503162357,32.1437834651939,0.6749353517016997,1.4719388220519218e-14,2.2259410561406123e-14,0.3004657080896073,119.11602932919297,0.9249999228200134,428.5816751757792,396.43801645966784,32.14365871611133,0.6744129137350757,2.0020641365140506e-14,1.9774530932812817e-14,0.3003066643292379,118.96118842621479,0.9249999227626587,428.2512385011323,396.1323625365603,32.118875964571984,0.6738114792663552,2.0017255890417837e-14,1.977779800318177e-14,0.3001228451500392,118.78234793695535,0.9249999226962589,427.86932727013533,395.7790946489755,32.09023262115982,0.9999999999996825,,,0.101,160.0636918963596,1584.7890286768275,1584.7890286764305,3.9693737919133126e-10,49.128459888981645,1.3726846769299772e-14,,,199.88352927078927,0.00036972928194397024,85.94991758643938,2.6980950964048307,906.8719644847541,0.0,0.0,0.0,92.13819159165102
136,1,137,0.1016,4.021028105130758e-05,906.8719484754362,,,,0,2.4710483196390346e-13,1,1784.672660537186,1784.6726605371857,3.3649525587061634e-13,285.54762568594975,59.251132329834576,0.33340741295506804,,,270.83152477474664,1784.6726203269047,1713.285590996839,71.38689962486835,1784.6724906217073,0.00012970519735975628,0.7014773997463425,0.09278726851189194,0.09278740199949478,0.15802977340235355,90.4017423904847,0.96,595.8907592494994,572.0551288795194,23.835630369979988,0.7007912893559373,0.09297908130993703,0.0929791839796751,0.15807714312489315,90.27719311586063,0.96,594.891462295239,571.0958038034295,23.795658491809565,0.7001043734672777,0.09317097955321002,0.0931710516072508,0.15812508142377715,90.1525892684013,0.96,593.8902690769688,570.1346583138901,23.755610763078796,,,,475.9763625227289,1713.285590996839,1584.789004672834,128.49654874677944,1713.2855534196133,3.7577225672885635e-05,0.6749353517016957,2.080034026929234e-14,1.8747335098220644e-14,0.30046650798855323,119.11680833748589,0.9249999228602344,428.5833370700499,396.43955372897796,32.14378334107194,0.6749353517016955,1.520708572472595e-14,2.216287262117663e-14,0.3004656962772433,119.11601782695833,0.9249999228599418,428.5816506210787,396.43799376368435,32.14365685739436,0.674412913735076,2.0020641100499258e-14,1.9774531190987676e-14,0.30030666432730446,118.96118842591747,0.9249999228026082,428.2512384843236,396.1323625381207,32.118875946202905,0.6738114792663554,2.0017255625960514e-14,1.9777798261349767e-14,0.3001228451436973,118.78234793236716,0.9249999227362279,427.8693272441612,395.77909464205095,32.09023260211025,0.9999999999996793,,,0.101,160.06368947195625,1584.789004672834,1584.7890046724328,4.0100075445130263e-10,49.12845914485785,1.2281538703644846e-14,,,199.88352615955586,0.0003717060042067888,85.94991624860903,2.6980950964048223,906.8719484754363,0.0,0.0,0.0,92.13818996510432
137,1,138,0.13994,4.021028130064765e-05,906.8701300711406,,,,0,2.4710295958457166e-13,1,1784.6699787989598,1784.6699787989596,3.364926578157463e-13,285.54719660783354,59.25104329612547,0.333407412955068,,,270.8311907571414,1784.6699385886784,1713.2830165281391,71.38679235533918,1784.6698088834785,0.00012970519995389289,0.7014769518668226,0.09278716461363945,0.09278761249315935,0.15802981779763614,90.40162498565661,0.96,595.8898179623635,572.054225243869,23.835592718494553,0.7007908730675688,0.09297896945435544,0.09297938574272381,0.15807718570865545,90.2770817934482,0.96,594.8905684688324,571.0949457300791,23.795622738753305,0.7001039885577514,0.09317085980180476,0.09317124471133108,0.1581251221639105,90.15248397803664,0.96,593.8894224522826,570.1338455541913,23.755576898091324,,,,475.97515566568785,1713.2830165281391,1584.7866219441075,128.49635709219265,1713.2829790363003,3.749183895122832e-05,0.6749353517016919,2.0981523788187044e-14,1.8835612647736324e-14,0.30046634753280377,119.11665203936171,0.9249999220292014,428.5830039658391,396.4392452514422,32.14375871439699,0.6749353517016917,1.567849442253067e-14,2.2040754196511843e-14,0.3004651301492805,119.11546645392134,0.9249999220287601,428.5804746735102,396.4369056560459,32.14356901746429,0.6744129137350762,2.0020640835862643e-14,1.9774531449158037e-14,0.3003064078277803,118.96093875015235,0.9249999219711905,428.2507058352352,396.1318694816998,32.11883635353539,0.6738114792663557,2.001725536151034e-14,1.97777985195108e-14,0.3001225886280557,118.78209842225245,0.9249999219044068,427.8687945617155,395.7786015549195,32.09019300679597,0.9999999999996756,,,0.101,160.06344881635488,1584.7866219441075,1584.7866219437021,4.0549564202586284e-10,49.12838528026733,1.3221554920518066e-14,,,199.8832271500579,0.00033483195622438495,85.9497876745249,2.6980950964048156,906.8701300711407,0.0,0.0,0.0,126.90740600215543
138,1,139,0.13994,4.0210280993296634e-05,906.8700308000639,,,,0,2.4710484252135123e-13,1,1784.669828082009,1784.669828082009,3.3649534082260354e-13,285.5471724931214,59.251038292322704,0.333407412955068,,,270.8311719721997,1784.669787871728,1713.2828718398698,71.38678632666128,1784.6696581665312,0.00012970519675590332,0.7014768040487462,0.09278736741783883,0.09278751523591522,0.1580298219515325,90.40161400060249,0.96,595.8897298901941,572.0541406945863,23.835589195607792,0.7007907513464431,0.09297916183980774,0.09297928356093359,0.15807718809918225,90.27707554417019,0.96,594.8905182922917,571.0948975606001,23.795620731691645,0.7001038927651599,0.09317104185123894,0.09317113764383039,0.15812512276389282,90.15248242742699,0.96,593.8894099840454,570.1338335846835,23.755576399361843,,,,475.97508788114277,1713.2828718398698,1584.7864881498442,128.49634620608444,1713.2828343559288,3.748394124092245e-05,0.6749353517016884,2.1149727538253492e-14,1.888883920791702e-14,0.3004663405632963,119.11664525269596,0.9249999220496674,428.58298947911396,396.4392318599938,32.14375761912011,0.6749353517016882,1.621217945142954e-14,2.1968316584082766e-14,0.30046508569685526,119.11542316351643,0.9249999220492126,428.5803823105409,396.43682022907205,32.14356208146887,0.6744129137350764,2.002064066555637e-14,1.977453161530297e-14,0.3003063987313743,118.96092989772772,0.9249999219916643,428.25068692956455,396.1318520027238,32.118834926840734,0.6738114792663559,2.0017255191305618e-14,1.977779868566772e-14,0.3001225795223447,118.78208956720266,0.9249999219248904,427.8687756367093,395.77858405805455,32.090191578654725,0.9999999999996723,,,0.101,160.06343530313427,1584.7864881498442,1584.7864881494345,4.096962339761807e-10,49.12838113264517,1.1902803478553214e-14,,,199.883210227378,0.00033564358691955516,85.94978039777253,2.698095096404809,906.8700308000639,0.0,0.0,0.0,126.90739211016094
139,1,140,0.13994,4.02102814528066e-05,906.8700249028311,,,,0,2.471028469499126e-13,1,1784.6698191468242,1784.6698191468242,3.3649273579950814e-13,285.54717106349193,59.25103799567457,0.333407412955068,,,270.8311708489211,1784.6697789365428,1713.2828632620874,71.38678596925371,1784.6696492313413,0.0001297052015370869,0.7014767743130798,0.09278747696867301,0.09278750670433945,0.15802982344864308,90.40161004146931,0.96,595.8896981480218,572.0541102221009,23.835587925920873,0.700790741381091,0.09297926174625035,0.09297927171160242,0.1580771882389332,90.27707517883564,0.96,594.8905153589569,571.0948947445986,23.795620614358324,0.7001039024486991,0.09317113218729038,0.09317112250375123,0.15812512152524674,90.15248562861609,0.96,593.8894357243624,570.133858295388,23.755577428974505,,,,475.97508386188866,1713.2828632620874,1584.7864802177635,128.49634556077882,1713.2828257785422,3.748354520887563e-05,0.6749353517016853,2.1321831809554096e-14,1.8966949228852793e-14,0.30046634014455725,119.11664484493987,0.9249999220508351,428.58298860874834,396.4392310554062,32.14375755334214,0.6749353517016851,1.671534887803859e-14,2.1863598724781737e-14,0.30046508243569336,119.11541998759077,0.9249999220503793,428.58037553462606,396.4368139618513,32.14356157277468,0.6744129137350766,2.002064049737793e-14,1.9774531779372072e-14,0.3003063985078392,118.96092968021463,0.9249999219928325,428.25068646476365,396.13185157328337,32.1188348914803,0.6738114792663561,2.0017255023229062e-14,1.97777988497471e-14,0.3001225792980858,118.78208934914338,0.9249999219260593,427.8687751704043,395.7785836272226,32.09019154318171,0.999999999999669,,,0.101,160.06343450199412,1584.7864802177635,1584.78648021735,4.1367436616469495e-10,49.12838088675067,1.2772113104026835e-14,,,199.8832092242732,0.0003356900270938527,85.94977996643748,2.698095096404803,906.8700249028312,0.0,0.0,0.0,126.90739128490219
140,1,141,0.13994,4.0210281496038715e-05,906.870030791481,,,,0,2.471048903535975e-13,1,1784.6698280954733,1784.6698280954733,3.3649544405709875e-13,285.5471724952758,59.251038292769714,0.333407412955068,,,270.83117195628694,1784.6697878851917,1713.28287185279,71.38678632719967,1784.6696581799897,0.00012970520198691624,0.7014767707502623,0.09278749471155558,0.09278749827437309,0.15802982423795583,90.40160795411944,0.96,595.8896814127877,572.0540941562762,23.83558725651156,0.7007907513996312,0.09297927173076176,0.09297926171222155,0.15807718809548943,90.27707555382372,0.96,594.8905183698017,571.0948976350097,23.795620734792088,0.7001039259714619,0.09317113447012554,0.09317111094736279,0.15812512043420102,90.15248844834376,0.96,593.8894583974003,570.1338800615043,23.755578335896022,,,,475.9750878871976,1713.28287185279,1584.786488161798,128.49634620705046,1713.2828343688482,3.748394190665458e-05,0.6749353517016826,2.1492760630329853e-14,1.9007775011744365e-14,0.3004663405640882,119.11664525346724,0.9249999220496692,428.5829894807587,396.43923186151596,32.14375761924275,0.6749353517016823,1.7309829795910204e-14,2.1809601440833327e-14,0.30046508569977654,119.11542316636142,0.9249999220492142,428.58038231660964,396.43682023468637,32.14356208192327,0.6744129137350768,2.0020640329251134e-14,1.9774531943390797e-14,0.3003063987326273,118.96092989894734,0.9249999219916659,428.25068693216735,396.1318520051322,32.11883492703518,0.6738114792663563,2.0017254855204276e-14,1.9777799013775945e-14,0.30012257952359794,118.78208956842155,0.9249999219248921,427.8687756393125,395.77858406046323,32.09019157884925,0.9999999999996659,,,0.101,160.0634353043416,1584.786488161798,1584.7864881613802,4.1765856659637654e-10,49.12838113301573,1.1570502952562533e-14,,,199.88321022889153,0.0003356436546483195,85.94978039842334,2.6980950964047983,906.8700307914811,0.0,0.0,0.0,126.90739210895985
141,1,142,0.13994,4.021028105662301e-05,906.8701300522661,,,,0,2.47102966732161e-13,1,1784.6699788232695,1784.6699788232695,3.364928298075264e-13,285.5471966117231,59.251043296932544,0.33340741295506804,,,270.8311907249868,1784.6699386129883,1713.2830165514792,71.38679235631177,1784.6698089077909,0.00012970519741482554,0.7014768852434753,0.09278751255116355,0.0927873980579505,0.15802982237108198,90.40161289109695,0.96,595.8897209947835,572.0541321549921,23.835588839791388,0.7007908731752956,0.09297928356524744,0.0929791617895829,0.158077185701298,90.27708181268189,0.96,594.890568623263,571.0949458783324,23.795622744930586,0.7001040549970211,0.09317114034121785,0.09317101131565858,0.15812511750401123,90.15249602120798,0.96,593.8895192897444,570.1339385181545,23.755580771589802,,,,475.97515567662685,1713.2830165514792,1584.7866219657035,128.49635709393615,1713.2829790596397,3.749183944469689e-05,0.6749353517016802,2.165667422721654e-14,1.9068300778666712e-14,0.30046634753422174,119.11665204074284,0.9249999220292056,428.58300396878394,396.4392452541678,32.14375871461611,0.67493535170168,1.7821490867373723e-14,2.173045863176347e-14,0.30046513015465526,119.11546645915585,0.9249999220287641,428.5804746846757,396.43690566637576,32.14356901829994,0.6744129137350771,2.0020640161072404e-14,1.977453210746019e-14,0.3003064078300019,118.96093875231479,0.9249999219711945,428.2507058398498,396.13186948597,32.11883635387975,0.6738114792663565,2.001725468712744e-14,1.977779917785561e-14,0.30012258863027746,118.78209842441342,0.9249999219044109,427.8687945663303,395.7786015591899,32.090193007140364,0.9999999999996628,,,0.101,160.06344881853607,1584.7866219657035,1584.7866219652822,4.2142284993710714e-10,49.12838528093681,1.2362499118152744e-14,,,199.8832271527902,0.0003348321161067558,85.94978767569978,2.698095096404794,906.870130052266,0.0,0.0,0.0,126.90740599951413
142,1,143,0.1016,4.0210281134909714e-05,906.8719484648758,,,,0,2.4710500752227733e-13,1,1784.6726605989047,1784.6726605989045,3.3649557052360084e-13,285.54762569582476,59.25113233188363,0.33340741295506804,,,270.83152472958403,1784.6726203886235,1713.2855910560882,71.38689962733703,1784.6724906834252,0.0001297051982296334,0.7014772997240629,0.09278761909568997,0.09278720461510238,0.15802978027179995,90.40172422391731,0.96,595.89061360007,572.0549890560671,23.835624544002798,0.7007912895238155,0.09297938573416722,0.09297896938564738,0.1580771431131512,90.2771931465566,0.96,594.891462541702,571.095804040034,23.79565850166809,0.7001044732179041,0.0931712381622804,0.09317081994139736,0.15812507442395599,90.15260735911015,0.96,593.8904145416533,570.1347979599872,23.755616581666143,,,,475.97636255050844,1713.2855910560882,1584.7890047276805,128.4965487511787,1713.2855534788591,3.757722900233316e-05,0.6749353517016782,2.1818933881422668e-14,1.9083669728484143e-14,0.30046650799215724,119.1168083409968,0.9249999228602601,428.58333707752945,396.43955373590757,32.14378334162187,0.674935351701678,1.8396796523123847e-14,2.1710533513772907e-14,0.300465696290828,119.11601784018917,0.9249999228599677,428.58165064929455,396.43799378979503,32.1436568594995,0.6744129137350773,2.002063999076562e-14,1.9774532273605647e-14,0.3003066643329754,118.96118843143783,0.9249999228026341,428.25123849609747,396.13236254902256,32.118875947074876,0.6738114792663568,2.0017254516922204e-14,1.977779934401306e-14,0.3001228451493695,118.78234793788472,0.9249999227362538,427.86932725593766,395.7790946529552,32.09023260298244,0.9999999999996599,,,0.101,160.06368947749573,1584.7890047276805,1584.7890047272554,4.250786227730453e-10,49.1284591465581,1.1287422412003682e-14,,,199.88352616645128,0.00037170728725970906,85.94991625157405,2.6980950964047903,906.8719484648757,0.0,0.0,0.0,92.13818996403138
143,1,144,0.1016,4.021028116827244e-05,906.8719644711583,,,,0,2.4710296803410787e-13,1,1784.6726877354436,1784.6726877354436,3.364929307423873e-13,285.547630037671,59.25113323281673,0.33340741295506804,,,270.83152810793365,1784.6726475251623,1713.285617107165,71.38690071279864,1784.6725178199638,0.0001297051985767738,0.7014773998513467,0.09278741795087046,0.09278731782358662,0.15802978002784512,90.4017248690666,0.96,595.8906187725186,572.0549940216177,23.83562475090082,0.7007913922501665,0.09297918395351766,0.09297908122716672,0.1580771426822925,90.27719427291258,0.96,594.8914715853982,571.0958127219823,23.795658863415955,0.7001045785438246,0.0931710357474322,0.09317093042151176,0.15812507380222174,90.1526089659545,0.96,593.890427462047,570.1348103635652,23.755617098481864,,,,475.9763747284249,1713.285617107165,1584.789028750609,128.49655077295523,1713.2855795235641,3.7583600838847055e-05,0.6749353517016765,2.1972716402765882e-14,1.9134843105615054e-14,0.30046650867399305,119.11680900343686,0.9249999228203367,428.5833385069266,396.4395550409894,32.14378346593727,0.6749353517016763,1.8876601528074973e-14,2.1644680617054832e-14,0.30046570810774725,119.11602934686044,0.9249999228200482,428.5816752134564,396.4380164945341,32.1436587189223,0.6744129137350775,2.0020639726125793e-14,1.9774532531779194e-14,0.3003066643369226,118.96118843369547,0.9249999227626935,428.2512385170874,396.13236255133364,32.11887596575375,0.673811479266357,2.0017254252468822e-14,1.9777799602177276e-14,0.3001228451577255,118.78234794443216,0.9249999226962936,427.8693272860937,395.77909466375183,32.090232622341894,0.9999999999996572,,,0.101,160.06369190381153,1584.789028750609,1584.7890287501805,4.2852326674369704e-10,49.12845989126888,1.2028589709846546e-14,,,199.8835292800647,0.0003697309879339945,85.94991759042782,2.698095096404787,906.8719644711583,0.0,0.0,0.0,92.13819159026968
144,1,145,0.1016,4.0210281184452e-05,906.8719646752107,,,,0,2.4710489355567554e-13,1,1784.6726880849544,1784.6726880849542,3.364956725087395e-13,285.5476300935927,59.25113324442049,0.33340741295506804,,,270.8315281493389,1784.672647874673,1713.2856174426952,71.38690072677906,1784.6725181694744,0.00012970519874512166,0.7014774004223122,0.09278732675839796,0.09278732618743249,0.15802978029845227,90.40172415343397,0.96,595.890613034974,572.0549885135749,23.83562452139901,0.7007913968672027,0.09297909262544772,0.09297908800841148,0.15807714267664588,90.27719428767413,0.96,594.891471703921,571.0958128357641,23.795658868156856,0.7001045871969639,0.09317094428099248,0.09317093562785315,0.15812507351501368,90.15260970823081,0.96,593.8904334305794,570.1348160933562,23.755617337223196,,,,475.9763748854291,1713.2856174426952,1584.7890290600374,128.49655079900816,1713.2855798590458,3.7583649512253486e-05,0.6749353517016752,2.2134779087902345e-14,1.912731164532053e-14,0.30046650868636554,119.11680901546546,0.9249999228198164,428.5833385327988,396.4395550646981,32.1437834681007,0.6749353517016751,1.9431799229837462e-14,2.165432610217566e-14,0.30046570840697656,119.11602963825315,0.9249999228195278,428.58167583531565,396.43801706953093,32.14365876578476,0.6744129137350777,2.00206394614802e-14,1.9774532789958383e-14,0.30030666426165425,118.96118836041849,0.9249999227621728,428.251238360873,396.1323624066124,32.11887595426062,0.6738114792663572,2.001725398800715e-14,1.9777799860349595e-14,0.3001228450825431,118.78234787129205,0.9249999226957727,427.8693271300581,395.77909451919606,32.090232610862074,0.9999999999996545,,,0.101,160.06369193506382,1584.7890290600374,1584.7890290596056,4.3188101336961805e-10,49.12845990086116,1.1057585005621915e-14,,,199.88352932015016,0.00036970537868685413,85.94991760766457,2.698095096404785,906.8719646752108,0.0,0.0,0.0,92.1381916110014
145,1,146,0.1016,4.02102811454833e-05,906.8719646783003,,,,0,2.4710286531014086e-13,1,1784.6726880944695,1784.6726880944695,3.364930067882171e-13,285.5476300951151,59.25113324473639,0.33340741295506804,,,270.83152814768295,1784.6726478841883,1713.2856174518304,71.38690072715967,1784.67251817899,0.00012970519833965363,0.7014773950317295,0.09278732285635274,0.09278732824693546,0.1580297806675421,90.40172317735988,0.96,595.8906052093539,572.0549810009798,23.835624208374185,0.7007913968591696,0.09297908806781444,0.09297908807584757,0.15807714267621625,90.27719428879746,0.96,594.8914717129401,571.0958128444224,23.795658868517574,0.7001045925516862,0.0931709390689493,0.09317093371422695,0.1581250731384181,90.1526106815256,0.96,593.890441256696,570.1348236064281,23.755617650267915,,,,475.97637488971026,1713.2856174518304,1584.7890290684738,128.49655079970682,1713.2855798681803,3.758364992243996e-05,0.6749353517016742,2.228932881270423e-14,1.914344858387347e-14,0.3004665086870663,119.11680901614768,0.9249999228198085,428.58333853425745,396.439555066044,32.14378346821348,0.6749353517016741,1.9924949888777312e-14,2.163368137623706e-14,0.30046570841607145,119.11602964711015,0.9249999228195199,428.58167585421415,396.43801708700863,32.14365876720555,0.674412913735078,2.0020639196877595e-14,1.9774533048095643e-14,0.30030666425895197,118.96118835778819,0.9249999227621649,428.2512383552613,396.1323624014182,32.11887595384311,0.6738114792663574,2.001725372358838e-14,1.9777800118480055e-14,0.3001228450798415,118.78234786866422,0.9249999226957648,427.8693271244476,395.7790945140029,32.09023261044467,0.9999999999996517,,,0.101,160.06369193591587,1584.7890290684738,1584.7890290680384,4.353493399201876e-10,49.12845990112268,1.1748216366757594e-14,,,199.88352932123325,0.00036970499087112083,85.94991760813029,2.6980950964047836,906.8719646783002,0.0,0.0,0.0,92.1381916113153
146,1,147,0.1016,4.021028121141475e-05,906.8719646777257,,,,0,2.4710435672910506e-13,1,1784.6726880988524,1784.6726880988524,3.3649573684987945e-13,285.5476300958164,59.2511332448819,0.33340741295506804,,,270.83152814467076,1784.6726478885712,1713.2856174560372,71.38690072733499,1784.6725181833722,0.00012970519902566802,0.7014773882869604,0.092787323862188,0.09278733060695707,0.1580297811299258,90.40172195456616,0.96,595.8905954056728,572.0549715894459,23.835623816226896,0.7007913968558124,0.09297908805725233,0.09297908806060956,0.1580771426756852,90.27719429018558,0.96,594.8914717240857,571.0958128551222,23.795658868963493,0.7001045992600766,0.09317093804642328,0.09317093133803295,0.15812507266698683,90.15261189991901,0.96,593.8904510536136,570.134833011469,23.755618042144597,,,,475.97637489168255,1713.2856174560372,1584.7890290723674,128.4965508000198,1713.285579872387,3.7583650201357845e-05,0.6749353517016735,2.2457030816230776e-14,1.9148687825420167e-14,0.30046650868733304,119.11680901640749,0.9249999228198099,428.5833385348111,396.43955506655675,32.14378346825439,0.6749353517016734,2.0427819380409977e-14,2.1626994924703627e-14,0.30046570841724063,119.1160296482489,0.9249999228195215,428.58167585664296,396.4380170892559,32.143658767387045,0.6744129137350782,2.002063893227654e-14,1.9774533306231403e-14,0.3003066642592468,118.96118835807513,0.9249999227621664,428.2512383558733,396.1323624019849,32.1188759538884,0.6738114792663576,2.0017253459171158e-14,1.9777800376609015e-14,0.30012284508013637,118.78234786895104,0.9249999226957663,427.86932712505967,395.77909451456975,32.09023261048996,0.9999999999996492,,,0.101,160.0636919363091,1584.7890290723674,1584.7890290719288,4.385948333689435e-10,49.12845990124338,1.0851232531834696e-14,,,199.88352932172515,0.0003697050629903592,85.94991760834182,2.6980950964047823,906.8719646777257,0.0,0.0,0.0,92.13819161125693
147,1,148,0.1016,4.021028112694564e-05,906.8719646768716,,,,0,2.4710298045286803e-13,1,1784.6726881038398,1784.6726881038396,3.3649309076178654e-13,285.5476300966144,59.251133245047484,0.33340741295506804,,,270.8315281410164,1784.6726478935586,1713.285617460826,71.3869007275345,1784.6725181883605,0.00012970519814677005,0.7014773801938187,0.0927873252657286,0.09278733335887032,0.15802978168561577,90.40172048502004,0.96,595.8905836236681,572.0549602787214,23.83562334494675,0.7007913968657841,0.09297908806593543,0.0929790880559637,0.1580771426749611,90.27719429207859,0.96,594.891471739285,571.0958128697135,23.795658869571422,0.7001046073336057,0.09317093666798683,0.0931709285944577,0.15812507210052384,90.15261336391781,0.96,593.8904628254072,570.1348443123909,23.755618513016323,,,,475.976374893928,1713.285617460826,1584.7890290768003,128.49655080037522,1713.2855798771755,3.758365041351911e-05,0.6749353517016732,2.2650983630152173e-14,1.9168375284458715e-14,0.30046650868762625,119.11680901669313,0.924999922819812,428.5833385354196,396.4395550671205,32.14378346829909,0.6749353517016731,2.0926441959794015e-14,2.1601937090775164e-14,0.3004657084183369,119.11602964931657,0.9249999228195236,428.58167585891977,396.43801709136284,32.14365876755692,0.6744129137350784,2.0020638667675328e-14,1.9774533564367338e-14,0.30030666425970515,118.96118835852131,0.9249999227621686,428.2512383568248,396.13236240286597,32.11887595395884,0.6738114792663579,2.001725319475377e-14,1.9777800634738143e-14,0.3001228450805947,118.78234786939693,0.9249999226957685,427.86932712601134,395.779094515451,32.090232610560356,0.9999999999996461,,,0.101,160.06369193675684,1584.7890290768003,1584.7890290763578,4.424732588116462e-10,49.12845990138081,1.1516945276537901e-14,,,199.88352932228406,0.00036970517019947416,85.94991760858214,2.6980950964047827,906.8719646768717,0.0,0.0,0.0,92.13819161117014
148,1,149,0.1016,4.021028118660179e-05,906.8719646759318,,,,0,2.471051433326871e-13,1,1784.6726881097652,1784.672688109765,3.3649584134847007e-13,285.54763009756243,59.251133245244205,0.33340741295506804,,,270.83152813676026,1784.672647899484,1713.2856174665137,71.38690072777152,1784.6725181942852,0.00012970519876749002,0.7014773707405538,0.0927873270393549,0.09278733649261978,0.15802978233473053,90.40171876840841,0.96,595.890569860829,572.0549470663958,23.835622794433146,0.7007913968790854,0.09297908806451383,0.09297908805121248,0.15807714267403772,90.27719429449232,0.96,594.8914717586654,571.0958128883187,23.795658870346667,0.7001046167639874,0.09317093490255832,0.09317092547217667,0.15812507143889862,90.15261507385955,0.96,593.8904765747906,570.1348575117988,23.7556190629917,,,,475.97637489659456,1713.2856174665137,1584.7890290820653,128.49655080079762,1713.285579882863,3.7583650783457724e-05,0.6749353517016732,2.280400837866906e-14,1.915318537434872e-14,0.3004665086879743,119.1168090170322,0.9249999228198145,428.5833385361419,396.43955506778974,32.143783468352204,0.6749353517016731,2.1353877572391103e-14,2.1621261956573655e-14,0.3004657084196305,119.11602965057645,0.924999922819526,428.5816758616066,396.4380170938492,32.14365876775738,0.6744129137350786,2.0020638403073858e-14,1.9774533822503534e-14,0.3003066642602537,118.96118835905528,0.9249999227621709,428.25123835796376,396.1323624039205,32.11887595404323,0.6738114792663581,2.0017252930336134e-14,1.9777800892867536e-14,0.30012284508114345,118.78234786993069,0.9249999226957708,427.8693271271506,395.77909451650584,32.0902326106448,0.9999999999996428,,,0.101,160.0636919372886,1584.7890290820653,1584.7890290816188,4.464704708055052e-10,49.128459901544026,1.065485032210135e-14,,,199.88352932294794,0.0003697052881784835,85.94991760886761,2.698095096404783,906.8719646759318,0.0,0.0,0.0,92.13819161107467
149,1,150,0.1016,4.021028110164629e-05,906.8719646747983,,,,0,2.4710280643421054e-13,1,1784.6726881164432,1784.6726881164432,3.3649314046717456e-13,285.5476300986309,59.251133245465915,0.33340741295506804,,,270.8315281318786,1784.672647906162,1713.2856174729254,71.3869007280386,1784.672518200964,0.00012970519788353118,0.7014773599245843,0.09278732919226182,0.09278734000823133,0.1580297830774172,90.40171680434204,0.96,595.8905541140349,572.0549319494736,23.835622164561368,0.700791396895242,0.09297908806182455,0.09297908804566801,0.15807714267291711,90.2771942974219,0.96,594.8914717821874,571.0958129109,23.795658871287483,0.7001046275528076,0.09317093275862497,0.09317092196980478,0.15812507068196788,90.15261703011463,0.96,593.8904923047419,570.134872612552,23.755619692189743,,,,475.9763748996009,1713.2856174729254,1584.7890290880007,128.49655080127354,1713.2855798892742,3.758365108875022e-05,0.6749353517016734,2.292451109982329e-14,1.9196018819065184e-14,0.3004665086883666,119.11680901741433,0.9249999228198174,428.583338536956,396.43955506854394,32.14378346841205,0.6749353517016734,2.1655879987751962e-14,2.15669374965494e-14,0.3004657084210896,119.11602965199755,0.9249999228195289,428.58167586463713,396.4380170966537,32.14365876798344,0.6744129137350788,2.002063813847208e-14,1.9774534080640042e-14,0.3003066642608718,118.96118835965702,0.9249999227621739,428.25123835924705,396.13236240510884,32.11887595413821,0.6738114792663583,2.0017252665918188e-14,1.9777801150997242e-14,0.3001228450817617,118.78234787053204,0.9249999226957738,427.8693271284341,395.77909451769426,32.090232610739825,0.9999999999996408,,,0.101,160.06369193788808,1584.7890290880007,1584.7890290875516,4.4891553648875925e-10,49.128459901728014,1.1337478450751521e-14,,,199.88352932369358,0.0003697054304622758,85.94991760918823,2.698095096404784,906.8719646747983,0.0,0.0,0.0,92.1381916109595
150,1,151,0.1016,4.0210281203640786e-05,906.8719646735973,,,,0,2.47105202648754e-13,1,1784.6726881240945,1784.6726881240945,3.3649593910626127e-13,285.54763009985516,59.25113324571994,0.33340741295506804,,,270.831528126397,1784.6726479138133,1713.2856174802696,71.38690072834474,1784.6725182086143,0.0001297051989447802,0.7014773477435241,0.09278733172540439,0.09278734390646463,0.15802978391383776,90.40171459239302,0.96,595.8905363798548,572.0549149246606,23.835621455194246,0.7007913969142898,0.09297908805834962,0.09297908803930174,0.1580771426715946,90.27719430087936,0.96,594.8914718099478,571.0958129375499,23.79565887239797,0.7001046397024706,0.09317093023620705,0.09317091808654396,0.1581250698295608,90.1526192331246,0.96,593.8905100188116,570.1348896180591,23.755620400752523,,,,475.9763749030442,1713.2856174802696,1584.7890290947992,128.49655080181904,1713.285579896618,3.758365158487827e-05,0.6749353517016738,2.3115218474055923e-14,1.91991431241078e-14,0.300466508688816,119.11680901785218,0.9249999228198205,428.5833385378889,396.4395550694082,32.14378346848069,0.6749353517016738,2.2047590745931852e-14,2.1562995735181867e-14,0.3004657084227596,119.1160296536241,0.9249999228195319,428.58167586810595,396.4380170998637,32.14365876824227,0.6744129137350791,2.002063787386996e-14,1.97745343387769e-14,0.3003066642615802,118.9611883603466,0.9249999227621769,428.2512383607179,396.1323624064707,32.1188759542472,0.6738114792663585,2.0017252401499898e-14,1.9777801409127298e-14,0.3001228450824703,118.78234787122132,0.9249999226957768,427.8693271299053,395.77909451905646,32.09023261084887,0.999999999999638,,,0.101,160.06369193857472,1584.7890290947992,1584.7890290943467,4.5259988361596566e-10,49.128459901938776,1.0542807296482931e-14,,,199.8835293245495,0.00036970558121796244,85.94991760955628,2.698095096404785,906.8719646735973,0.0,0.0,0.0,92.13819161083748
151,1,152,0.1016,4.021028112100807e-05,906.8719646721863,,,,0,2.4710291326385464e-13,1,1784.6726881324746,1784.6726881324744,3.3649319239088903e-13,285.5476301011959,59.251133245998155,0.33340741295506804,,,270.83152812028425,1784.6726479221932,1713.2856174883154,71.38690072867989,1784.6725182169953,0.0001297051980849898,0.7014773341946424,0.0927873346393271,0.09278734818820875,0.15802978484418187,90.40171213205961,0.96,595.8905166542659,572.0548959880952,23.835620666170662,0.7007913969362266,0.09297908805406642,0.0929790880321296,0.15807714267007256,90.27719430485826,0.96,594.8914718418949,571.0958129682192,23.79565887367579,0.7001046532156403,0.09317092733472805,0.09317091382155841,0.15812506888149291,90.15262168336638,0.96,593.8905297208344,570.134908532001,23.755621188833448,,,,475.9763749068166,1713.2856174883154,1584.789029102247,128.49655080241627,1713.2855799046633,3.758365198546951e-05,0.6749353517016745,2.3227008960256813e-14,1.924235792732688e-14,0.30046650868930846,119.11680901833184,0.924999922819824,428.5833385389107,396.4395550703549,32.14378346855582,0.6749353517016744,2.2220545731550118e-14,2.1508744247231706e-14,0.3004657084245903,119.11602965540712,0.9249999228195356,428.5816758719083,396.43801710338244,32.1436587685259,0.6744129137350793,2.0020637609267438e-14,1.977453459691416e-14,0.30030666426235586,118.96118836110166,0.9249999227621806,428.2512383623283,396.13236240796186,32.11887595436644,0.6738114792663588,2.0017252137081207e-14,1.9777801667257754e-14,0.30012284508324605,118.78234787197597,0.9249999226957805,427.869327131516,395.7790945205479,32.09023261096811,0.9999999999996356,,,0.101,160.063691939327,1584.789029102247,1584.7890291017916,4.554541885788621e-10,49.12845990216966,1.1172775405980151e-14,,,199.88352932548509,0.0003697057583364609,85.94991760995859,2.698095096404787,906.8719646721863,0.0,0.0,0.0,92.13819161069412
152,1,153,0.1016,4.021028109513409e-05,906.871964670658,,,,0,2.471054966959353e-13,1,1784.6726881417458,1784.6726881417458,3.3649603328592404e-13,285.5476301026793,59.25113324630596,0.33340741295506804,,,270.83152811355876,1784.6726479314646,1713.285617497216,71.38690072905068,1784.6725182262667,0.00012970519781577207,0.7014773192749443,0.09278733793469435,0.09278735285439244,0.1580297858686542,90.40170942280112,0.96,595.8904949329328,572.0548751356155,23.835619797317353,0.7007913969610932,0.0929790880489871,0.09297908802412061,0.15807714266834702,90.27719430936922,0.96,594.8914718781141,571.0958130029895,23.795658875124534,0.7001046680953228,0.09317092405356353,0.09317090917388098,0.15812506783755215,90.15262438138843,0.96,593.8905514152198,570.134929358611,23.755622056608793,,,,475.97637491098976,1713.285617497216,1584.7890291104864,128.49655080307713,1713.2855799135637,3.75836524769071e-05,0.6749353517016754,2.3412925052800532e-14,1.9268581781679225e-14,0.30046650868985314,119.11680901886248,0.9249999228198279,428.5833385400412,396.43955507140225,32.14378346863893,0.6749353517016753,2.251959301022102e-14,2.1476074157626936e-14,0.3004657084266153,119.11602965737934,0.9249999228195395,428.5816758761143,396.43801710727456,32.14365876883969,0.6744129137350795,2.0020637344664482e-14,1.977453485505186e-14,0.300306664263214,118.96118836193702,0.9249999227621845,428.25123836410995,396.1323624096116,32.11887595449842,0.673811479266359,2.0017251872662087e-14,1.977780192538865e-14,0.3001228450841044,118.78234787281092,0.9249999226957843,427.8693271332981,395.77909452219797,32.09023261110009,0.9999999999996331,,,0.101,160.06369194015915,1584.7890291104864,1584.7890291100277,4.586712768914282e-10,49.12845990242508,1.0468755880159202e-14,,,199.8835293265204,0.0003697059501907457,85.94991761040377,2.6980950964047894,906.8719646706581,0.0,0.0,0.0,92.13819161053885
153,1,154,0.1016,4.021028125201044e-05,906.8719646690604,,,,0,2.4710327425774545e-13,1,1784.6726881519942,1784.672688151994,3.364932785576271e-13,285.54763010431907,59.251133246646205,0.333407412955068,,,270.83152810622926,1784.6726479417127,1713.2856175070524,71.38690072946065,1784.6725182365133,0.00012970519944806465,0.7014773029811202,0.09278734161223791,0.09278735790606202,0.15802978698748124,90.40170646401837,0.96,595.890471211052,572.05485236261,23.835618848442152,0.7007913969889229,0.09297908804310531,0.09297908801527556,0.15807714266641487,90.27719431442017,0.96,594.891471918669,571.0958130419223,23.79565887674675,0.7001046843448168,0.09317092039198697,0.09317090414249307,0.15812506669750634,90.1526273277907,0.96,593.8905751067922,570.1349521025204,23.755623004271754,,,,475.9763749156014,1713.2856175070524,1584.7890291195915,128.4965508038078,1713.2855799233992,3.7583653156467824e-05,0.6749353517016764,2.3497543359717334e-14,1.930403518495349e-14,0.3004665086904552,119.116809019449,0.924999922819832,428.5833385412908,396.4395550725599,32.14378346873085,0.6749353517016763,2.2628930282784837e-14,2.1432203335026223e-14,0.30046570842885223,119.116029659558,0.9249999228195436,428.58167588076043,396.438017111574,32.14365876918642,0.6744129137350797,2.0020637080061047e-14,1.9774535113190043e-14,0.3003066642641627,118.9611883628605,0.9249999227621885,428.2512383660797,396.1323624114353,32.118875954644395,0.6738114792663592,2.001725160824248e-14,1.977780218352003e-14,0.30012284508505327,118.78234787373391,0.9249999226957885,427.8693271352682,395.77909452402207,32.09023261124613,0.999999999999631,,,0.101,160.06369194107876,1584.7890291195915,1584.7890291191302,4.6126425500341553e-10,49.128459902707334,1.1044065246650651e-14,,,199.88352932766446,0.00036970615074055174,85.94991761089571,2.6980950964047916,906.8719646690605,0.0,0.0,0.0,92.13819161037654
154,1,155,0.1016,4.021028119907205e-05,906.8719646672412,,,,0,2.471051885938118e-13,1,1784.6726881629584,1784.6726881629581,3.3649610974602297e-13,285.54763010607337,59.251133247010216,0.33340741295506804,,,270.8315280982619,1784.672647952677,1713.285617517579,71.38690072989922,1784.6725182474781,0.00012970519889724265,0.7014772853095123,0.09278734567275412,0.09278736334436208,0.15802978820091595,90.4017032550429,0.96,595.8904454832636,572.0548276639331,23.835617819330615,0.7007913970197085,0.09297908803639313,0.09297908800560746,0.15807714266427839,90.27719432000538,0.96,594.8914719635138,571.0958130849733,23.795658878540536,0.7001047019676788,0.09317091634916638,0.09317089872630427,0.15812506546110777,90.15263052321362,0.96,593.8906008007009,570.1349767686728,23.755624032028084,,,,475.976374920537,1713.285617517579,1584.789029129336,128.49655080458928,1713.2855799339254,3.758365372111425e-05,0.6749353517016776,2.3651701998522626e-14,1.9346708125083003e-14,0.30046650869109953,119.11680902007664,0.9249999228198367,428.5833385426279,396.4395550737988,32.143783468829156,0.6749353517016775,2.2853948808784112e-14,2.1379847656362185e-14,0.3004657084312471,119.11602966189051,0.9249999228195482,428.5816758857347,396.4380171161772,32.143658769557504,0.6744129137350799,2.002063681545707e-14,1.9774535371328766e-14,0.3003066642651776,118.96118836384849,0.9249999227621931,428.2512383681869,396.13236241338643,32.11887595480046,0.6738114792663594,2.001725134382234e-14,1.9777802441651944e-14,0.3001228450860684,118.7823478747214,0.924999922695793,427.8693271373759,395.77909452597373,32.09023261140218,0.9999999999996292,,,0.101,160.06369194206295,1584.789029129336,1584.7890291288725,4.6357202674441866e-10,49.128459903009414,1.0419159166798436e-14,,,199.88352932888736,0.00036970637910386985,85.94991761142157,2.6980950964047947,906.8719646672413,0.0,0.0,0.0,92.1381916101917
155,1,156,0.1016,4.0210281031356385e-05,906.8719646652365,,,,0,2.4710335648923725e-13,1,1784.6726881747052,1784.672688174705,3.364933415587464e-13,285.5476301079528,59.25113324740021,0.33340741295506804,,,270.8315280896628,1784.672647964424,1713.2856175288575,71.38690073036918,1784.6725182592268,0.0001297051971521674,0.7014772662561951,0.09278735011716344,0.0927873691704806,0.15802978950922728,90.40169979516352,0.96,595.8904177438654,572.0548010341108,23.8356167097546,0.7007913970534858,0.09297908802886162,0.09297908799508432,0.15807714266193443,90.27719432613294,0.96,594.8914720127132,571.0958131322045,23.7956588805086,0.7001047209678118,0.09317091192422639,0.0931708929240934,0.1581250641280821,90.15263396836637,0.96,593.8906285026482,570.1350033625422,23.755625140105973,,,,475.9763749258253,1713.2856175288575,1584.7890291397769,128.49655080542635,1713.2855799452034,3.758365424423846e-05,0.6749353517016788,2.374987211163896e-14,1.9407706839920416e-14,0.30046650869178987,119.11680902074913,0.9249999228198418,428.5833385440605,396.43955507512607,32.143783468934416,0.6749353517016787,2.2975684481194437e-14,2.130584637345842e-14,0.30046570843381315,119.11602966438974,0.9249999228195533,428.5816758910644,396.43801712110934,32.14365876995502,0.6744129137350802,2.0020636550852525e-14,1.9774535629468055e-14,0.30030666426626507,118.96118836490706,0.9249999227621982,428.2512383704445,396.13236241547696,32.11887595496757,0.6738114792663596,2.0017251079401623e-14,1.9777802699784433e-14,0.30012284508715603,118.78234787577938,0.9249999226957981,427.86932713963387,395.77909452806455,32.09023261156934,0.9999999999996272,,,0.101,160.06369194311748,1584.7890291397769,1584.789029139311,4.660034842762093e-10,49.12845990333309,1.0947920940522564e-14,,,199.88352933019715,0.0003697066307279251,85.94991761198479,2.6980950964047974,906.8719646652365,0.0,0.0,0.0,92.13819160998803
156,1,157,0.1016,4.0210281033764554e-05,906.8719646631546,,,,0,2.4710548790568384e-13,1,1784.6726881874238,1784.6726881874238,3.364962102118516e-13,285.54763010998784,59.251133247822466,0.33340741295506804,,,270.83152808045315,1784.6726479771426,1713.2856175410677,71.38690073087791,1784.6725182719454,0.0001297051971772243,0.7014772458174219,0.0927873549464723,0.09278737538524556,0.15802979091270358,90.40169608361805,0.96,595.8903879867465,572.0547724672766,23.835615519469915,0.7007913970907892,0.09297908802052242,0.09297908798321902,0.1580771426593778,90.27719433281648,0.96,594.8914720663762,571.0958131837211,23.79565888265512,0.7001047413499288,0.09317090711620857,0.09317088673409157,0.15812506269813167,90.15263766401867,0.96,593.8906582188229,570.13503189007,23.755626328752886,,,,475.9763749315501,1713.2856175410677,1584.7890291510796,128.49655080633298,1713.2855799574127,3.758365494643506e-05,0.6749353517016803,2.3897209147170792e-14,1.9462131652503172e-14,0.3004665086925369,119.11680902147685,0.9249999228198471,428.5833385456109,396.43955507656244,32.14378346904845,0.6749353517016802,2.317377455722165e-14,2.1240639300297755e-14,0.3004657084365841,119.11602966708858,0.9249999228195586,428.5816758968199,396.43801712643545,32.14365877038442,0.6744129137350804,2.0020636286247364e-14,1.977453588760796e-14,0.3003066642674458,118.96118836605645,0.9249999227622036,428.25123837289595,396.1323624177468,32.118875955149136,0.6738114792663599,2.0017250814980297e-14,1.9777802957917536e-14,0.30012284508833703,118.78234787692817,0.9249999226958034,427.86932714208587,395.7790945303349,32.09023261175097,0.9999999999996253,,,0.101,160.06369194425903,1584.7890291510796,1584.7890291506112,4.684435309924233e-10,49.12845990368346,1.0366150262906075e-14,,,199.88352933161568,0.0003697068920770585,85.94991761259473,2.698095096404801,906.8719646631546,0.0,0.0,0.0,92.1381916097765
157,1,158,0.1016,4.021028106555156e-05,906.8719646608596,,,,0,2.471033477757134e-13,1,1784.6726882008868,1784.6726882008866,3.364934089250477e-13,285.54763011214186,59.25113324826944,0.33340741295506804,,,270.83152807060236,1784.6726479906056,1713.2856175539914,71.38690073141636,1784.6725182854082,0.0001297051975079668,0.7014772239985788,0.09278736016242009,0.09278738198126309,0.15802979241166065,90.40169211957135,0.96,595.8903562052112,572.0547419570028,23.835614248208444,0.7007913971416448,0.09297908801204387,0.0929790879611883,0.15807714265660974,90.27719434005286,0.96,594.8914721244784,571.0958132394992,23.795658884979108,0.7001047631285848,0.09317090192473793,0.09317088014608192,0.1581250611709441,90.15264161097814,0.96,593.8906899557184,570.1350623574896,23.755627598228806,,,,475.9763749376095,1713.2856175539914,1584.7890291630438,128.49655080729212,1713.2855799703357,3.758365572188791e-05,0.6749353517016818,2.3959226451600105e-14,1.9507311486052127e-14,0.3004665086933185,119.11680902223829,0.9249999228198529,428.58333854723287,396.4395550780653,32.14378346916755,0.6749353517016818,2.3254625691269e-14,2.1187085439689975e-14,0.3004657084393114,119.11602966974489,0.9249999228195644,428.5816759024844,396.43801713167767,32.14365877080672,0.6744129137350806,2.002063602164154e-14,1.9774536145748528e-14,0.30030666426880304,118.96118836737764,0.9249999227622094,428.25123837571397,396.13236242035595,32.11887595535799,0.6738114792663601,2.0017250550558303e-14,1.97778032160513e-14,0.30012284508969456,118.78234787824869,0.9249999226958093,427.86932714490445,395.7790945329446,32.09023261195988,0.9999999999996237,,,0.101,160.06369194546744,1584.7890291630438,1584.7890291625733,4.703638663937848e-10,49.12845990405436,1.0863911718345861e-14,,,199.883529333116,0.0003697071801560651,85.94991761323988,2.6980950964048045,906.8719646608597,0.0,0.0,0.0,92.13819160954333
158,1,159,0.1016,4.021028113227527e-05,906.8719646548702,,,,0,2.471052256359203e-13,1,1784.6726882091934,1784.6726882091934,3.3649629987659804e-13,285.547630113471,59.25113324854522,0.33340741295506804,,,270.831528059373,1784.6726479989122,1713.2856175619654,71.38690073174865,1784.6725182937141,0.0001297051982022246,0.7014772007872149,0.09278736577678542,0.09278738898814944,0.15802979400652506,90.40168790189598,0.96,595.8903223902197,572.0547094946108,23.835612895608804,0.7007913971971602,0.09297908801405778,0.09297908795854232,0.15807714265372125,90.27719434760392,0.96,594.8914721851072,571.0958132977029,23.795658887404347,0.7001047862983197,0.09317089635932856,0.09317087318959366,0.15812505954627631,90.15264580987312,0.96,593.8907237183871,570.1350947696516,23.755628948735506,,,,475.97637494135006,1713.2856175619654,1584.789029170445,128.49655080786397,1713.285579978309,3.7583656313455205e-05,0.6749353517016836,2.4115459058766644e-14,1.9556103532825605e-14,0.30046650869366454,119.11680902257592,0.9249999228198682,428.583338547947,396.43955507873244,32.143783469214576,0.6749353517016835,2.3449445930141522e-14,2.1129827991979244e-14,0.30046570843410936,119.11602966467929,0.9249999228195798,428.5816758916714,396.4380171216822,32.14365876998922,0.6744129137350808,2.0020635757034942e-14,1.9774536403889862e-14,0.3003066642731546,118.96118837161353,0.9249999227622248,428.2512383847502,396.132362428721,32.118875956029164,0.6738114792663603,2.001725028613554e-14,1.977780347418583e-14,0.30012284509404596,118.78234788248133,0.9249999226958247,427.86932715394033,395.7790945413093,32.09023261263099,0.999999999999622,,,0.101,160.06369194621496,1584.789029170445,1584.7890291699723,4.725769901698056e-10,49.128459904283794,1.0330985586782973e-14,,,199.883529334023,0.00036970793196512784,85.94991761362989,2.698095096404808,906.8719646548702,0.0,0.0,0.0,92.13819160893482
159,1,160,0.1016,4.0210281167803724e-05,906.8719644479062,,,,0,2.4710290336857216e-13,1,1784.6726878775214,1784.6726878775212,3.3649346759693087e-13,285.54763006040343,59.251133237533715,0.33340741295506804,,,270.8315280050617,1784.6726476672402,1713.2856172435597,71.38690071848174,1784.6725179620416,0.00012970519857189678,0.701477171576486,0.09278737169981871,0.09278740091054746,0.1580297957029219,90.40168341571639,0.96,595.8902864225075,572.0546749656072,23.83561145690031,0.7007913926356181,0.09297908793315454,0.0929790924946968,0.15807714265602676,90.27719434157684,0.96,594.8914721367147,571.0958132512461,23.795658885468587,0.700104806222388,0.09317089032292837,0.09317087039886013,0.1581250578291334,90.15265024776846,0.96,593.8907594028194,570.1351290267066,23.755630376112837,,,,475.976374792375,1713.2856172435597,1584.7890288768685,128.4965507830826,1713.2855796599513,3.7583608656099224e-05,0.6749353517016854,2.4160845613821812e-14,1.9594977077363275e-14,0.30046650868234004,119.11680901156815,0.924999922820396,428.5833385242496,396.4395550570385,32.14378346721107,0.6749353517016853,2.3517083377941144e-14,2.1084633717105296e-14,0.30046570813878837,119.11602937709311,0.9249999228201075,428.58167527792983,396.4380165541974,32.14365872373241,0.674412913735081,2.0020635492425867e-14,1.9774536662033625e-14,0.300306664350068,118.9611884464918,0.9249999227627528,428.2512385443798,396.1323625766046,32.11887596777525,0.6738114792663605,2.0017250021710306e-14,1.977780373232279e-14,0.30012284517087373,118.78234795722194,0.924999922696353,427.8693273133919,395.7790946890281,32.09023262436384,0.9999999999996204,,,0.101,160.06369191656376,1584.7890288768685,1584.789028876394,4.745078611868962e-10,49.12845989518293,1.0782242328378515e-14,,,199.88352929592898,0.0003697339054781768,85.94991759724947,2.6980950964048125,906.8719644479063,0.0,0.0,0.0,92.13819158790726
160,1,161,0.1016,4.0210281146679704e-05,906.8719484376107,,,,0,2.471054917009865e-13,1,1784.6726607571557,1784.6726607571557,3.3649642908518815e-13,285.5476257211449,59.25113233713757,0.33340741295506804,,,270.8315246135726,1784.6726205468744,1713.2855912080088,71.38689963366713,1784.672490841676,0.00012970519835209978,0.701477043018992,0.09278737134050273,0.09278749989799673,0.1580297979173977,90.40167755946173,0.96,595.8902394702873,572.0546298914757,23.835609578811546,0.7007912902486334,0.09297908115187131,0.09297918353885591,0.15807714308354293,90.27719322395882,0.96,594.8914631631773,571.0958046366501,23.795658526527138,0.7001047298291717,0.0931708771716069,0.09317095356482315,0.15812505644301184,90.152653830152,0.96,593.8907882082117,570.1351566798833,23.755631528328447,,,,475.97636262173853,1713.2855912080088,1584.7890048683132,128.49654876245813,1713.2855536307713,3.757723754594043e-05,0.6749353517016874,2.435658028830921e-14,1.9667260060239903e-14,0.30046650800142105,119.1168083500213,0.9249999228603266,428.58333709675503,396.43955375371974,32.143783343035274,0.6749353517016874,2.373949679020435e-14,2.100157936308607e-14,0.30046569632558123,119.11601787403734,0.9249999228600342,428.5816507214783,396.43799385659355,32.14365686488478,0.6744129137350813,2.0020635227772872e-14,1.9774536920220248e-14,0.30030666434754444,118.96118844562007,0.9249999228027006,428.25123852634556,396.13236257703056,32.11887594931499,0.6738114792663608,2.0017249757241245e-14,1.9777803990502544e-14,0.30012284516394183,118.78234795205982,0.9249999227363204,427.8693272861924,395.7790946809693,32.09023260522309,0.9999999999996184,,,0.101,160.06368949169965,1584.7890048683132,1584.7890048678362,4.770141308682134e-10,49.128459150917706,1.030179027373093e-14,,,199.8835261841213,0.0003717105997461792,85.94991625917217,2.698095096404817,906.8719484376107,0.0,0.0,0.0,92.13818996126125
161,1,162,0.13994,4.021028113096829e-05,906.8701299709716,,,,0,2.4710303163111227e-13,1,1784.669978927118,1784.669978927118,3.364935751679618e-13,285.5471966283389,59.251043300380324,0.33340741295506804,,,270.83119058696286,1784.669938716837,1713.283016651173,71.38679236046556,1784.6698090116388,0.00012970519818838525,0.7014766023304332,0.09278726647150384,0.09278770716006275,0.15802984199965478,90.4015609831386,0.96,595.8893048249394,572.0537326319417,23.83557219299764,0.7007908765369503,0.09297896965838942,0.09297938337007257,0.15807718566921714,90.27708189654723,0.96,594.8905692966323,571.094946524767,23.79562277186527,0.7001043429045938,0.09317075910627406,0.09317114603085194,0.15812509750502843,90.15254770727702,0.96,593.8899348900669,570.1343374944643,23.755597395602663,,,,475.97515572335095,1713.283016651173,1584.7866220579479,128.4963571013832,1713.282979159331,3.749184195753226e-05,0.6749353517016894,2.4345120920774712e-14,1.971149879107062e-14,0.3004663475403332,119.11665204669535,0.9249999220292229,428.58300398147577,396.43924526591525,32.14375871556057,0.6749353517016894,2.375405803631824e-14,2.095136840657226e-14,0.30046513017732235,119.11546648123152,0.9249999220287816,428.58047473176435,396.4369057099402,32.14356902182413,0.6744129137350815,2.0020634963124854e-14,1.9774537178402034e-14,0.30030640783960927,118.96093876166599,0.924999921971212,428.25070585980484,396.1318695044359,32.11883635536894,0.673811479266361,2.0017249492779672e-14,1.9777804248675e-14,0.30012258863988506,118.78209843375814,0.9249999219044284,427.868794586286,395.77860157765645,32.09019300862959,0.9999999999996169,,,0.101,160.06344882785277,1584.7866220579479,1584.786622057469,4.790172115986322e-10,49.12838528379638,1.0689414266157324e-14,,,199.88322716445123,0.00033483280471322907,85.94978768071402,2.6980950964048214,906.8701299709714,0.0,0.0,0.0,126.90740598813777
162,1,163,0.13994,4.021028150350716e-05,906.8700306979898,,,,0,2.471056640938777e-13,1,1784.6698282037962,1784.6698282037962,3.364966280252249e-13,285.5471725126074,59.25103829636604,0.333407412955068,,,270.8311718036017,1784.6697879935148,1713.2828719567801,71.38678633153263,1784.6696582883126,0.00012970520206462516,0.7014763857463135,0.09278746946573439,0.09278768604985409,0.1580298458457464,90.40155081214016,0.96,595.8892232793627,572.0536543481882,23.835568931174546,0.7007906789016995,0.09297916345162717,0.09297936108687795,0.15807718806018414,90.27707564611845,0.96,594.8905191108521,571.094898346418,23.795620764434155,0.7001041640217355,0.09317094376679708,0.09317112264965548,0.15812509841893366,90.15254534534309,0.96,593.8899158980979,570.134319262174,23.755596635923922,,,,475.97508793593556,1713.2828719567801,1584.7864882580182,128.4963462148177,1713.282834472836,3.7483944324949895e-05,0.6749353517016916,2.456403878518949e-14,1.9770265814682828e-14,0.3004663405704542,119.11664525966769,0.9249999220496877,428.58298949397897,396.4392318737527,32.1437576202263,0.6749353517016916,2.3980611295304438e-14,2.088538208869837e-14,0.3004650857234022,119.11542318937063,0.9249999220492329,428.58038236568945,396.4368202800932,32.14356208559631,0.6744129137350817,2.0020634792815877e-14,1.9774537344549797e-14,0.30030639874266246,118.96092990871496,0.9249999219916846,428.2506869530109,396.1318520244204,32.118834928590516,0.6738114792663612,2.0017249322572254e-14,1.9777804414834753e-14,0.3001225795336333,118.78208957818231,0.9249999219249108,427.8687756601565,395.7785840797519,32.09019158040457,0.9999999999996151,,,0.101,160.06343531405986,1584.7864882580182,1584.786488257537,4.812128090204793e-10,49.128381135998566,1.0293822400705173e-14,,,199.8832102410577,0.000335644392377532,85.94978040365481,2.698095096404826,906.8700306979897,0.0,0.0,0.0,126.9073920958767
163,1,164,0.13994,4.021028146048863e-05,906.8700248004765,,,,0,2.4710311113620006e-13,1,1784.6698192646752,1784.669819264675,3.3649374595276345e-13,285.54717108234803,59.25103799958722,0.333407412955068,,,270.8311706821642,1784.6697790543935,1713.2828633752242,71.38678597396762,1784.6696493491918,0.00012970520161701817,0.7014737438886042,0.0927874508147052,0.09279009267241452,0.15802984704053527,90.40154765252005,0.96,595.8891979472319,572.0536300293426,23.83556791788925,0.7007880199055667,0.09297913274486866,0.0929817917410015,0.15807718820029176,90.27707527985129,0.96,594.8905161700293,571.094895523228,23.79562064680115,0.7001014876740623,0.09317090101051022,0.09317357735818334,0.1581250974885777,90.15254774979289,0.96,593.889935231931,570.1343378226537,23.755597409277215,,,,475.9750839149134,1713.2828633752242,1584.7864803224468,128.49634556922928,1713.2828258916763,3.748354782736212e-05,0.6749353517016938,2.446505585427818e-14,1.9820229194661628e-14,0.3004663401514827,119.11664485168528,0.9249999220508553,428.58298862313063,396.43923106871847,32.143757554412154,0.6749353517016937,2.3929270915341487e-14,2.0829912157020884e-14,0.3004650824614072,119.11542001263373,0.9249999220503995,428.5803755880439,396.43681401127157,32.14356157677237,0.6744129137350819,2.0020634624634926e-14,1.9774537508621537e-14,0.3003063985187521,118.9609296908366,0.9249999219928527,428.2506864874303,396.13185159425865,32.11883489317165,0.6738114792663614,2.0017249154493195e-14,1.9777804578916764e-14,0.3001225793089989,118.7820893597578,0.9249999219260795,427.8687751930714,395.77858364819826,32.09019154487309,0.9999999999996135,,,0.101,160.0634345125671,1584.7864803224468,1584.7864803219638,4.830745995577428e-10,49.128380889995846,1.059545872345302e-14,,,199.8832092375096,0.0003356908314343897,85.94977997212912,2.698095096404831,906.8700248004765,0.0,0.0,0.0,126.90739127057869
164,1,165,0.13994,4.021028106231716e-05,906.8700306896754,,,,0,2.4710556372495064e-13,1,1784.6698282107027,1784.6698282107027,3.364969498630699e-13,285.54717251371244,59.25103829659533,0.33340741295506804,,,270.8311717914914,1784.6697880004217,1713.2828719634151,71.38678633180908,1784.669658295224,0.00012970519747405944,0.701453646876547,0.09278427662797706,0.09280437364003422,0.15802984753296234,90.40154635029651,0.96,595.8891875067052,572.053620006437,23.835567500268198,0.7007681709139301,0.09297592253684385,0.09299577152848049,0.15807718805714277,90.27707565406918,0.96,594.8905191746899,571.0948984077022,23.795620766987657,0.700081892656723,0.09316765496130144,0.09318724997864068,0.15812509670027078,90.15254978712571,0.96,593.8899516138292,570.134353549276,23.755598064553215,,,,475.9750879390458,1713.2828719634151,1584.7864882641586,128.4963462153125,1713.282834479471,3.7483944164081275e-05,0.6749353517016964,2.476234568329661e-14,1.987175101998801e-14,0.3004663405708564,119.11664526005954,0.9249999220496894,428.5829894948143,396.43923187452606,32.14375762028823,0.6749353517016962,2.4192428044833436e-14,2.077330950558899e-14,0.30046508572494307,119.11542319087137,0.9249999220492344,428.58038236889047,396.4368202830548,32.143562085835704,0.6744129137350822,2.002063445650571e-14,1.977453767264281e-14,0.3003063987432882,118.96092990932401,0.9249999219916861,428.2506869543104,396.1318520256232,32.118834928687264,0.6738114792663616,2.001724898646599e-14,1.9777804742948162e-14,0.30012257953425897,118.78208957879083,0.9249999219249124,427.86877566145574,395.77858408095443,32.090191580501305,0.9999999999996115,,,0.101,160.06343531468002,1584.7864882641586,1584.786488263673,4.855888973105086e-10,49.128381136188914,1.0313353549525427e-14,,,199.88321024183276,0.0003356444579832602,85.94978040398809,2.6980950964048365,906.8700306896754,0.0,0.0,0.0,126.90739209471319
165,1,166,0.13994,4.021028141639274e-05,906.8701299584511,,,,0,2.471026373865477e-13,1,1784.6699789471754,1784.6699789471752,3.364939412630572e-13,285.5471966315481,59.251043301046224,0.333407412955068,,,270.8311905635148,1784.6699387368938,1713.283016670425,71.38679236126774,1784.6698090316927,0.00012970520115821626,0.7022021272319473,0.09277629146081748,0.09202781110541723,0.15802984537440093,90.4015520586138,0.96,595.8892332729163,572.0536639419996,23.83556933091664,0.7015271517044505,0.09296850915174558,0.09220952836122512,0.15807718566302548,90.27708191273318,0.96,594.8905694265924,571.0949466495287,23.795622777063745,0.7008514269188848,0.0931608236348035,0.09239128937264178,0.1581250940671913,90.15255659216784,0.96,593.8900063321839,570.1344060788966,23.75560025328735,,,,475.9751557323735,1713.283016670425,1584.78662207576,128.49635710282237,1713.2829791785823,3.749184279457453e-05,0.6749353517016985,2.434649000258764e-14,1.9898469310039454e-14,0.3004663475415116,119.11665204784308,0.9249999220292257,428.5830039839232,396.43924526818023,32.14375871574294,0.6749353517016982,2.3964238648803625e-14,2.074419230124414e-14,0.3004651301817058,119.11546648550056,0.9249999220287842,428.58047474087067,396.43690571836476,32.143569022505964,0.6744129137350824,2.0020634288324624e-14,1.9774537836714698e-14,0.30030640784146206,118.96093876346936,0.9249999219712146,428.25070586365337,396.13186950799695,32.11883635565641,0.6738114792663619,2.001724881838679e-14,1.9777804907030322e-14,0.30012258864173813,118.78209843556044,0.924999921904431,427.8687945901351,395.778601581218,32.09019300891708,0.9999999999996111,,,0.101,160.06344882965178,1584.78662207576,1584.786622075274,4.862146978302918e-10,49.12838528434857,1.0484872007388608e-14,,,199.88322716670092,0.0003348329107635086,85.94978768168139,2.698095096404841,906.870129958451,0.0,0.0,0.0,126.90740598638565
166,1,167,0.1016,4.021028137102794e-05,906.8719484311974,,,,0,2.4710516626159336e-13,1,1784.6726608050014,1784.6726608050012,3.3650024547302577e-13,285.54762572880026,59.251132338726045,0.333407412955068,,,270.83152458055724,1784.6726205947198,1713.2855912539383,71.38689963558085,1784.6724908895192,0.00012970520068643487,0.7261940518390545,0.09401540120109325,0.07002347659398604,0.15802980298637265,90.40166415440184,0.96,595.8901319958967,572.0545267160609,23.835605279835896,0.7255697475827689,0.0942219192954146,0.07017932341709614,0.15807714307374948,90.27719324956111,0.96,594.8914633687419,571.0958048339924,23.79565853474966,0.7249446839006455,0.0944285968531758,0.07033533987141509,0.15812505127891469,90.15266717659428,0.96,593.8908955248805,570.1352597038853,23.755635820995288,,,,475.9763626432684,1713.2855912539383,1584.78900491082,128.4965487658756,1713.2855536766956,3.757724277199549e-05,0.6749353517017023,2.5515819880748323e-14,1.9906278928857335e-14,0.30046650800421115,119.11680835273917,0.9249999228603423,428.58333710254686,396.439553759084,32.1437833434629,0.6749353517017004,2.4437312316418164e-14,2.073571189368588e-14,0.300465696335887,119.11601788407451,0.9249999228600498,428.58165074288496,396.4379938764014,32.143656866483575,0.6744129137350826,2.0020634118015225e-14,1.97745380028629e-14,0.3003066643520526,118.96118845000835,0.9249999228027163,428.2512385357069,396.1323625856965,32.118875950010384,0.6738114792663621,2.0017248648178947e-14,1.977780507319051e-14,0.3001228451684515,118.78234795644636,0.924999922736336,427.8693272955569,395.77909468963816,32.09023260591873,0.9999999999996053,,,0.101,160.06368949599283,1584.78900491082,1584.7890049103266,4.93369539088131e-10,49.12845915223542,1.0416658522917896e-14,,,199.88352618947428,0.00037171137887873946,85.94991626147394,2.698095096404847,906.8719484311976,0.0,0.0,0.0,92.13818996060965
167,1,168,0.1016,4.021028152353795e-05,906.8719644354574,,,,0,2.4710256442037794e-13,1,1784.6726879346522,1784.672687934652,3.3649289744867073e-13,285.54763006954437,59.25113323943045,0.33340741295506804,,,270.83152796021193,1784.6726477243706,1713.2856172984011,71.38690072076685,1784.6725180191684,0.00012970520227329838,0.7222989379395465,0.12187191368794696,0.1257670275874549,0.15802980246139176,90.40166554272919,0.96,595.890143126742,572.0545374016723,23.835605725069758,0.7216602042727538,0.12210729771787791,0.126016841027893,0.15807714264313433,90.2771943752804,0.96,594.8914724073261,571.095813511033,23.795658896293112,0.7210206208316694,0.12234267654746579,0.12626673961644191,0.15812505094398785,90.15266804220235,0.96,593.8909024851,570.135266385696,23.755636099403972,,,,475.9763748180855,1713.2856172984011,1584.789028927646,128.4965507871409,1713.285579714787,3.758361434426258e-05,0.6749353517016905,7.780591646196654e-15,1.9673814751703794e-14,0.30046650868554425,119.11680901468999,0.9249999228204278,428.5833385308968,396.4395550632008,32.14378346769602,0.6749353517016939,1.8119746342280307e-14,2.0994113270199292e-14,0.3004657081440329,119.1160293822019,0.9249999228201392,428.581675288816,396.4380165642807,32.14365872453524,0.6744129137350828,2.0020633853364656e-14,1.977453826104843e-14,0.30030666435904935,118.96118845523434,0.9249999227627845,428.25123856302974,396.1323625938693,32.11887596916044,0.6738114792663623,2.0017248383714828e-14,1.9777805331366712e-14,0.30012284517985627,118.78234796595932,0.9249999226963848,427.86932733204446,395.77909470629527,32.09023262574919,0.9999999999996232,,,0.101,160.06369192169225,1584.789028927646,1584.7890289271752,4.709867775442478e-10,49.12845989675703,1.0223251570596716e-14,,,199.88352930227492,0.0003697354674290114,85.9499175999782,2.69809509640483,906.8719644354572,0.0,0.0,0.0,92.13819158664246
