Season,Flexibility Type,Num Flexible Trains,Total Operational Cost,Total Water Production (m3),LCOW ($/m3),Total Energy Cost,Fixed Demand Cost,Variable Demand Cost,Total Feed Cost,Total Brine Cost,Total Chemical Cost,Total Replacement Cost,Total Demand Response Revenue,Total Cost,MMaximum Power,Energy Capacity,Power Capacity,LVOF
winter,both,0,103692.59960398986,282180.9222359239,0.798227535533216,17807.33996195561,4786.782169265438,2570.20055688536,48812.87655459091,9846.809179015974,18876.280474391246,992.3107078853046,0.0,225244.5821308716,1086.9288743410689,160.26157764087634,6.967894680038102,466.9552685140388
summer,both,0,112836.81723669307,282179.6712538169,0.8306367312787218,20374.552170178144,4898.986289458037,9033.99201252462,48813.00767315024,9847.699482449783,18876.268901046944,992.3107078853046,0.0,234388.7997635748,1094.5548619982042,20.456524868378665,2.557065608547333,3211.2873842648464
