,Day,Time,LMP,bypass_pretreatment_flow,power_from_grid,intake.op_mode,intake.startup,intake.shutdown,intake.energy_intensity,intake.power_consumption,intake.recovery,intake.feed_flowrate,intake.product_flowrate,intake.reject_flowrate,intake.feed_cost,intake.chemical_cost,pretreatment.op_mode,pretreatment.startup,pretreatment.shutdown,pretreatment.power_consumption,pretreatment.feed_flowrate,pretreatment.product_flowrate,pretreatment.reject_flowrate,pretreatment.inlet_flowrate,pretreatment.leftover_flow,pretreatment.uf_pumps[1].op_mode,pretreatment.uf_pumps[1].startup,pretreatment.uf_pumps[1].shutdown,pretreatment.uf_pumps[1].energy_intensity,pretreatment.uf_pumps[1].power_consumption,pretreatment.uf_pumps[1].recovery,pretreatment.uf_pumps[1].feed_flowrate,pretreatment.uf_pumps[1].product_flowrate,pretreatment.uf_pumps[1].reject_flowrate,pretreatment.uf_pumps[2].op_mode,pretreatment.uf_pumps[2].startup,pretreatment.uf_pumps[2].shutdown,pretreatment.uf_pumps[2].energy_intensity,pretreatment.uf_pumps[2].power_consumption,pretreatment.uf_pumps[2].recovery,pretreatment.uf_pumps[2].feed_flowrate,pretreatment.uf_pumps[2].product_flowrate,pretreatment.uf_pumps[2].reject_flowrate,pretreatment.uf_pumps[3].op_mode,pretreatment.uf_pumps[3].startup,pretreatment.uf_pumps[3].shutdown,pretreatment.uf_pumps[3].energy_intensity,pretreatment.uf_pumps[3].power_consumption,pretreatment.uf_pumps[3].recovery,pretreatment.uf_pumps[3].feed_flowrate,pretreatment.uf_pumps[3].product_flowrate,pretreatment.uf_pumps[3].reject_flowrate,reverse_osmosis.op_mode,reverse_osmosis.startup,reverse_osmosis.shutdown,reverse_osmosis.power_consumption,reverse_osmosis.feed_flowrate,reverse_osmosis.product_flowrate,reverse_osmosis.reject_flowrate,reverse_osmosis.inlet_flowrate,reverse_osmosis.leftover_flow,reverse_osmosis.ro_skid[1].op_mode,reverse_osmosis.ro_skid[1].startup,reverse_osmosis.ro_skid[1].shutdown,reverse_osmosis.ro_skid[1].energy_intensity,reverse_osmosis.ro_skid[1].power_consumption,reverse_osmosis.ro_skid[1].recovery,reverse_osmosis.ro_skid[1].feed_flowrate,reverse_osmosis.ro_skid[1].product_flowrate,reverse_osmosis.ro_skid[1].reject_flowrate,reverse_osmosis.ro_skid[2].op_mode,reverse_osmosis.ro_skid[2].startup,reverse_osmosis.ro_skid[2].shutdown,reverse_osmosis.ro_skid[2].energy_intensity,reverse_osmosis.ro_skid[2].power_consumption,reverse_osmosis.ro_skid[2].recovery,reverse_osmosis.ro_skid[2].feed_flowrate,reverse_osmosis.ro_skid[2].product_flowrate,reverse_osmosis.ro_skid[2].reject_flowrate,reverse_osmosis.ro_skid[3].op_mode,reverse_osmosis.ro_skid[3].startup,reverse_osmosis.ro_skid[3].shutdown,reverse_osmosis.ro_skid[3].energy_intensity,reverse_osmosis.ro_skid[3].power_consumption,reverse_osmosis.ro_skid[3].recovery,reverse_osmosis.ro_skid[3].feed_flowrate,reverse_osmosis.ro_skid[3].product_flowrate,reverse_osmosis.ro_skid[3].reject_flowrate,reverse_osmosis.ro_skid[4].op_mode,reverse_osmosis.ro_skid[4].startup,reverse_osmosis.ro_skid[4].shutdown,reverse_osmosis.ro_skid[4].energy_intensity,reverse_osmosis.ro_skid[4].power_consumption,reverse_osmosis.ro_skid[4].recovery,reverse_osmosis.ro_skid[4].feed_flowrate,reverse_osmosis.ro_skid[4].product_flowrate,reverse_osmosis.ro_skid[4].reject_flowrate,posttreatment.op_mode,posttreatment.startup,posttreatment.shutdown,posttreatment.energy_intensity,posttreatment.power_consumption,posttreatment.feed_flowrate,posttreatment.product_flowrate,posttreatment.reject_flowrate,posttreatment.chemical_cost,brine_discharge.op_mode,brine_discharge.startup,brine_discharge.shutdown,brine_discharge.feed_flowrate,brine_discharge.power_consumption,brine_discharge.brine_cost,num_skids_online,net_power_consumption,water_revenue,demand_response_revenue,emissions_cost,energy_cost
0,1,1,0.11506,0.0,0.0,,,,0,0.0,1,0.0,0.0,0.0,0.0,0.0,0.0,,,0.0,0.0,0.0,0.0,0.0,0.0,0.0,0.0,0.0,0.271,0.0,0.96,0.0,0.0,0.0,0.0,0.0,0.0,0.271,0.0,0.96,0.0,0.0,0.0,0.0,0.0,0.0,0.271,0.0,0.96,0.0,0.0,0.0,,,,0.0,0.0,0.0,0.0,0.0,0.0,0.0,0.0,0.0,0.08724817754776784,0.0,0.88,0.0,0.0,0.0,0.0,0.0,0.0,0.08724817754776784,0.0,0.88,0.0,0.0,0.0,0.0,0.0,0.0,0.08724817754776784,0.0,0.88,0.0,0.0,0.0,0.0,0.0,0.0,0.08724817754776784,0.0,0.88,0.0,0.0,0.0,1.0,,,0.101,0.0,0.0,-0.0,0.0,0.0,0.0,,,0.0,0.0,0.0,0.0,0.0,-0.0,0.0,0.0,0.0
1,1,2,0.11506,0.0,0.0,,,,0,0.0,1,0.0,0.0,0.0,0.0,0.0,0.0,,,0.0,0.0,0.0,0.0,0.0,0.0,0.0,0.0,0.0,0.271,0.0,0.96,0.0,0.0,0.0,0.0,0.0,0.0,0.271,0.0,0.96,0.0,0.0,0.0,0.0,0.0,0.0,0.271,0.0,0.96,0.0,0.0,0.0,,,,0.0,0.0,0.0,0.0,0.0,0.0,0.0,0.0,0.0,0.08724817754776784,0.0,0.88,0.0,0.0,0.0,0.0,0.0,0.0,0.08724817754776784,0.0,0.88,0.0,0.0,0.0,0.0,0.0,0.0,0.08724817754776784,0.0,0.88,0.0,0.0,0.0,0.0,0.0,0.0,0.08724817754776784,0.0,0.88,0.0,0.0,0.0,1.0,,,0.101,0.0,0.0,-0.0,0.0,0.0,0.0,,,0.0,0.0,0.0,0.0,0.0,-0.0,0.0,0.0,0.0
2,1,3,0.11506,0.0,0.0,,,,0,0.0,1,0.0,0.0,0.0,0.0,0.0,0.0,,,0.0,0.0,0.0,0.0,0.0,0.0,0.0,0.0,0.0,0.271,0.0,0.96,0.0,0.0,0.0,0.0,0.0,0.0,0.271,0.0,0.96,0.0,0.0,0.0,0.0,0.0,0.0,0.271,0.0,0.96,0.0,0.0,0.0,,,,0.0,0.0,0.0,0.0,0.0,0.0,0.0,0.0,0.0,0.08724817754776784,0.0,0.88,0.0,0.0,0.0,0.0,0.0,0.0,0.08724817754776784,0.0,0.88,0.0,0.0,0.0,0.0,0.0,0.0,0.08724817754776784,0.0,0.88,0.0,0.0,0.0,0.0,0.0,0.0,0.08724817754776784,0.0,0.88,0.0,0.0,0.0,1.0,,,0.101,0.0,0.0,-0.0,0.0,0.0,0.0,,,0.0,0.0,0.0,0.0,0.0,-0.0,0.0,0.0,0.0
3,1,4,0.11506,0.0,0.0,,,,0,0.0,1,0.0,0.0,0.0,0.0,0.0,0.0,,,0.0,0.0,0.0,0.0,0.0,0.0,0.0,0.0,0.0,0.271,0.0,0.96,0.0,0.0,0.0,0.0,0.0,0.0,0.271,0.0,0.96,0.0,0.0,0.0,0.0,0.0,0.0,0.271,0.0,0.96,0.0,0.0,0.0,,,,0.0,0.0,0.0,0.0,0.0,0.0,0.0,0.0,0.0,0.08724817754776784,0.0,0.88,0.0,0.0,0.0,0.0,0.0,0.0,0.08724817754776784,0.0,0.88,0.0,0.0,0.0,0.0,0.0,0.0,0.08724817754776784,0.0,0.88,0.0,0.0,0.0,0.0,0.0,0.0,0.08724817754776784,0.0,0.88,0.0,0.0,0.0,1.0,,,0.101,0.0,0.0,-0.0,0.0,0.0,0.0,,,0.0,0.0,0.0,0.0,0.0,-0.0,0.0,0.0,0.0
4,1,5,0.11506,0.0,0.0,,,,0,0.0,1,0.0,0.0,0.0,0.0,0.0,0.0,,,0.0,0.0,0.0,0.0,0.0,0.0,0.0,0.0,0.0,0.271,0.0,0.96,0.0,0.0,0.0,0.0,0.0,0.0,0.271,0.0,0.96,0.0,0.0,0.0,0.0,0.0,0.0,0.271,0.0,0.96,0.0,0.0,0.0,,,,0.0,0.0,0.0,0.0,0.0,0.0,0.0,0.0,0.0,0.08724817754776784,0.0,0.88,0.0,0.0,0.0,0.0,0.0,0.0,0.08724817754776784,0.0,0.88,0.0,0.0,0.0,0.0,0.0,0.0,0.08724817754776784,0.0,0.88,0.0,0.0,0.0,0.0,0.0,0.0,0.08724817754776784,0.0,0.88,0.0,0.0,0.0,1.0,,,0.101,0.0,0.0,-0.0,0.0,0.0,0.0,,,0.0,0.0,0.0,0.0,0.0,-0.0,0.0,0.0,0.0
5,1,6,0.11506,0.0,0.0,,,,0,0.0,1,0.0,0.0,0.0,0.0,0.0,0.0,,,0.0,0.0,0.0,0.0,0.0,0.0,0.0,0.0,0.0,0.271,0.0,0.96,0.0,0.0,0.0,0.0,0.0,0.0,0.271,0.0,0.96,0.0,0.0,0.0,0.0,0.0,0.0,0.271,0.0,0.96,0.0,0.0,0.0,,,,0.0,0.0,0.0,0.0,0.0,0.0,0.0,0.0,0.0,0.08724817754776784,0.0,0.88,0.0,0.0,0.0,0.0,0.0,0.0,0.08724817754776784,0.0,0.88,0.0,0.0,0.0,0.0,0.0,0.0,0.08724817754776784,0.0,0.88,0.0,0.0,0.0,0.0,0.0,0.0,0.08724817754776784,0.0,0.88,0.0,0.0,0.0,1.0,,,0.101,0.0,0.0,-0.0,0.0,0.0,0.0,,,0.0,0.0,0.0,0.0,0.0,-0.0,0.0,0.0,0.0
6,1,7,0.11506,0.0,0.0,,,,0,0.0,1,0.0,0.0,0.0,0.0,0.0,0.0,,,0.0,0.0,0.0,0.0,0.0,0.0,0.0,0.0,0.0,0.271,0.0,0.96,0.0,0.0,0.0,0.0,0.0,0.0,0.271,0.0,0.96,0.0,0.0,0.0,0.0,0.0,0.0,0.271,0.0,0.96,0.0,0.0,0.0,,,,0.0,0.0,0.0,0.0,0.0,0.0,0.0,0.0,0.0,0.08724817754776784,0.0,0.88,0.0,0.0,0.0,0.0,0.0,0.0,0.08724817754776784,0.0,0.88,0.0,0.0,0.0,0.0,0.0,0.0,0.08724817754776784,0.0,0.88,0.0,0.0,0.0,0.0,0.0,0.0,0.08724817754776784,0.0,0.88,0.0,0.0,0.0,1.0,,,0.101,0.0,0.0,-0.0,0.0,0.0,0.0,,,0.0,0.0,0.0,0.0,0.0,-0.0,0.0,0.0,0.0
7,1,8,0.11506,0.0,0.0,,,,0,0.0,1,0.0,0.0,0.0,0.0,0.0,0.0,,,0.0,0.0,0.0,0.0,0.0,0.0,0.0,0.0,0.0,0.271,0.0,0.96,0.0,0.0,0.0,0.0,0.0,0.0,0.271,0.0,0.96,0.0,0.0,0.0,0.0,0.0,0.0,0.271,0.0,0.96,0.0,0.0,0.0,,,,0.0,0.0,0.0,0.0,0.0,0.0,0.0,0.0,0.0,0.08724817754776784,0.0,0.88,0.0,0.0,0.0,0.0,0.0,0.0,0.08724817754776784,0.0,0.88,0.0,0.0,0.0,0.0,0.0,0.0,0.08724817754776784,0.0,0.88,0.0,0.0,0.0,0.0,0.0,0.0,0.08724817754776784,0.0,0.88,0.0,0.0,0.0,1.0,,,0.101,0.0,0.0,-0.0,0.0,0.0,0.0,,,0.0,0.0,0.0,0.0,0.0,-0.0,0.0,0.0,0.0
8,1,9,0.07074,0.0,0.0,,,,0,0.0,1,0.0,0.0,0.0,0.0,0.0,0.0,,,0.0,0.0,0.0,0.0,0.0,0.0,0.0,0.0,0.0,0.271,0.0,0.96,0.0,0.0,0.0,0.0,0.0,0.0,0.271,0.0,0.96,0.0,0.0,0.0,0.0,0.0,0.0,0.271,0.0,0.96,0.0,0.0,0.0,,,,0.0,0.0,0.0,0.0,0.0,0.0,0.0,0.0,0.0,0.08724817754776784,0.0,0.88,0.0,0.0,0.0,0.0,0.0,0.0,0.08724817754776784,0.0,0.88,0.0,0.0,0.0,0.0,0.0,0.0,0.08724817754776784,0.0,0.88,0.0,0.0,0.0,0.0,0.0,0.0,0.08724817754776784,0.0,0.88,0.0,0.0,0.0,1.0,,,0.101,0.0,0.0,-0.0,0.0,0.0,0.0,,,0.0,0.0,0.0,0.0,0.0,-0.0,0.0,0.0,0.0
9,1,10,0.07074,0.0,0.0,,,,0,0.0,1,0.0,0.0,0.0,0.0,0.0,0.0,,,0.0,0.0,0.0,0.0,0.0,0.0,0.0,0.0,0.0,0.271,0.0,0.96,0.0,0.0,0.0,0.0,0.0,0.0,0.271,0.0,0.96,0.0,0.0,0.0,0.0,0.0,0.0,0.271,0.0,0.96,0.0,0.0,0.0,,,,0.0,0.0,0.0,0.0,0.0,0.0,0.0,0.0,0.0,0.08724817754776784,0.0,0.88,0.0,0.0,0.0,0.0,0.0,0.0,0.08724817754776784,0.0,0.88,0.0,0.0,0.0,0.0,0.0,0.0,0.08724817754776784,0.0,0.88,0.0,0.0,0.0,0.0,0.0,0.0,0.08724817754776784,0.0,0.88,0.0,0.0,0.0,1.0,,,0.101,0.0,0.0,-0.0,0.0,0.0,0.0,,,0.0,0.0,0.0,0.0,0.0,-0.0,0.0,0.0,0.0
10,1,11,0.07074,0.0,0.0,,,,0,0.0,1,0.0,0.0,0.0,0.0,0.0,0.0,,,0.0,0.0,0.0,0.0,0.0,0.0,0.0,0.0,0.0,0.271,0.0,0.96,0.0,0.0,0.0,0.0,0.0,0.0,0.271,0.0,0.96,0.0,0.0,0.0,0.0,0.0,0.0,0.271,0.0,0.96,0.0,0.0,0.0,,,,0.0,0.0,0.0,0.0,0.0,0.0,0.0,0.0,0.0,0.08724817754776784,0.0,0.88,0.0,0.0,0.0,0.0,0.0,0.0,0.08724817754776784,0.0,0.88,0.0,0.0,0.0,0.0,0.0,0.0,0.08724817754776784,0.0,0.88,0.0,0.0,0.0,0.0,0.0,0.0,0.08724817754776784,0.0,0.88,0.0,0.0,0.0,1.0,,,0.101,0.0,0.0,-0.0,0.0,0.0,0.0,,,0.0,0.0,0.0,0.0,0.0,-0.0,0.0,0.0,0.0
11,1,12,0.07074,0.0,0.0,,,,0,0.0,1,0.0,0.0,0.0,0.0,0.0,0.0,,,0.0,0.0,0.0,0.0,0.0,0.0,0.0,0.0,0.0,0.271,0.0,0.96,0.0,0.0,0.0,0.0,0.0,0.0,0.271,0.0,0.96,0.0,0.0,0.0,0.0,0.0,0.0,0.271,0.0,0.96,0.0,0.0,0.0,,,,0.0,0.0,0.0,0.0,0.0,0.0,0.0,0.0,0.0,0.08724817754776784,0.0,0.88,0.0,0.0,0.0,0.0,0.0,0.0,0.08724817754776784,0.0,0.88,0.0,0.0,0.0,0.0,0.0,0.0,0.08724817754776784,0.0,0.88,0.0,0.0,0.0,0.0,0.0,0.0,0.08724817754776784,0.0,0.88,0.0,0.0,0.0,1.0,,,0.101,0.0,0.0,-0.0,0.0,0.0,0.0,,,0.0,0.0,0.0,0.0,0.0,-0.0,0.0,0.0,0.0
12,1,13,0.07074,0.0,0.0,,,,0,0.0,1,0.0,0.0,0.0,0.0,0.0,0.0,,,0.0,0.0,0.0,0.0,0.0,0.0,0.0,0.0,0.0,0.271,0.0,0.96,0.0,0.0,0.0,0.0,0.0,0.0,0.271,0.0,0.96,0.0,0.0,0.0,0.0,0.0,0.0,0.271,0.0,0.96,0.0,0.0,0.0,,,,0.0,0.0,0.0,0.0,0.0,0.0,0.0,0.0,0.0,0.08724817754776784,0.0,0.88,0.0,0.0,0.0,0.0,0.0,0.0,0.08724817754776784,0.0,0.88,0.0,0.0,0.0,0.0,0.0,0.0,0.08724817754776784,0.0,0.88,0.0,0.0,0.0,0.0,0.0,0.0,0.08724817754776784,0.0,0.88,0.0,0.0,0.0,1.0,,,0.101,0.0,0.0,-0.0,0.0,0.0,0.0,,,0.0,0.0,0.0,0.0,0.0,-0.0,0.0,0.0,0.0
13,1,14,0.07074,0.0,0.0,,,,0,0.0,1,0.0,0.0,0.0,0.0,0.0,0.0,,,0.0,0.0,0.0,0.0,0.0,0.0,0.0,0.0,0.0,0.271,0.0,0.96,0.0,0.0,0.0,0.0,0.0,0.0,0.271,0.0,0.96,0.0,0.0,0.0,0.0,0.0,0.0,0.271,0.0,0.96,0.0,0.0,0.0,,,,0.0,0.0,0.0,0.0,0.0,0.0,0.0,0.0,0.0,0.08724817754776784,0.0,0.88,0.0,0.0,0.0,0.0,0.0,0.0,0.08724817754776784,0.0,0.88,0.0,0.0,0.0,0.0,0.0,0.0,0.08724817754776784,0.0,0.88,0.0,0.0,0.0,0.0,0.0,0.0,0.08724817754776784,0.0,0.88,0.0,0.0,0.0,1.0,,,0.101,0.0,0.0,-0.0,0.0,0.0,0.0,,,0.0,0.0,0.0,0.0,0.0,-0.0,0.0,0.0,0.0
14,1,15,0.07074,0.0,0.0,,,,0,0.0,1,0.0,0.0,0.0,0.0,0.0,0.0,,,0.0,0.0,0.0,0.0,0.0,0.0,0.0,0.0,0.0,0.271,0.0,0.96,0.0,0.0,0.0,0.0,0.0,0.0,0.271,0.0,0.96,0.0,0.0,0.0,0.0,0.0,0.0,0.271,0.0,0.96,0.0,0.0,0.0,,,,0.0,0.0,0.0,0.0,0.0,0.0,0.0,0.0,0.0,0.08724817754776784,0.0,0.88,0.0,0.0,0.0,0.0,0.0,0.0,0.08724817754776784,0.0,0.88,0.0,0.0,0.0,0.0,0.0,0.0,0.08724817754776784,0.0,0.88,0.0,0.0,0.0,0.0,0.0,0.0,0.08724817754776784,0.0,0.88,0.0,0.0,0.0,1.0,,,0.101,0.0,0.0,-0.0,0.0,0.0,0.0,,,0.0,0.0,0.0,0.0,0.0,-0.0,0.0,0.0,0.0
15,1,16,0.07074,0.0,0.0,,,,0,0.0,1,0.0,0.0,0.0,0.0,0.0,0.0,,,0.0,0.0,0.0,0.0,0.0,0.0,0.0,0.0,0.0,0.271,0.0,0.96,0.0,0.0,0.0,0.0,0.0,0.0,0.271,0.0,0.96,0.0,0.0,0.0,0.0,0.0,0.0,0.271,0.0,0.96,0.0,0.0,0.0,,,,0.0,0.0,0.0,0.0,0.0,0.0,0.0,0.0,0.0,0.08724817754776784,0.0,0.88,0.0,0.0,0.0,0.0,0.0,0.0,0.08724817754776784,0.0,0.88,0.0,0.0,0.0,0.0,0.0,0.0,0.08724817754776784,0.0,0.88,0.0,0.0,0.0,0.0,0.0,0.0,0.08724817754776784,0.0,0.88,0.0,0.0,0.0,1.0,,,0.101,0.0,0.0,-0.0,0.0,0.0,0.0,,,0.0,0.0,0.0,0.0,0.0,-0.0,0.0,0.0,0.0
16,1,17,0.07074,0.0,0.0,,,,0,0.0,1,0.0,0.0,0.0,0.0,0.0,0.0,,,0.0,0.0,0.0,0.0,0.0,0.0,0.0,0.0,0.0,0.271,0.0,0.96,0.0,0.0,0.0,0.0,0.0,0.0,0.271,0.0,0.96,0.0,0.0,0.0,0.0,0.0,0.0,0.271,0.0,0.96,0.0,0.0,0.0,,,,0.0,0.0,0.0,0.0,0.0,0.0,0.0,0.0,0.0,0.08724817754776784,0.0,0.88,0.0,0.0,0.0,0.0,0.0,0.0,0.08724817754776784,0.0,0.88,0.0,0.0,0.0,0.0,0.0,0.0,0.08724817754776784,0.0,0.88,0.0,0.0,0.0,0.0,0.0,0.0,0.08724817754776784,0.0,0.88,0.0,0.0,0.0,1.0,,,0.101,0.0,0.0,-0.0,0.0,0.0,0.0,,,0.0,0.0,0.0,0.0,0.0,-0.0,0.0,0.0,0.0
17,1,18,0.11566,0.0,0.0,,,,0,0.0,1,0.0,0.0,0.0,0.0,0.0,0.0,,,0.0,0.0,0.0,0.0,0.0,0.0,0.0,0.0,0.0,0.271,0.0,0.96,0.0,0.0,0.0,0.0,0.0,0.0,0.271,0.0,0.96,0.0,0.0,0.0,0.0,0.0,0.0,0.271,0.0,0.96,0.0,0.0,0.0,,,,0.0,0.0,0.0,0.0,0.0,0.0,0.0,0.0,0.0,0.08724817754776784,0.0,0.88,0.0,0.0,0.0,0.0,0.0,0.0,0.08724817754776784,0.0,0.88,0.0,0.0,0.0,0.0,0.0,0.0,0.08724817754776784,0.0,0.88,0.0,0.0,0.0,0.0,0.0,0.0,0.08724817754776784,0.0,0.88,0.0,0.0,0.0,1.0,,,0.101,0.0,0.0,-0.0,0.0,0.0,0.0,,,0.0,0.0,0.0,0.0,0.0,-0.0,0.0,0.0,0.0
18,1,19,0.11566,0.0,0.0,,,,0,0.0,1,0.0,0.0,0.0,0.0,0.0,0.0,,,0.0,0.0,0.0,0.0,0.0,0.0,0.0,0.0,0.0,0.271,0.0,0.96,0.0,0.0,0.0,0.0,0.0,0.0,0.271,0.0,0.96,0.0,0.0,0.0,0.0,0.0,0.0,0.271,0.0,0.96,0.0,0.0,0.0,,,,0.0,0.0,0.0,0.0,0.0,0.0,0.0,0.0,0.0,0.08724817754776784,0.0,0.88,0.0,0.0,0.0,0.0,0.0,0.0,0.08724817754776784,0.0,0.88,0.0,0.0,0.0,0.0,0.0,0.0,0.08724817754776784,0.0,0.88,0.0,0.0,0.0,0.0,0.0,0.0,0.08724817754776784,0.0,0.88,0.0,0.0,0.0,1.0,,,0.101,0.0,0.0,-0.0,0.0,0.0,0.0,,,0.0,0.0,0.0,0.0,0.0,-0.0,0.0,0.0,0.0
19,1,20,0.11566,0.0,0.0,,,,0,0.0,1,0.0,0.0,0.0,0.0,0.0,0.0,,,0.0,0.0,0.0,0.0,0.0,0.0,0.0,0.0,0.0,0.271,0.0,0.96,0.0,0.0,0.0,0.0,0.0,0.0,0.271,0.0,0.96,0.0,0.0,0.0,0.0,0.0,0.0,0.271,0.0,0.96,0.0,0.0,0.0,,,,0.0,0.0,0.0,0.0,0.0,0.0,0.0,0.0,0.0,0.08724817754776784,0.0,0.88,0.0,0.0,0.0,0.0,0.0,0.0,0.08724817754776784,0.0,0.88,0.0,0.0,0.0,0.0,0.0,0.0,0.08724817754776784,0.0,0.88,0.0,0.0,0.0,0.0,0.0,0.0,0.08724817754776784,0.0,0.88,0.0,0.0,0.0,1.0,,,0.101,0.0,0.0,-0.0,0.0,0.0,0.0,,,0.0,0.0,0.0,0.0,0.0,-0.0,0.0,0.0,0.0
20,1,21,0.11566,0.0,0.0,,,,0,0.0,1,0.0,0.0,0.0,0.0,0.0,0.0,,,0.0,0.0,0.0,0.0,0.0,0.0,0.0,0.0,0.0,0.271,0.0,0.96,0.0,0.0,0.0,0.0,0.0,0.0,0.271,0.0,0.96,0.0,0.0,0.0,0.0,0.0,0.0,0.271,0.0,0.96,0.0,0.0,0.0,,,,0.0,0.0,0.0,0.0,0.0,0.0,0.0,0.0,0.0,0.08724817754776784,0.0,0.88,0.0,0.0,0.0,0.0,0.0,0.0,0.08724817754776784,0.0,0.88,0.0,0.0,0.0,0.0,0.0,0.0,0.08724817754776784,0.0,0.88,0.0,0.0,0.0,0.0,0.0,0.0,0.08724817754776784,0.0,0.88,0.0,0.0,0.0,1.0,,,0.101,0.0,0.0,-0.0,0.0,0.0,0.0,,,0.0,0.0,0.0,0.0,0.0,-0.0,0.0,0.0,0.0
21,1,22,0.11566,0.0,0.0,,,,0,0.0,1,0.0,0.0,0.0,0.0,0.0,0.0,,,0.0,0.0,0.0,0.0,0.0,0.0,0.0,0.0,0.0,0.271,0.0,0.96,0.0,0.0,0.0,0.0,0.0,0.0,0.271,0.0,0.96,0.0,0.0,0.0,0.0,0.0,0.0,0.271,0.0,0.96,0.0,0.0,0.0,,,,0.0,0.0,0.0,0.0,0.0,0.0,0.0,0.0,0.0,0.08724817754776784,0.0,0.88,0.0,0.0,0.0,0.0,0.0,0.0,0.08724817754776784,0.0,0.88,0.0,0.0,0.0,0.0,0.0,0.0,0.08724817754776784,0.0,0.88,0.0,0.0,0.0,0.0,0.0,0.0,0.08724817754776784,0.0,0.88,0.0,0.0,0.0,1.0,,,0.101,0.0,0.0,-0.0,0.0,0.0,0.0,,,0.0,0.0,0.0,0.0,0.0,-0.0,0.0,0.0,0.0
22,1,23,0.11506,0.0,0.0,,,,0,0.0,1,0.0,0.0,0.0,0.0,0.0,0.0,,,0.0,0.0,0.0,0.0,0.0,0.0,0.0,0.0,0.0,0.271,0.0,0.96,0.0,0.0,0.0,0.0,0.0,0.0,0.271,0.0,0.96,0.0,0.0,0.0,0.0,0.0,0.0,0.271,0.0,0.96,0.0,0.0,0.0,,,,0.0,0.0,0.0,0.0,0.0,0.0,0.0,0.0,0.0,0.08724817754776784,0.0,0.88,0.0,0.0,0.0,0.0,0.0,0.0,0.08724817754776784,0.0,0.88,0.0,0.0,0.0,0.0,0.0,0.0,0.08724817754776784,0.0,0.88,0.0,0.0,0.0,0.0,0.0,0.0,0.08724817754776784,0.0,0.88,0.0,0.0,0.0,1.0,,,0.101,0.0,0.0,-0.0,0.0,0.0,0.0,,,0.0,0.0,0.0,0.0,0.0,-0.0,0.0,0.0,0.0
23,1,24,0.11506,0.0,0.0,,,,0,0.0,1,0.0,0.0,0.0,0.0,0.0,0.0,,,0.0,0.0,0.0,0.0,0.0,0.0,0.0,0.0,0.0,0.271,0.0,0.96,0.0,0.0,0.0,0.0,0.0,0.0,0.271,0.0,0.96,0.0,0.0,0.0,0.0,0.0,0.0,0.271,0.0,0.96,0.0,0.0,0.0,,,,0.0,0.0,0.0,0.0,0.0,0.0,0.0,0.0,0.0,0.08724817754776784,0.0,0.88,0.0,0.0,0.0,0.0,0.0,0.0,0.08724817754776784,0.0,0.88,0.0,0.0,0.0,0.0,0.0,0.0,0.08724817754776784,0.0,0.88,0.0,0.0,0.0,0.0,0.0,0.0,0.08724817754776784,0.0,0.88,0.0,0.0,0.0,1.0,,,0.101,0.0,0.0,-0.0,0.0,0.0,0.0,,,0.0,0.0,0.0,0.0,0.0,-0.0,0.0,0.0,0.0
24,1,25,0.11506,0.0,0.0,,,,0,0.0,1,0.0,0.0,0.0,0.0,0.0,0.0,,,0.0,0.0,0.0,0.0,0.0,0.0,0.0,0.0,0.0,0.271,0.0,0.96,0.0,0.0,0.0,0.0,0.0,0.0,0.271,0.0,0.96,0.0,0.0,0.0,0.0,0.0,0.0,0.271,0.0,0.96,0.0,0.0,0.0,,,,0.0,0.0,0.0,0.0,0.0,0.0,0.0,0.0,0.0,0.08724817754776784,0.0,0.88,0.0,0.0,0.0,0.0,0.0,0.0,0.08724817754776784,0.0,0.88,0.0,0.0,0.0,0.0,0.0,0.0,0.08724817754776784,0.0,0.88,0.0,0.0,0.0,0.0,0.0,0.0,0.08724817754776784,0.0,0.88,0.0,0.0,0.0,1.0,,,0.101,0.0,0.0,-0.0,0.0,0.0,0.0,,,0.0,0.0,0.0,0.0,0.0,-0.0,0.0,0.0,0.0
25,1,26,0.11506,0.0,0.0,,,,0,0.0,1,0.0,0.0,0.0,0.0,0.0,0.0,,,0.0,0.0,0.0,0.0,0.0,0.0,0.0,0.0,0.0,0.271,0.0,0.96,0.0,0.0,0.0,0.0,0.0,0.0,0.271,0.0,0.96,0.0,0.0,0.0,0.0,0.0,0.0,0.271,0.0,0.96,0.0,0.0,0.0,,,,0.0,0.0,0.0,0.0,0.0,0.0,0.0,0.0,0.0,0.08724817754776784,0.0,0.88,0.0,0.0,0.0,0.0,0.0,0.0,0.08724817754776784,0.0,0.88,0.0,0.0,0.0,0.0,0.0,0.0,0.08724817754776784,0.0,0.88,0.0,0.0,0.0,0.0,0.0,0.0,0.08724817754776784,0.0,0.88,0.0,0.0,0.0,1.0,,,0.101,0.0,0.0,-0.0,0.0,0.0,0.0,,,0.0,0.0,0.0,0.0,0.0,-0.0,0.0,0.0,0.0
26,1,27,0.11506,0.0,0.0,,,,0,0.0,1,0.0,0.0,0.0,0.0,0.0,0.0,,,0.0,0.0,0.0,0.0,0.0,0.0,0.0,0.0,0.0,0.271,0.0,0.96,0.0,0.0,0.0,0.0,0.0,0.0,0.271,0.0,0.96,0.0,0.0,0.0,0.0,0.0,0.0,0.271,0.0,0.96,0.0,0.0,0.0,,,,0.0,0.0,0.0,0.0,0.0,0.0,0.0,0.0,0.0,0.08724817754776784,0.0,0.88,0.0,0.0,0.0,0.0,0.0,0.0,0.08724817754776784,0.0,0.88,0.0,0.0,0.0,0.0,0.0,0.0,0.08724817754776784,0.0,0.88,0.0,0.0,0.0,0.0,0.0,0.0,0.08724817754776784,0.0,0.88,0.0,0.0,0.0,1.0,,,0.101,0.0,0.0,-0.0,0.0,0.0,0.0,,,0.0,0.0,0.0,0.0,0.0,-0.0,0.0,0.0,0.0
27,1,28,0.11506,0.0,0.0,,,,0,0.0,1,0.0,0.0,0.0,0.0,0.0,0.0,,,0.0,0.0,0.0,0.0,0.0,0.0,0.0,0.0,0.0,0.271,0.0,0.96,0.0,0.0,0.0,0.0,0.0,0.0,0.271,0.0,0.96,0.0,0.0,0.0,0.0,0.0,0.0,0.271,0.0,0.96,0.0,0.0,0.0,,,,0.0,0.0,0.0,0.0,0.0,0.0,0.0,0.0,0.0,0.08724817754776784,0.0,0.88,0.0,0.0,0.0,0.0,0.0,0.0,0.08724817754776784,0.0,0.88,0.0,0.0,0.0,0.0,0.0,0.0,0.08724817754776784,0.0,0.88,0.0,0.0,0.0,0.0,0.0,0.0,0.08724817754776784,0.0,0.88,0.0,0.0,0.0,1.0,,,0.101,0.0,0.0,-0.0,0.0,0.0,0.0,,,0.0,0.0,0.0,0.0,0.0,-0.0,0.0,0.0,0.0
28,1,29,0.11506,0.0,0.0,,,,0,0.0,1,0.0,0.0,0.0,0.0,0.0,0.0,,,0.0,0.0,0.0,0.0,0.0,0.0,0.0,0.0,0.0,0.271,0.0,0.96,0.0,0.0,0.0,0.0,0.0,0.0,0.271,0.0,0.96,0.0,0.0,0.0,0.0,0.0,0.0,0.271,0.0,0.96,0.0,0.0,0.0,,,,0.0,0.0,0.0,0.0,0.0,0.0,0.0,0.0,0.0,0.08724817754776784,0.0,0.88,0.0,0.0,0.0,0.0,0.0,0.0,0.08724817754776784,0.0,0.88,0.0,0.0,0.0,0.0,0.0,0.0,0.08724817754776784,0.0,0.88,0.0,0.0,0.0,0.0,0.0,0.0,0.08724817754776784,0.0,0.88,0.0,0.0,0.0,1.0,,,0.101,0.0,0.0,-0.0,0.0,0.0,0.0,,,0.0,0.0,0.0,0.0,0.0,-0.0,0.0,0.0,0.0
29,1,30,0.11506,0.0,0.0,,,,0,0.0,1,0.0,0.0,0.0,0.0,0.0,0.0,,,0.0,0.0,0.0,0.0,0.0,0.0,0.0,0.0,0.0,0.271,0.0,0.96,0.0,0.0,0.0,0.0,0.0,0.0,0.271,0.0,0.96,0.0,0.0,0.0,0.0,0.0,0.0,0.271,0.0,0.96,0.0,0.0,0.0,,,,0.0,0.0,0.0,0.0,0.0,0.0,0.0,0.0,0.0,0.08724817754776784,0.0,0.88,0.0,0.0,0.0,0.0,0.0,0.0,0.08724817754776784,0.0,0.88,0.0,0.0,0.0,0.0,0.0,0.0,0.08724817754776784,0.0,0.88,0.0,0.0,0.0,0.0,0.0,0.0,0.08724817754776784,0.0,0.88,0.0,0.0,0.0,1.0,,,0.101,0.0,0.0,-0.0,0.0,0.0,0.0,,,0.0,0.0,0.0,0.0,0.0,-0.0,0.0,0.0,0.0
30,1,31,0.11506,0.0,0.0,,,,0,0.0,1,0.0,0.0,0.0,0.0,0.0,0.0,,,0.0,0.0,0.0,0.0,0.0,0.0,0.0,0.0,0.0,0.271,0.0,0.96,0.0,0.0,0.0,0.0,0.0,0.0,0.271,0.0,0.96,0.0,0.0,0.0,0.0,0.0,0.0,0.271,0.0,0.96,0.0,0.0,0.0,,,,0.0,0.0,0.0,0.0,0.0,0.0,0.0,0.0,0.0,0.08724817754776784,0.0,0.88,0.0,0.0,0.0,0.0,0.0,0.0,0.08724817754776784,0.0,0.88,0.0,0.0,0.0,0.0,0.0,0.0,0.08724817754776784,0.0,0.88,0.0,0.0,0.0,0.0,0.0,0.0,0.08724817754776784,0.0,0.88,0.0,0.0,0.0,1.0,,,0.101,0.0,0.0,-0.0,0.0,0.0,0.0,,,0.0,0.0,0.0,0.0,0.0,-0.0,0.0,0.0,0.0
31,1,32,0.11506,0.0,0.0,,,,0,0.0,1,0.0,0.0,0.0,0.0,0.0,0.0,,,0.0,0.0,0.0,0.0,0.0,0.0,0.0,0.0,0.0,0.271,0.0,0.96,0.0,0.0,0.0,0.0,0.0,0.0,0.271,0.0,0.96,0.0,0.0,0.0,0.0,0.0,0.0,0.271,0.0,0.96,0.0,0.0,0.0,,,,0.0,0.0,0.0,0.0,0.0,0.0,0.0,0.0,0.0,0.08724817754776784,0.0,0.88,0.0,0.0,0.0,0.0,0.0,0.0,0.08724817754776784,0.0,0.88,0.0,0.0,0.0,0.0,0.0,0.0,0.08724817754776784,0.0,0.88,0.0,0.0,0.0,0.0,0.0,0.0,0.08724817754776784,0.0,0.88,0.0,0.0,0.0,1.0,,,0.101,0.0,0.0,-0.0,0.0,0.0,0.0,,,0.0,0.0,0.0,0.0,0.0,-0.0,0.0,0.0,0.0
32,1,33,0.07074,0.0,0.0,,,,0,0.0,1,0.0,0.0,0.0,0.0,0.0,0.0,,,0.0,0.0,0.0,0.0,0.0,0.0,0.0,0.0,0.0,0.271,0.0,0.96,0.0,0.0,0.0,0.0,0.0,0.0,0.271,0.0,0.96,0.0,0.0,0.0,0.0,0.0,0.0,0.271,0.0,0.96,0.0,0.0,0.0,,,,0.0,0.0,0.0,0.0,0.0,0.0,0.0,0.0,0.0,0.08724817754776784,0.0,0.88,0.0,0.0,0.0,0.0,0.0,0.0,0.08724817754776784,0.0,0.88,0.0,0.0,0.0,0.0,0.0,0.0,0.08724817754776784,0.0,0.88,0.0,0.0,0.0,0.0,0.0,0.0,0.08724817754776784,0.0,0.88,0.0,0.0,0.0,1.0,,,0.101,0.0,0.0,-0.0,0.0,0.0,0.0,,,0.0,0.0,0.0,0.0,0.0,-0.0,0.0,0.0,0.0
33,1,34,0.07074,0.0,0.0,,,,0,0.0,1,0.0,0.0,0.0,0.0,0.0,0.0,,,0.0,0.0,0.0,0.0,0.0,0.0,0.0,0.0,0.0,0.271,0.0,0.96,0.0,0.0,0.0,0.0,0.0,0.0,0.271,0.0,0.96,0.0,0.0,0.0,0.0,0.0,0.0,0.271,0.0,0.96,0.0,0.0,0.0,,,,0.0,0.0,0.0,0.0,0.0,0.0,0.0,0.0,0.0,0.08724817754776784,0.0,0.88,0.0,0.0,0.0,0.0,0.0,0.0,0.08724817754776784,0.0,0.88,0.0,0.0,0.0,0.0,0.0,0.0,0.08724817754776784,0.0,0.88,0.0,0.0,0.0,0.0,0.0,0.0,0.08724817754776784,0.0,0.88,0.0,0.0,0.0,1.0,,,0.101,0.0,0.0,-0.0,0.0,0.0,0.0,,,0.0,0.0,0.0,0.0,0.0,-0.0,0.0,0.0,0.0
34,1,35,0.07074,0.0,0.0,,,,0,0.0,1,0.0,0.0,0.0,0.0,0.0,0.0,,,0.0,0.0,0.0,0.0,0.0,0.0,0.0,0.0,0.0,0.271,0.0,0.96,0.0,0.0,0.0,0.0,0.0,0.0,0.271,0.0,0.96,0.0,0.0,0.0,0.0,0.0,0.0,0.271,0.0,0.96,0.0,0.0,0.0,,,,0.0,0.0,0.0,0.0,0.0,0.0,0.0,0.0,0.0,0.08724817754776784,0.0,0.88,0.0,0.0,0.0,0.0,0.0,0.0,0.08724817754776784,0.0,0.88,0.0,0.0,0.0,0.0,0.0,0.0,0.08724817754776784,0.0,0.88,0.0,0.0,0.0,0.0,0.0,0.0,0.08724817754776784,0.0,0.88,0.0,0.0,0.0,1.0,,,0.101,0.0,0.0,-0.0,0.0,0.0,0.0,,,0.0,0.0,0.0,0.0,0.0,-0.0,0.0,0.0,0.0
35,1,36,0.07074,0.0,0.0,,,,0,0.0,1,0.0,0.0,0.0,0.0,0.0,0.0,,,0.0,0.0,0.0,0.0,0.0,0.0,0.0,0.0,0.0,0.271,0.0,0.96,0.0,0.0,0.0,0.0,0.0,0.0,0.271,0.0,0.96,0.0,0.0,0.0,0.0,0.0,0.0,0.271,0.0,0.96,0.0,0.0,0.0,,,,0.0,0.0,0.0,0.0,0.0,0.0,0.0,0.0,0.0,0.08724817754776784,0.0,0.88,0.0,0.0,0.0,0.0,0.0,0.0,0.08724817754776784,0.0,0.88,0.0,0.0,0.0,0.0,0.0,0.0,0.08724817754776784,0.0,0.88,0.0,0.0,0.0,0.0,0.0,0.0,0.08724817754776784,0.0,0.88,0.0,0.0,0.0,1.0,,,0.101,0.0,0.0,-0.0,0.0,0.0,0.0,,,0.0,0.0,0.0,0.0,0.0,-0.0,0.0,0.0,0.0
36,1,37,0.07074,0.0,0.0,,,,0,0.0,1,0.0,0.0,0.0,0.0,0.0,0.0,,,0.0,0.0,0.0,0.0,0.0,0.0,0.0,0.0,0.0,0.271,0.0,0.96,0.0,0.0,0.0,0.0,0.0,0.0,0.271,0.0,0.96,0.0,0.0,0.0,0.0,0.0,0.0,0.271,0.0,0.96,0.0,0.0,0.0,,,,0.0,0.0,0.0,0.0,0.0,0.0,0.0,0.0,0.0,0.08724817754776784,0.0,0.88,0.0,0.0,0.0,0.0,0.0,0.0,0.08724817754776784,0.0,0.88,0.0,0.0,0.0,0.0,0.0,0.0,0.08724817754776784,0.0,0.88,0.0,0.0,0.0,0.0,0.0,0.0,0.08724817754776784,0.0,0.88,0.0,0.0,0.0,1.0,,,0.101,0.0,0.0,-0.0,0.0,0.0,0.0,,,0.0,0.0,0.0,0.0,0.0,-0.0,0.0,0.0,0.0
37,1,38,0.07074,0.0,0.0,,,,0,0.0,1,0.0,0.0,0.0,0.0,0.0,0.0,,,0.0,0.0,0.0,0.0,0.0,0.0,0.0,0.0,0.0,0.271,0.0,0.96,0.0,0.0,0.0,0.0,0.0,0.0,0.271,0.0,0.96,0.0,0.0,0.0,0.0,0.0,0.0,0.271,0.0,0.96,0.0,0.0,0.0,,,,0.0,0.0,0.0,0.0,0.0,0.0,0.0,0.0,0.0,0.08724817754776784,0.0,0.88,0.0,0.0,0.0,0.0,0.0,0.0,0.08724817754776784,0.0,0.88,0.0,0.0,0.0,0.0,0.0,0.0,0.08724817754776784,0.0,0.88,0.0,0.0,0.0,0.0,0.0,0.0,0.08724817754776784,0.0,0.88,0.0,0.0,0.0,1.0,,,0.101,0.0,0.0,-0.0,0.0,0.0,0.0,,,0.0,0.0,0.0,0.0,0.0,-0.0,0.0,0.0,0.0
38,1,39,0.07074,0.0,0.0,,,,0,0.0,1,0.0,0.0,0.0,0.0,0.0,0.0,,,0.0,0.0,0.0,0.0,0.0,0.0,0.0,0.0,0.0,0.271,0.0,0.96,0.0,0.0,0.0,0.0,0.0,0.0,0.271,0.0,0.96,0.0,0.0,0.0,0.0,0.0,0.0,0.271,0.0,0.96,0.0,0.0,0.0,,,,0.0,0.0,0.0,0.0,0.0,0.0,0.0,0.0,0.0,0.08724817754776784,0.0,0.88,0.0,0.0,0.0,0.0,0.0,0.0,0.08724817754776784,0.0,0.88,0.0,0.0,0.0,0.0,0.0,0.0,0.08724817754776784,0.0,0.88,0.0,0.0,0.0,0.0,0.0,0.0,0.08724817754776784,0.0,0.88,0.0,0.0,0.0,1.0,,,0.101,0.0,0.0,-0.0,0.0,0.0,0.0,,,0.0,0.0,0.0,0.0,0.0,-0.0,0.0,0.0,0.0
39,1,40,0.07074,0.0,0.0,,,,0,0.0,1,0.0,0.0,0.0,0.0,0.0,0.0,,,0.0,0.0,0.0,0.0,0.0,0.0,0.0,0.0,0.0,0.271,0.0,0.96,0.0,0.0,0.0,0.0,0.0,0.0,0.271,0.0,0.96,0.0,0.0,0.0,0.0,0.0,0.0,0.271,0.0,0.96,0.0,0.0,0.0,,,,0.0,0.0,0.0,0.0,0.0,0.0,0.0,0.0,0.0,0.08724817754776784,0.0,0.88,0.0,0.0,0.0,0.0,0.0,0.0,0.08724817754776784,0.0,0.88,0.0,0.0,0.0,0.0,0.0,0.0,0.08724817754776784,0.0,0.88,0.0,0.0,0.0,0.0,0.0,0.0,0.08724817754776784,0.0,0.88,0.0,0.0,0.0,1.0,,,0.101,0.0,0.0,-0.0,0.0,0.0,0.0,,,0.0,0.0,0.0,0.0,0.0,-0.0,0.0,0.0,0.0
40,1,41,0.07074,0.0,0.0,,,,0,0.0,1,0.0,0.0,0.0,0.0,0.0,0.0,,,0.0,0.0,0.0,0.0,0.0,0.0,0.0,0.0,0.0,0.271,0.0,0.96,0.0,0.0,0.0,0.0,0.0,0.0,0.271,0.0,0.96,0.0,0.0,0.0,0.0,0.0,0.0,0.271,0.0,0.96,0.0,0.0,0.0,,,,0.0,0.0,0.0,0.0,0.0,0.0,0.0,0.0,0.0,0.08724817754776784,0.0,0.88,0.0,0.0,0.0,0.0,0.0,0.0,0.08724817754776784,0.0,0.88,0.0,0.0,0.0,0.0,0.0,0.0,0.08724817754776784,0.0,0.88,0.0,0.0,0.0,0.0,0.0,0.0,0.08724817754776784,0.0,0.88,0.0,0.0,0.0,1.0,,,0.101,0.0,0.0,-0.0,0.0,0.0,0.0,,,0.0,0.0,0.0,0.0,0.0,-0.0,0.0,0.0,0.0
41,1,42,0.11566,0.0,0.0,,,,0,0.0,1,0.0,0.0,0.0,0.0,0.0,0.0,,,0.0,0.0,0.0,0.0,0.0,0.0,0.0,0.0,0.0,0.271,0.0,0.96,0.0,0.0,0.0,0.0,0.0,0.0,0.271,0.0,0.96,0.0,0.0,0.0,0.0,0.0,0.0,0.271,0.0,0.96,0.0,0.0,0.0,,,,0.0,0.0,0.0,0.0,0.0,0.0,0.0,0.0,0.0,0.08724817754776784,0.0,0.88,0.0,0.0,0.0,0.0,0.0,0.0,0.08724817754776784,0.0,0.88,0.0,0.0,0.0,0.0,0.0,0.0,0.08724817754776784,0.0,0.88,0.0,0.0,0.0,0.0,0.0,0.0,0.08724817754776784,0.0,0.88,0.0,0.0,0.0,1.0,,,0.101,0.0,0.0,-0.0,0.0,0.0,0.0,,,0.0,0.0,0.0,0.0,0.0,-0.0,0.0,0.0,0.0
42,1,43,0.11566,0.0,0.0,,,,0,0.0,1,0.0,0.0,0.0,0.0,0.0,0.0,,,0.0,0.0,0.0,0.0,0.0,0.0,0.0,0.0,0.0,0.271,0.0,0.96,0.0,0.0,0.0,0.0,0.0,0.0,0.271,0.0,0.96,0.0,0.0,0.0,0.0,0.0,0.0,0.271,0.0,0.96,0.0,0.0,0.0,,,,0.0,0.0,0.0,0.0,0.0,0.0,0.0,0.0,0.0,0.08724817754776784,0.0,0.88,0.0,0.0,0.0,0.0,0.0,0.0,0.08724817754776784,0.0,0.88,0.0,0.0,0.0,0.0,0.0,0.0,0.08724817754776784,0.0,0.88,0.0,0.0,0.0,0.0,0.0,0.0,0.08724817754776784,0.0,0.88,0.0,0.0,0.0,1.0,,,0.101,0.0,0.0,-0.0,0.0,0.0,0.0,,,0.0,0.0,0.0,0.0,0.0,-0.0,0.0,0.0,0.0
43,1,44,0.11566,0.0,0.0,,,,0,0.0,1,0.0,0.0,0.0,0.0,0.0,0.0,,,0.0,0.0,0.0,0.0,0.0,0.0,0.0,0.0,0.0,0.271,0.0,0.96,0.0,0.0,0.0,0.0,0.0,0.0,0.271,0.0,0.96,0.0,0.0,0.0,0.0,0.0,0.0,0.271,0.0,0.96,0.0,0.0,0.0,,,,0.0,0.0,0.0,0.0,0.0,0.0,0.0,0.0,0.0,0.08724817754776784,0.0,0.88,0.0,0.0,0.0,0.0,0.0,0.0,0.08724817754776784,0.0,0.88,0.0,0.0,0.0,0.0,0.0,0.0,0.08724817754776784,0.0,0.88,0.0,0.0,0.0,0.0,0.0,0.0,0.08724817754776784,0.0,0.88,0.0,0.0,0.0,1.0,,,0.101,0.0,0.0,-0.0,0.0,0.0,0.0,,,0.0,0.0,0.0,0.0,0.0,-0.0,0.0,0.0,0.0
44,1,45,0.11566,0.0,0.0,,,,0,0.0,1,0.0,0.0,0.0,0.0,0.0,0.0,,,0.0,0.0,0.0,0.0,0.0,0.0,0.0,0.0,0.0,0.271,0.0,0.96,0.0,0.0,0.0,0.0,0.0,0.0,0.271,0.0,0.96,0.0,0.0,0.0,0.0,0.0,0.0,0.271,0.0,0.96,0.0,0.0,0.0,,,,0.0,0.0,0.0,0.0,0.0,0.0,0.0,0.0,0.0,0.08724817754776784,0.0,0.88,0.0,0.0,0.0,0.0,0.0,0.0,0.08724817754776784,0.0,0.88,0.0,0.0,0.0,0.0,0.0,0.0,0.08724817754776784,0.0,0.88,0.0,0.0,0.0,0.0,0.0,0.0,0.08724817754776784,0.0,0.88,0.0,0.0,0.0,1.0,,,0.101,0.0,0.0,-0.0,0.0,0.0,0.0,,,0.0,0.0,0.0,0.0,0.0,-0.0,0.0,0.0,0.0
45,1,46,0.11566,0.0,0.0,,,,0,0.0,1,0.0,0.0,0.0,0.0,0.0,0.0,,,0.0,0.0,0.0,0.0,0.0,0.0,0.0,0.0,0.0,0.271,0.0,0.96,0.0,0.0,0.0,0.0,0.0,0.0,0.271,0.0,0.96,0.0,0.0,0.0,0.0,0.0,0.0,0.271,0.0,0.96,0.0,0.0,0.0,,,,0.0,0.0,0.0,0.0,0.0,0.0,0.0,0.0,0.0,0.08724817754776784,0.0,0.88,0.0,0.0,0.0,0.0,0.0,0.0,0.08724817754776784,0.0,0.88,0.0,0.0,0.0,0.0,0.0,0.0,0.08724817754776784,0.0,0.88,0.0,0.0,0.0,0.0,0.0,0.0,0.08724817754776784,0.0,0.88,0.0,0.0,0.0,1.0,,,0.101,0.0,0.0,-0.0,0.0,0.0,0.0,,,0.0,0.0,0.0,0.0,0.0,-0.0,0.0,0.0,0.0
46,1,47,0.11506,0.0,0.0,,,,0,0.0,1,0.0,0.0,0.0,0.0,0.0,0.0,,,0.0,0.0,0.0,0.0,0.0,0.0,0.0,0.0,0.0,0.271,0.0,0.96,0.0,0.0,0.0,0.0,0.0,0.0,0.271,0.0,0.96,0.0,0.0,0.0,0.0,0.0,0.0,0.271,0.0,0.96,0.0,0.0,0.0,,,,0.0,0.0,0.0,0.0,0.0,0.0,0.0,0.0,0.0,0.08724817754776784,0.0,0.88,0.0,0.0,0.0,0.0,0.0,0.0,0.08724817754776784,0.0,0.88,0.0,0.0,0.0,0.0,0.0,0.0,0.08724817754776784,0.0,0.88,0.0,0.0,0.0,0.0,0.0,0.0,0.08724817754776784,0.0,0.88,0.0,0.0,0.0,1.0,,,0.101,0.0,0.0,-0.0,0.0,0.0,0.0,,,0.0,0.0,0.0,0.0,0.0,-0.0,0.0,0.0,0.0
47,1,48,0.11506,0.0,0.0,,,,0,0.0,1,0.0,0.0,0.0,0.0,0.0,0.0,,,0.0,0.0,0.0,0.0,0.0,0.0,0.0,0.0,0.0,0.271,0.0,0.96,0.0,0.0,0.0,0.0,0.0,0.0,0.271,0.0,0.96,0.0,0.0,0.0,0.0,0.0,0.0,0.271,0.0,0.96,0.0,0.0,0.0,,,,0.0,0.0,0.0,0.0,0.0,0.0,0.0,0.0,0.0,0.08724817754776784,0.0,0.88,0.0,0.0,0.0,0.0,0.0,0.0,0.08724817754776784,0.0,0.88,0.0,0.0,0.0,0.0,0.0,0.0,0.08724817754776784,0.0,0.88,0.0,0.0,0.0,0.0,0.0,0.0,0.08724817754776784,0.0,0.88,0.0,0.0,0.0,1.0,,,0.101,0.0,0.0,-0.0,0.0,0.0,0.0,,,0.0,0.0,0.0,0.0,0.0,-0.0,0.0,0.0,0.0
48,1,49,0.11506,0.0,0.0,,,,0,0.0,1,0.0,0.0,0.0,0.0,0.0,0.0,,,0.0,0.0,0.0,0.0,0.0,0.0,0.0,0.0,0.0,0.271,0.0,0.96,0.0,0.0,0.0,0.0,0.0,0.0,0.271,0.0,0.96,0.0,0.0,0.0,0.0,0.0,0.0,0.271,0.0,0.96,0.0,0.0,0.0,,,,0.0,0.0,0.0,0.0,0.0,0.0,0.0,0.0,0.0,0.08724817754776784,0.0,0.88,0.0,0.0,0.0,0.0,0.0,0.0,0.08724817754776784,0.0,0.88,0.0,0.0,0.0,0.0,0.0,0.0,0.08724817754776784,0.0,0.88,0.0,0.0,0.0,0.0,0.0,0.0,0.08724817754776784,0.0,0.88,0.0,0.0,0.0,1.0,,,0.101,0.0,0.0,-0.0,0.0,0.0,0.0,,,0.0,0.0,0.0,0.0,0.0,-0.0,0.0,0.0,0.0
49,1,50,0.11506,0.0,0.0,,,,0,0.0,1,0.0,0.0,0.0,0.0,0.0,0.0,,,0.0,0.0,0.0,0.0,0.0,0.0,0.0,0.0,0.0,0.271,0.0,0.96,0.0,0.0,0.0,0.0,0.0,0.0,0.271,0.0,0.96,0.0,0.0,0.0,0.0,0.0,0.0,0.271,0.0,0.96,0.0,0.0,0.0,,,,0.0,0.0,0.0,0.0,0.0,0.0,0.0,0.0,0.0,0.08724817754776784,0.0,0.88,0.0,0.0,0.0,0.0,0.0,0.0,0.08724817754776784,0.0,0.88,0.0,0.0,0.0,0.0,0.0,0.0,0.08724817754776784,0.0,0.88,0.0,0.0,0.0,0.0,0.0,0.0,0.08724817754776784,0.0,0.88,0.0,0.0,0.0,1.0,,,0.101,0.0,0.0,-0.0,0.0,0.0,0.0,,,0.0,0.0,0.0,0.0,0.0,-0.0,0.0,0.0,0.0
50,1,51,0.11506,0.0,0.0,,,,0,0.0,1,0.0,0.0,0.0,0.0,0.0,0.0,,,0.0,0.0,0.0,0.0,0.0,0.0,0.0,0.0,0.0,0.271,0.0,0.96,0.0,0.0,0.0,0.0,0.0,0.0,0.271,0.0,0.96,0.0,0.0,0.0,0.0,0.0,0.0,0.271,0.0,0.96,0.0,0.0,0.0,,,,0.0,0.0,0.0,0.0,0.0,0.0,0.0,0.0,0.0,0.08724817754776784,0.0,0.88,0.0,0.0,0.0,0.0,0.0,0.0,0.08724817754776784,0.0,0.88,0.0,0.0,0.0,0.0,0.0,0.0,0.08724817754776784,0.0,0.88,0.0,0.0,0.0,0.0,0.0,0.0,0.08724817754776784,0.0,0.88,0.0,0.0,0.0,1.0,,,0.101,0.0,0.0,-0.0,0.0,0.0,0.0,,,0.0,0.0,0.0,0.0,0.0,-0.0,0.0,0.0,0.0
51,1,52,0.11506,0.0,0.0,,,,0,0.0,1,0.0,0.0,0.0,0.0,0.0,0.0,,,0.0,0.0,0.0,0.0,0.0,0.0,0.0,0.0,0.0,0.271,0.0,0.96,0.0,0.0,0.0,0.0,0.0,0.0,0.271,0.0,0.96,0.0,0.0,0.0,0.0,0.0,0.0,0.271,0.0,0.96,0.0,0.0,0.0,,,,0.0,0.0,0.0,0.0,0.0,0.0,0.0,0.0,0.0,0.08724817754776784,0.0,0.88,0.0,0.0,0.0,0.0,0.0,0.0,0.08724817754776784,0.0,0.88,0.0,0.0,0.0,0.0,0.0,0.0,0.08724817754776784,0.0,0.88,0.0,0.0,0.0,0.0,0.0,0.0,0.08724817754776784,0.0,0.88,0.0,0.0,0.0,1.0,,,0.101,0.0,0.0,-0.0,0.0,0.0,0.0,,,0.0,0.0,0.0,0.0,0.0,-0.0,0.0,0.0,0.0
52,1,53,0.11506,0.0,0.0,,,,0,0.0,1,0.0,0.0,0.0,0.0,0.0,0.0,,,0.0,0.0,0.0,0.0,0.0,0.0,0.0,0.0,0.0,0.271,0.0,0.96,0.0,0.0,0.0,0.0,0.0,0.0,0.271,0.0,0.96,0.0,0.0,0.0,0.0,0.0,0.0,0.271,0.0,0.96,0.0,0.0,0.0,,,,0.0,0.0,0.0,0.0,0.0,0.0,0.0,0.0,0.0,0.08724817754776784,0.0,0.88,0.0,0.0,0.0,0.0,0.0,0.0,0.08724817754776784,0.0,0.88,0.0,0.0,0.0,0.0,0.0,0.0,0.08724817754776784,0.0,0.88,0.0,0.0,0.0,0.0,0.0,0.0,0.08724817754776784,0.0,0.88,0.0,0.0,0.0,1.0,,,0.101,0.0,0.0,-0.0,0.0,0.0,0.0,,,0.0,0.0,0.0,0.0,0.0,-0.0,0.0,0.0,0.0
53,1,54,0.11506,0.0,0.0,,,,0,0.0,1,0.0,0.0,0.0,0.0,0.0,0.0,,,0.0,0.0,0.0,0.0,0.0,0.0,0.0,0.0,0.0,0.271,0.0,0.96,0.0,0.0,0.0,0.0,0.0,0.0,0.271,0.0,0.96,0.0,0.0,0.0,0.0,0.0,0.0,0.271,0.0,0.96,0.0,0.0,0.0,,,,0.0,0.0,0.0,0.0,0.0,0.0,0.0,0.0,0.0,0.08724817754776784,0.0,0.88,0.0,0.0,0.0,0.0,0.0,0.0,0.08724817754776784,0.0,0.88,0.0,0.0,0.0,0.0,0.0,0.0,0.08724817754776784,0.0,0.88,0.0,0.0,0.0,0.0,0.0,0.0,0.08724817754776784,0.0,0.88,0.0,0.0,0.0,1.0,,,0.101,0.0,0.0,-0.0,0.0,0.0,0.0,,,0.0,0.0,0.0,0.0,0.0,-0.0,0.0,0.0,0.0
54,1,55,0.11506,0.0,0.0,,,,0,0.0,1,0.0,0.0,0.0,0.0,0.0,0.0,,,0.0,0.0,0.0,0.0,0.0,0.0,0.0,0.0,0.0,0.271,0.0,0.96,0.0,0.0,0.0,0.0,0.0,0.0,0.271,0.0,0.96,0.0,0.0,0.0,0.0,0.0,0.0,0.271,0.0,0.96,0.0,0.0,0.0,,,,0.0,0.0,0.0,0.0,0.0,0.0,0.0,0.0,0.0,0.08724817754776784,0.0,0.88,0.0,0.0,0.0,0.0,0.0,0.0,0.08724817754776784,0.0,0.88,0.0,0.0,0.0,0.0,0.0,0.0,0.08724817754776784,0.0,0.88,0.0,0.0,0.0,0.0,0.0,0.0,0.08724817754776784,0.0,0.88,0.0,0.0,0.0,1.0,,,0.101,0.0,0.0,-0.0,0.0,0.0,0.0,,,0.0,0.0,0.0,0.0,0.0,-0.0,0.0,0.0,0.0
55,1,56,0.11506,0.0,0.0,,,,0,0.0,1,0.0,0.0,0.0,0.0,0.0,0.0,,,0.0,0.0,0.0,0.0,0.0,0.0,0.0,0.0,0.0,0.271,0.0,0.96,0.0,0.0,0.0,0.0,0.0,0.0,0.271,0.0,0.96,0.0,0.0,0.0,0.0,0.0,0.0,0.271,0.0,0.96,0.0,0.0,0.0,,,,0.0,0.0,0.0,0.0,0.0,0.0,0.0,0.0,0.0,0.08724817754776784,0.0,0.88,0.0,0.0,0.0,0.0,0.0,0.0,0.08724817754776784,0.0,0.88,0.0,0.0,0.0,0.0,0.0,0.0,0.08724817754776784,0.0,0.88,0.0,0.0,0.0,0.0,0.0,0.0,0.08724817754776784,0.0,0.88,0.0,0.0,0.0,1.0,,,0.101,0.0,0.0,-0.0,0.0,0.0,0.0,,,0.0,0.0,0.0,0.0,0.0,-0.0,0.0,0.0,0.0
56,1,57,0.07074,0.0,0.0,,,,0,0.0,1,0.0,0.0,0.0,0.0,0.0,0.0,,,0.0,0.0,0.0,0.0,0.0,0.0,0.0,0.0,0.0,0.271,0.0,0.96,0.0,0.0,0.0,0.0,0.0,0.0,0.271,0.0,0.96,0.0,0.0,0.0,0.0,0.0,0.0,0.271,0.0,0.96,0.0,0.0,0.0,,,,0.0,0.0,0.0,0.0,0.0,0.0,0.0,0.0,0.0,0.08724817754776784,0.0,0.88,0.0,0.0,0.0,0.0,0.0,0.0,0.08724817754776784,0.0,0.88,0.0,0.0,0.0,0.0,0.0,0.0,0.08724817754776784,0.0,0.88,0.0,0.0,0.0,0.0,0.0,0.0,0.08724817754776784,0.0,0.88,0.0,0.0,0.0,1.0,,,0.101,0.0,0.0,-0.0,0.0,0.0,0.0,,,0.0,0.0,0.0,0.0,0.0,-0.0,0.0,0.0,0.0
57,1,58,0.07074,0.0,0.0,,,,0,0.0,1,0.0,0.0,0.0,0.0,0.0,0.0,,,0.0,0.0,0.0,0.0,0.0,0.0,0.0,0.0,0.0,0.271,0.0,0.96,0.0,0.0,0.0,0.0,0.0,0.0,0.271,0.0,0.96,0.0,0.0,0.0,0.0,0.0,0.0,0.271,0.0,0.96,0.0,0.0,0.0,,,,0.0,0.0,0.0,0.0,0.0,0.0,0.0,0.0,0.0,0.08724817754776784,0.0,0.88,0.0,0.0,0.0,0.0,0.0,0.0,0.08724817754776784,0.0,0.88,0.0,0.0,0.0,0.0,0.0,0.0,0.08724817754776784,0.0,0.88,0.0,0.0,0.0,0.0,0.0,0.0,0.08724817754776784,0.0,0.88,0.0,0.0,0.0,1.0,,,0.101,0.0,0.0,-0.0,0.0,0.0,0.0,,,0.0,0.0,0.0,0.0,0.0,-0.0,0.0,0.0,0.0
58,1,59,0.07074,0.0,0.0,,,,0,0.0,1,0.0,0.0,0.0,0.0,0.0,0.0,,,0.0,0.0,0.0,0.0,0.0,0.0,0.0,0.0,0.0,0.271,0.0,0.96,0.0,0.0,0.0,0.0,0.0,0.0,0.271,0.0,0.96,0.0,0.0,0.0,0.0,0.0,0.0,0.271,0.0,0.96,0.0,0.0,0.0,,,,0.0,0.0,0.0,0.0,0.0,0.0,0.0,0.0,0.0,0.08724817754776784,0.0,0.88,0.0,0.0,0.0,0.0,0.0,0.0,0.08724817754776784,0.0,0.88,0.0,0.0,0.0,0.0,0.0,0.0,0.08724817754776784,0.0,0.88,0.0,0.0,0.0,0.0,0.0,0.0,0.08724817754776784,0.0,0.88,0.0,0.0,0.0,1.0,,,0.101,0.0,0.0,-0.0,0.0,0.0,0.0,,,0.0,0.0,0.0,0.0,0.0,-0.0,0.0,0.0,0.0
59,1,60,0.07074,0.0,0.0,,,,0,0.0,1,0.0,0.0,0.0,0.0,0.0,0.0,,,0.0,0.0,0.0,0.0,0.0,0.0,0.0,0.0,0.0,0.271,0.0,0.96,0.0,0.0,0.0,0.0,0.0,0.0,0.271,0.0,0.96,0.0,0.0,0.0,0.0,0.0,0.0,0.271,0.0,0.96,0.0,0.0,0.0,,,,0.0,0.0,0.0,0.0,0.0,0.0,0.0,0.0,0.0,0.08724817754776784,0.0,0.88,0.0,0.0,0.0,0.0,0.0,0.0,0.08724817754776784,0.0,0.88,0.0,0.0,0.0,0.0,0.0,0.0,0.08724817754776784,0.0,0.88,0.0,0.0,0.0,0.0,0.0,0.0,0.08724817754776784,0.0,0.88,0.0,0.0,0.0,1.0,,,0.101,0.0,0.0,-0.0,0.0,0.0,0.0,,,0.0,0.0,0.0,0.0,0.0,-0.0,0.0,0.0,0.0
60,1,61,0.07074,0.0,0.0,,,,0,0.0,1,0.0,0.0,0.0,0.0,0.0,0.0,,,0.0,0.0,0.0,0.0,0.0,0.0,0.0,0.0,0.0,0.271,0.0,0.96,0.0,0.0,0.0,0.0,0.0,0.0,0.271,0.0,0.96,0.0,0.0,0.0,0.0,0.0,0.0,0.271,0.0,0.96,0.0,0.0,0.0,,,,0.0,0.0,0.0,0.0,0.0,0.0,0.0,0.0,0.0,0.08724817754776784,0.0,0.88,0.0,0.0,0.0,0.0,0.0,0.0,0.08724817754776784,0.0,0.88,0.0,0.0,0.0,0.0,0.0,0.0,0.08724817754776784,0.0,0.88,0.0,0.0,0.0,0.0,0.0,0.0,0.08724817754776784,0.0,0.88,0.0,0.0,0.0,1.0,,,0.101,0.0,0.0,-0.0,0.0,0.0,0.0,,,0.0,0.0,0.0,0.0,0.0,-0.0,0.0,0.0,0.0
61,1,62,0.07074,0.0,0.0,,,,0,0.0,1,0.0,0.0,0.0,0.0,0.0,0.0,,,0.0,0.0,0.0,0.0,0.0,0.0,0.0,0.0,0.0,0.271,0.0,0.96,0.0,0.0,0.0,0.0,0.0,0.0,0.271,0.0,0.96,0.0,0.0,0.0,0.0,0.0,0.0,0.271,0.0,0.96,0.0,0.0,0.0,,,,0.0,0.0,0.0,0.0,0.0,0.0,0.0,0.0,0.0,0.08724817754776784,0.0,0.88,0.0,0.0,0.0,0.0,0.0,0.0,0.08724817754776784,0.0,0.88,0.0,0.0,0.0,0.0,0.0,0.0,0.08724817754776784,0.0,0.88,0.0,0.0,0.0,0.0,0.0,0.0,0.08724817754776784,0.0,0.88,0.0,0.0,0.0,1.0,,,0.101,0.0,0.0,-0.0,0.0,0.0,0.0,,,0.0,0.0,0.0,0.0,0.0,-0.0,0.0,0.0,0.0
62,1,63,0.07074,0.0,0.0,,,,0,0.0,1,0.0,0.0,0.0,0.0,0.0,0.0,,,0.0,0.0,0.0,0.0,0.0,0.0,0.0,0.0,0.0,0.271,0.0,0.96,0.0,0.0,0.0,0.0,0.0,0.0,0.271,0.0,0.96,0.0,0.0,0.0,0.0,0.0,0.0,0.271,0.0,0.96,0.0,0.0,0.0,,,,0.0,0.0,0.0,0.0,0.0,0.0,0.0,0.0,0.0,0.08724817754776784,0.0,0.88,0.0,0.0,0.0,0.0,0.0,0.0,0.08724817754776784,0.0,0.88,0.0,0.0,0.0,0.0,0.0,0.0,0.08724817754776784,0.0,0.88,0.0,0.0,0.0,0.0,0.0,0.0,0.08724817754776784,0.0,0.88,0.0,0.0,0.0,1.0,,,0.101,0.0,0.0,-0.0,0.0,0.0,0.0,,,0.0,0.0,0.0,0.0,0.0,-0.0,0.0,0.0,0.0
63,1,64,0.07074,0.0,0.0,,,,0,0.0,1,0.0,0.0,0.0,0.0,0.0,0.0,,,0.0,0.0,0.0,0.0,0.0,0.0,0.0,0.0,0.0,0.271,0.0,0.96,0.0,0.0,0.0,0.0,0.0,0.0,0.271,0.0,0.96,0.0,0.0,0.0,0.0,0.0,0.0,0.271,0.0,0.96,0.0,0.0,0.0,,,,0.0,0.0,0.0,0.0,0.0,0.0,0.0,0.0,0.0,0.08724817754776784,0.0,0.88,0.0,0.0,0.0,0.0,0.0,0.0,0.08724817754776784,0.0,0.88,0.0,0.0,0.0,0.0,0.0,0.0,0.08724817754776784,0.0,0.88,0.0,0.0,0.0,0.0,0.0,0.0,0.08724817754776784,0.0,0.88,0.0,0.0,0.0,1.0,,,0.101,0.0,0.0,-0.0,0.0,0.0,0.0,,,0.0,0.0,0.0,0.0,0.0,-0.0,0.0,0.0,0.0
64,1,65,0.07074,0.0,0.0,,,,0,0.0,1,0.0,0.0,0.0,0.0,0.0,0.0,,,0.0,0.0,0.0,0.0,0.0,0.0,0.0,0.0,0.0,0.271,0.0,0.96,0.0,0.0,0.0,0.0,0.0,0.0,0.271,0.0,0.96,0.0,0.0,0.0,0.0,0.0,0.0,0.271,0.0,0.96,0.0,0.0,0.0,,,,0.0,0.0,0.0,0.0,0.0,0.0,0.0,0.0,0.0,0.08724817754776784,0.0,0.88,0.0,0.0,0.0,0.0,0.0,0.0,0.08724817754776784,0.0,0.88,0.0,0.0,0.0,0.0,0.0,0.0,0.08724817754776784,0.0,0.88,0.0,0.0,0.0,0.0,0.0,0.0,0.08724817754776784,0.0,0.88,0.0,0.0,0.0,1.0,,,0.101,0.0,0.0,-0.0,0.0,0.0,0.0,,,0.0,0.0,0.0,0.0,0.0,-0.0,0.0,0.0,0.0
65,1,66,0.11566,0.0,0.0,,,,0,0.0,1,0.0,0.0,0.0,0.0,0.0,0.0,,,0.0,0.0,0.0,0.0,0.0,0.0,0.0,0.0,0.0,0.271,0.0,0.96,0.0,0.0,0.0,0.0,0.0,0.0,0.271,0.0,0.96,0.0,0.0,0.0,0.0,0.0,0.0,0.271,0.0,0.96,0.0,0.0,0.0,,,,0.0,0.0,0.0,0.0,0.0,0.0,0.0,0.0,0.0,0.08724817754776784,0.0,0.88,0.0,0.0,0.0,0.0,0.0,0.0,0.08724817754776784,0.0,0.88,0.0,0.0,0.0,0.0,0.0,0.0,0.08724817754776784,0.0,0.88,0.0,0.0,0.0,0.0,0.0,0.0,0.08724817754776784,0.0,0.88,0.0,0.0,0.0,1.0,,,0.101,0.0,0.0,-0.0,0.0,0.0,0.0,,,0.0,0.0,0.0,0.0,0.0,-0.0,0.0,0.0,0.0
66,1,67,0.11566,0.0,0.0,,,,0,0.0,1,0.0,0.0,0.0,0.0,0.0,0.0,,,0.0,0.0,0.0,0.0,0.0,0.0,0.0,0.0,0.0,0.271,0.0,0.96,0.0,0.0,0.0,0.0,0.0,0.0,0.271,0.0,0.96,0.0,0.0,0.0,0.0,0.0,0.0,0.271,0.0,0.96,0.0,0.0,0.0,,,,0.0,0.0,0.0,0.0,0.0,0.0,0.0,0.0,0.0,0.08724817754776784,0.0,0.88,0.0,0.0,0.0,0.0,0.0,0.0,0.08724817754776784,0.0,0.88,0.0,0.0,0.0,0.0,0.0,0.0,0.08724817754776784,0.0,0.88,0.0,0.0,0.0,0.0,0.0,0.0,0.08724817754776784,0.0,0.88,0.0,0.0,0.0,1.0,,,0.101,0.0,0.0,-0.0,0.0,0.0,0.0,,,0.0,0.0,0.0,0.0,0.0,-0.0,0.0,0.0,0.0
67,1,68,0.11566,0.0,0.0,,,,0,0.0,1,0.0,0.0,0.0,0.0,0.0,0.0,,,0.0,0.0,0.0,0.0,0.0,0.0,0.0,0.0,0.0,0.271,0.0,0.96,0.0,0.0,0.0,0.0,0.0,0.0,0.271,0.0,0.96,0.0,0.0,0.0,0.0,0.0,0.0,0.271,0.0,0.96,0.0,0.0,0.0,,,,0.0,0.0,0.0,0.0,0.0,0.0,0.0,0.0,0.0,0.08724817754776784,0.0,0.88,0.0,0.0,0.0,0.0,0.0,0.0,0.08724817754776784,0.0,0.88,0.0,0.0,0.0,0.0,0.0,0.0,0.08724817754776784,0.0,0.88,0.0,0.0,0.0,0.0,0.0,0.0,0.08724817754776784,0.0,0.88,0.0,0.0,0.0,1.0,,,0.101,0.0,0.0,-0.0,0.0,0.0,0.0,,,0.0,0.0,0.0,0.0,0.0,-0.0,0.0,0.0,0.0
68,1,69,0.11566,0.0,0.0,,,,0,0.0,1,0.0,0.0,0.0,0.0,0.0,0.0,,,0.0,0.0,0.0,0.0,0.0,0.0,0.0,0.0,0.0,0.271,0.0,0.96,0.0,0.0,0.0,0.0,0.0,0.0,0.271,0.0,0.96,0.0,0.0,0.0,0.0,0.0,0.0,0.271,0.0,0.96,0.0,0.0,0.0,,,,0.0,0.0,0.0,0.0,0.0,0.0,0.0,0.0,0.0,0.08724817754776784,0.0,0.88,0.0,0.0,0.0,0.0,0.0,0.0,0.08724817754776784,0.0,0.88,0.0,0.0,0.0,0.0,0.0,0.0,0.08724817754776784,0.0,0.88,0.0,0.0,0.0,0.0,0.0,0.0,0.08724817754776784,0.0,0.88,0.0,0.0,0.0,1.0,,,0.101,0.0,0.0,-0.0,0.0,0.0,0.0,,,0.0,0.0,0.0,0.0,0.0,-0.0,0.0,0.0,0.0
69,1,70,0.11566,0.0,0.0,,,,0,0.0,1,0.0,0.0,0.0,0.0,0.0,0.0,,,0.0,0.0,0.0,0.0,0.0,0.0,0.0,0.0,0.0,0.271,0.0,0.96,0.0,0.0,0.0,0.0,0.0,0.0,0.271,0.0,0.96,0.0,0.0,0.0,0.0,0.0,0.0,0.271,0.0,0.96,0.0,0.0,0.0,,,,0.0,0.0,0.0,0.0,0.0,0.0,0.0,0.0,0.0,0.08724817754776784,0.0,0.88,0.0,0.0,0.0,0.0,0.0,0.0,0.08724817754776784,0.0,0.88,0.0,0.0,0.0,0.0,0.0,0.0,0.08724817754776784,0.0,0.88,0.0,0.0,0.0,0.0,0.0,0.0,0.08724817754776784,0.0,0.88,0.0,0.0,0.0,1.0,,,0.101,0.0,0.0,-0.0,0.0,0.0,0.0,,,0.0,0.0,0.0,0.0,0.0,-0.0,0.0,0.0,0.0
70,1,71,0.11506,0.0,0.0,,,,0,0.0,1,0.0,0.0,0.0,0.0,0.0,0.0,,,0.0,0.0,0.0,0.0,0.0,0.0,0.0,0.0,0.0,0.271,0.0,0.96,0.0,0.0,0.0,0.0,0.0,0.0,0.271,0.0,0.96,0.0,0.0,0.0,0.0,0.0,0.0,0.271,0.0,0.96,0.0,0.0,0.0,,,,0.0,0.0,0.0,0.0,0.0,0.0,0.0,0.0,0.0,0.08724817754776784,0.0,0.88,0.0,0.0,0.0,0.0,0.0,0.0,0.08724817754776784,0.0,0.88,0.0,0.0,0.0,0.0,0.0,0.0,0.08724817754776784,0.0,0.88,0.0,0.0,0.0,0.0,0.0,0.0,0.08724817754776784,0.0,0.88,0.0,0.0,0.0,1.0,,,0.101,0.0,0.0,-0.0,0.0,0.0,0.0,,,0.0,0.0,0.0,0.0,0.0,-0.0,0.0,0.0,0.0
71,1,72,0.11506,0.0,0.0,,,,0,0.0,1,0.0,0.0,0.0,0.0,0.0,0.0,,,0.0,0.0,0.0,0.0,0.0,0.0,0.0,0.0,0.0,0.271,0.0,0.96,0.0,0.0,0.0,0.0,0.0,0.0,0.271,0.0,0.96,0.0,0.0,0.0,0.0,0.0,0.0,0.271,0.0,0.96,0.0,0.0,0.0,,,,0.0,0.0,0.0,0.0,0.0,0.0,0.0,0.0,0.0,0.08724817754776784,0.0,0.88,0.0,0.0,0.0,0.0,0.0,0.0,0.08724817754776784,0.0,0.88,0.0,0.0,0.0,0.0,0.0,0.0,0.08724817754776784,0.0,0.88,0.0,0.0,0.0,0.0,0.0,0.0,0.08724817754776784,0.0,0.88,0.0,0.0,0.0,1.0,,,0.101,0.0,0.0,-0.0,0.0,0.0,0.0,,,0.0,0.0,0.0,0.0,0.0,-0.0,0.0,0.0,0.0
72,1,73,0.11506,0.0,0.0,,,,0,0.0,1,0.0,0.0,0.0,0.0,0.0,0.0,,,0.0,0.0,0.0,0.0,0.0,0.0,0.0,0.0,0.0,0.271,0.0,0.96,0.0,0.0,0.0,0.0,0.0,0.0,0.271,0.0,0.96,0.0,0.0,0.0,0.0,0.0,0.0,0.271,0.0,0.96,0.0,0.0,0.0,,,,0.0,0.0,0.0,0.0,0.0,0.0,0.0,0.0,0.0,0.08724817754776784,0.0,0.88,0.0,0.0,0.0,0.0,0.0,0.0,0.08724817754776784,0.0,0.88,0.0,0.0,0.0,0.0,0.0,0.0,0.08724817754776784,0.0,0.88,0.0,0.0,0.0,0.0,0.0,0.0,0.08724817754776784,0.0,0.88,0.0,0.0,0.0,1.0,,,0.101,0.0,0.0,-0.0,0.0,0.0,0.0,,,0.0,0.0,0.0,0.0,0.0,-0.0,0.0,0.0,0.0
73,1,74,0.11506,0.0,0.0,,,,0,0.0,1,0.0,0.0,0.0,0.0,0.0,0.0,,,0.0,0.0,0.0,0.0,0.0,0.0,0.0,0.0,0.0,0.271,0.0,0.96,0.0,0.0,0.0,0.0,0.0,0.0,0.271,0.0,0.96,0.0,0.0,0.0,0.0,0.0,0.0,0.271,0.0,0.96,0.0,0.0,0.0,,,,0.0,0.0,0.0,0.0,0.0,0.0,0.0,0.0,0.0,0.08724817754776784,0.0,0.88,0.0,0.0,0.0,0.0,0.0,0.0,0.08724817754776784,0.0,0.88,0.0,0.0,0.0,0.0,0.0,0.0,0.08724817754776784,0.0,0.88,0.0,0.0,0.0,0.0,0.0,0.0,0.08724817754776784,0.0,0.88,0.0,0.0,0.0,1.0,,,0.101,0.0,0.0,-0.0,0.0,0.0,0.0,,,0.0,0.0,0.0,0.0,0.0,-0.0,0.0,0.0,0.0
74,1,75,0.11506,0.0,0.0,,,,0,0.0,1,0.0,0.0,0.0,0.0,0.0,0.0,,,0.0,0.0,0.0,0.0,0.0,0.0,0.0,0.0,0.0,0.271,0.0,0.96,0.0,0.0,0.0,0.0,0.0,0.0,0.271,0.0,0.96,0.0,0.0,0.0,0.0,0.0,0.0,0.271,0.0,0.96,0.0,0.0,0.0,,,,0.0,0.0,0.0,0.0,0.0,0.0,0.0,0.0,0.0,0.08724817754776784,0.0,0.88,0.0,0.0,0.0,0.0,0.0,0.0,0.08724817754776784,0.0,0.88,0.0,0.0,0.0,0.0,0.0,0.0,0.08724817754776784,0.0,0.88,0.0,0.0,0.0,0.0,0.0,0.0,0.08724817754776784,0.0,0.88,0.0,0.0,0.0,1.0,,,0.101,0.0,0.0,-0.0,0.0,0.0,0.0,,,0.0,0.0,0.0,0.0,0.0,-0.0,0.0,0.0,0.0
75,1,76,0.11506,0.0,0.0,,,,0,0.0,1,0.0,0.0,0.0,0.0,0.0,0.0,,,0.0,0.0,0.0,0.0,0.0,0.0,0.0,0.0,0.0,0.271,0.0,0.96,0.0,0.0,0.0,0.0,0.0,0.0,0.271,0.0,0.96,0.0,0.0,0.0,0.0,0.0,0.0,0.271,0.0,0.96,0.0,0.0,0.0,,,,0.0,0.0,0.0,0.0,0.0,0.0,0.0,0.0,0.0,0.08724817754776784,0.0,0.88,0.0,0.0,0.0,0.0,0.0,0.0,0.08724817754776784,0.0,0.88,0.0,0.0,0.0,0.0,0.0,0.0,0.08724817754776784,0.0,0.88,0.0,0.0,0.0,0.0,0.0,0.0,0.08724817754776784,0.0,0.88,0.0,0.0,0.0,1.0,,,0.101,0.0,0.0,-0.0,0.0,0.0,0.0,,,0.0,0.0,0.0,0.0,0.0,-0.0,0.0,0.0,0.0
76,1,77,0.11506,0.0,0.0,,,,0,0.0,1,0.0,0.0,0.0,0.0,0.0,0.0,,,0.0,0.0,0.0,0.0,0.0,0.0,0.0,0.0,0.0,0.271,0.0,0.96,0.0,0.0,0.0,0.0,0.0,0.0,0.271,0.0,0.96,0.0,0.0,0.0,0.0,0.0,0.0,0.271,0.0,0.96,0.0,0.0,0.0,,,,0.0,0.0,0.0,0.0,0.0,0.0,0.0,0.0,0.0,0.08724817754776784,0.0,0.88,0.0,0.0,0.0,0.0,0.0,0.0,0.08724817754776784,0.0,0.88,0.0,0.0,0.0,0.0,0.0,0.0,0.08724817754776784,0.0,0.88,0.0,0.0,0.0,0.0,0.0,0.0,0.08724817754776784,0.0,0.88,0.0,0.0,0.0,1.0,,,0.101,0.0,0.0,-0.0,0.0,0.0,0.0,,,0.0,0.0,0.0,0.0,0.0,-0.0,0.0,0.0,0.0
77,1,78,0.11506,0.0,0.0,,,,0,0.0,1,0.0,0.0,0.0,0.0,0.0,0.0,,,0.0,0.0,0.0,0.0,0.0,0.0,0.0,0.0,0.0,0.271,0.0,0.96,0.0,0.0,0.0,0.0,0.0,0.0,0.271,0.0,0.96,0.0,0.0,0.0,0.0,0.0,0.0,0.271,0.0,0.96,0.0,0.0,0.0,,,,0.0,0.0,0.0,0.0,0.0,0.0,0.0,0.0,0.0,0.08724817754776784,0.0,0.88,0.0,0.0,0.0,0.0,0.0,0.0,0.08724817754776784,0.0,0.88,0.0,0.0,0.0,0.0,0.0,0.0,0.08724817754776784,0.0,0.88,0.0,0.0,0.0,0.0,0.0,0.0,0.08724817754776784,0.0,0.88,0.0,0.0,0.0,1.0,,,0.101,0.0,0.0,-0.0,0.0,0.0,0.0,,,0.0,0.0,0.0,0.0,0.0,-0.0,0.0,0.0,0.0
78,1,79,0.11506,0.0,0.0,,,,0,0.0,1,0.0,0.0,0.0,0.0,0.0,0.0,,,0.0,0.0,0.0,0.0,0.0,0.0,0.0,0.0,0.0,0.271,0.0,0.96,0.0,0.0,0.0,0.0,0.0,0.0,0.271,0.0,0.96,0.0,0.0,0.0,0.0,0.0,0.0,0.271,0.0,0.96,0.0,0.0,0.0,,,,0.0,0.0,0.0,0.0,0.0,0.0,0.0,0.0,0.0,0.08724817754776784,0.0,0.88,0.0,0.0,0.0,0.0,0.0,0.0,0.08724817754776784,0.0,0.88,0.0,0.0,0.0,0.0,0.0,0.0,0.08724817754776784,0.0,0.88,0.0,0.0,0.0,0.0,0.0,0.0,0.08724817754776784,0.0,0.88,0.0,0.0,0.0,1.0,,,0.101,0.0,0.0,-0.0,0.0,0.0,0.0,,,0.0,0.0,0.0,0.0,0.0,-0.0,0.0,0.0,0.0
79,1,80,0.11506,0.0,0.0,,,,0,0.0,1,0.0,0.0,0.0,0.0,0.0,0.0,,,0.0,0.0,0.0,0.0,0.0,0.0,0.0,0.0,0.0,0.271,0.0,0.96,0.0,0.0,0.0,0.0,0.0,0.0,0.271,0.0,0.96,0.0,0.0,0.0,0.0,0.0,0.0,0.271,0.0,0.96,0.0,0.0,0.0,,,,0.0,0.0,0.0,0.0,0.0,0.0,0.0,0.0,0.0,0.08724817754776784,0.0,0.88,0.0,0.0,0.0,0.0,0.0,0.0,0.08724817754776784,0.0,0.88,0.0,0.0,0.0,0.0,0.0,0.0,0.08724817754776784,0.0,0.88,0.0,0.0,0.0,0.0,0.0,0.0,0.08724817754776784,0.0,0.88,0.0,0.0,0.0,1.0,,,0.101,0.0,0.0,-0.0,0.0,0.0,0.0,,,0.0,0.0,0.0,0.0,0.0,-0.0,0.0,0.0,0.0
80,1,81,0.07074,0.0,0.0,,,,0,0.0,1,0.0,0.0,0.0,0.0,0.0,0.0,,,0.0,0.0,0.0,0.0,0.0,0.0,0.0,0.0,0.0,0.271,0.0,0.96,0.0,0.0,0.0,0.0,0.0,0.0,0.271,0.0,0.96,0.0,0.0,0.0,0.0,0.0,0.0,0.271,0.0,0.96,0.0,0.0,0.0,,,,0.0,0.0,0.0,0.0,0.0,0.0,0.0,0.0,0.0,0.08724817754776784,0.0,0.88,0.0,0.0,0.0,0.0,0.0,0.0,0.08724817754776784,0.0,0.88,0.0,0.0,0.0,0.0,0.0,0.0,0.08724817754776784,0.0,0.88,0.0,0.0,0.0,0.0,0.0,0.0,0.08724817754776784,0.0,0.88,0.0,0.0,0.0,1.0,,,0.101,0.0,0.0,-0.0,0.0,0.0,0.0,,,0.0,0.0,0.0,0.0,0.0,-0.0,0.0,0.0,0.0
81,1,82,0.07074,0.0,0.0,,,,0,0.0,1,0.0,0.0,0.0,0.0,0.0,0.0,,,0.0,0.0,0.0,0.0,0.0,0.0,0.0,0.0,0.0,0.271,0.0,0.96,0.0,0.0,0.0,0.0,0.0,0.0,0.271,0.0,0.96,0.0,0.0,0.0,0.0,0.0,0.0,0.271,0.0,0.96,0.0,0.0,0.0,,,,0.0,0.0,0.0,0.0,0.0,0.0,0.0,0.0,0.0,0.08724817754776784,0.0,0.88,0.0,0.0,0.0,0.0,0.0,0.0,0.08724817754776784,0.0,0.88,0.0,0.0,0.0,0.0,0.0,0.0,0.08724817754776784,0.0,0.88,0.0,0.0,0.0,0.0,0.0,0.0,0.08724817754776784,0.0,0.88,0.0,0.0,0.0,1.0,,,0.101,0.0,0.0,-0.0,0.0,0.0,0.0,,,0.0,0.0,0.0,0.0,0.0,-0.0,0.0,0.0,0.0
82,1,83,0.07074,0.0,0.0,,,,0,0.0,1,0.0,0.0,0.0,0.0,0.0,0.0,,,0.0,0.0,0.0,0.0,0.0,0.0,0.0,0.0,0.0,0.271,0.0,0.96,0.0,0.0,0.0,0.0,0.0,0.0,0.271,0.0,0.96,0.0,0.0,0.0,0.0,0.0,0.0,0.271,0.0,0.96,0.0,0.0,0.0,,,,0.0,0.0,0.0,0.0,0.0,0.0,0.0,0.0,0.0,0.08724817754776784,0.0,0.88,0.0,0.0,0.0,0.0,0.0,0.0,0.08724817754776784,0.0,0.88,0.0,0.0,0.0,0.0,0.0,0.0,0.08724817754776784,0.0,0.88,0.0,0.0,0.0,0.0,0.0,0.0,0.08724817754776784,0.0,0.88,0.0,0.0,0.0,1.0,,,0.101,0.0,0.0,-0.0,0.0,0.0,0.0,,,0.0,0.0,0.0,0.0,0.0,-0.0,0.0,0.0,0.0
83,1,84,0.07074,0.0,0.0,,,,0,0.0,1,0.0,0.0,0.0,0.0,0.0,0.0,,,0.0,0.0,0.0,0.0,0.0,0.0,0.0,0.0,0.0,0.271,0.0,0.96,0.0,0.0,0.0,0.0,0.0,0.0,0.271,0.0,0.96,0.0,0.0,0.0,0.0,0.0,0.0,0.271,0.0,0.96,0.0,0.0,0.0,,,,0.0,0.0,0.0,0.0,0.0,0.0,0.0,0.0,0.0,0.08724817754776784,0.0,0.88,0.0,0.0,0.0,0.0,0.0,0.0,0.08724817754776784,0.0,0.88,0.0,0.0,0.0,0.0,0.0,0.0,0.08724817754776784,0.0,0.88,0.0,0.0,0.0,0.0,0.0,0.0,0.08724817754776784,0.0,0.88,0.0,0.0,0.0,1.0,,,0.101,0.0,0.0,-0.0,0.0,0.0,0.0,,,0.0,0.0,0.0,0.0,0.0,-0.0,0.0,0.0,0.0
84,1,85,0.07074,0.0,0.0,,,,0,0.0,1,0.0,0.0,0.0,0.0,0.0,0.0,,,0.0,0.0,0.0,0.0,0.0,0.0,0.0,0.0,0.0,0.271,0.0,0.96,0.0,0.0,0.0,0.0,0.0,0.0,0.271,0.0,0.96,0.0,0.0,0.0,0.0,0.0,0.0,0.271,0.0,0.96,0.0,0.0,0.0,,,,0.0,0.0,0.0,0.0,0.0,0.0,0.0,0.0,0.0,0.08724817754776784,0.0,0.88,0.0,0.0,0.0,0.0,0.0,0.0,0.08724817754776784,0.0,0.88,0.0,0.0,0.0,0.0,0.0,0.0,0.08724817754776784,0.0,0.88,0.0,0.0,0.0,0.0,0.0,0.0,0.08724817754776784,0.0,0.88,0.0,0.0,0.0,1.0,,,0.101,0.0,0.0,-0.0,0.0,0.0,0.0,,,0.0,0.0,0.0,0.0,0.0,-0.0,0.0,0.0,0.0
85,1,86,0.07074,0.0,0.0,,,,0,0.0,1,0.0,0.0,0.0,0.0,0.0,0.0,,,0.0,0.0,0.0,0.0,0.0,0.0,0.0,0.0,0.0,0.271,0.0,0.96,0.0,0.0,0.0,0.0,0.0,0.0,0.271,0.0,0.96,0.0,0.0,0.0,0.0,0.0,0.0,0.271,0.0,0.96,0.0,0.0,0.0,,,,0.0,0.0,0.0,0.0,0.0,0.0,0.0,0.0,0.0,0.08724817754776784,0.0,0.88,0.0,0.0,0.0,0.0,0.0,0.0,0.08724817754776784,0.0,0.88,0.0,0.0,0.0,0.0,0.0,0.0,0.08724817754776784,0.0,0.88,0.0,0.0,0.0,0.0,0.0,0.0,0.08724817754776784,0.0,0.88,0.0,0.0,0.0,1.0,,,0.101,0.0,0.0,-0.0,0.0,0.0,0.0,,,0.0,0.0,0.0,0.0,0.0,-0.0,0.0,0.0,0.0
86,1,87,0.07074,0.0,0.0,,,,0,0.0,1,0.0,0.0,0.0,0.0,0.0,0.0,,,0.0,0.0,0.0,0.0,0.0,0.0,0.0,0.0,0.0,0.271,0.0,0.96,0.0,0.0,0.0,0.0,0.0,0.0,0.271,0.0,0.96,0.0,0.0,0.0,0.0,0.0,0.0,0.271,0.0,0.96,0.0,0.0,0.0,,,,0.0,0.0,0.0,0.0,0.0,0.0,0.0,0.0,0.0,0.08724817754776784,0.0,0.88,0.0,0.0,0.0,0.0,0.0,0.0,0.08724817754776784,0.0,0.88,0.0,0.0,0.0,0.0,0.0,0.0,0.08724817754776784,0.0,0.88,0.0,0.0,0.0,0.0,0.0,0.0,0.08724817754776784,0.0,0.88,0.0,0.0,0.0,1.0,,,0.101,0.0,0.0,-0.0,0.0,0.0,0.0,,,0.0,0.0,0.0,0.0,0.0,-0.0,0.0,0.0,0.0
87,1,88,0.07074,0.0,0.0,,,,0,0.0,1,0.0,0.0,0.0,0.0,0.0,0.0,,,0.0,0.0,0.0,0.0,0.0,0.0,0.0,0.0,0.0,0.271,0.0,0.96,0.0,0.0,0.0,0.0,0.0,0.0,0.271,0.0,0.96,0.0,0.0,0.0,0.0,0.0,0.0,0.271,0.0,0.96,0.0,0.0,0.0,,,,0.0,0.0,0.0,0.0,0.0,0.0,0.0,0.0,0.0,0.08724817754776784,0.0,0.88,0.0,0.0,0.0,0.0,0.0,0.0,0.08724817754776784,0.0,0.88,0.0,0.0,0.0,0.0,0.0,0.0,0.08724817754776784,0.0,0.88,0.0,0.0,0.0,0.0,0.0,0.0,0.08724817754776784,0.0,0.88,0.0,0.0,0.0,1.0,,,0.101,0.0,0.0,-0.0,0.0,0.0,0.0,,,0.0,0.0,0.0,0.0,0.0,-0.0,0.0,0.0,0.0
88,1,89,0.07074,0.0,0.0,,,,0,0.0,1,0.0,0.0,0.0,0.0,0.0,0.0,,,0.0,0.0,0.0,0.0,0.0,0.0,0.0,0.0,0.0,0.271,0.0,0.96,0.0,0.0,0.0,0.0,0.0,0.0,0.271,0.0,0.96,0.0,0.0,0.0,0.0,0.0,0.0,0.271,0.0,0.96,0.0,0.0,0.0,,,,0.0,0.0,0.0,0.0,0.0,0.0,0.0,0.0,0.0,0.08724817754776784,0.0,0.88,0.0,0.0,0.0,0.0,0.0,0.0,0.08724817754776784,0.0,0.88,0.0,0.0,0.0,0.0,0.0,0.0,0.08724817754776784,0.0,0.88,0.0,0.0,0.0,0.0,0.0,0.0,0.08724817754776784,0.0,0.88,0.0,0.0,0.0,1.0,,,0.101,0.0,0.0,-0.0,0.0,0.0,0.0,,,0.0,0.0,0.0,0.0,0.0,-0.0,0.0,0.0,0.0
89,1,90,0.11566,0.0,0.0,,,,0,0.0,1,0.0,0.0,0.0,0.0,0.0,0.0,,,0.0,0.0,0.0,0.0,0.0,0.0,0.0,0.0,0.0,0.271,0.0,0.96,0.0,0.0,0.0,0.0,0.0,0.0,0.271,0.0,0.96,0.0,0.0,0.0,0.0,0.0,0.0,0.271,0.0,0.96,0.0,0.0,0.0,,,,0.0,0.0,0.0,0.0,0.0,0.0,0.0,0.0,0.0,0.08724817754776784,0.0,0.88,0.0,0.0,0.0,0.0,0.0,0.0,0.08724817754776784,0.0,0.88,0.0,0.0,0.0,0.0,0.0,0.0,0.08724817754776784,0.0,0.88,0.0,0.0,0.0,0.0,0.0,0.0,0.08724817754776784,0.0,0.88,0.0,0.0,0.0,1.0,,,0.101,0.0,0.0,-0.0,0.0,0.0,0.0,,,0.0,0.0,0.0,0.0,0.0,-0.0,0.0,0.0,0.0
90,1,91,0.11566,0.0,0.0,,,,0,0.0,1,0.0,0.0,0.0,0.0,0.0,0.0,,,0.0,0.0,0.0,0.0,0.0,0.0,0.0,0.0,0.0,0.271,0.0,0.96,0.0,0.0,0.0,0.0,0.0,0.0,0.271,0.0,0.96,0.0,0.0,0.0,0.0,0.0,0.0,0.271,0.0,0.96,0.0,0.0,0.0,,,,0.0,0.0,0.0,0.0,0.0,0.0,0.0,0.0,0.0,0.08724817754776784,0.0,0.88,0.0,0.0,0.0,0.0,0.0,0.0,0.08724817754776784,0.0,0.88,0.0,0.0,0.0,0.0,0.0,0.0,0.08724817754776784,0.0,0.88,0.0,0.0,0.0,0.0,0.0,0.0,0.08724817754776784,0.0,0.88,0.0,0.0,0.0,1.0,,,0.101,0.0,0.0,-0.0,0.0,0.0,0.0,,,0.0,0.0,0.0,0.0,0.0,-0.0,0.0,0.0,0.0
91,1,92,0.11566,0.0,0.0,,,,0,0.0,1,0.0,0.0,0.0,0.0,0.0,0.0,,,0.0,0.0,0.0,0.0,0.0,0.0,0.0,0.0,0.0,0.271,0.0,0.96,0.0,0.0,0.0,0.0,0.0,0.0,0.271,0.0,0.96,0.0,0.0,0.0,0.0,0.0,0.0,0.271,0.0,0.96,0.0,0.0,0.0,,,,0.0,0.0,0.0,0.0,0.0,0.0,0.0,0.0,0.0,0.08724817754776784,0.0,0.88,0.0,0.0,0.0,0.0,0.0,0.0,0.08724817754776784,0.0,0.88,0.0,0.0,0.0,0.0,0.0,0.0,0.08724817754776784,0.0,0.88,0.0,0.0,0.0,0.0,0.0,0.0,0.08724817754776784,0.0,0.88,0.0,0.0,0.0,1.0,,,0.101,0.0,0.0,-0.0,0.0,0.0,0.0,,,0.0,0.0,0.0,0.0,0.0,-0.0,0.0,0.0,0.0
92,1,93,0.11566,0.0,0.0,,,,0,0.0,1,0.0,0.0,0.0,0.0,0.0,0.0,,,0.0,0.0,0.0,0.0,0.0,0.0,0.0,0.0,0.0,0.271,0.0,0.96,0.0,0.0,0.0,0.0,0.0,0.0,0.271,0.0,0.96,0.0,0.0,0.0,0.0,0.0,0.0,0.271,0.0,0.96,0.0,0.0,0.0,,,,0.0,0.0,0.0,0.0,0.0,0.0,0.0,0.0,0.0,0.08724817754776784,0.0,0.88,0.0,0.0,0.0,0.0,0.0,0.0,0.08724817754776784,0.0,0.88,0.0,0.0,0.0,0.0,0.0,0.0,0.08724817754776784,0.0,0.88,0.0,0.0,0.0,0.0,0.0,0.0,0.08724817754776784,0.0,0.88,0.0,0.0,0.0,1.0,,,0.101,0.0,0.0,-0.0,0.0,0.0,0.0,,,0.0,0.0,0.0,0.0,0.0,-0.0,0.0,0.0,0.0
93,1,94,0.11566,0.0,0.0,,,,0,0.0,1,0.0,0.0,0.0,0.0,0.0,0.0,,,0.0,0.0,0.0,0.0,0.0,0.0,0.0,0.0,0.0,0.271,0.0,0.96,0.0,0.0,0.0,0.0,0.0,0.0,0.271,0.0,0.96,0.0,0.0,0.0,0.0,0.0,0.0,0.271,0.0,0.96,0.0,0.0,0.0,,,,0.0,0.0,0.0,0.0,0.0,0.0,0.0,0.0,0.0,0.08724817754776784,0.0,0.88,0.0,0.0,0.0,0.0,0.0,0.0,0.08724817754776784,0.0,0.88,0.0,0.0,0.0,0.0,0.0,0.0,0.08724817754776784,0.0,0.88,0.0,0.0,0.0,0.0,0.0,0.0,0.08724817754776784,0.0,0.88,0.0,0.0,0.0,1.0,,,0.101,0.0,0.0,-0.0,0.0,0.0,0.0,,,0.0,0.0,0.0,0.0,0.0,-0.0,0.0,0.0,0.0
94,1,95,0.11506,0.0,0.0,,,,0,0.0,1,0.0,0.0,0.0,0.0,0.0,0.0,,,0.0,0.0,0.0,0.0,0.0,0.0,0.0,0.0,0.0,0.271,0.0,0.96,0.0,0.0,0.0,0.0,0.0,0.0,0.271,0.0,0.96,0.0,0.0,0.0,0.0,0.0,0.0,0.271,0.0,0.96,0.0,0.0,0.0,,,,0.0,0.0,0.0,0.0,0.0,0.0,0.0,0.0,0.0,0.08724817754776784,0.0,0.88,0.0,0.0,0.0,0.0,0.0,0.0,0.08724817754776784,0.0,0.88,0.0,0.0,0.0,0.0,0.0,0.0,0.08724817754776784,0.0,0.88,0.0,0.0,0.0,0.0,0.0,0.0,0.08724817754776784,0.0,0.88,0.0,0.0,0.0,1.0,,,0.101,0.0,0.0,-0.0,0.0,0.0,0.0,,,0.0,0.0,0.0,0.0,0.0,-0.0,0.0,0.0,0.0
95,1,96,0.11506,0.0,0.0,,,,0,0.0,1,0.0,0.0,0.0,0.0,0.0,0.0,,,0.0,0.0,0.0,0.0,0.0,0.0,0.0,0.0,0.0,0.271,0.0,0.96,0.0,0.0,0.0,0.0,0.0,0.0,0.271,0.0,0.96,0.0,0.0,0.0,0.0,0.0,0.0,0.271,0.0,0.96,0.0,0.0,0.0,,,,0.0,0.0,0.0,0.0,0.0,0.0,0.0,0.0,0.0,0.08724817754776784,0.0,0.88,0.0,0.0,0.0,0.0,0.0,0.0,0.08724817754776784,0.0,0.88,0.0,0.0,0.0,0.0,0.0,0.0,0.08724817754776784,0.0,0.88,0.0,0.0,0.0,0.0,0.0,0.0,0.08724817754776784,0.0,0.88,0.0,0.0,0.0,1.0,,,0.101,0.0,0.0,-0.0,0.0,0.0,0.0,,,0.0,0.0,0.0,0.0,0.0,-0.0,0.0,0.0,0.0
96,1,97,0.11506,0.0,0.0,,,,0,0.0,1,0.0,0.0,0.0,0.0,0.0,0.0,,,0.0,0.0,0.0,0.0,0.0,0.0,0.0,0.0,0.0,0.271,0.0,0.96,0.0,0.0,0.0,0.0,0.0,0.0,0.271,0.0,0.96,0.0,0.0,0.0,0.0,0.0,0.0,0.271,0.0,0.96,0.0,0.0,0.0,,,,0.0,0.0,0.0,0.0,0.0,0.0,0.0,0.0,0.0,0.08724817754776784,0.0,0.88,0.0,0.0,0.0,0.0,0.0,0.0,0.08724817754776784,0.0,0.88,0.0,0.0,0.0,0.0,0.0,0.0,0.08724817754776784,0.0,0.88,0.0,0.0,0.0,0.0,0.0,0.0,0.08724817754776784,0.0,0.88,0.0,0.0,0.0,1.0,,,0.101,0.0,0.0,-0.0,0.0,0.0,0.0,,,0.0,0.0,0.0,0.0,0.0,-0.0,0.0,0.0,0.0
97,1,98,0.11506,0.0,0.0,,,,0,0.0,1,0.0,0.0,0.0,0.0,0.0,0.0,,,0.0,0.0,0.0,0.0,0.0,0.0,0.0,0.0,0.0,0.271,0.0,0.96,0.0,0.0,0.0,0.0,0.0,0.0,0.271,0.0,0.96,0.0,0.0,0.0,0.0,0.0,0.0,0.271,0.0,0.96,0.0,0.0,0.0,,,,0.0,0.0,0.0,0.0,0.0,0.0,0.0,0.0,0.0,0.08724817754776784,0.0,0.88,0.0,0.0,0.0,0.0,0.0,0.0,0.08724817754776784,0.0,0.88,0.0,0.0,0.0,0.0,0.0,0.0,0.08724817754776784,0.0,0.88,0.0,0.0,0.0,0.0,0.0,0.0,0.08724817754776784,0.0,0.88,0.0,0.0,0.0,1.0,,,0.101,0.0,0.0,-0.0,0.0,0.0,0.0,,,0.0,0.0,0.0,0.0,0.0,-0.0,0.0,0.0,0.0
98,1,99,0.11506,0.0,0.0,,,,0,0.0,1,0.0,0.0,0.0,0.0,0.0,0.0,,,0.0,0.0,0.0,0.0,0.0,0.0,0.0,0.0,0.0,0.271,0.0,0.96,0.0,0.0,0.0,0.0,0.0,0.0,0.271,0.0,0.96,0.0,0.0,0.0,0.0,0.0,0.0,0.271,0.0,0.96,0.0,0.0,0.0,,,,0.0,0.0,0.0,0.0,0.0,0.0,0.0,0.0,0.0,0.08724817754776784,0.0,0.88,0.0,0.0,0.0,0.0,0.0,0.0,0.08724817754776784,0.0,0.88,0.0,0.0,0.0,0.0,0.0,0.0,0.08724817754776784,0.0,0.88,0.0,0.0,0.0,0.0,0.0,0.0,0.08724817754776784,0.0,0.88,0.0,0.0,0.0,1.0,,,0.101,0.0,0.0,-0.0,0.0,0.0,0.0,,,0.0,0.0,0.0,0.0,0.0,-0.0,0.0,0.0,0.0
99,1,100,0.11506,0.0,0.0,,,,0,0.0,1,0.0,0.0,0.0,0.0,0.0,0.0,,,0.0,0.0,0.0,0.0,0.0,0.0,0.0,0.0,0.0,0.271,0.0,0.96,0.0,0.0,0.0,0.0,0.0,0.0,0.271,0.0,0.96,0.0,0.0,0.0,0.0,0.0,0.0,0.271,0.0,0.96,0.0,0.0,0.0,,,,0.0,0.0,0.0,0.0,0.0,0.0,0.0,0.0,0.0,0.08724817754776784,0.0,0.88,0.0,0.0,0.0,0.0,0.0,0.0,0.08724817754776784,0.0,0.88,0.0,0.0,0.0,0.0,0.0,0.0,0.08724817754776784,0.0,0.88,0.0,0.0,0.0,0.0,0.0,0.0,0.08724817754776784,0.0,0.88,0.0,0.0,0.0,1.0,,,0.101,0.0,0.0,-0.0,0.0,0.0,0.0,,,0.0,0.0,0.0,0.0,0.0,-0.0,0.0,0.0,0.0
100,1,101,0.11506,0.0,0.0,,,,0,0.0,1,0.0,0.0,0.0,0.0,0.0,0.0,,,0.0,0.0,0.0,0.0,0.0,0.0,0.0,0.0,0.0,0.271,0.0,0.96,0.0,0.0,0.0,0.0,0.0,0.0,0.271,0.0,0.96,0.0,0.0,0.0,0.0,0.0,0.0,0.271,0.0,0.96,0.0,0.0,0.0,,,,0.0,0.0,0.0,0.0,0.0,0.0,0.0,0.0,0.0,0.08724817754776784,0.0,0.88,0.0,0.0,0.0,0.0,0.0,0.0,0.08724817754776784,0.0,0.88,0.0,0.0,0.0,0.0,0.0,0.0,0.08724817754776784,0.0,0.88,0.0,0.0,0.0,0.0,0.0,0.0,0.08724817754776784,0.0,0.88,0.0,0.0,0.0,1.0,,,0.101,0.0,0.0,-0.0,0.0,0.0,0.0,,,0.0,0.0,0.0,0.0,0.0,-0.0,0.0,0.0,0.0
101,1,102,0.11506,0.0,0.0,,,,0,0.0,1,0.0,0.0,0.0,0.0,0.0,0.0,,,0.0,0.0,0.0,0.0,0.0,0.0,0.0,0.0,0.0,0.271,0.0,0.96,0.0,0.0,0.0,0.0,0.0,0.0,0.271,0.0,0.96,0.0,0.0,0.0,0.0,0.0,0.0,0.271,0.0,0.96,0.0,0.0,0.0,,,,0.0,0.0,0.0,0.0,0.0,0.0,0.0,0.0,0.0,0.08724817754776784,0.0,0.88,0.0,0.0,0.0,0.0,0.0,0.0,0.08724817754776784,0.0,0.88,0.0,0.0,0.0,0.0,0.0,0.0,0.08724817754776784,0.0,0.88,0.0,0.0,0.0,0.0,0.0,0.0,0.08724817754776784,0.0,0.88,0.0,0.0,0.0,1.0,,,0.101,0.0,0.0,-0.0,0.0,0.0,0.0,,,0.0,0.0,0.0,0.0,0.0,-0.0,0.0,0.0,0.0
102,1,103,0.11506,0.0,0.0,,,,0,0.0,1,0.0,0.0,0.0,0.0,0.0,0.0,,,0.0,0.0,0.0,0.0,0.0,0.0,0.0,0.0,0.0,0.271,0.0,0.96,0.0,0.0,0.0,0.0,0.0,0.0,0.271,0.0,0.96,0.0,0.0,0.0,0.0,0.0,0.0,0.271,0.0,0.96,0.0,0.0,0.0,,,,0.0,0.0,0.0,0.0,0.0,0.0,0.0,0.0,0.0,0.08724817754776784,0.0,0.88,0.0,0.0,0.0,0.0,0.0,0.0,0.08724817754776784,0.0,0.88,0.0,0.0,0.0,0.0,0.0,0.0,0.08724817754776784,0.0,0.88,0.0,0.0,0.0,0.0,0.0,0.0,0.08724817754776784,0.0,0.88,0.0,0.0,0.0,1.0,,,0.101,0.0,0.0,-0.0,0.0,0.0,0.0,,,0.0,0.0,0.0,0.0,0.0,-0.0,0.0,0.0,0.0
103,1,104,0.11506,0.0,0.0,,,,0,0.0,1,0.0,0.0,0.0,0.0,0.0,0.0,,,0.0,0.0,0.0,0.0,0.0,0.0,0.0,0.0,0.0,0.271,0.0,0.96,0.0,0.0,0.0,0.0,0.0,0.0,0.271,0.0,0.96,0.0,0.0,0.0,0.0,0.0,0.0,0.271,0.0,0.96,0.0,0.0,0.0,,,,0.0,0.0,0.0,0.0,0.0,0.0,0.0,0.0,0.0,0.08724817754776784,0.0,0.88,0.0,0.0,0.0,0.0,0.0,0.0,0.08724817754776784,0.0,0.88,0.0,0.0,0.0,0.0,0.0,0.0,0.08724817754776784,0.0,0.88,0.0,0.0,0.0,0.0,0.0,0.0,0.08724817754776784,0.0,0.88,0.0,0.0,0.0,1.0,,,0.101,0.0,0.0,-0.0,0.0,0.0,0.0,,,0.0,0.0,0.0,0.0,0.0,-0.0,0.0,0.0,0.0
104,1,105,0.07074,0.0,0.0,,,,0,0.0,1,0.0,0.0,0.0,0.0,0.0,0.0,,,0.0,0.0,0.0,0.0,0.0,0.0,0.0,0.0,0.0,0.271,0.0,0.96,0.0,0.0,0.0,0.0,0.0,0.0,0.271,0.0,0.96,0.0,0.0,0.0,0.0,0.0,0.0,0.271,0.0,0.96,0.0,0.0,0.0,,,,0.0,0.0,0.0,0.0,0.0,0.0,0.0,0.0,0.0,0.08724817754776784,0.0,0.88,0.0,0.0,0.0,0.0,0.0,0.0,0.08724817754776784,0.0,0.88,0.0,0.0,0.0,0.0,0.0,0.0,0.08724817754776784,0.0,0.88,0.0,0.0,0.0,0.0,0.0,0.0,0.08724817754776784,0.0,0.88,0.0,0.0,0.0,1.0,,,0.101,0.0,0.0,-0.0,0.0,0.0,0.0,,,0.0,0.0,0.0,0.0,0.0,-0.0,0.0,0.0,0.0
105,1,106,0.07074,0.0,0.0,,,,0,0.0,1,0.0,0.0,0.0,0.0,0.0,0.0,,,0.0,0.0,0.0,0.0,0.0,0.0,0.0,0.0,0.0,0.271,0.0,0.96,0.0,0.0,0.0,0.0,0.0,0.0,0.271,0.0,0.96,0.0,0.0,0.0,0.0,0.0,0.0,0.271,0.0,0.96,0.0,0.0,0.0,,,,0.0,0.0,0.0,0.0,0.0,0.0,0.0,0.0,0.0,0.08724817754776784,0.0,0.88,0.0,0.0,0.0,0.0,0.0,0.0,0.08724817754776784,0.0,0.88,0.0,0.0,0.0,0.0,0.0,0.0,0.08724817754776784,0.0,0.88,0.0,0.0,0.0,0.0,0.0,0.0,0.08724817754776784,0.0,0.88,0.0,0.0,0.0,1.0,,,0.101,0.0,0.0,-0.0,0.0,0.0,0.0,,,0.0,0.0,0.0,0.0,0.0,-0.0,0.0,0.0,0.0
106,1,107,0.07074,0.0,0.0,,,,0,0.0,1,0.0,0.0,0.0,0.0,0.0,0.0,,,0.0,0.0,0.0,0.0,0.0,0.0,0.0,0.0,0.0,0.271,0.0,0.96,0.0,0.0,0.0,0.0,0.0,0.0,0.271,0.0,0.96,0.0,0.0,0.0,0.0,0.0,0.0,0.271,0.0,0.96,0.0,0.0,0.0,,,,0.0,0.0,0.0,0.0,0.0,0.0,0.0,0.0,0.0,0.08724817754776784,0.0,0.88,0.0,0.0,0.0,0.0,0.0,0.0,0.08724817754776784,0.0,0.88,0.0,0.0,0.0,0.0,0.0,0.0,0.08724817754776784,0.0,0.88,0.0,0.0,0.0,0.0,0.0,0.0,0.08724817754776784,0.0,0.88,0.0,0.0,0.0,1.0,,,0.101,0.0,0.0,-0.0,0.0,0.0,0.0,,,0.0,0.0,0.0,0.0,0.0,-0.0,0.0,0.0,0.0
107,1,108,0.07074,0.0,0.0,,,,0,0.0,1,0.0,0.0,0.0,0.0,0.0,0.0,,,0.0,0.0,0.0,0.0,0.0,0.0,0.0,0.0,0.0,0.271,0.0,0.96,0.0,0.0,0.0,0.0,0.0,0.0,0.271,0.0,0.96,0.0,0.0,0.0,0.0,0.0,0.0,0.271,0.0,0.96,0.0,0.0,0.0,,,,0.0,0.0,0.0,0.0,0.0,0.0,0.0,0.0,0.0,0.08724817754776784,0.0,0.88,0.0,0.0,0.0,0.0,0.0,0.0,0.08724817754776784,0.0,0.88,0.0,0.0,0.0,0.0,0.0,0.0,0.08724817754776784,0.0,0.88,0.0,0.0,0.0,0.0,0.0,0.0,0.08724817754776784,0.0,0.88,0.0,0.0,0.0,1.0,,,0.101,0.0,0.0,-0.0,0.0,0.0,0.0,,,0.0,0.0,0.0,0.0,0.0,-0.0,0.0,0.0,0.0
108,1,109,0.07074,0.0,0.0,,,,0,0.0,1,0.0,0.0,0.0,0.0,0.0,0.0,,,0.0,0.0,0.0,0.0,0.0,0.0,0.0,0.0,0.0,0.271,0.0,0.96,0.0,0.0,0.0,0.0,0.0,0.0,0.271,0.0,0.96,0.0,0.0,0.0,0.0,0.0,0.0,0.271,0.0,0.96,0.0,0.0,0.0,,,,0.0,0.0,0.0,0.0,0.0,0.0,0.0,0.0,0.0,0.08724817754776784,0.0,0.88,0.0,0.0,0.0,0.0,0.0,0.0,0.08724817754776784,0.0,0.88,0.0,0.0,0.0,0.0,0.0,0.0,0.08724817754776784,0.0,0.88,0.0,0.0,0.0,0.0,0.0,0.0,0.08724817754776784,0.0,0.88,0.0,0.0,0.0,1.0,,,0.101,0.0,0.0,-0.0,0.0,0.0,0.0,,,0.0,0.0,0.0,0.0,0.0,-0.0,0.0,0.0,0.0
109,1,110,0.07074,0.0,0.0,,,,0,0.0,1,0.0,0.0,0.0,0.0,0.0,0.0,,,0.0,0.0,0.0,0.0,0.0,0.0,0.0,0.0,0.0,0.271,0.0,0.96,0.0,0.0,0.0,0.0,0.0,0.0,0.271,0.0,0.96,0.0,0.0,0.0,0.0,0.0,0.0,0.271,0.0,0.96,0.0,0.0,0.0,,,,0.0,0.0,0.0,0.0,0.0,0.0,0.0,0.0,0.0,0.08724817754776784,0.0,0.88,0.0,0.0,0.0,0.0,0.0,0.0,0.08724817754776784,0.0,0.88,0.0,0.0,0.0,0.0,0.0,0.0,0.08724817754776784,0.0,0.88,0.0,0.0,0.0,0.0,0.0,0.0,0.08724817754776784,0.0,0.88,0.0,0.0,0.0,1.0,,,0.101,0.0,0.0,-0.0,0.0,0.0,0.0,,,0.0,0.0,0.0,0.0,0.0,-0.0,0.0,0.0,0.0
110,1,111,0.07074,0.0,0.0,,,,0,0.0,1,0.0,0.0,0.0,0.0,0.0,0.0,,,0.0,0.0,0.0,0.0,0.0,0.0,0.0,0.0,0.0,0.271,0.0,0.96,0.0,0.0,0.0,0.0,0.0,0.0,0.271,0.0,0.96,0.0,0.0,0.0,0.0,0.0,0.0,0.271,0.0,0.96,0.0,0.0,0.0,,,,0.0,0.0,0.0,0.0,0.0,0.0,0.0,0.0,0.0,0.08724817754776784,0.0,0.88,0.0,0.0,0.0,0.0,0.0,0.0,0.08724817754776784,0.0,0.88,0.0,0.0,0.0,0.0,0.0,0.0,0.08724817754776784,0.0,0.88,0.0,0.0,0.0,0.0,0.0,0.0,0.08724817754776784,0.0,0.88,0.0,0.0,0.0,1.0,,,0.101,0.0,0.0,-0.0,0.0,0.0,0.0,,,0.0,0.0,0.0,0.0,0.0,-0.0,0.0,0.0,0.0
111,1,112,0.07074,0.0,0.0,,,,0,0.0,1,0.0,0.0,0.0,0.0,0.0,0.0,,,0.0,0.0,0.0,0.0,0.0,0.0,0.0,0.0,0.0,0.271,0.0,0.96,0.0,0.0,0.0,0.0,0.0,0.0,0.271,0.0,0.96,0.0,0.0,0.0,0.0,0.0,0.0,0.271,0.0,0.96,0.0,0.0,0.0,,,,0.0,0.0,0.0,0.0,0.0,0.0,0.0,0.0,0.0,0.08724817754776784,0.0,0.88,0.0,0.0,0.0,0.0,0.0,0.0,0.08724817754776784,0.0,0.88,0.0,0.0,0.0,0.0,0.0,0.0,0.08724817754776784,0.0,0.88,0.0,0.0,0.0,0.0,0.0,0.0,0.08724817754776784,0.0,0.88,0.0,0.0,0.0,1.0,,,0.101,0.0,0.0,-0.0,0.0,0.0,0.0,,,0.0,0.0,0.0,0.0,0.0,-0.0,0.0,0.0,0.0
112,1,113,0.07074,0.0,0.0,,,,0,0.0,1,0.0,0.0,0.0,0.0,0.0,0.0,,,0.0,0.0,0.0,0.0,0.0,0.0,0.0,0.0,0.0,0.271,0.0,0.96,0.0,0.0,0.0,0.0,0.0,0.0,0.271,0.0,0.96,0.0,0.0,0.0,0.0,0.0,0.0,0.271,0.0,0.96,0.0,0.0,0.0,,,,0.0,0.0,0.0,0.0,0.0,0.0,0.0,0.0,0.0,0.08724817754776784,0.0,0.88,0.0,0.0,0.0,0.0,0.0,0.0,0.08724817754776784,0.0,0.88,0.0,0.0,0.0,0.0,0.0,0.0,0.08724817754776784,0.0,0.88,0.0,0.0,0.0,0.0,0.0,0.0,0.08724817754776784,0.0,0.88,0.0,0.0,0.0,1.0,,,0.101,0.0,0.0,-0.0,0.0,0.0,0.0,,,0.0,0.0,0.0,0.0,0.0,-0.0,0.0,0.0,0.0
113,1,114,0.11566,0.0,0.0,,,,0,0.0,1,0.0,0.0,0.0,0.0,0.0,0.0,,,0.0,0.0,0.0,0.0,0.0,0.0,0.0,0.0,0.0,0.271,0.0,0.96,0.0,0.0,0.0,0.0,0.0,0.0,0.271,0.0,0.96,0.0,0.0,0.0,0.0,0.0,0.0,0.271,0.0,0.96,0.0,0.0,0.0,,,,0.0,0.0,0.0,0.0,0.0,0.0,0.0,0.0,0.0,0.08724817754776784,0.0,0.88,0.0,0.0,0.0,0.0,0.0,0.0,0.08724817754776784,0.0,0.88,0.0,0.0,0.0,0.0,0.0,0.0,0.08724817754776784,0.0,0.88,0.0,0.0,0.0,0.0,0.0,0.0,0.08724817754776784,0.0,0.88,0.0,0.0,0.0,1.0,,,0.101,0.0,0.0,-0.0,0.0,0.0,0.0,,,0.0,0.0,0.0,0.0,0.0,-0.0,0.0,0.0,0.0
114,1,115,0.11566,0.0,0.0,,,,0,0.0,1,0.0,0.0,0.0,0.0,0.0,0.0,,,0.0,0.0,0.0,0.0,0.0,0.0,0.0,0.0,0.0,0.271,0.0,0.96,0.0,0.0,0.0,0.0,0.0,0.0,0.271,0.0,0.96,0.0,0.0,0.0,0.0,0.0,0.0,0.271,0.0,0.96,0.0,0.0,0.0,,,,0.0,0.0,0.0,0.0,0.0,0.0,0.0,0.0,0.0,0.08724817754776784,0.0,0.88,0.0,0.0,0.0,0.0,0.0,0.0,0.08724817754776784,0.0,0.88,0.0,0.0,0.0,0.0,0.0,0.0,0.08724817754776784,0.0,0.88,0.0,0.0,0.0,0.0,0.0,0.0,0.08724817754776784,0.0,0.88,0.0,0.0,0.0,1.0,,,0.101,0.0,0.0,-0.0,0.0,0.0,0.0,,,0.0,0.0,0.0,0.0,0.0,-0.0,0.0,0.0,0.0
115,1,116,0.11566,0.0,0.0,,,,0,0.0,1,0.0,0.0,0.0,0.0,0.0,0.0,,,0.0,0.0,0.0,0.0,0.0,0.0,0.0,0.0,0.0,0.271,0.0,0.96,0.0,0.0,0.0,0.0,0.0,0.0,0.271,0.0,0.96,0.0,0.0,0.0,0.0,0.0,0.0,0.271,0.0,0.96,0.0,0.0,0.0,,,,0.0,0.0,0.0,0.0,0.0,0.0,0.0,0.0,0.0,0.08724817754776784,0.0,0.88,0.0,0.0,0.0,0.0,0.0,0.0,0.08724817754776784,0.0,0.88,0.0,0.0,0.0,0.0,0.0,0.0,0.08724817754776784,0.0,0.88,0.0,0.0,0.0,0.0,0.0,0.0,0.08724817754776784,0.0,0.88,0.0,0.0,0.0,1.0,,,0.101,0.0,0.0,-0.0,0.0,0.0,0.0,,,0.0,0.0,0.0,0.0,0.0,-0.0,0.0,0.0,0.0
116,1,117,0.11566,0.0,0.0,,,,0,0.0,1,0.0,0.0,0.0,0.0,0.0,0.0,,,0.0,0.0,0.0,0.0,0.0,0.0,0.0,0.0,0.0,0.271,0.0,0.96,0.0,0.0,0.0,0.0,0.0,0.0,0.271,0.0,0.96,0.0,0.0,0.0,0.0,0.0,0.0,0.271,0.0,0.96,0.0,0.0,0.0,,,,0.0,0.0,0.0,0.0,0.0,0.0,0.0,0.0,0.0,0.08724817754776784,0.0,0.88,0.0,0.0,0.0,0.0,0.0,0.0,0.08724817754776784,0.0,0.88,0.0,0.0,0.0,0.0,0.0,0.0,0.08724817754776784,0.0,0.88,0.0,0.0,0.0,0.0,0.0,0.0,0.08724817754776784,0.0,0.88,0.0,0.0,0.0,1.0,,,0.101,0.0,0.0,-0.0,0.0,0.0,0.0,,,0.0,0.0,0.0,0.0,0.0,-0.0,0.0,0.0,0.0
117,1,118,0.11566,0.0,0.0,,,,0,0.0,1,0.0,0.0,0.0,0.0,0.0,0.0,,,0.0,0.0,0.0,0.0,0.0,0.0,0.0,0.0,0.0,0.271,0.0,0.96,0.0,0.0,0.0,0.0,0.0,0.0,0.271,0.0,0.96,0.0,0.0,0.0,0.0,0.0,0.0,0.271,0.0,0.96,0.0,0.0,0.0,,,,0.0,0.0,0.0,0.0,0.0,0.0,0.0,0.0,0.0,0.08724817754776784,0.0,0.88,0.0,0.0,0.0,0.0,0.0,0.0,0.08724817754776784,0.0,0.88,0.0,0.0,0.0,0.0,0.0,0.0,0.08724817754776784,0.0,0.88,0.0,0.0,0.0,0.0,0.0,0.0,0.08724817754776784,0.0,0.88,0.0,0.0,0.0,1.0,,,0.101,0.0,0.0,-0.0,0.0,0.0,0.0,,,0.0,0.0,0.0,0.0,0.0,-0.0,0.0,0.0,0.0
118,1,119,0.11506,0.0,0.0,,,,0,0.0,1,0.0,0.0,0.0,0.0,0.0,0.0,,,0.0,0.0,0.0,0.0,0.0,0.0,0.0,0.0,0.0,0.271,0.0,0.96,0.0,0.0,0.0,0.0,0.0,0.0,0.271,0.0,0.96,0.0,0.0,0.0,0.0,0.0,0.0,0.271,0.0,0.96,0.0,0.0,0.0,,,,0.0,0.0,0.0,0.0,0.0,0.0,0.0,0.0,0.0,0.08724817754776784,0.0,0.88,0.0,0.0,0.0,0.0,0.0,0.0,0.08724817754776784,0.0,0.88,0.0,0.0,0.0,0.0,0.0,0.0,0.08724817754776784,0.0,0.88,0.0,0.0,0.0,0.0,0.0,0.0,0.08724817754776784,0.0,0.88,0.0,0.0,0.0,1.0,,,0.101,0.0,0.0,-0.0,0.0,0.0,0.0,,,0.0,0.0,0.0,0.0,0.0,-0.0,0.0,0.0,0.0
119,1,120,0.11506,0.0,0.0,,,,0,0.0,1,0.0,0.0,0.0,0.0,0.0,0.0,,,0.0,0.0,0.0,0.0,0.0,0.0,0.0,0.0,0.0,0.271,0.0,0.96,0.0,0.0,0.0,0.0,0.0,0.0,0.271,0.0,0.96,0.0,0.0,0.0,0.0,0.0,0.0,0.271,0.0,0.96,0.0,0.0,0.0,,,,0.0,0.0,0.0,0.0,0.0,0.0,0.0,0.0,0.0,0.08724817754776784,0.0,0.88,0.0,0.0,0.0,0.0,0.0,0.0,0.08724817754776784,0.0,0.88,0.0,0.0,0.0,0.0,0.0,0.0,0.08724817754776784,0.0,0.88,0.0,0.0,0.0,0.0,0.0,0.0,0.08724817754776784,0.0,0.88,0.0,0.0,0.0,1.0,,,0.101,0.0,0.0,-0.0,0.0,0.0,0.0,,,0.0,0.0,0.0,0.0,0.0,-0.0,0.0,0.0,0.0
120,1,121,0.11506,0.0,569.1062028680755,,,,0,0.0,1,1083.3333333333333,1083.3333333333333,0.0,173.33333333333334,35.96666666666667,0.0,,,167.76227930160837,1083.3333333333333,1040.0,43.333333333333336,1083.3333333333333,0.0,1.0,1.0,0.0,0.16032214517562032,85.50215970390315,0.96,555.5361649758512,533.3147183768172,22.221446599034067,1.0,1.0,0.0,0.16234953447667208,82.26011959770521,0.96,527.7971683574821,506.6852816231828,21.1118867342993,0.0,0.0,0.0,0.27099999999999996,0.0,0.96,0.0,0.0,0.0,,,,308.9087235664671,1040.0,915.2,124.8,1040.0,0.0,1.0,1.0,0.0,0.3375313850158078,154.45436178323354,0.88,520.0,457.6,62.4,1.0,1.0,0.0,0.3375313850158078,154.45436178323354,0.88,520.0,457.6,62.4,0.0,0.0,0.0,0.08724817754776784,0.0,0.8800000000000001,0.0,0.0,0.0,0.0,0.0,0.0,0.08724817754776784,0.0,0.8800000000000001,0.0,0.0,0.0,0.0,,,0.101,92.43520000000001,915.2,0.0,915.2,28.3712,1.0,,,1083.3333333333333,0.0,465.8333333333333,2.0,569.1062028680755,0.0,0.0,0.0,65.48135970200076
121,1,122,0.11506,0.0,569.1062028680753,,,,0,0.0,1,1083.3333333333333,1083.3333333333333,0.0,173.33333333333334,35.96666666666667,0.0,,,167.76227930160837,1083.3333333333333,1040.0,43.333333333333336,1083.3333333333333,0.0,1.0,0.0,0.0,0.16032214517562032,85.50215970390315,0.96,555.5361649758512,533.3147183768172,22.221446599034067,1.0,0.0,0.0,0.16234953447667208,82.26011959770521,0.96,527.7971683574821,506.6852816231828,21.1118867342993,0.0,0.0,0.0,0.271,0.0,0.96,0.0,0.0,0.0,,,,308.9087235664669,1040.0,915.2,124.8,1040.0,0.0,1.0,0.0,0.0,0.3375313850158078,154.45436178323345,0.88,520.0,457.6,62.4,1.0,0.0,0.0,0.3375313850158078,154.45436178323345,0.88,520.0,457.6,62.4,0.0,0.0,0.0,0.08724817754776784,0.0,0.8800000000000001,0.0,0.0,0.0,0.0,0.0,0.0,0.08724817754776784,0.0,0.8800000000000001,0.0,0.0,0.0,0.0,,,0.101,92.43520000000001,915.2,0.0,915.2,28.3712,1.0,,,1083.3333333333333,0.0,465.8333333333333,2.0,569.1062028680753,0.0,0.0,0.0,65.48135970200074
122,1,123,0.11506,0.0,884.0421772440329,,,,0,0.0,1,1625.0,1625.0,0.0,260.0,53.95,0.0,,,251.78632349279656,1625.0,1560.0,65.0,1625.0,0.0,1.0,0.0,0.0,0.15855452667246894,89.09440753721339,0.96,585.3297062255704,561.9165179765475,23.413188249022834,1.0,0.0,0.0,0.16234953447667208,82.26011959770521,0.96,527.7971683574821,506.6852816231828,21.1118867342993,1.0,1.0,0.0,0.16367946869231934,80.43179635787796,0.96,511.8731254169473,491.3982004002694,20.47492501667791,,,,488.3308537512365,1560.0,1425.0,135.0,1560.0,0.0,1.0,0.0,0.0,0.3426883596961614,162.77697085567667,0.9134615384615385,520.0,475.0,45.0,1.0,0.0,0.0,0.3426883596961614,162.77697085567667,0.9134615384615385,520.0,475.0,45.0,1.0,1.0,0.0,0.3426882358734384,162.77691203988314,0.9134615384615387,520.0,475.0,45.0,0.0,0.0,0.0,0.08724817754776784,0.0,0.8800000000000001,0.0,0.0,0.0,1.0,,,0.101,143.925,1425.0,1425.0,0.0,44.175,0.0,,,200.0,0.0,86.0,3.0,884.0421772440329,0.0,0.0,0.0,101.71789291369842
123,1,124,0.11506,0.0,884.0422215707649,,,,0,0.0,1,1625.0,1625.0,0.0,260.0,53.95,0.0,,,251.78632349279656,1625.0,1560.0,65.0,1625.0,0.0,1.0,0.0,0.0,0.15855452667246894,89.09440753721339,0.96,585.3297062255704,561.9165179765475,23.413188249022834,1.0,0.0,0.0,0.16234953447667208,82.26011959770521,0.96,527.7971683574821,506.6852816231828,21.1118867342993,1.0,0.0,0.0,0.16367946869231934,80.43179635787796,0.96,511.8731254169473,491.3982004002694,20.47492501667791,,,,488.33089807796847,1560.0,1425.0,135.0,1560.0,0.0,1.0,0.0,0.0,0.3426883484203437,162.77696549966325,0.9134615384615385,520.0,475.0,45.0,1.0,0.0,0.0,0.3426883500824266,162.7769662891527,0.913461538461539,520.0,475.0,45.0,1.0,0.0,0.0,0.3426883500824266,162.77696628915254,0.9134615384615387,520.0,475.0,45.0,0.0,0.0,0.0,0.08724817754776784,0.0,0.88,0.0,0.0,0.0,1.0,,,0.101,143.925,1425.0,1425.0,0.0,44.175,0.0,,,200.0,0.0,86.0,3.0,884.0422215707649,0.0,0.0,0.0,101.71789801393221
124,1,125,0.11506,0.0,884.0422215707649,,,,0,0.0,1,1625.0,1625.0,0.0,260.0,53.95,0.0,,,251.78632349279656,1625.0,1560.0,65.0,1625.0,0.0,1.0,0.0,0.0,0.15855452667246894,89.09440753721339,0.96,585.3297062255704,561.9165179765475,23.413188249022834,1.0,0.0,0.0,0.16234953447667208,82.26011959770521,0.96,527.7971683574821,506.6852816231828,21.1118867342993,1.0,0.0,0.0,0.16367946869231934,80.43179635787796,0.96,511.8731254169473,491.3982004002694,20.47492501667791,,,,488.33089807796847,1560.0,1425.0,135.0,1560.0,0.0,1.0,0.0,0.0,0.3426883484203437,162.77696549966325,0.9134615384615385,520.0,475.0,45.0,1.0,0.0,0.0,0.3426883500824267,162.77696628915268,0.9134615384615385,520.0,475.0,45.0,1.0,0.0,0.0,0.3426883500824266,162.77696628915254,0.9134615384615387,520.0,475.0,45.0,0.0,0.0,0.0,0.08724817754776784,0.0,0.8800000000000001,0.0,0.0,0.0,1.0,,,0.101,143.925,1425.0,1425.0,0.0,44.175,0.0,,,200.0,0.0,86.0,3.0,884.0422215707649,0.0,0.0,0.0,101.71789801393221
125,1,126,0.11506,0.0,884.0421772440329,,,,0,0.0,1,1625.0,1625.0,0.0,260.0,53.95,0.0,,,251.78632349279656,1625.0,1560.0,65.0,1625.0,0.0,1.0,0.0,0.0,0.15855452667246894,89.09440753721339,0.96,585.3297062255704,561.9165179765475,23.413188249022834,1.0,0.0,0.0,0.16234953447667208,82.26011959770521,0.96,527.7971683574821,506.6852816231828,21.1118867342993,1.0,0.0,0.0,0.16367946869231934,80.43179635787796,0.96,511.8731254169473,491.3982004002694,20.47492501667791,,,,488.3308537512365,1560.0,1425.0,135.0,1560.0,0.0,1.0,0.0,0.0,0.3426883596961614,162.77697085567667,0.9134615384615385,520.0,475.0,45.0,1.0,0.0,0.0,0.3426883596961614,162.77697085567667,0.9134615384615387,520.0,475.0,45.0,1.0,0.0,0.0,0.3426882358734384,162.77691203988314,0.9134615384615387,520.0,475.0,45.0,0.0,0.0,0.0,0.08724817754776784,0.0,0.8800000000000001,0.0,0.0,0.0,1.0,,,0.101,143.925,1425.0,1425.0,0.0,44.175,0.0,,,200.0,0.0,86.0,3.0,884.0421772440329,0.0,0.0,0.0,101.71789291369842
126,1,127,0.11506,0.0,884.0421772440329,,,,0,0.0,1,1625.0,1625.0,0.0,260.0,53.95,0.0,,,251.78632349279656,1625.0,1560.0,65.0,1625.0,0.0,1.0,0.0,0.0,0.15855452667246894,89.09440753721339,0.96,585.3297062255704,561.9165179765475,23.413188249022834,1.0,0.0,0.0,0.16234953447667208,82.26011959770521,0.96,527.7971683574821,506.6852816231828,21.1118867342993,1.0,0.0,0.0,0.16367946869231934,80.43179635787796,0.96,511.8731254169473,491.3982004002694,20.47492501667791,,,,488.3308537512365,1560.0,1425.0,135.0,1560.0,0.0,1.0,0.0,0.0,0.3426883596961614,162.77697085567667,0.9134615384615385,520.0,475.0,45.0,1.0,0.0,0.0,0.3426883596961614,162.77697085567667,0.9134615384615385,520.0,475.0,45.0,1.0,0.0,0.0,0.3426882358734384,162.77691203988314,0.9134615384615387,520.0,475.0,45.0,0.0,0.0,0.0,0.08724817754776784,0.0,0.8800000000000001,0.0,0.0,0.0,1.0,,,0.101,143.925,1425.0,1425.0,0.0,44.175,0.0,,,200.0,0.0,86.0,3.0,884.0421772440329,0.0,0.0,0.0,101.71789291369842
127,1,128,0.11506,0.0,884.0421772440329,,,,0,0.0,1,1625.0,1625.0,0.0,260.0,53.95,0.0,,,251.78632349279656,1625.0,1560.0,65.0,1625.0,0.0,1.0,0.0,0.0,0.15855452667246894,89.09440753721339,0.96,585.3297062255704,561.9165179765475,23.413188249022834,1.0,0.0,0.0,0.16234953447667208,82.26011959770521,0.96,527.7971683574821,506.6852816231828,21.1118867342993,1.0,0.0,0.0,0.16367946869231934,80.43179635787796,0.96,511.8731254169473,491.3982004002694,20.47492501667791,,,,488.3308537512365,1560.0,1425.0,135.0,1560.0,0.0,1.0,0.0,0.0,0.3426883596961614,162.77697085567667,0.9134615384615385,520.0,475.0,45.0,1.0,0.0,0.0,0.3426883596961614,162.77697085567667,0.9134615384615385,520.0,475.0,45.0,1.0,0.0,0.0,0.3426882358734384,162.77691203988314,0.9134615384615387,520.0,475.0,45.0,0.0,0.0,0.0,0.08724817754776784,0.0,0.8800000000000001,0.0,0.0,0.0,1.0,,,0.101,143.925,1425.0,1425.0,0.0,44.175,0.0,,,200.0,0.0,86.0,3.0,884.0421772440329,0.0,0.0,0.0,101.71789291369842
128,1,129,0.07074,0.0,884.0421772440329,,,,0,0.0,1,1625.0,1625.0,0.0,260.0,53.95,0.0,,,251.78632349279656,1625.0,1560.0,65.0,1625.0,0.0,1.0,0.0,0.0,0.15855452667246894,89.09440753721339,0.96,585.3297062255704,561.9165179765475,23.413188249022834,1.0,0.0,0.0,0.16234953447667208,82.26011959770521,0.96,527.7971683574821,506.6852816231828,21.1118867342993,1.0,0.0,0.0,0.16367946869231934,80.43179635787796,0.96,511.8731254169473,491.3982004002694,20.47492501667791,,,,488.3308537512365,1560.0,1425.0,135.0,1560.0,0.0,1.0,0.0,0.0,0.3426883596961614,162.77697085567667,0.9134615384615385,520.0,475.0,45.0,1.0,0.0,0.0,0.3426883596961614,162.77697085567667,0.9134615384615385,520.0,475.0,45.0,1.0,0.0,0.0,0.3426882358734384,162.77691203988314,0.9134615384615387,520.0,475.0,45.0,0.0,0.0,0.0,0.08724817754776784,0.0,0.8800000000000001,0.0,0.0,0.0,1.0,,,0.101,143.925,1425.0,1425.0,0.0,44.175,0.0,,,200.0,0.0,86.0,3.0,884.0421772440329,0.0,0.0,0.0,62.53714361824289
129,1,130,0.07074,0.0,884.0421772440329,,,,0,0.0,1,1625.0,1625.0,0.0,260.0,53.95,0.0,,,251.78632349279656,1625.0,1560.0,65.0,1625.0,0.0,1.0,0.0,0.0,0.15855452667246894,89.09440753721339,0.96,585.3297062255704,561.9165179765475,23.413188249022834,1.0,0.0,0.0,0.16234953447667208,82.26011959770521,0.96,527.7971683574821,506.6852816231828,21.1118867342993,1.0,0.0,0.0,0.16367946869231934,80.43179635787796,0.96,511.8731254169473,491.3982004002694,20.47492501667791,,,,488.3308537512365,1560.0,1425.0,135.0,1560.0,0.0,1.0,0.0,0.0,0.3426883596961614,162.77697085567667,0.9134615384615385,520.0,475.0,45.0,1.0,0.0,0.0,0.3426883596961614,162.77697085567667,0.9134615384615385,520.0,475.0,45.0,1.0,0.0,0.0,0.3426882358734384,162.77691203988314,0.9134615384615387,520.0,475.0,45.0,0.0,0.0,0.0,0.08724817754776784,0.0,0.8800000000000001,0.0,0.0,0.0,1.0,,,0.101,143.925,1425.0,1425.0,0.0,44.175,0.0,,,200.0,0.0,86.0,3.0,884.0421772440329,0.0,0.0,0.0,62.53714361824289
130,1,131,0.07074,0.0,884.0422215707649,,,,0,0.0,1,1625.0,1625.0,0.0,260.0,53.95,0.0,,,251.78632349279656,1625.0,1560.0,65.0,1625.0,0.0,1.0,0.0,0.0,0.15855452667246894,89.09440753721339,0.96,585.3297062255704,561.9165179765475,23.413188249022834,1.0,0.0,0.0,0.16234953447667208,82.26011959770521,0.96,527.7971683574821,506.6852816231828,21.1118867342993,1.0,0.0,0.0,0.16367946869231934,80.43179635787796,0.96,511.8731254169473,491.3982004002694,20.47492501667791,,,,488.33089807796847,1560.0,1425.0,135.0,1560.0,0.0,1.0,0.0,0.0,0.3426883484203437,162.77696549966325,0.9134615384615385,520.0,475.0,45.0,1.0,0.0,0.0,0.3426883500824267,162.77696628915268,0.9134615384615385,520.0,475.0,45.0,1.0,0.0,0.0,0.3426883500824266,162.77696628915254,0.9134615384615387,520.0,475.0,45.0,0.0,0.0,0.0,0.08724817754776784,0.0,0.8800000000000001,0.0,0.0,0.0,1.0,,,0.101,143.925,1425.0,1425.0,0.0,44.175,0.0,,,200.0,0.0,86.0,3.0,884.0422215707649,0.0,0.0,0.0,62.537146753915906
131,1,132,0.07074,0.0,884.0421772440329,,,,0,0.0,1,1625.0,1625.0,0.0,260.0,53.95,0.0,,,251.78632349279656,1625.0,1560.0,65.0,1625.0,0.0,1.0,0.0,0.0,0.15855452667246894,89.09440753721339,0.96,585.3297062255704,561.9165179765475,23.413188249022834,1.0,0.0,0.0,0.16234953447667208,82.26011959770521,0.96,527.7971683574821,506.6852816231828,21.1118867342993,1.0,0.0,0.0,0.16367946869231934,80.43179635787796,0.96,511.8731254169473,491.3982004002694,20.47492501667791,,,,488.3308537512365,1560.0,1425.0,135.0,1560.0,0.0,1.0,0.0,0.0,0.3426883596961614,162.77697085567667,0.9134615384615385,520.0,475.0,45.0,1.0,0.0,0.0,0.3426883596961614,162.77697085567667,0.9134615384615385,520.0,475.0,45.0,1.0,0.0,0.0,0.3426882358734384,162.77691203988314,0.9134615384615387,520.0,475.0,45.0,0.0,0.0,0.0,0.08724817754776784,0.0,0.8800000000000001,0.0,0.0,0.0,1.0,,,0.101,143.925,1425.0,1425.0,0.0,44.175,0.0,,,200.0,0.0,86.0,3.0,884.0421772440329,0.0,0.0,0.0,62.53714361824289
132,1,133,0.07074,0.0,884.0421772440329,,,,0,0.0,1,1625.0,1625.0,0.0,260.0,53.95,0.0,,,251.78632349279656,1625.0,1560.0,65.0,1625.0,0.0,1.0,0.0,0.0,0.15855452667246894,89.09440753721339,0.96,585.3297062255704,561.9165179765475,23.413188249022834,1.0,0.0,0.0,0.16234953447667208,82.26011959770521,0.96,527.7971683574821,506.6852816231828,21.1118867342993,1.0,0.0,0.0,0.16367946869231934,80.43179635787796,0.96,511.8731254169473,491.3982004002694,20.47492501667791,,,,488.3308537512365,1560.0,1425.0,135.0,1560.0,0.0,1.0,0.0,0.0,0.3426883596961614,162.77697085567667,0.9134615384615385,520.0,475.0,45.0,1.0,0.0,0.0,0.3426883596961614,162.77697085567667,0.9134615384615385,520.0,475.0,45.0,1.0,0.0,0.0,0.3426882358734384,162.77691203988314,0.9134615384615387,520.0,475.0,45.0,0.0,0.0,0.0,0.08724817754776784,0.0,0.8800000000000001,0.0,0.0,0.0,1.0,,,0.101,143.925,1425.0,1425.0,0.0,44.175,0.0,,,200.0,0.0,86.0,3.0,884.0421772440329,0.0,0.0,0.0,62.53714361824289
133,1,134,0.07074,0.0,884.0421772440329,,,,0,0.0,1,1625.0,1625.0,0.0,260.0,53.95,0.0,,,251.78632349279656,1625.0,1560.0,65.0,1625.0,0.0,1.0,0.0,0.0,0.15855452667246894,89.09440753721339,0.96,585.3297062255704,561.9165179765475,23.413188249022834,1.0,0.0,0.0,0.16234953447667208,82.26011959770521,0.96,527.7971683574821,506.6852816231828,21.1118867342993,1.0,0.0,0.0,0.16367946869231934,80.43179635787796,0.96,511.8731254169473,491.3982004002694,20.47492501667791,,,,488.3308537512364,1560.0,1425.0,135.0,1560.0,0.0,1.0,0.0,0.0,0.3426883596961614,162.77697085567667,0.9134615384615385,520.0,475.0,45.0,1.0,0.0,0.0,0.3426883596961614,162.77697085567667,0.9134615384615385,520.0,475.0,45.0,1.0,0.0,0.0,0.34268823587343833,162.77691203988311,0.9134615384615385,520.0,475.0,45.0,0.0,0.0,0.0,0.08724817754776784,0.0,0.8800000000000001,0.0,0.0,0.0,1.0,,,0.101,143.925,1425.0,1425.0,0.0,44.175,0.0,,,200.0,0.0,86.0,3.0,884.0421772440329,0.0,0.0,0.0,62.53714361824289
134,1,135,0.07074,0.0,884.0422214736827,,,,0,0.0,1,1625.0,1625.0,0.0,260.0,53.95,0.0,,,251.78632349279656,1625.0,1560.0,65.0,1625.0,0.0,1.0,0.0,0.0,0.15855452667246894,89.09440753721339,0.96,585.3297062255704,561.9165179765475,23.413188249022834,1.0,0.0,0.0,0.16234953447667208,82.26011959770521,0.96,527.7971683574821,506.6852816231828,21.1118867342993,1.0,0.0,0.0,0.16367946869231934,80.43179635787796,0.96,511.8731254169473,491.3982004002694,20.47492501667791,,,,488.33089798088616,1560.0,1425.0,135.0,1560.0,0.0,1.0,0.0,0.0,0.3426883475224947,162.7769654025809,0.9134615403100219,520.0,475.0,45.0,1.0,0.0,0.0,0.3426883500824267,162.77696628915268,0.9134615384615385,520.0,475.0,45.0,1.0,0.0,0.0,0.3426883500824266,162.77696628915254,0.9134615384615387,520.0,475.0,45.0,0.0,0.0,0.0,0.08724817754776784,0.0,0.8800000000000001,0.0,0.0,0.0,1.0,,,0.101,143.925,1425.0,1425.0,0.0,44.175,0.0,,,200.0,0.0,86.0,3.0,884.0422214736827,0.0,0.0,0.0,62.53714674704831
135,1,136,0.07074,0.0,884.0421772440329,,,,0,0.0,1,1625.0,1625.0,0.0,260.0,53.95,0.0,,,251.78632349279656,1625.0,1560.0,65.0,1625.0,0.0,1.0,0.0,0.0,0.15855452667246894,89.09440753721339,0.96,585.3297062255704,561.9165179765475,23.413188249022834,1.0,0.0,0.0,0.16234953447667208,82.26011959770521,0.96,527.7971683574821,506.6852816231828,21.1118867342993,1.0,0.0,0.0,0.16367946869231934,80.43179635787796,0.96,511.8731254169473,491.3982004002694,20.47492501667791,,,,488.3308537512365,1560.0,1425.0,135.0,1560.0,0.0,1.0,0.0,0.0,0.3426883596961614,162.77697085567667,0.9134615384615385,520.0,475.0,45.0,1.0,0.0,0.0,0.3426883596961614,162.77697085567667,0.9134615384615385,520.0,475.0,45.0,1.0,0.0,0.0,0.34268823587343833,162.77691203988314,0.9134615384615387,520.0,475.0,45.0,0.0,0.0,0.0,0.08724817754776784,0.0,0.8800000000000001,0.0,0.0,0.0,1.0,,,0.101,143.925,1425.0,1425.0,0.0,44.175,0.0,,,200.0,0.0,86.0,3.0,884.0421772440329,0.0,0.0,0.0,62.53714361824289
136,1,137,0.07074,0.0,884.0421772440329,,,,0,0.0,1,1625.0,1625.0,0.0,260.0,53.95,0.0,,,251.78632349279656,1625.0,1560.0,65.0,1625.0,0.0,1.0,0.0,0.0,0.15855452667246894,89.09440753721339,0.96,585.3297062255704,561.9165179765475,23.413188249022834,1.0,0.0,0.0,0.16234953447667208,82.26011959770521,0.96,527.7971683574821,506.6852816231828,21.1118867342993,1.0,0.0,0.0,0.16367946869231934,80.43179635787796,0.96,511.8731254169473,491.3982004002694,20.47492501667791,,,,488.3308537512365,1560.0,1425.0,135.0,1560.0,0.0,1.0,0.0,0.0,0.3426883596961614,162.77697085567667,0.9134615384615385,520.0,475.0,45.0,1.0,0.0,0.0,0.3426883596961614,162.77697085567664,0.9134615384615385,520.0,475.0,45.0,1.0,0.0,0.0,0.3426882358734384,162.77691203988314,0.9134615384615387,520.0,475.0,45.0,0.0,0.0,0.0,0.08724817754776784,0.0,0.8800000000000001,0.0,0.0,0.0,1.0,,,0.101,143.925,1425.0,1425.0,0.0,44.175,0.0,,,200.0,0.0,86.0,3.0,884.0421772440329,0.0,0.0,0.0,62.53714361824289
137,1,138,0.11566,0.0,589.4518035394786,,,,0,0.0,1,1083.3333333333333,1083.3333333333333,0.0,173.33333333333334,35.96666666666667,0.0,,,167.94787175066273,1083.3333333333333,1040.0,43.333333333333336,1083.3333333333333,0.0,1.0,0.0,0.0,0.15855452667246894,89.09440753721339,0.96,585.3297062255704,561.9165179765475,23.413188249022834,1.0,0.0,0.0,0.16493660036048086,78.8534642134493,0.96,498.003627107763,478.08348202345246,19.920145084310537,0.0,0.0,1.0,0.271,0.0,0.96,0.0,0.0,0.0,,,,325.55393178881593,1040.0,950.0,90.0,1040.0,0.0,1.0,0.0,0.0,0.3426883484203437,162.77696549966325,0.9134615384615385,520.0,475.0,45.0,1.0,0.0,0.0,0.3426883500824267,162.77696628915268,0.9134615384615385,520.0,475.0,45.0,0.0,0.0,1.0,0.08724817754776784,0.0,0.8800000000000001,0.0,0.0,0.0,0.0,0.0,0.0,0.08724817754776784,0.0,0.8800000000000001,0.0,0.0,0.0,1.0,,,0.101,95.95,950.0,950.0,0.0,29.45,0.0,,,133.33333333333334,0.0,57.333333333333336,2.0,589.4518035394786,0.0,0.0,0.0,68.1759955973761
138,1,139,0.11566,0.0,589.4518035394786,,,,0,0.0,1,1083.3333333333333,1083.3333333333333,0.0,173.33333333333334,35.96666666666667,0.0,,,167.94787175066273,1083.3333333333333,1040.0,43.333333333333336,1083.3333333333333,0.0,1.0,0.0,0.0,0.15855452667246894,89.09440753721339,0.96,585.3297062255704,561.9165179765475,23.413188249022834,1.0,0.0,0.0,0.16493660036048086,78.8534642134493,0.96,498.003627107763,478.08348202345246,19.920145084310537,0.0,0.0,0.0,0.271,0.0,0.96,0.0,0.0,0.0,,,,325.55393178881593,1040.0,950.0,90.0,1040.0,0.0,1.0,0.0,0.0,0.3426883484203437,162.77696549966325,0.9134615384615385,520.0,475.0,45.0,1.0,0.0,0.0,0.3426883500824267,162.77696628915268,0.9134615384615385,520.0,475.0,45.0,0.0,0.0,0.0,0.08724817754776784,0.0,0.8800000000000001,0.0,0.0,0.0,0.0,0.0,0.0,0.08724817754776784,0.0,0.88,0.0,0.0,0.0,1.0,,,0.101,95.95,950.0,950.0,0.0,29.45,0.0,,,133.33333333333334,0.0,57.333333333333336,2.0,589.4518035394786,0.0,0.0,0.0,68.1759955973761
139,1,140,0.11566,0.0,589.4518035394786,,,,0,0.0,1,1083.3333333333333,1083.3333333333333,0.0,173.33333333333334,35.96666666666667,0.0,,,167.94787175066273,1083.3333333333333,1040.0,43.333333333333336,1083.3333333333333,0.0,1.0,0.0,0.0,0.15855452667246894,89.09440753721339,0.96,585.3297062255704,561.9165179765475,23.413188249022834,1.0,0.0,0.0,0.16493660036048086,78.8534642134493,0.96,498.003627107763,478.08348202345246,19.920145084310537,0.0,0.0,0.0,0.271,0.0,0.96,0.0,0.0,0.0,,,,325.55393178881593,1040.0,950.0,90.0,1040.0,0.0,1.0,0.0,0.0,0.3426883484203437,162.77696549966325,0.9134615384615385,520.0,475.0,45.0,1.0,0.0,0.0,0.3426883500824267,162.77696628915268,0.9134615384615385,520.0,475.0,45.0,0.0,0.0,0.0,0.08724817754776784,0.0,0.8800000000000001,0.0,0.0,0.0,0.0,0.0,0.0,0.08724817754776784,0.0,0.8800000000000001,0.0,0.0,0.0,1.0,,,0.101,95.95,950.0,950.0,0.0,29.45,0.0,,,133.33333333333334,0.0,57.333333333333336,2.0,589.4518035394786,0.0,0.0,0.0,68.1759955973761
140,1,141,0.11566,0.0,589.4518035394786,,,,0,0.0,1,1083.3333333333333,1083.3333333333333,0.0,173.33333333333334,35.96666666666667,0.0,,,167.94787175066273,1083.3333333333333,1040.0,43.333333333333336,1083.3333333333333,0.0,1.0,0.0,0.0,0.15855452667246894,89.09440753721339,0.96,585.3297062255704,561.9165179765475,23.413188249022834,1.0,0.0,0.0,0.16493660036048086,78.8534642134493,0.96,498.003627107763,478.08348202345246,19.920145084310537,0.0,0.0,0.0,0.271,0.0,0.96,0.0,0.0,0.0,,,,325.55393178881593,1040.0,950.0,90.0,1040.0,0.0,1.0,0.0,0.0,0.3426883484203437,162.77696549966325,0.9134615384615385,520.0,475.0,45.0,1.0,0.0,0.0,0.3426883500824267,162.77696628915268,0.9134615384615385,520.0,475.0,45.0,0.0,0.0,0.0,0.08724817754776784,0.0,0.8800000000000001,0.0,0.0,0.0,0.0,0.0,0.0,0.08724817754776784,0.0,0.8800000000000001,0.0,0.0,0.0,1.0,,,0.101,95.95,950.0,950.0,0.0,29.45,0.0,,,133.33333333333334,0.0,57.333333333333336,2.0,589.4518035394786,0.0,0.0,0.0,68.1759955973761
141,1,142,0.11566,0.0,589.4518035394786,,,,0,0.0,1,1083.3333333333333,1083.3333333333333,0.0,173.33333333333334,35.96666666666667,0.0,,,167.94787175066273,1083.3333333333333,1040.0,43.333333333333336,1083.3333333333333,0.0,1.0,0.0,0.0,0.15855452667246894,89.09440753721339,0.96,585.3297062255704,561.9165179765475,23.413188249022834,1.0,0.0,0.0,0.16493660036048086,78.8534642134493,0.96,498.003627107763,478.08348202345246,19.920145084310537,0.0,0.0,0.0,0.271,0.0,0.96,0.0,0.0,0.0,,,,325.55393178881593,1040.0,950.0,90.0,1040.0,0.0,1.0,0.0,0.0,0.3426883484203437,162.77696549966325,0.9134615384615385,520.0,475.0,45.0,1.0,0.0,0.0,0.3426883500824267,162.77696628915268,0.9134615384615385,520.0,475.0,45.0,0.0,0.0,0.0,0.08724817754776784,0.0,0.8800000000000001,0.0,0.0,0.0,0.0,0.0,0.0,0.08724817754776784,0.0,0.8800000000000001,0.0,0.0,0.0,1.0,,,0.101,95.95,950.0,950.0,0.0,29.45,0.0,,,133.33333333333334,0.0,57.333333333333336,2.0,589.4518035394786,0.0,0.0,0.0,68.1759955973761
142,1,143,0.11506,0.0,782.5349699110951,,,,0,0.0,1,1310.6819136095737,1310.6819136095737,0.0,209.7091061775318,43.51463953183785,0.0,,,202.92981755008935,1310.6819136095737,1258.2546370651908,52.427276544383005,1310.6819136095737,0.0,1.0,0.0,0.0,0.15903735037474193,124.07635333664004,0.96,812.6782865018108,780.1711550417383,32.507131460072465,1.0,0.0,0.0,0.16493660036048086,78.8534642134493,0.96,498.003627107763,478.08348202345246,19.920145084310537,0.0,0.0,0.0,0.271,0.0,0.96,0.0,0.0,0.0,,,,462.0527128931903,1258.2546370651908,1163.8855392853015,94.36909777988933,1258.254637065191,0.0,1.0,0.0,0.0,0.3973487711384015,231.507360630036,0.925,629.8703957007383,582.6301160231828,47.24027967755546,1.0,0.0,0.0,0.39663346445748204,230.54535226315429,0.925,628.3842413644527,581.2554232621188,47.12881810233387,0.0,0.0,0.0,0.08724817754776784,0.0,0.8800000000000001,0.0,0.0,0.0,0.0,0.0,0.0,0.08724817754776784,0.0,0.8800000000000001,0.0,0.0,0.0,1.0,,,0.101,117.55243946781546,1163.8855392853015,1163.8855392853015,0.0,36.08045171784435,0.0,,,146.7963743242721,0.0,63.12244095943701,2.0,782.5349699110951,0.0,0.0,0.0,90.0384736379706
143,1,144,0.11506,0.0,782.5349699110951,,,,0,0.0,1,1310.6819136095737,1310.6819136095737,0.0,209.7091061775318,43.51463953183785,0.0,,,202.92981755008935,1310.6819136095737,1258.2546370651908,52.427276544383005,1310.6819136095737,0.0,1.0,0.0,0.0,0.15903735037474193,124.07635333664004,0.96,812.6782865018108,780.1711550417383,32.507131460072465,1.0,0.0,0.0,0.16493660036048086,78.8534642134493,0.96,498.003627107763,478.08348202345246,19.920145084310537,0.0,0.0,0.0,0.271,0.0,0.96,0.0,0.0,0.0,,,,462.0527128931903,1258.2546370651908,1163.8855392853015,94.36909777988933,1258.254637065191,0.0,1.0,0.0,0.0,0.3973487711384015,231.507360630036,0.925,629.8703957007383,582.6301160231828,47.24027967755546,1.0,0.0,0.0,0.39663346445748204,230.54535226315429,0.925,628.3842413644527,581.2554232621188,47.12881810233387,0.0,0.0,0.0,0.08724817754776784,0.0,0.8800000000000001,0.0,0.0,0.0,0.0,0.0,0.0,0.08724817754776784,0.0,0.8800000000000001,0.0,0.0,0.0,1.0,,,0.101,117.55243946781546,1163.8855392853015,1163.8855392853015,0.0,36.08045171784435,0.0,,,146.7963743242721,0.0,63.12244095943701,2.0,782.5349699110951,0.0,0.0,0.0,90.0384736379706
144,1,145,0.11506,0.0,782.5349699110951,,,,0,0.0,1,1310.6819136095737,1310.6819136095737,0.0,209.7091061775318,43.51463953183785,0.0,,,202.92981755008935,1310.6819136095737,1258.2546370651908,52.427276544383005,1310.6819136095737,0.0,1.0,0.0,0.0,0.15903735037474193,124.07635333664004,0.96,812.6782865018108,780.1711550417383,32.507131460072465,1.0,0.0,0.0,0.16493660036048086,78.8534642134493,0.96,498.003627107763,478.08348202345246,19.920145084310537,0.0,0.0,0.0,0.271,0.0,0.96,0.0,0.0,0.0,,,,462.0527128931903,1258.2546370651908,1163.8855392853015,94.36909777988933,1258.254637065191,0.0,1.0,0.0,0.0,0.3973487711384015,231.507360630036,0.925,629.8703957007383,582.6301160231828,47.24027967755546,1.0,0.0,0.0,0.39663346445748204,230.54535226315429,0.925,628.3842413644527,581.2554232621188,47.12881810233387,0.0,0.0,0.0,0.08724817754776784,0.0,0.8800000000000001,0.0,0.0,0.0,0.0,0.0,0.0,0.08724817754776784,0.0,0.8800000000000001,0.0,0.0,0.0,1.0,,,0.101,117.55243946781546,1163.8855392853015,1163.8855392853015,0.0,36.08045171784435,0.0,,,146.7963743242721,0.0,63.12244095943701,2.0,782.5349699110951,0.0,0.0,0.0,90.0384736379706
145,1,146,0.11506,0.0,782.5349699110951,,,,0,0.0,1,1310.6819136095737,1310.6819136095737,0.0,209.7091061775318,43.51463953183785,0.0,,,202.92981755008935,1310.6819136095737,1258.2546370651908,52.427276544383005,1310.6819136095737,0.0,1.0,0.0,0.0,0.15903735037474193,124.07635333664004,0.96,812.6782865018108,780.1711550417383,32.507131460072465,1.0,0.0,0.0,0.16493660036048086,78.8534642134493,0.96,498.003627107763,478.08348202345246,19.920145084310537,0.0,0.0,0.0,0.27099999999999996,0.0,0.96,0.0,0.0,0.0,,,,462.0527128931903,1258.2546370651908,1163.8855392853015,94.36909777988933,1258.254637065191,0.0,1.0,0.0,0.0,0.3973487711384015,231.507360630036,0.925,629.8703957007383,582.6301160231828,47.24027967755546,1.0,0.0,0.0,0.39663346445748204,230.54535226315429,0.925,628.3842413644527,581.2554232621188,47.12881810233387,0.0,0.0,0.0,0.08724817754776784,0.0,0.8800000000000001,0.0,0.0,0.0,0.0,0.0,0.0,0.08724817754776784,0.0,0.8800000000000001,0.0,0.0,0.0,1.0,,,0.101,117.55243946781546,1163.8855392853015,1163.8855392853015,0.0,36.08045171784435,0.0,,,146.7963743242721,0.0,63.12244095943701,2.0,782.5349699110951,0.0,0.0,0.0,90.0384736379706
146,1,147,0.11506,0.0,782.5349691417794,,,,0,0.0,1,1310.6819136095737,1310.6819136095737,0.0,209.7091061775318,43.51463953183785,0.0,,,202.92981755008935,1310.6819136095737,1258.2546370651908,52.427276544383005,1310.6819136095737,0.0,1.0,0.0,0.0,0.15903735037474193,124.07635333664004,0.96,812.6782865018108,780.1711550417383,32.507131460072465,1.0,0.0,0.0,0.16493660036048086,78.8534642134493,0.96,498.003627107763,478.08348202345246,19.920145084310537,0.0,0.0,0.0,0.27099999999999996,0.0,0.96,0.0,0.0,0.0,,,,462.0527121238746,1258.2546370651908,1163.8855392853015,94.36909777988933,1258.254637065191,0.0,1.0,0.0,0.0,0.3973487711384015,231.50735986072033,0.925,629.8703957007383,582.6301160231828,47.24027967755546,1.0,0.0,0.0,0.39663346445748204,230.54535226315429,0.925,628.3842413644527,581.2554232621188,47.12881810233387,0.0,0.0,0.0,0.08724817754776784,0.0,0.8800000000000001,0.0,0.0,0.0,0.0,0.0,0.0,0.08724817754776784,0.0,0.8800000000000001,0.0,0.0,0.0,1.0,,,0.101,117.55243946781546,1163.8855392853015,1163.8855392853015,0.0,36.08045171784435,0.0,,,146.7963743242721,0.0,63.12244095943701,2.0,782.5349691417794,0.0,0.0,0.0,90.03847354945313
147,1,148,0.11506,0.0,782.5349699110951,,,,0,0.0,1,1310.6819136095737,1310.6819136095737,0.0,209.7091061775318,43.51463953183785,0.0,,,202.92981755008935,1310.6819136095737,1258.2546370651908,52.427276544383005,1310.6819136095737,0.0,1.0,0.0,0.0,0.15903735037474193,124.07635333664004,0.96,812.6782865018108,780.1711550417383,32.507131460072465,1.0,0.0,0.0,0.16493660036048086,78.8534642134493,0.96,498.003627107763,478.08348202345246,19.920145084310537,0.0,0.0,0.0,0.27099999999999996,0.0,0.96,0.0,0.0,0.0,,,,462.0527128931903,1258.2546370651908,1163.8855392853015,94.36909777988933,1258.254637065191,0.0,1.0,0.0,0.0,0.3973487711384015,231.507360630036,0.925,629.8703957007383,582.6301160231828,47.24027967755546,1.0,0.0,0.0,0.39663346445748204,230.54535226315429,0.925,628.3842413644527,581.2554232621188,47.12881810233387,0.0,0.0,0.0,0.08724817754776784,0.0,0.8800000000000001,0.0,0.0,0.0,0.0,0.0,0.0,0.08724817754776784,0.0,0.8800000000000001,0.0,0.0,0.0,1.0,,,0.101,117.55243946781546,1163.8855392853015,1163.8855392853015,0.0,36.08045171784435,0.0,,,146.7963743242721,0.0,63.12244095943701,2.0,782.5349699110951,0.0,0.0,0.0,90.0384736379706
148,1,149,0.11506,0.0,880.6429552495667,,,,0,0.0,1,1625.3565730036214,1625.3565730036214,0.0,260.05705168057943,53.96183822372023,0.0,,,248.15271500592678,1625.3565730036214,1560.3423100834766,65.01426292014493,1625.3565730036216,0.0,1.0,0.0,0.0,0.15903735037474193,124.07635333664004,0.96,812.6782865018108,780.1711550417383,32.507131460072465,1.0,0.0,0.0,0.15903736105527866,124.07636166928673,0.96,812.6782865018108,780.1711550417383,32.507131460072465,0.0,0.0,0.0,0.271,0.0,0.96,0.0,0.0,0.0,,,,488.5306669252088,1560.3423100834766,1425.342310083477,135.0,1560.342310083477,0.0,1.0,0.0,0.0,0.3427462045224565,162.84355564212734,0.9134805233905516,520.114103361159,475.114103361159,45.0,1.0,0.0,0.0,0.3427462045221541,162.84355564198367,0.9134805233905516,520.114103361159,475.114103361159,45.0,1.0,1.0,0.0,0.3427462045202896,162.8435556410978,0.9134805233905516,520.114103361159,475.114103361159,45.0,0.0,0.0,0.0,0.08724817754776784,0.0,0.8800000000000001,0.0,0.0,0.0,1.0,,,0.101,143.95957331843118,1425.342310083477,1425.342310083477,0.0,44.18561161258779,0.0,,,200.01426292014446,0.0,86.00613305566212,3.0,880.6429552495667,0.0,0.0,0.0,101.32677843101514
149,1,150,0.11506,0.0,880.6429552495667,,,,0,0.0,1,1625.3565730036219,1625.3565730036219,0.0,260.0570516805795,53.96183822372025,0.0,,,248.15271500592678,1625.3565730036219,1560.3423100834766,65.01426292014493,1625.3565730036216,0.0,1.0,0.0,0.0,0.15903735037474193,124.07635333664004,0.96,812.6782865018108,780.1711550417383,32.507131460072465,1.0,0.0,0.0,0.15903736105527866,124.07636166928673,0.96,812.6782865018108,780.1711550417383,32.507131460072465,0.0,0.0,0.0,0.271,0.0,0.96,0.0,0.0,0.0,,,,488.5306669252088,1560.3423100834766,1425.342310083477,135.0,1560.342310083477,0.0,1.0,0.0,0.0,0.3427462045224565,162.84355564212734,0.9134805233905516,520.114103361159,475.114103361159,45.0,1.0,0.0,0.0,0.3427462045221541,162.84355564198367,0.9134805233905516,520.114103361159,475.114103361159,45.0,1.0,0.0,0.0,0.3427462045202896,162.8435556410978,0.9134805233905516,520.114103361159,475.114103361159,45.0,0.0,0.0,0.0,0.08724817754776784,0.0,0.8800000000000001,0.0,0.0,0.0,1.0,,,0.101,143.95957331843118,1425.342310083477,1425.342310083477,0.0,44.18561161258779,0.0,,,200.01426292014446,0.0,86.00613305566212,3.0,880.6429552495667,0.0,0.0,0.0,101.32677843101514
150,1,151,0.11506,0.0,880.6429552495667,,,,0,0.0,1,1625.3565730036219,1625.3565730036219,0.0,260.0570516805795,53.96183822372025,0.0,,,248.15271500592678,1625.3565730036219,1560.3423100834766,65.01426292014493,1625.3565730036216,0.0,1.0,0.0,0.0,0.15903735037474193,124.07635333664004,0.96,812.6782865018108,780.1711550417383,32.507131460072465,1.0,0.0,0.0,0.15903736105527866,124.07636166928673,0.96,812.6782865018108,780.1711550417383,32.507131460072465,0.0,0.0,0.0,0.271,0.0,0.96,0.0,0.0,0.0,,,,488.5306669252088,1560.3423100834766,1425.342310083477,135.0,1560.342310083477,0.0,1.0,0.0,0.0,0.3427462045224565,162.84355564212734,0.9134805233905516,520.114103361159,475.114103361159,45.0,1.0,0.0,0.0,0.3427462045221541,162.84355564198367,0.9134805233905516,520.114103361159,475.114103361159,45.0,1.0,0.0,0.0,0.3427462045202896,162.8435556410978,0.9134805233905516,520.114103361159,475.114103361159,45.0,0.0,0.0,0.0,0.08724817754776784,0.0,0.8800000000000001,0.0,0.0,0.0,1.0,,,0.101,143.95957331843118,1425.342310083477,1425.342310083477,0.0,44.18561161258779,0.0,,,200.01426292014446,0.0,86.00613305566212,3.0,880.6429552495667,0.0,0.0,0.0,101.32677843101514
151,1,152,0.11506,0.0,880.6429552495667,,,,0,0.0,1,1625.3565730036219,1625.3565730036219,0.0,260.0570516805795,53.96183822372025,0.0,,,248.15271500592678,1625.3565730036219,1560.3423100834766,65.01426292014493,1625.3565730036216,0.0,1.0,0.0,0.0,0.15903735037474193,124.07635333664004,0.96,812.6782865018108,780.1711550417383,32.507131460072465,1.0,0.0,0.0,0.15903736105527866,124.07636166928673,0.96,812.6782865018108,780.1711550417383,32.507131460072465,0.0,0.0,0.0,0.271,0.0,0.96,0.0,0.0,0.0,,,,488.5306669252088,1560.3423100834766,1425.3423100834768,135.0,1560.342310083477,0.0,1.0,0.0,0.0,0.3427462045224565,162.84355564212734,0.9134805233905516,520.114103361159,475.114103361159,45.0,1.0,0.0,0.0,0.3427462045221541,162.84355564198367,0.9134805233905516,520.114103361159,475.114103361159,45.0,1.0,0.0,0.0,0.3427462045202896,162.8435556410978,0.9134805233905515,520.114103361159,475.1141033611589,45.0,0.0,0.0,0.0,0.08724817754776784,0.0,0.8800000000000001,0.0,0.0,0.0,1.0,,,0.101,143.95957331843118,1425.3423100834768,1425.3423100834768,0.0,44.185611612587785,0.0,,,200.01426292014452,0.0,86.00613305566215,3.0,880.6429552495667,0.0,0.0,0.0,101.32677843101514
152,1,153,0.07074,0.0,880.6429552495667,,,,0,0.0,1,1625.3565730036219,1625.3565730036219,0.0,260.0570516805795,53.96183822372025,0.0,,,248.15271500592678,1625.3565730036219,1560.3423100834766,65.01426292014493,1625.3565730036216,0.0,1.0,0.0,0.0,0.15903735037474193,124.07635333664004,0.96,812.6782865018108,780.1711550417383,32.507131460072465,1.0,0.0,0.0,0.15903736105527866,124.07636166928673,0.96,812.6782865018108,780.1711550417383,32.507131460072465,0.0,0.0,0.0,0.271,0.0,0.96,0.0,0.0,0.0,,,,488.5306669252088,1560.3423100834766,1425.342310083477,135.0,1560.342310083477,0.0,1.0,0.0,0.0,0.3427462045224565,162.84355564212734,0.9134805233905516,520.114103361159,475.114103361159,45.0,1.0,0.0,0.0,0.3427462045221541,162.84355564198367,0.9134805233905516,520.114103361159,475.114103361159,45.0,1.0,0.0,0.0,0.3427462045202896,162.8435556410978,0.9134805233905516,520.114103361159,475.114103361159,45.0,0.0,0.0,0.0,0.08724817754776784,0.0,0.8800000000000001,0.0,0.0,0.0,1.0,,,0.101,143.95957331843118,1425.342310083477,1425.342310083477,0.0,44.18561161258779,0.0,,,200.01426292014446,0.0,86.00613305566212,3.0,880.6429552495667,0.0,0.0,0.0,62.29668265435435
153,1,154,0.07074,0.0,880.6429552495667,,,,0,0.0,1,1625.3565730036219,1625.3565730036219,0.0,260.0570516805795,53.96183822372025,0.0,,,248.15271500592678,1625.3565730036219,1560.3423100834766,65.01426292014493,1625.3565730036216,0.0,1.0,0.0,0.0,0.15903735037474193,124.07635333664004,0.96,812.6782865018108,780.1711550417383,32.507131460072465,1.0,0.0,0.0,0.15903736105527866,124.07636166928673,0.96,812.6782865018108,780.1711550417383,32.507131460072465,0.0,0.0,0.0,0.271,0.0,0.96,0.0,0.0,0.0,,,,488.5306669252088,1560.3423100834766,1425.342310083477,135.0,1560.342310083477,0.0,1.0,0.0,0.0,0.3427462045224565,162.84355564212734,0.9134805233905516,520.114103361159,475.114103361159,45.0,1.0,0.0,0.0,0.3427462045221541,162.84355564198367,0.9134805233905516,520.114103361159,475.114103361159,45.0,1.0,0.0,0.0,0.3427462045202896,162.8435556410978,0.9134805233905516,520.114103361159,475.114103361159,45.0,0.0,0.0,0.0,0.08724817754776784,0.0,0.8800000000000001,0.0,0.0,0.0,1.0,,,0.101,143.95957331843118,1425.342310083477,1425.342310083477,0.0,44.18561161258779,0.0,,,200.01426292014446,0.0,86.00613305566212,3.0,880.6429552495667,0.0,0.0,0.0,62.29668265435435
154,1,155,0.07074,0.0,880.6429552495667,,,,0,0.0,1,1625.3565730036219,1625.3565730036219,0.0,260.0570516805795,53.96183822372025,0.0,,,248.15271500592678,1625.3565730036219,1560.3423100834766,65.01426292014493,1625.3565730036216,0.0,1.0,0.0,0.0,0.15903735037474193,124.07635333664004,0.96,812.6782865018108,780.1711550417383,32.507131460072465,1.0,0.0,0.0,0.15903736105527866,124.07636166928673,0.96,812.6782865018108,780.1711550417383,32.507131460072465,0.0,0.0,0.0,0.271,0.0,0.96,0.0,0.0,0.0,,,,488.5306669252088,1560.3423100834766,1425.342310083477,135.0,1560.342310083477,0.0,1.0,0.0,0.0,0.3427462045224565,162.84355564212734,0.9134805233905516,520.114103361159,475.114103361159,45.0,1.0,0.0,0.0,0.3427462045221541,162.84355564198367,0.9134805233905516,520.114103361159,475.114103361159,45.0,1.0,0.0,0.0,0.3427462045202896,162.8435556410978,0.9134805233905516,520.114103361159,475.114103361159,45.0,0.0,0.0,0.0,0.08724817754776784,0.0,0.8800000000000001,0.0,0.0,0.0,1.0,,,0.101,143.95957331843118,1425.342310083477,1425.342310083477,0.0,44.18561161258779,0.0,,,200.01426292014446,0.0,86.00613305566212,3.0,880.6429552495667,0.0,0.0,0.0,62.29668265435435
155,1,156,0.07074,0.0,880.6429552495667,,,,0,0.0,1,1625.3565730036214,1625.3565730036214,0.0,260.05705168057943,53.96183822372023,0.0,,,248.15271500592678,1625.3565730036214,1560.3423100834766,65.01426292014493,1625.3565730036216,0.0,1.0,0.0,0.0,0.15903735037474193,124.07635333664004,0.96,812.6782865018108,780.1711550417383,32.507131460072465,1.0,0.0,0.0,0.15903736105527866,124.07636166928673,0.96,812.6782865018108,780.1711550417383,32.507131460072465,0.0,0.0,0.0,0.271,0.0,0.96,0.0,0.0,0.0,,,,488.5306669252088,1560.3423100834766,1425.342310083477,135.0,1560.342310083477,0.0,1.0,0.0,0.0,0.3427462045224565,162.84355564212734,0.9134805233905516,520.114103361159,475.114103361159,45.0,1.0,0.0,0.0,0.3427462045221541,162.84355564198367,0.9134805233905516,520.114103361159,475.114103361159,45.0,1.0,0.0,0.0,0.3427462045202896,162.8435556410978,0.9134805233905516,520.114103361159,475.114103361159,45.0,0.0,0.0,0.0,0.08724817754776784,0.0,0.8800000000000001,0.0,0.0,0.0,1.0,,,0.101,143.95957331843118,1425.342310083477,1425.342310083477,0.0,44.18561161258779,0.0,,,200.01426292014446,0.0,86.00613305566212,3.0,880.6429552495667,0.0,0.0,0.0,62.29668265435435
156,1,157,0.07074,0.0,880.6429552495667,,,,0,0.0,1,1625.3565730036214,1625.3565730036214,0.0,260.05705168057943,53.96183822372023,0.0,,,248.15271500592678,1625.3565730036214,1560.3423100834766,65.01426292014493,1625.3565730036216,0.0,1.0,0.0,0.0,0.15903735037474193,124.07635333664004,0.96,812.6782865018108,780.1711550417383,32.507131460072465,1.0,0.0,0.0,0.15903736105527866,124.07636166928673,0.96,812.6782865018108,780.1711550417383,32.507131460072465,0.0,0.0,0.0,0.271,0.0,0.96,0.0,0.0,0.0,,,,488.5306669252088,1560.3423100834766,1425.342310083477,135.0,1560.342310083477,0.0,1.0,0.0,0.0,0.3427462045224565,162.84355564212734,0.9134805233905516,520.114103361159,475.114103361159,45.0,1.0,0.0,0.0,0.3427462045221541,162.84355564198367,0.9134805233905516,520.114103361159,475.114103361159,45.0,1.0,0.0,0.0,0.3427462045202896,162.8435556410978,0.9134805233905516,520.114103361159,475.114103361159,45.0,0.0,0.0,0.0,0.08724817754776784,0.0,0.8800000000000001,0.0,0.0,0.0,1.0,,,0.101,143.95957331843118,1425.342310083477,1425.342310083477,0.0,44.18561161258779,0.0,,,200.01426292014446,0.0,86.00613305566212,3.0,880.6429552495667,0.0,0.0,0.0,62.29668265435435
157,1,158,0.07074,0.0,880.6429552495667,,,,0,0.0,1,1625.3565730036214,1625.3565730036214,0.0,260.05705168057943,53.96183822372023,0.0,,,248.15271500592678,1625.3565730036214,1560.3423100834766,65.01426292014493,1625.3565730036216,0.0,1.0,0.0,0.0,0.15903735037474193,124.07635333664004,0.96,812.6782865018108,780.1711550417383,32.507131460072465,1.0,0.0,0.0,0.15903736105527866,124.07636166928673,0.96,812.6782865018108,780.1711550417383,32.507131460072465,0.0,0.0,0.0,0.271,0.0,0.96,0.0,0.0,0.0,,,,488.5306669252088,1560.3423100834766,1425.3423100834768,135.0,1560.342310083477,0.0,1.0,0.0,0.0,0.3427462045224565,162.84355564212734,0.9134805233905516,520.114103361159,475.114103361159,45.0,1.0,0.0,0.0,0.3427462045221541,162.84355564198367,0.9134805233905516,520.114103361159,475.114103361159,45.0,1.0,0.0,0.0,0.3427462045202896,162.8435556410978,0.9134805233905515,520.114103361159,475.1141033611589,45.0,0.0,0.0,0.0,0.08724817754776784,0.0,0.8800000000000001,0.0,0.0,0.0,1.0,,,0.101,143.95957331843118,1425.3423100834768,1425.3423100834768,0.0,44.185611612587785,0.0,,,200.01426292014452,0.0,86.00613305566215,3.0,880.6429552495667,0.0,0.0,0.0,62.29668265435435
158,1,159,0.07074,0.0,880.6429552495667,,,,0,0.0,1,1625.3565730036214,1625.3565730036214,0.0,260.05705168057943,53.96183822372023,0.0,,,248.15271500592678,1625.3565730036214,1560.3423100834766,65.01426292014493,1625.3565730036216,0.0,1.0,0.0,0.0,0.15903735037474193,124.07635333664004,0.96,812.6782865018108,780.1711550417383,32.507131460072465,1.0,0.0,0.0,0.15903736105527866,124.07636166928673,0.96,812.6782865018108,780.1711550417383,32.507131460072465,0.0,0.0,0.0,0.271,0.0,0.96,0.0,0.0,0.0,,,,488.5306669252088,1560.3423100834766,1425.342310083477,135.0,1560.342310083477,0.0,1.0,0.0,0.0,0.3427462045224565,162.84355564212734,0.9134805233905516,520.114103361159,475.114103361159,45.0,1.0,0.0,0.0,0.3427462045221541,162.84355564198367,0.9134805233905516,520.114103361159,475.114103361159,45.0,1.0,0.0,0.0,0.3427462045202896,162.8435556410978,0.9134805233905516,520.114103361159,475.114103361159,45.0,0.0,0.0,0.0,0.08724817754776784,0.0,0.8800000000000001,0.0,0.0,0.0,1.0,,,0.101,143.95957331843118,1425.342310083477,1425.342310083477,0.0,44.18561161258779,0.0,,,200.01426292014446,0.0,86.00613305566212,3.0,880.6429552495667,0.0,0.0,0.0,62.29668265435435
159,1,160,0.07074,0.0,880.6429552495667,,,,0,0.0,1,1625.3565730036214,1625.3565730036214,0.0,260.05705168057943,53.96183822372023,0.0,,,248.15271500592678,1625.3565730036214,1560.3423100834766,65.01426292014493,1625.3565730036216,0.0,1.0,0.0,0.0,0.15903735037474193,124.07635333664004,0.96,812.6782865018108,780.1711550417383,32.507131460072465,1.0,0.0,0.0,0.15903736105527866,124.07636166928673,0.96,812.6782865018108,780.1711550417383,32.507131460072465,0.0,0.0,0.0,0.271,0.0,0.96,0.0,0.0,0.0,,,,488.5306669252088,1560.3423100834766,1425.342310083477,135.0,1560.342310083477,0.0,1.0,0.0,0.0,0.3427462045224565,162.84355564212734,0.9134805233905516,520.114103361159,475.114103361159,45.0,1.0,0.0,0.0,0.3427462045221541,162.84355564198367,0.9134805233905516,520.114103361159,475.114103361159,45.0,1.0,0.0,0.0,0.3427462045202896,162.8435556410978,0.9134805233905516,520.114103361159,475.114103361159,45.0,0.0,0.0,0.0,0.08724817754776784,0.0,0.8800000000000001,0.0,0.0,0.0,1.0,,,0.101,143.95957331843118,1425.342310083477,1425.342310083477,0.0,44.18561161258779,0.0,,,200.01426292014446,0.0,86.00613305566212,3.0,880.6429552495667,0.0,0.0,0.0,62.29668265435435
160,1,161,0.07074,0.0,880.6429552495667,,,,0,0.0,1,1625.3565730036219,1625.3565730036219,0.0,260.0570516805795,53.96183822372025,0.0,,,248.15271500592678,1625.3565730036219,1560.3423100834766,65.01426292014493,1625.3565730036216,0.0,1.0,0.0,0.0,0.15903735037474193,124.07635333664004,0.96,812.6782865018108,780.1711550417383,32.507131460072465,1.0,0.0,0.0,0.15903736105527866,124.07636166928673,0.96,812.6782865018108,780.1711550417383,32.507131460072465,0.0,0.0,0.0,0.271,0.0,0.96,0.0,0.0,0.0,,,,488.53066692520883,1560.3423100834766,1425.342310083477,135.0,1560.342310083477,0.0,1.0,0.0,0.0,0.3427462045224565,162.84355564212737,0.9134805233905519,520.114103361159,475.1141033611591,45.0,1.0,0.0,0.0,0.3427462045221541,162.84355564198367,0.9134805233905516,520.114103361159,475.114103361159,45.0,1.0,0.0,0.0,0.3427462045202896,162.8435556410978,0.9134805233905516,520.114103361159,475.114103361159,45.0,0.0,0.0,0.0,0.08724817754776784,0.0,0.8800000000000001,0.0,0.0,0.0,1.0,,,0.101,143.95957331843118,1425.342310083477,1425.342310083477,0.0,44.18561161258779,0.0,,,200.01426292014435,0.0,86.00613305566206,3.0,880.6429552495667,0.0,0.0,0.0,62.29668265435435
161,1,162,0.11566,0.0,589.4518035394786,,,,0,0.0,1,1083.5710486690814,1083.5710486690814,0.0,173.37136778705303,35.9745588158135,0.0,,,167.79165023151614,1083.5710486690814,1040.2282067223182,43.342841946763286,1083.5710486690814,0.0,1.0,0.0,0.0,0.1602814979578257,85.5750151726814,0.96,556.1505347818232,533.9045133905503,22.24602139127295,1.0,0.0,0.0,0.1623795926235451,82.21663505886121,0.96,527.420513887258,506.3236933317677,21.09682055549034,0.0,0.0,0.0,0.271,0.0,0.96,0.0,0.0,0.0,,,,325.6871044290038,1040.2282067223182,950.2282067223633,90.0,1040.228206722318,0.0,1.0,0.0,0.0,0.34274619731198935,162.84355221634826,0.9134805233906389,520.114103361159,475.11410336120434,45.0,1.0,0.0,0.0,0.34274619730424977,162.84355221265554,0.9134805233905516,520.114103361159,475.114103361159,45.0,0.0,0.0,1.0,0.08724817754776784,0.0,0.8800000000000001,0.0,0.0,0.0,0.0,0.0,0.0,0.08724817754776784,0.0,0.8800000000000001,0.0,0.0,0.0,1.0,,,0.101,95.9730488789587,950.2282067223633,950.2282067223633,0.0,29.457074408393265,0.0,,,133.34284194671815,0.0,57.33742203708881,2.0,589.4518035394786,0.0,0.0,0.0,68.1759955973761
162,1,163,0.11566,0.0,589.4518035394785,,,,0,0.0,1,1083.5710486690812,1083.5710486690812,0.0,173.371367787053,35.974558815813495,0.0,,,167.79165023154263,1083.5710486690812,1040.2282067223182,43.342841946763286,1083.5710486690814,0.0,1.0,0.0,0.0,0.1602814979578257,85.5750151726814,0.96,556.1505347818232,533.9045133905503,22.24602139127295,1.0,0.0,0.0,0.1623795926235451,82.21663505886121,0.96,527.420513887258,506.3236933317677,21.09682055549034,0.0,0.0,0.0,0.271,0.0,0.96,0.0,0.0,0.0,,,,325.6871044289818,1040.2282067223182,950.2282067223179,90.0,1040.228206722318,0.0,1.0,0.0,0.0,0.3427461973119759,162.8435522163263,0.9134805233905515,520.114103361159,475.1141033611589,45.0,1.0,0.0,0.0,0.3427461973042497,162.84355221265548,0.9134805233905515,520.114103361159,475.1141033611589,45.0,0.0,0.0,0.0,0.08724817754776784,0.0,0.8800000000000001,0.0,0.0,0.0,0.0,0.0,0.0,0.08724817754776784,0.0,0.8800000000000001,0.0,0.0,0.0,1.0,,,0.101,95.9730488789541,950.2282067223179,950.2282067223179,0.0,29.457074408391854,0.0,,,133.34284194676363,0.0,57.33742203710836,2.0,589.4518035394785,0.0,0.0,0.0,68.17599559737609
163,1,164,0.11566,0.0,589.4518035394785,,,,0,0.0,1,1083.5710486690814,1083.5710486690814,0.0,173.37136778705303,35.9745588158135,0.0,,,167.79165023154258,1083.5710486690814,1040.2282067223182,43.342841946763286,1083.5710486690814,0.0,1.0,0.0,0.0,0.1602814979578257,85.5750151726814,0.96,556.1505347818232,533.9045133905503,22.24602139127295,1.0,0.0,0.0,0.1623795926235451,82.21663505886121,0.96,527.420513887258,506.3236933317677,21.09682055549034,0.0,0.0,0.0,0.271,0.0,0.96,0.0,0.0,0.0,,,,325.68710442898185,1040.2282067223182,950.228206722318,90.0,1040.228206722318,0.0,1.0,0.0,0.0,0.3427461973119759,162.84355221632632,0.9134805233905516,520.114103361159,475.114103361159,45.0,1.0,0.0,0.0,0.34274619730424977,162.84355221265554,0.9134805233905516,520.114103361159,475.114103361159,45.0,0.0,0.0,0.0,0.08724817754776784,0.0,0.8800000000000001,0.0,0.0,0.0,0.0,0.0,0.0,0.08724817754776784,0.0,0.8800000000000001,0.0,0.0,0.0,1.0,,,0.101,95.97304887895412,950.228206722318,950.228206722318,0.0,29.457074408391858,0.0,,,133.3428419467635,0.0,57.33742203710831,2.0,589.4518035394785,0.0,0.0,0.0,68.17599559737609
164,1,165,0.11566,0.0,589.4518035394785,,,,0,0.0,1,1083.5710486690814,1083.5710486690814,0.0,173.37136778705303,35.9745588158135,0.0,,,167.79165023154263,1083.5710486690814,1040.2282067223182,43.342841946763286,1083.5710486690814,0.0,1.0,0.0,0.0,0.1602814979578257,85.5750151726814,0.96,556.1505347818232,533.9045133905503,22.24602139127295,1.0,0.0,0.0,0.1623795926235451,82.21663505886121,0.96,527.420513887258,506.3236933317677,21.09682055549034,0.0,0.0,0.0,0.271,0.0,0.96,0.0,0.0,0.0,,,,325.6871044289818,1040.2282067223182,950.228206722318,90.0,1040.228206722318,0.0,1.0,0.0,0.0,0.3427461973119759,162.84355221632632,0.9134805233905516,520.114103361159,475.114103361159,45.0,1.0,0.0,0.0,0.3427461973042497,162.8435522126555,0.9134805233905516,520.114103361159,475.114103361159,45.0,0.0,0.0,0.0,0.08724817754776784,0.0,0.8800000000000001,0.0,0.0,0.0,0.0,0.0,0.0,0.08724817754776784,0.0,0.8800000000000001,0.0,0.0,0.0,1.0,,,0.101,95.97304887895412,950.228206722318,950.228206722318,0.0,29.457074408391858,0.0,,,133.3428419467635,0.0,57.33742203710831,2.0,589.4518035394785,0.0,0.0,0.0,68.17599559737609
165,1,166,0.11566,0.0,589.4518035394788,,,,0,0.0,1,1083.5710486690814,1083.5710486690814,0.0,173.37136778705303,35.9745588158135,0.0,,,167.79165023154272,1083.5710486690814,1040.2282067223182,43.342841946763286,1083.5710486690814,0.0,1.0,0.0,0.0,0.1602814979578257,85.5750151726814,0.96,556.1505347818232,533.9045133905503,22.24602139127295,1.0,0.0,0.0,0.1623795926235451,82.21663505886121,0.96,527.420513887258,506.3236933317677,21.09682055549034,0.0,0.0,0.0,0.27099999999999996,0.0,0.96,0.0,0.0,0.0,,,,325.6871044289819,1040.2282067223182,950.2282067223181,90.0,1040.228206722318,0.0,1.0,0.0,0.0,0.3427461973119759,162.84355221632634,0.9134805233905517,520.114103361159,475.11410336115904,45.0,1.0,0.0,0.0,0.34274619730424977,162.84355221265554,0.9134805233905517,520.114103361159,475.11410336115904,45.0,0.0,0.0,0.0,0.08724817754776784,0.0,0.8800000000000001,0.0,0.0,0.0,0.0,0.0,0.0,0.08724817754776784,0.0,0.8800000000000001,0.0,0.0,0.0,1.0,,,0.101,95.97304887895413,950.2282067223181,950.2282067223181,0.0,29.45707440839186,0.0,,,133.3428419467634,0.0,57.33742203710826,2.0,589.4518035394788,0.0,0.0,0.0,68.17599559737612
166,1,167,0.11506,0.0,0.0,,,,0,0.0,1,0.0,0.0,0.0,0.0,0.0,0.0,,,0.0,0.0,0.0,0.0,0.0,0.0,0.0,0.0,1.0,0.27099999999999996,0.0,0.96,0.0,0.0,0.0,0.0,0.0,1.0,0.271,0.0,0.96,0.0,0.0,0.0,0.0,0.0,0.0,0.27099999999999996,0.0,0.96,0.0,0.0,0.0,,,,0.0,0.0,0.0,0.0,0.0,0.0,0.0,0.0,1.0,0.08724817754776784,0.0,0.88,0.0,0.0,0.0,0.0,0.0,1.0,0.08724817754776784,0.0,0.8800000000000001,0.0,0.0,0.0,0.0,0.0,0.0,0.08724817754776784,0.0,0.88,0.0,0.0,0.0,0.0,0.0,0.0,0.08724817754776784,0.0,0.88,0.0,0.0,0.0,1.0,,,0.101,0.0,0.0,0.0,0.0,0.0,0.0,,,0.0,0.0,0.0,0.0,0.0,0.0,0.0,0.0,0.0
167,1,168,0.11506,0.0,0.0,,,,0,0.0,1,0.0,0.0,0.0,0.0,0.0,0.0,,,0.0,0.0,0.0,0.0,0.0,0.0,0.0,0.0,0.0,0.271,0.0,0.96,0.0,0.0,0.0,0.0,0.0,0.0,0.271,0.0,0.96,0.0,0.0,0.0,0.0,0.0,0.0,0.271,0.0,0.96,0.0,0.0,0.0,,,,0.0,0.0,0.0,0.0,0.0,0.0,0.0,0.0,0.0,0.08724817754776784,0.0,0.88,0.0,0.0,0.0,0.0,0.0,0.0,0.08724817754776784,0.0,0.88,0.0,0.0,0.0,0.0,0.0,0.0,0.08724817754776784,0.0,0.88,0.0,0.0,0.0,0.0,0.0,0.0,0.08724817754776784,0.0,0.88,0.0,0.0,0.0,1.0,,,0.101,0.0,0.0,0.0,0.0,0.0,0.0,,,0.0,0.0,0.0,0.0,0.0,0.0,0.0,0.0,0.0
