Season,Flexibility Type,Num Flexible Trains,Total Operational Cost,Total Water Production (m3),LCOW ($/m3),Total Energy Cost,Fixed Demand Cost,Variable Demand Cost,Total Feed Cost,Total Brine Cost,Total Chemical Cost,Total Replacement Cost,Total Demand Response Revenue,Total Cost,Maximum Power,Energy Capacity,Power Capacity,LVOF
winter,no_flex,4,117514.5624987445,282179.67123287724,0.8472139186395514,21240.222101449923,9192.917998399947,601.044611964328,50843.38619534124,15304.341769842535,19297.572443752506,1035.0773779940403,0.0,239066.54502562623,1459.0408049187577,25650.349619114673,442.24740722611506,-0.23337332327662705
summer,no_flex,4,123851.11450533394,282179.67123287666,0.8696696539478562,21610.93356648217,9620.638774615054,0.0,50843.184005923606,20678.798698624792,20056.63051360261,1040.9289460857153,0.0,245403.09703221568,1526.9258949106277,38816.41858015407,882.191331367138,0.5064958933393297
