Season,Flexibility Type,Num Flexible Trains,Total Operational Cost,Total Water Production (m3),LCOW ($/m3),Total Energy Cost,Fixed Demand Cost,Variable Demand Cost,Total Electricity Cost,Total Feed Cost,Total Brine Cost,Total Chemical Cost,Total Replacement Cost,Total Demand Response Revenue,Total Cost,Maximum Power,Energy Capacity,Power Capacity,LVOF
summer,flow,2,115472.14720690838,282495.0,0.8390383183199353,20221.889710344014,6553.744076798044,6160.4249909476775,32936.05877808973,50939.561111374314,15427.220486818374,19327.303930610222,1004.9477757237471,3157.9970999842535,237024.12973379012,1464.2687322860043,8672.988244595404,346.9195297838162,2.4302910949698346
