Season,Flexibility Type,Num Flexible Trains,Total Operational Cost,Total Water Production (m3),LCOW ($/m3),Total Energy Cost,Fixed Demand Cost,Variable Demand Cost,Total Electricity Cost,Total Feed Cost,Total Brine Cost,Total Chemical Cost,Total Replacement Cost,Total Demand Response Revenue,Total Cost,Maximum Power,Energy Capacity,Power Capacity,LVOF
summer,flow,4,108958.02750265201,282179.6712328764,0.8168909157148287,20285.098342208046,6552.6722224723935,6068.9240568166115,32906.69462149705,50843.184005923664,16378.79838578298,19449.3504894483,1004.9477757237471,10620.0,230510.01002953373,1464.0292534848459,26064.489084194913,407.2576419405455,1.0960987212118665
