Annual Production (AF),Total Water Production (m3),Total Cost ($),Total Energy Cost ($)
10000,241113.6000610614,19.239077630035986,16472.262190207202
11500,270422.1849432646,21.68350539283228,19178.133394446544
13000,321484.8000863525,25.59913594717788,21844.298727004643
