Season,Flexibility Type,Num Flexible Trains,Total Operational Cost,Total Water Production (m3),LCOW ($/m3),Total Energy Cost,Fixed Demand Cost,Variable Demand Cost,Total Electricity Cost,Total Feed Cost,Total Brine Cost,Total Chemical Cost,Total Replacement Cost,Total Demand Response Revenue,Total Cost,Maximum Power,Energy Capacity,Power Capacity,LVOF
summer,no_flex,0,187020.45672261278,282179.6712328764,1.0935317838500023,89520.69450756565,6971.381310308086,5083.868023584129,101575.94384145786,50843.18400592369,15303.798385783013,19297.530489448236,992.3107078853046,-0.0,308572.4392494945,1106.452793352209,3451.9307168288897,20.54720664779101,-14.69688626316869
summer,both,0,171564.0212839478,282179.67123287707,1.0387566281092124,73514.18709286416,7482.843836220474,4044.9309872213853,85041.96191630601,51119.83265457246,16047.291629026377,19354.935084042954,992.3107078853046,0.0,293116.00381082954,1187.628835129463,9393.891349449405,260.9414263735946,-3.640520199376711
