Season,Flexibility Type,Num Flexible Trains,Total Operational Cost,Total Water Production (m3),LCOW ($/m3),Total Energy Cost,Fixed Demand Cost,Variable Demand Cost,Total Feed Cost,Total Brine Cost,Total Chemical Cost,Total Replacement Cost,Total Demand Response Revenue,Total Cost,MMaximum Power,Energy Capacity,Power Capacity,LVOF
winter,no_flex,0,111442.01405973875,282179.6712328764,0.8256937701027224,17692.481766592115,4757.593131694989,2555.115572411402,50843.18400592369,15303.798385783002,19297.530489448236,992.3107078853046,0.0,232993.99658662046,1080.3009546598214,359.3831101362532,10.268088861035807,208.67458186544775
winter,rr,0,137194.45577214175,374196.25625911943,0.6914725467479009,23651.266037265512,6338.567346371138,3404.78597849589,64727.0428625194,13049.537501599098,25030.945338005407,992.3107078853046,-0.0,258746.4382990235,1439.2908695500007,0.0,0.0,
winter,flow,0,111441.12414182101,282179.67126280314,0.8256906162871975,17691.850112011824,4757.425100165167,2555.0253266266905,50843.18401257789,15303.798390797388,19297.530491756745,992.3107078853046,0.0,232993.10666870273,1080.2627999422818,360.71821890159185,10.306234825759768,207.90469191560612
summer,no_flex,0,120218.6383221171,282179.6712328764,0.8567967344801074,20036.01433949766,4832.356485330915,8913.443908248297,50843.18400592369,15303.798385783002,19297.530489448236,992.3107078853046,0.0,241770.62084899883,1079.6681136481902,863.4425302628683,9.593805891809648,76.69010229858499
summer,rr,0,148899.3417555202,374122.73603320227,0.722894649894788,26811.872904752145,6422.765404275789,11835.532818225318,64727.042772176894,13081.150955948742,25028.666192256,992.3107078853046,-0.0,270451.32428240194,1435.0048531353336,0.0,0.0,
summer,flow,0,120217.3988107093,282179.6712328786,0.8567923418482633,20035.275743573962,4832.180387750717,8913.1190903446,50843.18400592379,15303.798385782491,19297.530489448443,992.3107078853046,0.0,241769.38133759104,1079.6287690876677,866.9678448190807,9.632976053545342,76.37969029870374
