Season,Flexibility Type,Num Flexible Trains,Total Operational Cost,Total Water Production (m3),LCOW ($/m3),Total Energy Cost,Fixed Demand Cost,Variable Demand Cost,Total Electricity Cost,Total Feed Cost,Total Brine Cost,Total Chemical Cost,Total Replacement Cost,Total Demand Response Revenue,Total Cost,Maximum Power,Energy Capacity,Power Capacity,LVOF
summer,both,2,118382.00423520216,282322.9499999997,0.849856473808042,20316.12152119561,6562.443627580483,6015.541136426025,32894.10628520212,50869.00000000015,15311.568999999869,19307.328950000006,999.4926912958135,0.0,239933.9867620839,1466.2124273779068,22486.349585385833,351.34921227165364,0.7985460840546471
