Season,Flexibility Type,Num Flexible Trains,Total Operational Cost,Total Water Production (m3),LCOW ($/m3),Total Energy Cost,Fixed Demand Cost,Variable Demand Cost,Total Electricity Cost,Total Feed Cost,Total Brine Cost,Total Chemical Cost,Total Replacement Cost,Total Demand Response Revenue,Total Cost,Maximum Power,Energy Capacity,Power Capacity,LVOF
winter,both,2,113795.4487002524,282179.67123287654,0.8340339692043485,20436.472361711272,4946.539672256701,2967.9237851293947,28350.93581909737,50843.1840059236,15303.798385783095,19297.53048944833,992.3107078853046,-0.0,235347.43122713413,1101.8639118583483,13.380488321454322,2.6760976642908645,-198.02155553348874
summer,both,2,113440.79599059047,282179.67123267194,0.8327771362512799,19390.97796920502,5599.540545620386,2128.128786374714,27118.647301200122,51068.50770432098,15909.355828209948,19344.285156859412,1010.462733029548,0.0,234992.7785174722,1247.32280255275,16417.50256141683,469.0715017547666,0.4600465511471568
