Annual Production (AF),Total Water Production (m3),Total Cost ($),Total Energy Cost ($),Total Demand Cost ($),Total Feed Cost ($),Total Brine Cost ($),Total Chemical Cost ($),Total Replacement Cost ($),Degree of Flexibility
12200,286968.5475092324,229026.21922762372,18943.37152616033,11472.82091880299,52659.996387308915,18127.264861922577,126687.72520317652,1135.0403302523714,0.2514970059880275
12400,291585.6602739725,232954.12289883193,19452.975519519314,10995.907219700564,53439.29075616877,18236.2599893953,129670.83704889524,1158.8523651527726,0.28742514970060484
12600,296288.65479452035,236107.18017809108,19639.690934337654,11024.434446859865,54256.36118179755,18409.849114437187,131617.99213550607,1158.8523651527682,0.2874251497005984
12800,300991.6493150687,239175.79013548352,19929.889628888308,10987.07508455978,55233.00935780876,19012.30344363162,132878.47229034267,1135.0403302523744,0.25149700598803215
