Season,Flexibility Type,Num Flexible Trains,Total Operational Cost,Total Water Production (m3),LCOW ($/m3),Total Energy Cost,Fixed Demand Cost,Variable Demand Cost,Total Feed Cost,Total Brine Cost,Total Chemical Cost,Total Replacement Cost,Total Demand Response Revenue,Total Cost,Maximum Power,Energy Capacity,Power Capacity,LVOF
summer,both,4,32216.524289417976,79416.02687712638,0.8364277022267902,5773.607484866978,2799.529035214925,0.0,13737.0433048475,4111.01232461344,5501.0309189467725,294.3012209283636,0.0,66425.76488081583,1578.7655498032889,13403.439164135201,957.388511723943,3.1016043115325864
