Season,Flexibility Type,Num Flexible Trains,Total Operational Cost,Total Water Production (m3),LCOW ($/m3),Total Energy Cost,Fixed Demand Cost,Variable Demand Cost,Total Electricity Cost,Total Feed Cost,Total Brine Cost,Total Chemical Cost,Total Replacement Cost,Total Demand Response Revenue,Total Cost,Maximum Power,Energy Capacity,Power Capacity,LVOF
winter,both,2,110900.2461181614,282179.6712328764,0.8237738304443825,18068.70339285301,4805.488247423441,2581.5415967300237,25455.733237006476,50843.18400592369,15303.79838578301,19297.53048944823,992.3107078853046,-0.0,232452.22864504313,1091.1764410271326,1650.3579074417694,9.823558972867675,0.14880255353791705
