Season,Flexibility Type,Num Flexible Trains,Total Operational Cost,Total Water Production (m3),LCOW ($/m3),Total Energy Cost,Fixed Demand Cost,Variable Demand Cost,Total Electricity Cost,Total Feed Cost,Total Brine Cost,Total Chemical Cost,Total Replacement Cost,Total Demand Response Revenue,Total Cost,Maximum Power,Energy Capacity,Power Capacity,LVOF
winter,both,4,103263.0676,282179.6712,0.796708881,18270.34305,4859.118722,2610.352259,25739.81403,48809.48457,9838.231164,18875.53786,992.3107079,0,224815.0502,1103.354249,0,,
summer,both,4,108527.7113,282179.6712,0.815365943,19470.28412,5251.78615,4921.321074,29643.39134,49158.92394,10777.34947,18948.04653,1008.617701,0,230079.6938,1173.37908,12990.68295,463.9529626,1.633187911
