Annual Production (AF),Total Water Production (m3),Total Cost ($),Total Energy Cost ($)
10000,235149.72602739738,189180.30003120887,15449.3016868493
11500,270422.1849315108,216835.05388239544,19178.133377320348
13000,305694.6438356161,241151.2823007919,20254.62064871802
