Season,Flexibility Type,Num Flexible Trains,Total Operational Cost,Total Water Production (m3),LCOW ($/m3),Total Energy Cost,Fixed Demand Cost,Variable Demand Cost,Total Electricity Cost,Total Feed Cost,Total Brine Cost,Total Chemical Cost,Total Replacement Cost,Total Demand Response Revenue,Total Cost,Maximum Power,Energy Capacity,Power Capacity,LVOF
summer,both,4,124393.53317442285,282179.6712344473,0.8715918996764378,21072.189860718794,9188.72450808837,2618.882721047463,32879.79708985463,50904.11853743886,20591.72660900959,20017.89093811976,1040.9289460857153,0.0,245945.51570130457,1458.3752411216708,35012.612233571585,875.3153058392896,0.5144469580296065
