Season,Flexibility Type,Num Flexible Trains,Total Operational Cost,Total Water Production (m3),LCOW ($/m3),Total Energy Cost,Fixed Demand Cost,Variable Demand Cost,Total Electricity Cost,Total Feed Cost,Total Brine Cost,Total Chemical Cost,Total Replacement Cost,Total Demand Response Revenue,Total Cost,Maximum Power,Energy Capacity,Power Capacity,LVOF
summer,both,2,118344.28481439945,282179.7614058243,0.8501540512548241,20497.858100472775,4960.652727510358,7440.979091265603,32899.489919248736,50843.26564725913,15303.979022504664,19297.55022538692,992.3107078853046,-0.0,239896.26734128117,1105.0076734335232,0.0,,
winter,both,2,115894.12446770258,282179.6712328766,0.8414713432656363,20518.21570145858,4965.57640615799,4965.576406157977,30449.368513774545,50843.24641228393,15303.966102876013,19297.54343876808,992.3107078853046,-0.0,237446.10699458432,1106.1044449653511,0.0,,
