Season,Flexibility Type,Num Flexible Trains,Total Operational Cost,Total Water Production (m3),LCOW ($/m3),Total Energy Cost,Fixed Demand Cost,Variable Demand Cost,Total Feed Cost,Total Brine Cost,Total Chemical Cost,Total Replacement Cost,Total Demand Response Revenue,Total Cost,Maximum Power,Energy Capacity,Power Capacity,LVOF
summer,both,2,29487.936258074187,79415.83567783968,0.8020714798981357,4916.872215341888,1397.7958646096574,987.7699200560792,13753.505958870921,2813.7352459344247,5315.743392497421,302.5136607637949,0.0,63697.17684947204,1109.6694511552348,6548.727483633924,654.8727483633924,6.543420193899698
