Season,Flexibility Type,Num Flexible Trains,Total Operational Cost,Total Water Production (m3),LCOW ($/m3),Total Energy Cost,Fixed Demand Cost,Variable Demand Cost,Total Electricity Cost,Total Feed Cost,Total Brine Cost,Total Chemical Cost,Total Replacement Cost,Total Demand Response Revenue,Total Cost,Maximum Power,Energy Capacity,Power Capacity,LVOF
summer,no_flex,2,118292.6628689137,282179.67123287724,0.8499713829415316,20284.51434921124,6546.515006100506,6017.120632446905,32848.14998775865,50843.18400592384,15303.79838578286,19297.530489448338,999.4926912958135,0.0,239844.6453957954,1462.653578861969,16504.420738392007,351.1578880508938,1.090758832975019
summer,both,2,120897.16861577518,282179.67125169584,0.8592013381658508,21103.178064471806,5044.578635615639,9304.894428065596,35452.65112815304,50843.18519051323,15303.80156127489,19297.530735834036,992.3107078853046,-0.0,242449.15114265692,1127.0837977699673,0.0,,
