Season,Flexibility Type,Num Flexible Trains,Total Operational Cost,Total Water Production (m3),LCOW ($/m3),Total Energy Cost,Fixed Demand Cost,Variable Demand Cost,Total Feed Cost,Total Brine Cost,Total Chemical Cost,Total Replacement Cost,Total Demand Response Revenue,Total Cost,MMaximum Power,Energy Capacity,Power Capacity,LVOF
winter,no_flex,2,112038.34038955669,282179.6712548452,0.8278070559713556,18115.759430134083,4870.166557320692,2615.590796982994,50843.18401230207,15303.79839347874,19297.530491452813,992.3107078853046,-0.0,233590.3229164384,1105.862867124038,147.91739244712699,6.431190975962043,-4.030669191018746
summer,no_flex,2,118535.91038627509,282179.671232877,0.8508334135630107,19552.055194485423,6487.538823503876,6025.934045734821,50847.6132076556,15315.701865437395,19298.44954880766,1008.6177006503098,0.0,240087.89291315683,1449.4768391062184,27623.633211126133,317.5130254152429,0.6803626986096957
