Annual Production (AF),Total Water Production (m3),Total Cost ($),Total Energy Cost ($),Total Demand Cost ($),Total Feed Cost ($),Total Brine Cost ($),Total Chemical Cost ($),Total Replacement Cost ($),Degree of Flexibility
6000,141089.83561643818,115176.3984140467,9509.798212551405,8752.28587009143,25564.12789222777,8034.9643952938395,62266.3873083326,1048.8347355496555,0.10778443113772118
6500,154044.8,123590.70962325958,10473.779791086215,7456.467099145511,27906.66666666661,8759.902666665177,67983.43066666652,1010.4627330295419,0.03592814371256292
7000,164604.80823159343,131791.55661419767,11325.505191002034,7649.822060460829,29819.711641293205,9360.407496390268,72643.79951716604,992.3107078853046,0.0
7500,176362.2945327622,141337.7079895332,12255.839032678388,8278.216835209467,31949.691043669303,10029.008030773868,77832.64233931688,992.3107078853046,0.0
