Season,Flexibility Type,Num Flexible Trains,Total Operational Cost,Total Water Production (m3),LCOW ($/m3),Total Energy Cost,Fixed Demand Cost,Variable Demand Cost,Total Feed Cost,Total Brine Cost,Total Chemical Cost,Total Replacement Cost,Total Demand Response Revenue,Total Cost,MMaximum Power,Energy Capacity,Power Capacity,LVOF
winter,no_flex,2,111460.5392094095,282179.6712328764,0.8257594202949912,17705.63108079933,4761.090276648396,2556.9942629215266,50843.18400592369,15303.798385783013,19297.530489448236,992.3107078853046,0.0,233012.52173629124,1081.095047161459,1936.5888904940768,13.085060070905925,38.71528720191498
winter,rr,2,103937.70288971037,282179.6712563852,0.7990996814639945,17989.58695303613,4833.6664811581595,2596.3675438849345,48810.13094609584,9839.968277387203,18875.6719802628,992.3107078853046,0.0,225489.6854165921,1097.574838689033,360.77995554256427,10.30799872978755,206.71794146004677
summer,no_flex,2,120243.71464615759,282179.6712328764,0.8568856009952994,20050.98125073815,4835.910464372373,8919.999342006815,50843.18400592369,15303.798385783013,19297.530489448236,992.3107078853046,0.0,241795.6971730393,1080.4621605814586,2862.680069047823,17.245060656914596,23.122534846440143
summer,rr,2,112836.81723677283,282179.6712538177,0.8306367312790022,20374.552170169587,4898.986289458744,9033.992012877477,48813.007673082124,9847.699482266711,18876.26890103289,992.3107078853046,0.0,234388.79976365453,1094.5548619959027,857.5022228626613,9.527802476251791,76.60829148182953
