,Day,Time,LMP,bypass_pretreatment_flow,power_from_grid,intake.op_mode,intake.startup,intake.shutdown,intake.energy_intensity,intake.power_consumption,intake.recovery,intake.feed_flowrate,intake.product_flowrate,intake.reject_flowrate,intake.feed_cost,intake.chemical_cost,pretreatment.op_mode,pretreatment.startup,pretreatment.shutdown,pretreatment.power_consumption,pretreatment.feed_flowrate,pretreatment.product_flowrate,pretreatment.reject_flowrate,pretreatment.inlet_flowrate,pretreatment.leftover_flow,pretreatment.uf_pumps[1].op_mode,pretreatment.uf_pumps[1].startup,pretreatment.uf_pumps[1].shutdown,pretreatment.uf_pumps[1].energy_intensity,pretreatment.uf_pumps[1].power_consumption,pretreatment.uf_pumps[1].recovery,pretreatment.uf_pumps[1].feed_flowrate,pretreatment.uf_pumps[1].product_flowrate,pretreatment.uf_pumps[1].reject_flowrate,pretreatment.uf_pumps[2].op_mode,pretreatment.uf_pumps[2].startup,pretreatment.uf_pumps[2].shutdown,pretreatment.uf_pumps[2].energy_intensity,pretreatment.uf_pumps[2].power_consumption,pretreatment.uf_pumps[2].recovery,pretreatment.uf_pumps[2].feed_flowrate,pretreatment.uf_pumps[2].product_flowrate,pretreatment.uf_pumps[2].reject_flowrate,pretreatment.uf_pumps[3].op_mode,pretreatment.uf_pumps[3].startup,pretreatment.uf_pumps[3].shutdown,pretreatment.uf_pumps[3].energy_intensity,pretreatment.uf_pumps[3].power_consumption,pretreatment.uf_pumps[3].recovery,pretreatment.uf_pumps[3].feed_flowrate,pretreatment.uf_pumps[3].product_flowrate,pretreatment.uf_pumps[3].reject_flowrate,reverse_osmosis.op_mode,reverse_osmosis.startup,reverse_osmosis.shutdown,reverse_osmosis.power_consumption,reverse_osmosis.feed_flowrate,reverse_osmosis.product_flowrate,reverse_osmosis.reject_flowrate,reverse_osmosis.inlet_flowrate,reverse_osmosis.leftover_flow,reverse_osmosis.ro_skid[1].op_mode,reverse_osmosis.ro_skid[1].startup,reverse_osmosis.ro_skid[1].shutdown,reverse_osmosis.ro_skid[1].energy_intensity,reverse_osmosis.ro_skid[1].power_consumption,reverse_osmosis.ro_skid[1].recovery,reverse_osmosis.ro_skid[1].feed_flowrate,reverse_osmosis.ro_skid[1].product_flowrate,reverse_osmosis.ro_skid[1].reject_flowrate,reverse_osmosis.ro_skid[2].op_mode,reverse_osmosis.ro_skid[2].startup,reverse_osmosis.ro_skid[2].shutdown,reverse_osmosis.ro_skid[2].energy_intensity,reverse_osmosis.ro_skid[2].power_consumption,reverse_osmosis.ro_skid[2].recovery,reverse_osmosis.ro_skid[2].feed_flowrate,reverse_osmosis.ro_skid[2].product_flowrate,reverse_osmosis.ro_skid[2].reject_flowrate,reverse_osmosis.ro_skid[3].op_mode,reverse_osmosis.ro_skid[3].startup,reverse_osmosis.ro_skid[3].shutdown,reverse_osmosis.ro_skid[3].energy_intensity,reverse_osmosis.ro_skid[3].power_consumption,reverse_osmosis.ro_skid[3].recovery,reverse_osmosis.ro_skid[3].feed_flowrate,reverse_osmosis.ro_skid[3].product_flowrate,reverse_osmosis.ro_skid[3].reject_flowrate,reverse_osmosis.ro_skid[4].op_mode,reverse_osmosis.ro_skid[4].startup,reverse_osmosis.ro_skid[4].shutdown,reverse_osmosis.ro_skid[4].energy_intensity,reverse_osmosis.ro_skid[4].power_consumption,reverse_osmosis.ro_skid[4].recovery,reverse_osmosis.ro_skid[4].feed_flowrate,reverse_osmosis.ro_skid[4].product_flowrate,reverse_osmosis.ro_skid[4].reject_flowrate,posttreatment.op_mode,posttreatment.startup,posttreatment.shutdown,posttreatment.energy_intensity,posttreatment.power_consumption,posttreatment.feed_flowrate,posttreatment.product_flowrate,posttreatment.reject_flowrate,posttreatment.chemical_cost,brine_discharge.op_mode,brine_discharge.startup,brine_discharge.shutdown,brine_discharge.feed_flowrate,brine_discharge.power_consumption,brine_discharge.brine_cost,num_skids_online,net_power_consumption,water_revenue,demand_response_revenue,emissions_cost,energy_cost
0,1,1,0.1016,0.0,1387.8405753822262,,,,0,0.0,1,2422.5314636554986,2422.5314636554986,-0.0,387.6050341848798,80.42804459336256,0.0,,,369.198469495875,2422.5314636554986,2325.6302051092784,96.9012585462201,2422.5314636554986,0.0,1.0,0.0,0.0,0.15875200996476976,123.06615649862583,0.96,807.5104878851657,775.210068369759,32.3004195154067,1.0,0.0,0.0,0.1587520099647697,123.06615649862583,0.96,807.510487885166,775.2100683697593,32.3004195154067,1.0,0.0,0.0,0.1587520099647697,123.06615649862597,0.96,807.5104878851669,775.2100683697602,32.3004195154067,,,,801.933455170312,2325.6302051092784,2145.6302051092994,180.0000003763488,2325.630205485648,0.0,1.0,0.0,0.0,0.3789023872967774,207.21224305293578,0.9239704329461497,591.8750000000279,546.8750000000281,44.99999999999977,1.0,0.0,0.0,0.3789023873419678,207.21224307761904,0.9239704326528213,591.8750001878411,546.8749999999483,45.00000018789285,1.0,0.0,0.0,0.3683964838718518,193.75448450832428,0.9211826252900241,570.9401025546229,525.9401025546231,44.99999999999977,1.0,0.0,0.0,0.36839648391573565,193.75448453143284,0.9211826249859696,570.9401027431562,525.9401025546998,45.0000001884564,1.0,,,0.101,216.70865071603924,2145.6302051092994,2145.6302051092994,0.0,66.51453635838828,0.0,,,276.9012589225689,5.684341886080802e-14,119.06754133670462,4.0,1387.8405753822262,0.0,-0.0,0.0,141.00460245883417
1,1,2,0.1016,0.0,1387.840575430358,,,,0,0.0,1,2422.5314636555095,2422.5314636555095,-0.0,387.6050341848815,80.42804459336291,0.0,,,369.1984694958769,2422.5314636555095,2325.630205109289,96.90125854622045,2422.5314636555095,0.0,1.0,0.0,0.0,0.15875200996476987,123.06615649862648,0.96,807.5104878851694,775.2100683697626,32.300419515406816,1.0,0.0,0.0,0.15875200996476987,123.06615649862651,0.96,807.5104878851696,775.2100683697628,32.300419515406816,1.0,0.0,0.0,0.1587520099647699,123.0661564986267,0.96,807.5104878851706,775.2100683697638,32.300419515406816,,,,801.9334552183972,2325.630205109289,2145.630205109742,180.00000075270498,2325.6302058624465,0.0,1.0,0.0,0.0,0.37890238734209986,207.21224307779107,0.9239704326528545,591.875000188105,546.8750000002117,45.000000187893306,1.0,0.0,0.0,0.3789023873421,207.21224307779133,0.9239704326528546,591.8750001881053,546.8750000002121,45.00000018789319,1.0,0.0,0.0,0.3683964839156985,193.75448453138515,0.9211826249859506,570.940102743085,525.9401025546234,45.00000018846163,1.0,0.0,0.0,0.3683964839157331,193.7544845314295,0.921182624985968,570.9401027431513,525.9401025546945,45.00000018845685,1.0,,,0.101,216.70865071608395,2145.630205109742,2145.630205109742,0.0,66.514536358402,0.0,,,276.9012592989254,2.842170943040401e-14,119.06754149853793,4.0,1387.840575430358,0.0,-0.0,0.0,141.00460246372438
2,1,3,0.1016,0.0,1387.8405753346638,,,,0,0.0,1,2422.531463655534,2422.531463655534,-0.0,387.6050341848854,80.42804459336374,0.0,,,369.1984694958818,2422.531463655534,2325.6302051093126,96.90125854622147,2422.531463655534,0.0,1.0,0.0,0.0,0.15875200996477037,123.06615649862806,0.96,807.5104878851772,775.21006836977,32.30041951540716,1.0,0.0,0.0,0.15875200996477043,123.06615649862825,0.96,807.5104878851781,775.210068369771,32.30041951540716,1.0,0.0,0.0,0.1587520099647703,123.06615649862819,0.96,807.5104878851785,775.2100683697713,32.30041951540716,,,,801.9334551227155,2325.6302051093126,2145.630205109568,180.00000000017576,2325.6302051097437,-4.31100488640368e-10,1.0,0.0,0.0,0.37890238729682313,207.21224305296306,0.9239704329458734,591.8750000002113,546.8750000000341,45.00000000017724,1.0,0.0,0.0,0.37890238729686965,207.212243053056,0.9239704329461739,591.8750000002117,546.8750000002123,44.99999999999943,1.0,0.0,0.0,0.36839648387187074,193.75448450834818,0.92118262529003,570.9401025546603,525.9401025546609,44.99999999999932,1.0,0.0,0.0,0.36839648387187074,193.75448450834816,0.9211826252900294,570.9401025546606,525.9401025546608,44.99999999999977,1.0,,,0.101,216.7086507160664,2145.630205109568,2145.630205109568,0.0,66.51453635839661,0.0,,,276.90125854596613,8.526512829121202e-14,119.06754117476544,4.0,1387.8405753346635,0.0,-0.0,0.0,141.00460245400183
3,1,4,0.1016,0.0,1387.8405753594711,,,,0,0.0,1,2422.5314636555513,2422.5314636555513,-0.0,387.6050341848882,80.4280445933643,0.0,,,369.1984694958853,2422.5314636555513,2325.6302051093294,96.90125854622215,2422.5314636555513,0.0,1.0,0.0,0.0,0.1587520099647707,123.06615649862923,0.96,807.5104878851831,775.2100683697757,32.300419515407384,1.0,0.0,0.0,0.1587520099647707,123.06615649862937,0.96,807.510487885184,775.2100683697766,32.300419515407384,1.0,0.0,0.0,0.15875200996477062,123.06615649862935,0.96,807.5104878851844,775.210068369777,32.300419515407384,,,,801.9334551475082,2325.6302051093294,2145.6302051096786,180.00000018795163,2325.63020529763,0.0,1.0,0.0,0.0,0.3789023873420993,207.21224307779076,0.9239704326528584,591.8750001881025,546.8750000002117,45.000000187890805,1.0,0.0,0.0,0.37890238729686937,207.21224305305566,0.9239704329461734,591.8750000002113,546.8750000002117,44.99999999999966,1.0,0.0,0.0,0.36839648387185264,193.7544845083148,0.9211826252899205,570.9401025546579,525.9401025545961,45.00000000006173,1.0,0.0,0.0,0.3683964838718697,193.75448450834688,0.9211826252900296,570.9401025546583,525.9401025546589,44.99999999999943,1.0,,,0.101,216.70865071607756,2145.6302051096786,2145.6302051096786,0.0,66.51453635840004,0.0,,,276.9012587341738,5.684341886080802e-14,119.06754125569472,4.0,1387.8405753594711,0.0,-0.0,0.0,141.00460245652226
4,1,5,0.1016,0.0,1387.840575380749,,,,0,0.0,1,2422.531463655466,2422.531463655466,-0.0,387.6050341848745,80.42804459336146,0.0,,,369.1984694958686,2422.531463655466,2325.630205109247,96.90125854621874,2422.531463655466,0.0,1.0,0.0,0.0,0.15875200996476907,123.06615649862353,0.96,807.5104878851541,775.2100683697479,32.30041951540625,1.0,0.0,0.0,0.15875200996476907,123.06615649862364,0.96,807.5104878851548,775.2100683697486,32.30041951540625,1.0,0.0,0.0,0.1587520099647692,123.06615649862404,0.96,807.5104878851566,775.2100683697504,32.30041951540625,,,,801.9334551688138,2325.630205109247,2145.6302051095704,180.00000037691302,2325.6302054864836,0.0,1.0,0.0,0.0,0.37890238729678205,207.21224305294186,0.9239704329461509,591.8750000000372,546.8750000000374,44.99999999999977,1.0,0.0,0.0,0.3789023872968692,207.21224305305537,0.9239704329461732,591.875000000211,546.8750000002112,44.99999999999977,1.0,0.0,0.0,0.3683964839157148,193.75448453140652,0.9211826249859635,570.9401027431148,525.9401025546582,45.000000188456625,1.0,0.0,0.0,0.36839648391571755,193.7544845314099,0.9211826249859638,570.9401027431203,525.9401025546634,45.00000018845685,1.0,,,0.101,216.70865071606661,2145.6302051095704,2145.6302051095704,0.0,66.51453635839668,0.0,,,276.90125892313176,-2.842170943040401e-14,119.06754133694666,4.0,1387.840575380749,0.0,-0.0,0.0,141.0046024586841
5,1,6,0.1016,0.0,1387.8405753591724,,,,0,0.0,1,2422.5314636554613,2422.5314636554613,-0.0,387.60503418487383,80.42804459336132,0.0,,,369.1984694958676,2422.5314636554613,2325.6302051092425,96.90125854621851,2422.5314636554613,0.0,1.0,0.0,0.0,0.15875200996476885,123.06615649862277,0.96,807.5104878851503,775.2100683697442,32.30041951540602,1.0,0.0,0.0,0.1587520099647691,123.0661564986237,0.96,807.510487885155,775.2100683697488,32.30041951540625,1.0,0.0,0.0,0.15875200996476915,123.06615649862388,0.96,807.510487885156,775.2100683697497,32.30041951540625,,,,801.9334551472638,2325.6302051092425,2145.6302051093153,180.00000018789126,2325.630205297207,0.0,1.0,0.0,0.0,0.37890238734201254,207.2122430776774,0.9239704326528332,591.8750001879304,546.8750000000377,45.000000187892624,1.0,0.0,0.0,0.37890238729677184,207.21224305292864,0.923970432946149,591.8750000000166,546.8750000000173,44.99999999999932,1.0,0.0,0.0,0.36839648387184387,193.7544845083143,0.9211826252900222,570.9401025546069,525.9401025546073,44.99999999999966,1.0,0.0,0.0,0.3683964838718668,193.75448450834318,0.9211826252900284,570.9401025546526,525.940102554653,44.99999999999966,1.0,,,0.101,216.70865071604086,2145.6302051093153,2145.6302051093153,0.0,66.51453635838877,0.0,,,276.9012587341098,1.4210854715202004e-13,119.0675412556672,4.0,1387.8405753591724,0.0,-0.0,0.0,141.0046024564919
6,1,7,0.1016,0.0,1387.84057533444,,,,0,0.0,1,2422.531463655465,2422.531463655465,-0.0,387.6050341848744,80.42804459336143,0.0,,,369.1984694958684,2422.531463655465,2325.630205109246,96.90125854621863,2422.531463655465,0.0,1.0,0.0,0.0,0.15875200996476904,123.06615649862349,0.96,807.5104878851539,775.2100683697478,32.30041951540613,1.0,0.0,0.0,0.15875200996476915,123.0661564986237,0.96,807.5104878851548,775.2100683697486,32.30041951540625,1.0,0.0,0.0,0.15875200996476918,123.06615649862398,0.96,807.5104878851564,775.2100683697502,32.30041951540625,,,,801.9334551225303,2325.630205109246,2145.6302051093185,179.9999999999983,2325.630205109317,-7.09405867382884e-11,1.0,0.0,0.0,0.37890238729678183,207.21224305294166,0.9239704329461516,591.8750000000365,546.8750000000372,44.99999999999932,1.0,0.0,0.0,0.3789023872967716,207.2122430529283,0.9239704329461488,591.8750000000161,546.8750000000167,44.99999999999943,1.0,0.0,0.0,0.3683964838718484,193.75448450832008,0.9211826252900231,570.9401025546163,525.9401025546165,44.99999999999977,1.0,0.0,0.0,0.3683964838718644,193.75448450834014,0.9211826252900276,570.9401025546479,525.9401025546481,44.99999999999977,1.0,,,0.101,216.70865071604118,2145.6302051093185,2145.6302051093185,0.0,66.51453635838887,0.0,,,276.901258546146,1.7053025658242404e-13,119.06754117484277,4.0,1387.84057533444,0.0,-0.0,0.0,141.0046024539791
7,1,8,0.1016,0.0,1387.840575382273,,,,0,0.0,1,2422.5314636556095,2422.5314636556095,-0.0,387.60503418489753,80.42804459336624,0.0,,,369.19846949589623,2422.5314636556095,2325.6302051093853,96.90125854622454,2422.5314636556095,0.0,1.0,0.0,0.0,0.1587520099647717,123.06615649863295,0.96,807.5104878852026,775.2100683697944,32.30041951540818,1.0,0.0,0.0,0.1587520099647717,123.06615649863309,0.96,807.5104878852035,775.2100683697953,32.30041951540818,1.0,0.0,0.0,0.15875200996477173,123.06615649863316,0.96,807.5104878852037,775.2100683697955,32.30041951540818,,,,801.9334551703341,2325.6302051093853,2145.630205109333,180.0000003763455,2325.6302054856787,0.0,1.0,0.0,0.0,0.3789023872967713,207.21224305292782,0.9239704329461481,591.8750000000157,546.8750000000159,44.99999999999977,1.0,0.0,0.0,0.3789023873420021,207.21224307766352,0.9239704326528281,591.8750001879102,546.8750000000161,45.0000001878941,1.0,0.0,0.0,0.3683964839157098,193.75448453140004,0.9211826249859608,570.9401027431052,525.9401025546478,45.00000018845742,1.0,0.0,0.0,0.36839648387186563,193.75448450834267,0.9211826252900372,570.9401025546474,525.9401025546532,44.9999999999942,1.0,,,0.101,216.70865071604265,2145.630205109333,2145.630205109333,0.0,66.51453635838932,0.0,,,276.90125892257004,5.684341886080802e-14,119.06754133670512,4.0,1387.840575382273,0.0,-0.0,0.0,141.00460245883895
8,1,9,0.1016,0.0,1387.8405754069372,,,,0,0.0,1,2422.5314636554313,2422.5314636554313,-0.0,387.605034184869,80.42804459336031,0.0,,,369.19846949586156,2422.5314636554313,2325.630205109214,96.90125854621738,2422.5314636554313,0.0,1.0,0.0,0.0,0.1587520099647685,123.06615649862145,0.96,807.5104878851434,775.2100683697377,32.30041951540579,1.0,0.0,0.0,0.1587520099647685,123.06615649862148,0.96,807.5104878851437,775.2100683697379,32.30041951540579,1.0,0.0,0.0,0.1587520099647685,123.06615649862157,0.96,807.5104878851441,775.2100683697383,32.30041951540579,,,,801.9334551950382,2325.630205109214,2145.6302051092816,180.00000056424926,2325.630205673531,0.0,1.0,0.0,0.0,0.37890238734200055,207.21224307766155,0.9239704326528283,591.875000187907,546.8750000000132,45.00000018789376,1.0,0.0,0.0,0.37890238734200066,207.21224307766178,0.9239704326528287,591.8750001879072,546.8750000000136,45.000000187893534,1.0,0.0,0.0,0.368396483915694,193.75448453137943,0.9211826249859484,570.9401027430765,525.9401025546143,45.000000188462195,1.0,0.0,0.0,0.3683964838718605,193.75448450833528,0.9211826252900265,570.9401025546402,525.9401025546405,44.99999999999977,1.0,,,0.101,216.70865071603745,2145.6302051092816,2145.6302051092816,0.0,66.51453635838773,0.0,,,276.90125911046664,2.842170943040401e-14,119.06754141750065,4.0,1387.8405754069372,0.0,-0.0,0.0,141.0046024613448
9,1,10,0.1016,0.0,1387.8405753344243,,,,0,0.0,1,2422.5314636554913,2422.5314636554913,-0.0,387.6050341848786,80.42804459336232,0.0,,,369.1984694958736,2422.5314636554913,2325.6302051092716,96.90125854621976,2422.5314636554913,0.0,1.0,0.0,0.0,0.15875200996476838,123.06615649862083,0.96,807.5104878851398,775.2100683697342,32.300419515405565,1.0,0.0,0.0,0.15875200996476832,123.0661564986208,0.96,807.51048788514,775.2100683697344,32.30041951540568,1.0,0.0,0.0,0.15875200996477207,123.06615649863458,0.96,807.5104878852114,775.2100683698029,32.30041951540852,,,,801.9334551225124,2325.6302051092716,2145.63020510929,179.9999999999934,2325.630205109283,-1.1368683772161603e-11,1.0,0.0,0.0,0.37890238729678816,207.21224305294984,0.9239704329461528,591.8750000000492,546.8750000000497,44.999999999999545,1.0,0.0,0.0,0.37890238729678827,207.21224305294996,0.9239704329461524,591.8750000000496,546.8750000000498,44.99999999999977,1.0,0.0,0.0,0.3683964838718531,193.75448450832593,0.9211826252900245,570.9401025546255,525.9401025546257,44.99999999999977,1.0,0.0,0.0,0.36839648387182117,193.75448450828665,0.9211826252900248,570.940102554559,525.9401025545646,44.999999999994316,1.0,,,0.101,216.70865071603828,2145.63020510929,2145.63020510929,0.0,66.51453635838799,0.0,,,276.9012585462018,0.0,119.06754117486678,4.0,1387.8405753344246,0.0,-0.0,0.0,141.0046024539775
10,1,11,0.1016,0.0,1387.8405753342813,,,,0,0.0,1,2422.531463655393,2422.531463655393,-0.0,387.6050341848629,80.42804459335905,0.0,,,369.1984694958543,2422.531463655393,2325.630205109177,96.90125854621579,2422.531463655393,0.0,1.0,0.0,0.0,0.15875200996476777,123.0661564986189,0.96,807.5104878851303,775.210068369725,32.300419515405224,1.0,0.0,0.0,0.1587520099647677,123.06615649861895,0.96,807.5104878851309,775.2100683697257,32.300419515405224,1.0,0.0,0.0,0.15875200996476785,123.0661564986192,0.96,807.5104878851319,775.2100683697265,32.30041951540534,,,,801.9334551223893,2325.630205109177,2145.6302051092825,179.99999999903173,2325.630205108315,8.62200977280736e-10,1.0,0.0,0.0,0.3789023872967734,207.21224305293032,0.9239704329461462,591.8750000000207,546.8750000000194,45.00000000000125,1.0,0.0,0.0,0.3789023872967739,207.21224305293123,0.923970432946149,591.8750000000208,546.8750000000211,44.99999999999966,1.0,0.0,0.0,0.3683964838716275,193.7544845082062,0.9211826252915782,570.9401025536592,525.9401025546227,44.999999999036504,1.0,0.0,0.0,0.3683964838718488,193.75448450832147,0.9211826252900325,570.940102554614,525.9401025546197,44.999999999994316,1.0,,,0.101,216.70865071603754,2145.6302051092825,2145.6302051092825,0.0,66.51453635838776,0.0,,,276.9012585461097,1.7053025658242404e-13,119.06754117482717,4.0,1387.8405753342813,0.0,-0.0,0.0,141.00460245396297
11,1,12,0.1016,0.0,1387.840575359155,,,,0,0.0,1,2422.531463655484,2422.531463655484,-0.0,387.60503418487747,80.42804459336207,0.0,,,369.198469495872,2422.531463655484,2325.6302051092644,96.90125854621942,2422.531463655484,0.0,1.0,0.0,0.0,0.15875200996476768,123.06615649861855,0.96,807.5104878851284,775.2100683697233,32.30041951540511,1.0,0.0,0.0,0.1587520099647677,123.06615649861881,0.96,807.51048788513,775.2100683697248,32.300419515405224,1.0,0.0,0.0,0.15875200996477293,123.0661564986374,0.96,807.5104878852255,775.2100683698164,32.30041951540909,,,,801.9334551472451,2325.6302051092644,2145.630205109287,180.0000001878882,2325.630205297175,0.0,1.0,0.0,0.0,0.37890238734200477,207.21224307766687,0.9239704326528276,591.8750001879159,546.8750000000211,45.000000187894784,1.0,0.0,0.0,0.37890238729677417,207.2122430529316,0.9239704329461494,591.8750000000211,546.8750000000217,44.99999999999943,1.0,0.0,0.0,0.3683964838718552,193.75448450832857,0.921182625290025,570.9401025546297,525.9401025546299,44.99999999999977,1.0,0.0,0.0,0.368396483871846,193.75448450831794,0.9211826252900319,570.9401025546084,525.9401025546142,44.9999999999942,1.0,,,0.101,216.70865071603802,2145.630205109287,2145.630205109287,0.0,66.5145363583879,0.0,,,276.9012587341076,-8.526512829121202e-14,119.06754125566627,4.0,1387.840575359155,0.0,-0.0,0.0,141.00460245649015
12,1,13,0.1016,0.0,1387.8405753564844,,,,0,0.0,1,2422.5314636554763,2422.5314636554763,-0.0,387.6050341848762,80.42804459336182,0.0,,,369.1984694958703,2422.5314636554763,2325.630205109257,96.90125854621908,2422.5314636554763,0.0,1.0,0.0,0.0,0.15875200996476738,123.06615649861742,0.96,807.5104878851225,775.2100683697176,32.30041951540488,1.0,0.0,0.0,0.1587520099647677,123.06615649861867,0.96,807.5104878851291,775.2100683697239,32.300419515405224,1.0,0.0,0.0,0.15875200996477273,123.06615649863713,0.96,807.5104878852246,775.2100683698156,32.300419515408976,,,,801.9334551446653,2325.630205109257,2145.630205108402,180.00000018563276,2325.630205294035,0.0,1.0,0.0,0.0,0.3789023872967799,207.21224305293907,0.9239704329461507,591.8750000000327,546.8750000000332,44.999999999999545,1.0,0.0,0.0,0.37890238729678,207.2122430529392,0.9239704329461503,591.8750000000331,546.8750000000333,44.99999999999977,1.0,0.0,0.0,0.3683964838714176,193.75448450809773,0.921182625293053,570.9401025527509,525.940102554628,44.99999999812292,1.0,0.0,0.0,0.3683964839150169,193.75448453068927,0.9211826249873587,570.9401027412181,525.9401025537076,45.00000018751052,1.0,,,0.101,216.70865071594864,2145.630205108402,2145.630205108402,0.0,66.51453635836046,0.0,,,276.90125873185184,5.684341886080802e-14,119.0675412546963,4.0,1387.8405753564841,0.0,-0.0,0.0,141.0046024562188
13,1,14,0.1016,0.0,1387.8405753807408,,,,0,0.0,1,2422.531463655684,2422.531463655684,-0.0,387.60503418490947,80.42804459336871,0.0,,,369.1984694959111,2422.531463655684,2325.6302051094563,96.9012585462275,2422.531463655684,0.0,1.0,0.0,0.0,0.15875200996477307,123.0661564986378,0.96,807.5104878852273,775.2100683698183,32.30041951540909,1.0,0.0,0.0,0.15875200996477315,123.066156498638,0.96,807.5104878852283,775.210068369819,32.3004195154092,1.0,0.0,0.0,0.15875200996477296,123.06615649863788,0.96,807.5104878852285,775.2100683698193,32.3004195154092,,,,801.9334551687726,2325.6302051094563,2145.630205109476,180.0000003769153,2325.630205486392,0.0,1.0,0.0,0.0,0.3789023872967943,207.21224305295783,0.9239704329461537,591.8750000000618,546.8750000000618,45.0,1.0,0.0,0.0,0.37890238729730663,207.21224305362537,0.9239704329462853,591.875000001084,546.8750000010842,44.99999999999977,1.0,0.0,0.0,0.3683964839157004,193.7544845313878,0.9211826249859536,570.940102743088,525.9401025546279,45.00000018846015,1.0,0.0,0.0,0.36839648391523405,193.75448453080148,0.9211826249858335,570.9401027421575,525.9401025537021,45.000000188455374,1.0,,,0.101,216.70865071605706,2145.630205109476,2145.630205109476,0.0,66.51453635839376,0.0,,,276.9012589231428,-2.842170943040401e-14,119.0675413369514,4.0,1387.8405753807408,0.0,-0.0,0.0,141.00460245868325
14,1,15,0.1016,0.0,1387.8405753791144,,,,0,0.0,1,2422.5314636553485,2422.5314636553485,-0.0,387.60503418485575,80.42804459335757,0.0,,,369.198469495846,2422.5314636553485,2325.6302051091347,96.90125854621397,2422.5314636553485,0.0,1.0,0.0,0.0,0.15875200996476696,123.06615649861601,0.96,807.5104878851155,775.2100683697108,32.300419515404656,1.0,0.0,0.0,0.15875200996476702,123.06615649861617,0.96,807.5104878851162,775.2100683697115,32.300419515404656,1.0,0.0,0.0,0.15875200996476704,123.06615649861632,0.96,807.5104878851171,775.2100683697124,32.300419515404656,,,,801.9334551644794,2325.6302051091347,2145.6302051365233,180.00000018788455,2325.630205324408,0.0,1.0,0.0,0.0,0.37890238734202447,207.21224307769324,0.9239704326528391,591.8750001879532,546.8750000000623,45.00000018789092,1.0,0.0,0.0,0.3789023872967946,207.21224305295823,0.9239704329461544,591.8750000000621,546.8750000000625,44.999999999999545,1.0,0.0,0.0,0.3683964838718541,193.7544845083272,0.9211826252900247,570.9401025546275,525.9401025546277,44.99999999999977,1.0,0.0,0.0,0.3683964838854946,193.7544845255007,0.9211826252937806,570.940102581765,525.9401025817707,44.999999999994316,1.0,,,0.101,216.70865071878887,2145.6302051365233,2145.6302051365233,0.0,66.51453635923222,0.0,,,276.9012587340985,1.7053025658242404e-13,119.06754125566236,4.0,1387.8405753791144,0.0,-0.0,0.0,141.004602458518
15,1,16,0.1016,0.0,1387.8405753973634,,,,0,0.0,1,2422.531463655475,2422.531463655475,-0.0,387.605034184876,80.42804459336176,0.0,,,369.19846949587,2422.531463655475,2325.6302051092557,96.90125854621908,2422.531463655475,0.0,1.0,0.0,0.0,0.1587520099647671,123.06615649861654,0.96,807.5104878851182,775.2100683697134,32.30041951540477,1.0,0.0,0.0,0.15875200996476704,123.06615649861652,0.96,807.5104878851184,775.2100683697137,32.30041951540477,1.0,0.0,0.0,0.1587520099647735,123.0661564986398,0.96,807.5104878852383,775.2100683698287,32.300419515409544,,,,801.9334551799653,2325.6302051092557,2145.630205163645,180.000000188454,2325.630205352099,0.0,1.0,0.0,0.0,0.37890238729679426,207.21224305295783,0.9239704329461546,591.8750000000614,546.875000000062,44.99999999999943,1.0,0.0,0.0,0.37890238729679426,207.21224305295783,0.9239704329461542,591.8750000000616,546.875000000062,44.99999999999966,1.0,0.0,0.0,0.36839648392933455,193.75448454855226,0.9211826249896976,570.9401027702162,525.9401025817555,45.00000018846072,1.0,0.0,0.0,0.36839648388549195,193.7544845254973,0.92118262529378,570.9401025817596,525.9401025817654,44.9999999999942,1.0,,,0.101,216.70865072152816,2145.630205163645,2145.630205163645,0.0,66.514536360073,0.0,,,276.9012587346731,-5.684341886080802e-14,119.06754125590943,4.0,1387.8405753973634,0.0,-0.0,0.0,141.00460246037213
16,1,17,0.1016,0.0,718.6355676613689,,,,0,0.0,1,1233.0729166666383,1233.0729166666383,-0.0,197.29166666666214,40.938020833332395,0.0,,,193.74233155555362,1233.0729166666383,1183.7499999999727,49.32291666666555,1233.0729166666383,0.0,1.0,0.0,0.0,0.15875200996476654,123.06615649861445,0.96,807.5104878851073,775.210068369703,32.300419515404315,1.0,0.0,0.0,0.17299698165344576,70.67617505694177,0.96,425.5624287815311,408.53993163026985,17.022497151261234,0.0,0.0,1.0,0.271,0.0,0.96,0.0,0.0,-0.0,,,,414.4244861058179,1183.7499999999727,1093.7499999999736,89.99999999999955,1183.7499999999732,-4.547473508864641e-13,1.0,0.0,0.0,0.37890238729672987,207.21224305287387,0.9239704329461375,591.874999999933,546.8749999999333,44.99999999999977,1.0,0.0,0.0,0.3789023872967836,207.21224305294388,0.9239704329461513,591.8750000000402,546.8750000000405,44.99999999999977,0.0,0.0,1.0,0.08724817754776784,0.0,0.88,0.0,0.0,0.0,0.0,0.0,1.0,0.08724817754776784,0.0,0.88,0.0,0.0,0.0,1.0,,,0.101,110.46874999999734,1093.7499999999736,1093.7499999999736,0.0,33.90624999999918,0.0,,,139.32291666666464,4.263256414560601e-14,59.9088541666658,2.0,718.6355676613689,0.0,0.0,0.0,73.01337367439508
17,1,18,0.15246,0.0,-4.3803250076072074e-16,,,,0,0.0,1,0.0,0.0,-0.0,0.0,0.0,0.0,,,-4.3803250076072074e-16,0.0,0.0,0.0,0.0,0.0,0.0,0.0,1.0,0.271,0.0,0.96,0.0,0.0,-0.0,0.0,0.0,1.0,0.271,0.0,0.96,0.0,0.0,-0.0,0.0,0.0,0.0,0.271,0.0,0.96,0.0,0.0,-0.0,,,,0.0,0.0,0.0,0.0,0.0,0.0,0.0,0.0,1.0,0.08724817754776784,0.0,0.88,0.0,0.0,0.0,0.0,0.0,1.0,0.08724817754776784,0.0,0.88,0.0,0.0,0.0,0.0,0.0,0.0,0.08724817754776784,0.0,0.88,0.0,0.0,0.0,0.0,0.0,0.0,0.08724817754776784,0.0,0.88,0.0,0.0,0.0,1.0,,,0.101,0.0,0.0,-0.0,0.0,0.0,0.0,,,0.0,0.0,0.0,0.0,-4.3803250076072074e-16,-0.0,0.0,-0.0,-6.678243506597949e-17
18,1,19,0.15246,0.0,-4.380291126289317e-16,,,,0,0.0,1,0.0,0.0,-0.0,0.0,0.0,0.0,,,-4.380291126289317e-16,0.0,0.0,0.0,0.0,0.0,0.0,0.0,0.0,0.271,0.0,0.96,0.0,0.0,-0.0,0.0,0.0,0.0,0.271,0.0,0.96,0.0,0.0,-0.0,0.0,0.0,0.0,0.271,0.0,0.96,0.0,0.0,-0.0,,,,0.0,0.0,0.0,0.0,0.0,0.0,0.0,0.0,0.0,0.08724817754776784,0.0,0.88,0.0,0.0,0.0,0.0,0.0,0.0,0.08724817754776784,0.0,0.88,0.0,0.0,0.0,0.0,0.0,0.0,0.08724817754776784,0.0,0.88,0.0,0.0,0.0,0.0,0.0,0.0,0.08724817754776784,0.0,0.88,0.0,0.0,0.0,1.0,,,0.101,0.0,0.0,-0.0,0.0,0.0,0.0,,,0.0,0.0,0.0,0.0,-4.380291126289317e-16,-0.0,0.0,-0.0,-6.678191851140693e-17
19,1,20,0.15246,0.0,-4.3803419482661525e-16,,,,0,0.0,1,0.0,0.0,-0.0,0.0,0.0,0.0,,,-4.3803419482661525e-16,0.0,0.0,0.0,0.0,0.0,0.0,0.0,0.0,0.271,0.0,0.96,0.0,0.0,-0.0,0.0,0.0,0.0,0.271,0.0,0.96,0.0,0.0,-0.0,0.0,0.0,0.0,0.271,0.0,0.96,0.0,0.0,-0.0,,,,0.0,0.0,0.0,0.0,0.0,0.0,0.0,0.0,0.0,0.08724817754776784,0.0,0.88,0.0,0.0,0.0,0.0,0.0,0.0,0.08724817754776784,0.0,0.88,0.0,0.0,0.0,0.0,0.0,0.0,0.08724817754776784,0.0,0.88,0.0,0.0,0.0,0.0,0.0,0.0,0.08724817754776784,0.0,0.88,0.0,0.0,0.0,1.0,,,0.101,0.0,0.0,-0.0,0.0,0.0,0.0,,,0.0,0.0,0.0,0.0,-4.3803419482661525e-16,-0.0,0.0,-0.0,-6.678269334326576e-17
20,1,21,0.15246,0.0,-4.3803250076072074e-16,,,,0,0.0,1,0.0,0.0,-0.0,0.0,0.0,0.0,,,-4.3803250076072074e-16,0.0,0.0,0.0,0.0,0.0,0.0,0.0,0.0,0.271,0.0,0.96,0.0,0.0,-0.0,0.0,0.0,0.0,0.271,0.0,0.96,0.0,0.0,-0.0,0.0,0.0,0.0,0.271,0.0,0.96,0.0,0.0,-0.0,,,,0.0,0.0,0.0,0.0,0.0,0.0,0.0,0.0,0.0,0.08724817754776784,0.0,0.88,0.0,0.0,0.0,0.0,0.0,0.0,0.08724817754776784,0.0,0.88,0.0,0.0,0.0,0.0,0.0,0.0,0.08724817754776784,0.0,0.88,0.0,0.0,0.0,0.0,0.0,0.0,0.08724817754776784,0.0,0.88,0.0,0.0,0.0,1.0,,,0.101,0.0,0.0,-0.0,0.0,0.0,0.0,,,0.0,0.0,0.0,0.0,-4.3803250076072074e-16,-0.0,0.0,-0.0,-6.678243506597949e-17
21,1,22,0.15246,0.0,-4.3803419482661525e-16,,,,0,0.0,1,0.0,0.0,-0.0,0.0,0.0,0.0,,,-4.3803419482661525e-16,0.0,0.0,0.0,0.0,0.0,0.0,0.0,0.0,0.271,0.0,0.96,0.0,0.0,-0.0,0.0,0.0,0.0,0.271,0.0,0.96,0.0,0.0,-0.0,0.0,0.0,0.0,0.271,0.0,0.96,0.0,0.0,-0.0,,,,0.0,0.0,0.0,0.0,0.0,0.0,0.0,0.0,0.0,0.08724817754776784,0.0,0.88,0.0,0.0,0.0,0.0,0.0,0.0,0.08724817754776784,0.0,0.88,0.0,0.0,0.0,0.0,0.0,0.0,0.08724817754776784,0.0,0.88,0.0,0.0,0.0,0.0,0.0,0.0,0.08724817754776784,0.0,0.88,0.0,0.0,0.0,1.0,,,0.101,0.0,0.0,-0.0,0.0,0.0,0.0,,,0.0,0.0,0.0,0.0,-4.3803419482661525e-16,-0.0,0.0,-0.0,-6.678269334326576e-17
22,1,23,0.1016,0.0,569.8371180109092,,,,0,0.0,1,1083.3333333333333,1083.3333333333333,-0.0,173.33333333333331,35.96666666666666,0.0,,,168.49319444444177,1083.3333333333333,1040.0,43.33333333333337,1083.3333333333333,0.0,1.0,1.0,0.0,0.15685937500000013,94.11562500000008,0.96,625.0,600.0,25.0,1.0,1.0,0.0,0.16903993055555552,74.37756944444442,0.96,458.3333333333333,439.99999999999994,18.33333333333337,0.0,0.0,0.0,0.271,0.0,0.96,0.0,0.0,-0.0,,,,308.9087235664674,1040.0,915.2,124.79999999999995,1040.0,-0.0,1.0,1.0,0.0,0.3375313850158078,154.45436178323365,0.88,520.0,457.6,62.39999999999998,1.0,1.0,0.0,0.3375313850158078,154.45436178323365,0.88,520.0,457.6,62.39999999999998,0.0,0.0,0.0,0.08724817754776787,0.0,0.8800000000000001,0.0,0.0,0.0,0.0,0.0,0.0,0.08724817754776787,0.0,0.8800000000000001,0.0,0.0,0.0,0.0,,,0.101,92.43520000000001,915.2,0.0,915.2,28.3712,1.0,,,1083.3333333333335,0.0,465.83333333333337,2.0,569.8371180109092,0.0,0.0,0.0,57.89545118990837
23,1,24,0.1016,0.0,1088.1598149135275,,,,0,0.0,1,1875.0,1875.0,-0.0,300.0,62.25,0.0,,,282.3468749999972,1875.0,1800.0,75.0,1875.0,0.0,1.0,0.0,0.0,0.156859375,94.115625,0.96,625.0,600.0,25.0,1.0,0.0,0.0,0.15685937499999994,94.11562499999997,0.96,625.0,600.0,25.0,1.0,1.0,0.0,0.1568593749999999,94.11562499999995,0.96,625.0,600.0,25.0,,,,637.6479399135302,1800.0,1665.0,135.0000001876823,1800.0000001876824,0.0,1.0,0.0,0.0,0.3829717357142961,212.54931332143434,0.9249999997106564,600.0000001876823,555.0,45.0000001876823,1.0,0.0,0.0,0.3829717356685547,212.54931329604784,0.925,600.0,555.0,45.0,1.0,1.0,0.0,0.3829717356685547,212.54931329604784,0.925,600.0,555.0,45.0,0.0,0.0,0.0,0.08724817754776787,0.0,0.8800000000000001,0.0,0.0,0.0,1.0,,,0.101,168.16500000000002,1665.0,1665.0,0.0,51.615,0.0,,,210.0000001876823,5.684341886080802e-14,90.30000008070338,3.0,1088.1598149135275,0.0,0.0,0.0,110.55703719521439
24,1,25,0.1016,0.0,1088.1598149135277,,,,0,0.0,1,1875.0,1875.0,-0.0,300.0,62.25,0.0,,,282.3468749999972,1875.0,1800.0,75.0,1875.0,0.0,1.0,0.0,0.0,0.1568593750000001,94.11562500000007,0.96,625.0,600.0,25.0,1.0,0.0,0.0,0.156859375,94.115625,0.96,625.0,600.0,25.0,1.0,0.0,0.0,0.1568593749999999,94.11562499999995,0.96,625.0,600.0,25.0,,,,637.6479399135304,1800.0,1665.0,135.0000001876848,1800.0000001876847,0.0,1.0,0.0,0.0,0.3829717356685547,212.54931329604784,0.925,600.0,555.0,45.0,1.0,0.0,0.0,0.38297173571429677,212.5493133214347,0.9249999997106526,600.0000001876848,555.0,45.000000187684805,1.0,0.0,0.0,0.3829717356685547,212.54931329604784,0.925,600.0,555.0,45.0,0.0,0.0,0.0,0.08724817754776787,0.0,0.8800000000000001,0.0,0.0,0.0,1.0,,,0.101,168.16500000000002,1665.0,1665.0,0.0,51.615,0.0,,,210.0000001876848,5.684341886080802e-14,90.30000008070446,3.0,1088.1598149135277,0.0,0.0,0.0,110.5570371952144
25,1,26,0.1016,0.0,1088.1598149135277,,,,0,0.0,1,1875.0,1875.0,-0.0,300.0,62.25,0.0,,,282.34687499999745,1875.0,1800.0,75.0,1875.0,0.0,1.0,0.0,0.0,0.15685937500000016,94.1156250000001,0.96,625.0,600.0,25.0,1.0,0.0,0.0,0.15685937500000005,94.11562500000004,0.96,625.0,600.0,25.0,1.0,0.0,0.0,0.15685937500000002,94.11562500000001,0.96,625.0,600.0,25.0,,,,637.6479399135302,1800.0,1665.0,135.00000018768196,1800.000000187682,0.0,1.0,0.0,0.0,0.38297173571429605,212.5493133214343,0.924999999710657,600.000000187682,555.0,45.00000018768196,1.0,0.0,0.0,0.3829717356685547,212.54931329604784,0.925,600.0,555.0,45.0,1.0,0.0,0.0,0.3829717356685547,212.54931329604784,0.925,600.0,555.0,45.0,0.0,0.0,0.0,0.08724817754776787,0.0,0.8800000000000001,0.0,0.0,0.0,1.0,,,0.101,168.16500000000002,1665.0,1665.0,0.0,51.615,0.0,,,210.00000018768196,5.684341886080802e-14,90.30000008070324,3.0,1088.1598149135277,0.0,0.0,0.0,110.5570371952144
26,1,27,0.1016,0.0,1088.159814913527,,,,0,0.0,1,1875.0,1875.0,-0.0,300.0,62.25,0.0,,,282.3468749999972,1875.0,1800.0,75.0,1875.0,0.0,1.0,0.0,0.0,0.156859375,94.115625,0.96,625.0,600.0,25.0,1.0,0.0,0.0,0.15685937500000005,94.11562500000004,0.96,625.0,600.0,25.0,1.0,0.0,0.0,0.1568593749999999,94.11562499999995,0.96,625.0,600.0,25.0,,,,637.6479399135297,1800.0,1665.0,135.00000018767923,1800.0000001876792,0.0,1.0,0.0,0.0,0.38297173571429544,212.54931332143397,0.9249999997106612,600.0000001876792,555.0,45.000000187679234,1.0,0.0,0.0,0.3829717356685547,212.54931329604784,0.925,600.0,555.0,45.0,1.0,0.0,0.0,0.3829717356685547,212.54931329604784,0.925,600.0,555.0,45.0,0.0,0.0,0.0,0.08724817754776787,0.0,0.8800000000000001,0.0,0.0,0.0,1.0,,,0.101,168.16500000000002,1665.0,1665.0,0.0,51.615,0.0,,,210.00000018767923,5.684341886080802e-14,90.30000008070206,3.0,1088.159814913527,0.0,0.0,0.0,110.55703719521435
27,1,28,0.1016,0.0,1088.1598149135268,,,,0,0.0,1,1875.0,1875.0,-0.0,300.0,62.25,0.0,,,282.346874999997,1875.0,1800.0,75.0,1875.0,0.0,1.0,0.0,0.0,0.15685937500000005,94.11562500000004,0.96,625.0,600.0,25.0,1.0,0.0,0.0,0.15685937499999994,94.11562499999997,0.96,625.0,600.0,25.0,1.0,0.0,0.0,0.15685937499999994,94.11562499999997,0.96,625.0,600.0,25.0,,,,637.6479399135297,1800.0,1665.0,135.0000001876797,1800.0000001876797,0.0,1.0,0.0,0.0,0.3829717356685547,212.54931329604784,0.925,600.0,555.0,45.0,1.0,0.0,0.0,0.38297173571429555,212.54931332143403,0.9249999997106605,600.0000001876797,555.0,45.00000018767969,1.0,0.0,0.0,0.3829717356685547,212.54931329604784,0.925,600.0,555.0,45.0,0.0,0.0,0.0,0.08724817754776787,0.0,0.8800000000000001,0.0,0.0,0.0,1.0,,,0.101,168.16500000000002,1665.0,1665.0,0.0,51.615,0.0,,,210.0000001876797,5.684341886080802e-14,90.30000008070226,3.0,1088.1598149135268,0.0,0.0,0.0,110.55703719521432
28,1,29,0.1016,0.0,1088.159814888141,,,,0,0.0,1,1875.0,1875.0,-0.0,300.0,62.25,0.0,,,282.3468749999972,1875.0,1800.0,75.0,1875.0,0.0,1.0,0.0,0.0,0.156859375,94.115625,0.96,625.0,600.0,25.0,1.0,0.0,0.0,0.156859375,94.115625,0.96,625.0,600.0,25.0,1.0,0.0,0.0,0.15685937499999994,94.11562499999997,0.96,625.0,600.0,25.0,,,,637.6479398881437,1800.0,1665.0,135.0,1800.0,-0.0,1.0,0.0,0.0,0.3829717356685547,212.54931329604784,0.925,600.0,555.0,45.0,1.0,0.0,0.0,0.3829717356685547,212.54931329604784,0.925,600.0,555.0,45.0,1.0,0.0,0.0,0.3829717356685547,212.54931329604784,0.925,600.0,555.0,45.0,0.0,0.0,0.0,0.08724817754776787,0.0,0.8800000000000001,0.0,0.0,0.0,1.0,,,0.101,168.16500000000002,1665.0,1665.0,0.0,51.615,0.0,,,210.0,5.684341886080802e-14,90.3,3.0,1088.159814888141,0.0,0.0,0.0,110.55703719263512
29,1,30,0.1016,0.0,1088.1598149389147,,,,0,0.0,1,1875.0,1875.0,-0.0,300.0,62.25,0.0,,,282.3468749999972,1875.0,1800.0,75.0,1875.0,0.0,1.0,0.0,0.0,0.15685937499999997,94.11562499999998,0.96,625.0,600.0,25.0,1.0,0.0,0.0,0.156859375,94.115625,0.96,625.0,600.0,25.0,1.0,0.0,0.0,0.156859375,94.115625,0.96,625.0,600.0,25.0,,,,637.6479399389174,1800.0,1665.0,135.0000003753696,1800.0000003753696,0.0,1.0,0.0,0.0,0.38297173571429677,212.5493133214347,0.9249999997106526,600.0000001876848,555.0,45.000000187684805,1.0,0.0,0.0,0.38297173571429677,212.5493133214347,0.9249999997106526,600.0000001876848,555.0,45.000000187684805,1.0,0.0,0.0,0.3829717356685547,212.54931329604784,0.925,600.0,555.0,45.0,0.0,0.0,0.0,0.08724817754776787,0.0,0.8800000000000001,0.0,0.0,0.0,1.0,,,0.101,168.16500000000002,1665.0,1665.0,0.0,51.615,0.0,,,210.0000003753696,5.684341886080802e-14,90.30000016140893,3.0,1088.1598149389147,0.0,0.0,0.0,110.55703719779373
30,1,31,0.1016,0.0,1088.1598149643012,,,,0,0.0,1,1875.0,1875.0,-0.0,300.0,62.25,0.0,,,282.3468749999972,1875.0,1800.0,75.0,1875.0,0.0,1.0,0.0,0.0,0.1568593750000001,94.11562500000007,0.96,625.0,600.0,25.0,1.0,0.0,0.0,0.15685937499999994,94.11562499999997,0.96,625.0,600.0,25.0,1.0,0.0,0.0,0.15685937499999997,94.11562499999998,0.96,625.0,600.0,25.0,,,,637.647939964304,1800.0,1665.0,135.0000005630527,1800.0000005630527,0.0,1.0,0.0,0.0,0.38297173571429666,212.54931332143465,0.9249999997106535,600.0000001876842,555.0,45.000000187684236,1.0,0.0,0.0,0.3829717357142966,212.54931332143462,0.9249999997106534,600.0000001876842,555.0,45.000000187684236,1.0,0.0,0.0,0.3829717357142966,212.54931332143462,0.9249999997106534,600.0000001876842,555.0,45.000000187684236,0.0,0.0,0.0,0.08724817754776787,0.0,0.8800000000000001,0.0,0.0,0.0,1.0,,,0.101,168.16500000000002,1665.0,1665.0,0.0,51.615,0.0,,,210.0000005630527,-5.684341886080802e-14,90.30000024211266,3.0,1088.1598149643012,0.0,0.0,0.0,110.55703720037299
31,1,32,0.1016,0.0,1088.1598149135275,,,,0,0.0,1,1875.0,1875.0,-0.0,300.0,62.25,0.0,,,282.3468749999972,1875.0,1800.0,75.0,1875.0,0.0,1.0,0.0,0.0,0.15685937500000005,94.11562500000004,0.96,625.0,600.0,25.0,1.0,0.0,0.0,0.1568593750000001,94.11562500000007,0.96,625.0,600.0,25.0,1.0,0.0,0.0,0.15685937499999997,94.11562499999998,0.96,625.0,600.0,25.0,,,,637.6479399135302,1800.0,1665.0,135.00000018768196,1800.000000187682,0.0,1.0,0.0,0.0,0.38297173571429605,212.5493133214343,0.9249999997106569,600.000000187682,555.0,45.00000018768196,1.0,0.0,0.0,0.3829717356685547,212.54931329604784,0.925,600.0,555.0,45.0,1.0,0.0,0.0,0.3829717356685547,212.54931329604784,0.925,600.0,555.0,45.0,0.0,0.0,0.0,0.08724817754776787,0.0,0.8800000000000001,0.0,0.0,0.0,1.0,,,0.101,168.16500000000002,1665.0,1665.0,0.0,51.615,0.0,,,210.00000018768196,5.684341886080802e-14,90.30000008070324,3.0,1088.1598149135275,0.0,0.0,0.0,110.55703719521439
32,1,33,0.1016,0.0,1088.1598149389145,,,,0,0.0,1,1875.0,1875.0,-0.0,300.0,62.25,0.0,,,282.346874999997,1875.0,1800.0,75.0,1875.0,0.0,1.0,0.0,0.0,0.15685937499999997,94.11562499999998,0.96,625.0,600.0,25.0,1.0,0.0,0.0,0.156859375,94.115625,0.96,625.0,600.0,25.0,1.0,0.0,0.0,0.15685937499999986,94.11562499999991,0.96,625.0,600.0,25.0,,,,637.6479399389174,1800.0,1665.0,135.00000037536927,1800.0000003753694,0.0,1.0,0.0,0.0,0.38297173571429666,212.54931332143465,0.9249999997106532,600.0000001876845,555.0,45.00000018768446,1.0,0.0,0.0,0.3829717356685547,212.54931329604784,0.925,600.0,555.0,45.0,1.0,0.0,0.0,0.38297173571429677,212.5493133214347,0.9249999997106526,600.0000001876848,555.0,45.000000187684805,0.0,0.0,0.0,0.08724817754776787,0.0,0.8800000000000001,0.0,0.0,0.0,1.0,,,0.101,168.16500000000002,1665.0,1665.0,0.0,51.615,0.0,,,210.00000037536927,5.684341886080802e-14,90.30000016140879,3.0,1088.1598149389145,0.0,0.0,0.0,110.5570371977937
33,1,34,0.1016,0.0,1088.1598149389147,,,,0,0.0,1,1875.0,1875.0,-0.0,300.0,62.25,0.0,,,282.3468749999972,1875.0,1800.0,75.0,1875.0,0.0,1.0,0.0,0.0,0.15685937499999997,94.11562499999998,0.96,625.0,600.0,25.0,1.0,0.0,0.0,0.156859375,94.115625,0.96,625.0,600.0,25.0,1.0,0.0,0.0,0.156859375,94.115625,0.96,625.0,600.0,25.0,,,,637.6479399389174,1800.0,1665.0,135.0000003753695,1800.0000003753694,0.0,1.0,0.0,0.0,0.3829717356685547,212.54931329604784,0.925,600.0,555.0,45.0,1.0,0.0,0.0,0.38297173571429677,212.5493133214347,0.9249999997106526,600.0000001876848,555.0,45.000000187684805,1.0,0.0,0.0,0.3829717357142967,212.54931332143468,0.9249999997106527,600.0000001876847,555.0,45.00000018768469,0.0,0.0,0.0,0.08724817754776787,0.0,0.8800000000000001,0.0,0.0,0.0,1.0,,,0.101,168.16500000000002,1665.0,1665.0,0.0,51.615,0.0,,,210.0000003753695,5.684341886080802e-14,90.30000016140889,3.0,1088.1598149389147,0.0,0.0,0.0,110.55703719779373
34,1,35,0.1016,0.0,1088.1598148881408,,,,0,0.0,1,1875.0,1875.0,-0.0,300.0,62.25,0.0,,,282.346874999997,1875.0,1800.0,75.0,1875.0,0.0,1.0,0.0,0.0,0.156859375,94.115625,0.96,625.0,600.0,25.0,1.0,0.0,0.0,0.156859375,94.115625,0.96,625.0,600.0,25.0,1.0,0.0,0.0,0.15685937500000002,94.11562500000001,0.96,625.0,600.0,25.0,,,,637.6479398881437,1800.0,1665.0,135.0,1800.0,-0.0,1.0,0.0,0.0,0.3829717356685547,212.54931329604784,0.925,600.0,555.0,45.0,1.0,0.0,0.0,0.3829717356685547,212.54931329604784,0.925,600.0,555.0,45.0,1.0,0.0,0.0,0.3829717356685547,212.54931329604784,0.925,600.0,555.0,45.0,0.0,0.0,0.0,0.08724817754776787,0.0,0.8800000000000001,0.0,0.0,0.0,1.0,,,0.101,168.16500000000002,1665.0,1665.0,0.0,51.615,0.0,,,210.0,5.684341886080802e-14,90.3,3.0,1088.1598148881408,0.0,0.0,0.0,110.5570371926351
35,1,36,0.1016,0.0,1088.159814888141,,,,0,0.0,1,1875.0,1875.0,-0.0,300.0,62.25,0.0,,,282.3468749999972,1875.0,1800.0,75.0,1875.0,0.0,1.0,0.0,0.0,0.1568593750000001,94.11562500000007,0.96,625.0,600.0,25.0,1.0,0.0,0.0,0.15685937500000005,94.11562500000004,0.96,625.0,600.0,25.0,1.0,0.0,0.0,0.1568593749999999,94.11562499999995,0.96,625.0,600.0,25.0,,,,637.6479398881437,1800.0,1665.0,135.0,1800.0,-0.0,1.0,0.0,0.0,0.3829717356685547,212.54931329604784,0.925,600.0,555.0,45.0,1.0,0.0,0.0,0.3829717356685547,212.54931329604784,0.925,600.0,555.0,45.0,1.0,0.0,0.0,0.3829717356685547,212.54931329604784,0.925,600.0,555.0,45.0,0.0,0.0,0.0,0.08724817754776787,0.0,0.8800000000000001,0.0,0.0,0.0,1.0,,,0.101,168.16500000000002,1665.0,1665.0,0.0,51.615,0.0,,,210.0,5.684341886080802e-14,90.3,3.0,1088.159814888141,0.0,0.0,0.0,110.55703719263512
36,1,37,0.1016,0.0,1088.1598148881408,,,,0,0.0,1,1875.0,1875.0,-0.0,300.0,62.25,0.0,,,282.346874999997,1875.0,1800.0,75.0,1875.0,0.0,1.0,0.0,0.0,0.156859375,94.115625,0.96,625.0,600.0,25.0,1.0,0.0,0.0,0.15685937500000002,94.11562500000001,0.96,625.0,600.0,25.0,1.0,0.0,0.0,0.1568593749999999,94.11562499999995,0.96,625.0,600.0,25.0,,,,637.6479398881437,1800.0,1665.0,135.0,1800.0,-0.0,1.0,0.0,0.0,0.3829717356685547,212.54931329604784,0.925,600.0,555.0,45.0,1.0,0.0,0.0,0.3829717356685547,212.54931329604784,0.925,600.0,555.0,45.0,1.0,0.0,0.0,0.3829717356685547,212.54931329604784,0.925,600.0,555.0,45.0,0.0,0.0,0.0,0.08724817754776787,0.0,0.8800000000000001,0.0,0.0,0.0,1.0,,,0.101,168.16500000000002,1665.0,1665.0,0.0,51.615,0.0,,,210.0,5.684341886080802e-14,90.3,3.0,1088.1598148881408,0.0,0.0,0.0,110.5570371926351
37,1,38,0.1016,0.0,1088.1598149135275,,,,0,0.0,1,1875.0,1875.0,-0.0,300.0,62.25,0.0,,,282.3468749999972,1875.0,1800.0,75.0,1875.0,0.0,1.0,0.0,0.0,0.15685937500000005,94.11562500000004,0.96,625.0,600.0,25.0,1.0,0.0,0.0,0.15685937499999997,94.11562499999998,0.96,625.0,600.0,25.0,1.0,0.0,0.0,0.1568593749999999,94.11562499999995,0.96,625.0,600.0,25.0,,,,637.6479399135302,1800.0,1665.0,135.0000001876823,1800.0000001876824,0.0,1.0,0.0,0.0,0.3829717357142961,212.54931332143434,0.9249999997106564,600.0000001876823,555.0,45.0000001876823,1.0,0.0,0.0,0.3829717356685547,212.54931329604784,0.925,600.0,555.0,45.0,1.0,0.0,0.0,0.3829717356685547,212.54931329604784,0.925,600.0,555.0,45.0,0.0,0.0,0.0,0.08724817754776787,0.0,0.8800000000000001,0.0,0.0,0.0,1.0,,,0.101,168.16500000000002,1665.0,1665.0,0.0,51.615,0.0,,,210.0000001876823,5.684341886080802e-14,90.30000008070338,3.0,1088.1598149135275,0.0,0.0,0.0,110.55703719521439
38,1,39,0.1016,0.0,1088.159814938915,,,,0,0.0,1,1875.0,1875.0,-0.0,300.0,62.25,0.0,,,282.3468749999977,1875.0,1800.0,75.0,1875.0,0.0,1.0,0.0,0.0,0.15685937500000005,94.11562500000004,0.96,625.0,600.0,25.0,1.0,0.0,0.0,0.1568593750000001,94.11562500000007,0.96,625.0,600.0,25.0,1.0,0.0,0.0,0.15685937500000002,94.11562500000001,0.96,625.0,600.0,25.0,,,,637.6479399389173,1800.0,1665.0,135.00000037536847,1800.0000003753685,0.0,1.0,0.0,0.0,0.3829717356685547,212.54931329604784,0.925,600.0,555.0,45.0,1.0,0.0,0.0,0.38297173571429666,212.54931332143465,0.9249999997106535,600.0000001876842,555.0,45.000000187684236,1.0,0.0,0.0,0.3829717357142966,212.54931332143462,0.9249999997106534,600.0000001876842,555.0,45.000000187684236,0.0,0.0,0.0,0.08724817754776787,0.0,0.8800000000000001,0.0,0.0,0.0,1.0,,,0.101,168.16500000000002,1665.0,1665.0,0.0,51.615,0.0,,,210.00000037536847,-5.684341886080802e-14,90.30000016140845,3.0,1088.159814938915,0.0,0.0,0.0,110.55703719779375
39,1,40,0.1016,0.0,1088.1598149389147,,,,0,0.0,1,1875.0,1875.0,-0.0,300.0,62.25,0.0,,,282.3468749999972,1875.0,1800.0,75.0,1875.0,0.0,1.0,0.0,0.0,0.15685937500000005,94.11562500000004,0.96,625.0,600.0,25.0,1.0,0.0,0.0,0.156859375,94.115625,0.96,625.0,600.0,25.0,1.0,0.0,0.0,0.15685937500000002,94.11562500000001,0.96,625.0,600.0,25.0,,,,637.6479399389174,1800.0,1665.0,135.0000003753695,1800.0000003753694,0.0,1.0,0.0,0.0,0.38297173571429677,212.5493133214347,0.9249999997106526,600.0000001876848,555.0,45.000000187684805,1.0,0.0,0.0,0.3829717357142967,212.54931332143468,0.9249999997106527,600.0000001876847,555.0,45.00000018768469,1.0,0.0,0.0,0.3829717356685547,212.54931329604784,0.925,600.0,555.0,45.0,0.0,0.0,0.0,0.08724817754776787,0.0,0.8800000000000001,0.0,0.0,0.0,1.0,,,0.101,168.16500000000002,1665.0,1665.0,0.0,51.615,0.0,,,210.0000003753695,5.684341886080802e-14,90.30000016140889,3.0,1088.1598149389147,0.0,0.0,0.0,110.55703719779373
40,1,41,0.1016,0.0,725.4398766428656,,,,0,0.0,1,1250.0,1250.0,-0.0,200.0,41.5,0.0,,,188.23124999999732,1250.0,1200.0,50.0,1250.0,0.0,1.0,0.0,0.0,0.15685937500000016,94.1156250000001,0.96,625.0,600.0,25.0,1.0,0.0,0.0,0.156859375,94.115625,0.96,625.0,600.0,25.0,0.0,0.0,1.0,0.271,0.0,0.96,0.0,0.0,-0.0,,,,425.0986266428682,1200.0,1110.0,90.0000003753604,1200.0000003753603,0.0,1.0,0.0,0.0,0.3829717357142956,212.54931332143406,0.9249999997106599,600.00000018768,555.0,45.00000018768003,1.0,0.0,0.0,0.38297173571429566,212.54931332143408,0.9249999997106594,600.0000001876804,555.0,45.00000018768037,0.0,0.0,1.0,0.08724817754776784,0.0,0.88,0.0,0.0,0.0,0.0,0.0,0.0,0.08724817754776784,0.0,0.88,0.0,0.0,0.0,1.0,,,0.101,112.11000000000001,1110.0,1110.0,0.0,34.41,0.0,,,140.0000003753604,0.0,60.20000016140497,2.0,725.4398766428656,0.0,0.0,0.0,73.70469146691514
41,1,42,0.15246,0.0,-4.3803419482661525e-16,,,,0,0.0,1,0.0,0.0,-0.0,0.0,0.0,0.0,,,-4.3803419482661525e-16,0.0,0.0,0.0,0.0,0.0,0.0,0.0,1.0,0.271,0.0,0.96,0.0,0.0,-0.0,0.0,0.0,1.0,0.271,0.0,0.96,0.0,0.0,-0.0,0.0,0.0,0.0,0.271,0.0,0.96,0.0,0.0,-0.0,,,,0.0,0.0,0.0,0.0,0.0,0.0,0.0,0.0,1.0,0.08724817754776784,0.0,0.88,0.0,0.0,0.0,0.0,0.0,1.0,0.08724817754776784,0.0,0.88,0.0,0.0,0.0,0.0,0.0,0.0,0.08724817754776784,0.0,0.88,0.0,0.0,0.0,0.0,0.0,0.0,0.08724817754776784,0.0,0.88,0.0,0.0,0.0,1.0,,,0.101,0.0,0.0,-0.0,0.0,0.0,0.0,,,0.0,0.0,0.0,0.0,-4.3803419482661525e-16,-0.0,0.0,-0.0,-6.678269334326576e-17
42,1,43,0.15246,0.0,-4.3803419482661525e-16,,,,0,0.0,1,0.0,0.0,-0.0,0.0,0.0,0.0,,,-4.3803419482661525e-16,0.0,0.0,0.0,0.0,0.0,0.0,0.0,0.0,0.271,0.0,0.96,0.0,0.0,-0.0,0.0,0.0,0.0,0.271,0.0,0.96,0.0,0.0,-0.0,0.0,0.0,0.0,0.271,0.0,0.96,0.0,0.0,-0.0,,,,0.0,0.0,0.0,0.0,0.0,0.0,0.0,0.0,0.0,0.08724817754776784,0.0,0.88,0.0,0.0,0.0,0.0,0.0,0.0,0.08724817754776784,0.0,0.88,0.0,0.0,0.0,0.0,0.0,0.0,0.08724817754776784,0.0,0.88,0.0,0.0,0.0,0.0,0.0,0.0,0.08724817754776784,0.0,0.88,0.0,0.0,0.0,1.0,,,0.101,0.0,0.0,-0.0,0.0,0.0,0.0,,,0.0,0.0,0.0,0.0,-4.3803419482661525e-16,-0.0,0.0,-0.0,-6.678269334326576e-17
43,1,44,0.15246,0.0,-4.3803419482661525e-16,,,,0,0.0,1,0.0,0.0,-0.0,0.0,0.0,0.0,,,-4.3803419482661525e-16,0.0,0.0,0.0,0.0,0.0,0.0,0.0,0.0,0.271,0.0,0.96,0.0,0.0,-0.0,0.0,0.0,0.0,0.271,0.0,0.96,0.0,0.0,-0.0,0.0,0.0,0.0,0.271,0.0,0.96,0.0,0.0,-0.0,,,,0.0,0.0,0.0,0.0,0.0,0.0,0.0,0.0,0.0,0.08724817754776784,0.0,0.88,0.0,0.0,0.0,0.0,0.0,0.0,0.08724817754776784,0.0,0.88,0.0,0.0,0.0,0.0,0.0,0.0,0.08724817754776784,0.0,0.88,0.0,0.0,0.0,0.0,0.0,0.0,0.08724817754776784,0.0,0.88,0.0,0.0,0.0,1.0,,,0.101,0.0,0.0,-0.0,0.0,0.0,0.0,,,0.0,0.0,0.0,0.0,-4.3803419482661525e-16,-0.0,0.0,-0.0,-6.678269334326576e-17
44,1,45,0.15246,0.0,-4.380291126289317e-16,,,,0,0.0,1,0.0,0.0,-0.0,0.0,0.0,0.0,,,-4.380291126289317e-16,0.0,0.0,0.0,0.0,0.0,0.0,0.0,0.0,0.271,0.0,0.96,0.0,0.0,-0.0,0.0,0.0,0.0,0.271,0.0,0.96,0.0,0.0,-0.0,0.0,0.0,0.0,0.271,0.0,0.96,0.0,0.0,-0.0,,,,0.0,0.0,0.0,0.0,0.0,0.0,0.0,0.0,0.0,0.08724817754776784,0.0,0.88,0.0,0.0,0.0,0.0,0.0,0.0,0.08724817754776784,0.0,0.88,0.0,0.0,0.0,0.0,0.0,0.0,0.08724817754776784,0.0,0.88,0.0,0.0,0.0,0.0,0.0,0.0,0.08724817754776784,0.0,0.88,0.0,0.0,0.0,1.0,,,0.101,0.0,0.0,-0.0,0.0,0.0,0.0,,,0.0,0.0,0.0,0.0,-4.380291126289317e-16,-0.0,0.0,-0.0,-6.678191851140693e-17
45,1,46,0.15246,0.0,-4.3803250076072074e-16,,,,0,0.0,1,0.0,0.0,-0.0,0.0,0.0,0.0,,,-4.3803250076072074e-16,0.0,0.0,0.0,0.0,0.0,0.0,0.0,0.0,0.271,0.0,0.96,0.0,0.0,-0.0,0.0,0.0,0.0,0.271,0.0,0.96,0.0,0.0,-0.0,0.0,0.0,0.0,0.271,0.0,0.96,0.0,0.0,-0.0,,,,0.0,0.0,0.0,0.0,0.0,0.0,0.0,0.0,0.0,0.08724817754776784,0.0,0.88,0.0,0.0,0.0,0.0,0.0,0.0,0.08724817754776784,0.0,0.88,0.0,0.0,0.0,0.0,0.0,0.0,0.08724817754776784,0.0,0.88,0.0,0.0,0.0,0.0,0.0,0.0,0.08724817754776784,0.0,0.88,0.0,0.0,0.0,1.0,,,0.101,0.0,0.0,-0.0,0.0,0.0,0.0,,,0.0,0.0,0.0,0.0,-4.3803250076072074e-16,-0.0,0.0,-0.0,-6.678243506597949e-17
46,1,47,0.1016,0.0,569.0854513442426,,,,0,0.0,1,1083.3333333333333,1083.3333333333333,-0.0,173.33333333333331,35.96666666666666,0.0,,,167.74152777777522,1083.3333333333333,1040.0,43.33333333333326,1083.3333333333333,0.0,1.0,1.0,0.0,0.16128993055555566,83.87076388888894,0.96,541.6666666666666,520.0,21.66666666666663,1.0,1.0,0.0,0.16128993055555554,83.87076388888889,0.96,541.6666666666666,520.0,21.66666666666663,0.0,0.0,0.0,0.271,0.0,0.96,0.0,0.0,-0.0,,,,308.9087235664674,1040.0,915.2,124.79999999999995,1040.0,-0.0,1.0,1.0,0.0,0.3375313850158078,154.45436178323365,0.88,520.0,457.6,62.39999999999998,1.0,1.0,0.0,0.3375313850158078,154.45436178323365,0.88,520.0,457.6,62.39999999999998,0.0,0.0,0.0,0.08724817754776787,0.0,0.8800000000000001,0.0,0.0,0.0,0.0,0.0,0.0,0.08724817754776787,0.0,0.8800000000000001,0.0,0.0,0.0,0.0,,,0.101,92.43520000000001,915.2,0.0,915.2,28.3712,1.0,,,1083.3333333333333,0.0,465.8333333333333,2.0,569.0854513442426,0.0,0.0,0.0,57.81908185657505
47,1,48,0.1016,0.0,1388.0488828800503,,,,0,0.0,1,2422.137456681327,2422.137456681327,-0.0,387.54199306901234,80.41496356182006,0.0,,,369.6983830723617,2422.137456681327,2325.2519584140737,96.88549826725318,2422.137456681327,0.0,1.0,0.0,0.0,0.16127589163168557,131.17728782140856,0.96,847.2624566811237,813.3719584138787,33.89049826724499,1.0,0.0,0.0,0.15776456812109196,119.26054762545239,0.96,787.4374999999612,755.9399999999628,31.497499999998468,1.0,1.0,0.0,0.15776456812110454,119.26054762550437,0.96,787.4375000002418,755.9400000002321,31.497500000009722,,,,801.6800520078667,2325.2519584140737,2145.251958414078,180.00000037635857,2325.251958790436,0.0,1.0,0.0,0.0,0.3787261598100139,206.9826837550692,0.9239252324594232,591.5233347758825,546.5233345879805,45.00000018790206,1.0,0.0,0.0,0.37872615976480606,206.98268373036214,0.923925232752916,591.5233345879802,546.5233345879807,44.999999999999545,1.0,1.0,0.0,0.36847817480568457,193.8573422496653,0.9212050575776654,571.1026446190336,526.1026446190339,44.99999999999977,1.0,1.0,0.0,0.36847817484956696,193.85734227277004,0.921205057273685,571.1026448075402,526.102644619083,45.00000018845719,1.0,,,0.101,216.67044779982191,2145.251958414078,2145.251958414078,0.0,66.50281071083643,0.0,,,276.88549864361175,-2.842170943040401e-14,119.06076441675306,4.0,1388.0488828800503,0.0,-0.0,0.0,141.02576650061312
48,1,49,0.1016,0.0,1388.0488829029148,,,,0,0.0,1,2422.1374566811105,2422.1374566811105,-0.0,387.5419930689777,80.41496356181287,0.0,,,369.69838307232214,2422.1374566811105,2325.2519584138663,96.88549826724443,2422.1374566811105,0.0,1.0,0.0,0.0,0.16127589163168554,131.17728782140853,0.96,847.2624566811237,813.3719584138787,33.89049826724499,1.0,0.0,0.0,0.157764568121092,119.26054762545213,0.96,787.4374999999594,755.9399999999611,31.497499999998354,1.0,0.0,0.0,0.1577645681210949,119.26054762546461,0.96,787.4375000000273,755.9400000000262,31.497500000001082,,,,801.6800520307835,2325.2519584138663,2145.251958413952,180.00000056422914,2325.2519589781805,0.0,1.0,0.0,0.0,0.3787261597647144,206.98268373024544,0.9239252327529164,591.5233345877897,546.5233345878048,44.99999999998488,1.0,0.0,0.0,0.3787261598099685,206.98268375504432,0.9239252324597178,591.5233347756938,546.5233345879803,45.000000187713454,1.0,0.0,0.0,0.36847817484952317,193.8573422727481,0.9212050572739992,571.1026448073486,526.1026446190859,45.000000188262675,1.0,0.0,0.0,0.3684781748495217,193.85734227274537,0.9212050572739896,571.1026448073487,526.1026446190806,45.00000018826813,1.0,,,0.101,216.67044779980915,2145.251958413952,2145.251958413952,0.0,66.5028107108325,0.0,,,276.88549883147357,0.0,119.06076449753364,4.0,1388.0488829029148,0.0,-0.0,0.0,141.02576650293614
49,1,50,0.1016,0.0,1388.0488829029896,,,,0,0.0,1,2422.1374566811755,2422.1374566811755,-0.0,387.5419930689881,80.41496356181503,0.0,,,369.6983830723343,2422.1374566811755,2325.2519584139286,96.88549826724716,2422.1374566811755,0.0,1.0,0.0,0.0,0.16127589163168554,131.17728782140853,0.96,847.2624566811237,813.3719584138787,33.89049826724499,1.0,0.0,0.0,0.157764568121095,119.26054762546435,0.96,787.4375000000252,755.9400000000242,31.497500000001082,1.0,0.0,0.0,0.15776456812109502,119.26054762546462,0.96,787.4375000000268,755.9400000000257,31.497500000001082,,,,801.6800520308474,2325.2519584139286,2145.251958413938,180.00000056480724,2325.2519589787453,0.0,1.0,0.0,0.0,0.3787261597647228,206.98268373025368,0.9239252327528943,591.5233345878142,546.5233345878145,44.99999999999977,1.0,0.0,0.0,0.3787261598100137,206.98268375506876,0.9239252324594218,591.5233347758825,546.5233345879797,45.000000187902856,1.0,0.0,0.0,0.36847817484955897,193.8573422727608,0.9212050572736912,571.1026448075215,526.1026446190693,45.00000018845219,1.0,0.0,0.0,0.3684781748495616,193.85734227276407,0.9212050572736915,571.1026448075269,526.1026446190745,45.00000018845242,1.0,,,0.101,216.67044779980776,2145.251958413938,2145.251958413938,0.0,66.50281071083208,0.0,,,276.8854988320544,1.4210854715202004e-13,119.06076449778338,4.0,1388.0488829029898,0.0,-0.0,0.0,141.02576650294372
50,1,51,0.1016,0.0,1388.0488828552195,,,,0,0.0,1,2422.1374566813247,2422.1374566813247,-0.0,387.54199306901194,80.41496356181997,0.0,,,369.6983830723675,2422.1374566813247,2325.251958414072,96.88549826725307,2422.1374566813247,0.0,1.0,0.0,0.0,0.16127589163169678,131.17728782144147,0.96,847.2624566812773,813.3719584140262,33.89049826725113,1.0,0.0,0.0,0.15776456812109477,119.26054762546383,0.96,787.4375000000229,755.9400000000219,31.49750000000097,1.0,0.0,0.0,0.15776456812109485,119.26054762546416,0.96,787.4375000000246,755.9400000000236,31.49750000000097,,,,801.6800519830443,2325.251958414072,2145.2519584139372,180.0000001882695,2325.2519586022067,0.0,1.0,0.0,0.0,0.37872615976472424,206.98268373025795,0.9239252327529162,591.5233345878103,546.5233345878237,44.999999999986585,1.0,0.0,0.0,0.3787261597648056,206.98268373036157,0.9239252327529162,591.5233345879793,546.5233345879799,44.99999999999943,1.0,0.0,0.0,0.36847817484951984,193.85734227274028,0.9212050572739626,571.1026448073533,526.1026446190695,45.00000018828382,1.0,0.0,0.0,0.36847817480569967,193.8573422496844,0.9212050575776698,571.1026446190638,526.1026446190641,44.99999999999966,1.0,,,0.101,216.67044779980768,2145.2519584139372,2145.2519584139372,0.0,66.50281071083205,0.0,,,276.88549845552257,0.0,119.06076433587471,4.0,1388.0488828552197,0.0,-0.0,0.0,141.0257664980903
51,1,52,0.1016,0.0,1388.0488828815442,,,,0,0.0,1,2422.137456681162,2422.137456681162,-0.0,387.5419930689859,80.41496356181457,0.0,,,369.6983830723311,2422.137456681162,2325.251958413915,96.88549826724648,2422.137456681162,0.0,1.0,0.0,0.0,0.16127589163168554,131.17728782140853,0.96,847.2624566811237,813.3719584138787,33.89049826724499,1.0,0.0,0.0,0.1577645681210946,119.26054762546312,0.96,787.4375000000189,755.9400000000181,31.49750000000074,1.0,0.0,0.0,0.15776456812109457,119.26054762546313,0.96,787.4375000000191,755.9400000000184,31.49750000000074,,,,801.6800520094058,2325.251958413915,2145.2519584139345,180.0000003757989,2325.2519587897336,0.0,1.0,0.0,0.0,0.378726159809991,206.98268375503932,0.9239252324594167,591.523334775837,546.5233345879346,45.0000001879024,1.0,0.0,0.0,0.37872615980995605,206.98268375499373,0.9239252324594075,591.5233347757674,546.5233345878647,45.00000018790263,1.0,0.0,0.0,0.36847817480570155,193.8573422496877,0.9212050575776796,571.1026446190644,526.1026446190704,44.99999999999409,1.0,0.0,0.0,0.3684781748057002,193.85734224968502,0.9212050575776697,571.1026446190648,526.102644619065,44.99999999999977,1.0,,,0.101,216.6704477998074,2145.2519584139345,2145.2519584139345,0.0,66.50281071083197,0.0,,,276.88549864304537,-1.7053025658242404e-13,119.0607644165095,4.0,1388.048882881544,0.0,-0.0,0.0,141.0257665007649
52,1,53,0.1016,0.0,1388.048882856664,,,,0,0.0,1,2422.1374566809613,2422.1374566809613,-0.0,387.54199306895384,80.41496356180792,0.0,,,369.698383072296,2422.1374566809613,2325.2519584137226,96.88549826723852,2422.1374566809613,0.0,1.0,0.0,0.0,0.1612758916316856,131.1772878214087,0.96,847.2624566811244,813.3719584138794,33.89049826724499,1.0,0.0,0.0,0.1577645681210901,119.2605476254444,0.96,787.4374999999178,755.939999999921,31.497499999996762,1.0,0.0,0.0,0.15776456812109008,119.26054762544457,0.96,787.437499999919,755.9399999999223,31.497499999996762,,,,801.6800519845797,2325.2519584137226,2145.2519584137444,180.00000018789694,2325.251958601641,0.0,1.0,0.0,0.0,0.37872615976478313,206.98268373033233,0.9239252327529106,591.5233345879344,546.5233345879351,44.99999999999932,1.0,0.0,0.0,0.3787261598099917,206.98268375503994,0.923925232459415,591.5233347758389,546.5233345879353,45.00000018790354,1.0,0.0,0.0,0.36847817480569356,193.8573422496766,0.9212050575776679,571.1026446190515,526.1026446190517,44.99999999999977,1.0,0.0,0.0,0.36847817480557693,193.8573422495307,0.921205057577645,571.1026446188165,526.1026446188222,44.999999999994316,1.0,,,0.101,216.6704477997882,2145.2519584137444,2145.2519584137444,0.0,66.50281071082608,0.0,,,276.88549845513546,1.4210854715202004e-13,119.06076433570824,4.0,1388.0488828566642,0.0,-0.0,0.0,141.02576649823706
53,1,54,0.1016,0.0,1388.0488828319603,,,,0,0.0,1,2422.137456680959,2422.137456680959,-0.0,387.54199306895345,80.41496356180784,0.0,,,369.69838307229486,2422.137456680959,2325.2519584137203,96.88549826723852,2422.137456680959,0.0,1.0,0.0,0.0,0.16127589163168546,131.17728782140847,0.96,847.2624566811237,813.3719584138787,33.89049826724499,1.0,0.0,0.0,0.1577645681210901,119.2605476254443,0.96,787.4374999999172,755.9399999999205,31.497499999996762,1.0,0.0,0.0,0.15776456812109002,119.26054762544437,0.96,787.437499999918,755.9399999999213,31.497499999996762,,,,801.6800519598763,2325.2519584137203,2145.251958413755,179.99999999998772,2325.251958413742,-2.1827872842550278e-11,1.0,0.0,0.0,0.37872615976473845,206.98268373027403,0.9239252327528984,591.5233345878454,546.5233345878456,44.99999999999977,1.0,0.0,0.0,0.37872615976478297,206.98268373033213,0.9239252327529102,591.5233345879343,546.5233345879348,44.999999999999545,1.0,0.0,0.0,0.36847817480569384,193.85734224967797,0.9212050575776775,571.1026446190491,526.102644619055,44.99999999999409,1.0,0.0,0.0,0.36847817480562567,193.8573422495921,0.9212050575776584,571.1026446189136,526.1026446189193,44.999999999994316,1.0,,,0.101,216.67044779978926,2145.251958413755,2145.251958413755,0.0,66.5028107108264,0.0,,,276.8854982672044,-1.1368683772161603e-13,119.06076425489789,4.0,1388.0488828319603,0.0,-0.0,0.0,141.02576649572717
54,1,55,0.1016,0.0,1388.0488828799562,,,,0,0.0,1,2422.1374566812087,2422.1374566812087,-0.0,387.5419930689934,80.41496356181614,0.0,,,369.69838307234136,2422.1374566812087,2325.2519584139604,96.88549826724841,2422.1374566812087,0.0,1.0,0.0,0.0,0.1612758916316895,131.17728782142,0.96,847.2624566811769,813.3719584139297,33.89049826724715,1.0,0.0,0.0,0.1577645681210945,119.26054762546255,0.96,787.4375000000157,755.9400000000151,31.497500000000628,1.0,0.0,0.0,0.15776456812109435,119.2605476254625,0.96,787.437500000016,755.9400000000154,31.497500000000628,,,,801.6800520078026,2325.2519584139604,2145.2519584139814,180.00000037634993,2325.251958790331,0.0,1.0,0.0,0.0,0.3787261598099906,206.98268375503886,0.9239252324594178,591.5233347758358,546.5233345879341,45.00000018790172,1.0,0.0,0.0,0.37872615976478274,206.9826837303318,0.9239252327529097,591.523334587934,546.5233345879342,44.99999999999977,1.0,0.0,0.0,0.36847817480569334,193.85734224967686,0.9212050575776726,571.1026446190497,526.1026446190527,44.99999999999693,1.0,0.0,0.0,0.36847817484955425,193.85734227275498,0.921205057273691,571.1026448075118,526.1026446190602,45.00000018845151,1.0,,,0.101,216.67044779981214,2145.2519584139814,2145.2519584139814,0.0,66.50281071083342,0.0,,,276.88549864359834,8.526512829121202e-14,119.06076441674729,4.0,1388.048882879956,0.0,-0.0,0.0,141.02576650060354
55,1,56,0.1016,0.0,1388.048882855143,,,,0,0.0,1,2422.1374566810973,2422.1374566810973,-0.0,387.54199306897556,80.41496356181243,0.0,,,369.6983830723209,2422.1374566810973,2325.2519584138536,96.88549826724397,2422.1374566810973,0.0,1.0,0.0,0.0,0.16127589163168551,131.17728782140838,0.96,847.2624566811228,813.3719584138778,33.89049826724499,1.0,0.0,0.0,0.1577645681210932,119.26054762545724,0.96,787.437499999987,755.9399999999875,31.49749999999949,1.0,0.0,0.0,0.1577645681210932,119.2605476254573,0.96,787.4374999999875,755.939999999988,31.49749999999949,,,,801.6800519830213,2325.2519584138536,2145.251958413868,180.00000018845014,2325.251958602318,0.0,1.0,0.0,0.0,0.3787261597647449,206.98268373028245,0.9239252327529001,591.5233345878584,546.5233345878586,44.99999999999977,1.0,0.0,0.0,0.3787261597647492,206.9826837302881,0.9239252327529012,591.523334587867,546.5233345878672,44.99999999999977,1.0,0.0,0.0,0.36847817480568784,193.85734224966947,0.9212050575776664,571.1026446190402,526.1026446190405,44.99999999999977,1.0,0.0,0.0,0.3684781748495749,193.85734227278112,0.9212050572736978,571.1026448075526,526.1026446191017,45.00000018845083,1.0,,,0.101,216.67044779980068,2145.251958413868,2145.251958413868,0.0,66.5028107108299,0.0,,,276.8854984556941,5.684341886080802e-14,119.06076433594846,4.0,1388.048882855143,0.0,-0.0,0.0,141.0257664980825
56,1,57,0.1016,0.0,1388.0488828798543,,,,0,0.0,1,2422.1374566811232,2422.1374566811232,-0.0,387.5419930689797,80.4149635618133,0.0,,,369.69838307232374,2422.1374566811232,2325.251958413878,96.885498267245,2422.1374566811232,0.0,1.0,0.0,0.0,0.1612758916316848,131.17728782140625,0.96,847.2624566811129,813.3719584138684,33.89049826724454,1.0,0.0,0.0,0.15776456812109405,119.26054762546056,0.96,787.4375000000048,755.9400000000046,31.497500000000173,1.0,0.0,0.0,0.1577645681210941,119.2605476254607,0.96,787.4375000000056,755.9400000000053,31.497500000000286,,,,801.6800520077298,2325.251958413878,2145.25195841387,180.00000037635607,2325.251958790226,0.0,1.0,0.0,0.0,0.3787261597647421,206.98268373027878,0.9239252327528993,591.5233345878527,546.5233345878529,44.99999999999977,1.0,0.0,0.0,0.3787261598099507,206.98268375498665,0.9239252324594046,591.5233347757572,546.5233345878537,45.00000018790354,1.0,0.0,0.0,0.3684781748495667,193.8573422727704,0.9212050572736916,571.1026448075374,526.1026446190843,45.0000001884531,1.0,0.0,0.0,0.3684781748057072,193.85734224969386,0.9212050575776718,571.1026446190787,526.102644619079,44.99999999999966,1.0,,,0.101,216.67044779980088,2145.25195841387,2145.25195841387,0.0,66.50281071082996,0.0,,,276.88549864360107,-1.4210854715202004e-13,119.06076441674846,4.0,1388.0488828798543,0.0,-0.0,0.0,141.0257665005932
57,1,58,0.1016,0.0,1388.0488828782318,,,,0,0.0,1,2422.137456681096,2422.137456681096,-0.0,387.5419930689754,80.41496356181239,0.0,,,369.6983830723184,2422.137456681096,2325.251958413852,96.88549826724397,2422.137456681096,0.0,1.0,0.0,0.0,0.16127589163168404,131.17728782140418,0.96,847.2624566811035,813.3719584138593,33.8904982672442,1.0,0.0,0.0,0.15776456812109355,119.26054762545881,0.96,787.4374999999958,755.939999999996,31.49749999999983,1.0,0.0,0.0,0.15776456812109363,119.26054762545901,0.96,787.4374999999967,755.9399999999968,31.497499999999945,,,,801.6800520061103,2325.251958413852,2145.251958413893,180.0000003769054,2325.2519587907987,0.0,1.0,0.0,0.0,0.378726159764742,206.98268373027872,0.9239252327528998,591.5233345878523,546.5233345878529,44.99999999999943,1.0,0.0,0.0,0.3787261597647421,206.98268373027886,0.9239252327528996,591.5233345878527,546.5233345878531,44.999999999999545,1.0,0.0,0.0,0.36847817484954876,193.85734227274781,0.9212050572736868,571.1026448075017,526.1026446190486,45.0000001884531,1.0,0.0,0.0,0.368478174849594,193.85734227280471,0.9212050572736988,571.1026448075918,526.1026446191385,45.00000018845333,1.0,,,0.101,216.6704477998032,2145.251958413893,2145.251958413893,0.0,66.50281071083069,0.0,,,276.8854986441494,-8.526512829121202e-14,119.06076441698423,4.0,1388.0488828782318,0.0,-0.0,0.0,141.02576650042835
58,1,59,0.1016,0.0,1388.0488828551224,,,,0,0.0,1,2422.1374566810946,2422.1374566810946,-0.0,387.54199306897516,80.41496356181234,0.0,,,369.69838307232,2422.1374566810946,2325.251958413851,96.88549826724386,2422.1374566810946,0.0,1.0,0.0,0.0,0.16127589163168396,131.17728782140392,0.96,847.2624566811021,813.371958413858,33.890498267244084,1.0,0.0,0.0,0.15776456812109366,119.26054762545881,0.96,787.4374999999952,755.9399999999954,31.49749999999983,1.0,0.0,0.0,0.15776456812109357,119.2605476254591,0.96,787.4374999999975,755.9399999999976,31.497499999999945,,,,801.6800519830043,2325.251958413851,2145.251958413842,180.00000018844617,2325.251958602288,0.0,1.0,0.0,0.0,0.37872615976475066,206.98268373029,0.9239252327529015,591.52333458787,546.5233345878702,44.99999999999977,1.0,0.0,0.0,0.37872615976474233,206.98268373027912,0.9239252327528997,591.523334587853,546.5233345878535,44.999999999999545,1.0,0.0,0.0,0.3684781748056931,193.857342249677,0.9212050575776772,571.1026446190475,526.1026446190534,44.99999999999409,1.0,0.0,0.0,0.3684781748495568,193.857342272758,0.9212050572736895,571.1026448075175,526.1026446190648,45.00000018845276,1.0,,,0.101,216.67044779979807,2145.251958413842,2145.251958413842,0.0,66.50281071082911,0.0,,,276.88549845569,5.684341886080802e-14,119.06076433594671,4.0,1388.0488828551222,0.0,-0.0,0.0,141.02576649808043
59,1,60,0.1016,0.0,1388.0488828537104,,,,0,0.0,1,2422.1374566811373,2422.1374566811373,-0.0,387.541993068982,80.41496356181376,0.0,,,369.69838307232703,2422.1374566811373,2325.2519584138918,96.88549826724557,2422.1374566811373,0.0,1.0,0.0,0.0,0.16127589163168393,131.17728782140387,0.96,847.2624566811019,813.3719584138578,33.890498267244084,1.0,0.0,0.0,0.15776456812109454,119.26054762546278,0.96,787.437500000017,755.9400000000163,31.49750000000074,1.0,0.0,0.0,0.15776456812109452,119.26054762546299,0.96,787.4375000000185,755.9400000000178,31.49750000000074,,,,801.6800519845616,2325.2519584138918,2145.2519583843746,180.0000003419491,2325.2519587263237,0.0,1.0,0.0,0.0,0.37872615980228763,206.98268375080482,0.9239252325092095,591.5233347438885,546.5233345878702,45.00000015601836,1.0,0.0,0.0,0.37872615976474266,206.9826837302796,0.9239252327529,591.5233345878537,546.5233345878543,44.99999999999943,1.0,0.0,0.0,0.3684781748421079,193.85734226883326,0.9212050573252621,571.1026447755279,526.102644619049,45.000000156478905,1.0,0.0,0.0,0.3684781747977466,193.85734223464382,0.9212050575260967,571.1026446190536,526.1026445896013,45.000000029452394,1.0,,,0.101,216.67044779682183,2145.2519583843746,2145.2519583843746,0.0,66.50281070991561,0.0,,,276.88549860919466,-2.842170943040401e-14,119.0607644019537,4.0,1388.0488828537104,0.0,-0.0,0.0,141.02576649793698
60,1,61,0.1016,0.0,1388.0488828101047,,,,0,0.0,1,2422.1374566810555,2422.1374566810555,-0.0,387.5419930689689,80.41496356181105,0.0,,,369.69838307231043,2422.1374566810555,2325.251958413813,96.88549826724227,2422.1374566810555,0.0,1.0,0.0,0.0,0.1612758916316787,131.17728782138832,0.96,847.2624566810291,813.3719584137879,33.89049826724124,1.0,0.0,0.0,0.1577645681210942,119.26054762546158,0.96,787.4375000000107,755.9400000000103,31.4975000000004,1.0,0.0,0.0,0.15776456812109452,119.26054762546258,0.96,787.4375000000158,755.9400000000152,31.497500000000628,,,,801.6800519409725,2325.251958413813,2145.251958384373,179.99999999747365,2325.2519583818466,3.1966465030563995e-08,1.0,0.0,0.0,0.37872615976475044,206.98268373028966,0.9239252327529014,591.5233345878694,546.5233345878696,44.99999999999977,1.0,0.0,0.0,0.3787261597647429,206.98268373027994,0.9239252327529003,591.5233345878542,546.5233345878548,44.99999999999932,1.0,0.0,0.0,0.36847817480569156,193.85734224967413,0.9212050575776675,571.1026446190475,526.1026446190479,44.99999999999966,1.0,0.0,0.0,0.36847817479030465,193.85734223072853,0.9212050575776772,571.1026445870759,526.102644589601,44.9999999974749,1.0,,,0.101,216.67044779682172,2145.251958384373,2145.251958384373,0.0,66.50281070991556,0.0,,,276.8854982966824,8.526512829121202e-14,119.06076426757342,4.0,1388.0488828101045,0.0,-0.0,0.0,141.02576649350664
61,1,62,0.1016,0.0,1388.0488828568414,,,,0,0.0,1,2422.137456681174,2422.137456681174,-0.0,387.5419930689879,80.41496356181499,0.0,,,369.69838307233715,2422.137456681174,2325.2519584139272,96.88549826724704,2422.137456681174,0.0,1.0,0.0,0.0,0.1612758916316904,131.17728782142277,0.96,847.2624566811901,813.3719584139425,33.89049826724761,1.0,0.0,0.0,0.15776456812109332,119.26054762545806,0.96,787.4374999999919,755.9399999999922,31.497499999999718,1.0,0.0,0.0,0.15776456812109338,119.26054762545817,0.96,787.4374999999924,755.9399999999927,31.497499999999718,,,,801.6800519846972,2325.2519584139272,2145.251958413932,180.00000018790195,2325.2519586018334,0.0,1.0,0.0,0.0,0.378726159764748,206.9826837302866,0.9239252327529015,591.5233345878644,546.5233345878651,44.99999999999932,1.0,0.0,0.0,0.3787261598099887,206.98268375503616,0.923925232459415,591.5233347758327,546.5233345879296,45.00000018790308,1.0,0.0,0.0,0.36847817480569767,193.85734224968178,0.921205057577669,571.1026446190597,526.1026446190599,44.99999999999977,1.0,0.0,0.0,0.3684781748057062,193.85734224969258,0.9212050575776713,571.1026446190767,526.102644619077,44.99999999999977,1.0,,,0.101,216.67044779980714,2145.251958413932,2145.251958413932,0.0,66.50281071083188,0.0,,,276.885498455149,-1.4210854715202004e-13,119.06076433571407,4.0,1388.0488828568414,0.0,-0.0,0.0,141.02576649825508
62,1,63,0.1016,0.0,1388.0488829045757,,,,0,0.0,1,2422.1374566812005,2422.1374566812005,-0.0,387.5419930689921,80.41496356181585,0.0,,,369.69838307234113,2422.1374566812005,2325.2519584139527,96.88549826724818,2422.1374566812005,0.0,1.0,0.0,0.0,0.16127589163169034,131.1772878214227,0.96,847.2624566811899,813.3719584139423,33.89049826724761,1.0,0.0,0.0,0.1577645681210941,119.26054762546066,0.96,787.4375000000052,755.9400000000049,31.497500000000286,1.0,0.0,0.0,0.15776456812109402,119.26054762546065,0.96,787.4375000000056,755.9400000000053,31.497500000000286,,,,801.6800520324342,2325.2519584139527,2145.2519584138654,180.00000056425517,2325.2519589781205,0.0,1.0,0.0,0.0,0.3787261598099566,206.98268375499427,0.923925232459406,591.5233347757688,546.5233345878653,45.00000018790354,1.0,0.0,0.0,0.37872615980995655,206.98268375499413,0.9239252324594055,591.523334775769,546.5233345878651,45.00000018790388,1.0,0.0,0.0,0.3684781748056989,193.85734224968428,0.9212050575776785,571.1026446190592,526.1026446190649,44.999999999994316,1.0,0.0,0.0,0.36847817484955964,193.85734227276146,0.9212050572736893,571.1026448075236,526.1026446190701,45.00000018845344,1.0,,,0.101,216.67044779980043,2145.2519584138654,2145.2519584138654,0.0,66.50281071082982,0.0,,,276.88549883150336,-2.842170943040401e-14,119.06076449754644,4.0,1388.0488829045757,0.0,-0.0,0.0,141.0257665031049
63,1,64,0.1016,0.0,1388.0488829376618,,,,0,0.0,1,2422.1374566811746,2422.1374566811746,-0.0,387.54199306898795,80.414963561815,0.0,,,369.6983830723352,2422.1374566811746,2325.2519584139277,96.88549826724704,2422.1374566811746,0.0,1.0,0.0,0.0,0.16127589163169037,131.17728782142277,0.96,847.2624566811901,813.3719584139425,33.89049826724761,1.0,0.0,0.0,0.15776456812109332,119.26054762545806,0.96,787.4374999999919,755.9399999999922,31.497499999999718,1.0,0.0,0.0,0.15776456812109338,119.26054762545823,0.96,787.4374999999927,755.939999999993,31.497499999999718,,,,801.6800520595688,2325.2519584139277,2145.2519584728507,180.00000047584388,2325.2519589486947,0.0,1.0,0.0,0.0,0.37872615980995616,206.98268375499396,0.9239252324594079,591.5233347757675,546.5233345878652,45.00000018790229,1.0,0.0,0.0,0.3787261598253062,206.982683785696,0.9239252325590075,591.5233347757677,546.5233346467808,45.000000128986926,1.0,0.0,0.0,0.3684781748575158,193.85734228781362,0.9212050573253397,571.1026448075152,526.1026446485602,45.000000158955004,1.0,0.0,0.0,0.36847817479091405,193.85734223106513,0.9212050575736107,571.1026445896441,526.1026445896445,44.99999999999966,1.0,,,0.101,216.67044780575793,2145.2519584728507,2145.2519584728507,0.0,66.50281071265837,0.0,,,276.8854987430909,-1.1368683772161603e-13,119.0607644595291,4.0,1388.0488829376618,0.0,-0.0,0.0,141.02576650646643
64,1,65,0.1016,0.0,721.5621506007228,,,,0,0.0,1,1232.3402803913793,1232.3402803913793,-0.0,197.1744448626207,40.9136973089938,0.0,,,197.19906955340252,1232.3402803913793,1183.0466691757242,49.293611215655176,1232.3402803913793,0.0,1.0,0.0,0.0,0.16127589163169034,131.1772878214227,0.96,847.2624566811899,813.3719584139423,33.89049826724761,1.0,0.0,0.0,0.17859426087311392,66.02178173198261,0.96,385.0778237101895,369.6747107617819,15.403112948407568,0.0,0.0,1.0,0.271,0.0,0.96,0.0,0.0,-0.0,,,,413.96536746057177,1183.0466691757242,1093.0466691757274,89.99999999999932,1183.046669175727,-2.7284841053187847e-12,1.0,0.0,0.0,0.37872615976474744,206.98268373028583,0.9239252327529011,591.5233345878634,546.5233345878638,44.999999999999545,1.0,0.0,0.0,0.37872615976474744,206.9826837302858,0.9239252327529007,591.5233345878635,546.5233345878637,44.99999999999977,0.0,0.0,1.0,0.08724817754776784,0.0,0.88,0.0,0.0,0.0,0.0,0.0,1.0,0.08724817754776784,0.0,0.88,0.0,0.0,0.0,1.0,,,0.101,110.39771358674848,1093.0466691757274,1093.0466691757274,0.0,33.88444674444755,0.0,,,139.29361121565177,4.263256414560601e-14,59.89625282273026,2.0,721.5621506007228,0.0,0.0,0.0,73.31071450103343
65,1,66,0.15246,0.0,-4.3803080669482623e-16,,,,0,0.0,1,0.0,0.0,-0.0,0.0,0.0,0.0,,,-4.3803080669482623e-16,0.0,0.0,0.0,0.0,0.0,0.0,0.0,1.0,0.271,0.0,0.96,0.0,0.0,-0.0,0.0,0.0,1.0,0.271,0.0,0.96,0.0,0.0,-0.0,0.0,0.0,0.0,0.271,0.0,0.96,0.0,0.0,-0.0,,,,0.0,0.0,0.0,0.0,0.0,0.0,0.0,0.0,1.0,0.08724817754776784,0.0,0.88,0.0,0.0,0.0,0.0,0.0,1.0,0.08724817754776784,0.0,0.88,0.0,0.0,0.0,0.0,0.0,0.0,0.08724817754776784,0.0,0.88,0.0,0.0,0.0,0.0,0.0,0.0,0.08724817754776784,0.0,0.88,0.0,0.0,0.0,1.0,,,0.101,0.0,0.0,-0.0,0.0,0.0,0.0,,,0.0,0.0,0.0,0.0,-4.3803080669482623e-16,-0.0,0.0,-0.0,-6.678217678869322e-17
66,1,67,0.15246,0.0,-4.3803080669482623e-16,,,,0,0.0,1,0.0,0.0,-0.0,0.0,0.0,0.0,,,-4.3803080669482623e-16,0.0,0.0,0.0,0.0,0.0,0.0,0.0,0.0,0.271,0.0,0.96,0.0,0.0,-0.0,0.0,0.0,0.0,0.271,0.0,0.96,0.0,0.0,-0.0,0.0,0.0,0.0,0.271,0.0,0.96,0.0,0.0,-0.0,,,,0.0,0.0,0.0,0.0,0.0,0.0,0.0,0.0,0.0,0.08724817754776784,0.0,0.88,0.0,0.0,0.0,0.0,0.0,0.0,0.08724817754776784,0.0,0.88,0.0,0.0,0.0,0.0,0.0,0.0,0.08724817754776784,0.0,0.88,0.0,0.0,0.0,0.0,0.0,0.0,0.08724817754776784,0.0,0.88,0.0,0.0,0.0,1.0,,,0.101,0.0,0.0,-0.0,0.0,0.0,0.0,,,0.0,0.0,0.0,0.0,-4.3803080669482623e-16,-0.0,0.0,-0.0,-6.678217678869322e-17
67,1,68,0.15246,0.0,-4.3803080669482623e-16,,,,0,0.0,1,0.0,0.0,-0.0,0.0,0.0,0.0,,,-4.3803080669482623e-16,0.0,0.0,0.0,0.0,0.0,0.0,0.0,0.0,0.271,0.0,0.96,0.0,0.0,-0.0,0.0,0.0,0.0,0.271,0.0,0.96,0.0,0.0,-0.0,0.0,0.0,0.0,0.271,0.0,0.96,0.0,0.0,-0.0,,,,0.0,0.0,0.0,0.0,0.0,0.0,0.0,0.0,0.0,0.08724817754776784,0.0,0.88,0.0,0.0,0.0,0.0,0.0,0.0,0.08724817754776784,0.0,0.88,0.0,0.0,0.0,0.0,0.0,0.0,0.08724817754776784,0.0,0.88,0.0,0.0,0.0,0.0,0.0,0.0,0.08724817754776784,0.0,0.88,0.0,0.0,0.0,1.0,,,0.101,0.0,0.0,-0.0,0.0,0.0,0.0,,,0.0,0.0,0.0,0.0,-4.3803080669482623e-16,-0.0,0.0,-0.0,-6.678217678869322e-17
68,1,69,0.15246,0.0,-4.3803419482661525e-16,,,,0,0.0,1,0.0,0.0,-0.0,0.0,0.0,0.0,,,-4.3803419482661525e-16,0.0,0.0,0.0,0.0,0.0,0.0,0.0,0.0,0.271,0.0,0.96,0.0,0.0,-0.0,0.0,0.0,0.0,0.271,0.0,0.96,0.0,0.0,-0.0,0.0,0.0,0.0,0.271,0.0,0.96,0.0,0.0,-0.0,,,,0.0,0.0,0.0,0.0,0.0,0.0,0.0,0.0,0.0,0.08724817754776784,0.0,0.88,0.0,0.0,0.0,0.0,0.0,0.0,0.08724817754776784,0.0,0.88,0.0,0.0,0.0,0.0,0.0,0.0,0.08724817754776784,0.0,0.88,0.0,0.0,0.0,0.0,0.0,0.0,0.08724817754776784,0.0,0.88,0.0,0.0,0.0,1.0,,,0.101,0.0,0.0,-0.0,0.0,0.0,0.0,,,0.0,0.0,0.0,0.0,-4.3803419482661525e-16,-0.0,0.0,-0.0,-6.678269334326576e-17
69,1,70,0.15246,0.0,-4.3803419482661525e-16,,,,0,0.0,1,0.0,0.0,-0.0,0.0,0.0,0.0,,,-4.3803419482661525e-16,0.0,0.0,0.0,0.0,0.0,0.0,0.0,0.0,0.271,0.0,0.96,0.0,0.0,-0.0,0.0,0.0,0.0,0.271,0.0,0.96,0.0,0.0,-0.0,0.0,0.0,0.0,0.271,0.0,0.96,0.0,0.0,-0.0,,,,0.0,0.0,0.0,0.0,0.0,0.0,0.0,0.0,0.0,0.08724817754776784,0.0,0.88,0.0,0.0,0.0,0.0,0.0,0.0,0.08724817754776784,0.0,0.88,0.0,0.0,0.0,0.0,0.0,0.0,0.08724817754776784,0.0,0.88,0.0,0.0,0.0,0.0,0.0,0.0,0.08724817754776784,0.0,0.88,0.0,0.0,0.0,1.0,,,0.101,0.0,0.0,-0.0,0.0,0.0,0.0,,,0.0,0.0,0.0,0.0,-4.3803419482661525e-16,-0.0,0.0,-0.0,-6.678269334326576e-17
70,1,71,0.1016,0.0,569.0854515335271,,,,0,0.0,1,1083.3333333333326,1083.3333333333326,-0.0,173.33333333333323,35.96666666666664,0.0,,,167.7415279670597,1083.3333333333326,1039.9999999999993,43.33333333333326,1083.3333333333326,0.0,1.0,1.0,0.0,0.16128687476945666,83.87564979791846,0.96,541.7084847380524,520.0401453485304,21.66833938952209,1.0,1.0,0.0,0.16129298717755763,83.86587816914411,0.96,541.6248485952801,519.959854651469,21.66499394381117,0.0,0.0,0.0,0.271,0.0,0.96,0.0,0.0,-0.0,,,,308.9087235664674,1039.9999999999993,915.2,124.79999999999995,1040.0,-6.821210263296962e-13,1.0,1.0,0.0,0.3375313850158078,154.45436178323365,0.88,520.0,457.6,62.39999999999998,1.0,1.0,0.0,0.33753138501580787,154.45436178323368,0.8800000000000001,520.0,457.6,62.39999999999998,0.0,0.0,0.0,0.08724817754776787,0.0,0.8800000000000001,0.0,0.0,0.0,0.0,0.0,0.0,0.08724817754776787,0.0,0.8800000000000001,0.0,0.0,0.0,0.0,,,0.101,92.43520000000001,915.2,0.0,915.2,28.3712,1.0,,,1083.3333333333326,0.0,465.833333333333,2.0,569.0854515335271,0.0,0.0,0.0,57.819081875806354
71,1,72,0.1016,0.0,1387.9932879221187,,,,0,0.0,1,2422.560665106095,2422.560665106095,-0.0,387.6097064169752,80.42901408152235,0.0,,,369.2041421458123,2422.560665106095,2325.658238501851,96.90242660424394,2422.560665106095,0.0,1.0,0.0,0.0,0.1587530266865127,123.0698144325299,0.96,807.5293179787295,775.2281452595803,32.301172719149235,1.0,0.0,0.0,0.1587525355163164,123.06804736886247,0.96,807.5202217020501,775.219412833968,32.30080886808207,1.0,1.0,0.0,0.15875204438566787,123.06628034442264,0.96,807.5111254253152,775.2106804083026,32.300445017012635,,,,802.0776636876145,2325.658238501851,2145.658238501902,180.00000018784863,2325.6582386897508,0.0,1.0,0.0,0.0,0.3796456353873401,208.18185311262602,0.9241605006176163,593.3583471207953,548.3583471207955,44.99999999999977,1.0,0.0,0.0,0.3796456354326687,208.18185313748558,0.9241605003250352,593.3583473086566,548.3583471208041,45.00000018785249,1.0,1.0,0.0,0.3716918334295852,197.92590130125413,0.9220779220779275,577.4999999999966,532.5,44.99999999999659,1.0,1.0,0.0,0.36361919025166123,187.78805613624863,0.9198491802752374,561.4415442603022,516.4415442603024,44.99999999999977,1.0,,,0.101,216.7114820886921,2145.658238501902,2145.658238501902,0.0,66.51540539355896,0.0,,,276.90242679209257,-1.7053025658242404e-13,119.0680435205998,4.0,1387.9932879221187,0.0,-0.0,0.0,141.02011805288726
72,1,73,0.1016,0.0,1387.9932879195653,,,,0,0.0,1,2422.5606651060716,2422.5606651060716,-0.0,387.60970641697145,80.42901408152157,0.0,,,369.20414214580785,2422.5606651060716,2325.6582385018287,96.90242660424303,2422.5606651060716,0.0,1.0,0.0,0.0,0.15875302668652308,123.06981443256741,0.96,807.5293179789229,775.2281452597659,32.301172719156966,1.0,0.0,0.0,0.15875253551630691,123.0680473688282,0.96,807.5202217018737,775.2194128337986,32.30080886807502,1.0,0.0,0.0,0.15875204438566567,123.06628034441484,0.96,807.5111254252752,775.2106804082641,32.30044501701104,,,,802.077663685065,2325.6582385018287,2145.658238501907,180.00000018872242,2325.6582386906293,0.0,1.0,0.0,0.0,0.37964563538733975,208.18185311262562,0.9241605006176162,593.3583471207947,548.358347120795,44.99999999999977,1.0,0.0,0.0,0.3796456353873443,208.18185311263156,0.9241605006176173,593.3583471208038,548.3583471208041,44.99999999999977,1.0,0.0,0.0,0.37169183342958534,197.92590130125419,0.9220779220779263,577.4999999999974,532.5,44.999999999997385,1.0,0.0,0.0,0.363619190294847,187.78805615855353,0.9198491799660357,561.4415444490334,516.4415442603079,45.000000188725494,1.0,,,0.101,216.7114820886926,2145.658238501907,2145.658238501907,0.0,66.51540539355912,0.0,,,276.90242679296546,-1.1368683772161603e-13,119.06804352097514,4.0,1387.9932879195653,0.0,-0.0,0.0,141.02011805262782
73,1,74,0.1016,0.0,1387.993287967956,,,,0,0.0,1,2422.5606651060943,2422.5606651060943,-0.0,387.6097064169751,80.42901408152234,0.0,,,369.20414214581194,2422.5606651060943,2325.658238501851,96.90242660424383,2422.5606651060943,0.0,1.0,0.0,0.0,0.15875302668652247,123.069814432565,0.96,807.5293179789101,775.2281452597537,32.3011727191564,1.0,0.0,0.0,0.15875253551630877,123.06804736883522,0.96,807.5202217019101,775.2194128338338,32.30080886807639,1.0,0.0,0.0,0.15875204438566565,123.06628034441471,0.96,807.5111254252745,775.2106804082634,32.30044501701104,,,,802.0776637334587,2325.658238501851,2145.658238501832,180.00000056486692,2325.6582390666986,0.0,1.0,0.0,0.0,0.37964563538734286,208.18185311262883,0.9241605006176098,593.3583471208032,548.358347120799,45.000000000004206,1.0,0.0,0.0,0.3796456354326694,208.181853137486,0.9241605003250312,593.3583473086593,548.3583471208042,45.00000018785511,1.0,0.0,0.0,0.37169183347387513,197.92590132483852,0.9220779217773138,577.5000001882718,532.5,45.00000018827177,1.0,0.0,0.0,0.36361919029480944,187.78805615850527,0.9198491799660072,561.4415444489644,516.4415442602285,45.00000018873584,1.0,,,0.101,216.71148208868505,2145.658238501832,2145.658238501832,0.0,66.51540539355679,0.0,,,276.90242716911075,1.7053025658242404e-13,119.06804368271762,4.0,1387.993287967956,0.0,-0.0,0.0,141.02011805754432
74,1,75,0.1016,0.0,1387.993287922187,,,,0,0.0,1,2422.560665106087,2422.560665106087,-0.0,387.60970641697395,80.4290140815221,0.0,,,369.20414214581103,2422.560665106087,2325.6582385018437,96.90242660424349,2422.560665106087,0.0,1.0,0.0,0.0,0.1587530266865224,123.06981443256485,0.96,807.5293179789095,775.2281452597531,32.3011727191564,1.0,0.0,0.0,0.15875253551630886,123.06804736883522,0.96,807.5202217019097,775.2194128338333,32.30080886807639,1.0,0.0,0.0,0.15875204438566537,123.06628034441353,0.96,807.5111254252681,775.2106804082574,32.3004450170107,,,,802.0776636876731,2325.6582385018437,2145.6582385020083,180.00000018774938,2325.658238689758,0.0,1.0,0.0,0.0,0.3796456354326933,208.18185313753588,0.9241605003252024,593.3583473086542,548.358347120901,45.00000018775313,1.0,0.0,0.0,0.37964563538737905,208.181853112677,0.924160500617627,593.3583471208728,548.3583471208735,44.99999999999932,1.0,0.0,0.0,0.3716918334295868,197.92590130125495,0.922077922077917,577.5000000000032,532.5,45.00000000000318,1.0,0.0,0.0,0.3636191902516253,187.78805613620514,0.9198491802752375,561.4415442602276,516.4415442602339,44.99999999999375,1.0,,,0.101,216.71148208870287,2145.6582385020083,2145.6582385020083,0.0,66.51540539356226,0.0,,,276.90242679199287,-2.842170943040401e-14,119.06804352055693,4.0,1387.9932879221872,0.0,-0.0,0.0,141.0201180528942
75,1,76,0.1016,0.0,1387.9932879679332,,,,0,0.0,1,2422.5606651060098,2422.5606651060098,-0.0,387.60970641696156,80.42901408151953,0.0,,,369.2041421457957,2422.5606651060098,2325.6582385017696,96.90242660424053,2422.5606651060098,0.0,1.0,0.0,0.0,0.15875302668651795,123.06981443254868,0.96,807.5293179788262,775.228145259673,32.3011727191531,1.0,0.0,0.0,0.1587525355163096,123.06804736883795,0.96,807.5202217019238,775.2194128338468,32.300808868076956,1.0,0.0,0.0,0.15875204438566487,123.06628034441188,0.96,807.5111254252599,775.2106804082495,32.300445017010475,,,,802.0776637334533,2325.6582385017696,2145.658238501822,180.00000056487318,2325.658239066695,0.0,1.0,0.0,0.0,0.37964563538734164,208.18185311262806,0.9241605006176167,593.3583471207985,548.3583471207987,44.99999999999977,1.0,0.0,0.0,0.3796456354326674,208.18185313748333,0.9241605003250307,593.3583473086552,548.3583471208001,45.00000018785511,1.0,0.0,0.0,0.3716918334738779,197.92590132484,0.9220779217772954,577.5000001882834,532.5,45.000000188283366,1.0,0.0,0.0,0.3636191902948065,187.78805615850177,0.9198491799660081,561.441544448958,516.441544260223,45.00000018873493,1.0,,,0.101,216.71148208868402,2145.658238501822,2145.658238501822,0.0,66.51540539355648,0.0,,,276.9024271691137,1.7053025658242404e-13,119.0680436827189,4.0,1387.9932879679334,0.0,-0.0,0.0,141.020118057542
76,1,77,0.1016,0.0,1387.9932879705634,,,,0,0.0,1,2422.5606651060853,2422.5606651060853,-0.0,387.60970641697367,80.42901408152203,0.0,,,369.20414214581024,2422.5606651060853,2325.658238501842,96.90242660424349,2422.5606651060853,0.0,1.0,0.0,0.0,0.15875302668652166,123.0698144325621,0.96,807.5293179788952,775.2281452597393,32.30117271915583,1.0,0.0,0.0,0.15875253551630994,123.06804736883927,0.96,807.5202217019308,775.2194128338535,32.3008088680773,1.0,0.0,0.0,0.15875204438566493,123.06628034441187,0.96,807.5111254252595,775.2106804082491,32.30044501701036,,,,802.0776637360585,2325.658238501842,2145.658238501926,180.0000005638824,2325.6582390658086,0.0,1.0,0.0,0.0,0.379645635432693,208.1818531375351,0.9241605003251994,593.3583473086544,548.3583471208995,45.00000018775495,1.0,0.0,0.0,0.3796456354326669,208.18185313748265,0.9241605003250298,593.3583473086545,548.358347120799,45.00000018785556,1.0,0.0,0.0,0.3716918334738766,197.9259013248393,0.9220779217773041,577.5000001882779,532.5,45.00000018827791,1.0,0.0,0.0,0.36361919025162226,187.78805613620133,0.9198491802752363,561.4415442602217,516.4415442602277,44.999999999993975,1.0,,,0.101,216.71148208869454,2145.658238501926,2145.658238501926,0.0,66.5154053935597,0.0,,,276.9024271681259,1.1368683772161603e-13,119.06804368229413,4.0,1387.9932879705634,0.0,-0.0,0.0,141.02011805780924
77,1,78,0.1016,0.0,1387.9932879705034,,,,0,0.0,1,2422.5606651060243,2422.5606651060243,-0.0,387.6097064169639,80.42901408152001,0.0,,,369.2041421457984,2422.5606651060243,2325.658238501783,96.90242660424099,2422.5606651060243,0.0,1.0,0.0,0.0,0.15875302668652091,123.06981443255941,0.96,807.5293179788814,775.2281452597261,32.30117271915526,1.0,0.0,0.0,0.15875253551631033,123.06804736884065,0.96,807.5202217019379,775.2194128338604,32.300808868077524,1.0,0.0,0.0,0.15875204438566196,123.06628034440125,0.96,807.5111254252049,775.2106804081967,32.3004450170082,,,,802.0776637360188,2325.658238501783,2145.6582385018437,180.0000005639955,2325.6582390658396,0.0,1.0,0.0,0.0,0.3796456354326665,208.18185313748202,0.9241605003250289,593.358347308654,548.3583471207979,45.00000018785602,1.0,0.0,0.0,0.37964563543266666,208.18185313748234,0.9241605003250295,593.3583473086542,548.3583471207985,45.000000187855676,1.0,0.0,0.0,0.371691833473878,197.92590132484005,0.9220779217772941,577.5000001882842,532.5,45.00000018828416,1.0,0.0,0.0,0.3636191902516335,187.7880561362143,0.9198491802752298,561.441544260247,516.4415442602474,44.99999999999966,1.0,,,0.101,216.71148208868624,2145.6582385018437,2145.6582385018437,0.0,66.51540539355716,0.0,,,276.9024271682365,-1.1368683772161603e-13,119.0680436823417,4.0,1387.9932879705034,0.0,-0.0,0.0,141.02011805780313
78,1,79,0.1016,0.0,1387.9932879208538,,,,0,0.0,1,2422.560665106091,2422.560665106091,-0.0,387.6097064169746,80.42901408152223,0.0,,,369.2041421458116,2422.560665106091,2325.6582385018473,96.90242660424371,2422.560665106091,0.0,1.0,0.0,0.0,0.15875302668652086,123.06981443255926,0.96,807.5293179788806,775.2281452597254,32.30117271915526,1.0,0.0,0.0,0.1587525355163115,123.06804736884466,0.96,807.5202217019582,775.2194128338799,32.30080886807832,1.0,0.0,0.0,0.15875204438566454,123.06628034441049,0.96,807.5111254252524,775.2106804082423,32.300445017010134,,,,802.0776636863495,2325.6582385018473,2145.6582385019074,180.00000018827996,2325.6582386901873,0.0,1.0,0.0,0.0,0.37964563538734375,208.1818531126309,0.9241605006176181,593.3583471208024,548.3583471208032,44.999999999999204,1.0,0.0,0.0,0.37964563538734375,208.18185311263082,0.9241605006176172,593.3583471208027,548.3583471208029,44.99999999999977,1.0,0.0,0.0,0.3716918334738775,197.92590132483977,0.9220779217772977,577.5000001882819,532.5,45.00000018828189,1.0,0.0,0.0,0.36361919025166056,187.78805613624795,0.9198491802752384,561.4415442603006,516.4415442603015,44.99999999999909,1.0,,,0.101,216.71148208869266,2145.6582385019074,2145.6582385019074,0.0,66.51540539355912,0.0,,,276.90242679252367,5.684341886080802e-14,119.06804352078518,4.0,1387.9932879208538,0.0,-0.0,0.0,141.02011805275873
79,1,80,0.1016,0.0,1387.9932878972718,,,,0,0.0,1,2422.5606651060834,2422.5606651060834,-0.0,387.6097064169734,80.42901408152197,0.0,,,369.2041421458099,2422.5606651060834,2325.65823850184,96.90242660424349,2422.5606651060834,0.0,1.0,0.0,0.0,0.15875302668652053,123.06981443255802,0.96,807.5293179788742,775.2281452597192,32.30117271915503,1.0,0.0,0.0,0.1587525355163114,123.06804736884446,0.96,807.5202217019573,775.219412833879,32.30080886807832,1.0,0.0,0.0,0.1587520443856645,123.06628034441039,0.96,807.511125425252,775.2106804082418,32.300445017010134,,,,802.0776636627685,2325.65823850184,2145.6582385019146,179.99999999999739,2325.658238501912,-7.185008144006133e-11,1.0,0.0,0.0,0.3796456353873433,208.18185311263036,0.9241605006176182,593.3583471208015,548.3583471208024,44.99999999999909,1.0,0.0,0.0,0.3796456353873432,208.18185311263008,0.9241605006176171,593.3583471208016,548.3583471208018,44.99999999999977,1.0,0.0,0.0,0.3716918334295871,197.92590130125515,0.9220779220779151,577.5000000000044,532.5,45.000000000004434,1.0,0.0,0.0,0.3636191902516638,187.78805613625275,0.9198491802752479,561.4415442603042,516.4415442603101,44.99999999999409,1.0,,,0.101,216.7114820886934,2145.6582385019146,2145.6582385019146,0.0,66.51540539355935,0.0,,,276.902426604169,0.0,119.06804343979267,4.0,1387.9932878972718,0.0,-0.0,0.0,141.0201180503628
80,1,81,0.1016,0.0,1387.993287920799,,,,0,0.0,1,2422.56066510601,2422.56066510601,-0.0,387.60970641696167,80.42901408151954,0.0,,,369.2041421457958,2422.56066510601,2325.6582385017696,96.90242660424053,2422.56066510601,0.0,1.0,0.0,0.0,0.15875302668652022,123.06981443255692,0.96,807.5293179788687,775.2281452597139,32.301172719154806,1.0,0.0,0.0,0.15875253551631133,123.0680473688443,0.96,807.5202217019568,775.2194128338784,32.30080886807832,1.0,0.0,0.0,0.15875204438566087,123.0662803443973,0.96,807.5111254251846,775.2106804081772,32.300445017007405,,,,802.0776636863161,2325.6582385017696,2145.6582385018537,180.00000018828212,2325.6582386901355,0.0,1.0,0.0,0.0,0.37964563538734314,208.18185311263014,0.9241605006176182,593.3583471208011,548.358347120802,44.99999999999909,1.0,0.0,0.0,0.37964563538734053,208.18185311262664,0.924160500617617,593.358347120796,548.3583471207966,44.99999999999943,1.0,0.0,0.0,0.371691833473878,197.92590132484005,0.9220779217772945,577.5000001882839,532.5,45.000000188283934,1.0,0.0,0.0,0.36361919025163736,187.78805613621907,0.9198491802752309,561.4415442602547,516.441544260255,44.99999999999966,1.0,,,0.101,216.71148208868723,2145.6582385018537,2145.6582385018537,0.0,66.51540539355746,0.0,,,276.90242679252265,-8.526512829121202e-14,119.06804352078474,4.0,1387.993287920799,0.0,-0.0,0.0,141.0201180527532
81,1,82,0.1016,0.0,1387.993287922064,,,,0,0.0,1,2422.5606651060166,2422.5606651060166,-0.0,387.60970641696264,80.42901408151975,0.0,,,369.2041421457973,2422.5606651060166,2325.658238501776,96.90242660424076,2422.5606651060166,0.0,1.0,0.0,0.0,0.1587530266865202,123.06981443255671,0.96,807.5293179788673,775.2281452597126,32.30117271915469,1.0,0.0,0.0,0.15875253551631172,123.06804736884557,0.96,807.5202217019631,775.2194128338846,32.30080886807855,1.0,0.0,0.0,0.15875204438566093,123.06628034439758,0.96,807.5111254251862,775.2106804081786,32.30044501700752,,,,802.0776636875802,2325.658238501776,2145.6582385018464,180.00000018785408,2325.6582386897007,0.0,1.0,0.0,0.0,0.3796456353873405,208.18185311262678,0.9241605006176186,593.3583471207954,548.358347120797,44.99999999999841,1.0,0.0,0.0,0.3796456354326646,208.18185313748035,0.9241605003250354,593.3583473086479,548.3583471207962,45.0000001878517,1.0,0.0,0.0,0.371691833429587,197.92590130125507,0.9220779220779154,577.5000000000042,532.5,45.000000000004206,1.0,0.0,0.0,0.36361919025163636,187.78805613621785,0.9198491802752304,561.4415442602528,516.4415442602531,44.99999999999977,1.0,,,0.101,216.7114820886865,2145.6582385018464,2145.6582385018464,0.0,66.51540539355724,0.0,,,276.90242679209484,-2.842170943040401e-14,119.06804352060078,4.0,1387.993287922064,0.0,-0.0,0.0,141.02011805288168
82,1,83,0.1016,0.0,1387.993287943094,,,,0,0.0,1,2422.560665106123,2422.560665106123,-0.0,387.6097064169797,80.42901408152328,0.0,,,369.20414214581774,2422.560665106123,2325.6582385018783,96.90242660424497,2422.560665106123,0.0,1.0,0.0,0.0,0.15875302668652008,123.0698144325565,0.96,807.5293179788665,775.2281452597118,32.30117271915469,1.0,0.0,0.0,0.15875253551631244,123.06804736884828,0.96,807.5202217019772,775.2194128338981,32.300808868079116,1.0,0.0,0.0,0.15875204438566595,123.06628034441569,0.96,807.5111254252793,775.2106804082681,32.30044501701116,,,,802.0776637085893,2325.6582385018783,2145.6582385018496,180.00000037680138,2325.658238878651,0.0,1.0,0.0,0.0,0.3796456353873412,208.1818531126275,0.9241605006176166,593.3583471207976,548.3583471207978,44.99999999999977,1.0,0.0,0.0,0.3796456353873454,208.181853112633,0.9241605006176177,593.358347120806,548.3583471208062,44.99999999999977,1.0,0.0,0.0,0.3716918334738269,197.92590132481283,0.9220779217776411,577.5000001880668,532.5,45.00000018806679,1.0,0.0,0.0,0.3636191902948178,187.78805615851576,0.9198491799660111,561.4415444489805,516.4415442602455,45.000000188735044,1.0,,,0.101,216.71148208868684,2145.6582385018496,2145.6582385018496,0.0,66.51540539355734,0.0,,,276.90242698104635,8.526512829121202e-14,119.06804360184992,4.0,1387.993287943094,0.0,-0.0,0.0,141.02011805501834
83,1,84,0.1016,0.0,1387.9932879222638,,,,0,0.0,1,2422.560665106151,2422.560665106151,-0.0,387.6097064169842,80.42901408152422,0.0,,,369.2041421458233,2422.560665106151,2325.658238501905,96.90242660424599,2422.560665106151,0.0,1.0,0.0,0.0,0.15875302668652042,123.06981443255783,0.96,807.5293179788736,775.2281452597186,32.30117271915492,1.0,0.0,0.0,0.15875253551631233,123.06804736884796,0.96,807.5202217019756,775.2194128338966,32.300808868079,1.0,0.0,0.0,0.15875204438566717,123.06628034442008,0.96,807.5111254253019,775.2106804082898,32.300445017012066,,,,802.077663687721,2325.658238501905,2145.6582385021734,180.00000018728724,2325.6582386894606,0.0,1.0,0.0,0.0,0.37964563538747154,208.18185311282835,0.9241605006179212,593.3583471209708,548.3583471211386,44.9999999998322,1.0,0.0,0.0,0.3796456354326171,208.18185313745195,0.9241605003253214,593.3583473084577,548.3583471207901,45.00000018766764,1.0,0.0,0.0,0.3716918334295361,197.92590130122798,0.922077922078261,577.4999999997877,532.5,44.99999999978775,1.0,0.0,0.0,0.36361919025163214,187.78805613621265,0.9198491802752294,561.4415442602444,516.4415442602448,44.99999999999966,1.0,,,0.101,216.71148208871952,2145.6582385021734,2145.6582385021734,0.0,66.51540539356738,0.0,,,276.90242679153323,-8.526512829121202e-14,119.06804352035928,4.0,1387.9932879222638,0.0,-0.0,0.0,141.020118052902
84,1,85,0.1016,0.0,1387.9932879468483,,,,0,0.0,1,2422.560665106149,2422.560665106149,-0.0,387.60970641698384,80.42901408152414,0.0,,,369.20414214582274,2422.560665106149,2325.658238501903,96.9024266042461,2422.560665106149,0.0,1.0,0.0,0.0,0.15875302668652005,123.0698144325564,0.96,807.5293179788661,775.2281452597114,32.30117271915469,1.0,0.0,0.0,0.15875253551631277,123.06804736884926,0.96,807.520221701982,775.2194128339027,32.30080886807934,1.0,0.0,0.0,0.15875204438566706,123.06628034441981,0.96,807.5111254253007,775.2106804082887,32.300445017012066,,,,802.077663712342,2325.658238501903,2145.658238501818,180.0000003751369,2325.6582388769543,0.0,1.0,0.0,0.0,0.3796456354326179,208.18185313745244,0.924160500325316,593.3583473084611,548.3583471207901,45.00000018767105,1.0,0.0,0.0,0.3796456354326181,208.18185313745263,0.924160500325316,593.3583473084615,548.3583471207904,45.00000018767105,1.0,0.0,0.0,0.3716918334295388,197.92590130122943,0.9220779220782421,577.4999999997996,532.5,44.99999999979957,1.0,0.0,0.0,0.36361919025162726,187.7880561362073,0.9198491802752355,561.4415442602323,516.441544260237,44.999999999995225,1.0,,,0.101,216.7114820886836,2145.658238501818,2145.658238501818,0.0,66.51540539355635,0.0,,,276.902426979383,2.842170943040401e-14,119.06804360113469,4.0,1387.9932879468483,0.0,-0.0,0.0,141.0201180553998
85,1,86,0.1016,0.0,1387.9932879445878,,,,0,0.0,1,2422.5606651061617,2422.5606651061617,-0.0,387.6097064169859,80.42901408152457,0.0,,,369.2041421458255,2422.5606651061617,2325.658238501915,96.90242660424656,2422.5606651061617,0.0,1.0,0.0,0.0,0.1587530266865204,123.06981443255775,0.96,807.5293179788731,775.2281452597182,32.30117271915492,1.0,0.0,0.0,0.1587525355163131,123.06804736885053,0.96,807.5202217019886,775.219412833909,32.30080886807957,1.0,0.0,0.0,0.1587520443856671,123.06628034441971,0.96,807.5111254253,775.2106804082879,32.300445017012066,,,,802.0776637100408,2325.658238501915,2145.658238502193,180.00000037605264,2325.6582388782463,0.0,1.0,0.0,0.0,0.37964563538747653,208.1818531128342,0.9241605006179162,593.3583471209829,548.3583471211468,44.999999999836064,1.0,0.0,0.0,0.37964563543262964,208.18185313746588,0.924160500325303,593.3583473084896,548.3583471208086,45.00000018768094,1.0,0.0,0.0,0.37169183342954015,197.92590130123014,0.9220779220782334,577.499999999805,532.5,44.99999999980503,1.0,0.0,0.0,0.36361919029481293,187.78805615851047,0.9198491799660172,561.4415444489684,516.4415442602378,45.00000018873061,1.0,,,0.101,216.7114820887215,2145.658238502193,2145.658238502193,0.0,66.51540539356797,0.0,,,276.9024269802992,-2.842170943040401e-14,119.06804360152866,4.0,1387.993287944588,0.0,-0.0,0.0,141.02011805517012
86,1,87,0.1016,0.0,1387.9932879432558,,,,0,0.0,1,2422.5606651061635,2422.5606651061635,-0.0,387.60970641698617,80.42901408152463,0.0,,,369.2041421458256,2422.5606651061635,2325.6582385019165,96.90242660424667,2422.5606651061635,0.0,1.0,0.0,0.0,0.15875302668652044,123.06981443255775,0.96,807.5293179788729,775.228145259718,32.30117271915492,1.0,0.0,0.0,0.15875253551631277,123.06804736884929,0.96,807.5202217019822,775.2194128339029,32.30080886807934,1.0,0.0,0.0,0.15875204438566742,123.0662803444212,0.96,807.5111254253081,775.2106804082957,32.30044501701241,,,,802.0776637087107,2325.6582385019165,2145.6582385021734,180.00000037608277,2325.6582388782563,0.0,1.0,0.0,0.0,0.3796456353874758,208.18185311283304,0.924160500617914,593.3583471209821,548.3583471211448,44.999999999837314,1.0,0.0,0.0,0.3796456353873011,208.1818531126099,0.9241605006179139,593.3583471206192,548.3583471208094,44.9999999998098,1.0,0.0,0.0,0.3716918334737853,197.9259013247907,0.9220779217779235,577.50000018789,532.5,45.00000018789001,1.0,0.0,0.0,0.3636191902947613,187.78805615847708,0.9198491799663177,561.441544448765,516.4415442602193,45.00000018854564,1.0,,,0.101,216.71148208871952,2145.6582385021734,2145.6582385021734,0.0,66.51540539356738,0.0,,,276.90242698032944,2.842170943040401e-14,119.06804360154166,4.0,1387.9932879432558,0.0,-0.0,0.0,141.0201180550348
87,1,88,0.1016,0.0,1056.38684720733,,,,0,0.0,1,1837.7257231682534,1837.7257231682534,-0.0,294.03611570692055,61.012494009186014,0.0,,,277.5463535136198,1837.7257231682534,1764.2166942415233,73.50902892673014,1837.7257231682534,0.0,1.0,0.0,0.0,0.15710085094073473,93.21710121897488,0.96,618.0816114085187,593.358346952178,24.723264456340758,1.0,0.0,0.0,0.15710085094073475,93.21710121897489,0.96,618.0816114085187,593.358346952178,24.723264456340758,1.0,0.0,0.0,0.15776995848048114,91.11215107567273,0.96,601.5625003512159,577.5000003371673,24.062500014048624,,,,614.2896075752546,1764.2166942415233,1629.216694242133,135.00000037578786,1764.2166946179207,0.0,1.0,0.0,0.0,0.379645635387477,208.18185311283509,0.924160500617919,593.3583471209829,548.3583471211485,44.99999999983436,1.0,0.0,0.0,0.37964563543271573,208.18185313757982,0.924160500325338,593.3583473086572,548.3583471209844,45.00000018767287,1.0,0.0,0.0,0.3716918334738772,197.9259013248396,0.9220779217772996,577.5000001882806,532.5,45.00000018828064,0.0,0.0,1.0,0.08724817754776787,0.0,0.8800000000000001,0.0,0.0,0.0,1.0,,,0.101,164.55088611845542,1629.216694242133,1629.216694242133,0.0,50.50571752150612,0.0,,,208.509029302518,1.1368683772161603e-13,89.65888260008273,3.0,1056.38684720733,0.0,0.0,0.0,107.32890367626473
88,1,89,0.1016,0.0,713.5662948518279,,,,0,0.0,1,1236.163223168346,1236.163223168346,-0.0,197.78611570693533,41.040619009189086,0.0,,,186.43420248330972,1236.163223168346,1186.716694241612,49.44652892673389,1236.163223168346,0.0,1.0,0.0,0.0,0.15710085092789197,93.21710126433773,0.96,618.0816117598272,593.358347289434,24.723264470393133,1.0,0.0,0.0,0.15710085094073473,93.21710121897488,0.96,618.0816114085187,593.358346952178,24.723264456340758,0.0,0.0,1.0,0.271,0.0,0.96,0.0,0.0,-0.0,,,,416.36370625011614,1186.716694241612,1096.7166942416054,90.00000018785738,1186.7166944294627,0.0,1.0,0.0,0.0,0.3796456353873434,208.18185311262908,0.9241605006176054,593.3583471208059,548.3583471207988,45.00000000000705,1.0,0.0,0.0,0.37964563543266944,208.18185313748694,0.9241605003250388,593.3583473086569,548.3583471208066,45.00000018785033,0.0,0.0,1.0,0.08724817754776784,0.0,0.88,0.0,0.0,0.0,0.0,0.0,0.0,0.08724817754776784,0.0,0.88,0.0,0.0,0.0,1.0,,,0.101,110.76838611840215,1096.7166942416054,1096.7166942416054,0.0,33.99821752148977,0.0,,,139.44652911459127,-7.105427357601002e-14,59.962007519274245,2.0,713.5662948518279,0.0,0.0,0.0,72.49833555694572
89,1,90,0.15246,0.0,-4.3803419482661525e-16,,,,0,0.0,1,0.0,0.0,-0.0,0.0,0.0,0.0,,,-4.3803419482661525e-16,0.0,0.0,0.0,0.0,0.0,0.0,0.0,1.0,0.271,0.0,0.96,0.0,0.0,-0.0,0.0,0.0,1.0,0.271,0.0,0.96,0.0,0.0,-0.0,0.0,0.0,0.0,0.271,0.0,0.96,0.0,0.0,-0.0,,,,0.0,0.0,0.0,0.0,0.0,0.0,0.0,0.0,1.0,0.08724817754776784,0.0,0.88,0.0,0.0,0.0,0.0,0.0,1.0,0.08724817754776784,0.0,0.88,0.0,0.0,0.0,0.0,0.0,0.0,0.08724817754776784,0.0,0.88,0.0,0.0,0.0,0.0,0.0,0.0,0.08724817754776784,0.0,0.88,0.0,0.0,0.0,1.0,,,0.101,0.0,0.0,-0.0,0.0,0.0,0.0,,,0.0,0.0,0.0,0.0,-4.3803419482661525e-16,-0.0,0.0,-0.0,-6.678269334326576e-17
90,1,91,0.15246,0.0,-4.3803419482661525e-16,,,,0,0.0,1,0.0,0.0,-0.0,0.0,0.0,0.0,,,-4.3803419482661525e-16,0.0,0.0,0.0,0.0,0.0,0.0,0.0,0.0,0.271,0.0,0.96,0.0,0.0,-0.0,0.0,0.0,0.0,0.271,0.0,0.96,0.0,0.0,-0.0,0.0,0.0,0.0,0.271,0.0,0.96,0.0,0.0,-0.0,,,,0.0,0.0,0.0,0.0,0.0,0.0,0.0,0.0,0.0,0.08724817754776784,0.0,0.88,0.0,0.0,0.0,0.0,0.0,0.0,0.08724817754776784,0.0,0.88,0.0,0.0,0.0,0.0,0.0,0.0,0.08724817754776784,0.0,0.88,0.0,0.0,0.0,0.0,0.0,0.0,0.08724817754776784,0.0,0.88,0.0,0.0,0.0,1.0,,,0.101,0.0,0.0,-0.0,0.0,0.0,0.0,,,0.0,0.0,0.0,0.0,-4.3803419482661525e-16,-0.0,0.0,-0.0,-6.678269334326576e-17
91,1,92,0.15246,0.0,-4.380240304312482e-16,,,,0,0.0,1,0.0,0.0,-0.0,0.0,0.0,0.0,,,-4.380240304312482e-16,0.0,0.0,0.0,0.0,0.0,0.0,0.0,0.0,0.271,0.0,0.96,0.0,0.0,-0.0,0.0,0.0,0.0,0.271,0.0,0.96,0.0,0.0,-0.0,0.0,0.0,0.0,0.271,0.0,0.96,0.0,0.0,-0.0,,,,0.0,0.0,0.0,0.0,0.0,0.0,0.0,0.0,0.0,0.08724817754776784,0.0,0.88,0.0,0.0,0.0,0.0,0.0,0.0,0.08724817754776784,0.0,0.88,0.0,0.0,0.0,0.0,0.0,0.0,0.08724817754776784,0.0,0.88,0.0,0.0,0.0,0.0,0.0,0.0,0.08724817754776784,0.0,0.88,0.0,0.0,0.0,1.0,,,0.101,0.0,0.0,-0.0,0.0,0.0,0.0,,,0.0,0.0,0.0,0.0,-4.380240304312482e-16,-0.0,0.0,-0.0,-6.67811436795481e-17
92,1,93,0.15246,0.0,-4.3803419482661525e-16,,,,0,0.0,1,0.0,0.0,-0.0,0.0,0.0,0.0,,,-4.3803419482661525e-16,0.0,0.0,0.0,0.0,0.0,0.0,0.0,0.0,0.271,0.0,0.96,0.0,0.0,-0.0,0.0,0.0,0.0,0.271,0.0,0.96,0.0,0.0,-0.0,0.0,0.0,0.0,0.271,0.0,0.96,0.0,0.0,-0.0,,,,0.0,0.0,0.0,0.0,0.0,0.0,0.0,0.0,0.0,0.08724817754776784,0.0,0.88,0.0,0.0,0.0,0.0,0.0,0.0,0.08724817754776784,0.0,0.88,0.0,0.0,0.0,0.0,0.0,0.0,0.08724817754776784,0.0,0.88,0.0,0.0,0.0,0.0,0.0,0.0,0.08724817754776784,0.0,0.88,0.0,0.0,0.0,1.0,,,0.101,0.0,0.0,-0.0,0.0,0.0,0.0,,,0.0,0.0,0.0,0.0,-4.3803419482661525e-16,-0.0,0.0,-0.0,-6.678269334326576e-17
93,1,94,0.15246,0.0,-4.3803250076072074e-16,,,,0,0.0,1,0.0,0.0,-0.0,0.0,0.0,0.0,,,-4.3803250076072074e-16,0.0,0.0,0.0,0.0,0.0,0.0,0.0,0.0,0.271,0.0,0.96,0.0,0.0,-0.0,0.0,0.0,0.0,0.271,0.0,0.96,0.0,0.0,-0.0,0.0,0.0,0.0,0.271,0.0,0.96,0.0,0.0,-0.0,,,,0.0,0.0,0.0,0.0,0.0,0.0,0.0,0.0,0.0,0.08724817754776784,0.0,0.88,0.0,0.0,0.0,0.0,0.0,0.0,0.08724817754776784,0.0,0.88,0.0,0.0,0.0,0.0,0.0,0.0,0.08724817754776784,0.0,0.88,0.0,0.0,0.0,0.0,0.0,0.0,0.08724817754776784,0.0,0.88,0.0,0.0,0.0,1.0,,,0.101,0.0,0.0,-0.0,0.0,0.0,0.0,,,0.0,0.0,0.0,0.0,-4.3803250076072074e-16,-0.0,0.0,-0.0,-6.678243506597949e-17
94,1,95,0.1016,0.0,569.0854513442426,,,,0,0.0,1,1083.3333333333333,1083.3333333333333,-0.0,173.33333333333331,35.96666666666666,0.0,,,167.74152777777522,1083.3333333333333,1040.0,43.33333333333326,1083.3333333333333,0.0,1.0,1.0,0.0,0.16128993055555554,83.87076388888889,0.96,541.6666666666666,520.0,21.66666666666663,1.0,1.0,0.0,0.16128993055555577,83.870763888889,0.96,541.6666666666666,520.0,21.66666666666663,0.0,0.0,0.0,0.271,0.0,0.96,0.0,0.0,-0.0,,,,308.9087235664674,1040.0,915.2,124.79999999999995,1040.0,-0.0,1.0,1.0,0.0,0.3375313850158078,154.45436178323365,0.88,520.0,457.6,62.39999999999998,1.0,1.0,0.0,0.33753138501580787,154.45436178323368,0.8800000000000001,520.0,457.6,62.39999999999998,0.0,0.0,0.0,0.08724817754776787,0.0,0.8800000000000001,0.0,0.0,0.0,0.0,0.0,0.0,0.08724817754776787,0.0,0.8800000000000001,0.0,0.0,0.0,0.0,,,0.101,92.43520000000001,915.2,0.0,915.2,28.3712,1.0,,,1083.3333333333333,0.0,465.8333333333333,2.0,569.0854513442426,0.0,0.0,0.0,57.81908185657505
95,1,96,0.1016,0.0,1387.840874770477,,,,0,0.0,1,2422.5314636554726,2422.5314636554726,-0.0,387.60503418487565,80.42804459336169,0.0,,,369.19846949586986,2422.5314636554726,2325.6302051092534,96.90125854621897,2422.5314636554726,0.0,1.0,0.0,0.0,0.1587520099647691,123.0661564986239,0.96,807.5104878851563,775.21006836975,32.30041951540625,1.0,0.0,0.0,0.1587520099647692,123.06615649862412,0.96,807.5104878851573,775.210068369751,32.30041951540636,1.0,1.0,0.0,0.15875200996476932,123.06615649862444,0.96,807.5104878851588,775.2100683697524,32.30041951540636,,,,801.9337545585681,2325.6302051092534,2145.630205109298,180.0000003769103,2325.630205486208,0.0,1.0,0.0,0.0,0.37890238729674747,207.2122430528968,0.923970432946142,591.8749999999682,546.8749999999684,44.99999999999977,1.0,0.0,0.0,0.3789023872967613,207.21224305291483,0.9239704329461456,591.8749999999958,546.874999999996,44.99999999999977,1.0,1.0,0.0,0.3686762722527563,194.1068846499371,0.9212594039669347,571.4968193731082,526.4968191846687,45.00000018843957,1.0,1.0,0.0,0.3681166724799163,193.40238380281926,0.9211056961263852,570.3833861131359,525.3833859246647,45.000000188471176,1.0,,,0.101,216.7086507160391,2145.630205109298,2145.630205109298,0.0,66.51453635838824,0.0,,,276.90125892312926,-2.842170943040401e-14,119.06754133694558,4.0,1387.840874770477,0.0,-0.0,0.0,141.00463287668046
96,1,97,0.1016,0.0,1387.8408747721912,,,,0,0.0,1,2422.5314636554685,2422.5314636554685,-0.0,387.60503418487497,80.42804459336156,0.0,,,369.1984694958693,2422.5314636554685,2325.63020510925,96.90125854621886,2422.5314636554685,0.0,1.0,0.0,0.0,0.15875200996476913,123.06615649862376,0.96,807.5104878851553,775.210068369749,32.30041951540625,1.0,0.0,0.0,0.15875200996476915,123.06615649862388,0.96,807.510487885156,775.2100683697497,32.30041951540625,1.0,0.0,0.0,0.1587520099647692,123.06615649862412,0.96,807.5104878851573,775.210068369751,32.30041951540636,,,,801.9337545602835,2325.63020510925,2145.630205109291,180.00000037632503,2325.630205485616,0.0,1.0,0.0,0.0,0.3789023872967492,207.21224305289903,0.9239704329461425,591.8749999999716,546.8749999999718,44.99999999999977,1.0,0.0,0.0,0.37890238734199855,207.21224307765928,0.923970432652831,591.875000187902,546.8750000000101,45.00000018789183,1.0,0.0,0.0,0.3686762722528326,194.10688465003332,0.9212594039669563,571.4968193732599,526.4968191848207,45.00000018843923,1.0,0.0,0.0,0.3681166724360196,193.4023837796919,0.92110569643073,570.3833859244829,525.3833859244887,44.9999999999942,1.0,,,0.101,216.70865071603842,2145.630205109291,2145.630205109291,0.0,66.51453635838803,0.0,,,276.9012589225439,-2.842170943040401e-14,119.06754133669386,4.0,1387.8408747721912,0.0,-0.0,0.0,141.00463287685463
97,1,98,0.1016,0.0,1387.8408748468232,,,,0,0.0,1,2422.531463655505,2422.531463655505,-0.0,387.6050341848808,80.42804459336277,0.0,,,369.19846949587577,2422.531463655505,2325.6302051092844,96.90125854622033,2422.531463655505,0.0,1.0,0.0,0.0,0.15875200996476976,123.06615649862613,0.96,807.5104878851675,775.2100683697608,32.3004195154067,1.0,0.0,0.0,0.15875200996476982,123.0661564986263,0.96,807.5104878851685,775.2100683697616,32.300419515406816,1.0,0.0,0.0,0.15875200996476974,123.06615649862627,0.96,807.5104878851687,775.2100683697619,32.300419515406816,,,,801.9337546187564,2325.6302051092844,2145.630205269219,180.000000027974,2325.6302052971932,0.0,1.0,0.0,0.0,0.37890238734197995,207.2122430776347,0.9239704326528224,591.8750001878661,546.874999999972,45.0000001878941,1.0,0.0,0.0,0.3789023872967686,207.21224305292444,0.9239704329461483,591.87500000001,546.8750000000108,44.999999999999204,1.0,0.0,0.0,0.36867627220894683,194.10688462692562,0.9212594042707221,571.4968191848151,526.4968191848153,44.99999999999977,1.0,0.0,0.0,0.3681166724792374,193.40238386127157,0.9211056967110938,570.383385924502,525.3833860844211,44.99999984008093,1.0,,,0.101,216.70865073219113,2145.630205269219,2145.630205269219,0.0,66.51453636334578,0.0,,,276.90125857419434,-1.1368683772161603e-13,119.06754118690357,4.0,1387.8408748468232,0.0,-0.0,0.0,141.00463288443723
98,1,99,0.1016,0.0,1387.8408747952546,,,,0,0.0,1,2422.5314636555213,2422.5314636555213,-0.0,387.60503418488344,80.42804459336331,0.0,,,369.1984694958792,2422.5314636555213,2325.6302051093003,96.90125854622102,2422.5314636555213,0.0,1.0,0.0,0.0,0.15875200996477015,123.06615649862728,0.96,807.5104878851731,775.2100683697662,32.30041951540693,1.0,0.0,0.0,0.15875200996477015,123.0661564986274,0.96,807.510487885174,775.210068369767,32.30041951540704,1.0,0.0,0.0,0.15875200996477012,123.06615649862741,0.96,807.5104878851743,775.2100683697672,32.30041951540704,,,,801.933754583332,2325.6302051093003,2145.6302051093417,180.00000056480985,2325.6302056741515,0.0,1.0,0.0,0.0,0.3789023872967448,207.2122430528933,0.9239704329461413,591.8749999999628,546.874999999963,44.99999999999977,1.0,0.0,0.0,0.3789023873419893,207.2122430776468,0.9239704326528246,591.8750001878848,546.8749999999906,45.000000187894216,1.0,0.0,0.0,0.36867627225282945,194.10688465002886,0.9212594039669503,571.4968193732553,526.496819184813,45.0000001884423,1.0,0.0,0.0,0.36811667247987173,193.40238380276284,0.9211056961263687,570.3833861130486,525.383385924575,45.000000188473564,1.0,,,0.101,216.7086507160435,2145.6302051093417,2145.6302051093417,0.0,66.51453635838959,0.0,,,276.90125911103087,0.0,119.06754141774327,4.0,1387.8408747952544,0.0,-0.0,0.0,141.00463287919786
99,1,100,0.1016,0.0,1387.8408747721974,,,,0,0.0,1,2422.5314636554845,2422.5314636554845,-0.0,387.6050341848775,80.42804459336209,0.0,,,369.19846949587225,2422.5314636554845,2325.6302051092653,96.90125854621942,2422.5314636554845,0.0,1.0,0.0,0.0,0.15875200996476885,123.06615649862275,0.96,807.51048788515,775.210068369744,32.30041951540602,1.0,0.0,0.0,0.1587520099647691,123.0661564986237,0.96,807.510487885155,775.2100683697488,32.30041951540625,1.0,0.0,0.0,0.15875200996477046,123.06615649862847,0.96,807.5104878851794,775.2100683697722,32.30041951540716,,,,801.9337545602865,2325.6302051092653,2145.6302051092944,180.00000037633288,2325.6302054856274,0.0,1.0,0.0,0.0,0.3789023872967582,207.21224305291085,0.9239704329461451,591.8749999999895,546.87499999999,44.999999999999545,1.0,0.0,0.0,0.37890238734198933,207.21224307764658,0.9239704326528223,591.8750001878856,546.8749999999899,45.000000187895694,1.0,0.0,0.0,0.36867627225282706,194.10688465002562,0.9212594039669479,571.496819373251,526.4968191848077,45.00000018844332,1.0,0.0,0.0,0.36811667243602875,193.40238377970334,0.9211056964307324,570.3833859245011,525.3833859245068,44.999999999994316,1.0,,,0.101,216.70865071603873,2145.6302051092944,2145.6302051092944,0.0,66.51453635838813,0.0,,,276.9012589225523,-1.1368683772161603e-13,119.06754133669749,4.0,1387.8408747721974,0.0,-0.0,0.0,141.00463287685525
100,1,101,0.1016,0.0,1387.840874747462,,,,0,0.0,1,2422.5314636555568,2422.5314636555568,-0.0,387.60503418488906,80.42804459336449,0.0,,,369.1984694958861,2422.5314636555568,2325.6302051093344,96.90125854622238,2422.5314636555568,0.0,1.0,0.0,0.0,0.1587520099647707,123.06615649862951,0.96,807.510487885185,775.2100683697776,32.300419515407384,1.0,0.0,0.0,0.15875200996477082,123.06615649862972,0.96,807.5104878851859,775.2100683697784,32.3004195154075,1.0,0.0,0.0,0.15875200996477062,123.06615649862961,0.96,807.5104878851861,775.2100683697786,32.3004195154075,,,,801.9337545355269,2325.6302051093344,2145.6302051093967,180.00000018847243,2325.630205297869,0.0,1.0,0.0,0.0,0.3789023872967545,207.212243052906,0.9239704329461438,591.8749999999823,546.8749999999825,44.99999999999977,1.0,0.0,0.0,0.37890238729675807,207.21224305291105,0.9239704329461484,591.8749999999882,546.8749999999907,44.9999999999975,1.0,0.0,0.0,0.3686762722089377,194.10688462691422,0.9212594042707197,571.496819184797,526.4968191847973,44.99999999999966,1.0,0.0,0.0,0.36811667247989793,193.40238380279544,0.9211056961263727,570.3833861131017,525.3833859246262,45.0000001884755,1.0,,,0.101,216.70865071604908,2145.6302051093967,2145.6302051093967,0.0,66.5145363583913,0.0,,,276.9012587346948,0.0,119.06754125591877,4.0,1387.840874747462,0.0,-0.0,0.0,141.00463287434215
101,1,102,0.1016,0.0,1387.84087477214,,,,0,0.0,1,2422.531463655411,2422.531463655411,-0.0,387.60503418486576,80.42804459335964,0.0,,,369.1984694958579,2422.531463655411,2325.6302051091943,96.90125854621647,2422.531463655411,0.0,1.0,0.0,0.0,0.15875200996476804,123.06615649861997,0.96,807.510487885136,775.2100683697305,32.30041951540545,1.0,0.0,0.0,0.1587520099647681,123.06615649862012,0.96,807.5104878851366,775.2100683697312,32.30041951540545,1.0,0.0,0.0,0.15875200996476818,123.06615649862042,0.96,807.5104878851382,775.2100683697327,32.300419515405565,,,,801.9337545602493,2325.6302051091943,2145.630205109237,180.00000037632788,2325.6302054855646,0.0,1.0,0.0,0.0,0.3789023873419848,207.21224307764118,0.9239704326528251,591.8750001878753,546.8749999999822,45.00000018789319,1.0,0.0,0.0,0.37890238729676085,207.2122430529142,0.9239704329461454,591.8749999999948,546.874999999995,44.99999999999977,1.0,0.0,0.0,0.36867627225282673,194.1068846500257,0.9212594039669524,571.496819373249,526.4968191848084,45.000000188440595,1.0,0.0,0.0,0.36811667243600077,193.4023837796682,0.9211056964307247,570.3833859244456,525.3833859244513,44.999999999994316,1.0,,,0.101,216.70865071603296,2145.630205109237,2145.630205109237,0.0,66.51453635838635,0.0,,,276.90125892254434,-1.4210854715202004e-13,119.06754133669406,4.0,1387.8408747721398,0.0,-0.0,0.0,141.00463287684943
102,1,103,0.1016,0.0,1387.8408747720337,,,,0,0.0,1,2422.5314636554094,2422.5314636554094,-0.0,387.60503418486553,80.42804459335959,0.0,,,369.19846949585747,2422.5314636554094,2325.630205109193,96.90125854621647,2422.5314636554094,0.0,1.0,0.0,0.0,0.15875200996476807,123.06615649861996,0.96,807.5104878851357,775.2100683697303,32.30041951540545,1.0,0.0,0.0,0.15875200996476813,123.0661564986201,0.96,807.5104878851364,775.210068369731,32.30041951540545,1.0,0.0,0.0,0.15875200996476815,123.06615649862026,0.96,807.5104878851373,775.2100683697317,32.300419515405565,,,,801.9337545601456,2325.630205109193,2145.6302051092134,180.00000037636153,2325.6302054855746,0.0,1.0,0.0,0.0,0.37890238729675607,207.21224305290843,0.9239704329461481,591.8749999999841,546.8749999999867,44.999999999997385,1.0,0.0,0.0,0.37890238734198645,207.21224307764336,0.9239704326528263,591.8750001878783,546.8749999999856,45.00000018789274,1.0,0.0,0.0,0.3686762722089367,194.10688462691283,0.9212594042707193,571.4968191847948,526.4968191847951,44.99999999999977,1.0,0.0,0.0,0.36811667247980634,193.4023838026809,0.9211056961263541,570.3833861129174,525.3833859244457,45.00000018847163,1.0,,,0.101,216.70865071603058,2145.6302051092134,2145.6302051092134,0.0,66.51453635838561,0.0,,,276.901258922578,-2.842170943040401e-14,119.06754133670853,4.0,1387.8408747720337,0.0,-0.0,0.0,141.00463287683863
103,1,104,0.1016,0.0,1387.8408747244407,,,,0,0.0,1,2422.531463655597,2422.531463655597,-0.0,387.6050341848955,80.42804459336581,0.0,,,369.1984694958943,2422.531463655597,2325.6302051093726,96.90125854622397,2422.531463655597,0.0,1.0,0.0,0.0,0.15875200996476815,123.06615649861999,0.96,807.5104878851355,775.21006836973,32.30041951540545,1.0,0.0,0.0,0.1587520099647681,123.06615649862012,0.96,807.5104878851366,775.2100683697312,32.30041951540545,1.0,0.0,0.0,0.15875200996477837,123.06615649865672,0.96,807.5104878853247,775.2100683699116,32.30041951541307,,,,801.9337545124994,2325.6302051093726,2145.630205109378,179.99999999999875,2325.6302051093767,-4.092726157978177e-12,1.0,0.0,0.0,0.37890238729675796,207.2122430529105,0.9239704329461451,591.874999999989,546.8749999999894,44.999999999999545,1.0,0.0,0.0,0.37890238729675807,207.2122430529106,0.9239704329461448,591.8749999999893,546.8749999999895,44.99999999999977,1.0,0.0,0.0,0.36867627220893384,194.10688462690928,0.9212594042707185,571.4968191847893,526.4968191847895,44.99999999999977,1.0,0.0,0.0,0.36811667243608154,193.40238377976888,0.9211056964307379,570.3833859246091,525.3833859246095,44.99999999999966,1.0,,,0.101,216.7086507160472,2145.630205109378,2145.630205109378,0.0,66.51453635839071,0.0,,,276.9012585462186,-1.7053025658242404e-13,119.06754117487401,4.0,1387.8408747244407,0.0,-0.0,0.0,141.00463287200316
104,1,105,0.1016,0.0,1387.84087487021,,,,0,0.0,1,2422.53146365578,2422.53146365578,-0.0,387.6050341849248,80.4280445933719,0.0,,,369.19846949592943,2422.53146365578,2325.6302051095486,96.90125854623125,2422.53146365578,0.0,1.0,0.0,0.0,0.15875200996476804,123.06615649861978,0.96,807.5104878851347,775.2100683697292,32.30041951540545,1.0,0.0,0.0,0.1587520099647781,123.06615649865607,0.96,807.5104878853217,775.2100683699089,32.30041951541284,1.0,0.0,0.0,0.15875200996477826,123.06615649865648,0.96,807.5104878853235,775.2100683699106,32.300419515412955,,,,801.933754642058,2325.6302051095486,2145.6302052695296,180.00000021641688,2325.6302054859466,0.0,1.0,0.0,0.0,0.3789023873419876,207.21224307764535,0.9239704326528304,591.8750001878794,546.8749999999891,45.00000018789035,1.0,0.0,0.0,0.37890238729675796,207.2122430529105,0.9239704329461452,591.8749999999889,546.8749999999894,44.99999999999943,1.0,0.0,0.0,0.3686762722521686,194.10688470871455,0.9212594045506116,571.4968191849941,526.4968193449363,44.99999984005785,1.0,0.0,0.0,0.36811667247989077,193.40238380278748,0.9211056961263814,570.383386113084,525.3833859246148,45.000000188469244,1.0,,,0.101,216.7086507322225,2145.6302052695296,2145.6302052695296,0.0,66.51453636335542,0.0,,,276.9012587626481,0.0,119.0675412679387,4.0,1387.84087487021,0.0,-0.0,0.0,141.00463288681334
105,1,106,0.1016,0.0,1387.840874747578,,,,0,0.0,1,2422.531463655633,2422.531463655633,-0.0,387.60503418490134,80.42804459336702,0.0,,,369.1984694959011,2422.531463655633,2325.630205109407,96.90125854622545,2422.531463655633,0.0,1.0,0.0,0.0,0.1587520099647721,123.06615649863444,0.96,807.5104878852103,775.2100683698019,32.30041951540841,1.0,0.0,0.0,0.15875200996477212,123.0661564986346,0.96,807.5104878852112,775.2100683698027,32.30041951540852,1.0,0.0,0.0,0.15875200996477207,123.06615649863458,0.96,807.5104878852114,775.2100683698029,32.30041951540852,,,,801.9337545356263,2325.630205109407,2145.6302051094112,180.00000018844344,2325.630205297855,0.0,1.0,0.0,0.0,0.37890238729675385,207.2122430529051,0.9239704329461437,591.8749999999809,546.8749999999811,44.99999999999977,1.0,0.0,0.0,0.37890238729678466,207.2122430529453,0.9239704329461521,591.8750000000422,546.8750000000427,44.99999999999943,1.0,0.0,0.0,0.3686762722528155,194.10688465001087,0.9212594039669426,571.4968193732287,526.4968191847842,45.000000188444574,1.0,0.0,0.0,0.36811667243607843,193.40238377976493,0.9211056964307371,570.3833859246029,525.3833859246032,44.99999999999966,1.0,,,0.101,216.70865071605056,2145.6302051094112,2145.6302051094112,0.0,66.51453635839175,0.0,,,276.9012587346689,0.0,119.06754125590761,4.0,1387.8408747475783,0.0,-0.0,0.0,141.00463287435392
106,1,107,0.1016,0.0,1387.8408747719886,,,,0,0.0,1,2422.5314636553635,2422.5314636553635,-0.0,387.60503418485814,80.42804459335807,0.0,,,369.19846949584826,2422.5314636553635,2325.630205109149,96.90125854621465,2422.5314636553635,0.0,1.0,0.0,0.0,0.15875200996476696,123.06615649861632,0.96,807.5104878851175,775.2100683697128,32.30041951540477,1.0,0.0,0.0,0.15875200996476738,123.06615649861742,0.96,807.5104878851225,775.2100683697176,32.30041951540488,1.0,0.0,0.0,0.1587520099647674,123.06615649861754,0.96,807.5104878851233,775.2100683697183,32.300419515405,,,,801.9337545601147,2325.630205109149,2145.6302051091643,180.00000037636391,2325.6302054855278,0.0,1.0,0.0,0.0,0.3789023873419818,207.21224307763734,0.9239704326528252,591.8750001878691,546.8749999999764,45.00000018789274,1.0,0.0,0.0,0.3789023872967594,207.21224305291233,0.9239704329461451,591.8749999999919,546.8749999999922,44.99999999999977,1.0,0.0,0.0,0.3686762722089323,194.10688462690732,0.9212594042707181,571.4968191847862,526.4968191847864,44.99999999999977,1.0,0.0,0.0,0.3681166724797878,193.4023838026576,0.921105696126349,570.3833861128805,525.3833859244089,45.00000018847163,1.0,,,0.101,216.7086507160256,2145.6302051091643,2145.6302051091643,0.0,66.51453635838409,0.0,,,276.90125892257856,5.684341886080802e-14,119.06754133670879,4.0,1387.8408747719886,0.0,-0.0,0.0,141.00463287683405
107,1,108,0.1016,0.0,1387.84087479537,,,,0,0.0,1,2422.5314636556614,2422.5314636556614,-0.0,387.60503418490583,80.42804459336796,0.0,,,369.19846949590635,2422.5314636556614,2325.6302051094344,96.90125854622659,2422.5314636556614,0.0,1.0,0.0,0.0,0.1587520099647727,123.06615649863639,0.96,807.51048788522,775.2100683698111,32.30041951540886,1.0,0.0,0.0,0.1587520099647726,123.06615649863639,0.96,807.5104878852205,775.2100683698117,32.30041951540886,1.0,0.0,0.0,0.1587520099647725,123.06615649863636,0.96,807.5104878852208,775.2100683698119,32.30041951540886,,,,801.9337545834081,2325.6302051094344,2145.630205109461,180.0000005648177,2325.6302056742784,0.0,1.0,0.0,0.0,0.37890238729674963,207.21224305289962,0.9239704329461428,591.8749999999724,546.8749999999727,44.99999999999966,1.0,0.0,0.0,0.3789023873419808,207.2122430776355,0.9239704326528203,591.8750001878685,546.8749999999729,45.00000018789558,1.0,0.0,0.0,0.368676272252855,194.1068846500609,0.921259403966956,571.4968193733065,526.4968191848635,45.00000018844298,1.0,0.0,0.0,0.36811667247991164,193.402383802812,0.9211056961263698,570.3833861131311,525.3833859246516,45.000000188479476,1.0,,,0.101,216.70865071605556,2145.630205109461,2145.630205109461,0.0,66.51453635839329,0.0,,,276.9012591110443,-1.1368683772161603e-13,119.06754141774904,4.0,1387.84087479537,0.0,-0.0,0.0,141.00463287920957
108,1,109,0.1016,0.0,1387.8408747705905,,,,0,0.0,1,2422.5314636555595,2422.5314636555595,-0.0,387.6050341848895,80.42804459336458,0.0,,,369.1984694958867,2422.5314636555595,2325.630205109337,96.9012585462225,2422.5314636555595,0.0,1.0,0.0,0.0,0.15875200996476652,123.06615649861453,0.96,807.510487885108,775.2100683697037,32.300419515404315,1.0,0.0,0.0,0.15875200996477293,123.06615649863743,0.96,807.5104878852256,775.2100683698166,32.30041951540909,1.0,0.0,0.0,0.1587520099647729,123.06615649863744,0.96,807.5104878852259,775.2100683698168,32.30041951540909,,,,801.9337545586515,2325.630205109337,2145.630205109429,180.0000003769145,2325.630205486343,0.0,1.0,0.0,0.0,0.37890238729675,207.21224305290042,0.9239704329461457,591.8749999999723,546.8749999999743,44.999999999997954,1.0,0.0,0.0,0.37890238729674963,207.21224305289962,0.9239704329461428,591.8749999999724,546.8749999999727,44.99999999999966,1.0,0.0,0.0,0.3686762722528517,194.10688465005717,0.9212594039669594,571.4968193732985,526.496819184858,45.00000018844048,1.0,0.0,0.0,0.368116672479897,193.4023838027941,0.921105696126371,570.3833861131003,525.3833859246239,45.000000188476406,1.0,,,0.101,216.70865071605235,2145.630205109429,2145.630205109429,0.0,66.51453635839229,0.0,,,276.901258923137,2.842170943040401e-14,119.0675413369489,4.0,1387.8408747705905,0.0,-0.0,0.0,141.004632876692
109,1,110,0.1016,0.0,1387.840874796916,,,,0,0.0,1,2422.531463655392,2422.531463655392,-0.0,387.60503418486275,80.42804459335902,0.0,,,369.19846949585417,2422.531463655392,2325.6302051091766,96.90125854621567,2422.531463655392,0.0,1.0,0.0,0.0,0.15875200996476782,123.0661564986189,0.96,807.51048788513,775.2100683697248,32.300419515405224,1.0,0.0,0.0,0.15875200996476782,123.06615649861904,0.96,807.5104878851309,775.2100683697257,32.300419515405224,1.0,0.0,0.0,0.15875200996476774,123.06615649861901,0.96,807.5104878851312,775.210068369726,32.300419515405224,,,,801.9337545850107,2325.6302051091766,2145.630205109419,180.00000056425654,2325.6302056736754,0.0,1.0,0.0,0.0,0.3789023873419785,207.2122430776327,0.9239704326528213,591.8750001878634,546.8749999999688,45.00000018789456,1.0,0.0,0.0,0.3789023873419786,207.21224307763285,0.9239704326528213,591.8750001878636,546.8749999999691,45.00000018789456,1.0,0.0,0.0,0.3686762722089611,194.10688462694455,0.9212594042707349,571.4968191848407,526.4968191848462,44.99999999999443,1.0,0.0,0.0,0.3681166724799016,193.40238380280044,0.921105696126378,570.3833861131076,525.3833859246346,45.000000188472995,1.0,,,0.101,216.70865071605132,2145.630205109419,2145.630205109419,0.0,66.514536358392,0.0,,,276.9012591104722,-8.526512829121202e-14,119.06754141750305,4.0,1387.8408747969163,0.0,-0.0,0.0,141.00463287936665
110,1,111,0.1016,0.0,1387.8408747473322,,,,0,0.0,1,2422.5314636553353,2422.5314636553353,-0.0,387.60503418485365,80.42804459335713,0.0,,,369.19846949584314,2422.5314636553353,2325.6302051091216,96.90125854621351,2422.5314636553353,0.0,1.0,0.0,0.0,0.1587520099647667,123.06615649861514,0.96,807.510487885111,775.2100683697066,32.30041951540443,1.0,0.0,0.0,0.15875200996476674,123.06615649861524,0.96,807.5104878851116,775.2100683697071,32.30041951540454,1.0,0.0,0.0,0.1587520099647668,123.06615649861543,0.96,807.5104878851125,775.210068369708,32.30041951540454,,,,801.9337545354641,2325.6302051091216,2145.6302051091598,180.00000018842923,2325.630205297589,0.0,1.0,0.0,0.0,0.37890238729674824,207.2122430528983,0.9239704329461464,591.8749999999684,546.8749999999712,44.99999999999716,1.0,0.0,0.0,0.37890238729676196,207.21224305291565,0.9239704329461458,591.874999999997,546.8749999999973,44.99999999999977,1.0,0.0,0.0,0.36867627225269706,194.10688464986265,0.9212594039669209,571.4968193729895,526.4968191845513,45.00000018843821,1.0,0.0,0.0,0.3681166724360956,193.40238377978747,0.9211056964307511,570.383385924634,525.3833859246399,44.99999999999409,1.0,,,0.101,216.70865071602515,2145.6302051091598,2145.6302051091598,0.0,66.51453635838395,0.0,,,276.90125873464274,-1.7053025658242404e-13,119.06754125589637,4.0,1387.8408747473322,0.0,-0.0,0.0,141.00463287432896
111,1,112,0.1016,0.0,1387.8408747628393,,,,0,0.0,1,2422.531463655365,2422.531463655365,-0.0,387.60503418485837,80.42804459335811,0.0,,,369.1984694958488,2422.531463655365,2325.6302051091498,96.90125854621465,2422.531463655365,0.0,1.0,0.0,0.0,0.15875200996476682,123.06615649861547,0.96,807.5104878851126,775.2100683697081,32.30041951540454,1.0,0.0,0.0,0.1587520099647675,123.06615649861796,0.96,807.5104878851255,775.2100683697205,32.300419515405,1.0,0.0,0.0,0.15875200996476752,123.0661564986181,0.96,807.5104878851264,775.2100683697213,32.30041951540511,,,,801.9337545539088,2325.6302051091498,2145.6302050800173,180.00000046696834,2325.6302055469855,0.0,1.0,0.0,0.0,0.3789023873343795,207.2122430734767,0.9239704327020984,591.8750001562968,546.8749999999682,45.00000015632861,1.0,0.0,0.0,0.37890238733439396,207.21224307349553,0.9239704327021017,591.8750001563259,546.8749999999969,45.00000015632895,1.0,0.0,0.0,0.3686762721935801,194.10688460798877,0.9212594042706965,571.4968191528967,526.4968191553957,44.99999999750105,1.0,0.0,0.0,0.368116672472553,193.40238379894768,0.9211056961775137,570.3833860814663,525.3833859246565,45.00000015680973,1.0,,,0.101,216.70865071308177,2145.6302050800173,2145.6302050800173,0.0,66.51453635748054,0.0,,,276.901259013183,-2.842170943040401e-14,119.06754137566868,4.0,1387.8408747628393,0.0,-0.0,0.0,141.00463287590446
112,1,113,0.1016,0.0,718.6355676613612,,,,0,0.0,1,1233.072916666628,1233.072916666628,-0.0,197.2916666666605,40.938020833332054,0.0,,,193.7423315555527,1233.072916666628,1183.749999999963,49.32291666666521,1233.072916666628,0.0,1.0,0.0,0.0,0.15875200996476682,123.06615649861543,0.96,807.5104878851124,775.2100683697079,32.30041951540454,1.0,0.0,0.0,0.17299698165344773,70.67617505694002,0.96,425.56242878151573,408.53993163025507,17.022497151260666,0.0,0.0,1.0,0.271,0.0,0.96,0.0,0.0,-0.0,,,,414.424486105812,1183.749999999963,1093.749999999965,89.99999999999932,1183.749999999964,-1.1368683772161603e-12,1.0,0.0,0.0,0.37890238729674736,207.21224305289664,0.923970432946142,591.8749999999679,546.8749999999682,44.99999999999977,1.0,0.0,0.0,0.3789023872967616,207.21224305291526,0.923970432946146,591.8749999999962,546.8749999999967,44.999999999999545,0.0,0.0,1.0,0.08724817754776784,0.0,0.88,0.0,0.0,0.0,0.0,0.0,1.0,0.08724817754776784,0.0,0.88,0.0,0.0,0.0,1.0,,,0.101,110.46874999999648,1093.749999999965,1093.749999999965,0.0,33.90624999999891,0.0,,,139.3229166666634,0.0,59.90885416666526,2.0,718.6355676613612,0.0,0.0,0.0,73.01337367439429
113,1,114,0.15246,0.0,-4.3803250076072074e-16,,,,0,0.0,1,0.0,0.0,-0.0,0.0,0.0,0.0,,,-4.3803250076072074e-16,0.0,0.0,0.0,0.0,0.0,0.0,0.0,1.0,0.271,0.0,0.96,0.0,0.0,-0.0,0.0,0.0,1.0,0.271,0.0,0.96,0.0,0.0,-0.0,0.0,0.0,0.0,0.271,0.0,0.96,0.0,0.0,-0.0,,,,0.0,0.0,0.0,0.0,0.0,0.0,0.0,0.0,1.0,0.08724817754776784,0.0,0.88,0.0,0.0,0.0,0.0,0.0,1.0,0.08724817754776784,0.0,0.88,0.0,0.0,0.0,0.0,0.0,0.0,0.08724817754776784,0.0,0.88,0.0,0.0,0.0,0.0,0.0,0.0,0.08724817754776784,0.0,0.88,0.0,0.0,0.0,1.0,,,0.101,0.0,0.0,-0.0,0.0,0.0,0.0,,,0.0,0.0,0.0,0.0,-4.3803250076072074e-16,-0.0,0.0,-0.0,-6.678243506597949e-17
114,1,115,0.15246,0.0,-4.3803588889250976e-16,,,,0,0.0,1,0.0,0.0,-0.0,0.0,0.0,0.0,,,-4.3803588889250976e-16,0.0,0.0,0.0,0.0,0.0,0.0,0.0,0.0,0.271,0.0,0.96,0.0,0.0,-0.0,0.0,0.0,0.0,0.271,0.0,0.96,0.0,0.0,-0.0,0.0,0.0,0.0,0.271,0.0,0.96,0.0,0.0,-0.0,,,,0.0,0.0,0.0,0.0,0.0,0.0,0.0,0.0,0.0,0.08724817754776784,0.0,0.88,0.0,0.0,0.0,0.0,0.0,0.0,0.08724817754776784,0.0,0.88,0.0,0.0,0.0,0.0,0.0,0.0,0.08724817754776784,0.0,0.88,0.0,0.0,0.0,0.0,0.0,0.0,0.08724817754776784,0.0,0.88,0.0,0.0,0.0,1.0,,,0.101,0.0,0.0,-0.0,0.0,0.0,0.0,,,0.0,0.0,0.0,0.0,-4.3803588889250976e-16,-0.0,0.0,-0.0,-6.678295162055205e-17
115,1,116,0.15246,0.0,-4.3803588889250976e-16,,,,0,0.0,1,0.0,0.0,-0.0,0.0,0.0,0.0,,,-4.3803588889250976e-16,0.0,0.0,0.0,0.0,0.0,0.0,0.0,0.0,0.271,0.0,0.96,0.0,0.0,-0.0,0.0,0.0,0.0,0.271,0.0,0.96,0.0,0.0,-0.0,0.0,0.0,0.0,0.271,0.0,0.96,0.0,0.0,-0.0,,,,0.0,0.0,0.0,0.0,0.0,0.0,0.0,0.0,0.0,0.08724817754776784,0.0,0.88,0.0,0.0,0.0,0.0,0.0,0.0,0.08724817754776784,0.0,0.88,0.0,0.0,0.0,0.0,0.0,0.0,0.08724817754776784,0.0,0.88,0.0,0.0,0.0,0.0,0.0,0.0,0.08724817754776784,0.0,0.88,0.0,0.0,0.0,1.0,,,0.101,0.0,0.0,-0.0,0.0,0.0,0.0,,,0.0,0.0,0.0,0.0,-4.3803588889250976e-16,-0.0,0.0,-0.0,-6.678295162055205e-17
116,1,117,0.15246,0.0,-4.3803419482661525e-16,,,,0,0.0,1,0.0,0.0,-0.0,0.0,0.0,0.0,,,-4.3803419482661525e-16,0.0,0.0,0.0,0.0,0.0,0.0,0.0,0.0,0.271,0.0,0.96,0.0,0.0,-0.0,0.0,0.0,0.0,0.271,0.0,0.96,0.0,0.0,-0.0,0.0,0.0,0.0,0.271,0.0,0.96,0.0,0.0,-0.0,,,,0.0,0.0,0.0,0.0,0.0,0.0,0.0,0.0,0.0,0.08724817754776784,0.0,0.88,0.0,0.0,0.0,0.0,0.0,0.0,0.08724817754776784,0.0,0.88,0.0,0.0,0.0,0.0,0.0,0.0,0.08724817754776784,0.0,0.88,0.0,0.0,0.0,0.0,0.0,0.0,0.08724817754776784,0.0,0.88,0.0,0.0,0.0,1.0,,,0.101,0.0,0.0,-0.0,0.0,0.0,0.0,,,0.0,0.0,0.0,0.0,-4.3803419482661525e-16,-0.0,0.0,-0.0,-6.678269334326576e-17
117,1,118,0.15246,0.0,-4.3803250076072074e-16,,,,0,0.0,1,0.0,0.0,-0.0,0.0,0.0,0.0,,,-4.3803250076072074e-16,0.0,0.0,0.0,0.0,0.0,0.0,0.0,0.0,0.271,0.0,0.96,0.0,0.0,-0.0,0.0,0.0,0.0,0.271,0.0,0.96,0.0,0.0,-0.0,0.0,0.0,0.0,0.271,0.0,0.96,0.0,0.0,-0.0,,,,0.0,0.0,0.0,0.0,0.0,0.0,0.0,0.0,0.0,0.08724817754776784,0.0,0.88,0.0,0.0,0.0,0.0,0.0,0.0,0.08724817754776784,0.0,0.88,0.0,0.0,0.0,0.0,0.0,0.0,0.08724817754776784,0.0,0.88,0.0,0.0,0.0,0.0,0.0,0.0,0.08724817754776784,0.0,0.88,0.0,0.0,0.0,1.0,,,0.101,0.0,0.0,-0.0,0.0,0.0,0.0,,,0.0,0.0,0.0,0.0,-4.3803250076072074e-16,-0.0,0.0,-0.0,-6.678243506597949e-17
118,1,119,0.1016,0.0,569.0854513442426,,,,0,0.0,1,1083.3333333333333,1083.3333333333333,-0.0,173.33333333333331,35.96666666666666,0.0,,,167.74152777777522,1083.3333333333333,1040.0,43.33333333333326,1083.3333333333333,0.0,1.0,1.0,0.0,0.16128993055555566,83.87076388888894,0.96,541.6666666666666,520.0,21.66666666666663,1.0,1.0,0.0,0.16128993055555577,83.870763888889,0.96,541.6666666666666,520.0,21.66666666666663,0.0,0.0,0.0,0.271,0.0,0.96,0.0,0.0,-0.0,,,,308.9087235664674,1040.0,915.2,124.79999999999995,1040.0,-0.0,1.0,1.0,0.0,0.33753138501580787,154.45436178323368,0.8800000000000001,520.0,457.6,62.39999999999998,1.0,1.0,0.0,0.3375313850158078,154.45436178323365,0.88,520.0,457.6,62.39999999999998,0.0,0.0,0.0,0.08724817754776787,0.0,0.8800000000000001,0.0,0.0,0.0,0.0,0.0,0.0,0.08724817754776787,0.0,0.8800000000000001,0.0,0.0,0.0,0.0,,,0.101,92.43520000000001,915.2,0.0,915.2,28.3712,1.0,,,1083.3333333333333,0.0,465.8333333333333,2.0,569.0854513442426,0.0,0.0,0.0,57.81908185657505
119,1,120,0.1016,0.0,1387.9514197180129,,,,0,0.0,1,2422.88646465911,2422.88646465911,-0.0,387.66183434545763,80.43983062668245,0.0,,,369.26744040798985,2422.88646465911,2325.9710060727457,96.9154585863646,2422.88646465911,0.0,1.0,0.0,0.0,0.15875891012974558,123.09097306262944,0.96,807.6382201296178,775.3326913244331,32.305528805184736,1.0,0.0,0.0,0.15875840214773823,123.089146788676,0.96,807.6288215529313,775.323668690814,32.305152862117325,1.0,1.0,0.0,0.1587578942079712,123.08732055668703,0.96,807.6194229765613,775.3146460574987,32.30477691906253,,,,801.9409076966738,2325.9710060727457,2145.9710060727652,180.00000018816365,2325.971006260929,0.0,1.0,0.0,0.0,0.3736960589883891,200.485226918175,0.922612964852075,581.4927515181638,536.492751518164,44.99999999999977,1.0,0.0,0.0,0.37369605898839364,200.48522691818084,0.9226129648520762,581.4927515181729,536.4927515181731,44.99999999999977,1.0,1.0,0.0,0.3736960589884115,200.4852269182037,0.9226129648520809,581.4927515182084,536.4927515182086,44.99999999999977,1.0,1.0,0.0,0.37369605903297204,200.4852269421141,0.9226129645535351,581.4927517063837,536.4927515182194,45.000000188164336,1.0,,,0.101,216.74307161334931,2145.9710060727652,2145.9710060727652,0.0,66.52510118825572,0.0,,,276.91545877452825,-8.526512829121202e-14,119.07364727304714,4.0,1387.9514197180129,0.0,-0.0,0.0,141.0158642433501
120,1,121,0.1016,0.0,1387.9514196941172,,,,0,0.0,1,2422.886464659121,2422.886464659121,-0.0,387.66183434545934,80.43983062668282,0.0,,,369.2674404079918,2422.886464659121,2325.9710060727557,96.91545858636482,2422.886464659121,0.0,1.0,0.0,0.0,0.15875891012974566,123.0909730626295,0.96,807.6382201296178,775.3326913244331,32.305528805184736,1.0,0.0,0.0,0.15875840214773898,123.08914678867872,0.96,807.6288215529452,775.3236686908274,32.30515286211778,1.0,0.0,0.0,0.158757894207971,123.08732055668634,0.96,807.6194229765576,775.3146460574953,32.304776919062306,,,,801.9409076727751,2325.9710060727557,2145.971006072775,179.99999999999102,2325.9710060727657,-1.000444171950221e-11,1.0,0.0,0.0,0.37369605898838865,200.48522691817485,0.9226129648520784,581.4927515181619,536.4927515181643,44.99999999999761,1.0,0.0,0.0,0.37369605898840613,200.48522691819687,0.9226129648520801,581.4927515181976,536.4927515181981,44.99999999999943,1.0,0.0,0.0,0.3736960589884102,200.485226918203,0.9226129648520895,581.492751518203,536.4927515182087,44.999999999994316,1.0,0.0,0.0,0.37369605898840885,200.48522691820034,0.9226129648520804,581.4927515182031,536.4927515182035,44.99999999999966,1.0,,,0.101,216.74307161335028,2145.971006072775,2145.971006072775,0.0,66.52510118825602,0.0,,,276.91545858634584,8.526512829121202e-14,119.0736471921287,4.0,1387.9514196941172,0.0,-0.0,0.0,141.0158642409223
121,1,122,0.1016,0.0,1387.9514197419112,,,,0,0.0,1,2422.886464659116,2422.886464659116,-0.0,387.66183434545854,80.43983062668265,0.0,,,369.2674404079911,2422.886464659116,2325.971006072751,96.91545858636471,2422.886464659116,0.0,1.0,0.0,0.0,0.15875891012974566,123.0909730626295,0.96,807.6382201296178,775.3326913244331,32.305528805184736,1.0,0.0,0.0,0.1587584021477391,123.08914678867919,0.96,807.6288215529477,775.3236686908298,32.30515286211789,1.0,0.0,0.0,0.15875789420797062,123.08732055668493,0.96,807.6194229765505,775.3146460574884,32.30477691906208,,,,801.9409077205718,2325.971006072751,2145.971006072755,180.00000037633743,2325.971006449092,0.0,1.0,0.0,0.0,0.37369605898838976,200.48522691817587,0.9226129648520751,581.4927515181652,536.4927515181654,44.99999999999977,1.0,0.0,0.0,0.3736960590329599,200.48522694209774,0.9226129645535245,581.4927517063618,536.492751518193,45.00000018816877,1.0,0.0,0.0,0.37369605903295994,200.48522694209777,0.922612964553524,581.4927517063621,536.492751518193,45.00000018816911,1.0,0.0,0.0,0.37369605898840885,200.48522691820028,0.9226129648520802,581.4927515182031,536.4927515182034,44.99999999999977,1.0,,,0.101,216.74307161334823,2145.971006072755,2145.971006072755,0.0,66.52510118825539,0.0,,,276.91545896270213,8.526512829121202e-14,119.07364735396192,4.0,1387.9514197419112,0.0,-0.0,0.0,141.01586424577818
122,1,123,0.1016,0.0,1387.9514197418657,,,,0,0.0,1,2422.8864646590378,2422.8864646590378,-0.0,387.66183434544604,80.43983062668005,0.0,,,369.2674404079761,2422.8864646590378,2325.971006072676,96.91545858636152,2422.8864646590378,0.0,1.0,0.0,0.0,0.15875891012975457,123.09097306266156,0.96,807.6382201297828,775.3326913245915,32.30552880519133,1.0,0.0,0.0,0.15875840214773926,123.08914678867968,0.96,807.6288215529502,775.3236686908322,32.30515286211801,1.0,0.0,0.0,0.15875789420795733,123.0873205566372,0.96,807.6194229763048,775.3146460572526,32.30477691905219,,,,801.9409077205453,2325.971006072676,2145.9710060727157,180.00000037632708,2325.9710064490428,0.0,1.0,0.0,0.0,0.37369605903294956,200.4852269420845,0.9226129645535217,581.4927517063413,536.4927515181724,45.00000018816888,1.0,0.0,0.0,0.37369605903294945,200.48522694208435,0.9226129645535212,581.4927517063413,536.4927515181722,45.00000018816911,1.0,0.0,0.0,0.37369605898839736,200.4852269181865,0.9226129648520858,581.4927515181774,536.4927515181829,44.99999999999454,1.0,0.0,0.0,0.37369605898839997,200.48522691818985,0.9226129648520864,581.4927515181827,536.4927515181881,44.99999999999454,1.0,,,0.101,216.74307161334428,2145.9710060727157,2145.9710060727157,0.0,66.52510118825418,0.0,,,276.9154589626886,5.684341886080802e-14,119.0736473539561,4.0,1387.9514197418655,0.0,-0.0,0.0,141.01586424577354
123,1,124,0.1016,0.0,1387.951419741878,,,,0,0.0,1,2422.8864646590782,2422.8864646590782,-0.0,387.6618343454525,80.4398306266814,0.0,,,369.2674404079838,2422.8864646590782,2325.9710060727148,96.91545858636312,2422.8864646590782,0.0,1.0,0.0,0.0,0.15875891012975443,123.09097306266109,0.96,807.6382201297804,775.3326913245892,32.305528805191216,1.0,0.0,0.0,0.1587584021477393,123.08914678868011,0.96,807.6288215529527,775.3236686908346,32.30515286211812,1.0,0.0,0.0,0.15875789420795955,123.08732055664507,0.96,807.6194229763452,775.3146460572914,32.30477691905378,,,,801.9409077205494,2325.9710060727148,2145.97100607272,180.00000037633947,2325.971006449059,0.0,1.0,0.0,0.0,0.3736960589883903,200.48522691817655,0.9226129648520753,581.4927515181662,536.4927515181664,44.99999999999977,1.0,0.0,0.0,0.3736960590329549,200.4852269420912,0.9226129645535215,581.4927517063525,536.4927515181827,45.00000018816979,1.0,0.0,0.0,0.3736960589883985,200.48522691818707,0.9226129648520774,581.4927515181826,536.4927515181828,44.99999999999977,1.0,0.0,0.0,0.37369605903295744,200.4852269420944,0.9226129645535216,581.4927517063578,536.4927515181877,45.000000188170134,1.0,,,0.101,216.7430716133447,2145.97100607272,2145.97100607272,0.0,66.52510118825431,0.0,,,276.9154589627026,8.526512829121202e-14,119.07364735396212,4.0,1387.9514197418778,0.0,-0.0,0.0,141.0158642457748
124,1,125,0.1016,0.0,1387.9514197418625,,,,0,0.0,1,2422.8864646591014,2422.8864646591014,-0.0,387.6618343454562,80.43983062668217,0.0,,,369.26744040798826,2422.8864646591014,2325.9710060727375,96.91545858636414,2422.8864646591014,0.0,1.0,0.0,0.0,0.15875891012975543,123.09097306266466,0.96,807.6382201297988,775.3326913246068,32.30552880519201,1.0,0.0,0.0,0.1587584021477397,123.08914678868135,0.96,807.6288215529588,775.3236686908405,32.30515286211835,1.0,0.0,0.0,0.15875789420795947,123.08732055664478,0.96,807.6194229763438,775.31464605729,32.30477691905378,,,,801.9409077205322,2325.9710060727375,2145.971006072694,180.00000037633322,2325.9710064490273,0.0,1.0,0.0,0.0,0.37369605903294756,200.48522694208134,0.9226129645535157,581.492751706339,536.4927515181669,45.00000018817218,1.0,0.0,0.0,0.37369605898839064,200.48522691817698,0.9226129648520756,581.4927515181668,536.4927515181671,44.99999999999966,1.0,0.0,0.0,0.3736960589883946,200.48522691818295,0.9226129648520851,581.492751518172,536.4927515181774,44.99999999999454,1.0,0.0,0.0,0.37369605903295416,200.4852269420908,0.9226129645535261,581.4927517063495,536.4927515181827,45.00000018816684,1.0,,,0.101,216.7430716133421,2145.971006072694,2145.971006072694,0.0,66.52510118825352,0.0,,,276.91545896269736,-2.842170943040401e-14,119.07364735395986,4.0,1387.9514197418625,0.0,-0.0,0.0,141.01586424577323
125,1,126,0.1016,0.0,1387.9514197418785,,,,0,0.0,1,2422.886464659068,2422.886464659068,-0.0,387.6618343454509,80.43983062668107,0.0,,,369.2674404079819,2422.886464659068,2325.9710060727057,96.91545858636277,2422.886464659068,0.0,1.0,0.0,0.0,0.15875891012975538,123.09097306266443,0.96,807.6382201297976,775.3326913246057,32.3055288051919,1.0,0.0,0.0,0.15875840214773965,123.08914678868113,0.96,807.6288215529577,775.3236686908393,32.30515286211835,1.0,0.0,0.0,0.15875789420795777,123.08732055663879,0.96,807.619422976313,775.3146460572605,32.30477691905253,,,,801.9409077205513,2325.9710060727057,2145.971006072724,180.0000003763322,2325.971006449056,0.0,1.0,0.0,0.0,0.37369605898839087,200.48522691817726,0.9226129648520754,581.4927515181673,536.4927515181676,44.99999999999977,1.0,0.0,0.0,0.37369605903295433,200.4852269420907,0.9226129645535232,581.4927517063509,536.4927515181821,45.00000018816877,1.0,0.0,0.0,0.3736960589883981,200.48522691818653,0.9226129648520773,581.4927515181818,536.492751518182,44.99999999999977,1.0,0.0,0.0,0.3736960590329584,200.4852269420967,0.9226129645535323,581.4927517063562,536.4927515181923,45.00000018816388,1.0,,,0.101,216.74307161334514,2145.971006072724,2145.971006072724,0.0,66.52510118825444,0.0,,,276.91545896269497,1.1368683772161603e-13,119.07364735395883,4.0,1387.9514197418785,0.0,-0.0,0.0,141.01586424577485
126,1,127,0.1016,0.0,1387.951419694066,,,,0,0.0,1,2422.8864646590728,2422.8864646590728,-0.0,387.66183434545167,80.43983062668121,0.0,,,369.26744040798235,2422.8864646590728,2325.9710060727093,96.915458586363,2422.8864646590728,0.0,1.0,0.0,0.0,0.15875891012975543,123.09097306266464,0.96,807.6382201297987,775.3326913246067,32.30552880519201,1.0,0.0,0.0,0.15875840214773976,123.08914678868159,0.96,807.6288215529602,775.3236686908417,32.30515286211846,1.0,0.0,0.0,0.1587578942079578,123.08732055663891,0.96,807.6194229763137,775.3146460572611,32.30477691905253,,,,801.9409076727392,2325.9710060727093,2145.971006072718,179.9999999999934,2325.9710060727116,-2.2737367544323206e-12,1.0,0.0,0.0,0.373696058988391,200.4852269181774,0.9226129648520754,581.4927515181676,536.4927515181678,44.99999999999977,1.0,0.0,0.0,0.37369605898839786,200.4852269181863,0.9226129648520779,581.4927515181811,536.4927515181816,44.99999999999943,1.0,0.0,0.0,0.3736960589883992,200.48522691818886,0.9226129648520863,581.4927515181812,536.4927515181867,44.99999999999454,1.0,0.0,0.0,0.373696058988398,200.48522691818647,0.9226129648520776,581.4927515181815,536.4927515181819,44.99999999999966,1.0,,,0.101,216.74307161334454,2145.971006072718,2145.971006072718,0.0,66.52510118825425,0.0,,,276.91545858635413,2.842170943040401e-14,119.07364719213227,4.0,1387.9514196940659,0.0,-0.0,0.0,141.0158642409171
127,1,128,0.1016,0.0,1387.9514197657604,,,,0,0.0,1,2422.8864646590423,2422.8864646590423,-0.0,387.6618343454468,80.4398306266802,0.0,,,369.26744040797666,2422.8864646590423,2325.9710060726807,96.91545858636175,2422.8864646590423,0.0,1.0,0.0,0.0,0.15875891012975543,123.09097306266452,0.96,807.6382201297978,775.3326913246059,32.3055288051919,1.0,0.0,0.0,0.15875840214773826,123.0891467886761,0.96,807.6288215529318,775.3236686908144,32.305152862117325,1.0,0.0,0.0,0.15875789420795774,123.08732055663873,0.96,807.6194229763128,775.3146460572602,32.30477691905253,,,,801.940907744441,2325.9710060726807,2145.9710060727016,180.00000056450244,2325.971006637204,0.0,1.0,0.0,0.0,0.3736960589883927,200.48522691817973,0.9226129648520769,581.4927515181707,536.4927515181715,44.999999999999204,1.0,0.0,0.0,0.3736960590329492,200.48522694208398,0.9226129645535208,581.4927517063409,536.4927515181715,45.00000018816934,1.0,0.0,0.0,0.37369605903295317,200.48522694208992,0.9226129645535301,581.4927517063461,536.4927515181818,45.000000188164336,1.0,0.0,0.0,0.37369605903295183,200.4852269420873,0.9226129645535212,581.4927517063462,536.4927515181766,45.000000188169565,1.0,,,0.101,216.74307161334286,2145.9710060727016,2145.9710060727016,0.0,66.52510118825374,0.0,,,276.9154591508642,-1.1368683772161603e-13,119.0736474348716,4.0,1387.9514197657604,0.0,-0.0,0.0,141.01586424820124
128,1,129,0.1016,0.0,1387.95141974185,,,,0,0.0,1,2422.886464659038,2422.886464659038,-0.0,387.6618343454461,80.43983062668006,0.0,,,369.267440407976,2422.886464659038,2325.9710060726766,96.91545858636164,2422.886464659038,0.0,1.0,0.0,0.0,0.15875891012974558,123.09097306262944,0.96,807.6382201296178,775.3326913244331,32.305528805184736,1.0,0.0,0.0,0.1587584021477403,123.08914678868368,0.96,807.6288215529711,775.3236686908522,32.305152862118916,1.0,0.0,0.0,0.15875789420796516,123.08732055666526,0.96,807.6194229764492,775.3146460573912,32.304776919057986,,,,801.940907720532,2325.9710060726766,2145.971006072694,180.00000037633413,2325.9710064490278,0.0,1.0,0.0,0.0,0.373696059032949,200.4852269420836,0.9226129645535202,581.4927517063405,536.4927515181708,45.00000018816968,1.0,0.0,0.0,0.3736960589883923,200.48522691817914,0.9226129648520759,581.4927515181703,536.4927515181705,44.99999999999977,1.0,0.0,0.0,0.37369605903294906,200.4852269420837,0.9226129645535194,581.4927517063411,536.492751518171,45.000000188170134,1.0,0.0,0.0,0.37369605898839653,200.48522691818545,0.9226129648520855,581.4927515181759,536.4927515181813,44.99999999999454,1.0,,,0.101,216.7430716133421,2145.971006072694,2145.971006072694,0.0,66.52510118825352,0.0,,,276.91545896269577,-2.842170943040401e-14,119.07364735395917,4.0,1387.9514197418503,0.0,-0.0,0.0,141.01586424577195
129,1,130,0.1016,0.0,1387.9514197418398,,,,0,0.0,1,2422.8864646590346,2422.8864646590346,-0.0,387.6618343454455,80.43983062667995,0.0,,,369.2674404079753,2422.8864646590346,2325.9710060726734,96.91545858636141,2422.8864646590346,0.0,1.0,0.0,0.0,0.15875891012974566,123.09097306262954,0.96,807.638220129618,775.3326913244333,32.305528805184736,1.0,0.0,0.0,0.15875840214774037,123.08914678868362,0.96,807.6288215529703,775.3236686908515,32.3051528621188,1.0,0.0,0.0,0.15875789420796496,123.08732055666466,0.96,807.6194229764462,775.3146460573884,32.30477691905787,,,,801.9409077205238,2325.9710060726734,2145.971006072679,180.0000003763421,2325.971006449021,0.0,1.0,0.0,0.0,0.3736960590329486,200.48522694208282,0.9226129645535168,581.4927517063409,536.4927515181693,45.00000018817161,1.0,0.0,0.0,0.37369605898839187,200.4852269181785,0.9226129648520759,581.4927515181691,536.4927515181695,44.99999999999966,1.0,0.0,0.0,0.37369605898839203,200.4852269181788,0.9226129648520761,581.4927515181695,536.4927515181699,44.999999999999545,1.0,0.0,0.0,0.37369605903294906,200.48522694208347,0.9226129645535175,581.4927517063417,536.4927515181704,45.00000018817127,1.0,,,0.101,216.7430716133406,2145.971006072679,2145.971006072679,0.0,66.52510118825305,0.0,,,276.9154589627035,1.1368683772161603e-13,119.0736473539625,4.0,1387.9514197418398,0.0,-0.0,0.0,141.01586424577093
130,1,131,0.1016,0.0,1387.9514197179383,,,,0,0.0,1,2422.88646465904,2422.88646465904,-0.0,387.66183434544644,80.43983062668013,0.0,,,369.267440407976,2422.88646465904,2325.9710060726784,96.91545858636164,2422.88646465904,0.0,1.0,0.0,0.0,0.15875891012974558,123.09097306262944,0.96,807.6382201296178,775.3326913244331,32.305528805184736,1.0,0.0,0.0,0.1587584021477403,123.08914678868356,0.96,807.6288215529702,775.3236686908514,32.3051528621188,1.0,0.0,0.0,0.15875789420796527,123.08732055666576,0.96,807.6194229764519,775.3146460573938,32.3047769190581,,,,801.9409076966211,2325.9710060726784,2145.971006072683,180.00000018816695,2325.971006260849,0.0,1.0,0.0,0.0,0.37369605903294845,200.48522694208316,0.9226129645535222,581.4927517063388,536.4927515181704,45.00000018816843,1.0,0.0,0.0,0.3736960589883923,200.4852269181792,0.9226129648520766,581.4927515181699,536.4927515181706,44.99999999999932,1.0,0.0,0.0,0.3736960589883923,200.4852269181792,0.9226129648520764,581.49275151817,536.4927515181706,44.99999999999943,1.0,0.0,0.0,0.37369605898839253,200.48522691817942,0.9226129648520759,581.4927515181707,536.492751518171,44.99999999999977,1.0,,,0.101,216.743071613341,2145.971006072683,2145.971006072683,0.0,66.52510118825317,0.0,,,276.9154587745286,1.7053025658242404e-13,119.07364727304729,4.0,1387.9514197179383,0.0,-0.0,0.0,141.01586424334252
131,1,132,0.1016,0.0,1387.951419765741,,,,0,0.0,1,2422.886464658921,2422.886464658921,-0.0,387.66183434542734,80.43983062667617,0.0,,,369.2674404079529,2422.886464658921,2325.971006072564,96.91545858635686,2422.886464658921,0.0,1.0,0.0,0.0,0.15875891012974566,123.09097306262947,0.96,807.6382201296176,775.3326913244329,32.305528805184736,1.0,0.0,0.0,0.15875840214774053,123.0891467886845,0.96,807.6288215529753,775.3236686908563,32.30515286211903,1.0,0.0,0.0,0.1587578942079586,123.08732055664169,0.96,807.6194229763278,775.3146460572747,32.3047769190531,,,,801.9409077444448,2325.971006072564,2145.971006072707,180.00000056450244,2325.9710066372095,0.0,1.0,0.0,0.0,0.373696059032949,200.4852269420835,0.9226129645535183,581.4927517063413,536.4927515181705,45.000000188170816,1.0,0.0,0.0,0.373696059032949,200.48522694208341,0.9226129645535177,581.4927517063414,536.4927515181703,45.00000018817116,1.0,0.0,0.0,0.373696059032953,200.4852269420894,0.9226129645535274,581.4927517063466,536.4927515181806,45.00000018816593,1.0,0.0,0.0,0.3736960589883988,200.48522691818837,0.9226129648520862,581.4927515181804,536.4927515181859,44.99999999999454,1.0,,,0.101,216.74307161334343,2145.971006072707,2145.971006072707,0.0,66.52510118825391,0.0,,,276.9154591508593,0.0,119.0736474348695,4.0,1387.9514197657413,0.0,-0.0,0.0,141.01586424819928
132,1,133,0.1016,0.0,1387.9514197179396,,,,0,0.0,1,2422.8864646589236,2422.8864646589236,-0.0,387.6618343454278,80.43983062667627,0.0,,,369.2674404079535,2422.8864646589236,2325.9710060725665,96.91545858635698,2422.8864646589236,0.0,1.0,0.0,0.0,0.15875891012974566,123.0909730626295,0.96,807.6382201296178,775.3326913244331,32.305528805184736,1.0,0.0,0.0,0.1587584021477406,123.08914678868453,0.96,807.6288215529752,775.3236686908562,32.30515286211903,1.0,0.0,0.0,0.15875789420795866,123.0873205566421,0.96,807.6194229763303,775.3146460572771,32.30477691905321,,,,801.9409076966418,2325.9710060725665,2145.971006072715,180.0000001881649,2325.97100626088,0.0,1.0,0.0,0.0,0.37369605898839503,200.48522691818263,0.9226129648520771,581.4927515181754,536.492751518176,44.99999999999943,1.0,0.0,0.0,0.37369605898839514,200.48522691818278,0.9226129648520771,581.4927515181756,536.4927515181762,44.99999999999943,1.0,0.0,0.0,0.3736960589883952,200.4852269181828,0.9226129648520766,581.492751518176,536.4927515181762,44.99999999999977,1.0,0.0,0.0,0.3736960590329562,200.4852269420935,0.9226129645535277,581.4927517063533,536.492751518187,45.00000018816627,1.0,,,0.101,216.74307161334426,2145.971006072715,2145.971006072715,0.0,66.52510118825417,0.0,,,276.9154587745219,8.526512829121202e-14,119.0736472730444,4.0,1387.9514197179394,0.0,-0.0,0.0,141.01586424334266
133,1,134,0.1016,0.0,1387.9514196940881,,,,0,0.0,1,2422.8864646590882,2422.8864646590882,-0.0,387.6618343454541,80.43983062668173,0.0,,,369.2674404079854,2422.8864646590882,2325.971006072725,96.91545858636368,2422.8864646590882,0.0,1.0,0.0,0.0,0.15875891012974558,123.09097306262944,0.96,807.6382201296178,775.3326913244331,32.305528805184736,1.0,0.0,0.0,0.15875840214774076,123.08914678868504,0.96,807.6288215529777,775.3236686908585,32.305152862119144,1.0,0.0,0.0,0.15875789420796751,123.08732055667377,0.96,807.6194229764931,775.3146460574333,32.304776919059805,,,,801.9409076727557,2325.971006072725,2145.971006072744,179.99999999999295,2325.9710060727366,-1.1823431123048067e-11,1.0,0.0,0.0,0.3736960589883916,200.48522691817817,0.9226129648520757,581.4927515181687,536.4927515181689,44.99999999999977,1.0,0.0,0.0,0.3736960589884002,200.48522691818937,0.9226129648520789,581.4927515181857,536.4927515181865,44.999999999999204,1.0,0.0,0.0,0.3736960589884042,200.48522691819534,0.9226129648520882,581.492751518191,536.4927515181968,44.9999999999942,1.0,0.0,0.0,0.3736960589884029,200.4852269181927,0.9226129648520787,581.4927515181913,536.4927515181915,44.99999999999977,1.0,,,0.101,216.74307161334715,2145.971006072744,2145.971006072744,0.0,66.52510118825506,0.0,,,276.9154585863448,-8.526512829121202e-14,119.07364719212826,4.0,1387.9514196940881,0.0,-0.0,0.0,141.01586424091934
134,1,135,0.1016,0.0,1387.9514197657386,,,,0,0.0,1,2422.8864646590287,2422.8864646590287,-0.0,387.6618343454446,80.43983062667975,0.0,,,369.2674404079738,2422.8864646590287,2325.9710060726675,96.91545858636118,2422.8864646590287,0.0,1.0,0.0,0.0,0.15875891012974983,123.09097306264451,0.96,807.638220129695,775.3326913245072,32.305528805187805,1.0,0.0,0.0,0.1587584021477416,123.08914678868803,0.96,807.628821552993,775.3236686908733,32.30515286211971,1.0,0.0,0.0,0.15875789420795916,123.08732055664404,0.96,807.6194229763405,775.3146460572868,32.304776919053666,,,,801.9409077444246,2325.9710060726675,2145.971006072673,180.00000056451563,2325.9710066371886,0.0,1.0,0.0,0.0,0.373696059032948,200.48522694208194,0.9226129645535158,581.49275170634,536.4927515181678,45.00000018817218,1.0,0.0,0.0,0.3736960590329481,200.48522694208208,0.922612964553516,581.4927517063401,536.492751518168,45.000000188172066,1.0,0.0,0.0,0.37369605903294834,200.48522694208236,0.9226129645535163,581.4927517063404,536.4927515181685,45.00000018817195,1.0,0.0,0.0,0.37369605898839153,200.48522691817814,0.9226129648520762,581.4927515181683,536.4927515181689,44.99999999999943,1.0,,,0.101,216.74307161334,2145.971006072673,2145.971006072673,0.0,66.52510118825286,0.0,,,276.9154591508768,1.4210854715202004e-13,119.07364743487703,4.0,1387.9514197657386,0.0,-0.0,0.0,141.01586424819902
135,1,136,0.1016,0.0,1387.9514197179615,,,,0,0.0,1,2422.8864646589523,2422.8864646589523,-0.0,387.6618343454324,80.43983062667722,0.0,,,369.2674404079588,2422.8864646589523,2325.971006072594,96.91545858635823,2422.8864646589523,0.0,1.0,0.0,0.0,0.1587589101297458,123.09097306262991,0.96,807.6382201296199,775.332691324435,32.30552880518485,1.0,0.0,0.0,0.1587584021477415,123.0891467886879,0.96,807.6288215529926,775.3236686908729,32.30515286211971,1.0,0.0,0.0,0.15875789420795922,123.08732055664397,0.96,807.6194229763398,775.3146460572862,32.304776919053666,,,,801.940907696656,2325.971006072594,2145.971006072738,180.00000018816183,2325.9710062608997,0.0,1.0,0.0,0.0,0.3736960590329541,200.48522694209043,0.9226129645535237,581.4927517063501,536.4927515181818,45.000000188168315,1.0,0.0,0.0,0.373696058988398,200.4852269181865,0.9226129648520779,581.4927515181814,536.492751518182,44.99999999999943,1.0,0.0,0.0,0.3736960589883981,200.48522691818653,0.9226129648520778,581.4927515181815,536.492751518182,44.999999999999545,1.0,0.0,0.0,0.37369605898840197,200.48522691819244,0.922612964852087,581.4927515181868,536.4927515181922,44.99999999999454,1.0,,,0.101,216.74307161334656,2145.971006072738,2145.971006072738,0.0,66.52510118825488,0.0,,,276.91545877452006,5.684341886080802e-14,119.07364727304362,4.0,1387.9514197179612,0.0,-0.0,0.0,141.01586424334488
136,1,137,0.1016,0.0,1387.9514196940304,,,,0,0.0,1,2422.886464658949,2422.886464658949,-0.0,387.6618343454319,80.43983062667711,0.0,,,369.26744040795825,2422.886464658949,2325.971006072591,96.915458586358,2422.886464658949,0.0,1.0,0.0,0.0,0.1587589101297457,123.09097306262966,0.96,807.6382201296186,775.3326913244339,32.305528805184736,1.0,0.0,0.0,0.15875840214774148,123.08914678868774,0.96,807.6288215529918,775.3236686908721,32.30515286211971,1.0,0.0,0.0,0.1587578942079591,123.08732055664376,0.96,807.6194229763389,775.3146460572854,32.30477691905355,,,,801.940907672729,2325.971006072591,2145.9710060727034,179.99999999998818,2325.9710060726916,-1.0049916454590857e-10,1.0,0.0,0.0,0.3736960589883904,200.48522691817678,0.9226129648520759,581.4927515181663,536.4927515181669,44.99999999999943,1.0,0.0,0.0,0.37369605898839053,200.48522691817683,0.9226129648520756,581.4927515181665,536.4927515181669,44.99999999999966,1.0,0.0,0.0,0.373696058988397,200.48522691818602,0.9226129648520857,581.4927515181768,536.4927515181822,44.99999999999454,1.0,0.0,0.0,0.37369605898839964,200.4852269181894,0.9226129648520864,581.492751518182,536.4927515181874,44.99999999999454,1.0,,,0.101,216.74307161334306,2145.9710060727034,2145.9710060727034,0.0,66.5251011882538,0.0,,,276.9154585862457,2.842170943040401e-14,119.07364719208564,4.0,1387.9514196940304,0.0,-0.0,0.0,141.0158642409135
137,1,138,0.13994,0.0,1387.9514197418316,,,,0,0.0,1,2422.88646465895,2422.88646465895,-0.0,387.661834345432,80.43983062667714,0.0,,,369.2674404079588,2422.88646465895,2325.971006072592,96.91545858635811,2422.88646465895,0.0,1.0,0.0,0.0,0.15875891012974558,123.09097306262944,0.96,807.6382201296178,775.3326913244331,32.305528805184736,1.0,0.0,0.0,0.15875840214774142,123.08914678868754,0.96,807.6288215529908,775.323668690871,32.30515286211971,1.0,0.0,0.0,0.15875789420795933,123.08732055664431,0.96,807.6194229763414,775.3146460572877,32.304776919053666,,,,801.9409077205308,2325.971006072592,2145.971006072692,180.0000003763322,2325.9710064490246,0.0,1.0,0.0,0.0,0.3736960589883903,200.48522691817655,0.9226129648520753,581.4927515181662,536.4927515181664,44.99999999999977,1.0,0.0,0.0,0.3736960590329473,200.4852269420811,0.9226129645535167,581.4927517063381,536.4927515181666,45.0000001881715,1.0,0.0,0.0,0.3736960589883943,200.48522691818263,0.922612964852085,581.4927515181715,536.492751518177,44.99999999999454,1.0,0.0,0.0,0.3736960590329539,200.4852269420905,0.9226129645535268,581.4927517063486,536.4927515181822,45.00000018816638,1.0,,,0.101,216.7430716133419,2145.971006072692,2145.971006072692,0.0,66.52510118825346,0.0,,,276.9154589626903,5.684341886080802e-14,119.07364735395683,4.0,1387.9514197418316,0.0,-0.0,0.0,194.22992167867193
138,1,139,0.13994,0.0,1387.9514197418684,,,,0,0.0,1,2422.886464658953,2422.886464658953,-0.0,387.6618343454325,80.43983062667725,0.0,,,369.2674404079594,2422.886464658953,2325.971006072595,96.91545858635823,2422.886464658953,0.0,1.0,0.0,0.0,0.15875891012974566,123.09097306262947,0.96,807.6382201296176,775.3326913244329,32.305528805184736,1.0,0.0,0.0,0.15875840214774142,123.08914678868747,0.96,807.6288215529902,775.3236686908706,32.3051528621196,1.0,0.0,0.0,0.15875789420795955,123.08732055664511,0.96,807.6194229763455,775.3146460572916,32.30477691905389,,,,801.9409077205622,2325.971006072595,2145.9710060727407,180.00000037633413,2325.9710064490746,0.0,1.0,0.0,0.0,0.3736960589883933,200.4852269181805,0.9226129648520769,581.492751518172,536.4927515181727,44.99999999999932,1.0,0.0,0.0,0.37369605898839325,200.48522691818033,0.9226129648520761,581.4927515181721,536.4927515181723,44.99999999999977,1.0,0.0,0.0,0.37369605903296,200.48522694209763,0.9226129645535223,581.4927517063627,536.4927515181926,45.000000188170134,1.0,0.0,0.0,0.3736960590329639,200.48522694210357,0.9226129645535319,581.4927517063678,536.4927515182029,45.000000188164904,1.0,,,0.101,216.7430716133468,2145.9710060727407,2145.9710060727407,0.0,66.52510118825496,0.0,,,276.91545896269236,2.842170943040401e-14,119.07364735395771,4.0,1387.9514197418684,0.0,-0.0,0.0,194.22992167867707
139,1,140,0.13994,0.0,1387.9514197418944,,,,0,0.0,1,2422.8864646590846,2422.8864646590846,-0.0,387.66183434545354,80.43983062668161,0.0,,,369.26744040798496,2422.8864646590846,2325.971006072721,96.91545858636357,2422.8864646590846,0.0,1.0,0.0,0.0,0.15875891012974572,123.09097306262979,0.96,807.6382201296194,775.3326913244346,32.30552880518485,1.0,0.0,0.0,0.15875840214774165,123.08914678868858,0.96,807.6288215529964,775.3236686908765,32.30515286211994,1.0,0.0,0.0,0.1587578942079662,123.08732055666907,0.96,807.6194229764689,775.3146460574101,32.30477691905878,,,,801.9409077205624,2325.971006072721,2145.9710060727416,180.00000037633117,2325.971006449073,0.0,1.0,0.0,0.0,0.3736960589883933,200.4852269181805,0.9226129648520767,581.4927515181721,536.4927515181727,44.99999999999943,1.0,0.0,0.0,0.3736960589883934,200.48522691818056,0.9226129648520761,581.4927515181724,536.4927515181727,44.99999999999977,1.0,0.0,0.0,0.37369605903295977,200.48522694209768,0.9226129645535248,581.4927517063616,536.492751518193,45.00000018816854,1.0,0.0,0.0,0.37369605903296377,200.48522694210368,0.9226129645535344,581.4927517063668,536.4927515182034,45.000000188163426,1.0,,,0.101,216.74307161334693,2145.9710060727416,2145.9710060727416,0.0,66.525101188255,0.0,,,276.91545896269474,2.842170943040401e-14,119.07364735395873,4.0,1387.9514197418944,0.0,-0.0,0.0,194.2299216786807
140,1,141,0.13994,0.0,1387.951419765829,,,,0,0.0,1,2422.886464659097,2422.886464659097,-0.0,387.66183434545553,80.43983062668201,0.0,,,369.2674404079871,2422.886464659097,2325.971006072733,96.91545858636391,2422.886464659097,0.0,1.0,0.0,0.0,0.15875891012974566,123.0909730626295,0.96,807.6382201296178,775.3326913244331,32.305528805184736,1.0,0.0,0.0,0.15875840214774165,123.0891467886885,0.96,807.6288215529958,775.3236686908759,32.305152862119826,1.0,0.0,0.0,0.158757894207967,123.0873205566719,0.96,807.6194229764834,775.314646057424,32.30477691905935,,,,801.9409077444915,2325.971006072733,2145.971006072778,180.0000005645128,2325.971006637291,0.0,1.0,0.0,0.0,0.37369605903295,200.48522694208478,0.9226129645535188,581.4927517063433,536.4927515181726,45.0000001881707,1.0,0.0,0.0,0.37369605903296055,200.48522694209817,0.922612964553521,581.4927517063643,536.4927515181932,45.00000018817104,1.0,0.0,0.0,0.373696059032967,200.4852269421055,0.9226129645535137,581.4927517063801,536.4927515182036,45.0000001881765,1.0,0.0,0.0,0.3736960589884102,200.48522691820295,0.9226129648520892,581.4927515182031,536.4927515182086,44.99999999999454,1.0,,,0.101,216.7430716133506,2145.971006072778,2145.971006072778,0.0,66.52510118825612,0.0,,,276.9154591508767,-1.1368683772161603e-13,119.07364743487697,4.0,1387.951419765829,0.0,-0.0,0.0,194.22992168203012
141,1,142,0.13994,0.0,1387.9514197180647,,,,0,0.0,1,2422.8864646591774,2422.8864646591774,-0.0,387.6618343454684,80.4398306266847,0.0,,,369.2674404080028,2422.8864646591774,2325.9710060728103,96.9154585863671,2422.8864646591774,0.0,1.0,0.0,0.0,0.15875891012975754,123.0909730626721,0.96,807.6382201298369,775.3326913246434,32.30552880519349,1.0,0.0,0.0,0.1587584021477417,123.08914678868851,0.96,807.6288215529956,775.3236686908758,32.305152862119826,1.0,0.0,0.0,0.15875789420795952,123.087320556645,0.96,807.6194229763448,775.314646057291,32.30477691905378,,,,801.9409076967073,2325.9710060728103,2145.9710060728166,180.00000018816775,2325.9710062609847,0.0,1.0,0.0,0.0,0.37369605898840635,200.48522691819718,0.9226129648520801,581.492751518198,536.4927515181986,44.99999999999943,1.0,0.0,0.0,0.3736960589884065,200.48522691819738,0.9226129648520803,581.4927515181982,536.4927515181989,44.99999999999932,1.0,0.0,0.0,0.3736960589884065,200.48522691819736,0.9226129648520796,581.4927515181986,536.4927515181988,44.99999999999977,1.0,0.0,0.0,0.37369605903297365,200.48522694211536,0.9226129645535275,581.4927517063896,536.4927515182204,45.000000188169224,1.0,,,0.101,216.7430716133545,2145.9710060728166,2145.9710060728166,0.0,66.52510118825731,0.0,,,276.91545877453484,8.526512829121202e-14,119.07364727304999,4.0,1387.9514197180647,0.0,-0.0,0.0,194.229921675346
142,1,143,0.1016,0.0,1387.9514196941864,,,,0,0.0,1,2422.886464659198,2422.886464659198,-0.0,387.6618343454717,80.43983062668536,0.0,,,369.2674404080068,2422.886464659198,2325.97100607283,96.915458586368,2422.886464659198,0.0,1.0,0.0,0.0,0.15875891012974566,123.0909730626295,0.96,807.6382201296178,775.3326913244331,32.305528805184736,1.0,0.0,0.0,0.15875840214774176,123.08914678868894,0.96,807.6288215529981,775.3236686908782,32.30515286211994,1.0,0.0,0.0,0.15875789420797232,123.08732055669103,0.96,807.6194229765819,775.3146460575185,32.30477691906333,,,,801.940907672822,2325.97100607283,2145.9710060728457,179.99999999999818,2325.971006072844,-1.4097167877480388e-11,1.0,0.0,0.0,0.37369605898840624,200.48522691819701,0.9226129648520801,581.4927515181978,536.4927515181984,44.99999999999943,1.0,0.0,0.0,0.3736960589884142,200.4852269182072,0.9226129648520823,581.4927515182135,536.4927515182142,44.99999999999932,1.0,0.0,0.0,0.37369605898841285,200.48522691820452,0.9226129648520729,581.4927515182138,536.4927515182089,45.00000000000489,1.0,0.0,0.0,0.3736960589884182,200.48522691821321,0.9226129648520913,581.492751518219,536.4927515182245,44.99999999999454,1.0,,,0.101,216.74307161335744,2145.9710060728457,2145.9710060728457,0.0,66.52510118825822,0.0,,,276.9154585863521,8.526512829121202e-14,119.07364719213139,4.0,1387.9514196941861,0.0,-0.0,0.0,141.01586424092932
143,1,144,0.1016,0.0,1387.9514197658975,,,,0,0.0,1,2422.886464659206,2422.886464659206,-0.0,387.661834345473,80.43983062668563,0.0,,,369.2674404080085,2422.886464659206,2325.9710060728376,96.91545858636823,2422.886464659206,0.0,1.0,0.0,0.0,0.15875891012974605,123.09097306263085,0.96,807.6382201296246,775.3326913244397,32.30552880518496,1.0,0.0,0.0,0.15875840214774198,123.08914678868949,0.96,807.6288215530006,775.3236686908806,32.30515286212005,1.0,0.0,0.0,0.15875789420797226,123.0873205566908,0.96,807.6194229765806,775.3146460575174,32.304776919063215,,,,801.9409077445321,2325.9710060728376,2145.9710060728416,180.00000056450915,2325.971006637351,0.0,1.0,0.0,0.0,0.3736960590329681,200.48522694210806,0.9226129645535248,581.4927517063787,536.4927515182088,45.000000188169906,1.0,0.0,0.0,0.3736960589884117,200.48522691820398,0.9226129648520816,581.4927515182086,536.4927515182092,44.99999999999943,1.0,0.0,0.0,0.37369605903296826,200.4852269421083,0.922612964553525,581.4927517063791,536.4927515182093,45.00000018816979,1.0,0.0,0.0,0.3736960590329708,200.48522694211155,0.9226129645535254,581.4927517063843,536.4927515182143,45.00000018817002,1.0,,,0.101,216.74307161335702,2145.9710060728416,2145.9710060728416,0.0,66.52510118825809,0.0,,,276.9154591508774,-5.684341886080802e-14,119.07364743487727,4.0,1387.9514197658975,0.0,-0.0,0.0,141.0158642482152
144,1,145,0.1016,0.0,1387.9514197420426,,,,0,0.0,1,2422.8864646592474,2422.8864646592474,-0.0,387.6618343454796,80.43983062668701,0.0,,,369.2674404080162,2422.8864646592474,2325.9710060728776,96.91545858637005,2422.8864646592474,0.0,1.0,0.0,0.0,0.15875891012974558,123.09097306262944,0.96,807.6382201296178,775.3326913244331,32.305528805184736,1.0,0.0,0.0,0.15875840214774198,123.08914678868939,0.96,807.6288215530001,775.32366869088,32.30515286212005,1.0,0.0,0.0,0.1587578942079749,123.08732055670032,0.96,807.6194229766297,775.3146460575645,32.30477691906526,,,,801.9409077206636,2325.9710060728776,2145.971006072899,180.00000037633106,2325.97100644923,0.0,1.0,0.0,0.0,0.3736960590329732,200.48522694211474,0.9226129645535275,581.4927517063885,536.4927515182194,45.00000018816911,1.0,0.0,0.0,0.37369605898841673,200.4852269182105,0.9226129648520827,581.4927515182188,536.4927515182193,44.999999999999545,1.0,0.0,0.0,0.37369605898841685,200.48522691821057,0.9226129648520823,581.4927515182192,536.4927515182194,44.99999999999977,1.0,0.0,0.0,0.3736960590329824,200.48522694212767,0.9226129645535407,581.4927517064034,536.4927515182408,45.00000018816263,1.0,,,0.101,216.74307161336282,2145.971006072899,2145.971006072899,0.0,66.52510118825987,0.0,,,276.9154589627011,-5.684341886080802e-14,119.07364735396148,4.0,1387.9514197420428,0.0,-0.0,0.0,141.01586424579153
145,1,146,0.1016,0.0,1387.9514197419835,,,,0,0.0,1,2422.8864646591946,2422.8864646591946,-0.0,387.66183434547116,80.43983062668526,0.0,,,369.267440408006,2422.8864646591946,2325.9710060728266,96.915458586368,2422.8864646591946,0.0,1.0,0.0,0.0,0.15875891012974588,123.09097306263034,0.96,807.6382201296223,775.3326913244373,32.30552880518496,1.0,0.0,0.0,0.15875840214774237,123.08914678869087,0.96,807.6288215530078,775.3236686908874,32.305152862120394,1.0,0.0,0.0,0.15875789420797137,123.08732055668766,0.96,807.6194229765646,775.3146460575019,32.30477691906265,,,,801.9409077206213,2325.9710060728266,2145.971006072832,180.0000003763372,2325.971006449169,0.0,1.0,0.0,0.0,0.3736960590329448,200.48522694207833,0.9226129645535198,581.492751706332,536.4927515181628,45.000000188169224,1.0,0.0,0.0,0.3736960590329732,200.48522694211482,0.922612964553528,581.4927517063884,536.4927515182196,45.00000018816877,1.0,0.0,0.0,0.37369605898841696,200.4852269182107,0.9226129648520828,581.4927515182192,536.4927515182196,44.999999999999545,1.0,0.0,0.0,0.37369605898842206,200.48522691821728,0.9226129648520839,581.4927515182295,536.4927515182299,44.99999999999966,1.0,,,0.101,216.74307161335605,2145.971006072832,2145.971006072832,0.0,66.52510118825779,0.0,,,276.9154589627052,1.1368683772161603e-13,119.07364735396324,4.0,1387.9514197419835,0.0,-0.0,0.0,141.0158642457855
146,1,147,0.1016,0.0,1387.9514196940072,,,,0,0.0,1,2422.88646465901,2422.88646465901,-0.0,387.6618343454416,80.43983062667914,0.0,,,369.2674404079703,2422.88646465901,2325.9710060726493,96.91545858636039,2422.88646465901,0.0,1.0,0.0,0.0,0.1587589101297458,123.09097306263008,0.96,807.6382201296209,775.332691324436,32.30552880518485,1.0,0.0,0.0,0.1587584021477423,123.0891467886908,0.96,807.6288215530075,775.3236686908872,32.30515286212028,1.0,0.0,0.0,0.15875789420796146,123.08732055665212,0.96,807.6194229763817,775.3146460573264,32.30477691905526,,,,801.9409076726987,2325.9710060726493,2145.9710060726543,179.99999999999818,2325.9710060726525,-3.183231456205249e-12,1.0,0.0,0.0,0.37369605898838854,200.48522691817436,0.9226129648520752,581.4927515181627,536.4927515181631,44.999999999999545,1.0,0.0,0.0,0.37369605898838865,200.4852269181745,0.9226129648520752,581.4927515181629,536.4927515181633,44.999999999999545,1.0,0.0,0.0,0.37369605898838876,200.48522691817462,0.9226129648520749,581.4927515181632,536.4927515181635,44.99999999999977,1.0,0.0,0.0,0.37369605898838915,200.48522691817516,0.9226129648520758,581.4927515181637,536.4927515181644,44.99999999999932,1.0,,,0.101,216.7430716133381,2145.9710060726543,2145.9710060726543,0.0,66.52510118825228,0.0,,,276.9154585863554,1.1368683772161603e-13,119.07364719213281,4.0,1387.9514196940072,0.0,-0.0,0.0,141.01586424091113
147,1,148,0.1016,0.0,1387.951419717912,,,,0,0.0,1,2422.88646465901,2422.88646465901,-0.0,387.6618343454416,80.43983062667914,0.0,,,369.2674404079702,2422.88646465901,2325.9710060726497,96.9154585863605,2422.88646465901,0.0,1.0,0.0,0.0,0.15875891012974572,123.09097306262966,0.96,807.6382201296185,775.3326913244338,32.305528805184736,1.0,0.0,0.0,0.15875840214774242,123.08914678869115,0.96,807.6288215530093,775.3236686908889,32.305152862120394,1.0,0.0,0.0,0.15875789420796155,123.08732055665229,0.96,807.6194229763825,775.3146460573271,32.30477691905537,,,,801.9409076966034,2325.9710060726497,2145.9710060726547,180.00000018816763,2325.971006260823,0.0,1.0,0.0,0.0,0.3736960589883887,200.48522691817456,0.9226129648520754,581.4927515181629,536.4927515181635,44.99999999999943,1.0,0.0,0.0,0.37369605898838887,200.4852269181748,0.9226129648520757,581.4927515181631,536.4927515181638,44.99999999999932,1.0,0.0,0.0,0.3736960590329452,200.48522694207887,0.9226129645535202,581.4927517063327,536.4927515181636,45.00000018816911,1.0,0.0,0.0,0.37369605898838915,200.48522691817507,0.922612964852075,581.4927515181639,536.4927515181641,44.99999999999977,1.0,,,0.101,216.74307161333815,2145.9710060726547,2145.9710060726547,0.0,66.5251011882523,0.0,,,276.91545877452813,1.7053025658242404e-13,119.0736472730471,4.0,1387.951419717912,0.0,-0.0,0.0,141.01586424333985
148,1,149,0.1016,0.0,1387.9514197657404,,,,0,0.0,1,2422.8864646590105,2422.8864646590105,-0.0,387.66183434544166,80.43983062667915,0.0,,,369.2674404079704,2422.8864646590105,2325.9710060726497,96.9154585863605,2422.8864646590105,0.0,1.0,0.0,0.0,0.15875891012974566,123.0909730626295,0.96,807.6382201296178,775.3326913244331,32.305528805184736,1.0,0.0,0.0,0.15875840214774253,123.08914678869151,0.96,807.6288215530111,775.3236686908906,32.30515286212051,1.0,0.0,0.0,0.1587578942079615,123.08732055665212,0.96,807.6194229763815,775.3146460573263,32.30477691905526,,,,801.940907744429,2325.9710060726497,2145.9710060726825,180.00000056450392,2325.9710066371863,0.0,1.0,0.0,0.0,0.37369605903294595,200.48522694207946,0.9226129645535165,581.4927517063355,536.4927515181641,45.000000188171384,1.0,0.0,0.0,0.373696059032946,200.48522694207946,0.9226129645535162,581.4927517063356,536.492751518164,45.00000018817161,1.0,0.0,0.0,0.37369605903295,200.48522694208552,0.9226129645535258,581.4927517063409,536.4927515181745,45.00000018816638,1.0,0.0,0.0,0.37369605898839575,200.48522691818442,0.9226129648520853,581.4927515181743,536.4927515181797,44.99999999999454,1.0,,,0.101,216.74307161334096,2145.9710060726825,2145.9710060726825,0.0,66.52510118825316,0.0,,,276.9154591508644,8.526512829121202e-14,119.0736474348717,4.0,1387.9514197657404,0.0,-0.0,0.0,141.01586424819922
149,1,150,0.1016,0.0,1387.9514197418434,,,,0,0.0,1,2422.8864646590278,2422.8864646590278,-0.0,387.66183434544445,80.43983062667972,0.0,,,369.2674404079737,2422.8864646590278,2325.9710060726666,96.9154585863613,2422.8864646590278,0.0,1.0,0.0,0.0,0.15875891012974575,123.09097306262977,0.96,807.6382201296192,775.3326913244343,32.30552880518485,1.0,0.0,0.0,0.1587584021477425,123.08914678869141,0.96,807.6288215530107,775.3236686908901,32.30515286212051,1.0,0.0,0.0,0.15875789420796235,123.08732055665527,0.96,807.6194229763979,775.314646057342,32.30477691905594,,,,801.9409077205283,2325.9710060726666,2145.9710060726884,180.00000037633265,2325.971006449021,0.0,1.0,0.0,0.0,0.3736960590329438,200.48522694207702,0.9226129645535196,581.49275170633,536.4927515181607,45.000000188169224,1.0,0.0,0.0,0.37369605898839087,200.48522691817726,0.9226129648520754,581.4927515181673,536.4927515181676,44.99999999999977,1.0,0.0,0.0,0.3736960589883944,200.4852269181818,0.9226129648520763,581.4927515181744,536.4927515181746,44.99999999999977,1.0,0.0,0.0,0.3736960590329549,200.4852269420922,0.9226129645535314,581.4927517063493,536.4927515181854,45.00000018816388,1.0,,,0.101,216.74307161334156,2145.9710060726884,2145.9710060726884,0.0,66.52510118825334,0.0,,,276.91545896269395,-1.7053025658242404e-13,119.07364735395839,4.0,1387.9514197418434,0.0,-0.0,0.0,141.0158642457713
150,1,151,0.1016,0.0,1387.9514197418594,,,,0,0.0,1,2422.8864646590423,2422.8864646590423,-0.0,387.6618343454468,80.4398306266802,0.0,,,369.2674404079768,2422.8864646590423,2325.97100607268,96.91545858636164,2422.8864646590423,0.0,1.0,0.0,0.0,0.15875891012974566,123.0909730626296,0.96,807.6382201296184,775.3326913244337,32.305528805184736,1.0,0.0,0.0,0.1587584021477434,123.08914678869466,0.96,807.6288215530274,775.3236686909063,32.305152862121076,1.0,0.0,0.0,0.1587578942079623,123.087320556655,0.96,807.6194229763963,775.3146460573405,32.304776919055826,,,,801.9409077205391,2325.97100607268,2145.9710060727057,180.00000037632958,2325.971006449035,0.0,1.0,0.0,0.0,0.37369605903294656,200.48522694208035,0.9226129645535177,581.4927517063364,536.4927515181656,45.000000188170816,1.0,0.0,0.0,0.3736960589883897,200.48522691817578,0.9226129648520751,581.492751518165,536.4927515181653,44.99999999999977,1.0,0.0,0.0,0.3736960589883982,200.4852269181876,0.922612964852086,581.4927515181793,536.4927515181847,44.99999999999454,1.0,0.0,0.0,0.37369605903295733,200.4852269420952,0.922612964553531,581.4927517063544,536.49275151819,45.00000018816445,1.0,,,0.101,216.7430716133433,2145.9710060727057,2145.9710060727057,0.0,66.52510118825387,0.0,,,276.9154589626912,1.4210854715202004e-13,119.07364735395723,4.0,1387.9514197418594,0.0,-0.0,0.0,141.01586424577292
151,1,152,0.1016,0.0,1387.9514197179942,,,,0,0.0,1,2422.8864646591082,2422.8864646591082,-0.0,387.66183434545735,80.4398306266824,0.0,,,369.26744040798917,2422.8864646591082,2325.971006072744,96.91545858636437,2422.8864646591082,0.0,1.0,0.0,0.0,0.15875891012974566,123.0909730626295,0.96,807.6382201296178,775.3326913244331,32.305528805184736,1.0,0.0,0.0,0.1587584021477425,123.08914678869165,0.96,807.6288215530121,775.3236686908916,32.30515286212051,1.0,0.0,0.0,0.15875789420796674,123.08732055667096,0.96,807.6194229764785,775.3146460574194,32.30477691905912,,,,801.9409076966585,2325.971006072744,2145.9710060727366,180.00000018818866,2325.971006260925,0.0,1.0,0.0,0.0,0.3736960589883943,200.4852269181767,0.9226129648520297,581.4927515181892,536.4927515181611,45.00000000002808,1.0,0.0,0.0,0.373696058988402,200.48522691819161,0.922612964852079,581.4927515181894,536.49275151819,44.99999999999943,1.0,0.0,0.0,0.3736960589884021,200.48522691819164,0.9226129648520784,581.4927515181897,536.49275151819,44.99999999999977,1.0,0.0,0.0,0.37369605903295944,200.4852269420985,0.9226129645535366,581.4927517063571,536.4927515181957,45.00000018816138,1.0,,,0.101,216.74307161334642,2145.9710060727366,2145.9710060727366,0.0,66.52510118825484,0.0,,,276.91545877455303,8.526512829121202e-14,119.0736472730578,4.0,1387.9514197179942,0.0,-0.0,0.0,141.0158642433482
152,1,153,0.1016,0.0,1387.9514197418882,,,,0,0.0,1,2422.886464659078,2422.886464659078,-0.0,387.66183434545246,80.43983062668138,0.0,,,369.2674404079836,2422.886464659078,2325.9710060727143,96.91545858636323,2422.886464659078,0.0,1.0,0.0,0.0,0.15875891012974566,123.0909730626295,0.96,807.6382201296178,775.3326913244331,32.305528805184736,1.0,0.0,0.0,0.1587584021477426,123.08914678869162,0.96,807.6288215530116,775.323668690891,32.30515286212051,1.0,0.0,0.0,0.1587578942079651,123.08732055666508,0.96,807.6194229764483,775.3146460573903,32.304776919057986,,,,801.9409077205586,2325.9710060727143,2145.971006072733,180.0000003763438,2325.971006449077,0.0,1.0,0.0,0.0,0.37369605898838754,200.48522691817303,0.9226129648520746,581.4927515181607,536.492751518161,44.99999999999977,1.0,0.0,0.0,0.3736960590329563,200.48522694209305,0.9226129645535226,581.492751706355,536.4927515181856,45.00000018816934,1.0,0.0,0.0,0.37369605903296277,200.48522694210035,0.9226129645535153,581.4927517063708,536.4927515181959,45.00000018817491,1.0,0.0,0.0,0.37369605898840247,200.48522691819213,0.9226129648520786,581.4927515181904,536.4927515181906,44.99999999999977,1.0,,,0.101,216.74307161334605,2145.971006072733,2145.971006072733,0.0,66.52510118825472,0.0,,,276.915458962707,0.0,119.07364735396402,4.0,1387.9514197418882,0.0,-0.0,0.0,141.01586424577584
153,1,154,0.1016,0.0,1387.9514197418953,,,,0,0.0,1,2422.886464659077,2422.886464659077,-0.0,387.6618343454523,80.43983062668136,0.0,,,369.2674404079834,2422.886464659077,2325.9710060727134,96.91545858636323,2422.886464659077,0.0,1.0,0.0,0.0,0.15875891012974563,123.09097306262944,0.96,807.6382201296176,775.3326913244329,32.305528805184736,1.0,0.0,0.0,0.15875840214774264,123.08914678869162,0.96,807.6288215530113,775.3236686908908,32.30515286212051,1.0,0.0,0.0,0.15875789420796507,123.08732055666498,0.96,807.6194229764478,775.3146460573898,32.304776919057986,,,,801.9409077205647,2325.9710060727134,2145.971006072743,180.0000003763431,2325.9710064490855,0.0,1.0,0.0,0.0,0.3736960589883971,200.4852269181853,0.922612964852078,581.4927515181794,536.4927515181802,44.999999999999204,1.0,0.0,0.0,0.3736960590329538,200.4852269420897,0.9226129645535208,581.4927517063503,536.4927515181803,45.00000018817002,1.0,0.0,0.0,0.37369605903296016,200.485226942097,0.9226129645535142,581.4927517063658,536.4927515181906,45.000000188175136,1.0,0.0,0.0,0.37369605898840264,200.4852269181925,0.9226129648520802,581.4927515181902,536.4927515181914,44.99999999999875,1.0,,,0.101,216.74307161334704,2145.971006072743,2145.971006072743,0.0,66.52510118825504,0.0,,,276.91545896270634,1.4210854715202004e-13,119.07364735396372,4.0,1387.9514197418953,0.0,-0.0,0.0,141.01586424577656
154,1,155,0.1016,0.0,1387.9514197180015,,,,0,0.0,1,2422.8864646590982,2422.8864646590982,-0.0,387.6618343454557,80.43983062668207,0.0,,,369.26744040798735,2422.8864646590982,2325.9710060727343,96.91545858636402,2422.8864646590982,0.0,1.0,0.0,0.0,0.15875891012974566,123.09097306262923,0.96,807.638220129616,775.3326913244314,32.30552880518462,1.0,0.0,0.0,0.1587584021477423,123.08914678869084,0.96,807.6288215530079,775.3236686908875,32.305152862120394,1.0,0.0,0.0,0.15875789420796652,123.08732055667012,0.96,807.6194229764742,775.3146460574152,32.30477691905901,,,,801.9409076966662,2325.9710060727343,2145.9710060727534,180.00000018816263,2325.971006260916,0.0,1.0,0.0,0.0,0.37369605898839997,200.48522691818894,0.9226129648520784,581.4927515181852,536.4927515181857,44.99999999999943,1.0,0.0,0.0,0.3736960589884,200.48522691818903,0.9226129648520782,581.4927515181854,536.4927515181859,44.999999999999545,1.0,0.0,0.0,0.3736960589884001,200.48522691818906,0.9226129648520781,581.4927515181855,536.4927515181859,44.99999999999966,1.0,0.0,0.0,0.37369605903296027,200.4852269420991,0.9226129645535326,581.4927517063601,536.4927515181961,45.000000188163995,1.0,,,0.101,216.74307161334812,2145.9710060727534,2145.9710060727534,0.0,66.52510118825536,0.0,,,276.91545877452666,-1.4210854715202004e-13,119.07364727304646,4.0,1387.9514197180013,0.0,-0.0,0.0,141.01586424334894
155,1,156,0.1016,0.0,1387.9514197179424,,,,0,0.0,1,2422.8864646590328,2422.8864646590328,-0.0,387.66183434544524,80.43983062667989,0.0,,,369.26744040797473,2422.8864646590328,2325.971006072671,96.91545858636141,2422.8864646590328,0.0,1.0,0.0,0.0,0.15875891012975055,123.09097306264701,0.96,807.6382201297079,775.3326913245195,32.305528805188374,1.0,0.0,0.0,0.15875840214774223,123.08914678869039,0.96,807.6288215530053,775.323668690885,32.30515286212028,1.0,0.0,0.0,0.1587578942079581,123.08732055664001,0.96,807.6194229763194,775.3146460572666,32.304776919052756,,,,801.9409076966257,2325.971006072671,2145.9710060726907,180.00000018816218,2325.971006260853,0.0,1.0,0.0,0.0,0.37369605903294223,200.48522694207517,0.92261296455352,581.4927517063267,536.492751518158,45.000000188168656,1.0,0.0,0.0,0.37369605898839386,200.48522691818113,0.9226129648520762,581.4927515181733,536.4927515181736,44.99999999999977,1.0,0.0,0.0,0.37369605898839425,200.48522691818167,0.9226129648520771,581.4927515181738,536.4927515181745,44.99999999999932,1.0,0.0,0.0,0.3736960589883982,200.4852269181876,0.9226129648520862,581.4927515181791,536.4927515181847,44.99999999999443,1.0,,,0.101,216.74307161334178,2145.9710060726907,2145.9710060726907,0.0,66.52510118825342,0.0,,,276.9154587745236,1.7053025658242404e-13,119.07364727304514,4.0,1387.9514197179424,0.0,-0.0,0.0,141.01586424334295
156,1,157,0.1016,0.0,1387.9514197180065,,,,0,0.0,1,2422.8864646591137,2422.8864646591137,-0.0,387.6618343454582,80.43983062668258,0.0,,,369.26744040799065,2422.8864646591137,2325.9710060727493,96.9154585863646,2422.8864646591137,0.0,1.0,0.0,0.0,0.15875891012974572,123.09097306262966,0.96,807.6382201296185,775.3326913244338,32.305528805184736,1.0,0.0,0.0,0.1587584021477422,123.08914678869029,0.96,807.6288215530047,775.3236686908846,32.30515286212017,1.0,0.0,0.0,0.1587578942079674,123.08732055667333,0.96,807.6194229764908,775.3146460574311,32.30477691905969,,,,801.9409076966676,2325.9710060727493,2145.971006072755,180.00000018816831,2325.971006260923,0.0,1.0,0.0,0.0,0.3736960590329421,200.48522694207495,0.9226129645535192,581.4927517063268,536.4927515181575,45.000000188169224,1.0,0.0,0.0,0.37369605898840563,200.48522691819625,0.9226129648520798,581.4927515181967,536.4927515181971,44.999999999999545,1.0,0.0,0.0,0.37369605898840574,200.48522691819633,0.9226129648520794,581.492751518197,536.4927515181972,44.99999999999977,1.0,0.0,0.0,0.37369605898840863,200.48522691820006,0.9226129648520802,581.4927515182028,536.492751518203,44.99999999999977,1.0,,,0.101,216.74307161334823,2145.971006072755,2145.971006072755,0.0,66.52510118825539,0.0,,,276.9154587745329,-2.842170943040401e-14,119.07364727304915,4.0,1387.9514197180067,0.0,-0.0,0.0,141.01586424334945
157,1,158,0.1016,0.0,1387.9514196941016,,,,0,0.0,1,2422.886464659104,2422.886464659104,-0.0,387.66183434545667,80.43983062668225,0.0,,,369.2674404079885,2422.886464659104,2325.97100607274,96.91545858636425,2422.886464659104,0.0,1.0,0.0,0.0,0.15875891012974566,123.0909730626295,0.96,807.6382201296178,775.3326913244331,32.305528805184736,1.0,0.0,0.0,0.1587584021477421,123.08914678868996,0.96,807.6288215530031,775.323668690883,32.30515286212017,1.0,0.0,0.0,0.15875789420796696,123.08732055667184,0.96,807.6194229764832,775.3146460574238,32.30477691905935,,,,801.9409076727645,2325.97100607274,2145.9710060727575,179.9999999999934,2325.9710060727507,-1.0913936421275139e-11,1.0,0.0,0.0,0.3736960589883926,200.48522691817954,0.9226129648520764,581.4927515181706,536.4927515181712,44.99999999999943,1.0,0.0,0.0,0.37369605898839264,200.4852269181796,0.9226129648520759,581.492751518171,536.4927515181712,44.99999999999977,1.0,0.0,0.0,0.3736960589884083,200.48522691819963,0.9226129648520802,581.492751518202,536.4927515182023,44.99999999999966,1.0,0.0,0.0,0.3736960589884123,200.48522691820563,0.9226129648520898,581.4927515182072,536.4927515182127,44.99999999999454,1.0,,,0.101,216.74307161334852,2145.9710060727575,2145.9710060727575,0.0,66.52510118825548,0.0,,,276.91545858634674,2.842170943040401e-14,119.0736471921291,4.0,1387.9514196941016,0.0,-0.0,0.0,141.0158642409207
158,1,159,0.1016,0.0,1387.9514197896497,,,,0,0.0,1,2422.8864646589454,2422.8864646589454,-0.0,387.66183434543126,80.439830626677,0.0,,,369.2674404079578,2422.8864646589454,2325.971006072588,96.91545858635789,2422.8864646589454,0.0,1.0,0.0,0.0,0.15875891012974566,123.09097306262947,0.96,807.6382201296176,775.3326913244329,32.305528805184736,1.0,0.0,0.0,0.15875840214774198,123.08914678868956,0.96,807.6288215530011,775.323668690881,32.30515286212005,1.0,0.0,0.0,0.15875789420795844,123.08732055664142,0.96,807.6194229763269,775.3146460572738,32.3047769190531,,,,801.9409077683486,2325.971006072588,2145.9710060727066,180.00000075267383,2325.97100682538,0.0,1.0,0.0,0.0,0.3736960590329489,200.48522694208333,0.9226129645535183,581.4927517063411,536.4927515181703,45.000000188170816,1.0,0.0,0.0,0.3736960590329489,200.48522694208324,0.9226129645535177,581.4927517063412,536.49275151817,45.00000018817116,1.0,0.0,0.0,0.3736960590329529,200.48522694208927,0.9226129645535274,581.4927517063463,536.4927515181804,45.00000018816593,1.0,0.0,0.0,0.37369605903295544,200.4852269420926,0.922612964553528,581.4927517063516,536.4927515181856,45.00000018816593,1.0,,,0.101,216.74307161334337,2145.9710060727066,2145.9710060727066,0.0,66.5251011882539,0.0,,,276.9154593390317,-5.684341886080802e-14,119.07364751578363,4.0,1387.9514197896497,0.0,-0.0,0.0,141.0158642506284
159,1,160,0.1016,0.0,1387.951419741834,,,,0,0.0,1,2422.88646465894,2422.88646465894,-0.0,387.6618343454304,80.43983062667681,0.0,,,369.267440407957,2422.88646465894,2325.971006072582,96.91545858635766,2422.88646465894,0.0,1.0,0.0,0.0,0.15875891012974555,123.09097306262905,0.96,807.6382201296153,775.3326913244307,32.30552880518462,1.0,0.0,0.0,0.15875840214774187,123.089146788689,0.96,807.628821552998,775.3236686908781,32.30515286211994,1.0,0.0,0.0,0.15875789420795852,123.0873205566414,0.96,807.6194229763264,775.3146460572733,32.3047769190531,,,,801.9409077205344,2325.971006072582,2145.971006072697,180.00000037633527,2325.9710064490323,0.0,1.0,0.0,0.0,0.37369605898838654,200.48522691817172,0.9226129648520743,581.4927515181587,536.4927515181589,44.99999999999977,1.0,0.0,0.0,0.37369605903294967,200.48522694208393,0.9226129645535147,581.4927517063438,536.4927515181707,45.00000018817309,1.0,0.0,0.0,0.3736960590329536,200.4852269420899,0.9226129645535244,581.4927517063489,536.4927515181811,45.00000018816786,1.0,0.0,0.0,0.373696058988399,200.48522691818866,0.9226129648520862,581.4927515181809,536.4927515181863,44.99999999999454,1.0,,,0.101,216.7430716133424,2145.971006072697,2145.971006072697,0.0,66.52510118825361,0.0,,,276.9154589626929,1.1368683772161603e-13,119.07364735395795,4.0,1387.951419741834,0.0,-0.0,0.0,141.01586424577033
160,1,161,0.1016,0.0,1387.9514197180615,,,,0,0.0,1,2422.88646465915,2422.88646465915,-0.0,387.661834345464,80.43983062668379,0.0,,,369.26744040799747,2422.88646465915,2325.971006072784,96.91545858636607,2422.88646465915,0.0,1.0,0.0,0.0,0.15875891012975635,123.09097306266789,0.96,807.6382201298153,775.3326913246226,32.305528805192694,1.0,0.0,0.0,0.1587584021477418,123.08914678868895,0.96,807.6288215529979,775.323668690878,32.30515286211994,1.0,0.0,0.0,0.15875789420795908,123.0873205566434,0.96,807.6194229763366,775.3146460572832,32.30477691905344,,,,801.9409076967094,2325.971006072784,2145.9710060728203,180.0000001881649,2325.971006260985,0.0,1.0,0.0,0.0,0.3736960589883849,200.48522691816967,0.9226129648520739,581.4927515181555,536.4927515181557,44.99999999999977,1.0,0.0,0.0,0.3736960589884161,200.4852269182097,0.9226129648520826,581.4927515182176,536.492751518218,44.999999999999545,1.0,0.0,0.0,0.3736960589884162,200.48522691820972,0.9226129648520823,581.4927515182177,536.492751518218,44.99999999999966,1.0,0.0,0.0,0.373696059032977,200.4852269421201,0.9226129645535338,581.4927517063943,536.4927515182284,45.00000018816593,1.0,,,0.101,216.74307161335486,2145.9710060728203,2145.9710060728203,0.0,66.52510118825742,0.0,,,276.915458774531,-1.7053025658242404e-13,119.07364727304832,4.0,1387.9514197180615,0.0,-0.0,0.0,141.01586424335505
161,1,162,0.13994,0.0,1387.951419741936,,,,0,0.0,1,2422.886464659143,2422.886464659143,-0.0,387.66183434546286,80.43983062668354,0.0,,,369.26744040799633,2422.886464659143,2325.9710060727775,96.91545858636584,2422.886464659143,0.0,1.0,0.0,0.0,0.1587589101297562,123.09097306266742,0.96,807.6382201298129,775.3326913246203,32.30552880519258,1.0,0.0,0.0,0.15875840214774165,123.08914678868851,0.96,807.6288215529959,775.323668690876,32.305152862119826,1.0,0.0,0.0,0.15875789420795894,123.08732055664294,0.96,807.6194229763344,775.3146460572809,32.30477691905344,,,,801.9409077205887,2325.9710060727775,2145.971006072781,180.00000037633527,2325.9710064491164,0.0,1.0,0.0,0.0,0.37369605898838515,200.48522691817024,0.9226129648520768,581.492751518155,536.492751518157,44.99999999999807,1.0,0.0,0.0,0.3736960590329493,200.48522694208415,0.9226129645535218,581.4927517063406,536.4927515181719,45.00000018816877,1.0,0.0,0.0,0.37369605898841646,200.48522691821006,0.9226129648520822,581.4927515182184,536.4927515182186,44.99999999999977,1.0,0.0,0.0,0.3736960590329804,200.4852269421241,0.9226129645535301,581.4927517064027,536.4927515182341,45.000000188168656,1.0,,,0.101,216.7430716133509,2145.971006072781,2145.971006072781,0.0,66.52510118825622,0.0,,,276.9154589627011,2.842170943040401e-14,119.07364735396148,4.0,1387.9514197419358,0.0,-0.0,0.0,194.22992167868654
162,1,163,0.13994,0.0,1387.9514197898363,,,,0,0.0,1,2422.8864646591446,2422.8864646591446,-0.0,387.66183434546315,80.4398306266836,0.0,,,369.26744040799633,2422.8864646591446,2325.9710060727784,96.91545858636584,2422.8864646591446,0.0,1.0,0.0,0.0,0.1587589101297562,123.09097306266736,0.96,807.6382201298126,775.33269132462,32.30552880519258,1.0,0.0,0.0,0.15875840214774167,123.08914678868845,0.96,807.6288215529954,775.3236686908756,32.305152862119826,1.0,0.0,0.0,0.158757894207959,123.08732055664333,0.96,807.6194229763366,775.3146460572832,32.30477691905344,,,,801.9409077684766,2325.9710060727784,2145.971006072905,180.00000075267576,2325.9710068255804,0.0,1.0,0.0,0.0,0.37369605903297576,200.4852269421177,0.9226129645535253,581.4927517063945,536.4927515182236,45.00000018817093,1.0,0.0,0.0,0.3736960590329758,200.4852269421178,0.9226129645535255,581.4927517063946,536.4927515182238,45.000000188170816,1.0,0.0,0.0,0.3736960590329754,200.4852269421175,0.9226129645535274,581.4927517063932,536.4927515182236,45.000000188169565,1.0,0.0,0.0,0.3736960590329793,200.4852269421234,0.9226129645535368,581.4927517063983,536.4927515182338,45.00000018816445,1.0,,,0.101,216.7430716133634,2145.971006072905,2145.971006072905,0.0,66.52510118826005,0.0,,,276.9154593390416,2.842170943040401e-14,119.07364751578788,4.0,1387.9514197898363,0.0,-0.0,0.0,194.2299216853897
163,1,164,0.13994,0.0,1387.9514198647012,,,,0,0.0,1,2422.886464658948,2422.886464658948,-0.0,387.6618343454317,80.43983062667708,0.0,,,369.26744040795825,2422.886464658948,2325.97100607259,96.915458586358,2422.886464658948,0.0,1.0,0.0,0.0,0.15875891012974566,123.0909730626295,0.96,807.6382201296178,775.3326913244331,32.305528805184736,1.0,0.0,0.0,0.15875840214774165,123.0891467886883,0.96,807.6288215529945,775.3236686908747,32.305152862119826,1.0,0.0,0.0,0.15875789420795902,123.08732055664329,0.96,807.6194229763362,775.3146460572827,32.30477691905344,,,,801.9409078272024,2325.97100607259,2145.9710062330746,180.0000004043427,2325.9710066374173,0.0,1.0,0.0,0.0,0.37369605903297654,200.48522694211823,0.9226129645535208,581.4927517063976,536.4927515182239,45.00000018817366,1.0,0.0,0.0,0.37369605903297676,200.48522694211852,0.922612964553521,581.492751706398,536.4927515182244,45.00000018817366,1.0,0.0,0.0,0.37369605903297654,200.48522694211852,0.9226129645535232,581.492751706397,536.4927515182247,45.000000188172294,1.0,0.0,0.0,0.37369605903087216,200.48522700084695,0.9226129651275408,581.4927515182245,536.4927516784014,44.99999983982309,1.0,,,0.101,216.74307162954054,2145.9710062330746,2145.9710062330746,0.0,66.52510119322531,0.0,,,276.9154589907007,-2.842170943040401e-14,119.0736473660013,4.0,1387.9514198647012,0.0,-0.0,0.0,194.2299216958663
164,1,165,0.13994,0.0,1387.9514197420608,,,,0,0.0,1,2422.886464659279,2422.886464659279,-0.0,387.6618343454847,80.43983062668808,0.0,,,369.26744040802237,2422.886464659279,2325.971006072908,96.91545858637119,2422.886464659279,0.0,1.0,0.0,0.0,0.1587589101297457,123.09097306262967,0.96,807.6382201296187,775.332691324434,32.305528805184736,1.0,0.0,0.0,0.1587584021477596,123.08914678875271,0.96,807.6288215533258,775.3236686911928,32.30515286213301,1.0,0.0,0.0,0.15875789420795897,123.087320556643,0.96,807.6194229763346,775.3146460572812,32.30477691905344,,,,801.9409077206741,2325.971006072908,2145.971006072914,180.00000037633686,2325.971006449251,0.0,1.0,0.0,0.0,0.37369605903297576,200.48522694211795,0.9226129645535273,581.492751706394,536.4927515182243,45.00000018816968,1.0,0.0,0.0,0.3736960589884194,200.4852269182139,0.922612964852084,581.4927515182238,536.4927515182246,44.999999999999204,1.0,0.0,0.0,0.37369605903297554,200.4852269421179,0.9226129645535294,581.4927517063928,536.4927515182245,45.000000188168315,1.0,0.0,0.0,0.3736960589884276,200.48522691822433,0.9226129648520853,581.4927515182404,536.4927515182408,44.99999999999966,1.0,,,0.101,216.74307161336432,2145.971006072914,2145.971006072914,0.0,66.52510118826034,0.0,,,276.91545896270804,2.842170943040401e-14,119.07364735396446,4.0,1387.9514197420606,0.0,-0.0,0.0,194.229921678704
165,1,166,0.13994,0.0,1387.951419741983,,,,0,0.0,1,2422.8864646592756,2422.8864646592756,-0.0,387.6618343454841,80.43983062668795,0.0,,,369.2674404080218,2422.8864646592756,2325.9710060729044,96.91545858637107,2422.8864646592756,0.0,1.0,0.0,0.0,0.15875891012974566,123.0909730626295,0.96,807.6382201296178,775.3326913244331,32.305528805184736,1.0,0.0,0.0,0.15875840214775952,123.08914678875243,0.96,807.6288215533244,775.3236686911914,32.30515286213301,1.0,0.0,0.0,0.15875789420795886,123.08732055664267,0.96,807.619422976333,775.3146460572797,32.304776919053324,,,,801.9409077206072,2325.9710060729044,2145.971006072811,180.00000037633095,2325.9710064491424,0.0,1.0,0.0,0.0,0.37369605903295106,200.48522694208654,0.9226129645535229,581.492751706344,536.4927515181757,45.000000188168315,1.0,0.0,0.0,0.373696058988395,200.48522691818252,0.9226129648520766,581.4927515181755,536.4927515181757,44.99999999999977,1.0,0.0,0.0,0.37369605898841957,200.48522691821407,0.9226129648520837,581.4927515182243,536.4927515182248,44.99999999999943,1.0,0.0,0.0,0.37369605903297964,200.485226942124,0.9226129645535386,581.4927517063984,536.492751518235,45.000000188163426,1.0,,,0.101,216.74307161335395,2145.971006072811,2145.971006072811,0.0,66.52510118825714,0.0,,,276.915458962702,5.684341886080802e-14,119.07364735396186,4.0,1387.951419741983,0.0,-0.0,0.0,194.22992167869313
166,1,167,0.1016,0.0,1387.9514197658964,,,,0,0.0,1,2422.886464659299,2422.886464659299,-0.0,387.6618343454878,80.43983062668872,0.0,,,369.26744040802646,2422.886464659299,2325.9710060729267,96.91545858637198,2422.886464659299,0.0,1.0,0.0,0.0,0.15875891012974566,123.0909730626295,0.96,807.6382201296178,775.3326913244331,32.305528805184736,1.0,0.0,0.0,0.15875840214775938,123.08914678875209,0.96,807.6288215533228,775.3236686911899,32.3051528621329,1.0,0.0,0.0,0.1587578942079602,123.08732055664753,0.96,807.6194229763581,775.3146460573038,32.30477691905435,,,,801.9409077445154,2325.9710060729267,2145.9710060728166,180.00000056450563,2325.971006637322,0.0,1.0,0.0,0.0,0.37369605898839475,200.48522691818232,0.922612964852077,581.4927515181749,536.4927515181755,44.99999999999943,1.0,0.0,0.0,0.37369605903295144,200.4852269420868,0.9226129645535206,581.4927517063456,536.4927515181759,45.00000018816979,1.0,0.0,0.0,0.3736960590329765,200.48522694211854,0.9226129645535244,581.4927517063963,536.4927515182248,45.0000001881715,1.0,0.0,0.0,0.3736960590329826,200.48522694212755,0.9226129645535369,581.4927517064051,536.4927515182402,45.000000188164904,1.0,,,0.101,216.7430716133545,2145.9710060728166,2145.9710060728166,0.0,66.52510118825731,0.0,,,276.9154591508776,8.526512829121202e-14,119.07364743487737,4.0,1387.9514197658964,0.0,-0.0,0.0,141.01586424821508
167,1,168,0.1016,0.0,1387.9514197658123,,,,0,0.0,1,2422.88646465908,2422.88646465908,-0.0,387.6618343454528,80.43983062668146,0.0,,,369.2674404079838,2422.88646465908,2325.9710060727166,96.91545858636334,2422.88646465908,0.0,1.0,0.0,0.0,0.1587589101297524,123.09097306265376,0.96,807.6382201297426,775.3326913245529,32.30552880518974,1.0,0.0,0.0,0.15875840214774115,123.08914678868652,0.96,807.6288215529854,775.3236686908659,32.305152862119485,1.0,0.0,0.0,0.1587578942079599,123.08732055664636,0.96,807.6194229763519,775.3146460572978,32.30477691905412,,,,801.9409077444795,2325.9710060727166,2145.9710060727616,180.0000005645004,2325.971006637262,0.0,1.0,0.0,0.0,0.3736960590329479,200.48522694208214,0.922612964553519,581.4927517063386,536.4927515181685,45.000000188170134,1.0,0.0,0.0,0.3736960590329481,200.48522694208236,0.922612964553519,581.492751706339,536.4927515181688,45.00000018817025,1.0,0.0,0.0,0.3736960589883953,200.48522691818388,0.9226129648520852,581.4927515181735,536.4927515181789,44.99999999999454,1.0,0.0,0.0,0.3736960590329854,200.48522694213102,0.9226129645535368,581.4927517064109,536.4927515182454,45.00000018816547,1.0,,,0.101,216.74307161334895,2145.9710060727616,2145.9710060727616,0.0,66.5251011882556,0.0,,,276.91545915086374,-5.684341886080802e-14,119.0736474348714,4.0,1387.9514197658123,0.0,-0.0,0.0,141.01586424820653
