Season,Flexibility Type,Num Flexible Trains,Total Operational Cost,Total Water Production (m3),LCOW ($/m3),Total Energy Cost,Fixed Demand Cost,Variable Demand Cost,Total Electricity Cost,Total Feed Cost,Total Brine Cost,Total Chemical Cost,Total Replacement Cost,Total Demand Response Revenue,Total Cost,Maximum Power,Energy Capacity,Power Capacity,LVOF
winter,no_flex,0,111737.91785110335,282179.6712548452,0.8267424061434027,18663.290146715608,4963.622430913925,2666.4923762402022,26293.404953869736,50843.18401230207,15303.79839347874,19297.530491452813,992.3107078853046,-0.0,233289.9003779851,1127.0837800240379,0.0,,
winter,flow,0,111179.35271597239,282179.6712328763,0.8247629399595776,18266.815711357507,4858.177496759399,2609.8466266994865,25734.839834816394,50843.18400592396,15303.798385783735,19297.5304894483,992.3107078853046,-0.0,232731.3352428541,1103.1405255510365,0.0,,
winter,rr,0,103268.5598911096,282179.7940991922,0.7967279979620444,18267.443429751285,4858.6111494831275,2610.0795879488946,25736.134167183307,48811.852007574846,9844.540807704712,18876.032908646743,992.3107078853046,-0.0,224820.54241799132,1103.2389945541959,0.0,,
winter,both,0,103268.5598911096,282179.7940991922,0.7967279979620444,18267.443429751285,4858.6111494831275,2610.0795879488946,25736.134167183307,48811.852007574846,9844.540807704712,18876.032908646743,992.3107078853046,-0.0,224820.54241799132,1103.2389945541959,0.0,,
summer,no_flex,0,120897.16466058244,282179.6712525514,0.85920132414667,21103.17856443225,5044.578554371115,9304.894645424756,35452.651764228125,50843.18401184124,15303.798393226945,19297.530491286136,992.3107078853046,-0.0,242449.14718746417,1127.083779617929,0.0,,
summer,flow,0,120133.2294037173,282181.81222384557,0.8564875603636639,20646.85334024416,4935.548361388325,9103.784790965987,34686.18649259847,50844.05288534871,15305.212873121069,19297.77715264905,992.3107078853046,-0.0,241685.211930599,1102.723734338619,0.0,,
summer,rr,0,112735.91652453359,282179.6712539239,0.8302791551578058,20960.382547718073,5010.444099927461,9241.932398547791,35212.75904619333,48809.459899526475,9838.164840790503,18875.532738023292,992.3107078853046,-0.0,234287.89905141533,1119.4572971447371,0.0,,
summer,both,0,112735.91652453359,282179.6712539239,0.8302791551578058,20960.382547718073,5010.444099927461,9241.932398547791,35212.75904619333,48809.459899526475,9838.164840790503,18875.532738023292,992.3107078853046,-0.0,234287.89905141533,1119.4572971447371,0.0,,
