Season,Flexibility Type,Num Flexible Trains,Total Operational Cost,Total Water Production (m3),LCOW ($/m3),Total Energy Cost,Fixed Demand Cost,Variable Demand Cost,Total Electricity Cost,Total Feed Cost,Total Brine Cost,Total Chemical Cost,Total Replacement Cost,Total Demand Response Revenue,Total Cost,Maximum Power,Energy Capacity,Power Capacity,LVOF
winter,both,0,117032.4196,282179.6712,0.845505281,23683.12943,6986.369597,918.4076884,31587.90671,50843.18401,15303.79839,19297.53049,992.3107079,0,238584.4021,1108.831638,0,,
summer,both,0,171865.0868,282179.6763,1.039823538,74067.57249,7441.880278,4044.930906,85554.38368,51065.56969,15901.45772,19343.67568,992.3107079,0,293417.0693,1181.127363,7149.894794,210.2910234,-4.854766954
