Season,Flexibility Type,Num Flexible Trains,Total Operational Cost,Total Water Production (m3),LCOW ($/m3),Total Energy Cost,Fixed Demand Cost,Variable Demand Cost,Total Electricity Cost,Total Feed Cost,Total Brine Cost,Total Chemical Cost,Total Replacement Cost,Total Demand Response Revenue,Total Cost,Maximum Power,Energy Capacity,Power Capacity,LVOF
summer,both,2,119696.65232876797,282179.6712328559,0.8549468989088526,18681.222424938656,5354.611498554663,8156.083090505514,32191.917013998835,51372.12429696485,16725.325417965534,19407.28559983875,1016.0385543644749,0.0,241248.6348556497,1192.7637589594817,19736.206339365122,481.3708863259786,0.12591688076390378
