Annual Production (AF),Total Water Production (m3),Total Cost ($),Total Energy Cost ($),Total Demand Cost ($),Total Feed Cost ($),Total Brine Cost ($),Total Chemical Cost ($),Total Replacement Cost ($),Degree of Flexibility
12500,293937.1575342466,234246.82795399224,19667.562853910727,11087.749080512946,53729.32882766234,18004.593484616587,130573.90879145502,1183.6849158346165,0.3233532934131782
