Season,Flexibility Type,Num Flexible Trains,Total Operational Cost,Total Water Production (m3),LCOW ($/m3),Total Energy Cost,Fixed Demand Cost,Variable Demand Cost,Total Electricity Cost,Total Feed Cost,Total Brine Cost,Total Chemical Cost,Total Replacement Cost,Total Demand Response Revenue,Total Cost,Maximum Power,Energy Capacity,Power Capacity,LVOF
summer,both,2,119065.18276883043,282504.48759469803,0.8517286480805198,19784.39212055883,5658.424429539458,7973.565302349778,33416.38185244807,50928.906666666786,15394.507000946589,19325.387248769,1004.9477757237471,0.0,240617.16529571216,1264.2321502163481,13128.802249491462,119.35274772264965,1.3283440173646606
