Season,Flexibility Type,Num Flexible Trains,Total Operational Cost,Total Water Production (m3),LCOW ($/m3),Total Energy Cost,Fixed Demand Cost,Variable Demand Cost,Total Electricity Cost,Total Feed Cost,Total Brine Cost,Total Chemical Cost,Total Replacement Cost,Total Demand Response Revenue,Total Cost,Maximum Power,Energy Capacity,Power Capacity,LVOF
summer,no_flex,1,120212.8833,282179.6712,0.85677634,20695.86035,4947.211766,9125.298333,34768.37045,50843.18401,15303.79839,19297.53049,992.3107079,0,241764.8659,1105.329628,0,,
summer,no_flex,2,118409.3165,282179.6712,0.850384785,20330.7737,6573.325559,6060.704394,32964.80365,50843.18401,15303.79839,19297.53049,999.4926913,0,239961.2991,1468.64372,17615.60887,266.9031648,0.096260598
