Season,Flexibility Type,Num Flexible Trains,Total Operational Cost,Total Water Production (m3),LCOW ($/m3),Total Energy Cost,Fixed Demand Cost,Variable Demand Cost,Total Feed Cost,Total Brine Cost,Total Chemical Cost,Total Replacement Cost,Total Demand Response Revenue,Total Cost,Maximum Power,Energy Capacity,Power Capacity,LVOF
summer,no_flex,0,174094.62194682512,282179.67126807425,1.0477246753641543,77145.10975786713,6079.333049862005,4433.343345960573,50843.189548415845,15303.8038962222,19297.53164061127,992.3107078860936,0.0,295646.60447370686,964.8726281925072,22280.871350194244,132.62423422734668,-1.6522906517963747
winter,no_flex,0,113745.45146494903,282179.7141736759,0.833856660039743,20414.556400795693,6085.082053121668,799.7830300263511,50847.32356956769,15308.00492121583,19298.390782080838,992.3107081409472,0.0,235297.43399183074,965.7800072751165,21198.99483899673,126.18449308926624,-0.10821790340656248
