Season,Flexibility Type,Num Flexible Trains,Total Operational Cost,Total Water Production (m3),LCOW ($/m3),Total Energy Cost,Fixed Demand Cost,Variable Demand Cost,Total Electricity Cost,Total Feed Cost,Total Brine Cost,Total Chemical Cost,Total Replacement Cost,Total Demand Response Revenue,Total Cost,Maximum Power,Energy Capacity,Power Capacity,LVOF
summer,no_flex,1,120212.88333435245,282179.6712328766,0.8567763397162335,20695.86035349046,4947.211766376632,9125.298333462193,34768.37045332929,50843.18400588984,15303.798385692013,19297.530489441302,992.3107078853046,-0.0,241764.86586123417,1105.3296281747146,0.0,,
summer,no_flex,2,118409.31653290449,282179.67123287683,0.8503847850249683,20330.773698750272,6573.3255592595515,6060.704393743383,32964.8036517532,50843.18400592275,15303.798385780341,19297.530489448203,999.4926912958135,0.0,239961.2990597862,1468.6437204095164,17615.608874695943,266.90316476812035,0.09626059772355615
