Season,Flexibility Type,Num Flexible Trains,Total Operational Cost,Total Water Production (m3),LCOW ($/m3),Total Energy Cost,Fixed Demand Cost,Variable Demand Cost,Total Feed Cost,Total Brine Cost,Total Chemical Cost,Total Replacement Cost,Total Demand Response Revenue,Total Cost,MMaximum Power,Energy Capacity,Power Capacity,LVOF
winter,both,4,29525.427313309232,80391.75599481334,0.7928010417986027,5050.636562232903,1336.6683091326145,716.7600103978098,13920.0,2841.5449222300113,5380.54443583919,279.2730734767025,0.0,63734.66790470708,1078.4492831833184,624.7035285419581,13.014656844624128,27.51418457941195
summer,both,4,30655.787716729687,79415.83561643836,0.8167770042918375,5129.992673374061,1501.1897479682953,1381.207435796661,13875.154299075995,3140.667867170459,5340.985421435807,286.5902719084065,0.0,64865.02830812754,1191.7509683181584,7243.7162133274,452.7322633329625,5.815412859115748
