Annual Production (AF),Total Water Production (m3),Total Cost ($),Total Energy Cost ($),Total Demand Cost ($),Total Feed Cost ($),Total Brine Cost ($),Total Chemical Cost ($),Total Replacement Cost ($),Degree of Flexibility
14000,329209.6164383553,258690.1526635755,22326.397556542106,11574.028025967098,59641.249800216974,18725.72376959029,145287.71318100666,1135.0403302523698,0.25149700598802505
14500,340967.10273972666,268935.38819493074,23474.018233615556,12685.465305914538,61770.897153372825,19393.431921607073,150476.53525016835,1135.0403302523691,0.25149700598802394
15000,352724.5890410969,279153.51928999176,24399.19489354644,14020.719196511902,63910.52544993171,20087.96385901972,155665.98112829262,1069.1347626893285,0.14371257485029965
15500,364482.0753543473,291482.5226308687,25593.174862707903,17286.931511243674,66029.36147974154,20726.616574436954,160854.12749485337,992.3107078853046,0.0
