Season,Flexibility Type,Num Flexible Trains,Total Operational Cost,Total Water Production (m3),LCOW ($/m3),Total Energy Cost,Fixed Demand Cost,Variable Demand Cost,Total Electricity Cost,Total Feed Cost,Total Brine Cost,Total Chemical Cost,Total Replacement Cost,Total Demand Response Revenue,Total Cost,Maximum Power,Energy Capacity,Power Capacity,LVOF
winter,no_flex,0,111145.16108608157,282179.6712328764,0.8246417702461765,18242.546191668407,4851.7228614100295,2606.379151848201,25700.648204926638,50843.18400592369,15303.798385783002,19297.530489448236,992.3107078853046,-0.0,232697.1436129633,1101.6748792595426,4254.620284396843,25.3251207404574,-0.16343115262045244
summer,no_flex,0,120097.92454383544,282179.6712328764,0.8563689439955758,20627.431173490037,4930.8542128783065,9095.126276312143,34653.41166268049,50843.18400592369,15303.798385783013,19297.530489448236,992.3107078853046,-0.0,241649.90707071716,1101.6749453094194,4254.609188017539,25.32505469058059,3.805261148497777
