Season,Flexibility Type,Num Flexible Trains,Total Operational Cost,Total Water Production (m3),LCOW ($/m3),Total Energy Cost,Fixed Demand Cost,Variable Demand Cost,Total Feed Cost,Total Brine Cost,Total Chemical Cost,Total Replacement Cost,Total Demand Response Revenue,Total Cost,Maximum Power,Energy Capacity,Power Capacity,LVOF
summer,both,4,27867.16008186793,79415.83563317286,0.7816627525019179,5674.447614028416,2294.869868575121,448.21134241877866,11354.216864293834,2782.1126576719116,5313.301734879868,309.72501759185695,0.0,62076.40067326578,1294.168170062601,9440.221877039658,786.6851564199715,4.421844818509681
