Season,Flexibility Type,Num Flexible Trains,Total Operational Cost,Total Water Production (m3),LCOW ($/m3),Total Energy Cost,Fixed Demand Cost,Variable Demand Cost,Total Electricity Cost,Total Feed Cost,Total Brine Cost,Total Chemical Cost,Total Replacement Cost,Total Demand Response Revenue,Total Cost,Maximum Power,Energy Capacity,Power Capacity,LVOF
summer,no_flex,2,118366.61344105,282322.9499999999,0.8498019589549196,20300.73072704691,6562.443627580444,6015.541136426087,32878.715491053445,50869.000000000146,15311.568999996614,19307.32894999979,999.4926912958135,0.0,239918.59596793173,1466.2124273779048,16513.41283850796,351.3492093299566,1.088313928561976
summer,rr,2,118366.60825890611,282322.94999999984,0.8498019405995438,20300.727814997113,6562.44135748278,6015.541136426087,32878.71030890598,50869.00000000012,15311.568999999961,19307.32895000006,999.4926912958135,0.0,239918.59078578785,1466.2119201818596,16513.41283850776,351.3492093299523,1.088314242376433
