Season,Flexibility Type,Num Flexible Trains,Total Operational Cost,Total Water Production (m3),LCOW ($/m3),Total Energy Cost,Fixed Demand Cost,Variable Demand Cost,Total Electricity Cost,Total Feed Cost,Total Brine Cost,Total Chemical Cost,Total Replacement Cost,Total Demand Response Revenue,Total Cost,Maximum Power,Energy Capacity,Power Capacity,LVOF
winter,both,2,116766.56672038065,282179.6712328736,0.8445631402362289,19298.245593088333,5682.00165607003,5350.334693949174,30330.581943107536,51097.73391506828,15987.901266609048,19350.34959559579,1010.462733029548,0.0,238318.54924726236,1265.6913868611093,17746.163883660767,507.0332538188791,-0.2598375198328656
summer,both,2,118381.96080966122,282254.818552252,0.8500614606589099,19407.840072768468,5891.830121754922,6659.494269745543,31959.16446426893,51102.04594293825,15967.176494174815,19353.573908279235,1010.462733029548,0.0,239933.94333654293,1312.431619935827,18377.616631848017,459.44041579620045,0.14758705239613396
