Season,Flexibility Type,Num Flexible Trains,Total Operational Cost,Total Water Production (m3),LCOW ($/m3),Total Energy Cost,Fixed Demand Cost,Variable Demand Cost,Total Electricity Cost,Total Feed Cost,Total Brine Cost,Total Chemical Cost,Total Replacement Cost,Total Demand Response Revenue,Total Cost,Maximum Power,Energy Capacity,Power Capacity,LVOF
winter,both,2,110900.24611816129,282179.6712328764,0.823773830444382,18068.703392852996,4805.488247423439,2581.5415967300223,25455.733237006458,50843.18400592359,15303.798385783006,19297.53048944822,992.3107078853046,-0.0,232452.228645043,1091.1764410271321,1650.3579074418649,9.823558972868243,0.14880255353791946
