Season,Flexibility Type,Num Flexible Trains,Total Operational Cost,Total Water Production (m3),LCOW ($/m3),Total Energy Cost,Fixed Demand Cost,Variable Demand Cost,Total Electricity Cost,Total Feed Cost,Total Brine Cost,Total Chemical Cost,Total Replacement Cost,Total Demand Response Revenue,Total Cost,Maximum Power,Energy Capacity,Power Capacity,LVOF
summer,both,4,104521.98663411806,282179.67128615535,0.8011702902996886,18221.994627968317,6047.964380289767,2261.808493211703,26531.76750146979,43341.698972200444,15347.60632363317,19300.91383681465,1102.1542027718262,0.0,226073.96916099978,1351.264706312021,27705.58913680281,288.59988684169593,0.8814606533257873
winter,both,4,93703.68240453149,282179.671284198,0.7628319359498363,16190.985523672334,4355.789857834393,2230.8230497565523,22777.59843126328,36324.734085137796,15303.816877543475,19297.53301058693,1149.485785601295,0.0,215255.6649314132,989.0637068973812,16892.74868116054,100.55207548309846,0.14117817054827414
