Season,Flexibility Type,Num Flexible Trains,Total Operational Cost,Total Water Production (m3),LCOW ($/m3),Total Energy Cost,Fixed Demand Cost,Variable Demand Cost,Total Electricity Cost,Total Feed Cost,Total Brine Cost,Total Chemical Cost,Total Replacement Cost,Total Demand Response Revenue,Total Cost,Maximum Power,Energy Capacity,Power Capacity,LVOF
summer,both,4,108493.49220238299,282179.67123287654,0.8152446762878724,19433.390629510464,5222.656186391335,4899.468072592452,29555.51488849425,49172.69990649705,10814.37236857442,18950.905038817265,1008.6177006503098,0.0,230045.4747292647,1166.870724311988,13047.385563185378,465.9780558280492,1.6328254200035224
