Season,Flexibility Type,Num Flexible Trains,Total Operational Cost,Total Water Production (m3),LCOW ($/m3),Total Energy Cost,Fixed Demand Cost,Variable Demand Cost,Total Electricity Cost,Total Feed Cost,Total Brine Cost,Total Chemical Cost,Total Replacement Cost,Total Demand Response Revenue,Total Cost,Maximum Power,Energy Capacity,Power Capacity,LVOF
winter,no_flex,0,155096.3793600951,374203.2000000007,0.7392998293092531,31331.647259594974,9240.588223281047,1214.7406677558624,41786.97615063188,67424.00000242947,20294.62400652959,25590.779200504177,992.3107078853046,-0.0,276648.3618869768,1466.6067163402654,0.0,,
summer,no_flex,0,247948.6416038912,374203.2000000007,0.9874330955234275,118659.96685142031,9240.588220859452,6738.683323156147,134639.2383954359,67424.000002171,20294.624005833884,25590.779200450415,992.3107078853046,-0.0,369500.62413077295,1466.606715955926,0.0,,
