Season,Flexibility Type,Num Flexible Trains,Total Operational Cost,Total Water Production (m3),LCOW ($/m3),Total Energy Cost,Fixed Demand Cost,Variable Demand Cost,Total Electricity Cost,Total Feed Cost,Total Brine Cost,Total Chemical Cost,Total Replacement Cost,Total Demand Response Revenue,Total Cost,Maximum Power,Energy Capacity,Power Capacity,LVOF
summer,no_flex,2,118292.6628689137,282179.67123287724,0.8499713829415316,20284.51434921124,6546.515006100506,6017.120632446905,32848.14998775865,50843.18400592384,15303.79838578286,19297.530489448338,999.4926912958135,0.0,239844.6453957954,1462.653578861969,16504.420738392007,351.1578880508938,1.090758832975019
