Season,Flexibility Type,Num Flexible Trains,Total Operational Cost,Total Water Production (m3),LCOW ($/m3),Total Energy Cost,Fixed Demand Cost,Variable Demand Cost,Total Electricity Cost,Total Feed Cost,Total Brine Cost,Total Chemical Cost,Total Replacement Cost,Total Demand Response Revenue,Total Cost,Maximum Power,Energy Capacity,Power Capacity,LVOF
winter,both,2,114184.28686050417,282179.671232975,0.8354119499726677,19351.225552941283,6002.046967460351,2645.4376652921533,27998.710185693788,51033.444286708844,15815.122890387174,19337.009497714364,1014.1731225021167,0.0,235736.2693873859,1336.9829049316613,18577.307877855932,432.03041576409146,-0.12249014109865193
summer,both,2,115610.99639359268,282182.50548365666,0.8404595405869707,19302.752565837727,6226.51816292927,3974.5318253822475,29503.802554149246,51013.61066172593,15760.601295416,19332.9818823015,1014.1731225021167,0.0,237162.97892047442,1386.9848841974933,18436.44520276978,209.50505912238387,0.2804971626295917
