,Day,Time,LMP,bypass_pretreatment_flow,power_from_grid,intake.op_mode,intake.startup,intake.shutdown,intake.energy_intensity,intake.power_consumption,intake.recovery,intake.feed_flowrate,intake.product_flowrate,intake.reject_flowrate,intake.feed_cost,intake.chemical_cost,pretreatment.op_mode,pretreatment.startup,pretreatment.shutdown,pretreatment.power_consumption,pretreatment.feed_flowrate,pretreatment.product_flowrate,pretreatment.reject_flowrate,pretreatment.inlet_flowrate,pretreatment.leftover_flow,pretreatment.uf_pumps[1].op_mode,pretreatment.uf_pumps[1].startup,pretreatment.uf_pumps[1].shutdown,pretreatment.uf_pumps[1].energy_intensity,pretreatment.uf_pumps[1].power_consumption,pretreatment.uf_pumps[1].recovery,pretreatment.uf_pumps[1].feed_flowrate,pretreatment.uf_pumps[1].product_flowrate,pretreatment.uf_pumps[1].reject_flowrate,pretreatment.uf_pumps[2].op_mode,pretreatment.uf_pumps[2].startup,pretreatment.uf_pumps[2].shutdown,pretreatment.uf_pumps[2].energy_intensity,pretreatment.uf_pumps[2].power_consumption,pretreatment.uf_pumps[2].recovery,pretreatment.uf_pumps[2].feed_flowrate,pretreatment.uf_pumps[2].product_flowrate,pretreatment.uf_pumps[2].reject_flowrate,pretreatment.uf_pumps[3].op_mode,pretreatment.uf_pumps[3].startup,pretreatment.uf_pumps[3].shutdown,pretreatment.uf_pumps[3].energy_intensity,pretreatment.uf_pumps[3].power_consumption,pretreatment.uf_pumps[3].recovery,pretreatment.uf_pumps[3].feed_flowrate,pretreatment.uf_pumps[3].product_flowrate,pretreatment.uf_pumps[3].reject_flowrate,reverse_osmosis.op_mode,reverse_osmosis.startup,reverse_osmosis.shutdown,reverse_osmosis.power_consumption,reverse_osmosis.feed_flowrate,reverse_osmosis.product_flowrate,reverse_osmosis.reject_flowrate,reverse_osmosis.inlet_flowrate,reverse_osmosis.leftover_flow,reverse_osmosis.ro_skid[1].op_mode,reverse_osmosis.ro_skid[1].startup,reverse_osmosis.ro_skid[1].shutdown,reverse_osmosis.ro_skid[1].energy_intensity,reverse_osmosis.ro_skid[1].power_consumption,reverse_osmosis.ro_skid[1].recovery,reverse_osmosis.ro_skid[1].feed_flowrate,reverse_osmosis.ro_skid[1].product_flowrate,reverse_osmosis.ro_skid[1].reject_flowrate,reverse_osmosis.ro_skid[2].op_mode,reverse_osmosis.ro_skid[2].startup,reverse_osmosis.ro_skid[2].shutdown,reverse_osmosis.ro_skid[2].energy_intensity,reverse_osmosis.ro_skid[2].power_consumption,reverse_osmosis.ro_skid[2].recovery,reverse_osmosis.ro_skid[2].feed_flowrate,reverse_osmosis.ro_skid[2].product_flowrate,reverse_osmosis.ro_skid[2].reject_flowrate,reverse_osmosis.ro_skid[3].op_mode,reverse_osmosis.ro_skid[3].startup,reverse_osmosis.ro_skid[3].shutdown,reverse_osmosis.ro_skid[3].energy_intensity,reverse_osmosis.ro_skid[3].power_consumption,reverse_osmosis.ro_skid[3].recovery,reverse_osmosis.ro_skid[3].feed_flowrate,reverse_osmosis.ro_skid[3].product_flowrate,reverse_osmosis.ro_skid[3].reject_flowrate,reverse_osmosis.ro_skid[4].op_mode,reverse_osmosis.ro_skid[4].startup,reverse_osmosis.ro_skid[4].shutdown,reverse_osmosis.ro_skid[4].energy_intensity,reverse_osmosis.ro_skid[4].power_consumption,reverse_osmosis.ro_skid[4].recovery,reverse_osmosis.ro_skid[4].feed_flowrate,reverse_osmosis.ro_skid[4].product_flowrate,reverse_osmosis.ro_skid[4].reject_flowrate,posttreatment.op_mode,posttreatment.startup,posttreatment.shutdown,posttreatment.energy_intensity,posttreatment.power_consumption,posttreatment.feed_flowrate,posttreatment.product_flowrate,posttreatment.reject_flowrate,posttreatment.chemical_cost,brine_discharge.op_mode,brine_discharge.startup,brine_discharge.shutdown,brine_discharge.feed_flowrate,brine_discharge.power_consumption,brine_discharge.brine_cost,num_skids_online,net_power_consumption,water_revenue,demand_response_revenue,emissions_cost,energy_cost
0,1,1,0.1016,0.0,1179.6164019083983,,,,0,0.0,1,1984.375,1984.375,-0.0,317.5,65.88125,0.0,,,297.112975667318,1984.375,1905.0,79.37500000000011,1984.375,0.0,1.0,0.0,0.0,0.1559648166232639,99.03765855577257,0.96,661.4583333333334,635.0,26.45833333333337,1.0,0.0,0.0,0.15596481662326392,99.0376585557726,0.96,661.4583333333334,635.0,26.45833333333337,1.0,0.0,0.0,0.1559648166232639,99.03765855577257,0.96,661.4583333333334,635.0,26.45833333333337,,,,704.5288012410803,1905.0,1762.125,142.87499999999977,1905.0,-0.0,1.0,0,0,0.39981772078659583,234.84293374702673,0.925,635.0,587.375,47.625,1.0,0,0,0.39981772078659583,234.84293374702676,0.925,635.0,587.3750000000001,47.624999999999886,1.0,0.0,0.0,0.39981772078659583,234.84293374702676,0.925,635.0,587.3750000000001,47.624999999999886,0.0,0.0,0.0,0.08724817754776787,0.0,0.8800000000000001,0.0,0.0,0.0,1.0,,,0.101,177.974625,1762.125,1762.125,0.0,54.625875,0.0,,,222.2499999999999,5.684341886080802e-14,95.56749999999995,3.0,1179.6164019083983,0.0,-0.0,0.0,119.84902643389326
1,1,2,0.1016,0.0,1179.6164019083983,,,,0,0.0,1,1984.375,1984.375,-0.0,317.5,65.88125,0.0,,,297.112975667318,1984.375,1905.0,79.37500000000011,1984.375,0.0,1.0,0.0,0.0,0.1559648166232639,99.03765855577257,0.96,661.4583333333334,635.0,26.45833333333337,1.0,0.0,0.0,0.15596481662326392,99.0376585557726,0.96,661.4583333333334,635.0,26.45833333333337,1.0,0.0,0.0,0.1559648166232639,99.03765855577257,0.96,661.4583333333334,635.0,26.45833333333337,,,,704.5288012410803,1905.0,1762.125,142.87499999999977,1905.0,-0.0,1.0,0,0,0.39981772078659583,234.84293374702673,0.925,635.0,587.375,47.625,1.0,0,0,0.39981772078659583,234.84293374702676,0.925,635.0,587.3750000000001,47.624999999999886,1.0,0.0,0.0,0.39981772078659583,234.84293374702676,0.925,635.0,587.3750000000001,47.624999999999886,0.0,0.0,0.0,0.08724817754776784,0.0,0.88,0.0,0.0,0.0,1.0,,,0.101,177.974625,1762.125,1762.125,0.0,54.625875,0.0,,,222.2499999999999,5.684341886080802e-14,95.56749999999995,3.0,1179.6164019083983,0.0,-0.0,0.0,119.84902643389326
2,1,3,0.1016,0.0,1179.6164019083983,,,,0,0.0,1,1984.375,1984.375,-0.0,317.5,65.88125,0.0,,,297.112975667318,1984.375,1905.0,79.37500000000011,1984.375,0.0,1.0,0.0,0.0,0.1559648166232639,99.03765855577257,0.96,661.4583333333334,635.0,26.45833333333337,1.0,0.0,0.0,0.15596481662326392,99.0376585557726,0.96,661.4583333333334,635.0,26.45833333333337,1.0,0.0,0.0,0.1559648166232639,99.03765855577257,0.96,661.4583333333334,635.0,26.45833333333337,,,,704.5288012410803,1905.0,1762.125,142.87499999999977,1905.0,-0.0,1.0,0,0,0.39981772078659583,234.84293374702673,0.925,635.0,587.375,47.625,1.0,0,0,0.39981772078659583,234.84293374702676,0.925,635.0,587.3750000000001,47.624999999999886,1.0,0.0,0.0,0.39981772078659583,234.84293374702676,0.925,635.0,587.3750000000001,47.624999999999886,0.0,0.0,0.0,0.08724817754776787,0.0,0.8800000000000001,0.0,0.0,0.0,1.0,,,0.101,177.974625,1762.125,1762.125,0.0,54.625875,0.0,,,222.2499999999999,5.684341886080802e-14,95.56749999999995,3.0,1179.6164019083983,0.0,-0.0,0.0,119.84902643389326
3,1,4,0.1016,0.0,1179.6164019083983,,,,0,0.0,1,1984.375,1984.375,-0.0,317.5,65.88125,0.0,,,297.112975667318,1984.375,1905.0,79.37500000000011,1984.375,0.0,1.0,0.0,0.0,0.1559648166232639,99.03765855577257,0.96,661.4583333333334,635.0,26.45833333333337,1.0,0.0,0.0,0.15596481662326392,99.0376585557726,0.96,661.4583333333334,635.0,26.45833333333337,1.0,0.0,0.0,0.1559648166232639,99.03765855577257,0.96,661.4583333333334,635.0,26.45833333333337,,,,704.5288012410803,1905.0,1762.125,142.87499999999977,1905.0,-0.0,1.0,0,0,0.39981772078659583,234.84293374702673,0.925,635.0,587.375,47.625,1.0,0,0,0.39981772078659583,234.84293374702676,0.925,635.0,587.3750000000001,47.624999999999886,1.0,0.0,0.0,0.39981772078659583,234.84293374702676,0.925,635.0,587.3750000000001,47.624999999999886,0.0,0.0,0.0,0.08724817754776787,0.0,0.8800000000000001,0.0,0.0,0.0,1.0,,,0.101,177.974625,1762.125,1762.125,0.0,54.625875,0.0,,,222.2499999999999,5.684341886080802e-14,95.56749999999995,3.0,1179.6164019083983,0.0,-0.0,0.0,119.84902643389326
4,1,5,0.1016,0.0,1179.6164019083983,,,,0,0.0,1,1984.375,1984.375,-0.0,317.5,65.88125,0.0,,,297.112975667318,1984.375,1905.0,79.37500000000011,1984.375,0.0,1.0,0.0,0.0,0.1559648166232639,99.03765855577257,0.96,661.4583333333334,635.0,26.45833333333337,1.0,0.0,0.0,0.15596481662326392,99.0376585557726,0.96,661.4583333333334,635.0,26.45833333333337,1.0,0.0,0.0,0.1559648166232639,99.03765855577257,0.96,661.4583333333334,635.0,26.45833333333337,,,,704.5288012410803,1905.0,1762.125,142.87499999999977,1905.0,-0.0,1.0,0,0,0.39981772078659583,234.84293374702673,0.925,635.0,587.375,47.625,1.0,0,0,0.39981772078659583,234.84293374702676,0.925,635.0,587.3750000000001,47.624999999999886,1.0,0.0,0.0,0.39981772078659583,234.84293374702676,0.925,635.0,587.3750000000001,47.624999999999886,0.0,0.0,0.0,0.08724817754776784,0.0,0.88,0.0,0.0,0.0,1.0,,,0.101,177.974625,1762.125,1762.125,0.0,54.625875,0.0,,,222.2499999999999,5.684341886080802e-14,95.56749999999995,3.0,1179.6164019083983,0.0,-0.0,0.0,119.84902643389326
5,1,6,0.1016,0.0,1179.6164019083983,,,,0,0.0,1,1984.375,1984.375,-0.0,317.5,65.88125,0.0,,,297.112975667318,1984.375,1905.0,79.37500000000011,1984.375,0.0,1.0,0.0,0.0,0.1559648166232639,99.03765855577257,0.96,661.4583333333334,635.0,26.45833333333337,1.0,0.0,0.0,0.15596481662326392,99.0376585557726,0.96,661.4583333333334,635.0,26.45833333333337,1.0,0.0,0.0,0.1559648166232639,99.03765855577257,0.96,661.4583333333334,635.0,26.45833333333337,,,,704.5288012410803,1905.0,1762.125,142.87499999999977,1905.0,-0.0,1.0,0,0,0.39981772078659583,234.84293374702673,0.925,635.0,587.375,47.625,1.0,0,0,0.39981772078659583,234.84293374702676,0.925,635.0,587.3750000000001,47.624999999999886,1.0,0.0,0.0,0.39981772078659583,234.84293374702676,0.925,635.0,587.3750000000001,47.624999999999886,0.0,0.0,0.0,0.08724817754776787,0.0,0.8800000000000001,0.0,0.0,0.0,1.0,,,0.101,177.974625,1762.125,1762.125,0.0,54.625875,0.0,,,222.2499999999999,5.684341886080802e-14,95.56749999999995,3.0,1179.6164019083983,0.0,-0.0,0.0,119.84902643389326
6,1,7,0.1016,0.0,1179.6164019083978,,,,0,0.0,1,1984.375,1984.375,-0.0,317.5,65.88125,0.0,,,297.11297566731776,1984.375,1905.0,79.37500000000011,1984.375,0.0,1.0,0.0,0.0,0.1559648166232639,99.03765855577257,0.96,661.4583333333334,635.0,26.45833333333337,1.0,0.0,0.0,0.15596481662326392,99.0376585557726,0.96,661.4583333333334,635.0,26.45833333333337,1.0,0.0,0.0,0.1559648166232639,99.03765855577257,0.96,661.4583333333334,635.0,26.45833333333337,,,,704.5288012410801,1905.0,1762.125,142.8749999999999,1905.0,-0.0,1.0,0,0,0.39981772078659583,234.84293374702673,0.925,635.0,587.375,47.625,1.0,0,0,0.39981772078659583,234.84293374702676,0.925,635.0,587.3750000000001,47.624999999999886,1.0,0.0,0.0,0.39981772078659583,234.84293374702673,0.925,635.0,587.375,47.625,0.0,0.0,0.0,0.08724817754776787,0.0,0.8800000000000001,0.0,0.0,0.0,1.0,,,0.101,177.974625,1762.125,1762.125,0.0,54.625875,0.0,,,222.25,-5.684341886080802e-14,95.5675,3.0,1179.6164019083978,0.0,-0.0,0.0,119.84902643389321
7,1,8,0.1016,0.0,1179.6164019083983,,,,0,0.0,1,1984.375,1984.375,-0.0,317.5,65.88125,0.0,,,297.112975667318,1984.375,1905.0,79.37500000000011,1984.375,0.0,1.0,0.0,0.0,0.1559648166232639,99.03765855577257,0.96,661.4583333333334,635.0,26.45833333333337,1.0,0.0,0.0,0.15596481662326392,99.0376585557726,0.96,661.4583333333334,635.0,26.45833333333337,1.0,0.0,0.0,0.1559648166232639,99.03765855577257,0.96,661.4583333333334,635.0,26.45833333333337,,,,704.5288012410803,1905.0,1762.125,142.87499999999977,1905.0,-0.0,1.0,0,0,0.39981772078659583,234.84293374702673,0.925,635.0,587.375,47.625,1.0,0,0,0.39981772078659583,234.84293374702676,0.925,635.0,587.3750000000001,47.624999999999886,1.0,0.0,0.0,0.39981772078659583,234.84293374702676,0.925,635.0,587.3750000000001,47.624999999999886,0.0,0.0,0.0,0.08724817754776787,0.0,0.8800000000000001,0.0,0.0,0.0,1.0,,,0.101,177.974625,1762.125,1762.125,0.0,54.625875,0.0,,,222.2499999999999,5.684341886080802e-14,95.56749999999995,3.0,1179.6164019083983,0.0,-0.0,0.0,119.84902643389326
8,1,9,0.1016,0.0,1179.6164019083983,,,,0,0.0,1,1984.375,1984.375,-0.0,317.5,65.88125,0.0,,,297.112975667318,1984.375,1905.0,79.37500000000011,1984.375,0.0,1.0,0.0,0.0,0.1559648166232639,99.03765855577257,0.96,661.4583333333334,635.0,26.45833333333337,1.0,0.0,0.0,0.15596481662326392,99.0376585557726,0.96,661.4583333333334,635.0,26.45833333333337,1.0,0.0,0.0,0.1559648166232639,99.03765855577257,0.96,661.4583333333334,635.0,26.45833333333337,,,,704.5288012410803,1905.0,1762.125,142.87499999999977,1905.0,-0.0,1.0,0,0,0.39981772078659583,234.84293374702673,0.925,635.0,587.375,47.625,1.0,0,0,0.39981772078659583,234.84293374702676,0.925,635.0,587.3750000000001,47.624999999999886,1.0,0.0,0.0,0.39981772078659583,234.84293374702676,0.925,635.0,587.3750000000001,47.624999999999886,0.0,0.0,0.0,0.08724817754776784,0.0,0.88,0.0,0.0,0.0,1.0,,,0.101,177.974625,1762.125,1762.125,0.0,54.625875,0.0,,,222.2499999999999,5.684341886080802e-14,95.56749999999995,3.0,1179.6164019083983,0.0,-0.0,0.0,119.84902643389326
9,1,10,0.1016,0.0,1179.6164019083983,,,,0,0.0,1,1984.375,1984.375,-0.0,317.5,65.88125,0.0,,,297.112975667318,1984.375,1905.0,79.37500000000011,1984.375,0.0,1.0,0.0,0.0,0.1559648166232639,99.03765855577257,0.96,661.4583333333334,635.0,26.45833333333337,1.0,0.0,0.0,0.15596481662326392,99.0376585557726,0.96,661.4583333333334,635.0,26.45833333333337,1.0,0.0,0.0,0.1559648166232639,99.03765855577257,0.96,661.4583333333334,635.0,26.45833333333337,,,,704.5288012410803,1905.0,1762.125,142.87499999999977,1905.0,-0.0,1.0,0,0,0.39981772078659583,234.84293374702673,0.925,635.0,587.375,47.625,1.0,0,0,0.39981772078659583,234.84293374702676,0.925,635.0,587.3750000000001,47.624999999999886,1.0,0.0,0.0,0.39981772078659583,234.84293374702676,0.925,635.0,587.3750000000001,47.624999999999886,0.0,0.0,0.0,0.08724817754776787,0.0,0.8800000000000001,0.0,0.0,0.0,1.0,,,0.101,177.974625,1762.125,1762.125,0.0,54.625875,0.0,,,222.2499999999999,5.684341886080802e-14,95.56749999999995,3.0,1179.6164019083983,0.0,-0.0,0.0,119.84902643389326
10,1,11,0.1016,0.0,1179.6164019083983,,,,0,0.0,1,1984.375,1984.375,-0.0,317.5,65.88125,0.0,,,297.112975667318,1984.375,1905.0,79.37500000000011,1984.375,0.0,1.0,0.0,0.0,0.1559648166232639,99.03765855577257,0.96,661.4583333333334,635.0,26.45833333333337,1.0,0.0,0.0,0.15596481662326392,99.0376585557726,0.96,661.4583333333334,635.0,26.45833333333337,1.0,0.0,0.0,0.1559648166232639,99.03765855577257,0.96,661.4583333333334,635.0,26.45833333333337,,,,704.5288012410803,1905.0,1762.125,142.87499999999977,1905.0,-0.0,1.0,0,0,0.39981772078659583,234.84293374702673,0.925,635.0,587.375,47.625,1.0,0,0,0.39981772078659583,234.84293374702676,0.925,635.0,587.3750000000001,47.624999999999886,1.0,0.0,0.0,0.39981772078659583,234.84293374702676,0.925,635.0,587.3750000000001,47.624999999999886,0.0,0.0,0.0,0.08724817754776787,0.0,0.8800000000000001,0.0,0.0,0.0,1.0,,,0.101,177.974625,1762.125,1762.125,0.0,54.625875,0.0,,,222.2499999999999,5.684341886080802e-14,95.56749999999995,3.0,1179.6164019083983,0.0,-0.0,0.0,119.84902643389326
11,1,12,0.1016,0.0,1179.6164019083983,,,,0,0.0,1,1984.375,1984.375,-0.0,317.5,65.88125,0.0,,,297.112975667318,1984.375,1905.0,79.37500000000011,1984.375,0.0,1.0,0.0,0.0,0.1559648166232639,99.03765855577257,0.96,661.4583333333334,635.0,26.45833333333337,1.0,0.0,0.0,0.15596481662326392,99.0376585557726,0.96,661.4583333333334,635.0,26.45833333333337,1.0,0.0,0.0,0.1559648166232639,99.03765855577257,0.96,661.4583333333334,635.0,26.45833333333337,,,,704.5288012410803,1905.0,1762.125,142.87499999999977,1905.0,-0.0,1.0,0,0,0.39981772078659583,234.84293374702673,0.925,635.0,587.375,47.625,1.0,0,0,0.39981772078659583,234.84293374702676,0.925,635.0,587.3750000000001,47.624999999999886,1.0,0.0,0.0,0.39981772078659583,234.84293374702676,0.925,635.0,587.3750000000001,47.624999999999886,0.0,0.0,0.0,0.08724817754776784,0.0,0.88,0.0,0.0,0.0,1.0,,,0.101,177.974625,1762.125,1762.125,0.0,54.625875,0.0,,,222.2499999999999,5.684341886080802e-14,95.56749999999995,3.0,1179.6164019083983,0.0,-0.0,0.0,119.84902643389326
12,1,13,0.1016,0.0,1179.6164019083983,,,,0,0.0,1,1984.375,1984.375,-0.0,317.5,65.88125,0.0,,,297.112975667318,1984.375,1905.0,79.37500000000011,1984.375,0.0,1.0,0.0,0.0,0.1559648166232639,99.03765855577257,0.96,661.4583333333334,635.0,26.45833333333337,1.0,0.0,0.0,0.15596481662326392,99.0376585557726,0.96,661.4583333333334,635.0,26.45833333333337,1.0,0.0,0.0,0.1559648166232639,99.03765855577257,0.96,661.4583333333334,635.0,26.45833333333337,,,,704.5288012410803,1905.0,1762.125,142.87499999999977,1905.0,-0.0,1.0,0,0,0.39981772078659583,234.84293374702673,0.925,635.0,587.375,47.625,1.0,0,0,0.39981772078659583,234.84293374702676,0.925,635.0,587.3750000000001,47.624999999999886,1.0,0.0,0.0,0.39981772078659583,234.84293374702676,0.925,635.0,587.3750000000001,47.624999999999886,0.0,0.0,0.0,0.08724817754776784,0.0,0.88,0.0,0.0,0.0,1.0,,,0.101,177.974625,1762.125,1762.125,0.0,54.625875,0.0,,,222.2499999999999,5.684341886080802e-14,95.56749999999995,3.0,1179.6164019083983,0.0,-0.0,0.0,119.84902643389326
13,1,14,0.1016,0.0,1179.6164019083983,,,,0,0.0,1,1984.375,1984.375,-0.0,317.5,65.88125,0.0,,,297.112975667318,1984.375,1905.0,79.37500000000011,1984.375,0.0,1.0,0.0,0.0,0.1559648166232639,99.03765855577257,0.96,661.4583333333334,635.0,26.45833333333337,1.0,0.0,0.0,0.15596481662326392,99.0376585557726,0.96,661.4583333333334,635.0,26.45833333333337,1.0,0.0,0.0,0.1559648166232639,99.03765855577257,0.96,661.4583333333334,635.0,26.45833333333337,,,,704.5288012410803,1905.0,1762.125,142.87499999999977,1905.0,-0.0,1.0,0,0,0.39981772078659583,234.84293374702673,0.925,635.0,587.375,47.625,1.0,0,0,0.39981772078659583,234.84293374702676,0.925,635.0,587.3750000000001,47.624999999999886,1.0,0.0,0.0,0.39981772078659583,234.84293374702676,0.925,635.0,587.3750000000001,47.624999999999886,0.0,0.0,0.0,0.08724817754776787,0.0,0.8800000000000001,0.0,0.0,0.0,1.0,,,0.101,177.974625,1762.125,1762.125,0.0,54.625875,0.0,,,222.2499999999999,5.684341886080802e-14,95.56749999999995,3.0,1179.6164019083983,0.0,-0.0,0.0,119.84902643389326
14,1,15,0.1016,0.0,1179.6164019083983,,,,0,0.0,1,1984.375,1984.375,-0.0,317.5,65.88125,0.0,,,297.112975667318,1984.375,1905.0,79.37500000000011,1984.375,0.0,1.0,0.0,0.0,0.1559648166232639,99.03765855577257,0.96,661.4583333333334,635.0,26.45833333333337,1.0,0.0,0.0,0.15596481662326392,99.0376585557726,0.96,661.4583333333334,635.0,26.45833333333337,1.0,0.0,0.0,0.1559648166232639,99.03765855577257,0.96,661.4583333333334,635.0,26.45833333333337,,,,704.5288012410803,1905.0,1762.125,142.87499999999977,1905.0,-0.0,1.0,0,0,0.39981772078659583,234.84293374702673,0.925,635.0,587.375,47.625,1.0,0,0,0.39981772078659583,234.84293374702676,0.925,635.0,587.3750000000001,47.624999999999886,1.0,0.0,0.0,0.39981772078659583,234.84293374702676,0.925,635.0,587.3750000000001,47.624999999999886,0.0,0.0,0.0,0.08724817754776784,0.0,0.88,0.0,0.0,0.0,1.0,,,0.101,177.974625,1762.125,1762.125,0.0,54.625875,0.0,,,222.2499999999999,5.684341886080802e-14,95.56749999999995,3.0,1179.6164019083983,0.0,-0.0,0.0,119.84902643389326
15,1,16,0.1016,0.0,1179.6164019083983,,,,0,0.0,1,1984.375,1984.375,-0.0,317.5,65.88125,0.0,,,297.112975667318,1984.375,1905.0,79.37500000000011,1984.375,0.0,1.0,0.0,0.0,0.1559648166232639,99.03765855577257,0.96,661.4583333333334,635.0,26.45833333333337,1.0,0.0,0.0,0.15596481662326392,99.0376585557726,0.96,661.4583333333334,635.0,26.45833333333337,1.0,0.0,0.0,0.1559648166232639,99.03765855577257,0.96,661.4583333333334,635.0,26.45833333333337,,,,704.5288012410803,1905.0,1762.125,142.87499999999977,1905.0,-0.0,1.0,0,0,0.39981772078659583,234.84293374702673,0.925,635.0,587.375,47.625,1.0,0,0,0.39981772078659583,234.84293374702676,0.925,635.0,587.3750000000001,47.624999999999886,1.0,0.0,0.0,0.39981772078659583,234.84293374702676,0.925,635.0,587.3750000000001,47.624999999999886,0.0,0.0,0.0,0.08724817754776784,0.0,0.88,0.0,0.0,0.0,1.0,,,0.101,177.974625,1762.125,1762.125,0.0,54.625875,0.0,,,222.2499999999999,5.684341886080802e-14,95.56749999999995,3.0,1179.6164019083983,0.0,-0.0,0.0,119.84902643389326
16,1,17,0.1016,0.0,1179.6164019083983,,,,0,0.0,1,1984.375,1984.375,-0.0,317.5,65.88125,0.0,,,297.112975667318,1984.375,1905.0,79.37500000000011,1984.375,0.0,1.0,0.0,0.0,0.1559648166232639,99.03765855577257,0.96,661.4583333333334,635.0,26.45833333333337,1.0,0.0,0.0,0.15596481662326392,99.0376585557726,0.96,661.4583333333334,635.0,26.45833333333337,1.0,0.0,0.0,0.1559648166232639,99.03765855577257,0.96,661.4583333333334,635.0,26.45833333333337,,,,704.5288012410803,1905.0,1762.125,142.87499999999977,1905.0,-0.0,1.0,0,0,0.39981772078659583,234.84293374702673,0.925,635.0,587.375,47.625,1.0,0,0,0.39981772078659583,234.84293374702676,0.925,635.0,587.3750000000001,47.624999999999886,1.0,0.0,0.0,0.39981772078659583,234.84293374702676,0.925,635.0,587.3750000000001,47.624999999999886,0.0,0.0,0.0,0.08724817754776784,0.0,0.88,0.0,0.0,0.0,1.0,,,0.101,177.974625,1762.125,1762.125,0.0,54.625875,0.0,,,222.2499999999999,5.684341886080802e-14,95.56749999999995,3.0,1179.6164019083983,0.0,-0.0,0.0,119.84902643389326
17,1,18,0.15246,0.0,590.7990835820755,,,,0,0.0,1,1083.33380734185,1083.33380734185,-0.0,173.333409174696,35.96668240374942,0.0,,,169.29483039234213,1083.33380734185,1040.0004550481758,43.33335229367407,1083.33380734185,0.0,1.0,0.0,0.0,0.1559648166232639,99.03765855577257,0.96,661.4583333333334,635.0,26.45833333333337,1.0,0.0,0.0,0.17347430345038112,70.25717183656968,0.96,421.8754740085165,405.0004550481758,16.875018960340697,0.0,0.0,1.0,0.27100000000000246,0.0,0.96,0.0,0.0,-0.0,,,,325.5542072298676,1040.0004550481758,950.0004550481758,90.0,1040.0004550481758,-0.0,1.0,0,0,0.3426884750422128,162.7771036149338,0.9134615763261076,520.0002275240879,475.0002275240879,45.0,1.0,0,0,0.3426884750422128,162.7771036149338,0.9134615763261076,520.0002275240879,475.0002275240879,45.0,0.0,0.0,1.0,0.08724817754776787,0.0,0.8800000000000001,0.0,0.0,0.0,0.0,0.0,0.0,0.08724817754776784,0.0,0.88,0.0,0.0,0.0,1.0,,,0.101,95.95004595986576,950.0004550481758,950.0004550481758,0.0,29.450014106493448,0.0,,,133.33335229367407,-1.4210854715202004e-14,57.33334148627985,2.0,590.7990835820755,0.0,0.0,0.0,90.07322828292324
18,1,19,0.15246,0.0,590.7990835820756,,,,0,0.0,1,1083.33380734185,1083.33380734185,-0.0,173.333409174696,35.96668240374942,0.0,,,169.29483039234225,1083.33380734185,1040.0004550481758,43.33335229367407,1083.33380734185,0.0,1.0,0.0,0.0,0.1559648166232639,99.03765855577257,0.96,661.4583333333334,635.0,26.45833333333337,1.0,0.0,0.0,0.17347430345038112,70.25717183656968,0.96,421.8754740085165,405.0004550481758,16.875018960340697,0.0,0.0,0.0,0.27100000000000246,0.0,0.96,0.0,0.0,-0.0,,,,325.5542072298676,1040.0004550481758,950.0004550481758,90.0,1040.0004550481758,-0.0,1.0,0,0,0.3426884750422128,162.7771036149338,0.9134615763261076,520.0002275240879,475.0002275240879,45.0,1.0,0,0,0.3426884750422128,162.7771036149338,0.9134615763261076,520.0002275240879,475.0002275240879,45.0,0.0,0.0,0.0,0.08724817754776787,0.0,0.8800000000000001,0.0,0.0,0.0,0.0,0.0,0.0,0.08724817754776784,0.0,0.88,0.0,0.0,0.0,1.0,,,0.101,95.95004595986576,950.0004550481758,950.0004550481758,0.0,29.450014106493448,0.0,,,133.33335229367407,-1.4210854715202004e-14,57.33334148627985,2.0,590.7990835820756,0.0,0.0,0.0,90.07322828292325
19,1,20,0.15246,0.0,590.7990835820755,,,,0,0.0,1,1083.33380734185,1083.33380734185,-0.0,173.333409174696,35.96668240374942,0.0,,,169.29483039234213,1083.33380734185,1040.0004550481758,43.33335229367407,1083.33380734185,0.0,1.0,0.0,0.0,0.1559648166232639,99.03765855577257,0.96,661.4583333333334,635.0,26.45833333333337,1.0,0.0,0.0,0.17347430345038112,70.25717183656968,0.96,421.8754740085165,405.0004550481758,16.875018960340697,0.0,0.0,0.0,0.271,0.0,0.96,0.0,0.0,-0.0,,,,325.5542072298676,1040.0004550481758,950.0004550481758,90.0,1040.0004550481758,-0.0,1.0,0,0,0.3426884750422128,162.7771036149338,0.9134615763261076,520.0002275240879,475.0002275240879,45.0,1.0,0,0,0.3426884750422128,162.7771036149338,0.9134615763261076,520.0002275240879,475.0002275240879,45.0,0.0,0.0,0.0,0.08724817754776787,0.0,0.8800000000000001,0.0,0.0,0.0,0.0,0.0,0.0,0.08724817754776784,0.0,0.88,0.0,0.0,0.0,1.0,,,0.101,95.95004595986576,950.0004550481758,950.0004550481758,0.0,29.450014106493448,0.0,,,133.33335229367407,-1.4210854715202004e-14,57.33334148627985,2.0,590.7990835820755,0.0,0.0,0.0,90.07322828292324
20,1,21,0.15246,0.0,590.7990835820756,,,,0,0.0,1,1083.33380734185,1083.33380734185,-0.0,173.333409174696,35.96668240374942,0.0,,,169.29483039234225,1083.33380734185,1040.0004550481758,43.33335229367407,1083.33380734185,0.0,1.0,0.0,0.0,0.1559648166232639,99.03765855577257,0.96,661.4583333333334,635.0,26.45833333333337,1.0,0.0,0.0,0.17347430345038112,70.25717183656968,0.96,421.8754740085165,405.0004550481758,16.875018960340697,0.0,0.0,0.0,0.271,0.0,0.96,0.0,0.0,-0.0,,,,325.5542072298676,1040.0004550481758,950.0004550481758,90.0,1040.0004550481758,-0.0,1.0,0,0,0.3426884750422128,162.7771036149338,0.9134615763261076,520.0002275240879,475.0002275240879,45.0,1.0,0,0,0.3426884750422128,162.7771036149338,0.9134615763261076,520.0002275240879,475.0002275240879,45.0,0.0,0.0,0.0,0.08724817754776787,0.0,0.8800000000000001,0.0,0.0,0.0,0.0,0.0,0.0,0.08724817754776784,0.0,0.88,0.0,0.0,0.0,1.0,,,0.101,95.95004595986576,950.0004550481758,950.0004550481758,0.0,29.450014106493448,0.0,,,133.33335229367407,-1.4210854715202004e-14,57.33334148627985,2.0,590.7990835820756,0.0,0.0,0.0,90.07322828292325
21,1,22,0.15246,0.0,590.7990835820755,,,,0,0.0,1,1083.33380734185,1083.33380734185,-0.0,173.333409174696,35.96668240374942,0.0,,,169.29483039234213,1083.33380734185,1040.0004550481758,43.33335229367407,1083.33380734185,0.0,1.0,0.0,0.0,0.1559648166232639,99.03765855577257,0.96,661.4583333333334,635.0,26.45833333333337,1.0,0.0,0.0,0.17347430345038112,70.25717183656968,0.96,421.8754740085165,405.0004550481758,16.875018960340697,0.0,0.0,0.0,0.27100000000000213,0.0,0.96,0.0,0.0,-0.0,,,,325.5542072298676,1040.0004550481758,950.0004550481758,90.0,1040.0004550481758,-0.0,1.0,0,0,0.3426884750422128,162.7771036149338,0.9134615763261076,520.0002275240879,475.0002275240879,45.0,1.0,0,0,0.3426884750422128,162.7771036149338,0.9134615763261076,520.0002275240879,475.0002275240879,45.0,0.0,0.0,0.0,0.08724817754776787,0.0,0.8800000000000001,0.0,0.0,0.0,0.0,0.0,0.0,0.08724817754776787,0.0,0.8800000000000001,0.0,0.0,0.0,1.0,,,0.101,95.95004595986576,950.0004550481758,950.0004550481758,0.0,29.450014106493448,0.0,,,133.33335229367407,-1.4210854715202004e-14,57.33334148627985,2.0,590.7990835820755,0.0,0.0,0.0,90.07322828292324
22,1,23,0.1016,0.0,1179.6164019083985,,,,0,0.0,1,1984.3750000000007,1984.3750000000007,-0.0,317.5000000000001,65.88125000000002,0.0,,,297.112975667318,1984.3750000000007,1905.000000000001,79.37500000000011,1984.3750000000007,0.0,1.0,0.0,0.0,0.1559648166232639,99.03765855577257,0.96,661.4583333333334,635.0,26.45833333333337,1.0,0.0,0.0,0.15596481662326392,99.03765855577264,0.96,661.4583333333337,635.0000000000003,26.45833333333337,1.0,1.0,0.0,0.1559648166232639,99.03765855577262,0.96,661.4583333333337,635.0000000000003,26.45833333333337,,,,704.5288012410804,1905.000000000001,1762.1250000000005,142.87499999999943,1905.0,9.094947017729282e-13,1.0,0,0,0.39981772078659583,234.84293374702682,0.925,635.0,587.3750000000002,47.62499999999977,1.0,0,0,0.39981772078659583,234.84293374702682,0.925,635.0,587.3750000000002,47.62499999999977,1.0,1.0,0.0,0.39981772078659583,234.84293374702676,0.925,635.0,587.3750000000001,47.624999999999886,0.0,0.0,0.0,0.08724817754776784,0.0,0.88,0.0,0.0,0.0,1.0,,,0.101,177.97462500000006,1762.1250000000005,1762.1250000000005,0.0,54.625875000000015,0.0,,,222.25000000000045,1.1368683772161603e-13,95.5675000000002,3.0,1179.6164019083985,0.0,-0.0,0.0,119.84902643389329
23,1,24,0.1016,0.0,1179.616401908398,,,,0,0.0,1,1984.3750000000007,1984.3750000000007,-0.0,317.5000000000001,65.88125000000002,0.0,,,297.11297566731787,1984.3750000000007,1905.000000000001,79.37500000000011,1984.3750000000007,0.0,1.0,0.0,0.0,0.1559648166232639,99.03765855577257,0.96,661.4583333333334,635.0,26.45833333333337,1.0,0.0,0.0,0.15596481662326392,99.03765855577264,0.96,661.4583333333337,635.0000000000003,26.45833333333337,1.0,0.0,0.0,0.1559648166232639,99.03765855577262,0.96,661.4583333333337,635.0000000000003,26.45833333333337,,,,704.5288012410803,1905.000000000001,1762.1250000000005,142.87499999999955,1905.0,9.094947017729282e-13,1.0,0,0,0.39981772078659583,234.84293374702682,0.925,635.0,587.3750000000002,47.62499999999977,1.0,0,0,0.39981772078659583,234.84293374702682,0.925,635.0,587.3750000000002,47.62499999999977,1.0,0.0,0.0,0.3998177207865957,234.84293374702665,0.9249999999999997,635.0,587.375,47.625,0.0,0.0,0.0,0.08724817754776784,0.0,0.88,0.0,0.0,0.0,1.0,,,0.101,177.97462500000006,1762.1250000000005,1762.1250000000005,0.0,54.625875000000015,0.0,,,222.25000000000057,-1.1368683772161603e-13,95.56750000000024,3.0,1179.616401908398,0.0,-0.0,0.0,119.84902643389324
24,1,25,0.1016,0.0,1179.6164019083985,,,,0,0.0,1,1984.3750000000007,1984.3750000000007,-0.0,317.5000000000001,65.88125000000002,0.0,,,297.112975667318,1984.3750000000007,1905.000000000001,79.37500000000011,1984.3750000000007,0.0,1.0,0.0,0.0,0.1559648166232639,99.03765855577257,0.96,661.4583333333334,635.0,26.45833333333337,1.0,0.0,0.0,0.15596481662326392,99.03765855577264,0.96,661.4583333333337,635.0000000000003,26.45833333333337,1.0,0.0,0.0,0.1559648166232639,99.03765855577262,0.96,661.4583333333337,635.0000000000003,26.45833333333337,,,,704.5288012410804,1905.000000000001,1762.1250000000005,142.87499999999943,1905.0,9.094947017729282e-13,1.0,0,0,0.39981772078659583,234.84293374702682,0.925,635.0,587.3750000000002,47.62499999999977,1.0,0,0,0.39981772078659583,234.84293374702682,0.925,635.0,587.3750000000002,47.62499999999977,1.0,0.0,0.0,0.39981772078659583,234.84293374702676,0.925,635.0,587.3750000000001,47.624999999999886,0.0,0.0,0.0,0.08724817754776784,0.0,0.88,0.0,0.0,0.0,1.0,,,0.101,177.97462500000006,1762.1250000000005,1762.1250000000005,0.0,54.625875000000015,0.0,,,222.25000000000045,1.1368683772161603e-13,95.5675000000002,3.0,1179.6164019083985,0.0,-0.0,0.0,119.84902643389329
25,1,26,0.1016,0.0,1179.6164019083983,,,,0,0.0,1,1984.3750000000007,1984.3750000000007,-0.0,317.5000000000001,65.88125000000002,0.0,,,297.11297566731787,1984.3750000000007,1905.000000000001,79.37500000000011,1984.3750000000007,0.0,1.0,0.0,0.0,0.1559648166232639,99.03765855577257,0.96,661.4583333333334,635.0,26.45833333333337,1.0,0.0,0.0,0.15596481662326392,99.03765855577264,0.96,661.4583333333337,635.0000000000003,26.45833333333337,1.0,0.0,0.0,0.1559648166232639,99.03765855577262,0.96,661.4583333333337,635.0000000000003,26.45833333333337,,,,704.5288012410804,1905.000000000001,1762.1250000000005,142.87499999999943,1905.0,9.094947017729282e-13,1.0,0,0,0.39981772078659583,234.84293374702682,0.925,635.0,587.3750000000002,47.62499999999977,1.0,0,0,0.39981772078659583,234.84293374702682,0.925,635.0,587.3750000000002,47.62499999999977,1.0,0.0,0.0,0.39981772078659583,234.84293374702676,0.925,635.0,587.3750000000001,47.624999999999886,0.0,0.0,0.0,0.08724817754776784,0.0,0.88,0.0,0.0,0.0,1.0,,,0.101,177.97462500000006,1762.1250000000005,1762.1250000000005,0.0,54.625875000000015,0.0,,,222.25000000000045,0.0,95.5675000000002,3.0,1179.6164019083983,0.0,-0.0,0.0,119.84902643389326
26,1,27,0.1016,0.0,1179.6164019083985,,,,0,0.0,1,1984.3750000000007,1984.3750000000007,-0.0,317.5000000000001,65.88125000000002,0.0,,,297.112975667318,1984.3750000000007,1905.000000000001,79.37500000000011,1984.3750000000007,0.0,1.0,0.0,0.0,0.1559648166232639,99.03765855577257,0.96,661.4583333333334,635.0,26.45833333333337,1.0,0.0,0.0,0.15596481662326392,99.03765855577264,0.96,661.4583333333337,635.0000000000003,26.45833333333337,1.0,0.0,0.0,0.1559648166232639,99.03765855577262,0.96,661.4583333333337,635.0000000000003,26.45833333333337,,,,704.5288012410804,1905.000000000001,1762.1250000000005,142.87499999999943,1905.0,9.094947017729282e-13,1.0,0,0,0.39981772078659583,234.84293374702682,0.925,635.0,587.3750000000002,47.62499999999977,1.0,0,0,0.39981772078659583,234.84293374702682,0.925,635.0,587.3750000000002,47.62499999999977,1.0,0.0,0.0,0.39981772078659583,234.84293374702676,0.925,635.0,587.3750000000001,47.624999999999886,0.0,0.0,0.0,0.08724817754776787,0.0,0.8800000000000001,0.0,0.0,0.0,1.0,,,0.101,177.97462500000006,1762.1250000000005,1762.1250000000005,0.0,54.625875000000015,0.0,,,222.25000000000045,1.1368683772161603e-13,95.5675000000002,3.0,1179.6164019083985,0.0,-0.0,0.0,119.84902643389329
27,1,28,0.1016,0.0,1179.6164019083985,,,,0,0.0,1,1984.3750000000007,1984.3750000000007,-0.0,317.5000000000001,65.88125000000002,0.0,,,297.112975667318,1984.3750000000007,1905.000000000001,79.37500000000011,1984.3750000000007,0.0,1.0,0.0,0.0,0.1559648166232639,99.03765855577257,0.96,661.4583333333334,635.0,26.45833333333337,1.0,0.0,0.0,0.15596481662326392,99.03765855577264,0.96,661.4583333333337,635.0000000000003,26.45833333333337,1.0,0.0,0.0,0.1559648166232639,99.03765855577262,0.96,661.4583333333337,635.0000000000003,26.45833333333337,,,,704.5288012410804,1905.000000000001,1762.1250000000005,142.87499999999943,1905.0,9.094947017729282e-13,1.0,0,0,0.39981772078659583,234.84293374702682,0.925,635.0,587.3750000000002,47.62499999999977,1.0,0,0,0.39981772078659583,234.84293374702682,0.925,635.0,587.3750000000002,47.62499999999977,1.0,0.0,0.0,0.39981772078659583,234.84293374702676,0.925,635.0,587.3750000000001,47.624999999999886,0.0,0.0,0.0,0.08724817754776784,0.0,0.88,0.0,0.0,0.0,1.0,,,0.101,177.97462500000006,1762.1250000000005,1762.1250000000005,0.0,54.625875000000015,0.0,,,222.25000000000045,1.1368683772161603e-13,95.5675000000002,3.0,1179.6164019083985,0.0,-0.0,0.0,119.84902643389329
28,1,29,0.1016,0.0,1179.6164019083985,,,,0,0.0,1,1984.3750000000007,1984.3750000000007,-0.0,317.5000000000001,65.88125000000002,0.0,,,297.112975667318,1984.3750000000007,1905.000000000001,79.37500000000011,1984.3750000000007,0.0,1.0,0.0,0.0,0.1559648166232639,99.03765855577257,0.96,661.4583333333334,635.0,26.45833333333337,1.0,0.0,0.0,0.15596481662326392,99.03765855577264,0.96,661.4583333333337,635.0000000000003,26.45833333333337,1.0,0.0,0.0,0.1559648166232639,99.03765855577262,0.96,661.4583333333337,635.0000000000003,26.45833333333337,,,,704.5288012410804,1905.000000000001,1762.1250000000005,142.87499999999943,1905.0,9.094947017729282e-13,1.0,0,0,0.39981772078659583,234.84293374702682,0.925,635.0,587.3750000000002,47.62499999999977,1.0,0,0,0.39981772078659583,234.84293374702682,0.925,635.0,587.3750000000002,47.62499999999977,1.0,0.0,0.0,0.39981772078659583,234.84293374702676,0.925,635.0,587.3750000000001,47.624999999999886,0.0,0.0,0.0,0.08724817754776787,0.0,0.8800000000000001,0.0,0.0,0.0,1.0,,,0.101,177.97462500000006,1762.1250000000005,1762.1250000000005,0.0,54.625875000000015,0.0,,,222.25000000000045,1.1368683772161603e-13,95.5675000000002,3.0,1179.6164019083985,0.0,-0.0,0.0,119.84902643389329
29,1,30,0.1016,0.0,1179.6164019083985,,,,0,0.0,1,1984.3750000000007,1984.3750000000007,-0.0,317.5000000000001,65.88125000000002,0.0,,,297.112975667318,1984.3750000000007,1905.000000000001,79.37500000000011,1984.3750000000007,0.0,1.0,0.0,0.0,0.1559648166232639,99.03765855577257,0.96,661.4583333333334,635.0,26.45833333333337,1.0,0.0,0.0,0.15596481662326392,99.03765855577264,0.96,661.4583333333337,635.0000000000003,26.45833333333337,1.0,0.0,0.0,0.1559648166232639,99.03765855577262,0.96,661.4583333333337,635.0000000000003,26.45833333333337,,,,704.5288012410804,1905.000000000001,1762.1250000000005,142.87499999999943,1905.0,9.094947017729282e-13,1.0,0,0,0.39981772078659583,234.84293374702682,0.925,635.0,587.3750000000002,47.62499999999977,1.0,0,0,0.39981772078659583,234.84293374702682,0.925,635.0,587.3750000000002,47.62499999999977,1.0,0.0,0.0,0.39981772078659583,234.84293374702676,0.925,635.0,587.3750000000001,47.624999999999886,0.0,0.0,0.0,0.08724817754776787,0.0,0.8800000000000001,0.0,0.0,0.0,1.0,,,0.101,177.97462500000006,1762.1250000000005,1762.1250000000005,0.0,54.625875000000015,0.0,,,222.25000000000045,1.1368683772161603e-13,95.5675000000002,3.0,1179.6164019083985,0.0,-0.0,0.0,119.84902643389329
30,1,31,0.1016,0.0,1179.6164019083985,,,,0,0.0,1,1984.3750000000007,1984.3750000000007,-0.0,317.5000000000001,65.88125000000002,0.0,,,297.112975667318,1984.3750000000007,1905.000000000001,79.37500000000011,1984.3750000000007,0.0,1.0,0.0,0.0,0.1559648166232639,99.03765855577257,0.96,661.4583333333334,635.0,26.45833333333337,1.0,0.0,0.0,0.15596481662326392,99.03765855577264,0.96,661.4583333333337,635.0000000000003,26.45833333333337,1.0,0.0,0.0,0.1559648166232639,99.03765855577262,0.96,661.4583333333337,635.0000000000003,26.45833333333337,,,,704.5288012410804,1905.000000000001,1762.1250000000005,142.87499999999943,1905.0,9.094947017729282e-13,1.0,0,0,0.39981772078659583,234.84293374702682,0.925,635.0,587.3750000000002,47.62499999999977,1.0,0,0,0.39981772078659583,234.84293374702682,0.925,635.0,587.3750000000002,47.62499999999977,1.0,0.0,0.0,0.39981772078659583,234.84293374702676,0.925,635.0,587.3750000000001,47.624999999999886,0.0,0.0,0.0,0.08724817754776787,0.0,0.8800000000000001,0.0,0.0,0.0,1.0,,,0.101,177.97462500000006,1762.1250000000005,1762.1250000000005,0.0,54.625875000000015,0.0,,,222.25000000000045,1.1368683772161603e-13,95.5675000000002,3.0,1179.6164019083985,0.0,-0.0,0.0,119.84902643389329
31,1,32,0.1016,0.0,1179.6164019083983,,,,0,0.0,1,1984.3750000000007,1984.3750000000007,-0.0,317.5000000000001,65.88125000000002,0.0,,,297.11297566731787,1984.3750000000007,1905.000000000001,79.37500000000011,1984.3750000000007,0.0,1.0,0.0,0.0,0.1559648166232639,99.03765855577257,0.96,661.4583333333334,635.0,26.45833333333337,1.0,0.0,0.0,0.15596481662326392,99.03765855577264,0.96,661.4583333333337,635.0000000000003,26.45833333333337,1.0,0.0,0.0,0.1559648166232639,99.03765855577262,0.96,661.4583333333337,635.0000000000003,26.45833333333337,,,,704.5288012410804,1905.000000000001,1762.1250000000005,142.87499999999943,1905.0,9.094947017729282e-13,1.0,0,0,0.39981772078659583,234.84293374702682,0.925,635.0,587.3750000000002,47.62499999999977,1.0,0,0,0.39981772078659583,234.84293374702682,0.925,635.0,587.3750000000002,47.62499999999977,1.0,0.0,0.0,0.39981772078659583,234.84293374702676,0.925,635.0,587.3750000000001,47.624999999999886,0.0,0.0,0.0,0.08724817754776784,0.0,0.88,0.0,0.0,0.0,1.0,,,0.101,177.97462500000006,1762.1250000000005,1762.1250000000005,0.0,54.625875000000015,0.0,,,222.25000000000045,0.0,95.5675000000002,3.0,1179.6164019083983,0.0,-0.0,0.0,119.84902643389326
32,1,33,0.1016,0.0,1179.6164019083985,,,,0,0.0,1,1984.3750000000007,1984.3750000000007,-0.0,317.5000000000001,65.88125000000002,0.0,,,297.112975667318,1984.3750000000007,1905.000000000001,79.37500000000011,1984.3750000000007,0.0,1.0,0.0,0.0,0.1559648166232639,99.03765855577257,0.96,661.4583333333334,635.0,26.45833333333337,1.0,0.0,0.0,0.15596481662326392,99.03765855577264,0.96,661.4583333333337,635.0000000000003,26.45833333333337,1.0,0.0,0.0,0.1559648166232639,99.03765855577262,0.96,661.4583333333337,635.0000000000003,26.45833333333337,,,,704.5288012410804,1905.000000000001,1762.1250000000005,142.87499999999943,1905.0,9.094947017729282e-13,1.0,0,0,0.39981772078659583,234.84293374702682,0.925,635.0,587.3750000000002,47.62499999999977,1.0,0,0,0.39981772078659583,234.84293374702682,0.925,635.0,587.3750000000002,47.62499999999977,1.0,0.0,0.0,0.39981772078659583,234.84293374702676,0.925,635.0,587.3750000000001,47.624999999999886,0.0,0.0,0.0,0.08724817754776787,0.0,0.8800000000000001,0.0,0.0,0.0,1.0,,,0.101,177.97462500000006,1762.1250000000005,1762.1250000000005,0.0,54.625875000000015,0.0,,,222.25000000000045,1.1368683772161603e-13,95.5675000000002,3.0,1179.6164019083985,0.0,-0.0,0.0,119.84902643389329
33,1,34,0.1016,0.0,1179.6164019083985,,,,0,0.0,1,1984.3750000000007,1984.3750000000007,-0.0,317.5000000000001,65.88125000000002,0.0,,,297.112975667318,1984.3750000000007,1905.000000000001,79.37500000000011,1984.3750000000007,0.0,1.0,0.0,0.0,0.1559648166232639,99.03765855577257,0.96,661.4583333333334,635.0,26.45833333333337,1.0,0.0,0.0,0.15596481662326392,99.03765855577264,0.96,661.4583333333337,635.0000000000003,26.45833333333337,1.0,0.0,0.0,0.1559648166232639,99.03765855577262,0.96,661.4583333333337,635.0000000000003,26.45833333333337,,,,704.5288012410804,1905.000000000001,1762.1250000000005,142.87499999999943,1905.0,9.094947017729282e-13,1.0,0,0,0.39981772078659583,234.84293374702682,0.925,635.0,587.3750000000002,47.62499999999977,1.0,0,0,0.39981772078659583,234.84293374702682,0.925,635.0,587.3750000000002,47.62499999999977,1.0,0.0,0.0,0.39981772078659583,234.84293374702676,0.925,635.0,587.3750000000001,47.624999999999886,0.0,0.0,0.0,0.08724817754776787,0.0,0.8800000000000001,0.0,0.0,0.0,1.0,,,0.101,177.97462500000006,1762.1250000000005,1762.1250000000005,0.0,54.625875000000015,0.0,,,222.25000000000045,1.1368683772161603e-13,95.5675000000002,3.0,1179.6164019083985,0.0,-0.0,0.0,119.84902643389329
34,1,35,0.1016,0.0,1179.6164019083985,,,,0,0.0,1,1984.3750000000007,1984.3750000000007,-0.0,317.5000000000001,65.88125000000002,0.0,,,297.112975667318,1984.3750000000007,1905.000000000001,79.37500000000011,1984.3750000000007,0.0,1.0,0.0,0.0,0.1559648166232639,99.03765855577257,0.96,661.4583333333334,635.0,26.45833333333337,1.0,0.0,0.0,0.15596481662326392,99.03765855577264,0.96,661.4583333333337,635.0000000000003,26.45833333333337,1.0,0.0,0.0,0.1559648166232639,99.03765855577262,0.96,661.4583333333337,635.0000000000003,26.45833333333337,,,,704.5288012410804,1905.000000000001,1762.1250000000005,142.87499999999943,1905.0,9.094947017729282e-13,1.0,0,0,0.39981772078659583,234.84293374702682,0.925,635.0,587.3750000000002,47.62499999999977,1.0,0,0,0.39981772078659583,234.84293374702682,0.925,635.0,587.3750000000002,47.62499999999977,1.0,0.0,0.0,0.39981772078659583,234.84293374702676,0.925,635.0,587.3750000000001,47.624999999999886,0.0,0.0,0.0,0.08724817754776787,0.0,0.8800000000000001,0.0,0.0,0.0,1.0,,,0.101,177.97462500000006,1762.1250000000005,1762.1250000000005,0.0,54.625875000000015,0.0,,,222.25000000000045,1.1368683772161603e-13,95.5675000000002,3.0,1179.6164019083985,0.0,-0.0,0.0,119.84902643389329
35,1,36,0.1016,0.0,1179.6164019083985,,,,0,0.0,1,1984.3750000000007,1984.3750000000007,-0.0,317.5000000000001,65.88125000000002,0.0,,,297.112975667318,1984.3750000000007,1905.000000000001,79.37500000000011,1984.3750000000007,0.0,1.0,0.0,0.0,0.1559648166232639,99.03765855577257,0.96,661.4583333333334,635.0,26.45833333333337,1.0,0.0,0.0,0.15596481662326392,99.03765855577264,0.96,661.4583333333337,635.0000000000003,26.45833333333337,1.0,0.0,0.0,0.1559648166232639,99.03765855577262,0.96,661.4583333333337,635.0000000000003,26.45833333333337,,,,704.5288012410804,1905.000000000001,1762.1250000000005,142.87499999999943,1905.0,9.094947017729282e-13,1.0,0,0,0.39981772078659583,234.84293374702682,0.925,635.0,587.3750000000002,47.62499999999977,1.0,0,0,0.39981772078659583,234.84293374702682,0.925,635.0,587.3750000000002,47.62499999999977,1.0,0.0,0.0,0.39981772078659583,234.84293374702676,0.925,635.0,587.3750000000001,47.624999999999886,0.0,0.0,0.0,0.08724817754776787,0.0,0.8800000000000001,0.0,0.0,0.0,1.0,,,0.101,177.97462500000006,1762.1250000000005,1762.1250000000005,0.0,54.625875000000015,0.0,,,222.25000000000045,1.1368683772161603e-13,95.5675000000002,3.0,1179.6164019083985,0.0,-0.0,0.0,119.84902643389329
36,1,37,0.1016,0.0,1179.6164019083985,,,,0,0.0,1,1984.3750000000007,1984.3750000000007,-0.0,317.5000000000001,65.88125000000002,0.0,,,297.112975667318,1984.3750000000007,1905.000000000001,79.37500000000011,1984.3750000000007,0.0,1.0,0.0,0.0,0.1559648166232639,99.03765855577257,0.96,661.4583333333334,635.0,26.45833333333337,1.0,0.0,0.0,0.15596481662326392,99.03765855577264,0.96,661.4583333333337,635.0000000000003,26.45833333333337,1.0,0.0,0.0,0.1559648166232639,99.03765855577262,0.96,661.4583333333337,635.0000000000003,26.45833333333337,,,,704.5288012410804,1905.000000000001,1762.1250000000005,142.87499999999943,1905.0,9.094947017729282e-13,1.0,0,0,0.39981772078659583,234.84293374702682,0.925,635.0,587.3750000000002,47.62499999999977,1.0,0,0,0.39981772078659583,234.84293374702682,0.925,635.0,587.3750000000002,47.62499999999977,1.0,0.0,0.0,0.39981772078659583,234.84293374702676,0.925,635.0,587.3750000000001,47.624999999999886,0.0,0.0,0.0,0.08724817754776784,0.0,0.88,0.0,0.0,0.0,1.0,,,0.101,177.97462500000006,1762.1250000000005,1762.1250000000005,0.0,54.625875000000015,0.0,,,222.25000000000045,1.1368683772161603e-13,95.5675000000002,3.0,1179.6164019083985,0.0,-0.0,0.0,119.84902643389329
37,1,38,0.1016,0.0,1179.6164019083985,,,,0,0.0,1,1984.3750000000007,1984.3750000000007,-0.0,317.5000000000001,65.88125000000002,0.0,,,297.112975667318,1984.3750000000007,1905.000000000001,79.37500000000011,1984.3750000000007,0.0,1.0,0.0,0.0,0.1559648166232639,99.03765855577257,0.96,661.4583333333334,635.0,26.45833333333337,1.0,0.0,0.0,0.15596481662326392,99.03765855577264,0.96,661.4583333333337,635.0000000000003,26.45833333333337,1.0,0.0,0.0,0.1559648166232639,99.03765855577262,0.96,661.4583333333337,635.0000000000003,26.45833333333337,,,,704.5288012410804,1905.000000000001,1762.1250000000005,142.87499999999943,1905.0,9.094947017729282e-13,1.0,0,0,0.39981772078659583,234.84293374702682,0.925,635.0,587.3750000000002,47.62499999999977,1.0,0,0,0.39981772078659583,234.84293374702682,0.925,635.0,587.3750000000002,47.62499999999977,1.0,0.0,0.0,0.39981772078659583,234.84293374702676,0.925,635.0,587.3750000000001,47.624999999999886,0.0,0.0,0.0,0.08724817754776784,0.0,0.88,0.0,0.0,0.0,1.0,,,0.101,177.97462500000006,1762.1250000000005,1762.1250000000005,0.0,54.625875000000015,0.0,,,222.25000000000045,1.1368683772161603e-13,95.5675000000002,3.0,1179.6164019083985,0.0,-0.0,0.0,119.84902643389329
38,1,39,0.1016,0.0,1179.6164019083985,,,,0,0.0,1,1984.3750000000007,1984.3750000000007,-0.0,317.5000000000001,65.88125000000002,0.0,,,297.112975667318,1984.3750000000007,1905.000000000001,79.37500000000011,1984.3750000000007,0.0,1.0,0.0,0.0,0.1559648166232639,99.03765855577257,0.96,661.4583333333334,635.0,26.45833333333337,1.0,0.0,0.0,0.15596481662326392,99.03765855577264,0.96,661.4583333333337,635.0000000000003,26.45833333333337,1.0,0.0,0.0,0.1559648166232639,99.03765855577262,0.96,661.4583333333337,635.0000000000003,26.45833333333337,,,,704.5288012410804,1905.000000000001,1762.1250000000005,142.87499999999943,1905.0,9.094947017729282e-13,1.0,0,0,0.39981772078659583,234.84293374702682,0.925,635.0,587.3750000000002,47.62499999999977,1.0,0,0,0.39981772078659583,234.84293374702682,0.925,635.0,587.3750000000002,47.62499999999977,1.0,0.0,0.0,0.39981772078659583,234.84293374702676,0.925,635.0,587.3750000000001,47.624999999999886,0.0,0.0,0.0,0.08724817754776784,0.0,0.88,0.0,0.0,0.0,1.0,,,0.101,177.97462500000006,1762.1250000000005,1762.1250000000005,0.0,54.625875000000015,0.0,,,222.25000000000045,1.1368683772161603e-13,95.5675000000002,3.0,1179.6164019083985,0.0,-0.0,0.0,119.84902643389329
39,1,40,0.1016,0.0,1179.6164019083983,,,,0,0.0,1,1984.3750000000007,1984.3750000000007,-0.0,317.5000000000001,65.88125000000002,0.0,,,297.11297566731787,1984.3750000000007,1905.000000000001,79.37500000000011,1984.3750000000007,0.0,1.0,0.0,0.0,0.1559648166232639,99.03765855577257,0.96,661.4583333333334,635.0,26.45833333333337,1.0,0.0,0.0,0.15596481662326392,99.03765855577264,0.96,661.4583333333337,635.0000000000003,26.45833333333337,1.0,0.0,0.0,0.1559648166232639,99.03765855577262,0.96,661.4583333333337,635.0000000000003,26.45833333333337,,,,704.5288012410804,1905.000000000001,1762.1250000000005,142.87499999999943,1905.0,9.094947017729282e-13,1.0,0,0,0.39981772078659583,234.84293374702682,0.925,635.0,587.3750000000002,47.62499999999977,1.0,0,0,0.39981772078659583,234.84293374702682,0.925,635.0,587.3750000000002,47.62499999999977,1.0,0.0,0.0,0.39981772078659583,234.84293374702676,0.925,635.0,587.3750000000001,47.624999999999886,0.0,0.0,0.0,0.08724817754776784,0.0,0.88,0.0,0.0,0.0,1.0,,,0.101,177.97462500000006,1762.1250000000005,1762.1250000000005,0.0,54.625875000000015,0.0,,,222.25000000000045,0.0,95.5675000000002,3.0,1179.6164019083983,0.0,-0.0,0.0,119.84902643389326
40,1,41,0.1016,0.0,1179.6164019083985,,,,0,0.0,1,1984.3750000000007,1984.3750000000007,-0.0,317.5000000000001,65.88125000000002,0.0,,,297.112975667318,1984.3750000000007,1905.000000000001,79.37500000000011,1984.3750000000007,0.0,1.0,0.0,0.0,0.1559648166232639,99.03765855577257,0.96,661.4583333333334,635.0,26.45833333333337,1.0,0.0,0.0,0.15596481662326392,99.03765855577264,0.96,661.4583333333337,635.0000000000003,26.45833333333337,1.0,0.0,0.0,0.1559648166232639,99.03765855577262,0.96,661.4583333333337,635.0000000000003,26.45833333333337,,,,704.5288012410805,1905.000000000001,1762.1250000000007,142.87499999999932,1905.0,9.094947017729282e-13,1.0,0,0,0.39981772078659583,234.84293374702682,0.925,635.0,587.3750000000002,47.62499999999977,1.0,0,0,0.39981772078659583,234.84293374702682,0.925,635.0,587.3750000000002,47.62499999999977,1.0,0.0,0.0,0.39981772078659583,234.84293374702682,0.925,635.0,587.3750000000002,47.62499999999977,0.0,0.0,0.0,0.08724817754776784,0.0,0.88,0.0,0.0,0.0,1.0,,,0.101,177.9746250000001,1762.1250000000007,1762.1250000000007,0.0,54.62587500000002,0.0,,,222.25000000000034,-2.842170943040401e-14,95.56750000000015,3.0,1179.6164019083985,0.0,-0.0,0.0,119.84902643389329
41,1,42,0.15246,0.0,590.7995931478232,,,,0,0.0,1,1083.3344683755713,1083.3344683755713,-0.0,173.33351494009142,35.966704350068966,0.0,,,169.29490558236728,1083.3344683755713,1040.0010896405483,43.333378735022904,1083.3344683755713,0.0,1.0,0.0,0.0,0.1559648166232639,99.03765855577257,0.96,661.4583333333334,635.0,26.45833333333337,1.0,0.0,0.0,0.17347421728902124,70.25724702659485,0.96,421.8761350422379,405.00108964054834,16.875045401689533,0.0,0.0,1.0,0.2709999999999999,0.0,0.96,0.0,0.0,-0.0,,,,325.55457751176056,1040.0010896405483,950.0010896405483,89.99999999999909,1040.0010896405474,9.094947017729282e-13,1.0,0,0,0.3426886359951279,162.77728886618402,0.9134616291619578,520.0005450093136,475.00054500931356,45.0,1.0,0,0,0.34268863580345615,162.77728864557653,0.9134616290990396,520.0005446312339,475.0005446312348,44.99999999999909,0.0,0.0,1.0,0.08724817754776784,0.0,0.88,0.0,0.0,0.0,0.0,0.0,0.0,0.08724817754776784,0.0,0.88,0.0,0.0,0.0,1.0,,,0.101,95.95011005369538,950.0010896405483,950.0010896405483,0.0,29.450033778856998,0.0,,,133.3333787350229,-1.4210854715202004e-14,57.33335285605985,2.0,590.7995931478232,0.0,0.0,0.0,90.07330597131713
42,1,43,0.15246,0.0,590.7995931478232,,,,0,0.0,1,1083.3344683755713,1083.3344683755713,-0.0,173.33351494009142,35.966704350068966,0.0,,,169.29490558236728,1083.3344683755713,1040.0010896405483,43.333378735022904,1083.3344683755713,0.0,1.0,0.0,0.0,0.1559648166232639,99.03765855577257,0.96,661.4583333333334,635.0,26.45833333333337,1.0,0.0,0.0,0.17347421728902124,70.25724702659485,0.96,421.8761350422379,405.00108964054834,16.875045401689533,0.0,0.0,0.0,0.271,0.0,0.96,0.0,0.0,-0.0,,,,325.55457751176056,1040.0010896405483,950.0010896405483,89.99999999999909,1040.0010896405474,9.094947017729282e-13,1.0,0,0,0.3426886359951279,162.77728886618402,0.9134616291619578,520.0005450093136,475.00054500931356,45.0,1.0,0,0,0.34268863580345615,162.77728864557653,0.9134616290990396,520.0005446312339,475.0005446312348,44.99999999999909,0.0,0.0,0.0,0.08724817754776787,0.0,0.8800000000000001,0.0,0.0,0.0,0.0,0.0,0.0,0.08724817754776784,0.0,0.88,0.0,0.0,0.0,1.0,,,0.101,95.95011005369538,950.0010896405483,950.0010896405483,0.0,29.450033778856998,0.0,,,133.3333787350229,-1.4210854715202004e-14,57.33335285605985,2.0,590.7995931478232,0.0,0.0,0.0,90.07330597131713
43,1,44,0.15246,0.0,590.7995931478232,,,,0,0.0,1,1083.3344683755713,1083.3344683755713,-0.0,173.33351494009142,35.966704350068966,0.0,,,169.29490558236728,1083.3344683755713,1040.0010896405483,43.333378735022904,1083.3344683755713,0.0,1.0,0.0,0.0,0.1559648166232639,99.03765855577257,0.96,661.4583333333334,635.0,26.45833333333337,1.0,0.0,0.0,0.17347421728902124,70.25724702659485,0.96,421.8761350422379,405.00108964054834,16.875045401689533,0.0,0.0,0.0,0.27099999999999996,0.0,0.96,0.0,0.0,-0.0,,,,325.55457751176056,1040.0010896405483,950.0010896405483,89.99999999999909,1040.0010896405474,9.094947017729282e-13,1.0,0,0,0.3426886359951279,162.77728886618402,0.9134616291619578,520.0005450093136,475.00054500931356,45.0,1.0,0,0,0.34268863580345615,162.77728864557653,0.9134616290990396,520.0005446312339,475.0005446312348,44.99999999999909,0.0,0.0,0.0,0.08724817754776787,0.0,0.8800000000000001,0.0,0.0,0.0,0.0,0.0,0.0,0.08724817754776784,0.0,0.88,0.0,0.0,0.0,1.0,,,0.101,95.95011005369538,950.0010896405483,950.0010896405483,0.0,29.450033778856998,0.0,,,133.3333787350229,-1.4210854715202004e-14,57.33335285605985,2.0,590.7995931478232,0.0,0.0,0.0,90.07330597131713
44,1,45,0.15246,0.0,590.7995931478232,,,,0,0.0,1,1083.3344683755713,1083.3344683755713,-0.0,173.33351494009142,35.966704350068966,0.0,,,169.29490558236728,1083.3344683755713,1040.0010896405483,43.333378735022904,1083.3344683755713,0.0,1.0,0.0,0.0,0.1559648166232639,99.03765855577257,0.96,661.4583333333334,635.0,26.45833333333337,1.0,0.0,0.0,0.17347421728902124,70.25724702659485,0.96,421.8761350422379,405.00108964054834,16.875045401689533,0.0,0.0,0.0,0.271,0.0,0.96,0.0,0.0,-0.0,,,,325.55457751176056,1040.0010896405483,950.0010896405483,89.99999999999909,1040.0010896405474,9.094947017729282e-13,1.0,0,0,0.3426886359951279,162.77728886618402,0.9134616291619578,520.0005450093136,475.00054500931356,45.0,1.0,0,0,0.34268863580345615,162.77728864557653,0.9134616290990396,520.0005446312339,475.0005446312348,44.99999999999909,0.0,0.0,0.0,0.08724817754776787,0.0,0.8800000000000001,0.0,0.0,0.0,0.0,0.0,0.0,0.08724817754776784,0.0,0.88,0.0,0.0,0.0,1.0,,,0.101,95.95011005369538,950.0010896405483,950.0010896405483,0.0,29.450033778856998,0.0,,,133.3333787350229,-1.4210854715202004e-14,57.33335285605985,2.0,590.7995931478232,0.0,0.0,0.0,90.07330597131713
45,1,46,0.15246,0.0,590.7995931478233,,,,0,0.0,1,1083.3344683755713,1083.3344683755713,-0.0,173.33351494009142,35.966704350068966,0.0,,,169.29490558236733,1083.3344683755713,1040.0010896405483,43.333378735022904,1083.3344683755713,0.0,1.0,0.0,0.0,0.1559648166232639,99.03765855577257,0.96,661.4583333333334,635.0,26.45833333333337,1.0,0.0,0.0,0.17347421728902124,70.25724702659485,0.96,421.8761350422379,405.00108964054834,16.875045401689533,0.0,0.0,0.0,0.2709999999999997,0.0,0.96,0.0,0.0,-0.0,,,,325.5545775117606,1040.0010896405483,950.0010896405483,89.99999999999903,1040.0010896405474,9.094947017729282e-13,1.0,0,0,0.3426886359951279,162.77728886618402,0.9134616291619578,520.0005450093136,475.00054500931356,45.0,1.0,0,0,0.3426886358034562,162.7772886455766,0.9134616290990398,520.0005446312339,475.00054463123485,44.999999999999034,0.0,0.0,0.0,0.08724817754776787,0.0,0.8800000000000001,0.0,0.0,0.0,0.0,0.0,0.0,0.08724817754776787,0.0,0.8800000000000001,0.0,0.0,0.0,1.0,,,0.101,95.95011005369538,950.0010896405483,950.0010896405483,0.0,29.450033778856998,0.0,,,133.33337873502285,-1.4210854715202004e-14,57.333352856059825,2.0,590.7995931478233,0.0,0.0,0.0,90.07330597131715
46,1,47,0.1016,0.0,1179.616401908398,,,,0,0.0,1,1984.375,1984.375,-0.0,317.5,65.88125,0.0,,,297.11297566731787,1984.375,1905.0,79.37500000000011,1984.375,0.0,1.0,0.0,0.0,0.1559648166232639,99.03765855577257,0.96,661.4583333333334,635.0,26.45833333333337,1.0,0.0,0.0,0.15596481662326392,99.0376585557726,0.96,661.4583333333334,635.0,26.45833333333337,1.0,1.0,0.0,0.1559648166232639,99.03765855577257,0.96,661.4583333333334,635.0,26.45833333333337,,,,704.5288012410803,1905.0,1762.1250000000002,142.87499999999966,1905.0,-0.0,1.0,0,0,0.39981772078659583,234.84293374702673,0.925,635.0,587.375,47.625,1.0,0,0,0.39981772078659583,234.84293374702676,0.925,635.0,587.3750000000001,47.624999999999886,1.0,1.0,0.0,0.39981772078659583,234.84293374702682,0.9250000000000004,635.0,587.3750000000002,47.62499999999977,0.0,0.0,0.0,0.08724817754776784,0.0,0.88,0.0,0.0,0.0,1.0,,,0.101,177.97462500000003,1762.1250000000002,1762.1250000000002,0.0,54.62587500000001,0.0,,,222.24999999999977,-8.526512829121202e-14,95.5674999999999,3.0,1179.616401908398,0.0,-0.0,0.0,119.84902643389324
47,1,48,0.1016,0.0,1179.6164019083983,,,,0,0.0,1,1984.375,1984.375,-0.0,317.5,65.88125,0.0,,,297.112975667318,1984.375,1905.0,79.37500000000011,1984.375,0.0,1.0,0.0,0.0,0.1559648166232639,99.03765855577257,0.96,661.4583333333334,635.0,26.45833333333337,1.0,0.0,0.0,0.15596481662326392,99.0376585557726,0.96,661.4583333333334,635.0,26.45833333333337,1.0,0.0,0.0,0.1559648166232639,99.03765855577257,0.96,661.4583333333334,635.0,26.45833333333337,,,,704.5288012410803,1905.0,1762.125,142.87499999999977,1905.0,-0.0,1.0,0,0,0.39981772078659583,234.84293374702673,0.925,635.0,587.375,47.625,1.0,0,0,0.39981772078659583,234.84293374702676,0.925,635.0,587.3750000000001,47.624999999999886,1.0,0.0,0.0,0.39981772078659583,234.84293374702676,0.9250000000000002,635.0,587.3750000000001,47.624999999999886,0.0,0.0,0.0,0.08724817754776784,0.0,0.88,0.0,0.0,0.0,1.0,,,0.101,177.974625,1762.125,1762.125,0.0,54.625875,0.0,,,222.2499999999999,5.684341886080802e-14,95.56749999999995,3.0,1179.6164019083983,0.0,-0.0,0.0,119.84902643389326
48,1,49,0.1016,0.0,1179.6164019083983,,,,0,0.0,1,1984.375,1984.375,-0.0,317.5,65.88125,0.0,,,297.112975667318,1984.375,1905.0,79.37500000000011,1984.375,0.0,1.0,0.0,0.0,0.1559648166232639,99.03765855577257,0.96,661.4583333333334,635.0,26.45833333333337,1.0,0.0,0.0,0.15596481662326392,99.0376585557726,0.96,661.4583333333334,635.0,26.45833333333337,1.0,0.0,0.0,0.1559648166232639,99.03765855577257,0.96,661.4583333333334,635.0,26.45833333333337,,,,704.5288012410803,1905.0,1762.125,142.87499999999977,1905.0,-0.0,1.0,0,0,0.39981772078659583,234.84293374702673,0.925,635.0,587.375,47.625,1.0,0,0,0.39981772078659583,234.84293374702676,0.925,635.0,587.3750000000001,47.624999999999886,1.0,0.0,0.0,0.39981772078659583,234.84293374702676,0.925,635.0,587.3750000000001,47.624999999999886,0.0,0.0,0.0,0.08724817754776784,0.0,0.88,0.0,0.0,0.0,1.0,,,0.101,177.974625,1762.125,1762.125,0.0,54.625875,0.0,,,222.2499999999999,5.684341886080802e-14,95.56749999999995,3.0,1179.6164019083983,0.0,-0.0,0.0,119.84902643389326
49,1,50,0.1016,0.0,1179.6164019083983,,,,0,0.0,1,1984.375,1984.375,-0.0,317.5,65.88125,0.0,,,297.112975667318,1984.375,1905.0,79.37500000000011,1984.375,0.0,1.0,0.0,0.0,0.1559648166232639,99.03765855577257,0.96,661.4583333333334,635.0,26.45833333333337,1.0,0.0,0.0,0.15596481662326392,99.0376585557726,0.96,661.4583333333334,635.0,26.45833333333337,1.0,0.0,0.0,0.1559648166232639,99.03765855577257,0.96,661.4583333333334,635.0,26.45833333333337,,,,704.5288012410803,1905.0,1762.125,142.87499999999977,1905.0,-0.0,1.0,0,0,0.39981772078659583,234.84293374702673,0.925,635.0,587.375,47.625,1.0,0,0,0.39981772078659583,234.84293374702676,0.925,635.0,587.3750000000001,47.624999999999886,1.0,0.0,0.0,0.39981772078659583,234.84293374702676,0.925,635.0,587.3750000000001,47.624999999999886,0.0,0.0,0.0,0.08724817754776787,0.0,0.8800000000000001,0.0,0.0,0.0,1.0,,,0.101,177.974625,1762.125,1762.125,0.0,54.625875,0.0,,,222.2499999999999,5.684341886080802e-14,95.56749999999995,3.0,1179.6164019083983,0.0,-0.0,0.0,119.84902643389326
50,1,51,0.1016,0.0,1179.6164019083983,,,,0,0.0,1,1984.375,1984.375,-0.0,317.5,65.88125,0.0,,,297.112975667318,1984.375,1905.0,79.37500000000011,1984.375,0.0,1.0,0.0,0.0,0.1559648166232639,99.03765855577257,0.96,661.4583333333334,635.0,26.45833333333337,1.0,0.0,0.0,0.15596481662326392,99.0376585557726,0.96,661.4583333333334,635.0,26.45833333333337,1.0,0.0,0.0,0.1559648166232639,99.03765855577257,0.96,661.4583333333334,635.0,26.45833333333337,,,,704.5288012410803,1905.0,1762.125,142.87499999999977,1905.0,-0.0,1.0,0,0,0.39981772078659583,234.84293374702673,0.925,635.0,587.375,47.625,1.0,0,0,0.39981772078659583,234.84293374702676,0.925,635.0,587.3750000000001,47.624999999999886,1.0,0.0,0.0,0.39981772078659583,234.84293374702676,0.925,635.0,587.3750000000001,47.624999999999886,0.0,0.0,0.0,0.08724817754776787,0.0,0.8800000000000001,0.0,0.0,0.0,1.0,,,0.101,177.974625,1762.125,1762.125,0.0,54.625875,0.0,,,222.2499999999999,5.684341886080802e-14,95.56749999999995,3.0,1179.6164019083983,0.0,-0.0,0.0,119.84902643389326
51,1,52,0.1016,0.0,1179.6164019083983,,,,0,0.0,1,1984.375,1984.375,-0.0,317.5,65.88125,0.0,,,297.112975667318,1984.375,1905.0,79.37500000000011,1984.375,0.0,1.0,0.0,0.0,0.1559648166232639,99.03765855577257,0.96,661.4583333333334,635.0,26.45833333333337,1.0,0.0,0.0,0.15596481662326392,99.0376585557726,0.96,661.4583333333334,635.0,26.45833333333337,1.0,0.0,0.0,0.1559648166232639,99.03765855577257,0.96,661.4583333333334,635.0,26.45833333333337,,,,704.5288012410803,1905.0,1762.125,142.87499999999977,1905.0,-0.0,1.0,0,0,0.39981772078659583,234.84293374702673,0.925,635.0,587.375,47.625,1.0,0,0,0.39981772078659583,234.84293374702676,0.925,635.0,587.3750000000001,47.624999999999886,1.0,0.0,0.0,0.39981772078659583,234.84293374702676,0.925,635.0,587.3750000000001,47.624999999999886,0.0,0.0,0.0,0.08724817754776787,0.0,0.8800000000000001,0.0,0.0,0.0,1.0,,,0.101,177.974625,1762.125,1762.125,0.0,54.625875,0.0,,,222.2499999999999,5.684341886080802e-14,95.56749999999995,3.0,1179.6164019083983,0.0,-0.0,0.0,119.84902643389326
52,1,53,0.1016,0.0,1179.6164019083983,,,,0,0.0,1,1984.375,1984.375,-0.0,317.5,65.88125,0.0,,,297.112975667318,1984.375,1905.0,79.37500000000011,1984.375,0.0,1.0,0.0,0.0,0.1559648166232639,99.03765855577257,0.96,661.4583333333334,635.0,26.45833333333337,1.0,0.0,0.0,0.15596481662326392,99.0376585557726,0.96,661.4583333333334,635.0,26.45833333333337,1.0,0.0,0.0,0.1559648166232639,99.03765855577257,0.96,661.4583333333334,635.0,26.45833333333337,,,,704.5288012410803,1905.0,1762.125,142.87499999999977,1905.0,-0.0,1.0,0,0,0.39981772078659583,234.84293374702673,0.925,635.0,587.375,47.625,1.0,0,0,0.39981772078659583,234.84293374702676,0.925,635.0,587.3750000000001,47.624999999999886,1.0,0.0,0.0,0.39981772078659583,234.84293374702676,0.925,635.0,587.3750000000001,47.624999999999886,0.0,0.0,0.0,0.08724817754776787,0.0,0.8800000000000001,0.0,0.0,0.0,1.0,,,0.101,177.974625,1762.125,1762.125,0.0,54.625875,0.0,,,222.2499999999999,5.684341886080802e-14,95.56749999999995,3.0,1179.6164019083983,0.0,-0.0,0.0,119.84902643389326
53,1,54,0.1016,0.0,1179.6164019083983,,,,0,0.0,1,1984.375,1984.375,-0.0,317.5,65.88125,0.0,,,297.112975667318,1984.375,1905.0,79.37500000000011,1984.375,0.0,1.0,0.0,0.0,0.1559648166232639,99.03765855577257,0.96,661.4583333333334,635.0,26.45833333333337,1.0,0.0,0.0,0.15596481662326392,99.0376585557726,0.96,661.4583333333334,635.0,26.45833333333337,1.0,0.0,0.0,0.1559648166232639,99.03765855577257,0.96,661.4583333333334,635.0,26.45833333333337,,,,704.5288012410803,1905.0,1762.125,142.87499999999977,1905.0,-0.0,1.0,0,0,0.39981772078659583,234.84293374702673,0.925,635.0,587.375,47.625,1.0,0,0,0.39981772078659583,234.84293374702676,0.925,635.0,587.3750000000001,47.624999999999886,1.0,0.0,0.0,0.39981772078659583,234.84293374702676,0.925,635.0,587.3750000000001,47.624999999999886,0.0,0.0,0.0,0.08724817754776787,0.0,0.8800000000000001,0.0,0.0,0.0,1.0,,,0.101,177.974625,1762.125,1762.125,0.0,54.625875,0.0,,,222.2499999999999,5.684341886080802e-14,95.56749999999995,3.0,1179.6164019083983,0.0,-0.0,0.0,119.84902643389326
54,1,55,0.1016,0.0,1179.6164019083983,,,,0,0.0,1,1984.375,1984.375,-0.0,317.5,65.88125,0.0,,,297.112975667318,1984.375,1905.0,79.37500000000011,1984.375,0.0,1.0,0.0,0.0,0.1559648166232639,99.03765855577257,0.96,661.4583333333334,635.0,26.45833333333337,1.0,0.0,0.0,0.15596481662326392,99.0376585557726,0.96,661.4583333333334,635.0,26.45833333333337,1.0,0.0,0.0,0.1559648166232639,99.03765855577257,0.96,661.4583333333334,635.0,26.45833333333337,,,,704.5288012410803,1905.0,1762.125,142.87499999999977,1905.0,-0.0,1.0,0,0,0.39981772078659583,234.84293374702673,0.925,635.0,587.375,47.625,1.0,0,0,0.39981772078659583,234.84293374702676,0.925,635.0,587.3750000000001,47.624999999999886,1.0,0.0,0.0,0.39981772078659583,234.84293374702676,0.925,635.0,587.3750000000001,47.624999999999886,0.0,0.0,0.0,0.08724817754776784,0.0,0.88,0.0,0.0,0.0,1.0,,,0.101,177.974625,1762.125,1762.125,0.0,54.625875,0.0,,,222.2499999999999,5.684341886080802e-14,95.56749999999995,3.0,1179.6164019083983,0.0,-0.0,0.0,119.84902643389326
55,1,56,0.1016,0.0,1179.6164019083983,,,,0,0.0,1,1984.375,1984.375,-0.0,317.5,65.88125,0.0,,,297.112975667318,1984.375,1905.0,79.37500000000011,1984.375,0.0,1.0,0.0,0.0,0.1559648166232639,99.03765855577257,0.96,661.4583333333334,635.0,26.45833333333337,1.0,0.0,0.0,0.15596481662326392,99.0376585557726,0.96,661.4583333333334,635.0,26.45833333333337,1.0,0.0,0.0,0.1559648166232639,99.03765855577257,0.96,661.4583333333334,635.0,26.45833333333337,,,,704.5288012410803,1905.0,1762.125,142.87499999999977,1905.0,-0.0,1.0,0,0,0.39981772078659583,234.84293374702673,0.925,635.0,587.375,47.625,1.0,0,0,0.39981772078659583,234.84293374702676,0.925,635.0,587.3750000000001,47.624999999999886,1.0,0.0,0.0,0.39981772078659583,234.84293374702676,0.925,635.0,587.3750000000001,47.624999999999886,0.0,0.0,0.0,0.08724817754776784,0.0,0.88,0.0,0.0,0.0,1.0,,,0.101,177.974625,1762.125,1762.125,0.0,54.625875,0.0,,,222.2499999999999,5.684341886080802e-14,95.56749999999995,3.0,1179.6164019083983,0.0,-0.0,0.0,119.84902643389326
56,1,57,0.1016,0.0,1179.6164019083983,,,,0,0.0,1,1984.375,1984.375,-0.0,317.5,65.88125,0.0,,,297.112975667318,1984.375,1905.0,79.37500000000011,1984.375,0.0,1.0,0.0,0.0,0.1559648166232639,99.03765855577257,0.96,661.4583333333334,635.0,26.45833333333337,1.0,0.0,0.0,0.15596481662326392,99.0376585557726,0.96,661.4583333333334,635.0,26.45833333333337,1.0,0.0,0.0,0.1559648166232639,99.03765855577257,0.96,661.4583333333334,635.0,26.45833333333337,,,,704.5288012410803,1905.0,1762.125,142.87499999999977,1905.0,-0.0,1.0,0,0,0.39981772078659583,234.84293374702673,0.925,635.0,587.375,47.625,1.0,0,0,0.39981772078659583,234.84293374702676,0.925,635.0,587.3750000000001,47.624999999999886,1.0,0.0,0.0,0.39981772078659583,234.84293374702676,0.925,635.0,587.3750000000001,47.624999999999886,0.0,0.0,0.0,0.08724817754776787,0.0,0.8800000000000001,0.0,0.0,0.0,1.0,,,0.101,177.974625,1762.125,1762.125,0.0,54.625875,0.0,,,222.2499999999999,5.684341886080802e-14,95.56749999999995,3.0,1179.6164019083983,0.0,-0.0,0.0,119.84902643389326
57,1,58,0.1016,0.0,1179.6164019083983,,,,0,0.0,1,1984.375,1984.375,-0.0,317.5,65.88125,0.0,,,297.112975667318,1984.375,1905.0,79.37500000000011,1984.375,0.0,1.0,0.0,0.0,0.1559648166232639,99.03765855577257,0.96,661.4583333333334,635.0,26.45833333333337,1.0,0.0,0.0,0.15596481662326392,99.0376585557726,0.96,661.4583333333334,635.0,26.45833333333337,1.0,0.0,0.0,0.1559648166232639,99.03765855577257,0.96,661.4583333333334,635.0,26.45833333333337,,,,704.5288012410803,1905.0,1762.125,142.87499999999977,1905.0,-0.0,1.0,0,0,0.39981772078659583,234.84293374702673,0.925,635.0,587.375,47.625,1.0,0,0,0.39981772078659583,234.84293374702676,0.925,635.0,587.3750000000001,47.624999999999886,1.0,0.0,0.0,0.39981772078659583,234.84293374702676,0.925,635.0,587.3750000000001,47.624999999999886,0.0,0.0,0.0,0.08724817754776787,0.0,0.8800000000000001,0.0,0.0,0.0,1.0,,,0.101,177.974625,1762.125,1762.125,0.0,54.625875,0.0,,,222.2499999999999,5.684341886080802e-14,95.56749999999995,3.0,1179.6164019083983,0.0,-0.0,0.0,119.84902643389326
58,1,59,0.1016,0.0,1179.6164019083983,,,,0,0.0,1,1984.375,1984.375,-0.0,317.5,65.88125,0.0,,,297.112975667318,1984.375,1905.0,79.37500000000011,1984.375,0.0,1.0,0.0,0.0,0.1559648166232639,99.03765855577257,0.96,661.4583333333334,635.0,26.45833333333337,1.0,0.0,0.0,0.15596481662326392,99.0376585557726,0.96,661.4583333333334,635.0,26.45833333333337,1.0,0.0,0.0,0.1559648166232639,99.03765855577257,0.96,661.4583333333334,635.0,26.45833333333337,,,,704.5288012410803,1905.0,1762.125,142.87499999999977,1905.0,-0.0,1.0,0,0,0.39981772078659583,234.84293374702673,0.925,635.0,587.375,47.625,1.0,0,0,0.39981772078659583,234.84293374702676,0.925,635.0,587.3750000000001,47.624999999999886,1.0,0.0,0.0,0.39981772078659583,234.84293374702676,0.925,635.0,587.3750000000001,47.624999999999886,0.0,0.0,0.0,0.08724817754776787,0.0,0.8800000000000001,0.0,0.0,0.0,1.0,,,0.101,177.974625,1762.125,1762.125,0.0,54.625875,0.0,,,222.2499999999999,5.684341886080802e-14,95.56749999999995,3.0,1179.6164019083983,0.0,-0.0,0.0,119.84902643389326
59,1,60,0.1016,0.0,1179.6164019083983,,,,0,0.0,1,1984.375,1984.375,-0.0,317.5,65.88125,0.0,,,297.112975667318,1984.375,1905.0,79.37500000000011,1984.375,0.0,1.0,0.0,0.0,0.1559648166232639,99.03765855577257,0.96,661.4583333333334,635.0,26.45833333333337,1.0,0.0,0.0,0.15596481662326392,99.0376585557726,0.96,661.4583333333334,635.0,26.45833333333337,1.0,0.0,0.0,0.1559648166232639,99.03765855577257,0.96,661.4583333333334,635.0,26.45833333333337,,,,704.5288012410803,1905.0,1762.125,142.87499999999977,1905.0,-0.0,1.0,0,0,0.39981772078659583,234.84293374702673,0.925,635.0,587.375,47.625,1.0,0,0,0.39981772078659583,234.84293374702676,0.925,635.0,587.3750000000001,47.624999999999886,1.0,0.0,0.0,0.39981772078659583,234.84293374702676,0.925,635.0,587.3750000000001,47.624999999999886,0.0,0.0,0.0,0.08724817754776787,0.0,0.8800000000000001,0.0,0.0,0.0,1.0,,,0.101,177.974625,1762.125,1762.125,0.0,54.625875,0.0,,,222.2499999999999,5.684341886080802e-14,95.56749999999995,3.0,1179.6164019083983,0.0,-0.0,0.0,119.84902643389326
60,1,61,0.1016,0.0,1179.6164019083983,,,,0,0.0,1,1984.375,1984.375,-0.0,317.5,65.88125,0.0,,,297.112975667318,1984.375,1905.0,79.37500000000011,1984.375,0.0,1.0,0.0,0.0,0.1559648166232639,99.03765855577257,0.96,661.4583333333334,635.0,26.45833333333337,1.0,0.0,0.0,0.15596481662326392,99.0376585557726,0.96,661.4583333333334,635.0,26.45833333333337,1.0,0.0,0.0,0.1559648166232639,99.03765855577257,0.96,661.4583333333334,635.0,26.45833333333337,,,,704.5288012410803,1905.0,1762.125,142.87499999999977,1905.0,-0.0,1.0,0,0,0.39981772078659583,234.84293374702673,0.925,635.0,587.375,47.625,1.0,0,0,0.39981772078659583,234.84293374702676,0.925,635.0,587.3750000000001,47.624999999999886,1.0,0.0,0.0,0.39981772078659583,234.84293374702676,0.925,635.0,587.3750000000001,47.624999999999886,0.0,0.0,0.0,0.08724817754776787,0.0,0.8800000000000001,0.0,0.0,0.0,1.0,,,0.101,177.974625,1762.125,1762.125,0.0,54.625875,0.0,,,222.2499999999999,5.684341886080802e-14,95.56749999999995,3.0,1179.6164019083983,0.0,-0.0,0.0,119.84902643389326
61,1,62,0.1016,0.0,1179.6164019083983,,,,0,0.0,1,1984.375,1984.375,-0.0,317.5,65.88125,0.0,,,297.112975667318,1984.375,1905.0,79.37500000000011,1984.375,0.0,1.0,0.0,0.0,0.1559648166232639,99.03765855577257,0.96,661.4583333333334,635.0,26.45833333333337,1.0,0.0,0.0,0.15596481662326392,99.0376585557726,0.96,661.4583333333334,635.0,26.45833333333337,1.0,0.0,0.0,0.1559648166232639,99.03765855577257,0.96,661.4583333333334,635.0,26.45833333333337,,,,704.5288012410803,1905.0,1762.125,142.87499999999977,1905.0,0.0,1.0,0,0,0.39981772078659583,234.84293374702673,0.9250000000000002,635.0,587.375,47.625,1.0,0,0,0.39981772078659583,234.84293374702676,0.925,635.0,587.3750000000001,47.624999999999886,1.0,0.0,0.0,0.39981772078659583,234.84293374702676,0.925,635.0,587.3750000000001,47.624999999999886,0.0,0.0,0.0,0.08724817754776787,0.0,0.8800000000000001,0.0,0.0,0.0,1.0,,,0.101,177.974625,1762.125,1762.125,0.0,54.625875,0.0,,,222.2499999999999,5.684341886080802e-14,95.56749999999995,3.0,1179.6164019083983,0.0,-0.0,0.0,119.84902643389326
62,1,63,0.1016,0.0,1179.6164019083983,,,,0,0.0,1,1984.375,1984.375,-0.0,317.5,65.88125,0.0,,,297.112975667318,1984.375,1905.0,79.37500000000011,1984.375,0.0,1.0,0.0,0.0,0.1559648166232639,99.03765855577257,0.96,661.4583333333334,635.0,26.45833333333337,1.0,0.0,0.0,0.15596481662326392,99.0376585557726,0.96,661.4583333333334,635.0,26.45833333333337,1.0,0.0,0.0,0.1559648166232639,99.03765855577257,0.96,661.4583333333334,635.0,26.45833333333337,,,,704.5288012410803,1905.0,1762.125,142.87499999999977,1905.0,0.0,1.0,0,0,0.39981772078659583,234.84293374702673,0.9250000000000002,635.0,587.375,47.625,1.0,0,0,0.39981772078659583,234.84293374702676,0.925,635.0,587.3750000000001,47.624999999999886,1.0,0.0,0.0,0.39981772078659583,234.84293374702676,0.925,635.0,587.3750000000001,47.624999999999886,0.0,0.0,0.0,0.08724817754776784,0.0,0.88,0.0,0.0,0.0,1.0,,,0.101,177.974625,1762.125,1762.125,0.0,54.625875,0.0,,,222.2499999999999,5.684341886080802e-14,95.56749999999995,3.0,1179.6164019083983,0.0,-0.0,0.0,119.84902643389326
63,1,64,0.1016,0.0,1179.6164019083983,,,,0,0.0,1,1984.375,1984.375,-0.0,317.5,65.88125,0.0,,,297.112975667318,1984.375,1905.0,79.37500000000011,1984.375,0.0,1.0,0.0,0.0,0.1559648166232639,99.03765855577257,0.96,661.4583333333334,635.0,26.45833333333337,1.0,0.0,0.0,0.15596481662326392,99.0376585557726,0.96,661.4583333333334,635.0,26.45833333333337,1.0,0.0,0.0,0.1559648166232639,99.03765855577257,0.96,661.4583333333334,635.0,26.45833333333337,,,,704.5288012410803,1905.0,1762.125,142.87499999999977,1905.0,-0.0,1.0,0,0,0.39981772078659583,234.84293374702673,0.925,635.0,587.375,47.625,1.0,0,0,0.39981772078659583,234.84293374702676,0.925,635.0,587.3750000000001,47.624999999999886,1.0,0.0,0.0,0.39981772078659583,234.84293374702676,0.925,635.0,587.3750000000001,47.624999999999886,0.0,0.0,0.0,0.08724817754776784,0.0,0.88,0.0,0.0,0.0,1.0,,,0.101,177.974625,1762.125,1762.125,0.0,54.625875,0.0,,,222.2499999999999,5.684341886080802e-14,95.56749999999995,3.0,1179.6164019083983,0.0,-0.0,0.0,119.84902643389326
64,1,65,0.1016,0.0,1179.6164019083983,,,,0,0.0,1,1984.375,1984.375,-0.0,317.5,65.88125,0.0,,,297.112975667318,1984.375,1905.0,79.37500000000011,1984.375,0.0,1.0,0.0,0.0,0.1559648166232639,99.03765855577257,0.96,661.4583333333334,635.0,26.45833333333337,1.0,0.0,0.0,0.15596481662326392,99.0376585557726,0.96,661.4583333333334,635.0,26.45833333333337,1.0,0.0,0.0,0.1559648166232639,99.03765855577257,0.96,661.4583333333334,635.0,26.45833333333337,,,,704.5288012410803,1905.0,1762.125,142.87499999999977,1905.0,-0.0,1.0,0,0,0.39981772078659583,234.84293374702673,0.925,635.0,587.375,47.625,1.0,0,0,0.39981772078659583,234.84293374702676,0.925,635.0,587.3750000000001,47.624999999999886,1.0,0.0,0.0,0.39981772078659583,234.84293374702676,0.925,635.0,587.3750000000001,47.624999999999886,0.0,0.0,0.0,0.08724817754776784,0.0,0.88,0.0,0.0,0.0,1.0,,,0.101,177.974625,1762.125,1762.125,0.0,54.625875,0.0,,,222.2499999999999,5.684341886080802e-14,95.56749999999995,3.0,1179.6164019083983,0.0,-0.0,0.0,119.84902643389326
65,1,66,0.15246,0.0,590.7987181870476,,,,0,0.0,1,1083.3333333333335,1083.3333333333335,-0.0,173.33333333333337,35.96666666666667,0.0,,,169.29477647569433,1083.3333333333335,1040.0,43.33333333333337,1083.3333333333335,0.0,1.0,0.0,0.0,0.1559648166232639,99.03765855577257,0.96,661.4583333333334,635.0,26.45833333333337,1.0,0.0,0.0,0.173474365234375,70.25711791992188,0.96,421.875,405.0,16.875,0.0,0.0,1.0,0.271,0.0,0.96,0.0,0.0,-0.0,,,,325.5539417113533,1040.0,950.0,90.0,1040.0,-0.0,1.0,0,0,0.34268835969616135,162.77697085567664,0.9134615384615384,520.0,475.0,45.0,1.0,0,0,0.34268835969616135,162.77697085567664,0.9134615384615384,520.0,475.0,45.0,0.0,0.0,1.0,0.08724817754776787,0.0,0.8800000000000001,0.0,0.0,0.0,0.0,0.0,0.0,0.08724817754776784,0.0,0.88,0.0,0.0,0.0,1.0,,,0.101,95.95,950.0,950.0,0.0,29.45,0.0,,,133.33333333333337,-1.4210854715202004e-14,57.33333333333335,2.0,590.7987181870476,0.0,0.0,0.0,90.07317257479728
66,1,67,0.15246,0.0,590.7980459605285,,,,0,0.0,1,1083.3333333333335,1083.3333333333335,-0.0,173.33333333333337,35.96666666666667,0.0,,,169.29477647569433,1083.3333333333335,1040.0,43.33333333333337,1083.3333333333335,0.0,1.0,0.0,0.0,0.1559648166232639,99.03765855577257,0.96,661.4583333333334,635.0,26.45833333333337,1.0,0.0,0.0,0.173474365234375,70.25711791992188,0.96,421.875,405.0,16.875,0.0,0.0,0.0,0.271,0.0,0.96,0.0,0.0,-0.0,,,,325.55338565019565,1040.0,949.9988498479058,90.00115015209423,1040.0,-0.0,1.0,0,0,0.34268801881655053,162.77641479451898,0.913459326630588,520.0,474.9988498479058,45.001150152094226,1.0,0,0,0.34268835969616135,162.77697085567664,0.9134615384615384,520.0,475.0,45.0,0.0,0.0,0.0,0.08724817754776784,0.0,0.88,0.0,0.0,0.0,0.0,0.0,0.0,0.08724817754776784,0.0,0.88,0.0,0.0,0.0,1.0,,,0.101,95.9498838346385,949.9988498479058,949.9988498479058,0.0,29.449964345285082,0.0,,,133.3344834854276,1.4210854715202004e-14,57.333827898733865,2.0,590.7980459605285,0.0,0.0,0.0,90.07307008714218
67,1,68,0.15246,0.0,590.7987181870476,,,,0,0.0,1,1083.3333333333335,1083.3333333333335,-0.0,173.33333333333337,35.96666666666667,0.0,,,169.29477647569433,1083.3333333333335,1040.0,43.33333333333337,1083.3333333333335,0.0,1.0,0.0,0.0,0.1559648166232639,99.03765855577257,0.96,661.4583333333334,635.0,26.45833333333337,1.0,0.0,0.0,0.173474365234375,70.25711791992188,0.96,421.875,405.0,16.875,0.0,0.0,0.0,0.271,0.0,0.96,0.0,0.0,-0.0,,,,325.5539417113533,1040.0,950.0,90.0,1040.0,-0.0,1.0,0,0,0.34268835969616135,162.77697085567664,0.9134615384615384,520.0,475.0,45.0,1.0,0,0,0.34268835969616135,162.77697085567664,0.9134615384615384,520.0,475.0,45.0,0.0,0.0,0.0,0.08724817754776787,0.0,0.8800000000000001,0.0,0.0,0.0,0.0,0.0,0.0,0.08724817754776784,0.0,0.88,0.0,0.0,0.0,1.0,,,0.101,95.95,950.0,950.0,0.0,29.45,0.0,,,133.33333333333337,-1.4210854715202004e-14,57.33333333333335,2.0,590.7987181870476,0.0,0.0,0.0,90.07317257479728
68,1,69,0.15246,0.0,590.7987181870476,,,,0,0.0,1,1083.3333333333335,1083.3333333333335,-0.0,173.33333333333337,35.96666666666667,0.0,,,169.29477647569433,1083.3333333333335,1040.0,43.33333333333337,1083.3333333333335,0.0,1.0,0.0,0.0,0.1559648166232639,99.03765855577257,0.96,661.4583333333334,635.0,26.45833333333337,1.0,0.0,0.0,0.173474365234375,70.25711791992188,0.96,421.875,405.0,16.875,0.0,0.0,0.0,0.271,0.0,0.96,0.0,0.0,-0.0,,,,325.5539417113533,1040.0,950.0,90.0,1040.0,-0.0,1.0,0,0,0.34268835969616135,162.77697085567664,0.9134615384615384,520.0,475.0,45.0,1.0,0,0,0.34268835969616135,162.77697085567664,0.9134615384615384,520.0,475.0,45.0,0.0,0.0,0.0,0.08724817754776787,0.0,0.8800000000000001,0.0,0.0,0.0,0.0,0.0,0.0,0.08724817754776784,0.0,0.88,0.0,0.0,0.0,1.0,,,0.101,95.95,950.0,950.0,0.0,29.45,0.0,,,133.33333333333337,-1.4210854715202004e-14,57.33333333333335,2.0,590.7987181870476,0.0,0.0,0.0,90.07317257479728
69,1,70,0.15246,0.0,590.7987181870476,,,,0,0.0,1,1083.3333333333335,1083.3333333333335,-0.0,173.33333333333337,35.96666666666667,0.0,,,169.29477647569433,1083.3333333333335,1040.0,43.33333333333337,1083.3333333333335,0.0,1.0,0.0,0.0,0.1559648166232639,99.03765855577257,0.96,661.4583333333334,635.0,26.45833333333337,1.0,0.0,0.0,0.173474365234375,70.25711791992188,0.96,421.875,405.0,16.875,0.0,0.0,0.0,0.2710000000000003,0.0,0.96,0.0,0.0,-0.0,,,,325.5539417113533,1040.0,950.0,90.0,1040.0,-0.0,1.0,0,0,0.34268835969616135,162.77697085567664,0.9134615384615384,520.0,475.0,45.0,1.0,0,0,0.34268835969616135,162.77697085567664,0.9134615384615384,520.0,475.0,45.0,0.0,0.0,0.0,0.08724817754776787,0.0,0.8800000000000001,0.0,0.0,0.0,0.0,0.0,0.0,0.08724817754776787,0.0,0.8800000000000001,0.0,0.0,0.0,1.0,,,0.101,95.95,950.0,950.0,0.0,29.45,0.0,,,133.33333333333337,-1.4210854715202004e-14,57.33333333333335,2.0,590.7987181870476,0.0,0.0,0.0,90.07317257479728
70,1,71,0.1016,0.0,1179.6164019083978,,,,0,0.0,1,1984.3749999999998,1984.3749999999998,-0.0,317.49999999999994,65.88125,0.0,,,297.11297566731776,1984.3749999999998,1905.0,79.37500000000011,1984.3749999999998,0.0,1.0,0.0,0.0,0.1559648166232639,99.03765855577257,0.96,661.4583333333334,635.0,26.45833333333337,1.0,0.0,0.0,0.15596481662326392,99.03765855577257,0.96,661.4583333333333,634.9999999999999,26.45833333333337,1.0,1.0,0.0,0.15596481662326392,99.03765855577257,0.96,661.4583333333333,634.9999999999999,26.45833333333337,,,,704.5288012410801,1905.0,1762.125,142.875,1905.0,-0.0,1.0,0,0,0.39981772078659583,234.84293374702673,0.925,635.0,587.375,47.625,1.0,0,0,0.39981772078659583,234.84293374702673,0.925,635.0,587.375,47.625,1.0,1.0,0.0,0.39981772078659583,234.84293374702673,0.9249999999999999,635.0,587.375,47.625,0.0,0.0,0.0,0.08724817754776787,0.0,0.8800000000000001,0.0,0.0,0.0,1.0,,,0.101,177.974625,1762.125,1762.125,0.0,54.625875,0.0,,,222.2500000000001,-5.684341886080802e-14,95.56750000000005,3.0,1179.6164019083978,0.0,-0.0,0.0,119.84902643389321
71,1,72,0.1016,0.0,1179.6164019083978,,,,0,0.0,1,1984.3749999999998,1984.3749999999998,-0.0,317.49999999999994,65.88125,0.0,,,297.11297566731776,1984.3749999999998,1905.0,79.37500000000011,1984.3749999999998,0.0,1.0,0.0,0.0,0.1559648166232639,99.03765855577257,0.96,661.4583333333334,635.0,26.45833333333337,1.0,0.0,0.0,0.15596481662326392,99.03765855577257,0.96,661.4583333333333,634.9999999999999,26.45833333333337,1.0,0.0,0.0,0.15596481662326392,99.03765855577257,0.96,661.4583333333333,634.9999999999999,26.45833333333337,,,,704.5288012410801,1905.0,1762.125,142.8750000000001,1905.0,0.0,1.0,0,0,0.39981772078659583,234.84293374702673,0.925,635.0,587.375,47.625,1.0,0,0,0.39981772078659583,234.84293374702673,0.925,635.0,587.375,47.625,1.0,0.0,0.0,0.39981772078659583,234.84293374702668,0.925,635.0,587.3749999999999,47.625000000000114,0.0,0.0,0.0,0.08724817754776787,0.0,0.8800000000000001,0.0,0.0,0.0,1.0,,,0.101,177.974625,1762.125,1762.125,0.0,54.625875,0.0,,,222.25000000000023,-5.684341886080802e-14,95.5675000000001,3.0,1179.6164019083978,0.0,-0.0,0.0,119.84902643389321
72,1,73,0.1016,0.0,1179.6164019083978,,,,0,0.0,1,1984.3749999999998,1984.3749999999998,-0.0,317.49999999999994,65.88125,0.0,,,297.11297566731776,1984.3749999999998,1905.0,79.37500000000011,1984.3749999999998,0.0,1.0,0.0,0.0,0.1559648166232639,99.03765855577257,0.96,661.4583333333334,635.0,26.45833333333337,1.0,0.0,0.0,0.15596481662326392,99.03765855577257,0.96,661.4583333333333,634.9999999999999,26.45833333333337,1.0,0.0,0.0,0.15596481662326392,99.03765855577257,0.96,661.4583333333333,634.9999999999999,26.45833333333337,,,,704.5288012410801,1905.0,1762.125,142.8750000000001,1905.0,0.0,1.0,0,0,0.39981772078659583,234.84293374702673,0.925,635.0,587.375,47.625,1.0,0,0,0.39981772078659583,234.84293374702673,0.925,635.0,587.375,47.625,1.0,0.0,0.0,0.39981772078659583,234.84293374702668,0.925,635.0,587.3749999999999,47.625000000000114,0.0,0.0,0.0,0.08724817754776784,0.0,0.88,0.0,0.0,0.0,1.0,,,0.101,177.974625,1762.125,1762.125,0.0,54.625875,0.0,,,222.25000000000023,-5.684341886080802e-14,95.5675000000001,3.0,1179.6164019083978,0.0,-0.0,0.0,119.84902643389321
73,1,74,0.1016,0.0,1179.6164019083978,,,,0,0.0,1,1984.3749999999998,1984.3749999999998,-0.0,317.49999999999994,65.88125,0.0,,,297.11297566731776,1984.3749999999998,1905.0,79.37500000000011,1984.3749999999998,0.0,1.0,0.0,0.0,0.1559648166232639,99.03765855577257,0.96,661.4583333333334,635.0,26.45833333333337,1.0,0.0,0.0,0.15596481662326392,99.03765855577257,0.96,661.4583333333333,634.9999999999999,26.45833333333337,1.0,0.0,0.0,0.15596481662326392,99.03765855577257,0.96,661.4583333333333,634.9999999999999,26.45833333333337,,,,704.5288012410801,1905.0,1762.125,142.8750000000001,1905.0,-0.0,1.0,0,0,0.39981772078659583,234.84293374702673,0.925,635.0,587.375,47.625,1.0,0,0,0.39981772078659583,234.84293374702673,0.925,635.0,587.375,47.625,1.0,0.0,0.0,0.39981772078659583,234.84293374702668,0.925,635.0,587.3749999999999,47.625000000000114,0.0,0.0,0.0,0.08724817754776784,0.0,0.88,0.0,0.0,0.0,1.0,,,0.101,177.974625,1762.125,1762.125,0.0,54.625875,0.0,,,222.25000000000023,-5.684341886080802e-14,95.5675000000001,3.0,1179.6164019083978,0.0,-0.0,0.0,119.84902643389321
74,1,75,0.1016,0.0,1179.6164019083978,,,,0,0.0,1,1984.3749999999998,1984.3749999999998,-0.0,317.49999999999994,65.88125,0.0,,,297.11297566731776,1984.3749999999998,1905.0,79.37500000000011,1984.3749999999998,0.0,1.0,0.0,0.0,0.1559648166232639,99.03765855577257,0.96,661.4583333333334,635.0,26.45833333333337,1.0,0.0,0.0,0.15596481662326392,99.03765855577257,0.96,661.4583333333333,634.9999999999999,26.45833333333337,1.0,0.0,0.0,0.15596481662326392,99.03765855577257,0.96,661.4583333333333,634.9999999999999,26.45833333333337,,,,704.5288012410801,1905.0,1762.125,142.8750000000001,1905.0,-0.0,1.0,0,0,0.39981772078659583,234.84293374702673,0.925,635.0,587.375,47.625,1.0,0,0,0.39981772078659583,234.84293374702673,0.925,635.0,587.375,47.625,1.0,0.0,0.0,0.39981772078659583,234.84293374702668,0.925,635.0,587.3749999999999,47.625000000000114,0.0,0.0,0.0,0.08724817754776784,0.0,0.88,0.0,0.0,0.0,1.0,,,0.101,177.974625,1762.125,1762.125,0.0,54.625875,0.0,,,222.25000000000023,-5.684341886080802e-14,95.5675000000001,3.0,1179.6164019083978,0.0,-0.0,0.0,119.84902643389321
75,1,76,0.1016,0.0,1179.6164019083978,,,,0,0.0,1,1984.3749999999998,1984.3749999999998,-0.0,317.49999999999994,65.88125,0.0,,,297.11297566731764,1984.3749999999998,1905.0,79.37500000000011,1984.3749999999998,0.0,1.0,0.0,0.0,0.1559648166232639,99.03765855577257,0.96,661.4583333333334,635.0,26.45833333333337,1.0,0.0,0.0,0.15596481662326392,99.03765855577257,0.96,661.4583333333333,634.9999999999999,26.45833333333337,1.0,0.0,0.0,0.15596481662326392,99.03765855577257,0.96,661.4583333333333,634.9999999999999,26.45833333333337,,,,704.5288012410801,1905.0,1762.125,142.8750000000001,1905.0,-0.0,1.0,0,0,0.39981772078659583,234.84293374702673,0.925,635.0,587.375,47.625,1.0,0,0,0.39981772078659583,234.84293374702673,0.925,635.0,587.375,47.625,1.0,0.0,0.0,0.39981772078659583,234.84293374702668,0.925,635.0,587.3749999999999,47.625000000000114,0.0,0.0,0.0,0.08724817754776787,0.0,0.8800000000000001,0.0,0.0,0.0,1.0,,,0.101,177.974625,1762.125,1762.125,0.0,54.625875,0.0,,,222.25000000000023,5.684341886080802e-14,95.5675000000001,3.0,1179.6164019083978,0.0,-0.0,0.0,119.84902643389321
76,1,77,0.1016,0.0,1179.6164019083978,,,,0,0.0,1,1984.3749999999998,1984.3749999999998,-0.0,317.49999999999994,65.88125,0.0,,,297.11297566731764,1984.3749999999998,1905.0,79.37500000000011,1984.3749999999998,0.0,1.0,0.0,0.0,0.1559648166232639,99.03765855577257,0.96,661.4583333333334,635.0,26.45833333333337,1.0,0.0,0.0,0.15596481662326392,99.03765855577257,0.96,661.4583333333333,634.9999999999999,26.45833333333337,1.0,0.0,0.0,0.15596481662326392,99.03765855577257,0.96,661.4583333333333,634.9999999999999,26.45833333333337,,,,704.5288012410801,1905.0,1762.125,142.8750000000001,1905.0,-0.0,1.0,0,0,0.39981772078659583,234.84293374702673,0.925,635.0,587.375,47.625,1.0,0,0,0.39981772078659583,234.84293374702673,0.925,635.0,587.375,47.625,1.0,0.0,0.0,0.39981772078659583,234.84293374702668,0.925,635.0,587.3749999999999,47.625000000000114,0.0,0.0,0.0,0.08724817754776784,0.0,0.88,0.0,0.0,0.0,1.0,,,0.101,177.974625,1762.125,1762.125,0.0,54.625875,0.0,,,222.25000000000023,5.684341886080802e-14,95.5675000000001,3.0,1179.6164019083978,0.0,-0.0,0.0,119.84902643389321
77,1,78,0.1016,0.0,1179.6164019083978,,,,0,0.0,1,1984.3749999999998,1984.3749999999998,-0.0,317.49999999999994,65.88125,0.0,,,297.11297566731776,1984.3749999999998,1905.0,79.37500000000011,1984.3749999999998,0.0,1.0,0.0,0.0,0.1559648166232639,99.03765855577257,0.96,661.4583333333334,635.0,26.45833333333337,1.0,0.0,0.0,0.15596481662326392,99.03765855577257,0.96,661.4583333333333,634.9999999999999,26.45833333333337,1.0,0.0,0.0,0.15596481662326392,99.03765855577257,0.96,661.4583333333333,634.9999999999999,26.45833333333337,,,,704.5288012410801,1905.0,1762.125,142.8750000000001,1905.0,-0.0,1.0,0,0,0.39981772078659583,234.84293374702673,0.925,635.0,587.375,47.625,1.0,0,0,0.39981772078659583,234.84293374702673,0.925,635.0,587.375,47.625,1.0,0.0,0.0,0.39981772078659583,234.84293374702668,0.925,635.0,587.3749999999999,47.625000000000114,0.0,0.0,0.0,0.08724817754776787,0.0,0.8800000000000001,0.0,0.0,0.0,1.0,,,0.101,177.974625,1762.125,1762.125,0.0,54.625875,0.0,,,222.25000000000023,-5.684341886080802e-14,95.5675000000001,3.0,1179.6164019083978,0.0,-0.0,0.0,119.84902643389321
78,1,79,0.1016,0.0,1179.6164019083978,,,,0,0.0,1,1984.3749999999998,1984.3749999999998,-0.0,317.49999999999994,65.88125,0.0,,,297.11297566731764,1984.3749999999998,1905.0,79.37500000000011,1984.3749999999998,0.0,1.0,0.0,0.0,0.1559648166232639,99.03765855577257,0.96,661.4583333333334,635.0,26.45833333333337,1.0,0.0,0.0,0.15596481662326392,99.03765855577257,0.96,661.4583333333333,634.9999999999999,26.45833333333337,1.0,0.0,0.0,0.15596481662326392,99.03765855577257,0.96,661.4583333333333,634.9999999999999,26.45833333333337,,,,704.5288012410801,1905.0,1762.125,142.8750000000001,1905.0,-0.0,1.0,0,0,0.39981772078659583,234.84293374702673,0.925,635.0,587.375,47.625,1.0,0,0,0.39981772078659583,234.84293374702673,0.925,635.0,587.375,47.625,1.0,0.0,0.0,0.39981772078659583,234.84293374702668,0.925,635.0,587.3749999999999,47.625000000000114,0.0,0.0,0.0,0.08724817754776787,0.0,0.8800000000000001,0.0,0.0,0.0,1.0,,,0.101,177.974625,1762.125,1762.125,0.0,54.625875,0.0,,,222.25000000000023,5.684341886080802e-14,95.5675000000001,3.0,1179.6164019083978,0.0,-0.0,0.0,119.84902643389321
79,1,80,0.1016,0.0,1179.6164019083978,,,,0,0.0,1,1984.3749999999998,1984.3749999999998,-0.0,317.49999999999994,65.88125,0.0,,,297.11297566731776,1984.3749999999998,1905.0,79.37500000000011,1984.3749999999998,0.0,1.0,0.0,0.0,0.1559648166232639,99.03765855577257,0.96,661.4583333333334,635.0,26.45833333333337,1.0,0.0,0.0,0.15596481662326392,99.03765855577257,0.96,661.4583333333333,634.9999999999999,26.45833333333337,1.0,0.0,0.0,0.15596481662326392,99.03765855577257,0.96,661.4583333333333,634.9999999999999,26.45833333333337,,,,704.5288012410801,1905.0,1762.125,142.8750000000001,1905.0,-0.0,1.0,0,0,0.39981772078659583,234.84293374702673,0.925,635.0,587.375,47.625,1.0,0,0,0.39981772078659583,234.84293374702673,0.925,635.0,587.375,47.625,1.0,0.0,0.0,0.39981772078659583,234.84293374702668,0.925,635.0,587.3749999999999,47.625000000000114,0.0,0.0,0.0,0.08724817754776787,0.0,0.8800000000000001,0.0,0.0,0.0,1.0,,,0.101,177.974625,1762.125,1762.125,0.0,54.625875,0.0,,,222.25000000000023,-5.684341886080802e-14,95.5675000000001,3.0,1179.6164019083978,0.0,-0.0,0.0,119.84902643389321
80,1,81,0.1016,0.0,1179.6164019083978,,,,0,0.0,1,1984.3749999999998,1984.3749999999998,-0.0,317.49999999999994,65.88125,0.0,,,297.11297566731776,1984.3749999999998,1905.0,79.37500000000011,1984.3749999999998,0.0,1.0,0.0,0.0,0.1559648166232639,99.03765855577257,0.96,661.4583333333334,635.0,26.45833333333337,1.0,0.0,0.0,0.15596481662326392,99.03765855577257,0.96,661.4583333333333,634.9999999999999,26.45833333333337,1.0,0.0,0.0,0.15596481662326392,99.03765855577257,0.96,661.4583333333333,634.9999999999999,26.45833333333337,,,,704.5288012410801,1905.0,1762.125,142.8750000000001,1905.0,-0.0,1.0,0,0,0.39981772078659583,234.84293374702673,0.925,635.0,587.375,47.625,1.0,0,0,0.39981772078659583,234.84293374702673,0.925,635.0,587.375,47.625,1.0,0.0,0.0,0.39981772078659583,234.84293374702668,0.925,635.0,587.3749999999999,47.625000000000114,0.0,0.0,0.0,0.08724817754776784,0.0,0.88,0.0,0.0,0.0,1.0,,,0.101,177.974625,1762.125,1762.125,0.0,54.625875,0.0,,,222.25000000000023,-5.684341886080802e-14,95.5675000000001,3.0,1179.6164019083978,0.0,-0.0,0.0,119.84902643389321
81,1,82,0.1016,0.0,1179.6164019083978,,,,0,0.0,1,1984.3749999999998,1984.3749999999998,-0.0,317.49999999999994,65.88125,0.0,,,297.11297566731776,1984.3749999999998,1905.0,79.37500000000011,1984.3749999999998,0.0,1.0,0.0,0.0,0.1559648166232639,99.03765855577257,0.96,661.4583333333334,635.0,26.45833333333337,1.0,0.0,0.0,0.15596481662326392,99.03765855577257,0.96,661.4583333333333,634.9999999999999,26.45833333333337,1.0,0.0,0.0,0.15596481662326392,99.03765855577257,0.96,661.4583333333333,634.9999999999999,26.45833333333337,,,,704.5288012410801,1905.0,1762.125,142.8750000000001,1905.0,-0.0,1.0,0,0,0.39981772078659583,234.84293374702673,0.925,635.0,587.375,47.625,1.0,0,0,0.39981772078659583,234.84293374702673,0.925,635.0,587.375,47.625,1.0,0.0,0.0,0.39981772078659583,234.84293374702668,0.925,635.0,587.3749999999999,47.625000000000114,0.0,0.0,0.0,0.08724817754776787,0.0,0.8800000000000001,0.0,0.0,0.0,1.0,,,0.101,177.974625,1762.125,1762.125,0.0,54.625875,0.0,,,222.25000000000023,-5.684341886080802e-14,95.5675000000001,3.0,1179.6164019083978,0.0,-0.0,0.0,119.84902643389321
82,1,83,0.1016,0.0,1179.6164019083978,,,,0,0.0,1,1984.3749999999998,1984.3749999999998,-0.0,317.49999999999994,65.88125,0.0,,,297.11297566731776,1984.3749999999998,1905.0,79.37500000000011,1984.3749999999998,0.0,1.0,0.0,0.0,0.1559648166232639,99.03765855577257,0.96,661.4583333333334,635.0,26.45833333333337,1.0,0.0,0.0,0.15596481662326392,99.03765855577257,0.96,661.4583333333333,634.9999999999999,26.45833333333337,1.0,0.0,0.0,0.15596481662326392,99.03765855577257,0.96,661.4583333333333,634.9999999999999,26.45833333333337,,,,704.5288012410801,1905.0,1762.125,142.8750000000001,1905.0,-0.0,1.0,0,0,0.39981772078659583,234.84293374702673,0.925,635.0,587.375,47.625,1.0,0,0,0.39981772078659583,234.84293374702673,0.925,635.0,587.375,47.625,1.0,0.0,0.0,0.39981772078659583,234.84293374702668,0.925,635.0,587.3749999999999,47.625000000000114,0.0,0.0,0.0,0.08724817754776787,0.0,0.8800000000000001,0.0,0.0,0.0,1.0,,,0.101,177.974625,1762.125,1762.125,0.0,54.625875,0.0,,,222.25000000000023,-5.684341886080802e-14,95.5675000000001,3.0,1179.6164019083978,0.0,-0.0,0.0,119.84902643389321
83,1,84,0.1016,0.0,1179.6164019083978,,,,0,0.0,1,1984.3749999999998,1984.3749999999998,-0.0,317.49999999999994,65.88125,0.0,,,297.11297566731776,1984.3749999999998,1905.0,79.37500000000011,1984.3749999999998,0.0,1.0,0.0,0.0,0.1559648166232639,99.03765855577257,0.96,661.4583333333334,635.0,26.45833333333337,1.0,0.0,0.0,0.15596481662326392,99.03765855577257,0.96,661.4583333333333,634.9999999999999,26.45833333333337,1.0,0.0,0.0,0.15596481662326392,99.03765855577257,0.96,661.4583333333333,634.9999999999999,26.45833333333337,,,,704.5288012410801,1905.0,1762.125,142.8750000000001,1905.0,-0.0,1.0,0,0,0.39981772078659583,234.84293374702673,0.925,635.0,587.375,47.625,1.0,0,0,0.39981772078659583,234.84293374702673,0.925,635.0,587.375,47.625,1.0,0.0,0.0,0.39981772078659583,234.84293374702668,0.925,635.0,587.3749999999999,47.625000000000114,0.0,0.0,0.0,0.08724817754776787,0.0,0.8800000000000001,0.0,0.0,0.0,1.0,,,0.101,177.974625,1762.125,1762.125,0.0,54.625875,0.0,,,222.25000000000023,-5.684341886080802e-14,95.5675000000001,3.0,1179.6164019083978,0.0,-0.0,0.0,119.84902643389321
84,1,85,0.1016,0.0,1179.6164019083978,,,,0,0.0,1,1984.3749999999998,1984.3749999999998,-0.0,317.49999999999994,65.88125,0.0,,,297.11297566731776,1984.3749999999998,1905.0,79.37500000000011,1984.3749999999998,0.0,1.0,0.0,0.0,0.1559648166232639,99.03765855577257,0.96,661.4583333333334,635.0,26.45833333333337,1.0,0.0,0.0,0.15596481662326392,99.03765855577257,0.96,661.4583333333333,634.9999999999999,26.45833333333337,1.0,0.0,0.0,0.15596481662326392,99.03765855577257,0.96,661.4583333333333,634.9999999999999,26.45833333333337,,,,704.5288012410801,1905.0,1762.125,142.8750000000001,1905.0,-0.0,1.0,0,0,0.39981772078659583,234.84293374702673,0.925,635.0,587.375,47.625,1.0,0,0,0.39981772078659583,234.84293374702673,0.925,635.0,587.375,47.625,1.0,0.0,0.0,0.39981772078659583,234.84293374702668,0.925,635.0,587.3749999999999,47.625000000000114,0.0,0.0,0.0,0.08724817754776784,0.0,0.88,0.0,0.0,0.0,1.0,,,0.101,177.974625,1762.125,1762.125,0.0,54.625875,0.0,,,222.25000000000023,-5.684341886080802e-14,95.5675000000001,3.0,1179.6164019083978,0.0,-0.0,0.0,119.84902643389321
85,1,86,0.1016,0.0,1179.6164019083978,,,,0,0.0,1,1984.3749999999998,1984.3749999999998,-0.0,317.49999999999994,65.88125,0.0,,,297.11297566731764,1984.3749999999998,1905.0,79.37500000000011,1984.3749999999998,0.0,1.0,0.0,0.0,0.1559648166232639,99.03765855577257,0.96,661.4583333333334,635.0,26.45833333333337,1.0,0.0,0.0,0.15596481662326392,99.03765855577257,0.96,661.4583333333333,634.9999999999999,26.45833333333337,1.0,0.0,0.0,0.15596481662326392,99.03765855577257,0.96,661.4583333333333,634.9999999999999,26.45833333333337,,,,704.5288012410801,1905.0,1762.125,142.8750000000001,1905.0,-0.0,1.0,0,0,0.39981772078659583,234.84293374702673,0.925,635.0,587.375,47.625,1.0,0,0,0.39981772078659583,234.84293374702673,0.925,635.0,587.375,47.625,1.0,0.0,0.0,0.39981772078659583,234.84293374702668,0.925,635.0,587.3749999999999,47.625000000000114,0.0,0.0,0.0,0.08724817754776784,0.0,0.88,0.0,0.0,0.0,1.0,,,0.101,177.974625,1762.125,1762.125,0.0,54.625875,0.0,,,222.25000000000023,5.684341886080802e-14,95.5675000000001,3.0,1179.6164019083978,0.0,-0.0,0.0,119.84902643389321
86,1,87,0.1016,0.0,1179.6164019083978,,,,0,0.0,1,1984.3749999999998,1984.3749999999998,-0.0,317.49999999999994,65.88125,0.0,,,297.11297566731776,1984.3749999999998,1905.0,79.37500000000011,1984.3749999999998,0.0,1.0,0.0,0.0,0.1559648166232639,99.03765855577257,0.96,661.4583333333334,635.0,26.45833333333337,1.0,0.0,0.0,0.15596481662326392,99.03765855577257,0.96,661.4583333333333,634.9999999999999,26.45833333333337,1.0,0.0,0.0,0.15596481662326392,99.03765855577257,0.96,661.4583333333333,634.9999999999999,26.45833333333337,,,,704.5288012410801,1905.0,1762.125,142.8750000000001,1905.0,0.0,1.0,0,0,0.39981772078659583,234.84293374702673,0.925,635.0,587.375,47.625,1.0,0,0,0.39981772078659583,234.84293374702673,0.925,635.0,587.375,47.625,1.0,0.0,0.0,0.39981772078659583,234.84293374702668,0.925,635.0,587.3749999999999,47.625000000000114,0.0,0.0,0.0,0.08724817754776784,0.0,0.88,0.0,0.0,0.0,1.0,,,0.101,177.974625,1762.125,1762.125,0.0,54.625875,0.0,,,222.25000000000023,-5.684341886080802e-14,95.5675000000001,3.0,1179.6164019083978,0.0,-0.0,0.0,119.84902643389321
87,1,88,0.1016,0.0,1179.6164019083978,,,,0,0.0,1,1984.3749999999998,1984.3749999999998,-0.0,317.49999999999994,65.88125,0.0,,,297.11297566731776,1984.3749999999998,1905.0,79.37500000000011,1984.3749999999998,0.0,1.0,0.0,0.0,0.1559648166232639,99.03765855577257,0.96,661.4583333333334,635.0,26.45833333333337,1.0,0.0,0.0,0.15596481662326392,99.03765855577257,0.96,661.4583333333333,634.9999999999999,26.45833333333337,1.0,0.0,0.0,0.15596481662326392,99.03765855577257,0.96,661.4583333333333,634.9999999999999,26.45833333333337,,,,704.5288012410801,1905.0,1762.125,142.8750000000001,1905.0,0.0,1.0,0,0,0.39981772078659583,234.84293374702673,0.925,635.0,587.375,47.625,1.0,0,0,0.39981772078659583,234.84293374702673,0.925,635.0,587.375,47.625,1.0,0.0,0.0,0.39981772078659583,234.84293374702668,0.925,635.0,587.3749999999999,47.625000000000114,0.0,0.0,0.0,0.08724817754776784,0.0,0.88,0.0,0.0,0.0,1.0,,,0.101,177.974625,1762.125,1762.125,0.0,54.625875,0.0,,,222.25000000000023,-5.684341886080802e-14,95.5675000000001,3.0,1179.6164019083978,0.0,-0.0,0.0,119.84902643389321
88,1,89,0.1016,0.0,1179.6164019083978,,,,0,0.0,1,1984.3749999999998,1984.3749999999998,-0.0,317.49999999999994,65.88125,0.0,,,297.11297566731776,1984.3749999999998,1905.0,79.37500000000011,1984.3749999999998,0.0,1.0,0.0,0.0,0.1559648166232639,99.03765855577257,0.96,661.4583333333334,635.0,26.45833333333337,1.0,0.0,0.0,0.15596481662326392,99.03765855577257,0.96,661.4583333333333,634.9999999999999,26.45833333333337,1.0,0.0,0.0,0.15596481662326392,99.03765855577257,0.96,661.4583333333333,634.9999999999999,26.45833333333337,,,,704.5288012410801,1905.0,1762.125,142.875,1905.0,-0.0,1.0,0,0,0.39981772078659583,234.84293374702673,0.925,635.0,587.375,47.625,1.0,0,0,0.39981772078659583,234.84293374702673,0.925,635.0,587.375,47.625,1.0,0.0,0.0,0.39981772078659583,234.84293374702673,0.925,635.0,587.375,47.625,0.0,0.0,0.0,0.08724817754776784,0.0,0.88,0.0,0.0,0.0,1.0,,,0.101,177.974625,1762.125,1762.125,0.0,54.625875,0.0,,,222.2500000000001,-5.684341886080802e-14,95.56750000000005,3.0,1179.6164019083978,0.0,-0.0,0.0,119.84902643389321
89,1,90,0.15246,0.0,590.7992859304467,,,,0,0.0,1,1083.3340698379673,1083.3340698379673,-0.0,173.33345117407475,35.96669111862052,0.0,,,169.2948602502616,1083.3340698379673,1040.0007070444485,43.333362793518745,1083.3340698379673,0.0,1.0,0.0,0.0,0.1559648166232639,99.03765855577257,0.96,661.4583333333334,635.0,26.45833333333337,1.0,0.0,0.0,0.17347426923572878,70.25720169448918,0.96,421.8757365046339,405.0007070444485,16.875029460185374,0.0,0.0,1.0,0.271,0.0,0.96,0.0,0.0,-0.0,,,,325.55435426869576,1040.0007070444485,950.0007070444486,90.0,1040.0007070444485,-0.0,1.0,0,0,0.34268871814076496,162.77738341301912,0.9134616561277993,520.0007070444486,475.00070704444863,45.0,1.0,0,0,0.34268835969616135,162.77697085567664,0.9134615384615384,520.0,475.0,45.0,0.0,0.0,1.0,0.08724817754776784,0.0,0.88,0.0,0.0,0.0,0.0,0.0,0.0,0.08724817754776784,0.0,0.88,0.0,0.0,0.0,1.0,,,0.101,95.95007141148932,950.0007070444486,950.0007070444486,0.0,29.450021918377907,0.0,,,133.33336279351875,0.0,57.33334600121306,2.0,590.7992859304467,0.0,0.0,0.0,90.07325913295591
90,1,91,0.15246,0.0,590.7992859304467,,,,0,0.0,1,1083.3340698379673,1083.3340698379673,-0.0,173.33345117407475,35.96669111862052,0.0,,,169.2948602502616,1083.3340698379673,1040.0007070444485,43.333362793518745,1083.3340698379673,0.0,1.0,0.0,0.0,0.1559648166232639,99.03765855577257,0.96,661.4583333333334,635.0,26.45833333333337,1.0,0.0,0.0,0.17347426923572878,70.25720169448918,0.96,421.8757365046339,405.0007070444485,16.875029460185374,0.0,0.0,0.0,0.271,0.0,0.96,0.0,0.0,-0.0,,,,325.55435426869576,1040.0007070444485,950.0007070444486,90.0,1040.0007070444485,-0.0,1.0,0,0,0.34268871814076496,162.77738341301912,0.9134616561277993,520.0007070444486,475.00070704444863,45.0,1.0,0,0,0.34268835969616135,162.77697085567664,0.9134615384615384,520.0,475.0,45.0,0.0,0.0,0.0,0.08724817754776787,0.0,0.8800000000000001,0.0,0.0,0.0,0.0,0.0,0.0,0.08724817754776784,0.0,0.88,0.0,0.0,0.0,1.0,,,0.101,95.95007141148932,950.0007070444486,950.0007070444486,0.0,29.450021918377907,0.0,,,133.33336279351875,0.0,57.33334600121306,2.0,590.7992859304467,0.0,0.0,0.0,90.07325913295591
91,1,92,0.15246,0.0,590.7992859304468,,,,0,0.0,1,1083.3340698379673,1083.3340698379673,-0.0,173.33345117407475,35.96669111862052,0.0,,,169.2948602502617,1083.3340698379673,1040.0007070444485,43.333362793518745,1083.3340698379673,0.0,1.0,0.0,0.0,0.1559648166232639,99.03765855577257,0.96,661.4583333333334,635.0,26.45833333333337,1.0,0.0,0.0,0.17347426923572878,70.25720169448918,0.96,421.8757365046339,405.0007070444485,16.875029460185374,0.0,0.0,0.0,0.271,0.0,0.96,0.0,0.0,-0.0,,,,325.55435426869576,1040.0007070444485,950.0007070444486,90.0,1040.0007070444485,-0.0,1.0,0,0,0.34268871814076496,162.77738341301912,0.9134616561277993,520.0007070444486,475.00070704444863,45.0,1.0,0,0,0.34268835969616135,162.77697085567664,0.9134615384615384,520.0,475.0,45.0,0.0,0.0,0.0,0.08724817754776787,0.0,0.8800000000000001,0.0,0.0,0.0,0.0,0.0,0.0,0.08724817754776784,0.0,0.88,0.0,0.0,0.0,1.0,,,0.101,95.95007141148932,950.0007070444486,950.0007070444486,0.0,29.450021918377907,0.0,,,133.33336279351875,0.0,57.33334600121306,2.0,590.7992859304468,0.0,0.0,0.0,90.07325913295593
92,1,93,0.15246,0.0,590.7992859304468,,,,0,0.0,1,1083.3340698379673,1083.3340698379673,-0.0,173.33345117407475,35.96669111862052,0.0,,,169.2948602502617,1083.3340698379673,1040.0007070444485,43.333362793518745,1083.3340698379673,0.0,1.0,0.0,0.0,0.1559648166232639,99.03765855577257,0.96,661.4583333333334,635.0,26.45833333333337,1.0,0.0,0.0,0.17347426923572878,70.25720169448918,0.96,421.8757365046339,405.0007070444485,16.875029460185374,0.0,0.0,0.0,0.271,0.0,0.96,0.0,0.0,-0.0,,,,325.55435426869576,1040.0007070444485,950.0007070444486,90.0,1040.0007070444485,-0.0,1.0,0,0,0.34268871814076496,162.77738341301912,0.9134616561277993,520.0007070444486,475.00070704444863,45.0,1.0,0,0,0.34268835969616135,162.77697085567664,0.9134615384615384,520.0,475.0,45.0,0.0,0.0,0.0,0.08724817754776787,0.0,0.8800000000000001,0.0,0.0,0.0,0.0,0.0,0.0,0.08724817754776784,0.0,0.88,0.0,0.0,0.0,1.0,,,0.101,95.95007141148932,950.0007070444486,950.0007070444486,0.0,29.450021918377907,0.0,,,133.33336279351875,0.0,57.33334600121306,2.0,590.7992859304468,0.0,0.0,0.0,90.07325913295593
93,1,94,0.15246,0.0,590.7992859304468,,,,0,0.0,1,1083.3340698379673,1083.3340698379673,-0.0,173.33345117407475,35.96669111862052,0.0,,,169.2948602502617,1083.3340698379673,1040.0007070444485,43.333362793518745,1083.3340698379673,0.0,1.0,0.0,0.0,0.1559648166232639,99.03765855577257,0.96,661.4583333333334,635.0,26.45833333333337,1.0,0.0,0.0,0.17347426923572878,70.25720169448918,0.96,421.8757365046339,405.0007070444485,16.875029460185374,0.0,0.0,0.0,0.271,0.0,0.96,0.0,0.0,-0.0,,,,325.55435426869576,1040.0007070444485,950.0007070444486,90.0,1040.0007070444485,-0.0,1.0,0,0,0.34268871814076496,162.77738341301912,0.9134616561277993,520.0007070444486,475.00070704444863,45.0,1.0,0,0,0.34268835969616135,162.77697085567664,0.9134615384615384,520.0,475.0,45.0,0.0,0.0,0.0,0.08724817754776784,0.0,0.88,0.0,0.0,0.0,0.0,0.0,0.0,0.08724817754776787,0.0,0.8800000000000001,0.0,0.0,0.0,1.0,,,0.101,95.95007141148932,950.0007070444486,950.0007070444486,0.0,29.450021918377907,0.0,,,133.33336279351875,0.0,57.33334600121306,2.0,590.7992859304468,0.0,0.0,0.0,90.07325913295593
94,1,95,0.1016,0.0,1179.8242033564616,,,,0,0.0,1,2181.932542109346,2181.932542109346,-0.0,349.10920673749536,72.44016039803029,0.0,,,326.68103865042747,2181.932542109346,2094.655240424972,87.27730168437392,2181.932542109346,0.0,1.0,0.0,0.0,0.1559646617956763,108.94866069412872,0.96,727.6532191101568,698.5470903457505,29.10612876440632,1.0,0.0,0.0,0.1559646617956763,108.94866069412872,0.96,727.6532191101568,698.5470903457505,29.10612876440632,1.0,1.0,0.0,0.1559486667786975,108.78371726217016,0.96,726.6261038890322,697.5610597334709,29.06504415556128,,,,659.7629854231113,2094.655240424972,1914.6552404249778,180.00000000000023,2094.6552404249783,-6.366462912410498e-12,1.0,0,0,0.35010770579580297,171.43207285608133,0.9158336127702945,534.6552404249779,489.65524042497793,45.0,1.0,0,0,0.34268835969616135,162.77697085567664,0.9134615384615384,520.0,475.0,45.0,1.0,1.0,0.0,0.3426883596961614,162.77697085567667,0.9134615384615378,520.0000000000003,475.0,45.00000000000034,1.0,1.0,0.0,0.3426883596961613,162.7769708556766,0.9134615384615387,519.9999999999999,475.0,44.999999999999886,1.0,,,0.101,193.38017928292277,1914.6552404249778,1914.6552404249778,0.0,59.35431245317431,0.0,,,267.2773016843678,0.0,114.92923972427815,4.0,1179.8242033564616,0.0,-0.0,0.0,119.87013906101649
95,1,96,0.1016,0.0,1179.8242033564616,,,,0,0.0,1,2181.932542109346,2181.932542109346,-0.0,349.10920673749536,72.44016039803029,0.0,,,326.6810386504276,2181.932542109346,2094.655240424972,87.27730168437392,2181.932542109346,0.0,1.0,0.0,0.0,0.1559646617956763,108.94866069412872,0.96,727.6532191101568,698.5470903457505,29.10612876440632,1.0,0.0,0.0,0.1559646617956763,108.94866069412872,0.96,727.6532191101568,698.5470903457505,29.10612876440632,1.0,0.0,0.0,0.1559486667786975,108.78371726217016,0.96,726.6261038890322,697.5610597334709,29.06504415556128,,,,659.7629854231113,2094.655240424972,1914.6552404249778,180.00000000000023,2094.6552404249783,-6.366462912410498e-12,1.0,0,0,0.35010770579580297,171.43207285608133,0.9158336127702945,534.6552404249779,489.65524042497793,45.0,1.0,0,0,0.34268835969616135,162.77697085567664,0.9134615384615384,520.0,475.0,45.0,1.0,0.0,0.0,0.3426883596961614,162.77697085567667,0.9134615384615378,520.0000000000003,475.0,45.00000000000034,1.0,0.0,0.0,0.3426883596961613,162.7769708556766,0.9134615384615387,519.9999999999999,475.0,44.999999999999886,1.0,,,0.101,193.38017928292277,1914.6552404249778,1914.6552404249778,0.0,59.35431245317431,0.0,,,267.2773016843678,-1.1368683772161603e-13,114.92923972427815,4.0,1179.8242033564616,0.0,-0.0,0.0,119.87013906101649
96,1,97,0.1016,0.0,1179.8242033564616,,,,0,0.0,1,2181.932542109346,2181.932542109346,-0.0,349.10920673749536,72.44016039803029,0.0,,,326.6810386504276,2181.932542109346,2094.655240424972,87.27730168437392,2181.932542109346,0.0,1.0,0.0,0.0,0.1559646617956763,108.94866069412872,0.96,727.6532191101568,698.5470903457505,29.10612876440632,1.0,0.0,0.0,0.1559646617956763,108.94866069412872,0.96,727.6532191101568,698.5470903457505,29.10612876440632,1.0,0.0,0.0,0.1559486667786975,108.78371726217016,0.96,726.6261038890322,697.5610597334709,29.06504415556128,,,,659.7629854231113,2094.655240424972,1914.6552404249778,180.00000000000034,2094.6552404249783,-6.366462912410498e-12,1.0,0,0,0.35010770579580297,171.43207285608133,0.9158336127702945,534.6552404249779,489.65524042497793,45.0,1.0,0,0,0.34268835969616135,162.77697085567664,0.9134615384615384,520.0,475.0,45.0,1.0,0.0,0.0,0.3426883596961614,162.77697085567667,0.9134615384615378,520.0000000000003,475.0,45.00000000000034,1.0,0.0,0.0,0.34268835969616135,162.77697085567664,0.9134615384615384,520.0,475.0,45.0,1.0,,,0.101,193.38017928292277,1914.6552404249778,1914.6552404249778,0.0,59.35431245317431,0.0,,,267.2773016843679,-1.1368683772161603e-13,114.92923972427819,4.0,1179.8242033564616,0.0,-0.0,0.0,119.87013906101649
97,1,98,0.1016,0.0,1179.8242033564616,,,,0,0.0,1,2181.932542109346,2181.932542109346,-0.0,349.10920673749536,72.44016039803029,0.0,,,326.6810386504276,2181.932542109346,2094.655240424972,87.27730168437392,2181.932542109346,0.0,1.0,0.0,0.0,0.1559646617956763,108.94866069412872,0.96,727.6532191101568,698.5470903457505,29.10612876440632,1.0,0.0,0.0,0.1559646617956763,108.94866069412872,0.96,727.6532191101568,698.5470903457505,29.10612876440632,1.0,0.0,0.0,0.1559486667786975,108.78371726217016,0.96,726.6261038890322,697.5610597334709,29.06504415556128,,,,659.7629854231113,2094.655240424972,1914.6552404249778,180.00000000000034,2094.6552404249783,-6.366462912410498e-12,1.0,0,0,0.35010770579580297,171.43207285608133,0.9158336127702945,534.6552404249779,489.65524042497793,45.0,1.0,0,0,0.34268835969616135,162.77697085567664,0.9134615384615384,520.0,475.0,45.0,1.0,0.0,0.0,0.3426883596961614,162.77697085567667,0.9134615384615378,520.0000000000003,475.0,45.00000000000034,1.0,0.0,0.0,0.34268835969616135,162.77697085567664,0.9134615384615384,520.0,475.0,45.0,1.0,,,0.101,193.38017928292277,1914.6552404249778,1914.6552404249778,0.0,59.35431245317431,0.0,,,267.2773016843679,-1.1368683772161603e-13,114.92923972427819,4.0,1179.8242033564616,0.0,-0.0,0.0,119.87013906101649
98,1,99,0.1016,0.0,1179.8242033564616,,,,0,0.0,1,2181.932542109346,2181.932542109346,-0.0,349.10920673749536,72.44016039803029,0.0,,,326.6810386504276,2181.932542109346,2094.655240424972,87.27730168437392,2181.932542109346,0.0,1.0,0.0,0.0,0.1559646617956763,108.94866069412872,0.96,727.6532191101568,698.5470903457505,29.10612876440632,1.0,0.0,0.0,0.1559646617956763,108.94866069412872,0.96,727.6532191101568,698.5470903457505,29.10612876440632,1.0,0.0,0.0,0.1559486667786975,108.78371726217016,0.96,726.6261038890322,697.5610597334709,29.06504415556128,,,,659.7629854231113,2094.655240424972,1914.6552404249778,180.00000000000023,2094.6552404249783,-6.366462912410498e-12,1.0,0,0,0.35010770579580297,171.43207285608133,0.9158336127702945,534.6552404249779,489.65524042497793,45.0,1.0,0,0,0.34268835969616135,162.77697085567664,0.9134615384615384,520.0,475.0,45.0,1.0,0.0,0.0,0.3426883596961614,162.77697085567667,0.9134615384615378,520.0000000000003,475.0,45.00000000000034,1.0,0.0,0.0,0.3426883596961613,162.7769708556766,0.9134615384615387,519.9999999999999,475.0,44.999999999999886,1.0,,,0.101,193.38017928292277,1914.6552404249778,1914.6552404249778,0.0,59.35431245317431,0.0,,,267.2773016843678,-1.1368683772161603e-13,114.92923972427815,4.0,1179.8242033564616,0.0,-0.0,0.0,119.87013906101649
99,1,100,0.1016,0.0,1179.8242033564616,,,,0,0.0,1,2181.932542109346,2181.932542109346,-0.0,349.10920673749536,72.44016039803029,0.0,,,326.68103865042747,2181.932542109346,2094.655240424972,87.27730168437392,2181.932542109346,0.0,1.0,0.0,0.0,0.1559646617956763,108.94866069412872,0.96,727.6532191101568,698.5470903457505,29.10612876440632,1.0,0.0,0.0,0.1559646617956763,108.94866069412872,0.96,727.6532191101568,698.5470903457505,29.10612876440632,1.0,0.0,0.0,0.1559486667786975,108.78371726217016,0.96,726.6261038890322,697.5610597334709,29.06504415556128,,,,659.7629854231113,2094.655240424972,1914.655240424978,180.00000000000028,2094.6552404249783,-6.366462912410498e-12,1.0,0,0,0.35010770579580297,171.43207285608136,0.9158336127702945,534.6552404249779,489.655240424978,44.99999999999994,1.0,0,0,0.34268835969616135,162.77697085567664,0.9134615384615384,520.0,475.0,45.0,1.0,0.0,0.0,0.3426883596961614,162.77697085567667,0.9134615384615378,520.0000000000003,475.0,45.00000000000034,1.0,0.0,0.0,0.34268835969616135,162.77697085567664,0.9134615384615384,520.0,475.0,45.0,1.0,,,0.101,193.3801792829228,1914.655240424978,1914.655240424978,0.0,59.354312453174316,0.0,,,267.27730168436784,-2.842170943040401e-14,114.92923972427818,4.0,1179.8242033564616,0.0,-0.0,0.0,119.87013906101649
100,1,101,0.1016,0.0,1179.8242033564616,,,,0,0.0,1,2181.932542109346,2181.932542109346,-0.0,349.10920673749536,72.44016039803029,0.0,,,326.68103865042747,2181.932542109346,2094.655240424972,87.27730168437392,2181.932542109346,0.0,1.0,0.0,0.0,0.1559646617956763,108.94866069412872,0.96,727.6532191101568,698.5470903457505,29.10612876440632,1.0,0.0,0.0,0.1559646617956763,108.94866069412872,0.96,727.6532191101568,698.5470903457505,29.10612876440632,1.0,0.0,0.0,0.1559486667786975,108.78371726217016,0.96,726.6261038890322,697.5610597334709,29.06504415556128,,,,659.7629854231113,2094.655240424972,1914.6552404249778,180.00000000000045,2094.6552404249783,-6.366462912410498e-12,1.0,0,0,0.35010770579580297,171.43207285608133,0.9158336127702945,534.6552404249779,489.65524042497793,45.0,1.0,0,0,0.34268835969616135,162.77697085567664,0.9134615384615384,520.0,475.0,45.0,1.0,0.0,0.0,0.3426883596961615,162.77697085567672,0.9134615384615374,520.0000000000006,475.0,45.00000000000057,1.0,0.0,0.0,0.3426883596961613,162.7769708556766,0.9134615384615387,519.9999999999999,475.0,44.999999999999886,1.0,,,0.101,193.38017928292277,1914.6552404249778,1914.6552404249778,0.0,59.35431245317431,0.0,,,267.277301684368,0.0,114.92923972427825,4.0,1179.8242033564616,0.0,-0.0,0.0,119.87013906101649
101,1,102,0.1016,0.0,1179.824193695748,,,,0,0.0,1,2181.932542109346,2181.932542109346,-0.0,349.10920673749536,72.44016039803029,0.0,,,326.6810386504276,2181.932542109346,2094.655240424972,87.27730168437392,2181.932542109346,0.0,1.0,0.0,0.0,0.1559646617956763,108.94866069412872,0.96,727.6532191101568,698.5470903457505,29.10612876440632,1.0,0.0,0.0,0.1559646617956763,108.94866069412872,0.96,727.6532191101568,698.5470903457505,29.10612876440632,1.0,0.0,0.0,0.1559486667786975,108.78371726217016,0.96,726.6261038890322,697.5610597334709,29.06504415556128,,,,659.7629774318343,2094.655240424972,1914.6552238959011,180.00001652907702,2094.6552404249783,-6.366462912410498e-12,1.0,0,0,0.35010770579580297,171.43207285608133,0.9158336127702945,534.6552404249779,489.65524042497793,45.0,1.0,0,0,0.342688354797309,162.77696286439965,0.9134615066748526,519.9999999999999,474.9999834709232,45.000016529076674,1.0,0.0,0.0,0.3426883596961614,162.77697085567667,0.9134615384615378,520.0000000000003,475.0,45.00000000000034,1.0,0.0,0.0,0.34268835969616135,162.77697085567664,0.9134615384615384,520.0,475.0,45.0,1.0,,,0.101,193.38017761348604,1914.6552238959011,1914.6552238959011,0.0,59.35431194077294,0.0,,,267.2773182134446,-2.842170943040401e-14,114.92924683178117,4.0,1179.824193695748,0.0,-0.0,0.0,119.87013807948799
102,1,103,0.1016,0.0,1179.8242033564638,,,,0,0.0,1,2181.932542109346,2181.932542109346,-0.0,349.10920673749536,72.44016039803029,0.0,,,326.68103865042747,2181.932542109346,2094.655240424972,87.27730168437392,2181.932542109346,0.0,1.0,0.0,0.0,0.1559646617956763,108.94866069412872,0.96,727.6532191101568,698.5470903457505,29.10612876440632,1.0,0.0,0.0,0.1559646617956763,108.94866069412872,0.96,727.6532191101568,698.5470903457505,29.10612876440632,1.0,0.0,0.0,0.1559486667786975,108.78371726217016,0.96,726.6261038890322,697.5610597334709,29.06504415556128,,,,659.7629854231136,2094.655240424972,1914.6552404249778,180.00000000002353,2094.6552404250015,-2.955857780762017e-11,1.0,0,0,0.35010770579580297,171.43207285608133,0.9158336127702945,534.6552404249779,489.65524042497793,45.0,1.0,0,0,0.34268835969616623,162.77697085567897,0.9134615384614977,520.0000000000232,475.0,45.00000000002319,1.0,0.0,0.0,0.3426883596961614,162.77697085567667,0.9134615384615378,520.0000000000003,475.0,45.00000000000034,1.0,0.0,0.0,0.34268835969616135,162.77697085567664,0.9134615384615384,520.0,475.0,45.0,1.0,,,0.101,193.38017928292277,1914.6552404249778,1914.6552404249778,0.0,59.35431245317431,0.0,,,267.2773016843679,0.0,114.92923972427819,4.0,1179.8242033564638,0.0,-0.0,0.0,119.87013906101672
103,1,104,0.1016,0.0,1179.8242033564616,,,,0,0.0,1,2181.932542109346,2181.932542109346,-0.0,349.10920673749536,72.44016039803029,0.0,,,326.6810386504276,2181.932542109346,2094.655240424972,87.27730168437392,2181.932542109346,0.0,1.0,0.0,0.0,0.1559646617956763,108.94866069412872,0.96,727.6532191101568,698.5470903457505,29.10612876440632,1.0,0.0,0.0,0.1559646617956763,108.94866069412872,0.96,727.6532191101568,698.5470903457505,29.10612876440632,1.0,0.0,0.0,0.1559486667786975,108.78371726217016,0.96,726.6261038890322,697.5610597334709,29.06504415556128,,,,659.7629854231113,2094.655240424972,1914.6552404249778,180.00000000000034,2094.6552404249783,-6.366462912410498e-12,1.0,0,0,0.35010770579580297,171.43207285608133,0.9158336127702945,534.6552404249779,489.65524042497793,45.0,1.0,0,0,0.34268835969616135,162.77697085567664,0.9134615384615384,520.0,475.0,45.0,1.0,0.0,0.0,0.3426883596961614,162.77697085567667,0.9134615384615378,520.0000000000003,475.0,45.00000000000034,1.0,0.0,0.0,0.34268835969616135,162.77697085567664,0.9134615384615384,520.0,475.0,45.0,1.0,,,0.101,193.38017928292277,1914.6552404249778,1914.6552404249778,0.0,59.35431245317431,0.0,,,267.2773016843679,-1.1368683772161603e-13,114.92923972427819,4.0,1179.8242033564616,0.0,-0.0,0.0,119.87013906101649
104,1,105,0.1016,0.0,1179.824193695748,,,,0,0.0,1,2181.932542109346,2181.932542109346,-0.0,349.10920673749536,72.44016039803029,0.0,,,326.6810386504276,2181.932542109346,2094.655240424972,87.27730168437392,2181.932542109346,0.0,1.0,0.0,0.0,0.1559646617956763,108.94866069412872,0.96,727.6532191101568,698.5470903457505,29.10612876440632,1.0,0.0,0.0,0.1559646617956763,108.94866069412872,0.96,727.6532191101568,698.5470903457505,29.10612876440632,1.0,0.0,0.0,0.1559486667786975,108.78371726217016,0.96,726.6261038890322,697.5610597334709,29.06504415556128,,,,659.7629774318343,2094.655240424972,1914.6552238959011,180.00001652907707,2094.6552404249783,-6.366462912410498e-12,1.0,0,0,0.35010770579580297,171.43207285608136,0.9158336127702945,534.6552404249779,489.655240424978,44.99999999999994,1.0,0,0,0.34268835479730897,162.7769628643996,0.9134615066748524,519.9999999999999,474.9999834709231,45.00001652907679,1.0,0.0,0.0,0.3426883596961614,162.77697085567667,0.9134615384615378,520.0000000000003,475.0,45.00000000000034,1.0,0.0,0.0,0.34268835969616135,162.77697085567664,0.9134615384615384,520.0,475.0,45.0,1.0,,,0.101,193.38017761348604,1914.6552238959011,1914.6552238959011,0.0,59.35431194077294,0.0,,,267.27731821344463,-2.842170943040401e-14,114.92924683178119,4.0,1179.824193695748,0.0,-0.0,0.0,119.87013807948799
105,1,106,0.1016,0.0,1179.824193695748,,,,0,0.0,1,2181.932542109346,2181.932542109346,-0.0,349.10920673749536,72.44016039803029,0.0,,,326.6810386504277,2181.932542109346,2094.655240424972,87.27730168437392,2181.932542109346,0.0,1.0,0.0,0.0,0.1559646617956763,108.94866069412872,0.96,727.6532191101568,698.5470903457505,29.10612876440632,1.0,0.0,0.0,0.1559646617956763,108.94866069412872,0.96,727.6532191101568,698.5470903457505,29.10612876440632,1.0,0.0,0.0,0.1559486667786975,108.78371726217016,0.96,726.6261038890322,697.5610597334709,29.06504415556128,,,,659.7629774318341,2094.655240424972,1914.655223895901,180.00001652907713,2094.6552404249783,-6.366462912410498e-12,1.0,0,0,0.35010770579580297,171.43207285608136,0.9158336127702945,534.6552404249779,489.655240424978,44.99999999999994,1.0,0,0,0.3426883547973089,162.7769628643995,0.9134615066748519,519.9999999999999,474.9999834709229,45.00001652907696,1.0,0.0,0.0,0.3426883596961614,162.77697085567667,0.9134615384615378,520.0000000000003,475.0,45.00000000000034,1.0,0.0,0.0,0.3426883596961613,162.7769708556766,0.9134615384615387,519.9999999999999,475.0,44.999999999999886,1.0,,,0.101,193.380177613486,1914.655223895901,1914.655223895901,0.0,59.35431194077293,0.0,,,267.2773182134447,1.1368683772161603e-13,114.92924683178121,4.0,1179.824193695748,0.0,-0.0,0.0,119.87013807948799
106,1,107,0.1016,0.0,1179.8242033564616,,,,0,0.0,1,2181.932542109346,2181.932542109346,-0.0,349.10920673749536,72.44016039803029,0.0,,,326.68103865042747,2181.932542109346,2094.655240424972,87.27730168437392,2181.932542109346,0.0,1.0,0.0,0.0,0.1559646617956763,108.94866069412872,0.96,727.6532191101568,698.5470903457505,29.10612876440632,1.0,0.0,0.0,0.1559646617956763,108.94866069412872,0.96,727.6532191101568,698.5470903457505,29.10612876440632,1.0,0.0,0.0,0.1559486667786975,108.78371726217016,0.96,726.6261038890322,697.5610597334709,29.06504415556128,,,,659.7629854231113,2094.655240424972,1914.6552404249778,180.00000000000023,2094.6552404249783,-6.366462912410498e-12,1.0,0,0,0.35010770579580297,171.43207285608133,0.9158336127702945,534.6552404249779,489.65524042497793,45.0,1.0,0,0,0.34268835969616135,162.77697085567664,0.9134615384615384,520.0,475.0,45.0,1.0,0.0,0.0,0.3426883596961614,162.77697085567667,0.9134615384615378,520.0000000000003,475.0,45.00000000000034,1.0,0.0,0.0,0.3426883596961613,162.7769708556766,0.9134615384615387,519.9999999999999,475.0,44.999999999999886,1.0,,,0.101,193.38017928292277,1914.6552404249778,1914.6552404249778,0.0,59.35431245317431,0.0,,,267.2773016843678,0.0,114.92923972427815,4.0,1179.8242033564616,0.0,-0.0,0.0,119.87013906101649
107,1,108,0.1016,0.0,1179.8242033564616,,,,0,0.0,1,2181.932542109346,2181.932542109346,-0.0,349.10920673749536,72.44016039803029,0.0,,,326.6810386504276,2181.932542109346,2094.655240424972,87.27730168437392,2181.932542109346,0.0,1.0,0.0,0.0,0.1559646617956763,108.94866069412872,0.96,727.6532191101568,698.5470903457505,29.10612876440632,1.0,0.0,0.0,0.1559646617956763,108.94866069412872,0.96,727.6532191101568,698.5470903457505,29.10612876440632,1.0,0.0,0.0,0.1559486667786975,108.78371726217016,0.96,726.6261038890322,697.5610597334709,29.06504415556128,,,,659.7629854231113,2094.655240424972,1914.6552404249778,180.00000000000034,2094.6552404249783,-6.366462912410498e-12,1.0,0,0,0.35010770579580297,171.43207285608133,0.9158336127702945,534.6552404249779,489.65524042497793,45.0,1.0,0,0,0.34268835969616135,162.77697085567664,0.9134615384615384,520.0,475.0,45.0,1.0,0.0,0.0,0.3426883596961614,162.77697085567667,0.9134615384615378,520.0000000000003,475.0,45.00000000000034,1.0,0.0,0.0,0.34268835969616135,162.77697085567664,0.9134615384615384,520.0,475.0,45.0,1.0,,,0.101,193.38017928292277,1914.6552404249778,1914.6552404249778,0.0,59.35431245317431,0.0,,,267.2773016843679,-1.1368683772161603e-13,114.92923972427819,4.0,1179.8242033564616,0.0,-0.0,0.0,119.87013906101649
108,1,109,0.1016,0.0,1179.8242033564616,,,,0,0.0,1,2181.932542109346,2181.932542109346,-0.0,349.10920673749536,72.44016039803029,0.0,,,326.6810386504276,2181.932542109346,2094.655240424972,87.27730168437392,2181.932542109346,0.0,1.0,0.0,0.0,0.1559646617956763,108.94866069412872,0.96,727.6532191101568,698.5470903457505,29.10612876440632,1.0,0.0,0.0,0.1559646617956763,108.94866069412872,0.96,727.6532191101568,698.5470903457505,29.10612876440632,1.0,0.0,0.0,0.1559486667786975,108.78371726217016,0.96,726.6261038890322,697.5610597334709,29.06504415556128,,,,659.7629854231113,2094.655240424972,1914.655240424978,180.00000000000017,2094.6552404249783,-6.366462912410498e-12,1.0,0,0,0.35010770579580297,171.43207285608136,0.9158336127702945,534.6552404249779,489.655240424978,44.99999999999994,1.0,0,0,0.34268835969616135,162.77697085567664,0.9134615384615384,520.0,475.0,45.0,1.0,0.0,0.0,0.3426883596961614,162.77697085567667,0.9134615384615378,520.0000000000003,475.0,45.00000000000034,1.0,0.0,0.0,0.3426883596961613,162.7769708556766,0.9134615384615387,519.9999999999999,475.0,44.999999999999886,1.0,,,0.101,193.3801792829228,1914.655240424978,1914.655240424978,0.0,59.354312453174316,0.0,,,267.2773016843677,-1.4210854715202004e-13,114.92923972427812,4.0,1179.8242033564616,0.0,-0.0,0.0,119.87013906101649
109,1,110,0.1016,0.0,1179.8242033564616,,,,0,0.0,1,2181.932542109346,2181.932542109346,-0.0,349.10920673749536,72.44016039803029,0.0,,,326.6810386504276,2181.932542109346,2094.655240424972,87.27730168437392,2181.932542109346,0.0,1.0,0.0,0.0,0.1559646617956763,108.94866069412872,0.96,727.6532191101568,698.5470903457505,29.10612876440632,1.0,0.0,0.0,0.1559646617956763,108.94866069412872,0.96,727.6532191101568,698.5470903457505,29.10612876440632,1.0,0.0,0.0,0.1559486667786975,108.78371726217016,0.96,726.6261038890322,697.5610597334709,29.06504415556128,,,,659.7629854231113,2094.655240424972,1914.6552404249778,180.00000000000023,2094.6552404249783,-6.366462912410498e-12,1.0,0,0,0.35010770579580297,171.43207285608133,0.9158336127702945,534.6552404249779,489.65524042497793,45.0,1.0,0,0,0.34268835969616135,162.77697085567664,0.9134615384615384,520.0,475.0,45.0,1.0,0.0,0.0,0.3426883596961614,162.77697085567667,0.9134615384615378,520.0000000000003,475.0,45.00000000000034,1.0,0.0,0.0,0.3426883596961613,162.7769708556766,0.9134615384615387,519.9999999999999,475.0,44.999999999999886,1.0,,,0.101,193.38017928292277,1914.6552404249778,1914.6552404249778,0.0,59.35431245317431,0.0,,,267.2773016843678,-1.1368683772161603e-13,114.92923972427815,4.0,1179.8242033564616,0.0,-0.0,0.0,119.87013906101649
110,1,111,0.1016,0.0,1179.8242033564616,,,,0,0.0,1,2181.932542109346,2181.932542109346,-0.0,349.10920673749536,72.44016039803029,0.0,,,326.6810386504276,2181.932542109346,2094.655240424972,87.27730168437392,2181.932542109346,0.0,1.0,0.0,0.0,0.1559646617956763,108.94866069412872,0.96,727.6532191101568,698.5470903457505,29.10612876440632,1.0,0.0,0.0,0.1559646617956763,108.94866069412872,0.96,727.6532191101568,698.5470903457505,29.10612876440632,1.0,0.0,0.0,0.1559486667786975,108.78371726217016,0.96,726.6261038890322,697.5610597334709,29.06504415556128,,,,659.7629854231113,2094.655240424972,1914.6552404249778,180.00000000000034,2094.6552404249783,-6.366462912410498e-12,1.0,0,0,0.35010770579580297,171.43207285608133,0.9158336127702945,534.6552404249779,489.65524042497793,45.0,1.0,0,0,0.34268835969616135,162.77697085567664,0.9134615384615384,520.0,475.0,45.0,1.0,0.0,0.0,0.3426883596961614,162.77697085567667,0.9134615384615378,520.0000000000003,475.0,45.00000000000034,1.0,0.0,0.0,0.3426883596961614,162.77697085567667,0.9134615384615385,520.0,475.0,45.0,1.0,,,0.101,193.38017928292277,1914.6552404249778,1914.6552404249778,0.0,59.35431245317431,0.0,,,267.2773016843679,-1.1368683772161603e-13,114.92923972427819,4.0,1179.8242033564616,0.0,-0.0,0.0,119.87013906101649
111,1,112,0.1016,0.0,1179.8242033564616,,,,0,0.0,1,2181.932542109346,2181.932542109346,-0.0,349.10920673749536,72.44016039803029,0.0,,,326.6810386504276,2181.932542109346,2094.655240424972,87.27730168437392,2181.932542109346,0.0,1.0,0.0,0.0,0.1559646617956763,108.94866069412872,0.96,727.6532191101568,698.5470903457505,29.10612876440632,1.0,0.0,0.0,0.1559646617956763,108.94866069412872,0.96,727.6532191101568,698.5470903457505,29.10612876440632,1.0,0.0,0.0,0.1559486667786975,108.78371726217016,0.96,726.6261038890322,697.5610597334709,29.06504415556128,,,,659.7629854231113,2094.655240424972,1914.6552404249778,180.00000000000023,2094.6552404249783,-6.366462912410498e-12,1.0,0,0,0.35010770579580297,171.43207285608133,0.9158336127702945,534.6552404249779,489.65524042497793,45.0,1.0,0,0,0.34268835969616135,162.77697085567664,0.9134615384615384,520.0,475.0,45.0,1.0,0.0,0.0,0.3426883596961614,162.77697085567667,0.9134615384615378,520.0000000000003,475.0,45.00000000000034,1.0,0.0,0.0,0.3426883596961613,162.7769708556766,0.9134615384615387,519.9999999999999,475.0,44.999999999999886,1.0,,,0.101,193.38017928292277,1914.6552404249778,1914.6552404249778,0.0,59.35431245317431,0.0,,,267.2773016843678,-1.1368683772161603e-13,114.92923972427815,4.0,1179.8242033564616,0.0,-0.0,0.0,119.87013906101649
112,1,113,0.1016,0.0,1179.8242033564616,,,,0,0.0,1,2181.932542109346,2181.932542109346,-0.0,349.10920673749536,72.44016039803029,0.0,,,326.6810386504276,2181.932542109346,2094.655240424972,87.27730168437392,2181.932542109346,0.0,1.0,0.0,0.0,0.1559646617956763,108.94866069412872,0.96,727.6532191101568,698.5470903457505,29.10612876440632,1.0,0.0,0.0,0.1559646617956763,108.94866069412872,0.96,727.6532191101568,698.5470903457505,29.10612876440632,1.0,0.0,0.0,0.1559486667786975,108.78371726217016,0.96,726.6261038890322,697.5610597334709,29.06504415556128,,,,659.7629854231113,2094.655240424972,1914.6552404249778,180.00000000000034,2094.6552404249783,-6.366462912410498e-12,1.0,0,0,0.35010770579580297,171.43207285608133,0.9158336127702945,534.6552404249779,489.65524042497793,45.0,1.0,0,0,0.34268835969616135,162.77697085567664,0.9134615384615384,520.0,475.0,45.0,1.0,0.0,0.0,0.3426883596961614,162.77697085567667,0.9134615384615378,520.0000000000003,475.0,45.00000000000034,1.0,0.0,0.0,0.34268835969616135,162.77697085567664,0.9134615384615384,520.0,475.0,45.0,1.0,,,0.101,193.38017928292277,1914.6552404249778,1914.6552404249778,0.0,59.35431245317431,0.0,,,267.2773016843679,-1.1368683772161603e-13,114.92923972427819,4.0,1179.8242033564616,0.0,-0.0,0.0,119.87013906101649
113,1,114,0.15246,0.0,590.8008646712696,,,,0,0.0,1,1087.1604348368069,1087.1604348368069,-0.0,173.9456695738891,36.09372643658199,0.0,,,168.50449296302685,1087.1604348368069,1043.6740174433346,43.48641739347232,1087.1604348368069,0.0,1.0,0.0,0.0,0.1579815848758349,90.52994270564095,0.96,596.9178225792941,573.0411096761223,23.87671290317178,1.0,0.0,0.0,0.16568019144116952,77.974550257386,0.96,490.2426122575128,470.63290776721226,19.609704490300544,0.0,0.0,1.0,0.27099999999999996,0.0,0.96,0.0,0.0,-0.0,,,,326.27351484057067,1043.6740174433346,950.7213551254656,92.95266231786917,1043.6740174433348,-2.2737367544323206e-13,1.0,0,0,0.3436813214781451,163.496543984894,0.9084303197779755,523.6740174433347,475.72135512546566,47.952662317869056,1.0,0,0,0.3426883596961614,162.77697085567667,0.9134615384615383,520.0000000000001,475.0,45.000000000000114,0.0,0.0,1.0,0.08724817754776787,0.0,0.8800000000000001,0.0,0.0,0.0,0.0,0.0,1.0,0.08724817754776787,0.0,0.8800000000000001,0.0,0.0,0.0,1.0,,,0.101,96.02285686767203,950.7213551254656,950.7213551254656,0.0,29.472362008889434,0.0,,,136.43907971134126,0.0,58.668804275876745,2.0,590.8008646712696,0.0,0.0,0.0,90.07349982778176
114,1,115,0.15246,0.0,590.8008646712696,,,,0,0.0,1,1087.1604348368069,1087.1604348368069,-0.0,173.9456695738891,36.09372643658199,0.0,,,168.50449296302673,1087.1604348368069,1043.6740174433346,43.48641739347232,1087.1604348368069,0.0,1.0,0.0,0.0,0.1579815848758349,90.52994270564095,0.96,596.9178225792941,573.0411096761223,23.87671290317178,1.0,0.0,0.0,0.16568019144116952,77.974550257386,0.96,490.2426122575128,470.63290776721226,19.609704490300544,0.0,0.0,0.0,0.27099999999999996,0.0,0.96,0.0,0.0,-0.0,,,,326.2735148405707,1043.6740174433346,950.7213551254658,92.95266231786906,1043.6740174433348,-2.2737367544323206e-13,1.0,0,0,0.3436813214781452,163.49654398489406,0.9084303197779757,523.6740174433347,475.7213551254658,47.95266231786894,1.0,0,0,0.3426883596961614,162.77697085567667,0.9134615384615383,520.0000000000001,475.0,45.000000000000114,0.0,0.0,0.0,0.08724817754776787,0.0,0.8800000000000001,0.0,0.0,0.0,0.0,0.0,0.0,0.08724817754776787,0.0,0.8800000000000001,0.0,0.0,0.0,1.0,,,0.101,96.02285686767206,950.7213551254658,950.7213551254658,0.0,29.47236200888944,0.0,,,136.43907971134115,2.842170943040401e-14,58.668804275876695,2.0,590.8008646712696,0.0,0.0,0.0,90.07349982778176
115,1,116,0.15246,0.0,590.8008646712696,,,,0,0.0,1,1087.1604348368069,1087.1604348368069,-0.0,173.9456695738891,36.09372643658199,0.0,,,168.5044929630268,1087.1604348368069,1043.6740174433346,43.48641739347232,1087.1604348368069,0.0,1.0,0.0,0.0,0.1579815848758349,90.52994270564095,0.96,596.9178225792941,573.0411096761223,23.87671290317178,1.0,0.0,0.0,0.16568019144116952,77.974550257386,0.96,490.2426122575128,470.63290776721226,19.609704490300544,0.0,0.0,0.0,0.27099999999999996,0.0,0.96,0.0,0.0,-0.0,,,,326.2735148405707,1043.6740174433346,950.7213551254657,92.95266231786911,1043.6740174433348,-2.2737367544323206e-13,1.0,0,0,0.3436813214781452,163.49654398489406,0.9084303197779756,523.6740174433347,475.7213551254657,47.952662317869,1.0,0,0,0.3426883596961614,162.77697085567667,0.9134615384615383,520.0000000000001,475.0,45.000000000000114,0.0,0.0,0.0,0.08724817754776787,0.0,0.8800000000000001,0.0,0.0,0.0,0.0,0.0,0.0,0.08724817754776787,0.0,0.8800000000000001,0.0,0.0,0.0,1.0,,,0.101,96.02285686767205,950.7213551254657,950.7213551254657,0.0,29.472362008889437,0.0,,,136.4390797113412,-1.4210854715202004e-14,58.66880427587672,2.0,590.8008646712696,0.0,0.0,0.0,90.07349982778176
116,1,117,0.15246,0.0,590.8008646712696,,,,0,0.0,1,1087.1604348368069,1087.1604348368069,-0.0,173.9456695738891,36.09372643658199,0.0,,,168.50449296302685,1087.1604348368069,1043.6740174433346,43.48641739347232,1087.1604348368069,0.0,1.0,0.0,0.0,0.1579815848758349,90.52994270564095,0.96,596.9178225792941,573.0411096761223,23.87671290317178,1.0,0.0,0.0,0.16568019144116952,77.974550257386,0.96,490.2426122575128,470.63290776721226,19.609704490300544,0.0,0.0,0.0,0.27099999999999996,0.0,0.96,0.0,0.0,-0.0,,,,326.27351484057067,1043.6740174433346,950.7213551254656,92.95266231786917,1043.6740174433348,-2.2737367544323206e-13,1.0,0,0,0.3436813214781451,163.496543984894,0.9084303197779755,523.6740174433347,475.72135512546566,47.952662317869056,1.0,0,0,0.3426883596961614,162.77697085567667,0.9134615384615383,520.0000000000001,475.0,45.000000000000114,0.0,0.0,0.0,0.08724817754776787,0.0,0.8800000000000001,0.0,0.0,0.0,0.0,0.0,0.0,0.08724817754776787,0.0,0.8800000000000001,0.0,0.0,0.0,1.0,,,0.101,96.02285686767203,950.7213551254656,950.7213551254656,0.0,29.472362008889434,0.0,,,136.43907971134126,0.0,58.668804275876745,2.0,590.8008646712696,0.0,0.0,0.0,90.07349982778176
117,1,118,0.15246,0.0,590.8008646712696,,,,0,0.0,1,1087.1604348368069,1087.1604348368069,-0.0,173.9456695738891,36.09372643658199,0.0,,,168.5044929630268,1087.1604348368069,1043.6740174433346,43.48641739347232,1087.1604348368069,0.0,1.0,0.0,0.0,0.1579815848758349,90.52994270564095,0.96,596.9178225792941,573.0411096761223,23.87671290317178,1.0,0.0,0.0,0.16568019144116952,77.974550257386,0.96,490.2426122575128,470.63290776721226,19.609704490300544,0.0,0.0,0.0,0.271,0.0,0.96,0.0,0.0,-0.0,,,,326.2735148405707,1043.6740174433346,950.7213551254657,92.95266231786911,1043.6740174433348,-2.2737367544323206e-13,1.0,0,0,0.3436813214781452,163.49654398489406,0.9084303197779756,523.6740174433347,475.7213551254657,47.952662317869,1.0,0,0,0.3426883596961614,162.77697085567667,0.9134615384615383,520.0000000000001,475.0,45.000000000000114,0.0,0.0,0.0,0.08724817754776787,0.0,0.8800000000000001,0.0,0.0,0.0,0.0,0.0,0.0,0.08724817754776787,0.0,0.8800000000000001,0.0,0.0,0.0,1.0,,,0.101,96.02285686767205,950.7213551254657,950.7213551254657,0.0,29.472362008889437,0.0,,,136.4390797113412,-1.4210854715202004e-14,58.66880427587672,2.0,590.8008646712696,0.0,0.0,0.0,90.07349982778176
118,1,119,0.1016,0.0,1179.674876627756,,,,0,0.0,1,2181.753061034631,2181.753061034631,-0.0,349.080489765541,72.43420162634976,0.0,,,326.6520788706662,2181.753061034631,2094.482938593246,87.2701224413853,2181.753061034631,0.0,1.0,0.0,0.0,0.15595833838114773,108.88402629022207,0.96,727.2510203448772,698.1609795310821,29.0900408137951,1.0,0.0,0.0,0.15595833838114773,108.88402629022204,0.96,727.2510203448771,698.160979531082,29.0900408137951,1.0,1.0,0.0,0.15595833838114773,108.88402629022204,0.96,727.2510203448771,698.160979531082,29.0900408137951,,,,659.660020959172,2094.482938593246,1914.4829385932467,179.9999999999999,2094.4829385932467,-4.547473508864641e-13,1.0,0,0,0.350020592923085,171.32910839214216,0.9158064799627851,534.4829385932466,489.48293859324656,45.0,1.0,0,0,0.34268835969616135,162.77697085567664,0.9134615384615384,520.0,475.0,45.0,1.0,1.0,0.0,0.3426883596961613,162.7769708556766,0.9134615384615387,519.9999999999999,475.0,44.999999999999886,1.0,1.0,0.0,0.34268835969616135,162.77697085567664,0.9134615384615384,520.0,475.0,45.0,1.0,,,0.101,193.36277679791792,1914.4829385932467,1914.4829385932467,0.0,59.34897109639065,0.0,,,267.27012244138473,-8.526512829121202e-14,114.92615264979543,4.0,1179.674876627756,0.0,-0.0,0.0,119.85496746538001
119,1,120,0.1016,0.0,1179.674876627756,,,,0,0.0,1,2181.753061034631,2181.753061034631,-0.0,349.080489765541,72.43420162634976,0.0,,,326.6520788706662,2181.753061034631,2094.482938593246,87.2701224413853,2181.753061034631,0.0,1.0,0.0,0.0,0.15595833838114773,108.88402629022207,0.96,727.2510203448772,698.1609795310821,29.0900408137951,1.0,0.0,0.0,0.15595833838114773,108.88402629022204,0.96,727.2510203448771,698.160979531082,29.0900408137951,1.0,0.0,0.0,0.15595833838114773,108.88402629022204,0.96,727.2510203448771,698.160979531082,29.0900408137951,,,,659.660020959172,2094.482938593246,1914.4829385932467,179.9999999999999,2094.4829385932467,-4.547473508864641e-13,1.0,0,0,0.350020592923085,171.32910839214216,0.9158064799627851,534.4829385932466,489.48293859324656,45.0,1.0,0,0,0.34268835969616135,162.77697085567664,0.9134615384615384,520.0,475.0,45.0,1.0,0.0,0.0,0.3426883596961613,162.7769708556766,0.9134615384615387,519.9999999999999,475.0,44.999999999999886,1.0,0.0,0.0,0.34268835969616135,162.77697085567664,0.9134615384615384,520.0,475.0,45.0,1.0,,,0.101,193.36277679791792,1914.4829385932467,1914.4829385932467,0.0,59.34897109639065,0.0,,,267.27012244138473,-8.526512829121202e-14,114.92615264979543,4.0,1179.674876627756,0.0,-0.0,0.0,119.85496746538001
120,1,121,0.1016,0.0,1179.674876627756,,,,0,0.0,1,2181.753061034631,2181.753061034631,-0.0,349.080489765541,72.43420162634976,0.0,,,326.6520788706662,2181.753061034631,2094.482938593246,87.2701224413853,2181.753061034631,0.0,1.0,0.0,0.0,0.15595833838114773,108.88402629022207,0.96,727.2510203448772,698.1609795310821,29.0900408137951,1.0,0.0,0.0,0.15595833838114773,108.88402629022204,0.96,727.2510203448771,698.160979531082,29.0900408137951,1.0,0.0,0.0,0.15595833838114773,108.88402629022204,0.96,727.2510203448771,698.160979531082,29.0900408137951,,,,659.660020959172,2094.482938593246,1914.4829385932467,179.9999999999999,2094.4829385932467,-4.547473508864641e-13,1.0,0,0,0.350020592923085,171.32910839214216,0.9158064799627851,534.4829385932466,489.48293859324656,45.0,1.0,0,0,0.34268835969616135,162.77697085567664,0.9134615384615384,520.0,475.0,45.0,1.0,0.0,0.0,0.3426883596961613,162.7769708556766,0.9134615384615387,519.9999999999999,475.0,44.999999999999886,1.0,0.0,0.0,0.34268835969616135,162.77697085567664,0.9134615384615384,520.0,475.0,45.0,1.0,,,0.101,193.36277679791792,1914.4829385932467,1914.4829385932467,0.0,59.34897109639065,0.0,,,267.27012244138473,-8.526512829121202e-14,114.92615264979543,4.0,1179.674876627756,0.0,-0.0,0.0,119.85496746538001
121,1,122,0.1016,0.0,1179.674876627756,,,,0,0.0,1,2181.753061034631,2181.753061034631,-0.0,349.080489765541,72.43420162634976,0.0,,,326.6520788706662,2181.753061034631,2094.482938593246,87.2701224413853,2181.753061034631,0.0,1.0,0.0,0.0,0.15595833838114773,108.88402629022207,0.96,727.2510203448772,698.1609795310821,29.0900408137951,1.0,0.0,0.0,0.15595833838114773,108.88402629022204,0.96,727.2510203448771,698.160979531082,29.0900408137951,1.0,0.0,0.0,0.15595833838114773,108.88402629022204,0.96,727.2510203448771,698.160979531082,29.0900408137951,,,,659.660020959172,2094.482938593246,1914.4829385932467,179.9999999999999,2094.4829385932467,-4.547473508864641e-13,1.0,0,0,0.350020592923085,171.32910839214216,0.9158064799627851,534.4829385932466,489.48293859324656,45.0,1.0,0,0,0.34268835969616135,162.77697085567664,0.9134615384615384,520.0,475.0,45.0,1.0,0.0,0.0,0.3426883596961613,162.7769708556766,0.9134615384615387,519.9999999999999,475.0,44.999999999999886,1.0,0.0,0.0,0.34268835969616135,162.77697085567664,0.9134615384615384,520.0,475.0,45.0,1.0,,,0.101,193.36277679791792,1914.4829385932467,1914.4829385932467,0.0,59.34897109639065,0.0,,,267.27012244138473,-8.526512829121202e-14,114.92615264979543,4.0,1179.674876627756,0.0,-0.0,0.0,119.85496746538001
122,1,123,0.1016,0.0,1179.674876627756,,,,0,0.0,1,2181.753061034631,2181.753061034631,-0.0,349.080489765541,72.43420162634976,0.0,,,326.6520788706662,2181.753061034631,2094.482938593246,87.2701224413853,2181.753061034631,0.0,1.0,0.0,0.0,0.15595833838114773,108.88402629022207,0.96,727.2510203448772,698.1609795310821,29.0900408137951,1.0,0.0,0.0,0.15595833838114773,108.88402629022204,0.96,727.2510203448771,698.160979531082,29.0900408137951,1.0,0.0,0.0,0.15595833838114773,108.88402629022204,0.96,727.2510203448771,698.160979531082,29.0900408137951,,,,659.660020959172,2094.482938593246,1914.4829385932467,179.9999999999999,2094.4829385932467,-4.547473508864641e-13,1.0,0,0,0.350020592923085,171.32910839214216,0.9158064799627851,534.4829385932466,489.48293859324656,45.0,1.0,0,0,0.34268835969616135,162.77697085567664,0.9134615384615384,520.0,475.0,45.0,1.0,0.0,0.0,0.3426883596961613,162.7769708556766,0.9134615384615387,519.9999999999999,475.0,44.999999999999886,1.0,0.0,0.0,0.34268835969616135,162.77697085567664,0.9134615384615384,520.0,475.0,45.0,1.0,,,0.101,193.36277679791792,1914.4829385932467,1914.4829385932467,0.0,59.34897109639065,0.0,,,267.27012244138473,-8.526512829121202e-14,114.92615264979543,4.0,1179.674876627756,0.0,-0.0,0.0,119.85496746538001
123,1,124,0.1016,0.0,1179.674876627756,,,,0,0.0,1,2181.753061034631,2181.753061034631,-0.0,349.080489765541,72.43420162634976,0.0,,,326.6520788706662,2181.753061034631,2094.482938593246,87.2701224413853,2181.753061034631,0.0,1.0,0.0,0.0,0.15595833838114773,108.88402629022207,0.96,727.2510203448772,698.1609795310821,29.0900408137951,1.0,0.0,0.0,0.15595833838114773,108.88402629022204,0.96,727.2510203448771,698.160979531082,29.0900408137951,1.0,0.0,0.0,0.15595833838114773,108.88402629022204,0.96,727.2510203448771,698.160979531082,29.0900408137951,,,,659.660020959172,2094.482938593246,1914.4829385932467,180.0,2094.4829385932467,-4.547473508864641e-13,1.0,0,0,0.350020592923085,171.32910839214216,0.9158064799627851,534.4829385932466,489.48293859324656,45.0,1.0,0,0,0.3426883596961614,162.77697085567667,0.9134615384615383,520.0000000000001,475.0,45.000000000000114,1.0,0.0,0.0,0.3426883596961613,162.7769708556766,0.9134615384615387,519.9999999999999,475.0,44.999999999999886,1.0,0.0,0.0,0.34268835969616135,162.77697085567664,0.9134615384615384,520.0,475.0,45.0,1.0,,,0.101,193.36277679791792,1914.4829385932467,1914.4829385932467,0.0,59.34897109639065,0.0,,,267.27012244138484,-8.526512829121202e-14,114.92615264979548,4.0,1179.674876627756,0.0,-0.0,0.0,119.85496746538001
124,1,125,0.1016,0.0,1179.674876627756,,,,0,0.0,1,2181.753061034631,2181.753061034631,-0.0,349.080489765541,72.43420162634976,0.0,,,326.6520788706662,2181.753061034631,2094.482938593246,87.2701224413853,2181.753061034631,0.0,1.0,0.0,0.0,0.15595833838114773,108.88402629022207,0.96,727.2510203448772,698.1609795310821,29.0900408137951,1.0,0.0,0.0,0.15595833838114773,108.88402629022204,0.96,727.2510203448771,698.160979531082,29.0900408137951,1.0,0.0,0.0,0.15595833838114773,108.88402629022204,0.96,727.2510203448771,698.160979531082,29.0900408137951,,,,659.660020959172,2094.482938593246,1914.4829385932467,179.9999999999999,2094.4829385932467,-4.547473508864641e-13,1.0,0,0,0.350020592923085,171.32910839214216,0.9158064799627851,534.4829385932466,489.48293859324656,45.0,1.0,0,0,0.34268835969616135,162.77697085567664,0.9134615384615384,520.0,475.0,45.0,1.0,0.0,0.0,0.3426883596961613,162.7769708556766,0.9134615384615387,519.9999999999999,475.0,44.999999999999886,1.0,0.0,0.0,0.34268835969616135,162.77697085567664,0.9134615384615384,520.0,475.0,45.0,1.0,,,0.101,193.36277679791792,1914.4829385932467,1914.4829385932467,0.0,59.34897109639065,0.0,,,267.27012244138473,-8.526512829121202e-14,114.92615264979543,4.0,1179.674876627756,0.0,-0.0,0.0,119.85496746538001
125,1,126,0.1016,0.0,1179.674876627756,,,,0,0.0,1,2181.753061034631,2181.753061034631,-0.0,349.080489765541,72.43420162634976,0.0,,,326.6520788706662,2181.753061034631,2094.482938593246,87.2701224413853,2181.753061034631,0.0,1.0,0.0,0.0,0.15595833838114773,108.88402629022207,0.96,727.2510203448772,698.1609795310821,29.0900408137951,1.0,0.0,0.0,0.15595833838114773,108.88402629022204,0.96,727.2510203448771,698.160979531082,29.0900408137951,1.0,0.0,0.0,0.15595833838114773,108.88402629022204,0.96,727.2510203448771,698.160979531082,29.0900408137951,,,,659.660020959172,2094.482938593246,1914.4829385932467,179.9999999999999,2094.4829385932467,-4.547473508864641e-13,1.0,0,0,0.350020592923085,171.32910839214216,0.9158064799627851,534.4829385932466,489.48293859324656,45.0,1.0,0,0,0.34268835969616135,162.77697085567664,0.9134615384615384,520.0,475.0,45.0,1.0,0.0,0.0,0.3426883596961613,162.7769708556766,0.9134615384615387,519.9999999999999,475.0,44.999999999999886,1.0,0.0,0.0,0.34268835969616135,162.77697085567664,0.9134615384615384,520.0,475.0,45.0,1.0,,,0.101,193.36277679791792,1914.4829385932467,1914.4829385932467,0.0,59.34897109639065,0.0,,,267.27012244138473,-8.526512829121202e-14,114.92615264979543,4.0,1179.674876627756,0.0,-0.0,0.0,119.85496746538001
126,1,127,0.1016,0.0,1179.674876627756,,,,0,0.0,1,2181.753061034631,2181.753061034631,-0.0,349.080489765541,72.43420162634976,0.0,,,326.6520788706662,2181.753061034631,2094.482938593246,87.2701224413853,2181.753061034631,0.0,1.0,0.0,0.0,0.15595833838114773,108.88402629022207,0.96,727.2510203448772,698.1609795310821,29.0900408137951,1.0,0.0,0.0,0.15595833838114773,108.88402629022204,0.96,727.2510203448771,698.160979531082,29.0900408137951,1.0,0.0,0.0,0.15595833838114773,108.88402629022204,0.96,727.2510203448771,698.160979531082,29.0900408137951,,,,659.660020959172,2094.482938593246,1914.4829385932467,179.9999999999999,2094.4829385932467,-4.547473508864641e-13,1.0,0,0,0.350020592923085,171.32910839214216,0.9158064799627851,534.4829385932466,489.48293859324656,45.0,1.0,0,0,0.34268835969616135,162.77697085567664,0.9134615384615384,520.0,475.0,45.0,1.0,0.0,0.0,0.3426883596961613,162.7769708556766,0.9134615384615387,519.9999999999999,475.0,44.999999999999886,1.0,0.0,0.0,0.34268835969616135,162.77697085567664,0.9134615384615384,520.0,475.0,45.0,1.0,,,0.101,193.36277679791792,1914.4829385932467,1914.4829385932467,0.0,59.34897109639065,0.0,,,267.27012244138473,-8.526512829121202e-14,114.92615264979543,4.0,1179.674876627756,0.0,-0.0,0.0,119.85496746538001
127,1,128,0.1016,0.0,1179.674876627756,,,,0,0.0,1,2181.753061034631,2181.753061034631,-0.0,349.080489765541,72.43420162634976,0.0,,,326.6520788706662,2181.753061034631,2094.482938593246,87.2701224413853,2181.753061034631,0.0,1.0,0.0,0.0,0.15595833838114773,108.88402629022207,0.96,727.2510203448772,698.1609795310821,29.0900408137951,1.0,0.0,0.0,0.15595833838114773,108.88402629022204,0.96,727.2510203448771,698.160979531082,29.0900408137951,1.0,0.0,0.0,0.15595833838114773,108.88402629022204,0.96,727.2510203448771,698.160979531082,29.0900408137951,,,,659.660020959172,2094.482938593246,1914.4829385932467,179.99999999999977,2094.482938593246,-0.0,1.0,0,0,0.350020592923085,171.32910839214216,0.9158064799627851,534.4829385932466,489.48293859324656,45.0,1.0,0,0,0.34268835969616135,162.77697085567664,0.9134615384615384,520.0,475.0,45.0,1.0,0.0,0.0,0.3426883596961613,162.7769708556766,0.9134615384615388,519.9999999999998,475.0,44.99999999999977,1.0,0.0,0.0,0.34268835969616135,162.77697085567664,0.9134615384615384,520.0,475.0,45.0,1.0,,,0.101,193.36277679791792,1914.4829385932467,1914.4829385932467,0.0,59.34897109639065,0.0,,,267.27012244138507,-8.526512829121202e-14,114.92615264979558,4.0,1179.674876627756,0.0,-0.0,0.0,119.85496746538001
128,1,129,0.1016,0.0,1179.674876627756,,,,0,0.0,1,2181.753061034631,2181.753061034631,-0.0,349.080489765541,72.43420162634976,0.0,,,326.6520788706662,2181.753061034631,2094.482938593246,87.2701224413853,2181.753061034631,0.0,1.0,0.0,0.0,0.15595833838114773,108.88402629022207,0.96,727.2510203448772,698.1609795310821,29.0900408137951,1.0,0.0,0.0,0.15595833838114773,108.88402629022204,0.96,727.2510203448771,698.160979531082,29.0900408137951,1.0,0.0,0.0,0.15595833838114773,108.88402629022204,0.96,727.2510203448771,698.160979531082,29.0900408137951,,,,659.660020959172,2094.482938593246,1914.4829385932467,179.9999999999999,2094.4829385932467,-4.547473508864641e-13,1.0,0,0,0.350020592923085,171.32910839214216,0.9158064799627851,534.4829385932466,489.48293859324656,45.0,1.0,0,0,0.34268835969616135,162.77697085567664,0.9134615384615384,520.0,475.0,45.0,1.0,0.0,0.0,0.3426883596961613,162.7769708556766,0.9134615384615387,519.9999999999999,475.0,44.999999999999886,1.0,0.0,0.0,0.34268835969616135,162.77697085567664,0.9134615384615384,520.0,475.0,45.0,1.0,,,0.101,193.36277679791792,1914.4829385932467,1914.4829385932467,0.0,59.34897109639065,0.0,,,267.27012244138473,-8.526512829121202e-14,114.92615264979543,4.0,1179.674876627756,0.0,-0.0,0.0,119.85496746538001
129,1,130,0.1016,0.0,1179.674876627756,,,,0,0.0,1,2181.753061034631,2181.753061034631,-0.0,349.080489765541,72.43420162634976,0.0,,,326.6520788706662,2181.753061034631,2094.482938593246,87.2701224413853,2181.753061034631,0.0,1.0,0.0,0.0,0.15595833838114773,108.88402629022207,0.96,727.2510203448772,698.1609795310821,29.0900408137951,1.0,0.0,0.0,0.15595833838114773,108.88402629022204,0.96,727.2510203448771,698.160979531082,29.0900408137951,1.0,0.0,0.0,0.15595833838114773,108.88402629022204,0.96,727.2510203448771,698.160979531082,29.0900408137951,,,,659.660020959172,2094.482938593246,1914.4829385932467,179.9999999999999,2094.4829385932467,-4.547473508864641e-13,1.0,0,0,0.350020592923085,171.32910839214216,0.9158064799627851,534.4829385932466,489.48293859324656,45.0,1.0,0,0,0.34268835969616135,162.77697085567664,0.9134615384615384,520.0,475.0,45.0,1.0,0.0,0.0,0.3426883596961613,162.7769708556766,0.9134615384615387,519.9999999999999,475.0,44.999999999999886,1.0,0.0,0.0,0.34268835969616135,162.77697085567664,0.9134615384615384,520.0,475.0,45.0,1.0,,,0.101,193.36277679791792,1914.4829385932467,1914.4829385932467,0.0,59.34897109639065,0.0,,,267.27012244138473,-8.526512829121202e-14,114.92615264979543,4.0,1179.674876627756,0.0,-0.0,0.0,119.85496746538001
130,1,131,0.1016,0.0,1179.674876627756,,,,0,0.0,1,2181.753061034631,2181.753061034631,-0.0,349.080489765541,72.43420162634976,0.0,,,326.65207887066606,2181.753061034631,2094.482938593246,87.2701224413853,2181.753061034631,0.0,1.0,0.0,0.0,0.15595833838114773,108.88402629022207,0.96,727.2510203448772,698.1609795310821,29.0900408137951,1.0,0.0,0.0,0.15595833838114773,108.88402629022204,0.96,727.2510203448771,698.160979531082,29.0900408137951,1.0,0.0,0.0,0.15595833838114773,108.88402629022204,0.96,727.2510203448771,698.160979531082,29.0900408137951,,,,659.6600209591721,2094.482938593246,1914.4829385932467,180.0,2094.4829385932467,-4.547473508864641e-13,1.0,0,0,0.350020592923085,171.32910839214216,0.9158064799627851,534.4829385932466,489.48293859324656,45.0,1.0,0,0,0.34268835969616135,162.77697085567664,0.9134615384615384,520.0,475.0,45.0,1.0,0.0,0.0,0.3426883596961614,162.77697085567667,0.9134615384615385,520.0,475.0,45.0,1.0,0.0,0.0,0.34268835969616135,162.77697085567664,0.9134615384615384,520.0,475.0,45.0,1.0,,,0.101,193.36277679791792,1914.4829385932467,1914.4829385932467,0.0,59.34897109639065,0.0,,,267.27012244138484,-8.526512829121202e-14,114.92615264979548,4.0,1179.674876627756,0.0,-0.0,0.0,119.85496746538001
131,1,132,0.1016,0.0,1179.674876627756,,,,0,0.0,1,2181.753061034631,2181.753061034631,-0.0,349.080489765541,72.43420162634976,0.0,,,326.6520788706662,2181.753061034631,2094.482938593246,87.2701224413853,2181.753061034631,0.0,1.0,0.0,0.0,0.15595833838114773,108.88402629022207,0.96,727.2510203448772,698.1609795310821,29.0900408137951,1.0,0.0,0.0,0.15595833838114773,108.88402629022204,0.96,727.2510203448771,698.160979531082,29.0900408137951,1.0,0.0,0.0,0.15595833838114773,108.88402629022204,0.96,727.2510203448771,698.160979531082,29.0900408137951,,,,659.660020959172,2094.482938593246,1914.4829385932467,179.9999999999999,2094.4829385932467,-4.547473508864641e-13,1.0,0,0,0.350020592923085,171.32910839214216,0.9158064799627851,534.4829385932466,489.48293859324656,45.0,1.0,0,0,0.34268835969616135,162.77697085567664,0.9134615384615384,520.0,475.0,45.0,1.0,0.0,0.0,0.3426883596961613,162.7769708556766,0.9134615384615387,519.9999999999999,475.0,44.999999999999886,1.0,0.0,0.0,0.34268835969616135,162.77697085567664,0.9134615384615384,520.0,475.0,45.0,1.0,,,0.101,193.36277679791792,1914.4829385932467,1914.4829385932467,0.0,59.34897109639065,0.0,,,267.27012244138473,-8.526512829121202e-14,114.92615264979543,4.0,1179.674876627756,0.0,-0.0,0.0,119.85496746538001
132,1,133,0.1016,0.0,1179.674876627756,,,,0,0.0,1,2181.753061034631,2181.753061034631,-0.0,349.080489765541,72.43420162634976,0.0,,,326.6520788706662,2181.753061034631,2094.482938593246,87.2701224413853,2181.753061034631,0.0,1.0,0.0,0.0,0.15595833838114773,108.88402629022207,0.96,727.2510203448772,698.1609795310821,29.0900408137951,1.0,0.0,0.0,0.15595833838114773,108.88402629022204,0.96,727.2510203448771,698.160979531082,29.0900408137951,1.0,0.0,0.0,0.15595833838114773,108.88402629022204,0.96,727.2510203448771,698.160979531082,29.0900408137951,,,,659.660020959172,2094.482938593246,1914.4829385932467,179.9999999999999,2094.4829385932467,-4.547473508864641e-13,1.0,0,0,0.350020592923085,171.32910839214216,0.9158064799627851,534.4829385932466,489.48293859324656,45.0,1.0,0,0,0.34268835969616135,162.77697085567664,0.9134615384615384,520.0,475.0,45.0,1.0,0.0,0.0,0.3426883596961613,162.7769708556766,0.9134615384615387,519.9999999999999,475.0,44.999999999999886,1.0,0.0,0.0,0.34268835969616135,162.77697085567664,0.9134615384615384,520.0,475.0,45.0,1.0,,,0.101,193.36277679791792,1914.4829385932467,1914.4829385932467,0.0,59.34897109639065,0.0,,,267.27012244138473,-8.526512829121202e-14,114.92615264979543,4.0,1179.674876627756,0.0,-0.0,0.0,119.85496746538001
133,1,134,0.1016,0.0,1179.674876627756,,,,0,0.0,1,2181.753061034631,2181.753061034631,-0.0,349.080489765541,72.43420162634976,0.0,,,326.6520788706662,2181.753061034631,2094.482938593246,87.2701224413853,2181.753061034631,0.0,1.0,0.0,0.0,0.15595833838114773,108.88402629022207,0.96,727.2510203448772,698.1609795310821,29.0900408137951,1.0,0.0,0.0,0.15595833838114773,108.88402629022204,0.96,727.2510203448771,698.160979531082,29.0900408137951,1.0,0.0,0.0,0.15595833838114773,108.88402629022204,0.96,727.2510203448771,698.160979531082,29.0900408137951,,,,659.660020959172,2094.482938593246,1914.4829385932467,179.9999999999999,2094.4829385932467,-4.547473508864641e-13,1.0,0,0,0.350020592923085,171.32910839214216,0.9158064799627851,534.4829385932466,489.48293859324656,45.0,1.0,0,0,0.34268835969616135,162.77697085567664,0.9134615384615384,520.0,475.0,45.0,1.0,0.0,0.0,0.3426883596961613,162.7769708556766,0.9134615384615387,519.9999999999999,475.0,44.999999999999886,1.0,0.0,0.0,0.34268835969616135,162.77697085567664,0.9134615384615384,520.0,475.0,45.0,1.0,,,0.101,193.36277679791792,1914.4829385932467,1914.4829385932467,0.0,59.34897109639065,0.0,,,267.27012244138473,-8.526512829121202e-14,114.92615264979543,4.0,1179.674876627756,0.0,-0.0,0.0,119.85496746538001
134,1,135,0.1016,0.0,1179.674876627756,,,,0,0.0,1,2181.753061034631,2181.753061034631,-0.0,349.080489765541,72.43420162634976,0.0,,,326.6520788706662,2181.753061034631,2094.482938593246,87.2701224413853,2181.753061034631,0.0,1.0,0.0,0.0,0.15595833838114773,108.88402629022207,0.96,727.2510203448772,698.1609795310821,29.0900408137951,1.0,0.0,0.0,0.15595833838114773,108.88402629022204,0.96,727.2510203448771,698.160979531082,29.0900408137951,1.0,0.0,0.0,0.15595833838114773,108.88402629022204,0.96,727.2510203448771,698.160979531082,29.0900408137951,,,,659.660020959172,2094.482938593246,1914.4829385932467,180.0,2094.4829385932467,-4.547473508864641e-13,1.0,0,0,0.350020592923085,171.32910839214216,0.9158064799627851,534.4829385932466,489.48293859324656,45.0,1.0,0,0,0.3426883596961614,162.77697085567667,0.9134615384615383,520.0000000000001,475.0,45.000000000000114,1.0,0.0,0.0,0.3426883596961613,162.7769708556766,0.9134615384615387,519.9999999999999,475.0,44.999999999999886,1.0,0.0,0.0,0.34268835969616135,162.77697085567664,0.9134615384615384,520.0,475.0,45.0,1.0,,,0.101,193.36277679791792,1914.4829385932467,1914.4829385932467,0.0,59.34897109639065,0.0,,,267.27012244138484,-8.526512829121202e-14,114.92615264979548,4.0,1179.674876627756,0.0,-0.0,0.0,119.85496746538001
135,1,136,0.1016,0.0,1179.674876627756,,,,0,0.0,1,2181.753061034631,2181.753061034631,-0.0,349.080489765541,72.43420162634976,0.0,,,326.6520788706662,2181.753061034631,2094.482938593246,87.2701224413853,2181.753061034631,0.0,1.0,0.0,0.0,0.15595833838114773,108.88402629022207,0.96,727.2510203448772,698.1609795310821,29.0900408137951,1.0,0.0,0.0,0.15595833838114773,108.88402629022204,0.96,727.2510203448771,698.160979531082,29.0900408137951,1.0,0.0,0.0,0.15595833838114773,108.88402629022204,0.96,727.2510203448771,698.160979531082,29.0900408137951,,,,659.660020959172,2094.482938593246,1914.4829385932467,179.9999999999999,2094.4829385932467,-4.547473508864641e-13,1.0,0,0,0.350020592923085,171.32910839214216,0.9158064799627851,534.4829385932466,489.48293859324656,45.0,1.0,0,0,0.34268835969616135,162.77697085567664,0.9134615384615384,520.0,475.0,45.0,1.0,0.0,0.0,0.3426883596961613,162.7769708556766,0.9134615384615387,519.9999999999999,475.0,44.999999999999886,1.0,0.0,0.0,0.34268835969616135,162.77697085567664,0.9134615384615384,520.0,475.0,45.0,1.0,,,0.101,193.36277679791792,1914.4829385932467,1914.4829385932467,0.0,59.34897109639065,0.0,,,267.27012244138473,-8.526512829121202e-14,114.92615264979543,4.0,1179.674876627756,0.0,-0.0,0.0,119.85496746538001
136,1,137,0.1016,0.0,1179.674876627756,,,,0,0.0,1,2181.753061034631,2181.753061034631,-0.0,349.080489765541,72.43420162634976,0.0,,,326.65207887066606,2181.753061034631,2094.482938593246,87.2701224413853,2181.753061034631,0.0,1.0,0.0,0.0,0.15595833838114773,108.88402629022207,0.96,727.2510203448772,698.1609795310821,29.0900408137951,1.0,0.0,0.0,0.15595833838114773,108.88402629022204,0.96,727.2510203448771,698.160979531082,29.0900408137951,1.0,0.0,0.0,0.15595833838114773,108.88402629022204,0.96,727.2510203448771,698.160979531082,29.0900408137951,,,,659.6600209591721,2094.482938593246,1914.4829385932467,180.0,2094.4829385932467,-4.547473508864641e-13,1.0,0,0,0.350020592923085,171.32910839214216,0.9158064799627851,534.4829385932466,489.48293859324656,45.0,1.0,0,0,0.34268835969616135,162.77697085567664,0.9134615384615384,520.0,475.0,45.0,1.0,0.0,0.0,0.3426883596961614,162.77697085567667,0.9134615384615385,520.0,475.0,45.0,1.0,0.0,0.0,0.34268835969616135,162.77697085567664,0.9134615384615384,520.0,475.0,45.0,1.0,,,0.101,193.36277679791792,1914.4829385932467,1914.4829385932467,0.0,59.34897109639065,0.0,,,267.27012244138484,-8.526512829121202e-14,114.92615264979548,4.0,1179.674876627756,0.0,-0.0,0.0,119.85496746538001
137,1,138,0.13994,0.0,1179.674876627756,,,,0,0.0,1,2181.753061034631,2181.753061034631,-0.0,349.080489765541,72.43420162634976,0.0,,,326.65207887066606,2181.753061034631,2094.482938593246,87.2701224413853,2181.753061034631,0.0,1.0,0.0,0.0,0.15595833838114773,108.88402629022207,0.96,727.2510203448772,698.1609795310821,29.0900408137951,1.0,0.0,0.0,0.15595833838114773,108.88402629022204,0.96,727.2510203448771,698.160979531082,29.0900408137951,1.0,0.0,0.0,0.15595833838114773,108.88402629022204,0.96,727.2510203448771,698.160979531082,29.0900408137951,,,,659.6600209591721,2094.482938593246,1914.4829385932467,180.0,2094.4829385932467,-4.547473508864641e-13,1.0,0,0,0.350020592923085,171.32910839214216,0.9158064799627851,534.4829385932466,489.48293859324656,45.0,1.0,0,0,0.34268835969616135,162.77697085567664,0.9134615384615384,520.0,475.0,45.0,1.0,0.0,0.0,0.3426883596961614,162.77697085567667,0.9134615384615385,520.0,475.0,45.0,1.0,0.0,0.0,0.34268835969616135,162.77697085567664,0.9134615384615384,520.0,475.0,45.0,1.0,,,0.101,193.36277679791792,1914.4829385932467,1914.4829385932467,0.0,59.34897109639065,0.0,,,267.27012244138484,-8.526512829121202e-14,114.92615264979548,4.0,1179.674876627756,0.0,-0.0,0.0,165.0837022352882
138,1,139,0.13994,0.0,1179.674876627756,,,,0,0.0,1,2181.753061034631,2181.753061034631,-0.0,349.080489765541,72.43420162634976,0.0,,,326.6520788706662,2181.753061034631,2094.482938593246,87.2701224413853,2181.753061034631,0.0,1.0,0.0,0.0,0.15595833838114773,108.88402629022207,0.96,727.2510203448772,698.1609795310821,29.0900408137951,1.0,0.0,0.0,0.15595833838114773,108.88402629022204,0.96,727.2510203448771,698.160979531082,29.0900408137951,1.0,0.0,0.0,0.15595833838114773,108.88402629022204,0.96,727.2510203448771,698.160979531082,29.0900408137951,,,,659.660020959172,2094.482938593246,1914.4829385932467,179.9999999999999,2094.4829385932467,-4.547473508864641e-13,1.0,0,0,0.350020592923085,171.32910839214216,0.9158064799627851,534.4829385932466,489.48293859324656,45.0,1.0,0,0,0.34268835969616135,162.77697085567664,0.9134615384615384,520.0,475.0,45.0,1.0,0.0,0.0,0.3426883596961613,162.7769708556766,0.9134615384615387,519.9999999999999,475.0,44.999999999999886,1.0,0.0,0.0,0.34268835969616135,162.77697085567664,0.9134615384615384,520.0,475.0,45.0,1.0,,,0.101,193.36277679791792,1914.4829385932467,1914.4829385932467,0.0,59.34897109639065,0.0,,,267.27012244138473,-8.526512829121202e-14,114.92615264979543,4.0,1179.674876627756,0.0,-0.0,0.0,165.0837022352882
139,1,140,0.13994,0.0,1179.674876627756,,,,0,0.0,1,2181.753061034631,2181.753061034631,-0.0,349.080489765541,72.43420162634976,0.0,,,326.6520788706662,2181.753061034631,2094.482938593246,87.2701224413853,2181.753061034631,0.0,1.0,0.0,0.0,0.15595833838114773,108.88402629022207,0.96,727.2510203448772,698.1609795310821,29.0900408137951,1.0,0.0,0.0,0.15595833838114773,108.88402629022204,0.96,727.2510203448771,698.160979531082,29.0900408137951,1.0,0.0,0.0,0.15595833838114773,108.88402629022204,0.96,727.2510203448771,698.160979531082,29.0900408137951,,,,659.660020959172,2094.482938593246,1914.4829385932467,179.9999999999999,2094.4829385932467,-4.547473508864641e-13,1.0,0,0,0.350020592923085,171.32910839214216,0.9158064799627851,534.4829385932466,489.48293859324656,45.0,1.0,0,0,0.34268835969616135,162.77697085567664,0.9134615384615384,520.0,475.0,45.0,1.0,0.0,0.0,0.3426883596961613,162.7769708556766,0.9134615384615387,519.9999999999999,475.0,44.999999999999886,1.0,0.0,0.0,0.34268835969616135,162.77697085567664,0.9134615384615384,520.0,475.0,45.0,1.0,,,0.101,193.36277679791792,1914.4829385932467,1914.4829385932467,0.0,59.34897109639065,0.0,,,267.27012244138473,-8.526512829121202e-14,114.92615264979543,4.0,1179.674876627756,0.0,-0.0,0.0,165.0837022352882
140,1,141,0.13994,0.0,1179.674876627756,,,,0,0.0,1,2181.753061034631,2181.753061034631,-0.0,349.080489765541,72.43420162634976,0.0,,,326.6520788706662,2181.753061034631,2094.482938593246,87.2701224413853,2181.753061034631,0.0,1.0,0.0,0.0,0.15595833838114773,108.88402629022207,0.96,727.2510203448772,698.1609795310821,29.0900408137951,1.0,0.0,0.0,0.15595833838114773,108.88402629022204,0.96,727.2510203448771,698.160979531082,29.0900408137951,1.0,0.0,0.0,0.15595833838114773,108.88402629022204,0.96,727.2510203448771,698.160979531082,29.0900408137951,,,,659.660020959172,2094.482938593246,1914.4829385932467,179.9999999999999,2094.4829385932467,-4.547473508864641e-13,1.0,0,0,0.350020592923085,171.32910839214216,0.9158064799627851,534.4829385932466,489.48293859324656,45.0,1.0,0,0,0.34268835969616135,162.77697085567664,0.9134615384615384,520.0,475.0,45.0,1.0,0.0,0.0,0.3426883596961613,162.7769708556766,0.9134615384615387,519.9999999999999,475.0,44.999999999999886,1.0,0.0,0.0,0.34268835969616135,162.77697085567664,0.9134615384615384,520.0,475.0,45.0,1.0,,,0.101,193.36277679791792,1914.4829385932467,1914.4829385932467,0.0,59.34897109639065,0.0,,,267.27012244138473,-8.526512829121202e-14,114.92615264979543,4.0,1179.674876627756,0.0,-0.0,0.0,165.0837022352882
141,1,142,0.13994,0.0,1179.674876627756,,,,0,0.0,1,2181.753061034631,2181.753061034631,-0.0,349.080489765541,72.43420162634976,0.0,,,326.6520788706662,2181.753061034631,2094.482938593246,87.2701224413853,2181.753061034631,0.0,1.0,0.0,0.0,0.15595833838114773,108.88402629022207,0.96,727.2510203448772,698.1609795310821,29.0900408137951,1.0,0.0,0.0,0.15595833838114773,108.88402629022204,0.96,727.2510203448771,698.160979531082,29.0900408137951,1.0,0.0,0.0,0.15595833838114773,108.88402629022204,0.96,727.2510203448771,698.160979531082,29.0900408137951,,,,659.660020959172,2094.482938593246,1914.4829385932467,179.9999999999999,2094.4829385932467,-4.547473508864641e-13,1.0,0,0,0.350020592923085,171.32910839214216,0.9158064799627851,534.4829385932466,489.48293859324656,45.0,1.0,0,0,0.34268835969616135,162.77697085567664,0.9134615384615384,520.0,475.0,45.0,1.0,0.0,0.0,0.3426883596961613,162.7769708556766,0.9134615384615387,519.9999999999999,475.0,44.999999999999886,1.0,0.0,0.0,0.34268835969616135,162.77697085567664,0.9134615384615384,520.0,475.0,45.0,1.0,,,0.101,193.36277679791792,1914.4829385932467,1914.4829385932467,0.0,59.34897109639065,0.0,,,267.27012244138473,-8.526512829121202e-14,114.92615264979543,4.0,1179.674876627756,0.0,-0.0,0.0,165.0837022352882
142,1,143,0.1016,0.0,1178.724927098358,,,,0,0.0,1,1979.5029584204071,1979.5029584204071,-0.0,316.72047334726517,65.71949821955752,0.0,,,299.70564332342497,1979.5029584204071,1900.322840083591,79.18011833681635,1979.5029584204071,0.0,1.0,0.0,0.0,0.15595833838114773,108.88402629022207,0.96,727.2510203448772,698.1609795310821,29.0900408137951,1.0,0.0,0.0,0.15595833838114773,108.88402629022204,0.96,727.2510203448771,698.160979531082,29.0900408137951,1.0,0.0,0.0,0.1625743006181319,81.93759074298075,0.96,525.0009177306528,504.0008810214266,21.00003670922615,,,,701.4816224401236,1900.322840083591,1757.7986270773213,142.52421300626918,1900.3228400835906,4.547473508864641e-13,1.0,0,0,0.39981772078659583,234.84293374702673,0.925,635.0,587.375,47.625,1.0,0,0,0.3986921298577062,233.3193443721147,0.925,632.6614200811001,585.2118135750177,47.44960650608243,1.0,0.0,0.0,0.39869212981987023,233.31934432098217,0.925,632.6614200024904,585.2118135023037,47.449606500186746,0.0,0.0,1.0,0.08724817754776784,0.0,0.88,0.0,0.0,0.0,1.0,,,0.101,177.53766133480946,1757.7986270773213,1757.7986270773213,0.0,54.491757439396956,0.0,,,221.70433134308598,-5.684341886080802e-14,95.33286247752697,3.0,1178.724927098358,0.0,-0.0,0.0,119.75845259319317
143,1,144,0.1016,0.0,1178.7249270983582,,,,0,0.0,1,1979.5029584204071,1979.5029584204071,-0.0,316.72047334726517,65.71949821955752,0.0,,,299.7056433234251,1979.5029584204071,1900.322840083591,79.18011833681635,1979.5029584204071,0.0,1.0,0.0,0.0,0.15595833838114773,108.88402629022207,0.96,727.2510203448772,698.1609795310821,29.0900408137951,1.0,0.0,0.0,0.15595833838114773,108.88402629022204,0.96,727.2510203448771,698.160979531082,29.0900408137951,1.0,0.0,0.0,0.1625743006181319,81.93759074298075,0.96,525.0009177306528,504.0008810214266,21.00003670922615,,,,701.4816224401236,1900.322840083591,1757.7986270773213,142.52421300626918,1900.3228400835906,4.547473508864641e-13,1.0,0,0,0.39981772078659583,234.84293374702673,0.925,635.0,587.375,47.625,1.0,0,0,0.3986921298577062,233.3193443721147,0.925,632.6614200811001,585.2118135750177,47.44960650608243,1.0,0.0,0.0,0.39869212981987023,233.31934432098217,0.925,632.6614200024904,585.2118135023037,47.449606500186746,0.0,0.0,0.0,0.08724817754776787,0.0,0.8800000000000001,0.0,0.0,0.0,1.0,,,0.101,177.53766133480946,1757.7986270773213,1757.7986270773213,0.0,54.491757439396956,0.0,,,221.70433134308598,5.684341886080802e-14,95.33286247752697,3.0,1178.7249270983582,0.0,-0.0,0.0,119.75845259319318
144,1,145,0.1016,0.0,1178.724927098358,,,,0,0.0,1,1979.5029584204071,1979.5029584204071,-0.0,316.72047334726517,65.71949821955752,0.0,,,299.70564332342497,1979.5029584204071,1900.322840083591,79.18011833681635,1979.5029584204071,0.0,1.0,0.0,0.0,0.15595833838114773,108.88402629022207,0.96,727.2510203448772,698.1609795310821,29.0900408137951,1.0,0.0,0.0,0.15595833838114773,108.88402629022204,0.96,727.2510203448771,698.160979531082,29.0900408137951,1.0,0.0,0.0,0.1625743006181319,81.93759074298075,0.96,525.0009177306528,504.0008810214266,21.00003670922615,,,,701.4816224401236,1900.322840083591,1757.7986270773213,142.52421300626918,1900.3228400835906,4.547473508864641e-13,1.0,0,0,0.39981772078659583,234.84293374702673,0.925,635.0,587.375,47.625,1.0,0,0,0.3986921298577062,233.3193443721147,0.925,632.6614200811001,585.2118135750177,47.44960650608243,1.0,0.0,0.0,0.39869212981987023,233.31934432098217,0.925,632.6614200024904,585.2118135023037,47.449606500186746,0.0,0.0,0.0,0.08724817754776787,0.0,0.8800000000000001,0.0,0.0,0.0,1.0,,,0.101,177.53766133480946,1757.7986270773213,1757.7986270773213,0.0,54.491757439396956,0.0,,,221.70433134308598,-5.684341886080802e-14,95.33286247752697,3.0,1178.724927098358,0.0,-0.0,0.0,119.75845259319317
145,1,146,0.1016,0.0,1178.7249270983582,,,,0,0.0,1,1979.5029584204071,1979.5029584204071,-0.0,316.72047334726517,65.71949821955752,0.0,,,299.7056433234251,1979.5029584204071,1900.322840083591,79.18011833681635,1979.5029584204071,0.0,1.0,0.0,0.0,0.15595833838114773,108.88402629022207,0.96,727.2510203448772,698.1609795310821,29.0900408137951,1.0,0.0,0.0,0.15595833838114773,108.88402629022204,0.96,727.2510203448771,698.160979531082,29.0900408137951,1.0,0.0,0.0,0.1625743006181319,81.93759074298075,0.96,525.0009177306528,504.0008810214266,21.00003670922615,,,,701.4816224401236,1900.322840083591,1757.7986270773213,142.52421300626918,1900.3228400835906,4.547473508864641e-13,1.0,0,0,0.39981772078659583,234.84293374702673,0.925,635.0,587.375,47.625,1.0,0,0,0.3986921298577062,233.3193443721147,0.925,632.6614200811001,585.2118135750177,47.44960650608243,1.0,0.0,0.0,0.39869212981987023,233.31934432098217,0.925,632.6614200024904,585.2118135023037,47.449606500186746,0.0,0.0,0.0,0.08724817754776787,0.0,0.8800000000000001,0.0,0.0,0.0,1.0,,,0.101,177.53766133480946,1757.7986270773213,1757.7986270773213,0.0,54.491757439396956,0.0,,,221.70433134308598,5.684341886080802e-14,95.33286247752697,3.0,1178.7249270983582,0.0,-0.0,0.0,119.75845259319318
146,1,147,0.1016,0.0,1178.724927098358,,,,0,0.0,1,1979.5029584204071,1979.5029584204071,-0.0,316.72047334726517,65.71949821955752,0.0,,,299.70564332342497,1979.5029584204071,1900.322840083591,79.18011833681635,1979.5029584204071,0.0,1.0,0.0,0.0,0.15595833838114773,108.88402629022207,0.96,727.2510203448772,698.1609795310821,29.0900408137951,1.0,0.0,0.0,0.15595833838114773,108.88402629022204,0.96,727.2510203448771,698.160979531082,29.0900408137951,1.0,0.0,0.0,0.1625743006181319,81.93759074298075,0.96,525.0009177306528,504.0008810214266,21.00003670922615,,,,701.4816224401236,1900.322840083591,1757.7986270773213,142.52421300626918,1900.3228400835906,4.547473508864641e-13,1.0,0,0,0.39981772078659583,234.84293374702673,0.925,635.0,587.375,47.625,1.0,0,0,0.3986921298577062,233.3193443721147,0.925,632.6614200811001,585.2118135750177,47.44960650608243,1.0,0.0,0.0,0.39869212981987023,233.31934432098217,0.925,632.6614200024904,585.2118135023037,47.449606500186746,0.0,0.0,0.0,0.08724817754776784,0.0,0.88,0.0,0.0,0.0,1.0,,,0.101,177.53766133480946,1757.7986270773213,1757.7986270773213,0.0,54.491757439396956,0.0,,,221.70433134308598,-5.684341886080802e-14,95.33286247752697,3.0,1178.724927098358,0.0,-0.0,0.0,119.75845259319317
147,1,148,0.1016,0.0,1178.724927098358,,,,0,0.0,1,1979.5029584204071,1979.5029584204071,-0.0,316.72047334726517,65.71949821955752,0.0,,,299.70564332342497,1979.5029584204071,1900.322840083591,79.18011833681635,1979.5029584204071,0.0,1.0,0.0,0.0,0.15595833838114773,108.88402629022207,0.96,727.2510203448772,698.1609795310821,29.0900408137951,1.0,0.0,0.0,0.15595833838114773,108.88402629022204,0.96,727.2510203448771,698.160979531082,29.0900408137951,1.0,0.0,0.0,0.1625743006181319,81.93759074298075,0.96,525.0009177306528,504.0008810214266,21.00003670922615,,,,701.4816224401236,1900.322840083591,1757.7986270773213,142.52421300626918,1900.3228400835906,4.547473508864641e-13,1.0,0,0,0.39981772078659583,234.84293374702673,0.925,635.0,587.375,47.625,1.0,0,0,0.3986921298577062,233.3193443721147,0.925,632.6614200811001,585.2118135750177,47.44960650608243,1.0,0.0,0.0,0.39869212981987023,233.31934432098217,0.925,632.6614200024904,585.2118135023037,47.449606500186746,0.0,0.0,0.0,0.08724817754776784,0.0,0.88,0.0,0.0,0.0,1.0,,,0.101,177.53766133480946,1757.7986270773213,1757.7986270773213,0.0,54.491757439396956,0.0,,,221.70433134308598,-5.684341886080802e-14,95.33286247752697,3.0,1178.724927098358,0.0,-0.0,0.0,119.75845259319317
148,1,149,0.1016,0.0,1178.7249270983582,,,,0,0.0,1,1979.5029584204071,1979.5029584204071,-0.0,316.72047334726517,65.71949821955752,0.0,,,299.7056433234251,1979.5029584204071,1900.322840083591,79.18011833681635,1979.5029584204071,0.0,1.0,0.0,0.0,0.15595833838114773,108.88402629022207,0.96,727.2510203448772,698.1609795310821,29.0900408137951,1.0,0.0,0.0,0.15595833838114773,108.88402629022204,0.96,727.2510203448771,698.160979531082,29.0900408137951,1.0,0.0,0.0,0.1625743006181319,81.93759074298075,0.96,525.0009177306528,504.0008810214266,21.00003670922615,,,,701.4816224401236,1900.322840083591,1757.7986270773213,142.52421300626918,1900.3228400835906,4.547473508864641e-13,1.0,0,0,0.39981772078659583,234.84293374702673,0.925,635.0,587.375,47.625,1.0,0,0,0.3986921298577062,233.3193443721147,0.925,632.6614200811001,585.2118135750177,47.44960650608243,1.0,0.0,0.0,0.39869212981987023,233.31934432098217,0.925,632.6614200024904,585.2118135023037,47.449606500186746,0.0,0.0,0.0,0.08724817754776784,0.0,0.88,0.0,0.0,0.0,1.0,,,0.101,177.53766133480946,1757.7986270773213,1757.7986270773213,0.0,54.491757439396956,0.0,,,221.70433134308598,5.684341886080802e-14,95.33286247752697,3.0,1178.7249270983582,0.0,-0.0,0.0,119.75845259319318
149,1,150,0.1016,0.0,1178.724927098358,,,,0,0.0,1,1979.5029584204071,1979.5029584204071,-0.0,316.72047334726517,65.71949821955752,0.0,,,299.70564332342497,1979.5029584204071,1900.322840083591,79.18011833681635,1979.5029584204071,0.0,1.0,0.0,0.0,0.15595833838114773,108.88402629022207,0.96,727.2510203448772,698.1609795310821,29.0900408137951,1.0,0.0,0.0,0.15595833838114773,108.88402629022204,0.96,727.2510203448771,698.160979531082,29.0900408137951,1.0,0.0,0.0,0.1625743006181319,81.93759074298075,0.96,525.0009177306528,504.0008810214266,21.00003670922615,,,,701.4816224401236,1900.322840083591,1757.7986270773213,142.52421300626918,1900.3228400835906,4.547473508864641e-13,1.0,0,0,0.39981772078659583,234.84293374702673,0.925,635.0,587.375,47.625,1.0,0,0,0.3986921298577062,233.3193443721147,0.925,632.6614200811001,585.2118135750177,47.44960650608243,1.0,0.0,0.0,0.39869212981987023,233.31934432098217,0.925,632.6614200024904,585.2118135023037,47.449606500186746,0.0,0.0,0.0,0.08724817754776784,0.0,0.88,0.0,0.0,0.0,1.0,,,0.101,177.53766133480946,1757.7986270773213,1757.7986270773213,0.0,54.491757439396956,0.0,,,221.70433134308598,-5.684341886080802e-14,95.33286247752697,3.0,1178.724927098358,0.0,-0.0,0.0,119.75845259319317
150,1,151,0.1016,0.0,1178.724927098358,,,,0,0.0,1,1979.5029584204071,1979.5029584204071,-0.0,316.72047334726517,65.71949821955752,0.0,,,299.70564332342497,1979.5029584204071,1900.322840083591,79.18011833681635,1979.5029584204071,0.0,1.0,0.0,0.0,0.15595833838114773,108.88402629022207,0.96,727.2510203448772,698.1609795310821,29.0900408137951,1.0,0.0,0.0,0.15595833838114773,108.88402629022204,0.96,727.2510203448771,698.160979531082,29.0900408137951,1.0,0.0,0.0,0.1625743006181319,81.93759074298075,0.96,525.0009177306528,504.0008810214266,21.00003670922615,,,,701.4816224401236,1900.322840083591,1757.7986270773213,142.52421300626918,1900.3228400835906,4.547473508864641e-13,1.0,0,0,0.39981772078659583,234.84293374702673,0.925,635.0,587.375,47.625,1.0,0,0,0.3986921298577062,233.3193443721147,0.925,632.6614200811001,585.2118135750177,47.44960650608243,1.0,0.0,0.0,0.39869212981987023,233.31934432098217,0.925,632.6614200024904,585.2118135023037,47.449606500186746,0.0,0.0,0.0,0.08724817754776787,0.0,0.8800000000000001,0.0,0.0,0.0,1.0,,,0.101,177.53766133480946,1757.7986270773213,1757.7986270773213,0.0,54.491757439396956,0.0,,,221.70433134308598,-5.684341886080802e-14,95.33286247752697,3.0,1178.724927098358,0.0,-0.0,0.0,119.75845259319317
151,1,152,0.1016,0.0,1178.724927098358,,,,0,0.0,1,1979.5029584204071,1979.5029584204071,-0.0,316.72047334726517,65.71949821955752,0.0,,,299.70564332342497,1979.5029584204071,1900.322840083591,79.18011833681635,1979.5029584204071,0.0,1.0,0.0,0.0,0.15595833838114773,108.88402629022207,0.96,727.2510203448772,698.1609795310821,29.0900408137951,1.0,0.0,0.0,0.15595833838114773,108.88402629022204,0.96,727.2510203448771,698.160979531082,29.0900408137951,1.0,0.0,0.0,0.1625743006181319,81.93759074298075,0.96,525.0009177306528,504.0008810214266,21.00003670922615,,,,701.4816224401236,1900.322840083591,1757.7986270773213,142.52421300626918,1900.3228400835906,4.547473508864641e-13,1.0,0,0,0.39981772078659583,234.84293374702673,0.925,635.0,587.375,47.625,1.0,0,0,0.3986921298577062,233.3193443721147,0.925,632.6614200811001,585.2118135750177,47.44960650608243,1.0,0.0,0.0,0.39869212981987023,233.31934432098217,0.925,632.6614200024904,585.2118135023037,47.449606500186746,0.0,0.0,0.0,0.08724817754776787,0.0,0.8800000000000001,0.0,0.0,0.0,1.0,,,0.101,177.53766133480946,1757.7986270773213,1757.7986270773213,0.0,54.491757439396956,0.0,,,221.70433134308598,-5.684341886080802e-14,95.33286247752697,3.0,1178.724927098358,0.0,-0.0,0.0,119.75845259319317
152,1,153,0.1016,0.0,1178.724927098358,,,,0,0.0,1,1979.5029584204071,1979.5029584204071,-0.0,316.72047334726517,65.71949821955752,0.0,,,299.70564332342497,1979.5029584204071,1900.322840083591,79.18011833681635,1979.5029584204071,0.0,1.0,0.0,0.0,0.15595833838114773,108.88402629022207,0.96,727.2510203448772,698.1609795310821,29.0900408137951,1.0,0.0,0.0,0.15595833838114773,108.88402629022204,0.96,727.2510203448771,698.160979531082,29.0900408137951,1.0,0.0,0.0,0.1625743006181319,81.93759074298075,0.96,525.0009177306528,504.0008810214266,21.00003670922615,,,,701.4816224401236,1900.322840083591,1757.7986270773213,142.52421300626918,1900.3228400835906,4.547473508864641e-13,1.0,0,0,0.39981772078659583,234.84293374702673,0.925,635.0,587.375,47.625,1.0,0,0,0.3986921298577062,233.3193443721147,0.925,632.6614200811001,585.2118135750177,47.44960650608243,1.0,0.0,0.0,0.39869212981987023,233.31934432098217,0.925,632.6614200024904,585.2118135023037,47.449606500186746,0.0,0.0,0.0,0.08724817754776787,0.0,0.8800000000000001,0.0,0.0,0.0,1.0,,,0.101,177.53766133480946,1757.7986270773213,1757.7986270773213,0.0,54.491757439396956,0.0,,,221.70433134308598,-5.684341886080802e-14,95.33286247752697,3.0,1178.724927098358,0.0,-0.0,0.0,119.75845259319317
153,1,154,0.1016,0.0,1178.724927098358,,,,0,0.0,1,1979.5029584204071,1979.5029584204071,-0.0,316.72047334726517,65.71949821955752,0.0,,,299.70564332342497,1979.5029584204071,1900.322840083591,79.18011833681635,1979.5029584204071,0.0,1.0,0.0,0.0,0.15595833838114773,108.88402629022207,0.96,727.2510203448772,698.1609795310821,29.0900408137951,1.0,0.0,0.0,0.15595833838114773,108.88402629022204,0.96,727.2510203448771,698.160979531082,29.0900408137951,1.0,0.0,0.0,0.1625743006181319,81.93759074298075,0.96,525.0009177306528,504.0008810214266,21.00003670922615,,,,701.4816224401236,1900.322840083591,1757.7986270773213,142.52421300626918,1900.3228400835906,4.547473508864641e-13,1.0,0,0,0.39981772078659583,234.84293374702673,0.925,635.0,587.375,47.625,1.0,0,0,0.3986921298577062,233.3193443721147,0.925,632.6614200811001,585.2118135750177,47.44960650608243,1.0,0.0,0.0,0.39869212981987023,233.31934432098217,0.925,632.6614200024904,585.2118135023037,47.449606500186746,0.0,0.0,0.0,0.08724817754776787,0.0,0.8800000000000001,0.0,0.0,0.0,1.0,,,0.101,177.53766133480946,1757.7986270773213,1757.7986270773213,0.0,54.491757439396956,0.0,,,221.70433134308598,-5.684341886080802e-14,95.33286247752697,3.0,1178.724927098358,0.0,-0.0,0.0,119.75845259319317
154,1,155,0.1016,0.0,1178.7249270983582,,,,0,0.0,1,1979.5029584204071,1979.5029584204071,-0.0,316.72047334726517,65.71949821955752,0.0,,,299.7056433234251,1979.5029584204071,1900.322840083591,79.18011833681635,1979.5029584204071,0.0,1.0,0.0,0.0,0.15595833838114773,108.88402629022207,0.96,727.2510203448772,698.1609795310821,29.0900408137951,1.0,0.0,0.0,0.15595833838114773,108.88402629022204,0.96,727.2510203448771,698.160979531082,29.0900408137951,1.0,0.0,0.0,0.1625743006181319,81.93759074298075,0.96,525.0009177306528,504.0008810214266,21.00003670922615,,,,701.4816224401236,1900.322840083591,1757.7986270773213,142.52421300626918,1900.3228400835906,4.547473508864641e-13,1.0,0,0,0.39981772078659583,234.84293374702673,0.925,635.0,587.375,47.625,1.0,0,0,0.3986921298577062,233.3193443721147,0.925,632.6614200811001,585.2118135750177,47.44960650608243,1.0,0.0,0.0,0.39869212981987023,233.31934432098217,0.925,632.6614200024904,585.2118135023037,47.449606500186746,0.0,0.0,0.0,0.08724817754776787,0.0,0.8800000000000001,0.0,0.0,0.0,1.0,,,0.101,177.53766133480946,1757.7986270773213,1757.7986270773213,0.0,54.491757439396956,0.0,,,221.70433134308598,5.684341886080802e-14,95.33286247752697,3.0,1178.7249270983582,0.0,-0.0,0.0,119.75845259319318
155,1,156,0.1016,0.0,1178.724927098358,,,,0,0.0,1,1979.5029584204071,1979.5029584204071,-0.0,316.72047334726517,65.71949821955752,0.0,,,299.70564332342497,1979.5029584204071,1900.322840083591,79.18011833681635,1979.5029584204071,0.0,1.0,0.0,0.0,0.15595833838114773,108.88402629022207,0.96,727.2510203448772,698.1609795310821,29.0900408137951,1.0,0.0,0.0,0.15595833838114773,108.88402629022204,0.96,727.2510203448771,698.160979531082,29.0900408137951,1.0,0.0,0.0,0.1625743006181319,81.93759074298075,0.96,525.0009177306528,504.0008810214266,21.00003670922615,,,,701.4816224401236,1900.322840083591,1757.7986270773213,142.52421300626918,1900.3228400835906,4.547473508864641e-13,1.0,0,0,0.39981772078659583,234.84293374702673,0.925,635.0,587.375,47.625,1.0,0,0,0.3986921298577062,233.3193443721147,0.925,632.6614200811001,585.2118135750177,47.44960650608243,1.0,0.0,0.0,0.39869212981987023,233.31934432098217,0.925,632.6614200024904,585.2118135023037,47.449606500186746,0.0,0.0,0.0,0.08724817754776784,0.0,0.88,0.0,0.0,0.0,1.0,,,0.101,177.53766133480946,1757.7986270773213,1757.7986270773213,0.0,54.491757439396956,0.0,,,221.70433134308598,-5.684341886080802e-14,95.33286247752697,3.0,1178.724927098358,0.0,-0.0,0.0,119.75845259319317
156,1,157,0.1016,0.0,1178.7249270983582,,,,0,0.0,1,1979.5029584204071,1979.5029584204071,-0.0,316.72047334726517,65.71949821955752,0.0,,,299.7056433234251,1979.5029584204071,1900.322840083591,79.18011833681635,1979.5029584204071,0.0,1.0,0.0,0.0,0.15595833838114773,108.88402629022207,0.96,727.2510203448772,698.1609795310821,29.0900408137951,1.0,0.0,0.0,0.15595833838114773,108.88402629022204,0.96,727.2510203448771,698.160979531082,29.0900408137951,1.0,0.0,0.0,0.1625743006181319,81.93759074298075,0.96,525.0009177306528,504.0008810214266,21.00003670922615,,,,701.4816224401236,1900.322840083591,1757.7986270773213,142.52421300626918,1900.3228400835906,4.547473508864641e-13,1.0,0,0,0.39981772078659583,234.84293374702673,0.925,635.0,587.375,47.625,1.0,0,0,0.3986921298577062,233.3193443721147,0.925,632.6614200811001,585.2118135750177,47.44960650608243,1.0,0.0,0.0,0.39869212981987023,233.31934432098217,0.925,632.6614200024904,585.2118135023037,47.449606500186746,0.0,0.0,0.0,0.08724817754776784,0.0,0.88,0.0,0.0,0.0,1.0,,,0.101,177.53766133480946,1757.7986270773213,1757.7986270773213,0.0,54.491757439396956,0.0,,,221.70433134308598,5.684341886080802e-14,95.33286247752697,3.0,1178.7249270983582,0.0,-0.0,0.0,119.75845259319318
157,1,158,0.1016,0.0,1178.7249270983582,,,,0,0.0,1,1979.5029584204071,1979.5029584204071,-0.0,316.72047334726517,65.71949821955752,0.0,,,299.7056433234251,1979.5029584204071,1900.322840083591,79.18011833681635,1979.5029584204071,0.0,1.0,0.0,0.0,0.15595833838114773,108.88402629022207,0.96,727.2510203448772,698.1609795310821,29.0900408137951,1.0,0.0,0.0,0.15595833838114773,108.88402629022204,0.96,727.2510203448771,698.160979531082,29.0900408137951,1.0,0.0,0.0,0.1625743006181319,81.93759074298075,0.96,525.0009177306528,504.0008810214266,21.00003670922615,,,,701.4816224401236,1900.322840083591,1757.7986270773213,142.52421300626918,1900.3228400835906,4.547473508864641e-13,1.0,0,0,0.39981772078659583,234.84293374702673,0.925,635.0,587.375,47.625,1.0,0,0,0.3986921298577062,233.3193443721147,0.925,632.6614200811001,585.2118135750177,47.44960650608243,1.0,0.0,0.0,0.39869212981987023,233.31934432098217,0.925,632.6614200024904,585.2118135023037,47.449606500186746,0.0,0.0,0.0,0.08724817754776787,0.0,0.8800000000000001,0.0,0.0,0.0,1.0,,,0.101,177.53766133480946,1757.7986270773213,1757.7986270773213,0.0,54.491757439396956,0.0,,,221.70433134308598,5.684341886080802e-14,95.33286247752697,3.0,1178.7249270983582,0.0,-0.0,0.0,119.75845259319318
158,1,159,0.1016,0.0,1178.724927098358,,,,0,0.0,1,1979.5029584204071,1979.5029584204071,-0.0,316.72047334726517,65.71949821955752,0.0,,,299.70564332342497,1979.5029584204071,1900.322840083591,79.18011833681635,1979.5029584204071,0.0,1.0,0.0,0.0,0.15595833838114773,108.88402629022207,0.96,727.2510203448772,698.1609795310821,29.0900408137951,1.0,0.0,0.0,0.15595833838114773,108.88402629022204,0.96,727.2510203448771,698.160979531082,29.0900408137951,1.0,0.0,0.0,0.1625743006181319,81.93759074298075,0.96,525.0009177306528,504.0008810214266,21.00003670922615,,,,701.4816224401236,1900.322840083591,1757.7986270773213,142.52421300626918,1900.3228400835906,4.547473508864641e-13,1.0,0,0,0.39981772078659583,234.84293374702673,0.925,635.0,587.375,47.625,1.0,0,0,0.3986921298577062,233.3193443721147,0.925,632.6614200811001,585.2118135750177,47.44960650608243,1.0,0.0,0.0,0.39869212981987023,233.31934432098217,0.925,632.6614200024904,585.2118135023037,47.449606500186746,0.0,0.0,0.0,0.08724817754776784,0.0,0.88,0.0,0.0,0.0,1.0,,,0.101,177.53766133480946,1757.7986270773213,1757.7986270773213,0.0,54.491757439396956,0.0,,,221.70433134308598,-5.684341886080802e-14,95.33286247752697,3.0,1178.724927098358,0.0,-0.0,0.0,119.75845259319317
159,1,160,0.1016,0.0,1178.7249270983582,,,,0,0.0,1,1979.5029584204071,1979.5029584204071,-0.0,316.72047334726517,65.71949821955752,0.0,,,299.7056433234251,1979.5029584204071,1900.322840083591,79.18011833681635,1979.5029584204071,0.0,1.0,0.0,0.0,0.15595833838114773,108.88402629022207,0.96,727.2510203448772,698.1609795310821,29.0900408137951,1.0,0.0,0.0,0.15595833838114773,108.88402629022204,0.96,727.2510203448771,698.160979531082,29.0900408137951,1.0,0.0,0.0,0.1625743006181319,81.93759074298075,0.96,525.0009177306528,504.0008810214266,21.00003670922615,,,,701.4816224401236,1900.322840083591,1757.7986270773213,142.52421300626918,1900.3228400835906,4.547473508864641e-13,1.0,0,0,0.39981772078659583,234.84293374702673,0.925,635.0,587.375,47.625,1.0,0,0,0.3986921298577062,233.3193443721147,0.925,632.6614200811001,585.2118135750177,47.44960650608243,1.0,0.0,0.0,0.39869212981987023,233.31934432098217,0.925,632.6614200024904,585.2118135023037,47.449606500186746,0.0,0.0,0.0,0.08724817754776784,0.0,0.88,0.0,0.0,0.0,1.0,,,0.101,177.53766133480946,1757.7986270773213,1757.7986270773213,0.0,54.491757439396956,0.0,,,221.70433134308598,5.684341886080802e-14,95.33286247752697,3.0,1178.7249270983582,0.0,-0.0,0.0,119.75845259319318
160,1,161,0.1016,0.0,1178.7249270983582,,,,0,0.0,1,1979.5029584204071,1979.5029584204071,-0.0,316.72047334726517,65.71949821955752,0.0,,,299.7056433234251,1979.5029584204071,1900.322840083591,79.18011833681635,1979.5029584204071,0.0,1.0,0.0,0.0,0.15595833838114773,108.88402629022207,0.96,727.2510203448772,698.1609795310821,29.0900408137951,1.0,0.0,0.0,0.15595833838114773,108.88402629022204,0.96,727.2510203448771,698.160979531082,29.0900408137951,1.0,0.0,0.0,0.1625743006181319,81.93759074298075,0.96,525.0009177306528,504.0008810214266,21.00003670922615,,,,701.4816224401236,1900.322840083591,1757.7986270773213,142.52421300626918,1900.3228400835906,4.547473508864641e-13,1.0,0,0,0.39981772078659583,234.84293374702673,0.925,635.0,587.375,47.625,1.0,0,0,0.3986921298577062,233.3193443721147,0.925,632.6614200811001,585.2118135750177,47.44960650608243,1.0,0.0,0.0,0.39869212981987023,233.31934432098217,0.925,632.6614200024904,585.2118135023037,47.449606500186746,0.0,0.0,0.0,0.08724817754776787,0.0,0.8800000000000001,0.0,0.0,0.0,1.0,,,0.101,177.53766133480946,1757.7986270773213,1757.7986270773213,0.0,54.491757439396956,0.0,,,221.70433134308598,5.684341886080802e-14,95.33286247752697,3.0,1178.7249270983582,0.0,-0.0,0.0,119.75845259319318
161,1,162,0.13994,0.0,1178.7249270983582,,,,0,0.0,1,1979.5029584204071,1979.5029584204071,-0.0,316.72047334726517,65.71949821955752,0.0,,,299.7056433234251,1979.5029584204071,1900.322840083591,79.18011833681635,1979.5029584204071,0.0,1.0,0.0,0.0,0.15595833838114773,108.88402629022207,0.96,727.2510203448772,698.1609795310821,29.0900408137951,1.0,0.0,0.0,0.15595833838114773,108.88402629022204,0.96,727.2510203448771,698.160979531082,29.0900408137951,1.0,0.0,0.0,0.1625743006181319,81.93759074298075,0.96,525.0009177306528,504.0008810214266,21.00003670922615,,,,701.4816224401236,1900.322840083591,1757.7986270773213,142.52421300626918,1900.3228400835906,4.547473508864641e-13,1.0,0,0,0.39981772078659583,234.84293374702673,0.925,635.0,587.375,47.625,1.0,0,0,0.3986921298577062,233.3193443721147,0.925,632.6614200811001,585.2118135750177,47.44960650608243,1.0,0.0,0.0,0.39869212981987023,233.31934432098217,0.925,632.6614200024904,585.2118135023037,47.449606500186746,0.0,0.0,0.0,0.08724817754776784,0.0,0.88,0.0,0.0,0.0,1.0,,,0.101,177.53766133480946,1757.7986270773213,1757.7986270773213,0.0,54.491757439396956,0.0,,,221.70433134308598,5.684341886080802e-14,95.33286247752697,3.0,1178.7249270983582,0.0,-0.0,0.0,164.95076629814426
162,1,163,0.13994,0.0,1178.7249270983582,,,,0,0.0,1,1979.5029584204071,1979.5029584204071,-0.0,316.72047334726517,65.71949821955752,0.0,,,299.7056433234251,1979.5029584204071,1900.322840083591,79.18011833681635,1979.5029584204071,0.0,1.0,0.0,0.0,0.15595833838114773,108.88402629022207,0.96,727.2510203448772,698.1609795310821,29.0900408137951,1.0,0.0,0.0,0.15595833838114773,108.88402629022204,0.96,727.2510203448771,698.160979531082,29.0900408137951,1.0,0.0,0.0,0.1625743006181319,81.93759074298075,0.96,525.0009177306528,504.0008810214266,21.00003670922615,,,,701.4816224401236,1900.322840083591,1757.7986270773213,142.52421300626918,1900.3228400835906,4.547473508864641e-13,1.0,0,0,0.39981772078659583,234.84293374702673,0.925,635.0,587.375,47.625,1.0,0,0,0.3986921298577062,233.3193443721147,0.925,632.6614200811001,585.2118135750177,47.44960650608243,1.0,0.0,0.0,0.39869212981987023,233.31934432098217,0.925,632.6614200024904,585.2118135023037,47.449606500186746,0.0,0.0,0.0,0.08724817754776784,0.0,0.88,0.0,0.0,0.0,1.0,,,0.101,177.53766133480946,1757.7986270773213,1757.7986270773213,0.0,54.491757439396956,0.0,,,221.70433134308598,5.684341886080802e-14,95.33286247752697,3.0,1178.7249270983582,0.0,-0.0,0.0,164.95076629814426
163,1,164,0.13994,0.0,1178.724927098358,,,,0,0.0,1,1979.5029584204071,1979.5029584204071,-0.0,316.72047334726517,65.71949821955752,0.0,,,299.70564332342497,1979.5029584204071,1900.322840083591,79.18011833681635,1979.5029584204071,0.0,1.0,0.0,0.0,0.15595833838114773,108.88402629022207,0.96,727.2510203448772,698.1609795310821,29.0900408137951,1.0,0.0,0.0,0.15595833838114773,108.88402629022204,0.96,727.2510203448771,698.160979531082,29.0900408137951,1.0,0.0,0.0,0.1625743006181319,81.93759074298075,0.96,525.0009177306528,504.0008810214266,21.00003670922615,,,,701.4816224401236,1900.322840083591,1757.7986270773213,142.52421300626918,1900.3228400835906,4.547473508864641e-13,1.0,0,0,0.39981772078659583,234.84293374702673,0.925,635.0,587.375,47.625,1.0,0,0,0.3986921298577062,233.3193443721147,0.925,632.6614200811001,585.2118135750177,47.44960650608243,1.0,0.0,0.0,0.39869212981987023,233.31934432098217,0.925,632.6614200024904,585.2118135023037,47.449606500186746,0.0,0.0,0.0,0.08724817754776787,0.0,0.8800000000000001,0.0,0.0,0.0,1.0,,,0.101,177.53766133480946,1757.7986270773213,1757.7986270773213,0.0,54.491757439396956,0.0,,,221.70433134308598,-5.684341886080802e-14,95.33286247752697,3.0,1178.724927098358,0.0,-0.0,0.0,164.95076629814423
164,1,165,0.13994,0.0,1178.724927098358,,,,0,0.0,1,1979.5029584204071,1979.5029584204071,-0.0,316.72047334726517,65.71949821955752,0.0,,,299.70564332342497,1979.5029584204071,1900.322840083591,79.18011833681635,1979.5029584204071,0.0,1.0,0.0,0.0,0.15595833838114773,108.88402629022207,0.96,727.2510203448772,698.1609795310821,29.0900408137951,1.0,0.0,0.0,0.15595833838114773,108.88402629022204,0.96,727.2510203448771,698.160979531082,29.0900408137951,1.0,0.0,0.0,0.1625743006181319,81.93759074298075,0.96,525.0009177306528,504.0008810214266,21.00003670922615,,,,701.4816224401236,1900.322840083591,1757.7986270773213,142.52421300626918,1900.3228400835906,4.547473508864641e-13,1.0,0,0,0.39981772078659583,234.84293374702673,0.925,635.0,587.375,47.625,1.0,0,0,0.3986921298577062,233.3193443721147,0.925,632.6614200811001,585.2118135750177,47.44960650608243,1.0,0.0,0.0,0.39869212981987023,233.31934432098217,0.925,632.6614200024904,585.2118135023037,47.449606500186746,0.0,0.0,0.0,0.08724817754776784,0.0,0.88,0.0,0.0,0.0,1.0,,,0.101,177.53766133480946,1757.7986270773213,1757.7986270773213,0.0,54.491757439396956,0.0,,,221.70433134308598,-5.684341886080802e-14,95.33286247752697,3.0,1178.724927098358,0.0,-0.0,0.0,164.95076629814423
165,1,166,0.13994,0.0,1178.724927098358,,,,0,0.0,1,1979.5029584204071,1979.5029584204071,-0.0,316.72047334726517,65.71949821955752,0.0,,,299.70564332342497,1979.5029584204071,1900.322840083591,79.18011833681635,1979.5029584204071,0.0,1.0,0.0,0.0,0.15595833838114773,108.88402629022207,0.96,727.2510203448772,698.1609795310821,29.0900408137951,1.0,0.0,0.0,0.15595833838114773,108.88402629022204,0.96,727.2510203448771,698.160979531082,29.0900408137951,1.0,0.0,0.0,0.1625743006181319,81.93759074298075,0.96,525.0009177306528,504.0008810214266,21.00003670922615,,,,701.4816224401236,1900.322840083591,1757.7986270773213,142.52421300626918,1900.3228400835906,4.547473508864641e-13,1.0,0,0,0.39981772078659583,234.84293374702673,0.925,635.0,587.375,47.625,1.0,0,0,0.3986921298577062,233.3193443721147,0.925,632.6614200811001,585.2118135750177,47.44960650608243,1.0,0.0,0.0,0.39869212981987023,233.31934432098217,0.925,632.6614200024904,585.2118135023037,47.449606500186746,0.0,0.0,0.0,0.08724817754776784,0.0,0.88,0.0,0.0,0.0,1.0,,,0.101,177.53766133480946,1757.7986270773213,1757.7986270773213,0.0,54.491757439396956,0.0,,,221.70433134308598,-5.684341886080802e-14,95.33286247752697,3.0,1178.724927098358,0.0,-0.0,0.0,164.95076629814423
166,1,167,0.1016,0.0,1178.724927098358,,,,0,0.0,1,1979.5029584204071,1979.5029584204071,-0.0,316.72047334726517,65.71949821955752,0.0,,,299.70564332342497,1979.5029584204071,1900.322840083591,79.18011833681635,1979.5029584204071,0.0,1.0,0.0,0.0,0.15595833838114773,108.88402629022207,0.96,727.2510203448772,698.1609795310821,29.0900408137951,1.0,0.0,0.0,0.15595833838114773,108.88402629022204,0.96,727.2510203448771,698.160979531082,29.0900408137951,1.0,0.0,0.0,0.1625743006181319,81.93759074298075,0.96,525.0009177306528,504.0008810214266,21.00003670922615,,,,701.4816224401236,1900.322840083591,1757.7986270773213,142.52421300626918,1900.3228400835906,4.547473508864641e-13,1.0,0,0,0.39981772078659583,234.84293374702673,0.925,635.0,587.375,47.625,1.0,0,0,0.3986921298577062,233.3193443721147,0.925,632.6614200811001,585.2118135750177,47.44960650608243,1.0,0.0,0.0,0.39869212981987023,233.31934432098217,0.925,632.6614200024904,585.2118135023037,47.449606500186746,0.0,0.0,0.0,0.08724817754776784,0.0,0.88,0.0,0.0,0.0,1.0,,,0.101,177.53766133480946,1757.7986270773213,1757.7986270773213,0.0,54.491757439396956,0.0,,,221.70433134308598,-5.684341886080802e-14,95.33286247752697,3.0,1178.724927098358,0.0,-0.0,0.0,119.75845259319317
167,1,168,0.1016,0.0,1178.7249270983252,,,,0,0.0,1,1979.5029584204071,1979.5029584204071,-0.0,316.72047334726517,65.71949821955752,0.0,,,299.70564332342497,1979.5029584204071,1900.322840083591,79.18011833681635,1979.5029584204071,0.0,1.0,0.0,0.0,0.15595833838114773,108.88402629022207,0.96,727.2510203448772,698.1609795310821,29.0900408137951,1.0,0.0,0.0,0.15595833838114773,108.88402629022204,0.96,727.2510203448771,698.160979531082,29.0900408137951,1.0,0.0,0.0,0.1625743006181319,81.93759074298075,0.96,525.0009177306528,504.0008810214266,21.00003670922615,,,,701.481622440095,1900.322840083591,1757.7986270772808,142.52421300626588,1900.3228400835465,4.4565240386873484e-11,1.0,0,0,0.39981772078659583,234.84293374702673,0.925,635.0,587.375,47.625,1.0,0,0,0.398692129857685,233.31934437208602,0.925,632.661420081056,585.2118135749769,47.449606506079135,1.0,0.0,0.0,0.39869212981987023,233.31934432098217,0.925,632.6614200024904,585.2118135023037,47.449606500186746,0.0,0.0,0.0,0.08724817754776784,0.0,0.88,0.0,0.0,0.0,1.0,,,0.101,177.53766133480536,1757.7986270772808,1757.7986270772808,0.0,54.491757439395705,0.0,,,221.7043313431268,-5.684341886080802e-14,95.33286247754452,3.0,1178.7249270983252,0.0,-0.0,0.0,119.75845259318984
