Season,Flexibility Type,Num Flexible Trains,Total Operational Cost,Total Water Production (m3),LCOW ($/m3),Total Energy Cost,Fixed Demand Cost,Variable Demand Cost,Total Electricity Cost,Total Feed Cost,Total Brine Cost,Total Chemical Cost,Total Replacement Cost,Total Demand Response Revenue,Total Cost,Maximum Power,Energy Capacity,Power Capacity,LVOF
winter,rr,0,111142.75847730383,282179.67123287625,0.8246332557817322,18240.84075020215,4851.26933280728,2606.1355131391056,25698.245596148536,50843.18400592377,15303.798385783146,19297.530489448367,992.3107078853046,-0.0,232694.74100418555,1101.5718970651224,0.0,,
winter,flow,0,111179.35271597239,282179.6712328763,0.8247629399595776,18266.815711357507,4858.177496759399,2609.8466266994865,25734.839834816394,50843.18400592396,15303.798385783735,19297.5304894483,992.3107078853046,-0.0,232731.3352428541,1103.1405255510365,0.0,,
winter,no_flex,0,111737.91785110335,282179.6712548452,0.8267424061434027,18663.290146715608,4963.622430913925,2666.4923762402022,26293.404953869736,50843.18401230207,15303.79839347874,19297.530491452813,992.3107078853046,-0.0,233289.9003779851,1127.0837800240379,0.0,,
winter,both,0,111142.75847730383,282179.67123287625,0.8246332557817322,18240.84075020215,4851.26933280728,2606.1355131391056,25698.245596148536,50843.18400592377,15303.798385783146,19297.530489448367,992.3107078853046,-0.0,232694.74100418555,1101.5718970651224,0.0,,
summer,rr,0,120105.62640119837,282179.67123287666,0.8563962381565233,20632.00818997307,4931.948713952633,9097.145120319849,34661.10202424555,50843.18695734817,15303.806317735745,19297.531101868928,992.3107078853046,-0.0,241657.6089280801,1101.9194839550864,0.0,,
summer,flow,0,120133.2294037173,282181.81222384557,0.8564875603636639,20646.85334024416,4935.548361388325,9103.784790965987,34686.18649259847,50844.05288534871,15305.212873121069,19297.77715264905,992.3107078853046,-0.0,241685.211930599,1102.723734338619,0.0,,
summer,no_flex,0,120897.16466058244,282179.6712525514,0.85920132414667,21103.17856443225,5044.578554371115,9304.894645424756,35452.651764228125,50843.18401184124,15303.798393226945,19297.530491286136,992.3107078853046,-0.0,242449.14718746417,1127.083779617929,0.0,,
summer,both,0,120105.62640119837,282179.67123287666,0.8563962381565233,20632.00818997307,4931.948713952633,9097.145120319849,34661.10202424555,50843.18695734817,15303.806317735745,19297.531101868928,992.3107078853046,-0.0,241657.6089280801,1101.9194839550864,0.0,,
