Annual Production (AF),Total Water Production (m3),Total Cost ($),Total Energy Cost ($),Total Demand Cost ($),Total Feed Cost ($),Total Brine Cost ($),Total Chemical Cost ($),Total Replacement Cost ($),Degree of Flexibility
6000,141089.83561590107,110344.00712107077,8649.578328608504,4834.892398502364,25559.75297624799,8023.206808829646,62266.11387585272,1010.4627330295478,0.03592814371257447
8000,188119.7808345063,145317.8277097253,11754.494615192427,4772.258213391651,34079.67044620163,10697.608565329052,83021.48516172526,992.3107078853046,0.0
10000,238243.20000000065,184221.68723517208,14382.189245107917,5916.189943749869,43443.425413804915,14309.629811117205,105159.79008836263,1010.4627330295482,0.035928143712575134
11500,270422.18494390644,208556.90143497675,16965.834591260693,6888.032659068844,48989.52626046977,15377.812299132582,119343.38491715956,992.3107078853046,0.0
12000,282179.67124510946,218102.78478236857,18074.27475669103,7338.05308211603,51119.50566284698,16046.412833504804,124532.22773932444,992.3107078853046,0.0
13500,321484.80009011156,246562.369053368,19324.443692289427,7845.614582343715,58240.0000188933,18281.53601202731,141878.46403992892,992.3107078853046,0.0
14000,329209.6164511693,252577.12214997844,19869.9052763746,8067.0688930783945,59639.42327270397,18720.81497138969,145287.59902854648,992.3107078853046,0.0
16000,376239.5616562219,289882.97999250016,23679.427612105694,9613.713363930689,68159.34088228739,21395.21710897205,166042.970317319,992.3107078853046,0.0
