Season,Flexibility Type,Num Flexible Trains,Total Operational Cost,Total Water Production (m3),LCOW ($/m3),Total Energy Cost,Fixed Demand Cost,Variable Demand Cost,Total Electricity Cost,Total Feed Cost,Total Brine Cost,Total Chemical Cost,Total Replacement Cost,Total Demand Response Revenue,Total Cost,Maximum Power,Energy Capacity,Power Capacity,LVOF
winter,both,2,115714.10508262357,282179.67125387234,0.8408333830541639,20578.50721644675,7102.575150662078,2588.5052959285117,30269.58766303734,50843.18517326864,15303.801513994165,19297.53073232341,992.3107078853046,-0.0,237266.08760950528,1127.2750356983174,0.0,,
winter,both,4,115714.10508262008,282179.6712538763,0.8408333830541397,20578.507216446822,7102.57515066168,2588.5052959286563,30269.587663037157,50843.18517326826,15303.801513991277,19297.53073232338,992.3107078853046,-0.0,237266.0876095018,1127.2750356983533,0.0,,
summer,both,2,120869.08914506208,282179.67123287474,0.8591018290324702,20843.49997394456,7500.109443993152,5182.982365579943,33526.59178351765,51330.471420657785,16613.383312880957,19398.64262800567,1004.9477757237471,0.0,242421.07167194382,1190.3691213222182,15685.121948815146,340.980911930764,1.1048276225557274
summer,both,4,120375.15666090109,282179.6712328781,0.8573514106483044,21285.1004075495,7426.325327983849,5046.794462018799,33758.220197552146,51144.1913440995,16112.755607129602,19359.989512119853,1006.7793937839967,0.0,241927.13918778283,1178.6585810964427,12586.325853030998,466.1602167789258,1.3585822738026436
