Season,Flexibility Type,Num Flexible Trains,Total Operational Cost,Total Water Production (m3),LCOW ($/m3),Total Energy Cost,Fixed Demand Cost,Variable Demand Cost,Total Electricity Cost,Total Feed Cost,Total Brine Cost,Total Chemical Cost,Total Replacement Cost,Total Demand Response Revenue,Total Cost,Maximum Power,Energy Capacity,Power Capacity,LVOF
winter,no_flex,2,110955.53645080376,282179.67123286315,0.823969770614033,18107.948957369663,4815.925858531561,2587.1487537612156,25511.02356966244,50843.18400591919,15303.798385775133,19297.530489446992,992.3107078853046,-0.0,232507.51897768548,1093.5464968373592,1252.1885317338408,7.4535031650823855,0.15196364876412294
