Season,Flexibility Type,Num Flexible Trains,Total Operational Cost,Total Water Production (m3),LCOW ($/m3),Total Energy Cost,Fixed Demand Cost,Variable Demand Cost,Total Electricity Cost,Total Feed Cost,Total Brine Cost,Total Chemical Cost,Total Replacement Cost,Total Demand Response Revenue,Total Cost,Maximum Power,Energy Capacity,Power Capacity,LVOF
winter,no_flex,0,111742.38121688204,282179.67125492764,0.8267582236035715,18666.456842679992,4964.466313542179,2666.945163400996,26297.868319623165,50843.18401231717,15303.798393483197,19297.530491458514,992.3107078853046,-0.0,233294.36374376377,1127.2750181292242,0.0,,
summer,no_flex,0,120903.18200761107,282179.6712526396,0.8592226486698934,21106.759240211693,5045.43617125343,9306.473699764316,35458.669111229436,50843.184011857586,15303.798393231775,19297.530491292273,992.3107078853046,-0.0,242455.1645344928,1127.2750172662631,0.0,,
