Season,Flexibility Type,Num Flexible Trains,Total Operational Cost,Total Water Production (m3),LCOW ($/m3),Total Energy Cost,Fixed Demand Cost,Variable Demand Cost,Total Electricity Cost,Total Feed Cost,Total Brine Cost,Total Chemical Cost,Total Replacement Cost,Total Demand Response Revenue,Total Cost,Maximum Power,Energy Capacity,Power Capacity,LVOF
winter,both,0,117032.41959359782,282179.67123286927,0.8455052806535711,23683.129427060085,6986.369596999788,918.4076883836535,31587.906712443524,50843.18400592377,15303.798385782397,19297.530489448123,992.3107078853046,-0.0,238584.40212047956,1108.8316377934434,0.0,,
summer,both,0,171865.08676903474,282179.67634316365,1.0398235376068927,74067.5724940253,7441.880277517497,4044.930906069026,85554.38367761183,51065.56969251477,15901.457721073244,19343.675677834894,992.3107078853046,0.0,293417.0692959165,1181.1273626184789,7149.894793958311,210.29102335171504,-4.8547669539218266
