Season,Flexibility Type,Num Flexible Trains,Total Operational Cost,Total Water Production (m3),LCOW ($/m3),Total Energy Cost,Fixed Demand Cost,Variable Demand Cost,Total Electricity Cost,Total Feed Cost,Total Brine Cost,Total Chemical Cost,Total Replacement Cost,Total Demand Response Revenue,Total Cost,Maximum Power,Energy Capacity,Power Capacity,LVOF
winter,both,4,103263.06762378293,282179.6712328771,0.7967088811480305,18270.343045682657,4859.118722227585,2610.3522592715503,25739.81402718179,48809.48457471627,9838.231164412022,18875.537857472853,992.3107078853046,-0.0,224815.05015066464,1103.3542485400862,0.0,,
summer,both,4,108527.71128615321,282179.67123319453,0.8153659432925486,19470.284119269145,5251.786149721405,4921.321073968711,29643.39134295926,49158.92394486073,10777.349471545598,18948.04652678762,1008.6177006503098,0.0,230079.69381303492,1173.3790798621271,12990.682952859008,463.95296260210745,1.633187911265416
