Season,Flexibility Type,Num Flexible Trains,Total Operational Cost,Total Water Production (m3),LCOW ($/m3),Total Energy Cost,Fixed Demand Cost,Variable Demand Cost,Total Electricity Cost,Total Feed Cost,Total Brine Cost,Total Chemical Cost,Total Replacement Cost,Total Demand Response Revenue,Total Cost,Maximum Power,Energy Capacity,Power Capacity,LVOF
summer,both,4,117493.88201093453,282179.67123284965,0.8471406302708456,19869.854426770024,5589.634618339696,5989.032710210424,31448.521755320144,50997.44520559241,15718.375361642178,19329.539688379788,1001.3044605247485,0.0,239045.86453781626,1248.86280279303,13651.14582474738,115.68767648091,1.421403225363588
