Annual Production (AF),Total Water Production (m3),Total Cost ($),Total Energy Cost ($),Total Demand Cost ($),Total Feed Cost ($),Total Brine Cost ($),Total Chemical Cost ($),Total Replacement Cost ($),Degree of Flexibility
11000,258664.69864208577,206916.4481143722,18025.498529479715,12175.338159752206,46859.54685793483,14709.21176460259,114154.54209471757,992.3107078853046,0.0
11500,270422.1849432646,216835.0539283228,19178.133394446544,12953.886349847518,48989.52626030476,15377.812298965722,119343.38491687296,992.3107078853046,0.0
12000,282179.67123287654,224867.3217507806,19007.04769671713,11907.217911274636,51411.78767403628,16831.92074383568,124550.4953597641,1158.8523651527732,0.28742514970060595
