Season,Flexibility Type,Num Flexible Trains,Total Operational Cost,Total Water Production (m3),LCOW ($/m3),Total Energy Cost,Fixed Demand Cost,Variable Demand Cost,Total Electricity Cost,Total Feed Cost,Total Brine Cost,Total Chemical Cost,Total Replacement Cost,Total Demand Response Revenue,Total Cost,Maximum Power,Energy Capacity,Power Capacity,LVOF
summer,both,2,120628.41082793019,282179.6712328765,0.8582489032491144,20824.71296796393,7456.390744830727,5114.458736530314,33395.56244932497,51302.320205525844,16537.72692221354,19392.80125086584,1004.9477757237471,0.0,242180.3933548119,1183.4303612998156,15931.195749045148,346.3303423705467,1.095987118697307
