Season,Flexibility Type,Num Flexible Trains,Total Operational Cost,Total Water Production (m3),LCOW ($/m3),Total Energy Cost,Fixed Demand Cost,Variable Demand Cost,Total Electricity Cost,Total Feed Cost,Total Brine Cost,Total Chemical Cost,Total Replacement Cost,Total Demand Response Revenue,Total Cost,Maximum Power,Energy Capacity,Power Capacity,LVOF
summer,both,2,118253.99932365929,282179.67123287637,0.8498343654693491,20277.993676447488,6534.5593757614915,5996.93339029523,32809.48644250421,50843.184005923635,15303.798385783062,19297.530489448378,999.4926912958135,0.0,239805.98185054102,1459.9823949592942,22276.99715252722,353.60312940519395,0.809849106918117
