Season,Flexibility Type,Num Flexible Trains,Total Operational Cost,Total Water Production (m3),LCOW ($/m3),Total Energy Cost,Fixed Demand Cost,Variable Demand Cost,Total Electricity Cost,Total Feed Cost,Total Brine Cost,Total Chemical Cost,Total Replacement Cost,Total Demand Response Revenue,Total Cost,Maximum Power,Energy Capacity,Power Capacity,LVOF
winter,no_flex,0,111145.31815304329,282179.6712328764,0.8246423268665773,18242.657679179603,4851.75251223295,2606.3950804758047,25700.805271888355,50843.18400592369,15303.798385783013,19297.530489448236,992.3107078853046,-0.0,232697.300679925,1101.6816120362682,4253.489177906937,25.318387963731766,-0.1635115395650991
winter,both,0,111146.2673843288,282179.67123287683,0.8246456907917,18243.01278530164,4851.8572159026635,2606.4513280128936,25701.321329217193,50843.29521874949,15304.097270252396,19297.553566109727,992.3107078853046,-0.0,232698.24991121053,1101.705386989052,4249.8832176862215,25.29692391479894,-0.1637717051695411
summer,no_flex,0,120255.31872093056,282179.6712328764,0.8569267239958411,20721.1200023632,4953.249922390751,9136.435915021657,34810.80583977561,50843.18400592369,15303.798385783017,19297.530489448236,992.3107078853046,-0.0,241807.30124781228,1106.6787014512756,3413.9781561856944,20.32129854872437,4.696135749744278
summer,both,0,120097.92490913643,282179.67124383367,0.8563689452568912,20627.431397984703,4930.854266610569,9095.126375423073,34653.412040018346,50843.184003955765,15303.798375782702,19297.53048937962,992.3107078853046,-0.0,241649.90743601817,1101.6749573328668,4254.607173570421,25.325042699823932,3.805262861501869
