Annual Production (AF),Total Water Production (m3),Total Cost ($),Total Energy Cost ($),Total Demand Cost ($),Total Feed Cost ($),Total Brine Cost ($),Total Chemical Cost ($),Total Replacement Cost ($),Degree of Flexibility
16000,376239.5616555764,301436.90100005467,26767.160730209132,18079.90125397892,68159.34088212842,21395.217108822297,166042.9703170306,992.3107078853046,0.0
15000,352724.5890531096,281642.12271945184,24487.217525150667,16539.911696341078,63899.382077353155,20058.01604004954,155665.28467267207,992.3107078853046,0.0
14000,329209.6164506181,262272.26004581165,22460.887017243054,15171.225048543247,59639.42327257066,18720.814971268148,145287.59902830125,992.3107078853046,0.0
