,Day,Time,LMP,bypass_pretreatment_flow,power_from_grid,intake.op_mode,intake.startup,intake.shutdown,intake.energy_intensity,intake.power_consumption,intake.recovery,intake.feed_flowrate,intake.product_flowrate,intake.reject_flowrate,intake.feed_cost,intake.chemical_cost,pretreatment.op_mode,pretreatment.startup,pretreatment.shutdown,pretreatment.power_consumption,pretreatment.feed_flowrate,pretreatment.product_flowrate,pretreatment.reject_flowrate,pretreatment.inlet_flowrate,pretreatment.leftover_flow,pretreatment.uf_pumps[1].op_mode,pretreatment.uf_pumps[1].startup,pretreatment.uf_pumps[1].shutdown,pretreatment.uf_pumps[1].energy_intensity,pretreatment.uf_pumps[1].power_consumption,pretreatment.uf_pumps[1].recovery,pretreatment.uf_pumps[1].feed_flowrate,pretreatment.uf_pumps[1].product_flowrate,pretreatment.uf_pumps[1].reject_flowrate,pretreatment.uf_pumps[2].op_mode,pretreatment.uf_pumps[2].startup,pretreatment.uf_pumps[2].shutdown,pretreatment.uf_pumps[2].energy_intensity,pretreatment.uf_pumps[2].power_consumption,pretreatment.uf_pumps[2].recovery,pretreatment.uf_pumps[2].feed_flowrate,pretreatment.uf_pumps[2].product_flowrate,pretreatment.uf_pumps[2].reject_flowrate,pretreatment.uf_pumps[3].op_mode,pretreatment.uf_pumps[3].startup,pretreatment.uf_pumps[3].shutdown,pretreatment.uf_pumps[3].energy_intensity,pretreatment.uf_pumps[3].power_consumption,pretreatment.uf_pumps[3].recovery,pretreatment.uf_pumps[3].feed_flowrate,pretreatment.uf_pumps[3].product_flowrate,pretreatment.uf_pumps[3].reject_flowrate,reverse_osmosis.op_mode,reverse_osmosis.startup,reverse_osmosis.shutdown,reverse_osmosis.power_consumption,reverse_osmosis.feed_flowrate,reverse_osmosis.product_flowrate,reverse_osmosis.reject_flowrate,reverse_osmosis.inlet_flowrate,reverse_osmosis.leftover_flow,reverse_osmosis.ro_skid[1].op_mode,reverse_osmosis.ro_skid[1].startup,reverse_osmosis.ro_skid[1].shutdown,reverse_osmosis.ro_skid[1].energy_intensity,reverse_osmosis.ro_skid[1].power_consumption,reverse_osmosis.ro_skid[1].recovery,reverse_osmosis.ro_skid[1].feed_flowrate,reverse_osmosis.ro_skid[1].product_flowrate,reverse_osmosis.ro_skid[1].reject_flowrate,reverse_osmosis.ro_skid[2].op_mode,reverse_osmosis.ro_skid[2].startup,reverse_osmosis.ro_skid[2].shutdown,reverse_osmosis.ro_skid[2].energy_intensity,reverse_osmosis.ro_skid[2].power_consumption,reverse_osmosis.ro_skid[2].recovery,reverse_osmosis.ro_skid[2].feed_flowrate,reverse_osmosis.ro_skid[2].product_flowrate,reverse_osmosis.ro_skid[2].reject_flowrate,reverse_osmosis.ro_skid[3].op_mode,reverse_osmosis.ro_skid[3].startup,reverse_osmosis.ro_skid[3].shutdown,reverse_osmosis.ro_skid[3].energy_intensity,reverse_osmosis.ro_skid[3].power_consumption,reverse_osmosis.ro_skid[3].recovery,reverse_osmosis.ro_skid[3].feed_flowrate,reverse_osmosis.ro_skid[3].product_flowrate,reverse_osmosis.ro_skid[3].reject_flowrate,reverse_osmosis.ro_skid[4].op_mode,reverse_osmosis.ro_skid[4].startup,reverse_osmosis.ro_skid[4].shutdown,reverse_osmosis.ro_skid[4].energy_intensity,reverse_osmosis.ro_skid[4].power_consumption,reverse_osmosis.ro_skid[4].recovery,reverse_osmosis.ro_skid[4].feed_flowrate,reverse_osmosis.ro_skid[4].product_flowrate,reverse_osmosis.ro_skid[4].reject_flowrate,posttreatment.op_mode,posttreatment.startup,posttreatment.shutdown,posttreatment.energy_intensity,posttreatment.power_consumption,posttreatment.feed_flowrate,posttreatment.product_flowrate,posttreatment.reject_flowrate,posttreatment.chemical_cost,brine_discharge.op_mode,brine_discharge.startup,brine_discharge.shutdown,brine_discharge.feed_flowrate,brine_discharge.power_consumption,brine_discharge.brine_cost,num_skids_online,net_power_consumption,water_revenue,demand_response_revenue,emissions_cost,energy_cost
0,1,1,0.11506,0.0,0.0,,,,0,0.0,1,0.0,0.0,-0.0,0.0,0.0,0.0,,,0.0,0.0,0.0,0.0,0.0,0.0,0.0,0.0,0.0,0.271,0.0,0.96,0.0,0.0,-0.0,0.0,0.0,0.0,0.271,0.0,0.96,0.0,0.0,-0.0,0.0,0.0,0.0,0.271,0.0,0.96,0.0,0.0,-0.0,,,,0.0,0.0,0.0,0.0,0.0,0.0,0.0,0.0,0.0,0.08724817754776784,0.0,0.88,0.0,0.0,0.0,0.0,0.0,0.0,0.08724817754776784,0.0,0.88,0.0,0.0,0.0,0.0,0.0,0.0,0.08724817754776784,0.0,0.88,0.0,0.0,0.0,0.0,0.0,0.0,0.08724817754776784,0.0,0.88,0.0,0.0,0.0,1.0,,,0.101,0.0,0.0,-0.0,0.0,0.0,0.0,,,0.0,0.0,0.0,0.0,0.0,-0.0,0.0,0.0,0.0
1,1,2,0.11506,0.0,0.0,,,,0,0.0,1,0.0,0.0,-0.0,0.0,0.0,0.0,,,0.0,0.0,0.0,0.0,0.0,0.0,0.0,0.0,0.0,0.271,0.0,0.96,0.0,0.0,-0.0,0.0,0.0,0.0,0.271,0.0,0.96,0.0,0.0,-0.0,0.0,0.0,0.0,0.271,0.0,0.96,0.0,0.0,-0.0,,,,0.0,0.0,0.0,0.0,0.0,0.0,0.0,0.0,0.0,0.08724817754776784,0.0,0.88,0.0,0.0,0.0,0.0,0.0,0.0,0.08724817754776784,0.0,0.88,0.0,0.0,0.0,0.0,0.0,0.0,0.08724817754776784,0.0,0.88,0.0,0.0,0.0,0.0,0.0,0.0,0.08724817754776784,0.0,0.88,0.0,0.0,0.0,1.0,,,0.101,0.0,0.0,-0.0,0.0,0.0,0.0,,,0.0,0.0,0.0,0.0,0.0,-0.0,0.0,0.0,0.0
2,1,3,0.11506,0.0,0.0,,,,0,0.0,1,0.0,0.0,-0.0,0.0,0.0,0.0,,,0.0,0.0,0.0,0.0,0.0,0.0,0.0,0.0,0.0,0.271,0.0,0.96,0.0,0.0,-0.0,0.0,0.0,0.0,0.271,0.0,0.96,0.0,0.0,-0.0,0.0,0.0,0.0,0.271,0.0,0.96,0.0,0.0,-0.0,,,,0.0,0.0,0.0,0.0,0.0,0.0,0.0,0.0,0.0,0.08724817754776784,0.0,0.88,0.0,0.0,0.0,0.0,0.0,0.0,0.08724817754776784,0.0,0.88,0.0,0.0,0.0,0.0,0.0,0.0,0.08724817754776784,0.0,0.88,0.0,0.0,0.0,0.0,0.0,0.0,0.08724817754776784,0.0,0.88,0.0,0.0,0.0,1.0,,,0.101,0.0,0.0,-0.0,0.0,0.0,0.0,,,0.0,0.0,0.0,0.0,0.0,-0.0,0.0,0.0,0.0
3,1,4,0.11506,0.0,0.0,,,,0,0.0,1,0.0,0.0,-0.0,0.0,0.0,0.0,,,0.0,0.0,0.0,0.0,0.0,0.0,0.0,0.0,0.0,0.271,0.0,0.96,0.0,0.0,-0.0,0.0,0.0,0.0,0.271,0.0,0.96,0.0,0.0,-0.0,0.0,0.0,0.0,0.271,0.0,0.96,0.0,0.0,-0.0,,,,0.0,0.0,0.0,0.0,0.0,0.0,0.0,0.0,0.0,0.08724817754776784,0.0,0.88,0.0,0.0,0.0,0.0,0.0,0.0,0.08724817754776784,0.0,0.88,0.0,0.0,0.0,0.0,0.0,0.0,0.08724817754776784,0.0,0.88,0.0,0.0,0.0,0.0,0.0,0.0,0.08724817754776784,0.0,0.88,0.0,0.0,0.0,1.0,,,0.101,0.0,0.0,-0.0,0.0,0.0,0.0,,,0.0,0.0,0.0,0.0,0.0,-0.0,0.0,0.0,0.0
4,1,5,0.11506,0.0,0.0,,,,0,0.0,1,0.0,0.0,-0.0,0.0,0.0,0.0,,,0.0,0.0,0.0,0.0,0.0,0.0,0.0,0.0,0.0,0.271,0.0,0.96,0.0,0.0,-0.0,0.0,0.0,0.0,0.271,0.0,0.96,0.0,0.0,-0.0,0.0,0.0,0.0,0.271,0.0,0.96,0.0,0.0,-0.0,,,,0.0,0.0,0.0,0.0,0.0,0.0,0.0,0.0,0.0,0.08724817754776784,0.0,0.88,0.0,0.0,0.0,0.0,0.0,0.0,0.08724817754776784,0.0,0.88,0.0,0.0,0.0,0.0,0.0,0.0,0.08724817754776784,0.0,0.88,0.0,0.0,0.0,0.0,0.0,0.0,0.08724817754776784,0.0,0.88,0.0,0.0,0.0,1.0,,,0.101,0.0,0.0,-0.0,0.0,0.0,0.0,,,0.0,0.0,0.0,0.0,0.0,-0.0,0.0,0.0,0.0
5,1,6,0.11506,0.0,0.0,,,,0,0.0,1,0.0,0.0,-0.0,0.0,0.0,0.0,,,0.0,0.0,0.0,0.0,0.0,0.0,0.0,0.0,0.0,0.271,0.0,0.96,0.0,0.0,-0.0,0.0,0.0,0.0,0.271,0.0,0.96,0.0,0.0,-0.0,0.0,0.0,0.0,0.271,0.0,0.96,0.0,0.0,-0.0,,,,0.0,0.0,0.0,0.0,0.0,0.0,0.0,0.0,0.0,0.08724817754776784,0.0,0.88,0.0,0.0,0.0,0.0,0.0,0.0,0.08724817754776784,0.0,0.88,0.0,0.0,0.0,0.0,0.0,0.0,0.08724817754776784,0.0,0.88,0.0,0.0,0.0,0.0,0.0,0.0,0.08724817754776784,0.0,0.88,0.0,0.0,0.0,1.0,,,0.101,0.0,0.0,-0.0,0.0,0.0,0.0,,,0.0,0.0,0.0,0.0,0.0,-0.0,0.0,0.0,0.0
6,1,7,0.11506,0.0,0.0,,,,0,0.0,1,0.0,0.0,-0.0,0.0,0.0,0.0,,,0.0,0.0,0.0,0.0,0.0,0.0,0.0,0.0,0.0,0.271,0.0,0.96,0.0,0.0,-0.0,0.0,0.0,0.0,0.271,0.0,0.96,0.0,0.0,-0.0,0.0,0.0,0.0,0.271,0.0,0.96,0.0,0.0,-0.0,,,,0.0,0.0,0.0,0.0,0.0,0.0,0.0,0.0,0.0,0.08724817754776784,0.0,0.88,0.0,0.0,0.0,0.0,0.0,0.0,0.08724817754776784,0.0,0.88,0.0,0.0,0.0,0.0,0.0,0.0,0.08724817754776784,0.0,0.88,0.0,0.0,0.0,0.0,0.0,0.0,0.08724817754776784,0.0,0.88,0.0,0.0,0.0,1.0,,,0.101,0.0,0.0,-0.0,0.0,0.0,0.0,,,0.0,0.0,0.0,0.0,0.0,-0.0,0.0,0.0,0.0
7,1,8,0.11506,0.0,0.0,,,,0,0.0,1,0.0,0.0,-0.0,0.0,0.0,0.0,,,0.0,0.0,0.0,0.0,0.0,0.0,0.0,0.0,0.0,0.271,0.0,0.96,0.0,0.0,-0.0,0.0,0.0,0.0,0.271,0.0,0.96,0.0,0.0,-0.0,0.0,0.0,0.0,0.271,0.0,0.96,0.0,0.0,-0.0,,,,0.0,0.0,0.0,0.0,0.0,0.0,0.0,0.0,0.0,0.08724817754776784,0.0,0.88,0.0,0.0,0.0,0.0,0.0,0.0,0.08724817754776784,0.0,0.88,0.0,0.0,0.0,0.0,0.0,0.0,0.08724817754776784,0.0,0.88,0.0,0.0,0.0,0.0,0.0,0.0,0.08724817754776784,0.0,0.88,0.0,0.0,0.0,1.0,,,0.101,0.0,0.0,-0.0,0.0,0.0,0.0,,,0.0,0.0,0.0,0.0,0.0,-0.0,0.0,0.0,0.0
8,1,9,0.07074,0.0,0.0,,,,0,0.0,1,0.0,0.0,-0.0,0.0,0.0,0.0,,,0.0,0.0,0.0,0.0,0.0,0.0,0.0,0.0,0.0,0.271,0.0,0.96,0.0,0.0,-0.0,0.0,0.0,0.0,0.271,0.0,0.96,0.0,0.0,-0.0,0.0,0.0,0.0,0.271,0.0,0.96,0.0,0.0,-0.0,,,,0.0,0.0,0.0,0.0,0.0,0.0,0.0,0.0,0.0,0.08724817754776784,0.0,0.88,0.0,0.0,0.0,0.0,0.0,0.0,0.08724817754776784,0.0,0.88,0.0,0.0,0.0,0.0,0.0,0.0,0.08724817754776784,0.0,0.88,0.0,0.0,0.0,0.0,0.0,0.0,0.08724817754776784,0.0,0.88,0.0,0.0,0.0,1.0,,,0.101,0.0,0.0,-0.0,0.0,0.0,0.0,,,0.0,0.0,0.0,0.0,0.0,-0.0,0.0,0.0,0.0
9,1,10,0.07074,0.0,0.0,,,,0,0.0,1,0.0,0.0,-0.0,0.0,0.0,0.0,,,0.0,0.0,0.0,0.0,0.0,0.0,0.0,0.0,0.0,0.271,0.0,0.96,0.0,0.0,-0.0,0.0,0.0,0.0,0.271,0.0,0.96,0.0,0.0,-0.0,0.0,0.0,0.0,0.271,0.0,0.96,0.0,0.0,-0.0,,,,0.0,0.0,0.0,0.0,0.0,0.0,0.0,0.0,0.0,0.08724817754776784,0.0,0.88,0.0,0.0,0.0,0.0,0.0,0.0,0.08724817754776784,0.0,0.88,0.0,0.0,0.0,0.0,0.0,0.0,0.08724817754776784,0.0,0.88,0.0,0.0,0.0,0.0,0.0,0.0,0.08724817754776784,0.0,0.88,0.0,0.0,0.0,1.0,,,0.101,0.0,0.0,-0.0,0.0,0.0,0.0,,,0.0,0.0,0.0,0.0,0.0,-0.0,0.0,0.0,0.0
10,1,11,0.07074,0.0,0.0,,,,0,0.0,1,0.0,0.0,-0.0,0.0,0.0,0.0,,,0.0,0.0,0.0,0.0,0.0,0.0,0.0,0.0,0.0,0.271,0.0,0.96,0.0,0.0,-0.0,0.0,0.0,0.0,0.271,0.0,0.96,0.0,0.0,-0.0,0.0,0.0,0.0,0.271,0.0,0.96,0.0,0.0,-0.0,,,,0.0,0.0,0.0,0.0,0.0,0.0,0.0,0.0,0.0,0.08724817754776784,0.0,0.88,0.0,0.0,0.0,0.0,0.0,0.0,0.08724817754776784,0.0,0.88,0.0,0.0,0.0,0.0,0.0,0.0,0.08724817754776784,0.0,0.88,0.0,0.0,0.0,0.0,0.0,0.0,0.08724817754776784,0.0,0.88,0.0,0.0,0.0,1.0,,,0.101,0.0,0.0,-0.0,0.0,0.0,0.0,,,0.0,0.0,0.0,0.0,0.0,-0.0,0.0,0.0,0.0
11,1,12,0.07074,0.0,0.0,,,,0,0.0,1,0.0,0.0,-0.0,0.0,0.0,0.0,,,0.0,0.0,0.0,0.0,0.0,0.0,0.0,0.0,0.0,0.271,0.0,0.96,0.0,0.0,-0.0,0.0,0.0,0.0,0.271,0.0,0.96,0.0,0.0,-0.0,0.0,0.0,0.0,0.271,0.0,0.96,0.0,0.0,-0.0,,,,0.0,0.0,0.0,0.0,0.0,0.0,0.0,0.0,0.0,0.08724817754776784,0.0,0.88,0.0,0.0,0.0,0.0,0.0,0.0,0.08724817754776784,0.0,0.88,0.0,0.0,0.0,0.0,0.0,0.0,0.08724817754776784,0.0,0.88,0.0,0.0,0.0,0.0,0.0,0.0,0.08724817754776784,0.0,0.88,0.0,0.0,0.0,1.0,,,0.101,0.0,0.0,-0.0,0.0,0.0,0.0,,,0.0,0.0,0.0,0.0,0.0,-0.0,0.0,0.0,0.0
12,1,13,0.07074,0.0,0.0,,,,0,0.0,1,0.0,0.0,-0.0,0.0,0.0,0.0,,,0.0,0.0,0.0,0.0,0.0,0.0,0.0,0.0,0.0,0.271,0.0,0.96,0.0,0.0,-0.0,0.0,0.0,0.0,0.271,0.0,0.96,0.0,0.0,-0.0,0.0,0.0,0.0,0.271,0.0,0.96,0.0,0.0,-0.0,,,,0.0,0.0,0.0,0.0,0.0,0.0,0.0,0.0,0.0,0.08724817754776784,0.0,0.88,0.0,0.0,0.0,0.0,0.0,0.0,0.08724817754776784,0.0,0.88,0.0,0.0,0.0,0.0,0.0,0.0,0.08724817754776784,0.0,0.88,0.0,0.0,0.0,0.0,0.0,0.0,0.08724817754776784,0.0,0.88,0.0,0.0,0.0,1.0,,,0.101,0.0,0.0,-0.0,0.0,0.0,0.0,,,0.0,0.0,0.0,0.0,0.0,-0.0,0.0,0.0,0.0
13,1,14,0.07074,0.0,0.0,,,,0,0.0,1,0.0,0.0,-0.0,0.0,0.0,0.0,,,0.0,0.0,0.0,0.0,0.0,0.0,0.0,0.0,0.0,0.271,0.0,0.96,0.0,0.0,-0.0,0.0,0.0,0.0,0.271,0.0,0.96,0.0,0.0,-0.0,0.0,0.0,0.0,0.271,0.0,0.96,0.0,0.0,-0.0,,,,0.0,0.0,0.0,0.0,0.0,0.0,0.0,0.0,0.0,0.08724817754776784,0.0,0.88,0.0,0.0,0.0,0.0,0.0,0.0,0.08724817754776784,0.0,0.88,0.0,0.0,0.0,0.0,0.0,0.0,0.08724817754776784,0.0,0.88,0.0,0.0,0.0,0.0,0.0,0.0,0.08724817754776784,0.0,0.88,0.0,0.0,0.0,1.0,,,0.101,0.0,0.0,-0.0,0.0,0.0,0.0,,,0.0,0.0,0.0,0.0,0.0,-0.0,0.0,0.0,0.0
14,1,15,0.07074,0.0,0.0,,,,0,0.0,1,0.0,0.0,-0.0,0.0,0.0,0.0,,,0.0,0.0,0.0,0.0,0.0,0.0,0.0,0.0,0.0,0.271,0.0,0.96,0.0,0.0,-0.0,0.0,0.0,0.0,0.271,0.0,0.96,0.0,0.0,-0.0,0.0,0.0,0.0,0.271,0.0,0.96,0.0,0.0,-0.0,,,,0.0,0.0,0.0,0.0,0.0,0.0,0.0,0.0,0.0,0.08724817754776784,0.0,0.88,0.0,0.0,0.0,0.0,0.0,0.0,0.08724817754776784,0.0,0.88,0.0,0.0,0.0,0.0,0.0,0.0,0.08724817754776784,0.0,0.88,0.0,0.0,0.0,0.0,0.0,0.0,0.08724817754776784,0.0,0.88,0.0,0.0,0.0,1.0,,,0.101,0.0,0.0,-0.0,0.0,0.0,0.0,,,0.0,0.0,0.0,0.0,0.0,-0.0,0.0,0.0,0.0
15,1,16,0.07074,0.0,0.0,,,,0,0.0,1,0.0,0.0,-0.0,0.0,0.0,0.0,,,0.0,0.0,0.0,0.0,0.0,0.0,0.0,0.0,0.0,0.271,0.0,0.96,0.0,0.0,-0.0,0.0,0.0,0.0,0.271,0.0,0.96,0.0,0.0,-0.0,0.0,0.0,0.0,0.271,0.0,0.96,0.0,0.0,-0.0,,,,0.0,0.0,0.0,0.0,0.0,0.0,0.0,0.0,0.0,0.08724817754776784,0.0,0.88,0.0,0.0,0.0,0.0,0.0,0.0,0.08724817754776784,0.0,0.88,0.0,0.0,0.0,0.0,0.0,0.0,0.08724817754776784,0.0,0.88,0.0,0.0,0.0,0.0,0.0,0.0,0.08724817754776784,0.0,0.88,0.0,0.0,0.0,1.0,,,0.101,0.0,0.0,-0.0,0.0,0.0,0.0,,,0.0,0.0,0.0,0.0,0.0,-0.0,0.0,0.0,0.0
16,1,17,0.07074,0.0,0.0,,,,0,0.0,1,0.0,0.0,-0.0,0.0,0.0,0.0,,,0.0,0.0,0.0,0.0,0.0,0.0,0.0,0.0,0.0,0.271,0.0,0.96,0.0,0.0,-0.0,0.0,0.0,0.0,0.271,0.0,0.96,0.0,0.0,-0.0,0.0,0.0,0.0,0.271,0.0,0.96,0.0,0.0,-0.0,,,,0.0,0.0,0.0,0.0,0.0,0.0,0.0,0.0,0.0,0.08724817754776784,0.0,0.88,0.0,0.0,0.0,0.0,0.0,0.0,0.08724817754776784,0.0,0.88,0.0,0.0,0.0,0.0,0.0,0.0,0.08724817754776784,0.0,0.88,0.0,0.0,0.0,0.0,0.0,0.0,0.08724817754776784,0.0,0.88,0.0,0.0,0.0,1.0,,,0.101,0.0,0.0,-0.0,0.0,0.0,0.0,,,0.0,0.0,0.0,0.0,0.0,-0.0,0.0,0.0,0.0
17,1,18,0.11566,0.0,0.0,,,,0,0.0,1,0.0,0.0,-0.0,0.0,0.0,0.0,,,0.0,0.0,0.0,0.0,0.0,0.0,0.0,0.0,0.0,0.271,0.0,0.96,0.0,0.0,-0.0,0.0,0.0,0.0,0.271,0.0,0.96,0.0,0.0,-0.0,0.0,0.0,0.0,0.271,0.0,0.96,0.0,0.0,-0.0,,,,0.0,0.0,0.0,0.0,0.0,0.0,0.0,0.0,0.0,0.08724817754776784,0.0,0.88,0.0,0.0,0.0,0.0,0.0,0.0,0.08724817754776784,0.0,0.88,0.0,0.0,0.0,0.0,0.0,0.0,0.08724817754776784,0.0,0.88,0.0,0.0,0.0,0.0,0.0,0.0,0.08724817754776784,0.0,0.88,0.0,0.0,0.0,1.0,,,0.101,0.0,0.0,-0.0,0.0,0.0,0.0,,,0.0,0.0,0.0,0.0,0.0,-0.0,0.0,0.0,0.0
18,1,19,0.11566,0.0,0.0,,,,0,0.0,1,0.0,0.0,-0.0,0.0,0.0,0.0,,,0.0,0.0,0.0,0.0,0.0,0.0,0.0,0.0,0.0,0.271,0.0,0.96,0.0,0.0,-0.0,0.0,0.0,0.0,0.271,0.0,0.96,0.0,0.0,-0.0,0.0,0.0,0.0,0.271,0.0,0.96,0.0,0.0,-0.0,,,,0.0,0.0,0.0,0.0,0.0,0.0,0.0,0.0,0.0,0.08724817754776784,0.0,0.88,0.0,0.0,0.0,0.0,0.0,0.0,0.08724817754776784,0.0,0.88,0.0,0.0,0.0,0.0,0.0,0.0,0.08724817754776784,0.0,0.88,0.0,0.0,0.0,0.0,0.0,0.0,0.08724817754776784,0.0,0.88,0.0,0.0,0.0,1.0,,,0.101,0.0,0.0,-0.0,0.0,0.0,0.0,,,0.0,0.0,0.0,0.0,0.0,-0.0,0.0,0.0,0.0
19,1,20,0.11566,0.0,0.0,,,,0,0.0,1,0.0,0.0,-0.0,0.0,0.0,0.0,,,0.0,0.0,0.0,0.0,0.0,0.0,0.0,0.0,0.0,0.271,0.0,0.96,0.0,0.0,-0.0,0.0,0.0,0.0,0.271,0.0,0.96,0.0,0.0,-0.0,0.0,0.0,0.0,0.271,0.0,0.96,0.0,0.0,-0.0,,,,0.0,0.0,0.0,0.0,0.0,0.0,0.0,0.0,0.0,0.08724817754776784,0.0,0.88,0.0,0.0,0.0,0.0,0.0,0.0,0.08724817754776784,0.0,0.88,0.0,0.0,0.0,0.0,0.0,0.0,0.08724817754776784,0.0,0.88,0.0,0.0,0.0,0.0,0.0,0.0,0.08724817754776784,0.0,0.88,0.0,0.0,0.0,1.0,,,0.101,0.0,0.0,-0.0,0.0,0.0,0.0,,,0.0,0.0,0.0,0.0,0.0,-0.0,0.0,0.0,0.0
20,1,21,0.11566,0.0,0.0,,,,0,0.0,1,0.0,0.0,-0.0,0.0,0.0,0.0,,,0.0,0.0,0.0,0.0,0.0,0.0,0.0,0.0,0.0,0.271,0.0,0.96,0.0,0.0,-0.0,0.0,0.0,0.0,0.271,0.0,0.96,0.0,0.0,-0.0,0.0,0.0,0.0,0.271,0.0,0.96,0.0,0.0,-0.0,,,,0.0,0.0,0.0,0.0,0.0,0.0,0.0,0.0,0.0,0.08724817754776784,0.0,0.88,0.0,0.0,0.0,0.0,0.0,0.0,0.08724817754776784,0.0,0.88,0.0,0.0,0.0,0.0,0.0,0.0,0.08724817754776784,0.0,0.88,0.0,0.0,0.0,0.0,0.0,0.0,0.08724817754776784,0.0,0.88,0.0,0.0,0.0,1.0,,,0.101,0.0,0.0,-0.0,0.0,0.0,0.0,,,0.0,0.0,0.0,0.0,0.0,-0.0,0.0,0.0,0.0
21,1,22,0.11566,0.0,0.0,,,,0,0.0,1,0.0,0.0,-0.0,0.0,0.0,0.0,,,0.0,0.0,0.0,0.0,0.0,0.0,0.0,0.0,0.0,0.271,0.0,0.96,0.0,0.0,-0.0,0.0,0.0,0.0,0.271,0.0,0.96,0.0,0.0,-0.0,0.0,0.0,0.0,0.271,0.0,0.96,0.0,0.0,-0.0,,,,0.0,0.0,0.0,0.0,0.0,0.0,0.0,0.0,0.0,0.08724817754776784,0.0,0.88,0.0,0.0,0.0,0.0,0.0,0.0,0.08724817754776784,0.0,0.88,0.0,0.0,0.0,0.0,0.0,0.0,0.08724817754776784,0.0,0.88,0.0,0.0,0.0,0.0,0.0,0.0,0.08724817754776784,0.0,0.88,0.0,0.0,0.0,1.0,,,0.101,0.0,0.0,-0.0,0.0,0.0,0.0,,,0.0,0.0,0.0,0.0,0.0,-0.0,0.0,0.0,0.0
22,1,23,0.11506,0.0,0.0,,,,0,0.0,1,0.0,0.0,-0.0,0.0,0.0,0.0,,,0.0,0.0,0.0,0.0,0.0,0.0,0.0,0.0,0.0,0.271,0.0,0.96,0.0,0.0,-0.0,0.0,0.0,0.0,0.271,0.0,0.96,0.0,0.0,-0.0,0.0,0.0,0.0,0.271,0.0,0.96,0.0,0.0,-0.0,,,,0.0,0.0,0.0,0.0,0.0,0.0,0.0,0.0,0.0,0.08724817754776784,0.0,0.88,0.0,0.0,0.0,0.0,0.0,0.0,0.08724817754776784,0.0,0.88,0.0,0.0,0.0,0.0,0.0,0.0,0.08724817754776784,0.0,0.88,0.0,0.0,0.0,0.0,0.0,0.0,0.08724817754776784,0.0,0.88,0.0,0.0,0.0,1.0,,,0.101,0.0,0.0,-0.0,0.0,0.0,0.0,,,0.0,0.0,0.0,0.0,0.0,-0.0,0.0,0.0,0.0
23,1,24,0.11506,0.0,0.0,,,,0,0.0,1,0.0,0.0,-0.0,0.0,0.0,0.0,,,0.0,0.0,0.0,0.0,0.0,0.0,0.0,0.0,0.0,0.271,0.0,0.96,0.0,0.0,-0.0,0.0,0.0,0.0,0.271,0.0,0.96,0.0,0.0,-0.0,0.0,0.0,0.0,0.271,0.0,0.96,0.0,0.0,-0.0,,,,0.0,0.0,0.0,0.0,0.0,0.0,0.0,0.0,0.0,0.08724817754776784,0.0,0.88,0.0,0.0,0.0,0.0,0.0,0.0,0.08724817754776784,0.0,0.88,0.0,0.0,0.0,0.0,0.0,0.0,0.08724817754776784,0.0,0.88,0.0,0.0,0.0,0.0,0.0,0.0,0.08724817754776784,0.0,0.88,0.0,0.0,0.0,1.0,,,0.101,0.0,0.0,-0.0,0.0,0.0,0.0,,,0.0,0.0,0.0,0.0,0.0,-0.0,0.0,0.0,0.0
24,1,25,0.11506,0.0,0.0,,,,0,0.0,1,0.0,0.0,-0.0,0.0,0.0,0.0,,,0.0,0.0,0.0,0.0,0.0,0.0,0.0,0.0,0.0,0.271,0.0,0.96,0.0,0.0,-0.0,0.0,0.0,0.0,0.271,0.0,0.96,0.0,0.0,-0.0,0.0,0.0,0.0,0.271,0.0,0.96,0.0,0.0,-0.0,,,,0.0,0.0,0.0,0.0,0.0,0.0,0.0,0.0,0.0,0.08724817754776784,0.0,0.88,0.0,0.0,0.0,0.0,0.0,0.0,0.08724817754776784,0.0,0.88,0.0,0.0,0.0,0.0,0.0,0.0,0.08724817754776784,0.0,0.88,0.0,0.0,0.0,0.0,0.0,0.0,0.08724817754776784,0.0,0.88,0.0,0.0,0.0,1.0,,,0.101,0.0,0.0,-0.0,0.0,0.0,0.0,,,0.0,0.0,0.0,0.0,0.0,-0.0,0.0,0.0,0.0
25,1,26,0.11506,0.0,0.0,,,,0,0.0,1,0.0,0.0,-0.0,0.0,0.0,0.0,,,0.0,0.0,0.0,0.0,0.0,0.0,0.0,0.0,0.0,0.271,0.0,0.96,0.0,0.0,-0.0,0.0,0.0,0.0,0.271,0.0,0.96,0.0,0.0,-0.0,0.0,0.0,0.0,0.271,0.0,0.96,0.0,0.0,-0.0,,,,0.0,0.0,0.0,0.0,0.0,0.0,0.0,0.0,0.0,0.08724817754776784,0.0,0.88,0.0,0.0,0.0,0.0,0.0,0.0,0.08724817754776784,0.0,0.88,0.0,0.0,0.0,0.0,0.0,0.0,0.08724817754776784,0.0,0.88,0.0,0.0,0.0,0.0,0.0,0.0,0.08724817754776784,0.0,0.88,0.0,0.0,0.0,1.0,,,0.101,0.0,0.0,-0.0,0.0,0.0,0.0,,,0.0,0.0,0.0,0.0,0.0,-0.0,0.0,0.0,0.0
26,1,27,0.11506,0.0,0.0,,,,0,0.0,1,0.0,0.0,-0.0,0.0,0.0,0.0,,,0.0,0.0,0.0,0.0,0.0,0.0,0.0,0.0,0.0,0.271,0.0,0.96,0.0,0.0,-0.0,0.0,0.0,0.0,0.271,0.0,0.96,0.0,0.0,-0.0,0.0,0.0,0.0,0.271,0.0,0.96,0.0,0.0,-0.0,,,,0.0,0.0,0.0,0.0,0.0,0.0,0.0,0.0,0.0,0.08724817754776784,0.0,0.88,0.0,0.0,0.0,0.0,0.0,0.0,0.08724817754776784,0.0,0.88,0.0,0.0,0.0,0.0,0.0,0.0,0.08724817754776784,0.0,0.88,0.0,0.0,0.0,0.0,0.0,0.0,0.08724817754776784,0.0,0.88,0.0,0.0,0.0,1.0,,,0.101,0.0,0.0,-0.0,0.0,0.0,0.0,,,0.0,0.0,0.0,0.0,0.0,-0.0,0.0,0.0,0.0
27,1,28,0.11506,0.0,0.0,,,,0,0.0,1,0.0,0.0,-0.0,0.0,0.0,0.0,,,0.0,0.0,0.0,0.0,0.0,0.0,0.0,0.0,0.0,0.271,0.0,0.96,0.0,0.0,-0.0,0.0,0.0,0.0,0.271,0.0,0.96,0.0,0.0,-0.0,0.0,0.0,0.0,0.271,0.0,0.96,0.0,0.0,-0.0,,,,0.0,0.0,0.0,0.0,0.0,0.0,0.0,0.0,0.0,0.08724817754776784,0.0,0.88,0.0,0.0,0.0,0.0,0.0,0.0,0.08724817754776784,0.0,0.88,0.0,0.0,0.0,0.0,0.0,0.0,0.08724817754776784,0.0,0.88,0.0,0.0,0.0,0.0,0.0,0.0,0.08724817754776784,0.0,0.88,0.0,0.0,0.0,1.0,,,0.101,0.0,0.0,-0.0,0.0,0.0,0.0,,,0.0,0.0,0.0,0.0,0.0,-0.0,0.0,0.0,0.0
28,1,29,0.11506,0.0,0.0,,,,0,0.0,1,0.0,0.0,-0.0,0.0,0.0,0.0,,,0.0,0.0,0.0,0.0,0.0,0.0,0.0,0.0,0.0,0.271,0.0,0.96,0.0,0.0,-0.0,0.0,0.0,0.0,0.271,0.0,0.96,0.0,0.0,-0.0,0.0,0.0,0.0,0.271,0.0,0.96,0.0,0.0,-0.0,,,,0.0,0.0,0.0,0.0,0.0,0.0,0.0,0.0,0.0,0.08724817754776784,0.0,0.88,0.0,0.0,0.0,0.0,0.0,0.0,0.08724817754776784,0.0,0.88,0.0,0.0,0.0,0.0,0.0,0.0,0.08724817754776784,0.0,0.88,0.0,0.0,0.0,0.0,0.0,0.0,0.08724817754776784,0.0,0.88,0.0,0.0,0.0,1.0,,,0.101,0.0,0.0,-0.0,0.0,0.0,0.0,,,0.0,0.0,0.0,0.0,0.0,-0.0,0.0,0.0,0.0
29,1,30,0.11506,0.0,0.0,,,,0,0.0,1,0.0,0.0,-0.0,0.0,0.0,0.0,,,0.0,0.0,0.0,0.0,0.0,0.0,0.0,0.0,0.0,0.271,0.0,0.96,0.0,0.0,-0.0,0.0,0.0,0.0,0.271,0.0,0.96,0.0,0.0,-0.0,0.0,0.0,0.0,0.271,0.0,0.96,0.0,0.0,-0.0,,,,0.0,0.0,0.0,0.0,0.0,0.0,0.0,0.0,0.0,0.08724817754776784,0.0,0.88,0.0,0.0,0.0,0.0,0.0,0.0,0.08724817754776784,0.0,0.88,0.0,0.0,0.0,0.0,0.0,0.0,0.08724817754776784,0.0,0.88,0.0,0.0,0.0,0.0,0.0,0.0,0.08724817754776784,0.0,0.88,0.0,0.0,0.0,1.0,,,0.101,0.0,0.0,-0.0,0.0,0.0,0.0,,,0.0,0.0,0.0,0.0,0.0,-0.0,0.0,0.0,0.0
30,1,31,0.11506,0.0,0.0,,,,0,0.0,1,0.0,0.0,-0.0,0.0,0.0,0.0,,,0.0,0.0,0.0,0.0,0.0,0.0,0.0,0.0,0.0,0.271,0.0,0.96,0.0,0.0,-0.0,0.0,0.0,0.0,0.271,0.0,0.96,0.0,0.0,-0.0,0.0,0.0,0.0,0.271,0.0,0.96,0.0,0.0,-0.0,,,,0.0,0.0,0.0,0.0,0.0,0.0,0.0,0.0,0.0,0.08724817754776784,0.0,0.88,0.0,0.0,0.0,0.0,0.0,0.0,0.08724817754776784,0.0,0.88,0.0,0.0,0.0,0.0,0.0,0.0,0.08724817754776784,0.0,0.88,0.0,0.0,0.0,0.0,0.0,0.0,0.08724817754776784,0.0,0.88,0.0,0.0,0.0,1.0,,,0.101,0.0,0.0,-0.0,0.0,0.0,0.0,,,0.0,0.0,0.0,0.0,0.0,-0.0,0.0,0.0,0.0
31,1,32,0.11506,0.0,0.0,,,,0,0.0,1,0.0,0.0,-0.0,0.0,0.0,0.0,,,0.0,0.0,0.0,0.0,0.0,0.0,0.0,0.0,0.0,0.271,0.0,0.96,0.0,0.0,-0.0,0.0,0.0,0.0,0.271,0.0,0.96,0.0,0.0,-0.0,0.0,0.0,0.0,0.271,0.0,0.96,0.0,0.0,-0.0,,,,0.0,0.0,0.0,0.0,0.0,0.0,0.0,0.0,0.0,0.08724817754776784,0.0,0.88,0.0,0.0,0.0,0.0,0.0,0.0,0.08724817754776784,0.0,0.88,0.0,0.0,0.0,0.0,0.0,0.0,0.08724817754776784,0.0,0.88,0.0,0.0,0.0,0.0,0.0,0.0,0.08724817754776784,0.0,0.88,0.0,0.0,0.0,1.0,,,0.101,0.0,0.0,-0.0,0.0,0.0,0.0,,,0.0,0.0,0.0,0.0,0.0,-0.0,0.0,0.0,0.0
32,1,33,0.07074,0.0,0.0,,,,0,0.0,1,0.0,0.0,-0.0,0.0,0.0,0.0,,,0.0,0.0,0.0,0.0,0.0,0.0,0.0,0.0,0.0,0.271,0.0,0.96,0.0,0.0,-0.0,0.0,0.0,0.0,0.271,0.0,0.96,0.0,0.0,-0.0,0.0,0.0,0.0,0.271,0.0,0.96,0.0,0.0,-0.0,,,,0.0,0.0,0.0,0.0,0.0,0.0,0.0,0.0,0.0,0.08724817754776784,0.0,0.88,0.0,0.0,0.0,0.0,0.0,0.0,0.08724817754776784,0.0,0.88,0.0,0.0,0.0,0.0,0.0,0.0,0.08724817754776784,0.0,0.88,0.0,0.0,0.0,0.0,0.0,0.0,0.08724817754776784,0.0,0.88,0.0,0.0,0.0,1.0,,,0.101,0.0,0.0,-0.0,0.0,0.0,0.0,,,0.0,0.0,0.0,0.0,0.0,-0.0,0.0,0.0,0.0
33,1,34,0.07074,0.0,0.0,,,,0,0.0,1,0.0,0.0,-0.0,0.0,0.0,0.0,,,0.0,0.0,0.0,0.0,0.0,0.0,0.0,0.0,0.0,0.271,0.0,0.96,0.0,0.0,-0.0,0.0,0.0,0.0,0.271,0.0,0.96,0.0,0.0,-0.0,0.0,0.0,0.0,0.271,0.0,0.96,0.0,0.0,-0.0,,,,0.0,0.0,0.0,0.0,0.0,0.0,0.0,0.0,0.0,0.08724817754776784,0.0,0.88,0.0,0.0,0.0,0.0,0.0,0.0,0.08724817754776784,0.0,0.88,0.0,0.0,0.0,0.0,0.0,0.0,0.08724817754776784,0.0,0.88,0.0,0.0,0.0,0.0,0.0,0.0,0.08724817754776784,0.0,0.88,0.0,0.0,0.0,1.0,,,0.101,0.0,0.0,-0.0,0.0,0.0,0.0,,,0.0,0.0,0.0,0.0,0.0,-0.0,0.0,0.0,0.0
34,1,35,0.07074,0.0,0.0,,,,0,0.0,1,0.0,0.0,-0.0,0.0,0.0,0.0,,,0.0,0.0,0.0,0.0,0.0,0.0,0.0,0.0,0.0,0.271,0.0,0.96,0.0,0.0,-0.0,0.0,0.0,0.0,0.271,0.0,0.96,0.0,0.0,-0.0,0.0,0.0,0.0,0.271,0.0,0.96,0.0,0.0,-0.0,,,,0.0,0.0,0.0,0.0,0.0,0.0,0.0,0.0,0.0,0.08724817754776784,0.0,0.88,0.0,0.0,0.0,0.0,0.0,0.0,0.08724817754776784,0.0,0.88,0.0,0.0,0.0,0.0,0.0,0.0,0.08724817754776784,0.0,0.88,0.0,0.0,0.0,0.0,0.0,0.0,0.08724817754776784,0.0,0.88,0.0,0.0,0.0,1.0,,,0.101,0.0,0.0,-0.0,0.0,0.0,0.0,,,0.0,0.0,0.0,0.0,0.0,-0.0,0.0,0.0,0.0
35,1,36,0.07074,0.0,0.0,,,,0,0.0,1,0.0,0.0,-0.0,0.0,0.0,0.0,,,0.0,0.0,0.0,0.0,0.0,0.0,0.0,0.0,0.0,0.271,0.0,0.96,0.0,0.0,-0.0,0.0,0.0,0.0,0.271,0.0,0.96,0.0,0.0,-0.0,0.0,0.0,0.0,0.271,0.0,0.96,0.0,0.0,-0.0,,,,0.0,0.0,0.0,0.0,0.0,0.0,0.0,0.0,0.0,0.08724817754776784,0.0,0.88,0.0,0.0,0.0,0.0,0.0,0.0,0.08724817754776784,0.0,0.88,0.0,0.0,0.0,0.0,0.0,0.0,0.08724817754776784,0.0,0.88,0.0,0.0,0.0,0.0,0.0,0.0,0.08724817754776784,0.0,0.88,0.0,0.0,0.0,1.0,,,0.101,0.0,0.0,-0.0,0.0,0.0,0.0,,,0.0,0.0,0.0,0.0,0.0,-0.0,0.0,0.0,0.0
36,1,37,0.07074,0.0,0.0,,,,0,0.0,1,0.0,0.0,-0.0,0.0,0.0,0.0,,,0.0,0.0,0.0,0.0,0.0,0.0,0.0,0.0,0.0,0.271,0.0,0.96,0.0,0.0,-0.0,0.0,0.0,0.0,0.271,0.0,0.96,0.0,0.0,-0.0,0.0,0.0,0.0,0.271,0.0,0.96,0.0,0.0,-0.0,,,,0.0,0.0,0.0,0.0,0.0,0.0,0.0,0.0,0.0,0.08724817754776784,0.0,0.88,0.0,0.0,0.0,0.0,0.0,0.0,0.08724817754776784,0.0,0.88,0.0,0.0,0.0,0.0,0.0,0.0,0.08724817754776784,0.0,0.88,0.0,0.0,0.0,0.0,0.0,0.0,0.08724817754776784,0.0,0.88,0.0,0.0,0.0,1.0,,,0.101,0.0,0.0,-0.0,0.0,0.0,0.0,,,0.0,0.0,0.0,0.0,0.0,-0.0,0.0,0.0,0.0
37,1,38,0.07074,0.0,0.0,,,,0,0.0,1,0.0,0.0,-0.0,0.0,0.0,0.0,,,0.0,0.0,0.0,0.0,0.0,0.0,0.0,0.0,0.0,0.271,0.0,0.96,0.0,0.0,-0.0,0.0,0.0,0.0,0.271,0.0,0.96,0.0,0.0,-0.0,0.0,0.0,0.0,0.271,0.0,0.96,0.0,0.0,-0.0,,,,0.0,0.0,0.0,0.0,0.0,0.0,0.0,0.0,0.0,0.08724817754776784,0.0,0.88,0.0,0.0,0.0,0.0,0.0,0.0,0.08724817754776784,0.0,0.88,0.0,0.0,0.0,0.0,0.0,0.0,0.08724817754776784,0.0,0.88,0.0,0.0,0.0,0.0,0.0,0.0,0.08724817754776784,0.0,0.88,0.0,0.0,0.0,1.0,,,0.101,0.0,0.0,-0.0,0.0,0.0,0.0,,,0.0,0.0,0.0,0.0,0.0,-0.0,0.0,0.0,0.0
38,1,39,0.07074,0.0,0.0,,,,0,0.0,1,0.0,0.0,-0.0,0.0,0.0,0.0,,,0.0,0.0,0.0,0.0,0.0,0.0,0.0,0.0,0.0,0.271,0.0,0.96,0.0,0.0,-0.0,0.0,0.0,0.0,0.271,0.0,0.96,0.0,0.0,-0.0,0.0,0.0,0.0,0.271,0.0,0.96,0.0,0.0,-0.0,,,,0.0,0.0,0.0,0.0,0.0,0.0,0.0,0.0,0.0,0.08724817754776784,0.0,0.88,0.0,0.0,0.0,0.0,0.0,0.0,0.08724817754776784,0.0,0.88,0.0,0.0,0.0,0.0,0.0,0.0,0.08724817754776784,0.0,0.88,0.0,0.0,0.0,0.0,0.0,0.0,0.08724817754776784,0.0,0.88,0.0,0.0,0.0,1.0,,,0.101,0.0,0.0,-0.0,0.0,0.0,0.0,,,0.0,0.0,0.0,0.0,0.0,-0.0,0.0,0.0,0.0
39,1,40,0.07074,0.0,0.0,,,,0,0.0,1,0.0,0.0,-0.0,0.0,0.0,0.0,,,0.0,0.0,0.0,0.0,0.0,0.0,0.0,0.0,0.0,0.271,0.0,0.96,0.0,0.0,-0.0,0.0,0.0,0.0,0.271,0.0,0.96,0.0,0.0,-0.0,0.0,0.0,0.0,0.271,0.0,0.96,0.0,0.0,-0.0,,,,0.0,0.0,0.0,0.0,0.0,0.0,0.0,0.0,0.0,0.08724817754776784,0.0,0.88,0.0,0.0,0.0,0.0,0.0,0.0,0.08724817754776784,0.0,0.88,0.0,0.0,0.0,0.0,0.0,0.0,0.08724817754776784,0.0,0.88,0.0,0.0,0.0,0.0,0.0,0.0,0.08724817754776784,0.0,0.88,0.0,0.0,0.0,1.0,,,0.101,0.0,0.0,-0.0,0.0,0.0,0.0,,,0.0,0.0,0.0,0.0,0.0,-0.0,0.0,0.0,0.0
40,1,41,0.07074,0.0,0.0,,,,0,0.0,1,0.0,0.0,-0.0,0.0,0.0,0.0,,,0.0,0.0,0.0,0.0,0.0,0.0,0.0,0.0,0.0,0.271,0.0,0.96,0.0,0.0,-0.0,0.0,0.0,0.0,0.271,0.0,0.96,0.0,0.0,-0.0,0.0,0.0,0.0,0.271,0.0,0.96,0.0,0.0,-0.0,,,,0.0,0.0,0.0,0.0,0.0,0.0,0.0,0.0,0.0,0.08724817754776784,0.0,0.88,0.0,0.0,0.0,0.0,0.0,0.0,0.08724817754776784,0.0,0.88,0.0,0.0,0.0,0.0,0.0,0.0,0.08724817754776784,0.0,0.88,0.0,0.0,0.0,0.0,0.0,0.0,0.08724817754776784,0.0,0.88,0.0,0.0,0.0,1.0,,,0.101,0.0,0.0,-0.0,0.0,0.0,0.0,,,0.0,0.0,0.0,0.0,0.0,-0.0,0.0,0.0,0.0
41,1,42,0.11566,0.0,0.0,,,,0,0.0,1,0.0,0.0,-0.0,0.0,0.0,0.0,,,0.0,0.0,0.0,0.0,0.0,0.0,0.0,0.0,0.0,0.271,0.0,0.96,0.0,0.0,-0.0,0.0,0.0,0.0,0.271,0.0,0.96,0.0,0.0,-0.0,0.0,0.0,0.0,0.271,0.0,0.96,0.0,0.0,-0.0,,,,0.0,0.0,0.0,0.0,0.0,0.0,0.0,0.0,0.0,0.08724817754776784,0.0,0.88,0.0,0.0,0.0,0.0,0.0,0.0,0.08724817754776784,0.0,0.88,0.0,0.0,0.0,0.0,0.0,0.0,0.08724817754776784,0.0,0.88,0.0,0.0,0.0,0.0,0.0,0.0,0.08724817754776784,0.0,0.88,0.0,0.0,0.0,1.0,,,0.101,0.0,0.0,-0.0,0.0,0.0,0.0,,,0.0,0.0,0.0,0.0,0.0,-0.0,0.0,0.0,0.0
42,1,43,0.11566,0.0,0.0,,,,0,0.0,1,0.0,0.0,-0.0,0.0,0.0,0.0,,,0.0,0.0,0.0,0.0,0.0,0.0,0.0,0.0,0.0,0.271,0.0,0.96,0.0,0.0,-0.0,0.0,0.0,0.0,0.271,0.0,0.96,0.0,0.0,-0.0,0.0,0.0,0.0,0.271,0.0,0.96,0.0,0.0,-0.0,,,,0.0,0.0,0.0,0.0,0.0,0.0,0.0,0.0,0.0,0.08724817754776784,0.0,0.88,0.0,0.0,0.0,0.0,0.0,0.0,0.08724817754776784,0.0,0.88,0.0,0.0,0.0,0.0,0.0,0.0,0.08724817754776784,0.0,0.88,0.0,0.0,0.0,0.0,0.0,0.0,0.08724817754776784,0.0,0.88,0.0,0.0,0.0,1.0,,,0.101,0.0,0.0,-0.0,0.0,0.0,0.0,,,0.0,0.0,0.0,0.0,0.0,-0.0,0.0,0.0,0.0
43,1,44,0.11566,0.0,0.0,,,,0,0.0,1,0.0,0.0,-0.0,0.0,0.0,0.0,,,0.0,0.0,0.0,0.0,0.0,0.0,0.0,0.0,0.0,0.271,0.0,0.96,0.0,0.0,-0.0,0.0,0.0,0.0,0.271,0.0,0.96,0.0,0.0,-0.0,0.0,0.0,0.0,0.271,0.0,0.96,0.0,0.0,-0.0,,,,0.0,0.0,0.0,0.0,0.0,0.0,0.0,0.0,0.0,0.08724817754776784,0.0,0.88,0.0,0.0,0.0,0.0,0.0,0.0,0.08724817754776784,0.0,0.88,0.0,0.0,0.0,0.0,0.0,0.0,0.08724817754776784,0.0,0.88,0.0,0.0,0.0,0.0,0.0,0.0,0.08724817754776784,0.0,0.88,0.0,0.0,0.0,1.0,,,0.101,0.0,0.0,-0.0,0.0,0.0,0.0,,,0.0,0.0,0.0,0.0,0.0,-0.0,0.0,0.0,0.0
44,1,45,0.11566,0.0,0.0,,,,0,0.0,1,0.0,0.0,-0.0,0.0,0.0,0.0,,,0.0,0.0,0.0,0.0,0.0,0.0,0.0,0.0,0.0,0.271,0.0,0.96,0.0,0.0,-0.0,0.0,0.0,0.0,0.271,0.0,0.96,0.0,0.0,-0.0,0.0,0.0,0.0,0.271,0.0,0.96,0.0,0.0,-0.0,,,,0.0,0.0,0.0,0.0,0.0,0.0,0.0,0.0,0.0,0.08724817754776784,0.0,0.88,0.0,0.0,0.0,0.0,0.0,0.0,0.08724817754776784,0.0,0.88,0.0,0.0,0.0,0.0,0.0,0.0,0.08724817754776784,0.0,0.88,0.0,0.0,0.0,0.0,0.0,0.0,0.08724817754776784,0.0,0.88,0.0,0.0,0.0,1.0,,,0.101,0.0,0.0,-0.0,0.0,0.0,0.0,,,0.0,0.0,0.0,0.0,0.0,-0.0,0.0,0.0,0.0
45,1,46,0.11566,0.0,0.0,,,,0,0.0,1,0.0,0.0,-0.0,0.0,0.0,0.0,,,0.0,0.0,0.0,0.0,0.0,0.0,0.0,0.0,0.0,0.271,0.0,0.96,0.0,0.0,-0.0,0.0,0.0,0.0,0.271,0.0,0.96,0.0,0.0,-0.0,0.0,0.0,0.0,0.271,0.0,0.96,0.0,0.0,-0.0,,,,0.0,0.0,0.0,0.0,0.0,0.0,0.0,0.0,0.0,0.08724817754776784,0.0,0.88,0.0,0.0,0.0,0.0,0.0,0.0,0.08724817754776784,0.0,0.88,0.0,0.0,0.0,0.0,0.0,0.0,0.08724817754776784,0.0,0.88,0.0,0.0,0.0,0.0,0.0,0.0,0.08724817754776784,0.0,0.88,0.0,0.0,0.0,1.0,,,0.101,0.0,0.0,-0.0,0.0,0.0,0.0,,,0.0,0.0,0.0,0.0,0.0,-0.0,0.0,0.0,0.0
46,1,47,0.11506,0.0,0.0,,,,0,0.0,1,0.0,0.0,-0.0,0.0,0.0,0.0,,,0.0,0.0,0.0,0.0,0.0,0.0,0.0,0.0,0.0,0.271,0.0,0.96,0.0,0.0,-0.0,0.0,0.0,0.0,0.271,0.0,0.96,0.0,0.0,-0.0,0.0,0.0,0.0,0.271,0.0,0.96,0.0,0.0,-0.0,,,,0.0,0.0,0.0,0.0,0.0,0.0,0.0,0.0,0.0,0.08724817754776784,0.0,0.88,0.0,0.0,0.0,0.0,0.0,0.0,0.08724817754776784,0.0,0.88,0.0,0.0,0.0,0.0,0.0,0.0,0.08724817754776784,0.0,0.88,0.0,0.0,0.0,0.0,0.0,0.0,0.08724817754776784,0.0,0.88,0.0,0.0,0.0,1.0,,,0.101,0.0,0.0,-0.0,0.0,0.0,0.0,,,0.0,0.0,0.0,0.0,0.0,-0.0,0.0,0.0,0.0
47,1,48,0.11506,0.0,0.0,,,,0,0.0,1,0.0,0.0,-0.0,0.0,0.0,0.0,,,0.0,0.0,0.0,0.0,0.0,0.0,0.0,0.0,0.0,0.271,0.0,0.96,0.0,0.0,-0.0,0.0,0.0,0.0,0.271,0.0,0.96,0.0,0.0,-0.0,0.0,0.0,0.0,0.271,0.0,0.96,0.0,0.0,-0.0,,,,0.0,0.0,0.0,0.0,0.0,0.0,0.0,0.0,0.0,0.08724817754776784,0.0,0.88,0.0,0.0,0.0,0.0,0.0,0.0,0.08724817754776784,0.0,0.88,0.0,0.0,0.0,0.0,0.0,0.0,0.08724817754776784,0.0,0.88,0.0,0.0,0.0,0.0,0.0,0.0,0.08724817754776784,0.0,0.88,0.0,0.0,0.0,1.0,,,0.101,0.0,0.0,-0.0,0.0,0.0,0.0,,,0.0,0.0,0.0,0.0,0.0,-0.0,0.0,0.0,0.0
48,1,49,0.11506,0.0,0.0,,,,0,0.0,1,0.0,0.0,-0.0,0.0,0.0,0.0,,,0.0,0.0,0.0,0.0,0.0,0.0,0.0,0.0,0.0,0.271,0.0,0.96,0.0,0.0,-0.0,0.0,0.0,0.0,0.271,0.0,0.96,0.0,0.0,-0.0,0.0,0.0,0.0,0.271,0.0,0.96,0.0,0.0,-0.0,,,,0.0,0.0,0.0,0.0,0.0,0.0,0.0,0.0,0.0,0.08724817754776784,0.0,0.88,0.0,0.0,0.0,0.0,0.0,0.0,0.08724817754776784,0.0,0.88,0.0,0.0,0.0,0.0,0.0,0.0,0.08724817754776784,0.0,0.88,0.0,0.0,0.0,0.0,0.0,0.0,0.08724817754776784,0.0,0.88,0.0,0.0,0.0,1.0,,,0.101,0.0,0.0,-0.0,0.0,0.0,0.0,,,0.0,0.0,0.0,0.0,0.0,-0.0,0.0,0.0,0.0
49,1,50,0.11506,0.0,0.0,,,,0,0.0,1,0.0,0.0,-0.0,0.0,0.0,0.0,,,0.0,0.0,0.0,0.0,0.0,0.0,0.0,0.0,0.0,0.271,0.0,0.96,0.0,0.0,-0.0,0.0,0.0,0.0,0.271,0.0,0.96,0.0,0.0,-0.0,0.0,0.0,0.0,0.271,0.0,0.96,0.0,0.0,-0.0,,,,0.0,0.0,0.0,0.0,0.0,0.0,0.0,0.0,0.0,0.08724817754776784,0.0,0.88,0.0,0.0,0.0,0.0,0.0,0.0,0.08724817754776784,0.0,0.88,0.0,0.0,0.0,0.0,0.0,0.0,0.08724817754776784,0.0,0.88,0.0,0.0,0.0,0.0,0.0,0.0,0.08724817754776784,0.0,0.88,0.0,0.0,0.0,1.0,,,0.101,0.0,0.0,-0.0,0.0,0.0,0.0,,,0.0,0.0,0.0,0.0,0.0,-0.0,0.0,0.0,0.0
50,1,51,0.11506,0.0,0.0,,,,0,0.0,1,0.0,0.0,-0.0,0.0,0.0,0.0,,,0.0,0.0,0.0,0.0,0.0,0.0,0.0,0.0,0.0,0.271,0.0,0.96,0.0,0.0,-0.0,0.0,0.0,0.0,0.271,0.0,0.96,0.0,0.0,-0.0,0.0,0.0,0.0,0.271,0.0,0.96,0.0,0.0,-0.0,,,,0.0,0.0,0.0,0.0,0.0,0.0,0.0,0.0,0.0,0.08724817754776784,0.0,0.88,0.0,0.0,0.0,0.0,0.0,0.0,0.08724817754776784,0.0,0.88,0.0,0.0,0.0,0.0,0.0,0.0,0.08724817754776784,0.0,0.88,0.0,0.0,0.0,0.0,0.0,0.0,0.08724817754776784,0.0,0.88,0.0,0.0,0.0,1.0,,,0.101,0.0,0.0,-0.0,0.0,0.0,0.0,,,0.0,0.0,0.0,0.0,0.0,-0.0,0.0,0.0,0.0
51,1,52,0.11506,0.0,0.0,,,,0,0.0,1,0.0,0.0,-0.0,0.0,0.0,0.0,,,0.0,0.0,0.0,0.0,0.0,0.0,0.0,0.0,0.0,0.271,0.0,0.96,0.0,0.0,-0.0,0.0,0.0,0.0,0.271,0.0,0.96,0.0,0.0,-0.0,0.0,0.0,0.0,0.271,0.0,0.96,0.0,0.0,-0.0,,,,0.0,0.0,0.0,0.0,0.0,0.0,0.0,0.0,0.0,0.08724817754776784,0.0,0.88,0.0,0.0,0.0,0.0,0.0,0.0,0.08724817754776784,0.0,0.88,0.0,0.0,0.0,0.0,0.0,0.0,0.08724817754776784,0.0,0.88,0.0,0.0,0.0,0.0,0.0,0.0,0.08724817754776784,0.0,0.88,0.0,0.0,0.0,1.0,,,0.101,0.0,0.0,-0.0,0.0,0.0,0.0,,,0.0,0.0,0.0,0.0,0.0,-0.0,0.0,0.0,0.0
52,1,53,0.11506,0.0,0.0,,,,0,0.0,1,0.0,0.0,-0.0,0.0,0.0,0.0,,,0.0,0.0,0.0,0.0,0.0,0.0,0.0,0.0,0.0,0.271,0.0,0.96,0.0,0.0,-0.0,0.0,0.0,0.0,0.271,0.0,0.96,0.0,0.0,-0.0,0.0,0.0,0.0,0.271,0.0,0.96,0.0,0.0,-0.0,,,,0.0,0.0,0.0,0.0,0.0,0.0,0.0,0.0,0.0,0.08724817754776784,0.0,0.88,0.0,0.0,0.0,0.0,0.0,0.0,0.08724817754776784,0.0,0.88,0.0,0.0,0.0,0.0,0.0,0.0,0.08724817754776784,0.0,0.88,0.0,0.0,0.0,0.0,0.0,0.0,0.08724817754776784,0.0,0.88,0.0,0.0,0.0,1.0,,,0.101,0.0,0.0,-0.0,0.0,0.0,0.0,,,0.0,0.0,0.0,0.0,0.0,-0.0,0.0,0.0,0.0
53,1,54,0.11506,0.0,0.0,,,,0,0.0,1,0.0,0.0,-0.0,0.0,0.0,0.0,,,0.0,0.0,0.0,0.0,0.0,0.0,0.0,0.0,0.0,0.271,0.0,0.96,0.0,0.0,-0.0,0.0,0.0,0.0,0.271,0.0,0.96,0.0,0.0,-0.0,0.0,0.0,0.0,0.271,0.0,0.96,0.0,0.0,-0.0,,,,0.0,0.0,0.0,0.0,0.0,0.0,0.0,0.0,0.0,0.08724817754776784,0.0,0.88,0.0,0.0,0.0,0.0,0.0,0.0,0.08724817754776784,0.0,0.88,0.0,0.0,0.0,0.0,0.0,0.0,0.08724817754776784,0.0,0.88,0.0,0.0,0.0,0.0,0.0,0.0,0.08724817754776784,0.0,0.88,0.0,0.0,0.0,1.0,,,0.101,0.0,0.0,-0.0,0.0,0.0,0.0,,,0.0,0.0,0.0,0.0,0.0,-0.0,0.0,0.0,0.0
54,1,55,0.11506,0.0,0.0,,,,0,0.0,1,0.0,0.0,-0.0,0.0,0.0,0.0,,,0.0,0.0,0.0,0.0,0.0,0.0,0.0,0.0,0.0,0.271,0.0,0.96,0.0,0.0,-0.0,0.0,0.0,0.0,0.271,0.0,0.96,0.0,0.0,-0.0,0.0,0.0,0.0,0.271,0.0,0.96,0.0,0.0,-0.0,,,,0.0,0.0,0.0,0.0,0.0,0.0,0.0,0.0,0.0,0.08724817754776784,0.0,0.88,0.0,0.0,0.0,0.0,0.0,0.0,0.08724817754776784,0.0,0.88,0.0,0.0,0.0,0.0,0.0,0.0,0.08724817754776784,0.0,0.88,0.0,0.0,0.0,0.0,0.0,0.0,0.08724817754776784,0.0,0.88,0.0,0.0,0.0,1.0,,,0.101,0.0,0.0,-0.0,0.0,0.0,0.0,,,0.0,0.0,0.0,0.0,0.0,-0.0,0.0,0.0,0.0
55,1,56,0.11506,0.0,0.0,,,,0,0.0,1,0.0,0.0,-0.0,0.0,0.0,0.0,,,0.0,0.0,0.0,0.0,0.0,0.0,0.0,0.0,0.0,0.271,0.0,0.96,0.0,0.0,-0.0,0.0,0.0,0.0,0.271,0.0,0.96,0.0,0.0,-0.0,0.0,0.0,0.0,0.271,0.0,0.96,0.0,0.0,-0.0,,,,0.0,0.0,0.0,0.0,0.0,0.0,0.0,0.0,0.0,0.08724817754776784,0.0,0.88,0.0,0.0,0.0,0.0,0.0,0.0,0.08724817754776784,0.0,0.88,0.0,0.0,0.0,0.0,0.0,0.0,0.08724817754776784,0.0,0.88,0.0,0.0,0.0,0.0,0.0,0.0,0.08724817754776784,0.0,0.88,0.0,0.0,0.0,1.0,,,0.101,0.0,0.0,-0.0,0.0,0.0,0.0,,,0.0,0.0,0.0,0.0,0.0,-0.0,0.0,0.0,0.0
56,1,57,0.07074,0.0,0.0,,,,0,0.0,1,0.0,0.0,-0.0,0.0,0.0,0.0,,,0.0,0.0,0.0,0.0,0.0,0.0,0.0,0.0,0.0,0.271,0.0,0.96,0.0,0.0,-0.0,0.0,0.0,0.0,0.271,0.0,0.96,0.0,0.0,-0.0,0.0,0.0,0.0,0.271,0.0,0.96,0.0,0.0,-0.0,,,,0.0,0.0,0.0,0.0,0.0,0.0,0.0,0.0,0.0,0.08724817754776784,0.0,0.88,0.0,0.0,0.0,0.0,0.0,0.0,0.08724817754776784,0.0,0.88,0.0,0.0,0.0,0.0,0.0,0.0,0.08724817754776784,0.0,0.88,0.0,0.0,0.0,0.0,0.0,0.0,0.08724817754776784,0.0,0.88,0.0,0.0,0.0,1.0,,,0.101,0.0,0.0,-0.0,0.0,0.0,0.0,,,0.0,0.0,0.0,0.0,0.0,-0.0,0.0,0.0,0.0
57,1,58,0.07074,0.0,0.0,,,,0,0.0,1,0.0,0.0,-0.0,0.0,0.0,0.0,,,0.0,0.0,0.0,0.0,0.0,0.0,0.0,0.0,0.0,0.271,0.0,0.96,0.0,0.0,-0.0,0.0,0.0,0.0,0.271,0.0,0.96,0.0,0.0,-0.0,0.0,0.0,0.0,0.271,0.0,0.96,0.0,0.0,-0.0,,,,0.0,0.0,0.0,0.0,0.0,0.0,0.0,0.0,0.0,0.08724817754776784,0.0,0.88,0.0,0.0,0.0,0.0,0.0,0.0,0.08724817754776784,0.0,0.88,0.0,0.0,0.0,0.0,0.0,0.0,0.08724817754776784,0.0,0.88,0.0,0.0,0.0,0.0,0.0,0.0,0.08724817754776784,0.0,0.88,0.0,0.0,0.0,1.0,,,0.101,0.0,0.0,-0.0,0.0,0.0,0.0,,,0.0,0.0,0.0,0.0,0.0,-0.0,0.0,0.0,0.0
58,1,59,0.07074,0.0,0.0,,,,0,0.0,1,0.0,0.0,-0.0,0.0,0.0,0.0,,,0.0,0.0,0.0,0.0,0.0,0.0,0.0,0.0,0.0,0.271,0.0,0.96,0.0,0.0,-0.0,0.0,0.0,0.0,0.271,0.0,0.96,0.0,0.0,-0.0,0.0,0.0,0.0,0.271,0.0,0.96,0.0,0.0,-0.0,,,,0.0,0.0,0.0,0.0,0.0,0.0,0.0,0.0,0.0,0.08724817754776784,0.0,0.88,0.0,0.0,0.0,0.0,0.0,0.0,0.08724817754776784,0.0,0.88,0.0,0.0,0.0,0.0,0.0,0.0,0.08724817754776784,0.0,0.88,0.0,0.0,0.0,0.0,0.0,0.0,0.08724817754776784,0.0,0.88,0.0,0.0,0.0,1.0,,,0.101,0.0,0.0,-0.0,0.0,0.0,0.0,,,0.0,0.0,0.0,0.0,0.0,-0.0,0.0,0.0,0.0
59,1,60,0.07074,0.0,0.0,,,,0,0.0,1,0.0,0.0,-0.0,0.0,0.0,0.0,,,0.0,0.0,0.0,0.0,0.0,0.0,0.0,0.0,0.0,0.271,0.0,0.96,0.0,0.0,-0.0,0.0,0.0,0.0,0.271,0.0,0.96,0.0,0.0,-0.0,0.0,0.0,0.0,0.271,0.0,0.96,0.0,0.0,-0.0,,,,0.0,0.0,0.0,0.0,0.0,0.0,0.0,0.0,0.0,0.08724817754776784,0.0,0.88,0.0,0.0,0.0,0.0,0.0,0.0,0.08724817754776784,0.0,0.88,0.0,0.0,0.0,0.0,0.0,0.0,0.08724817754776784,0.0,0.88,0.0,0.0,0.0,0.0,0.0,0.0,0.08724817754776784,0.0,0.88,0.0,0.0,0.0,1.0,,,0.101,0.0,0.0,-0.0,0.0,0.0,0.0,,,0.0,0.0,0.0,0.0,0.0,-0.0,0.0,0.0,0.0
60,1,61,0.07074,0.0,0.0,,,,0,0.0,1,0.0,0.0,-0.0,0.0,0.0,0.0,,,0.0,0.0,0.0,0.0,0.0,0.0,0.0,0.0,0.0,0.271,0.0,0.96,0.0,0.0,-0.0,0.0,0.0,0.0,0.271,0.0,0.96,0.0,0.0,-0.0,0.0,0.0,0.0,0.271,0.0,0.96,0.0,0.0,-0.0,,,,0.0,0.0,0.0,0.0,0.0,0.0,0.0,0.0,0.0,0.08724817754776784,0.0,0.88,0.0,0.0,0.0,0.0,0.0,0.0,0.08724817754776784,0.0,0.88,0.0,0.0,0.0,0.0,0.0,0.0,0.08724817754776784,0.0,0.88,0.0,0.0,0.0,0.0,0.0,0.0,0.08724817754776784,0.0,0.88,0.0,0.0,0.0,1.0,,,0.101,0.0,0.0,-0.0,0.0,0.0,0.0,,,0.0,0.0,0.0,0.0,0.0,-0.0,0.0,0.0,0.0
61,1,62,0.07074,0.0,0.0,,,,0,0.0,1,0.0,0.0,-0.0,0.0,0.0,0.0,,,0.0,0.0,0.0,0.0,0.0,0.0,0.0,0.0,0.0,0.271,0.0,0.96,0.0,0.0,-0.0,0.0,0.0,0.0,0.271,0.0,0.96,0.0,0.0,-0.0,0.0,0.0,0.0,0.271,0.0,0.96,0.0,0.0,-0.0,,,,0.0,0.0,0.0,0.0,0.0,0.0,0.0,0.0,0.0,0.08724817754776784,0.0,0.88,0.0,0.0,0.0,0.0,0.0,0.0,0.08724817754776784,0.0,0.88,0.0,0.0,0.0,0.0,0.0,0.0,0.08724817754776784,0.0,0.88,0.0,0.0,0.0,0.0,0.0,0.0,0.08724817754776784,0.0,0.88,0.0,0.0,0.0,1.0,,,0.101,0.0,0.0,-0.0,0.0,0.0,0.0,,,0.0,0.0,0.0,0.0,0.0,-0.0,0.0,0.0,0.0
62,1,63,0.07074,0.0,0.0,,,,0,0.0,1,0.0,0.0,-0.0,0.0,0.0,0.0,,,0.0,0.0,0.0,0.0,0.0,0.0,0.0,0.0,0.0,0.271,0.0,0.96,0.0,0.0,-0.0,0.0,0.0,0.0,0.271,0.0,0.96,0.0,0.0,-0.0,0.0,0.0,0.0,0.271,0.0,0.96,0.0,0.0,-0.0,,,,0.0,0.0,0.0,0.0,0.0,0.0,0.0,0.0,0.0,0.08724817754776784,0.0,0.88,0.0,0.0,0.0,0.0,0.0,0.0,0.08724817754776784,0.0,0.88,0.0,0.0,0.0,0.0,0.0,0.0,0.08724817754776784,0.0,0.88,0.0,0.0,0.0,0.0,0.0,0.0,0.08724817754776784,0.0,0.88,0.0,0.0,0.0,1.0,,,0.101,0.0,0.0,-0.0,0.0,0.0,0.0,,,0.0,0.0,0.0,0.0,0.0,-0.0,0.0,0.0,0.0
63,1,64,0.07074,0.0,0.0,,,,0,0.0,1,0.0,0.0,-0.0,0.0,0.0,0.0,,,0.0,0.0,0.0,0.0,0.0,0.0,0.0,0.0,0.0,0.271,0.0,0.96,0.0,0.0,-0.0,0.0,0.0,0.0,0.271,0.0,0.96,0.0,0.0,-0.0,0.0,0.0,0.0,0.271,0.0,0.96,0.0,0.0,-0.0,,,,0.0,0.0,0.0,0.0,0.0,0.0,0.0,0.0,0.0,0.08724817754776784,0.0,0.88,0.0,0.0,0.0,0.0,0.0,0.0,0.08724817754776784,0.0,0.88,0.0,0.0,0.0,0.0,0.0,0.0,0.08724817754776784,0.0,0.88,0.0,0.0,0.0,0.0,0.0,0.0,0.08724817754776784,0.0,0.88,0.0,0.0,0.0,1.0,,,0.101,0.0,0.0,-0.0,0.0,0.0,0.0,,,0.0,0.0,0.0,0.0,0.0,-0.0,0.0,0.0,0.0
64,1,65,0.07074,0.0,0.0,,,,0,0.0,1,0.0,0.0,-0.0,0.0,0.0,0.0,,,0.0,0.0,0.0,0.0,0.0,0.0,0.0,0.0,0.0,0.271,0.0,0.96,0.0,0.0,-0.0,0.0,0.0,0.0,0.271,0.0,0.96,0.0,0.0,-0.0,0.0,0.0,0.0,0.271,0.0,0.96,0.0,0.0,-0.0,,,,0.0,0.0,0.0,0.0,0.0,0.0,0.0,0.0,0.0,0.08724817754776784,0.0,0.88,0.0,0.0,0.0,0.0,0.0,0.0,0.08724817754776784,0.0,0.88,0.0,0.0,0.0,0.0,0.0,0.0,0.08724817754776784,0.0,0.88,0.0,0.0,0.0,0.0,0.0,0.0,0.08724817754776784,0.0,0.88,0.0,0.0,0.0,1.0,,,0.101,0.0,0.0,-0.0,0.0,0.0,0.0,,,0.0,0.0,0.0,0.0,0.0,-0.0,0.0,0.0,0.0
65,1,66,0.11566,0.0,0.0,,,,0,0.0,1,0.0,0.0,-0.0,0.0,0.0,0.0,,,0.0,0.0,0.0,0.0,0.0,0.0,0.0,0.0,0.0,0.271,0.0,0.96,0.0,0.0,-0.0,0.0,0.0,0.0,0.271,0.0,0.96,0.0,0.0,-0.0,0.0,0.0,0.0,0.271,0.0,0.96,0.0,0.0,-0.0,,,,0.0,0.0,0.0,0.0,0.0,0.0,0.0,0.0,0.0,0.08724817754776784,0.0,0.88,0.0,0.0,0.0,0.0,0.0,0.0,0.08724817754776784,0.0,0.88,0.0,0.0,0.0,0.0,0.0,0.0,0.08724817754776784,0.0,0.88,0.0,0.0,0.0,0.0,0.0,0.0,0.08724817754776784,0.0,0.88,0.0,0.0,0.0,1.0,,,0.101,0.0,0.0,-0.0,0.0,0.0,0.0,,,0.0,0.0,0.0,0.0,0.0,-0.0,0.0,0.0,0.0
66,1,67,0.11566,0.0,0.0,,,,0,0.0,1,0.0,0.0,-0.0,0.0,0.0,0.0,,,0.0,0.0,0.0,0.0,0.0,0.0,0.0,0.0,0.0,0.271,0.0,0.96,0.0,0.0,-0.0,0.0,0.0,0.0,0.271,0.0,0.96,0.0,0.0,-0.0,0.0,0.0,0.0,0.271,0.0,0.96,0.0,0.0,-0.0,,,,0.0,0.0,0.0,0.0,0.0,0.0,0.0,0.0,0.0,0.08724817754776784,0.0,0.88,0.0,0.0,0.0,0.0,0.0,0.0,0.08724817754776784,0.0,0.88,0.0,0.0,0.0,0.0,0.0,0.0,0.08724817754776784,0.0,0.88,0.0,0.0,0.0,0.0,0.0,0.0,0.08724817754776784,0.0,0.88,0.0,0.0,0.0,1.0,,,0.101,0.0,0.0,-0.0,0.0,0.0,0.0,,,0.0,0.0,0.0,0.0,0.0,-0.0,0.0,0.0,0.0
67,1,68,0.11566,0.0,0.0,,,,0,0.0,1,0.0,0.0,-0.0,0.0,0.0,0.0,,,0.0,0.0,0.0,0.0,0.0,0.0,0.0,0.0,0.0,0.271,0.0,0.96,0.0,0.0,-0.0,0.0,0.0,0.0,0.271,0.0,0.96,0.0,0.0,-0.0,0.0,0.0,0.0,0.271,0.0,0.96,0.0,0.0,-0.0,,,,0.0,0.0,0.0,0.0,0.0,0.0,0.0,0.0,0.0,0.08724817754776784,0.0,0.88,0.0,0.0,0.0,0.0,0.0,0.0,0.08724817754776784,0.0,0.88,0.0,0.0,0.0,0.0,0.0,0.0,0.08724817754776784,0.0,0.88,0.0,0.0,0.0,0.0,0.0,0.0,0.08724817754776784,0.0,0.88,0.0,0.0,0.0,1.0,,,0.101,0.0,0.0,-0.0,0.0,0.0,0.0,,,0.0,0.0,0.0,0.0,0.0,-0.0,0.0,0.0,0.0
68,1,69,0.11566,0.0,0.0,,,,0,0.0,1,0.0,0.0,-0.0,0.0,0.0,0.0,,,0.0,0.0,0.0,0.0,0.0,0.0,0.0,0.0,0.0,0.271,0.0,0.96,0.0,0.0,-0.0,0.0,0.0,0.0,0.271,0.0,0.96,0.0,0.0,-0.0,0.0,0.0,0.0,0.271,0.0,0.96,0.0,0.0,-0.0,,,,0.0,0.0,0.0,0.0,0.0,0.0,0.0,0.0,0.0,0.08724817754776784,0.0,0.88,0.0,0.0,0.0,0.0,0.0,0.0,0.08724817754776784,0.0,0.88,0.0,0.0,0.0,0.0,0.0,0.0,0.08724817754776784,0.0,0.88,0.0,0.0,0.0,0.0,0.0,0.0,0.08724817754776784,0.0,0.88,0.0,0.0,0.0,1.0,,,0.101,0.0,0.0,-0.0,0.0,0.0,0.0,,,0.0,0.0,0.0,0.0,0.0,-0.0,0.0,0.0,0.0
69,1,70,0.11566,0.0,0.0,,,,0,0.0,1,0.0,0.0,-0.0,0.0,0.0,0.0,,,0.0,0.0,0.0,0.0,0.0,0.0,0.0,0.0,0.0,0.271,0.0,0.96,0.0,0.0,-0.0,0.0,0.0,0.0,0.271,0.0,0.96,0.0,0.0,-0.0,0.0,0.0,0.0,0.271,0.0,0.96,0.0,0.0,-0.0,,,,0.0,0.0,0.0,0.0,0.0,0.0,0.0,0.0,0.0,0.08724817754776784,0.0,0.88,0.0,0.0,0.0,0.0,0.0,0.0,0.08724817754776784,0.0,0.88,0.0,0.0,0.0,0.0,0.0,0.0,0.08724817754776784,0.0,0.88,0.0,0.0,0.0,0.0,0.0,0.0,0.08724817754776784,0.0,0.88,0.0,0.0,0.0,1.0,,,0.101,0.0,0.0,-0.0,0.0,0.0,0.0,,,0.0,0.0,0.0,0.0,0.0,-0.0,0.0,0.0,0.0
70,1,71,0.11506,0.0,0.0,,,,0,0.0,1,0.0,0.0,-0.0,0.0,0.0,0.0,,,0.0,0.0,0.0,0.0,0.0,0.0,0.0,0.0,0.0,0.271,0.0,0.96,0.0,0.0,-0.0,0.0,0.0,0.0,0.271,0.0,0.96,0.0,0.0,-0.0,0.0,0.0,0.0,0.271,0.0,0.96,0.0,0.0,-0.0,,,,0.0,0.0,0.0,0.0,0.0,0.0,0.0,0.0,0.0,0.08724817754776784,0.0,0.88,0.0,0.0,0.0,0.0,0.0,0.0,0.08724817754776784,0.0,0.88,0.0,0.0,0.0,0.0,0.0,0.0,0.08724817754776784,0.0,0.88,0.0,0.0,0.0,0.0,0.0,0.0,0.08724817754776784,0.0,0.88,0.0,0.0,0.0,1.0,,,0.101,0.0,0.0,-0.0,0.0,0.0,0.0,,,0.0,0.0,0.0,0.0,0.0,-0.0,0.0,0.0,0.0
71,1,72,0.11506,0.0,0.0,,,,0,0.0,1,0.0,0.0,-0.0,0.0,0.0,0.0,,,0.0,0.0,0.0,0.0,0.0,0.0,0.0,0.0,0.0,0.271,0.0,0.96,0.0,0.0,-0.0,0.0,0.0,0.0,0.271,0.0,0.96,0.0,0.0,-0.0,0.0,0.0,0.0,0.271,0.0,0.96,0.0,0.0,-0.0,,,,0.0,0.0,0.0,0.0,0.0,0.0,0.0,0.0,0.0,0.08724817754776784,0.0,0.88,0.0,0.0,0.0,0.0,0.0,0.0,0.08724817754776784,0.0,0.88,0.0,0.0,0.0,0.0,0.0,0.0,0.08724817754776784,0.0,0.88,0.0,0.0,0.0,0.0,0.0,0.0,0.08724817754776784,0.0,0.88,0.0,0.0,0.0,1.0,,,0.101,0.0,0.0,-0.0,0.0,0.0,0.0,,,0.0,0.0,0.0,0.0,0.0,-0.0,0.0,0.0,0.0
72,1,73,0.11506,0.0,0.0,,,,0,0.0,1,0.0,0.0,-0.0,0.0,0.0,0.0,,,0.0,0.0,0.0,0.0,0.0,0.0,0.0,0.0,0.0,0.271,0.0,0.96,0.0,0.0,-0.0,0.0,0.0,0.0,0.271,0.0,0.96,0.0,0.0,-0.0,0.0,0.0,0.0,0.271,0.0,0.96,0.0,0.0,-0.0,,,,0.0,0.0,0.0,0.0,0.0,0.0,0.0,0.0,0.0,0.08724817754776787,0.0,0.8800000000000001,0.0,0.0,0.0,0.0,0.0,0.0,0.08724817754776787,0.0,0.8800000000000001,0.0,0.0,0.0,0.0,0.0,0.0,0.08724817754776787,0.0,0.8800000000000001,0.0,0.0,0.0,0.0,0.0,0.0,0.08724817754776787,0.0,0.8800000000000001,0.0,0.0,0.0,1.0,,,0.101,0.0,0.0,-0.0,0.0,0.0,0.0,,,0.0,0.0,0.0,0.0,0.0,-0.0,0.0,0.0,0.0
73,1,74,0.11506,0.0,0.0,,,,0,0.0,1,0.0,0.0,-0.0,0.0,0.0,0.0,,,0.0,0.0,0.0,0.0,0.0,0.0,0.0,0.0,0.0,0.271,0.0,0.96,0.0,0.0,-0.0,0.0,0.0,0.0,0.271,0.0,0.96,0.0,0.0,-0.0,0.0,0.0,0.0,0.271,0.0,0.96,0.0,0.0,-0.0,,,,0.0,0.0,0.0,0.0,0.0,0.0,0.0,0.0,0.0,0.08724817754776787,0.0,0.8800000000000001,0.0,0.0,0.0,0.0,0.0,0.0,0.08724817754776787,0.0,0.8800000000000001,0.0,0.0,0.0,0.0,0.0,0.0,0.08724817754776787,0.0,0.8800000000000001,0.0,0.0,0.0,0.0,0.0,0.0,0.08724817754776787,0.0,0.8800000000000001,0.0,0.0,0.0,1.0,,,0.101,0.0,0.0,-0.0,0.0,0.0,0.0,,,0.0,0.0,0.0,0.0,0.0,-0.0,0.0,0.0,0.0
74,1,75,0.11506,0.0,576.4418471916952,,,,0,0.0,1,1093.8262247494317,1093.8262247494317,-0.0,175.0121959599091,36.315030661681135,0.0,,,168.97051033981973,1093.8262247494317,1050.0731757594544,43.75304898997729,1093.8262247494317,0.0,1.0,1.0,0.0,0.16091308133608268,84.48525516990985,0.96,546.9131123747158,525.0365878797271,21.876524494988644,1.0,1.0,0.0,0.16091308133608256,84.48525516990985,0.96,546.9131123747161,525.0365878797274,21.876524494988644,0.0,0.0,0.0,0.27099999999999996,0.0,0.96,0.0,0.0,-0.0,,,,314.1408329903751,1050.0731757594544,924.0643946683201,126.00878109113461,1050.0731757594547,-2.2737367544323206e-13,1.0,1.0,0.0,0.3399555645720247,157.07041649518743,0.88,525.0365878797271,462.03219733415983,63.004390545567276,1.0,1.0,0.0,0.3399555645720249,157.07041649518766,0.88,525.0365878797276,462.03219733416023,63.00439054556733,0.0,0.0,0.0,0.08724817754776787,0.0,0.8800000000000001,0.0,0.0,0.0,0.0,0.0,0.0,0.08724817754776787,0.0,0.8800000000000001,0.0,0.0,0.0,0.0,,,0.101,93.33050386150033,924.0643946683201,0.0,924.0643946683201,28.645996234717924,1.0,,,1093.8262247494317,1.4210854715202004e-14,470.3452766422556,2.0,576.4418471916952,0.0,0.0,0.0,66.32539893787644
75,1,76,0.11506,0.0,576.4418471916947,,,,0,0.0,1,1093.8262247494317,1093.8262247494317,-0.0,175.0121959599091,36.315030661681135,0.0,,,168.9705103398196,1093.8262247494317,1050.0731757594544,43.75304898997729,1093.8262247494317,0.0,1.0,0.0,0.0,0.16091308133608268,84.48525516990985,0.96,546.9131123747158,525.0365878797271,21.876524494988644,1.0,0.0,0.0,0.16091308133608256,84.48525516990985,0.96,546.9131123747161,525.0365878797274,21.876524494988644,0.0,0.0,0.0,0.27099999999999996,0.0,0.96,0.0,0.0,-0.0,,,,314.14083299037475,1050.0731757594544,924.0643946683194,126.0087810911345,1050.073175759454,4.547473508864641e-13,1.0,0.0,0.0,0.3399555645720246,157.07041649518732,0.88,525.0365878797269,462.03219733415966,63.00439054556722,1.0,0.0,0.0,0.3399555645720247,157.07041649518743,0.88,525.0365878797271,462.03219733415983,63.004390545567276,0.0,0.0,0.0,0.08724817754776787,0.0,0.8800000000000001,0.0,0.0,0.0,0.0,0.0,0.0,0.08724817754776787,0.0,0.8800000000000001,0.0,0.0,0.0,0.0,,,0.101,93.33050386150028,924.0643946683194,0.0,924.0643946683194,28.645996234717902,1.0,,,1093.8262247494317,7.105427357601002e-14,470.3452766422556,2.0,576.4418471916947,0.0,0.0,0.0,66.32539893787639
76,1,77,0.11506,0.0,894.27551578732,,,,0,0.0,1,1638.4058824992335,1638.4058824992335,-0.0,262.14494119987734,54.395075298974554,0.0,,,253.1820784494414,1638.4058824992335,1572.8696471992644,65.53623529996935,1638.4058824992335,0.0,1.0,0.0,0.0,0.16091308133608268,84.48525516990985,0.96,546.9131123747158,525.0365878797271,21.876524494988644,1.0,0.0,0.0,0.1609130813360825,84.48525516990996,0.96,546.913112374717,525.0365878797284,21.876524494988644,1.0,1.0,0.0,0.16107906749580497,84.21156810962165,0.96,544.579657749801,522.7964714398089,21.78318630999206,,,,495.86860297182324,1572.8696471992644,1437.869647188667,134.99999999900353,1572.8696471876706,1.1593783710850403e-08,1.0,0.0,0.0,0.3452404788886787,165.7280614836845,0.9142916874008263,525.0365878797269,480.03658787972773,44.99999999999915,1.0,0.0,0.0,0.34524047888309617,165.72806147734354,0.914291687400826,525.0365878681283,480.03658786912314,44.99999999900518,1.0,1.0,0.0,0.3441056806370843,164.41248001079515,0.9139244381736811,522.7964714398154,477.7964714398162,44.999999999999204,0.0,0.0,0.0,0.08724817754776787,0.0,0.8800000000000001,0.0,0.0,0.0,1.0,,,0.101,145.22483436605538,1437.869647188667,1437.869647188667,0.0,44.57395906284867,0.0,,,200.53623531056667,2.842170943040401e-14,86.23058118354366,3.0,894.27551578732,0.0,0.0,0.0,102.89534084648903
77,1,78,0.11506,0.0,894.2755157947327,,,,0,0.0,1,1638.4058824992385,1638.4058824992385,-0.0,262.1449411998782,54.39507529897472,0.0,,,253.1820784494422,1638.4058824992385,1572.869647199269,65.53623529996958,1638.4058824992385,0.0,1.0,0.0,0.0,0.16091308133608276,84.4852551699098,0.96,546.9131123747152,525.0365878797265,21.876524494988644,1.0,0.0,0.0,0.1609130813360827,84.48525516990986,0.96,546.9131123747158,525.0365878797271,21.876524494988644,1.0,0.0,0.0,0.1610790674958045,84.21156810962243,0.96,544.5796577498076,522.7964714398153,21.78318630999229,,,,495.86860297816406,1572.869647199269,1437.8696471992714,134.99999999999767,1572.8696471992691,-2.2737367544323206e-13,1.0,0.0,0.0,0.3452404788886786,165.72806148368437,0.9142916874008263,525.0365878797267,480.0365878797275,44.99999999999915,1.0,0.0,0.0,0.3452404788886788,165.72806148368463,0.9142916874008262,525.0365878797271,480.0365878797279,44.999999999999204,1.0,0.0,0.0,0.34410568063708424,164.4124800107951,0.9139244381736809,522.7964714398154,477.79647143981606,44.99999999999932,0.0,0.0,0.0,0.08724817754776787,0.0,0.8800000000000001,0.0,0.0,0.0,1.0,,,0.101,145.22483436712642,1437.8696471992714,1437.8696471992714,0.0,44.57395906317741,0.0,,,200.53623529996702,-2.842170943040401e-14,86.23058117898582,3.0,894.2755157947327,0.0,0.0,0.0,102.89534084734194
78,1,79,0.11506,0.0,894.2755157975862,,,,0,0.0,1,1638.4058824992408,1638.4058824992408,-0.0,262.14494119987853,54.395075298974795,0.0,,,253.1820784494422,1638.4058824992408,1572.8696471992707,65.53623529996969,1638.4058824992408,0.0,1.0,0.0,0.0,0.1609130813360827,84.48525516990986,0.96,546.9131123747158,525.0365878797271,21.876524494988644,1.0,0.0,0.0,0.16091308133608248,84.48525516990996,0.96,546.9131123747172,525.0365878797285,21.876524494988757,1.0,0.0,0.0,0.1610790674958045,84.21156810962243,0.96,544.5796577498076,522.7964714398153,21.78318630999229,,,,495.8686029810169,1572.8696471992707,1437.8696471992776,135.00000002787056,1572.869647227148,0.0,1.0,0.0,0.0,0.3452404788886785,165.72806148368417,0.9142916874008258,525.0365878797265,480.0365878797271,44.99999999999943,1.0,0.0,0.0,0.3452404788946176,165.72806148653797,0.9142916873522908,525.0365879076068,480.0365878797352,45.00000002787158,1.0,0.0,0.0,0.34410568063708397,164.41248001079472,0.9139244381736803,522.7964714398149,477.7964714398154,44.999999999999545,0.0,0.0,0.0,0.08724817754776787,0.0,0.8800000000000001,0.0,0.0,0.0,1.0,,,0.101,145.22483436712704,1437.8696471992776,1437.8696471992776,0.0,44.573959063177604,0.0,,,200.53623532784025,2.842170943040401e-14,86.23058119097131,3.0,894.2755157975862,0.0,0.0,0.0,102.89534084767027
79,1,80,0.11506,0.0,894.2755157975596,,,,0,0.0,1,1638.405882499239,1638.405882499239,-0.0,262.14494119987825,54.39507529897473,0.0,,,253.1820784494422,1638.405882499239,1572.8696471992694,65.53623529996958,1638.405882499239,0.0,1.0,0.0,0.0,0.1609130813360827,84.48525516990986,0.96,546.9131123747158,525.0365878797271,21.876524494988644,1.0,0.0,0.0,0.1609130813360827,84.48525516990986,0.96,546.9131123747158,525.0365878797271,21.876524494988644,1.0,0.0,0.0,0.1610790674958045,84.21156810962243,0.96,544.5796577498076,522.7964714398153,21.78318630999229,,,,495.86860298099043,1572.8696471992694,1437.869647199277,135.00000002788215,1572.869647227159,0.0,1.0,0.0,0.0,0.3452404788886785,165.72806148368417,0.9142916874008259,525.0365878797264,480.0365878797271,44.99999999999932,1.0,0.0,0.0,0.3452404788886785,165.72806148368417,0.9142916874008253,525.0365878797268,480.0365878797271,44.99999999999966,1.0,0.0,0.0,0.3441056806429961,164.41248001362206,0.913924438124937,522.7964714677059,477.79647143982277,45.000000027883175,0.0,0.0,0.0,0.08724817754776787,0.0,0.8800000000000001,0.0,0.0,0.0,1.0,,,0.101,145.224834367127,1437.869647199277,1437.869647199277,0.0,44.57395906317759,0.0,,,200.53623532785173,-2.842170943040401e-14,86.23058119097624,3.0,894.2755157975596,0.0,0.0,0.0,102.8953408476672
80,1,81,0.07074,0.0,894.2755157947317,,,,0,0.0,1,1638.405882499233,1638.405882499233,-0.0,262.1449411998773,54.39507529897454,0.0,,,253.18207844944118,1638.405882499233,1572.8696471992635,65.53623529996935,1638.405882499233,0.0,1.0,0.0,0.0,0.1609130813360827,84.48525516990986,0.96,546.9131123747158,525.0365878797271,21.876524494988644,1.0,0.0,0.0,0.16091308133608248,84.48525516990995,0.96,546.913112374717,525.0365878797284,21.876524494988644,1.0,0.0,0.0,0.16107906749580495,84.21156810962152,0.96,544.5796577498003,522.7964714398082,21.78318630999206,,,,495.86860297816406,1572.8696471992635,1437.8696471992716,134.9999999999971,1572.8696471992687,-5.229594535194337e-12,1.0,0.0,0.0,0.34524047888867837,165.72806148368412,0.9142916874008263,525.0365878797262,480.0365878797271,44.99999999999909,1.0,0.0,0.0,0.3452404788886789,165.72806148368477,0.9142916874008268,525.0365878797271,480.0365878797282,44.99999999999892,1.0,0.0,0.0,0.34410568063708435,164.4124800107952,0.9139244381736813,522.7964714398154,477.7964714398163,44.99999999999909,0.0,0.0,0.0,0.08724817754776787,0.0,0.8800000000000001,0.0,0.0,0.0,1.0,,,0.101,145.22483436712645,1437.8696471992716,1437.8696471992716,0.0,44.57395906317742,0.0,,,200.53623529996122,5.684341886080802e-14,86.23058117898333,3.0,894.2755157947317,0.0,0.0,0.0,63.261049987319325
81,1,82,0.07074,0.0,894.2755157947322,,,,0,0.0,1,1638.4058824992326,1638.4058824992326,-0.0,262.1449411998772,54.395075298974525,0.0,,,253.1820784494413,1638.4058824992326,1572.8696471992635,65.53623529996935,1638.4058824992326,0.0,1.0,0.0,0.0,0.16091308133608268,84.48525516990985,0.96,546.9131123747158,525.0365878797271,21.876524494988644,1.0,0.0,0.0,0.1609130813360826,84.48525516990989,0.96,546.9131123747163,525.0365878797277,21.876524494988644,1.0,0.0,0.0,0.161079067495805,84.2115681096216,0.96,544.5796577498005,522.7964714398084,21.78318630999206,,,,495.8686029781644,1572.8696471992635,1437.869647199272,134.99999999999784,1572.8696471992698,-6.366462912410498e-12,1.0,0.0,0.0,0.34524047888867887,165.72806148368468,0.9142916874008264,525.0365878797271,480.036587879728,44.99999999999909,1.0,0.0,0.0,0.34524047888867915,165.728061483685,0.9142916874008266,525.0365878797277,480.0365878797286,44.99999999999909,1.0,0.0,0.0,0.344105680637084,164.41248001079475,0.9139244381736802,522.796471439815,477.7964714398154,44.99999999999966,0.0,0.0,0.0,0.08724817754776787,0.0,0.8800000000000001,0.0,0.0,0.0,1.0,,,0.101,145.2248343671265,1437.869647199272,1437.869647199272,0.0,44.57395906317743,0.0,,,200.53623529996082,0.0,86.23058117898316,3.0,894.2755157947322,0.0,0.0,0.0,63.26104998731935
82,1,83,0.07074,0.0,894.2755157947315,,,,0,0.0,1,1638.4058824992323,1638.4058824992323,-0.0,262.14494119987717,54.39507529897451,0.0,,,253.1820784494413,1638.4058824992323,1572.869647199263,65.53623529996935,1638.4058824992323,0.0,1.0,0.0,0.0,0.16091308133608268,84.48525516990985,0.96,546.9131123747158,525.0365878797271,21.876524494988644,1.0,0.0,0.0,0.16091308133608256,84.4852551699099,0.96,546.9131123747164,525.0365878797278,21.876524494988644,1.0,0.0,0.0,0.16107906749580495,84.21156810962151,0.96,544.5796577498002,522.7964714398081,21.78318630999206,,,,495.86860297816384,1572.869647199263,1437.8696471992712,134.99999999999784,1572.869647199269,-5.9117155615240335e-12,1.0,0.0,0.0,0.3452404788886785,165.72806148368417,0.9142916874008258,525.0365878797265,480.0365878797271,44.99999999999943,1.0,0.0,0.0,0.3452404788886787,165.72806148368448,0.914291687400826,525.036587879727,480.0365878797277,44.99999999999932,1.0,0.0,0.0,0.34410568063708435,164.4124800107952,0.9139244381736813,522.7964714398154,477.7964714398163,44.99999999999909,0.0,0.0,0.0,0.08724817754776787,0.0,0.8800000000000001,0.0,0.0,0.0,1.0,,,0.101,145.2248343671264,1437.8696471992712,1437.8696471992712,0.0,44.573959063177405,0.0,,,200.53623529996128,0.0,86.23058117898334,3.0,894.2755157947315,0.0,0.0,0.0,63.2610499873193
83,1,84,0.07074,0.0,894.2755157947321,,,,0,0.0,1,1638.405882499239,1638.405882499239,-0.0,262.14494119987825,54.39507529897473,0.0,,,253.1820784494421,1638.405882499239,1572.8696471992694,65.53623529996958,1638.405882499239,0.0,1.0,0.0,0.0,0.16091308133608268,84.48525516990985,0.96,546.9131123747158,525.0365878797271,21.876524494988644,1.0,0.0,0.0,0.16091308133608268,84.48525516990985,0.96,546.9131123747158,525.0365878797271,21.876524494988644,1.0,0.0,0.0,0.1610790674958045,84.21156810962243,0.96,544.5796577498076,522.7964714398153,21.78318630999229,,,,495.8686029781637,1572.8696471992694,1437.8696471992696,135.00000000000534,1572.8696471992748,-5.4569682106375694e-12,1.0,0.0,0.0,0.3452404788886785,165.72806148368417,0.9142916874008253,525.0365878797268,480.0365878797271,44.99999999999966,1.0,0.0,0.0,0.3452404788886785,165.72806148368417,0.9142916874008259,525.0365878797264,480.0365878797271,44.99999999999932,1.0,0.0,0.0,0.3441056806370854,164.4124800107954,0.9139244381736684,522.7964714398217,477.7964714398154,45.00000000000637,0.0,0.0,0.0,0.08724817754776787,0.0,0.8800000000000001,0.0,0.0,0.0,1.0,,,0.101,145.22483436712625,1437.8696471992696,1437.8696471992696,0.0,44.573959063177355,0.0,,,200.53623529996946,2.842170943040401e-14,86.23058117898687,3.0,894.2755157947321,0.0,0.0,0.0,63.261049987319346
84,1,85,0.07074,0.0,894.2755157975596,,,,0,0.0,1,1638.4058824992394,1638.4058824992394,-0.0,262.1449411998783,54.395075298974746,0.0,,,253.1820784494421,1638.4058824992394,1572.8696471992698,65.53623529996958,1638.4058824992394,0.0,1.0,0.0,0.0,0.1609130813360827,84.48525516990986,0.96,546.9131123747158,525.0365878797271,21.876524494988644,1.0,0.0,0.0,0.16091308133608254,84.48525516990983,0.96,546.9131123747161,525.0365878797274,21.876524494988644,1.0,0.0,0.0,0.16107906749580447,84.21156810962242,0.96,544.5796577498076,522.7964714398153,21.78318630999229,,,,495.86860298099043,1572.8696471992698,1437.8696471992776,135.0000000278792,1572.8696472271567,0.0,1.0,0.0,0.0,0.34524047888867826,165.72806148368406,0.9142916874008271,525.0365878797257,480.0365878797271,44.999999999998636,1.0,0.0,0.0,0.34524047888867837,165.72806148368412,0.9142916874008263,525.0365878797262,480.0365878797271,44.99999999999909,1.0,0.0,0.0,0.34410568064299607,164.41248001362223,0.9139244381249401,522.7964714677048,477.79647143982334,45.00000002788147,0.0,0.0,0.0,0.08724817754776787,0.0,0.8800000000000001,0.0,0.0,0.0,1.0,,,0.101,145.22483436712704,1437.8696471992776,1437.8696471992776,0.0,44.573959063177604,0.0,,,200.53623532784877,2.842170943040401e-14,86.23058119097497,3.0,894.2755157975596,0.0,0.0,0.0,63.261049987519364
85,1,86,0.07074,0.0,894.2755157947304,,,,0,0.0,1,1638.4058824992298,1638.4058824992298,-0.0,262.14494119987677,54.39507529897443,0.0,,,253.18207844944106,1638.4058824992298,1572.8696471992607,65.53623529996923,1638.4058824992298,0.0,1.0,0.0,0.0,0.16091308133608337,84.48525516990877,0.96,546.9131123747064,525.0365878797181,21.876524494988303,1.0,0.0,0.0,0.1609130813360827,84.48525516990986,0.96,546.9131123747158,525.0365878797271,21.876524494988644,1.0,0.0,0.0,0.1610790674958045,84.21156810962243,0.96,544.5796577498076,522.7964714398153,21.78318630999229,,,,495.86860297816304,1572.8696471992607,1437.8696471992696,134.99999999999818,1572.8696471992675,-6.821210263296962e-12,1.0,0.0,0.0,0.3452404788886785,165.72806148368417,0.9142916874008259,525.0365878797264,480.0365878797271,44.99999999999932,1.0,0.0,0.0,0.3452404788886784,165.72806148368414,0.9142916874008261,525.0365878797263,480.0365878797271,44.999999999999204,1.0,0.0,0.0,0.344105680637084,164.41248001079475,0.9139244381736802,522.796471439815,477.7964714398154,44.99999999999966,0.0,0.0,0.0,0.08724817754776787,0.0,0.8800000000000001,0.0,0.0,0.0,1.0,,,0.101,145.22483436712625,1437.8696471992696,1437.8696471992696,0.0,44.573959063177355,0.0,,,200.5362352999606,2.842170943040401e-14,86.23058117898306,3.0,894.2755157947304,0.0,0.0,0.0,63.261049987319225
86,1,87,0.07074,0.0,894.2755157947328,,,,0,0.0,1,1638.4058824992399,1638.4058824992399,-0.0,262.14494119987836,54.39507529897477,0.0,,,253.18207844944197,1638.4058824992399,1572.8696471992703,65.53623529996958,1638.4058824992399,0.0,1.0,0.0,0.0,0.1609130813360827,84.48525516990986,0.96,546.9131123747158,525.0365878797271,21.876524494988644,1.0,0.0,0.0,0.1609130813360825,84.48525516990986,0.96,546.9131123747164,525.0365878797278,21.876524494988644,1.0,0.0,0.0,0.1610790674958045,84.21156810962243,0.96,544.5796577498076,522.7964714398153,21.78318630999229,,,,495.8686029781643,1572.8696471992703,1437.869647199272,134.99999999999716,1572.8696471992694,9.094947017729282e-13,1.0,0.0,0.0,0.34524047888867887,165.72806148368468,0.9142916874008264,525.0365878797271,480.036587879728,44.99999999999909,1.0,0.0,0.0,0.34524047888867915,165.728061483685,0.9142916874008266,525.0365878797277,480.0365878797286,44.99999999999909,1.0,0.0,0.0,0.3441056806370838,164.41248001079464,0.9139244381736813,522.7964714398144,477.7964714398154,44.99999999999898,0.0,0.0,0.0,0.08724817754776787,0.0,0.8800000000000001,0.0,0.0,0.0,1.0,,,0.101,145.2248343671265,1437.869647199272,1437.869647199272,0.0,44.57395906317743,0.0,,,200.53623529996764,0.0,86.23058117898609,3.0,894.2755157947328,0.0,0.0,0.0,63.261049987319396
87,1,88,0.07074,0.0,894.2755157947313,,,,0,0.0,1,1638.4058824992312,1638.4058824992312,-0.0,262.144941199877,54.395075298974476,0.0,,,253.18207844944118,1638.4058824992312,1572.8696471992616,65.53623529996923,1638.4058824992312,0.0,1.0,0.0,0.0,0.16091308133608323,84.4852551699089,0.96,546.9131123747077,525.0365878797194,21.876524494988303,1.0,0.0,0.0,0.1609130813360827,84.48525516990986,0.96,546.9131123747158,525.0365878797271,21.876524494988644,1.0,0.0,0.0,0.1610790674958045,84.21156810962243,0.96,544.5796577498076,522.7964714398153,21.78318630999229,,,,495.8686029781637,1572.8696471992616,1437.8696471992707,134.999999999998,1572.869647199269,-7.275957614183426e-12,1.0,0.0,0.0,0.3452404788886786,165.72806148368437,0.9142916874008263,525.0365878797267,480.0365878797275,44.99999999999915,1.0,0.0,0.0,0.3452404788886788,165.72806148368463,0.9142916874008262,525.0365878797271,480.0365878797279,44.999999999999204,1.0,0.0,0.0,0.344105680637084,164.41248001079475,0.9139244381736802,522.796471439815,477.7964714398154,44.99999999999966,0.0,0.0,0.0,0.08724817754776787,0.0,0.8800000000000001,0.0,0.0,0.0,1.0,,,0.101,145.22483436712636,1437.8696471992707,1437.8696471992707,0.0,44.57395906317739,0.0,,,200.53623529995997,2.842170943040401e-14,86.23058117898279,3.0,894.2755157947313,0.0,0.0,0.0,63.26104998731929
88,1,89,0.07074,0.0,894.2755157947365,,,,0,0.0,1,1638.405882499239,1638.405882499239,-0.0,262.14494119987825,54.39507529897473,0.0,,,253.1820784494421,1638.405882499239,1572.8696471992694,65.53623529996958,1638.405882499239,0.0,1.0,0.0,0.0,0.1609130813360827,84.48525516990986,0.96,546.9131123747158,525.0365878797271,21.876524494988644,1.0,0.0,0.0,0.16091308133608268,84.48525516990985,0.96,546.9131123747158,525.0365878797271,21.876524494988644,1.0,0.0,0.0,0.16107906749580447,84.21156810962242,0.96,544.5796577498076,522.7964714398153,21.78318630999229,,,,495.8686029781674,1572.8696471992694,1437.869647199277,134.99999999999784,1572.8696471992748,-5.4569682106375694e-12,1.0,0.0,0.0,0.3452404788886785,165.72806148368417,0.9142916874008258,525.0365878797265,480.0365878797271,44.99999999999943,1.0,0.0,0.0,0.34524047888868187,165.72806148368812,0.9142916874008272,525.036587879733,480.0365878797338,44.999999999999204,1.0,0.0,0.0,0.3441056806370843,164.41248001079515,0.9139244381736811,522.7964714398154,477.7964714398162,44.999999999999204,0.0,0.0,0.0,0.08724817754776787,0.0,0.8800000000000001,0.0,0.0,0.0,1.0,,,0.101,145.224834367127,1437.869647199277,1437.869647199277,0.0,44.57395906317759,0.0,,,200.53623529996196,2.842170943040401e-14,86.23058117898364,3.0,894.2755157947365,0.0,0.0,0.0,63.26104998731966
89,1,90,0.11566,0.0,597.3940240588925,,,,0,0.0,1,1093.8262247494306,1093.8262247494306,-0.0,175.0121959599089,36.3150306616811,0.0,,,168.97051033981955,1093.8262247494306,1050.0731757594533,43.75304898997729,1093.8262247494306,0.0,1.0,0.0,0.0,0.1609130813360827,84.48525516990972,0.96,546.9131123747148,525.0365878797262,21.876524494988644,1.0,0.0,0.0,0.1609130813360827,84.48525516990986,0.96,546.9131123747158,525.0365878797271,21.876524494988644,0.0,0.0,1.0,0.271,0.0,0.96,0.0,0.0,-0.0,,,,331.45612296736806,1050.0731757594533,960.0731757594538,89.99999999999852,1050.0731757594522,1.1368683772161603e-12,1.0,0.0,0.0,0.34524047888867815,165.72806148368386,0.914291687400826,525.0365878797259,480.03658787972665,44.999999999999204,1.0,0.0,0.0,0.3452404788886785,165.72806148368417,0.9142916874008259,525.0365878797264,480.0365878797271,44.99999999999932,0.0,0.0,1.0,0.08724817754776787,0.0,0.8800000000000001,0.0,0.0,0.0,0.0,0.0,0.0,0.08724817754776787,0.0,0.8800000000000001,0.0,0.0,0.0,1.0,,,0.101,96.96739075170484,960.0731757594538,960.0731757594538,0.0,29.762268448543065,0.0,,,133.75304898997695,0.0,57.513811065690085,2.0,597.3940240588925,0.0,0.0,0.0,69.0945928226515
90,1,91,0.11566,0.0,597.3940240588931,,,,0,0.0,1,1093.8262247494267,1093.8262247494267,-0.0,175.01219595990827,36.315030661680964,0.0,,,168.9705103398191,1093.8262247494267,1050.0731757594494,43.75304898997706,1093.8262247494267,0.0,1.0,0.0,0.0,0.16091308133608268,84.48525516990985,0.96,546.9131123747158,525.0365878797271,21.876524494988644,1.0,0.0,0.0,0.16091308133608304,84.48525516990928,0.96,546.9131123747109,525.0365878797224,21.876524494988416,0.0,0.0,0.0,0.271,0.0,0.96,0.0,0.0,-0.0,,,,331.456122967369,1050.0731757594494,960.0731757594554,89.99999999999858,1050.073175759454,-4.547473508864641e-12,1.0,0.0,0.0,0.3452404788886787,165.72806148368446,0.9142916874008261,525.0365878797269,480.0365878797276,44.99999999999926,1.0,0.0,0.0,0.3452404788886788,165.72806148368457,0.914291687400826,525.0365878797271,480.0365878797278,44.99999999999932,0.0,0.0,0.0,0.08724817754776787,0.0,0.8800000000000001,0.0,0.0,0.0,0.0,0.0,0.0,0.08724817754776787,0.0,0.8800000000000001,0.0,0.0,0.0,1.0,,,0.101,96.967390751705,960.0731757594554,960.0731757594554,0.0,29.762268448543114,0.0,,,133.7530489899711,1.4210854715202004e-14,57.51381106568757,2.0,597.3940240588931,0.0,0.0,0.0,69.09459282265158
91,1,92,0.11566,0.0,597.394024061743,,,,0,0.0,1,1093.8262247494317,1093.8262247494317,-0.0,175.0121959599091,36.315030661681135,0.0,,,168.9705103398196,1093.8262247494317,1050.0731757594544,43.75304898997729,1093.8262247494317,0.0,1.0,0.0,0.0,0.16091308133608268,84.48525516990985,0.96,546.9131123747158,525.0365878797271,21.876524494988644,1.0,0.0,0.0,0.1609130813360825,84.48525516990982,0.96,546.9131123747161,525.0365878797274,21.876524494988644,0.0,0.0,0.0,0.271,0.0,0.96,0.0,0.0,-0.0,,,,331.4561229702184,1050.0731757594544,960.0731757594558,90.00000002787147,1050.0731757873273,0.0,1.0,0.0,0.0,0.3452404788886788,165.72806148368457,0.914291687400826,525.0365878797271,480.0365878797278,44.99999999999932,1.0,0.0,0.0,0.3452404788946141,165.72806148653382,0.9142916873522887,525.0365879076002,480.036587879728,45.00000002787215,0.0,0.0,0.0,0.08724817754776787,0.0,0.8800000000000001,0.0,0.0,0.0,0.0,0.0,0.0,0.08724817754776787,0.0,0.8800000000000001,0.0,0.0,0.0,1.0,,,0.101,96.96739075170504,960.0731757594558,960.0731757594558,0.0,29.76226844854313,0.0,,,133.75304901784875,-2.842170943040401e-14,57.513811077674966,2.0,597.394024061743,0.0,0.0,0.0,69.0945928229812
92,1,93,0.11566,0.0,597.3940240588929,,,,0,0.0,1,1093.8262247494306,1093.8262247494306,-0.0,175.0121959599089,36.3150306616811,0.0,,,168.97051033981967,1093.8262247494306,1050.0731757594533,43.75304898997729,1093.8262247494306,0.0,1.0,0.0,0.0,0.16091308133608279,84.48525516990976,0.96,546.9131123747148,525.0365878797262,21.876524494988644,1.0,0.0,0.0,0.16091308133608268,84.48525516990985,0.96,546.9131123747158,525.0365878797271,21.876524494988644,0.0,0.0,0.0,0.271,0.0,0.96,0.0,0.0,-0.0,,,,331.45612296736834,1050.0731757594533,960.0731757594542,89.99999999999898,1050.073175759453,2.2737367544323206e-13,1.0,0.0,0.0,0.3452404788886785,165.72806148368417,0.9142916874008259,525.0365878797264,480.0365878797271,44.99999999999932,1.0,0.0,0.0,0.3452404788886785,165.72806148368417,0.9142916874008253,525.0365878797268,480.0365878797271,44.99999999999966,0.0,0.0,0.0,0.08724817754776787,0.0,0.8800000000000001,0.0,0.0,0.0,0.0,0.0,0.0,0.08724817754776787,0.0,0.8800000000000001,0.0,0.0,0.0,1.0,,,0.101,96.96739075170488,960.0731757594542,960.0731757594542,0.0,29.76226844854308,0.0,,,133.7530489899765,1.4210854715202004e-14,57.51381106568989,2.0,597.3940240588929,0.0,0.0,0.0,69.09459282265155
93,1,94,0.11566,0.0,597.3940240588934,,,,0,0.0,1,1093.8262247494297,1093.8262247494297,-0.0,175.01219595990875,36.315030661681064,0.0,,,168.9705103398196,1093.8262247494297,1050.0731757594526,43.753048989977174,1093.8262247494297,0.0,1.0,0.0,0.0,0.16091308133608284,84.48525516990966,0.96,546.9131123747139,525.0365878797254,21.87652449498853,1.0,0.0,0.0,0.16091308133608268,84.48525516990985,0.96,546.9131123747158,525.0365878797271,21.876524494988644,0.0,0.0,0.0,0.271,0.0,0.96,0.0,0.0,-0.0,,,,331.4561229673688,1050.0731757594526,960.073175759455,89.99999999999898,1050.073175759454,-1.3642420526593924e-12,1.0,0.0,0.0,0.3452404788886785,165.72806148368417,0.9142916874008253,525.0365878797268,480.0365878797271,44.99999999999966,1.0,0.0,0.0,0.34524047888867887,165.72806148368463,0.9142916874008261,525.0365878797272,480.0365878797279,44.99999999999932,0.0,0.0,0.0,0.08724817754776787,0.0,0.8800000000000001,0.0,0.0,0.0,0.0,0.0,0.0,0.08724817754776787,0.0,0.8800000000000001,0.0,0.0,0.0,1.0,,,0.101,96.96739075170497,960.073175759455,960.073175759455,0.0,29.762268448543104,0.0,,,133.7530489899748,-1.4210854715202004e-14,57.513811065689154,2.0,597.3940240588934,0.0,0.0,0.0,69.0945928226516
94,1,95,0.11506,0.0,894.2378478635829,,,,0,0.0,1,1638.3573940502956,1638.3573940502956,-0.0,262.1371830480473,54.393465482469814,0.0,,,253.17639786171958,1638.3573940502956,1572.8230982882837,65.53429576201188,1638.3573940502956,0.0,1.0,0.0,0.0,0.16091308133608268,84.48525516990985,0.96,546.9131123747158,525.0365878797271,21.876524494988644,1.0,0.0,0.0,0.16091308133608329,84.48525516990888,0.96,546.9131123747075,525.0365878797191,21.876524494988303,1.0,1.0,0.0,0.16108254423941237,84.20588752190085,0.96,544.5311693008724,522.7499225288375,21.781246772034933,,,,495.8413170747458,1572.8230982882837,1437.8230982882924,134.9999999999983,1572.8230982882906,-6.821210263296962e-12,1.0,0.0,0.0,0.3452404788886785,165.72806148368417,0.9142916874008258,525.0365878797265,480.0365878797271,44.99999999999943,1.0,0.0,0.0,0.3452404788886787,165.72806148368448,0.914291687400826,525.036587879727,480.0365878797277,44.99999999999932,1.0,1.0,0.0,0.3440820947437301,164.38519410737717,0.9139167734692162,522.749922528837,477.7499225288375,44.999999999999545,0.0,0.0,0.0,0.08724817754776787,0.0,0.8800000000000001,0.0,0.0,0.0,1.0,,,0.101,145.22013292711753,1437.8230982882924,1437.8230982882924,0.0,44.57251604693706,0.0,,,200.53429576200335,2.842170943040401e-14,86.22974717766144,3.0,894.2378478635829,0.0,0.0,0.0,102.89100677518385
95,1,96,0.11506,0.0,894.2378478664107,,,,0,0.0,1,1638.3573940503034,1638.3573940503034,-0.0,262.13718304804854,54.39346548247007,0.0,,,253.1763978617205,1638.3573940503034,1572.823098288291,65.53429576201222,1638.3573940503034,0.0,1.0,0.0,0.0,0.1609130813360827,84.48525516990978,0.96,546.9131123747152,525.0365878797265,21.876524494988644,1.0,0.0,0.0,0.16091308133608268,84.48525516990985,0.96,546.9131123747158,525.0365878797271,21.876524494988644,1.0,0.0,0.0,0.16108254423941237,84.20588752190085,0.96,544.5311693008724,522.7499225288375,21.781246772034933,,,,495.841317077572,1572.823098288291,1437.823098288299,135.00000002787954,1572.8230983161786,0.0,1.0,0.0,0.0,0.3452404788886785,165.72806148368417,0.9142916874008253,525.0365878797268,480.0365878797271,44.99999999999966,1.0,0.0,0.0,0.3452404788886788,165.72806148368463,0.9142916874008262,525.0365878797271,480.0365878797279,44.999999999999204,1.0,0.0,0.0,0.3440820947496407,164.3851941102032,0.9139167734204731,522.7499225567246,477.74992252884397,45.000000027880674,0.0,0.0,0.0,0.08724817754776787,0.0,0.8800000000000001,0.0,0.0,0.0,1.0,,,0.101,145.22013292711821,1437.823098288299,1437.823098288299,0.0,44.57251604693727,0.0,,,200.53429578989176,-2.842170943040401e-14,86.22974718965345,3.0,894.2378478664108,0.0,0.0,0.0,102.89100677550921
96,1,97,0.11506,0.0,894.2378478635842,,,,0,0.0,1,1638.3573940502984,1638.3573940502984,-0.0,262.13718304804775,54.39346548246991,0.0,,,253.17639786171992,1638.3573940502984,1572.8230982882865,65.534295762012,1638.3573940502984,0.0,1.0,0.0,0.0,0.16091308133608276,84.48525516990969,0.96,546.9131123747145,525.0365878797259,21.876524494988644,1.0,0.0,0.0,0.1609130813360827,84.48525516990986,0.96,546.9131123747158,525.0365878797271,21.876524494988644,1.0,0.0,0.0,0.16108254423941268,84.20588752190034,0.96,544.531169300868,522.7499225288333,21.781246772034706,,,,495.8413170747466,1572.8230982882865,1437.8230982882937,134.99999999999767,1572.8230982882915,-5.002220859751105e-12,1.0,0.0,0.0,0.3452404788886787,165.72806148368446,0.9142916874008263,525.0365878797268,480.0365878797276,44.99999999999915,1.0,0.0,0.0,0.3452404788886788,165.72806148368457,0.914291687400826,525.0365878797271,480.0365878797278,44.99999999999932,1.0,0.0,0.0,0.3440820947437304,164.3851941073776,0.913916773469217,522.7499225288375,477.7499225288383,44.999999999999204,0.0,0.0,0.0,0.08724817754776787,0.0,0.8800000000000001,0.0,0.0,0.0,1.0,,,0.101,145.22013292711767,1437.8230982882937,1437.8230982882937,0.0,44.5725160469371,0.0,,,200.53429576200466,0.0,86.229747177662,3.0,894.2378478635842,0.0,0.0,0.0,102.891006775184
97,1,98,0.11506,0.0,894.2378478664107,,,,0,0.0,1,1638.3573940503038,1638.3573940503038,-0.0,262.1371830480486,54.393465482470084,0.0,,,253.1763978617205,1638.3573940503038,1572.8230982882917,65.53429576201222,1638.3573940503038,0.0,1.0,0.0,0.0,0.1609130813360827,84.48525516990986,0.96,546.9131123747158,525.0365878797271,21.876524494988644,1.0,0.0,0.0,0.1609130813360827,84.48525516990986,0.96,546.9131123747158,525.0365878797271,21.876524494988644,1.0,0.0,0.0,0.16108254423941235,84.20588752190083,0.96,544.5311693008724,522.7499225288375,21.781246772034933,,,,495.841317077572,1572.8230982882917,1437.8230982882983,135.0000000278826,1572.823098316181,0.0,1.0,0.0,0.0,0.3452404788886785,165.72806148368423,0.9142916874008261,525.0365878797264,480.0365878797272,44.999999999999204,1.0,0.0,0.0,0.3452404788886785,165.72806148368417,0.9142916874008253,525.0365878797268,480.0365878797271,44.99999999999966,1.0,0.0,0.0,0.34408209474964147,164.3851941102036,0.9139167734204677,522.7499225567278,477.7499225288441,45.00000002788374,0.0,0.0,0.0,0.08724817754776787,0.0,0.8800000000000001,0.0,0.0,0.0,1.0,,,0.101,145.22013292711813,1437.8230982882983,1437.8230982882983,0.0,44.572516046937245,0.0,,,200.53429578989483,5.684341886080802e-14,86.22974718965477,3.0,894.2378478664107,0.0,0.0,0.0,102.89100677550921
98,1,99,0.11506,0.0,894.2378478635892,,,,0,0.0,1,1638.3573940503052,1638.3573940503052,-0.0,262.1371830480488,54.393465482470134,0.0,,,253.17639786172072,1638.3573940503052,1572.8230982882928,65.53429576201233,1638.3573940503052,0.0,1.0,0.0,0.0,0.16091308133608268,84.48525516990985,0.96,546.9131123747158,525.0365878797271,21.876524494988644,1.0,0.0,0.0,0.16091308133608248,84.48525516990995,0.96,546.9131123747171,525.0365878797284,21.876524494988757,1.0,0.0,0.0,0.16108254423941235,84.20588752190083,0.96,544.5311693008724,522.7499225288375,21.781246772034933,,,,495.84131707475024,1572.8230982882928,1437.8230982882997,134.9999999999979,1572.8230982882974,-4.547473508864641e-12,1.0,0.0,0.0,0.3452404788886788,165.72806148368457,0.914291687400826,525.0365878797271,480.0365878797278,44.99999999999932,1.0,0.0,0.0,0.3452404788886789,165.7280614836847,0.9142916874008259,525.0365878797274,480.036587879728,44.99999999999943,1.0,0.0,0.0,0.3440820947437333,164.38519410738093,0.913916773469218,522.7499225288431,477.7499225288439,44.99999999999915,0.0,0.0,0.0,0.08724817754776787,0.0,0.8800000000000001,0.0,0.0,0.0,1.0,,,0.101,145.22013292711827,1437.8230982882997,1437.8230982882997,0.0,44.57251604693729,0.0,,,200.53429576200568,-2.842170943040401e-14,86.22974717766245,3.0,894.2378478635892,0.0,0.0,0.0,102.89100677518456
99,1,100,0.11506,0.0,894.2378478635827,,,,0,0.0,1,1638.357394050296,1638.357394050296,-0.0,262.1371830480474,54.39346548246983,0.0,,,253.1763978617197,1638.357394050296,1572.8230982882842,65.53429576201188,1638.357394050296,0.0,1.0,0.0,0.0,0.16091308133608279,84.48525516990976,0.96,546.9131123747148,525.0365878797262,21.876524494988644,1.0,0.0,0.0,0.1609130813360827,84.48525516990986,0.96,546.9131123747158,525.0365878797271,21.876524494988644,1.0,0.0,0.0,0.16108254423941282,84.20588752190001,0.96,544.5311693008654,522.7499225288308,21.781246772034592,,,,495.8413170747456,1572.8230982882842,1437.8230982882917,134.99999999999864,1572.82309828829,-5.9117155615240335e-12,1.0,0.0,0.0,0.3452404788886785,165.72806148368417,0.9142916874008259,525.0365878797264,480.0365878797271,44.99999999999932,1.0,0.0,0.0,0.3452404788886785,165.72806148368417,0.9142916874008253,525.0365878797268,480.0365878797271,44.99999999999966,1.0,0.0,0.0,0.34408209474373014,164.3851941073772,0.9139167734692161,522.7499225288371,477.7499225288375,44.99999999999966,0.0,0.0,0.0,0.08724817754776787,0.0,0.8800000000000001,0.0,0.0,0.0,1.0,,,0.101,145.22013292711748,1437.8230982882917,1437.8230982882917,0.0,44.57251604693704,0.0,,,200.5342957620046,-2.842170943040401e-14,86.22974717766198,3.0,894.2378478635827,0.0,0.0,0.0,102.89100677518383
100,1,101,0.11506,0.0,894.2378478635839,,,,0,0.0,1,1638.3573940502984,1638.3573940502984,-0.0,262.13718304804775,54.39346548246991,0.0,,,253.1763978617198,1638.3573940502984,1572.8230982882862,65.534295762012,1638.3573940502984,0.0,1.0,0.0,0.0,0.16091308133608268,84.48525516990985,0.96,546.9131123747158,525.0365878797271,21.876524494988644,1.0,0.0,0.0,0.16091308133608256,84.48525516990985,0.96,546.9131123747161,525.0365878797274,21.876524494988644,1.0,0.0,0.0,0.1610825442394127,84.20588752190011,0.96,544.5311693008665,522.7499225288318,21.781246772034706,,,,495.84131707474637,1572.8230982882862,1437.8230982882933,134.9999999999983,1572.8230982882915,-5.229594535194337e-12,1.0,0.0,0.0,0.34524047888867854,165.7280614836842,0.9142916874008251,525.0365878797269,480.0365878797271,44.99999999999977,1.0,0.0,0.0,0.3452404788886788,165.72806148368457,0.914291687400826,525.0365878797271,480.0365878797278,44.99999999999932,1.0,0.0,0.0,0.3440820947437304,164.3851941073776,0.913916773469217,522.7499225288375,477.7499225288383,44.999999999999204,0.0,0.0,0.0,0.08724817754776787,0.0,0.8800000000000001,0.0,0.0,0.0,1.0,,,0.101,145.22013292711765,1437.8230982882933,1437.8230982882933,0.0,44.57251604693709,0.0,,,200.53429576200506,2.842170943040401e-14,86.22974717766218,3.0,894.2378478635839,0.0,0.0,0.0,102.89100677518395
101,1,102,0.11506,0.0,894.2378478635835,,,,0,0.0,1,1638.357394050297,1638.357394050297,-0.0,262.1371830480475,54.393465482469864,0.0,,,253.1763978617197,1638.357394050297,1572.823098288285,65.534295762012,1638.357394050297,0.0,1.0,0.0,0.0,0.16091308133608317,84.48525516990902,0.96,546.9131123747088,525.0365878797204,21.876524494988416,1.0,0.0,0.0,0.1609130813360827,84.48525516990986,0.96,546.9131123747158,525.0365878797271,21.876524494988644,1.0,0.0,0.0,0.16108254423941235,84.20588752190083,0.96,544.5311693008724,522.7499225288375,21.781246772034933,,,,495.8413170747462,1572.823098288285,1437.8230982882928,134.9999999999979,1572.8230982882908,-5.6843418860808015e-12,1.0,0.0,0.0,0.3452404788886787,165.72806148368446,0.9142916874008261,525.0365878797269,480.0365878797276,44.99999999999926,1.0,0.0,0.0,0.3452404788886788,165.72806148368457,0.914291687400826,525.0365878797271,480.0365878797278,44.99999999999932,1.0,0.0,0.0,0.3440820947437301,164.38519410737717,0.9139167734692166,522.7499225288368,477.7499225288375,44.99999999999932,0.0,0.0,0.0,0.08724817754776787,0.0,0.8800000000000001,0.0,0.0,0.0,1.0,,,0.101,145.2201329271176,1437.8230982882928,1437.8230982882928,0.0,44.572516046937075,0.0,,,200.5342957620042,2.842170943040401e-14,86.2297471776618,3.0,894.2378478635834,0.0,0.0,0.0,102.89100677518391
102,1,103,0.11506,0.0,894.2378478635889,,,,0,0.0,1,1638.3573940503034,1638.3573940503034,-0.0,262.13718304804854,54.39346548247007,0.0,,,253.1763978617205,1638.3573940503034,1572.823098288291,65.53429576201222,1638.3573940503034,0.0,1.0,0.0,0.0,0.16091308133608268,84.48525516990975,0.96,546.9131123747152,525.0365878797265,21.876524494988644,1.0,0.0,0.0,0.1609130813360827,84.48525516990986,0.96,546.9131123747158,525.0365878797271,21.876524494988644,1.0,0.0,0.0,0.16108254423941237,84.20588752190085,0.96,544.5311693008724,522.7499225288375,21.781246772034933,,,,495.8413170747501,1572.823098288291,1437.8230982882997,134.9999999999975,1572.8230982882972,-6.139089236967266e-12,1.0,0.0,0.0,0.34524047888867887,165.72806148368468,0.9142916874008264,525.0365878797271,480.036587879728,44.99999999999909,1.0,0.0,0.0,0.34524047888868165,165.72806148368787,0.9142916874008272,525.0365878797326,480.0365878797334,44.99999999999915,1.0,0.0,0.0,0.3440820947437304,164.38519410737757,0.9139167734692168,522.7499225288375,477.7499225288382,44.99999999999926,0.0,0.0,0.0,0.08724817754776787,0.0,0.8800000000000001,0.0,0.0,0.0,1.0,,,0.101,145.22013292711827,1437.8230982882997,1437.8230982882997,0.0,44.57251604693729,0.0,,,200.53429576200358,-2.842170943040401e-14,86.22974717766154,3.0,894.2378478635889,0.0,0.0,0.0,102.89100677518454
103,1,104,0.11506,0.0,894.237847863589,,,,0,0.0,1,1638.3573940503047,1638.3573940503047,-0.0,262.13718304804877,54.39346548247012,0.0,,,253.17639786172072,1638.3573940503047,1572.8230982882924,65.53429576201222,1638.3573940503047,0.0,1.0,0.0,0.0,0.16091308133608268,84.48525516990985,0.96,546.9131123747158,525.0365878797271,21.876524494988644,1.0,0.0,0.0,0.16091308133608256,84.4852551699099,0.96,546.9131123747164,525.0365878797278,21.876524494988644,1.0,0.0,0.0,0.16108254423941237,84.20588752190085,0.96,544.5311693008724,522.7499225288375,21.781246772034933,,,,495.84131707475007,1572.8230982882924,1437.8230982882994,134.99999999999795,1572.8230982882974,-5.002220859751105e-12,1.0,0.0,0.0,0.3452404788886788,165.72806148368457,0.914291687400826,525.0365878797271,480.0365878797278,44.99999999999932,1.0,0.0,0.0,0.3452404788886789,165.7280614836847,0.9142916874008259,525.0365878797274,480.036587879728,44.99999999999943,1.0,0.0,0.0,0.3440820947437332,164.38519410738076,0.9139167734692178,522.7499225288428,477.7499225288436,44.999999999999204,0.0,0.0,0.0,0.08724817754776787,0.0,0.8800000000000001,0.0,0.0,0.0,1.0,,,0.101,145.22013292711824,1437.8230982882994,1437.8230982882994,0.0,44.57251604693728,0.0,,,200.53429576200517,-5.684341886080802e-14,86.22974717766222,3.0,894.237847863589,0.0,0.0,0.0,102.89100677518454
104,1,105,0.07074,0.0,894.237847863584,,,,0,0.0,1,1638.3573940502993,1638.3573940502993,-0.0,262.13718304804786,54.393465482469935,0.0,,,253.17639786171992,1638.3573940502993,1572.8230982882872,65.534295762012,1638.3573940502993,0.0,1.0,0.0,0.0,0.16091308133608268,84.48525516990975,0.96,546.9131123747152,525.0365878797265,21.876524494988644,1.0,0.0,0.0,0.1609130813360827,84.48525516990986,0.96,546.9131123747158,525.0365878797271,21.876524494988644,1.0,0.0,0.0,0.16108254423941265,84.20588752190038,0.96,544.5311693008683,522.7499225288336,21.781246772034706,,,,495.84131707474637,1572.8230982882872,1437.8230982882933,134.9999999999983,1572.8230982882915,-4.320099833421409e-12,1.0,0.0,0.0,0.34524047888867854,165.7280614836842,0.9142916874008251,525.0365878797269,480.0365878797271,44.99999999999977,1.0,0.0,0.0,0.3452404788886788,165.72806148368457,0.914291687400826,525.0365878797271,480.0365878797278,44.99999999999932,1.0,0.0,0.0,0.3440820947437304,164.3851941073776,0.913916773469217,522.7499225288375,477.7499225288383,44.999999999999204,0.0,0.0,0.0,0.08724817754776787,0.0,0.8800000000000001,0.0,0.0,0.0,1.0,,,0.101,145.22013292711765,1437.8230982882933,1437.8230982882933,0.0,44.57251604693709,0.0,,,200.53429576200597,2.842170943040401e-14,86.22974717766256,3.0,894.237847863584,0.0,0.0,0.0,63.258385357869926
105,1,106,0.07074,0.0,894.2378478635824,,,,0,0.0,1,1638.3573940502952,1638.3573940502952,-0.0,262.13718304804723,54.3934654824698,0.0,,,253.17639786171947,1638.3573940502952,1572.8230982882833,65.53429576201188,1638.3573940502952,0.0,1.0,0.0,0.0,0.16091308133608326,84.4852551699088,0.96,546.913112374707,525.0365878797187,21.876524494988303,1.0,0.0,0.0,0.1609130813360827,84.48525516990986,0.96,546.9131123747158,525.0365878797271,21.876524494988644,1.0,0.0,0.0,0.16108254423941235,84.20588752190083,0.96,544.5311693008724,522.7499225288375,21.781246772034933,,,,495.84131707474546,1572.8230982882833,1437.8230982882917,134.99999999999818,1572.8230982882897,-6.366462912410498e-12,1.0,0.0,0.0,0.34524047888867837,165.72806148368412,0.9142916874008263,525.0365878797262,480.0365878797271,44.99999999999909,1.0,0.0,0.0,0.3452404788886785,165.72806148368417,0.9142916874008258,525.0365878797265,480.0365878797271,44.99999999999943,1.0,0.0,0.0,0.34408209474373014,164.3851941073772,0.9139167734692161,522.7499225288371,477.7499225288375,44.99999999999966,0.0,0.0,0.0,0.08724817754776787,0.0,0.8800000000000001,0.0,0.0,0.0,1.0,,,0.101,145.22013292711748,1437.8230982882917,1437.8230982882917,0.0,44.57251604693704,0.0,,,200.5342957620037,-2.842170943040401e-14,86.2297471776616,3.0,894.2378478635824,0.0,0.0,0.0,63.25838535786981
106,1,107,0.07074,0.0,894.2378478635887,,,,0,0.0,1,1638.3573940503043,1638.3573940503043,-0.0,262.1371830480487,54.393465482470106,0.0,,,253.17639786172072,1638.3573940503043,1572.823098288292,65.53429576201222,1638.3573940503043,0.0,1.0,0.0,0.0,0.1609130813360827,84.48525516990986,0.96,546.9131123747158,525.0365878797271,21.876524494988644,1.0,0.0,0.0,0.16091308133608254,84.48525516990983,0.96,546.9131123747161,525.0365878797274,21.876524494988644,1.0,0.0,0.0,0.16108254423941237,84.20588752190085,0.96,544.5311693008724,522.7499225288375,21.781246772034933,,,,495.84131707474984,1572.823098288292,1437.8230982882992,134.99999999999767,1572.823098288297,-5.002220859751105e-12,1.0,0.0,0.0,0.3452404788886787,165.7280614836845,0.9142916874008263,525.0365878797269,480.03658787972773,44.99999999999915,1.0,0.0,0.0,0.3452404788886788,165.72806148368457,0.914291687400826,525.0365878797271,480.0365878797278,44.99999999999932,1.0,0.0,0.0,0.3440820947437332,164.38519410738076,0.9139167734692178,522.7499225288428,477.7499225288436,44.999999999999204,0.0,0.0,0.0,0.08724817754776787,0.0,0.8800000000000001,0.0,0.0,0.0,1.0,,,0.101,145.22013292711824,1437.8230982882992,1437.8230982882992,0.0,44.572516046937274,0.0,,,200.5342957620049,-5.684341886080802e-14,86.2297471776621,3.0,894.2378478635887,0.0,0.0,0.0,63.25838535787027
107,1,108,0.07074,0.0,894.2378478635894,,,,0,0.0,1,1638.3573940503052,1638.3573940503052,-0.0,262.1371830480488,54.393465482470134,0.0,,,253.1763978617206,1638.3573940503052,1572.8230982882928,65.53429576201222,1638.3573940503052,0.0,1.0,0.0,0.0,0.1609130813360827,84.48525516990986,0.96,546.9131123747158,525.0365878797271,21.876524494988644,1.0,0.0,0.0,0.16091308133608248,84.4852551699099,0.96,546.9131123747168,525.0365878797281,21.876524494988644,1.0,0.0,0.0,0.16108254423941235,84.20588752190083,0.96,544.5311693008724,522.7499225288375,21.781246772034933,,,,495.8413170747505,1572.8230982882928,1437.8230982883001,134.99999999999807,1572.8230982882983,-5.4569682106375694e-12,1.0,0.0,0.0,0.34524047888867837,165.72806148368406,0.9142916874008259,525.0365878797262,480.0365878797269,44.99999999999932,1.0,0.0,0.0,0.3452404788886785,165.72806148368417,0.9142916874008258,525.0365878797265,480.0365878797271,44.99999999999943,1.0,0.0,0.0,0.3440820947437345,164.3851941073823,0.9139167734692181,522.7499225288456,477.74992252884624,44.99999999999932,0.0,0.0,0.0,0.08724817754776787,0.0,0.8800000000000001,0.0,0.0,0.0,1.0,,,0.101,145.22013292711833,1437.8230982883001,1437.8230982883001,0.0,44.5725160469373,0.0,,,200.53429576200483,-2.842170943040401e-14,86.22974717766208,3.0,894.2378478635894,0.0,0.0,0.0,63.25838535787031
108,1,109,0.07074,0.0,894.2378478635828,,,,0,0.0,1,1638.3573940502952,1638.3573940502952,-0.0,262.13718304804723,54.3934654824698,0.0,,,253.17639786171947,1638.3573940502952,1572.8230982882833,65.53429576201188,1638.3573940502952,0.0,1.0,0.0,0.0,0.1609130813360827,84.48525516990986,0.96,546.9131123747158,525.0365878797271,21.876524494988644,1.0,0.0,0.0,0.16091308133608334,84.48525516990883,0.96,546.9131123747069,525.0365878797186,21.876524494988303,1.0,0.0,0.0,0.16108254423941235,84.20588752190083,0.96,544.5311693008724,522.7499225288375,21.781246772034933,,,,495.84131707474586,1572.8230982882833,1437.8230982882924,134.99999999999744,1572.8230982882899,-6.59383658785373e-12,1.0,0.0,0.0,0.34524047888867837,165.72806148368412,0.9142916874008268,525.036587879726,480.0365878797271,44.99999999999886,1.0,0.0,0.0,0.3452404788886785,165.72806148368417,0.9142916874008259,525.0365878797264,480.0365878797271,44.99999999999932,1.0,0.0,0.0,0.3440820947437304,164.38519410737757,0.9139167734692168,522.7499225288375,477.7499225288382,44.99999999999926,0.0,0.0,0.0,0.08724817754776787,0.0,0.8800000000000001,0.0,0.0,0.0,1.0,,,0.101,145.22013292711753,1437.8230982882924,1437.8230982882924,0.0,44.57251604693706,0.0,,,200.53429576200273,-2.842170943040401e-14,86.22974717766117,3.0,894.2378478635829,0.0,0.0,0.0,63.25838535786985
109,1,110,0.07074,0.0,894.2378478635833,,,,0,0.0,1,1638.3573940502968,1638.3573940502968,-0.0,262.13718304804746,54.39346548246985,0.0,,,253.1763978617197,1638.3573940502968,1572.8230982882847,65.534295762012,1638.3573940502968,0.0,1.0,0.0,0.0,0.16091308133608268,84.48525516990975,0.96,546.9131123747152,525.0365878797265,21.876524494988644,1.0,0.0,0.0,0.16091308133608268,84.48525516990985,0.96,546.9131123747158,525.0365878797271,21.876524494988644,1.0,0.0,0.0,0.1610825442394128,84.20588752190007,0.96,544.5311693008659,522.7499225288312,21.781246772034706,,,,495.84131707474603,1572.8230982882847,1437.8230982882926,134.99999999999807,1572.8230982882906,-5.9117155615240335e-12,1.0,0.0,0.0,0.3452404788886785,165.72806148368417,0.9142916874008259,525.0365878797264,480.0365878797271,44.99999999999932,1.0,0.0,0.0,0.3452404788886785,165.72806148368417,0.9142916874008253,525.0365878797268,480.0365878797271,44.99999999999966,1.0,0.0,0.0,0.34408209474373047,164.38519410737766,0.9139167734692172,522.7499225288375,477.7499225288384,44.99999999999909,0.0,0.0,0.0,0.08724817754776787,0.0,0.8800000000000001,0.0,0.0,0.0,1.0,,,0.101,145.22013292711756,1437.8230982882926,1437.8230982882926,0.0,44.57251604693707,0.0,,,200.53429576200415,0.0,86.22974717766178,3.0,894.2378478635833,0.0,0.0,0.0,63.25838535786988
110,1,111,0.07074,0.0,894.2378478635833,,,,0,0.0,1,1638.3573940503052,1638.3573940503052,-0.0,262.1371830480488,54.393465482470134,0.0,,,253.1763978617206,1638.3573940503052,1572.8230982882928,65.53429576201222,1638.3573940503052,0.0,1.0,0.0,0.0,0.1609130813360827,84.48525516990986,0.96,546.9131123747158,525.0365878797271,21.876524494988644,1.0,0.0,0.0,0.16091308133608256,84.48525516990995,0.96,546.9131123747168,525.0365878797281,21.876524494988644,1.0,0.0,0.0,0.16108254423941237,84.20588752190085,0.96,544.5311693008724,522.7499225288375,21.781246772034933,,,,495.84131707474523,1572.8230982882928,1437.8230982882912,134.9999999999979,1572.8230982882892,3.637978807091713e-12,1.0,0.0,0.0,0.34524047888867815,165.7280614836839,0.9142916874008263,525.0365878797257,480.0365878797267,44.999999999999034,1.0,0.0,0.0,0.3452404788886784,165.72806148368414,0.9142916874008261,525.0365878797263,480.0365878797271,44.999999999999204,1.0,0.0,0.0,0.34408209474373014,164.3851941073772,0.9139167734692161,522.7499225288371,477.7499225288375,44.99999999999966,0.0,0.0,0.0,0.08724817754776787,0.0,0.8800000000000001,0.0,0.0,0.0,1.0,,,0.101,145.22013292711742,1437.8230982882912,1437.8230982882912,0.0,44.572516046937025,0.0,,,200.53429576201376,2.842170943040401e-14,86.22974717766591,3.0,894.2378478635833,0.0,0.0,0.0,63.25838535786988
111,1,112,0.07074,0.0,894.2378478635836,,,,0,0.0,1,1638.357394050296,1638.357394050296,-0.0,262.1371830480474,54.39346548246983,0.0,,,253.17639786171958,1638.357394050296,1572.8230982882842,65.53429576201188,1638.357394050296,0.0,1.0,0.0,0.0,0.1609130813360827,84.48525516990986,0.96,546.9131123747158,525.0365878797271,21.876524494988644,1.0,0.0,0.0,0.1609130813360825,84.48525516990986,0.96,546.9131123747164,525.0365878797278,21.876524494988644,1.0,0.0,0.0,0.16108254423941293,84.20588752189984,0.96,544.531169300864,522.7499225288294,21.781246772034592,,,,495.84131707474637,1572.8230982882842,1437.8230982882933,134.99999999999756,1572.8230982882906,-6.366462912410498e-12,1.0,0.0,0.0,0.3452404788886786,165.7280614836844,0.9142916874008267,525.0365878797265,480.0365878797276,44.99999999999892,1.0,0.0,0.0,0.3452404788886789,165.72806148368474,0.9142916874008267,525.0365878797271,480.03658787972813,44.99999999999898,1.0,0.0,0.0,0.34408209474373014,164.3851941073772,0.9139167734692161,522.7499225288371,477.7499225288375,44.99999999999966,0.0,0.0,0.0,0.08724817754776787,0.0,0.8800000000000001,0.0,0.0,0.0,1.0,,,0.101,145.22013292711765,1437.8230982882933,1437.8230982882933,0.0,44.57251604693709,0.0,,,200.53429576200307,2.842170943040401e-14,86.22974717766132,3.0,894.2378478635836,0.0,0.0,0.0,63.258385357869905
112,1,113,0.07074,0.0,894.2378478635885,,,,0,0.0,1,1638.3573940503043,1638.3573940503043,-0.0,262.1371830480487,54.393465482470106,0.0,,,253.1763978617205,1638.3573940503043,1572.823098288292,65.53429576201222,1638.3573940503043,0.0,1.0,0.0,0.0,0.1609130813360827,84.48525516990986,0.96,546.9131123747158,525.0365878797271,21.876524494988644,1.0,0.0,0.0,0.16091308133608256,84.48525516990985,0.96,546.9131123747161,525.0365878797274,21.876524494988644,1.0,0.0,0.0,0.16108254423941237,84.20588752190085,0.96,544.5311693008724,522.7499225288375,21.781246772034933,,,,495.8413170747498,1572.823098288292,1437.823098288299,134.99999999999795,1572.823098288297,-5.002220859751105e-12,1.0,0.0,0.0,0.3452404788886785,165.72806148368417,0.9142916874008258,525.0365878797265,480.0365878797271,44.99999999999943,1.0,0.0,0.0,0.3452404788886821,165.72806148368844,0.9142916874008277,525.0365878797334,480.0365878797344,44.99999999999898,1.0,0.0,0.0,0.3440820947437301,164.38519410737717,0.9139167734692162,522.749922528837,477.7499225288375,44.999999999999545,0.0,0.0,0.0,0.08724817754776787,0.0,0.8800000000000001,0.0,0.0,0.0,1.0,,,0.101,145.22013292711821,1437.823098288299,1437.823098288299,0.0,44.57251604693727,0.0,,,200.53429576200517,2.842170943040401e-14,86.22974717766222,3.0,894.2378478635885,0.0,0.0,0.0,63.258385357870246
113,1,114,0.11566,0.0,597.3940240588929,,,,0,0.0,1,1093.8262247494317,1093.8262247494317,-0.0,175.0121959599091,36.315030661681135,0.0,,,168.97051033981967,1093.8262247494317,1050.0731757594544,43.75304898997729,1093.8262247494317,0.0,1.0,0.0,0.0,0.16091308133608268,84.48525516990985,0.96,546.9131123747158,525.0365878797271,21.876524494988644,1.0,0.0,0.0,0.16091308133608256,84.48525516990985,0.96,546.9131123747161,525.0365878797274,21.876524494988644,0.0,0.0,1.0,0.271,0.0,0.96,0.0,0.0,-0.0,,,,331.45612296736834,1050.0731757594544,960.0731757594542,89.99999999999875,1050.073175759453,1.3642420526593924e-12,1.0,0.0,0.0,0.3452404788886785,165.72806148368417,0.9142916874008258,525.0365878797265,480.0365878797271,44.99999999999943,1.0,0.0,0.0,0.3452404788886785,165.72806148368417,0.9142916874008259,525.0365878797264,480.0365878797271,44.99999999999932,0.0,0.0,1.0,0.08724817754776787,0.0,0.8800000000000001,0.0,0.0,0.0,0.0,0.0,0.0,0.08724817754776787,0.0,0.8800000000000001,0.0,0.0,0.0,1.0,,,0.101,96.96739075170488,960.0731757594542,960.0731757594542,0.0,29.76226844854308,0.0,,,133.7530489899774,1.4210854715202004e-14,57.513811065690284,2.0,597.3940240588929,0.0,0.0,0.0,69.09459282265155
114,1,115,0.11566,0.0,597.3940240588928,,,,0,0.0,1,1093.8262247494301,1093.8262247494301,-0.0,175.01219595990884,36.31503066168108,0.0,,,168.97051033981955,1093.8262247494301,1050.0731757594529,43.75304898997729,1093.8262247494301,0.0,1.0,0.0,0.0,0.16091308133608279,84.48525516990969,0.96,546.9131123747144,525.0365878797257,21.876524494988644,1.0,0.0,0.0,0.16091308133608268,84.48525516990985,0.96,546.9131123747158,525.0365878797271,21.876524494988644,0.0,0.0,0.0,0.271,0.0,0.96,0.0,0.0,-0.0,,,,331.45612296736834,1050.0731757594529,960.0731757594542,89.99999999999898,1050.073175759453,-2.2737367544323206e-13,1.0,0.0,0.0,0.3452404788886785,165.72806148368417,0.9142916874008259,525.0365878797264,480.0365878797271,44.99999999999932,1.0,0.0,0.0,0.3452404788886785,165.72806148368417,0.9142916874008253,525.0365878797268,480.0365878797271,44.99999999999966,0.0,0.0,0.0,0.08724817754776787,0.0,0.8800000000000001,0.0,0.0,0.0,0.0,0.0,0.0,0.08724817754776787,0.0,0.8800000000000001,0.0,0.0,0.0,1.0,,,0.101,96.96739075170488,960.0731757594542,960.0731757594542,0.0,29.76226844854308,0.0,,,133.75304898997604,1.4210854715202004e-14,57.513811065689694,2.0,597.3940240588928,0.0,0.0,0.0,69.09459282265153
115,1,116,0.11566,0.0,597.3940240617426,,,,0,0.0,1,1093.8262247494306,1093.8262247494306,-0.0,175.0121959599089,36.3150306616811,0.0,,,168.97051033981967,1093.8262247494306,1050.0731757594533,43.75304898997729,1093.8262247494306,0.0,1.0,0.0,0.0,0.1609130813360827,84.48525516990972,0.96,546.9131123747148,525.0365878797262,21.876524494988644,1.0,0.0,0.0,0.1609130813360827,84.48525516990986,0.96,546.9131123747158,525.0365878797271,21.876524494988644,0.0,0.0,0.0,0.271,0.0,0.96,0.0,0.0,-0.0,,,,331.45612297021796,1050.0731757594533,960.0731757594551,90.00000002787084,1050.073175787326,0.0,1.0,0.0,0.0,0.3452404788886785,165.72806148368417,0.9142916874008258,525.0365878797265,480.0365878797271,44.99999999999943,1.0,0.0,0.0,0.34524047889461396,165.72806148653376,0.91429168735229,525.0365879075995,480.0365878797281,45.00000002787141,0.0,0.0,0.0,0.08724817754776787,0.0,0.8800000000000001,0.0,0.0,0.0,0.0,0.0,0.0,0.08724817754776787,0.0,0.8800000000000001,0.0,0.0,0.0,1.0,,,0.101,96.96739075170497,960.0731757594551,960.0731757594551,0.0,29.762268448543107,0.0,,,133.75304901784813,-1.4210854715202004e-14,57.513811077674696,2.0,597.3940240617426,0.0,0.0,0.0,69.09459282298114
116,1,117,0.11566,0.0,597.394024058894,,,,0,0.0,1,1093.826224749433,1093.826224749433,-0.0,175.0121959599093,36.31503066168118,0.0,,,168.97051033981973,1093.826224749433,1050.0731757594558,43.7530489899774,1093.826224749433,0.0,1.0,0.0,0.0,0.1609130813360827,84.48525516990986,0.96,546.9131123747158,525.0365878797271,21.876524494988644,1.0,0.0,0.0,0.16091308133608248,84.48525516990998,0.96,546.9131123747173,525.0365878797286,21.876524494988757,0.0,0.0,0.0,0.271,0.0,0.96,0.0,0.0,-0.0,,,,331.4561229673693,1050.0731757594558,960.0731757594558,89.99999999999875,1050.0731757594544,1.3642420526593924e-12,1.0,0.0,0.0,0.3452404788886788,165.72806148368457,0.914291687400826,525.0365878797271,480.0365878797278,44.99999999999932,1.0,0.0,0.0,0.3452404788886789,165.7280614836847,0.9142916874008259,525.0365878797274,480.036587879728,44.99999999999943,0.0,0.0,0.0,0.08724817754776787,0.0,0.8800000000000001,0.0,0.0,0.0,0.0,0.0,0.0,0.08724817754776787,0.0,0.8800000000000001,0.0,0.0,0.0,1.0,,,0.101,96.96739075170504,960.0731757594558,960.0731757594558,0.0,29.76226844854313,0.0,,,133.75304898997751,-2.842170943040401e-14,57.513811065690334,2.0,597.394024058894,0.0,0.0,0.0,69.09459282265169
117,1,118,0.11566,0.0,597.3940240588936,,,,0,0.0,1,1093.8262247494304,1093.8262247494304,-0.0,175.01219595990887,36.315030661681085,0.0,,,168.9705103398196,1093.8262247494304,1050.073175759453,43.75304898997729,1093.8262247494304,0.0,1.0,0.0,0.0,0.16091308133608279,84.4852551699097,0.96,546.9131123747145,525.0365878797259,21.876524494988644,1.0,0.0,0.0,0.16091308133608268,84.48525516990985,0.96,546.9131123747158,525.0365878797271,21.876524494988644,0.0,0.0,0.0,0.27099999999999996,0.0,0.96,0.0,0.0,-0.0,,,,331.45612296736897,1050.073175759453,960.0731757594554,89.99999999999858,1050.073175759454,-9.094947017729282e-13,1.0,0.0,0.0,0.34524047888867865,165.7280614836844,0.9142916874008261,525.0365878797268,480.0365878797275,44.99999999999926,1.0,0.0,0.0,0.3452404788886788,165.72806148368457,0.914291687400826,525.0365878797271,480.0365878797278,44.99999999999932,0.0,0.0,0.0,0.08724817754776787,0.0,0.8800000000000001,0.0,0.0,0.0,0.0,0.0,0.0,0.08724817754776787,0.0,0.8800000000000001,0.0,0.0,0.0,1.0,,,0.101,96.967390751705,960.0731757594554,960.0731757594554,0.0,29.762268448543114,0.0,,,133.75304898997496,1.4210854715202004e-14,57.51381106568923,2.0,597.3940240588936,0.0,0.0,0.0,69.09459282265163
118,1,119,0.11506,0.0,893.8429081533425,,,,0,0.0,1,1640.7393371241478,1640.7393371241478,-0.0,262.51829393986367,54.47254599252171,0.0,,,251.20763757188183,1640.7393371241478,1575.109763639182,65.62957348496593,1640.7393371241478,0.0,1.0,0.0,0.0,0.1594857979874901,125.60381878594089,0.96,820.3696685620737,787.5548818195907,32.814786742482966,1.0,0.0,0.0,0.15948579798748996,125.60381878594085,0.96,820.3696685620741,787.5548818195912,32.814786742482966,0.0,0.0,0.0,0.271,0.0,0.96,0.0,0.0,-0.0,,,,497.1841844539031,1575.109763639182,1440.1097636391837,135.0000000278713,1575.1097636670552,0.0,1.0,0.0,0.0,0.34524047888867854,165.7280614836842,0.9142916874008251,525.0365878797269,480.0365878797271,44.99999999999977,1.0,0.0,0.0,0.3452404788886788,165.72806148368457,0.914291687400826,525.0365878797271,480.0365878797278,44.99999999999932,1.0,1.0,0.0,0.34524047889461457,165.72806148653433,0.9142916873522887,525.0365879076011,480.03658787972887,45.000000027872204,0.0,0.0,0.0,0.08724817754776787,0.0,0.8800000000000001,0.0,0.0,0.0,1.0,,,0.101,145.45108612755757,1440.1097636391837,1440.1097636391837,0.0,44.643402672814695,0.0,,,200.62957351283723,0.0,86.27071661052001,3.0,893.8429081533425,0.0,0.0,0.0,102.84556501212359
119,1,120,0.11506,0.0,893.8429081504935,,,,0,0.0,1,1640.739337124147,1640.739337124147,-0.0,262.5182939398635,54.47254599252168,0.0,,,251.20763757188172,1640.739337124147,1575.109763639181,65.62957348496593,1640.739337124147,0.0,1.0,0.0,0.0,0.1594857979874901,125.60381878594082,0.96,820.3696685620732,787.5548818195903,32.814786742482966,1.0,0.0,0.0,0.1594857979874901,125.60381878594089,0.96,820.3696685620737,787.5548818195907,32.814786742482966,0.0,0.0,0.0,0.271,0.0,0.96,0.0,0.0,-0.0,,,,497.1841844510542,1575.109763639181,1440.1097636391842,134.999999999998,1575.1097636391821,-1.1368683772161603e-12,1.0,0.0,0.0,0.3452404788886788,165.72806148368457,0.914291687400826,525.0365878797271,480.0365878797278,44.99999999999932,1.0,0.0,0.0,0.3452404788886789,165.7280614836847,0.9142916874008259,525.0365878797274,480.036587879728,44.99999999999943,1.0,0.0,0.0,0.3452404788886791,165.7280614836849,0.9142916874008262,525.0365878797277,480.0365878797284,44.99999999999926,0.0,0.0,0.0,0.08724817754776787,0.0,0.8800000000000001,0.0,0.0,0.0,1.0,,,0.101,145.4510861275576,1440.1097636391842,1440.1097636391842,0.0,44.64340267281471,0.0,,,200.6295734849628,-2.842170943040401e-14,86.27071659853401,3.0,893.8429081504935,0.0,0.0,0.0,102.84556501179577
120,1,121,0.11506,0.0,893.8429081504921,,,,0,0.0,1,1640.739337124147,1640.739337124147,-0.0,262.5182939398635,54.47254599252168,0.0,,,251.20763757188172,1640.739337124147,1575.109763639181,65.62957348496593,1640.739337124147,0.0,1.0,0.0,0.0,0.1594857979874901,125.60381878594082,0.96,820.3696685620732,787.5548818195903,32.814786742482966,1.0,0.0,0.0,0.1594857979874901,125.60381878594089,0.96,820.3696685620737,787.5548818195907,32.814786742482966,0.0,0.0,0.0,0.271,0.0,0.96,0.0,0.0,-0.0,,,,497.18418445105294,1575.109763639181,1440.1097636391821,134.99999999999818,1575.10976363918,9.094947017729282e-13,1.0,0.0,0.0,0.3452404788886785,165.72806148368417,0.9142916874008259,525.0365878797264,480.0365878797271,44.99999999999932,1.0,0.0,0.0,0.3452404788886785,165.72806148368417,0.9142916874008253,525.0365878797268,480.0365878797271,44.99999999999966,1.0,0.0,0.0,0.3452404788886788,165.72806148368463,0.9142916874008262,525.0365878797271,480.0365878797279,44.999999999999204,0.0,0.0,0.0,0.08724817754776787,0.0,0.8800000000000001,0.0,0.0,0.0,1.0,,,0.101,145.4510861275574,1440.1097636391821,1440.1097636391821,0.0,44.643402672814645,0.0,,,200.62957348496502,5.684341886080802e-14,86.27071659853496,3.0,893.8429081504921,0.0,0.0,0.0,102.84556501179561
121,1,122,0.11506,0.0,893.842908150493,,,,0,0.0,1,1640.739337124148,1640.739337124148,-0.0,262.51829393986367,54.47254599252172,0.0,,,251.20763757188183,1640.739337124148,1575.1097636391821,65.62957348496593,1640.739337124148,0.0,1.0,0.0,0.0,0.1594857979874901,125.60381878594089,0.96,820.3696685620737,787.5548818195907,32.814786742482966,1.0,0.0,0.0,0.15948579798749007,125.60381878594097,0.96,820.3696685620744,787.5548818195914,32.814786742482966,0.0,0.0,0.0,0.271,0.0,0.96,0.0,0.0,-0.0,,,,497.1841844510537,1575.1097636391821,1440.1097636391833,134.999999999998,1575.1097636391814,6.821210263296962e-13,1.0,0.0,0.0,0.3452404788886787,165.72806148368446,0.9142916874008261,525.0365878797269,480.0365878797276,44.99999999999926,1.0,0.0,0.0,0.3452404788886788,165.72806148368457,0.914291687400826,525.0365878797271,480.0365878797278,44.99999999999932,1.0,0.0,0.0,0.3452404788886789,165.72806148368466,0.9142916874008259,525.0365878797273,480.0365878797279,44.99999999999943,0.0,0.0,0.0,0.08724817754776787,0.0,0.8800000000000001,0.0,0.0,0.0,1.0,,,0.101,145.45108612755752,1440.1097636391833,1440.1097636391833,0.0,44.64340267281468,0.0,,,200.62957348496462,0.0,86.27071659853479,3.0,893.842908150493,0.0,0.0,0.0,102.84556501179573
122,1,123,0.11506,0.0,893.8429081504914,,,,0,0.0,1,1640.739337124147,1640.739337124147,-0.0,262.5182939398635,54.47254599252168,0.0,,,251.20763757188172,1640.739337124147,1575.109763639181,65.62957348496593,1640.739337124147,0.0,1.0,0.0,0.0,0.1594857979874901,125.60381878594082,0.96,820.3696685620732,787.5548818195903,32.814786742482966,1.0,0.0,0.0,0.1594857979874901,125.60381878594089,0.96,820.3696685620737,787.5548818195907,32.814786742482966,0.0,0.0,0.0,0.271,0.0,0.96,0.0,0.0,-0.0,,,,497.1841844510524,1575.109763639181,1440.109763639181,134.9999999999984,1575.1097636391794,1.5916157281026244e-12,1.0,0.0,0.0,0.34524047888867837,165.72806148368406,0.9142916874008259,525.0365878797262,480.0365878797269,44.99999999999932,1.0,0.0,0.0,0.3452404788886785,165.72806148368417,0.9142916874008258,525.0365878797265,480.0365878797271,44.99999999999943,1.0,0.0,0.0,0.3452404788886785,165.72806148368417,0.9142916874008253,525.0365878797268,480.0365878797271,44.99999999999966,0.0,0.0,0.0,0.08724817754776787,0.0,0.8800000000000001,0.0,0.0,0.0,1.0,,,0.101,145.4510861275573,1440.109763639181,1440.109763639181,0.0,44.64340267281461,0.0,,,200.62957348496593,5.684341886080802e-14,86.27071659853534,3.0,893.8429081504914,0.0,0.0,0.0,102.84556501179554
123,1,124,0.11506,0.0,893.8429081504926,,,,0,0.0,1,1640.739337124147,1640.739337124147,-0.0,262.5182939398635,54.47254599252168,0.0,,,251.20763757188172,1640.739337124147,1575.109763639181,65.62957348496593,1640.739337124147,0.0,1.0,0.0,0.0,0.1594857979874901,125.60381878594082,0.96,820.3696685620732,787.5548818195903,32.814786742482966,1.0,0.0,0.0,0.1594857979874901,125.60381878594089,0.96,820.3696685620737,787.5548818195907,32.814786742482966,0.0,0.0,0.0,0.271,0.0,0.96,0.0,0.0,-0.0,,,,497.1841844510534,1575.109763639181,1440.1097636391828,134.99999999999852,1575.1097636391814,-4.547473508864641e-13,1.0,0.0,0.0,0.34524047888867854,165.7280614836842,0.9142916874008251,525.0365878797269,480.0365878797271,44.99999999999977,1.0,0.0,0.0,0.3452404788886788,165.72806148368457,0.914291687400826,525.0365878797271,480.0365878797278,44.99999999999932,1.0,0.0,0.0,0.3452404788886789,165.72806148368466,0.9142916874008259,525.0365878797273,480.0365878797279,44.99999999999943,0.0,0.0,0.0,0.08724817754776787,0.0,0.8800000000000001,0.0,0.0,0.0,1.0,,,0.101,145.45108612755746,1440.1097636391828,1440.1097636391828,0.0,44.643402672814666,0.0,,,200.629573484964,0.0,86.27071659853452,3.0,893.8429081504926,0.0,0.0,0.0,102.84556501179567
124,1,125,0.11506,0.0,893.8429081504901,,,,0,0.0,1,1640.7393371241403,1640.7393371241403,-0.0,262.5182939398625,54.47254599252146,0.0,,,251.20763757188047,1640.7393371241403,1575.1097636391746,65.6295734849657,1640.7393371241403,0.0,1.0,0.0,0.0,0.1594857979874901,125.60381878594089,0.96,820.3696685620737,787.5548818195907,32.814786742482966,1.0,0.0,0.0,0.1594857979874897,125.6038187859395,0.96,820.3696685620666,787.5548818195839,32.81478674248274,0.0,0.0,0.0,0.271,0.0,0.96,0.0,0.0,-0.0,,,,497.1841844510524,1575.1097636391746,1440.109763639181,134.9999999999984,1575.1097636391794,-4.774847184307873e-12,1.0,0.0,0.0,0.34524047888867837,165.72806148368406,0.9142916874008259,525.0365878797262,480.0365878797269,44.99999999999932,1.0,0.0,0.0,0.3452404788886785,165.72806148368417,0.9142916874008258,525.0365878797265,480.0365878797271,44.99999999999943,1.0,0.0,0.0,0.3452404788886785,165.72806148368417,0.9142916874008253,525.0365878797268,480.0365878797271,44.99999999999966,0.0,0.0,0.0,0.08724817754776787,0.0,0.8800000000000001,0.0,0.0,0.0,1.0,,,0.101,145.4510861275573,1440.109763639181,1440.109763639181,0.0,44.64340267281461,0.0,,,200.62957348495934,-5.684341886080802e-14,86.27071659853252,3.0,893.8429081504901,0.0,0.0,0.0,102.84556501179539
125,1,126,0.11506,0.0,893.8429081504926,,,,0,0.0,1,1640.7393371241478,1640.7393371241478,-0.0,262.51829393986367,54.47254599252171,0.0,,,251.20763757188183,1640.7393371241478,1575.109763639182,65.62957348496593,1640.7393371241478,0.0,1.0,0.0,0.0,0.1594857979874901,125.60381878594089,0.96,820.3696685620737,787.5548818195907,32.814786742482966,1.0,0.0,0.0,0.15948579798749002,125.60381878594089,0.96,820.3696685620741,787.5548818195912,32.814786742482966,0.0,0.0,0.0,0.271,0.0,0.96,0.0,0.0,-0.0,,,,497.1841844510534,1575.109763639182,1440.1097636391814,135.00000000000682,1575.109763639188,-6.139089236967266e-12,1.0,0.0,0.0,0.3452404788886785,165.72806148368417,0.9142916874008259,525.0365878797264,480.0365878797271,44.99999999999932,1.0,0.0,0.0,0.3452404788886785,165.72806148368417,0.9142916874008253,525.0365878797268,480.0365878797271,44.99999999999966,1.0,0.0,0.0,0.34524047888868026,165.72806148368502,0.9142916874008111,525.036587879735,480.0365878797271,45.000000000007844,0.0,0.0,0.0,0.08724817754776787,0.0,0.8800000000000001,0.0,0.0,0.0,1.0,,,0.101,145.45108612755735,1440.1097636391814,1440.1097636391814,0.0,44.643402672814624,0.0,,,200.6295734849666,0.0,86.27071659853564,3.0,893.8429081504926,0.0,0.0,0.0,102.84556501179567
126,1,127,0.11506,0.0,893.8429081504928,,,,0,0.0,1,1640.7393371241478,1640.7393371241478,-0.0,262.51829393986367,54.47254599252171,0.0,,,251.20763757188172,1640.7393371241478,1575.109763639182,65.62957348496593,1640.7393371241478,0.0,1.0,0.0,0.0,0.1594857979874901,125.60381878594089,0.96,820.3696685620737,787.5548818195907,32.814786742482966,1.0,0.0,0.0,0.15948579798748996,125.60381878594085,0.96,820.3696685620741,787.5548818195912,32.814786742482966,0.0,0.0,0.0,0.271,0.0,0.96,0.0,0.0,-0.0,,,,497.1841844510536,1575.109763639182,1440.1097636391828,134.99999999999932,1575.1097636391821,-2.2737367544323206e-13,1.0,0.0,0.0,0.3452404788886788,165.72806148368457,0.914291687400826,525.0365878797271,480.0365878797278,44.99999999999932,1.0,0.0,0.0,0.3452404788886789,165.7280614836847,0.9142916874008259,525.0365878797274,480.036587879728,44.99999999999943,1.0,0.0,0.0,0.3452404788886787,165.7280614836843,0.9142916874008238,525.0365878797277,480.0365878797271,45.00000000000057,0.0,0.0,0.0,0.08724817754776787,0.0,0.8800000000000001,0.0,0.0,0.0,1.0,,,0.101,145.45108612755746,1440.1097636391828,1440.1097636391828,0.0,44.643402672814666,0.0,,,200.62957348496502,0.0,86.27071659853496,3.0,893.8429081504928,0.0,0.0,0.0,102.8455650117957
127,1,128,0.11506,0.0,893.8429081504929,,,,0,0.0,1,1640.7393371241478,1640.7393371241478,-0.0,262.51829393986367,54.47254599252171,0.0,,,251.20763757188172,1640.7393371241478,1575.109763639182,65.62957348496593,1640.7393371241478,0.0,1.0,0.0,0.0,0.1594857979874901,125.60381878594089,0.96,820.3696685620737,787.5548818195907,32.814786742482966,1.0,0.0,0.0,0.15948579798748996,125.60381878594085,0.96,820.3696685620741,787.5548818195912,32.814786742482966,0.0,0.0,0.0,0.271,0.0,0.96,0.0,0.0,-0.0,,,,497.1841844510537,1575.109763639182,1440.1097636391833,134.999999999998,1575.1097636391814,4.547473508864641e-13,1.0,0.0,0.0,0.3452404788886787,165.72806148368446,0.9142916874008261,525.0365878797269,480.0365878797276,44.99999999999926,1.0,0.0,0.0,0.3452404788886788,165.72806148368457,0.914291687400826,525.0365878797271,480.0365878797278,44.99999999999932,1.0,0.0,0.0,0.3452404788886789,165.72806148368466,0.9142916874008259,525.0365878797273,480.0365878797279,44.99999999999943,0.0,0.0,0.0,0.08724817754776787,0.0,0.8800000000000001,0.0,0.0,0.0,1.0,,,0.101,145.45108612755752,1440.1097636391833,1440.1097636391833,0.0,44.64340267281468,0.0,,,200.6295734849644,0.0,86.27071659853469,3.0,893.842908150493,0.0,0.0,0.0,102.84556501179571
128,1,129,0.07074,0.0,893.8429081504896,,,,0,0.0,1,1640.7393371241387,1640.7393371241387,-0.0,262.5182939398622,54.472545992521404,0.0,,,251.20763757188,1640.7393371241387,1575.1097636391733,65.62957348496559,1640.7393371241387,0.0,1.0,0.0,0.0,0.1594857979874901,125.60381878594089,0.96,820.3696685620737,787.5548818195907,32.814786742482966,1.0,0.0,0.0,0.1594857979874896,125.60381878593917,0.96,820.369668562065,787.5548818195824,32.814786742482625,0.0,0.0,0.0,0.271,0.0,0.96,0.0,0.0,-0.0,,,,497.1841844510524,1575.1097636391733,1440.109763639181,134.99999999999824,1575.1097636391794,-6.139089236967266e-12,1.0,0.0,0.0,0.34524047888867826,165.72806148368397,0.914291687400826,525.0365878797261,480.0365878797268,44.99999999999926,1.0,0.0,0.0,0.3452404788886785,165.72806148368417,0.9142916874008259,525.0365878797264,480.0365878797271,44.99999999999932,1.0,0.0,0.0,0.3452404788886785,165.72806148368417,0.9142916874008253,525.0365878797268,480.0365878797271,44.99999999999966,0.0,0.0,0.0,0.08724817754776787,0.0,0.8800000000000001,0.0,0.0,0.0,1.0,,,0.101,145.4510861275573,1440.109763639181,1440.109763639181,0.0,44.64340267281461,0.0,,,200.6295734849577,-5.684341886080802e-14,86.2707165985318,3.0,893.8429081504896,0.0,0.0,0.0,63.23044732256563
129,1,130,0.07074,0.0,893.8429081504921,,,,0,0.0,1,1640.739337124147,1640.739337124147,-0.0,262.5182939398635,54.47254599252168,0.0,,,251.20763757188172,1640.739337124147,1575.109763639181,65.62957348496593,1640.739337124147,0.0,1.0,0.0,0.0,0.1594857979874901,125.60381878594082,0.96,820.3696685620732,787.5548818195903,32.814786742482966,1.0,0.0,0.0,0.1594857979874901,125.60381878594089,0.96,820.3696685620737,787.5548818195907,32.814786742482966,0.0,0.0,0.0,0.27099999999999996,0.0,0.96,0.0,0.0,-0.0,,,,497.18418445105294,1575.109763639181,1440.1097636391821,134.9999999999984,1575.1097636391805,4.547473508864641e-13,1.0,0.0,0.0,0.3452404788886785,165.72806148368423,0.914291687400826,525.0365878797265,480.0365878797272,44.99999999999932,1.0,0.0,0.0,0.34524047888867854,165.7280614836842,0.9142916874008251,525.0365878797269,480.0365878797271,44.99999999999977,1.0,0.0,0.0,0.3452404788886788,165.72806148368457,0.914291687400826,525.0365878797271,480.0365878797278,44.99999999999932,0.0,0.0,0.0,0.08724817754776787,0.0,0.8800000000000001,0.0,0.0,0.0,1.0,,,0.101,145.4510861275574,1440.1097636391821,1440.1097636391821,0.0,44.643402672814645,0.0,,,200.6295734849648,5.684341886080802e-14,86.27071659853486,3.0,893.8429081504921,0.0,0.0,0.0,63.23044732256581
130,1,131,0.07074,0.0,893.8429081504921,,,,0,0.0,1,1640.739337124148,1640.739337124148,-0.0,262.51829393986367,54.47254599252172,0.0,,,251.20763757188183,1640.739337124148,1575.1097636391821,65.62957348496593,1640.739337124148,0.0,1.0,0.0,0.0,0.1594857979874901,125.60381878594089,0.96,820.3696685620737,787.5548818195907,32.814786742482966,1.0,0.0,0.0,0.15948579798749007,125.60381878594097,0.96,820.3696685620744,787.5548818195914,32.814786742482966,0.0,0.0,0.0,0.27099999999999996,0.0,0.96,0.0,0.0,-0.0,,,,497.18418445105294,1575.1097636391821,1440.109763639182,134.99999999999852,1575.1097636391805,1.5916157281026244e-12,1.0,0.0,0.0,0.3452404788886785,165.72806148368417,0.9142916874008258,525.0365878797265,480.0365878797271,44.99999999999943,1.0,0.0,0.0,0.34524047888867854,165.7280614836842,0.9142916874008251,525.0365878797269,480.0365878797271,44.99999999999977,1.0,0.0,0.0,0.3452404788886788,165.72806148368457,0.914291687400826,525.0365878797271,480.0365878797278,44.99999999999932,0.0,0.0,0.0,0.08724817754776787,0.0,0.8800000000000001,0.0,0.0,0.0,1.0,,,0.101,145.45108612755737,1440.109763639182,1440.109763639182,0.0,44.64340267281464,0.0,,,200.62957348496604,-2.842170943040401e-14,86.2707165985354,3.0,893.8429081504921,0.0,0.0,0.0,63.23044732256581
131,1,132,0.07074,0.0,893.8429081504976,,,,0,0.0,1,1640.7393371241478,1640.7393371241478,-0.0,262.51829393986367,54.47254599252171,0.0,,,251.2076375718816,1640.7393371241478,1575.109763639182,65.62957348496593,1640.7393371241478,0.0,1.0,0.0,0.0,0.1594857979874901,125.60381878594089,0.96,820.3696685620737,787.5548818195907,32.814786742482966,1.0,0.0,0.0,0.15948579798748996,125.60381878594085,0.96,820.3696685620741,787.5548818195912,32.814786742482966,0.0,0.0,0.0,0.27099999999999996,0.0,0.96,0.0,0.0,-0.0,,,,497.1841844510577,1575.109763639182,1440.10976363919,134.99999999999778,1575.1097636391883,-6.366462912410498e-12,1.0,0.0,0.0,0.3452404788886787,165.72806148368446,0.9142916874008263,525.0365878797268,480.0365878797276,44.99999999999915,1.0,0.0,0.0,0.3452404788886788,165.72806148368457,0.914291687400826,525.0365878797271,480.0365878797278,44.99999999999932,1.0,0.0,0.0,0.34524047888868237,165.72806148368872,0.9142916874008272,525.0365878797342,480.03658787973484,44.99999999999932,0.0,0.0,0.0,0.08724817754776787,0.0,0.8800000000000001,0.0,0.0,0.0,1.0,,,0.101,145.4510861275582,1440.10976363919,1440.10976363919,0.0,44.643402672814894,0.0,,,200.62957348495735,5.684341886080802e-14,86.27071659853166,3.0,893.8429081504976,0.0,0.0,0.0,63.2304473225662
132,1,133,0.07074,0.0,893.8429081504916,,,,0,0.0,1,1640.739337124147,1640.739337124147,-0.0,262.5182939398635,54.47254599252168,0.0,,,251.20763757188172,1640.739337124147,1575.109763639181,65.62957348496593,1640.739337124147,0.0,1.0,0.0,0.0,0.1594857979874901,125.60381878594082,0.96,820.3696685620732,787.5548818195903,32.814786742482966,1.0,0.0,0.0,0.1594857979874901,125.60381878594089,0.96,820.3696685620737,787.5548818195907,32.814786742482966,0.0,0.0,0.0,0.27099999999999996,0.0,0.96,0.0,0.0,-0.0,,,,497.1841844510525,1575.109763639181,1440.1097636391814,134.99999999999795,1575.1097636391794,1.5916157281026244e-12,1.0,0.0,0.0,0.34524047888867837,165.72806148368412,0.9142916874008266,525.0365878797261,480.0365878797271,44.99999999999898,1.0,0.0,0.0,0.3452404788886785,165.72806148368417,0.9142916874008259,525.0365878797264,480.0365878797271,44.99999999999932,1.0,0.0,0.0,0.3452404788886785,165.72806148368417,0.9142916874008253,525.0365878797268,480.0365878797271,44.99999999999966,0.0,0.0,0.0,0.08724817754776787,0.0,0.8800000000000001,0.0,0.0,0.0,1.0,,,0.101,145.45108612755735,1440.1097636391814,1440.1097636391814,0.0,44.643402672814624,0.0,,,200.62957348496548,0.0,86.27071659853516,3.0,893.8429081504916,0.0,0.0,0.0,63.23044732256577
133,1,134,0.07074,0.0,893.8429081504926,,,,0,0.0,1,1640.7393371241465,1640.7393371241465,-0.0,262.51829393986344,54.47254599252166,0.0,,,251.20763757188172,1640.7393371241465,1575.1097636391805,65.62957348496593,1640.7393371241465,0.0,1.0,0.0,0.0,0.15948579798749007,125.60381878594073,0.96,820.3696685620729,787.5548818195899,32.814786742482966,1.0,0.0,0.0,0.15948579798749013,125.6038187859409,0.96,820.3696685620737,787.5548818195907,32.814786742482966,0.0,0.0,0.0,0.27099999999999996,0.0,0.96,0.0,0.0,-0.0,,,,497.1841844510534,1575.1097636391805,1440.1097636391828,134.99999999999852,1575.1097636391814,-9.094947017729282e-13,1.0,0.0,0.0,0.34524047888867854,165.7280614836842,0.9142916874008251,525.0365878797269,480.0365878797271,44.99999999999977,1.0,0.0,0.0,0.3452404788886788,165.72806148368457,0.914291687400826,525.0365878797271,480.0365878797278,44.99999999999932,1.0,0.0,0.0,0.3452404788886789,165.72806148368466,0.9142916874008259,525.0365878797273,480.0365878797279,44.99999999999943,0.0,0.0,0.0,0.08724817754776787,0.0,0.8800000000000001,0.0,0.0,0.0,1.0,,,0.101,145.45108612755746,1440.1097636391828,1440.1097636391828,0.0,44.643402672814666,0.0,,,200.62957348496354,0.0,86.27071659853432,3.0,893.8429081504926,0.0,0.0,0.0,63.230447322565844
134,1,135,0.07074,0.0,893.842908150496,,,,0,0.0,1,1640.739337124147,1640.739337124147,-0.0,262.5182939398635,54.47254599252168,0.0,,,251.2076375718816,1640.739337124147,1575.109763639181,65.62957348496593,1640.739337124147,0.0,1.0,0.0,0.0,0.1594857979874901,125.60381878594082,0.96,820.3696685620732,787.5548818195903,32.814786742482966,1.0,0.0,0.0,0.1594857979874901,125.60381878594089,0.96,820.3696685620737,787.5548818195907,32.814786742482966,0.0,0.0,0.0,0.27099999999999996,0.0,0.96,0.0,0.0,-0.0,,,,497.18418445105635,1575.109763639181,1440.1097636391878,134.99999999999807,1575.1097636391858,-4.774847184307873e-12,1.0,0.0,0.0,0.34524047888867837,165.72806148368406,0.9142916874008259,525.0365878797262,480.0365878797269,44.99999999999932,1.0,0.0,0.0,0.3452404788886785,165.72806148368417,0.9142916874008258,525.0365878797265,480.0365878797271,44.99999999999943,1.0,0.0,0.0,0.3452404788886819,165.72806148368815,0.914291687400827,525.0365878797331,480.0365878797338,44.99999999999932,0.0,0.0,0.0,0.08724817754776787,0.0,0.8800000000000001,0.0,0.0,0.0,1.0,,,0.101,145.45108612755797,1440.1097636391878,1440.1097636391878,0.0,44.64340267281482,0.0,,,200.62957348495922,5.684341886080802e-14,86.27071659853246,3.0,893.842908150496,0.0,0.0,0.0,63.230447322566086
135,1,136,0.07074,0.0,893.8429081504919,,,,0,0.0,1,1640.7393371241462,1640.7393371241462,-0.0,262.5182939398634,54.47254599252165,0.0,,,251.2076375718816,1640.7393371241462,1575.1097636391803,65.62957348496593,1640.7393371241462,0.0,1.0,0.0,0.0,0.15948579798749005,125.60381878594066,0.96,820.3696685620725,787.5548818195896,32.814786742482966,1.0,0.0,0.0,0.1594857979874901,125.60381878594089,0.96,820.3696685620737,787.5548818195907,32.814786742482966,0.0,0.0,0.0,0.271,0.0,0.96,0.0,0.0,-0.0,,,,497.18418445105294,1575.1097636391803,1440.1097636391821,134.9999999999984,1575.1097636391805,-2.2737367544323206e-13,1.0,0.0,0.0,0.3452404788886785,165.72806148368423,0.914291687400826,525.0365878797265,480.0365878797272,44.99999999999932,1.0,0.0,0.0,0.34524047888867854,165.7280614836842,0.9142916874008251,525.0365878797269,480.0365878797271,44.99999999999977,1.0,0.0,0.0,0.3452404788886788,165.72806148368457,0.914291687400826,525.0365878797271,480.0365878797278,44.99999999999932,0.0,0.0,0.0,0.08724817754776787,0.0,0.8800000000000001,0.0,0.0,0.0,1.0,,,0.101,145.4510861275574,1440.1097636391821,1440.1097636391821,0.0,44.643402672814645,0.0,,,200.6295734849641,-5.684341886080802e-14,86.27071659853456,3.0,893.8429081504919,0.0,0.0,0.0,63.230447322565794
136,1,137,0.07074,0.0,893.8429081504914,,,,0,0.0,1,1640.7393371241465,1640.7393371241465,-0.0,262.51829393986344,54.47254599252166,0.0,,,251.20763757188172,1640.7393371241465,1575.1097636391805,65.62957348496593,1640.7393371241465,0.0,1.0,0.0,0.0,0.15948579798749016,125.6038187859408,0.96,820.3696685620729,787.5548818195899,32.814786742482966,1.0,0.0,0.0,0.1594857979874901,125.60381878594089,0.96,820.3696685620737,787.5548818195907,32.814786742482966,0.0,0.0,0.0,0.271,0.0,0.96,0.0,0.0,-0.0,,,,497.1841844510524,1575.1097636391805,1440.109763639181,134.99999999999824,1575.1097636391794,1.1368683772161603e-12,1.0,0.0,0.0,0.34524047888867826,165.72806148368397,0.914291687400826,525.0365878797261,480.0365878797268,44.99999999999926,1.0,0.0,0.0,0.3452404788886785,165.72806148368417,0.9142916874008259,525.0365878797264,480.0365878797271,44.99999999999932,1.0,0.0,0.0,0.3452404788886785,165.72806148368417,0.9142916874008253,525.0365878797268,480.0365878797271,44.99999999999966,0.0,0.0,0.0,0.08724817754776787,0.0,0.8800000000000001,0.0,0.0,0.0,1.0,,,0.101,145.4510861275573,1440.109763639181,1440.109763639181,0.0,44.64340267281461,0.0,,,200.6295734849653,5.684341886080802e-14,86.27071659853507,3.0,893.8429081504914,0.0,0.0,0.0,63.23044732256576
137,1,138,0.11566,0.0,597.3940240588936,,,,0,0.0,1,1093.8262247494322,1093.8262247494322,-0.0,175.01219595990915,36.31503066168115,0.0,,,168.97051033981984,1093.8262247494322,1050.073175759455,43.75304898997729,1093.8262247494322,0.0,1.0,0.0,0.0,0.1609130813360827,84.48525516990986,0.96,546.9131123747158,525.0365878797271,21.876524494988644,1.0,0.0,0.0,0.16091308133608256,84.4852551699099,0.96,546.9131123747164,525.0365878797278,21.876524494988644,0.0,0.0,0.0,0.271,0.0,0.96,0.0,0.0,-0.0,,,,331.4561229673688,1050.073175759455,960.073175759455,89.99999999999864,1050.0731757594535,1.3642420526593924e-12,1.0,0.0,0.0,0.3452404788886785,165.72806148368417,0.9142916874008258,525.0365878797265,480.0365878797271,44.99999999999943,1.0,0.0,0.0,0.3452404788886788,165.72806148368463,0.9142916874008262,525.0365878797271,480.0365878797279,44.999999999999204,0.0,0.0,1.0,0.08724817754776787,0.0,0.8800000000000001,0.0,0.0,0.0,0.0,0.0,0.0,0.08724817754776787,0.0,0.8800000000000001,0.0,0.0,0.0,1.0,,,0.101,96.96739075170497,960.073175759455,960.073175759455,0.0,29.762268448543104,0.0,,,133.7530489899773,-1.4210854715202004e-14,57.513811065690234,2.0,597.3940240588936,0.0,0.0,0.0,69.09459282265163
138,1,139,0.11566,0.0,597.3940240588929,,,,0,0.0,1,1093.8262247494317,1093.8262247494317,-0.0,175.0121959599091,36.315030661681135,0.0,,,168.97051033981967,1093.8262247494317,1050.0731757594544,43.75304898997729,1093.8262247494317,0.0,1.0,0.0,0.0,0.16091308133608268,84.48525516990985,0.96,546.9131123747158,525.0365878797271,21.876524494988644,1.0,0.0,0.0,0.1609130813360825,84.48525516990982,0.96,546.9131123747161,525.0365878797274,21.876524494988644,0.0,0.0,0.0,0.271,0.0,0.96,0.0,0.0,-0.0,,,,331.45612296736834,1050.0731757594544,960.0731757594542,89.99999999999898,1050.073175759453,1.3642420526593924e-12,1.0,0.0,0.0,0.3452404788886785,165.72806148368417,0.9142916874008259,525.0365878797264,480.0365878797271,44.99999999999932,1.0,0.0,0.0,0.3452404788886785,165.72806148368417,0.9142916874008253,525.0365878797268,480.0365878797271,44.99999999999966,0.0,0.0,0.0,0.08724817754776787,0.0,0.8800000000000001,0.0,0.0,0.0,0.0,0.0,0.0,0.08724817754776787,0.0,0.8800000000000001,0.0,0.0,0.0,1.0,,,0.101,96.96739075170488,960.0731757594542,960.0731757594542,0.0,29.76226844854308,0.0,,,133.75304898997763,1.4210854715202004e-14,57.513811065690376,2.0,597.3940240588929,0.0,0.0,0.0,69.09459282265155
139,1,140,0.11566,0.0,597.3940240617424,,,,0,0.0,1,1093.8262247494308,1093.8262247494308,-0.0,175.01219595990892,36.31503066168111,0.0,,,168.97051033981967,1093.8262247494308,1050.0731757594535,43.75304898997729,1093.8262247494308,0.0,1.0,0.0,0.0,0.1609130813360827,84.48525516990978,0.96,546.9131123747152,525.0365878797265,21.876524494988644,1.0,0.0,0.0,0.1609130813360827,84.48525516990986,0.96,546.9131123747158,525.0365878797271,21.876524494988644,0.0,0.0,0.0,0.271,0.0,0.96,0.0,0.0,-0.0,,,,331.45612297021773,1050.0731757594535,960.0731757594548,90.00000002787124,1050.073175787326,0.0,1.0,0.0,0.0,0.3452404788886785,165.72806148368417,0.9142916874008258,525.0365878797265,480.0365878797271,44.99999999999943,1.0,0.0,0.0,0.34524047889461384,165.72806148653356,0.9142916873522893,525.0365879075995,480.0365878797277,45.000000027871806,0.0,0.0,0.0,0.08724817754776787,0.0,0.8800000000000001,0.0,0.0,0.0,0.0,0.0,0.0,0.08724817754776787,0.0,0.8800000000000001,0.0,0.0,0.0,1.0,,,0.101,96.96739075170494,960.0731757594548,960.0731757594548,0.0,29.762268448543097,0.0,,,133.75304901784853,1.4210854715202004e-14,57.513811077674866,2.0,597.3940240617424,0.0,0.0,0.0,69.09459282298113
140,1,141,0.11566,0.0,597.3940240588928,,,,0,0.0,1,1093.8262247494306,1093.8262247494306,-0.0,175.0121959599089,36.3150306616811,0.0,,,168.97051033981955,1093.8262247494306,1050.0731757594533,43.75304898997729,1093.8262247494306,0.0,1.0,0.0,0.0,0.16091308133608273,84.48525516990973,0.96,546.9131123747148,525.0365878797262,21.876524494988644,1.0,0.0,0.0,0.16091308133608268,84.48525516990985,0.96,546.9131123747158,525.0365878797271,21.876524494988644,0.0,0.0,0.0,0.271,0.0,0.96,0.0,0.0,-0.0,,,,331.45612296736834,1050.0731757594533,960.0731757594542,89.99999999999898,1050.073175759453,2.2737367544323206e-13,1.0,0.0,0.0,0.3452404788886785,165.72806148368417,0.9142916874008259,525.0365878797264,480.0365878797271,44.99999999999932,1.0,0.0,0.0,0.3452404788886785,165.72806148368417,0.9142916874008253,525.0365878797268,480.0365878797271,44.99999999999966,0.0,0.0,0.0,0.08724817754776787,0.0,0.8800000000000001,0.0,0.0,0.0,0.0,0.0,0.0,0.08724817754776787,0.0,0.8800000000000001,0.0,0.0,0.0,1.0,,,0.101,96.96739075170488,960.0731757594542,960.0731757594542,0.0,29.76226844854308,0.0,,,133.7530489899765,1.4210854715202004e-14,57.51381106568989,2.0,597.3940240588928,0.0,0.0,0.0,69.09459282265153
141,1,142,0.11566,0.0,597.3940240588929,,,,0,0.0,1,1093.8262247494304,1093.8262247494304,-0.0,175.01219595990887,36.315030661681085,0.0,,,168.9705103398196,1093.8262247494304,1050.073175759453,43.75304898997729,1093.8262247494304,0.0,1.0,0.0,0.0,0.16091308133608276,84.48525516990969,0.96,546.9131123747145,525.0365878797259,21.876524494988644,1.0,0.0,0.0,0.16091308133608268,84.48525516990985,0.96,546.9131123747158,525.0365878797271,21.876524494988644,0.0,0.0,0.0,0.271,0.0,0.96,0.0,0.0,-0.0,,,,331.4561229673684,1050.073175759453,960.0731757594544,89.9999999999988,1050.073175759453,-0.0,1.0,0.0,0.0,0.3452404788886785,165.72806148368423,0.9142916874008262,525.0365878797264,480.0365878797273,44.99999999999915,1.0,0.0,0.0,0.3452404788886785,165.72806148368417,0.9142916874008253,525.0365878797268,480.0365878797271,44.99999999999966,0.0,0.0,0.0,0.08724817754776787,0.0,0.8800000000000001,0.0,0.0,0.0,0.0,0.0,0.0,0.08724817754776787,0.0,0.8800000000000001,0.0,0.0,0.0,1.0,,,0.101,96.96739075170491,960.0731757594544,960.0731757594544,0.0,29.762268448543086,0.0,,,133.7530489899761,-1.4210854715202004e-14,57.51381106568972,2.0,597.3940240588929,0.0,0.0,0.0,69.09459282265155
142,1,143,0.11506,0.0,726.7993890198524,,,,0,0.0,1,1249.9999999999964,1249.9999999999964,-0.0,199.99999999999943,41.49999999999988,0.0,,,189.59076242775666,1249.9999999999964,1199.9999999999964,49.999999999999886,1249.9999999999964,0.0,1.0,0.0,0.0,0.1557203033090013,105.1055072578468,0.96,703.0868876252806,674.9634121202694,28.123475505011243,1.0,0.0,0.0,0.1609130813360827,84.48525516990986,0.96,546.9131123747158,525.0365878797271,21.876524494988644,0.0,0.0,0.0,0.271,0.0,0.96,0.0,0.0,-0.0,,,,425.0986265920957,1199.9999999999964,1110.0,90.0,1200.0,-3.637978807091713e-12,1.0,0.0,0.0,0.3829717356685547,212.54931329604784,0.925,600.0,555.0,45.0,1.0,0.0,0.0,0.3829717356685547,212.54931329604784,0.925,600.0,555.0,45.0,0.0,0.0,0.0,0.08724817754776787,0.0,0.8800000000000001,0.0,0.0,0.0,0.0,0.0,0.0,0.08724817754776787,0.0,0.8800000000000001,0.0,0.0,0.0,1.0,,,0.101,112.11000000000001,1110.0,1110.0,0.0,34.41,0.0,,,139.99999999999625,0.0,60.19999999999838,2.0,726.7993890198524,0.0,0.0,0.0,83.6255377006242
143,1,144,0.11506,0.0,726.7993890198522,,,,0,0.0,1,1249.9999999999964,1249.9999999999964,-0.0,199.99999999999943,41.49999999999988,0.0,,,189.59076242775654,1249.9999999999964,1199.9999999999964,49.999999999999886,1249.9999999999964,0.0,1.0,0.0,0.0,0.1557203033090013,105.1055072578468,0.96,703.0868876252806,674.9634121202694,28.123475505011243,1.0,0.0,0.0,0.1609130813360827,84.48525516990986,0.96,546.9131123747158,525.0365878797271,21.876524494988644,0.0,0.0,0.0,0.271,0.0,0.96,0.0,0.0,-0.0,,,,425.0986265920957,1199.9999999999964,1110.0,90.0,1200.0,-3.637978807091713e-12,1.0,0.0,0.0,0.3829717356685547,212.54931329604784,0.925,600.0,555.0,45.0,1.0,0.0,0.0,0.3829717356685547,212.54931329604784,0.925,600.0,555.0,45.0,0.0,0.0,0.0,0.08724817754776787,0.0,0.8800000000000001,0.0,0.0,0.0,0.0,0.0,0.0,0.08724817754776787,0.0,0.8800000000000001,0.0,0.0,0.0,1.0,,,0.101,112.11000000000001,1110.0,1110.0,0.0,34.41,0.0,,,139.99999999999625,0.0,60.19999999999838,2.0,726.7993890198522,0.0,0.0,0.0,83.62553770062419
144,1,145,0.11506,0.0,726.7993890198522,,,,0,0.0,1,1249.9999999999964,1249.9999999999964,-0.0,199.99999999999943,41.49999999999988,0.0,,,189.59076242775654,1249.9999999999964,1199.9999999999964,49.999999999999886,1249.9999999999964,0.0,1.0,0.0,0.0,0.1557203033090013,105.1055072578468,0.96,703.0868876252806,674.9634121202694,28.123475505011243,1.0,0.0,0.0,0.1609130813360827,84.48525516990986,0.96,546.9131123747158,525.0365878797271,21.876524494988644,0.0,0.0,0.0,0.271,0.0,0.96,0.0,0.0,-0.0,,,,425.0986265920957,1199.9999999999964,1110.0,90.0,1200.0,-3.637978807091713e-12,1.0,0.0,0.0,0.3829717356685547,212.54931329604784,0.925,600.0,555.0,45.0,1.0,0.0,0.0,0.3829717356685547,212.54931329604784,0.925,600.0,555.0,45.0,0.0,0.0,0.0,0.08724817754776787,0.0,0.8800000000000001,0.0,0.0,0.0,0.0,0.0,0.0,0.08724817754776787,0.0,0.8800000000000001,0.0,0.0,0.0,1.0,,,0.101,112.11000000000001,1110.0,1110.0,0.0,34.41,0.0,,,139.99999999999625,0.0,60.19999999999838,2.0,726.7993890198522,0.0,0.0,0.0,83.62553770062419
145,1,146,0.11506,0.0,726.7993890198522,,,,0,0.0,1,1249.999999999996,1249.999999999996,-0.0,199.99999999999935,41.499999999999865,0.0,,,189.59076242775654,1249.999999999996,1199.9999999999961,49.999999999999886,1249.999999999996,0.0,1.0,0.0,0.0,0.15572030330900125,105.1055072578467,0.96,703.0868876252803,674.963412120269,28.123475505011243,1.0,0.0,0.0,0.1609130813360827,84.48525516990986,0.96,546.9131123747158,525.0365878797271,21.876524494988644,0.0,0.0,0.0,0.271,0.0,0.96,0.0,0.0,-0.0,,,,425.0986265920957,1199.9999999999961,1110.0,90.0,1200.0,-3.865352482534945e-12,1.0,0.0,0.0,0.3829717356685547,212.54931329604784,0.925,600.0,555.0,45.0,1.0,0.0,0.0,0.3829717356685547,212.54931329604784,0.925,600.0,555.0,45.0,0.0,0.0,0.0,0.08724817754776787,0.0,0.8800000000000001,0.0,0.0,0.0,0.0,0.0,0.0,0.08724817754776787,0.0,0.8800000000000001,0.0,0.0,0.0,1.0,,,0.101,112.11000000000001,1110.0,1110.0,0.0,34.41,0.0,,,139.99999999999602,0.0,60.19999999999829,2.0,726.7993890198522,0.0,0.0,0.0,83.62553770062419
146,1,147,0.11506,0.0,726.7993890198524,,,,0,0.0,1,1249.9999999999964,1249.9999999999964,-0.0,199.99999999999943,41.49999999999988,0.0,,,189.59076242775666,1249.9999999999964,1199.9999999999964,49.999999999999886,1249.9999999999964,0.0,1.0,0.0,0.0,0.1557203033090013,105.1055072578468,0.96,703.0868876252806,674.9634121202694,28.123475505011243,1.0,0.0,0.0,0.1609130813360827,84.48525516990986,0.96,546.9131123747158,525.0365878797271,21.876524494988644,0.0,0.0,0.0,0.271,0.0,0.96,0.0,0.0,-0.0,,,,425.0986265920957,1199.9999999999964,1110.0,90.0,1200.0,-3.637978807091713e-12,1.0,0.0,0.0,0.3829717356685547,212.54931329604784,0.925,600.0,555.0,45.0,1.0,0.0,0.0,0.3829717356685547,212.54931329604784,0.925,600.0,555.0,45.0,0.0,0.0,0.0,0.08724817754776787,0.0,0.8800000000000001,0.0,0.0,0.0,0.0,0.0,0.0,0.08724817754776787,0.0,0.8800000000000001,0.0,0.0,0.0,1.0,,,0.101,112.11000000000001,1110.0,1110.0,0.0,34.41,0.0,,,139.99999999999625,0.0,60.19999999999838,2.0,726.7993890198524,0.0,0.0,0.0,83.6255377006242
147,1,148,0.11506,0.0,726.7993890198522,,,,0,0.0,1,1249.9999999999964,1249.9999999999964,-0.0,199.99999999999943,41.49999999999988,0.0,,,189.59076242775654,1249.9999999999964,1199.9999999999964,49.999999999999886,1249.9999999999964,0.0,1.0,0.0,0.0,0.1557203033090013,105.1055072578468,0.96,703.0868876252806,674.9634121202694,28.123475505011243,1.0,0.0,0.0,0.1609130813360827,84.48525516990986,0.96,546.9131123747158,525.0365878797271,21.876524494988644,0.0,0.0,0.0,0.271,0.0,0.96,0.0,0.0,-0.0,,,,425.0986265920957,1199.9999999999964,1110.0,90.0,1200.0,-3.637978807091713e-12,1.0,0.0,0.0,0.3829717356685547,212.54931329604784,0.925,600.0,555.0,45.0,1.0,0.0,0.0,0.3829717356685547,212.54931329604784,0.925,600.0,555.0,45.0,0.0,0.0,0.0,0.08724817754776787,0.0,0.8800000000000001,0.0,0.0,0.0,0.0,0.0,0.0,0.08724817754776787,0.0,0.8800000000000001,0.0,0.0,0.0,1.0,,,0.101,112.11000000000001,1110.0,1110.0,0.0,34.41,0.0,,,139.99999999999625,0.0,60.19999999999838,2.0,726.7993890198522,0.0,0.0,0.0,83.62553770062419
148,1,149,0.11506,0.0,726.7993890198521,,,,0,0.0,1,1249.999999999995,1249.999999999995,-0.0,199.9999999999992,41.49999999999984,0.0,,,189.59076242775643,1249.999999999995,1199.999999999995,49.999999999999886,1249.999999999995,0.0,1.0,0.0,0.0,0.1557203033090013,105.10550725784658,0.96,703.0868876252792,674.963412120268,28.123475505011243,1.0,0.0,0.0,0.1609130813360827,84.48525516990986,0.96,546.9131123747158,525.0365878797271,21.876524494988644,0.0,0.0,0.0,0.271,0.0,0.96,0.0,0.0,-0.0,,,,425.0986265920957,1199.999999999995,1110.0,90.0,1200.0,-5.002220859751105e-12,1.0,0.0,0.0,0.3829717356685547,212.54931329604784,0.925,600.0,555.0,45.0,1.0,0.0,0.0,0.3829717356685547,212.54931329604784,0.925,600.0,555.0,45.0,0.0,0.0,0.0,0.08724817754776787,0.0,0.8800000000000001,0.0,0.0,0.0,0.0,0.0,0.0,0.08724817754776787,0.0,0.8800000000000001,0.0,0.0,0.0,1.0,,,0.101,112.11000000000001,1110.0,1110.0,0.0,34.41,0.0,,,139.99999999999488,0.0,60.1999999999978,2.0,726.7993890198521,0.0,0.0,0.0,83.62553770062418
149,1,150,0.11506,0.0,726.7993890198522,,,,0,0.0,1,1249.9999999999964,1249.9999999999964,-0.0,199.99999999999943,41.49999999999988,0.0,,,189.59076242775654,1249.9999999999964,1199.9999999999964,49.999999999999886,1249.9999999999964,0.0,1.0,0.0,0.0,0.15572030330900125,105.10550725784675,0.96,703.0868876252806,674.9634121202694,28.123475505011243,1.0,0.0,0.0,0.1609130813360827,84.48525516990986,0.96,546.9131123747158,525.0365878797271,21.876524494988644,0.0,0.0,0.0,0.271,0.0,0.96,0.0,0.0,-0.0,,,,425.0986265920957,1199.9999999999964,1110.0,90.0,1200.0,-3.637978807091713e-12,1.0,0.0,0.0,0.3829717356685547,212.54931329604784,0.925,600.0,555.0,45.0,1.0,0.0,0.0,0.3829717356685547,212.54931329604784,0.925,600.0,555.0,45.0,0.0,0.0,0.0,0.08724817754776787,0.0,0.8800000000000001,0.0,0.0,0.0,0.0,0.0,0.0,0.08724817754776787,0.0,0.8800000000000001,0.0,0.0,0.0,1.0,,,0.101,112.11000000000001,1110.0,1110.0,0.0,34.41,0.0,,,139.99999999999625,0.0,60.19999999999838,2.0,726.7993890198522,0.0,0.0,0.0,83.62553770062419
150,1,151,0.11506,0.0,726.7993890198522,,,,0,0.0,1,1249.999999999996,1249.999999999996,-0.0,199.99999999999935,41.499999999999865,0.0,,,189.59076242775654,1249.999999999996,1199.9999999999961,49.999999999999886,1249.999999999996,0.0,1.0,0.0,0.0,0.15572030330900125,105.1055072578467,0.96,703.0868876252803,674.963412120269,28.123475505011243,1.0,0.0,0.0,0.1609130813360827,84.48525516990986,0.96,546.9131123747158,525.0365878797271,21.876524494988644,0.0,0.0,0.0,0.271,0.0,0.96,0.0,0.0,-0.0,,,,425.0986265920957,1199.9999999999961,1110.0,90.0,1200.0,-3.865352482534945e-12,1.0,0.0,0.0,0.3829717356685547,212.54931329604784,0.925,600.0,555.0,45.0,1.0,0.0,0.0,0.3829717356685547,212.54931329604784,0.925,600.0,555.0,45.0,0.0,0.0,0.0,0.08724817754776787,0.0,0.8800000000000001,0.0,0.0,0.0,0.0,0.0,0.0,0.08724817754776787,0.0,0.8800000000000001,0.0,0.0,0.0,1.0,,,0.101,112.11000000000001,1110.0,1110.0,0.0,34.41,0.0,,,139.99999999999602,0.0,60.19999999999829,2.0,726.7993890198522,0.0,0.0,0.0,83.62553770062419
151,1,152,0.11506,0.0,726.7993890198522,,,,0,0.0,1,1249.999999999996,1249.999999999996,-0.0,199.99999999999935,41.499999999999865,0.0,,,189.59076242775654,1249.999999999996,1199.999999999996,49.999999999999886,1249.999999999996,0.0,1.0,0.0,0.0,0.15572030330900125,105.10550725784667,0.96,703.08688762528,674.9634121202688,28.123475505011243,1.0,0.0,0.0,0.1609130813360827,84.48525516990986,0.96,546.9131123747158,525.0365878797271,21.876524494988644,0.0,0.0,0.0,0.271,0.0,0.96,0.0,0.0,-0.0,,,,425.0986265920957,1199.999999999996,1110.0,90.0,1200.0,-4.092726157978177e-12,1.0,0.0,0.0,0.3829717356685547,212.54931329604784,0.925,600.0,555.0,45.0,1.0,0.0,0.0,0.3829717356685547,212.54931329604784,0.925,600.0,555.0,45.0,0.0,0.0,0.0,0.08724817754776787,0.0,0.8800000000000001,0.0,0.0,0.0,0.0,0.0,0.0,0.08724817754776787,0.0,0.8800000000000001,0.0,0.0,0.0,1.0,,,0.101,112.11000000000001,1110.0,1110.0,0.0,34.41,0.0,,,139.9999999999958,0.0,60.19999999999819,2.0,726.7993890198522,0.0,0.0,0.0,83.62553770062419
152,1,153,0.07074,0.0,894.2276131532574,,,,0,0.0,1,1638.3442903858363,1638.3442903858363,-0.0,262.1350864617338,54.39303044080977,0.0,,,253.1748064571318,1638.3442903858363,1572.8105187704027,65.53377161543347,1638.3442903858363,0.0,1.0,0.0,0.0,0.16091305850129525,84.48529316191086,0.96,546.9134359261179,525.0368984890732,21.876537437044703,1.0,0.0,0.0,0.16091297391701484,84.48519877096784,0.96,546.9131123747082,525.03658787972,21.876524494988303,1.0,1.0,0.0,0.16108350720321715,84.20431452425305,0.96,544.5177420850101,522.7370324016097,21.78070968340046,,,,495.833944300314,1572.8105187704027,1437.810518770412,134.99999999999733,1572.810518770409,-6.366462912410498e-12,1.0,0.0,0.0,0.3452405575461815,165.72815285963568,0.9142917127531506,525.0367431843997,480.03674318440085,44.99999999999886,1.0,0.0,0.0,0.34524055754618177,165.72815285963603,0.9142917127531507,525.0367431844003,480.0367431844015,44.999999999998806,1.0,1.0,0.0,0.3440755634008674,164.3776385810423,0.9139146507503854,522.7370324016093,477.73703240160967,44.99999999999966,0.0,0.0,0.0,0.08724817754776787,0.0,0.8800000000000001,0.0,0.0,0.0,1.0,,,0.101,145.2188623958116,1437.810518770412,1437.810518770412,0.0,44.57212608188277,0.0,,,200.53377161542443,-2.842170943040401e-14,86.2295217946325,3.0,894.2276131532574,0.0,0.0,0.0,63.257661354461426
153,1,154,0.07074,0.0,894.2276131532576,,,,0,0.0,1,1638.3442903858363,1638.3442903858363,-0.0,262.1350864617338,54.39303044080977,0.0,,,253.17480645713306,1638.3442903858363,1572.8105187704027,65.53377161543347,1638.3442903858363,0.0,1.0,0.0,0.0,0.16091305850129525,84.48529316191086,0.96,546.9134359261179,525.0368984890732,21.876537437044703,1.0,0.0,0.0,0.1609129739170169,84.48519877097007,0.96,546.9131123747158,525.0365878797271,21.876524494988644,1.0,0.0,0.0,0.1610835072032177,84.20431452425218,0.96,544.5177420850026,522.7370324016025,21.78070968340012,,,,495.8339443003131,1572.8105187704027,1437.8105187704105,134.99999999999716,1572.8105187704077,-5.002220859751105e-12,1.0,0.0,0.0,0.3452405575461811,165.72815285963517,0.9142917127531496,525.0367431843993,480.03674318439994,44.99999999999932,1.0,0.0,0.0,0.34524055754618155,165.72815285963574,0.9142917127531506,525.0367431843998,480.03674318440096,44.99999999999886,1.0,0.0,0.0,0.3440755634008672,164.3776385810422,0.9139146507503866,522.7370324016086,477.73703240160967,44.99999999999898,0.0,0.0,0.0,0.08724817754776787,0.0,0.8800000000000001,0.0,0.0,0.0,1.0,,,0.101,145.21886239581147,1437.8105187704105,1437.8105187704105,0.0,44.57212608188272,0.0,,,200.53377161542562,0.0,86.22952179463302,3.0,894.2276131532576,0.0,0.0,0.0,63.25766135446144
154,1,155,0.07074,0.0,894.2276131532577,,,,0,0.0,1,1638.344290385835,1638.344290385835,-0.0,262.1350864617336,54.39303044080972,0.0,,,253.17480645713295,1638.344290385835,1572.8105187704016,65.53377161543347,1638.344290385835,0.0,1.0,0.0,0.0,0.16091305850129525,84.48529316191086,0.96,546.9134359261179,525.0368984890732,21.876537437044703,1.0,0.0,0.0,0.16091297391701684,84.48519877097004,0.96,546.9131123747158,525.0365878797271,21.876524494988644,1.0,0.0,0.0,0.16108350720321776,84.20431452425201,0.96,544.5177420850014,522.7370324016013,21.78070968340012,,,,495.8339443003133,1572.8105187704016,1437.810518770411,134.9999999999976,1572.8105187704084,-6.821210263296962e-12,1.0,0.0,0.0,0.34524055754618116,165.7281528596353,0.9142917127531502,525.0367431843991,480.03674318440017,44.99999999999898,1.0,0.0,0.0,0.3452405575461813,165.7281528596354,0.9142917127531497,525.0367431843996,480.0367431844003,44.99999999999932,1.0,0.0,0.0,0.34407556340086765,164.37763858104265,0.913914650750386,522.7370324016097,477.73703240161035,44.99999999999932,0.0,0.0,0.0,0.08724817754776787,0.0,0.8800000000000001,0.0,0.0,0.0,1.0,,,0.101,145.2188623958115,1437.810518770411,1437.810518770411,0.0,44.572126081882736,0.0,,,200.53377161542426,-2.842170943040401e-14,86.22952179463243,3.0,894.2276131532577,0.0,0.0,0.0,63.25766135446145
155,1,156,0.07074,0.0,894.2276695521995,,,,0,0.0,1,1638.3442903858436,1638.3442903858436,-0.0,262.135086461735,54.39303044081001,0.0,,,253.1748628560738,1638.3442903858436,1572.81051877041,65.5337716154338,1638.3442903858436,0.0,1.0,0.0,0.0,0.16091305850129525,84.48529316191086,0.96,546.9134359261179,525.0368984890732,21.876537437044703,1.0,0.0,0.0,0.1609130813360827,84.48525516990986,0.96,546.9131123747158,525.0365878797271,21.876524494988644,1.0,0.0,0.0,0.1610835072032172,84.20431452425308,0.96,544.5177420850101,522.7370324016097,21.78070968340046,,,,495.8339443003141,1572.81051877041,1437.810518770412,134.99999999999778,1572.81051877041,-0.0,1.0,0.0,0.0,0.3452405575461815,165.72815285963563,0.9142917127531498,525.0367431843999,480.0367431844007,44.99999999999926,1.0,0.0,0.0,0.34524055754618155,165.7281528596357,0.9142917127531496,525.0367431844003,480.03674318440085,44.99999999999943,1.0,0.0,0.0,0.34407556340086776,164.37763858104276,0.9139146507503865,522.7370324016097,477.7370324016106,44.99999999999909,0.0,0.0,0.0,0.08724817754776787,0.0,0.8800000000000001,0.0,0.0,0.0,1.0,,,0.101,145.2188623958116,1437.810518770412,1437.810518770412,0.0,44.57212608188277,0.0,,,200.5337716154316,-2.842170943040401e-14,86.22952179463559,3.0,894.2276695521995,0.0,0.0,0.0,63.257665344122586
156,1,157,0.07074,0.0,894.2276131532583,,,,0,0.0,1,1638.3442903858386,1638.3442903858386,-0.0,262.1350864617342,54.39303044080984,0.0,,,253.1748064571325,1638.3442903858386,1572.8105187704052,65.53377161543358,1638.3442903858386,0.0,1.0,0.0,0.0,0.16091305850129525,84.48529316191086,0.96,546.9134359261179,525.0368984890732,21.876537437044703,1.0,0.0,0.0,0.1609129739170154,84.48519877096852,0.96,546.9131123747107,525.0365878797223,21.876524494988416,1.0,0.0,0.0,0.16108350720321715,84.20431452425305,0.96,544.5177420850101,522.7370324016097,21.78070968340046,,,,495.8339443003142,1572.8105187704052,1437.8105187704123,134.99999999999739,1572.8105187704098,-4.547473508864641e-12,1.0,0.0,0.0,0.34524055754618155,165.72815285963574,0.9142917127531504,525.0367431843999,480.03674318440096,44.99999999999898,1.0,0.0,0.0,0.3452405575461819,165.7281528596362,0.9142917127531507,525.0367431844006,480.03674318440176,44.99999999999886,1.0,0.0,0.0,0.34407556340086737,164.37763858104228,0.9139146507503856,522.7370324016092,477.73703240160967,44.999999999999545,0.0,0.0,0.0,0.08724817754776787,0.0,0.8800000000000001,0.0,0.0,0.0,1.0,,,0.101,145.21886239581164,1437.8105187704123,1437.8105187704123,0.0,44.57212608188278,0.0,,,200.53377161542642,-5.684341886080802e-14,86.22952179463336,3.0,894.2276131532583,0.0,0.0,0.0,63.25766135446149
157,1,158,0.07074,0.0,894.227669552203,,,,0,0.0,1,1638.3442903858436,1638.3442903858436,-0.0,262.135086461735,54.39303044081001,0.0,,,253.1748628560738,1638.3442903858436,1572.81051877041,65.5337716154338,1638.3442903858436,0.0,1.0,0.0,0.0,0.16091305850129525,84.48529316191086,0.96,546.9134359261179,525.0368984890732,21.876537437044703,1.0,0.0,0.0,0.1609130813360827,84.48525516990986,0.96,546.9131123747158,525.0365878797271,21.876524494988644,1.0,0.0,0.0,0.16108350720321712,84.20431452425304,0.96,544.5177420850101,522.7370324016097,21.78070968340046,,,,495.8339443003171,1572.81051877041,1437.8105187704173,134.999999999998,1572.8105187704155,-5.4569682106375694e-12,1.0,0.0,0.0,0.3452405575461815,165.72815285963563,0.9142917127531498,525.0367431843999,480.0367431844007,44.99999999999926,1.0,0.0,0.0,0.34524055754618155,165.7281528596357,0.9142917127531496,525.0367431844003,480.03674318440085,44.99999999999943,1.0,0.0,0.0,0.3440755634008704,164.3776385810458,0.9139146507503869,522.737032401615,477.7370324016157,44.99999999999932,0.0,0.0,0.0,0.08724817754776787,0.0,0.8800000000000001,0.0,0.0,0.0,1.0,,,0.101,145.21886239581215,1437.8105187704173,1437.8105187704173,0.0,44.572126081882935,0.0,,,200.53377161542636,-5.684341886080802e-14,86.22952179463333,3.0,894.227669552203,0.0,0.0,0.0,63.257665344122834
158,1,159,0.07074,0.0,894.227669555049,,,,0,0.0,1,1638.3442903858436,1638.3442903858436,-0.0,262.135086461735,54.39303044081001,0.0,,,253.1748628560738,1638.3442903858436,1572.81051877041,65.5337716154338,1638.3442903858436,0.0,1.0,0.0,0.0,0.16091305850129525,84.48529316191086,0.96,546.9134359261179,525.0368984890732,21.876537437044703,1.0,0.0,0.0,0.1609130813360827,84.48525516990986,0.96,546.9131123747158,525.0365878797271,21.876524494988644,1.0,0.0,0.0,0.16108350720321715,84.20431452425305,0.96,544.5177420850101,522.7370324016097,21.78070968340046,,,,495.83394430316355,1572.81051877041,1437.8105187704127,135.00000002787033,1572.810518798283,0.0,1.0,0.0,0.0,0.34524055754618155,165.72815285963574,0.9142917127531502,525.0367431843999,480.0367431844009,44.999999999999034,1.0,0.0,0.0,0.345240557552117,165.7281528624852,0.9142917127046127,525.0367432122734,480.0367431844015,45.00000002787198,1.0,0.0,0.0,0.34407556340086765,164.37763858104265,0.913914650750386,522.7370324016097,477.73703240161035,44.99999999999932,0.0,0.0,0.0,0.08724817754776787,0.0,0.8800000000000001,0.0,0.0,0.0,1.0,,,0.101,145.2188623958117,1437.8105187704127,1437.8105187704127,0.0,44.57212608188279,0.0,,,200.53377164330414,0.0,86.22952180662078,3.0,894.227669555049,0.0,0.0,0.0,63.25766534432417
159,1,160,0.07074,0.0,894.2276131532574,,,,0,0.0,1,1638.3442903858381,1638.3442903858381,-0.0,262.1350864617341,54.393030440809824,0.0,,,253.17480645713226,1638.3442903858381,1572.8105187704048,65.53377161543358,1638.3442903858381,0.0,1.0,0.0,0.0,0.16091305850129525,84.48529316191086,0.96,546.9134359261179,525.0368984890732,21.876537437044703,1.0,0.0,0.0,0.16091297391701526,84.48519877096838,0.96,546.9131123747103,525.0365878797219,21.876524494988416,1.0,0.0,0.0,0.16108350720321712,84.20431452425304,0.96,544.5177420850101,522.7370324016097,21.78070968340046,,,,495.8339443003136,1572.8105187704048,1437.8105187704111,134.99999999999824,1572.8105187704095,-4.774847184307873e-12,1.0,0.0,0.0,0.3452405575461815,165.72815285963563,0.9142917127531498,525.0367431843999,480.0367431844007,44.99999999999926,1.0,0.0,0.0,0.34524055754618155,165.7281528596357,0.9142917127531496,525.0367431844003,480.03674318440085,44.99999999999943,1.0,0.0,0.0,0.34407556340086737,164.37763858104228,0.9139146507503856,522.7370324016092,477.73703240160967,44.999999999999545,0.0,0.0,0.0,0.08724817754776787,0.0,0.8800000000000001,0.0,0.0,0.0,1.0,,,0.101,145.21886239581153,1437.8105187704111,1437.8105187704111,0.0,44.57212608188274,0.0,,,200.53377161542704,0.0,86.22952179463363,3.0,894.2276131532574,0.0,0.0,0.0,63.257661354461426
160,1,161,0.07074,0.0,894.2276131532565,,,,0,0.0,1,1638.3442903858368,1638.3442903858368,-0.0,262.13508646173386,54.39303044080978,0.0,,,253.1748064571318,1638.3442903858368,1572.8105187704032,65.53377161543358,1638.3442903858368,0.0,1.0,0.0,0.0,0.16091305850129525,84.48529316191086,0.96,546.9134359261179,525.0368984890732,21.876537437044703,1.0,0.0,0.0,0.16091297391701484,84.4851987709679,0.96,546.9131123747087,525.0365878797203,21.876524494988416,1.0,0.0,0.0,0.1610835072032172,84.20431452425308,0.96,544.5177420850101,522.7370324016097,21.78070968340046,,,,495.8339443003132,1572.8105187704032,1437.8105187704105,134.99999999999818,1572.8105187704089,-5.6843418860808015e-12,1.0,0.0,0.0,0.34524055754618127,165.72815285963526,0.9142917127531484,525.0367431843999,480.03674318439994,45.0,1.0,0.0,0.0,0.3452405575461816,165.72815285963577,0.9142917127531498,525.0367431844003,480.03674318440096,44.99999999999932,1.0,0.0,0.0,0.3440755634008672,164.3776385810422,0.9139146507503867,522.7370324016085,477.73703240160967,44.99999999999886,0.0,0.0,0.0,0.08724817754776787,0.0,0.8800000000000001,0.0,0.0,0.0,1.0,,,0.101,145.21886239581147,1437.8105187704105,1437.8105187704105,0.0,44.57212608188272,0.0,,,200.53377161542608,0.0,86.22952179463321,3.0,894.2276131532565,0.0,0.0,0.0,63.25766135446136
161,1,162,0.11566,0.0,597.3942761743438,,,,0,0.0,1,1093.8265483008336,1093.8265483008336,-0.0,175.01224772813336,36.31504140358768,0.0,,,168.97054833182062,1093.8265483008336,1050.0734863688003,43.75306193203335,1093.8265483008336,0.0,1.0,0.0,0.0,0.16091305850129525,84.48529316191086,0.96,546.9134359261179,525.0368984890732,21.876537437044703,1.0,0.0,0.0,0.1609130813360827,84.48525516990986,0.96,546.9131123747158,525.0365878797271,21.876524494988644,0.0,0.0,1.0,0.271,0.0,0.96,0.0,0.0,-0.0,,,,331.45630571927376,1050.0734863688003,960.0734863688056,89.99999999999898,1050.0734863688044,-4.092726157978177e-12,1.0,0.0,0.0,0.3452405575461812,165.72815285963523,0.914291712753149,525.0367431843996,480.03674318439994,44.99999999999966,1.0,0.0,0.0,0.345240557546184,165.72815285963853,0.9142917127531506,525.0367431844049,480.0367431844056,44.99999999999932,0.0,0.0,1.0,0.08724817754776787,0.0,0.8800000000000001,0.0,0.0,0.0,0.0,0.0,0.0,0.08724817754776787,0.0,0.8800000000000001,0.0,0.0,0.0,1.0,,,0.101,96.96742212324936,960.0734863688056,960.0734863688056,0.0,29.76227807743297,0.0,,,133.75306193202823,1.4210854715202004e-14,57.51381663077214,2.0,597.3942761743438,0.0,0.0,0.0,69.0946219823246
162,1,163,0.11566,0.0,597.39421975102,,,,0,0.0,1,1093.82654830083,1093.82654830083,-0.0,175.0122477281328,36.31504140358756,0.0,,,168.97049193287984,1093.82654830083,1050.0734863687967,43.75306193203323,1093.82654830083,0.0,1.0,0.0,0.0,0.16091305850129525,84.48529316191086,0.96,546.9134359261179,525.0368984890732,21.876537437044703,1.0,0.0,0.0,0.16091297391701592,84.48519877096899,0.96,546.9131123747121,525.0365878797236,21.87652449498853,0.0,0.0,0.0,0.271,0.0,0.96,0.0,0.0,-0.0,,,,331.4563056990851,1050.0734863687967,960.0734863272785,90.00000004152179,1050.0734863688003,-3.637978807091713e-12,1.0,0.0,0.0,0.34524055754618155,165.7281528596357,0.9142917127531499,525.0367431844,480.03674318440085,44.999999999999204,1.0,0.0,0.0,0.3452405575339931,165.72815283944934,0.9142917126740634,525.0367431844003,480.0367431428777,45.00000004152258,0.0,0.0,0.0,0.08724817754776787,0.0,0.8800000000000001,0.0,0.0,0.0,0.0,0.0,0.0,0.08724817754776787,0.0,0.8800000000000001,0.0,0.0,0.0,1.0,,,0.101,96.96742211905513,960.0734863272785,960.0734863272785,0.0,29.762278076145634,0.0,,,133.75306197355138,0.0,57.51381664862709,2.0,597.39421975102,0.0,0.0,0.0,69.09461545640298
163,1,164,0.11566,0.0,597.3942197754004,,,,0,0.0,1,1093.8265483008336,1093.8265483008336,-0.0,175.01224772813336,36.31504140358768,0.0,,,168.97049193288086,1093.8265483008336,1050.0734863688003,43.75306193203335,1093.8265483008336,0.0,1.0,0.0,0.0,0.16091305850129525,84.48529316191086,0.96,546.9134359261179,525.0368984890732,21.876537437044703,1.0,0.0,0.0,0.16091297391701695,84.4851987709701,0.96,546.9131123747158,525.0365878797271,21.876524494988644,0.0,0.0,0.0,0.271,0.0,0.96,0.0,0.0,-0.0,,,,331.4563057192707,1050.0734863688003,960.0734863688003,89.99999999999875,1050.073486368799,1.3642420526593924e-12,1.0,0.0,0.0,0.3452405575461812,165.7281528596353,0.9142917127531496,525.0367431843994,480.03674318440005,44.99999999999932,1.0,0.0,0.0,0.3452405575461813,165.7281528596354,0.9142917127531495,525.0367431843997,480.0367431844003,44.99999999999943,0.0,0.0,0.0,0.08724817754776787,0.0,0.8800000000000001,0.0,0.0,0.0,0.0,0.0,0.0,0.08724817754776787,0.0,0.8800000000000001,0.0,0.0,0.0,1.0,,,0.101,96.96742212324884,960.0734863688003,960.0734863688003,0.0,29.76227807743281,0.0,,,133.75306193203346,2.842170943040401e-14,57.513816630774386,2.0,597.3942197754004,0.0,0.0,0.0,69.09461545922281
164,1,165,0.11566,0.0,597.3942761743401,,,,0,0.0,1,1093.8265483008336,1093.8265483008336,-0.0,175.01224772813336,36.31504140358768,0.0,,,168.97054833182068,1093.8265483008336,1050.0734863688003,43.75306193203335,1093.8265483008336,0.0,1.0,0.0,0.0,0.16091305850129525,84.48529316191086,0.96,546.9134359261179,525.0368984890732,21.876537437044703,1.0,0.0,0.0,0.1609130813360827,84.48525516990986,0.96,546.9131123747158,525.0365878797271,21.876524494988644,0.0,0.0,0.0,0.271,0.0,0.96,0.0,0.0,-0.0,,,,331.45630571927063,1050.0734863688003,960.0734863688002,89.99999999999898,1050.0734863687992,1.1368683772161603e-12,1.0,0.0,0.0,0.3452405575461812,165.72815285963523,0.914291712753149,525.0367431843996,480.03674318439994,44.99999999999966,1.0,0.0,0.0,0.3452405575461813,165.7281528596354,0.9142917127531497,525.0367431843996,480.0367431844003,44.99999999999932,0.0,0.0,0.0,0.08724817754776787,0.0,0.8800000000000001,0.0,0.0,0.0,0.0,0.0,0.0,0.08724817754776787,0.0,0.8800000000000001,0.0,0.0,0.0,1.0,,,0.101,96.96742212324882,960.0734863688002,960.0734863688002,0.0,29.762278077432807,0.0,,,133.75306193203346,-1.4210854715202004e-14,57.513816630774386,2.0,597.3942761743401,0.0,0.0,0.0,69.09462198232418
165,1,166,0.11566,0.0,597.3942197754,,,,0,0.0,1,1093.826548300829,1093.826548300829,-0.0,175.01224772813265,36.31504140358752,0.0,,,168.9704919328795,1093.826548300829,1050.0734863687958,43.75306193203312,1093.826548300829,0.0,1.0,0.0,0.0,0.16091305850129525,84.48529316191086,0.96,546.9134359261179,525.0368984890732,21.876537437044703,1.0,0.0,0.0,0.1609129739170154,84.48519877096858,0.96,546.9131123747111,525.0365878797227,21.876524494988416,0.0,0.0,0.0,0.271,0.0,0.96,0.0,0.0,-0.0,,,,331.4563057192715,1050.0734863687958,960.0734863688018,89.99999999999852,1050.0734863688003,-4.547473508864641e-12,1.0,0.0,0.0,0.34524055754618155,165.7281528596357,0.9142917127531499,525.0367431844,480.03674318440085,44.999999999999204,1.0,0.0,0.0,0.3452405575461816,165.72815285963577,0.9142917127531498,525.0367431844003,480.03674318440096,44.99999999999932,0.0,0.0,0.0,0.08724817754776787,0.0,0.8800000000000001,0.0,0.0,0.0,0.0,0.0,0.0,0.08724817754776787,0.0,0.8800000000000001,0.0,0.0,0.0,1.0,,,0.101,96.967422123249,960.0734863688018,960.0734863688018,0.0,29.762278077432857,0.0,,,133.7530619320271,-1.4210854715202004e-14,57.51381663077165,2.0,597.3942197754,0.0,0.0,0.0,69.09461545922277
166,1,167,0.11506,0.0,597.394219775399,,,,0,0.0,1,1093.8265483008277,1093.8265483008277,-0.0,175.01224772813242,36.31504140358748,0.0,,,168.97049193287899,1093.8265483008277,1050.0734863687946,43.75306193203312,1093.8265483008277,0.0,1.0,0.0,0.0,0.16091305850129528,84.48529316191087,0.96,546.9134359261179,525.0368984890732,21.876537437044703,1.0,0.0,0.0,0.16091297391701515,84.48519877096824,0.96,546.9131123747098,525.0365878797214,21.876524494988416,0.0,0.0,0.0,0.271,0.0,0.96,0.0,0.0,-0.0,,,,331.4563057192711,1050.0734863687946,960.0734863688011,89.99999999999875,1050.0734863687999,-5.229594535194337e-12,1.0,0.0,0.0,0.3452405575461812,165.72815285963523,0.914291712753149,525.0367431843996,480.03674318439994,44.99999999999966,1.0,0.0,0.0,0.34524055754618166,165.72815285963588,0.9142917127531502,525.0367431844003,480.0367431844012,44.99999999999909,0.0,0.0,0.0,0.08724817754776784,0.0,0.88,0.0,0.0,0.0,0.0,0.0,0.0,0.08724817754776784,0.0,0.88,0.0,0.0,0.0,1.0,,,0.101,96.96742212324892,960.0734863688011,960.0734863688011,0.0,29.762278077432835,0.0,,,133.75306193202664,5.684341886080802e-14,57.51381663077145,2.0,597.394219775399,0.0,0.0,0.0,68.73617892735741
167,1,168,0.11506,0.0,0.0,,,,0,0.0,1,0.0,0.0,-0.0,0.0,0.0,0.0,,,0.0,0.0,0.0,0.0,0.0,0.0,0.0,0.0,1.0,0.271,0.0,0.96,0.0,0.0,-0.0,0.0,0.0,1.0,0.271,0.0,0.96,0.0,0.0,-0.0,0.0,0.0,0.0,0.271,0.0,0.96,0.0,0.0,-0.0,,,,0.0,0.0,0.0,0.0,0.0,0.0,0.0,0.0,1.0,0.08724817754776784,0.0,0.88,0.0,0.0,0.0,0.0,0.0,1.0,0.08724817754776784,0.0,0.88,0.0,0.0,0.0,0.0,0.0,0.0,0.08724817754776784,0.0,0.88,0.0,0.0,0.0,0.0,0.0,0.0,0.08724817754776784,0.0,0.88,0.0,0.0,0.0,1.0,,,0.101,0.0,0.0,-0.0,0.0,0.0,0.0,,,0.0,0.0,0.0,0.0,0.0,-0.0,0.0,0.0,0.0
