,Day,Time,LMP,bypass_pretreatment_flow,power_from_grid,intake.op_mode,intake.startup,intake.shutdown,intake.energy_intensity,intake.power_consumption,intake.recovery,intake.feed_flowrate,intake.product_flowrate,intake.reject_flowrate,intake.feed_cost,intake.chemical_cost,pretreatment.op_mode,pretreatment.startup,pretreatment.shutdown,pretreatment.power_consumption,pretreatment.feed_flowrate,pretreatment.product_flowrate,pretreatment.reject_flowrate,pretreatment.inlet_flowrate,pretreatment.leftover_flow,pretreatment.uf_pumps[1].op_mode,pretreatment.uf_pumps[1].startup,pretreatment.uf_pumps[1].shutdown,pretreatment.uf_pumps[1].energy_intensity,pretreatment.uf_pumps[1].power_consumption,pretreatment.uf_pumps[1].recovery,pretreatment.uf_pumps[1].feed_flowrate,pretreatment.uf_pumps[1].product_flowrate,pretreatment.uf_pumps[1].reject_flowrate,pretreatment.uf_pumps[2].op_mode,pretreatment.uf_pumps[2].startup,pretreatment.uf_pumps[2].shutdown,pretreatment.uf_pumps[2].energy_intensity,pretreatment.uf_pumps[2].power_consumption,pretreatment.uf_pumps[2].recovery,pretreatment.uf_pumps[2].feed_flowrate,pretreatment.uf_pumps[2].product_flowrate,pretreatment.uf_pumps[2].reject_flowrate,pretreatment.uf_pumps[3].op_mode,pretreatment.uf_pumps[3].startup,pretreatment.uf_pumps[3].shutdown,pretreatment.uf_pumps[3].energy_intensity,pretreatment.uf_pumps[3].power_consumption,pretreatment.uf_pumps[3].recovery,pretreatment.uf_pumps[3].feed_flowrate,pretreatment.uf_pumps[3].product_flowrate,pretreatment.uf_pumps[3].reject_flowrate,reverse_osmosis.op_mode,reverse_osmosis.startup,reverse_osmosis.shutdown,reverse_osmosis.power_consumption,reverse_osmosis.feed_flowrate,reverse_osmosis.product_flowrate,reverse_osmosis.reject_flowrate,reverse_osmosis.inlet_flowrate,reverse_osmosis.leftover_flow,reverse_osmosis.ro_skid[1].op_mode,reverse_osmosis.ro_skid[1].startup,reverse_osmosis.ro_skid[1].shutdown,reverse_osmosis.ro_skid[1].energy_intensity,reverse_osmosis.ro_skid[1].power_consumption,reverse_osmosis.ro_skid[1].recovery,reverse_osmosis.ro_skid[1].feed_flowrate,reverse_osmosis.ro_skid[1].product_flowrate,reverse_osmosis.ro_skid[1].reject_flowrate,reverse_osmosis.ro_skid[2].op_mode,reverse_osmosis.ro_skid[2].startup,reverse_osmosis.ro_skid[2].shutdown,reverse_osmosis.ro_skid[2].energy_intensity,reverse_osmosis.ro_skid[2].power_consumption,reverse_osmosis.ro_skid[2].recovery,reverse_osmosis.ro_skid[2].feed_flowrate,reverse_osmosis.ro_skid[2].product_flowrate,reverse_osmosis.ro_skid[2].reject_flowrate,reverse_osmosis.ro_skid[3].op_mode,reverse_osmosis.ro_skid[3].startup,reverse_osmosis.ro_skid[3].shutdown,reverse_osmosis.ro_skid[3].energy_intensity,reverse_osmosis.ro_skid[3].power_consumption,reverse_osmosis.ro_skid[3].recovery,reverse_osmosis.ro_skid[3].feed_flowrate,reverse_osmosis.ro_skid[3].product_flowrate,reverse_osmosis.ro_skid[3].reject_flowrate,reverse_osmosis.ro_skid[4].op_mode,reverse_osmosis.ro_skid[4].startup,reverse_osmosis.ro_skid[4].shutdown,reverse_osmosis.ro_skid[4].energy_intensity,reverse_osmosis.ro_skid[4].power_consumption,reverse_osmosis.ro_skid[4].recovery,reverse_osmosis.ro_skid[4].feed_flowrate,reverse_osmosis.ro_skid[4].product_flowrate,reverse_osmosis.ro_skid[4].reject_flowrate,posttreatment.op_mode,posttreatment.startup,posttreatment.shutdown,posttreatment.energy_intensity,posttreatment.power_consumption,posttreatment.feed_flowrate,posttreatment.product_flowrate,posttreatment.reject_flowrate,posttreatment.chemical_cost,brine_discharge.op_mode,brine_discharge.startup,brine_discharge.shutdown,brine_discharge.feed_flowrate,brine_discharge.power_consumption,brine_discharge.brine_cost,num_skids_online,net_power_consumption,water_revenue,demand_response_revenue,emissions_cost,energy_cost
0,1,1,0.1016,0.0,1299.9756835619928,,,,0,0.0,1,2323.812501731706,2323.812501731706,-0.0,371.81000027707296,77.15057505749265,0.0,,,350.7862282854594,2323.812501731706,2230.8600016624378,92.95250006926835,2323.812501731706,0.0,1.0,0.0,0.0,0.1573840708317272,117.61198492936963,0.96,778.4300129866084,747.292812467144,31.137200519464386,1.0,0.0,0.0,0.15738407083172726,117.61198492936974,0.96,778.4300129866089,747.2928124671445,31.137200519464386,1.0,0.0,0.0,0.1569554259654078,115.5622584267818,0.96,766.9524757584888,736.2743767281493,30.67809903033958,,,,742.0751679459347,2230.8600016624378,2050.6365082237485,180.22349343867876,2230.8600016624277,0.0,1.0,0.0,0.0,0.3714367170264854,197.6006194061059,0.9220024658495964,576.9941193794388,531.9900008485589,45.00411853087985,1.0,0.0,0.0,0.36224463018228453,186.0890932549091,0.919457482217368,558.7111160523414,513.7111160523415,44.999999999999886,1.0,0.0,0.0,0.35905926266274624,182.1773958305589,0.918481058308123,552.4056992587797,507.3741712706427,45.031527988136986,1.0,0.0,0.0,0.35414347491927256,176.20805945436086,0.9167426538901737,542.7490669718675,497.56122005220544,45.187846919662036,1.0,,,0.101,207.11428733059861,2050.6365082237485,2050.6365082237485,0.0,63.5697317549362,0.0,,,273.1759935079471,8.526512829121202e-14,117.46567720841725,4.0,1299.9756835619928,0.0,-0.0,0.0,132.07752944989846
1,1,2,0.1016,0.0,1300.0687130703886,,,,0,0.0,1,2323.812501731706,2323.812501731706,-0.0,371.81000027707296,77.15057505749265,0.0,,,350.7862282854595,2323.812501731706,2230.8600016624378,92.95250006926835,2323.812501731706,0.0,1.0,0.0,0.0,0.1573840708317272,117.61198492936963,0.96,778.4300129866084,747.292812467144,31.137200519464386,1.0,0.0,0.0,0.15738407083172726,117.61198492936974,0.96,778.4300129866089,747.2928124671445,31.137200519464386,1.0,0.0,0.0,0.1569554259654078,115.5622584267818,0.96,766.9524757584888,736.2743767281493,30.67809903033958,,,,742.1524448860707,2230.8600016624378,2050.7924742461237,180.06752741630208,2230.8600016624264,0.0,1.0,0.0,0.0,0.3714367170264854,197.6006194061059,0.9220024658495964,576.9941193794388,531.9900008485589,45.00411853087985,1.0,0.0,0.0,0.36224463018228453,186.0890932549091,0.919457482217368,558.7111160523414,513.7111160523415,44.999999999999886,1.0,0.0,0.0,0.35905926266274624,182.1773958305589,0.918481058308123,552.4056992587797,507.3741712706427,45.031527988136986,1.0,0.0,0.0,0.35418776230098126,176.2853363944969,0.9170300169311583,542.7490669718662,497.71718607458087,45.03188089728536,1.0,,,0.101,207.1300398988585,2050.7924742461237,2050.7924742461237,0.0,63.574566701629834,0.0,,,273.02002748557044,-1.1368683772161603e-13,117.39861181879529,4.0,1300.0687130703886,0.0,-0.0,0.0,132.08698124795148
2,1,3,0.1016,0.0,1300.0725414512985,,,,0,0.0,1,2323.812501731706,2323.812501731706,-0.0,371.81000027707296,77.15057505749265,0.0,,,350.7862282854594,2323.812501731706,2230.8600016624378,92.95250006926835,2323.812501731706,0.0,1.0,0.0,0.0,0.1573840708317272,117.61198492936963,0.96,778.4300129866084,747.292812467144,31.137200519464386,1.0,0.0,0.0,0.15738407083172726,117.61198492936974,0.96,778.4300129866089,747.2928124671445,31.137200519464386,1.0,0.0,0.0,0.1569554259654078,115.5622584267818,0.96,766.9524757584888,736.2743767281493,30.67809903033958,,,,742.1556250622222,2230.8600016624378,2050.798892115018,180.0611095474065,2230.860001662425,0.0,1.0,0.0,0.0,0.3714367170264854,197.6006194061059,0.9220024658495964,576.9941193794388,531.9900008485589,45.00411853087985,1.0,0.0,0.0,0.36224463018228453,186.0890932549091,0.919457482217368,558.7111160523414,513.7111160523415,44.999999999999886,1.0,0.0,0.0,0.35905926266274624,182.1773958305589,0.918481058308123,552.4056992587797,507.3741712706427,45.031527988136986,1.0,0.0,0.0,0.3541895846889931,176.28851657064828,0.9170418416753836,542.7490669718647,497.723603943475,45.025463028389765,1.0,,,0.101,207.13068810361685,2050.798892115018,2050.798892115018,0.0,63.574765655565564,0.0,,,273.01360961667484,1.4210854715202004e-13,117.39585213517017,4.0,1300.0725414512985,0.0,-0.0,0.0,132.08737021145194
3,1,4,0.1016,0.0,1300.0725414512995,,,,0,0.0,1,2323.812501731706,2323.812501731706,-0.0,371.81000027707296,77.15057505749265,0.0,,,350.7862282854592,2323.812501731706,2230.8600016624378,92.95250006926835,2323.812501731706,0.0,1.0,0.0,0.0,0.1573840708317272,117.61198492936963,0.96,778.4300129866084,747.292812467144,31.137200519464386,1.0,0.0,0.0,0.15738407083172726,117.61198492936974,0.96,778.4300129866089,747.2928124671445,31.137200519464386,1.0,0.0,0.0,0.1569554259654078,115.5622584267818,0.96,766.9524757584888,736.2743767281493,30.67809903033958,,,,742.1556250622234,2230.8600016624378,2050.79889211502,180.06110954740666,2230.860001662427,0.0,1.0,0.0,0.0,0.3714367170264854,197.6006194061059,0.9220024658495964,576.9941193794388,531.9900008485589,45.00411853087985,1.0,0.0,0.0,0.36224463018228453,186.0890932549091,0.919457482217368,558.7111160523414,513.7111160523415,44.999999999999886,1.0,0.0,0.0,0.35905926266274724,182.17739583056007,0.918481058308123,552.4056992587817,507.3741712706446,45.03152798813716,1.0,0.0,0.0,0.3541895846889931,176.28851657064828,0.9170418416753836,542.7490669718647,497.723603943475,45.025463028389765,1.0,,,0.101,207.13068810361702,2050.79889211502,2050.79889211502,0.0,63.57476565556562,0.0,,,273.013609616675,-1.4210854715202004e-13,117.39585213517024,4.0,1300.0725414512995,0.0,-0.0,0.0,132.08737021145203
4,1,5,0.1016,0.0,1300.0687130703895,,,,0,0.0,1,2323.812501731706,2323.812501731706,-0.0,371.81000027707296,77.15057505749265,0.0,,,350.7862282854594,2323.812501731706,2230.8600016624378,92.95250006926835,2323.812501731706,0.0,1.0,0.0,0.0,0.1573840708317272,117.61198492936963,0.96,778.4300129866084,747.292812467144,31.137200519464386,1.0,0.0,0.0,0.15738407083172726,117.61198492936974,0.96,778.4300129866089,747.2928124671445,31.137200519464386,1.0,0.0,0.0,0.1569554259654078,115.5622584267818,0.96,766.9524757584888,736.2743767281493,30.67809903033958,,,,742.1524448860715,2230.8600016624378,2050.792474246125,180.0675274163022,2230.8600016624273,0.0,1.0,0.0,0.0,0.3714367170264854,197.6006194061059,0.9220024658495964,576.9941193794388,531.9900008485589,45.00411853087985,1.0,0.0,0.0,0.36224463018228453,186.0890932549091,0.919457482217368,558.7111160523414,513.7111160523415,44.999999999999886,1.0,0.0,0.0,0.35905926266274724,182.17739583056007,0.918481058308123,552.4056992587817,507.3741712706446,45.03152798813716,1.0,0.0,0.0,0.3541877623009808,176.2853363944964,0.9170300169311583,542.7490669718653,497.71718607458,45.031880897285305,1.0,,,0.101,207.13003989885866,2050.792474246125,2050.792474246125,0.0,63.57456670162988,0.0,,,273.02002748557055,-2.842170943040401e-14,117.39861181879533,4.0,1300.0687130703895,0.0,-0.0,0.0,132.08698124795157
5,1,6,0.1016,0.0,1300.094127356379,,,,0,0.0,1,2323.812501731706,2323.812501731706,-0.0,371.81000027707296,77.15057505749265,0.0,,,350.7862282854594,2323.812501731706,2230.8600016624378,92.95250006926835,2323.812501731706,0.0,1.0,0.0,0.0,0.1573840708317272,117.61198492936963,0.96,778.4300129866084,747.292812467144,31.137200519464386,1.0,0.0,0.0,0.15738407083172726,117.61198492936974,0.96,778.4300129866089,747.2928124671445,31.137200519464386,1.0,0.0,0.0,0.1569554259654078,115.5622584267818,0.96,766.9524757584888,736.2743767281493,30.67809903033958,,,,742.1735653493294,2230.8600016624378,2050.8349873424777,180.02501431995535,2230.860001662433,0.0,1.0,0.0,0.0,0.3714367170264854,197.6006194061059,0.9220024658495964,576.9941193794388,531.9900008485589,45.00411853087985,1.0,0.0,0.0,0.36224463018228453,186.0890932549091,0.919457482217368,558.7111160523414,513.7111160523415,44.999999999999886,1.0,0.0,0.0,0.3590622289557214,182.18271847209408,0.9185003053924233,552.405699258784,507.3848034697083,45.02089578907572,1.0,0.0,0.0,0.3541968150513562,176.30113421622025,0.917088756594155,542.7490669718691,497.7490669718692,44.999999999999886,1.0,,,0.101,207.13433372159025,2050.8349873424777,2050.8349873424777,0.0,63.57588460761681,0.0,,,272.9775143892237,-2.842170943040401e-14,117.38033118736618,4.0,1300.094127356379,0.0,-0.0,0.0,132.0895633394081
6,1,7,0.1016,0.0,1300.094127356379,,,,0,0.0,1,2323.812501731706,2323.812501731706,-0.0,371.81000027707296,77.15057505749265,0.0,,,350.7862282854593,2323.812501731706,2230.8600016624378,92.95250006926835,2323.812501731706,0.0,1.0,0.0,0.0,0.1573840708317272,117.61198492936963,0.96,778.4300129866084,747.292812467144,31.137200519464386,1.0,0.0,0.0,0.15738407083172726,117.61198492936974,0.96,778.4300129866089,747.2928124671445,31.137200519464386,1.0,0.0,0.0,0.1569554259654078,115.5622584267818,0.96,766.9524757584888,736.2743767281493,30.67809903033958,,,,742.1735653493294,2230.8600016624378,2050.8349873424777,180.02501431995535,2230.860001662433,0.0,1.0,0.0,0.0,0.3714367170264854,197.6006194061059,0.9220024658495964,576.9941193794388,531.9900008485589,45.00411853087985,1.0,0.0,0.0,0.36224463018228453,186.0890932549091,0.919457482217368,558.7111160523414,513.7111160523415,44.999999999999886,1.0,0.0,0.0,0.3590622289557214,182.18271847209408,0.9185003053924233,552.405699258784,507.3848034697083,45.02089578907572,1.0,0.0,0.0,0.3541968150513562,176.30113421622025,0.917088756594155,542.7490669718691,497.7490669718692,44.999999999999886,1.0,,,0.101,207.13433372159025,2050.8349873424777,2050.8349873424777,0.0,63.57588460761681,0.0,,,272.9775143892237,8.526512829121202e-14,117.38033118736618,4.0,1300.094127356379,0.0,-0.0,0.0,132.0895633394081
7,1,8,0.1016,0.0,1300.094127356379,,,,0,0.0,1,2323.812501731706,2323.812501731706,-0.0,371.81000027707296,77.15057505749265,0.0,,,350.7862282854594,2323.812501731706,2230.8600016624378,92.95250006926835,2323.812501731706,0.0,1.0,0.0,0.0,0.1573840708317272,117.61198492936963,0.96,778.4300129866084,747.292812467144,31.137200519464386,1.0,0.0,0.0,0.15738407083172726,117.61198492936974,0.96,778.4300129866089,747.2928124671445,31.137200519464386,1.0,0.0,0.0,0.1569554259654078,115.5622584267818,0.96,766.9524757584888,736.2743767281493,30.67809903033958,,,,742.1735653493294,2230.8600016624378,2050.8349873424777,180.02501431995535,2230.860001662433,0.0,1.0,0.0,0.0,0.3714367170264854,197.6006194061059,0.9220024658495964,576.9941193794388,531.9900008485589,45.00411853087985,1.0,0.0,0.0,0.36224463018228453,186.0890932549091,0.919457482217368,558.7111160523414,513.7111160523415,44.999999999999886,1.0,0.0,0.0,0.3590622289557214,182.18271847209408,0.9185003053924233,552.405699258784,507.3848034697083,45.02089578907572,1.0,0.0,0.0,0.3541968150513562,176.30113421622025,0.917088756594155,542.7490669718691,497.7490669718692,44.999999999999886,1.0,,,0.101,207.13433372159025,2050.8349873424777,2050.8349873424777,0.0,63.57588460761681,0.0,,,272.9775143892237,-2.842170943040401e-14,117.38033118736618,4.0,1300.094127356379,0.0,-0.0,0.0,132.0895633394081
8,1,9,0.1016,0.0,1300.09412735638,,,,0,0.0,1,2323.812501731706,2323.812501731706,-0.0,371.81000027707296,77.15057505749265,0.0,,,350.7862282854593,2323.812501731706,2230.8600016624378,92.95250006926835,2323.812501731706,0.0,1.0,0.0,0.0,0.1573840708317272,117.61198492936963,0.96,778.4300129866084,747.292812467144,31.137200519464386,1.0,0.0,0.0,0.15738407083172726,117.61198492936974,0.96,778.4300129866089,747.2928124671445,31.137200519464386,1.0,0.0,0.0,0.1569554259654078,115.5622584267818,0.96,766.9524757584888,736.2743767281493,30.67809903033958,,,,742.1735653493304,2230.8600016624378,2050.8349873424795,180.02501431995552,2230.860001662435,0.0,1.0,0.0,0.0,0.3714367170264854,197.6006194061059,0.9220024658495964,576.9941193794388,531.9900008485589,45.00411853087985,1.0,0.0,0.0,0.36224463018228453,186.0890932549091,0.919457482217368,558.7111160523414,513.7111160523415,44.999999999999886,1.0,0.0,0.0,0.35906222895572226,182.1827184720951,0.9185003053924233,552.4056992587857,507.3848034697098,45.020895789075894,1.0,0.0,0.0,0.3541968150513562,176.30113421622025,0.917088756594155,542.7490669718691,497.7490669718692,44.999999999999886,1.0,,,0.101,207.13433372159045,2050.8349873424795,2050.8349873424795,0.0,63.575884607616864,0.0,,,272.97751438922387,0.0,117.38033118736625,4.0,1300.0941273563799,0.0,-0.0,0.0,132.08956333940822
9,1,10,0.1016,0.0,1300.09412735638,,,,0,0.0,1,2323.812501731706,2323.812501731706,-0.0,371.81000027707296,77.15057505749265,0.0,,,350.7862282854593,2323.812501731706,2230.8600016624378,92.95250006926835,2323.812501731706,0.0,1.0,0.0,0.0,0.1573840708317272,117.61198492936963,0.96,778.4300129866084,747.292812467144,31.137200519464386,1.0,0.0,0.0,0.15738407083172726,117.61198492936974,0.96,778.4300129866089,747.2928124671445,31.137200519464386,1.0,0.0,0.0,0.1569554259654078,115.5622584267818,0.96,766.9524757584888,736.2743767281493,30.67809903033958,,,,742.1735653493304,2230.8600016624378,2050.8349873424795,180.02501431995552,2230.860001662435,0.0,1.0,0.0,0.0,0.3714367170264854,197.6006194061059,0.9220024658495964,576.9941193794388,531.9900008485589,45.00411853087985,1.0,0.0,0.0,0.36224463018228453,186.0890932549091,0.919457482217368,558.7111160523414,513.7111160523415,44.999999999999886,1.0,0.0,0.0,0.35906222895572226,182.1827184720951,0.9185003053924233,552.4056992587857,507.3848034697098,45.020895789075894,1.0,0.0,0.0,0.3541968150513562,176.30113421622025,0.917088756594155,542.7490669718691,497.7490669718692,44.999999999999886,1.0,,,0.101,207.13433372159045,2050.8349873424795,2050.8349873424795,0.0,63.575884607616864,0.0,,,272.97751438922387,0.0,117.38033118736625,4.0,1300.0941273563799,0.0,-0.0,0.0,132.08956333940822
10,1,11,0.1016,0.0,1300.1066987666154,,,,0,0.0,1,2323.812501731706,2323.812501731706,-0.0,371.81000027707296,77.15057505749265,0.0,,,350.7862282854593,2323.812501731706,2230.8600016624378,92.95250006926835,2323.812501731706,0.0,1.0,0.0,0.0,0.1573840708317272,117.61198492936963,0.96,778.4300129866084,747.292812467144,31.137200519464386,1.0,0.0,0.0,0.15738407083172726,117.61198492936974,0.96,778.4300129866089,747.2928124671445,31.137200519464386,1.0,0.0,0.0,0.1569554259654078,115.5622584267818,0.96,766.9524757584888,736.2743767281493,30.67809903033958,,,,742.1840262848688,2230.8600016624378,2050.855883131558,180.0041185308795,2230.8600016624378,0.0,1.0,0.0,0.0,0.3714367170264854,197.6006194061059,0.9220024658495964,576.9941193794388,531.9900008485589,45.00411853087985,1.0,0.0,0.0,0.36224463018228453,186.0890932549091,0.919457482217368,558.7111160523414,513.7111160523415,44.999999999999886,1.0,0.0,0.0,0.3590680587028856,182.1931794076335,0.9185381322814368,552.4056992587887,507.4056992587888,44.999999999999886,1.0,0.0,0.0,0.3541968150513562,176.30113421622025,0.917088756594155,542.7490669718691,497.7490669718692,44.999999999999886,1.0,,,0.101,207.13644419628739,2050.855883131558,2050.855883131558,0.0,63.5765323770783,0.0,,,272.95661860014786,-2.842170943040401e-14,117.37134599806357,4.0,1300.1066987666154,0.0,-0.0,0.0,132.09084059468813
11,1,12,0.1016,0.0,1300.1066987666154,,,,0,0.0,1,2323.812501731706,2323.812501731706,-0.0,371.81000027707296,77.15057505749265,0.0,,,350.7862282854593,2323.812501731706,2230.8600016624378,92.95250006926835,2323.812501731706,0.0,1.0,0.0,0.0,0.1573840708317272,117.61198492936963,0.96,778.4300129866084,747.292812467144,31.137200519464386,1.0,0.0,0.0,0.15738407083172726,117.61198492936974,0.96,778.4300129866089,747.2928124671445,31.137200519464386,1.0,0.0,0.0,0.1569554259654078,115.5622584267818,0.96,766.9524757584888,736.2743767281493,30.67809903033958,,,,742.1840262848688,2230.8600016624378,2050.855883131558,180.0041185308795,2230.8600016624378,0.0,1.0,0.0,0.0,0.3714367170264854,197.6006194061059,0.9220024658495964,576.9941193794388,531.9900008485589,45.00411853087985,1.0,0.0,0.0,0.36224463018228453,186.0890932549091,0.919457482217368,558.7111160523414,513.7111160523415,44.999999999999886,1.0,0.0,0.0,0.3590680587028856,182.1931794076335,0.9185381322814368,552.4056992587887,507.4056992587888,44.999999999999886,1.0,0.0,0.0,0.3541968150513562,176.30113421622025,0.917088756594155,542.7490669718691,497.7490669718692,44.999999999999886,1.0,,,0.101,207.13644419628739,2050.855883131558,2050.855883131558,0.0,63.5765323770783,0.0,,,272.95661860014786,-2.842170943040401e-14,117.37134599806357,4.0,1300.1066987666154,0.0,-0.0,0.0,132.09084059468813
12,1,13,0.1016,0.0,1300.1066987666154,,,,0,0.0,1,2323.812501731706,2323.812501731706,-0.0,371.81000027707296,77.15057505749265,0.0,,,350.7862282854593,2323.812501731706,2230.8600016624378,92.95250006926835,2323.812501731706,0.0,1.0,0.0,0.0,0.1573840708317272,117.61198492936963,0.96,778.4300129866084,747.292812467144,31.137200519464386,1.0,0.0,0.0,0.15738407083172726,117.61198492936974,0.96,778.4300129866089,747.2928124671445,31.137200519464386,1.0,0.0,0.0,0.1569554259654078,115.5622584267818,0.96,766.9524757584888,736.2743767281493,30.67809903033958,,,,742.1840262848688,2230.8600016624378,2050.855883131558,180.0041185308795,2230.8600016624378,0.0,1.0,0.0,0.0,0.3714367170264854,197.6006194061059,0.9220024658495964,576.9941193794388,531.9900008485589,45.00411853087985,1.0,0.0,0.0,0.36224463018228453,186.0890932549091,0.919457482217368,558.7111160523414,513.7111160523415,44.999999999999886,1.0,0.0,0.0,0.3590680587028856,182.1931794076335,0.9185381322814368,552.4056992587887,507.4056992587888,44.999999999999886,1.0,0.0,0.0,0.3541968150513562,176.30113421622025,0.917088756594155,542.7490669718691,497.7490669718692,44.999999999999886,1.0,,,0.101,207.13644419628739,2050.855883131558,2050.855883131558,0.0,63.5765323770783,0.0,,,272.95661860014786,-2.842170943040401e-14,117.37134599806357,4.0,1300.1066987666154,0.0,-0.0,0.0,132.09084059468813
13,1,14,0.1016,0.0,1300.1066987666154,,,,0,0.0,1,2323.812501731706,2323.812501731706,-0.0,371.81000027707296,77.15057505749265,0.0,,,350.7862282854593,2323.812501731706,2230.8600016624378,92.95250006926835,2323.812501731706,0.0,1.0,0.0,0.0,0.1573840708317272,117.61198492936963,0.96,778.4300129866084,747.292812467144,31.137200519464386,1.0,0.0,0.0,0.15738407083172726,117.61198492936974,0.96,778.4300129866089,747.2928124671445,31.137200519464386,1.0,0.0,0.0,0.1569554259654078,115.5622584267818,0.96,766.9524757584888,736.2743767281493,30.67809903033958,,,,742.1840262848688,2230.8600016624378,2050.855883131558,180.0041185308795,2230.8600016624378,0.0,1.0,0.0,0.0,0.3714367170264854,197.6006194061059,0.9220024658495964,576.9941193794388,531.9900008485589,45.00411853087985,1.0,0.0,0.0,0.36224463018228453,186.0890932549091,0.919457482217368,558.7111160523414,513.7111160523415,44.999999999999886,1.0,0.0,0.0,0.3590680587028856,182.1931794076335,0.9185381322814368,552.4056992587887,507.4056992587888,44.999999999999886,1.0,0.0,0.0,0.3541968150513562,176.30113421622025,0.917088756594155,542.7490669718691,497.7490669718692,44.999999999999886,1.0,,,0.101,207.13644419628739,2050.855883131558,2050.855883131558,0.0,63.5765323770783,0.0,,,272.95661860014786,-2.842170943040401e-14,117.37134599806357,4.0,1300.1066987666154,0.0,-0.0,0.0,132.09084059468813
14,1,15,0.1016,0.0,1300.1066987666154,,,,0,0.0,1,2323.812501731706,2323.812501731706,-0.0,371.81000027707296,77.15057505749265,0.0,,,350.7862282854593,2323.812501731706,2230.8600016624378,92.95250006926835,2323.812501731706,0.0,1.0,0.0,0.0,0.1573840708317272,117.61198492936963,0.96,778.4300129866084,747.292812467144,31.137200519464386,1.0,0.0,0.0,0.15738407083172726,117.61198492936974,0.96,778.4300129866089,747.2928124671445,31.137200519464386,1.0,0.0,0.0,0.1569554259654078,115.5622584267818,0.96,766.9524757584888,736.2743767281493,30.67809903033958,,,,742.1840262848688,2230.8600016624378,2050.855883131558,180.0041185308795,2230.8600016624378,0.0,1.0,0.0,0.0,0.3714367170264854,197.6006194061059,0.9220024658495964,576.9941193794388,531.9900008485589,45.00411853087985,1.0,0.0,0.0,0.36224463018228453,186.0890932549091,0.919457482217368,558.7111160523414,513.7111160523415,44.999999999999886,1.0,0.0,0.0,0.3590680587028856,182.1931794076335,0.9185381322814368,552.4056992587887,507.4056992587888,44.999999999999886,1.0,0.0,0.0,0.3541968150513562,176.30113421622025,0.917088756594155,542.7490669718691,497.7490669718692,44.999999999999886,1.0,,,0.101,207.13644419628739,2050.855883131558,2050.855883131558,0.0,63.5765323770783,0.0,,,272.95661860014786,-2.842170943040401e-14,117.37134599806357,4.0,1300.1066987666154,0.0,-0.0,0.0,132.09084059468813
15,1,16,0.1016,0.0,1300.1066987666154,,,,0,0.0,1,2323.812501731706,2323.812501731706,-0.0,371.81000027707296,77.15057505749265,0.0,,,350.7862282854593,2323.812501731706,2230.8600016624378,92.95250006926835,2323.812501731706,0.0,1.0,0.0,0.0,0.1573840708317272,117.61198492936963,0.96,778.4300129866084,747.292812467144,31.137200519464386,1.0,0.0,0.0,0.15738407083172726,117.61198492936974,0.96,778.4300129866089,747.2928124671445,31.137200519464386,1.0,0.0,0.0,0.1569554259654078,115.5622584267818,0.96,766.9524757584888,736.2743767281493,30.67809903033958,,,,742.1840262848688,2230.8600016624378,2050.855883131558,180.0041185308795,2230.8600016624378,0.0,1.0,0.0,0.0,0.3714367170264854,197.6006194061059,0.9220024658495964,576.9941193794388,531.9900008485589,45.00411853087985,1.0,0.0,0.0,0.36224463018228453,186.0890932549091,0.919457482217368,558.7111160523414,513.7111160523415,44.999999999999886,1.0,0.0,0.0,0.3590680587028856,182.1931794076335,0.9185381322814368,552.4056992587887,507.4056992587888,44.999999999999886,1.0,0.0,0.0,0.3541968150513562,176.30113421622025,0.917088756594155,542.7490669718691,497.7490669718692,44.999999999999886,1.0,,,0.101,207.13644419628739,2050.855883131558,2050.855883131558,0.0,63.5765323770783,0.0,,,272.95661860014786,-2.842170943040401e-14,117.37134599806357,4.0,1300.1066987666154,0.0,-0.0,0.0,132.09084059468813
16,1,17,0.1016,0.0,1299.9728794227694,,,,0,0.0,1,2323.812501731706,2323.812501731706,-0.0,371.81000027707296,77.15057505749265,0.0,,,350.7862282854594,2323.812501731706,2230.8600016624378,92.95250006926835,2323.812501731706,0.0,1.0,0.0,0.0,0.1573840708317272,117.61198492936963,0.96,778.4300129866084,747.292812467144,31.137200519464386,1.0,0.0,0.0,0.15738407083172726,117.61198492936974,0.96,778.4300129866089,747.2928124671445,31.137200519464386,1.0,0.0,0.0,0.1569554259654078,115.5622584267818,0.96,766.9524757584888,736.2743767281493,30.67809903033958,,,,742.0726744871125,2230.8600016624378,2050.6334321801733,180.2265694822616,2230.860001662435,0.0,1.0,0.0,0.0,0.3714367170264854,197.6006194061059,0.9220024658495964,576.9941193794388,531.9900008485589,45.00411853087985,1.0,0.0,0.0,0.36224463018228453,186.0890932549091,0.919457482217368,558.7111160523414,513.7111160523415,44.999999999999886,1.0,0.0,0.0,0.3590059967822862,182.08182760987725,0.918135437393095,552.4056992587857,507.18324830740374,45.22245095138197,1.0,0.0,0.0,0.3541968150513562,176.30113421622025,0.917088756594155,542.7490669718691,497.7490669718692,44.999999999999886,1.0,,,0.101,207.11397665019751,2050.6334321801733,2050.6334321801733,0.0,63.56963639758537,0.0,,,273.17906955152995,0.0,117.46699990715787,4.0,1299.9728794227694,0.0,-0.0,0.0,132.07724454935337
17,1,18,0.15246,0.0,589.9511458469539,,,,0,0.0,1,1084.245709322177,1084.245709322177,-0.0,173.4793134915483,35.99695754949627,0.0,,,167.85314358904037,1084.245709322177,1040.87588094929,43.36982837288713,1084.245709322177,0.0,1.0,0.0,0.0,0.16077401068362748,84.71843146188651,0.96,548.8969624561255,526.9410839578804,21.955878498245056,1.0,0.0,0.0,0.1617612051447522,83.13471212715396,0.96,535.3487468660516,513.9347969914095,21.41394987464207,0.0,0.0,1.0,0.271,0.0,0.96,0.0,0.0,0.0,,,,326.0605478446543,1040.87588094929,950.865885279794,90.00999566949588,1040.87588094929,0.0,1.0,0.0,0.0,0.3431294027160027,163.2835769889776,0.9135878674446094,520.8758809492899,475.86588527979404,45.00999566949588,1.0,0.0,0.0,0.3426883596961614,162.77697085567667,0.9134615384615385,520.0,475.0,45.0,0.0,0.0,1.0,0.08724817754776787,0.0,0.8800000000000001,0.0,0.0,0.0,0.0,0.0,1.0,0.08724817754776787,0.0,0.8800000000000001,0.0,0.0,0.0,1.0,,,0.101,96.0374544132592,950.865885279794,950.865885279794,0.0,29.476842443673615,0.0,,,133.379824042383,-1.4210854715202004e-14,57.35332433822469,2.0,589.9511458469539,0.0,0.0,0.0,89.9439516958266
18,1,19,0.15246,0.0,589.9511458469539,,,,0,0.0,1,1084.245709322177,1084.245709322177,-0.0,173.4793134915483,35.99695754949627,0.0,,,167.85314358904043,1084.245709322177,1040.87588094929,43.36982837288713,1084.245709322177,0.0,1.0,0.0,0.0,0.16077401068362748,84.71843146188651,0.96,548.8969624561255,526.9410839578804,21.955878498245056,1.0,0.0,0.0,0.1617612051447522,83.13471212715396,0.96,535.3487468660516,513.9347969914095,21.41394987464207,0.0,0.0,0.0,0.271,0.0,0.96,0.0,0.0,0.0,,,,326.06054784465425,1040.87588094929,950.865885279794,90.00999566949577,1040.8758809492897,0.0,1.0,0.0,0.0,0.3431294027160027,163.2835769889776,0.9135878674446094,520.8758809492899,475.86588527979404,45.00999566949588,1.0,0.0,0.0,0.3426883596961613,162.7769708556766,0.9134615384615387,519.9999999999999,475.0,44.999999999999886,0.0,0.0,0.0,0.08724817754776787,0.0,0.8800000000000001,0.0,0.0,0.0,0.0,0.0,0.0,0.08724817754776787,0.0,0.8800000000000001,0.0,0.0,0.0,1.0,,,0.101,96.0374544132592,950.865885279794,950.865885279794,0.0,29.476842443673615,0.0,,,133.3798240423829,-1.4210854715202004e-14,57.35332433822464,2.0,589.9511458469539,0.0,0.0,0.0,89.9439516958266
19,1,20,0.15246,0.0,589.9511458469538,,,,0,0.0,1,1084.245709322177,1084.245709322177,-0.0,173.4793134915483,35.99695754949627,0.0,,,167.85314358904031,1084.245709322177,1040.87588094929,43.36982837288713,1084.245709322177,0.0,1.0,0.0,0.0,0.16077401068362748,84.71843146188651,0.96,548.8969624561255,526.9410839578804,21.955878498245056,1.0,0.0,0.0,0.1617612051447522,83.13471212715396,0.96,535.3487468660516,513.9347969914095,21.41394987464207,0.0,0.0,0.0,0.271,0.0,0.96,0.0,0.0,0.0,,,,326.06054784465425,1040.87588094929,950.8658852797939,90.00999566949599,1040.87588094929,0.0,1.0,0.0,0.0,0.3431294027160027,163.28357698897753,0.9135878674446092,520.8758809492899,475.86588527979393,45.00999566949599,1.0,0.0,0.0,0.3426883596961614,162.77697085567667,0.9134615384615385,520.0,475.0,45.0,0.0,0.0,0.0,0.08724817754776787,0.0,0.8800000000000001,0.0,0.0,0.0,0.0,0.0,0.0,0.08724817754776787,0.0,0.8800000000000001,0.0,0.0,0.0,1.0,,,0.101,96.0374544132592,950.8658852797939,950.8658852797939,0.0,29.47684244367361,0.0,,,133.37982404238312,-1.4210854715202004e-14,57.35332433822474,2.0,589.9511458469538,0.0,0.0,0.0,89.94395169582657
20,1,21,0.15246,0.0,589.951145846954,,,,0,0.0,1,1084.245709322177,1084.245709322177,-0.0,173.4793134915483,35.99695754949627,0.0,,,167.85314358904049,1084.245709322177,1040.87588094929,43.36982837288713,1084.245709322177,0.0,1.0,0.0,0.0,0.16077401068362748,84.71843146188651,0.96,548.8969624561255,526.9410839578804,21.955878498245056,1.0,0.0,0.0,0.1617612051447522,83.13471212715396,0.96,535.3487468660516,513.9347969914095,21.41394987464207,0.0,0.0,0.0,0.271,0.0,0.96,0.0,0.0,0.0,,,,326.0605478446543,1040.87588094929,950.865885279794,90.00999566949588,1040.87588094929,0.0,1.0,0.0,0.0,0.3431294027160027,163.2835769889776,0.9135878674446094,520.8758809492899,475.86588527979404,45.00999566949588,1.0,0.0,0.0,0.3426883596961614,162.77697085567667,0.9134615384615385,520.0,475.0,45.0,0.0,0.0,0.0,0.08724817754776787,0.0,0.8800000000000001,0.0,0.0,0.0,0.0,0.0,0.0,0.08724817754776787,0.0,0.8800000000000001,0.0,0.0,0.0,1.0,,,0.101,96.0374544132592,950.865885279794,950.865885279794,0.0,29.476842443673615,0.0,,,133.379824042383,-1.4210854715202004e-14,57.35332433822469,2.0,589.951145846954,0.0,0.0,0.0,89.94395169582661
21,1,22,0.15246,0.0,589.951145846954,,,,0,0.0,1,1084.245709322177,1084.245709322177,-0.0,173.4793134915483,35.99695754949627,0.0,,,167.85314358904049,1084.245709322177,1040.87588094929,43.36982837288713,1084.245709322177,0.0,1.0,0.0,0.0,0.16077401068362748,84.71843146188651,0.96,548.8969624561255,526.9410839578804,21.955878498245056,1.0,0.0,0.0,0.1617612051447522,83.13471212715396,0.96,535.3487468660516,513.9347969914095,21.41394987464207,0.0,0.0,0.0,0.271,0.0,0.96,0.0,0.0,0.0,,,,326.0605478446543,1040.87588094929,950.865885279794,90.00999566949588,1040.87588094929,0.0,1.0,0.0,0.0,0.3431294027160027,163.2835769889776,0.9135878674446094,520.8758809492899,475.86588527979404,45.00999566949588,1.0,0.0,0.0,0.3426883596961614,162.77697085567667,0.9134615384615385,520.0,475.0,45.0,0.0,0.0,0.0,0.08724817754776787,0.0,0.8800000000000001,0.0,0.0,0.0,0.0,0.0,0.0,0.08724817754776787,0.0,0.8800000000000001,0.0,0.0,0.0,1.0,,,0.101,96.0374544132592,950.865885279794,950.865885279794,0.0,29.476842443673615,0.0,,,133.379824042383,-1.4210854715202004e-14,57.35332433822469,2.0,589.951145846954,0.0,0.0,0.0,89.94395169582661
22,1,23,0.1016,0.0,1088.1598148880805,,,,0,0.0,1,1875.0,1875.0,-0.0,300.0,62.25,0.0,,,282.346874999937,1875.0,1800.0,75.0,1875.0,0.0,1.0,0.0,0.0,0.15685937499999963,94.11562499999978,0.96,625.0,600.0,25.0,1.0,0.0,0.0,0.15685937499999822,94.11562499999893,0.96,625.0,600.0,25.0,1.0,1.0,0.0,0.15685937499999997,94.11562499999998,0.96,625.0,600.0,25.0,,,,637.6479398881436,1800.0,1665.0,135.0,1800.0,0.0,1.0,0.0,0.0,0.3829717356685547,212.54931329604784,0.925,600.0,555.0,45.0,1.0,0.0,0.0,0.3829717356685547,212.54931329604784,0.925,600.0,555.0,45.0,1.0,1.0,0.0,0.3829717356685547,212.54931329604784,0.925,600.0,555.0,45.0,0.0,0.0,0.0,0.08724817754776787,0.0,0.8800000000000001,0.0,0.0,0.0,1.0,,,0.101,168.16500000000002,1665.0,1665.0,0.0,51.615,0.0,,,210.0,-5.684341886080802e-14,90.3,3.0,1088.1598148880805,0.0,0.0,0.0,110.55703719262898
23,1,24,0.1016,0.0,1088.1598148880805,,,,0,0.0,1,1875.0,1875.0,-0.0,300.0,62.25,0.0,,,282.34687499993686,1875.0,1800.0,75.0,1875.0,0.0,1.0,0.0,0.0,0.15685937499999963,94.11562499999978,0.96,625.0,600.0,25.0,1.0,0.0,0.0,0.15685937499999822,94.11562499999893,0.96,625.0,600.0,25.0,1.0,0.0,0.0,0.15685937499999997,94.11562499999998,0.96,625.0,600.0,25.0,,,,637.6479398881436,1800.0,1665.0,135.0,1800.0,0.0,1.0,0.0,0.0,0.3829717356685547,212.54931329604784,0.925,600.0,555.0,45.0,1.0,0.0,0.0,0.3829717356685547,212.54931329604784,0.925,600.0,555.0,45.0,1.0,0.0,0.0,0.3829717356685547,212.54931329604784,0.925,600.0,555.0,45.0,0.0,0.0,0.0,0.08724817754776787,0.0,0.8800000000000001,0.0,0.0,0.0,1.0,,,0.101,168.16500000000002,1665.0,1665.0,0.0,51.615,0.0,,,210.0,5.684341886080802e-14,90.3,3.0,1088.1598148880805,0.0,0.0,0.0,110.55703719262898
24,1,25,0.1016,0.0,1088.1598148880805,,,,0,0.0,1,1875.0,1875.0,-0.0,300.0,62.25,0.0,,,282.34687499993686,1875.0,1800.0,75.0,1875.0,0.0,1.0,0.0,0.0,0.15685937499999963,94.11562499999978,0.96,625.0,600.0,25.0,1.0,0.0,0.0,0.15685937499999822,94.11562499999893,0.96,625.0,600.0,25.0,1.0,0.0,0.0,0.15685937499999997,94.11562499999998,0.96,625.0,600.0,25.0,,,,637.6479398881436,1800.0,1665.0,135.0,1800.0,0.0,1.0,0.0,0.0,0.3829717356685547,212.54931329604784,0.925,600.0,555.0,45.0,1.0,0.0,0.0,0.3829717356685547,212.54931329604784,0.925,600.0,555.0,45.0,1.0,0.0,0.0,0.3829717356685547,212.54931329604784,0.925,600.0,555.0,45.0,0.0,0.0,0.0,0.08724817754776787,0.0,0.8800000000000001,0.0,0.0,0.0,1.0,,,0.101,168.16500000000002,1665.0,1665.0,0.0,51.615,0.0,,,210.0,5.684341886080802e-14,90.3,3.0,1088.1598148880805,0.0,0.0,0.0,110.55703719262898
25,1,26,0.1016,0.0,1088.1598148880805,,,,0,0.0,1,1875.0,1875.0,-0.0,300.0,62.25,0.0,,,282.34687499993686,1875.0,1800.0,75.0,1875.0,0.0,1.0,0.0,0.0,0.15685937499999963,94.11562499999978,0.96,625.0,600.0,25.0,1.0,0.0,0.0,0.15685937499999822,94.11562499999893,0.96,625.0,600.0,25.0,1.0,0.0,0.0,0.15685937499999997,94.11562499999998,0.96,625.0,600.0,25.0,,,,637.6479398881436,1800.0,1665.0,135.0,1800.0,0.0,1.0,0.0,0.0,0.3829717356685547,212.54931329604784,0.925,600.0,555.0,45.0,1.0,0.0,0.0,0.3829717356685547,212.54931329604784,0.925,600.0,555.0,45.0,1.0,0.0,0.0,0.3829717356685547,212.54931329604784,0.925,600.0,555.0,45.0,0.0,0.0,0.0,0.08724817754776787,0.0,0.8800000000000001,0.0,0.0,0.0,1.0,,,0.101,168.16500000000002,1665.0,1665.0,0.0,51.615,0.0,,,210.0,5.684341886080802e-14,90.3,3.0,1088.1598148880805,0.0,0.0,0.0,110.55703719262898
26,1,27,0.1016,0.0,1088.1598148880805,,,,0,0.0,1,1875.0,1875.0,-0.0,300.0,62.25,0.0,,,282.346874999937,1875.0,1800.0,75.0,1875.0,0.0,1.0,0.0,0.0,0.15685937499999963,94.11562499999978,0.96,625.0,600.0,25.0,1.0,0.0,0.0,0.15685937499999822,94.11562499999893,0.96,625.0,600.0,25.0,1.0,0.0,0.0,0.15685937499999997,94.11562499999998,0.96,625.0,600.0,25.0,,,,637.6479398881436,1800.0,1665.0,135.0,1800.0,0.0,1.0,0.0,0.0,0.3829717356685547,212.54931329604784,0.925,600.0,555.0,45.0,1.0,0.0,0.0,0.3829717356685547,212.54931329604784,0.925,600.0,555.0,45.0,1.0,0.0,0.0,0.3829717356685547,212.54931329604784,0.925,600.0,555.0,45.0,0.0,0.0,0.0,0.08724817754776787,0.0,0.8800000000000001,0.0,0.0,0.0,1.0,,,0.101,168.16500000000002,1665.0,1665.0,0.0,51.615,0.0,,,210.0,-5.684341886080802e-14,90.3,3.0,1088.1598148880805,0.0,0.0,0.0,110.55703719262898
27,1,28,0.1016,0.0,1088.1598148880805,,,,0,0.0,1,1875.0,1875.0,-0.0,300.0,62.25,0.0,,,282.34687499993686,1875.0,1800.0,75.0,1875.0,0.0,1.0,0.0,0.0,0.15685937499999963,94.11562499999978,0.96,625.0,600.0,25.0,1.0,0.0,0.0,0.15685937499999822,94.11562499999893,0.96,625.0,600.0,25.0,1.0,0.0,0.0,0.15685937499999997,94.11562499999998,0.96,625.0,600.0,25.0,,,,637.6479398881436,1800.0,1665.0,135.0,1800.0,0.0,1.0,0.0,0.0,0.3829717356685547,212.54931329604784,0.925,600.0,555.0,45.0,1.0,0.0,0.0,0.3829717356685547,212.54931329604784,0.925,600.0,555.0,45.0,1.0,0.0,0.0,0.3829717356685547,212.54931329604784,0.925,600.0,555.0,45.0,0.0,0.0,0.0,0.08724817754776787,0.0,0.8800000000000001,0.0,0.0,0.0,1.0,,,0.101,168.16500000000002,1665.0,1665.0,0.0,51.615,0.0,,,210.0,5.684341886080802e-14,90.3,3.0,1088.1598148880805,0.0,0.0,0.0,110.55703719262898
28,1,29,0.1016,0.0,1088.1598148880805,,,,0,0.0,1,1875.0,1875.0,-0.0,300.0,62.25,0.0,,,282.346874999937,1875.0,1800.0,75.0,1875.0,0.0,1.0,0.0,0.0,0.15685937499999963,94.11562499999978,0.96,625.0,600.0,25.0,1.0,0.0,0.0,0.15685937499999822,94.11562499999893,0.96,625.0,600.0,25.0,1.0,0.0,0.0,0.15685937499999997,94.11562499999998,0.96,625.0,600.0,25.0,,,,637.6479398881436,1800.0,1665.0,135.0,1800.0,0.0,1.0,0.0,0.0,0.3829717356685547,212.54931329604784,0.925,600.0,555.0,45.0,1.0,0.0,0.0,0.3829717356685547,212.54931329604784,0.925,600.0,555.0,45.0,1.0,0.0,0.0,0.3829717356685547,212.54931329604784,0.925,600.0,555.0,45.0,0.0,0.0,0.0,0.08724817754776787,0.0,0.8800000000000001,0.0,0.0,0.0,1.0,,,0.101,168.16500000000002,1665.0,1665.0,0.0,51.615,0.0,,,210.0,-5.684341886080802e-14,90.3,3.0,1088.1598148880805,0.0,0.0,0.0,110.55703719262898
29,1,30,0.1016,0.0,1088.1598148880805,,,,0,0.0,1,1875.0,1875.0,-0.0,300.0,62.25,0.0,,,282.346874999937,1875.0,1800.0,75.0,1875.0,0.0,1.0,0.0,0.0,0.15685937499999963,94.11562499999978,0.96,625.0,600.0,25.0,1.0,0.0,0.0,0.15685937499999822,94.11562499999893,0.96,625.0,600.0,25.0,1.0,0.0,0.0,0.15685937499999997,94.11562499999998,0.96,625.0,600.0,25.0,,,,637.6479398881436,1800.0,1665.0,135.0,1800.0,0.0,1.0,0.0,0.0,0.3829717356685547,212.54931329604784,0.925,600.0,555.0,45.0,1.0,0.0,0.0,0.3829717356685547,212.54931329604784,0.925,600.0,555.0,45.0,1.0,0.0,0.0,0.3829717356685547,212.54931329604784,0.925,600.0,555.0,45.0,0.0,0.0,0.0,0.08724817754776787,0.0,0.8800000000000001,0.0,0.0,0.0,1.0,,,0.101,168.16500000000002,1665.0,1665.0,0.0,51.615,0.0,,,210.0,-5.684341886080802e-14,90.3,3.0,1088.1598148880805,0.0,0.0,0.0,110.55703719262898
30,1,31,0.1016,0.0,1088.1598148880805,,,,0,0.0,1,1875.0,1875.0,-0.0,300.0,62.25,0.0,,,282.346874999937,1875.0,1800.0,75.0,1875.0,0.0,1.0,0.0,0.0,0.15685937499999963,94.11562499999978,0.96,625.0,600.0,25.0,1.0,0.0,0.0,0.15685937499999822,94.11562499999893,0.96,625.0,600.0,25.0,1.0,0.0,0.0,0.15685937499999997,94.11562499999998,0.96,625.0,600.0,25.0,,,,637.6479398881436,1800.0,1665.0,135.0,1800.0,0.0,1.0,0.0,0.0,0.3829717356685547,212.54931329604784,0.925,600.0,555.0,45.0,1.0,0.0,0.0,0.3829717356685547,212.54931329604784,0.925,600.0,555.0,45.0,1.0,0.0,0.0,0.3829717356685547,212.54931329604784,0.925,600.0,555.0,45.0,0.0,0.0,0.0,0.08724817754776787,0.0,0.8800000000000001,0.0,0.0,0.0,1.0,,,0.101,168.16500000000002,1665.0,1665.0,0.0,51.615,0.0,,,210.0,-5.684341886080802e-14,90.3,3.0,1088.1598148880805,0.0,0.0,0.0,110.55703719262898
31,1,32,0.1016,0.0,1088.1598148880805,,,,0,0.0,1,1875.0,1875.0,-0.0,300.0,62.25,0.0,,,282.34687499993686,1875.0,1800.0,75.0,1875.0,0.0,1.0,0.0,0.0,0.15685937499999963,94.11562499999978,0.96,625.0,600.0,25.0,1.0,0.0,0.0,0.15685937499999822,94.11562499999893,0.96,625.0,600.0,25.0,1.0,0.0,0.0,0.15685937499999997,94.11562499999998,0.96,625.0,600.0,25.0,,,,637.6479398881436,1800.0,1665.0,135.0,1800.0,0.0,1.0,0.0,0.0,0.3829717356685547,212.54931329604784,0.925,600.0,555.0,45.0,1.0,0.0,0.0,0.3829717356685547,212.54931329604784,0.925,600.0,555.0,45.0,1.0,0.0,0.0,0.3829717356685547,212.54931329604784,0.925,600.0,555.0,45.0,0.0,0.0,0.0,0.08724817754776787,0.0,0.8800000000000001,0.0,0.0,0.0,1.0,,,0.101,168.16500000000002,1665.0,1665.0,0.0,51.615,0.0,,,210.0,5.684341886080802e-14,90.3,3.0,1088.1598148880805,0.0,0.0,0.0,110.55703719262898
32,1,33,0.1016,0.0,1088.1598148880805,,,,0,0.0,1,1875.0,1875.0,-0.0,300.0,62.25,0.0,,,282.346874999937,1875.0,1800.0,75.0,1875.0,0.0,1.0,0.0,0.0,0.15685937499999963,94.11562499999978,0.96,625.0,600.0,25.0,1.0,0.0,0.0,0.15685937499999822,94.11562499999893,0.96,625.0,600.0,25.0,1.0,0.0,0.0,0.15685937499999997,94.11562499999998,0.96,625.0,600.0,25.0,,,,637.6479398881436,1800.0,1665.0,135.0,1800.0,0.0,1.0,0.0,0.0,0.3829717356685547,212.54931329604784,0.925,600.0,555.0,45.0,1.0,0.0,0.0,0.3829717356685547,212.54931329604784,0.925,600.0,555.0,45.0,1.0,0.0,0.0,0.3829717356685547,212.54931329604784,0.925,600.0,555.0,45.0,0.0,0.0,0.0,0.08724817754776787,0.0,0.8800000000000001,0.0,0.0,0.0,1.0,,,0.101,168.16500000000002,1665.0,1665.0,0.0,51.615,0.0,,,210.0,-5.684341886080802e-14,90.3,3.0,1088.1598148880805,0.0,0.0,0.0,110.55703719262898
33,1,34,0.1016,0.0,1088.1598148880805,,,,0,0.0,1,1875.0,1875.0,-0.0,300.0,62.25,0.0,,,282.346874999937,1875.0,1800.0,75.0,1875.0,0.0,1.0,0.0,0.0,0.15685937499999963,94.11562499999978,0.96,625.0,600.0,25.0,1.0,0.0,0.0,0.15685937499999822,94.11562499999893,0.96,625.0,600.0,25.0,1.0,0.0,0.0,0.15685937499999997,94.11562499999998,0.96,625.0,600.0,25.0,,,,637.6479398881436,1800.0,1665.0,135.0,1800.0,0.0,1.0,0.0,0.0,0.3829717356685547,212.54931329604784,0.925,600.0,555.0,45.0,1.0,0.0,0.0,0.3829717356685547,212.54931329604784,0.925,600.0,555.0,45.0,1.0,0.0,0.0,0.3829717356685547,212.54931329604784,0.925,600.0,555.0,45.0,0.0,0.0,0.0,0.08724817754776787,0.0,0.8800000000000001,0.0,0.0,0.0,1.0,,,0.101,168.16500000000002,1665.0,1665.0,0.0,51.615,0.0,,,210.0,-5.684341886080802e-14,90.3,3.0,1088.1598148880805,0.0,0.0,0.0,110.55703719262898
34,1,35,0.1016,0.0,1088.1598148880805,,,,0,0.0,1,1875.0,1875.0,-0.0,300.0,62.25,0.0,,,282.34687499993686,1875.0,1800.0,75.0,1875.0,0.0,1.0,0.0,0.0,0.15685937499999963,94.11562499999978,0.96,625.0,600.0,25.0,1.0,0.0,0.0,0.15685937499999822,94.11562499999893,0.96,625.0,600.0,25.0,1.0,0.0,0.0,0.15685937499999997,94.11562499999998,0.96,625.0,600.0,25.0,,,,637.6479398881436,1800.0,1665.0,135.0,1800.0,0.0,1.0,0.0,0.0,0.3829717356685547,212.54931329604784,0.925,600.0,555.0,45.0,1.0,0.0,0.0,0.3829717356685547,212.54931329604784,0.925,600.0,555.0,45.0,1.0,0.0,0.0,0.3829717356685547,212.54931329604784,0.925,600.0,555.0,45.0,0.0,0.0,0.0,0.08724817754776787,0.0,0.8800000000000001,0.0,0.0,0.0,1.0,,,0.101,168.16500000000002,1665.0,1665.0,0.0,51.615,0.0,,,210.0,5.684341886080802e-14,90.3,3.0,1088.1598148880805,0.0,0.0,0.0,110.55703719262898
35,1,36,0.1016,0.0,1088.1598148880805,,,,0,0.0,1,1875.0,1875.0,-0.0,300.0,62.25,0.0,,,282.346874999937,1875.0,1800.0,75.0,1875.0,0.0,1.0,0.0,0.0,0.15685937499999963,94.11562499999978,0.96,625.0,600.0,25.0,1.0,0.0,0.0,0.15685937499999822,94.11562499999893,0.96,625.0,600.0,25.0,1.0,0.0,0.0,0.15685937499999997,94.11562499999998,0.96,625.0,600.0,25.0,,,,637.6479398881436,1800.0,1665.0,135.0,1800.0,0.0,1.0,0.0,0.0,0.3829717356685547,212.54931329604784,0.925,600.0,555.0,45.0,1.0,0.0,0.0,0.3829717356685547,212.54931329604784,0.925,600.0,555.0,45.0,1.0,0.0,0.0,0.3829717356685547,212.54931329604784,0.925,600.0,555.0,45.0,0.0,0.0,0.0,0.08724817754776787,0.0,0.8800000000000001,0.0,0.0,0.0,1.0,,,0.101,168.16500000000002,1665.0,1665.0,0.0,51.615,0.0,,,210.0,-5.684341886080802e-14,90.3,3.0,1088.1598148880805,0.0,0.0,0.0,110.55703719262898
36,1,37,0.1016,0.0,1088.1598148880805,,,,0,0.0,1,1875.0,1875.0,-0.0,300.0,62.25,0.0,,,282.346874999937,1875.0,1800.0,75.0,1875.0,0.0,1.0,0.0,0.0,0.15685937499999963,94.11562499999978,0.96,625.0,600.0,25.0,1.0,0.0,0.0,0.15685937499999822,94.11562499999893,0.96,625.0,600.0,25.0,1.0,0.0,0.0,0.15685937499999997,94.11562499999998,0.96,625.0,600.0,25.0,,,,637.6479398881436,1800.0,1665.0,135.0,1800.0,0.0,1.0,0.0,0.0,0.3829717356685547,212.54931329604784,0.925,600.0,555.0,45.0,1.0,0.0,0.0,0.3829717356685547,212.54931329604784,0.925,600.0,555.0,45.0,1.0,0.0,0.0,0.3829717356685547,212.54931329604784,0.925,600.0,555.0,45.0,0.0,0.0,0.0,0.08724817754776787,0.0,0.8800000000000001,0.0,0.0,0.0,1.0,,,0.101,168.16500000000002,1665.0,1665.0,0.0,51.615,0.0,,,210.0,-5.684341886080802e-14,90.3,3.0,1088.1598148880805,0.0,0.0,0.0,110.55703719262898
37,1,38,0.1016,0.0,1088.1598148880805,,,,0,0.0,1,1875.0,1875.0,-0.0,300.0,62.25,0.0,,,282.34687499993686,1875.0,1800.0,75.0,1875.0,0.0,1.0,0.0,0.0,0.15685937499999963,94.11562499999978,0.96,625.0,600.0,25.0,1.0,0.0,0.0,0.15685937499999822,94.11562499999893,0.96,625.0,600.0,25.0,1.0,0.0,0.0,0.15685937499999997,94.11562499999998,0.96,625.0,600.0,25.0,,,,637.6479398881436,1800.0,1665.0,135.0,1800.0,0.0,1.0,0.0,0.0,0.3829717356685547,212.54931329604784,0.925,600.0,555.0,45.0,1.0,0.0,0.0,0.3829717356685547,212.54931329604784,0.925,600.0,555.0,45.0,1.0,0.0,0.0,0.3829717356685547,212.54931329604784,0.925,600.0,555.0,45.0,0.0,0.0,0.0,0.08724817754776787,0.0,0.8800000000000001,0.0,0.0,0.0,1.0,,,0.101,168.16500000000002,1665.0,1665.0,0.0,51.615,0.0,,,210.0,5.684341886080802e-14,90.3,3.0,1088.1598148880805,0.0,0.0,0.0,110.55703719262898
38,1,39,0.1016,0.0,1088.1598148880805,,,,0,0.0,1,1875.0,1875.0,-0.0,300.0,62.25,0.0,,,282.34687499993686,1875.0,1800.0,75.0,1875.0,0.0,1.0,0.0,0.0,0.15685937499999963,94.11562499999978,0.96,625.0,600.0,25.0,1.0,0.0,0.0,0.15685937499999822,94.11562499999893,0.96,625.0,600.0,25.0,1.0,0.0,0.0,0.15685937499999997,94.11562499999998,0.96,625.0,600.0,25.0,,,,637.6479398881436,1800.0,1665.0,135.0,1800.0,0.0,1.0,0.0,0.0,0.3829717356685547,212.54931329604784,0.925,600.0,555.0,45.0,1.0,0.0,0.0,0.3829717356685547,212.54931329604784,0.925,600.0,555.0,45.0,1.0,0.0,0.0,0.3829717356685547,212.54931329604784,0.925,600.0,555.0,45.0,0.0,0.0,0.0,0.08724817754776787,0.0,0.8800000000000001,0.0,0.0,0.0,1.0,,,0.101,168.16500000000002,1665.0,1665.0,0.0,51.615,0.0,,,210.0,5.684341886080802e-14,90.3,3.0,1088.1598148880805,0.0,0.0,0.0,110.55703719262898
39,1,40,0.1016,0.0,1088.1598148880805,,,,0,0.0,1,1875.0,1875.0,-0.0,300.0,62.25,0.0,,,282.346874999937,1875.0,1800.0,75.0,1875.0,0.0,1.0,0.0,0.0,0.15685937499999963,94.11562499999978,0.96,625.0,600.0,25.0,1.0,0.0,0.0,0.15685937499999822,94.11562499999893,0.96,625.0,600.0,25.0,1.0,0.0,0.0,0.15685937499999997,94.11562499999998,0.96,625.0,600.0,25.0,,,,637.6479398881436,1800.0,1665.0,135.0,1800.0,0.0,1.0,0.0,0.0,0.3829717356685547,212.54931329604784,0.925,600.0,555.0,45.0,1.0,0.0,0.0,0.3829717356685547,212.54931329604784,0.925,600.0,555.0,45.0,1.0,0.0,0.0,0.3829717356685547,212.54931329604784,0.925,600.0,555.0,45.0,0.0,0.0,0.0,0.08724817754776787,0.0,0.8800000000000001,0.0,0.0,0.0,1.0,,,0.101,168.16500000000002,1665.0,1665.0,0.0,51.615,0.0,,,210.0,-5.684341886080802e-14,90.3,3.0,1088.1598148880805,0.0,0.0,0.0,110.55703719262898
40,1,41,0.1016,0.0,725.4398765920325,,,,0,0.0,1,1250.0,1250.0,-0.0,200.0,41.5,0.0,,,188.23124999993684,1250.0,1200.0,50.0,1250.0,0.0,1.0,0.0,0.0,0.15685937499999963,94.11562499999978,0.96,625.0,600.0,25.0,1.0,0.0,0.0,0.15685937499999822,94.11562499999893,0.96,625.0,600.0,25.0,0.0,0.0,1.0,0.271,0.0,0.96,0.0,0.0,0.0,,,,425.09862659209574,1200.0,1110.0,90.0,1200.0,0.0,1.0,0.0,0.0,0.3829717356685547,212.54931329604784,0.925,600.0,555.0,45.0,1.0,0.0,0.0,0.3829717356685547,212.54931329604784,0.925,600.0,555.0,45.0,0.0,0.0,1.0,0.08724817754776787,0.0,0.8800000000000001,0.0,0.0,0.0,0.0,0.0,0.0,0.08724817754776787,0.0,0.8800000000000001,0.0,0.0,0.0,1.0,,,0.101,112.11000000000001,1110.0,1110.0,0.0,34.41,0.0,,,140.0,-5.684341886080802e-14,60.199999999999996,2.0,725.4398765920325,0.0,0.0,0.0,73.7046914617505
41,1,42,0.15246,0.0,0.0,,,,0,0.0,1,0.0,0.0,-0.0,0.0,0.0,0.0,,,0.0,0.0,0.0,0.0,0.0,0.0,0.0,0.0,1.0,0.271,0.0,0.96,0.0,0.0,0.0,0.0,0.0,1.0,0.271,0.0,0.96,0.0,0.0,0.0,0.0,0.0,0.0,0.271,0.0,0.96,0.0,0.0,0.0,,,,0.0,0.0,0.0,0.0,0.0,0.0,0.0,0.0,1.0,0.08724817754776787,0.0,0.8800000000000001,0.0,0.0,0.0,0.0,0.0,1.0,0.08724817754776787,0.0,0.8800000000000001,0.0,0.0,0.0,0.0,0.0,0.0,0.08724817754776787,0.0,0.8800000000000001,0.0,0.0,0.0,0.0,0.0,0.0,0.08724817754776787,0.0,0.8800000000000001,0.0,0.0,0.0,1.0,,,0.101,0.0,0.0,-0.0,0.0,0.0,0.0,,,0.0,0.0,0.0,0.0,0.0,-0.0,2204.0,0.0,0.0
42,1,43,0.15246,0.0,0.0,,,,0,0.0,1,0.0,0.0,-0.0,0.0,0.0,0.0,,,0.0,0.0,0.0,0.0,0.0,0.0,0.0,0.0,0.0,0.271,0.0,0.96,0.0,0.0,0.0,0.0,0.0,0.0,0.271,0.0,0.96,0.0,0.0,0.0,0.0,0.0,0.0,0.271,0.0,0.96,0.0,0.0,0.0,,,,0.0,0.0,0.0,0.0,0.0,0.0,0.0,0.0,0.0,0.08724817754776787,0.0,0.8800000000000001,0.0,0.0,0.0,0.0,0.0,0.0,0.08724817754776787,0.0,0.8800000000000001,0.0,0.0,0.0,0.0,0.0,0.0,0.08724817754776787,0.0,0.8800000000000001,0.0,0.0,0.0,0.0,0.0,0.0,0.08724817754776787,0.0,0.8800000000000001,0.0,0.0,0.0,1.0,,,0.101,0.0,0.0,-0.0,0.0,0.0,0.0,,,0.0,0.0,0.0,0.0,0.0,-0.0,2204.0,0.0,0.0
43,1,44,0.15246,0.0,0.0,,,,0,0.0,1,0.0,0.0,-0.0,0.0,0.0,0.0,,,0.0,0.0,0.0,0.0,0.0,0.0,0.0,0.0,0.0,0.271,0.0,0.96,0.0,0.0,0.0,0.0,0.0,0.0,0.271,0.0,0.96,0.0,0.0,0.0,0.0,0.0,0.0,0.271,0.0,0.96,0.0,0.0,0.0,,,,0.0,0.0,0.0,0.0,0.0,0.0,0.0,0.0,0.0,0.08724817754776787,0.0,0.8800000000000001,0.0,0.0,0.0,0.0,0.0,0.0,0.08724817754776787,0.0,0.8800000000000001,0.0,0.0,0.0,0.0,0.0,0.0,0.08724817754776787,0.0,0.8800000000000001,0.0,0.0,0.0,0.0,0.0,0.0,0.08724817754776787,0.0,0.8800000000000001,0.0,0.0,0.0,1.0,,,0.101,0.0,0.0,-0.0,0.0,0.0,0.0,,,0.0,0.0,0.0,0.0,0.0,-0.0,2204.0,0.0,0.0
44,1,45,0.15246,0.0,0.0,,,,0,0.0,1,0.0,0.0,-0.0,0.0,0.0,0.0,,,0.0,0.0,0.0,0.0,0.0,0.0,0.0,0.0,0.0,0.271,0.0,0.96,0.0,0.0,0.0,0.0,0.0,0.0,0.271,0.0,0.96,0.0,0.0,0.0,0.0,0.0,0.0,0.271,0.0,0.96,0.0,0.0,0.0,,,,0.0,0.0,0.0,0.0,0.0,0.0,0.0,0.0,0.0,0.08724817754776787,0.0,0.8800000000000001,0.0,0.0,0.0,0.0,0.0,0.0,0.08724817754776787,0.0,0.8800000000000001,0.0,0.0,0.0,0.0,0.0,0.0,0.08724817754776787,0.0,0.8800000000000001,0.0,0.0,0.0,0.0,0.0,0.0,0.08724817754776787,0.0,0.8800000000000001,0.0,0.0,0.0,1.0,,,0.101,0.0,0.0,-0.0,0.0,0.0,0.0,,,0.0,0.0,0.0,0.0,0.0,-0.0,2204.0,0.0,0.0
45,1,46,0.15246,0.0,0.0,,,,0,0.0,1,0.0,0.0,-0.0,0.0,0.0,0.0,,,0.0,0.0,0.0,0.0,0.0,0.0,0.0,0.0,0.0,0.271,0.0,0.96,0.0,0.0,0.0,0.0,0.0,0.0,0.271,0.0,0.96,0.0,0.0,0.0,0.0,0.0,0.0,0.271,0.0,0.96,0.0,0.0,0.0,,,,0.0,0.0,0.0,0.0,0.0,0.0,0.0,0.0,0.0,0.08724817754776787,0.0,0.8800000000000001,0.0,0.0,0.0,0.0,0.0,0.0,0.08724817754776787,0.0,0.8800000000000001,0.0,0.0,0.0,0.0,0.0,0.0,0.08724817754776787,0.0,0.8800000000000001,0.0,0.0,0.0,0.0,0.0,0.0,0.08724817754776787,0.0,0.8800000000000001,0.0,0.0,0.0,1.0,,,0.101,0.0,0.0,-0.0,0.0,0.0,0.0,,,0.0,0.0,0.0,0.0,0.0,-0.0,2204.0,0.0,0.0
46,1,47,0.1016,0.0,569.0854513441832,,,,0,0.0,1,1083.3333333333333,1083.3333333333333,-0.0,173.33333333333331,35.96666666666666,0.0,,,167.74152777771587,1083.3333333333333,1040.0,43.33333333333326,1083.3333333333333,0.0,1.0,1.0,0.0,0.16128993055555568,83.87076388888896,0.96,541.6666666666666,520.0,21.66666666666663,1.0,1.0,0.0,0.16128993055555546,83.87076388888885,0.96,541.6666666666666,520.0,21.66666666666663,0.0,0.0,0.0,0.271,0.0,0.96,0.0,0.0,0.0,,,,308.90872356646736,1040.0,915.2,124.79999999999995,1040.0,0.0,1.0,1.0,0.0,0.3375313850158078,154.45436178323365,0.88,520.0,457.6,62.39999999999998,1.0,1.0,0.0,0.3375313850158078,154.45436178323365,0.88,520.0,457.6,62.39999999999998,0.0,0.0,0.0,0.08724817754776787,0.0,0.8800000000000001,0.0,0.0,0.0,0.0,0.0,0.0,0.08724817754776787,0.0,0.8800000000000001,0.0,0.0,0.0,0.0,,,0.101,92.43520000000001,915.2,0.0,915.2,28.3712,1.0,,,1083.3333333333333,-5.684341886080802e-14,465.83333333333326,2.0,569.0854513441832,0.0,0.0,0.0,57.81908185656901
47,1,48,0.1016,0.0,569.0854513441832,,,,0,0.0,1,1083.3333333333333,1083.3333333333333,-0.0,173.33333333333331,35.96666666666666,0.0,,,167.74152777771587,1083.3333333333333,1040.0,43.33333333333326,1083.3333333333333,0.0,1.0,0.0,0.0,0.1612899305555556,83.87076388888892,0.96,541.6666666666666,520.0,21.66666666666663,1.0,0.0,0.0,0.16128993055555546,83.87076388888885,0.96,541.6666666666666,520.0,21.66666666666663,0.0,0.0,0.0,0.271,0.0,0.96,0.0,0.0,0.0,,,,308.90872356646736,1040.0,915.2,124.79999999999995,1040.0,0.0,1.0,0.0,0.0,0.3375313850158078,154.45436178323365,0.88,520.0,457.6,62.39999999999998,1.0,0.0,0.0,0.3375313850158078,154.45436178323365,0.88,520.0,457.6,62.39999999999998,0.0,0.0,0.0,0.08724817754776787,0.0,0.8800000000000001,0.0,0.0,0.0,0.0,0.0,0.0,0.08724817754776784,0.0,0.88,0.0,0.0,0.0,0.0,,,0.101,92.43520000000001,915.2,0.0,915.2,28.3712,1.0,,,1083.3333333333333,-5.684341886080802e-14,465.83333333333326,2.0,569.0854513441832,0.0,0.0,0.0,57.81908185656901
48,1,49,0.1016,0.0,1300.325510697488,,,,0,0.0,1,2324.2154522888877,2324.2154522888877,-0.0,371.87447236622205,77.16395301599107,0.0,,,350.9011239133898,2324.2154522888877,2231.246834197332,92.96861809155553,2324.2154522888877,0.0,1.0,0.0,0.0,0.15766281409186098,118.83232814606316,0.96,785.116489675413,753.7118300883965,31.404659587016567,1.0,0.0,0.0,0.15734597385766275,117.4391483741908,0.96,777.4742703857104,746.375299570282,31.0989708154284,1.0,1.0,0.0,0.15677785124322013,114.62964739319786,0.96,761.6246922277644,731.1597045386538,30.464987689110558,,,,742.2542815516531,2231.246834197332,2051.189160717276,180.05767348004463,2231.2468341973204,0.0,1.0,0.0,0.0,0.36641566651589164,191.26439939555686,0.920588886947394,567.0147792993587,521.9875045579189,45.02727474143978,1.0,0.0,0.0,0.3662949752933391,191.11638280234877,0.9205842561497923,566.7655083970493,521.7554039590565,45.01010443799282,1.0,1.0,0.0,0.3572135968224298,179.93674967687215,0.9179744525355906,548.7332732504535,503.72312610014774,45.010147150305784,1.0,1.0,0.0,0.3572135968224325,179.9367496768753,0.9179744525355906,548.7332732504591,503.72312610015285,45.01014715030624,1.0,,,0.101,207.1701052324449,2051.189160717276,2051.189160717276,0.0,63.586863982235556,0.0,,,273.02629157160015,1.4210854715202004e-13,117.40130537578806,4.0,1300.325510697488,0.0,-0.0,0.0,132.11307188686476
49,1,50,0.1016,0.0,1300.3255106974907,,,,0,0.0,1,2324.2154522888877,2324.2154522888877,-0.0,371.87447236622205,77.16395301599107,0.0,,,350.90112391339005,2324.2154522888877,2231.246834197332,92.96861809155553,2324.2154522888877,0.0,1.0,0.0,0.0,0.15766281409186098,118.83232814606316,0.96,785.116489675413,753.7118300883965,31.404659587016567,1.0,0.0,0.0,0.15734597385766275,117.4391483741908,0.96,777.4742703857104,746.375299570282,31.0989708154284,1.0,0.0,0.0,0.15677785124322013,114.62964739319786,0.96,761.6246922277644,731.1597045386538,30.464987689110558,,,,742.2542815516554,2231.246834197332,2051.1891607172797,180.05767348004497,2231.2468341973245,0.0,1.0,0.0,0.0,0.36641566651589164,191.26439939555686,0.920588886947394,567.0147792993587,521.9875045579189,45.02727474143978,1.0,0.0,0.0,0.3662949752933391,191.11638280234877,0.9205842561497923,566.7655083970493,521.7554039590565,45.01010443799282,1.0,0.0,0.0,0.3572135968224318,179.93674967687446,0.9179744525355906,548.7332732504575,503.7231261001514,45.010147150306125,1.0,0.0,0.0,0.3572135968224325,179.9367496768753,0.9179744525355906,548.7332732504591,503.72312610015285,45.01014715030624,1.0,,,0.101,207.17010523244525,2051.1891607172797,2051.1891607172797,0.0,63.58686398223567,0.0,,,273.0262915716005,2.842170943040401e-14,117.40130537578821,4.0,1300.3255106974907,0.0,-0.0,0.0,132.11307188686504
50,1,51,0.1016,0.0,1300.3255106974916,,,,0,0.0,1,2324.2154522888877,2324.2154522888877,-0.0,371.87447236622205,77.16395301599107,0.0,,,350.90112391338994,2324.2154522888877,2231.246834197332,92.96861809155553,2324.2154522888877,0.0,1.0,0.0,0.0,0.15766281409186098,118.83232814606316,0.96,785.116489675413,753.7118300883965,31.404659587016567,1.0,0.0,0.0,0.15734597385766275,117.4391483741908,0.96,777.4742703857104,746.375299570282,31.0989708154284,1.0,0.0,0.0,0.15677785124322013,114.62964739319786,0.96,761.6246922277644,731.1597045386538,30.464987689110558,,,,742.2542815516563,2231.246834197332,2051.189160717281,180.05767348004508,2231.2468341973263,0.0,1.0,0.0,0.0,0.36641566651589164,191.26439939555686,0.920588886947394,567.0147792993587,521.9875045579189,45.02727474143978,1.0,0.0,0.0,0.3662949752933391,191.11638280234877,0.9205842561497923,566.7655083970493,521.7554039590565,45.01010443799282,1.0,0.0,0.0,0.3572135968224326,179.93674967687542,0.9179744525355906,548.7332732504592,503.72312610015297,45.01014715030624,1.0,0.0,0.0,0.3572135968224325,179.9367496768753,0.9179744525355906,548.7332732504591,503.72312610015285,45.01014715030624,1.0,,,0.101,207.1701052324454,2051.189160717281,2051.189160717281,0.0,63.58686398223571,0.0,,,273.0262915716006,0.0,117.40130537578825,4.0,1300.3255106974916,0.0,-0.0,0.0,132.11307188686513
51,1,52,0.1016,0.0,1300.320452685099,,,,0,0.0,1,2324.2154522888877,2324.2154522888877,-0.0,371.87447236622205,77.16395301599107,0.0,,,350.90112391339017,2324.2154522888877,2231.246834197332,92.96861809155553,2324.2154522888877,0.0,1.0,0.0,0.0,0.15766281409186098,118.83232814606316,0.96,785.116489675413,753.7118300883965,31.404659587016567,1.0,0.0,0.0,0.15734597385766275,117.4391483741908,0.96,777.4742703857104,746.375299570282,31.0989708154284,1.0,0.0,0.0,0.15677785124322013,114.62964739319786,0.96,761.6246922277644,731.1597045386538,30.464987689110558,,,,742.2500754168482,2231.246834197332,2051.1807262857506,180.0661079115764,2231.246834197327,0.0,1.0,0.0,0.0,0.36641566651589164,191.26439939555686,0.920588886947394,567.0147792993587,521.9875045579189,45.02727474143978,1.0,0.0,0.0,0.3662949752933391,191.11638280234877,0.9205842561497923,566.7655083970493,521.7554039590565,45.01010443799282,1.0,0.0,0.0,0.3572135968224326,179.93674967687542,0.9179744525355906,548.7332732504592,503.72312610015297,45.01014715030624,1.0,0.0,0.0,0.35721122793940463,179.93254354206718,0.9179590818045954,548.7332732504599,503.7146916686223,45.018581581837566,1.0,,,0.101,207.1692533548608,2051.1807262857506,2051.1807262857506,0.0,63.586602514858264,0.0,,,273.03472600313194,-5.684341886080802e-14,117.40493218134672,4.0,1300.320452685099,0.0,-0.0,0.0,132.11255799280607
52,1,53,0.1016,0.0,1300.3154419321895,,,,0,0.0,1,2324.2154522888877,2324.2154522888877,-0.0,371.87447236622205,77.16395301599107,0.0,,,350.90112391339005,2324.2154522888877,2231.246834197332,92.96861809155553,2324.2154522888877,0.0,1.0,0.0,0.0,0.15766281409186098,118.83232814606316,0.96,785.116489675413,753.7118300883965,31.404659587016567,1.0,0.0,0.0,0.15734597385766275,117.4391483741908,0.96,777.4742703857104,746.375299570282,31.0989708154284,1.0,0.0,0.0,0.15677785124322013,114.62964739319786,0.96,761.6246922277644,731.1597045386538,30.464987689110558,,,,742.2459085819834,2231.246834197332,2051.172370661547,180.07446353577984,2231.246834197327,0.0,1.0,0.0,0.0,0.36641566651589164,191.26439939555686,0.920588886947394,567.0147792993587,521.9875045579189,45.02727474143978,1.0,0.0,0.0,0.3662949752933391,191.11638280234877,0.9205842561497923,566.7655083970493,521.7554039590565,45.01010443799282,1.0,0.0,0.0,0.3572112500731238,179.9325828420106,0.9179592254214156,548.7332732504592,503.71477047594954,45.01850277450967,1.0,0.0,0.0,0.35721122793940463,179.93254354206718,0.9179590818045954,548.7332732504599,503.7146916686223,45.018581581837566,1.0,,,0.101,207.16840943681626,2051.172370661547,2051.172370661547,0.0,63.58634349050796,0.0,,,273.04308162733537,-1.7053025658242404e-13,117.4085250997542,4.0,1300.3154419321895,0.0,-0.0,0.0,132.11204890031044
53,1,54,0.1016,0.0,1300.3261567539078,,,,0,0.0,1,2324.2154522888877,2324.2154522888877,-0.0,371.87447236622205,77.16395301599107,0.0,,,350.90112391338994,2324.2154522888877,2231.246834197332,92.96861809155553,2324.2154522888877,0.0,1.0,0.0,0.0,0.15766281409186098,118.83232814606316,0.96,785.116489675413,753.7118300883965,31.404659587016567,1.0,0.0,0.0,0.15734597385766275,117.4391483741908,0.96,777.4742703857104,746.375299570282,31.0989708154284,1.0,0.0,0.0,0.15677785124322013,114.62964739319786,0.96,761.6246922277644,731.1597045386538,30.464987689110558,,,,742.2548470571747,2231.246834197332,2051.1899582509213,180.05687594640972,2231.246834197331,0.0,1.0,0.0,0.0,0.3664177004610847,191.26820304865248,0.9206020844012357,567.0147792993587,521.9949877092962,45.01979159006248,1.0,0.0,0.0,0.3662977229207818,191.12151762444458,0.9206020844012357,566.765508397053,521.765508397053,45.0,1.0,0.0,0.0,0.3572112500731238,179.9325828420106,0.9179592254214156,548.7332732504592,503.71477047594954,45.01850277450967,1.0,0.0,0.0,0.35721122793940463,179.93254354206718,0.9179590818045954,548.7332732504599,503.7146916686223,45.018581581837566,1.0,,,0.101,207.17018578334307,2051.1899582509213,2051.1899582509213,0.0,63.58688870577856,0.0,,,273.02549403796525,0.0,117.40096243632505,4.0,1300.326156753908,0.0,-0.0,0.0,132.11313752619702
54,1,55,0.1016,0.0,1300.32615675391,,,,0,0.0,1,2324.2154522888877,2324.2154522888877,-0.0,371.87447236622205,77.16395301599107,0.0,,,350.90112391338994,2324.2154522888877,2231.246834197332,92.96861809155553,2324.2154522888877,0.0,1.0,0.0,0.0,0.15766281409186098,118.83232814606316,0.96,785.116489675413,753.7118300883965,31.404659587016567,1.0,0.0,0.0,0.15734597385766275,117.4391483741908,0.96,777.4742703857104,746.375299570282,31.0989708154284,1.0,0.0,0.0,0.15677785124322013,114.62964739319786,0.96,761.6246922277644,731.1597045386538,30.464987689110558,,,,742.2548470571767,2231.246834197332,2051.1899582509245,180.0568759464099,2231.246834197334,0.0,1.0,0.0,0.0,0.3664177004610847,191.26820304865248,0.9206020844012357,567.0147792993587,521.9949877092962,45.01979159006248,1.0,0.0,0.0,0.3662977229207818,191.12151762444458,0.9206020844012357,566.765508397053,521.765508397053,45.0,1.0,0.0,0.0,0.3572112500731238,179.9325828420106,0.9179592254214156,548.7332732504592,503.71477047594954,45.01850277450967,1.0,0.0,0.0,0.3572112279394063,179.9325435420691,0.9179590818045956,548.7332732504632,503.71469166862545,45.018581581837736,1.0,,,0.101,207.17018578334338,2051.1899582509245,2051.1899582509245,0.0,63.58688870577866,0.0,,,273.0254940379654,2.842170943040401e-14,117.40096243632512,4.0,1300.32615675391,0.0,-0.0,0.0,132.11313752619725
55,1,56,0.1016,0.0,1300.32615675391,,,,0,0.0,1,2324.2154522888877,2324.2154522888877,-0.0,371.87447236622205,77.16395301599107,0.0,,,350.90112391338994,2324.2154522888877,2231.246834197332,92.96861809155553,2324.2154522888877,0.0,1.0,0.0,0.0,0.15766281409186098,118.83232814606316,0.96,785.116489675413,753.7118300883965,31.404659587016567,1.0,0.0,0.0,0.15734597385766275,117.4391483741908,0.96,777.4742703857104,746.375299570282,31.0989708154284,1.0,0.0,0.0,0.15677785124322013,114.62964739319786,0.96,761.6246922277644,731.1597045386538,30.464987689110558,,,,742.2548470571767,2231.246834197332,2051.189958250924,180.05687594641,2231.246834197334,0.0,1.0,0.0,0.0,0.3664177004610847,191.26820304865248,0.9206020844012357,567.0147792993587,521.9949877092962,45.01979159006248,1.0,0.0,0.0,0.3662977229207818,191.12151762444458,0.9206020844012357,566.765508397053,521.765508397053,45.0,1.0,0.0,0.0,0.3572112500731238,179.9325828420106,0.9179592254214156,548.7332732504592,503.71477047594954,45.01850277450967,1.0,0.0,0.0,0.35721122793940624,179.93254354206906,0.9179590818045954,548.7332732504632,503.71469166862533,45.01858158183785,1.0,,,0.101,207.17018578334336,2051.189958250924,2051.189958250924,0.0,63.58688870577865,0.0,,,273.02549403796553,5.684341886080802e-14,117.40096243632517,4.0,1300.32615675391,0.0,-0.0,0.0,132.11313752619725
56,1,57,0.1016,0.0,1300.32615675391,,,,0,0.0,1,2324.2154522888877,2324.2154522888877,-0.0,371.87447236622205,77.16395301599107,0.0,,,350.90112391338994,2324.2154522888877,2231.246834197332,92.96861809155553,2324.2154522888877,0.0,1.0,0.0,0.0,0.15766281409186098,118.83232814606316,0.96,785.116489675413,753.7118300883965,31.404659587016567,1.0,0.0,0.0,0.15734597385766275,117.4391483741908,0.96,777.4742703857104,746.375299570282,31.0989708154284,1.0,0.0,0.0,0.15677785124322013,114.62964739319786,0.96,761.6246922277644,731.1597045386538,30.464987689110558,,,,742.2548470571767,2231.246834197332,2051.189958250924,180.05687594641,2231.246834197334,0.0,1.0,0.0,0.0,0.3664177004610847,191.26820304865248,0.9206020844012357,567.0147792993587,521.9949877092962,45.01979159006248,1.0,0.0,0.0,0.3662977229207818,191.12151762444458,0.9206020844012357,566.765508397053,521.765508397053,45.0,1.0,0.0,0.0,0.3572112500731238,179.9325828420106,0.9179592254214156,548.7332732504592,503.71477047594954,45.01850277450967,1.0,0.0,0.0,0.35721122793940624,179.93254354206906,0.9179590818045954,548.7332732504632,503.71469166862533,45.01858158183785,1.0,,,0.101,207.17018578334336,2051.189958250924,2051.189958250924,0.0,63.58688870577865,0.0,,,273.02549403796553,5.684341886080802e-14,117.40096243632517,4.0,1300.32615675391,0.0,-0.0,0.0,132.11313752619725
57,1,58,0.1016,0.0,1300.32615675391,,,,0,0.0,1,2324.2154522888877,2324.2154522888877,-0.0,371.87447236622205,77.16395301599107,0.0,,,350.90112391338994,2324.2154522888877,2231.246834197332,92.96861809155553,2324.2154522888877,0.0,1.0,0.0,0.0,0.15766281409186098,118.83232814606316,0.96,785.116489675413,753.7118300883965,31.404659587016567,1.0,0.0,0.0,0.15734597385766275,117.4391483741908,0.96,777.4742703857104,746.375299570282,31.0989708154284,1.0,0.0,0.0,0.15677785124322013,114.62964739319786,0.96,761.6246922277644,731.1597045386538,30.464987689110558,,,,742.2548470571767,2231.246834197332,2051.189958250924,180.05687594641,2231.246834197334,0.0,1.0,0.0,0.0,0.3664177004610847,191.26820304865248,0.9206020844012357,567.0147792993587,521.9949877092962,45.01979159006248,1.0,0.0,0.0,0.3662977229207818,191.12151762444458,0.9206020844012357,566.765508397053,521.765508397053,45.0,1.0,0.0,0.0,0.3572112500731238,179.9325828420106,0.9179592254214156,548.7332732504592,503.71477047594954,45.01850277450967,1.0,0.0,0.0,0.35721122793940624,179.93254354206906,0.9179590818045954,548.7332732504632,503.71469166862533,45.01858158183785,1.0,,,0.101,207.17018578334336,2051.189958250924,2051.189958250924,0.0,63.58688870577865,0.0,,,273.02549403796553,5.684341886080802e-14,117.40096243632517,4.0,1300.32615675391,0.0,-0.0,0.0,132.11313752619725
58,1,59,0.1016,0.0,1300.32615675391,,,,0,0.0,1,2324.2154522888877,2324.2154522888877,-0.0,371.87447236622205,77.16395301599107,0.0,,,350.90112391338994,2324.2154522888877,2231.246834197332,92.96861809155553,2324.2154522888877,0.0,1.0,0.0,0.0,0.15766281409186098,118.83232814606316,0.96,785.116489675413,753.7118300883965,31.404659587016567,1.0,0.0,0.0,0.15734597385766275,117.4391483741908,0.96,777.4742703857104,746.375299570282,31.0989708154284,1.0,0.0,0.0,0.15677785124322013,114.62964739319786,0.96,761.6246922277644,731.1597045386538,30.464987689110558,,,,742.2548470571767,2231.246834197332,2051.189958250924,180.05687594641,2231.246834197334,0.0,1.0,0.0,0.0,0.3664177004610847,191.26820304865248,0.9206020844012357,567.0147792993587,521.9949877092962,45.01979159006248,1.0,0.0,0.0,0.3662977229207818,191.12151762444458,0.9206020844012357,566.765508397053,521.765508397053,45.0,1.0,0.0,0.0,0.3572112500731238,179.9325828420106,0.9179592254214156,548.7332732504592,503.71477047594954,45.01850277450967,1.0,0.0,0.0,0.35721122793940624,179.93254354206906,0.9179590818045954,548.7332732504632,503.71469166862533,45.01858158183785,1.0,,,0.101,207.17018578334336,2051.189958250924,2051.189958250924,0.0,63.58688870577865,0.0,,,273.02549403796553,5.684341886080802e-14,117.40096243632517,4.0,1300.32615675391,0.0,-0.0,0.0,132.11313752619725
59,1,60,0.1016,0.0,1300.32615675391,,,,0,0.0,1,2324.2154522888877,2324.2154522888877,-0.0,371.87447236622205,77.16395301599107,0.0,,,350.90112391338994,2324.2154522888877,2231.246834197332,92.96861809155553,2324.2154522888877,0.0,1.0,0.0,0.0,0.15766281409186098,118.83232814606316,0.96,785.116489675413,753.7118300883965,31.404659587016567,1.0,0.0,0.0,0.15734597385766275,117.4391483741908,0.96,777.4742703857104,746.375299570282,31.0989708154284,1.0,0.0,0.0,0.15677785124322013,114.62964739319786,0.96,761.6246922277644,731.1597045386538,30.464987689110558,,,,742.2548470571767,2231.246834197332,2051.189958250924,180.05687594641,2231.246834197334,0.0,1.0,0.0,0.0,0.3664177004610847,191.26820304865248,0.9206020844012357,567.0147792993587,521.9949877092962,45.01979159006248,1.0,0.0,0.0,0.3662977229207818,191.12151762444458,0.9206020844012357,566.765508397053,521.765508397053,45.0,1.0,0.0,0.0,0.3572112500731238,179.9325828420106,0.9179592254214156,548.7332732504592,503.71477047594954,45.01850277450967,1.0,0.0,0.0,0.35721122793940624,179.93254354206906,0.9179590818045954,548.7332732504632,503.71469166862533,45.01858158183785,1.0,,,0.101,207.17018578334336,2051.189958250924,2051.189958250924,0.0,63.58688870577865,0.0,,,273.02549403796553,5.684341886080802e-14,117.40096243632517,4.0,1300.32615675391,0.0,-0.0,0.0,132.11313752619725
60,1,61,0.1016,0.0,1300.32615675391,,,,0,0.0,1,2324.2154522888877,2324.2154522888877,-0.0,371.87447236622205,77.16395301599107,0.0,,,350.90112391338994,2324.2154522888877,2231.246834197332,92.96861809155553,2324.2154522888877,0.0,1.0,0.0,0.0,0.15766281409186098,118.83232814606316,0.96,785.116489675413,753.7118300883965,31.404659587016567,1.0,0.0,0.0,0.15734597385766275,117.4391483741908,0.96,777.4742703857104,746.375299570282,31.0989708154284,1.0,0.0,0.0,0.15677785124322013,114.62964739319786,0.96,761.6246922277644,731.1597045386538,30.464987689110558,,,,742.2548470571767,2231.246834197332,2051.189958250924,180.05687594641,2231.246834197334,0.0,1.0,0.0,0.0,0.3664177004610847,191.26820304865248,0.9206020844012357,567.0147792993587,521.9949877092962,45.01979159006248,1.0,0.0,0.0,0.3662977229207818,191.12151762444458,0.9206020844012357,566.765508397053,521.765508397053,45.0,1.0,0.0,0.0,0.3572112500731238,179.9325828420106,0.9179592254214156,548.7332732504592,503.71477047594954,45.01850277450967,1.0,0.0,0.0,0.35721122793940624,179.93254354206906,0.9179590818045954,548.7332732504632,503.71469166862533,45.01858158183785,1.0,,,0.101,207.17018578334336,2051.189958250924,2051.189958250924,0.0,63.58688870577865,0.0,,,273.02549403796553,5.684341886080802e-14,117.40096243632517,4.0,1300.32615675391,0.0,-0.0,0.0,132.11313752619725
61,1,62,0.1016,0.0,1300.32615675391,,,,0,0.0,1,2324.2154522888877,2324.2154522888877,-0.0,371.87447236622205,77.16395301599107,0.0,,,350.90112391338994,2324.2154522888877,2231.246834197332,92.96861809155553,2324.2154522888877,0.0,1.0,0.0,0.0,0.15766281409186098,118.83232814606316,0.96,785.116489675413,753.7118300883965,31.404659587016567,1.0,0.0,0.0,0.15734597385766275,117.4391483741908,0.96,777.4742703857104,746.375299570282,31.0989708154284,1.0,0.0,0.0,0.15677785124322013,114.62964739319786,0.96,761.6246922277644,731.1597045386538,30.464987689110558,,,,742.2548470571767,2231.246834197332,2051.189958250924,180.05687594641,2231.246834197334,0.0,1.0,0.0,0.0,0.3664177004610847,191.26820304865248,0.9206020844012357,567.0147792993587,521.9949877092962,45.01979159006248,1.0,0.0,0.0,0.3662977229207818,191.12151762444458,0.9206020844012357,566.765508397053,521.765508397053,45.0,1.0,0.0,0.0,0.3572112500731238,179.9325828420106,0.9179592254214156,548.7332732504592,503.71477047594954,45.01850277450967,1.0,0.0,0.0,0.35721122793940624,179.93254354206906,0.9179590818045954,548.7332732504632,503.71469166862533,45.01858158183785,1.0,,,0.101,207.17018578334336,2051.189958250924,2051.189958250924,0.0,63.58688870577865,0.0,,,273.02549403796553,5.684341886080802e-14,117.40096243632517,4.0,1300.32615675391,0.0,-0.0,0.0,132.11313752619725
62,1,63,0.1016,0.0,1300.32615675391,,,,0,0.0,1,2324.2154522888877,2324.2154522888877,-0.0,371.87447236622205,77.16395301599107,0.0,,,350.90112391338994,2324.2154522888877,2231.246834197332,92.96861809155553,2324.2154522888877,0.0,1.0,0.0,0.0,0.15766281409186098,118.83232814606316,0.96,785.116489675413,753.7118300883965,31.404659587016567,1.0,0.0,0.0,0.15734597385766275,117.4391483741908,0.96,777.4742703857104,746.375299570282,31.0989708154284,1.0,0.0,0.0,0.15677785124322013,114.62964739319786,0.96,761.6246922277644,731.1597045386538,30.464987689110558,,,,742.2548470571767,2231.246834197332,2051.189958250924,180.05687594641,2231.246834197334,0.0,1.0,0.0,0.0,0.3664177004610847,191.26820304865248,0.9206020844012357,567.0147792993587,521.9949877092962,45.01979159006248,1.0,0.0,0.0,0.3662977229207818,191.12151762444458,0.9206020844012357,566.765508397053,521.765508397053,45.0,1.0,0.0,0.0,0.3572112500731238,179.9325828420106,0.9179592254214156,548.7332732504592,503.71477047594954,45.01850277450967,1.0,0.0,0.0,0.35721122793940624,179.93254354206906,0.9179590818045954,548.7332732504632,503.71469166862533,45.01858158183785,1.0,,,0.101,207.17018578334336,2051.189958250924,2051.189958250924,0.0,63.58688870577865,0.0,,,273.02549403796553,5.684341886080802e-14,117.40096243632517,4.0,1300.32615675391,0.0,-0.0,0.0,132.11313752619725
63,1,64,0.1016,0.0,1300.32615675391,,,,0,0.0,1,2324.2154522888877,2324.2154522888877,-0.0,371.87447236622205,77.16395301599107,0.0,,,350.90112391338994,2324.2154522888877,2231.246834197332,92.96861809155553,2324.2154522888877,0.0,1.0,0.0,0.0,0.15766281409186098,118.83232814606316,0.96,785.116489675413,753.7118300883965,31.404659587016567,1.0,0.0,0.0,0.15734597385766275,117.4391483741908,0.96,777.4742703857104,746.375299570282,31.0989708154284,1.0,0.0,0.0,0.15677785124322013,114.62964739319786,0.96,761.6246922277644,731.1597045386538,30.464987689110558,,,,742.2548470571767,2231.246834197332,2051.189958250924,180.05687594641,2231.246834197334,0.0,1.0,0.0,0.0,0.3664177004610847,191.26820304865248,0.9206020844012357,567.0147792993587,521.9949877092962,45.01979159006248,1.0,0.0,0.0,0.3662977229207818,191.12151762444458,0.9206020844012357,566.765508397053,521.765508397053,45.0,1.0,0.0,0.0,0.3572112500731238,179.9325828420106,0.9179592254214156,548.7332732504592,503.71477047594954,45.01850277450967,1.0,0.0,0.0,0.35721122793940624,179.93254354206906,0.9179590818045954,548.7332732504632,503.71469166862533,45.01858158183785,1.0,,,0.101,207.17018578334336,2051.189958250924,2051.189958250924,0.0,63.58688870577865,0.0,,,273.02549403796553,5.684341886080802e-14,117.40096243632517,4.0,1300.32615675391,0.0,-0.0,0.0,132.11313752619725
64,1,65,0.1016,0.0,1300.2686348023053,,,,0,0.0,1,2324.21545228889,2324.21545228889,-0.0,371.8744723662224,77.16395301599115,0.0,,,350.90112391339017,2324.21545228889,2231.246834197334,92.96861809155564,2324.21545228889,0.0,1.0,0.0,0.0,0.15766281409186098,118.83232814606316,0.96,785.116489675413,753.7118300883965,31.404659587016567,1.0,0.0,0.0,0.15734597385766275,117.4391483741908,0.96,777.4742703857104,746.375299570282,31.0989708154284,1.0,0.0,0.0,0.15677785124322016,114.62964739319818,0.96,761.6246922277664,731.1597045386558,30.46498768911067,,,,742.2068626138617,2231.246834197334,2051.095527475776,180.15130672155772,2231.2468341973336,0.0,1.0,0.0,0.0,0.3664177004610847,191.26820304865248,0.9206020844012357,567.0147792993587,521.9949877092962,45.01979159006248,1.0,0.0,0.0,0.3662720664660584,191.07357248107365,0.9204356099661792,566.765508397053,521.6711564292332,45.094351967819875,1.0,0.0,0.0,0.35721122793940413,179.93254354206653,0.9179590818045954,548.7332732504588,503.71469166862124,45.01858158183751,1.0,0.0,0.0,0.35721122793940624,179.93254354206906,0.9179590818045954,548.7332732504632,503.71469166862533,45.01858158183785,1.0,,,0.101,207.1606482750534,2051.095527475776,2051.095527475776,0.0,63.58396135174906,0.0,,,273.11992481311336,0.0,117.44156766963874,4.0,1300.2686348023053,0.0,-0.0,0.0,132.10729329591422
65,1,66,0.15246,0.0,590.4509851059418,,,,0,0.0,1,1084.9030800326968,1084.9030800326968,-0.0,173.5844928052315,36.01878225708553,0.0,,,167.9250633782229,1084.9030800326968,1041.506956831389,43.39612320130789,1084.9030800326968,0.0,1.0,0.0,0.0,0.16117579715530042,84.05429948933397,0.96,543.2364133660303,521.5069568313891,21.72945653464126,1.0,0.0,0.0,0.16128993055555568,83.87076388888896,0.96,541.6666666666666,520.0,21.66666666666663,0.0,0.0,1.0,0.271,0.0,0.96,0.0,0.0,0.0,,,,326.4254587314666,1041.506956831389,951.4897326361609,90.0172241952506,1041.5069568314116,0.0,1.0,0.0,0.0,0.343067767874998,163.212729365733,0.9135702132330337,520.7534784157053,475.7448663180799,45.00861209762542,1.0,0.0,0.0,0.3430677678749985,163.21272936573357,0.9135702132330342,520.7534784157061,475.74486631808094,45.00861209762519,0.0,0.0,1.0,0.08724817754776787,0.0,0.8800000000000001,0.0,0.0,0.0,0.0,0.0,1.0,0.08724817754776787,0.0,0.8800000000000001,0.0,0.0,0.0,1.0,,,0.101,96.10046299625225,951.4897326361609,951.4897326361609,0.0,29.496181711720986,0.0,,,133.4133473965585,0.0,57.36773938052015,2.0,590.4509851059418,0.0,0.0,0.0,90.02015718925189
66,1,67,0.15246,0.0,590.4509851059419,,,,0,0.0,1,1084.9030800326968,1084.9030800326968,-0.0,173.5844928052315,36.01878225708553,0.0,,,167.92506337822283,1084.9030800326968,1041.506956831389,43.39612320130789,1084.9030800326968,0.0,1.0,0.0,0.0,0.16117579715530042,84.05429948933397,0.96,543.2364133660303,521.5069568313891,21.72945653464126,1.0,0.0,0.0,0.16128993055555568,83.87076388888896,0.96,541.6666666666666,520.0,21.66666666666663,0.0,0.0,0.0,0.271,0.0,0.96,0.0,0.0,0.0,,,,326.42545873146673,1041.506956831389,951.4897326361611,90.01722419525032,1041.5069568314116,0.0,1.0,0.0,0.0,0.34306776787499804,163.2127293657331,0.9135702132330342,520.7534784157053,475.7448663180802,45.00861209762513,1.0,0.0,0.0,0.3430677678749985,163.21272936573357,0.9135702132330342,520.7534784157061,475.74486631808094,45.00861209762519,0.0,0.0,0.0,0.08724817754776787,0.0,0.8800000000000001,0.0,0.0,0.0,0.0,0.0,0.0,0.08724817754776787,0.0,0.8800000000000001,0.0,0.0,0.0,1.0,,,0.101,96.10046299625228,951.4897326361611,951.4897326361611,0.0,29.496181711720993,0.0,,,133.4133473965582,2.842170943040401e-14,57.36773938052003,2.0,590.4509851059419,0.0,0.0,0.0,90.0201571892519
67,1,68,0.15246,0.0,590.450985105942,,,,0,0.0,1,1084.9030800326968,1084.9030800326968,-0.0,173.5844928052315,36.01878225708553,0.0,,,167.9250633782229,1084.9030800326968,1041.506956831389,43.39612320130789,1084.9030800326968,0.0,1.0,0.0,0.0,0.16117579715530042,84.05429948933397,0.96,543.2364133660303,521.5069568313891,21.72945653464126,1.0,0.0,0.0,0.16128993055555568,83.87076388888896,0.96,541.6666666666666,520.0,21.66666666666663,0.0,0.0,0.0,0.271,0.0,0.96,0.0,0.0,0.0,,,,326.4254587314668,1041.506956831389,951.4897326361613,90.01722419525021,1041.5069568314116,0.0,1.0,0.0,0.0,0.3430677678749981,163.21272936573317,0.9135702132330343,520.7534784157053,475.74486631808026,45.008612097625075,1.0,0.0,0.0,0.3430677678749985,163.2127293657336,0.9135702132330343,520.7534784157061,475.744866318081,45.00861209762513,0.0,0.0,0.0,0.08724817754776787,0.0,0.8800000000000001,0.0,0.0,0.0,0.0,0.0,0.0,0.08724817754776787,0.0,0.8800000000000001,0.0,0.0,0.0,1.0,,,0.101,96.1004629962523,951.4897326361613,951.4897326361613,0.0,29.496181711721,0.0,,,133.4133473965581,0.0,57.36773938051998,2.0,590.450985105942,0.0,0.0,0.0,90.02015718925192
68,1,69,0.15246,0.0,590.450985105942,,,,0,0.0,1,1084.9030800326968,1084.9030800326968,-0.0,173.5844928052315,36.01878225708553,0.0,,,167.9250633782229,1084.9030800326968,1041.506956831389,43.39612320130789,1084.9030800326968,0.0,1.0,0.0,0.0,0.16117579715530042,84.05429948933397,0.96,543.2364133660303,521.5069568313891,21.72945653464126,1.0,0.0,0.0,0.16128993055555568,83.87076388888896,0.96,541.6666666666666,520.0,21.66666666666663,0.0,0.0,0.0,0.271,0.0,0.96,0.0,0.0,0.0,,,,326.4254587314668,1041.506956831389,951.4897326361613,90.01722419525021,1041.5069568314116,0.0,1.0,0.0,0.0,0.3430677678749981,163.21272936573317,0.9135702132330343,520.7534784157053,475.74486631808026,45.008612097625075,1.0,0.0,0.0,0.3430677678749985,163.2127293657336,0.9135702132330343,520.7534784157061,475.744866318081,45.00861209762513,0.0,0.0,0.0,0.08724817754776787,0.0,0.8800000000000001,0.0,0.0,0.0,0.0,0.0,0.0,0.08724817754776787,0.0,0.8800000000000001,0.0,0.0,0.0,1.0,,,0.101,96.1004629962523,951.4897326361613,951.4897326361613,0.0,29.496181711721,0.0,,,133.4133473965581,0.0,57.36773938051998,2.0,590.450985105942,0.0,0.0,0.0,90.02015718925192
69,1,70,0.15246,0.0,590.450985105942,,,,0,0.0,1,1084.9030800326968,1084.9030800326968,-0.0,173.5844928052315,36.01878225708553,0.0,,,167.9250633782229,1084.9030800326968,1041.506956831389,43.39612320130789,1084.9030800326968,0.0,1.0,0.0,0.0,0.16117579715530042,84.05429948933397,0.96,543.2364133660303,521.5069568313891,21.72945653464126,1.0,0.0,0.0,0.16128993055555568,83.87076388888896,0.96,541.6666666666666,520.0,21.66666666666663,0.0,0.0,0.0,0.271,0.0,0.96,0.0,0.0,0.0,,,,326.4254587314668,1041.506956831389,951.4897326361613,90.01722419525021,1041.5069568314116,0.0,1.0,0.0,0.0,0.3430677678749981,163.21272936573317,0.9135702132330343,520.7534784157053,475.74486631808026,45.008612097625075,1.0,0.0,0.0,0.3430677678749985,163.2127293657336,0.9135702132330343,520.7534784157061,475.744866318081,45.00861209762513,0.0,0.0,0.0,0.08724817754776787,0.0,0.8800000000000001,0.0,0.0,0.0,0.0,0.0,0.0,0.08724817754776787,0.0,0.8800000000000001,0.0,0.0,0.0,1.0,,,0.101,96.1004629962523,951.4897326361613,951.4897326361613,0.0,29.496181711721,0.0,,,133.4133473965581,0.0,57.36773938051998,2.0,590.450985105942,0.0,0.0,0.0,90.02015718925192
70,1,71,0.1016,0.0,1093.6011653940636,,,,0,0.0,1,1875.0,1875.0,-0.0,300.0,62.25,0.0,,,287.78822550591997,1875.0,1800.0,75.0,1875.0,0.0,1.0,0.0,0.0,0.15795647584845363,120.04692164482474,0.96,791.6666666666666,759.9999999999999,31.666666666666742,1.0,0.0,0.0,0.16128949994666955,83.87053997226816,0.96,541.6666666666666,520.0,21.66666666666663,1.0,1.0,0.0,0.16128993055555566,83.87076388888894,0.96,541.6666666666666,520.0,21.66666666666663,,,,637.6479398881436,1800.0,1665.0,135.0,1800.0,0.0,1.0,0.0,0.0,0.3829717356685547,212.54931329604784,0.925,600.0,555.0,45.0,1.0,0.0,0.0,0.3829717356685547,212.54931329604784,0.925,600.0,555.0,45.0,1.0,1.0,0.0,0.3829717356685547,212.54931329604784,0.925,600.0,555.0,45.0,0.0,0.0,0.0,0.08724817754776787,0.0,0.8800000000000001,0.0,0.0,0.0,1.0,,,0.101,168.16500000000002,1665.0,1665.0,0.0,51.615,0.0,,,210.0,5.684341886080802e-14,90.3,3.0,1093.6011653940636,0.0,0.0,0.0,111.10987840403686
71,1,72,0.1016,0.0,1093.6011653940636,,,,0,0.0,1,1875.0,1875.0,-0.0,300.0,62.25,0.0,,,287.7882255059201,1875.0,1800.0,75.0,1875.0,0.0,1.0,0.0,0.0,0.15795647584845363,120.04692164482474,0.96,791.6666666666666,759.9999999999999,31.666666666666742,1.0,0.0,0.0,0.16128949994666955,83.87053997226816,0.96,541.6666666666666,520.0,21.66666666666663,1.0,0.0,0.0,0.16128993055555566,83.87076388888894,0.96,541.6666666666666,520.0,21.66666666666663,,,,637.6479398881436,1800.0,1665.0,135.0,1800.0,0.0,1.0,0.0,0.0,0.3829717356685547,212.54931329604784,0.925,600.0,555.0,45.0,1.0,0.0,0.0,0.3829717356685547,212.54931329604784,0.925,600.0,555.0,45.0,1.0,0.0,0.0,0.3829717356685547,212.54931329604784,0.925,600.0,555.0,45.0,0.0,0.0,0.0,0.08724817754776787,0.0,0.8800000000000001,0.0,0.0,0.0,1.0,,,0.101,168.16500000000002,1665.0,1665.0,0.0,51.615,0.0,,,210.0,-5.684341886080802e-14,90.3,3.0,1093.6011653940636,0.0,0.0,0.0,111.10987840403686
72,1,73,0.1016,0.0,1093.6011653940636,,,,0,0.0,1,1875.0,1875.0,-0.0,300.0,62.25,0.0,,,287.78822550591997,1875.0,1800.0,75.0,1875.0,0.0,1.0,0.0,0.0,0.15795647584845363,120.04692164482474,0.96,791.6666666666666,759.9999999999999,31.666666666666742,1.0,0.0,0.0,0.16128949994666955,83.87053997226816,0.96,541.6666666666666,520.0,21.66666666666663,1.0,0.0,0.0,0.16128993055555582,83.87076388888903,0.96,541.6666666666666,520.0,21.66666666666663,,,,637.6479398881436,1800.0,1665.0,135.0,1800.0,0.0,1.0,0.0,0.0,0.3829717356685547,212.54931329604784,0.925,600.0,555.0,45.0,1.0,0.0,0.0,0.3829717356685547,212.54931329604784,0.925,600.0,555.0,45.0,1.0,0.0,0.0,0.3829717356685547,212.54931329604784,0.925,600.0,555.0,45.0,0.0,0.0,0.0,0.08724817754776787,0.0,0.8800000000000001,0.0,0.0,0.0,1.0,,,0.101,168.16500000000002,1665.0,1665.0,0.0,51.615,0.0,,,210.0,5.684341886080802e-14,90.3,3.0,1093.6011653940636,0.0,0.0,0.0,111.10987840403686
73,1,74,0.1016,0.0,1093.6011653940636,,,,0,0.0,1,1875.0,1875.0,-0.0,300.0,62.25,0.0,,,287.78822550591997,1875.0,1800.0,75.0,1875.0,0.0,1.0,0.0,0.0,0.15795647584845363,120.04692164482474,0.96,791.6666666666666,759.9999999999999,31.666666666666742,1.0,0.0,0.0,0.16128949994666955,83.87053997226816,0.96,541.6666666666666,520.0,21.66666666666663,1.0,0.0,0.0,0.16128993055555582,83.87076388888903,0.96,541.6666666666666,520.0,21.66666666666663,,,,637.6479398881436,1800.0,1665.0,135.0,1800.0,0.0,1.0,0.0,0.0,0.3829717356685547,212.54931329604784,0.925,600.0,555.0,45.0,1.0,0.0,0.0,0.3829717356685547,212.54931329604784,0.925,600.0,555.0,45.0,1.0,0.0,0.0,0.3829717356685547,212.54931329604784,0.925,600.0,555.0,45.0,0.0,0.0,0.0,0.08724817754776787,0.0,0.8800000000000001,0.0,0.0,0.0,1.0,,,0.101,168.16500000000002,1665.0,1665.0,0.0,51.615,0.0,,,210.0,5.684341886080802e-14,90.3,3.0,1093.6011653940636,0.0,0.0,0.0,111.10987840403686
74,1,75,0.1016,0.0,1093.6011653940636,,,,0,0.0,1,1875.0,1875.0,-0.0,300.0,62.25,0.0,,,287.7882255059201,1875.0,1800.0,75.0,1875.0,0.0,1.0,0.0,0.0,0.15795647584845363,120.04692164482474,0.96,791.6666666666666,759.9999999999999,31.666666666666742,1.0,0.0,0.0,0.16128949994666955,83.87053997226816,0.96,541.6666666666666,520.0,21.66666666666663,1.0,0.0,0.0,0.16128993055555582,83.87076388888903,0.96,541.6666666666666,520.0,21.66666666666663,,,,637.6479398881436,1800.0,1665.0,135.0,1800.0,0.0,1.0,0.0,0.0,0.3829717356685547,212.54931329604784,0.925,600.0,555.0,45.0,1.0,0.0,0.0,0.3829717356685547,212.54931329604784,0.925,600.0,555.0,45.0,1.0,0.0,0.0,0.3829717356685547,212.54931329604784,0.925,600.0,555.0,45.0,0.0,0.0,0.0,0.08724817754776787,0.0,0.8800000000000001,0.0,0.0,0.0,1.0,,,0.101,168.16500000000002,1665.0,1665.0,0.0,51.615,0.0,,,210.0,-5.684341886080802e-14,90.3,3.0,1093.6011653940636,0.0,0.0,0.0,111.10987840403686
75,1,76,0.1016,0.0,1093.6011653940636,,,,0,0.0,1,1875.0,1875.0,-0.0,300.0,62.25,0.0,,,287.7882255059201,1875.0,1800.0,75.0,1875.0,0.0,1.0,0.0,0.0,0.15795647584845363,120.04692164482474,0.96,791.6666666666666,759.9999999999999,31.666666666666742,1.0,0.0,0.0,0.16128949994666955,83.87053997226816,0.96,541.6666666666666,520.0,21.66666666666663,1.0,0.0,0.0,0.1612899305555559,83.87076388888907,0.96,541.6666666666666,520.0,21.66666666666663,,,,637.6479398881436,1800.0,1665.0,135.0,1800.0,0.0,1.0,0.0,0.0,0.3829717356685547,212.54931329604784,0.925,600.0,555.0,45.0,1.0,0.0,0.0,0.3829717356685547,212.54931329604784,0.925,600.0,555.0,45.0,1.0,0.0,0.0,0.3829717356685547,212.54931329604784,0.925,600.0,555.0,45.0,0.0,0.0,0.0,0.08724817754776787,0.0,0.8800000000000001,0.0,0.0,0.0,1.0,,,0.101,168.16500000000002,1665.0,1665.0,0.0,51.615,0.0,,,210.0,-5.684341886080802e-14,90.3,3.0,1093.6011653940636,0.0,0.0,0.0,111.10987840403686
76,1,77,0.1016,0.0,1093.6011653940636,,,,0,0.0,1,1875.0,1875.0,-0.0,300.0,62.25,0.0,,,287.7882255059201,1875.0,1800.0,75.0,1875.0,0.0,1.0,0.0,0.0,0.15795647584845363,120.04692164482474,0.96,791.6666666666666,759.9999999999999,31.666666666666742,1.0,0.0,0.0,0.16128949994666955,83.87053997226816,0.96,541.6666666666666,520.0,21.66666666666663,1.0,0.0,0.0,0.16128993055555557,83.8707638888889,0.96,541.6666666666666,520.0,21.66666666666663,,,,637.6479398881436,1800.0,1665.0,135.0,1800.0,0.0,1.0,0.0,0.0,0.3829717356685547,212.54931329604784,0.925,600.0,555.0,45.0,1.0,0.0,0.0,0.3829717356685547,212.54931329604784,0.925,600.0,555.0,45.0,1.0,0.0,0.0,0.3829717356685547,212.54931329604784,0.925,600.0,555.0,45.0,0.0,0.0,0.0,0.08724817754776787,0.0,0.8800000000000001,0.0,0.0,0.0,1.0,,,0.101,168.16500000000002,1665.0,1665.0,0.0,51.615,0.0,,,210.0,-5.684341886080802e-14,90.3,3.0,1093.6011653940636,0.0,0.0,0.0,111.10987840403686
77,1,78,0.1016,0.0,1093.6011653940636,,,,0,0.0,1,1875.0,1875.0,-0.0,300.0,62.25,0.0,,,287.7882255059201,1875.0,1800.0,75.0,1875.0,0.0,1.0,0.0,0.0,0.15795647584845363,120.04692164482474,0.96,791.6666666666666,759.9999999999999,31.666666666666742,1.0,0.0,0.0,0.16128949994666955,83.87053997226816,0.96,541.6666666666666,520.0,21.66666666666663,1.0,0.0,0.0,0.16128993055555557,83.8707638888889,0.96,541.6666666666666,520.0,21.66666666666663,,,,637.6479398881436,1800.0,1665.0,135.0,1800.0,0.0,1.0,0.0,0.0,0.3829717356685547,212.54931329604784,0.925,600.0,555.0,45.0,1.0,0.0,0.0,0.3829717356685547,212.54931329604784,0.925,600.0,555.0,45.0,1.0,0.0,0.0,0.3829717356685547,212.54931329604784,0.925,600.0,555.0,45.0,0.0,0.0,0.0,0.08724817754776787,0.0,0.8800000000000001,0.0,0.0,0.0,1.0,,,0.101,168.16500000000002,1665.0,1665.0,0.0,51.615,0.0,,,210.0,-5.684341886080802e-14,90.3,3.0,1093.6011653940636,0.0,0.0,0.0,111.10987840403686
78,1,79,0.1016,0.0,1093.6011653940636,,,,0,0.0,1,1875.0,1875.0,-0.0,300.0,62.25,0.0,,,287.7882255059201,1875.0,1800.0,75.0,1875.0,0.0,1.0,0.0,0.0,0.15795647584845363,120.04692164482474,0.96,791.6666666666666,759.9999999999999,31.666666666666742,1.0,0.0,0.0,0.16128949994666955,83.87053997226816,0.96,541.6666666666666,520.0,21.66666666666663,1.0,0.0,0.0,0.16128993055555557,83.8707638888889,0.96,541.6666666666666,520.0,21.66666666666663,,,,637.6479398881436,1800.0,1665.0,135.0,1800.0,0.0,1.0,0.0,0.0,0.3829717356685547,212.54931329604784,0.925,600.0,555.0,45.0,1.0,0.0,0.0,0.3829717356685547,212.54931329604784,0.925,600.0,555.0,45.0,1.0,0.0,0.0,0.3829717356685547,212.54931329604784,0.925,600.0,555.0,45.0,0.0,0.0,0.0,0.08724817754776787,0.0,0.8800000000000001,0.0,0.0,0.0,1.0,,,0.101,168.16500000000002,1665.0,1665.0,0.0,51.615,0.0,,,210.0,-5.684341886080802e-14,90.3,3.0,1093.6011653940636,0.0,0.0,0.0,111.10987840403686
79,1,80,0.1016,0.0,1093.6013893106842,,,,0,0.0,1,1875.0,1875.0,-0.0,300.0,62.25,0.0,,,287.7884494225407,1875.0,1800.0,75.0,1875.0,0.0,1.0,0.0,0.0,0.15795647584845363,120.04692164482474,0.96,791.6666666666666,759.9999999999999,31.666666666666742,1.0,0.0,0.0,0.16128993055555546,83.87076388888885,0.96,541.6666666666666,520.0,21.66666666666663,1.0,0.0,0.0,0.1612899305555553,83.87076388888875,0.96,541.6666666666666,520.0,21.66666666666663,,,,637.6479398881436,1800.0,1665.0,135.0,1800.0,0.0,1.0,0.0,0.0,0.3829717356685547,212.54931329604784,0.925,600.0,555.0,45.0,1.0,0.0,0.0,0.3829717356685547,212.54931329604784,0.925,600.0,555.0,45.0,1.0,0.0,0.0,0.3829717356685547,212.54931329604784,0.925,600.0,555.0,45.0,0.0,0.0,0.0,0.08724817754776787,0.0,0.8800000000000001,0.0,0.0,0.0,1.0,,,0.101,168.16500000000002,1665.0,1665.0,0.0,51.615,0.0,,,210.0,-5.684341886080802e-14,90.3,3.0,1093.6013893106842,0.0,0.0,0.0,111.10990115396551
80,1,81,0.1016,0.0,1093.6013893106842,,,,0,0.0,1,1875.0,1875.0,-0.0,300.0,62.25,0.0,,,287.7884494225407,1875.0,1800.0,75.0,1875.0,0.0,1.0,0.0,0.0,0.15795647584845363,120.04692164482474,0.96,791.6666666666666,759.9999999999999,31.666666666666742,1.0,0.0,0.0,0.16128993055555557,83.8707638888889,0.96,541.6666666666666,520.0,21.66666666666663,1.0,0.0,0.0,0.1612899305555553,83.87076388888875,0.96,541.6666666666666,520.0,21.66666666666663,,,,637.6479398881436,1800.0,1665.0,135.0,1800.0,0.0,1.0,0.0,0.0,0.3829717356685547,212.54931329604784,0.925,600.0,555.0,45.0,1.0,0.0,0.0,0.3829717356685547,212.54931329604784,0.925,600.0,555.0,45.0,1.0,0.0,0.0,0.3829717356685547,212.54931329604784,0.925,600.0,555.0,45.0,0.0,0.0,0.0,0.08724817754776787,0.0,0.8800000000000001,0.0,0.0,0.0,1.0,,,0.101,168.16500000000002,1665.0,1665.0,0.0,51.615,0.0,,,210.0,-5.684341886080802e-14,90.3,3.0,1093.6013893106842,0.0,0.0,0.0,111.10990115396551
81,1,82,0.1016,0.0,1093.6013893106842,,,,0,0.0,1,1875.0,1875.0,-0.0,300.0,62.25,0.0,,,287.7884494225407,1875.0,1800.0,75.0,1875.0,0.0,1.0,0.0,0.0,0.15795647584845363,120.04692164482474,0.96,791.6666666666666,759.9999999999999,31.666666666666742,1.0,0.0,0.0,0.16128993055555566,83.87076388888894,0.96,541.6666666666666,520.0,21.66666666666663,1.0,0.0,0.0,0.16128993055555554,83.87076388888889,0.96,541.6666666666666,520.0,21.66666666666663,,,,637.6479398881436,1800.0,1665.0,135.0,1800.0,0.0,1.0,0.0,0.0,0.3829717356685547,212.54931329604784,0.925,600.0,555.0,45.0,1.0,0.0,0.0,0.3829717356685547,212.54931329604784,0.925,600.0,555.0,45.0,1.0,0.0,0.0,0.3829717356685547,212.54931329604784,0.925,600.0,555.0,45.0,0.0,0.0,0.0,0.08724817754776787,0.0,0.8800000000000001,0.0,0.0,0.0,1.0,,,0.101,168.16500000000002,1665.0,1665.0,0.0,51.615,0.0,,,210.0,-5.684341886080802e-14,90.3,3.0,1093.6013893106842,0.0,0.0,0.0,111.10990115396551
82,1,83,0.1016,0.0,1093.6013893106845,,,,0,0.0,1,1875.0,1875.0,-0.0,300.0,62.25,0.0,,,287.7884494225408,1875.0,1800.0,75.0,1875.0,0.0,1.0,0.0,0.0,0.15795647584845363,120.04692164482474,0.96,791.6666666666666,759.9999999999999,31.666666666666742,1.0,0.0,0.0,0.1612899305555558,83.87076388888902,0.96,541.6666666666666,520.0,21.66666666666663,1.0,0.0,0.0,0.16128993055555554,83.87076388888889,0.96,541.6666666666666,520.0,21.66666666666663,,,,637.6479398881436,1800.0,1665.0,135.0,1800.0,0.0,1.0,0.0,0.0,0.3829717356685547,212.54931329604784,0.925,600.0,555.0,45.0,1.0,0.0,0.0,0.3829717356685547,212.54931329604784,0.925,600.0,555.0,45.0,1.0,0.0,0.0,0.3829717356685547,212.54931329604784,0.925,600.0,555.0,45.0,0.0,0.0,0.0,0.08724817754776787,0.0,0.8800000000000001,0.0,0.0,0.0,1.0,,,0.101,168.16500000000002,1665.0,1665.0,0.0,51.615,0.0,,,210.0,5.684341886080802e-14,90.3,3.0,1093.6013893106845,0.0,0.0,0.0,111.10990115396554
83,1,84,0.1016,0.0,1093.6013893106845,,,,0,0.0,1,1875.0,1875.0,-0.0,300.0,62.25,0.0,,,287.7884494225409,1875.0,1800.0,75.0,1875.0,0.0,1.0,0.0,0.0,0.15795647584845363,120.04692164482474,0.96,791.6666666666666,759.9999999999999,31.666666666666742,1.0,0.0,0.0,0.1612899305555558,83.87076388888902,0.96,541.6666666666666,520.0,21.66666666666663,1.0,0.0,0.0,0.16128993055555554,83.87076388888889,0.96,541.6666666666666,520.0,21.66666666666663,,,,637.6479398881436,1800.0,1665.0,135.0,1800.0,0.0,1.0,0.0,0.0,0.3829717356685547,212.54931329604784,0.925,600.0,555.0,45.0,1.0,0.0,0.0,0.3829717356685547,212.54931329604784,0.925,600.0,555.0,45.0,1.0,0.0,0.0,0.3829717356685547,212.54931329604784,0.925,600.0,555.0,45.0,0.0,0.0,0.0,0.08724817754776787,0.0,0.8800000000000001,0.0,0.0,0.0,1.0,,,0.101,168.16500000000002,1665.0,1665.0,0.0,51.615,0.0,,,210.0,-5.684341886080802e-14,90.3,3.0,1093.6013893106845,0.0,0.0,0.0,111.10990115396554
84,1,85,0.1016,0.0,1093.6013893106845,,,,0,0.0,1,1875.0,1875.0,-0.0,300.0,62.25,0.0,,,287.7884494225409,1875.0,1800.0,75.0,1875.0,0.0,1.0,0.0,0.0,0.15795647584845363,120.04692164482474,0.96,791.6666666666666,759.9999999999999,31.666666666666742,1.0,0.0,0.0,0.1612899305555559,83.87076388888907,0.96,541.6666666666666,520.0,21.66666666666663,1.0,0.0,0.0,0.16128993055555554,83.87076388888889,0.96,541.6666666666666,520.0,21.66666666666663,,,,637.6479398881436,1800.0,1665.0,135.0,1800.0,0.0,1.0,0.0,0.0,0.3829717356685547,212.54931329604784,0.925,600.0,555.0,45.0,1.0,0.0,0.0,0.3829717356685547,212.54931329604784,0.925,600.0,555.0,45.0,1.0,0.0,0.0,0.3829717356685547,212.54931329604784,0.925,600.0,555.0,45.0,0.0,0.0,0.0,0.08724817754776787,0.0,0.8800000000000001,0.0,0.0,0.0,1.0,,,0.101,168.16500000000002,1665.0,1665.0,0.0,51.615,0.0,,,210.0,-5.684341886080802e-14,90.3,3.0,1093.6013893106845,0.0,0.0,0.0,111.10990115396554
85,1,86,0.1016,0.0,1093.6013893106845,,,,0,0.0,1,1875.0,1875.0,-0.0,300.0,62.25,0.0,,,287.7884494225408,1875.0,1800.0,75.0,1875.0,0.0,1.0,0.0,0.0,0.15795647584845363,120.04692164482474,0.96,791.6666666666666,759.9999999999999,31.666666666666742,1.0,0.0,0.0,0.16128993055555596,83.8707638888891,0.96,541.6666666666666,520.0,21.66666666666663,1.0,0.0,0.0,0.16128993055555554,83.87076388888889,0.96,541.6666666666666,520.0,21.66666666666663,,,,637.6479398881436,1800.0,1665.0,135.0,1800.0,0.0,1.0,0.0,0.0,0.3829717356685547,212.54931329604784,0.925,600.0,555.0,45.0,1.0,0.0,0.0,0.3829717356685547,212.54931329604784,0.925,600.0,555.0,45.0,1.0,0.0,0.0,0.3829717356685547,212.54931329604784,0.925,600.0,555.0,45.0,0.0,0.0,0.0,0.08724817754776787,0.0,0.8800000000000001,0.0,0.0,0.0,1.0,,,0.101,168.16500000000002,1665.0,1665.0,0.0,51.615,0.0,,,210.0,5.684341886080802e-14,90.3,3.0,1093.6013893106845,0.0,0.0,0.0,111.10990115396554
86,1,87,0.1016,0.0,1093.6013893106847,,,,0,0.0,1,1875.0,1875.0,-0.0,300.0,62.25,0.0,,,287.78844942254113,1875.0,1800.0,75.0,1875.0,0.0,1.0,0.0,0.0,0.15795647584845363,120.04692164482474,0.96,791.6666666666666,759.9999999999999,31.666666666666742,1.0,0.0,0.0,0.16128993055555602,83.87076388888913,0.96,541.6666666666666,520.0,21.66666666666663,1.0,0.0,0.0,0.16128993055555554,83.87076388888889,0.96,541.6666666666666,520.0,21.66666666666663,,,,637.6479398881436,1800.0,1665.0,135.0,1800.0,0.0,1.0,0.0,0.0,0.3829717356685547,212.54931329604784,0.925,600.0,555.0,45.0,1.0,0.0,0.0,0.3829717356685547,212.54931329604784,0.925,600.0,555.0,45.0,1.0,0.0,0.0,0.3829717356685547,212.54931329604784,0.925,600.0,555.0,45.0,0.0,0.0,0.0,0.08724817754776787,0.0,0.8800000000000001,0.0,0.0,0.0,1.0,,,0.101,168.16500000000002,1665.0,1665.0,0.0,51.615,0.0,,,210.0,-5.684341886080802e-14,90.3,3.0,1093.6013893106847,0.0,0.0,0.0,111.10990115396555
87,1,88,0.1016,0.0,1093.601389310685,,,,0,0.0,1,1875.0,1875.0,-0.0,300.0,62.25,0.0,,,287.78844942254125,1875.0,1800.0,75.0,1875.0,0.0,1.0,0.0,0.0,0.15795647584845363,120.04692164482474,0.96,791.6666666666666,759.9999999999999,31.666666666666742,1.0,0.0,0.0,0.16128993055555613,83.87076388888919,0.96,541.6666666666666,520.0,21.66666666666663,1.0,0.0,0.0,0.16128993055555602,83.87076388888913,0.96,541.6666666666666,520.0,21.66666666666663,,,,637.6479398881436,1800.0,1665.0,135.0,1800.0,0.0,1.0,0.0,0.0,0.3829717356685547,212.54931329604784,0.925,600.0,555.0,45.0,1.0,0.0,0.0,0.3829717356685547,212.54931329604784,0.925,600.0,555.0,45.0,1.0,0.0,0.0,0.3829717356685547,212.54931329604784,0.925,600.0,555.0,45.0,0.0,0.0,0.0,0.08724817754776787,0.0,0.8800000000000001,0.0,0.0,0.0,1.0,,,0.101,168.16500000000002,1665.0,1665.0,0.0,51.615,0.0,,,210.0,5.684341886080802e-14,90.3,3.0,1093.601389310685,0.0,0.0,0.0,111.10990115396558
88,1,89,0.1016,0.0,1093.6013893106842,,,,0,0.0,1,1875.0,1875.0,-0.0,300.0,62.25,0.0,,,287.7884494225407,1875.0,1800.0,75.0,1875.0,0.0,1.0,0.0,0.0,0.15795647584845363,120.04692164482474,0.96,791.6666666666666,759.9999999999999,31.666666666666742,1.0,0.0,0.0,0.1612899305555556,83.87076388888892,0.96,541.6666666666666,520.0,21.66666666666663,1.0,0.0,0.0,0.16128993055555552,83.87076388888887,0.96,541.6666666666666,520.0,21.66666666666663,,,,637.6479398881436,1800.0,1665.0,135.0,1800.0,0.0,1.0,0.0,0.0,0.3829717356685547,212.54931329604784,0.925,600.0,555.0,45.0,1.0,0.0,0.0,0.3829717356685547,212.54931329604784,0.925,600.0,555.0,45.0,1.0,0.0,0.0,0.3829717356685547,212.54931329604784,0.925,600.0,555.0,45.0,0.0,0.0,0.0,0.08724817754776787,0.0,0.8800000000000001,0.0,0.0,0.0,1.0,,,0.101,168.16500000000002,1665.0,1665.0,0.0,51.615,0.0,,,210.0,-5.684341886080802e-14,90.3,3.0,1093.6013893106842,0.0,0.0,0.0,111.10990115396551
89,1,90,0.15246,0.0,589.2454694891311,,,,0,0.0,1,1083.3333333333333,1083.3333333333333,-0.0,173.33333333333331,35.96666666666666,0.0,,,167.74152777777795,1083.3333333333333,1040.0,43.33333333333326,1083.3333333333333,0.0,1.0,0.0,0.0,0.16128993055555582,83.87076388888903,0.96,541.6666666666666,520.0,21.66666666666663,1.0,0.0,0.0,0.16128993055555577,83.870763888889,0.96,541.6666666666666,520.0,21.66666666666663,0.0,0.0,1.0,0.271,0.0,0.96,0.0,0.0,0.0,,,,325.55394171135316,1040.0,950.0,89.99999999999864,1039.9999999999986,0.0,1.0,0.0,0.0,0.3426883596961612,162.77697085567655,0.9134615384615399,519.9999999999992,475.0,44.999999999999204,1.0,0.0,0.0,0.34268835969616124,162.77697085567658,0.9134615384615395,519.9999999999994,475.0,44.99999999999943,0.0,0.0,1.0,0.08724817754776787,0.0,0.8800000000000001,0.0,0.0,0.0,0.0,0.0,0.0,0.08724817754776787,0.0,0.8800000000000001,0.0,0.0,0.0,1.0,,,0.101,95.95,950.0,950.0,0.0,29.45,0.0,,,133.3333333333319,-1.4210854715202004e-14,57.33333333333271,2.0,589.2454694891311,0.0,0.0,0.0,89.83636427831293
90,1,91,0.15246,0.0,589.2454694891313,,,,0,0.0,1,1083.3333333333333,1083.3333333333333,-0.0,173.33333333333331,35.96666666666666,0.0,,,167.74152777777817,1083.3333333333333,1040.0,43.33333333333326,1083.3333333333333,0.0,1.0,0.0,0.0,0.161289930555556,83.87076388888912,0.96,541.6666666666666,520.0,21.66666666666663,1.0,0.0,0.0,0.16128993055555588,83.87076388888906,0.96,541.6666666666666,520.0,21.66666666666663,0.0,0.0,0.0,0.271,0.0,0.96,0.0,0.0,0.0,,,,325.55394171135316,1040.0,950.0,89.99999999999852,1039.9999999999986,0.0,1.0,0.0,0.0,0.34268835969616124,162.77697085567658,0.9134615384615395,519.9999999999994,475.0,44.99999999999943,1.0,0.0,0.0,0.3426883596961612,162.77697085567655,0.9134615384615401,519.9999999999991,475.0,44.99999999999909,0.0,0.0,0.0,0.08724817754776787,0.0,0.8800000000000001,0.0,0.0,0.0,0.0,0.0,0.0,0.08724817754776787,0.0,0.8800000000000001,0.0,0.0,0.0,1.0,,,0.101,95.95,950.0,950.0,0.0,29.45,0.0,,,133.33333333333178,-1.4210854715202004e-14,57.33333333333266,2.0,589.2454694891313,0.0,0.0,0.0,89.83636427831297
91,1,92,0.15246,0.0,589.2454694891316,,,,0,0.0,1,1083.3333333333333,1083.3333333333333,-0.0,173.33333333333331,35.96666666666666,0.0,,,167.7415277777783,1083.3333333333333,1040.0,43.33333333333326,1083.3333333333333,0.0,1.0,0.0,0.0,0.1612899305555561,83.87076388888917,0.96,541.6666666666666,520.0,21.66666666666663,1.0,0.0,0.0,0.16128993055555607,83.87076388888916,0.96,541.6666666666666,520.0,21.66666666666663,0.0,0.0,0.0,0.271,0.0,0.96,0.0,0.0,0.0,,,,325.5539417113533,1040.0,950.0,89.99999999999943,1039.9999999999995,0.0,1.0,0.0,0.0,0.34268835969616124,162.77697085567658,0.9134615384615395,519.9999999999994,475.0,44.99999999999943,1.0,0.0,0.0,0.3426883596961614,162.77697085567667,0.9134615384615385,520.0,475.0,45.0,0.0,0.0,0.0,0.08724817754776787,0.0,0.8800000000000001,0.0,0.0,0.0,0.0,0.0,0.0,0.08724817754776787,0.0,0.8800000000000001,0.0,0.0,0.0,1.0,,,0.101,95.95,950.0,950.0,0.0,29.45,0.0,,,133.3333333333327,-1.4210854715202004e-14,57.33333333333305,2.0,589.2454694891316,0.0,0.0,0.0,89.836364278313
92,1,93,0.15246,0.0,589.2454694891314,,,,0,0.0,1,1083.3333333333333,1083.3333333333333,-0.0,173.33333333333331,35.96666666666666,0.0,,,167.7415277777783,1083.3333333333333,1040.0,43.33333333333326,1083.3333333333333,0.0,1.0,0.0,0.0,0.16128993055555632,83.87076388888929,0.96,541.6666666666666,520.0,21.66666666666663,1.0,0.0,0.0,0.16128993055555582,83.87076388888903,0.96,541.6666666666666,520.0,21.66666666666663,0.0,0.0,0.0,0.271,0.0,0.96,0.0,0.0,0.0,,,,325.55394171135316,1040.0,950.0,89.99999999999875,1039.9999999999986,0.0,1.0,0.0,0.0,0.34268835969616124,162.77697085567658,0.9134615384615395,519.9999999999994,475.0,44.99999999999943,1.0,0.0,0.0,0.3426883596961612,162.77697085567655,0.9134615384615397,519.9999999999993,475.0,44.99999999999932,0.0,0.0,0.0,0.08724817754776787,0.0,0.8800000000000001,0.0,0.0,0.0,0.0,0.0,0.0,0.08724817754776787,0.0,0.8800000000000001,0.0,0.0,0.0,1.0,,,0.101,95.95,950.0,950.0,0.0,29.45,0.0,,,133.333333333332,-1.4210854715202004e-14,57.33333333333276,2.0,589.2454694891314,0.0,0.0,0.0,89.83636427831298
93,1,94,0.15246,0.0,589.2454694891313,,,,0,0.0,1,1083.3333333333333,1083.3333333333333,-0.0,173.33333333333331,35.96666666666666,0.0,,,167.74152777777817,1083.3333333333333,1040.0,43.33333333333326,1083.3333333333333,0.0,1.0,0.0,0.0,0.16128993055555646,83.87076388888936,0.96,541.6666666666666,520.0,21.66666666666663,1.0,0.0,0.0,0.1612899305555556,83.87076388888892,0.96,541.6666666666666,520.0,21.66666666666663,0.0,0.0,0.0,0.271,0.0,0.96,0.0,0.0,0.0,,,,325.55394171135316,1040.0,950.0,89.99999999999875,1039.9999999999986,0.0,1.0,0.0,0.0,0.3426883596961612,162.77697085567655,0.9134615384615397,519.9999999999993,475.0,44.99999999999932,1.0,0.0,0.0,0.34268835969616124,162.77697085567658,0.9134615384615395,519.9999999999994,475.0,44.99999999999943,0.0,0.0,0.0,0.08724817754776787,0.0,0.8800000000000001,0.0,0.0,0.0,0.0,0.0,0.0,0.08724817754776787,0.0,0.8800000000000001,0.0,0.0,0.0,1.0,,,0.101,95.95,950.0,950.0,0.0,29.45,0.0,,,133.333333333332,-1.4210854715202004e-14,57.33333333333276,2.0,589.2454694891313,0.0,0.0,0.0,89.83636427831297
94,1,95,0.1016,0.0,976.8140047621779,,,,0,0.0,1,1733.717236754573,1733.717236754573,-0.0,277.3947578807317,57.55941226025182,0.0,,,271.38423970877216,1733.717236754573,1664.36854728439,69.34868947018299,1733.717236754573,0.0,1.0,0.0,0.0,0.16526827173534914,141.93766173933898,0.96,894.6165493594509,858.8318873850728,35.78466197437808,1.0,0.0,0.0,0.16069607308210446,129.446577969495,0.96,839.100687395122,805.5366598993171,33.56402749580491,0.0,0.0,0.0,0.271,0.0,0.96,0.0,0.0,0.0,,,,550.9693029437165,1664.36854728439,1529.3115060365271,135.05704124787724,1664.3685472844045,0.0,1.0,0.0,0.0,0.3624211784558419,186.30230894471768,0.919460507328056,559.0769522947129,514.04917819232,45.02777410239287,1.0,0.0,0.0,0.35918689315467267,182.33690569924687,0.9185593619564721,552.6457974948452,507.6379711347907,45.00782636005448,1.0,1.0,0.0,0.3591830964961451,182.3300882997519,0.9185347269634313,552.6457974948463,507.6243567094164,45.02144078542989,0.0,0.0,0.0,0.08724817754776787,0.0,0.8800000000000001,0.0,0.0,0.0,1.0,,,0.101,154.46046210968925,1529.3115060365271,1529.3115060365271,0.0,47.40865668713234,0.0,,,204.40573071806023,2.842170943040401e-14,87.8944642087659,3.0,976.8140047621779,0.0,0.0,0.0,99.24430288383726
95,1,96,0.1016,0.0,1297.7635636983791,,,,0,0.0,1,2308.6737187435715,2308.6737187435715,-0.0,369.38779499897146,76.64796746228657,0.0,,,359.2128601323245,2308.6737187435715,2216.3267699938283,92.34694874974298,2308.6737187435715,0.0,1.0,0.0,0.0,0.16526827173534914,141.93766173933898,0.96,894.6165493594509,858.8318873850728,35.78466197437808,1.0,0.0,0.0,0.16069607308210446,129.446577969495,0.96,839.100687395122,805.5366598993171,33.56402749580491,1.0,1.0,0.0,0.1591218625069511,87.82862042355237,0.96,574.9564819889985,551.9582227094385,22.99825927955999,,,,732.8874609627151,2216.3267699938283,2036.2697287459364,180.05704124787758,2216.326769993814,0.0,1.0,0.0,0.0,0.3624211784558419,186.30230894471768,0.919460507328056,559.0769522947129,514.04917819232,45.02777410239287,1.0,0.0,0.0,0.35918689315467267,182.33690569924687,0.9185593619564721,552.6457974948452,507.6379711347907,45.00782636005448,1.0,0.0,0.0,0.35918309649614766,182.33008829975492,0.9185347269634313,552.6457974948515,507.6243567094212,45.02144078543034,1.0,1.0,0.0,0.35884250391826367,181.9181580189955,0.9184720905522382,551.9582227094045,506.9582227094046,44.999999999999886,1.0,,,0.101,205.6632426033396,2036.2697287459364,2036.2697287459364,0.0,63.12436159112403,0.0,,,272.40398999762056,-5.684341886080802e-14,117.13371569897683,4.0,1297.7635636983791,0.0,-0.0,0.0,131.85277807175532
96,1,97,0.1016,0.0,1297.7635636983791,,,,0,0.0,1,2308.6737187435715,2308.6737187435715,-0.0,369.38779499897146,76.64796746228657,0.0,,,359.2128601323245,2308.6737187435715,2216.3267699938283,92.34694874974298,2308.6737187435715,0.0,1.0,0.0,0.0,0.16526827173534914,141.93766173933898,0.96,894.6165493594509,858.8318873850728,35.78466197437808,1.0,0.0,0.0,0.16069607308210446,129.446577969495,0.96,839.100687395122,805.5366598993171,33.56402749580491,1.0,0.0,0.0,0.1591218625069511,87.82862042355237,0.96,574.9564819889985,551.9582227094385,22.99825927955999,,,,732.887460962715,2216.3267699938283,2036.2697287459364,180.05704124787763,2216.326769993814,0.0,1.0,0.0,0.0,0.3624211784558419,186.30230894471768,0.9194605073280558,559.0769522947129,514.04917819232,45.02777410239287,1.0,0.0,0.0,0.35918689315467267,182.33690569924687,0.9185593619564721,552.6457974948452,507.6379711347907,45.00782636005448,1.0,0.0,0.0,0.3591830964961476,182.33008829975486,0.9185347269634312,552.6457974948515,507.62435670942114,45.0214407854304,1.0,0.0,0.0,0.35884250391826367,181.9181580189955,0.9184720905522382,551.9582227094045,506.9582227094046,44.999999999999886,1.0,,,0.101,205.6632426033396,2036.2697287459364,2036.2697287459364,0.0,63.12436159112403,0.0,,,272.4039899976206,5.684341886080802e-14,117.13371569897686,4.0,1297.763563698379,0.0,-0.0,0.0,131.85277807175532
97,1,98,0.1016,0.0,1297.7635636983791,,,,0,0.0,1,2308.6737187435715,2308.6737187435715,-0.0,369.38779499897146,76.64796746228657,0.0,,,359.2128601323245,2308.6737187435715,2216.3267699938283,92.34694874974298,2308.6737187435715,0.0,1.0,0.0,0.0,0.16526827173534914,141.93766173933898,0.96,894.6165493594509,858.8318873850728,35.78466197437808,1.0,0.0,0.0,0.16069607308210446,129.446577969495,0.96,839.100687395122,805.5366598993171,33.56402749580491,1.0,0.0,0.0,0.1591218625069511,87.82862042355237,0.96,574.9564819889985,551.9582227094385,22.99825927955999,,,,732.8874609627151,2216.3267699938283,2036.2697287459364,180.05704124787758,2216.326769993814,0.0,1.0,0.0,0.0,0.3624211784558419,186.30230894471768,0.919460507328056,559.0769522947129,514.04917819232,45.02777410239287,1.0,0.0,0.0,0.35918689315467267,182.33690569924687,0.9185593619564721,552.6457974948452,507.6379711347907,45.00782636005448,1.0,0.0,0.0,0.35918309649614766,182.33008829975492,0.9185347269634313,552.6457974948515,507.6243567094212,45.02144078543034,1.0,0.0,0.0,0.35884250391826367,181.9181580189955,0.9184720905522382,551.9582227094045,506.9582227094046,44.999999999999886,1.0,,,0.101,205.6632426033396,2036.2697287459364,2036.2697287459364,0.0,63.12436159112403,0.0,,,272.40398999762056,-5.684341886080802e-14,117.13371569897683,4.0,1297.7635636983791,0.0,-0.0,0.0,131.85277807175532
98,1,99,0.1016,0.0,1297.7635636983791,,,,0,0.0,1,2308.6737187435715,2308.6737187435715,-0.0,369.38779499897146,76.64796746228657,0.0,,,359.2128601323245,2308.6737187435715,2216.3267699938283,92.34694874974298,2308.6737187435715,0.0,1.0,0.0,0.0,0.16526827173534914,141.93766173933898,0.96,894.6165493594509,858.8318873850728,35.78466197437808,1.0,0.0,0.0,0.16069607308210446,129.446577969495,0.96,839.100687395122,805.5366598993171,33.56402749580491,1.0,0.0,0.0,0.1591218625069511,87.82862042355237,0.96,574.9564819889985,551.9582227094385,22.99825927955999,,,,732.8874609627151,2216.3267699938283,2036.2697287459364,180.05704124787758,2216.326769993814,0.0,1.0,0.0,0.0,0.3624211784558419,186.30230894471768,0.919460507328056,559.0769522947129,514.04917819232,45.02777410239287,1.0,0.0,0.0,0.35918689315467267,182.33690569924687,0.9185593619564721,552.6457974948452,507.6379711347907,45.00782636005448,1.0,0.0,0.0,0.35918309649614766,182.33008829975492,0.9185347269634313,552.6457974948515,507.6243567094212,45.02144078543034,1.0,0.0,0.0,0.35884250391826367,181.9181580189955,0.9184720905522382,551.9582227094045,506.9582227094046,44.999999999999886,1.0,,,0.101,205.6632426033396,2036.2697287459364,2036.2697287459364,0.0,63.12436159112403,0.0,,,272.40398999762056,-5.684341886080802e-14,117.13371569897683,4.0,1297.7635636983791,0.0,-0.0,0.0,131.85277807175532
99,1,100,0.1016,0.0,1297.7635636983862,,,,0,0.0,1,2308.6737187435715,2308.6737187435715,-0.0,369.38779499897146,76.64796746228657,0.0,,,359.2128601323245,2308.6737187435715,2216.3267699938283,92.34694874974298,2308.6737187435715,0.0,1.0,0.0,0.0,0.16526827173534914,141.93766173933898,0.96,894.6165493594509,858.8318873850728,35.78466197437808,1.0,0.0,0.0,0.16069607308210446,129.446577969495,0.96,839.100687395122,805.5366598993171,33.56402749580491,1.0,0.0,0.0,0.1591218625069511,87.82862042355237,0.96,574.9564819889985,551.9582227094385,22.99825927955999,,,,732.8874609627211,2216.3267699938283,2036.2697287459464,180.05704124787843,2216.326769993825,0.0,1.0,0.0,0.0,0.3624211784558419,186.30230894471768,0.919460507328056,559.0769522947129,514.04917819232,45.02777410239287,1.0,0.0,0.0,0.359186893154676,182.33690569925085,0.9185593619564721,552.6457974948521,507.63797113479706,45.00782636005505,1.0,0.0,0.0,0.35918309649614943,182.33008829975705,0.9185347269634313,552.6457974948553,507.62435670942466,45.02144078543063,1.0,0.0,0.0,0.35884250391826367,181.9181580189955,0.9184720905522382,551.9582227094045,506.9582227094046,44.999999999999886,1.0,,,0.101,205.6632426033406,2036.2697287459464,2036.2697287459464,0.0,63.12436159112434,0.0,,,272.4039899976214,-2.842170943040401e-14,117.1337156989772,4.0,1297.7635636983864,0.0,-0.0,0.0,131.85277807175603
100,1,101,0.1016,0.0,1297.7635636983862,,,,0,0.0,1,2308.6737187435715,2308.6737187435715,-0.0,369.38779499897146,76.64796746228657,0.0,,,359.2128601323245,2308.6737187435715,2216.3267699938283,92.34694874974298,2308.6737187435715,0.0,1.0,0.0,0.0,0.16526827173534914,141.93766173933898,0.96,894.6165493594509,858.8318873850728,35.78466197437808,1.0,0.0,0.0,0.16069607308210446,129.446577969495,0.96,839.100687395122,805.5366598993171,33.56402749580491,1.0,0.0,0.0,0.1591218625069511,87.82862042355237,0.96,574.9564819889985,551.9582227094385,22.99825927955999,,,,732.8874609627211,2216.3267699938283,2036.2697287459464,180.05704124787843,2216.326769993825,0.0,1.0,0.0,0.0,0.3624211784558419,186.30230894471768,0.919460507328056,559.0769522947129,514.04917819232,45.02777410239287,1.0,0.0,0.0,0.359186893154676,182.33690569925085,0.9185593619564721,552.6457974948521,507.63797113479706,45.00782636005505,1.0,0.0,0.0,0.35918309649614943,182.33008829975705,0.9185347269634313,552.6457974948553,507.62435670942466,45.02144078543063,1.0,0.0,0.0,0.35884250391826367,181.9181580189955,0.9184720905522382,551.9582227094045,506.9582227094046,44.999999999999886,1.0,,,0.101,205.6632426033406,2036.2697287459464,2036.2697287459464,0.0,63.12436159112434,0.0,,,272.4039899976214,-2.842170943040401e-14,117.1337156989772,4.0,1297.7635636983864,0.0,-0.0,0.0,131.85277807175603
101,1,102,0.1016,0.0,1297.7635636983862,,,,0,0.0,1,2308.6737187435715,2308.6737187435715,-0.0,369.38779499897146,76.64796746228657,0.0,,,359.2128601323245,2308.6737187435715,2216.3267699938283,92.34694874974298,2308.6737187435715,0.0,1.0,0.0,0.0,0.16526827173534914,141.93766173933898,0.96,894.6165493594509,858.8318873850728,35.78466197437808,1.0,0.0,0.0,0.16069607308210446,129.446577969495,0.96,839.100687395122,805.5366598993171,33.56402749580491,1.0,0.0,0.0,0.1591218625069511,87.82862042355237,0.96,574.9564819889985,551.9582227094385,22.99825927955999,,,,732.8874609627211,2216.3267699938283,2036.2697287459464,180.05704124787843,2216.326769993825,0.0,1.0,0.0,0.0,0.3624211784558419,186.30230894471768,0.919460507328056,559.0769522947129,514.04917819232,45.02777410239287,1.0,0.0,0.0,0.359186893154676,182.33690569925085,0.9185593619564721,552.6457974948521,507.63797113479706,45.00782636005505,1.0,0.0,0.0,0.35918309649614943,182.33008829975705,0.9185347269634313,552.6457974948553,507.62435670942466,45.02144078543063,1.0,0.0,0.0,0.35884250391826367,181.9181580189955,0.9184720905522382,551.9582227094045,506.9582227094046,44.999999999999886,1.0,,,0.101,205.6632426033406,2036.2697287459464,2036.2697287459464,0.0,63.12436159112434,0.0,,,272.4039899976214,-2.842170943040401e-14,117.1337156989772,4.0,1297.7635636983864,0.0,-0.0,0.0,131.85277807175603
102,1,103,0.1016,0.0,1297.7635636983862,,,,0,0.0,1,2308.6737187435715,2308.6737187435715,-0.0,369.38779499897146,76.64796746228657,0.0,,,359.2128601323245,2308.6737187435715,2216.3267699938283,92.34694874974298,2308.6737187435715,0.0,1.0,0.0,0.0,0.16526827173534914,141.93766173933898,0.96,894.6165493594509,858.8318873850728,35.78466197437808,1.0,0.0,0.0,0.16069607308210446,129.446577969495,0.96,839.100687395122,805.5366598993171,33.56402749580491,1.0,0.0,0.0,0.1591218625069511,87.82862042355237,0.96,574.9564819889985,551.9582227094385,22.99825927955999,,,,732.8874609627211,2216.3267699938283,2036.2697287459464,180.05704124787843,2216.326769993825,0.0,1.0,0.0,0.0,0.3624211784558419,186.30230894471768,0.919460507328056,559.0769522947129,514.04917819232,45.02777410239287,1.0,0.0,0.0,0.359186893154676,182.33690569925085,0.9185593619564721,552.6457974948521,507.63797113479706,45.00782636005505,1.0,0.0,0.0,0.35918309649614943,182.33008829975705,0.9185347269634313,552.6457974948553,507.62435670942466,45.02144078543063,1.0,0.0,0.0,0.35884250391826367,181.9181580189955,0.9184720905522382,551.9582227094045,506.9582227094046,44.999999999999886,1.0,,,0.101,205.6632426033406,2036.2697287459464,2036.2697287459464,0.0,63.12436159112434,0.0,,,272.4039899976214,-2.842170943040401e-14,117.1337156989772,4.0,1297.7635636983864,0.0,-0.0,0.0,131.85277807175603
103,1,104,0.1016,0.0,1297.7635636983864,,,,0,0.0,1,2308.6737187435715,2308.6737187435715,-0.0,369.38779499897146,76.64796746228657,0.0,,,359.21286013232464,2308.6737187435715,2216.3267699938283,92.34694874974298,2308.6737187435715,0.0,1.0,0.0,0.0,0.16526827173534914,141.93766173933898,0.96,894.6165493594509,858.8318873850728,35.78466197437808,1.0,0.0,0.0,0.16069607308210446,129.446577969495,0.96,839.100687395122,805.5366598993171,33.56402749580491,1.0,0.0,0.0,0.1591218625069511,87.82862042355237,0.96,574.9564819889985,551.9582227094385,22.99825927955999,,,,732.8874609627211,2216.3267699938283,2036.2697287459464,180.05704124787843,2216.326769993825,0.0,1.0,0.0,0.0,0.3624211784558419,186.30230894471768,0.919460507328056,559.0769522947129,514.04917819232,45.02777410239287,1.0,0.0,0.0,0.359186893154676,182.33690569925085,0.9185593619564721,552.6457974948521,507.63797113479706,45.00782636005505,1.0,0.0,0.0,0.35918309649614943,182.33008829975705,0.9185347269634313,552.6457974948553,507.62435670942466,45.02144078543063,1.0,0.0,0.0,0.35884250391826367,181.9181580189955,0.9184720905522382,551.9582227094045,506.9582227094046,44.999999999999886,1.0,,,0.101,205.6632426033406,2036.2697287459464,2036.2697287459464,0.0,63.12436159112434,0.0,,,272.4039899976214,8.526512829121202e-14,117.1337156989772,4.0,1297.7635636983864,0.0,-0.0,0.0,131.85277807175606
104,1,105,0.1016,0.0,1297.7803707202906,,,,0,0.0,1,2308.6737187435715,2308.6737187435715,-0.0,369.38779499897146,76.64796746228657,0.0,,,359.2128601323244,2308.6737187435715,2216.3267699938283,92.34694874974298,2308.6737187435715,0.0,1.0,0.0,0.0,0.16526827173534914,141.93766173933898,0.96,894.6165493594509,858.8318873850728,35.78466197437808,1.0,0.0,0.0,0.16069607308210446,129.446577969495,0.96,839.100687395122,805.5366598993171,33.56402749580491,1.0,0.0,0.0,0.1591218625069511,87.82862042355237,0.96,574.9564819889985,551.9582227094385,22.99825927955999,,,,732.9014628002836,2216.3267699938283,2036.2975028483424,180.02926714548556,2216.326769993828,0.0,1.0,0.0,0.0,0.36242883473108234,186.3163107822801,0.9195101858245118,559.076952294716,514.076952294716,45.0,1.0,0.0,0.0,0.359186893154676,182.33690569925085,0.9185593619564721,552.6457974948521,507.63797113479706,45.00782636005505,1.0,0.0,0.0,0.35918309649614943,182.33008829975705,0.9185347269634313,552.6457974948553,507.62435670942466,45.02144078543063,1.0,0.0,0.0,0.35884250391826367,181.9181580189955,0.9184720905522382,551.9582227094045,506.9582227094046,44.999999999999886,1.0,,,0.101,205.6660477876826,2036.2975028483424,2036.2975028483424,0.0,63.12522258829861,0.0,,,272.37621589522854,0.0,117.12177283494826,4.0,1297.7803707202906,0.0,-0.0,0.0,131.85448566518153
105,1,106,0.1016,0.0,1297.7803707202936,,,,0,0.0,1,2308.6737187435715,2308.6737187435715,-0.0,369.38779499897146,76.64796746228657,0.0,,,359.2128601323245,2308.6737187435715,2216.3267699938283,92.34694874974298,2308.6737187435715,0.0,1.0,0.0,0.0,0.16526827173534914,141.93766173933898,0.96,894.6165493594509,858.8318873850728,35.78466197437808,1.0,0.0,0.0,0.16069607308210446,129.446577969495,0.96,839.100687395122,805.5366598993171,33.56402749580491,1.0,0.0,0.0,0.1591218625069511,87.82862042355237,0.96,574.9564819889985,551.9582227094385,22.99825927955999,,,,732.9014628002861,2216.3267699938283,2036.297502848346,180.02926714548596,2216.3267699938324,0.0,1.0,0.0,0.0,0.36242883473108234,186.3163107822801,0.9195101858245118,559.076952294716,514.076952294716,45.0,1.0,0.0,0.0,0.359186893154676,182.33690569925085,0.9185593619564721,552.6457974948521,507.63797113479706,45.00782636005505,1.0,0.0,0.0,0.35918309649615154,182.33008829975958,0.9185347269634313,552.6457974948597,507.6243567094287,45.021440785431025,1.0,0.0,0.0,0.35884250391826367,181.9181580189955,0.9184720905522382,551.9582227094045,506.9582227094046,44.999999999999886,1.0,,,0.101,205.66604778768297,2036.297502848346,2036.297502848346,0.0,63.125222588298726,0.0,,,272.37621589522894,-2.842170943040401e-14,117.12177283494843,4.0,1297.7803707202938,0.0,-0.0,0.0,131.8544856651818
106,1,107,0.1016,0.0,1297.7803707202936,,,,0,0.0,1,2308.6737187435715,2308.6737187435715,-0.0,369.38779499897146,76.64796746228657,0.0,,,359.2128601323245,2308.6737187435715,2216.3267699938283,92.34694874974298,2308.6737187435715,0.0,1.0,0.0,0.0,0.16526827173534914,141.93766173933898,0.96,894.6165493594509,858.8318873850728,35.78466197437808,1.0,0.0,0.0,0.16069607308210446,129.446577969495,0.96,839.100687395122,805.5366598993171,33.56402749580491,1.0,0.0,0.0,0.1591218625069511,87.82862042355237,0.96,574.9564819889985,551.9582227094385,22.99825927955999,,,,732.9014628002861,2216.3267699938283,2036.297502848346,180.02926714548596,2216.3267699938324,0.0,1.0,0.0,0.0,0.36242883473108234,186.3163107822801,0.9195101858245118,559.076952294716,514.076952294716,45.0,1.0,0.0,0.0,0.359186893154676,182.33690569925085,0.9185593619564721,552.6457974948521,507.63797113479706,45.00782636005505,1.0,0.0,0.0,0.35918309649615154,182.33008829975958,0.9185347269634313,552.6457974948597,507.6243567094287,45.021440785431025,1.0,0.0,0.0,0.35884250391826367,181.9181580189955,0.9184720905522382,551.9582227094045,506.9582227094046,44.999999999999886,1.0,,,0.101,205.66604778768297,2036.297502848346,2036.297502848346,0.0,63.125222588298726,0.0,,,272.37621589522894,-2.842170943040401e-14,117.12177283494843,4.0,1297.7803707202938,0.0,-0.0,0.0,131.8544856651818
107,1,108,0.1016,0.0,1297.7803707202872,,,,0,0.0,1,2308.673718743573,2308.673718743573,-0.0,369.3877949989717,76.64796746228662,0.0,,,359.21286013232486,2308.673718743573,2216.32676999383,92.34694874974309,2308.673718743573,0.0,1.0,0.0,0.0,0.16526827173534914,141.93766173933898,0.96,894.6165493594509,858.8318873850728,35.78466197437808,1.0,0.0,0.0,0.1606960730821046,129.44657796949534,0.96,839.1006873951237,805.5366598993187,33.56402749580502,1.0,0.0,0.0,0.1591218625069511,87.82862042355237,0.96,574.9564819889985,551.9582227094385,22.99825927955999,,,,732.9014628002803,2216.32676999383,2036.297502848337,180.0292671454851,2216.326769993822,0.0,1.0,0.0,0.0,0.36242883473108234,186.3163107822801,0.9195101858245118,559.076952294716,514.076952294716,45.0,1.0,0.0,0.0,0.359186893154676,182.33690569925085,0.9185593619564721,552.6457974948521,507.63797113479706,45.00782636005505,1.0,0.0,0.0,0.35918309649615154,182.33008829975958,0.9185347269634313,552.6457974948597,507.6243567094287,45.021440785431025,1.0,0.0,0.0,0.3588425039182588,181.91815801898971,0.9184720905522382,551.9582227093944,506.95822270939533,44.999999999999034,1.0,,,0.101,205.66604778768206,2036.297502848337,2036.297502848337,0.0,63.12522258829845,0.0,,,272.3762158952282,-2.842170943040401e-14,117.12177283494812,4.0,1297.7803707202875,0.0,-0.0,0.0,131.8544856651812
108,1,109,0.1016,0.0,1297.7803707202872,,,,0,0.0,1,2308.673718743573,2308.673718743573,-0.0,369.3877949989717,76.64796746228662,0.0,,,359.21286013232486,2308.673718743573,2216.32676999383,92.34694874974309,2308.673718743573,0.0,1.0,0.0,0.0,0.16526827173534914,141.93766173933898,0.96,894.6165493594509,858.8318873850728,35.78466197437808,1.0,0.0,0.0,0.1606960730821046,129.44657796949534,0.96,839.1006873951237,805.5366598993187,33.56402749580502,1.0,0.0,0.0,0.1591218625069511,87.82862042355237,0.96,574.9564819889985,551.9582227094385,22.99825927955999,,,,732.9014628002803,2216.32676999383,2036.297502848337,180.0292671454851,2216.326769993822,0.0,1.0,0.0,0.0,0.36242883473108234,186.3163107822801,0.9195101858245118,559.076952294716,514.076952294716,45.0,1.0,0.0,0.0,0.359186893154676,182.33690569925085,0.9185593619564721,552.6457974948521,507.63797113479706,45.00782636005505,1.0,0.0,0.0,0.35918309649615154,182.33008829975958,0.9185347269634313,552.6457974948597,507.6243567094287,45.021440785431025,1.0,0.0,0.0,0.3588425039182588,181.91815801898971,0.9184720905522382,551.9582227093944,506.95822270939533,44.999999999999034,1.0,,,0.101,205.66604778768206,2036.297502848337,2036.297502848337,0.0,63.12522258829845,0.0,,,272.3762158952282,-2.842170943040401e-14,117.12177283494812,4.0,1297.7803707202875,0.0,-0.0,0.0,131.8544856651812
109,1,110,0.1016,0.0,1297.7700014459263,,,,0,0.0,1,2308.673718743573,2308.673718743573,-0.0,369.3877949989717,76.64796746228662,0.0,,,359.21286013232486,2308.673718743573,2216.32676999383,92.34694874974309,2308.673718743573,0.0,1.0,0.0,0.0,0.16526827173534914,141.93766173933898,0.96,894.6165493594509,858.8318873850728,35.78466197437808,1.0,0.0,0.0,0.1606960730821046,129.44657796949534,0.96,839.1006873951237,805.5366598993187,33.56402749580502,1.0,0.0,0.0,0.1591218625069511,87.82862042355237,0.96,574.9564819889985,551.9582227094385,22.99825927955999,,,,732.8928349878511,2216.32676999383,2036.280260650993,180.04650934283524,2216.3267699938283,0.0,1.0,0.0,0.0,0.36242883473108234,186.3163107822801,0.9195101858245118,559.076952294716,514.076952294716,45.0,1.0,0.0,0.0,0.359186893154676,182.33690569925085,0.9185593619564721,552.6457974948521,507.63797113479706,45.00782636005505,1.0,0.0,0.0,0.35918309649615554,182.33008829976438,0.9185347269634314,552.645797494868,507.6243567094364,45.021440785431594,1.0,0.0,0.0,0.3588376895922188,181.90953020655573,0.9184408523232558,551.9582227093922,506.9409805120436,45.017242197348594,1.0,,,0.101,205.6643063257503,2036.280260650993,2036.280260650993,0.0,63.12468808018078,0.0,,,272.3934580925783,2.842170943040401e-14,117.12918697980868,4.0,1297.770001445926,0.0,-0.0,0.0,131.8534321469061
110,1,111,0.1016,0.0,1297.7700014459263,,,,0,0.0,1,2308.673718743573,2308.673718743573,-0.0,369.3877949989717,76.64796746228662,0.0,,,359.21286013232486,2308.673718743573,2216.32676999383,92.34694874974309,2308.673718743573,0.0,1.0,0.0,0.0,0.16526827173534914,141.93766173933898,0.96,894.6165493594509,858.8318873850728,35.78466197437808,1.0,0.0,0.0,0.1606960730821046,129.44657796949534,0.96,839.1006873951237,805.5366598993187,33.56402749580502,1.0,0.0,0.0,0.1591218625069511,87.82862042355237,0.96,574.9564819889985,551.9582227094385,22.99825927955999,,,,732.8928349878511,2216.32676999383,2036.280260650993,180.04650934283524,2216.3267699938283,0.0,1.0,0.0,0.0,0.36242883473108234,186.3163107822801,0.9195101858245118,559.076952294716,514.076952294716,45.0,1.0,0.0,0.0,0.359186893154676,182.33690569925085,0.9185593619564721,552.6457974948521,507.63797113479706,45.00782636005505,1.0,0.0,0.0,0.35918309649615554,182.33008829976438,0.9185347269634314,552.645797494868,507.6243567094364,45.021440785431594,1.0,0.0,0.0,0.3588376895922188,181.90953020655573,0.9184408523232558,551.9582227093922,506.9409805120436,45.017242197348594,1.0,,,0.101,205.6643063257503,2036.280260650993,2036.280260650993,0.0,63.12468808018078,0.0,,,272.3934580925783,2.842170943040401e-14,117.12918697980868,4.0,1297.770001445926,0.0,-0.0,0.0,131.8534321469061
111,1,112,0.1016,0.0,1297.770001445926,,,,0,0.0,1,2308.673718743573,2308.673718743573,-0.0,369.3877949989717,76.64796746228662,0.0,,,359.21286013232475,2308.673718743573,2216.32676999383,92.34694874974309,2308.673718743573,0.0,1.0,0.0,0.0,0.16526827173534914,141.93766173933898,0.96,894.6165493594509,858.8318873850728,35.78466197437808,1.0,0.0,0.0,0.1606960730821046,129.44657796949534,0.96,839.1006873951237,805.5366598993187,33.56402749580502,1.0,0.0,0.0,0.1591218625069511,87.82862042355237,0.96,574.9564819889985,551.9582227094385,22.99825927955999,,,,732.8928349878511,2216.32676999383,2036.280260650993,180.04650934283524,2216.3267699938283,0.0,1.0,0.0,0.0,0.36242883473108234,186.3163107822801,0.9195101858245118,559.076952294716,514.076952294716,45.0,1.0,0.0,0.0,0.359186893154676,182.33690569925085,0.9185593619564721,552.6457974948521,507.63797113479706,45.00782636005505,1.0,0.0,0.0,0.35918309649615554,182.33008829976438,0.9185347269634314,552.645797494868,507.6243567094364,45.021440785431594,1.0,0.0,0.0,0.3588376895922188,181.90953020655573,0.9184408523232558,551.9582227093922,506.9409805120436,45.017242197348594,1.0,,,0.101,205.6643063257503,2036.280260650993,2036.280260650993,0.0,63.12468808018078,0.0,,,272.3934580925783,-8.526512829121202e-14,117.12918697980868,4.0,1297.770001445926,0.0,-0.0,0.0,131.85343214690607
112,1,113,0.1016,0.0,1297.7700014459274,,,,0,0.0,1,2308.673718743573,2308.673718743573,-0.0,369.3877949989717,76.64796746228662,0.0,,,359.21286013232475,2308.673718743573,2216.32676999383,92.34694874974309,2308.673718743573,0.0,1.0,0.0,0.0,0.16526827173534914,141.93766173933898,0.96,894.6165493594509,858.8318873850728,35.78466197437808,1.0,0.0,0.0,0.1606960730821046,129.44657796949534,0.96,839.1006873951237,805.5366598993187,33.56402749580502,1.0,0.0,0.0,0.1591218625069511,87.82862042355237,0.96,574.9564819889985,551.9582227094385,22.99825927955999,,,,732.8928349878522,2216.32676999383,2036.280260650995,180.0465093428354,2216.3267699938306,0.0,1.0,0.0,0.0,0.36242883473108234,186.3163107822801,0.9195101858245118,559.076952294716,514.076952294716,45.0,1.0,0.0,0.0,0.359186893154676,182.33690569925085,0.9185593619564721,552.6457974948521,507.63797113479706,45.00782636005505,1.0,0.0,0.0,0.35918309649615654,182.33008829976558,0.9185347269634314,552.6457974948701,507.6243567094383,45.021440785431764,1.0,0.0,0.0,0.3588376895922188,181.90953020655573,0.9184408523232558,551.9582227093922,506.9409805120436,45.017242197348594,1.0,,,0.101,205.6643063257505,2036.280260650995,2036.280260650995,0.0,63.124688080180846,0.0,,,272.3934580925785,-5.684341886080802e-14,117.12918697980875,4.0,1297.7700014459274,0.0,-0.0,0.0,131.85343214690621
113,1,114,0.15246,0.0,589.9454513367765,,,,0,0.0,1,1084.246734405197,1084.246734405197,-0.0,173.47947750483152,35.99699158225254,0.0,,,167.8482676119192,1084.246734405197,1040.876865028989,43.36986937620793,1084.246734405197,0.0,1.0,0.0,0.0,0.16125660320757035,83.92413380595963,0.96,542.1233672025978,520.4384325144939,21.68493468810391,1.0,0.0,0.0,0.16125660320757024,83.92413380595976,0.96,542.1233672025991,520.438432514495,21.684934688104022,0.0,0.0,1.0,0.271,0.0,0.96,0.0,0.0,0.0,,,,326.05984973977036,1040.876865028989,950.8646929216529,90.00998205896059,1040.8746749806135,0.0021900483754961897,1.0,0.0,0.0,0.3431287954598826,163.2828788840937,0.9135876935068192,520.8746749806136,475.8646929216529,45.0099820589607,1.0,0.0,0.0,0.3426883596961613,162.7769708556766,0.9134615384615387,519.9999999999999,475.0,44.999999999999886,0.0,0.0,1.0,0.08724817754776787,0.0,0.8800000000000001,0.0,0.0,0.0,0.0,0.0,1.0,0.08724817754776787,0.0,0.8800000000000001,0.0,0.0,0.0,1.0,,,0.101,96.03733398508695,950.8646929216529,950.8646929216529,0.0,29.47680548057124,0.0,,,133.38204148354401,0.0,57.354277837923924,2.0,589.9454513367765,0.0,0.0,0.0,89.94308351080495
114,1,115,0.15246,0.0,589.9454513367765,,,,0,0.0,1,1084.246734405197,1084.246734405197,-0.0,173.47947750483152,35.99699158225254,0.0,,,167.8482676119192,1084.246734405197,1040.876865028989,43.36986937620793,1084.246734405197,0.0,1.0,0.0,0.0,0.16125660320757035,83.92413380595963,0.96,542.1233672025978,520.4384325144939,21.68493468810391,1.0,0.0,0.0,0.16125660320757024,83.92413380595976,0.96,542.1233672025991,520.438432514495,21.684934688104022,0.0,0.0,0.0,0.271,0.0,0.96,0.0,0.0,0.0,,,,326.05984973977036,1040.876865028989,950.8646929216529,90.00998205896025,1040.8746749806132,0.0021900483757235634,1.0,0.0,0.0,0.3431287954598826,163.2828788840937,0.9135876935068192,520.8746749806136,475.8646929216529,45.0099820589607,1.0,0.0,0.0,0.3426883596961613,162.7769708556766,0.9134615384615393,519.9999999999995,475.0,44.999999999999545,0.0,0.0,0.0,0.08724817754776787,0.0,0.8800000000000001,0.0,0.0,0.0,0.0,0.0,0.0,0.08724817754776787,0.0,0.8800000000000001,0.0,0.0,0.0,1.0,,,0.101,96.03733398508695,950.8646929216529,950.8646929216529,0.0,29.47680548057124,0.0,,,133.3820414835439,0.0,57.354277837923874,2.0,589.9454513367765,0.0,0.0,0.0,89.94308351080495
115,1,116,0.15246,0.0,589.9454513367765,,,,0,0.0,1,1084.246734405197,1084.246734405197,-0.0,173.47947750483152,35.99699158225254,0.0,,,167.84826761191925,1084.246734405197,1040.876865028989,43.36986937620793,1084.246734405197,0.0,1.0,0.0,0.0,0.16125660320757035,83.92413380595963,0.96,542.1233672025978,520.4384325144939,21.68493468810391,1.0,0.0,0.0,0.16125660320757024,83.92413380595976,0.96,542.1233672025991,520.438432514495,21.684934688104022,0.0,0.0,0.0,0.271,0.0,0.96,0.0,0.0,0.0,,,,326.0598497397703,1040.876865028989,950.8646929216529,90.00998205895979,1040.8746749806128,0.0021900483761783107,1.0,0.0,0.0,0.3431287954598826,163.2828788840937,0.9135876935068192,520.8746749806136,475.8646929216529,45.0099820589607,1.0,0.0,0.0,0.3426883596961612,162.77697085567655,0.91346153846154,519.9999999999991,475.0,44.99999999999909,0.0,0.0,0.0,0.08724817754776787,0.0,0.8800000000000001,0.0,0.0,0.0,0.0,0.0,0.0,0.08724817754776787,0.0,0.8800000000000001,0.0,0.0,0.0,1.0,,,0.101,96.03733398508695,950.8646929216529,950.8646929216529,0.0,29.47680548057124,0.0,,,133.3820414835439,0.0,57.354277837923874,2.0,589.9454513367765,0.0,0.0,0.0,89.94308351080495
116,1,117,0.15246,0.0,589.9454513367765,,,,0,0.0,1,1084.246734405197,1084.246734405197,-0.0,173.47947750483152,35.99699158225254,0.0,,,167.8482676119193,1084.246734405197,1040.876865028989,43.36986937620793,1084.246734405197,0.0,1.0,0.0,0.0,0.16125660320757035,83.92413380595963,0.96,542.1233672025978,520.4384325144939,21.68493468810391,1.0,0.0,0.0,0.16125660320757024,83.92413380595976,0.96,542.1233672025991,520.438432514495,21.684934688104022,0.0,0.0,0.0,0.271,0.0,0.96,0.0,0.0,0.0,,,,326.05984973977024,1040.876865028989,950.8646929216529,90.00998205895957,1040.8746749806123,0.002190048376633058,1.0,0.0,0.0,0.3431287954598826,163.2828788840937,0.9135876935068192,520.8746749806136,475.8646929216529,45.0099820589607,1.0,0.0,0.0,0.34268835969616107,162.7769708556765,0.9134615384615404,519.9999999999989,475.0,44.99999999999886,0.0,0.0,0.0,0.08724817754776787,0.0,0.8800000000000001,0.0,0.0,0.0,0.0,0.0,0.0,0.08724817754776787,0.0,0.8800000000000001,0.0,0.0,0.0,1.0,,,0.101,96.03733398508695,950.8646929216529,950.8646929216529,0.0,29.47680548057124,0.0,,,133.38204148354413,0.0,57.35427783792397,2.0,589.9454513367765,0.0,0.0,0.0,89.94308351080495
117,1,118,0.15246,0.0,589.9454513367765,,,,0,0.0,1,1084.246734405197,1084.246734405197,-0.0,173.47947750483152,35.99699158225254,0.0,,,167.84826761191914,1084.246734405197,1040.876865028989,43.36986937620793,1084.246734405197,0.0,1.0,0.0,0.0,0.16125660320757035,83.92413380595963,0.96,542.1233672025978,520.4384325144939,21.68493468810391,1.0,0.0,0.0,0.16125660320757024,83.92413380595976,0.96,542.1233672025991,520.438432514495,21.684934688104022,0.0,0.0,0.0,0.271,0.0,0.96,0.0,0.0,0.0,,,,326.0598497397704,1040.876865028989,950.8646929216529,90.0099820589607,1040.8746749806137,0.002190048375268816,1.0,0.0,0.0,0.3431287954598826,163.2828788840937,0.9135876935068192,520.8746749806136,475.8646929216529,45.0099820589607,1.0,0.0,0.0,0.34268835969616135,162.77697085567664,0.9134615384615384,520.0,475.0,45.0,0.0,0.0,0.0,0.08724817754776787,0.0,0.8800000000000001,0.0,0.0,0.0,0.0,0.0,0.0,0.08724817754776787,0.0,0.8800000000000001,0.0,0.0,0.0,1.0,,,0.101,96.03733398508695,950.8646929216529,950.8646929216529,0.0,29.47680548057124,0.0,,,133.3820414835439,0.0,57.354277837923874,2.0,589.9454513367765,0.0,0.0,0.0,89.94308351080495
118,1,119,0.1016,0.0,1083.3136900294237,,,,0,0.0,1,1863.8044976537792,1863.8044976537792,-0.0,298.20871962460467,61.87830932210547,0.0,,,285.6645818107412,1863.8044976537792,1789.252317747628,74.5521799061512,1863.8044976537792,0.0,1.0,0.0,0.0,0.15742963213644534,117.81664461069636,0.96,779.5589038987794,748.3765477428282,31.182356155951197,1.0,0.0,0.0,0.16125660320757035,83.92413380595958,0.96,542.1233672025976,520.4384325144937,21.68493468810391,1.0,1.0,0.0,0.16125630762552726,83.92380339414716,0.96,542.1222265524023,520.4373374903062,21.68488906209609,,,,630.5703055650924,1789.252317747628,1654.2455708276243,135.00674692000518,1789.2523177476296,0.0,1.0,0.0,0.0,0.3829717356685547,212.54931329604784,0.925,600.0,555.0,45.0,1.0,0.0,0.0,0.38027990922521415,209.0105211267305,0.9243166063623711,594.6261588738112,549.6228332245332,45.00332564927794,1.0,1.0,0.0,0.3802798844418452,209.01047114231412,0.9243164455530165,594.6261588738184,549.6227376030912,45.003421270727245,0.0,0.0,0.0,0.08724817754776787,0.0,0.8800000000000001,0.0,0.0,0.0,1.0,,,0.101,167.07880265359006,1654.2455708276243,1654.2455708276243,0.0,51.28161269565636,0.0,,,209.55892682615638,0.0,90.11033853524724,3.0,1083.3136900294237,0.0,0.0,0.0,110.06467090698945
119,1,120,0.1016,0.0,1083.3136900294237,,,,0,0.0,1,1863.8044976537792,1863.8044976537792,-0.0,298.20871962460467,61.87830932210547,0.0,,,285.6645818107412,1863.8044976537792,1789.252317747628,74.5521799061512,1863.8044976537792,0.0,1.0,0.0,0.0,0.15742963213644534,117.81664461069636,0.96,779.5589038987794,748.3765477428282,31.182356155951197,1.0,0.0,0.0,0.16125660320757035,83.92413380595958,0.96,542.1233672025976,520.4384325144937,21.68493468810391,1.0,0.0,0.0,0.16125630762552726,83.92380339414716,0.96,542.1222265524023,520.4373374903062,21.68488906209609,,,,630.5703055650924,1789.252317747628,1654.2455708276243,135.00674692000518,1789.2523177476296,0.0,1.0,0.0,0.0,0.3829717356685547,212.54931329604784,0.925,600.0,555.0,45.0,1.0,0.0,0.0,0.38027990922521415,209.0105211267305,0.9243166063623711,594.6261588738112,549.6228332245332,45.00332564927794,1.0,0.0,0.0,0.3802798844418452,209.01047114231412,0.9243164455530165,594.6261588738184,549.6227376030912,45.003421270727245,0.0,0.0,0.0,0.08724817754776787,0.0,0.8800000000000001,0.0,0.0,0.0,1.0,,,0.101,167.07880265359006,1654.2455708276243,1654.2455708276243,0.0,51.28161269565636,0.0,,,209.55892682615638,0.0,90.11033853524724,3.0,1083.3136900294237,0.0,0.0,0.0,110.06467090698945
120,1,121,0.1016,0.0,1083.313690029423,,,,0,0.0,1,1863.8044976537772,1863.8044976537772,-0.0,298.2087196246043,61.8783093221054,0.0,,,285.6645818107405,1863.8044976537772,1789.252317747626,74.55217990615108,1863.8044976537772,0.0,1.0,0.0,0.0,0.15742963213644534,117.81664461069636,0.96,779.5589038987794,748.3765477428282,31.182356155951197,1.0,0.0,0.0,0.16125660320757035,83.92413380595958,0.96,542.1233672025976,520.4384325144937,21.68493468810391,1.0,0.0,0.0,0.1612563076255262,83.9238033941463,0.96,542.1222265524002,520.4373374903042,21.684889062095976,,,,630.5703055650924,1789.252317747626,1654.2455708276243,135.00674692000518,1789.2523177476296,0.0,1.0,0.0,0.0,0.3829717356685547,212.54931329604784,0.925,600.0,555.0,45.0,1.0,0.0,0.0,0.38027990922521415,209.0105211267305,0.9243166063623711,594.6261588738112,549.6228332245332,45.00332564927794,1.0,0.0,0.0,0.3802798844418452,209.01047114231412,0.9243164455530165,594.6261588738184,549.6227376030912,45.003421270727245,0.0,0.0,0.0,0.08724817754776787,0.0,0.8800000000000001,0.0,0.0,0.0,1.0,,,0.101,167.07880265359006,1654.2455708276243,1654.2455708276243,0.0,51.28161269565636,0.0,,,209.55892682615627,0.0,90.1103385352472,3.0,1083.313690029423,0.0,0.0,0.0,110.06467090698938
121,1,122,0.1016,0.0,1083.313690029423,,,,0,0.0,1,1863.8044976537772,1863.8044976537772,-0.0,298.2087196246043,61.8783093221054,0.0,,,285.6645818107404,1863.8044976537772,1789.252317747626,74.55217990615108,1863.8044976537772,0.0,1.0,0.0,0.0,0.15742963213644534,117.81664461069636,0.96,779.5589038987794,748.3765477428282,31.182356155951197,1.0,0.0,0.0,0.16125660320757035,83.92413380595958,0.96,542.1233672025976,520.4384325144937,21.68493468810391,1.0,0.0,0.0,0.1612563076255262,83.9238033941463,0.96,542.1222265524002,520.4373374903042,21.684889062095976,,,,630.5703055650924,1789.252317747626,1654.2455708276243,135.00674692000518,1789.2523177476296,0.0,1.0,0.0,0.0,0.3829717356685547,212.54931329604784,0.925,600.0,555.0,45.0,1.0,0.0,0.0,0.38027990922521415,209.0105211267305,0.9243166063623711,594.6261588738112,549.6228332245332,45.00332564927794,1.0,0.0,0.0,0.3802798844418452,209.01047114231412,0.9243164455530165,594.6261588738184,549.6227376030912,45.003421270727245,0.0,0.0,0.0,0.08724817754776787,0.0,0.8800000000000001,0.0,0.0,0.0,1.0,,,0.101,167.07880265359006,1654.2455708276243,1654.2455708276243,0.0,51.28161269565636,0.0,,,209.55892682615627,1.1368683772161603e-13,90.1103385352472,3.0,1083.313690029423,0.0,0.0,0.0,110.06467090698938
122,1,123,0.1016,0.0,1083.313690029422,,,,0,0.0,1,1863.804497653775,1863.804497653775,-0.0,298.208719624604,61.87830932210532,0.0,,,285.6645818107395,1863.804497653775,1789.2523177476237,74.55217990615108,1863.804497653775,0.0,1.0,0.0,0.0,0.15742963213644534,117.81664461069636,0.96,779.5589038987794,748.3765477428282,31.182356155951197,1.0,0.0,0.0,0.16125660320757035,83.92413380595958,0.96,542.1233672025976,520.4384325144937,21.68493468810391,1.0,0.0,0.0,0.16125630762552506,83.92380339414534,0.96,542.1222265523979,520.437337490302,21.684889062095976,,,,630.5703055650924,1789.2523177476237,1654.2455708276243,135.00674692000518,1789.2523177476296,0.0,1.0,0.0,0.0,0.3829717356685547,212.54931329604784,0.925,600.0,555.0,45.0,1.0,0.0,0.0,0.38027990922521415,209.0105211267305,0.9243166063623711,594.6261588738112,549.6228332245332,45.00332564927794,1.0,0.0,0.0,0.3802798844418452,209.01047114231412,0.9243164455530165,594.6261588738184,549.6227376030912,45.003421270727245,0.0,0.0,0.0,0.08724817754776787,0.0,0.8800000000000001,0.0,0.0,0.0,1.0,,,0.101,167.07880265359006,1654.2455708276243,1654.2455708276243,0.0,51.28161269565636,0.0,,,209.55892682615627,1.1368683772161603e-13,90.1103385352472,3.0,1083.313690029422,0.0,0.0,0.0,110.06467090698928
123,1,124,0.1016,0.0,1083.2799447053067,,,,0,0.0,1,1863.804497653824,1863.804497653824,-0.0,298.20871962461183,61.87830932210696,0.0,,,285.6647788982143,1863.804497653824,1789.252317747671,74.55217990615301,1863.804497653824,0.0,1.0,0.0,0.0,0.15742963213644534,117.81664461069636,0.96,779.5589038987794,748.3765477428282,31.182356155951197,1.0,0.0,0.0,0.16125660320757035,83.92413380595958,0.96,542.1233672025976,520.4384325144937,21.68493468810391,1.0,0.0,0.0,0.16125668632138926,83.92400048162025,0.96,542.1222265524472,520.4373374903493,21.68488906209791,,,,630.5418595197679,1789.252317747671,1654.191151359648,135.06116638797607,1789.2523177476241,0.0,1.0,0.0,0.0,0.3829717356685547,212.54931329604784,0.925,600.0,555.0,45.0,1.0,0.0,0.0,0.38027990922521415,209.0105211267305,0.9243166063623711,594.6261588738112,549.6228332245332,45.00332564927794,1.0,0.0,0.0,0.3802657798872786,208.9820250969895,0.9242249267606474,594.626158873813,549.5683181351149,45.05784073869813,0.0,0.0,0.0,0.08724817754776787,0.0,0.8800000000000001,0.0,0.0,0.0,1.0,,,0.101,167.07330628732447,1654.191151359648,1654.191151359648,0.0,51.27992569214909,0.0,,,209.6133462941291,2.842170943040401e-14,90.1337389064755,3.0,1083.2799447053067,0.0,0.0,0.0,110.06124238205915
124,1,125,0.1016,0.0,1083.2799447053078,,,,0,0.0,1,1863.8044976538226,1863.8044976538226,-0.0,298.2087196246116,61.878309322106915,0.0,,,285.6647788982142,1863.8044976538226,1789.2523177476696,74.55217990615301,1863.8044976538226,0.0,1.0,0.0,0.0,0.15742963213644534,117.81664461069636,0.96,779.5589038987794,748.3765477428282,31.182356155951197,1.0,0.0,0.0,0.16125660320757046,83.92413380595939,0.96,542.123367202596,520.4384325144921,21.68493468810391,1.0,0.0,0.0,0.16125668632138926,83.92400048162025,0.96,542.1222265524472,520.4373374903493,21.68488906209791,,,,630.541859519769,1789.2523177476696,1654.19115135965,135.0611663879762,1789.252317747626,0.0,1.0,0.0,0.0,0.3829717356685547,212.54931329604784,0.925,600.0,555.0,45.0,1.0,0.0,0.0,0.38027990922521415,209.0105211267305,0.9243166063623711,594.6261588738112,549.6228332245332,45.00332564927794,1.0,0.0,0.0,0.3802657798872795,208.98202509699067,0.9242249267606474,594.6261588738149,549.5683181351167,45.057840738698246,0.0,0.0,0.0,0.08724817754776787,0.0,0.8800000000000001,0.0,0.0,0.0,1.0,,,0.101,167.07330628732464,1654.19115135965,1654.19115135965,0.0,51.27992569214915,0.0,,,209.6133462941292,-2.842170943040401e-14,90.13373890647556,3.0,1083.2799447053078,0.0,0.0,0.0,110.06124238205926
125,1,126,0.1016,0.0,1083.2799447053158,,,,0,0.0,1,1863.8044976538242,1863.8044976538242,-0.0,298.2087196246119,61.878309322106965,0.0,,,285.66477889821454,1863.8044976538242,1789.2523177476714,74.55217990615301,1863.8044976538245,-2.2737367544323206e-13,1.0,0.0,0.0,0.15742963213644534,117.81664461069636,0.96,779.5589038987794,748.3765477428282,31.182356155951197,1.0,0.0,0.0,0.1612566032075703,83.9241338059596,0.96,542.1233672025978,520.4384325144939,21.68493468810391,1.0,0.0,0.0,0.16125668632138926,83.92400048162025,0.96,542.1222265524472,520.4373374903493,21.68488906209791,,,,630.5418595197757,1789.2523177476714,1654.19115135966,135.06116638797698,1789.2523177476369,0.0,1.0,0.0,0.0,0.3829717356685547,212.54931329604784,0.925,600.0,555.0,45.0,1.0,0.0,0.0,0.38027990922521415,209.0105211267305,0.9243166063623711,594.6261588738112,549.6228332245332,45.00332564927794,1.0,0.0,0.0,0.3802657798872847,208.98202509699735,0.9242249267606474,594.6261588738257,549.5683181351267,45.05784073869904,0.0,0.0,0.0,0.08724817754776787,0.0,0.8800000000000001,0.0,0.0,0.0,1.0,,,0.101,167.07330628732566,1654.19115135966,1654.19115135966,0.0,51.279925692149455,0.0,,,209.61334629413,-1.4210854715202004e-13,90.1337389064759,3.0,1083.2799447053158,0.0,0.0,0.0,110.06124238206007
126,1,127,0.1016,0.0,1083.2767277114194,,,,0,0.0,1,1863.8044976538242,1863.8044976538242,-0.0,298.2087196246119,61.878309322106965,0.0,,,285.6647788982143,1863.8044976538242,1789.2523177476714,74.55217990615301,1863.8044976538245,-2.2737367544323206e-13,1.0,0.0,0.0,0.15742963213644534,117.81664461069636,0.96,779.5589038987794,748.3765477428282,31.182356155951197,1.0,0.0,0.0,0.1612566032075703,83.9241338059596,0.96,542.1233672025978,520.4384325144939,21.68493468810391,1.0,0.0,0.0,0.16125668632138926,83.92400048162025,0.96,542.1222265524472,520.4373374903493,21.68488906209791,,,,630.5391634497782,1789.2523177476714,1654.1859936972955,135.06632405034554,1789.252317747641,0.0,1.0,0.0,0.0,0.3829717356685547,212.54931329604784,0.925,600.0,555.0,45.0,1.0,0.0,0.0,0.38027857245120844,209.007825056733,0.9243079325724759,594.6261588738154,549.6176755621689,45.0084833116465,1.0,0.0,0.0,0.3802657798872847,208.98202509699735,0.9242249267606474,594.6261588738257,549.5683181351267,45.05784073869904,0.0,0.0,0.0,0.08724817754776787,0.0,0.8800000000000001,0.0,0.0,0.0,1.0,,,0.101,167.07278536342687,1654.1859936972955,1654.1859936972955,0.0,51.27976580461616,0.0,,,209.61850395649856,0.0,90.13595670129438,3.0,1083.2767277114194,0.0,0.0,0.0,110.0609155354802
127,1,128,0.1016,0.0,1083.2767277114197,,,,0,0.0,1,1863.8044976538254,1863.8044976538254,-0.0,298.20871962461206,61.878309322107,0.0,,,285.66477889821454,1863.8044976538254,1789.2523177476724,74.55217990615313,1863.8044976538254,0.0,1.0,0.0,0.0,0.15742963213644534,117.81664461069636,0.96,779.5589038987794,748.3765477428282,31.182356155951197,1.0,0.0,0.0,0.16125660320757018,83.92413380595971,0.96,542.1233672025991,520.438432514495,21.684934688104022,1.0,0.0,0.0,0.16125668632138926,83.92400048162025,0.96,542.1222265524472,520.4373374903493,21.68488906209791,,,,630.5391634497782,1789.2523177476724,1654.1859936972955,135.06632405034554,1789.252317747641,0.0,1.0,0.0,0.0,0.3829717356685547,212.54931329604784,0.925,600.0,555.0,45.0,1.0,0.0,0.0,0.38027857245120844,209.007825056733,0.9243079325724759,594.6261588738154,549.6176755621689,45.0084833116465,1.0,0.0,0.0,0.3802657798872847,208.98202509699735,0.9242249267606474,594.6261588738257,549.5683181351267,45.05784073869904,0.0,0.0,0.0,0.08724817754776787,0.0,0.8800000000000001,0.0,0.0,0.0,1.0,,,0.101,167.07278536342687,1654.1859936972955,1654.1859936972955,0.0,51.27976580461616,0.0,,,209.61850395649867,0.0,90.13595670129442,3.0,1083.2767277114197,0.0,0.0,0.0,110.06091553548023
128,1,129,0.1016,0.0,1083.3113889025235,,,,0,0.0,1,1863.8044976538254,1863.8044976538254,-0.0,298.20871962461206,61.878309322107,0.0,,,285.66477889821454,1863.8044976538254,1789.2523177476724,74.55217990615313,1863.8044976538254,0.0,1.0,0.0,0.0,0.15742963213644534,117.81664461069636,0.96,779.5589038987794,748.3765477428282,31.182356155951197,1.0,0.0,0.0,0.16125660320757018,83.92413380595971,0.96,542.1233672025991,520.438432514495,21.684934688104022,1.0,0.0,0.0,0.16125668632138926,83.92400048162025,0.96,542.1222265524472,520.4373374903493,21.68488906209791,,,,630.5682118838224,1789.2523177476724,1654.2415655493703,135.01075219828738,1789.2523177476578,0.0,1.0,0.0,0.0,0.3829717356685547,212.54931329604784,0.925,600.0,555.0,45.0,1.0,0.0,0.0,0.3802801831192313,209.01107353103149,0.9243183835506494,594.626158873826,549.6238899871864,45.00226888663951,1.0,0.0,0.0,0.3802785724512163,209.00782505674306,0.9243079325724757,594.6261588738317,549.6176755621839,45.008483311647865,0.0,0.0,0.0,0.08724817754776787,0.0,0.8800000000000001,0.0,0.0,0.0,1.0,,,0.101,167.0783981204864,1654.2415655493703,1654.2415655493703,0.0,51.28148853203048,0.0,,,209.56293210444053,1.4210854715202004e-13,90.11206080490942,3.0,1083.3113889025235,0.0,0.0,0.0,110.06443711249638
129,1,130,0.1016,0.0,1083.3113889025342,,,,0,0.0,1,1863.8044976538267,1863.8044976538267,-0.0,298.2087196246123,61.87830932210705,0.0,,,285.6647788982144,1863.8044976538267,1789.2523177476737,74.55217990615313,1863.8044976538267,0.0,1.0,0.0,0.0,0.15742963213644534,117.81664461069636,0.96,779.5589038987794,748.3765477428282,31.182356155951197,1.0,0.0,0.0,0.16125660320757013,83.92413380595985,0.96,542.1233672026001,520.4384325144961,21.684934688104022,1.0,0.0,0.0,0.16125668632138926,83.92400048162025,0.96,542.1222265524472,520.4373374903493,21.68488906209791,,,,630.568211883832,1789.2523177476737,1654.2415655493846,135.01075219828851,1789.2523177476733,0.0,1.0,0.0,0.0,0.3829717356685547,212.54931329604784,0.925,600.0,555.0,45.0,1.0,0.0,0.0,0.3802801831192346,209.01107353103578,0.9243183835506494,594.6261588738329,549.6238899871929,45.00226888663997,1.0,0.0,0.0,0.38027857245122043,209.0078250567483,0.9243079325724757,594.6261588738403,549.6176755621917,45.00848331164855,0.0,0.0,0.0,0.08724817754776787,0.0,0.8800000000000001,0.0,0.0,0.0,1.0,,,0.101,167.07839812048786,1654.2415655493846,1654.2415655493846,0.0,51.28148853203092,0.0,,,209.56293210444164,-5.684341886080802e-14,90.1120608049099,3.0,1083.3113889025342,0.0,0.0,0.0,110.06443711249747
130,1,131,0.1016,0.0,1083.3113889025346,,,,0,0.0,1,1863.8044976538274,1863.8044976538274,-0.0,298.2087196246124,61.87830932210707,0.0,,,285.66477889821476,1863.8044976538274,1789.2523177476746,74.55217990615313,1863.8044976538276,-2.2737367544323206e-13,1.0,0.0,0.0,0.15742963213644534,117.81664461069636,0.96,779.5589038987794,748.3765477428282,31.182356155951197,1.0,0.0,0.0,0.16125660320757007,83.92413380596,0.96,542.1233672026011,520.4384325144971,21.684934688104022,1.0,0.0,0.0,0.16125668632138926,83.92400048162025,0.96,542.1222265524472,520.4373374903493,21.68488906209791,,,,630.568211883832,1789.2523177476746,1654.2415655493846,135.01075219828851,1789.2523177476733,0.0,1.0,0.0,0.0,0.3829717356685547,212.54931329604784,0.925,600.0,555.0,45.0,1.0,0.0,0.0,0.3802801831192346,209.01107353103578,0.9243183835506494,594.6261588738329,549.6238899871929,45.00226888663997,1.0,0.0,0.0,0.38027857245122043,209.0078250567483,0.9243079325724757,594.6261588738403,549.6176755621917,45.00848331164855,0.0,0.0,0.0,0.08724817754776787,0.0,0.8800000000000001,0.0,0.0,0.0,1.0,,,0.101,167.07839812048786,1654.2415655493846,1654.2415655493846,0.0,51.28148853203092,0.0,,,209.56293210444164,5.684341886080802e-14,90.1120608049099,3.0,1083.3113889025346,0.0,0.0,0.0,110.06443711249752
131,1,132,0.1016,0.0,1083.3113889025344,,,,0,0.0,1,1863.8044976538274,1863.8044976538274,-0.0,298.2087196246124,61.87830932210707,0.0,,,285.66477889821465,1863.8044976538274,1789.2523177476746,74.55217990615313,1863.8044976538276,-2.2737367544323206e-13,1.0,0.0,0.0,0.15742963213644534,117.81664461069636,0.96,779.5589038987794,748.3765477428282,31.182356155951197,1.0,0.0,0.0,0.16125660320757007,83.92413380596,0.96,542.1233672026011,520.4384325144971,21.684934688104022,1.0,0.0,0.0,0.16125668632138926,83.92400048162025,0.96,542.1222265524472,520.4373374903493,21.68488906209791,,,,630.568211883832,1789.2523177476746,1654.2415655493846,135.01075219828851,1789.2523177476733,0.0,1.0,0.0,0.0,0.3829717356685547,212.54931329604784,0.925,600.0,555.0,45.0,1.0,0.0,0.0,0.3802801831192346,209.01107353103578,0.9243183835506494,594.6261588738329,549.6238899871929,45.00226888663997,1.0,0.0,0.0,0.38027857245122043,209.0078250567483,0.9243079325724757,594.6261588738403,549.6176755621917,45.00848331164855,0.0,0.0,0.0,0.08724817754776787,0.0,0.8800000000000001,0.0,0.0,0.0,1.0,,,0.101,167.07839812048786,1654.2415655493846,1654.2415655493846,0.0,51.28148853203092,0.0,,,209.56293210444164,-5.684341886080802e-14,90.1120608049099,3.0,1083.3113889025344,0.0,0.0,0.0,110.06443711249749
132,1,133,0.1016,0.0,1083.3113889025346,,,,0,0.0,1,1863.8044976538274,1863.8044976538274,-0.0,298.2087196246124,61.87830932210707,0.0,,,285.66477889821476,1863.8044976538274,1789.2523177476746,74.55217990615313,1863.8044976538276,-2.2737367544323206e-13,1.0,0.0,0.0,0.15742963213644534,117.81664461069636,0.96,779.5589038987794,748.3765477428282,31.182356155951197,1.0,0.0,0.0,0.16125660320757007,83.92413380596,0.96,542.1233672026011,520.4384325144971,21.684934688104022,1.0,0.0,0.0,0.16125668632138926,83.92400048162025,0.96,542.1222265524472,520.4373374903493,21.68488906209791,,,,630.568211883832,1789.2523177476746,1654.2415655493846,135.01075219828851,1789.2523177476733,0.0,1.0,0.0,0.0,0.3829717356685547,212.54931329604784,0.925,600.0,555.0,45.0,1.0,0.0,0.0,0.3802801831192346,209.01107353103578,0.9243183835506494,594.6261588738329,549.6238899871929,45.00226888663997,1.0,0.0,0.0,0.38027857245122043,209.0078250567483,0.9243079325724757,594.6261588738403,549.6176755621917,45.00848331164855,0.0,0.0,0.0,0.08724817754776787,0.0,0.8800000000000001,0.0,0.0,0.0,1.0,,,0.101,167.07839812048786,1654.2415655493846,1654.2415655493846,0.0,51.28148853203092,0.0,,,209.56293210444164,5.684341886080802e-14,90.1120608049099,3.0,1083.3113889025346,0.0,0.0,0.0,110.06443711249752
133,1,134,0.1016,0.0,1078.5775373655024,,,,0,0.0,1,1858.2067464807255,1858.2067464807255,-0.0,297.3130794369161,61.69246398316009,0.0,,,285.0121542375007,1858.2067464807255,1783.8784766214962,74.32826985922907,1858.2067464807255,0.0,1.0,0.0,0.0,0.15742963213644534,117.81664461069636,0.96,779.5589038987794,748.3765477428282,31.182356155951197,1.0,0.0,0.0,0.16125660320757007,83.92413380596,0.96,542.1233672026011,520.4384325144971,21.684934688104022,1.0,0.0,0.0,0.16167205870483586,83.27137582090629,0.96,536.524475379345,515.0634963641711,21.460979015173848,,,,627.0299721188089,1783.8784766214962,1648.865455536561,135.01302108492723,1783.8784766214883,0.0,1.0,0.0,0.0,0.38028018311922607,209.0110735310248,0.9243183835506494,594.6261588738151,549.6238899871764,45.00226888663872,1.0,0.0,0.0,0.3802801831192346,209.01107353103578,0.9243183835506494,594.6261588738329,549.6238899871929,45.00226888663997,1.0,0.0,0.0,0.38027857245122043,209.0078250567483,0.9243079325724757,594.6261588738403,549.6176755621917,45.00848331164855,0.0,0.0,0.0,0.08724817754776787,0.0,0.8800000000000001,0.0,0.0,0.0,1.0,,,0.101,166.53541100919267,1648.865455536561,1648.865455536561,0.0,51.11482912163339,0.0,,,209.3412909441563,1.1368683772161603e-13,90.0167551059872,3.0,1078.5775373655024,0.0,0.0,0.0,109.58347779633503
134,1,135,0.1016,0.0,1078.5775373655024,,,,0,0.0,1,1858.2067464807255,1858.2067464807255,-0.0,297.3130794369161,61.69246398316009,0.0,,,285.0121542375008,1858.2067464807255,1783.8784766214962,74.32826985922907,1858.2067464807255,0.0,1.0,0.0,0.0,0.15742963213644534,117.81664461069636,0.96,779.5589038987794,748.3765477428282,31.182356155951197,1.0,0.0,0.0,0.16125660320757007,83.92413380596,0.96,542.1233672026011,520.4384325144971,21.684934688104022,1.0,0.0,0.0,0.16167205870483586,83.27137582090629,0.96,536.524475379345,515.0634963641711,21.460979015173848,,,,627.0299721188089,1783.8784766214962,1648.865455536561,135.01302108492723,1783.8784766214883,0.0,1.0,0.0,0.0,0.38028018311922607,209.0110735310248,0.9243183835506494,594.6261588738151,549.6238899871764,45.00226888663872,1.0,0.0,0.0,0.3802801831192346,209.01107353103578,0.9243183835506494,594.6261588738329,549.6238899871929,45.00226888663997,1.0,0.0,0.0,0.38027857245122043,209.0078250567483,0.9243079325724757,594.6261588738403,549.6176755621917,45.00848331164855,0.0,0.0,0.0,0.08724817754776787,0.0,0.8800000000000001,0.0,0.0,0.0,1.0,,,0.101,166.53541100919267,1648.865455536561,1648.865455536561,0.0,51.11482912163339,0.0,,,209.3412909441563,0.0,90.0167551059872,3.0,1078.5775373655024,0.0,0.0,0.0,109.58347779633503
135,1,136,0.1016,0.0,1078.5775373655024,,,,0,0.0,1,1858.2067464807255,1858.2067464807255,-0.0,297.3130794369161,61.69246398316009,0.0,,,285.0121542375008,1858.2067464807255,1783.8784766214962,74.32826985922907,1858.2067464807255,0.0,1.0,0.0,0.0,0.15742963213644534,117.81664461069636,0.96,779.5589038987794,748.3765477428282,31.182356155951197,1.0,0.0,0.0,0.16125660320757007,83.92413380596,0.96,542.1233672026011,520.4384325144971,21.684934688104022,1.0,0.0,0.0,0.16167205870483586,83.27137582090629,0.96,536.524475379345,515.0634963641711,21.460979015173848,,,,627.0299721188089,1783.8784766214962,1648.865455536561,135.01302108492723,1783.8784766214883,0.0,1.0,0.0,0.0,0.38028018311922607,209.0110735310248,0.9243183835506494,594.6261588738151,549.6238899871764,45.00226888663872,1.0,0.0,0.0,0.3802801831192346,209.01107353103578,0.9243183835506494,594.6261588738329,549.6238899871929,45.00226888663997,1.0,0.0,0.0,0.38027857245122043,209.0078250567483,0.9243079325724757,594.6261588738403,549.6176755621917,45.00848331164855,0.0,0.0,0.0,0.08724817754776787,0.0,0.8800000000000001,0.0,0.0,0.0,1.0,,,0.101,166.53541100919267,1648.865455536561,1648.865455536561,0.0,51.11482912163339,0.0,,,209.3412909441563,0.0,90.0167551059872,3.0,1078.5775373655024,0.0,0.0,0.0,109.58347779633503
136,1,137,0.1016,0.0,1078.5775373655024,,,,0,0.0,1,1858.2067464807262,1858.2067464807262,-0.0,297.3130794369162,61.69246398316011,0.0,,,285.0121542375007,1858.2067464807262,1783.8784766214972,74.32826985922918,1858.2067464807265,-2.2737367544323206e-13,1.0,0.0,0.0,0.15742963213644534,117.81664461069636,0.96,779.5589038987794,748.3765477428282,31.182356155951197,1.0,0.0,0.0,0.16125660320756996,83.92413380596007,0.96,542.123367202602,520.4384325144979,21.684934688104136,1.0,0.0,0.0,0.16167205870483586,83.27137582090629,0.96,536.524475379345,515.0634963641711,21.460979015173848,,,,627.0299721188089,1783.8784766214972,1648.865455536561,135.01302108492723,1783.8784766214883,0.0,1.0,0.0,0.0,0.38028018311922607,209.0110735310248,0.9243183835506494,594.6261588738151,549.6238899871764,45.00226888663872,1.0,0.0,0.0,0.3802801831192346,209.01107353103578,0.9243183835506494,594.6261588738329,549.6238899871929,45.00226888663997,1.0,0.0,0.0,0.38027857245122043,209.0078250567483,0.9243079325724757,594.6261588738403,549.6176755621917,45.00848331164855,0.0,0.0,0.0,0.08724817754776787,0.0,0.8800000000000001,0.0,0.0,0.0,1.0,,,0.101,166.53541100919267,1648.865455536561,1648.865455536561,0.0,51.11482912163339,0.0,,,209.3412909441564,1.1368683772161603e-13,90.01675510598726,3.0,1078.5775373655024,0.0,0.0,0.0,109.58347779633503
137,1,138,0.13994,0.0,1078.5775373655097,,,,0,0.0,1,1858.2067464807274,1858.2067464807274,-0.0,297.3130794369164,61.69246398316015,0.0,,,285.0121542375009,1858.2067464807274,1783.878476621498,74.32826985922918,1858.2067464807274,0.0,1.0,0.0,0.0,0.15742963213644534,117.81664461069636,0.96,779.5589038987794,748.3765477428282,31.182356155951197,1.0,0.0,0.0,0.1612566032075699,83.9241338059602,0.96,542.123367202603,520.4384325144989,21.684934688104136,1.0,0.0,0.0,0.16167205870483586,83.27137582090629,0.96,536.524475379345,515.0634963641711,21.460979015173848,,,,627.0299721188151,1783.878476621498,1648.8654555365702,135.0130210849279,1783.8784766214983,0.0,1.0,0.0,0.0,0.38028018311922607,209.0110735310248,0.9243183835506494,594.6261588738151,549.6238899871764,45.00226888663872,1.0,0.0,0.0,0.3802801831192346,209.01107353103578,0.9243183835506494,594.6261588738329,549.6238899871929,45.00226888663997,1.0,0.0,0.0,0.3802785724512252,209.00782505675446,0.9243079325724757,594.6261588738503,549.617675562201,45.00848331164923,0.0,0.0,0.0,0.08724817754776787,0.0,0.8800000000000001,0.0,0.0,0.0,1.0,,,0.101,166.5354110091936,1648.8654555365702,1648.8654555365702,0.0,51.114829121633676,0.0,,,209.3412909441571,8.526512829121202e-14,90.01675510598754,3.0,1078.5775373655097,0.0,0.0,0.0,150.93614057892944
138,1,139,0.13994,0.0,1078.5775373655097,,,,0,0.0,1,1858.2067464807274,1858.2067464807274,-0.0,297.3130794369164,61.69246398316015,0.0,,,285.012154237501,1858.2067464807274,1783.878476621498,74.32826985922918,1858.2067464807274,0.0,1.0,0.0,0.0,0.15742963213644534,117.81664461069636,0.96,779.5589038987794,748.3765477428282,31.182356155951197,1.0,0.0,0.0,0.1612566032075699,83.9241338059602,0.96,542.123367202603,520.4384325144989,21.684934688104136,1.0,0.0,0.0,0.16167205870483586,83.27137582090629,0.96,536.524475379345,515.0634963641711,21.460979015173848,,,,627.0299721188151,1783.878476621498,1648.8654555365702,135.0130210849279,1783.8784766214983,0.0,1.0,0.0,0.0,0.38028018311922607,209.0110735310248,0.9243183835506494,594.6261588738151,549.6238899871764,45.00226888663872,1.0,0.0,0.0,0.3802801831192346,209.01107353103578,0.9243183835506494,594.6261588738329,549.6238899871929,45.00226888663997,1.0,0.0,0.0,0.3802785724512252,209.00782505675446,0.9243079325724757,594.6261588738503,549.617675562201,45.00848331164923,0.0,0.0,0.0,0.08724817754776787,0.0,0.8800000000000001,0.0,0.0,0.0,1.0,,,0.101,166.5354110091936,1648.8654555365702,1648.8654555365702,0.0,51.114829121633676,0.0,,,209.3412909441571,-2.842170943040401e-14,90.01675510598754,3.0,1078.5775373655097,0.0,0.0,0.0,150.93614057892944
139,1,140,0.13994,0.0,1078.5775373655097,,,,0,0.0,1,1858.2067464807274,1858.2067464807274,-0.0,297.3130794369164,61.69246398316015,0.0,,,285.0121542375009,1858.2067464807274,1783.878476621498,74.32826985922918,1858.2067464807274,0.0,1.0,0.0,0.0,0.15742963213644534,117.81664461069636,0.96,779.5589038987794,748.3765477428282,31.182356155951197,1.0,0.0,0.0,0.1612566032075699,83.9241338059602,0.96,542.123367202603,520.4384325144989,21.684934688104136,1.0,0.0,0.0,0.16167205870483586,83.27137582090629,0.96,536.524475379345,515.0634963641711,21.460979015173848,,,,627.0299721188151,1783.878476621498,1648.8654555365702,135.0130210849279,1783.8784766214983,0.0,1.0,0.0,0.0,0.38028018311922607,209.0110735310248,0.9243183835506494,594.6261588738151,549.6238899871764,45.00226888663872,1.0,0.0,0.0,0.3802801831192346,209.01107353103578,0.9243183835506494,594.6261588738329,549.6238899871929,45.00226888663997,1.0,0.0,0.0,0.3802785724512252,209.00782505675446,0.9243079325724757,594.6261588738503,549.617675562201,45.00848331164923,0.0,0.0,0.0,0.08724817754776787,0.0,0.8800000000000001,0.0,0.0,0.0,1.0,,,0.101,166.5354110091936,1648.8654555365702,1648.8654555365702,0.0,51.114829121633676,0.0,,,209.3412909441571,8.526512829121202e-14,90.01675510598754,3.0,1078.5775373655097,0.0,0.0,0.0,150.93614057892944
140,1,141,0.13994,0.0,1078.5775373655097,,,,0,0.0,1,1858.2067464807274,1858.2067464807274,-0.0,297.3130794369164,61.69246398316015,0.0,,,285.012154237501,1858.2067464807274,1783.878476621498,74.32826985922918,1858.2067464807274,0.0,1.0,0.0,0.0,0.15742963213644534,117.81664461069636,0.96,779.5589038987794,748.3765477428282,31.182356155951197,1.0,0.0,0.0,0.1612566032075699,83.9241338059602,0.96,542.123367202603,520.4384325144989,21.684934688104136,1.0,0.0,0.0,0.16167205870483586,83.27137582090629,0.96,536.524475379345,515.0634963641711,21.460979015173848,,,,627.0299721188151,1783.878476621498,1648.8654555365702,135.0130210849279,1783.8784766214983,0.0,1.0,0.0,0.0,0.38028018311922607,209.0110735310248,0.9243183835506494,594.6261588738151,549.6238899871764,45.00226888663872,1.0,0.0,0.0,0.3802801831192346,209.01107353103578,0.9243183835506494,594.6261588738329,549.6238899871929,45.00226888663997,1.0,0.0,0.0,0.3802785724512252,209.00782505675446,0.9243079325724757,594.6261588738503,549.617675562201,45.00848331164923,0.0,0.0,0.0,0.08724817754776787,0.0,0.8800000000000001,0.0,0.0,0.0,1.0,,,0.101,166.5354110091936,1648.8654555365702,1648.8654555365702,0.0,51.114829121633676,0.0,,,209.3412909441571,-2.842170943040401e-14,90.01675510598754,3.0,1078.5775373655097,0.0,0.0,0.0,150.93614057892944
141,1,142,0.13994,0.0,1078.5775373655097,,,,0,0.0,1,1858.2067464807274,1858.2067464807274,-0.0,297.3130794369164,61.69246398316015,0.0,,,285.0121542375009,1858.2067464807274,1783.878476621498,74.32826985922918,1858.2067464807274,0.0,1.0,0.0,0.0,0.15742963213644534,117.81664461069636,0.96,779.5589038987794,748.3765477428282,31.182356155951197,1.0,0.0,0.0,0.1612566032075699,83.9241338059602,0.96,542.123367202603,520.4384325144989,21.684934688104136,1.0,0.0,0.0,0.16167205870483586,83.27137582090629,0.96,536.524475379345,515.0634963641711,21.460979015173848,,,,627.0299721188151,1783.878476621498,1648.8654555365702,135.0130210849279,1783.8784766214983,0.0,1.0,0.0,0.0,0.38028018311922607,209.0110735310248,0.9243183835506494,594.6261588738151,549.6238899871764,45.00226888663872,1.0,0.0,0.0,0.3802801831192346,209.01107353103578,0.9243183835506494,594.6261588738329,549.6238899871929,45.00226888663997,1.0,0.0,0.0,0.3802785724512252,209.00782505675446,0.9243079325724757,594.6261588738503,549.617675562201,45.00848331164923,0.0,0.0,0.0,0.08724817754776787,0.0,0.8800000000000001,0.0,0.0,0.0,1.0,,,0.101,166.5354110091936,1648.8654555365702,1648.8654555365702,0.0,51.114829121633676,0.0,,,209.3412909441571,8.526512829121202e-14,90.01675510598754,3.0,1078.5775373655097,0.0,0.0,0.0,150.93614057892944
142,1,143,0.1016,0.0,1078.5775373655097,,,,0,0.0,1,1858.2067464807274,1858.2067464807274,-0.0,297.3130794369164,61.69246398316015,0.0,,,285.012154237501,1858.2067464807274,1783.878476621498,74.32826985922918,1858.2067464807274,0.0,1.0,0.0,0.0,0.15742963213644534,117.81664461069636,0.96,779.5589038987794,748.3765477428282,31.182356155951197,1.0,0.0,0.0,0.1612566032075699,83.9241338059602,0.96,542.123367202603,520.4384325144989,21.684934688104136,1.0,0.0,0.0,0.16167205870483586,83.27137582090629,0.96,536.524475379345,515.0634963641711,21.460979015173848,,,,627.0299721188151,1783.878476621498,1648.8654555365702,135.0130210849279,1783.8784766214983,0.0,1.0,0.0,0.0,0.38028018311922607,209.0110735310248,0.9243183835506494,594.6261588738151,549.6238899871764,45.00226888663872,1.0,0.0,0.0,0.3802801831192346,209.01107353103578,0.9243183835506494,594.6261588738329,549.6238899871929,45.00226888663997,1.0,0.0,0.0,0.3802785724512252,209.00782505675446,0.9243079325724757,594.6261588738503,549.617675562201,45.00848331164923,0.0,0.0,0.0,0.08724817754776787,0.0,0.8800000000000001,0.0,0.0,0.0,1.0,,,0.101,166.5354110091936,1648.8654555365702,1648.8654555365702,0.0,51.114829121633676,0.0,,,209.3412909441571,-2.842170943040401e-14,90.01675510598754,3.0,1078.5775373655097,0.0,0.0,0.0,109.58347779633579
143,1,144,0.1016,0.0,1301.0298834949197,,,,0,0.0,1,2322.1378309871325,2322.1378309871325,-0.0,371.5420529579412,77.0949759887728,0.0,,,350.47976894409453,2322.1378309871325,2229.252317747647,92.88551323948536,2322.1378309871325,0.0,1.0,0.0,0.0,0.15742963213644534,117.81664461069636,0.96,779.5589038987794,748.3765477428282,31.182356155951197,1.0,0.0,0.0,0.15720471521667054,116.78373399103789,0.96,773.8299881124111,742.8767885879147,30.953199524496426,1.0,0.0,0.0,0.15701836081120343,115.87939034242007,0.96,768.7489389759419,737.9989814169041,30.74995755903774,,,,743.5760887734139,2229.252317747647,2049.247779974369,180.00453777327812,2229.2523177476473,0.0,1.0,0.0,0.0,0.38028018311922607,209.0110735310248,0.9243183835506494,594.6261588738151,549.6238899871764,45.00226888663872,1.0,0.0,0.0,0.3802801831192346,209.01107353103578,0.9243183835506494,594.6261588738329,549.6238899871929,45.00226888663997,1.0,0.0,0.0,0.3426883596961614,162.77697085567667,0.9134615384615385,520.0,475.0,45.0,1.0,1.0,0.0,0.34268835969616124,162.77697085567658,0.9134615384615395,519.9999999999994,475.0,44.99999999999943,1.0,,,0.101,206.9740257774113,2049.247779974369,2049.247779974369,0.0,63.52668117920545,0.0,,,272.8900510127635,-2.842170943040401e-14,117.34272193548829,4.0,1301.0298834949197,0.0,-0.0,0.0,132.18463616308384
144,1,145,0.1016,0.0,1301.0298834949194,,,,0,0.0,1,2322.137830987131,2322.137830987131,-0.0,371.542052957941,77.09497598877276,0.0,,,350.4797689440943,2322.137830987131,2229.252317747646,92.88551323948525,2322.137830987131,0.0,1.0,0.0,0.0,0.15742963213644534,117.81664461069636,0.96,779.5589038987794,748.3765477428282,31.182356155951197,1.0,0.0,0.0,0.15720471521667054,116.78373399103789,0.96,773.8299881124111,742.8767885879147,30.953199524496426,1.0,0.0,0.0,0.1570183608112034,115.87939034241991,0.96,768.7489389759409,737.9989814169032,30.749957559037625,,,,743.5760887734139,2229.252317747646,2049.247779974369,180.00453777327868,2229.252317747648,0.0,1.0,0.0,0.0,0.38028018311922607,209.0110735310248,0.9243183835506494,594.6261588738151,549.6238899871764,45.00226888663872,1.0,0.0,0.0,0.3802801831192346,209.01107353103578,0.9243183835506494,594.6261588738329,549.6238899871929,45.00226888663997,1.0,0.0,0.0,0.3426883596961614,162.77697085567667,0.9134615384615385,520.0,475.0,45.0,1.0,0.0,0.0,0.3426883596961614,162.77697085567667,0.9134615384615385,520.0,475.0,45.0,1.0,,,0.101,206.9740257774113,2049.247779974369,2049.247779974369,0.0,63.52668117920545,0.0,,,272.89005101276393,-2.842170943040401e-14,117.34272193548848,4.0,1301.0298834949194,0.0,-0.0,0.0,132.1846361630838
145,1,146,0.1016,0.0,1301.0298834949194,,,,0,0.0,1,2322.137830987131,2322.137830987131,-0.0,371.542052957941,77.09497598877276,0.0,,,350.4797689440944,2322.137830987131,2229.252317747646,92.88551323948525,2322.137830987131,0.0,1.0,0.0,0.0,0.15742963213644534,117.81664461069636,0.96,779.5589038987794,748.3765477428282,31.182356155951197,1.0,0.0,0.0,0.15720471521667054,116.78373399103789,0.96,773.8299881124111,742.8767885879147,30.953199524496426,1.0,0.0,0.0,0.1570183608112034,115.87939034241991,0.96,768.7489389759409,737.9989814169032,30.749957559037625,,,,743.5760887734139,2229.252317747646,2049.247779974369,180.00453777327812,2229.2523177476473,0.0,1.0,0.0,0.0,0.38028018311922607,209.0110735310248,0.9243183835506494,594.6261588738151,549.6238899871764,45.00226888663872,1.0,0.0,0.0,0.3802801831192346,209.01107353103578,0.9243183835506494,594.6261588738329,549.6238899871929,45.00226888663997,1.0,0.0,0.0,0.3426883596961614,162.77697085567667,0.9134615384615385,520.0,475.0,45.0,1.0,0.0,0.0,0.34268835969616124,162.77697085567658,0.9134615384615395,519.9999999999994,475.0,44.99999999999943,1.0,,,0.101,206.9740257774113,2049.247779974369,2049.247779974369,0.0,63.52668117920545,0.0,,,272.89005101276337,-1.4210854715202004e-13,117.34272193548824,4.0,1301.0298834949194,0.0,-0.0,0.0,132.1846361630838
146,1,147,0.1016,0.0,1301.0298834949194,,,,0,0.0,1,2322.137830987131,2322.137830987131,-0.0,371.542052957941,77.09497598877276,0.0,,,350.4797689440944,2322.137830987131,2229.252317747646,92.88551323948525,2322.137830987131,0.0,1.0,0.0,0.0,0.15742963213644534,117.81664461069636,0.96,779.5589038987794,748.3765477428282,31.182356155951197,1.0,0.0,0.0,0.15720471521667054,116.78373399103789,0.96,773.8299881124111,742.8767885879147,30.953199524496426,1.0,0.0,0.0,0.1570183608112034,115.87939034241991,0.96,768.7489389759409,737.9989814169032,30.749957559037625,,,,743.5760887734139,2229.252317747646,2049.247779974369,180.00453777327834,2229.252317747648,0.0,1.0,0.0,0.0,0.38028018311922607,209.0110735310248,0.9243183835506494,594.6261588738151,549.6238899871764,45.00226888663872,1.0,0.0,0.0,0.3802801831192346,209.01107353103578,0.9243183835506494,594.6261588738329,549.6238899871929,45.00226888663997,1.0,0.0,0.0,0.3426883596961614,162.77697085567667,0.9134615384615385,520.0,475.0,45.0,1.0,0.0,0.0,0.3426883596961613,162.7769708556766,0.913461538461539,519.9999999999997,475.0,44.99999999999966,1.0,,,0.101,206.9740257774113,2049.247779974369,2049.247779974369,0.0,63.52668117920545,0.0,,,272.8900510127636,-1.4210854715202004e-13,117.34272193548834,4.0,1301.0298834949194,0.0,-0.0,0.0,132.1846361630838
147,1,148,0.1016,0.0,1301.0298834949194,,,,0,0.0,1,2322.137830987131,2322.137830987131,-0.0,371.542052957941,77.09497598877276,0.0,,,350.4797689440943,2322.137830987131,2229.252317747646,92.88551323948525,2322.137830987131,0.0,1.0,0.0,0.0,0.15742963213644534,117.81664461069636,0.96,779.5589038987794,748.3765477428282,31.182356155951197,1.0,0.0,0.0,0.15720471521667054,116.78373399103789,0.96,773.8299881124111,742.8767885879147,30.953199524496426,1.0,0.0,0.0,0.1570183608112034,115.87939034241991,0.96,768.7489389759409,737.9989814169032,30.749957559037625,,,,743.5760887734139,2229.252317747646,2049.247779974369,180.00453777327868,2229.252317747648,0.0,1.0,0.0,0.0,0.38028018311922607,209.0110735310248,0.9243183835506494,594.6261588738151,549.6238899871764,45.00226888663872,1.0,0.0,0.0,0.3802801831192346,209.01107353103578,0.9243183835506494,594.6261588738329,549.6238899871929,45.00226888663997,1.0,0.0,0.0,0.3426883596961614,162.77697085567667,0.9134615384615385,520.0,475.0,45.0,1.0,0.0,0.0,0.3426883596961614,162.77697085567667,0.9134615384615385,520.0,475.0,45.0,1.0,,,0.101,206.9740257774113,2049.247779974369,2049.247779974369,0.0,63.52668117920545,0.0,,,272.89005101276393,-2.842170943040401e-14,117.34272193548848,4.0,1301.0298834949194,0.0,-0.0,0.0,132.1846361630838
148,1,149,0.1016,0.0,1301.0298834949194,,,,0,0.0,1,2322.137830987131,2322.137830987131,-0.0,371.542052957941,77.09497598877276,0.0,,,350.4797689440943,2322.137830987131,2229.252317747646,92.88551323948525,2322.137830987131,0.0,1.0,0.0,0.0,0.15742963213644534,117.81664461069636,0.96,779.5589038987794,748.3765477428282,31.182356155951197,1.0,0.0,0.0,0.15720471521667054,116.78373399103789,0.96,773.8299881124111,742.8767885879147,30.953199524496426,1.0,0.0,0.0,0.1570183608112034,115.87939034241991,0.96,768.7489389759409,737.9989814169032,30.749957559037625,,,,743.5760887734139,2229.252317747646,2049.247779974369,180.00453777327868,2229.252317747648,0.0,1.0,0.0,0.0,0.38028018311922607,209.0110735310248,0.9243183835506494,594.6261588738151,549.6238899871764,45.00226888663872,1.0,0.0,0.0,0.3802801831192346,209.01107353103578,0.9243183835506494,594.6261588738329,549.6238899871929,45.00226888663997,1.0,0.0,0.0,0.3426883596961614,162.77697085567667,0.9134615384615385,520.0,475.0,45.0,1.0,0.0,0.0,0.3426883596961614,162.77697085567667,0.9134615384615385,520.0,475.0,45.0,1.0,,,0.101,206.9740257774113,2049.247779974369,2049.247779974369,0.0,63.52668117920545,0.0,,,272.89005101276393,-2.842170943040401e-14,117.34272193548848,4.0,1301.0298834949194,0.0,-0.0,0.0,132.1846361630838
149,1,150,0.1016,0.0,1301.0264940661664,,,,0,0.0,1,2322.137830987131,2322.137830987131,-0.0,371.542052957941,77.09497598877276,0.0,,,350.47976894408987,2322.137830987131,2229.252317747646,92.88551323948525,2322.137830987131,0.0,1.0,0.0,0.0,0.15742963213644534,117.81664461069636,0.96,779.5589038987794,748.3765477428282,31.182356155951197,1.0,0.0,0.0,0.15720471521667054,116.78373399103789,0.96,773.8299881124111,742.8767885879147,30.953199524496426,1.0,0.0,0.0,0.1570183608112034,115.87939034241991,0.96,768.7489389759409,737.9989814169032,30.749957559037625,,,,743.573248190717,2229.252317747646,2049.242345855044,180.00997189258885,2229.252317747633,0.0,1.0,0.0,0.0,0.38028038536053244,209.01148142262937,0.9243196958132934,594.6261588738165,549.6246702928731,45.001488580943374,1.0,0.0,0.0,0.38027857245120955,209.00782505673436,0.9243079325724757,594.6261588738176,549.6176755621708,45.00848331164684,1.0,0.0,0.0,0.3426883596961614,162.77697085567667,0.9134615384615385,520.0,475.0,45.0,1.0,0.0,0.0,0.34268835969616107,162.7769708556765,0.9134615384615409,519.9999999999986,475.0,44.999999999998636,1.0,,,0.101,206.97347693135944,2049.242345855044,2049.242345855044,0.0,63.52651272150636,0.0,,,272.8954851320741,8.526512829121202e-14,117.34505860679185,4.0,1301.0264940661664,0.0,-0.0,0.0,132.1842917971225
150,1,151,0.1016,0.0,1301.0264940661664,,,,0,0.0,1,2322.137830987131,2322.137830987131,-0.0,371.542052957941,77.09497598877276,0.0,,,350.47976894408987,2322.137830987131,2229.252317747646,92.88551323948525,2322.137830987131,0.0,1.0,0.0,0.0,0.15742963213644534,117.81664461069636,0.96,779.5589038987794,748.3765477428282,31.182356155951197,1.0,0.0,0.0,0.15720471521667054,116.78373399103789,0.96,773.8299881124111,742.8767885879147,30.953199524496426,1.0,0.0,0.0,0.1570183608112034,115.87939034241991,0.96,768.7489389759409,737.9989814169032,30.749957559037625,,,,743.573248190717,2229.252317747646,2049.242345855044,180.00997189258885,2229.252317747633,0.0,1.0,0.0,0.0,0.38028038536053244,209.01148142262937,0.9243196958132934,594.6261588738165,549.6246702928731,45.001488580943374,1.0,0.0,0.0,0.38027857245120955,209.00782505673436,0.9243079325724757,594.6261588738176,549.6176755621708,45.00848331164684,1.0,0.0,0.0,0.3426883596961614,162.77697085567667,0.9134615384615385,520.0,475.0,45.0,1.0,0.0,0.0,0.34268835969616107,162.7769708556765,0.9134615384615409,519.9999999999986,475.0,44.999999999998636,1.0,,,0.101,206.97347693135944,2049.242345855044,2049.242345855044,0.0,63.52651272150636,0.0,,,272.8954851320741,8.526512829121202e-14,117.34505860679185,4.0,1301.0264940661664,0.0,-0.0,0.0,132.1842917971225
151,1,152,0.1016,0.0,1301.0264940661664,,,,0,0.0,1,2322.137830987131,2322.137830987131,-0.0,371.542052957941,77.09497598877276,0.0,,,350.4797689440901,2322.137830987131,2229.252317747646,92.88551323948525,2322.137830987131,0.0,1.0,0.0,0.0,0.15742963213644534,117.81664461069636,0.96,779.5589038987794,748.3765477428282,31.182356155951197,1.0,0.0,0.0,0.15720471521667054,116.78373399103789,0.96,773.8299881124111,742.8767885879147,30.953199524496426,1.0,0.0,0.0,0.1570183608112034,115.87939034241991,0.96,768.7489389759409,737.9989814169032,30.749957559037625,,,,743.5732481907169,2229.252317747646,2049.242345855044,180.00997189258874,2229.252317747633,0.0,1.0,0.0,0.0,0.38028038536053244,209.01148142262937,0.9243196958132934,594.6261588738165,549.6246702928731,45.001488580943374,1.0,0.0,0.0,0.38027857245120955,209.00782505673436,0.9243079325724757,594.6261588738176,549.6176755621708,45.00848331164684,1.0,0.0,0.0,0.3426883596961613,162.7769708556766,0.9134615384615387,519.9999999999999,475.0,44.999999999999886,1.0,0.0,0.0,0.34268835969616107,162.7769708556765,0.9134615384615409,519.9999999999986,475.0,44.999999999998636,1.0,,,0.101,206.97347693135944,2049.242345855044,2049.242345855044,0.0,63.52651272150636,0.0,,,272.895485132074,-2.842170943040401e-14,117.34505860679181,4.0,1301.0264940661664,0.0,-0.0,0.0,132.1842917971225
152,1,153,0.1016,0.0,1301.0264940661664,,,,0,0.0,1,2322.137830987131,2322.137830987131,-0.0,371.542052957941,77.09497598877276,0.0,,,350.47976894409,2322.137830987131,2229.252317747646,92.88551323948525,2322.137830987131,0.0,1.0,0.0,0.0,0.15742963213644534,117.81664461069636,0.96,779.5589038987794,748.3765477428282,31.182356155951197,1.0,0.0,0.0,0.15720471521667054,116.78373399103789,0.96,773.8299881124111,742.8767885879147,30.953199524496426,1.0,0.0,0.0,0.1570183608112034,115.87939034241991,0.96,768.7489389759409,737.9989814169032,30.749957559037625,,,,743.573248190717,2229.252317747646,2049.242345855044,180.00997189258885,2229.252317747633,0.0,1.0,0.0,0.0,0.38028038536053244,209.01148142262937,0.9243196958132934,594.6261588738165,549.6246702928731,45.001488580943374,1.0,0.0,0.0,0.38027857245120955,209.00782505673436,0.9243079325724757,594.6261588738176,549.6176755621708,45.00848331164684,1.0,0.0,0.0,0.3426883596961614,162.77697085567667,0.9134615384615385,520.0,475.0,45.0,1.0,0.0,0.0,0.34268835969616107,162.7769708556765,0.9134615384615409,519.9999999999986,475.0,44.999999999998636,1.0,,,0.101,206.97347693135944,2049.242345855044,2049.242345855044,0.0,63.52651272150636,0.0,,,272.8954851320741,-2.842170943040401e-14,117.34505860679185,4.0,1301.0264940661664,0.0,-0.0,0.0,132.1842917971225
153,1,154,0.1016,0.0,1299.7112839075312,,,,0,0.0,1,2322.137830987131,2322.137830987131,-0.0,371.542052957941,77.09497598877276,0.0,,,350.47976894409203,2322.137830987131,2229.252317747646,92.88551323948525,2322.137830987131,0.0,1.0,0.0,0.0,0.15742963213644534,117.81664461069636,0.96,779.5589038987794,748.3765477428282,31.182356155951197,1.0,0.0,0.0,0.15720471521667054,116.78373399103789,0.96,773.8299881124111,742.8767885879147,30.953199524496426,1.0,0.0,0.0,0.1570183608112034,115.87939034241991,0.96,768.7489389759409,737.9989814169032,30.749957559037625,,,,742.2585878167886,2229.252317747646,2049.236902442084,180.01541530554465,2229.2523177476287,0.0,1.0,0.0,0.0,0.38028038536053177,209.01148142262855,0.9243196958132934,594.6261588738151,549.6246702928719,45.00148858094326,1.0,0.0,0.0,0.36448910555498104,188.8673731937679,0.9200951962988586,563.1701464195843,518.1701464195844,44.999999999999886,1.0,0.0,0.0,0.3585854482908576,181.60276234471553,0.918372588732383,551.4560124542294,506.4420857296279,45.013926724601504,1.0,0.0,0.0,0.34268835969616135,162.77697085567664,0.9134615384615384,520.0,475.0,45.0,1.0,,,0.101,206.9729271466505,2049.236902442084,2049.236902442084,0.0,63.526343975704606,0.0,,,272.9009285450299,8.526512829121202e-14,117.34739927436284,4.0,1299.7112839075312,0.0,-0.0,0.0,132.05066644500516
154,1,155,0.1016,0.0,1299.7112839075312,,,,0,0.0,1,2322.137830987131,2322.137830987131,-0.0,371.542052957941,77.09497598877276,0.0,,,350.47976894409214,2322.137830987131,2229.252317747646,92.88551323948525,2322.137830987131,0.0,1.0,0.0,0.0,0.15742963213644534,117.81664461069636,0.96,779.5589038987794,748.3765477428282,31.182356155951197,1.0,0.0,0.0,0.15720471521667054,116.78373399103789,0.96,773.8299881124111,742.8767885879147,30.953199524496426,1.0,0.0,0.0,0.1570183608112034,115.87939034241991,0.96,768.7489389759409,737.9989814169032,30.749957559037625,,,,742.2585878167886,2229.252317747646,2049.236902442084,180.0154153055443,2229.2523177476282,0.0,1.0,0.0,0.0,0.38028038536053177,209.01148142262855,0.9243196958132934,594.6261588738151,549.6246702928719,45.00148858094326,1.0,0.0,0.0,0.36448910555498104,188.8673731937679,0.9200951962988586,563.1701464195843,518.1701464195844,44.999999999999886,1.0,0.0,0.0,0.3585854482908576,181.60276234471553,0.918372588732383,551.4560124542294,506.4420857296279,45.013926724601504,1.0,0.0,0.0,0.3426883596961613,162.7769708556766,0.913461538461539,519.9999999999997,475.0,44.99999999999966,1.0,,,0.101,206.9729271466505,2049.236902442084,2049.236902442084,0.0,63.526343975704606,0.0,,,272.90092854502956,-2.842170943040401e-14,117.3473992743627,4.0,1299.7112839075314,0.0,-0.0,0.0,132.05066644500516
155,1,156,0.1016,0.0,1299.7112839075312,,,,0,0.0,1,2322.137830987131,2322.137830987131,-0.0,371.542052957941,77.09497598877276,0.0,,,350.47976894409214,2322.137830987131,2229.252317747646,92.88551323948525,2322.137830987131,0.0,1.0,0.0,0.0,0.15742963213644534,117.81664461069636,0.96,779.5589038987794,748.3765477428282,31.182356155951197,1.0,0.0,0.0,0.15720471521667054,116.78373399103789,0.96,773.8299881124111,742.8767885879147,30.953199524496426,1.0,0.0,0.0,0.1570183608112034,115.87939034241991,0.96,768.7489389759409,737.9989814169032,30.749957559037625,,,,742.2585878167886,2229.252317747646,2049.236902442084,180.0154153055443,2229.2523177476282,0.0,1.0,0.0,0.0,0.38028038536053177,209.01148142262855,0.9243196958132934,594.6261588738151,549.6246702928719,45.00148858094326,1.0,0.0,0.0,0.36448910555498104,188.8673731937679,0.9200951962988586,563.1701464195843,518.1701464195844,44.999999999999886,1.0,0.0,0.0,0.3585854482908576,181.60276234471553,0.918372588732383,551.4560124542294,506.4420857296279,45.013926724601504,1.0,0.0,0.0,0.3426883596961613,162.7769708556766,0.913461538461539,519.9999999999997,475.0,44.99999999999966,1.0,,,0.101,206.9729271466505,2049.236902442084,2049.236902442084,0.0,63.526343975704606,0.0,,,272.90092854502956,-2.842170943040401e-14,117.3473992743627,4.0,1299.7112839075314,0.0,-0.0,0.0,132.05066644500516
156,1,157,0.1016,0.0,1299.711283907533,,,,0,0.0,1,2322.137830987131,2322.137830987131,-0.0,371.542052957941,77.09497598877276,0.0,,,350.47976894409237,2322.137830987131,2229.252317747646,92.88551323948525,2322.137830987131,0.0,1.0,0.0,0.0,0.15742963213644534,117.81664461069636,0.96,779.5589038987794,748.3765477428282,31.182356155951197,1.0,0.0,0.0,0.15720471521667054,116.78373399103789,0.96,773.8299881124111,742.8767885879147,30.953199524496426,1.0,0.0,0.0,0.1570183608112034,115.87939034241991,0.96,768.7489389759409,737.9989814169032,30.749957559037625,,,,742.2585878167899,2229.252317747646,2049.2369024420864,180.01541530554414,2229.2523177476305,0.0,1.0,0.0,0.0,0.38028038536053177,209.01148142262855,0.9243196958132934,594.6261588738151,549.6246702928719,45.00148858094326,1.0,0.0,0.0,0.36448910555498104,188.8673731937679,0.9200951962988586,563.1701464195843,518.1701464195844,44.999999999999886,1.0,0.0,0.0,0.3585854482908587,181.6027623447169,0.9183725887323833,551.4560124542317,506.4420857296301,45.01392672460156,1.0,0.0,0.0,0.34268835969616124,162.77697085567658,0.9134615384615395,519.9999999999994,475.0,44.99999999999943,1.0,,,0.101,206.97292714665073,2049.2369024420864,2049.2369024420864,0.0,63.52634397570468,0.0,,,272.9009285450294,-2.842170943040401e-14,117.34739927436263,4.0,1299.711283907533,0.0,-0.0,0.0,132.05066644500536
157,1,158,0.1016,0.0,1299.643801262036,,,,0,0.0,1,2322.137830987131,2322.137830987131,-0.0,371.542052957941,77.09497598877276,0.0,,,350.47976894409226,2322.137830987131,2229.252317747646,92.88551323948525,2322.137830987131,0.0,1.0,0.0,0.0,0.15742963213644534,117.81664461069636,0.96,779.5589038987794,748.3765477428282,31.182356155951197,1.0,0.0,0.0,0.15720471521667054,116.78373399103789,0.96,773.8299881124111,742.8767885879147,30.953199524496426,1.0,0.0,0.0,0.1570183608112034,115.87939034241991,0.96,768.7489389759409,737.9989814169032,30.749957559037625,,,,742.2023529677049,2229.252317747646,2049.1255381211786,180.1267796264458,2229.2523177476246,0.0,1.0,0.0,0.0,0.3802803853605311,209.0114814226277,0.9243196958132934,594.6261588738138,549.6246702928706,45.001488580943146,1.0,0.0,0.0,0.3644650899790872,188.8229445462168,0.9199393688678132,563.1701464195817,518.0823890624239,45.087757357157784,1.0,0.0,0.0,0.35857885080677093,181.5909561431838,0.9183297803066686,551.4560124542294,506.41847876588395,45.037533688345434,1.0,0.0,0.0,0.34268835969616124,162.77697085567658,0.9134615384615395,519.9999999999994,475.0,44.99999999999943,1.0,,,0.101,206.96167935023905,2049.1255381211786,2049.1255381211786,0.0,63.52289168175653,0.0,,,273.01229286593104,-1.4210854715202004e-13,117.39528593235035,4.0,1299.643801262036,0.0,-0.0,0.0,132.04381020822285
158,1,159,0.1016,0.0,1299.6438012620324,,,,0,0.0,1,2322.137830987131,2322.137830987131,-0.0,371.542052957941,77.09497598877276,0.0,,,350.47976894409226,2322.137830987131,2229.252317747646,92.88551323948525,2322.137830987131,0.0,1.0,0.0,0.0,0.15742963213644534,117.81664461069636,0.96,779.5589038987794,748.3765477428282,31.182356155951197,1.0,0.0,0.0,0.15720471521667054,116.78373399103789,0.96,773.8299881124111,742.8767885879147,30.953199524496426,1.0,0.0,0.0,0.1570183608112034,115.87939034241991,0.96,768.7489389759409,737.9989814169032,30.749957559037625,,,,742.2023529677016,2229.252317747646,2049.125538121173,180.12677962644523,2229.2523177476182,0.0,1.0,0.0,0.0,0.38028038536053077,209.0114814226272,0.9243196958132934,594.6261588738129,549.6246702928698,45.00148858094303,1.0,0.0,0.0,0.3644650899790869,188.8229445462164,0.9199393688678132,563.170146419581,518.0823890624233,45.08775735715767,1.0,0.0,0.0,0.3585788508067689,181.59095614318136,0.9183297803066686,551.4560124542252,506.4184787658801,45.03753368834509,1.0,0.0,0.0,0.34268835969616124,162.77697085567658,0.9134615384615395,519.9999999999994,475.0,44.99999999999943,1.0,,,0.101,206.9616793502385,2049.125538121173,2049.125538121173,0.0,63.52289168175636,0.0,,,273.0122928659305,5.684341886080802e-14,117.39528593235009,4.0,1299.6438012620322,0.0,-0.0,0.0,132.04381020822248
159,1,160,0.1016,0.0,1299.703756458549,,,,0,0.0,1,2322.137830987131,2322.137830987131,-0.0,371.542052957941,77.09497598877276,0.0,,,350.47976894409226,2322.137830987131,2229.252317747646,92.88551323948525,2322.137830987131,0.0,1.0,0.0,0.0,0.15742963213644534,117.81664461069636,0.96,779.5589038987794,748.3765477428282,31.182356155951197,1.0,0.0,0.0,0.15720471521667054,116.78373399103789,0.96,773.8299881124111,742.8767885879147,30.953199524496426,1.0,0.0,0.0,0.1570183608112034,115.87939034241991,0.96,768.7489389759409,737.9989814169032,30.749957559037625,,,,742.2523131017451,2229.252317747646,2049.224499135757,180.02781861185713,2229.252317747614,0.0,1.0,0.0,0.0,0.3802803853605303,209.01148142262662,0.9243196958132934,594.626158873812,549.6246702928689,45.00148858094303,1.0,0.0,0.0,0.36448592995362505,188.86149811162372,0.9200745910964996,563.1701464195804,518.1585421847512,45.01160423482918,1.0,0.0,0.0,0.35858522497279177,181.60236271181816,0.9183711397111256,551.4560124542224,506.44128665813696,45.014725796085486,1.0,0.0,0.0,0.34268835969616124,162.77697085567658,0.9134615384615395,519.9999999999994,475.0,44.99999999999943,1.0,,,0.101,206.97167441271148,2049.224499135757,2049.224499135757,0.0,63.52595947320847,0.0,,,272.9133318513424,5.684341886080802e-14,117.35273269607721,4.0,1299.703756458549,0.0,-0.0,0.0,132.04990165618855
160,1,161,0.1016,0.0,1299.7037564585469,,,,0,0.0,1,2322.137830987131,2322.137830987131,-0.0,371.542052957941,77.09497598877276,0.0,,,350.47976894409226,2322.137830987131,2229.252317747646,92.88551323948525,2322.137830987131,0.0,1.0,0.0,0.0,0.15742963213644534,117.81664461069636,0.96,779.5589038987794,748.3765477428282,31.182356155951197,1.0,0.0,0.0,0.15720471521667054,116.78373399103789,0.96,773.8299881124111,742.8767885879147,30.953199524496426,1.0,0.0,0.0,0.1570183608112034,115.87939034241991,0.96,768.7489389759409,737.9989814169032,30.749957559037625,,,,742.2523131017434,2229.252317747646,2049.2244991357543,180.0278186118569,2229.2523177476114,0.0,1.0,0.0,0.0,0.3802803853605303,209.01148142262662,0.9243196958132934,594.626158873812,549.6246702928689,45.00148858094303,1.0,0.0,0.0,0.36448592995362505,188.86149811162372,0.9200745910964996,563.1701464195804,518.1585421847512,45.01160423482918,1.0,0.0,0.0,0.35858522497279033,181.60236271181645,0.9183711397111256,551.4560124542195,506.44128665813423,45.01472579608526,1.0,0.0,0.0,0.34268835969616124,162.77697085567658,0.9134615384615395,519.9999999999994,475.0,44.99999999999943,1.0,,,0.101,206.9716744127112,2049.2244991357543,2049.2244991357543,0.0,63.52595947320838,0.0,,,272.91333185134215,0.0,117.35273269607711,4.0,1299.703756458547,0.0,-0.0,0.0,132.04990165618835
161,1,162,0.13994,0.0,1299.506918935931,,,,0,0.0,1,2322.137830987131,2322.137830987131,-0.0,371.542052957941,77.09497598877276,0.0,,,350.47976894409226,2322.137830987131,2229.252317747646,92.88551323948525,2322.137830987131,0.0,1.0,0.0,0.0,0.15742963213644534,117.81664461069636,0.96,779.5589038987794,748.3765477428282,31.182356155951197,1.0,0.0,0.0,0.15720471521667054,116.78373399103789,0.96,773.8299881124111,742.8767885879147,30.953199524496426,1.0,0.0,0.0,0.1570183608112034,115.87939034241991,0.96,768.7489389759409,737.9989814169032,30.749957559037625,,,,742.088217220653,2229.252317747646,2048.900324467185,180.3519932804238,2229.2523177476087,0.0,1.0,0.0,0.0,0.3802803853605303,209.01148142262662,0.9243196958132934,594.626158873812,549.6246702928689,45.00148858094303,1.0,0.0,0.0,0.36439721669233793,188.6974022305347,0.9194989663574609,563.1701464195804,517.8343675161841,45.33577890339632,1.0,0.0,0.0,0.3585852249727891,181.60236271181498,0.9183711397111256,551.4560124542169,506.44128665813184,45.01472579608503,1.0,0.0,0.0,0.34268835969616124,162.77697085567658,0.9134615384615395,519.9999999999994,475.0,44.99999999999943,1.0,,,0.101,206.93893277118568,2048.900324467185,2048.900324467185,0.0,63.51591005848273,0.0,,,273.23750651990906,1.4210854715202004e-13,117.49212780356089,4.0,1299.506918935931,0.0,-0.0,0.0,181.8529982358942
162,1,163,0.13994,0.0,1299.7037564585453,,,,0,0.0,1,2322.137830987131,2322.137830987131,-0.0,371.542052957941,77.09497598877276,0.0,,,350.47976894409226,2322.137830987131,2229.252317747646,92.88551323948525,2322.137830987131,0.0,1.0,0.0,0.0,0.15742963213644534,117.81664461069636,0.96,779.5589038987794,748.3765477428282,31.182356155951197,1.0,0.0,0.0,0.15720471521667054,116.78373399103789,0.96,773.8299881124111,742.8767885879147,30.953199524496426,1.0,0.0,0.0,0.1570183608112034,115.87939034241991,0.96,768.7489389759409,737.9989814169032,30.749957559037625,,,,742.252313101742,2229.252317747646,2049.224499135752,180.02781861185667,2229.2523177476087,0.0,1.0,0.0,0.0,0.3802803853605303,209.01148142262662,0.9243196958132934,594.626158873812,549.6246702928689,45.00148858094303,1.0,0.0,0.0,0.36448592995362505,188.86149811162372,0.9200745910964996,563.1701464195804,518.1585421847512,45.01160423482918,1.0,0.0,0.0,0.3585852249727891,181.60236271181498,0.9183711397111256,551.4560124542169,506.44128665813184,45.01472579608503,1.0,0.0,0.0,0.34268835969616124,162.77697085567658,0.9134615384615395,519.9999999999994,475.0,44.99999999999943,1.0,,,0.101,206.97167441271097,2049.224499135752,2049.224499135752,0.0,63.52595947320831,0.0,,,272.9133318513419,1.1368683772161603e-13,117.35273269607703,4.0,1299.7037564585453,0.0,-0.0,0.0,181.88054367880883
163,1,164,0.13994,0.0,1299.7037564585453,,,,0,0.0,1,2322.137830987131,2322.137830987131,-0.0,371.542052957941,77.09497598877276,0.0,,,350.47976894409226,2322.137830987131,2229.252317747646,92.88551323948525,2322.137830987131,0.0,1.0,0.0,0.0,0.15742963213644534,117.81664461069636,0.96,779.5589038987794,748.3765477428282,31.182356155951197,1.0,0.0,0.0,0.15720471521667054,116.78373399103789,0.96,773.8299881124111,742.8767885879147,30.953199524496426,1.0,0.0,0.0,0.1570183608112034,115.87939034241991,0.96,768.7489389759409,737.9989814169032,30.749957559037625,,,,742.252313101742,2229.252317747646,2049.224499135752,180.02781861185667,2229.2523177476087,0.0,1.0,0.0,0.0,0.3802803853605303,209.01148142262662,0.9243196958132934,594.626158873812,549.6246702928689,45.00148858094303,1.0,0.0,0.0,0.36448592995362505,188.86149811162372,0.9200745910964996,563.1701464195804,518.1585421847512,45.01160423482918,1.0,0.0,0.0,0.3585852249727891,181.60236271181498,0.9183711397111256,551.4560124542169,506.44128665813184,45.01472579608503,1.0,0.0,0.0,0.34268835969616124,162.77697085567658,0.9134615384615395,519.9999999999994,475.0,44.99999999999943,1.0,,,0.101,206.97167441271097,2049.224499135752,2049.224499135752,0.0,63.52595947320831,0.0,,,272.9133318513419,1.1368683772161603e-13,117.35273269607703,4.0,1299.7037564585453,0.0,-0.0,0.0,181.88054367880883
164,1,165,0.13994,0.0,1299.6987604945716,,,,0,0.0,1,2322.137830987131,2322.137830987131,-0.0,371.542052957941,77.09497598877276,0.0,,,350.47976894409237,2322.137830987131,2229.252317747646,92.88551323948525,2322.137830987131,0.0,1.0,0.0,0.0,0.15742963213644534,117.81664461069636,0.96,779.5589038987794,748.3765477428282,31.182356155951197,1.0,0.0,0.0,0.15720471521667054,116.78373399103789,0.96,773.8299881124111,742.8767885879147,30.953199524496426,1.0,0.0,0.0,0.1570183608112034,115.87939034241991,0.96,768.7489389759409,737.9989814169032,30.749957559037625,,,,742.2481565594682,2229.252317747646,2049.2161880298127,180.0361297177929,2229.2523177476055,0.0,1.0,0.0,0.0,0.3802803853605303,209.01148142262662,0.9243196958132934,594.626158873812,549.6246702928689,45.00148858094303,1.0,0.0,0.0,0.36448592995362505,188.86149811162372,0.9200745910964996,563.1701464195804,518.1585421847512,45.01160423482918,1.0,0.0,0.0,0.3585829022518417,181.59820616954119,0.918356068507351,551.4560124542138,506.43297555219254,45.02303690202126,1.0,0.0,0.0,0.34268835969616124,162.77697085567658,0.9134615384615395,519.9999999999994,475.0,44.99999999999943,1.0,,,0.101,206.9708349910111,2049.2161880298127,2049.2161880298127,0.0,63.52570182892419,0.0,,,272.92164295727815,0.0,117.3563064716296,4.0,1299.6987604945716,0.0,-0.0,0.0,181.87984454361037
165,1,166,0.13994,0.0,1299.6987604945716,,,,0,0.0,1,2322.137830987131,2322.137830987131,-0.0,371.542052957941,77.09497598877276,0.0,,,350.47976894409237,2322.137830987131,2229.252317747646,92.88551323948525,2322.137830987131,0.0,1.0,0.0,0.0,0.15742963213644534,117.81664461069636,0.96,779.5589038987794,748.3765477428282,31.182356155951197,1.0,0.0,0.0,0.15720471521667054,116.78373399103789,0.96,773.8299881124111,742.8767885879147,30.953199524496426,1.0,0.0,0.0,0.1570183608112034,115.87939034241991,0.96,768.7489389759409,737.9989814169032,30.749957559037625,,,,742.2481565594682,2229.252317747646,2049.2161880298127,180.0361297177929,2229.2523177476055,0.0,1.0,0.0,0.0,0.3802803853605303,209.01148142262662,0.9243196958132934,594.626158873812,549.6246702928689,45.00148858094303,1.0,0.0,0.0,0.36448592995362505,188.86149811162372,0.9200745910964996,563.1701464195804,518.1585421847512,45.01160423482918,1.0,0.0,0.0,0.3585829022518417,181.59820616954119,0.918356068507351,551.4560124542138,506.43297555219254,45.02303690202126,1.0,0.0,0.0,0.34268835969616124,162.77697085567658,0.9134615384615395,519.9999999999994,475.0,44.99999999999943,1.0,,,0.101,206.9708349910111,2049.2161880298127,2049.2161880298127,0.0,63.52570182892419,0.0,,,272.92164295727815,0.0,117.3563064716296,4.0,1299.6987604945716,0.0,-0.0,0.0,181.87984454361037
166,1,167,0.1016,0.0,1299.6987604945716,,,,0,0.0,1,2322.137830987131,2322.137830987131,-0.0,371.542052957941,77.09497598877276,0.0,,,350.47976894409237,2322.137830987131,2229.252317747646,92.88551323948525,2322.137830987131,0.0,1.0,0.0,0.0,0.15742963213644534,117.81664461069636,0.96,779.5589038987794,748.3765477428282,31.182356155951197,1.0,0.0,0.0,0.15720471521667054,116.78373399103789,0.96,773.8299881124111,742.8767885879147,30.953199524496426,1.0,0.0,0.0,0.1570183608112034,115.87939034241991,0.96,768.7489389759409,737.9989814169032,30.749957559037625,,,,742.2481565594682,2229.252317747646,2049.2161880298127,180.0361297177929,2229.2523177476055,0.0,1.0,0.0,0.0,0.3802803853605303,209.01148142262662,0.9243196958132934,594.626158873812,549.6246702928689,45.00148858094303,1.0,0.0,0.0,0.36448592995362505,188.86149811162372,0.9200745910964996,563.1701464195804,518.1585421847512,45.01160423482918,1.0,0.0,0.0,0.3585829022518417,181.59820616954119,0.918356068507351,551.4560124542138,506.43297555219254,45.02303690202126,1.0,0.0,0.0,0.34268835969616124,162.77697085567658,0.9134615384615395,519.9999999999994,475.0,44.99999999999943,1.0,,,0.101,206.9708349910111,2049.2161880298127,2049.2161880298127,0.0,63.52570182892419,0.0,,,272.92164295727815,0.0,117.3563064716296,4.0,1299.6987604945716,0.0,-0.0,0.0,132.04939406624848
167,1,168,0.1016,0.0,1299.6987604945716,,,,0,0.0,1,2322.137830987131,2322.137830987131,-0.0,371.542052957941,77.09497598877276,0.0,,,350.47976894409237,2322.137830987131,2229.252317747646,92.88551323948525,2322.137830987131,0.0,1.0,0.0,0.0,0.15742963213644534,117.81664461069636,0.96,779.5589038987794,748.3765477428282,31.182356155951197,1.0,0.0,0.0,0.15720471521667054,116.78373399103789,0.96,773.8299881124111,742.8767885879147,30.953199524496426,1.0,0.0,0.0,0.1570183608112034,115.87939034241991,0.96,768.7489389759409,737.9989814169032,30.749957559037625,,,,742.2481565594682,2229.252317747646,2049.2161880298127,180.0361297177929,2229.2523177476055,0.0,1.0,0.0,0.0,0.3802803853605303,209.01148142262662,0.9243196958132934,594.626158873812,549.6246702928689,45.00148858094303,1.0,0.0,0.0,0.36448592995362505,188.86149811162372,0.9200745910964996,563.1701464195804,518.1585421847512,45.01160423482918,1.0,0.0,0.0,0.3585829022518417,181.59820616954119,0.918356068507351,551.4560124542138,506.43297555219254,45.02303690202126,1.0,0.0,0.0,0.34268835969616124,162.77697085567658,0.9134615384615395,519.9999999999994,475.0,44.99999999999943,1.0,,,0.101,206.9708349910111,2049.2161880298127,2049.2161880298127,0.0,63.52570182892419,0.0,,,272.92164295727815,0.0,117.3563064716296,4.0,1299.6987604945716,0.0,-0.0,0.0,132.04939406624848
