,Day,Time,LMP,bypass_pretreatment_flow,power_from_grid,intake.op_mode,intake.startup,intake.shutdown,intake.energy_intensity,intake.power_consumption,intake.recovery,intake.feed_flowrate,intake.product_flowrate,intake.reject_flowrate,intake.feed_cost,intake.chemical_cost,pretreatment.op_mode,pretreatment.startup,pretreatment.shutdown,pretreatment.power_consumption,pretreatment.feed_flowrate,pretreatment.product_flowrate,pretreatment.reject_flowrate,pretreatment.inlet_flowrate,pretreatment.leftover_flow,pretreatment.uf_pumps[1].op_mode,pretreatment.uf_pumps[1].startup,pretreatment.uf_pumps[1].shutdown,pretreatment.uf_pumps[1].energy_intensity,pretreatment.uf_pumps[1].power_consumption,pretreatment.uf_pumps[1].recovery,pretreatment.uf_pumps[1].feed_flowrate,pretreatment.uf_pumps[1].product_flowrate,pretreatment.uf_pumps[1].reject_flowrate,pretreatment.uf_pumps[2].op_mode,pretreatment.uf_pumps[2].startup,pretreatment.uf_pumps[2].shutdown,pretreatment.uf_pumps[2].energy_intensity,pretreatment.uf_pumps[2].power_consumption,pretreatment.uf_pumps[2].recovery,pretreatment.uf_pumps[2].feed_flowrate,pretreatment.uf_pumps[2].product_flowrate,pretreatment.uf_pumps[2].reject_flowrate,pretreatment.uf_pumps[3].op_mode,pretreatment.uf_pumps[3].startup,pretreatment.uf_pumps[3].shutdown,pretreatment.uf_pumps[3].energy_intensity,pretreatment.uf_pumps[3].power_consumption,pretreatment.uf_pumps[3].recovery,pretreatment.uf_pumps[3].feed_flowrate,pretreatment.uf_pumps[3].product_flowrate,pretreatment.uf_pumps[3].reject_flowrate,reverse_osmosis.op_mode,reverse_osmosis.startup,reverse_osmosis.shutdown,reverse_osmosis.power_consumption,reverse_osmosis.feed_flowrate,reverse_osmosis.product_flowrate,reverse_osmosis.reject_flowrate,reverse_osmosis.inlet_flowrate,reverse_osmosis.leftover_flow,reverse_osmosis.ro_skid[1].op_mode,reverse_osmosis.ro_skid[1].startup,reverse_osmosis.ro_skid[1].shutdown,reverse_osmosis.ro_skid[1].energy_intensity,reverse_osmosis.ro_skid[1].power_consumption,reverse_osmosis.ro_skid[1].recovery,reverse_osmosis.ro_skid[1].feed_flowrate,reverse_osmosis.ro_skid[1].product_flowrate,reverse_osmosis.ro_skid[1].reject_flowrate,reverse_osmosis.ro_skid[2].op_mode,reverse_osmosis.ro_skid[2].startup,reverse_osmosis.ro_skid[2].shutdown,reverse_osmosis.ro_skid[2].energy_intensity,reverse_osmosis.ro_skid[2].power_consumption,reverse_osmosis.ro_skid[2].recovery,reverse_osmosis.ro_skid[2].feed_flowrate,reverse_osmosis.ro_skid[2].product_flowrate,reverse_osmosis.ro_skid[2].reject_flowrate,reverse_osmosis.ro_skid[3].op_mode,reverse_osmosis.ro_skid[3].startup,reverse_osmosis.ro_skid[3].shutdown,reverse_osmosis.ro_skid[3].energy_intensity,reverse_osmosis.ro_skid[3].power_consumption,reverse_osmosis.ro_skid[3].recovery,reverse_osmosis.ro_skid[3].feed_flowrate,reverse_osmosis.ro_skid[3].product_flowrate,reverse_osmosis.ro_skid[3].reject_flowrate,reverse_osmosis.ro_skid[4].op_mode,reverse_osmosis.ro_skid[4].startup,reverse_osmosis.ro_skid[4].shutdown,reverse_osmosis.ro_skid[4].energy_intensity,reverse_osmosis.ro_skid[4].power_consumption,reverse_osmosis.ro_skid[4].recovery,reverse_osmosis.ro_skid[4].feed_flowrate,reverse_osmosis.ro_skid[4].product_flowrate,reverse_osmosis.ro_skid[4].reject_flowrate,posttreatment.op_mode,posttreatment.startup,posttreatment.shutdown,posttreatment.energy_intensity,posttreatment.power_consumption,posttreatment.feed_flowrate,posttreatment.product_flowrate,posttreatment.reject_flowrate,posttreatment.chemical_cost,brine_discharge.op_mode,brine_discharge.startup,brine_discharge.shutdown,brine_discharge.feed_flowrate,brine_discharge.power_consumption,brine_discharge.brine_cost,num_skids_online,net_power_consumption,water_revenue,demand_response_revenue,emissions_cost,energy_cost
0,1,1,0.1121,0.0,1461.9144023555882,,,,0,0.0,1,2503.0890940207437,2503.0890940207437,-0.0,400.494255043319,83.1025579214887,0.0,,,385.3734637143091,2503.0890940207437,2402.965530259914,100.12356376082984,2503.0890940207437,0.0,1.0,0.0,0.0,0.1603741122631191,128.45782123810213,0.96,834.3630313402425,800.9885100866328,33.37452125360973,1.0,0.0,0.0,0.16037411226311912,128.45782123810324,0.96,834.3630313402494,800.9885100866394,33.374521253610006,1.0,0.0,0.0,0.16037411226311923,128.45782123810375,0.96,834.3630313402521,800.9885100866419,33.37452125361011,,,,852.0438839767476,2402.965530259914,2222.743115490412,180.22241476949245,2402.965530259914,0.0,1.0,0.0,0.0,0.3843990864864221,214.39594408860356,0.925,602.9655302598997,557.7431154904071,45.222414769492445,1.0,0.0,0.0,0.3829717356685548,212.54931329604807,0.925,600.0,555.0,45.0,1.0,0.0,0.0,0.3829717356685548,212.54931329604793,0.925,600.0,555.0,45.0,1.0,0.0,0.0,0.3829717356685549,212.54931329604807,0.925,600.0,555.0,45.0,1.0,,,0.101,224.49705466453162,2222.743115490412,2222.743115490412,0.0,68.90503658020278,0.0,,,280.34597853032164,0.0,120.5487707680383,4.0,1461.9144023555882,0.0,-0.0,0.0,163.88060450406144
1,1,2,0.1119,0.0,1461.9144023555882,,,,0,0.0,1,2503.0890940207437,2503.0890940207437,-0.0,400.494255043319,83.1025579214887,0.0,,,385.3734637143091,2503.0890940207437,2402.965530259914,100.12356376082984,2503.0890940207437,0.0,1.0,0.0,0.0,0.1603741122631191,128.45782123810213,0.96,834.3630313402425,800.9885100866328,33.37452125360973,1.0,0.0,0.0,0.16037411226311912,128.45782123810324,0.96,834.3630313402494,800.9885100866394,33.374521253610006,1.0,0.0,0.0,0.16037411226311923,128.45782123810375,0.96,834.3630313402521,800.9885100866419,33.37452125361011,,,,852.0438839767476,2402.965530259914,2222.743115490412,180.22241476949245,2402.965530259914,0.0,1.0,-0.0,0.0,0.3843990864864221,214.39594408860356,0.925,602.9655302598997,557.7431154904071,45.222414769492445,1.0,0.0,0.0,0.3829717356685548,212.54931329604807,0.925,600.0,555.0,45.0,1.0,0.0,0.0,0.3829717356685548,212.54931329604793,0.925,600.0,555.0,45.0,1.0,0.0,0.0,0.3829717356685549,212.54931329604807,0.925,600.0,555.0,45.0,1.0,,,0.101,224.49705466453162,2222.743115490412,2222.743115490412,0.0,68.90503658020278,0.0,,,280.34597853032164,0.0,120.5487707680383,4.0,1461.9144023555882,0.0,-0.0,0.0,163.58822162359033
2,1,3,0.11243,0.0,1461.9144023326623,,,,0,0.0,1,2503.0890940207414,2503.0890940207414,-0.0,400.4942550433186,83.10255792148861,0.0,,,385.3734637143089,2503.0890940207414,2402.9655302599117,100.12356376082974,2503.0890940207414,0.0,1.0,0.0,0.0,0.1603741122631191,128.45782123810213,0.96,834.3630313402425,800.9885100866328,33.37452125360973,1.0,0.0,0.0,0.16037411226311912,128.45782123810324,0.96,834.3630313402494,800.9885100866394,33.374521253610006,1.0,0.0,0.0,0.16037411226311954,128.45782123810358,0.96,834.3630313402494,800.9885100866394,33.374521253610006,,,,852.0438839568183,2402.9655302599117,2222.7431154607443,180.222414767087,2402.965530227827,3.208447196811903e-08,1.0,-0.0,0.0,0.3843990864864223,214.39594408860376,0.925,602.9655302598999,557.7431154904074,45.2224147694925,1.0,0.0,0.0,0.3829717356634079,212.54931328940347,0.925,599.9999999893072,554.9999999901091,45.0,1.0,0.0,0.0,0.3829717356634083,212.54931328940378,0.925,599.9999999893074,554.9999999901094,45.0,1.0,0.0,0.0,0.3829717356634111,212.5493132894072,0.925,599.9999999893126,554.9999999901142,45.0,1.0,,,0.101,224.4970546615352,2222.7431154607443,2222.7431154607443,0.0,68.90503657928308,0.0,,,280.3459785600012,0.0,120.54877078080051,4.0,1461.9144023326623,0.0,-0.0,0.0,164.36303625426123
3,1,4,0.11364,0.0,1461.9144023326623,,,,0,0.0,1,2503.0890940207414,2503.0890940207414,-0.0,400.4942550433186,83.10255792148861,0.0,,,385.3734637143089,2503.0890940207414,2402.9655302599117,100.12356376082974,2503.0890940207414,0.0,1.0,0.0,0.0,0.1603741122631191,128.45782123810213,0.96,834.3630313402425,800.9885100866328,33.37452125360973,1.0,0.0,0.0,0.16037411226311912,128.45782123810324,0.96,834.3630313402494,800.9885100866394,33.374521253610006,1.0,0.0,0.0,0.16037411226311954,128.45782123810358,0.96,834.3630313402494,800.9885100866394,33.374521253610006,,,,852.0438839568183,2402.9655302599117,2222.743115460744,180.222414767087,2402.965530227827,3.208447196811903e-08,1.0,-0.0,0.0,0.3843990864864223,214.39594408860376,0.925,602.9655302598999,557.7431154904074,45.2224147694925,1.0,0.0,0.0,0.3829717356634079,212.54931328940347,0.925,599.9999999893072,554.9999999901091,45.0,1.0,0.0,0.0,0.3829717356634083,212.54931328940378,0.925,599.9999999893074,554.9999999901094,45.0,1.0,0.0,0.0,0.3829717356634111,212.5493132894072,0.925,599.9999999893126,554.9999999901142,45.0,1.0,,,0.101,224.49705466153515,2222.743115460744,2222.743115460744,0.0,68.90503657928306,0.0,,,280.3459785600012,0.0,120.54877078080051,4.0,1461.9144023326623,0.0,-0.0,0.0,166.13195268108376
4,1,5,0.11658,0.0,1461.914402332659,,,,0,0.0,1,2503.0890940207414,2503.0890940207414,-0.0,400.4942550433186,83.10255792148861,0.0,,,385.37346371430925,2503.0890940207414,2402.9655302599117,100.12356376082974,2503.0890940207414,0.0,1.0,0.0,0.0,0.16037411226311912,128.45782123810255,0.96,834.363031340245,800.9885100866352,33.37452125360983,1.0,0.0,0.0,0.1603741122631194,128.4578212381031,0.96,834.3630313402471,800.9885100866371,33.37452125360991,1.0,0.0,0.0,0.16037411226311954,128.45782123810358,0.96,834.3630313402494,800.9885100866394,33.374521253610006,,,,852.043883956815,2402.9655302599117,2222.74311546074,180.22241476708666,2402.965530227822,3.208970156265423e-08,1.0,-0.0,0.0,0.3843990864864223,214.39594408860376,0.925,602.9655302598999,557.7431154904074,45.2224147694925,1.0,0.0,0.0,0.3829717356634079,212.54931328940347,0.925,599.9999999893072,554.9999999901091,45.0,1.0,0.0,-0.0,0.3829717356634083,212.54931328940378,0.925,599.9999999893074,554.9999999901094,45.0,1.0,0.0,-0.0,0.3829717356634084,212.54931328940393,0.925,599.9999999893076,554.9999999901096,45.0,1.0,,,0.101,224.49705466153472,2222.74311546074,2222.74311546074,0.0,68.90503657928294,0.0,,,280.3459785600061,0.0,120.54877078080261,4.0,1461.914402332659,0.0,-0.0,0.0,170.4299810239414
5,1,6,0.12222,0.0,1461.9144023320632,,,,0,0.0,1,2503.089094020744,2503.089094020744,-0.0,400.4942550433191,83.10255792148871,0.0,,,385.3734637137134,2503.089094020744,2402.9655302599144,100.12356376082985,2503.089094020744,0.0,1.0,0.0,0.0,0.16037411226311912,128.45782123810255,0.96,834.363031340245,800.9885100866352,33.37452125360983,1.0,0.0,0.0,0.1603741122631194,128.4578212381031,0.96,834.3630313402471,800.9885100866371,33.37452125360991,1.0,0.0,0.0,0.16037411226237522,128.45782123750774,0.96,834.363031340252,800.9885100866419,33.374521253610105,,,,852.043883956815,2402.9655302599144,2222.74311546074,180.22241476708666,2402.9655302278225,3.209208898624638e-08,1.0,-0.0,0.0,0.3843990864864223,214.39594408860376,0.925,602.9655302598999,557.7431154904074,45.2224147694925,1.0,0.0,0.0,0.3829717356634079,212.54931328940347,0.925,599.9999999893072,554.9999999901091,45.0,1.0,0.0,-0.0,0.3829717356634083,212.54931328940378,0.925,599.9999999893074,554.9999999901094,45.0,1.0,0.0,-0.0,0.3829717356634084,212.54931328940393,0.925,599.9999999893076,554.9999999901096,45.0,1.0,,,0.101,224.49705466153472,2222.74311546074,2222.74311546074,0.0,68.90503657928294,0.0,,,280.3459785600086,0.0,120.54877078080368,4.0,1461.9144023320632,0.0,-0.0,0.0,178.67517825302477
6,1,7,0.11102,0.0,1461.9144023320632,,,,0,0.0,1,2503.089094020744,2503.089094020744,-0.0,400.4942550433191,83.10255792148871,0.0,,,385.3734637137134,2503.089094020744,2402.9655302599144,100.12356376082985,2503.089094020744,0.0,1.0,0.0,0.0,0.16037411226311912,128.45782123810255,0.96,834.363031340245,800.9885100866352,33.37452125360983,1.0,0.0,0.0,0.1603741122631194,128.4578212381031,0.96,834.3630313402471,800.9885100866371,33.37452125360991,1.0,0.0,-0.0,0.16037411226237522,128.45782123750774,0.96,834.363031340252,800.9885100866419,33.374521253610105,,,,852.043883956815,2402.9655302599144,2222.74311546074,180.22241476708666,2402.9655302278225,3.209208898624638e-08,1.0,-0.0,0.0,0.3843990864864223,214.39594408860376,0.925,602.9655302598999,557.7431154904074,45.2224147694925,1.0,0.0,0.0,0.3829717356634079,212.54931328940347,0.925,599.9999999893072,554.9999999901091,45.0,1.0,0.0,-0.0,0.3829717356634083,212.54931328940378,0.925,599.9999999893074,554.9999999901094,45.0,1.0,0.0,-0.0,0.3829717356634084,212.54931328940393,0.925,599.9999999893076,554.9999999901096,45.0,1.0,,,0.101,224.49705466153472,2222.74311546074,2222.74311546074,0.0,68.90503657928294,0.0,,,280.3459785600086,0.0,120.54877078080368,4.0,1461.9144023320632,0.0,-0.0,0.0,162.30173694690566
7,1,8,0.10411,0.0,1461.91440233266,,,,0,0.0,1,2503.0890940207464,2503.0890940207464,-0.0,400.4942550433194,83.10255792148878,0.0,,,385.37346371431033,2503.0890940207464,2402.9655302599162,100.12356376082994,2503.0890940207464,0.0,1.0,0.0,0.0,0.16037411226311912,128.45782123810255,0.96,834.363031340245,800.9885100866352,33.37452125360983,1.0,0.0,0.0,0.1603741122631194,128.4578212381031,0.96,834.3630313402471,800.9885100866371,33.37452125360991,1.0,0.0,-0.0,0.16037411226311993,128.45782123810463,0.96,834.3630313402545,800.9885100866443,33.374521253610204,,,,852.043883956815,2402.9655302599162,2222.74311546074,180.22241476708666,2402.9655302278215,3.2094476409838535e-08,1.0,-0.0,0.0,0.3843990864864223,214.39594408860376,0.925,602.9655302598999,557.7431154904074,45.2224147694925,1.0,0.0,0.0,0.3829717356634079,212.54931328940347,0.925,599.9999999893072,554.9999999901091,45.0,1.0,0.0,-0.0,0.3829717356634083,212.54931328940378,0.925,599.9999999893074,554.9999999901094,45.0,1.0,0.0,-0.0,0.3829717356634084,212.54931328940393,0.925,599.9999999893076,554.9999999901096,45.0,1.0,,,0.101,224.49705466153472,2222.74311546074,2222.74311546074,0.0,68.90503657928294,0.0,,,280.3459785600111,0.0,120.54877078080476,4.0,1461.91440233266,0.0,-0.0,0.0,152.19990842685323
8,1,9,0.0968,0.0,1461.91440233266,,,,0,0.0,1,2503.0890940207464,2503.0890940207464,-0.0,400.4942550433194,83.10255792148878,0.0,,,385.37346371431033,2503.0890940207464,2402.9655302599162,100.12356376082994,2503.0890940207464,0.0,1.0,0.0,0.0,0.16037411226311912,128.45782123810255,0.96,834.363031340245,800.9885100866352,33.37452125360983,1.0,0.0,0.0,0.1603741122631194,128.4578212381031,0.96,834.3630313402471,800.9885100866371,33.37452125360991,1.0,0.0,-0.0,0.16037411226311993,128.45782123810463,0.96,834.3630313402545,800.9885100866443,33.374521253610204,,,,852.043883956815,2402.9655302599162,2222.7431154607393,180.22241476708666,2402.9655302278215,3.2094476409838535e-08,1.0,-0.0,0.0,0.3843990864864223,214.39594408860376,0.925,602.9655302598999,557.7431154904074,45.2224147694925,1.0,0.0,0.0,0.3829717356634079,212.54931328940347,0.925,599.9999999893072,554.9999999901091,45.0,1.0,0.0,-0.0,0.3829717356634083,212.54931328940378,0.925,599.9999999893074,554.9999999901094,45.0,1.0,0.0,-0.0,0.3829717356634084,212.54931328940393,0.925,599.9999999893076,554.9999999901096,45.0,1.0,,,0.101,224.4970546615347,2222.7431154607393,2222.7431154607393,0.0,68.90503657928292,0.0,,,280.3459785600111,0.0,120.54877078080476,4.0,1461.91440233266,0.0,-0.0,0.0,141.5133141458015
9,1,10,0.08604,0.0,1461.9144023326617,,,,0,0.0,1,2503.0890940207464,2503.0890940207464,-0.0,400.4942550433194,83.10255792148878,0.0,,,385.37346371431033,2503.0890940207464,2402.9655302599162,100.12356376082994,2503.0890940207464,0.0,1.0,0.0,0.0,0.16037411226311912,128.45782123810255,0.96,834.363031340245,800.9885100866352,33.37452125360983,1.0,0.0,0.0,0.1603741122631194,128.4578212381031,0.96,834.3630313402471,800.9885100866371,33.37452125360991,1.0,0.0,-0.0,0.16037411226311993,128.45782123810463,0.96,834.3630313402545,800.9885100866443,33.374521253610204,,,,852.043883956815,2402.9655302599162,2222.743115460756,180.22241476708666,2402.9655302278215,3.2094476409838535e-08,1.0,-0.0,0.0,0.3843990864864223,214.39594408860376,0.925,602.9655302598999,557.7431154904074,45.2224147694925,1.0,0.0,0.0,0.3829717356634079,212.54931328940347,0.925,599.9999999893072,554.9999999901091,45.0,1.0,0.0,-0.0,0.3829717356634083,212.54931328940378,0.925,599.9999999893074,554.9999999901094,45.0,1.0,0.0,-0.0,0.3829717356634084,212.54931328940393,0.925,599.9999999893076,554.9999999901096,45.0,1.0,,,0.101,224.4970546615364,2222.743115460756,2222.743115460756,0.0,68.90503657928345,0.0,,,280.3459785600111,0.0,120.54877078080476,4.0,1461.9144023326617,0.0,-0.0,0.0,125.78311517670221
10,1,11,0.08438,0.0,1461.9144023326617,,,,0,0.0,1,2503.0890940207464,2503.0890940207464,-0.0,400.4942550433194,83.10255792148878,0.0,,,385.37346371431033,2503.0890940207464,2402.9655302599162,100.12356376082994,2503.0890940207464,0.0,1.0,0.0,0.0,0.16037411226311912,128.45782123810255,0.96,834.363031340245,800.9885100866352,33.37452125360983,1.0,0.0,0.0,0.1603741122631194,128.4578212381031,0.96,834.3630313402471,800.9885100866371,33.37452125360991,1.0,0.0,-0.0,0.16037411226311993,128.45782123810463,0.96,834.3630313402545,800.9885100866443,33.374521253610204,,,,852.043883956815,2402.9655302599162,2222.743115460756,180.22241476708666,2402.9655302278215,3.2094476409838535e-08,1.0,-0.0,0.0,0.3843990864864223,214.39594408860376,0.925,602.9655302598999,557.7431154904074,45.2224147694925,1.0,0.0,0.0,0.3829717356634079,212.54931328940347,0.925,599.9999999893072,554.9999999901091,45.0,1.0,0.0,-0.0,0.3829717356634083,212.54931328940378,0.925,599.9999999893074,554.9999999901094,45.0,1.0,0.0,-0.0,0.3829717356634084,212.54931328940393,0.925,599.9999999893076,554.9999999901096,45.0,1.0,,,0.101,224.4970546615364,2222.743115460756,2222.743115460756,0.0,68.90503657928345,0.0,,,280.3459785600111,0.0,120.54877078080476,4.0,1461.9144023326617,0.0,-0.0,0.0,123.35633726882999
11,1,12,0.08311,0.0,1461.9144023326617,,,,0,0.0,1,2503.0890940207464,2503.0890940207464,-0.0,400.4942550433194,83.10255792148878,0.0,,,385.37346371431033,2503.0890940207464,2402.9655302599162,100.12356376082994,2503.0890940207464,0.0,1.0,0.0,0.0,0.16037411226311912,128.45782123810255,0.96,834.363031340245,800.9885100866352,33.37452125360983,1.0,0.0,0.0,0.1603741122631194,128.4578212381031,0.96,834.3630313402471,800.9885100866371,33.37452125360991,1.0,0.0,-0.0,0.16037411226311993,128.45782123810463,0.96,834.3630313402545,800.9885100866443,33.374521253610204,,,,852.043883956815,2402.9655302599162,2222.743115460756,180.22241476708666,2402.9655302278215,3.2094476409838535e-08,1.0,-0.0,0.0,0.3843990864864223,214.39594408860376,0.925,602.9655302598999,557.7431154904074,45.2224147694925,1.0,0.0,0.0,0.3829717356634079,212.54931328940347,0.925,599.9999999893072,554.9999999901091,45.0,1.0,0.0,-0.0,0.3829717356634083,212.54931328940378,0.925,599.9999999893074,554.9999999901094,45.0,1.0,0.0,-0.0,0.3829717356634084,212.54931328940393,0.925,599.9999999893076,554.9999999901096,45.0,1.0,,,0.101,224.4970546615364,2222.743115460756,2222.743115460756,0.0,68.90503657928345,0.0,,,280.3459785600111,0.0,120.54877078080476,4.0,1461.9144023326617,0.0,-0.0,0.0,121.49970597786752
12,1,13,0.08861,0.0,1461.9144023326617,,,,0,0.0,1,2503.0890940207464,2503.0890940207464,-0.0,400.4942550433194,83.10255792148878,0.0,,,385.37346371431033,2503.0890940207464,2402.9655302599162,100.12356376082994,2503.0890940207464,0.0,1.0,0.0,0.0,0.16037411226311912,128.45782123810255,0.96,834.363031340245,800.9885100866352,33.37452125360983,1.0,0.0,0.0,0.1603741122631194,128.4578212381031,0.96,834.3630313402471,800.9885100866371,33.37452125360991,1.0,0.0,-0.0,0.16037411226311993,128.45782123810463,0.96,834.3630313402545,800.9885100866443,33.374521253610204,,,,852.043883956815,2402.9655302599162,2222.743115460756,180.22241476708666,2402.9655302278215,3.2094476409838535e-08,1.0,-0.0,0.0,0.3843990864864223,214.39594408860376,0.925,602.9655302598999,557.7431154904074,45.2224147694925,1.0,0.0,0.0,0.3829717356634079,212.54931328940347,0.925,599.9999999893072,554.9999999901091,45.0,1.0,0.0,-0.0,0.3829717356634083,212.54931328940378,0.925,599.9999999893074,554.9999999901094,45.0,1.0,0.0,-0.0,0.3829717356634084,212.54931328940393,0.925,599.9999999893076,554.9999999901096,45.0,1.0,,,0.101,224.4970546615364,2222.743115460756,2222.743115460756,0.0,68.90503657928345,0.0,,,280.3459785600111,0.0,120.54877078080476,4.0,1461.9144023326617,0.0,-0.0,0.0,129.54023519069713
13,1,14,0.094,0.0,1461.9144023326617,,,,0,0.0,1,2503.0890940207464,2503.0890940207464,-0.0,400.4942550433194,83.10255792148878,0.0,,,385.37346371431033,2503.0890940207464,2402.9655302599162,100.12356376082994,2503.0890940207464,0.0,1.0,0.0,0.0,0.16037411226311912,128.45782123810255,0.96,834.363031340245,800.9885100866352,33.37452125360983,1.0,0.0,0.0,0.1603741122631194,128.4578212381031,0.96,834.3630313402471,800.9885100866371,33.37452125360991,1.0,0.0,-0.0,0.16037411226311993,128.45782123810463,0.96,834.3630313402545,800.9885100866443,33.374521253610204,,,,852.043883956815,2402.9655302599162,2222.743115460756,180.22241476708666,2402.9655302278215,3.2094476409838535e-08,1.0,-0.0,0.0,0.3843990864864223,214.39594408860376,0.925,602.9655302598999,557.7431154904074,45.2224147694925,1.0,0.0,0.0,0.3829717356634079,212.54931328940347,0.925,599.9999999893072,554.9999999901091,45.0,1.0,0.0,-0.0,0.3829717356634083,212.54931328940378,0.925,599.9999999893074,554.9999999901094,45.0,1.0,0.0,-0.0,0.3829717356634084,212.54931328940393,0.925,599.9999999893076,554.9999999901096,45.0,1.0,,,0.101,224.4970546615364,2222.743115460756,2222.743115460756,0.0,68.90503657928345,0.0,,,280.3459785600111,0.0,120.54877078080476,4.0,1461.9144023326617,0.0,-0.0,0.0,137.4199538192702
14,1,15,0.10181,0.0,1461.914402332662,,,,0,0.0,1,2503.0890940207464,2503.0890940207464,-0.0,400.4942550433194,83.10255792148878,0.0,,,385.37346371431033,2503.0890940207464,2402.9655302599162,100.12356376082994,2503.0890940207464,0.0,1.0,0.0,0.0,0.16037411226311912,128.45782123810255,0.96,834.363031340245,800.9885100866352,33.37452125360983,1.0,0.0,0.0,0.1603741122631194,128.4578212381031,0.96,834.3630313402471,800.9885100866371,33.37452125360991,1.0,0.0,-0.0,0.16037411226311993,128.45782123810463,0.96,834.3630313402545,800.9885100866443,33.374521253610204,,,,852.0438839568152,2402.9655302599162,2222.743115460756,180.22241476708666,2402.9655302278215,3.2094476409838535e-08,1.0,-0.0,0.0,0.38439908648642274,214.39594408860398,0.925,602.9655302598999,557.7431154904074,45.2224147694925,1.0,0.0,0.0,0.3829717356634079,212.54931328940347,0.925,599.9999999893072,554.9999999901091,45.0,1.0,0.0,-0.0,0.3829717356634083,212.54931328940378,0.925,599.9999999893074,554.9999999901094,45.0,1.0,0.0,-0.0,0.3829717356634084,212.54931328940393,0.925,599.9999999893076,554.9999999901096,45.0,1.0,,,0.101,224.4970546615364,2222.743115460756,2222.743115460756,0.0,68.90503657928345,0.0,,,280.3459785600111,0.0,120.54877078080476,4.0,1461.914402332662,0.0,-0.0,0.0,148.8375053014883
15,1,16,0.10382,0.0,1461.9144023320641,,,,0,0.0,1,2503.089094020749,2503.089094020749,-0.0,400.49425504331987,83.10255792148887,0.0,,,385.3734637137144,2503.089094020749,2402.965530259919,100.12356376083005,2503.089094020749,0.0,1.0,0.0,0.0,0.16037411226311912,128.45782123810255,0.96,834.363031340245,800.9885100866352,33.37452125360983,1.0,0.0,0.0,0.1603741122631194,128.4578212381031,0.96,834.3630313402471,800.9885100866371,33.37452125360991,1.0,0.0,-0.0,0.16037411226237547,128.4578212375087,0.96,834.3630313402568,800.9885100866466,33.374521253610304,,,,852.043883956815,2402.965530259919,2222.74311546074,180.22241476708666,2402.965530227822,3.209686383343069e-08,1.0,-0.0,0.0,0.3843990864864223,214.39594408860376,0.925,602.9655302598999,557.7431154904074,45.2224147694925,1.0,0.0,0.0,0.3829717356634079,212.54931328940347,0.925,599.9999999893072,554.9999999901091,45.0,1.0,0.0,-0.0,0.3829717356634083,212.54931328940378,0.925,599.9999999893074,554.9999999901094,45.0,1.0,0.0,-0.0,0.3829717356634084,212.54931328940393,0.925,599.9999999893076,554.9999999901096,45.0,1.0,,,0.101,224.49705466153472,2222.74311546074,2222.74311546074,0.0,68.90503657928294,0.0,,,280.3459785600136,0.0,120.54877078080584,4.0,1461.9144023320641,0.0,-0.0,0.0,151.7759532501149
16,1,17,0.12198,0.0,737.6887835042634,,,,0,0.0,1,1253.0890940095924,1253.0890940095924,-0.0,200.49425504153479,41.60255792111847,0.0,,,198.35647146272402,1253.0890940095924,1202.9655302492085,50.12356376038374,1253.0890940095924,0.0,1.0,0.0,0.0,0.16037411226311912,128.45782123810255,0.96,834.363031340245,800.9885100866352,33.37452125360983,1.0,0.0,0.0,0.17388717941227594,69.89865022462145,0.96,418.72606266934724,401.97702016257335,16.749042506773904,-0.0,0.0,1.0,0.271,0.0,0.96,0.0,0.0,0.0,,,,426.9452573780072,1202.9655302492085,1112.7431154805165,90.22241476869056,1202.965530249207,0.0,1.0,-0.0,0.0,0.3843990864864223,214.39594408860373,0.925,602.9655302598999,557.7431154904074,45.2224147694925,1.0,0.0,0.0,0.3829717356634079,212.54931328940347,0.925,599.9999999893072,554.9999999901091,45.0,-0.0,0.0,1.0,0.08724817754776784,0.0,0.8800000000000001,0.0,0.0,0.0,-0.0,0.0,1.0,0.08724817754776784,0.0,0.8800000000000001,0.0,0.0,0.0,1.0,,,0.101,112.38705466353217,1112.7431154805165,1112.7431154805165,0.0,34.49503657989601,0.0,,,140.34597852907578,0.0,60.348770767502586,2.0,737.6887835042634,0.0,0.0,0.0,89.98327781185004
17,1,18,3.78877,0.0,0.0,,,,0,0.0,1,0.0,0.0,-0.0,0.0,0.0,0.0,,,0.0,0.0,0.0,0.0,0.0,0.0,-0.0,0.0,1.0,0.271,0.0,0.96,0.0,0.0,0.0,-0.0,0.0,1.0,0.271,0.0,0.96,0.0,0.0,0.0,-0.0,0.0,-0.0,0.271,0.0,0.96,0.0,0.0,0.0,,,,0.0,0.0,0.0,0.0,0.0,0.0,-0.0,0.0,1.0,0.08724817754776784,0.0,0.8800000000000001,0.0,0.0,0.0,-0.0,0.0,1.0,0.08724817754776784,0.0,0.8800000000000001,0.0,0.0,0.0,-0.0,0.0,-0.0,0.08724817754776784,0.0,0.8800000000000001,0.0,0.0,0.0,-0.0,0.0,-0.0,0.08724817754776784,0.0,0.8800000000000001,0.0,0.0,0.0,1.0,,,0.101,0.0,0.0,0.0,0.0,0.0,0.0,,,0.0,0.0,0.0,-0.0,0.0,0.0,0.0,0.0,0.0
18,1,19,5.01894,0.0,0.0,,,,0,0.0,1,0.0,0.0,-0.0,0.0,0.0,0.0,,,0.0,0.0,0.0,0.0,0.0,0.0,-0.0,0.0,-0.0,0.271,0.0,0.96,0.0,0.0,0.0,-0.0,0.0,-0.0,0.271,0.0,0.96,0.0,0.0,0.0,-0.0,0.0,-0.0,0.271,0.0,0.96,0.0,0.0,0.0,,,,0.0,0.0,0.0,0.0,0.0,0.0,-0.0,0.0,-0.0,0.08724817754776784,0.0,0.8800000000000001,0.0,0.0,0.0,-0.0,0.0,0.0,0.08724817754776784,0.0,0.8800000000000001,0.0,0.0,0.0,-0.0,0.0,-0.0,0.08724817754776784,0.0,0.8800000000000001,0.0,0.0,0.0,-0.0,0.0,-0.0,0.08724817754776784,0.0,0.8800000000000001,0.0,0.0,0.0,1.0,,,0.101,0.0,0.0,0.0,0.0,0.0,0.0,,,0.0,0.0,0.0,-0.0,0.0,0.0,0.0,0.0,0.0
19,1,20,2.52611,0.0,0.0,,,,0,0.0,1,0.0,0.0,-0.0,0.0,0.0,0.0,,,0.0,0.0,0.0,0.0,0.0,0.0,-0.0,0.0,-0.0,0.271,0.0,0.96,0.0,0.0,0.0,-0.0,0.0,-0.0,0.271,0.0,0.96,0.0,0.0,0.0,-0.0,0.0,-0.0,0.271,0.0,0.96,0.0,0.0,0.0,,,,0.0,0.0,0.0,0.0,0.0,0.0,-0.0,0.0,-0.0,0.08724817754776784,0.0,0.8800000000000001,0.0,0.0,0.0,-0.0,0.0,0.0,0.08724817754776784,0.0,0.8800000000000001,0.0,0.0,0.0,-0.0,0.0,-0.0,0.08724817754776784,0.0,0.8800000000000001,0.0,0.0,0.0,-0.0,0.0,-0.0,0.08724817754776784,0.0,0.8800000000000001,0.0,0.0,0.0,1.0,,,0.101,0.0,0.0,0.0,0.0,0.0,0.0,,,0.0,0.0,0.0,-0.0,0.0,0.0,0.0,0.0,0.0
20,1,21,0.75581,0.0,0.0,,,,0,0.0,1,0.0,0.0,-0.0,0.0,0.0,0.0,,,0.0,0.0,0.0,0.0,0.0,0.0,-0.0,0.0,0.0,0.271,0.0,0.96,0.0,0.0,0.0,-0.0,0.0,0.0,0.271,0.0,0.96,0.0,0.0,0.0,-0.0,0.0,-0.0,0.271,0.0,0.96,0.0,0.0,0.0,,,,0.0,0.0,0.0,0.0,0.0,0.0,0.0,-0.0,-0.0,0.08724817754776784,0.0,0.8800000000000001,0.0,0.0,0.0,0.0,0.0,0.0,0.08724817754776784,0.0,0.8800000000000001,0.0,0.0,0.0,-0.0,0.0,-0.0,0.08724817754776784,0.0,0.8800000000000001,0.0,0.0,0.0,-0.0,0.0,-0.0,0.08724817754776784,0.0,0.8800000000000001,0.0,0.0,0.0,1.0,,,0.101,0.0,0.0,0.0,0.0,0.0,0.0,,,0.0,0.0,0.0,0.0,0.0,0.0,0.0,0.0,0.0
21,1,22,0.154,0.0,0.0,,,,0,0.0,1,0.0,0.0,-0.0,0.0,0.0,0.0,,,0.0,0.0,0.0,0.0,0.0,0.0,-0.0,0.0,0.0,0.271,0.0,0.96,0.0,0.0,0.0,-0.0,0.0,0.0,0.271,0.0,0.96,0.0,0.0,0.0,-0.0,0.0,-0.0,0.271,0.0,0.96,0.0,0.0,0.0,,,,0.0,0.0,0.0,0.0,0.0,0.0,0.0,0.0,0.0,0.08724817754776784,0.0,0.88,0.0,0.0,0.0,0.0,0.0,0.0,0.08724817754776784,0.0,0.88,0.0,0.0,0.0,-0.0,0.0,-0.0,0.08724817754776784,0.0,0.8800000000000001,0.0,0.0,0.0,-0.0,0.0,-0.0,0.08724817754776784,0.0,0.8800000000000001,0.0,0.0,0.0,1.0,,,0.101,0.0,0.0,0.0,0.0,0.0,0.0,,,0.0,0.0,0.0,0.0,0.0,0.0,0.0,0.0,0.0
22,1,23,0.12052,0.0,569.1031766837389,,,,0,0.0,1,1083.3333333333333,1083.3333333333333,-0.0,173.33333333333334,35.96666666666667,0.0,,,167.7592531172719,1083.3333333333333,1040.0,43.333333333333336,1083.3333333333333,0.0,1.0,1.0,0.0,0.1603938319793838,85.37522841154414,0.96,554.4635257968611,532.2849847649866,22.178541031874463,1.0,1.0,0.0,0.16226430622224686,82.38402470572775,0.96,528.8698075364775,507.7150152350184,21.15479230145912,-0.0,0.0,-0.0,0.271,0.0,0.96,0.0,0.0,0.0,,,,308.9087235664673,1040.0,915.2,124.8,1040.0,0.0,1.0,1.0,0.0,0.33753138501580776,154.45436178323365,0.88,520.0,457.6,62.4,1.0,1.0,0.0,0.33753138501580776,154.45436178323365,0.88,520.0,457.6,62.4,-0.0,0.0,-0.0,0.08724817754776784,0.0,0.8800000000000001,0.0,0.0,0.0,-0.0,0.0,-0.0,0.08724817754776784,0.0,0.8800000000000001,0.0,0.0,0.0,0.0,,,0.101,92.43519999999971,915.2,0.0,915.2,28.37119999999991,1.0,,,1083.3333333333333,0.0,465.8333333333333,2.0,569.1031766837389,0.0,0.0,0.0,68.5883148539242
23,1,24,0.11633,0.0,569.1031766837392,,,,0,0.0,1,1083.3333333333333,1083.3333333333333,-0.0,173.33333333333334,35.96666666666667,0.0,,,167.7592531172719,1083.3333333333333,1040.0,43.333333333333336,1083.3333333333333,0.0,1.0,0.0,0.0,0.1603938319793838,85.37522841154414,0.96,554.4635257968611,532.2849847649866,22.178541031874463,1.0,0.0,0.0,0.16226430622224686,82.38402470572775,0.96,528.8698075364775,507.7150152350184,21.15479230145912,-0.0,0.0,-0.0,0.271,0.0,0.96,0.0,0.0,0.0,,,,308.9087235664673,1040.0,915.2,124.8,1040.0,0.0,1.0,-0.0,0.0,0.33753138501580776,154.45436178323365,0.88,520.0,457.6,62.4,1.0,0.0,0.0,0.3375313850158078,154.45436178323365,0.88,520.0,457.6,62.4,-0.0,0.0,-0.0,0.08724817754776784,0.0,0.8800000000000001,0.0,0.0,0.0,-0.0,0.0,-0.0,0.09418341935927774,0.0,0.925,0.0,0.0,0.0,0.0,,,0.101,92.43520000000001,915.2,0.0,915.2,28.3712,1.0,,,1083.3333333333333,0.0,465.8333333333333,2.0,569.1031766837392,0.0,0.0,0.0,66.20377254361938
24,1,25,0.1121,0.0,1462.704129029865,,,,0,0.0,1,2503.973439353227,2503.973439353227,-0.0,400.63575029651633,83.13191818652714,0.0,,,385.55701930872937,2503.973439353227,2403.814501779098,100.15893757412917,2503.973439353227,0.0,1.0,0.0,0.0,0.160393831980341,128.51900643637512,0.96,834.657813115278,801.2715005906668,33.38631252461115,1.0,0.0,0.0,0.16039383197963117,128.51900643637416,0.96,834.6578131189656,801.2715005942069,33.38631252475865,1.0,1.0,-0.0,0.16039383197913587,128.5190064359801,0.96,834.6578131189837,801.2715005942242,33.386312524759376,,,,852.5707398920927,2403.814501779098,2223.5284141489396,180.28608763369698,2403.8145017826278,-3.5297489375807345e-09,1.0,-0.0,0.0,0.3838897219580243,213.73605664999639,0.925,601.9072508913139,556.7642070744654,45.14304381684849,1.0,0.0,0.0,0.3838897219580248,213.73605664999673,0.925,601.9072508913141,556.7642070744656,45.14304381684849,1.0,1.0,-0.0,0.3829717356685548,212.54931329604804,0.925,600.0,555.0,45.0,1.0,1.0,-0.0,0.38297173566855774,212.54931329605157,0.925,600.0,555.0,45.0,1.0,,,0.101,224.57636982904293,2223.5284141489396,2223.5284141489396,0.0,68.92938083861713,0.0,,,280.44502520429637,0.0,120.59136083784743,4.0,1462.704129029865,0.0,-0.0,0.0,163.96913286424788
25,1,26,0.1119,0.0,1462.7041290302623,,,,0,0.0,1,2503.9734393532253,2503.9734393532253,-0.0,400.63575029651605,83.13191818652709,0.0,,,385.55701930912653,2503.9734393532253,2403.814501779096,100.1589375741291,2503.9734393532253,0.0,1.0,0.0,0.0,0.160393831980341,128.51900643637512,0.96,834.657813115278,801.2715005906668,33.38631252461115,1.0,0.0,0.0,0.16039383197963117,128.51900643637416,0.96,834.6578131189656,801.2715005942069,33.38631252475865,1.0,0.0,-0.0,0.1603938319796319,128.51900643637723,0.96,834.6578131189817,801.2715005942224,33.3863125247593,,,,852.5707398920927,2403.814501779096,2223.5284141489396,180.28608763369698,2403.8145017826278,-3.531681613822002e-09,1.0,-0.0,0.0,0.3838897219580243,213.73605664999639,0.925,601.9072508913139,556.7642070744654,45.14304381684849,1.0,0.0,0.0,0.3838897219580248,213.73605664999673,0.925,601.9072508913141,556.7642070744656,45.14304381684849,1.0,0.0,-0.0,0.3829717356685548,212.54931329604804,0.925,600.0,555.0,45.0,1.0,0.0,-0.0,0.38297173566855774,212.54931329605157,0.925,600.0,555.0,45.0,1.0,,,0.101,224.57636982904293,2223.5284141489396,2223.5284141489396,0.0,68.92938083861713,0.0,,,280.4450252042944,0.0,120.59136083784658,4.0,1462.7041290302623,0.0,-0.0,0.0,163.67659203848635
26,1,27,0.11243,0.0,1462.704129029099,,,,0,0.0,1,2503.9734393532235,2503.9734393532235,-0.0,400.63575029651577,83.13191818652702,0.0,,,385.55701930796226,2503.9734393532235,2403.8145017790944,100.15893757412903,2503.9734393532235,0.0,1.0,0.0,0.0,0.160393831979384,128.51900643560793,0.96,834.6578131152755,801.2715005906645,33.38631252461105,1.0,0.0,0.0,0.16039383197963128,128.51900643637467,0.96,834.6578131189682,801.2715005942094,33.38631252475876,1.0,0.0,-0.0,0.1603938319791361,128.51900643597966,0.96,834.6578131189799,801.2715005942207,33.38631252475923,,,,852.5707398920936,2403.8145017790944,2223.528414148943,180.28608763369698,2403.8145017826278,-3.533386916387826e-09,1.0,-0.0,0.0,0.3838897219580243,213.73605664999639,0.925,601.9072508913139,556.7642070744654,45.14304381684849,1.0,0.0,0.0,0.3838897219580248,213.73605664999673,0.925,601.9072508913141,556.7642070744656,45.14304381684849,1.0,0.0,-0.0,0.3829717356685548,212.54931329604804,0.925,600.0,555.0,45.0,1.0,0.0,-0.0,0.38297173566855836,212.54931329605242,0.925,600.0,555.0,45.0,1.0,,,0.101,224.57636982904324,2223.528414148943,2223.528414148943,0.0,68.92938083861722,0.0,,,280.4450252042926,0.0,120.59136083784583,4.0,1462.704129029099,0.0,-0.0,0.0,164.45182522674162
27,1,28,0.11364,0.0,1462.704129029099,,,,0,0.0,1,2503.9734393532235,2503.9734393532235,-0.0,400.63575029651577,83.13191818652702,0.0,,,385.55701930796226,2503.9734393532235,2403.8145017790944,100.15893757412903,2503.9734393532235,0.0,1.0,0.0,0.0,0.160393831979384,128.51900643560793,0.96,834.6578131152755,801.2715005906645,33.38631252461105,1.0,0.0,0.0,0.16039383197963128,128.51900643637467,0.96,834.6578131189682,801.2715005942094,33.38631252475876,1.0,0.0,-0.0,0.1603938319791361,128.51900643597966,0.96,834.6578131189799,801.2715005942207,33.38631252475923,,,,852.5707398920936,2403.8145017790944,2223.528414148943,180.28608763369698,2403.8145017826278,-3.533386916387826e-09,1.0,-0.0,0.0,0.3838897219580243,213.73605664999639,0.925,601.9072508913139,556.7642070744654,45.14304381684849,1.0,0.0,0.0,0.3838897219580248,213.73605664999673,0.925,601.9072508913141,556.7642070744656,45.14304381684849,1.0,0.0,-0.0,0.3829717356685548,212.54931329604804,0.925,600.0,555.0,45.0,1.0,0.0,-0.0,0.38297173566855836,212.54931329605242,0.925,600.0,555.0,45.0,1.0,,,0.101,224.57636982904324,2223.528414148943,2223.528414148943,0.0,68.92938083861722,0.0,,,280.4450252042926,0.0,120.59136083784583,4.0,1462.704129029099,0.0,-0.0,0.0,166.22169722286682
28,1,29,0.11658,0.0,1462.704129029099,,,,0,0.0,1,2503.9734393532235,2503.9734393532235,-0.0,400.63575029651577,83.13191818652702,0.0,,,385.55701930796226,2503.9734393532235,2403.8145017790944,100.15893757412903,2503.9734393532235,0.0,1.0,0.0,0.0,0.160393831979384,128.51900643560793,0.96,834.6578131152755,801.2715005906645,33.38631252461105,1.0,0.0,0.0,0.16039383197963128,128.51900643637467,0.96,834.6578131189682,801.2715005942094,33.38631252475876,1.0,0.0,-0.0,0.1603938319791361,128.51900643597966,0.96,834.6578131189799,801.2715005942207,33.38631252475923,,,,852.5707398920936,2403.8145017790944,2223.528414148943,180.28608763369698,2403.8145017826278,-3.533386916387826e-09,1.0,-0.0,0.0,0.3838897219580243,213.73605664999639,0.925,601.9072508913139,556.7642070744654,45.14304381684849,1.0,0.0,0.0,0.3838897219580248,213.73605664999673,0.925,601.9072508913141,556.7642070744656,45.14304381684849,1.0,0.0,-0.0,0.3829717356685548,212.54931329604804,0.925,600.0,555.0,45.0,1.0,0.0,-0.0,0.38297173566855836,212.54931329605242,0.925,600.0,555.0,45.0,1.0,,,0.101,224.57636982904324,2223.528414148943,2223.528414148943,0.0,68.92938083861722,0.0,,,280.4450252042926,0.0,120.59136083784583,4.0,1462.704129029099,0.0,-0.0,0.0,170.52204736221236
29,1,30,0.12222,0.0,1462.704129029099,,,,0,0.0,1,2503.9734393532235,2503.9734393532235,-0.0,400.63575029651577,83.13191818652702,0.0,,,385.55701930796226,2503.9734393532235,2403.8145017790944,100.15893757412903,2503.9734393532235,0.0,1.0,0.0,0.0,0.160393831979384,128.51900643560793,0.96,834.6578131152755,801.2715005906645,33.38631252461105,1.0,0.0,0.0,0.16039383197963128,128.51900643637467,0.96,834.6578131189682,801.2715005942094,33.38631252475876,1.0,0.0,-0.0,0.1603938319791361,128.51900643597966,0.96,834.6578131189799,801.2715005942207,33.38631252475923,,,,852.5707398920936,2403.8145017790944,2223.5284141489433,180.28608763369698,2403.8145017826278,-3.533386916387826e-09,1.0,-0.0,0.0,0.3838897219580243,213.73605664999639,0.925,601.9072508913139,556.7642070744654,45.14304381684849,1.0,0.0,0.0,0.3838897219580248,213.73605664999673,0.925,601.9072508913141,556.7642070744656,45.14304381684849,1.0,0.0,-0.0,0.3829717356685548,212.54931329604804,0.925,600.0,555.0,45.0,1.0,0.0,-0.0,0.38297173566855836,212.54931329605242,0.925,600.0,555.0,45.0,1.0,,,0.101,224.57636982904327,2223.5284141489433,2223.5284141489433,0.0,68.92938083861723,0.0,,,280.4450252042926,0.0,120.59136083784583,4.0,1462.704129029099,0.0,-0.0,0.0,178.77169864993647
30,1,31,0.11102,0.0,1462.704129029099,,,,0,0.0,1,2503.9734393532235,2503.9734393532235,-0.0,400.63575029651577,83.13191818652702,0.0,,,385.55701930796226,2503.9734393532235,2403.8145017790944,100.15893757412903,2503.9734393532235,0.0,1.0,0.0,0.0,0.160393831979384,128.51900643560793,0.96,834.6578131152755,801.2715005906645,33.38631252461105,1.0,0.0,0.0,0.16039383197963128,128.51900643637467,0.96,834.6578131189682,801.2715005942094,33.38631252475876,1.0,0.0,-0.0,0.1603938319791361,128.51900643597966,0.96,834.6578131189799,801.2715005942207,33.38631252475923,,,,852.5707398920936,2403.8145017790944,2223.5284141489433,180.28608763369698,2403.8145017826278,-3.533386916387826e-09,1.0,-0.0,0.0,0.3838897219580243,213.73605664999639,0.925,601.9072508913139,556.7642070744654,45.14304381684849,1.0,0.0,0.0,0.3838897219580248,213.73605664999673,0.925,601.9072508913141,556.7642070744656,45.14304381684849,1.0,0.0,-0.0,0.3829717356685548,212.54931329604804,0.925,600.0,555.0,45.0,1.0,0.0,-0.0,0.38297173566855836,212.54931329605242,0.925,600.0,555.0,45.0,1.0,,,0.101,224.57636982904327,2223.5284141489433,2223.5284141489433,0.0,68.92938083861723,0.0,,,280.4450252042926,0.0,120.59136083784583,4.0,1462.704129029099,0.0,-0.0,0.0,162.38941240481057
31,1,32,0.10411,0.0,1462.7041290290995,,,,0,0.0,1,2503.9734393532235,2503.9734393532235,-0.0,400.63575029651577,83.13191818652702,0.0,,,385.55701930796226,2503.9734393532235,2403.8145017790944,100.15893757412903,2503.9734393532235,0.0,1.0,0.0,0.0,0.160393831979384,128.51900643560793,0.96,834.6578131152755,801.2715005906645,33.38631252461105,1.0,0.0,0.0,0.16039383197963128,128.51900643637467,0.96,834.6578131189682,801.2715005942094,33.38631252475876,1.0,0.0,-0.0,0.1603938319791361,128.51900643597966,0.96,834.6578131189799,801.2715005942207,33.38631252475923,,,,852.5707398920938,2403.8145017790944,2223.5284141489437,180.28608763369698,2403.8145017826278,-3.533386916387826e-09,1.0,-0.0,0.0,0.38388972195802473,213.7360566499966,0.925,601.9072508913139,556.7642070744654,45.14304381684849,1.0,0.0,0.0,0.3838897219580248,213.73605664999673,0.925,601.9072508913141,556.7642070744656,45.14304381684849,1.0,0.0,-0.0,0.3829717356685548,212.54931329604804,0.925,600.0,555.0,45.0,1.0,0.0,-0.0,0.38297173566855836,212.54931329605242,0.925,600.0,555.0,45.0,1.0,,,0.101,224.57636982904333,2223.5284141489437,2223.5284141489437,0.0,68.92938083861725,0.0,,,280.4450252042926,0.0,120.59136083784583,4.0,1462.7041290290995,0.0,-0.0,0.0,152.28212687321954
32,1,33,0.0968,0.0,1462.7041290292973,,,,0,0.0,1,2503.9734393532217,2503.9734393532217,-0.0,400.6357502965155,83.13191818652696,0.0,,,385.5570193081604,2503.9734393532217,2403.8145017790926,100.15893757412896,2503.9734393532217,0.0,1.0,0.0,0.0,0.1603938319793838,128.51900643560734,0.96,834.6578131152727,801.2715005906617,33.386312524610936,1.0,0.0,0.0,0.16039383197963147,128.5190064363752,0.96,834.6578131189709,801.2715005942121,33.386312524758864,1.0,0.0,-0.0,0.1603938319793838,128.51900643617785,0.96,834.6578131189779,801.2715005942188,33.38631252475914,,,,852.5707398920937,2403.8145017790926,2223.528414148943,180.28608763369698,2403.814501782628,-3.5354332794668153e-09,1.0,-0.0,0.0,0.3838897219580243,213.73605664999639,0.925,601.9072508913139,556.7642070744654,45.14304381684849,1.0,0.0,0.0,0.3838897219580248,213.73605664999673,0.925,601.9072508913141,556.7642070744656,45.14304381684849,1.0,0.0,-0.0,0.3829717356685548,212.54931329604804,0.925,600.0,555.0,45.0,1.0,0.0,-0.0,0.3829717356685585,212.54931329605256,0.925,600.0,555.0,45.0,1.0,,,0.101,224.57636982904324,2223.528414148943,2223.528414148943,0.0,68.92938083861722,0.0,,,280.4450252042905,0.0,120.59136083784492,4.0,1462.7041290292973,0.0,-0.0,0.0,141.58975969003598
33,1,34,0.08604,0.0,1462.7041290292973,,,,0,0.0,1,2503.9734393532217,2503.9734393532217,-0.0,400.6357502965155,83.13191818652696,0.0,,,385.5570193081604,2503.9734393532217,2403.8145017790926,100.15893757412896,2503.9734393532217,0.0,1.0,0.0,0.0,0.1603938319793838,128.51900643560734,0.96,834.6578131152727,801.2715005906617,33.386312524610936,1.0,0.0,0.0,0.16039383197963147,128.5190064363752,0.96,834.6578131189709,801.2715005942121,33.386312524758864,1.0,0.0,-0.0,0.1603938319793838,128.51900643617785,0.96,834.6578131189779,801.2715005942188,33.38631252475914,,,,852.5707398920937,2403.8145017790926,2223.5284141489433,180.28608763369698,2403.814501782628,-3.5354332794668153e-09,1.0,-0.0,0.0,0.3838897219580243,213.73605664999639,0.925,601.9072508913139,556.7642070744654,45.14304381684849,1.0,0.0,0.0,0.3838897219580248,213.73605664999673,0.925,601.9072508913141,556.7642070744656,45.14304381684849,1.0,0.0,-0.0,0.3829717356685548,212.54931329604804,0.925,600.0,555.0,45.0,1.0,0.0,-0.0,0.3829717356685585,212.54931329605256,0.925,600.0,555.0,45.0,1.0,,,0.101,224.57636982904327,2223.5284141489433,2223.5284141489433,0.0,68.92938083861723,0.0,,,280.4450252042905,0.0,120.59136083784492,4.0,1462.7041290292973,0.0,-0.0,0.0,125.85106326168075
34,1,35,0.08438,0.0,1462.7041290292973,,,,0,0.0,1,2503.9734393532217,2503.9734393532217,-0.0,400.6357502965155,83.13191818652696,0.0,,,385.5570193081604,2503.9734393532217,2403.8145017790926,100.15893757412896,2503.9734393532217,0.0,1.0,0.0,0.0,0.1603938319793838,128.51900643560734,0.96,834.6578131152727,801.2715005906617,33.386312524610936,1.0,0.0,0.0,0.16039383197963147,128.5190064363752,0.96,834.6578131189709,801.2715005942121,33.386312524758864,1.0,0.0,-0.0,0.1603938319793838,128.51900643617785,0.96,834.6578131189779,801.2715005942188,33.38631252475914,,,,852.5707398920937,2403.8145017790926,2223.528414148943,180.28608763369698,2403.814501782628,-3.5354332794668153e-09,1.0,-0.0,0.0,0.3838897219580243,213.73605664999639,0.925,601.9072508913139,556.7642070744654,45.14304381684849,1.0,0.0,0.0,0.3838897219580248,213.73605664999673,0.925,601.9072508913141,556.7642070744656,45.14304381684849,1.0,0.0,-0.0,0.3829717356685548,212.54931329604804,0.925,600.0,555.0,45.0,1.0,0.0,-0.0,0.3829717356685585,212.54931329605256,0.925,600.0,555.0,45.0,1.0,,,0.101,224.57636982904324,2223.528414148943,2223.528414148943,0.0,68.92938083861722,0.0,,,280.4450252042905,0.0,120.59136083784492,4.0,1462.7041290292973,0.0,-0.0,0.0,123.4229744074921
35,1,36,0.08311,0.0,1462.704129029299,,,,0,0.0,1,2503.9734393532217,2503.9734393532217,-0.0,400.6357502965155,83.13191818652696,0.0,,,385.5570193081604,2503.9734393532217,2403.8145017790926,100.15893757412896,2503.9734393532217,0.0,1.0,0.0,0.0,0.1603938319793838,128.51900643560734,0.96,834.6578131152727,801.2715005906617,33.386312524610936,1.0,0.0,0.0,0.16039383197963147,128.5190064363752,0.96,834.6578131189709,801.2715005942121,33.386312524758864,1.0,0.0,-0.0,0.1603938319793838,128.51900643617785,0.96,834.6578131189779,801.2715005942188,33.38631252475914,,,,852.5707398920937,2403.8145017790926,2223.5284141489597,180.28608763369698,2403.814501782628,-3.5354332794668153e-09,1.0,-0.0,0.0,0.3838897219580243,213.73605664999639,0.925,601.9072508913139,556.7642070744654,45.14304381684849,1.0,0.0,0.0,0.3838897219580248,213.73605664999673,0.925,601.9072508913141,556.7642070744656,45.14304381684849,1.0,0.0,-0.0,0.3829717356685548,212.54931329604804,0.925,600.0,555.0,45.0,1.0,0.0,-0.0,0.3829717356685585,212.54931329605256,0.925,600.0,555.0,45.0,1.0,,,0.101,224.57636982904495,2223.5284141489597,2223.5284141489597,0.0,68.92938083861775,0.0,,,280.4450252042905,0.0,120.59136083784492,4.0,1462.704129029299,0.0,-0.0,0.0,121.56534016362505
36,1,37,0.08861,0.0,1462.704129029299,,,,0,0.0,1,2503.9734393532217,2503.9734393532217,-0.0,400.6357502965155,83.13191818652696,0.0,,,385.5570193081604,2503.9734393532217,2403.8145017790926,100.15893757412896,2503.9734393532217,0.0,1.0,0.0,0.0,0.1603938319793838,128.51900643560734,0.96,834.6578131152727,801.2715005906617,33.386312524610936,1.0,0.0,0.0,0.16039383197963147,128.5190064363752,0.96,834.6578131189709,801.2715005942121,33.386312524758864,1.0,0.0,-0.0,0.1603938319793838,128.51900643617785,0.96,834.6578131189779,801.2715005942188,33.38631252475914,,,,852.5707398920937,2403.8145017790926,2223.5284141489597,180.28608763369698,2403.814501782628,-3.5354332794668153e-09,1.0,-0.0,0.0,0.3838897219580243,213.73605664999639,0.925,601.9072508913139,556.7642070744654,45.14304381684849,1.0,0.0,0.0,0.3838897219580248,213.73605664999673,0.925,601.9072508913141,556.7642070744656,45.14304381684849,1.0,0.0,-0.0,0.3829717356685548,212.54931329604804,0.925,600.0,555.0,45.0,1.0,0.0,-0.0,0.3829717356685585,212.54931329605256,0.925,600.0,555.0,45.0,1.0,,,0.101,224.57636982904495,2223.5284141489597,2223.5284141489597,0.0,68.92938083861775,0.0,,,280.4450252042905,0.0,120.59136083784492,4.0,1462.704129029299,0.0,-0.0,0.0,129.61021287328617
37,1,38,0.094,0.0,1462.704129029299,,,,0,0.0,1,2503.9734393532217,2503.9734393532217,-0.0,400.6357502965155,83.13191818652696,0.0,,,385.5570193081604,2503.9734393532217,2403.8145017790926,100.15893757412896,2503.9734393532217,0.0,1.0,0.0,0.0,0.1603938319793838,128.51900643560734,0.96,834.6578131152727,801.2715005906617,33.386312524610936,1.0,0.0,0.0,0.16039383197963147,128.5190064363752,0.96,834.6578131189709,801.2715005942121,33.386312524758864,1.0,0.0,-0.0,0.1603938319793838,128.51900643617785,0.96,834.6578131189779,801.2715005942188,33.38631252475914,,,,852.5707398920937,2403.8145017790926,2223.5284141489597,180.28608763369698,2403.814501782628,-3.5354332794668153e-09,1.0,-0.0,0.0,0.3838897219580243,213.73605664999639,0.925,601.9072508913139,556.7642070744654,45.14304381684849,1.0,0.0,0.0,0.3838897219580248,213.73605664999673,0.925,601.9072508913141,556.7642070744656,45.14304381684849,1.0,0.0,-0.0,0.3829717356685548,212.54931329604804,0.925,600.0,555.0,45.0,1.0,0.0,-0.0,0.3829717356685585,212.54931329605256,0.925,600.0,555.0,45.0,1.0,,,0.101,224.57636982904495,2223.5284141489597,2223.5284141489597,0.0,68.92938083861775,0.0,,,280.4450252042905,0.0,120.59136083784492,4.0,1462.704129029299,0.0,-0.0,0.0,137.4941881287541
38,1,39,0.10181,0.0,1462.704129029299,,,,0,0.0,1,2503.9734393532217,2503.9734393532217,-0.0,400.6357502965155,83.13191818652696,0.0,,,385.5570193081604,2503.9734393532217,2403.8145017790926,100.15893757412896,2503.9734393532217,0.0,1.0,0.0,0.0,0.1603938319793838,128.51900643560734,0.96,834.6578131152727,801.2715005906617,33.386312524610936,1.0,0.0,0.0,0.16039383197963147,128.5190064363752,0.96,834.6578131189709,801.2715005942121,33.386312524758864,1.0,0.0,-0.0,0.1603938319793838,128.51900643617785,0.96,834.6578131189779,801.2715005942188,33.38631252475914,,,,852.5707398920937,2403.8145017790926,2223.5284141489597,180.28608763369698,2403.814501782628,-3.5354332794668153e-09,1.0,-0.0,0.0,0.3838897219580243,213.73605664999639,0.925,601.9072508913139,556.7642070744654,45.14304381684849,1.0,0.0,0.0,0.3838897219580248,213.73605664999673,0.925,601.9072508913141,556.7642070744656,45.14304381684849,1.0,0.0,-0.0,0.3829717356685548,212.54931329604804,0.925,600.0,555.0,45.0,1.0,0.0,-0.0,0.3829717356685585,212.54931329605256,0.925,600.0,555.0,45.0,1.0,,,0.101,224.57636982904495,2223.5284141489597,2223.5284141489597,0.0,68.92938083861775,0.0,,,280.4450252042905,0.0,120.59136083784492,4.0,1462.704129029299,0.0,-0.0,0.0,148.91790737647293
39,1,40,0.10382,0.0,1462.7041290290983,,,,0,0.0,1,2503.9734393532253,2503.9734393532253,-0.0,400.63575029651605,83.13191818652709,0.0,,,385.5570193079625,2503.9734393532253,2403.814501779096,100.1589375741291,2503.9734393532253,0.0,1.0,0.0,0.0,0.1603938319796317,128.5190064358064,0.96,834.6578131152758,801.2715005906647,33.38631252461106,1.0,0.0,0.0,0.16039383197963164,128.51900643637578,0.96,834.6578131189735,801.2715005942146,33.38631252475897,1.0,0.0,-0.0,0.16039383197888807,128.5190064357803,0.96,834.6578131189758,801.2715005942167,33.38631252475906,,,,852.5707398920929,2403.814501779096,2223.5284141489406,180.28608763369698,2403.814501782628,-3.5317953006597236e-09,1.0,-0.0,0.0,0.3838897219580243,213.73605664999639,0.925,601.9072508913139,556.7642070744654,45.14304381684849,1.0,0.0,0.0,0.3838897219580248,213.73605664999673,0.925,601.9072508913141,556.7642070744656,45.14304381684849,1.0,0.0,-0.0,0.3829717356685548,212.54931329604804,0.925,600.0,555.0,45.0,1.0,0.0,-0.0,0.3829717356685579,212.54931329605174,0.925,600.0,555.0,45.0,1.0,,,0.101,224.57636982904302,2223.5284141489406,2223.5284141489406,0.0,68.92938083861716,0.0,,,280.44502520429427,0.0,120.59136083784654,4.0,1462.7041290290983,0.0,-0.0,0.0,151.85794267580098
40,1,41,0.12198,0.0,738.423299064976,,,,0,0.0,1,1253.9734393532153,1253.9734393532153,-0.0,200.63575029651446,41.63191818652675,0.0,,,198.48481593594084,1253.9734393532153,1203.8145017790866,50.15893757412866,1253.9734393532153,0.0,1.0,0.0,0.0,0.1603938319796317,128.5190064358064,0.96,834.6578131152758,801.2715005906647,33.38631252461106,1.0,0.0,0.0,0.1738095291523524,69.96580950013445,0.96,419.31562623793957,402.54300118842195,16.772625049517597,-0.0,0.0,1.0,0.271,0.0,0.96,0.0,0.0,0.0,,,,427.4721132999931,1203.8145017790866,1113.528414148931,90.28608763369698,1203.814501782628,-3.5413449950283393e-09,1.0,-0.0,0.0,0.3838897219580243,213.73605664999639,0.925,601.9072508913139,556.7642070744654,45.14304381684849,1.0,0.0,0.0,0.3838897219580248,213.73605664999675,0.925,601.9072508913141,556.7642070744656,45.14304381684849,-0.0,0.0,1.0,0.08724817754776784,0.0,0.8800000000000001,0.0,0.0,0.0,-0.0,0.0,1.0,0.08724817754776784,0.0,0.8800000000000001,0.0,0.0,0.0,1.0,,,0.101,112.46636982904204,1113.528414148931,1113.528414148931,0.0,34.51938083861686,0.0,,,140.4450252042843,0.0,60.39136083784224,2.0,738.423299064976,0.0,0.0,0.0,90.07287401994579
41,1,42,3.78877,0.0,0.0,,,,0,0.0,1,0.0,0.0,-0.0,0.0,0.0,0.0,,,0.0,0.0,0.0,0.0,0.0,0.0,-0.0,0.0,1.0,0.271,0.0,0.96,0.0,0.0,0.0,-0.0,0.0,1.0,0.271,0.0,0.96,0.0,0.0,0.0,-0.0,0.0,-0.0,0.271,0.0,0.96,0.0,0.0,0.0,,,,0.0,0.0,0.0,0.0,0.0,0.0,-0.0,0.0,1.0,0.08724817754776784,0.0,0.8800000000000001,0.0,0.0,0.0,-0.0,0.0,1.0,0.08724817754776784,0.0,0.8800000000000001,0.0,0.0,0.0,-0.0,0.0,-0.0,0.08724817754776784,0.0,0.8800000000000001,0.0,0.0,0.0,-0.0,0.0,-0.0,0.08724817754776784,0.0,0.8800000000000001,0.0,0.0,0.0,1.0,,,0.101,0.0,0.0,0.0,0.0,0.0,0.0,,,0.0,0.0,0.0,-0.0,0.0,0.0,0.0,0.0,0.0
42,1,43,5.01894,0.0,0.0,,,,0,0.0,1,0.0,0.0,-0.0,0.0,0.0,0.0,,,0.0,0.0,0.0,0.0,0.0,0.0,-0.0,0.0,-0.0,0.271,0.0,0.96,0.0,0.0,0.0,-0.0,0.0,-0.0,0.271,0.0,0.96,0.0,0.0,0.0,-0.0,0.0,-0.0,0.271,0.0,0.96,0.0,0.0,0.0,,,,0.0,0.0,0.0,0.0,0.0,0.0,-0.0,0.0,-0.0,0.08724817754776784,0.0,0.8800000000000001,0.0,0.0,0.0,-0.0,0.0,0.0,0.08724817754776784,0.0,0.8800000000000001,0.0,0.0,0.0,-0.0,0.0,-0.0,0.08724817754776784,0.0,0.8800000000000001,0.0,0.0,0.0,-0.0,0.0,-0.0,0.08724817754776784,0.0,0.8800000000000001,0.0,0.0,0.0,1.0,,,0.101,0.0,0.0,0.0,0.0,0.0,0.0,,,0.0,0.0,0.0,-0.0,0.0,0.0,0.0,0.0,0.0
43,1,44,2.52611,0.0,0.0,,,,0,0.0,1,0.0,0.0,-0.0,0.0,0.0,0.0,,,0.0,0.0,0.0,0.0,0.0,0.0,-0.0,0.0,-0.0,0.271,0.0,0.96,0.0,0.0,0.0,-0.0,0.0,-0.0,0.271,0.0,0.96,0.0,0.0,0.0,-0.0,0.0,-0.0,0.271,0.0,0.96,0.0,0.0,0.0,,,,0.0,0.0,0.0,0.0,0.0,0.0,-0.0,0.0,-0.0,0.08724817754776784,0.0,0.8800000000000001,0.0,0.0,0.0,-0.0,0.0,0.0,0.08724817754776784,0.0,0.8800000000000001,0.0,0.0,0.0,-0.0,0.0,-0.0,0.08724817754776784,0.0,0.8800000000000001,0.0,0.0,0.0,-0.0,0.0,-0.0,0.08724817754776784,0.0,0.8800000000000001,0.0,0.0,0.0,1.0,,,0.101,0.0,0.0,0.0,0.0,0.0,0.0,,,0.0,0.0,0.0,-0.0,0.0,0.0,0.0,0.0,0.0
44,1,45,0.75581,0.0,0.0,,,,0,0.0,1,0.0,0.0,-0.0,0.0,0.0,0.0,,,0.0,0.0,0.0,0.0,0.0,0.0,0.0,0.0,0.0,0.271,0.0,0.96,0.0,0.0,0.0,-0.0,0.0,0.0,0.271,0.0,0.96,0.0,0.0,0.0,-0.0,0.0,-0.0,0.271,0.0,0.96,0.0,0.0,0.0,,,,0.0,0.0,0.0,0.0,0.0,0.0,0.0,0.0,-0.0,0.08724817754776784,0.0,0.88,0.0,0.0,0.0,0.0,0.0,0.0,0.08724817754776784,0.0,0.88,0.0,0.0,0.0,-0.0,0.0,-0.0,0.08724817754776784,0.0,0.8800000000000001,0.0,0.0,0.0,-0.0,0.0,-0.0,0.08724817754776784,0.0,0.8800000000000001,0.0,0.0,0.0,1.0,,,0.101,0.0,0.0,0.0,0.0,0.0,0.0,,,0.0,0.0,0.0,0.0,0.0,0.0,0.0,0.0,0.0
45,1,46,0.154,0.0,0.0,,,,0,0.0,1,0.0,0.0,-0.0,0.0,0.0,0.0,,,0.0,0.0,0.0,0.0,0.0,0.0,-0.0,0.0,0.0,0.271,0.0,0.96,0.0,0.0,0.0,0.0,0.0,0.0,0.271,0.0,0.96,0.0,0.0,0.0,-0.0,0.0,-0.0,0.271,0.0,0.96,0.0,0.0,0.0,,,,0.0,0.0,0.0,0.0,0.0,0.0,0.0,-0.0,0.0,0.08724817754776784,0.0,0.88,0.0,0.0,0.0,0.0,0.0,0.0,0.08724817754776784,0.0,0.88,0.0,0.0,0.0,-0.0,0.0,-0.0,0.08724817754776784,0.0,0.8800000000000001,0.0,0.0,0.0,-0.0,0.0,-0.0,0.08724817754776784,0.0,0.8800000000000001,0.0,0.0,0.0,1.0,,,0.101,0.0,0.0,0.0,0.0,0.0,0.0,,,0.0,0.0,0.0,0.0,0.0,0.0,0.0,0.0,0.0
46,1,47,0.12052,0.0,573.3146166976883,,,,0,0.0,1,1083.3333333333333,1083.3333333333333,-0.0,173.33333333333334,35.96666666666667,0.0,,,171.97069308444435,1083.3333333333333,1040.0,43.333333333333336,1083.3333333333333,0.0,1.0,1.0,0.0,0.15618202622222221,110.85175493148434,0.96,739.3333333333334,709.7599999999993,29.57333333333333,1.0,1.0,0.0,0.18507430400000002,61.11893815296003,0.96,344.0,330.24,13.760000000000012,-0.0,0.0,-0.0,0.271,0.0,0.96,0.0,0.0,0.0,,,,308.908723613244,1040.0,915.2,124.8,1040.0,0.0,1.0,1.0,0.0,0.3375313851180295,154.4543618300103,0.88,520.0,457.6,62.4,1.0,1.0,0.0,0.33753138501580776,154.45436178323365,0.88,520.0,457.6,62.4,0.0,0.0,-0.0,0.08724817754776784,0.0,0.8800000000000001,0.0,0.0,0.0,-0.0,0.0,-0.0,0.08724817754776784,0.0,0.8800000000000001,0.0,0.0,0.0,0.0,,,0.101,92.43520000000001,915.2,0.0,915.2,28.3712,1.0,,,1083.3333333333333,0.0,465.8333333333333,2.0,573.3146166976883,0.0,0.0,0.0,69.09587760440539
47,1,48,0.11633,0.0,573.3146166976883,,,,0,0.0,1,1083.3333333333333,1083.3333333333333,-0.0,173.33333333333334,35.96666666666667,0.0,,,171.97069308444435,1083.3333333333333,1040.0,43.333333333333336,1083.3333333333333,0.0,1.0,0.0,0.0,0.15618202622222221,110.85175493148434,0.96,739.3333333333334,709.7599999999993,29.57333333333333,1.0,0.0,0.0,0.18507430400000002,61.11893815296003,0.96,344.0,330.24,13.760000000000012,0.0,0.0,-0.0,0.271,0.0,0.96,0.0,0.0,0.0,,,,308.908723613244,1040.0,915.2,124.8,1040.0,0.0,1.0,-0.0,0.0,0.3375313851180295,154.4543618300103,0.88,520.0,457.6,62.4,1.0,0.0,0.0,0.33753138501580776,154.45436178323365,0.88,520.0,457.6,62.4,-0.0,0.0,-0.0,0.08724817754776784,0.0,0.8800000000000001,0.0,0.0,0.0,0.0,0.0,-0.0,0.08724817754776784,0.0,0.8800000000000001,0.0,0.0,0.0,0.0,,,0.101,92.43520000000001,915.2,0.0,915.2,28.3712,1.0,,,1083.3333333333333,0.0,465.8333333333333,2.0,573.3146166976883,0.0,0.0,0.0,66.69368936044208
48,1,49,0.1121,0.0,1462.008153827325,,,,0,0.0,1,2503.1936942718994,2503.1936942718994,-0.0,400.51099108350394,83.10603064982706,0.0,,,385.39516769535896,2503.1936942718994,2403.0659465010235,100.12774777087607,2503.1936942718994,0.0,1.0,0.0,0.0,0.16037644254290523,128.46505589906604,0.96,834.3978980935876,801.0219821698441,33.375915923743534,1.0,0.0,0.0,0.16037644253936817,128.46505589486762,0.96,834.3978980847206,801.0219821613317,33.37591592338885,1.0,1.0,-0.0,0.16037644254584987,128.4650559014253,0.96,834.397898093591,801.0219821698473,33.37591592374367,,,,852.1065500791804,2403.0659465010235,2222.8360005226305,180.229945988321,2403.0659465109497,-9.92633886198746e-09,1.0,-0.0,0.0,0.3844474182222578,214.45861019411763,0.925,603.0659465159074,557.8360005272144,45.229945988692975,1.0,0.0,0.0,0.3829717356709263,212.54931329911128,0.925,600.000000004932,555.0000000045621,45.0,1.0,1.0,-0.0,0.38297173566855547,212.54931329604906,0.925,600.0,555.0,45.0,1.0,1.0,-0.0,0.3829717356637944,212.54931328990244,0.925,599.9999999901102,554.999999990852,45.0,1.0,,,0.101,224.5064360527857,2222.8360005226305,2222.8360005226305,0.0,68.90791601620154,0.0,,,280.3576937492707,0.0,120.5538083121864,4.0,1462.008153827325,0.0,-0.0,0.0,163.89111404404315
49,1,50,0.1119,0.0,1462.0081538273255,,,,0,0.0,1,2503.1936942719008,2503.1936942719008,-0.0,400.5109910835041,83.1060306498271,0.0,,,385.3951676953602,2503.1936942719008,2403.065946501025,100.12774777087614,2503.193694271901,0.0,1.0,0.0,0.0,0.16037644254290523,128.46505589906604,0.96,834.3978980935876,801.0219821698441,33.375915923743534,1.0,0.0,0.0,0.16037644253936817,128.46505589486762,0.96,834.3978980847206,801.0219821613317,33.37591592338885,1.0,0.0,-0.0,0.16037644254585112,128.46505590142658,0.96,834.3978980935927,801.021982169849,33.37591592374374,,,,852.1065500791802,2403.065946501025,2222.836000522625,180.229945988321,2403.0659465109493,-9.924633559421636e-09,1.0,-0.0,0.0,0.3844474182222578,214.45861019411763,0.925,603.0659465159074,557.8360005272144,45.229945988692975,1.0,0.0,0.0,0.3829717356709263,212.54931329911128,0.925,600.000000004932,555.0000000045621,45.0,1.0,0.0,-0.0,0.38297173566855547,212.54931329604898,0.925,600.0,555.0,45.0,1.0,0.0,-0.0,0.3829717356637944,212.54931328990244,0.925,599.9999999901102,554.999999990852,45.0,1.0,,,0.101,224.50643605278515,2222.836000522625,2222.836000522625,0.0,68.90791601620137,0.0,,,280.35769374927247,0.0,120.55380831218716,4.0,1462.0081538273255,0.0,-0.0,0.0,163.59871241327772
50,1,51,0.11243,0.0,1462.0081538272116,,,,0,0.0,1,2503.1936942719008,2503.1936942719008,-0.0,400.5109910835041,83.1060306498271,0.0,,,385.3951676953602,2503.1936942719008,2403.065946501025,100.12774777087614,2503.193694271901,0.0,1.0,0.0,0.0,0.16037644254290523,128.46505589906604,0.96,834.3978980935876,801.0219821698441,33.375915923743534,1.0,0.0,0.0,0.16037644253936817,128.46505589486762,0.96,834.3978980847206,801.0219821613317,33.37591592338885,1.0,0.0,-0.0,0.16037644254585112,128.46505590142658,0.96,834.3978980935927,801.021982169849,33.37591592374374,,,,852.1065500790845,2403.065946501025,2222.8360005224426,180.229945988321,2403.0659465109493,-9.924633559421636e-09,1.0,-0.0,0.0,0.3844474182222578,214.45861019411763,0.925,603.0659465159074,557.8360005272144,45.229945988692975,1.0,0.0,0.0,0.3829717356709263,212.54931329911128,0.925,600.000000004932,555.0000000045621,45.0,1.0,0.0,-0.0,0.3829717356685086,212.54931329595314,0.9249999999996961,600.0,555.0,45.0,1.0,0.0,-0.0,0.3829717356637944,212.54931328990244,0.925,599.9999999901102,554.999999990852,45.0,1.0,,,0.101,224.50643605276673,2222.8360005224426,2222.8360005224426,0.0,68.90791601619573,0.0,,,280.35769374927247,0.0,120.55380831218716,4.0,1462.0081538272116,0.0,-0.0,0.0,164.3735767347934
51,1,52,0.11364,0.0,1462.0081538273248,,,,0,0.0,1,2503.1936942719008,2503.1936942719008,-0.0,400.5109910835041,83.1060306498271,0.0,,,385.3951676953602,2503.1936942719008,2403.065946501025,100.12774777087614,2503.193694271901,0.0,1.0,0.0,0.0,0.16037644254290523,128.46505589906604,0.96,834.3978980935876,801.0219821698441,33.375915923743534,1.0,0.0,0.0,0.16037644253936817,128.46505589486762,0.96,834.3978980847206,801.0219821613317,33.37591592338885,1.0,0.0,-0.0,0.16037644254585112,128.46505590142658,0.96,834.3978980935927,801.021982169849,33.37591592374374,,,,852.1065500791802,2403.065946501025,2222.8360005226173,180.229945988321,2403.0659465109493,-9.924633559421636e-09,1.0,-0.0,0.0,0.3844474182222578,214.45861019411763,0.925,603.0659465159074,557.8360005272144,45.229945988692975,1.0,0.0,0.0,0.3829717356709263,212.54931329911128,0.925,600.000000004932,555.0000000045621,45.0,1.0,0.0,-0.0,0.38297173566855547,212.54931329604898,0.925,600.0,555.0,45.0,1.0,0.0,-0.0,0.3829717356637944,212.54931328990244,0.925,599.9999999901102,554.999999990852,45.0,1.0,,,0.101,224.50643605278435,2222.8360005226173,2222.8360005226173,0.0,68.90791601620114,0.0,,,280.35769374927247,0.0,120.55380831218716,4.0,1462.0081538273248,0.0,-0.0,0.0,166.1426066009372
52,1,53,0.11658,0.0,1462.0081538273248,,,,0,0.0,1,2503.1936942719008,2503.1936942719008,-0.0,400.5109910835041,83.1060306498271,0.0,,,385.3951676953602,2503.1936942719008,2403.065946501025,100.12774777087614,2503.193694271901,0.0,1.0,0.0,0.0,0.16037644254290523,128.46505589906604,0.96,834.3978980935876,801.0219821698441,33.375915923743534,1.0,0.0,0.0,0.16037644253936817,128.46505589486762,0.96,834.3978980847206,801.0219821613317,33.37591592338885,1.0,0.0,-0.0,0.16037644254585112,128.46505590142658,0.96,834.3978980935927,801.021982169849,33.37591592374374,,,,852.1065500791802,2403.065946501025,2222.8360005226173,180.229945988321,2403.0659465109493,-9.924633559421636e-09,1.0,-0.0,0.0,0.3844474182222578,214.45861019411763,0.925,603.0659465159074,557.8360005272144,45.229945988692975,1.0,0.0,0.0,0.3829717356709263,212.54931329911128,0.925,600.000000004932,555.0000000045621,45.0,1.0,0.0,-0.0,0.38297173566855547,212.54931329604898,0.925,600.0,555.0,45.0,1.0,0.0,-0.0,0.3829717356637944,212.54931328990244,0.925,599.9999999901102,554.999999990852,45.0,1.0,,,0.101,224.50643605278435,2222.8360005226173,2222.8360005226173,0.0,68.90791601620114,0.0,,,280.35769374927247,0.0,120.55380831218716,4.0,1462.0081538273248,0.0,-0.0,0.0,170.44091057318954
53,1,54,0.12222,0.0,1462.0081538273248,,,,0,0.0,1,2503.1936942719008,2503.1936942719008,-0.0,400.5109910835041,83.1060306498271,0.0,,,385.3951676953602,2503.1936942719008,2403.065946501025,100.12774777087614,2503.193694271901,0.0,1.0,0.0,0.0,0.16037644254290523,128.46505589906604,0.96,834.3978980935876,801.0219821698441,33.375915923743534,1.0,0.0,0.0,0.16037644253936817,128.46505589486762,0.96,834.3978980847206,801.0219821613317,33.37591592338885,1.0,0.0,-0.0,0.16037644254585112,128.46505590142658,0.96,834.3978980935927,801.021982169849,33.37591592374374,,,,852.1065500791802,2403.065946501025,2222.8360005226173,180.229945988321,2403.0659465109493,-9.924633559421636e-09,1.0,-0.0,0.0,0.3844474182222578,214.45861019411763,0.925,603.0659465159074,557.8360005272144,45.229945988692975,1.0,0.0,0.0,0.3829717356709263,212.54931329911128,0.925,600.000000004932,555.0000000045621,45.0,1.0,0.0,-0.0,0.38297173566855547,212.54931329604898,0.925,600.0,555.0,45.0,1.0,0.0,-0.0,0.3829717356637944,212.54931328990244,0.925,599.9999999901102,554.999999990852,45.0,1.0,,,0.101,224.50643605278435,2222.8360005226173,2222.8360005226173,0.0,68.90791601620114,0.0,,,280.35769374927247,0.0,120.55380831218716,4.0,1462.0081538273248,0.0,-0.0,0.0,178.68663656077564
54,1,55,0.11102,0.0,1462.0081538267884,,,,0,0.0,1,2503.1936942719008,2503.1936942719008,-0.0,400.5109910835041,83.1060306498271,0.0,,,385.3951676953602,2503.1936942719008,2403.065946501025,100.12774777087614,2503.193694271901,0.0,1.0,0.0,0.0,0.16037644254290523,128.46505589906604,0.96,834.3978980935876,801.0219821698441,33.375915923743534,1.0,0.0,0.0,0.16037644253936817,128.46505589486762,0.96,834.3978980847206,801.0219821613317,33.37591592338885,1.0,0.0,-0.0,0.16037644254585112,128.46505590142658,0.96,834.3978980935927,801.021982169849,33.37591592374374,,,,852.1065500787305,2403.065946501025,2222.8360005217614,180.22994598917683,2403.0659465109493,-9.924633559421636e-09,1.0,-0.0,0.0,0.3844474182222578,214.45861019411763,0.925,603.0659465159074,557.8360005272144,45.229945988692975,1.0,0.0,0.0,0.3829717356709263,212.54931329911128,0.925,600.000000004932,555.0000000045621,45.0,1.0,0.0,-0.0,0.38297173566855547,212.54931329604898,0.925,600.0,555.0,45.0,1.0,0.0,-0.0,0.38297173566357456,212.54931328945267,0.9249999999985736,599.9999999901102,554.9999999899961,45.0,1.0,,,0.101,224.50643605269792,2222.8360005217614,2222.8360005217614,0.0,68.90791601617461,0.0,,,280.3576937501283,0.0,120.55380831255518,4.0,1462.0081538267884,0.0,-0.0,0.0,162.31214523785005
55,1,56,0.10411,0.0,1462.0081538273248,,,,0,0.0,1,2503.1936942719008,2503.1936942719008,-0.0,400.5109910835041,83.1060306498271,0.0,,,385.3951676953602,2503.1936942719008,2403.065946501025,100.12774777087614,2503.193694271901,0.0,1.0,0.0,0.0,0.16037644254290523,128.46505589906604,0.96,834.3978980935876,801.0219821698441,33.375915923743534,1.0,0.0,0.0,0.16037644253936817,128.46505589486762,0.96,834.3978980847206,801.0219821613317,33.37591592338885,1.0,0.0,-0.0,0.16037644254585112,128.46505590142658,0.96,834.3978980935927,801.021982169849,33.37591592374374,,,,852.1065500791802,2403.065946501025,2222.8360005226173,180.229945988321,2403.0659465109493,-9.924633559421636e-09,1.0,-0.0,0.0,0.3844474182222578,214.45861019411763,0.925,603.0659465159074,557.8360005272144,45.229945988692975,1.0,0.0,0.0,0.3829717356709263,212.54931329911128,0.925,600.000000004932,555.0000000045621,45.0,1.0,0.0,-0.0,0.38297173566855547,212.54931329604898,0.925,600.0,555.0,45.0,1.0,0.0,-0.0,0.3829717356637944,212.54931328990244,0.925,599.9999999901102,554.999999990852,45.0,1.0,,,0.101,224.50643605278435,2222.8360005226173,2222.8360005226173,0.0,68.90791601620114,0.0,,,280.35769374927247,0.0,120.55380831218716,4.0,1462.0081538273248,0.0,-0.0,0.0,152.2096688949628
56,1,57,0.0968,0.0,1462.0081538273248,,,,0,0.0,1,2503.1936942719008,2503.1936942719008,-0.0,400.5109910835041,83.1060306498271,0.0,,,385.3951676953602,2503.1936942719008,2403.065946501025,100.12774777087614,2503.193694271901,0.0,1.0,0.0,0.0,0.16037644254290523,128.46505589906604,0.96,834.3978980935876,801.0219821698441,33.375915923743534,1.0,0.0,0.0,0.16037644253936817,128.46505589486762,0.96,834.3978980847206,801.0219821613317,33.37591592338885,1.0,0.0,-0.0,0.16037644254585112,128.46505590142658,0.96,834.3978980935927,801.021982169849,33.37591592374374,,,,852.1065500791802,2403.065946501025,2222.8360005226173,180.229945988321,2403.0659465109493,-9.924633559421636e-09,1.0,-0.0,0.0,0.3844474182222578,214.45861019411763,0.925,603.0659465159074,557.8360005272144,45.229945988692975,1.0,0.0,0.0,0.3829717356709263,212.54931329911128,0.925,600.000000004932,555.0000000045621,45.0,1.0,0.0,-0.0,0.38297173566855547,212.54931329604898,0.925,600.0,555.0,45.0,1.0,0.0,-0.0,0.3829717356637944,212.54931328990244,0.925,599.9999999901102,554.999999990852,45.0,1.0,,,0.101,224.50643605278435,2222.8360005226173,2222.8360005226173,0.0,68.90791601620114,0.0,,,280.35769374927247,0.0,120.55380831218716,4.0,1462.0081538273248,0.0,-0.0,0.0,141.52238929048502
57,1,58,0.08604,0.0,1462.0081538273248,,,,0,0.0,1,2503.1936942719008,2503.1936942719008,-0.0,400.5109910835041,83.1060306498271,0.0,,,385.3951676953602,2503.1936942719008,2403.065946501025,100.12774777087614,2503.193694271901,0.0,1.0,0.0,0.0,0.16037644254290523,128.46505589906604,0.96,834.3978980935876,801.0219821698441,33.375915923743534,1.0,0.0,0.0,0.16037644253936817,128.46505589486762,0.96,834.3978980847206,801.0219821613317,33.37591592338885,1.0,0.0,-0.0,0.16037644254585112,128.46505590142658,0.96,834.3978980935927,801.021982169849,33.37591592374374,,,,852.1065500791802,2403.065946501025,2222.8360005226173,180.229945988321,2403.0659465109493,-9.924633559421636e-09,1.0,-0.0,0.0,0.3844474182222578,214.45861019411763,0.925,603.0659465159074,557.8360005272144,45.229945988692975,1.0,0.0,0.0,0.3829717356709263,212.54931329911128,0.925,600.000000004932,555.0000000045621,45.0,1.0,0.0,-0.0,0.38297173566855547,212.54931329604898,0.925,600.0,555.0,45.0,1.0,0.0,-0.0,0.3829717356637944,212.54931328990244,0.925,599.9999999901102,554.999999990852,45.0,1.0,,,0.101,224.50643605278435,2222.8360005226173,2222.8360005226173,0.0,68.90791601620114,0.0,,,280.35769374927247,0.0,120.55380831218716,4.0,1462.0081538273248,0.0,-0.0,0.0,125.79118155530304
58,1,59,0.08438,0.0,1462.0081538273248,,,,0,0.0,1,2503.1936942719008,2503.1936942719008,-0.0,400.5109910835041,83.1060306498271,0.0,,,385.3951676953602,2503.1936942719008,2403.065946501025,100.12774777087614,2503.193694271901,0.0,1.0,0.0,0.0,0.16037644254290523,128.46505589906604,0.96,834.3978980935876,801.0219821698441,33.375915923743534,1.0,0.0,0.0,0.16037644253936817,128.46505589486762,0.96,834.3978980847206,801.0219821613317,33.37591592338885,1.0,0.0,-0.0,0.16037644254585112,128.46505590142658,0.96,834.3978980935927,801.021982169849,33.37591592374374,,,,852.1065500791802,2403.065946501025,2222.8360005226173,180.229945988321,2403.0659465109493,-9.924633559421636e-09,1.0,-0.0,0.0,0.3844474182222578,214.45861019411763,0.925,603.0659465159074,557.8360005272144,45.229945988692975,1.0,0.0,0.0,0.3829717356709263,212.54931329911128,0.925,600.000000004932,555.0000000045621,45.0,1.0,0.0,-0.0,0.38297173566855547,212.54931329604898,0.925,600.0,555.0,45.0,1.0,0.0,-0.0,0.3829717356637944,212.54931328990244,0.925,599.9999999901102,554.999999990852,45.0,1.0,,,0.101,224.50643605278435,2222.8360005226173,2222.8360005226173,0.0,68.90791601620114,0.0,,,280.35769374927247,0.0,120.55380831218716,4.0,1462.0081538273248,0.0,-0.0,0.0,123.36424801994966
59,1,60,0.08311,0.0,1462.0081538273248,,,,0,0.0,1,2503.1936942719008,2503.1936942719008,-0.0,400.5109910835041,83.1060306498271,0.0,,,385.3951676953602,2503.1936942719008,2403.065946501025,100.12774777087614,2503.193694271901,0.0,1.0,0.0,0.0,0.16037644254290523,128.46505589906604,0.96,834.3978980935876,801.0219821698441,33.375915923743534,1.0,0.0,0.0,0.16037644253936817,128.46505589486762,0.96,834.3978980847206,801.0219821613317,33.37591592338885,1.0,0.0,-0.0,0.16037644254585112,128.46505590142658,0.96,834.3978980935927,801.021982169849,33.37591592374374,,,,852.1065500791802,2403.065946501025,2222.8360005226173,180.229945988321,2403.0659465109493,-9.924633559421636e-09,1.0,-0.0,0.0,0.3844474182222578,214.45861019411763,0.925,603.0659465159074,557.8360005272144,45.229945988692975,1.0,0.0,0.0,0.3829717356709263,212.54931329911128,0.925,600.000000004932,555.0000000045621,45.0,1.0,0.0,-0.0,0.38297173566855547,212.54931329604898,0.925,600.0,555.0,45.0,1.0,0.0,-0.0,0.3829717356637944,212.54931328990244,0.925,599.9999999901102,554.999999990852,45.0,1.0,,,0.101,224.50643605278435,2222.8360005226173,2222.8360005226173,0.0,68.90791601620114,0.0,,,280.35769374927247,0.0,120.55380831218716,4.0,1462.0081538273248,0.0,-0.0,0.0,121.50749766458897
60,1,61,0.08861,0.0,1462.0081538273266,,,,0,0.0,1,2503.1936942719008,2503.1936942719008,-0.0,400.5109910835041,83.1060306498271,0.0,,,385.3951676953602,2503.1936942719008,2403.065946501025,100.12774777087614,2503.193694271901,0.0,1.0,0.0,0.0,0.16037644254290523,128.46505589906604,0.96,834.3978980935876,801.0219821698441,33.375915923743534,1.0,0.0,0.0,0.16037644253936817,128.46505589486762,0.96,834.3978980847206,801.0219821613317,33.37591592338885,1.0,0.0,-0.0,0.16037644254585112,128.46505590142658,0.96,834.3978980935927,801.021982169849,33.37591592374374,,,,852.1065500791818,2403.065946501025,2222.8360005226173,180.229945988321,2403.0659465109493,-9.924633559421636e-09,1.0,-0.0,0.0,0.38444741822226036,214.45861019411905,0.925,603.0659465159074,557.8360005272144,45.229945988692975,1.0,0.0,0.0,0.3829717356709263,212.54931329911128,0.925,600.000000004932,555.0000000045621,45.0,1.0,0.0,-0.0,0.38297173566855547,212.54931329604898,0.925,600.0,555.0,45.0,1.0,0.0,-0.0,0.3829717356637944,212.54931328990244,0.925,599.9999999901102,554.999999990852,45.0,1.0,,,0.101,224.50643605278435,2222.8360005226173,2222.8360005226173,0.0,68.90791601620114,0.0,,,280.35769374927247,0.0,120.55380831218716,4.0,1462.0081538273266,0.0,-0.0,0.0,129.5485425106394
61,1,62,0.094,0.0,1462.0081538273248,,,,0,0.0,1,2503.1936942719008,2503.1936942719008,-0.0,400.5109910835041,83.1060306498271,0.0,,,385.3951676953602,2503.1936942719008,2403.065946501025,100.12774777087614,2503.193694271901,0.0,1.0,0.0,0.0,0.16037644254290523,128.46505589906604,0.96,834.3978980935876,801.0219821698441,33.375915923743534,1.0,0.0,0.0,0.16037644253936817,128.46505589486762,0.96,834.3978980847206,801.0219821613317,33.37591592338885,1.0,0.0,-0.0,0.16037644254585112,128.46505590142658,0.96,834.3978980935927,801.021982169849,33.37591592374374,,,,852.1065500791802,2403.065946501025,2222.8360005226173,180.229945988321,2403.0659465109493,-9.924633559421636e-09,1.0,-0.0,0.0,0.3844474182222578,214.45861019411763,0.925,603.0659465159074,557.8360005272144,45.229945988692975,1.0,0.0,0.0,0.3829717356709263,212.54931329911128,0.925,600.000000004932,555.0000000045621,45.0,1.0,0.0,-0.0,0.38297173566855547,212.54931329604898,0.925,600.0,555.0,45.0,1.0,0.0,-0.0,0.3829717356637944,212.54931328990244,0.925,599.9999999901102,554.999999990852,45.0,1.0,,,0.101,224.50643605278435,2222.8360005226173,2222.8360005226173,0.0,68.90791601620114,0.0,,,280.35769374927247,0.0,120.55380831218716,4.0,1462.0081538273248,0.0,-0.0,0.0,137.42876645976853
62,1,63,0.10181,0.0,1462.0081538292745,,,,0,0.0,1,2503.193694271903,2503.193694271903,-0.0,400.5109910835045,83.10603064982718,0.0,,,385.3951676953617,2503.193694271903,2403.065946501027,100.12774777087623,2503.1936942719035,0.0,1.0,0.0,0.0,0.16037644254290523,128.46505589906604,0.96,834.3978980935876,801.0219821698441,33.375915923743534,1.0,0.0,0.0,0.16037644253936817,128.46505589486762,0.96,834.3978980847206,801.0219821613317,33.37591592338885,1.0,0.0,-0.0,0.16037644254585254,128.46505590142806,0.96,834.3978980935951,801.0219821698513,33.37591592374383,,,,852.1065500807097,2403.065946501027,2222.8360005267627,180.22994598912112,2403.065946515904,-1.4877286957926117e-08,1.0,-0.0,0.0,0.3844474182222578,214.45861019411763,0.925,603.0659465159074,557.8360005272144,45.229945988692975,1.0,0.0,0.0,0.3829717356709263,212.54931329911128,0.925,600.000000004932,555.0000000045621,45.0,1.0,0.0,-0.0,0.38297173566844533,212.54931329757832,0.9249999999992857,600.0000000049549,555.0000000041548,45.0,1.0,0.0,-0.0,0.3829717356637944,212.54931328990244,0.925,599.9999999901102,554.999999990852,45.0,1.0,,,0.101,224.50643605320306,2222.8360005267627,2222.8360005267627,0.0,68.90791601632965,0.0,,,280.35769374512006,0.0,120.55380831040162,4.0,1462.0081538292745,0.0,-0.0,0.0,148.84705014135844
63,1,64,0.10382,0.0,1462.0081538308673,,,,0,0.0,1,2503.1936942719058,2503.1936942719058,-0.0,400.5109910835049,83.10603064982728,0.0,,,385.3951676953635,2503.1936942719058,2403.0659465010294,100.12774777087633,2503.1936942719058,0.0,1.0,0.0,0.0,0.16037644254290523,128.46505589906604,0.96,834.3978980935876,801.0219821698441,33.375915923743534,1.0,0.0,0.0,0.16037644253936817,128.46505589486762,0.96,834.3978980847206,801.0219821613317,33.37591592338885,1.0,0.0,0.0,0.16037644254585431,128.4650559014299,0.96,834.3978980935977,801.0219821698538,33.37591592374394,,,,852.1065500822583,2403.0659465010294,2222.8360005271834,180.22994598869275,2403.065946515905,-1.4875581655360293e-08,1.0,-0.0,0.0,0.3844474182222578,214.45861019411763,0.925,603.0659465159074,557.8360005272144,45.229945988692975,1.0,0.0,0.0,0.3829717356709263,212.54931329911128,0.925,600.000000004932,555.0000000045621,45.0,1.0,0.0,0.0,0.38297173567093956,212.54931329912694,0.925,600.0000000049555,555.0000000045839,45.0,1.0,0.0,0.0,0.3829717356637944,212.5493132899025,0.925,599.9999999901104,554.9999999908521,45.0,1.0,,,0.101,224.50643605324552,2222.8360005271834,2222.8360005271834,0.0,68.90791601634268,0.0,,,280.3576937446935,0.0,120.5538083102182,4.0,1462.0081538308673,0.0,-0.0,0.0,151.78568653072062
64,1,65,0.12198,0.0,737.7760103641693,,,,0,0.0,1,1253.1936942910634,1253.1936942910634,-0.0,200.51099108657013,41.6060306504633,0.0,,,198.371650817231,1253.1936942910634,1203.0659465194208,50.12774777164258,1253.1936942910634,0.0,1.0,0.0,0.0,0.16037644254290523,128.46505589906604,0.96,834.3978980935876,801.0219821698441,33.375915923743534,1.0,0.0,0.0,0.173877986282568,69.90659491816497,0.96,418.79579619747585,402.0439643495768,16.751831847899048,-0.0,0.0,1.0,0.271,0.0,0.96,0.0,0.0,0.0,,,,427.0079234932289,1203.0659465194208,1112.8360005317766,90.2299459890628,1203.0659465208391,-1.4183569874148816e-09,1.0,-0.0,0.0,0.3844474182222578,214.45861019411763,0.925,603.0659465159074,557.8360005272144,45.229945988692975,1.0,0.0,0.0,0.3829717356709263,212.54931329911128,0.925,600.000000004932,555.0000000045621,45.0,-0.0,0.0,1.0,0.08724817754776784,0.0,0.8800000000000001,0.0,0.0,0.0,-0.0,0.0,1.0,0.08724817754776784,0.0,0.8800000000000001,0.0,0.0,0.0,1.0,,,0.101,112.39643605370944,1112.8360005317766,1112.8360005317766,0.0,34.49791601648507,0.0,,,140.35769375928703,0.0,60.35380831649342,2.0,737.7760103641693,0.0,0.0,0.0,89.99391774422138
65,1,66,3.78877,0.0,0.0,,,,0,0.0,1,0.0,0.0,-0.0,0.0,0.0,0.0,,,0.0,0.0,0.0,0.0,0.0,0.0,-0.0,0.0,1.0,0.271,0.0,0.96,0.0,0.0,0.0,-0.0,0.0,1.0,0.271,0.0,0.96,0.0,0.0,0.0,-0.0,0.0,-0.0,0.271,0.0,0.96,0.0,0.0,0.0,,,,0.0,0.0,0.0,0.0,0.0,0.0,-0.0,0.0,1.0,0.08724817754776784,0.0,0.8800000000000001,0.0,0.0,0.0,-0.0,0.0,1.0,0.08724817754776784,0.0,0.8800000000000001,0.0,0.0,0.0,-0.0,0.0,-0.0,0.08724817754776784,0.0,0.8800000000000001,0.0,0.0,0.0,-0.0,0.0,-0.0,0.08724817754776784,0.0,0.8800000000000001,0.0,0.0,0.0,1.0,,,0.101,0.0,0.0,0.0,0.0,0.0,0.0,,,0.0,0.0,0.0,-0.0,0.0,0.0,0.0,0.0,0.0
66,1,67,5.01894,0.0,0.0,,,,0,0.0,1,0.0,0.0,-0.0,0.0,0.0,0.0,,,0.0,0.0,0.0,0.0,0.0,0.0,-0.0,0.0,-0.0,0.271,0.0,0.96,0.0,0.0,0.0,-0.0,0.0,-0.0,0.271,0.0,0.96,0.0,0.0,0.0,-0.0,0.0,-0.0,0.271,0.0,0.96,0.0,0.0,0.0,,,,0.0,0.0,0.0,0.0,0.0,0.0,-0.0,0.0,-0.0,0.08724817754776784,0.0,0.8800000000000001,0.0,0.0,0.0,-0.0,0.0,0.0,0.08724817754776784,0.0,0.8800000000000001,0.0,0.0,0.0,-0.0,0.0,-0.0,0.08724817754776784,0.0,0.8800000000000001,0.0,0.0,0.0,-0.0,0.0,-0.0,0.08724817754776784,0.0,0.8800000000000001,0.0,0.0,0.0,1.0,,,0.101,0.0,0.0,0.0,0.0,0.0,0.0,,,0.0,0.0,0.0,-0.0,0.0,0.0,0.0,0.0,0.0
67,1,68,2.52611,0.0,0.0,,,,0,0.0,1,0.0,0.0,-0.0,0.0,0.0,0.0,,,0.0,0.0,0.0,0.0,0.0,0.0,-0.0,0.0,-0.0,0.271,0.0,0.96,0.0,0.0,0.0,-0.0,0.0,-0.0,0.271,0.0,0.96,0.0,0.0,0.0,-0.0,0.0,-0.0,0.271,0.0,0.96,0.0,0.0,0.0,,,,0.0,0.0,0.0,0.0,0.0,0.0,-0.0,0.0,-0.0,0.08724817754776784,0.0,0.8800000000000001,0.0,0.0,0.0,-0.0,0.0,0.0,0.08724817754776784,0.0,0.8800000000000001,0.0,0.0,0.0,-0.0,0.0,-0.0,0.08724817754776784,0.0,0.8800000000000001,0.0,0.0,0.0,-0.0,0.0,-0.0,0.08724817754776784,0.0,0.8800000000000001,0.0,0.0,0.0,1.0,,,0.101,0.0,0.0,0.0,0.0,0.0,0.0,,,0.0,0.0,0.0,-0.0,0.0,0.0,0.0,0.0,0.0
68,1,69,0.75581,0.0,0.0,,,,0,0.0,1,0.0,0.0,-0.0,0.0,0.0,0.0,,,0.0,0.0,0.0,0.0,0.0,0.0,0.0,0.0,0.0,0.271,0.0,0.96,0.0,0.0,0.0,-0.0,0.0,0.0,0.271,0.0,0.96,0.0,0.0,0.0,-0.0,0.0,-0.0,0.271,0.0,0.96,0.0,0.0,0.0,,,,0.0,0.0,0.0,0.0,0.0,0.0,0.0,0.0,-0.0,0.08724817754776784,0.0,0.88,0.0,0.0,0.0,0.0,0.0,0.0,0.08724817754776784,0.0,0.88,0.0,0.0,0.0,-0.0,0.0,-0.0,0.08724817754776784,0.0,0.8800000000000001,0.0,0.0,0.0,-0.0,0.0,-0.0,0.08724817754776784,0.0,0.8800000000000001,0.0,0.0,0.0,1.0,,,0.101,0.0,0.0,0.0,0.0,0.0,0.0,,,0.0,0.0,0.0,0.0,0.0,0.0,0.0,0.0,0.0
69,1,70,0.154,0.0,0.0,,,,0,0.0,1,0.0,0.0,-0.0,0.0,0.0,0.0,,,0.0,0.0,0.0,0.0,0.0,0.0,-0.0,0.0,0.0,0.271,0.0,0.96,0.0,0.0,0.0,-0.0,0.0,0.0,0.271,0.0,0.96,0.0,0.0,0.0,-0.0,0.0,-0.0,0.271,0.0,0.96,0.0,0.0,0.0,,,,0.0,0.0,0.0,0.0,0.0,0.0,0.0,-0.0,0.0,0.08724817754776784,0.0,0.88,0.0,0.0,0.0,0.0,0.0,0.0,0.08724817754776784,0.0,0.88,0.0,0.0,0.0,-0.0,0.0,-0.0,0.08724817754776784,0.0,0.8800000000000001,0.0,0.0,0.0,-0.0,0.0,-0.0,0.08724817754776784,0.0,0.8800000000000001,0.0,0.0,0.0,1.0,,,0.101,0.0,0.0,0.0,0.0,0.0,0.0,,,0.0,0.0,0.0,0.0,0.0,0.0,0.0,0.0,0.0
70,1,71,0.12052,0.0,569.0854451418286,,,,0,0.0,1,1083.3333333333333,1083.3333333333333,-0.0,173.33333333333334,35.96666666666667,0.0,,,167.74152157536133,1083.3333333333333,1040.0,43.333333333333336,1083.3333333333333,0.0,1.0,1.0,0.0,0.16128787910335377,83.87404379595185,0.96,541.6947392853803,520.026949713965,21.66778957141523,1.0,1.0,0.0,0.16129197028703984,83.86747777940948,0.96,541.6385940479532,519.9730502860351,21.665543761918148,-0.0,0.0,-0.0,0.271,0.0,0.96,0.0,0.0,0.0,,,,308.9087235664673,1040.0,915.2,124.8,1040.0,0.0,1.0,1.0,0.0,0.3375313850158078,154.45436178323365,0.88,520.0,457.6,62.4,1.0,1.0,0.0,0.3375313850158078,154.45436178323365,0.88,520.0,457.6,62.4,0.0,0.0,-0.0,0.08724817754776784,0.0,0.8800000000000001,0.0,0.0,0.0,0.0,0.0,-0.0,0.08724817754776784,0.0,0.8800000000000001,0.0,0.0,0.0,0.0,,,0.101,92.43520000000001,915.2,0.0,915.2,28.3712,1.0,,,1083.3333333333333,0.0,465.8333333333333,2.0,569.0854451418286,0.0,0.0,0.0,68.58617784849318
71,1,72,0.11633,0.0,569.0854451418286,,,,0,0.0,1,1083.3333333333333,1083.3333333333333,-0.0,173.33333333333334,35.96666666666667,0.0,,,167.74152157536133,1083.3333333333333,1040.0,43.333333333333336,1083.3333333333333,0.0,1.0,0.0,0.0,0.16128787910335377,83.87404379595185,0.96,541.6947392853803,520.026949713965,21.66778957141523,1.0,0.0,0.0,0.16129197028703984,83.86747777940948,0.96,541.6385940479532,519.9730502860351,21.665543761918148,0.0,0.0,-0.0,0.271,0.0,0.96,0.0,0.0,0.0,,,,308.9087235664673,1040.0,915.2,124.8,1040.0,0.0,1.0,-0.0,0.0,0.3375313850158078,154.45436178323365,0.88,520.0,457.6,62.4,1.0,0.0,0.0,0.3375313850158078,154.45436178323365,0.88,520.0,457.6,62.4,-0.0,0.0,-0.0,0.08724817754776784,0.0,0.8800000000000001,0.0,0.0,0.0,-0.0,0.0,-0.0,0.08724817754776784,0.0,0.8800000000000001,0.0,0.0,0.0,0.0,,,0.101,92.43520000000001,915.2,0.0,915.2,28.3712,1.0,,,1083.3333333333333,0.0,465.8333333333333,2.0,569.0854451418286,0.0,0.0,0.0,66.20170983334891
72,1,73,0.1121,0.0,1462.0081538028974,,,,0,0.0,1,2503.193694242019,2503.193694242019,-0.0,400.510991078723,83.10603064883503,0.0,,,385.39516766617675,2503.193694242019,2403.065946472338,100.12774776968084,2503.193694242019,0.0,1.0,0.0,0.0,0.16037644254396724,128.46505590236296,0.96,834.397898109476,801.0219821850969,33.37591592437907,1.0,0.0,0.0,0.16037644252673405,128.46505588190684,0.96,834.3978980662706,801.0219821436198,33.375915922650854,1.0,1.0,-0.0,0.16037644252673394,128.46505588190695,0.96,834.3978980662721,801.0219821436211,33.37591592265091,,,,852.1065500833095,2403.065946472338,2222.8360005288237,180.22994598882406,2403.065946517653,-4.531500508164754e-08,1.0,-0.0,0.0,0.38444741822632555,214.45861019939224,0.925,603.065946524359,557.8360005350321,45.22994598932689,1.0,0.0,0.0,0.3829717356657352,212.54931329240807,0.925,599.9999999941426,554.9999999945819,45.0,1.0,1.0,-0.0,0.3829717356657436,212.54931329241882,0.9249999999999999,599.9999999941599,554.9999999945978,45.0,1.0,1.0,-0.0,0.38297173567085085,212.54931329909041,0.925,600.0000000049914,555.000000004617,45.0,1.0,,,0.101,224.5064360534112,2222.8360005288237,2222.8360005288237,0.0,68.90791601639353,0.0,,,280.35769371318986,0.0,120.55380829667163,4.0,1462.0081538028974,0.0,-0.0,0.0,163.8911140413048
73,1,74,0.1119,0.0,1462.0081538029563,,,,0,0.0,1,2503.193694242019,2503.193694242019,-0.0,400.510991078723,83.10603064883503,0.0,,,385.39516766617675,2503.193694242019,2403.065946472338,100.12774776968084,2503.193694242019,0.0,1.0,0.0,0.0,0.16037644254396724,128.46505590236296,0.96,834.397898109476,801.0219821850969,33.37591592437907,1.0,0.0,0.0,0.16037644252673405,128.46505588190684,0.96,834.3978980662706,801.0219821436198,33.375915922650854,1.0,0.0,-0.0,0.16037644252673394,128.46505588190695,0.96,834.3978980662721,801.0219821436211,33.37591592265091,,,,852.1065500833685,2403.065946472338,2222.8360005288237,180.22994598882394,2403.065946517653,-4.531500508164754e-08,1.0,-0.0,0.0,0.38444741822632555,214.45861019939224,0.925,603.065946524359,557.8360005350321,45.22994598932689,1.0,0.0,0.0,0.3829717356657352,212.54931329240807,0.925,599.9999999941426,554.9999999945819,45.0,1.0,0.0,-0.0,0.3829717356657436,212.54931329241887,0.925,599.9999999941599,554.9999999945979,45.0,1.0,0.0,-0.0,0.38297173567095694,212.5493132991493,0.925,600.0000000049914,555.000000004617,45.0,1.0,,,0.101,224.5064360534112,2222.8360005288237,2222.8360005288237,0.0,68.90791601639353,0.0,,,280.35769371318975,0.0,120.55380829667159,4.0,1462.0081538029563,0.0,-0.0,0.0,163.5987124105508
74,1,75,0.11243,0.0,1462.0081538002298,,,,0,0.0,1,2503.1936942420202,2503.1936942420202,-0.0,400.51099107872324,83.10603064883507,0.0,,,385.39516766617726,2503.1936942420202,2403.0659464723394,100.1277477696809,2503.1936942420202,0.0,1.0,0.0,0.0,0.16037644254396724,128.46505590236296,0.96,834.397898109476,801.0219821850969,33.37591592437907,1.0,0.0,0.0,0.16037644252673405,128.46505588190684,0.96,834.3978980662706,801.0219821436198,33.375915922650854,1.0,0.0,-0.0,0.16037644252673428,128.46505588190746,0.96,834.3978980662737,801.0219821436227,33.375915922650975,,,,852.1065500809976,2403.0659464723394,2222.836000525295,180.22994598853768,2403.0659465138374,-4.149796950514428e-08,1.0,-0.0,0.0,0.38444741822632555,214.45861019939224,0.925,603.065946524359,557.8360005350321,45.22994598932689,1.0,0.0,0.0,0.3829717356657352,212.54931329240807,0.925,599.9999999941426,554.9999999945819,45.0,1.0,0.0,-0.0,0.3829717356657436,212.5493132924189,0.925,599.99999999416,554.999999994598,45.0,1.0,0.0,-0.0,0.38297173566912046,212.54931329677842,0.925,600.0000000011759,555.0000000010878,45.0,1.0,,,0.101,224.50643605305478,2222.836000525295,2222.836000525295,0.0,68.90791601628413,0.0,,,280.35769371672063,0.0,120.55380829818986,4.0,1462.0081538002298,0.0,-0.0,0.0,164.37357673175984
75,1,76,0.11364,0.0,1462.0081537999124,,,,0,0.0,1,2503.1936942420202,2503.1936942420202,-0.0,400.51099107872324,83.10603064883507,0.0,,,385.39516766617726,2503.1936942420202,2403.0659464723394,100.1277477696809,2503.1936942420202,0.0,1.0,0.0,0.0,0.16037644254396724,128.46505590236296,0.96,834.397898109476,801.0219821850969,33.37591592437907,1.0,0.0,0.0,0.16037644252673405,128.46505588190684,0.96,834.3978980662706,801.0219821436198,33.375915922650854,1.0,0.0,-0.0,0.16037644252673428,128.46505588190746,0.96,834.3978980662737,801.0219821436227,33.375915922650975,,,,852.1065500807321,2403.0659464723394,2222.836000524782,180.22994598904313,2403.0659465138374,-4.149796950514428e-08,1.0,-0.0,0.0,0.38444741822632555,214.45861019939224,0.925,603.065946524359,557.8360005350321,45.22994598932689,1.0,0.0,0.0,0.3829717356657352,212.54931329240807,0.925,599.9999999941426,554.9999999945819,45.0,1.0,0.0,-0.0,0.3829717356656138,212.5493132921533,0.9249999999991577,599.99999999416,554.9999999940926,45.0,1.0,0.0,-0.0,0.38297173566912046,212.54931329677842,0.925,600.0000000011759,555.0000000010878,45.0,1.0,,,0.101,224.50643605300297,2222.836000524782,2222.836000524782,0.0,68.90791601626823,0.0,,,280.3576937172261,0.0,120.55380829840722,4.0,1462.0081537999124,0.0,-0.0,0.0,166.14260659782207
76,1,77,0.11658,0.0,1462.0081538002353,,,,0,0.0,1,2503.193694242022,2503.193694242022,-0.0,400.5109910787235,83.10603064883513,0.0,,,385.3951676661776,2503.193694242022,2403.0659464723412,100.12774776968097,2503.193694242022,0.0,1.0,0.0,0.0,0.16037644254396738,128.46505590236333,0.96,834.3978981094779,801.0219821850988,33.37591592437914,1.0,0.0,0.0,0.16037644252673405,128.46505588190684,0.96,834.3978980662706,801.0219821436198,33.375915922650854,1.0,0.0,-0.0,0.16037644252673428,128.46505588190746,0.96,834.3978980662737,801.0219821436227,33.375915922650975,,,,852.1065500810024,2403.0659464723412,2222.8360005252994,180.22994598853802,2403.0659465138424,-4.150126642343821e-08,1.0,-0.0,0.0,0.38444741822633044,214.4586101993966,0.925,603.0659465243635,557.8360005350363,45.229945989327234,1.0,0.0,0.0,0.3829717356657352,212.54931329240807,0.925,599.9999999941426,554.9999999945819,45.0,1.0,0.0,-0.0,0.38297173566574394,212.5493132924193,0.925,599.9999999941606,554.9999999945986,45.0,1.0,0.0,-0.0,0.38297173566912046,212.54931329677842,0.925,600.0000000011759,555.0000000010878,45.0,1.0,,,0.101,224.50643605305524,2222.8360005252994,2222.8360005252994,0.0,68.90791601628428,0.0,,,280.35769371671773,0.0,120.55380829818863,4.0,1462.0081538002353,0.0,-0.0,0.0,170.44091057003143
77,1,78,0.12222,0.0,1462.0081538002337,,,,0,0.0,1,2503.193694242022,2503.193694242022,-0.0,400.5109910787235,83.10603064883513,0.0,,,385.3951676661776,2503.193694242022,2403.0659464723412,100.12774776968097,2503.193694242022,0.0,1.0,0.0,0.0,0.16037644254396738,128.46505590236333,0.96,834.3978981094779,801.0219821850988,33.37591592437914,1.0,0.0,0.0,0.16037644252673405,128.46505588190684,0.96,834.3978980662706,801.0219821436198,33.375915922650854,1.0,0.0,-0.0,0.16037644252673428,128.46505588190746,0.96,834.3978980662737,801.0219821436227,33.375915922650975,,,,852.1065500810008,2403.0659464723412,2222.8360005252994,180.22994598853802,2403.0659465138424,-4.150126642343821e-08,1.0,-0.0,0.0,0.3844474182263277,214.45861019939508,0.925,603.0659465243635,557.8360005350363,45.229945989327234,1.0,0.0,0.0,0.3829717356657352,212.54931329240807,0.925,599.9999999941426,554.9999999945819,45.0,1.0,0.0,-0.0,0.38297173566574394,212.5493132924193,0.925,599.9999999941606,554.9999999945986,45.0,1.0,0.0,-0.0,0.38297173566912046,212.54931329677842,0.925,600.0000000011759,555.0000000010878,45.0,1.0,,,0.101,224.50643605305524,2222.8360005252994,2222.8360005252994,0.0,68.90791601628428,0.0,,,280.35769371671773,0.0,120.55380829818863,4.0,1462.0081538002337,0.0,-0.0,0.0,178.68663655746457
78,1,79,0.11102,0.0,1462.0081538002337,,,,0,0.0,1,2503.193694242022,2503.193694242022,-0.0,400.5109910787235,83.10603064883513,0.0,,,385.3951676661776,2503.193694242022,2403.0659464723412,100.12774776968097,2503.193694242022,0.0,1.0,0.0,0.0,0.16037644254396738,128.46505590236333,0.96,834.3978981094779,801.0219821850988,33.37591592437914,1.0,0.0,0.0,0.16037644252673405,128.46505588190684,0.96,834.3978980662706,801.0219821436198,33.375915922650854,1.0,0.0,-0.0,0.16037644252673428,128.46505588190746,0.96,834.3978980662737,801.0219821436227,33.375915922650975,,,,852.1065500810008,2403.0659464723412,2222.8360005252994,180.22994598853802,2403.0659465138424,-4.150126642343821e-08,1.0,-0.0,0.0,0.3844474182263277,214.45861019939508,0.925,603.0659465243635,557.8360005350363,45.229945989327234,1.0,0.0,0.0,0.3829717356657352,212.54931329240807,0.925,599.9999999941426,554.9999999945819,45.0,1.0,0.0,-0.0,0.38297173566574394,212.5493132924193,0.925,599.9999999941606,554.9999999945986,45.0,1.0,0.0,-0.0,0.38297173566912046,212.54931329677842,0.925,600.0000000011759,555.0000000010878,45.0,1.0,,,0.101,224.50643605305524,2222.8360005252994,2222.8360005252994,0.0,68.90791601628428,0.0,,,280.35769371671773,0.0,120.55380829818863,4.0,1462.0081538002337,0.0,-0.0,0.0,162.31214523490195
79,1,80,0.10411,0.0,1462.0081538002337,,,,0,0.0,1,2503.193694242022,2503.193694242022,-0.0,400.5109910787235,83.10603064883513,0.0,,,385.3951676661776,2503.193694242022,2403.0659464723412,100.12774776968097,2503.193694242022,0.0,1.0,0.0,0.0,0.16037644254396738,128.46505590236333,0.96,834.3978981094779,801.0219821850988,33.37591592437914,1.0,0.0,0.0,0.16037644252673405,128.46505588190684,0.96,834.3978980662706,801.0219821436198,33.375915922650854,1.0,0.0,-0.0,0.16037644252673428,128.46505588190746,0.96,834.3978980662737,801.0219821436227,33.375915922650975,,,,852.1065500810008,2403.0659464723412,2222.8360005252994,180.22994598853802,2403.0659465138424,-4.150126642343821e-08,1.0,-0.0,0.0,0.3844474182263277,214.45861019939508,0.925,603.0659465243635,557.8360005350363,45.229945989327234,1.0,0.0,0.0,0.3829717356657352,212.54931329240807,0.925,599.9999999941426,554.9999999945819,45.0,1.0,0.0,-0.0,0.38297173566574394,212.5493132924193,0.925,599.9999999941606,554.9999999945986,45.0,1.0,0.0,-0.0,0.38297173566912046,212.54931329677842,0.925,600.0000000011759,555.0000000010878,45.0,1.0,,,0.101,224.50643605305524,2222.8360005252994,2222.8360005252994,0.0,68.90791601628428,0.0,,,280.35769371671773,0.0,120.55380829818863,4.0,1462.0081538002337,0.0,-0.0,0.0,152.20966889214233
80,1,81,0.0968,0.0,1462.0081538002337,,,,0,0.0,1,2503.193694242022,2503.193694242022,-0.0,400.5109910787235,83.10603064883513,0.0,,,385.3951676661776,2503.193694242022,2403.0659464723412,100.12774776968097,2503.193694242022,0.0,1.0,0.0,0.0,0.16037644254396738,128.46505590236333,0.96,834.3978981094779,801.0219821850988,33.37591592437914,1.0,0.0,0.0,0.16037644252673405,128.46505588190684,0.96,834.3978980662706,801.0219821436198,33.375915922650854,1.0,0.0,-0.0,0.16037644252673428,128.46505588190746,0.96,834.3978980662737,801.0219821436227,33.375915922650975,,,,852.1065500810008,2403.0659464723412,2222.8360005252994,180.22994598853802,2403.0659465138424,-4.150126642343821e-08,1.0,-0.0,0.0,0.3844474182263277,214.45861019939508,0.925,603.0659465243635,557.8360005350363,45.229945989327234,1.0,0.0,0.0,0.3829717356657352,212.54931329240807,0.925,599.9999999941426,554.9999999945819,45.0,1.0,0.0,-0.0,0.38297173566574394,212.5493132924193,0.925,599.9999999941606,554.9999999945986,45.0,1.0,0.0,-0.0,0.38297173566912046,212.54931329677842,0.925,600.0000000011759,555.0000000010878,45.0,1.0,,,0.101,224.50643605305524,2222.8360005252994,2222.8360005252994,0.0,68.90791601628428,0.0,,,280.35769371671773,0.0,120.55380829818863,4.0,1462.0081538002337,0.0,-0.0,0.0,141.5223892878626
81,1,82,0.08604,0.0,1462.0081538002337,,,,0,0.0,1,2503.193694242022,2503.193694242022,-0.0,400.5109910787235,83.10603064883513,0.0,,,385.3951676661776,2503.193694242022,2403.0659464723412,100.12774776968097,2503.193694242022,0.0,1.0,0.0,0.0,0.16037644254396738,128.46505590236333,0.96,834.3978981094779,801.0219821850988,33.37591592437914,1.0,0.0,0.0,0.16037644252673405,128.46505588190684,0.96,834.3978980662706,801.0219821436198,33.375915922650854,1.0,0.0,-0.0,0.16037644252673428,128.46505588190746,0.96,834.3978980662737,801.0219821436227,33.375915922650975,,,,852.1065500810008,2403.0659464723412,2222.8360005252994,180.22994598853802,2403.0659465138424,-4.150126642343821e-08,1.0,-0.0,0.0,0.3844474182263277,214.45861019939508,0.925,603.0659465243635,557.8360005350363,45.229945989327234,1.0,0.0,0.0,0.3829717356657352,212.54931329240807,0.925,599.9999999941426,554.9999999945819,45.0,1.0,0.0,-0.0,0.38297173566574394,212.5493132924193,0.925,599.9999999941606,554.9999999945986,45.0,1.0,0.0,-0.0,0.38297173566912046,212.54931329677842,0.925,600.0000000011759,555.0000000010878,45.0,1.0,,,0.101,224.50643605305524,2222.8360005252994,2222.8360005252994,0.0,68.90791601628428,0.0,,,280.35769371671773,0.0,120.55380829818863,4.0,1462.0081538002337,0.0,-0.0,0.0,125.79118155297212
82,1,83,0.08438,0.0,1462.0081538002337,,,,0,0.0,1,2503.193694242022,2503.193694242022,-0.0,400.5109910787235,83.10603064883513,0.0,,,385.3951676661776,2503.193694242022,2403.0659464723412,100.12774776968097,2503.193694242022,0.0,1.0,0.0,0.0,0.16037644254396738,128.46505590236333,0.96,834.3978981094779,801.0219821850988,33.37591592437914,1.0,0.0,0.0,0.16037644252673405,128.46505588190684,0.96,834.3978980662706,801.0219821436198,33.375915922650854,1.0,0.0,-0.0,0.16037644252673428,128.46505588190746,0.96,834.3978980662737,801.0219821436227,33.375915922650975,,,,852.1065500810008,2403.0659464723412,2222.8360005252994,180.22994598853802,2403.0659465138424,-4.150126642343821e-08,1.0,-0.0,0.0,0.3844474182263277,214.45861019939508,0.925,603.0659465243635,557.8360005350363,45.229945989327234,1.0,0.0,0.0,0.3829717356657352,212.54931329240807,0.925,599.9999999941426,554.9999999945819,45.0,1.0,0.0,-0.0,0.38297173566574394,212.5493132924193,0.925,599.9999999941606,554.9999999945986,45.0,1.0,0.0,-0.0,0.38297173566912046,212.54931329677842,0.925,600.0000000011759,555.0000000010878,45.0,1.0,,,0.101,224.50643605305524,2222.8360005252994,2222.8360005252994,0.0,68.90791601628428,0.0,,,280.35769371671773,0.0,120.55380829818863,4.0,1462.0081538002337,0.0,-0.0,0.0,123.36424801766371
83,1,84,0.08311,0.0,1462.0081538002337,,,,0,0.0,1,2503.193694242022,2503.193694242022,-0.0,400.5109910787235,83.10603064883513,0.0,,,385.3951676661776,2503.193694242022,2403.0659464723412,100.12774776968097,2503.193694242022,0.0,1.0,0.0,0.0,0.16037644254396738,128.46505590236333,0.96,834.3978981094779,801.0219821850988,33.37591592437914,1.0,0.0,0.0,0.16037644252673405,128.46505588190684,0.96,834.3978980662706,801.0219821436198,33.375915922650854,1.0,0.0,-0.0,0.16037644252673428,128.46505588190746,0.96,834.3978980662737,801.0219821436227,33.375915922650975,,,,852.1065500810008,2403.0659464723412,2222.8360005252994,180.22994598853802,2403.0659465138424,-4.150126642343821e-08,1.0,-0.0,0.0,0.3844474182263277,214.45861019939508,0.925,603.0659465243635,557.8360005350363,45.229945989327234,1.0,0.0,0.0,0.3829717356657352,212.54931329240807,0.925,599.9999999941426,554.9999999945819,45.0,1.0,0.0,-0.0,0.38297173566574394,212.5493132924193,0.925,599.9999999941606,554.9999999945986,45.0,1.0,0.0,-0.0,0.38297173566912046,212.54931329677842,0.925,600.0000000011759,555.0000000010878,45.0,1.0,,,0.101,224.50643605305524,2222.8360005252994,2222.8360005252994,0.0,68.90791601628428,0.0,,,280.35769371671773,0.0,120.55380829818863,4.0,1462.0081538002337,0.0,-0.0,0.0,121.50749766233743
84,1,85,0.08861,0.0,1462.0081538002337,,,,0,0.0,1,2503.193694242022,2503.193694242022,-0.0,400.5109910787235,83.10603064883513,0.0,,,385.3951676661776,2503.193694242022,2403.0659464723412,100.12774776968097,2503.193694242022,0.0,1.0,0.0,0.0,0.16037644254396738,128.46505590236333,0.96,834.3978981094779,801.0219821850988,33.37591592437914,1.0,0.0,0.0,0.16037644252673405,128.46505588190684,0.96,834.3978980662706,801.0219821436198,33.375915922650854,1.0,0.0,-0.0,0.16037644252673428,128.46505588190746,0.96,834.3978980662737,801.0219821436227,33.375915922650975,,,,852.1065500810008,2403.0659464723412,2222.8360005252994,180.22994598853802,2403.0659465138424,-4.150126642343821e-08,1.0,-0.0,0.0,0.3844474182263277,214.45861019939508,0.925,603.0659465243635,557.8360005350363,45.229945989327234,1.0,0.0,0.0,0.3829717356657352,212.54931329240807,0.925,599.9999999941426,554.9999999945819,45.0,1.0,0.0,-0.0,0.38297173566574394,212.5493132924193,0.925,599.9999999941606,554.9999999945986,45.0,1.0,0.0,-0.0,0.38297173566912046,212.54931329677842,0.925,600.0000000011759,555.0000000010878,45.0,1.0,,,0.101,224.50643605305524,2222.8360005252994,2222.8360005252994,0.0,68.90791601628428,0.0,,,280.35769371671773,0.0,120.55380829818863,4.0,1462.0081538002337,0.0,-0.0,0.0,129.5485425082387
85,1,86,0.094,0.0,1462.0081538002337,,,,0,0.0,1,2503.193694242022,2503.193694242022,-0.0,400.5109910787235,83.10603064883513,0.0,,,385.3951676661776,2503.193694242022,2403.0659464723412,100.12774776968097,2503.193694242022,0.0,1.0,0.0,0.0,0.16037644254396738,128.46505590236333,0.96,834.3978981094779,801.0219821850988,33.37591592437914,1.0,0.0,0.0,0.16037644252673405,128.46505588190684,0.96,834.3978980662706,801.0219821436198,33.375915922650854,1.0,0.0,-0.0,0.16037644252673428,128.46505588190746,0.96,834.3978980662737,801.0219821436227,33.375915922650975,,,,852.1065500810008,2403.0659464723412,2222.8360005252994,180.22994598853802,2403.0659465138424,-4.150126642343821e-08,1.0,-0.0,0.0,0.3844474182263277,214.45861019939508,0.925,603.0659465243635,557.8360005350363,45.229945989327234,1.0,0.0,0.0,0.3829717356657352,212.54931329240807,0.925,599.9999999941426,554.9999999945819,45.0,1.0,0.0,-0.0,0.38297173566574394,212.5493132924193,0.925,599.9999999941606,554.9999999945986,45.0,1.0,0.0,-0.0,0.38297173566912046,212.54931329677842,0.925,600.0000000011759,555.0000000010878,45.0,1.0,,,0.101,224.50643605305524,2222.8360005252994,2222.8360005252994,0.0,68.90791601628428,0.0,,,280.35769371671773,0.0,120.55380829818863,4.0,1462.0081538002337,0.0,-0.0,0.0,137.42876645722197
86,1,87,0.10181,0.0,1462.0081538002332,,,,0,0.0,1,2503.193694242022,2503.193694242022,-0.0,400.5109910787235,83.10603064883513,0.0,,,385.3951676661776,2503.193694242022,2403.0659464723412,100.12774776968097,2503.193694242022,0.0,1.0,0.0,0.0,0.16037644254396738,128.46505590236333,0.96,834.3978981094779,801.0219821850988,33.37591592437914,1.0,0.0,0.0,0.16037644252673405,128.46505588190684,0.96,834.3978980662706,801.0219821436198,33.375915922650854,1.0,0.0,-0.0,0.16037644252673428,128.46505588190746,0.96,834.3978980662737,801.0219821436227,33.375915922650975,,,,852.1065500810008,2403.0659464723412,2222.836000525295,180.22994598853802,2403.0659465138424,-4.150126642343821e-08,1.0,-0.0,0.0,0.3844474182263277,214.45861019939508,0.925,603.0659465243635,557.8360005350363,45.229945989327234,1.0,0.0,0.0,0.3829717356657352,212.54931329240807,0.925,599.9999999941426,554.9999999945819,45.0,1.0,0.0,-0.0,0.38297173566574394,212.5493132924193,0.925,599.9999999941606,554.9999999945986,45.0,1.0,0.0,-0.0,0.38297173566912046,212.54931329677842,0.925,600.0000000011759,555.0000000010878,45.0,1.0,,,0.101,224.50643605305478,2222.836000525295,2222.836000525295,0.0,68.90791601628413,0.0,,,280.35769371671773,0.0,120.55380829818863,4.0,1462.0081538002332,0.0,-0.0,0.0,148.84705013840176
87,1,88,0.10382,0.0,1462.0081538364186,,,,0,0.0,1,2503.1936942852294,2503.1936942852294,-0.0,400.5109910856367,83.10603065026962,0.0,,,385.3951676981245,2503.1936942852294,2403.0659465138197,100.12774777140925,2503.193694285229,0.0,1.0,0.0,0.0,0.16037644254396724,128.46505590236296,0.96,834.397898109476,801.0219821850969,33.37591592437907,1.0,0.0,0.0,0.16037644255831338,128.46505591385528,0.96,834.3978981094809,801.0219821851017,33.375915924379264,1.0,0.0,-0.0,0.16037644252673305,128.46505588190627,0.96,834.3978980662722,801.0219821436212,33.37591592265092,,,,852.106550084685,2403.0659465138197,2222.8360005307836,180.22994598898265,2403.0659465197714,-5.951505954726599e-09,1.0,-0.0,0.0,0.38444741822632555,214.45861019939224,0.925,603.065946524359,557.8360005350321,45.22994598932689,1.0,0.0,0.0,0.38297173566716286,212.5493132942512,0.925,599.9999999971087,554.9999999973256,45.0,1.0,0.0,-0.0,0.38297173566717213,212.54931329426313,0.925,599.9999999971279,554.9999999973434,45.0,1.0,0.0,-0.0,0.38297173566912046,212.54931329677842,0.925,600.0000000011759,555.0000000010878,45.0,1.0,,,0.101,224.50643605360915,2222.8360005307836,2222.8360005307836,0.0,68.9079160164543,0.0,,,280.3576937544404,0.0,120.55380831440937,4.0,1462.0081538364186,0.0,-0.0,0.0,151.78568653129696
88,1,89,0.12198,0.0,737.7760103670153,,,,0,0.0,1,1253.1936943038993,1253.1936943038993,-0.0,200.51099108862388,41.60603065088946,0.0,,,198.3716508196051,1253.1936943038993,1203.0659465317433,50.12774777215601,1253.1936943038993,0.0,1.0,0.0,0.0,0.16037644254324934,128.4650559017879,0.96,834.3978981094763,801.0219821850972,33.37591592437908,1.0,0.0,0.0,0.17387798628297044,69.90659491781719,0.96,418.795796194423,402.0439643466461,16.751831847776934,-0.0,0.0,1.0,0.271,0.0,0.96,0.0,0.0,0.0,,,,427.0079234936421,1203.0659465317433,1112.8360005323575,90.22994598910998,1203.0659465214676,1.0275812201143708e-08,1.0,-0.0,0.0,0.38444741822632555,214.45861019939224,0.925,603.065946524359,557.8360005350321,45.22994598932689,1.0,0.0,0.0,0.38297173566716075,212.5493132942499,0.925,599.9999999971085,554.9999999973254,45.0,-0.0,0.0,1.0,0.08724817754776784,0.0,0.8800000000000001,0.0,0.0,0.0,-0.0,0.0,1.0,0.08724817754776784,0.0,0.8800000000000001,0.0,0.0,0.0,1.0,,,0.101,112.39643605376811,1112.8360005323575,1112.8360005323575,0.0,34.49791601650308,0.0,,,140.3576937715418,0.0,60.35380832176297,2.0,737.7760103670153,0.0,0.0,0.0,89.99391774456852
89,1,90,3.78877,0.0,0.0,,,,0,0.0,1,0.0,0.0,-0.0,0.0,0.0,0.0,,,0.0,0.0,0.0,0.0,0.0,0.0,-0.0,0.0,1.0,0.271,0.0,0.96,0.0,0.0,0.0,-0.0,0.0,1.0,0.271,0.0,0.96,0.0,0.0,0.0,-0.0,0.0,-0.0,0.271,0.0,0.96,0.0,0.0,0.0,,,,0.0,0.0,0.0,0.0,0.0,0.0,-0.0,0.0,1.0,0.08724817754776784,0.0,0.8800000000000001,0.0,0.0,0.0,-0.0,0.0,1.0,0.08724817754776784,0.0,0.8800000000000001,0.0,0.0,0.0,-0.0,0.0,-0.0,0.08724817754776784,0.0,0.8800000000000001,0.0,0.0,0.0,-0.0,0.0,-0.0,0.08724817754776784,0.0,0.8800000000000001,0.0,0.0,0.0,1.0,,,0.101,0.0,0.0,0.0,0.0,0.0,0.0,,,0.0,0.0,0.0,-0.0,0.0,0.0,0.0,0.0,0.0
90,1,91,5.01894,0.0,0.0,,,,0,0.0,1,0.0,0.0,-0.0,0.0,0.0,0.0,,,0.0,0.0,0.0,0.0,0.0,0.0,-0.0,0.0,-0.0,0.271,0.0,0.96,0.0,0.0,0.0,-0.0,0.0,-0.0,0.271,0.0,0.96,0.0,0.0,0.0,-0.0,0.0,-0.0,0.271,0.0,0.96,0.0,0.0,0.0,,,,0.0,0.0,0.0,0.0,0.0,0.0,-0.0,0.0,-0.0,0.08724817754776784,0.0,0.8800000000000001,0.0,0.0,0.0,-0.0,0.0,0.0,0.08724817754776784,0.0,0.8800000000000001,0.0,0.0,0.0,-0.0,0.0,-0.0,0.08724817754776784,0.0,0.8800000000000001,0.0,0.0,0.0,-0.0,0.0,-0.0,0.08724817754776784,0.0,0.8800000000000001,0.0,0.0,0.0,1.0,,,0.101,0.0,0.0,0.0,0.0,0.0,0.0,,,0.0,0.0,0.0,-0.0,0.0,0.0,0.0,0.0,0.0
91,1,92,2.52611,0.0,0.0,,,,0,0.0,1,0.0,0.0,-0.0,0.0,0.0,0.0,,,0.0,0.0,0.0,0.0,0.0,0.0,-0.0,0.0,-0.0,0.271,0.0,0.96,0.0,0.0,0.0,-0.0,0.0,-0.0,0.271,0.0,0.96,0.0,0.0,0.0,-0.0,0.0,-0.0,0.271,0.0,0.96,0.0,0.0,0.0,,,,0.0,0.0,0.0,0.0,0.0,0.0,-0.0,0.0,-0.0,0.08724817754776784,0.0,0.8800000000000001,0.0,0.0,0.0,-0.0,0.0,0.0,0.08724817754776784,0.0,0.8800000000000001,0.0,0.0,0.0,-0.0,0.0,-0.0,0.08724817754776784,0.0,0.8800000000000001,0.0,0.0,0.0,-0.0,0.0,-0.0,0.08724817754776784,0.0,0.8800000000000001,0.0,0.0,0.0,1.0,,,0.101,0.0,0.0,0.0,0.0,0.0,0.0,,,0.0,0.0,0.0,-0.0,0.0,0.0,0.0,0.0,0.0
92,1,93,0.75581,0.0,0.0,,,,0,0.0,1,0.0,0.0,-0.0,0.0,0.0,0.0,,,0.0,0.0,0.0,0.0,0.0,0.0,0.0,0.0,0.0,0.271,0.0,0.96,0.0,0.0,0.0,0.0,0.0,0.0,0.271,0.0,0.96,0.0,0.0,0.0,-0.0,0.0,-0.0,0.271,0.0,0.96,0.0,0.0,0.0,,,,0.0,0.0,0.0,0.0,0.0,0.0,0.0,-0.0,-0.0,0.08724817754776784,0.0,0.88,0.0,0.0,0.0,0.0,0.0,0.0,0.08724817754776784,0.0,0.88,0.0,0.0,0.0,-0.0,0.0,-0.0,0.08724817754776784,0.0,0.8800000000000001,0.0,0.0,0.0,-0.0,0.0,-0.0,0.08724817754776784,0.0,0.8800000000000001,0.0,0.0,0.0,1.0,,,0.101,0.0,0.0,0.0,0.0,0.0,0.0,,,0.0,0.0,0.0,0.0,0.0,0.0,0.0,0.0,0.0
93,1,94,0.154,0.0,0.0,,,,0,0.0,1,0.0,0.0,-0.0,0.0,0.0,0.0,,,0.0,0.0,0.0,0.0,0.0,0.0,-0.0,0.0,0.0,0.271,0.0,0.96,0.0,0.0,0.0,-0.0,0.0,0.0,0.271,0.0,0.96,0.0,0.0,0.0,-0.0,0.0,-0.0,0.271,0.0,0.96,0.0,0.0,0.0,,,,0.0,0.0,0.0,0.0,0.0,0.0,0.0,-0.0,0.0,0.08724817754776784,0.0,0.88,0.0,0.0,0.0,0.0,0.0,0.0,0.08724817754776784,0.0,0.88,0.0,0.0,0.0,-0.0,0.0,-0.0,0.08724817754776784,0.0,0.8800000000000001,0.0,0.0,0.0,-0.0,0.0,-0.0,0.08724817754776784,0.0,0.8800000000000001,0.0,0.0,0.0,1.0,,,0.101,0.0,0.0,0.0,0.0,0.0,0.0,,,0.0,0.0,0.0,0.0,0.0,0.0,0.0,0.0,0.0
94,1,95,0.12052,0.0,569.0854513442451,,,,0,0.0,1,1083.3333333333333,1083.3333333333333,-0.0,173.33333333333334,35.96666666666667,0.0,,,167.74152777777783,1083.3333333333333,1040.0,43.333333333333336,1083.3333333333333,0.0,1.0,1.0,0.0,0.16128993055555554,83.87076388888896,0.96,541.6666666666666,520.0,21.666666666666668,1.0,1.0,0.0,0.1612899305555556,83.87076388888886,0.96,541.6666666666666,520.0,21.666666666666668,-0.0,0.0,-0.0,0.271,0.0,0.96,0.0,0.0,0.0,,,,308.9087235664673,1040.0,915.2,124.8,1040.0,0.0,1.0,1.0,0.0,0.3375313850158078,154.45436178323365,0.88,520.0,457.6,62.4,1.0,1.0,0.0,0.33753138501580776,154.45436178323365,0.88,520.0,457.6,62.4,-0.0,0.0,-0.0,0.08724817754776784,0.0,0.8800000000000001,0.0,0.0,0.0,-0.0,0.0,-0.0,0.08724817754776784,0.0,0.8800000000000001,0.0,0.0,0.0,0.0,,,0.101,92.43520000000001,915.2,0.0,915.2,28.3712,1.0,,,1083.3333333333333,0.0,465.8333333333333,2.0,569.0854513442451,0.0,0.0,0.0,68.58617859600842
95,1,96,0.11633,0.0,569.0854513442451,,,,0,0.0,1,1083.3333333333333,1083.3333333333333,-0.0,173.33333333333334,35.96666666666667,0.0,,,167.74152777777783,1083.3333333333333,1040.0,43.333333333333336,1083.3333333333333,0.0,1.0,0.0,0.0,0.16128993055555554,83.87076388888896,0.96,541.6666666666666,520.0,21.666666666666668,1.0,0.0,0.0,0.1612899305555556,83.87076388888886,0.96,541.6666666666666,520.0,21.666666666666668,-0.0,0.0,-0.0,0.271,0.0,0.96,0.0,0.0,0.0,,,,308.9087235664673,1040.0,915.2,124.8,1040.0,0.0,1.0,-0.0,0.0,0.3375313850158078,154.45436178323365,0.88,520.0,457.6,62.4,1.0,0.0,0.0,0.3375313850158079,154.45436178323365,0.88,520.0,457.6,62.4,-0.0,0.0,-0.0,0.08724817754776784,0.0,0.8800000000000001,0.0,0.0,0.0,-0.0,0.0,-0.0,0.08724817754776784,0.0,0.8800000000000001,0.0,0.0,0.0,0.0,,,0.101,92.43520000000001,915.2,0.0,915.2,28.3712,1.0,,,1083.3333333333333,0.0,465.8333333333333,2.0,569.0854513442451,0.0,0.0,0.0,66.20171055487604
96,1,97,0.1121,0.0,1462.0060613423298,,,,0,0.0,1,2503.1936943282435,2503.1936943282435,-0.0,400.51099109251896,83.10603065169768,0.0,,,385.39516772664047,2503.1936943282435,2403.0659465551134,100.12774777312981,2503.193694328243,0.0,1.0,0.0,0.0,0.16037644254396283,128.46505590234926,0.96,834.39789810941,801.0219821850336,33.37591592437643,1.0,0.0,0.0,0.16037644255619116,128.46505591214526,0.96,834.3978981094156,801.021982185039,33.37591592437665,1.0,1.0,-0.0,0.16037644255619157,128.46505591214594,0.96,834.3978981094176,801.0219821850409,33.375915924376734,,,,852.1044575626477,2403.0659465551134,2222.8360005251634,180.2299459885271,2403.065946513696,4.141747922403738e-08,1.0,-0.0,0.0,0.3837095769474383,213.50291548858766,0.925,601.532973262178,556.4180002675147,45.114972994663276,1.0,0.0,0.0,0.38370957694744046,213.50291548858897,0.925,601.5329732621783,556.4180002675149,45.11497299466339,1.0,1.0,-0.0,0.38297173566635834,212.54931329321246,0.925,599.9999999954371,554.9999999957793,45.0,1.0,1.0,-0.0,0.38297173566561915,212.54931329225863,0.925,599.9999999939025,554.9999999943599,45.0,1.0,,,0.101,224.5064360530415,2222.8360005251634,2222.8360005251634,0.0,68.90791601628007,0.0,,,280.3576938030744,0.0,120.553808335322,4.0,1462.0060613423298,0.0,-0.0,0.0,163.89087947647516
97,1,98,0.1119,0.0,1462.006061342329,,,,0,0.0,1,2503.1936943282435,2503.1936943282435,-0.0,400.51099109251896,83.10603065169768,0.0,,,385.39516772664047,2503.1936943282435,2403.0659465551134,100.12774777312981,2503.193694328243,0.0,1.0,0.0,0.0,0.16037644254396283,128.46505590234926,0.96,834.39789810941,801.0219821850336,33.37591592437643,1.0,0.0,0.0,0.16037644255619116,128.46505591214526,0.96,834.3978981094156,801.021982185039,33.37591592437665,1.0,0.0,-0.0,0.16037644255619157,128.46505591214594,0.96,834.3978981094176,801.0219821850409,33.375915924376734,,,,852.1044575626476,2403.0659465551134,2222.8360005251593,180.2299459885271,2403.065946513695,4.141816134506371e-08,1.0,-0.0,0.0,0.3837095769474383,213.50291548858766,0.925,601.532973262178,556.4180002675147,45.114972994663276,1.0,0.0,0.0,0.38370957694744046,213.50291548858897,0.925,601.5329732621783,556.4180002675149,45.11497299466339,1.0,0.0,-0.0,0.38297173566635834,212.54931329321246,0.9249999999999999,599.9999999954371,554.9999999957793,45.0,1.0,0.0,-0.0,0.3829717356656194,212.5493132922585,0.925,599.9999999939018,554.9999999943592,45.0,1.0,,,0.101,224.5064360530411,2222.8360005251593,2222.8360005251593,0.0,68.90791601627994,0.0,,,280.3576938030751,0.0,120.5538083353223,4.0,1462.006061342329,0.0,-0.0,0.0,163.59847826420662
98,1,99,0.11243,0.0,1462.0060613194557,,,,0,0.0,1,2503.193694291414,2503.193694291414,-0.0,400.51099108662623,83.10603065047495,0.0,,,385.39516769940815,2503.193694291414,2403.0659465197573,100.12774777165664,2503.193694291414,0.0,1.0,0.0,0.0,0.16037644254396285,128.4650559023496,0.96,834.3978981094122,801.0219821850357,33.375915924376514,1.0,0.0,0.0,0.16037644252927458,128.46505588491416,0.96,834.3978980725861,801.0219821496827,33.375915922903474,1.0,0.0,-0.0,0.16037644255619007,128.46505591214444,0.96,834.3978981094157,801.0219821850391,33.375915924376656,,,,852.1044575664364,2403.0659465197573,2222.8360005308045,180.22994598898447,2403.065946519793,0.0,1.0,-0.0,0.0,0.38370957694743607,213.50291548858485,0.925,601.5329732621735,556.4180002675106,45.114972994662935,1.0,0.0,0.0,0.38370957694744057,213.5029154885906,0.925,601.5329732621827,556.418000267519,45.11497299466373,1.0,0.0,-0.0,0.38297173566635834,212.54931329321246,0.925,599.9999999954371,554.9999999957793,45.0,1.0,0.0,-0.0,0.38297173566855514,212.54931329604852,0.925,600.0,555.0,45.0,1.0,,,0.101,224.50643605361128,2222.8360005308045,2222.8360005308045,0.0,68.90791601645493,0.0,,,280.3576937606052,0.0,120.55380831706022,4.0,1462.0060613194557,0.0,-0.0,0.0,164.3733414741464
99,1,100,0.11364,0.0,1462.006061319457,,,,0,0.0,1,2503.1936942914163,2503.1936942914163,-0.0,400.51099108662663,83.10603065047502,0.0,,,385.3951676994095,2503.1936942914163,2403.0659465197596,100.12774777165674,2503.1936942914163,0.0,1.0,0.0,0.0,0.16037644254396285,128.4650559023496,0.96,834.3978981094122,801.0219821850357,33.375915924376514,1.0,0.0,0.0,0.16037644252927458,128.46505588491416,0.96,834.3978980725861,801.0219821496827,33.375915922903474,1.0,0.0,-0.0,0.16037644255619138,128.46505591214577,0.96,834.3978981094176,801.0219821850409,33.375915924376734,,,,852.1044575664364,2403.0659465197596,2222.8360005308045,180.22994598898447,2403.0659465197937,0.0,1.0,-0.0,0.0,0.38370957694743607,213.50291548858485,0.925,601.5329732621735,556.4180002675106,45.114972994662935,1.0,0.0,0.0,0.38370957694744057,213.5029154885906,0.925,601.5329732621827,556.418000267519,45.11497299466373,1.0,0.0,-0.0,0.38297173566635834,212.54931329321246,0.925,599.9999999954371,554.9999999957793,45.0,1.0,0.0,-0.0,0.38297173566855514,212.54931329604852,0.925,600.0,555.0,45.0,1.0,,,0.101,224.50643605361128,2222.8360005308045,2222.8360005308045,0.0,68.90791601645493,0.0,,,280.3576937606071,0.0,120.55380831706105,4.0,1462.006061319457,0.0,-0.0,0.0,166.14236880834312
100,1,101,0.11658,0.0,1462.006061319457,,,,0,0.0,1,2503.1936942914163,2503.1936942914163,-0.0,400.51099108662663,83.10603065047502,0.0,,,385.3951676994095,2503.1936942914163,2403.0659465197596,100.12774777165674,2503.1936942914163,0.0,1.0,0.0,0.0,0.16037644254396285,128.4650559023496,0.96,834.3978981094122,801.0219821850357,33.375915924376514,1.0,0.0,0.0,0.16037644252927458,128.46505588491416,0.96,834.3978980725861,801.0219821496827,33.375915922903474,1.0,0.0,-0.0,0.16037644255619138,128.46505591214577,0.96,834.3978981094176,801.0219821850409,33.375915924376734,,,,852.1044575664364,2403.0659465197596,2222.8360005308045,180.22994598898447,2403.0659465197937,0.0,1.0,-0.0,0.0,0.38370957694743607,213.50291548858485,0.925,601.5329732621735,556.4180002675106,45.114972994662935,1.0,0.0,0.0,0.38370957694744057,213.5029154885906,0.925,601.5329732621827,556.418000267519,45.11497299466373,1.0,0.0,-0.0,0.38297173566635834,212.54931329321246,0.925,599.9999999954371,554.9999999957793,45.0,1.0,0.0,-0.0,0.38297173566855514,212.54931329604852,0.925,600.0,555.0,45.0,1.0,,,0.101,224.50643605361128,2222.8360005308045,2222.8360005308045,0.0,68.90791601645493,0.0,,,280.3576937606071,0.0,120.55380831706105,4.0,1462.006061319457,0.0,-0.0,0.0,170.44066662862232
101,1,102,0.12222,0.0,1462.006061319457,,,,0,0.0,1,2503.1936942914163,2503.1936942914163,-0.0,400.51099108662663,83.10603065047502,0.0,,,385.3951676994095,2503.1936942914163,2403.0659465197596,100.12774777165674,2503.1936942914163,0.0,1.0,0.0,0.0,0.16037644254396285,128.4650559023496,0.96,834.3978981094122,801.0219821850357,33.375915924376514,1.0,0.0,0.0,0.16037644252927458,128.46505588491416,0.96,834.3978980725861,801.0219821496827,33.375915922903474,1.0,0.0,-0.0,0.16037644255619138,128.46505591214577,0.96,834.3978981094176,801.0219821850409,33.375915924376734,,,,852.1044575664364,2403.0659465197596,2222.8360005308045,180.22994598898447,2403.0659465197937,0.0,1.0,-0.0,0.0,0.38370957694743607,213.50291548858485,0.925,601.5329732621735,556.4180002675106,45.114972994662935,1.0,0.0,0.0,0.38370957694744057,213.5029154885906,0.925,601.5329732621827,556.418000267519,45.11497299466373,1.0,0.0,-0.0,0.38297173566635834,212.54931329321246,0.925,599.9999999954371,554.9999999957793,45.0,1.0,0.0,-0.0,0.38297173566855514,212.54931329604852,0.925,600.0,555.0,45.0,1.0,,,0.101,224.50643605361128,2222.8360005308045,2222.8360005308045,0.0,68.90791601645493,0.0,,,280.3576937606071,0.0,120.55380831706105,4.0,1462.006061319457,0.0,-0.0,0.0,178.68638081446403
102,1,103,0.11102,0.0,1462.0060613194573,,,,0,0.0,1,2503.1936942914163,2503.1936942914163,-0.0,400.51099108662663,83.10603065047502,0.0,,,385.3951676994095,2503.1936942914163,2403.0659465197596,100.12774777165674,2503.1936942914163,0.0,1.0,0.0,0.0,0.16037644254396285,128.4650559023496,0.96,834.3978981094122,801.0219821850357,33.375915924376514,1.0,0.0,0.0,0.16037644252927458,128.46505588491416,0.96,834.3978980725861,801.0219821496827,33.375915922903474,1.0,0.0,-0.0,0.16037644255619138,128.46505591214577,0.96,834.3978981094176,801.0219821850409,33.375915924376734,,,,852.1044575664365,2403.0659465197596,2222.8360005308045,180.22994598898447,2403.0659465197937,0.0,1.0,-0.0,0.0,0.38370957694743607,213.50291548858485,0.925,601.5329732621735,556.4180002675106,45.114972994662935,1.0,0.0,0.0,0.38370957694744057,213.5029154885906,0.925,601.5329732621827,556.418000267519,45.11497299466373,1.0,0.0,-0.0,0.38297173566635834,212.54931329321246,0.925,599.9999999954371,554.9999999957793,45.0,1.0,0.0,-0.0,0.38297173566855525,212.5493132960486,0.925,600.0,555.0,45.0,1.0,,,0.101,224.50643605361128,2222.8360005308045,2222.8360005308045,0.0,68.90791601645493,0.0,,,280.3576937606071,0.0,120.55380831706105,4.0,1462.0060613194573,0.0,-0.0,0.0,162.31191292768614
103,1,104,0.10411,0.0,1462.0060613194573,,,,0,0.0,1,2503.1936942914163,2503.1936942914163,-0.0,400.51099108662663,83.10603065047502,0.0,,,385.3951676994095,2503.1936942914163,2403.0659465197596,100.12774777165674,2503.1936942914163,0.0,1.0,0.0,0.0,0.16037644254396285,128.4650559023496,0.96,834.3978981094122,801.0219821850357,33.375915924376514,1.0,0.0,0.0,0.16037644252927458,128.46505588491416,0.96,834.3978980725861,801.0219821496827,33.375915922903474,1.0,0.0,-0.0,0.16037644255619138,128.46505591214577,0.96,834.3978981094176,801.0219821850409,33.375915924376734,,,,852.1044575664366,2403.0659465197596,2222.8360005308045,180.22994598898447,2403.0659465197937,0.0,1.0,-0.0,0.0,0.38370957694743607,213.50291548858485,0.925,601.5329732621735,556.4180002675106,45.114972994662935,1.0,0.0,0.0,0.38370957694744057,213.5029154885906,0.925,601.5329732621827,556.418000267519,45.11497299466373,1.0,0.0,-0.0,0.38297173566635834,212.54931329321246,0.925,599.9999999954371,554.9999999957793,45.0,1.0,0.0,-0.0,0.3829717356685553,212.54931329604864,0.925,600.0,555.0,45.0,1.0,,,0.101,224.50643605361128,2222.8360005308045,2222.8360005308045,0.0,68.90791601645493,0.0,,,280.3576937606071,0.0,120.55380831706105,4.0,1462.0060613194573,0.0,-0.0,0.0,152.2094510439687
104,1,105,0.0968,0.0,1462.006061319457,,,,0,0.0,1,2503.1936942914163,2503.1936942914163,-0.0,400.51099108662663,83.10603065047502,0.0,,,385.3951676994095,2503.1936942914163,2403.0659465197596,100.12774777165674,2503.1936942914163,0.0,1.0,0.0,0.0,0.16037644254396285,128.4650559023496,0.96,834.3978981094122,801.0219821850357,33.375915924376514,1.0,0.0,0.0,0.16037644252927458,128.46505588491416,0.96,834.3978980725861,801.0219821496827,33.375915922903474,1.0,0.0,-0.0,0.16037644255619138,128.46505591214577,0.96,834.3978981094176,801.0219821850409,33.375915924376734,,,,852.1044575664364,2403.0659465197596,2222.8360005308045,180.22994598898447,2403.0659465197937,0.0,1.0,-0.0,0.0,0.38370957694743607,213.50291548858485,0.925,601.5329732621735,556.4180002675106,45.114972994662935,1.0,0.0,0.0,0.38370957694744057,213.5029154885906,0.925,601.5329732621827,556.418000267519,45.11497299466373,1.0,0.0,-0.0,0.38297173566635834,212.54931329321246,0.925,599.9999999954371,554.9999999957793,45.0,1.0,0.0,-0.0,0.38297173566855514,212.54931329604852,0.925,600.0,555.0,45.0,1.0,,,0.101,224.50643605361128,2222.8360005308045,2222.8360005308045,0.0,68.90791601645493,0.0,,,280.3576937606071,0.0,120.55380831706105,4.0,1462.006061319457,0.0,-0.0,0.0,141.52218673572344
105,1,106,0.08604,0.0,1462.006061319457,,,,0,0.0,1,2503.1936942914163,2503.1936942914163,-0.0,400.51099108662663,83.10603065047502,0.0,,,385.3951676994095,2503.1936942914163,2403.0659465197596,100.12774777165674,2503.1936942914163,0.0,1.0,0.0,0.0,0.16037644254396285,128.4650559023496,0.96,834.3978981094122,801.0219821850357,33.375915924376514,1.0,0.0,0.0,0.16037644252927458,128.46505588491416,0.96,834.3978980725861,801.0219821496827,33.375915922903474,1.0,0.0,-0.0,0.16037644255619138,128.46505591214577,0.96,834.3978981094176,801.0219821850409,33.375915924376734,,,,852.1044575664364,2403.0659465197596,2222.8360005308045,180.22994598898447,2403.0659465197937,0.0,1.0,-0.0,0.0,0.38370957694743607,213.50291548858485,0.925,601.5329732621735,556.4180002675106,45.114972994662935,1.0,0.0,0.0,0.38370957694744057,213.5029154885906,0.925,601.5329732621827,556.418000267519,45.11497299466373,1.0,0.0,-0.0,0.38297173566635834,212.54931329321246,0.925,599.9999999954371,554.9999999957793,45.0,1.0,0.0,-0.0,0.38297173566855514,212.54931329604852,0.925,600.0,555.0,45.0,1.0,,,0.101,224.50643605361128,2222.8360005308045,2222.8360005308045,0.0,68.90791601645493,0.0,,,280.3576937606071,0.0,120.55380831706105,4.0,1462.006061319457,0.0,-0.0,0.0,125.7910015159261
106,1,107,0.08438,0.0,1462.006061319457,,,,0,0.0,1,2503.1936942914163,2503.1936942914163,-0.0,400.51099108662663,83.10603065047502,0.0,,,385.3951676994095,2503.1936942914163,2403.0659465197596,100.12774777165674,2503.1936942914163,0.0,1.0,0.0,0.0,0.16037644254396285,128.4650559023496,0.96,834.3978981094122,801.0219821850357,33.375915924376514,1.0,0.0,0.0,0.16037644252927458,128.46505588491416,0.96,834.3978980725861,801.0219821496827,33.375915922903474,1.0,0.0,-0.0,0.16037644255619138,128.46505591214577,0.96,834.3978981094176,801.0219821850409,33.375915924376734,,,,852.1044575664364,2403.0659465197596,2222.8360005308045,180.22994598898447,2403.0659465197937,0.0,1.0,-0.0,0.0,0.38370957694743607,213.50291548858485,0.925,601.5329732621735,556.4180002675106,45.114972994662935,1.0,0.0,0.0,0.38370957694744057,213.5029154885906,0.925,601.5329732621827,556.418000267519,45.11497299466373,1.0,0.0,-0.0,0.38297173566635834,212.54931329321246,0.925,599.9999999954371,554.9999999957793,45.0,1.0,0.0,-0.0,0.38297173566855514,212.54931329604852,0.925,600.0,555.0,45.0,1.0,,,0.101,224.50643605361128,2222.8360005308045,2222.8360005308045,0.0,68.90791601645493,0.0,,,280.3576937606071,0.0,120.55380831706105,4.0,1462.006061319457,0.0,-0.0,0.0,123.36407145413578
107,1,108,0.08311,0.0,1462.0060613194585,,,,0,0.0,1,2503.1936942914163,2503.1936942914163,-0.0,400.51099108662663,83.10603065047502,0.0,,,385.3951676994095,2503.1936942914163,2403.0659465197596,100.12774777165674,2503.1936942914163,0.0,1.0,0.0,0.0,0.16037644254396285,128.4650559023496,0.96,834.3978981094122,801.0219821850357,33.375915924376514,1.0,0.0,0.0,0.16037644252927458,128.46505588491416,0.96,834.3978980725861,801.0219821496827,33.375915922903474,1.0,0.0,-0.0,0.16037644255619138,128.46505591214577,0.96,834.3978981094176,801.0219821850409,33.375915924376734,,,,852.1044575664378,2403.0659465197596,2222.8360005308045,180.22994598898447,2403.0659465197937,0.0,1.0,-0.0,0.0,0.38370957694743607,213.50291548858485,0.925,601.5329732621735,556.4180002675106,45.114972994662935,1.0,0.0,0.0,0.3837095769474431,213.502915488592,0.925,601.5329732621827,556.418000267519,45.11497299466373,1.0,0.0,-0.0,0.38297173566635834,212.54931329321246,0.925,599.9999999954371,554.9999999957793,45.0,1.0,0.0,-0.0,0.38297173566855514,212.54931329604852,0.925,600.0,555.0,45.0,1.0,,,0.101,224.50643605361128,2222.8360005308045,2222.8360005308045,0.0,68.90791601645493,0.0,,,280.3576937606071,0.0,120.55380831706105,4.0,1462.0060613194585,0.0,-0.0,0.0,121.50732375626019
108,1,109,0.08861,0.0,1462.0060613543403,,,,0,0.0,1,2503.1936943282435,2503.1936943282435,-0.0,400.51099109251896,83.10603065169768,0.0,,,385.3951677266407,2503.1936943282435,2403.0659465551134,100.12774777312981,2503.193694328243,0.0,1.0,0.0,0.0,0.16037644254396285,128.46505590234926,0.96,834.39789810941,801.0219821850336,33.37591592437643,1.0,0.0,0.0,0.16037644255619163,128.46505591214563,0.96,834.3978981094156,801.021982185039,33.37591592437665,1.0,0.0,-0.0,0.16037644255619138,128.46505591214577,0.96,834.3978981094176,801.0219821850409,33.375915924376734,,,,852.1044575730882,2403.0659465551134,2222.8360005407067,180.22994598978732,2403.0659465305,2.46138824877562e-08,1.0,-0.0,0.0,0.38370957694743607,213.50291548858485,0.925,601.5329732621735,556.4180002675106,45.114972994662935,1.0,0.0,0.0,0.38370957694744057,213.5029154885906,0.925,601.5329732621827,556.418000267519,45.11497299466373,1.0,0.0,-0.0,0.3829717356744462,212.54931330365397,0.925,600.0000000122409,555.0000000113229,45.0,1.0,0.0,-0.0,0.3829717356656196,212.54931329225877,0.925,599.9999999939023,554.9999999943597,45.0,1.0,,,0.101,224.50643605461138,2222.8360005407067,2222.8360005407067,0.0,68.9079160167619,0.0,,,280.35769378753105,0.0,120.55380832863835,4.0,1462.0060613543403,0.0,-0.0,0.0,129.5483570966081
109,1,110,0.094,0.0,1462.0060613568908,,,,0,0.0,1,2503.1936943282453,2503.1936943282453,-0.0,400.51099109251925,83.10603065169775,0.0,,,385.39516772664206,2503.1936943282453,2403.0659465551153,100.1277477731299,2503.1936943282453,0.0,1.0,0.0,0.0,0.16037644254396285,128.46505590234926,0.96,834.39789810941,801.0219821850336,33.37591592437643,1.0,0.0,0.0,0.16037644255619163,128.46505591214563,0.96,834.3978981094156,801.021982185039,33.37591592437665,1.0,0.0,-0.0,0.16037644255619274,128.46505591214716,0.96,834.3978981094195,801.0219821850427,33.37591592437681,,,,852.1044575753042,2403.0659465551153,2222.836000544006,180.22994599005483,2403.065946534066,2.1049572751508094e-08,1.0,-0.0,0.0,0.38370957694743607,213.50291548858485,0.925,601.5329732621735,556.4180002675106,45.114972994662935,1.0,0.0,0.0,0.38370957694744057,213.5029154885906,0.925,601.5329732621827,556.418000267519,45.11497299466373,1.0,0.0,-0.0,0.3829717356761627,212.54931330586996,0.925,600.0000000158071,555.0000000146216,45.000000001185526,1.0,0.0,-0.0,0.3829717356656196,212.54931329225877,0.925,599.9999999939023,554.9999999943597,45.0,1.0,,,0.101,224.5064360549446,2222.836000544006,2222.836000544006,0.0,68.90791601686418,0.0,,,280.3576937842343,0.0,120.55380832722075,4.0,1462.0060613568908,0.0,-0.0,0.0,137.42856976754774
110,1,111,0.10181,0.0,1462.006061676638,,,,0,0.0,1,2503.1936943282453,2503.1936943282453,-0.0,400.51099109251925,83.10603065169775,0.0,,,385.3951677266432,2503.1936943282453,2403.0659465551153,100.1277477731299,2503.1936943282453,0.0,1.0,0.0,0.0,0.16037644254396274,128.46505590234892,0.96,834.3978981094082,801.0219821850318,33.37591592437636,1.0,0.0,0.0,0.16037644255619307,128.46505591214708,0.96,834.3978981094175,801.0219821850408,33.37591592437673,1.0,0.0,-0.0,0.16037644255619274,128.46505591214716,0.96,834.3978981094195,801.0219821850427,33.37591592437681,,,,852.1044578532592,2403.0659465551153,2222.8360009577773,180.22994602360382,2403.065946981386,-4.2627050333976513e-07,1.0,-0.0,0.0,0.38370957694743607,213.50291548858485,0.925,601.5329732621735,556.4180002675106,45.114972994662935,1.0,0.0,0.0,0.38370957694744057,213.5029154885906,0.925,601.5329732621827,556.418000267519,45.11497299466373,1.0,0.0,-0.0,0.38297173589146416,212.54931358382498,0.925,600.0000004631274,555.0000004283929,45.00000003473451,1.0,0.0,-0.0,0.3829717356656196,212.54931329225877,0.925,599.9999999939023,554.9999999943597,45.0,1.0,,,0.101,224.5064360967355,2222.8360009577773,2222.8360009577773,0.0,68.9079160296911,0.0,,,280.3576933704632,0.0,120.55380814929917,4.0,1462.006061676638,0.0,-0.0,0.0,148.84683713929851
111,1,112,0.10382,0.0,1462.006061676641,,,,0,0.0,1,2503.1936943282476,2503.1936943282476,-0.0,400.51099109251965,83.10603065169782,0.0,,,385.3951677266447,2503.1936943282476,2403.0659465551175,100.12774777313,2503.1936943282476,0.0,1.0,0.0,0.0,0.16037644254396274,128.46505590234892,0.96,834.3978981094082,801.0219821850318,33.37591592437636,1.0,0.0,0.0,0.16037644255619307,128.46505591214708,0.96,834.3978981094175,801.0219821850408,33.37591592437673,1.0,0.0,-0.0,0.16037644255619418,128.46505591214867,0.96,834.3978981094219,801.021982185045,33.375915924376905,,,,852.1044578532606,2403.0659465551175,2222.836000957779,180.22994602360404,2403.065946981388,-4.262703896529274e-07,1.0,-0.0,0.0,0.38370957694743607,213.50291548858485,0.925,601.5329732621735,556.4180002675106,45.114972994662935,1.0,0.0,0.0,0.38370957694744057,213.5029154885906,0.925,601.5329732621827,556.418000267519,45.11497299466373,1.0,0.0,-0.0,0.38297173589146516,212.54931358382623,0.925,600.0000004631295,555.0000004283947,45.00000003473474,1.0,0.0,-0.0,0.3829717356656196,212.54931329225877,0.925,599.9999999939023,554.9999999943597,45.0,1.0,,,0.101,224.5064360967357,2222.836000957779,2222.836000957779,0.0,68.90791602969115,0.0,,,280.35769337046366,0.0,120.55380814929937,4.0,1462.006061676641,0.0,-0.0,0.0,151.78546932326884
112,1,113,0.12198,0.0,737.7739178510013,,,,0,0.0,1,1253.1936943005117,1253.1936943005117,-0.0,200.51099108808188,41.60603065077699,0.0,,,198.37165081978793,1253.1936943005117,1203.0659465284912,50.12774777202051,1253.1936943005117,0.0,1.0,0.0,0.0,0.16037644254396274,128.46505590234892,0.96,834.3978981094082,801.0219821850318,33.37591592437636,1.0,0.0,0.0,0.173877986283408,69.90659491743901,0.96,418.79579619110353,402.0439643434594,16.751831847644155,-0.0,0.0,1.0,0.271,0.0,0.96,0.0,0.0,0.0,,,,427.00583097717544,1203.0659465284912,1112.8360005350296,90.22994598932667,1203.0659465243561,4.134903974772897e-09,1.0,-0.0,0.0,0.38370957694743607,213.50291548858485,0.925,601.5329732621735,556.4180002675106,45.114972994662935,1.0,0.0,0.0,0.38370957694744057,213.5029154885906,0.925,601.5329732621827,556.418000267519,45.11497299466373,-0.0,0.0,1.0,0.08724817754776784,0.0,0.8800000000000001,0.0,0.0,0.0,-0.0,0.0,1.0,0.08724817754776784,0.0,0.8800000000000001,0.0,0.0,0.0,1.0,,,0.101,112.39643605403799,1112.8360005350296,1112.8360005350296,0.0,34.49791601658592,0.0,,,140.35769376548208,0.0,60.353808319157295,2.0,737.7739178510013,0.0,0.0,0.0,89.99366249946515
113,1,114,3.78877,0.0,0.0,,,,0,0.0,1,0.0,0.0,-0.0,0.0,0.0,0.0,,,0.0,0.0,0.0,0.0,0.0,0.0,-0.0,0.0,1.0,0.271,0.0,0.96,0.0,0.0,0.0,-0.0,0.0,1.0,0.271,0.0,0.96,0.0,0.0,0.0,-0.0,0.0,-0.0,0.271,0.0,0.96,0.0,0.0,0.0,,,,0.0,0.0,0.0,0.0,0.0,0.0,-0.0,0.0,1.0,0.08724817754776784,0.0,0.8800000000000001,0.0,0.0,0.0,-0.0,0.0,1.0,0.08724817754776784,0.0,0.8800000000000001,0.0,0.0,0.0,-0.0,0.0,-0.0,0.08724817754776784,0.0,0.8800000000000001,0.0,0.0,0.0,-0.0,0.0,-0.0,0.08724817754776784,0.0,0.8800000000000001,0.0,0.0,0.0,1.0,,,0.101,0.0,0.0,0.0,0.0,0.0,0.0,,,0.0,0.0,0.0,-0.0,0.0,0.0,0.0,0.0,0.0
114,1,115,5.01894,0.0,0.0,,,,0,0.0,1,0.0,0.0,-0.0,0.0,0.0,0.0,,,0.0,0.0,0.0,0.0,0.0,0.0,-0.0,0.0,-0.0,0.271,0.0,0.96,0.0,0.0,0.0,-0.0,0.0,-0.0,0.271,0.0,0.96,0.0,0.0,0.0,-0.0,0.0,-0.0,0.271,0.0,0.96,0.0,0.0,0.0,,,,0.0,0.0,0.0,0.0,0.0,0.0,-0.0,0.0,-0.0,0.08724817754776784,0.0,0.8800000000000001,0.0,0.0,0.0,-0.0,0.0,0.0,0.08724817754776784,0.0,0.8800000000000001,0.0,0.0,0.0,-0.0,0.0,-0.0,0.08724817754776784,0.0,0.8800000000000001,0.0,0.0,0.0,-0.0,0.0,-0.0,0.08724817754776784,0.0,0.8800000000000001,0.0,0.0,0.0,1.0,,,0.101,0.0,0.0,0.0,0.0,0.0,0.0,,,0.0,0.0,0.0,-0.0,0.0,0.0,0.0,0.0,0.0
115,1,116,2.52611,0.0,0.0,,,,0,0.0,1,0.0,0.0,-0.0,0.0,0.0,0.0,,,0.0,0.0,0.0,0.0,0.0,0.0,-0.0,0.0,-0.0,0.271,0.0,0.96,0.0,0.0,0.0,-0.0,0.0,-0.0,0.271,0.0,0.96,0.0,0.0,0.0,-0.0,0.0,-0.0,0.271,0.0,0.96,0.0,0.0,0.0,,,,0.0,0.0,0.0,0.0,0.0,0.0,-0.0,0.0,-0.0,0.08724817754776784,0.0,0.8800000000000001,0.0,0.0,0.0,-0.0,0.0,0.0,0.08724817754776784,0.0,0.8800000000000001,0.0,0.0,0.0,-0.0,0.0,-0.0,0.08724817754776784,0.0,0.8800000000000001,0.0,0.0,0.0,-0.0,0.0,-0.0,0.08724817754776784,0.0,0.8800000000000001,0.0,0.0,0.0,1.0,,,0.101,0.0,0.0,0.0,0.0,0.0,0.0,,,0.0,0.0,0.0,-0.0,0.0,0.0,0.0,0.0,0.0
116,1,117,0.75581,0.0,0.0,,,,0,0.0,1,0.0,0.0,-0.0,0.0,0.0,0.0,,,0.0,0.0,0.0,0.0,0.0,0.0,-0.0,0.0,0.0,0.271,0.0,0.96,0.0,0.0,0.0,0.0,0.0,0.0,0.271,0.0,0.96,0.0,0.0,0.0,-0.0,0.0,-0.0,0.271,0.0,0.96,0.0,0.0,0.0,,,,0.0,0.0,0.0,0.0,0.0,0.0,0.0,0.0,-0.0,0.08724817754776784,0.0,0.88,0.0,0.0,0.0,0.0,0.0,0.0,0.08724817754776784,0.0,0.88,0.0,0.0,0.0,-0.0,0.0,-0.0,0.08724817754776784,0.0,0.8800000000000001,0.0,0.0,0.0,-0.0,0.0,-0.0,0.08724817754776784,0.0,0.8800000000000001,0.0,0.0,0.0,1.0,,,0.101,0.0,0.0,0.0,0.0,0.0,0.0,,,0.0,0.0,0.0,0.0,0.0,0.0,0.0,0.0,0.0
117,1,118,0.154,0.0,0.0,,,,0,0.0,1,0.0,0.0,-0.0,0.0,0.0,0.0,,,0.0,0.0,0.0,0.0,0.0,0.0,-0.0,0.0,0.0,0.271,0.0,0.96,0.0,0.0,0.0,-0.0,0.0,0.0,0.271,0.0,0.96,0.0,0.0,0.0,-0.0,0.0,-0.0,0.271,0.0,0.96,0.0,0.0,0.0,,,,0.0,0.0,0.0,0.0,0.0,0.0,0.0,-0.0,0.0,0.08724817754776784,0.0,0.88,0.0,0.0,0.0,0.0,0.0,0.0,0.08724817754776784,0.0,0.88,0.0,0.0,0.0,-0.0,0.0,-0.0,0.08724817754776784,0.0,0.8800000000000001,0.0,0.0,0.0,-0.0,0.0,-0.0,0.08724817754776784,0.0,0.8800000000000001,0.0,0.0,0.0,1.0,,,0.101,0.0,0.0,0.0,0.0,0.0,0.0,,,0.0,0.0,0.0,0.0,0.0,0.0,0.0,0.0,0.0
118,1,119,0.12052,0.0,569.1039484689342,,,,0,0.0,1,1083.3333333333333,1083.3333333333333,-0.0,173.33333333333334,35.96666666666667,0.0,,,167.76002490246685,1083.3333333333333,1040.0,43.333333333333336,1083.3333333333333,0.0,1.0,1.0,0.0,0.16037539231730458,85.40784903464574,0.96,554.7391537167251,532.5495875680562,22.189566148669023,1.0,1.0,0.0,0.16228615417445477,82.35217586782113,0.96,528.5941796166084,507.450412431944,21.143767184664352,-0.0,0.0,-0.0,0.271,0.0,0.96,0.0,0.0,0.0,,,,308.9087235664673,1040.0,915.2,124.8,1040.0,0.0,1.0,1.0,0.0,0.33753138501580776,154.45436178323365,0.88,520.0,457.6,62.4,1.0,1.0,0.0,0.33753138501580815,154.45436178323365,0.88,520.0,457.6,62.4,-0.0,0.0,-0.0,0.08724817754776784,0.0,0.8800000000000001,0.0,0.0,0.0,-0.0,0.0,-0.0,0.08724817754776784,0.0,0.8800000000000001,0.0,0.0,0.0,0.0,,,0.101,92.43520000000001,915.2,0.0,915.2,28.3712,1.0,,,1083.3333333333333,0.0,465.8333333333333,2.0,569.1039484689342,0.0,0.0,0.0,68.58840786947594
119,1,120,0.11633,0.0,569.1039484689342,,,,0,0.0,1,1083.3333333333333,1083.3333333333333,-0.0,173.33333333333334,35.96666666666667,0.0,,,167.76002490246685,1083.3333333333333,1040.0,43.333333333333336,1083.3333333333333,0.0,1.0,0.0,0.0,0.16037539231730458,85.40784903464574,0.96,554.7391537167251,532.5495875680562,22.189566148669023,1.0,0.0,0.0,0.16228615417445477,82.35217586782113,0.96,528.5941796166084,507.450412431944,21.143767184664352,-0.0,0.0,-0.0,0.271,0.0,0.96,0.0,0.0,0.0,,,,308.9087235664673,1040.0,915.2,124.8,1040.0,0.0,1.0,-0.0,0.0,0.33753138501580776,154.45436178323365,0.88,520.0,457.6,62.4,1.0,0.0,0.0,0.33753138501580776,154.45436178323365,0.88,520.0,457.6,62.4,-0.0,0.0,-0.0,0.08724817754776784,0.0,0.8800000000000001,0.0,0.0,0.0,-0.0,0.0,-0.0,0.09418341935927774,0.0,0.925,0.0,0.0,0.0,0.0,,,0.101,92.43520000000001,915.2,0.0,915.2,28.3712,1.0,,,1083.3333333333333,0.0,465.8333333333333,2.0,569.1039484689342,0.0,0.0,0.0,66.20386232539111
120,1,121,0.11178,0.0,1461.9640739012125,,,,0,0.0,1,2503.1465555861237,2503.1465555861237,-0.0,400.5034488937798,83.1044656454593,0.0,,,385.3853864446352,2503.1465555861237,2403.0206933626787,100.12586222344504,2503.1465555861237,0.0,1.0,0.0,0.0,0.16037539231730455,128.46179548155234,0.96,834.3821851954099,801.0068977875934,33.37528740781642,1.0,0.0,0.0,0.16037539231730474,128.46179548155297,0.96,834.3821851954128,801.0068977875962,33.37528740781654,1.0,1.0,-0.0,0.16037539231729742,128.4617954815299,0.96,834.382185195301,801.0068977874889,33.37528740781207,,,,852.0764791791606,2403.0206933626787,2222.7941413605604,180.22655200220902,2403.0206933627887,0.0,1.0,-0.0,0.0,0.38402460973672264,213.91070819888384,0.925,602.187499996449,557.0234374967154,45.16406249973363,1.0,0.0,0.0,0.3831054115071198,212.72192366008844,0.925,600.2777311221085,555.2569012879504,45.02082983415812,1.0,1.0,-0.0,0.3831054115071245,212.72192366009273,0.925,600.2777311221132,555.2569012879547,45.02082983415846,1.0,1.0,-0.0,0.38310541150712674,212.7219236600956,0.925,600.2777311221179,555.2569012879591,45.0208298341588,1.0,,,0.101,224.5022082774166,2222.7941413605604,2222.7941413605604,0.0,68.90661838217737,0.0,,,280.3524142255441,0.0,120.55153811698398,4.0,1461.9640739012125,0.0,-0.0,0.0,163.41834418067754
121,1,122,0.11143,0.0,1461.964073901212,,,,0,0.0,1,2503.14655558612,2503.14655558612,-0.0,400.5034488937792,83.10446564545919,0.0,,,385.3853864446344,2503.14655558612,2403.020693362675,100.12586222344488,2503.14655558612,0.0,1.0,0.0,0.0,0.16037539231730455,128.46179548155234,0.96,834.3821851954099,801.0068977875934,33.37528740781642,1.0,0.0,0.0,0.16037539231730474,128.46179548155297,0.96,834.3821851954128,801.0068977875962,33.37528740781654,1.0,0.0,-0.0,0.16037539231729708,128.46179548152907,0.96,834.3821851952974,801.0068977874855,33.375287407811925,,,,852.076479179161,2403.020693362675,2222.7941413605613,180.22655200220902,2403.0206933627887,0.0,1.0,-0.0,0.0,0.384024609736723,213.91070819888415,0.925,602.1874999964493,557.0234374967157,45.16406249973363,1.0,0.0,0.0,0.3831054115071198,212.72192366008844,0.925,600.2777311221085,555.2569012879504,45.02082983415812,1.0,0.0,-0.0,0.3831054115071246,212.72192366009278,0.925,600.2777311221132,555.2569012879547,45.02082983415846,1.0,0.0,-0.0,0.38310541150712685,212.72192366009568,0.925,600.2777311221179,555.2569012879591,45.0208298341588,1.0,,,0.101,224.5022082774167,2222.7941413605613,2222.7941413605613,0.0,68.9066183821774,0.0,,,280.3524142255402,0.0,120.55153811698229,4.0,1461.964073901212,0.0,-0.0,0.0,162.90665675481205
122,1,123,0.11125,0.0,1461.964073901212,,,,0,0.0,1,2503.14655558612,2503.14655558612,-0.0,400.5034488937792,83.10446564545919,0.0,,,385.3853864446344,2503.14655558612,2403.020693362675,100.12586222344488,2503.14655558612,0.0,1.0,0.0,0.0,0.16037539231730455,128.46179548155234,0.96,834.3821851954099,801.0068977875934,33.37528740781642,1.0,0.0,0.0,0.16037539231730474,128.46179548155297,0.96,834.3821851954128,801.0068977875962,33.37528740781654,1.0,0.0,-0.0,0.16037539231729708,128.46179548152907,0.96,834.3821851952974,801.0068977874855,33.375287407811925,,,,852.076479179161,2403.020693362675,2222.7941413605613,180.22655200220902,2403.0206933627887,0.0,1.0,-0.0,0.0,0.384024609736723,213.91070819888415,0.925,602.1874999964493,557.0234374967157,45.16406249973363,1.0,0.0,0.0,0.3831054115071198,212.72192366008844,0.925,600.2777311221085,555.2569012879504,45.02082983415812,1.0,0.0,-0.0,0.3831054115071246,212.72192366009278,0.925,600.2777311221132,555.2569012879547,45.02082983415846,1.0,0.0,-0.0,0.38310541150712685,212.72192366009568,0.925,600.2777311221179,555.2569012879591,45.0208298341588,1.0,,,0.101,224.5022082774167,2222.7941413605613,2222.7941413605613,0.0,68.9066183821774,0.0,,,280.3524142255402,0.0,120.55153811698229,4.0,1461.964073901212,0.0,-0.0,0.0,162.64350322150983
123,1,124,0.11124,0.0,1461.964073901212,,,,0,0.0,1,2503.14655558612,2503.14655558612,-0.0,400.5034488937792,83.10446564545919,0.0,,,385.3853864446344,2503.14655558612,2403.020693362675,100.12586222344488,2503.14655558612,0.0,1.0,0.0,0.0,0.16037539231730455,128.46179548155234,0.96,834.3821851954099,801.0068977875934,33.37528740781642,1.0,0.0,0.0,0.16037539231730474,128.46179548155297,0.96,834.3821851954128,801.0068977875962,33.37528740781654,1.0,0.0,-0.0,0.16037539231729708,128.46179548152907,0.96,834.3821851952974,801.0068977874855,33.375287407811925,,,,852.076479179161,2403.020693362675,2222.7941413605613,180.22655200220902,2403.0206933627887,0.0,1.0,-0.0,0.0,0.384024609736723,213.91070819888415,0.925,602.1874999964493,557.0234374967157,45.16406249973363,1.0,0.0,0.0,0.3831054115071198,212.72192366008844,0.925,600.2777311221085,555.2569012879504,45.02082983415812,1.0,0.0,-0.0,0.3831054115071246,212.72192366009278,0.925,600.2777311221132,555.2569012879547,45.02082983415846,1.0,0.0,-0.0,0.38310541150712685,212.72192366009568,0.925,600.2777311221179,555.2569012879591,45.0208298341588,1.0,,,0.101,224.5022082774167,2222.7941413605613,2222.7941413605613,0.0,68.9066183821774,0.0,,,280.3524142255402,0.0,120.55153811698229,4.0,1461.964073901212,0.0,-0.0,0.0,162.62888358077083
124,1,125,0.11167,0.0,1461.964073901212,,,,0,0.0,1,2503.14655558612,2503.14655558612,-0.0,400.5034488937792,83.10446564545919,0.0,,,385.3853864446344,2503.14655558612,2403.020693362675,100.12586222344488,2503.14655558612,0.0,1.0,0.0,0.0,0.16037539231730455,128.46179548155234,0.96,834.3821851954099,801.0068977875934,33.37528740781642,1.0,0.0,0.0,0.16037539231730474,128.46179548155297,0.96,834.3821851954128,801.0068977875962,33.37528740781654,1.0,0.0,-0.0,0.16037539231729708,128.46179548152907,0.96,834.3821851952974,801.0068977874855,33.375287407811925,,,,852.076479179161,2403.020693362675,2222.7941413605613,180.22655200220902,2403.0206933627887,0.0,1.0,-0.0,0.0,0.384024609736723,213.91070819888415,0.925,602.1874999964493,557.0234374967157,45.16406249973363,1.0,0.0,0.0,0.3831054115071198,212.72192366008844,0.925,600.2777311221085,555.2569012879504,45.02082983415812,1.0,0.0,-0.0,0.38310541150712474,212.72192366009284,0.925,600.2777311221132,555.2569012879547,45.02082983415846,1.0,0.0,-0.0,0.38310541150712685,212.72192366009568,0.925,600.2777311221179,555.2569012879591,45.0208298341588,1.0,,,0.101,224.5022082774167,2222.7941413605613,2222.7941413605613,0.0,68.9066183821774,0.0,,,280.3524142255402,0.0,120.55153811698229,4.0,1461.964073901212,0.0,-0.0,0.0,163.25752813254834
125,1,126,0.11198,0.0,1461.964073901212,,,,0,0.0,1,2503.14655558612,2503.14655558612,-0.0,400.5034488937792,83.10446564545919,0.0,,,385.3853864446344,2503.14655558612,2403.020693362675,100.12586222344488,2503.14655558612,0.0,1.0,0.0,0.0,0.16037539231730455,128.46179548155234,0.96,834.3821851954099,801.0068977875934,33.37528740781642,1.0,0.0,0.0,0.16037539231730474,128.46179548155297,0.96,834.3821851954128,801.0068977875962,33.37528740781654,1.0,0.0,-0.0,0.16037539231729708,128.46179548152907,0.96,834.3821851952974,801.0068977874855,33.375287407811925,,,,852.076479179161,2403.020693362675,2222.7941413605613,180.22655200220902,2403.0206933627887,0.0,1.0,-0.0,0.0,0.384024609736723,213.91070819888415,0.925,602.1874999964493,557.0234374967157,45.16406249973363,1.0,0.0,0.0,0.3831054115071198,212.72192366008844,0.925,600.2777311221085,555.2569012879504,45.02082983415812,1.0,0.0,-0.0,0.3831054115071246,212.72192366009278,0.925,600.2777311221132,555.2569012879547,45.02082983415846,1.0,0.0,-0.0,0.38310541150712685,212.72192366009568,0.925,600.2777311221179,555.2569012879591,45.0208298341588,1.0,,,0.101,224.5022082774167,2222.7941413605613,2222.7941413605613,0.0,68.9066183821774,0.0,,,280.3524142255402,0.0,120.55153811698229,4.0,1461.964073901212,0.0,-0.0,0.0,163.71073699545772
126,1,127,0.10432,0.0,1461.964073901212,,,,0,0.0,1,2503.14655558612,2503.14655558612,-0.0,400.5034488937792,83.10446564545919,0.0,,,385.3853864446344,2503.14655558612,2403.020693362675,100.12586222344488,2503.14655558612,0.0,1.0,0.0,0.0,0.16037539231730455,128.46179548155234,0.96,834.3821851954099,801.0068977875934,33.37528740781642,1.0,0.0,0.0,0.16037539231730474,128.46179548155297,0.96,834.3821851954128,801.0068977875962,33.37528740781654,1.0,0.0,-0.0,0.16037539231729708,128.46179548152907,0.96,834.3821851952974,801.0068977874855,33.375287407811925,,,,852.076479179161,2403.020693362675,2222.7941413605613,180.22655200220902,2403.0206933627887,0.0,1.0,-0.0,0.0,0.384024609736723,213.91070819888415,0.925,602.1874999964493,557.0234374967157,45.16406249973363,1.0,0.0,0.0,0.3831054115071198,212.72192366008844,0.925,600.2777311221085,555.2569012879504,45.02082983415812,1.0,0.0,-0.0,0.3831054115071246,212.72192366009278,0.925,600.2777311221132,555.2569012879547,45.02082983415846,1.0,0.0,-0.0,0.38310541150712685,212.72192366009568,0.925,600.2777311221179,555.2569012879591,45.0208298341588,1.0,,,0.101,224.5022082774167,2222.7941413605613,2222.7941413605613,0.0,68.9066183821774,0.0,,,280.3524142255402,0.0,120.55153811698229,4.0,1461.964073901212,0.0,-0.0,0.0,152.51209218937444
127,1,128,0.08887,0.0,1461.964073901212,,,,0,0.0,1,2503.14655558612,2503.14655558612,-0.0,400.5034488937792,83.10446564545919,0.0,,,385.3853864446344,2503.14655558612,2403.020693362675,100.12586222344488,2503.14655558612,0.0,1.0,0.0,0.0,0.16037539231730455,128.46179548155234,0.96,834.3821851954099,801.0068977875934,33.37528740781642,1.0,0.0,0.0,0.16037539231730474,128.46179548155297,0.96,834.3821851954128,801.0068977875962,33.37528740781654,1.0,0.0,-0.0,0.16037539231729708,128.46179548152907,0.96,834.3821851952974,801.0068977874855,33.375287407811925,,,,852.076479179161,2403.020693362675,2222.7941413605613,180.22655200220902,2403.0206933627887,0.0,1.0,-0.0,0.0,0.384024609736723,213.91070819888415,0.925,602.1874999964493,557.0234374967157,45.16406249973363,1.0,0.0,0.0,0.3831054115071198,212.72192366008844,0.925,600.2777311221085,555.2569012879504,45.02082983415812,1.0,0.0,-0.0,0.3831054115071246,212.72192366009278,0.925,600.2777311221132,555.2569012879547,45.02082983415846,1.0,0.0,-0.0,0.38310541150712685,212.72192366009568,0.925,600.2777311221179,555.2569012879591,45.0208298341588,1.0,,,0.101,224.5022082774167,2222.7941413605613,2222.7941413605613,0.0,68.9066183821774,0.0,,,280.3524142255402,0.0,120.55153811698229,4.0,1461.964073901212,0.0,-0.0,0.0,129.92474724760072
128,1,129,0.07151,0.0,1461.9640739012134,,,,0,0.0,1,2503.14655558612,2503.14655558612,-0.0,400.5034488937792,83.10446564545919,0.0,,,385.3853864446344,2503.14655558612,2403.020693362675,100.12586222344488,2503.14655558612,0.0,1.0,0.0,0.0,0.16037539231730455,128.46179548155234,0.96,834.3821851954099,801.0068977875934,33.37528740781642,1.0,0.0,0.0,0.16037539231730474,128.46179548155297,0.96,834.3821851954128,801.0068977875962,33.37528740781654,1.0,0.0,-0.0,0.16037539231729708,128.46179548152907,0.96,834.3821851952974,801.0068977874855,33.375287407811925,,,,852.0764791791623,2403.020693362675,2222.7941413605613,180.22655200220902,2403.0206933627887,0.0,1.0,-0.0,0.0,0.384024609736723,213.91070819888415,0.925,602.1874999964493,557.0234374967157,45.16406249973363,1.0,0.0,0.0,0.3831054115071223,212.72192366008983,0.925,600.2777311221085,555.2569012879504,45.02082983415812,1.0,0.0,-0.0,0.3831054115071246,212.72192366009278,0.925,600.2777311221132,555.2569012879547,45.02082983415846,1.0,0.0,-0.0,0.38310541150712685,212.72192366009568,0.925,600.2777311221179,555.2569012879591,45.0208298341588,1.0,,,0.101,224.5022082774167,2222.7941413605613,2222.7941413605613,0.0,68.9066183821774,0.0,,,280.3524142255402,0.0,120.55153811698229,4.0,1461.9640739012134,0.0,-0.0,0.0,104.54505092467578
129,1,130,0.06391,0.0,1461.964073901212,,,,0,0.0,1,2503.14655558612,2503.14655558612,-0.0,400.5034488937792,83.10446564545919,0.0,,,385.3853864446344,2503.14655558612,2403.020693362675,100.12586222344488,2503.14655558612,0.0,1.0,0.0,0.0,0.16037539231730455,128.46179548155234,0.96,834.3821851954099,801.0068977875934,33.37528740781642,1.0,0.0,0.0,0.16037539231730474,128.46179548155297,0.96,834.3821851954128,801.0068977875962,33.37528740781654,1.0,0.0,-0.0,0.16037539231729708,128.46179548152907,0.96,834.3821851952974,801.0068977874855,33.375287407811925,,,,852.076479179161,2403.020693362675,2222.7941413605613,180.22655200220902,2403.0206933627887,0.0,1.0,-0.0,0.0,0.384024609736723,213.91070819888415,0.925,602.1874999964493,557.0234374967157,45.16406249973363,1.0,0.0,0.0,0.3831054115071198,212.72192366008844,0.925,600.2777311221085,555.2569012879504,45.02082983415812,1.0,0.0,-0.0,0.3831054115071246,212.72192366009278,0.925,600.2777311221132,555.2569012879547,45.02082983415846,1.0,0.0,-0.0,0.38310541150712685,212.72192366009568,0.925,600.2777311221179,555.2569012879591,45.0208298341588,1.0,,,0.101,224.5022082774167,2222.7941413605613,2222.7941413605613,0.0,68.9066183821774,0.0,,,280.3524142255402,0.0,120.55153811698229,4.0,1461.964073901212,0.0,-0.0,0.0,93.43412396302645
130,1,131,0.06078,0.0,1461.964073901212,,,,0,0.0,1,2503.14655558612,2503.14655558612,-0.0,400.5034488937792,83.10446564545919,0.0,,,385.3853864446344,2503.14655558612,2403.020693362675,100.12586222344488,2503.14655558612,0.0,1.0,0.0,0.0,0.16037539231730455,128.46179548155234,0.96,834.3821851954099,801.0068977875934,33.37528740781642,1.0,0.0,0.0,0.16037539231730474,128.46179548155297,0.96,834.3821851954128,801.0068977875962,33.37528740781654,1.0,0.0,-0.0,0.16037539231729708,128.46179548152907,0.96,834.3821851952974,801.0068977874855,33.375287407811925,,,,852.076479179161,2403.020693362675,2222.7941413605613,180.22655200220913,2403.0206933627887,0.0,1.0,-0.0,0.0,0.384024609736723,213.91070819888415,0.925,602.1874999964493,557.0234374967157,45.16406249973363,1.0,0.0,0.0,0.38310541150711974,212.72192366008838,0.9249999999999998,600.2777311221085,555.2569012879503,45.020829834158235,1.0,0.0,-0.0,0.3831054115071246,212.72192366009278,0.925,600.2777311221132,555.2569012879547,45.02082983415846,1.0,0.0,-0.0,0.38310541150712685,212.72192366009568,0.925,600.2777311221179,555.2569012879591,45.0208298341588,1.0,,,0.101,224.5022082774167,2222.7941413605613,2222.7941413605613,0.0,68.9066183821774,0.0,,,280.3524142255403,0.0,120.55153811698233,4.0,1461.964073901212,0.0,-0.0,0.0,88.85817641171568
131,1,132,0.05905,0.0,1461.964073901212,,,,0,0.0,1,2503.14655558612,2503.14655558612,-0.0,400.5034488937792,83.10446564545919,0.0,,,385.3853864446344,2503.14655558612,2403.020693362675,100.12586222344488,2503.14655558612,0.0,1.0,0.0,0.0,0.16037539231730455,128.46179548155234,0.96,834.3821851954099,801.0068977875934,33.37528740781642,1.0,0.0,0.0,0.16037539231730474,128.46179548155297,0.96,834.3821851954128,801.0068977875962,33.37528740781654,1.0,0.0,-0.0,0.16037539231729708,128.46179548152907,0.96,834.3821851952974,801.0068977874855,33.375287407811925,,,,852.0764791791611,2403.020693362675,2222.7941413605613,180.22655200220902,2403.0206933627887,0.0,1.0,-0.0,0.0,0.384024609736723,213.91070819888415,0.925,602.1874999964493,557.0234374967157,45.16406249973363,1.0,0.0,0.0,0.3831054115071198,212.72192366008844,0.925,600.2777311221085,555.2569012879504,45.02082983415812,1.0,0.0,-0.0,0.3831054115071246,212.72192366009278,0.925,600.2777311221132,555.2569012879547,45.02082983415846,1.0,0.0,-0.0,0.38310541150712696,212.72192366009574,0.925,600.2777311221179,555.2569012879591,45.0208298341588,1.0,,,0.101,224.5022082774167,2222.7941413605613,2222.7941413605613,0.0,68.9066183821774,0.0,,,280.3524142255402,0.0,120.55153811698229,4.0,1461.964073901212,0.0,-0.0,0.0,86.32897856386657
132,1,133,0.06315,0.0,1461.964073901212,,,,0,0.0,1,2503.14655558612,2503.14655558612,-0.0,400.5034488937792,83.10446564545919,0.0,,,385.3853864446344,2503.14655558612,2403.020693362675,100.12586222344488,2503.14655558612,0.0,1.0,0.0,0.0,0.16037539231730455,128.46179548155234,0.96,834.3821851954099,801.0068977875934,33.37528740781642,1.0,0.0,0.0,0.16037539231730474,128.46179548155297,0.96,834.3821851954128,801.0068977875962,33.37528740781654,1.0,0.0,-0.0,0.16037539231729708,128.46179548152907,0.96,834.3821851952974,801.0068977874855,33.375287407811925,,,,852.076479179161,2403.020693362675,2222.7941413605613,180.22655200220902,2403.0206933627887,0.0,1.0,-0.0,0.0,0.384024609736723,213.91070819888415,0.925,602.1874999964493,557.0234374967157,45.16406249973363,1.0,0.0,0.0,0.3831054115071198,212.72192366008844,0.925,600.2777311221085,555.2569012879504,45.02082983415812,1.0,0.0,-0.0,0.38310541150712474,212.72192366009284,0.925,600.2777311221132,555.2569012879547,45.02082983415846,1.0,0.0,-0.0,0.38310541150712685,212.72192366009568,0.925,600.2777311221179,555.2569012879591,45.0208298341588,1.0,,,0.101,224.5022082774167,2222.7941413605613,2222.7941413605613,0.0,68.9066183821774,0.0,,,280.3524142255402,0.0,120.55153811698229,4.0,1461.964073901212,0.0,-0.0,0.0,92.32303126686153
133,1,134,0.06632,0.0,1461.964073901212,,,,0,0.0,1,2503.14655558612,2503.14655558612,-0.0,400.5034488937792,83.10446564545919,0.0,,,385.3853864446344,2503.14655558612,2403.020693362675,100.12586222344488,2503.14655558612,0.0,1.0,0.0,0.0,0.16037539231730455,128.46179548155234,0.96,834.3821851954099,801.0068977875934,33.37528740781642,1.0,0.0,0.0,0.16037539231730474,128.46179548155297,0.96,834.3821851954128,801.0068977875962,33.37528740781654,1.0,0.0,-0.0,0.16037539231729708,128.46179548152907,0.96,834.3821851952974,801.0068977874855,33.375287407811925,,,,852.0764791791611,2403.020693362675,2222.7941413605613,180.22655200220902,2403.0206933627887,0.0,1.0,-0.0,0.0,0.384024609736723,213.91070819888415,0.925,602.1874999964493,557.0234374967157,45.16406249973363,1.0,0.0,0.0,0.3831054115071198,212.72192366008844,0.925,600.2777311221085,555.2569012879504,45.02082983415812,1.0,0.0,-0.0,0.3831054115071246,212.72192366009278,0.925,600.2777311221132,555.2569012879547,45.02082983415846,1.0,0.0,-0.0,0.38310541150712696,212.72192366009574,0.925,600.2777311221179,555.2569012879591,45.0208298341588,1.0,,,0.101,224.5022082774167,2222.7941413605613,2222.7941413605613,0.0,68.9066183821774,0.0,,,280.3524142255402,0.0,120.55153811698229,4.0,1461.964073901212,0.0,-0.0,0.0,96.95745738112839
134,1,135,0.07376,0.0,1461.964073901212,,,,0,0.0,1,2503.14655558612,2503.14655558612,-0.0,400.5034488937792,83.10446564545919,0.0,,,385.3853864446344,2503.14655558612,2403.020693362675,100.12586222344488,2503.14655558612,0.0,1.0,0.0,0.0,0.16037539231730455,128.46179548155234,0.96,834.3821851954099,801.0068977875934,33.37528740781642,1.0,0.0,0.0,0.16037539231730474,128.46179548155297,0.96,834.3821851954128,801.0068977875962,33.37528740781654,1.0,0.0,-0.0,0.16037539231729708,128.46179548152907,0.96,834.3821851952974,801.0068977874855,33.375287407811925,,,,852.076479179161,2403.020693362675,2222.7941413605613,180.22655200220902,2403.0206933627887,0.0,1.0,-0.0,0.0,0.384024609736723,213.91070819888415,0.925,602.1874999964493,557.0234374967157,45.16406249973363,1.0,0.0,0.0,0.3831054115071198,212.72192366008844,0.925,600.2777311221085,555.2569012879504,45.02082983415812,1.0,0.0,-0.0,0.3831054115071246,212.72192366009278,0.925,600.2777311221132,555.2569012879547,45.02082983415846,1.0,0.0,-0.0,0.38310541150712685,212.72192366009568,0.925,600.2777311221179,555.2569012879591,45.0208298341588,1.0,,,0.101,224.5022082774167,2222.7941413605613,2222.7941413605613,0.0,68.9066183821774,0.0,,,280.3524142255402,0.0,120.55153811698229,4.0,1461.964073901212,0.0,-0.0,0.0,107.8344700909534
135,1,136,0.0834,0.0,1461.9640739012123,,,,0,0.0,1,2503.14655558612,2503.14655558612,-0.0,400.5034488937792,83.10446564545919,0.0,,,385.3853864446344,2503.14655558612,2403.020693362675,100.12586222344488,2503.14655558612,0.0,1.0,0.0,0.0,0.16037539231730455,128.46179548155234,0.96,834.3821851954099,801.0068977875934,33.37528740781642,1.0,0.0,0.0,0.16037539231730474,128.46179548155297,0.96,834.3821851954128,801.0068977875962,33.37528740781654,1.0,0.0,-0.0,0.16037539231729708,128.46179548152907,0.96,834.3821851952974,801.0068977874855,33.375287407811925,,,,852.0764791791612,2403.020693362675,2222.7941413605613,180.22655200220902,2403.0206933627887,0.0,1.0,-0.0,0.0,0.3840246097367235,213.9107081988844,0.925,602.1874999964493,557.0234374967157,45.16406249973363,1.0,0.0,0.0,0.3831054115071198,212.72192366008844,0.925,600.2777311221085,555.2569012879504,45.02082983415812,1.0,0.0,-0.0,0.3831054115071246,212.72192366009278,0.925,600.2777311221132,555.2569012879547,45.02082983415846,1.0,0.0,-0.0,0.38310541150712685,212.72192366009568,0.925,600.2777311221179,555.2569012879591,45.0208298341588,1.0,,,0.101,224.5022082774167,2222.7941413605613,2222.7941413605613,0.0,68.9066183821774,0.0,,,280.3524142255402,0.0,120.55153811698229,4.0,1461.9640739012123,0.0,-0.0,0.0,121.92780376336111
136,1,137,0.10749,0.0,1461.96407390121,,,,0,0.0,1,2503.14655558612,2503.14655558612,-0.0,400.5034488937792,83.10446564545919,0.0,,,385.3853864446344,2503.14655558612,2403.020693362675,100.12586222344488,2503.14655558612,0.0,1.0,0.0,0.0,0.16037539231730455,128.46179548155234,0.96,834.3821851954099,801.0068977875934,33.37528740781642,1.0,0.0,0.0,0.16037539231730474,128.46179548155297,0.96,834.3821851954128,801.0068977875962,33.37528740781654,1.0,0.0,-0.0,0.16037539231729708,128.46179548152907,0.96,834.3821851952974,801.0068977874855,33.375287407811925,,,,852.0764791791611,2403.020693362675,2222.794141360541,180.22655200220913,2403.0206933627887,0.0,1.0,-0.0,0.0,0.384024609736723,213.91070819888415,0.925,602.1874999964493,557.0234374967157,45.16406249973363,1.0,0.0,0.0,0.38310541150711974,212.72192366008838,0.9249999999999998,600.2777311221085,555.2569012879503,45.020829834158235,1.0,0.0,-0.0,0.38310541150712474,212.72192366009284,0.925,600.2777311221132,555.2569012879547,45.02082983415846,1.0,0.0,-0.0,0.38310541150712696,212.72192366009574,0.925,600.2777311221179,555.2569012879591,45.0208298341588,1.0,,,0.101,224.50220827741464,2222.794141360541,2222.794141360541,0.0,68.90661838217676,0.0,,,280.3524142255403,0.0,120.55153811698233,4.0,1461.96407390121,0.0,-0.0,0.0,157.14651830364107
137,1,138,0.72792,0.0,589.3300772770484,,,,0,0.0,1,1083.3333333333333,1083.3333333333333,-0.0,173.33333333333334,35.96666666666667,0.0,,,167.8261355656946,1083.3333333333333,1040.0,43.333333333333336,1083.3333333333333,0.0,1.0,0.0,0.0,0.1594334611093749,87.18459387305097,0.96,569.6250000000026,546.8400000000025,22.785000000000124,1.0,0.0,0.0,0.16352003749826405,80.64154169264364,0.96,513.7083333333318,493.1599999999985,20.54833333333329,-0.0,0.0,1.0,0.271,0.0,0.96,0.0,0.0,0.0,,,,325.55394171135373,1040.0,950.0,90.0,1040.0,0.0,1.0,-0.0,0.0,0.3426883596961616,162.77697085567686,0.9134615384615391,520.0,475.0,45.0,1.0,0.0,0.0,0.3426883596961616,162.77697085567686,0.9134615384615391,520.0,475.0,45.0,-0.0,0.0,1.0,0.08724817754776784,0.0,0.8800000000000001,0.0,0.0,0.0,-0.0,0.0,1.0,0.08724817754776784,0.0,0.8800000000000001,0.0,0.0,0.0,1.0,,,0.101,95.95,950.0,950.0,0.0,29.45,0.0,,,133.33333333333334,0.0,57.333333333333336,2.0,589.3300772770484,0.0,0.0,0.0,428.9851498515091
138,1,139,1.91079,0.0,569.1700591321618,,,,0,0.0,1,1083.3333333333333,1083.3333333333333,-0.0,173.33333333333334,35.96666666666667,0.0,,,167.8261355656946,1083.3333333333333,1040.0,43.333333333333336,1083.3333333333333,0.0,1.0,0.0,0.0,0.1594334611093749,87.18459387305097,0.96,569.6250000000026,546.8400000000025,22.785000000000124,1.0,0.0,0.0,0.16352003749826405,80.64154169264364,0.96,513.7083333333318,493.1599999999985,20.54833333333329,-0.0,0.0,-0.0,0.271,0.0,0.96,0.0,0.0,0.0,,,,308.9087235664673,1040.0,915.2,124.8,1040.0,0.0,1.0,-0.0,0.0,0.33753138501580776,154.45436178323365,0.88,520.0,457.6,62.4,1.0,0.0,0.0,0.33753138501580776,154.45436178323365,0.88,520.0,457.6,62.4,-0.0,0.0,-0.0,0.08724817754776784,0.0,0.8800000000000001,0.0,0.0,0.0,-0.0,0.0,-0.0,0.08724817754776784,0.0,0.8800000000000001,0.0,0.0,0.0,1.0,,,0.101,92.43519999999992,915.2,915.2,0.0,28.371199999999973,0.0,,,168.13333333333333,0.0,72.29733333333374,2.0,569.1700591321618,0.0,0.0,0.0,1087.5644572891433
139,1,140,0.20267,0.0,737.694081966546,,,,0,0.0,1,1253.0978090984545,1253.0978090984545,-0.0,200.49564945575273,41.60284726206869,0.0,,,198.35773616366208,1253.0978090984545,1202.9738967345163,50.123912363938224,1253.0978090984545,0.0,1.0,0.0,0.0,0.1603743063948878,128.45842399094727,0.96,834.3659363640363,800.9912989094748,33.37463745456148,1.0,0.0,0.0,0.17388641336941088,69.89931217271482,0.96,418.73187273441823,401.98259782504147,16.749274909376744,-0.0,0.0,-0.0,0.271,0.0,0.96,0.0,0.0,0.0,,,,426.94850949989046,1202.9738967345163,1112.7508544850834,90.22304225554717,1202.9738967406306,-6.114191819506232e-09,1.0,-0.0,0.0,0.38368742452905674,213.47425474994338,0.925,601.4869483703125,556.3754272425391,45.11152112777336,1.0,0.0,0.0,0.3836874245290598,213.47425474994708,0.925,601.486948370318,556.3754272425442,45.11152112777381,-0.0,0.0,-0.0,0.08724817754776784,0.0,0.8800000000000001,0.0,0.0,0.0,-0.0,0.0,-0.0,0.08724817754776784,0.0,0.8800000000000001,0.0,0.0,0.0,1.0,,,0.101,112.38783630299343,1112.7508544850834,1112.7508544850834,0.0,34.495276489037586,0.0,,,140.3469546133712,0.0,60.34919048374962,2.0,737.694081966546,0.0,0.0,0.0,149.50845959215988
140,1,141,0.13268,0.0,1461.9202443590857,,,,0,0.0,1,2503.0978090921176,2503.0978090921176,-0.0,400.49564945473884,83.1028472618583,0.0,,,385.37527197284396,2503.0978090921176,2402.9738967284334,100.12391236368481,2503.097809092118,0.0,1.0,0.0,0.0,0.1603743063948878,128.45842399094727,0.96,834.3659363640363,800.9912989094748,33.37463745456148,1.0,0.0,0.0,0.16037430639488803,128.4584239909479,0.96,834.3659363640392,800.9912989094776,33.374637454561594,1.0,1.0,-0.0,0.1603743063948886,128.45842399094883,0.96,834.3659363640423,800.9912989094806,33.37463745456172,,,,852.0471360843898,2402.9738967284334,2222.750854473781,180.2230422546305,2402.9738967284075,0.0,1.0,-0.0,0.0,0.3836874245290568,213.47425474994506,0.925,601.4869483703171,556.3754272425433,45.11152112777381,1.0,0.0,0.0,0.38368742452905985,213.47425474994702,0.925,601.4869483703178,556.375427242544,45.11152112777381,1.0,1.0,-0.0,0.38297173566560905,212.54931329224527,0.925,599.9999999938807,554.9999999943396,45.0,1.0,1.0,-0.0,0.382971735665615,212.54931329225235,0.925,599.9999999938914,554.9999999943495,45.0,1.0,,,0.101,224.49783630185192,2222.750854473781,2222.750854473781,0.0,68.90527648868722,0.0,,,280.34695461834133,0.0,120.54919048588677,4.0,1461.9202443590857,0.0,-0.0,0.0,193.96757802156347
141,1,142,0.12244,0.0,1461.9202443590991,,,,0,0.0,1,2503.0978090921126,2503.0978090921126,-0.0,400.49564945473804,83.10284726185814,0.0,,,385.3752719728425,2503.0978090921126,2402.973896728428,100.1239123636846,2503.0978090921126,0.0,1.0,0.0,0.0,0.1603743063948876,128.45842399094667,0.96,834.3659363640336,800.9912989094722,33.37463745456137,1.0,0.0,0.0,0.1603743063948876,128.4584239909467,0.96,834.3659363640336,800.9912989094722,33.37463745456137,1.0,0.0,-0.0,0.1603743063948883,128.45842399094906,0.96,834.3659363640452,800.9912989094834,33.374637454561835,,,,852.047136084403,2402.973896728428,2222.7508544738,180.2230422546321,2402.973896728428,0.0,1.0,-0.0,0.0,0.3836874245290568,213.47425474994506,0.925,601.4869483703171,556.3754272425433,45.11152112777381,1.0,0.0,0.0,0.38368742452905985,213.47425474994702,0.925,601.4869483703178,556.375427242544,45.11152112777381,1.0,0.0,-0.0,0.3829717356656118,212.54931329224843,0.925,599.9999999938852,554.9999999943439,45.0,1.0,0.0,-0.0,0.38297173566562265,212.54931329226238,0.925,599.9999999939077,554.9999999943647,45.0,1.0,,,0.101,224.4978363018538,2222.7508544738,2222.7508544738,0.0,68.90527648868779,0.0,,,280.3469546183166,0.0,120.54919048587614,4.0,1461.9202443590991,0.0,-0.0,0.0,178.99751471932808
142,1,143,0.11797,0.0,1461.9202443590978,,,,0,0.0,1,2503.0978090921126,2503.0978090921126,-0.0,400.49564945473804,83.10284726185814,0.0,,,385.3752719728425,2503.0978090921126,2402.973896728428,100.1239123636846,2503.0978090921126,0.0,1.0,0.0,0.0,0.1603743063948876,128.45842399094667,0.96,834.3659363640336,800.9912989094722,33.37463745456137,1.0,0.0,0.0,0.1603743063948876,128.4584239909467,0.96,834.3659363640336,800.9912989094722,33.37463745456137,1.0,0.0,-0.0,0.1603743063948883,128.45842399094906,0.96,834.3659363640452,800.9912989094834,33.374637454561835,,,,852.0471360844015,2402.973896728428,2222.7508544738,180.2230422546321,2402.973896728428,0.0,1.0,-0.0,0.0,0.3836874245290568,213.47425474994506,0.925,601.4869483703171,556.3754272425433,45.11152112777381,1.0,0.0,0.0,0.38368742452905985,213.47425474994702,0.925,601.4869483703178,556.375427242544,45.11152112777381,1.0,0.0,-0.0,0.3829717356656092,212.54931329224698,0.925,599.9999999938852,554.9999999943439,45.0,1.0,0.0,-0.0,0.38297173566562265,212.54931329226238,0.925,599.9999999939077,554.9999999943647,45.0,1.0,,,0.101,224.4978363018538,2222.7508544738,2222.7508544738,0.0,68.90527648868779,0.0,,,280.3469546183166,0.0,120.54919048587614,4.0,1461.9202443590978,0.0,-0.0,0.0,172.46273122704278
143,1,144,0.11496,0.0,1461.9202443590978,,,,0,0.0,1,2503.0978090921126,2503.0978090921126,-0.0,400.49564945473804,83.10284726185814,0.0,,,385.3752719728425,2503.0978090921126,2402.973896728428,100.1239123636846,2503.0978090921126,0.0,1.0,0.0,0.0,0.1603743063948876,128.45842399094667,0.96,834.3659363640336,800.9912989094722,33.37463745456137,1.0,0.0,0.0,0.1603743063948876,128.4584239909467,0.96,834.3659363640336,800.9912989094722,33.37463745456137,1.0,0.0,-0.0,0.1603743063948883,128.45842399094906,0.96,834.3659363640452,800.9912989094834,33.374637454561835,,,,852.0471360844015,2402.973896728428,2222.7508544738,180.2230422546321,2402.973896728428,0.0,1.0,-0.0,0.0,0.3836874245290568,213.47425474994506,0.925,601.4869483703171,556.3754272425433,45.11152112777381,1.0,0.0,0.0,0.38368742452905985,213.47425474994702,0.925,601.4869483703178,556.375427242544,45.11152112777381,1.0,0.0,-0.0,0.3829717356656092,212.54931329224698,0.925,599.9999999938852,554.9999999943439,45.0,1.0,0.0,-0.0,0.38297173566562265,212.54931329226238,0.925,599.9999999939077,554.9999999943647,45.0,1.0,,,0.101,224.4978363018538,2222.7508544738,2222.7508544738,0.0,68.90527648868779,0.0,,,280.3469546183166,0.0,120.54919048587614,4.0,1461.9202443590978,0.0,-0.0,0.0,168.06235129152188
144,1,145,0.11178,0.0,1461.9202443590978,,,,0,0.0,1,2503.0978090921126,2503.0978090921126,-0.0,400.49564945473804,83.10284726185814,0.0,,,385.3752719728425,2503.0978090921126,2402.973896728428,100.1239123636846,2503.0978090921126,0.0,1.0,0.0,0.0,0.1603743063948876,128.45842399094667,0.96,834.3659363640336,800.9912989094722,33.37463745456137,1.0,0.0,0.0,0.1603743063948876,128.4584239909467,0.96,834.3659363640336,800.9912989094722,33.37463745456137,1.0,0.0,-0.0,0.1603743063948883,128.45842399094906,0.96,834.3659363640452,800.9912989094834,33.374637454561835,,,,852.0471360844015,2402.973896728428,2222.7508544738,180.2230422546321,2402.973896728428,0.0,1.0,-0.0,0.0,0.3836874245290568,213.47425474994506,0.925,601.4869483703171,556.3754272425433,45.11152112777381,1.0,0.0,0.0,0.38368742452905985,213.47425474994702,0.925,601.4869483703178,556.375427242544,45.11152112777381,1.0,0.0,-0.0,0.3829717356656092,212.54931329224698,0.925,599.9999999938852,554.9999999943439,45.0,1.0,0.0,-0.0,0.38297173566562265,212.54931329226238,0.925,599.9999999939077,554.9999999943647,45.0,1.0,,,0.101,224.4978363018538,2222.7508544738,2222.7508544738,0.0,68.90527648868779,0.0,,,280.3469546183166,0.0,120.54919048587614,4.0,1461.9202443590978,0.0,-0.0,0.0,163.41344491445994
145,1,146,0.11143,0.0,1461.9202443590978,,,,0,0.0,1,2503.0978090921126,2503.0978090921126,-0.0,400.49564945473804,83.10284726185814,0.0,,,385.3752719728425,2503.0978090921126,2402.973896728428,100.1239123636846,2503.0978090921126,0.0,1.0,0.0,0.0,0.1603743063948876,128.45842399094667,0.96,834.3659363640336,800.9912989094722,33.37463745456137,1.0,0.0,0.0,0.1603743063948876,128.4584239909467,0.96,834.3659363640336,800.9912989094722,33.37463745456137,1.0,0.0,-0.0,0.1603743063948883,128.45842399094906,0.96,834.3659363640452,800.9912989094834,33.374637454561835,,,,852.0471360844015,2402.973896728428,2222.7508544738,180.2230422546321,2402.973896728428,0.0,1.0,-0.0,0.0,0.3836874245290568,213.47425474994506,0.925,601.4869483703171,556.3754272425433,45.11152112777381,1.0,0.0,0.0,0.38368742452905985,213.47425474994702,0.925,601.4869483703178,556.375427242544,45.11152112777381,1.0,0.0,-0.0,0.3829717356656092,212.54931329224698,0.925,599.9999999938852,554.9999999943439,45.0,1.0,0.0,-0.0,0.38297173566562265,212.54931329226238,0.925,599.9999999939077,554.9999999943647,45.0,1.0,,,0.101,224.4978363018538,2222.7508544738,2222.7508544738,0.0,68.90527648868779,0.0,,,280.3469546183166,0.0,120.54919048587614,4.0,1461.9202443590978,0.0,-0.0,0.0,162.90177282893427
146,1,147,0.11125,0.0,1461.9202443590978,,,,0,0.0,1,2503.0978090921126,2503.0978090921126,-0.0,400.49564945473804,83.10284726185814,0.0,,,385.3752719728425,2503.0978090921126,2402.973896728428,100.1239123636846,2503.0978090921126,0.0,1.0,0.0,0.0,0.1603743063948876,128.45842399094667,0.96,834.3659363640336,800.9912989094722,33.37463745456137,1.0,0.0,0.0,0.1603743063948876,128.4584239909467,0.96,834.3659363640336,800.9912989094722,33.37463745456137,1.0,0.0,-0.0,0.1603743063948883,128.45842399094906,0.96,834.3659363640452,800.9912989094834,33.374637454561835,,,,852.0471360844015,2402.973896728428,2222.7508544738,180.2230422546321,2402.973896728428,0.0,1.0,-0.0,0.0,0.3836874245290568,213.47425474994506,0.925,601.4869483703171,556.3754272425433,45.11152112777381,1.0,0.0,0.0,0.38368742452905985,213.47425474994702,0.925,601.4869483703178,556.375427242544,45.11152112777381,1.0,0.0,-0.0,0.3829717356656092,212.54931329224698,0.925,599.9999999938852,554.9999999943439,45.0,1.0,0.0,-0.0,0.38297173566562265,212.54931329226238,0.925,599.9999999939077,554.9999999943647,45.0,1.0,,,0.101,224.4978363018538,2222.7508544738,2222.7508544738,0.0,68.90527648868779,0.0,,,280.3469546183166,0.0,120.54919048587614,4.0,1461.9202443590978,0.0,-0.0,0.0,162.63862718494963
147,1,148,0.11124,0.0,1461.9202443590978,,,,0,0.0,1,2503.0978090921126,2503.0978090921126,-0.0,400.49564945473804,83.10284726185814,0.0,,,385.3752719728425,2503.0978090921126,2402.973896728428,100.1239123636846,2503.0978090921126,0.0,1.0,0.0,0.0,0.1603743063948876,128.45842399094667,0.96,834.3659363640336,800.9912989094722,33.37463745456137,1.0,0.0,0.0,0.1603743063948876,128.4584239909467,0.96,834.3659363640336,800.9912989094722,33.37463745456137,1.0,0.0,-0.0,0.1603743063948883,128.45842399094906,0.96,834.3659363640452,800.9912989094834,33.374637454561835,,,,852.0471360844015,2402.973896728428,2222.7508544738,180.2230422546321,2402.973896728428,0.0,1.0,-0.0,0.0,0.3836874245290568,213.47425474994506,0.925,601.4869483703171,556.3754272425433,45.11152112777381,1.0,0.0,0.0,0.38368742452905985,213.47425474994702,0.925,601.4869483703178,556.375427242544,45.11152112777381,1.0,0.0,-0.0,0.3829717356656092,212.54931329224698,0.925,599.9999999938852,554.9999999943439,45.0,1.0,0.0,-0.0,0.38297173566562265,212.54931329226238,0.925,599.9999999939077,554.9999999943647,45.0,1.0,,,0.101,224.4978363018538,2222.7508544738,2222.7508544738,0.0,68.90527648868779,0.0,,,280.3469546183166,0.0,120.54919048587614,4.0,1461.9202443590978,0.0,-0.0,0.0,162.62400798250604
148,1,149,0.11167,0.0,1461.9202443590978,,,,0,0.0,1,2503.0978090921126,2503.0978090921126,-0.0,400.49564945473804,83.10284726185814,0.0,,,385.3752719728425,2503.0978090921126,2402.973896728428,100.1239123636846,2503.0978090921126,0.0,1.0,0.0,0.0,0.1603743063948876,128.45842399094667,0.96,834.3659363640336,800.9912989094722,33.37463745456137,1.0,0.0,0.0,0.1603743063948876,128.4584239909467,0.96,834.3659363640336,800.9912989094722,33.37463745456137,1.0,0.0,-0.0,0.1603743063948883,128.45842399094906,0.96,834.3659363640452,800.9912989094834,33.374637454561835,,,,852.0471360844015,2402.973896728428,2222.7508544738,180.2230422546321,2402.973896728428,0.0,1.0,-0.0,0.0,0.3836874245290568,213.47425474994506,0.925,601.4869483703171,556.3754272425433,45.11152112777381,1.0,0.0,0.0,0.38368742452905985,213.47425474994702,0.925,601.4869483703178,556.375427242544,45.11152112777381,1.0,0.0,-0.0,0.3829717356656092,212.54931329224698,0.925,599.9999999938852,554.9999999943439,45.0,1.0,0.0,-0.0,0.38297173566562265,212.54931329226238,0.925,599.9999999939077,554.9999999943647,45.0,1.0,,,0.101,224.4978363018538,2222.7508544738,2222.7508544738,0.0,68.90527648868779,0.0,,,280.3469546183166,0.0,120.54919048587614,4.0,1461.9202443590978,0.0,-0.0,0.0,163.25263368758044
149,1,150,0.11198,0.0,1461.9202443590978,,,,0,0.0,1,2503.0978090921126,2503.0978090921126,-0.0,400.49564945473804,83.10284726185814,0.0,,,385.3752719728425,2503.0978090921126,2402.973896728428,100.1239123636846,2503.0978090921126,0.0,1.0,0.0,0.0,0.1603743063948876,128.45842399094667,0.96,834.3659363640336,800.9912989094722,33.37463745456137,1.0,0.0,0.0,0.1603743063948876,128.4584239909467,0.96,834.3659363640336,800.9912989094722,33.37463745456137,1.0,0.0,-0.0,0.1603743063948883,128.45842399094906,0.96,834.3659363640452,800.9912989094834,33.374637454561835,,,,852.0471360844015,2402.973896728428,2222.7508544738,180.2230422546321,2402.973896728428,0.0,1.0,-0.0,0.0,0.3836874245290568,213.47425474994506,0.925,601.4869483703171,556.3754272425433,45.11152112777381,1.0,0.0,0.0,0.38368742452905985,213.47425474994702,0.925,601.4869483703178,556.375427242544,45.11152112777381,1.0,0.0,-0.0,0.3829717356656092,212.54931329224698,0.925,599.9999999938852,554.9999999943439,45.0,1.0,0.0,-0.0,0.38297173566562265,212.54931329226238,0.925,599.9999999939077,554.9999999943647,45.0,1.0,,,0.101,224.4978363018538,2222.7508544738,2222.7508544738,0.0,68.90527648868779,0.0,,,280.3469546183166,0.0,120.54919048587614,4.0,1461.9202443590978,0.0,-0.0,0.0,163.70582896333175
150,1,151,0.10432,0.0,1461.9202443590978,,,,0,0.0,1,2503.0978090921126,2503.0978090921126,-0.0,400.49564945473804,83.10284726185814,0.0,,,385.3752719728425,2503.0978090921126,2402.973896728428,100.1239123636846,2503.0978090921126,0.0,1.0,0.0,0.0,0.1603743063948876,128.45842399094667,0.96,834.3659363640336,800.9912989094722,33.37463745456137,1.0,0.0,0.0,0.1603743063948876,128.4584239909467,0.96,834.3659363640336,800.9912989094722,33.37463745456137,1.0,0.0,-0.0,0.1603743063948883,128.45842399094906,0.96,834.3659363640452,800.9912989094834,33.374637454561835,,,,852.0471360844014,2402.973896728428,2222.7508544738,180.22304225463222,2402.973896728428,0.0,1.0,-0.0,0.0,0.38368742452905674,213.474254749945,0.9249999999999998,601.4869483703171,556.3754272425432,45.111521127773926,1.0,0.0,0.0,0.38368742452905985,213.47425474994702,0.925,601.4869483703178,556.375427242544,45.11152112777381,1.0,0.0,-0.0,0.3829717356656092,212.54931329224698,0.925,599.9999999938852,554.9999999943439,45.0,1.0,0.0,-0.0,0.38297173566562265,212.54931329226238,0.925,599.9999999939077,554.9999999943647,45.0,1.0,,,0.101,224.4978363018538,2222.7508544738,2222.7508544738,0.0,68.90527648868779,0.0,,,280.3469546183167,0.0,120.54919048587618,4.0,1461.9202443590978,0.0,-0.0,0.0,152.50751989154108
151,1,152,0.08887,0.0,1461.9202443590978,,,,0,0.0,1,2503.0978090921126,2503.0978090921126,-0.0,400.49564945473804,83.10284726185814,0.0,,,385.3752719728425,2503.0978090921126,2402.973896728428,100.1239123636846,2503.0978090921126,0.0,1.0,0.0,0.0,0.1603743063948876,128.45842399094667,0.96,834.3659363640336,800.9912989094722,33.37463745456137,1.0,0.0,0.0,0.1603743063948876,128.4584239909467,0.96,834.3659363640336,800.9912989094722,33.37463745456137,1.0,0.0,-0.0,0.1603743063948883,128.45842399094906,0.96,834.3659363640452,800.9912989094834,33.374637454561835,,,,852.0471360844015,2402.973896728428,2222.7508544738,180.2230422546321,2402.973896728428,0.0,1.0,-0.0,0.0,0.3836874245290568,213.47425474994506,0.925,601.4869483703171,556.3754272425433,45.11152112777381,1.0,0.0,0.0,0.38368742452905985,213.47425474994702,0.925,601.4869483703178,556.375427242544,45.11152112777381,1.0,0.0,-0.0,0.3829717356656092,212.54931329224698,0.925,599.9999999938852,554.9999999943439,45.0,1.0,0.0,-0.0,0.38297173566562265,212.54931329226238,0.925,599.9999999939077,554.9999999943647,45.0,1.0,,,0.101,224.4978363018538,2222.7508544738,2222.7508544738,0.0,68.90527648868779,0.0,,,280.3469546183166,0.0,120.54919048587614,4.0,1461.9202443590978,0.0,-0.0,0.0,129.92085211619303
152,1,153,0.07151,0.0,1461.9202443590978,,,,0,0.0,1,2503.0978090921126,2503.0978090921126,-0.0,400.49564945473804,83.10284726185814,0.0,,,385.3752719728425,2503.0978090921126,2402.973896728428,100.1239123636846,2503.0978090921126,0.0,1.0,0.0,0.0,0.1603743063948876,128.45842399094667,0.96,834.3659363640336,800.9912989094722,33.37463745456137,1.0,0.0,0.0,0.1603743063948876,128.4584239909467,0.96,834.3659363640336,800.9912989094722,33.37463745456137,1.0,0.0,-0.0,0.1603743063948883,128.45842399094906,0.96,834.3659363640452,800.9912989094834,33.374637454561835,,,,852.0471360844015,2402.973896728428,2222.7508544738,180.2230422546321,2402.973896728428,0.0,1.0,-0.0,0.0,0.3836874245290568,213.47425474994506,0.925,601.4869483703171,556.3754272425433,45.11152112777381,1.0,0.0,0.0,0.38368742452905985,213.47425474994702,0.925,601.4869483703178,556.375427242544,45.11152112777381,1.0,0.0,-0.0,0.3829717356656092,212.54931329224698,0.925,599.9999999938852,554.9999999943439,45.0,1.0,0.0,-0.0,0.38297173566562265,212.54931329226238,0.925,599.9999999939077,554.9999999943647,45.0,1.0,,,0.101,224.4978363018538,2222.7508544738,2222.7508544738,0.0,68.90527648868779,0.0,,,280.3469546183166,0.0,120.54919048587614,4.0,1461.9202443590978,0.0,-0.0,0.0,104.54191667411908
153,1,154,0.06391,0.0,1461.9202443590978,,,,0,0.0,1,2503.0978090921126,2503.0978090921126,-0.0,400.49564945473804,83.10284726185814,0.0,,,385.3752719728425,2503.0978090921126,2402.973896728428,100.1239123636846,2503.0978090921126,0.0,1.0,0.0,0.0,0.1603743063948876,128.45842399094667,0.96,834.3659363640336,800.9912989094722,33.37463745456137,1.0,0.0,0.0,0.1603743063948876,128.4584239909467,0.96,834.3659363640336,800.9912989094722,33.37463745456137,1.0,0.0,-0.0,0.1603743063948883,128.45842399094906,0.96,834.3659363640452,800.9912989094834,33.374637454561835,,,,852.0471360844014,2402.973896728428,2222.7508544738,180.22304225463222,2402.973896728428,0.0,1.0,-0.0,0.0,0.3836874245290568,213.47425474994506,0.925,601.4869483703171,556.3754272425433,45.11152112777381,1.0,0.0,0.0,0.38368742452905985,213.474254749947,0.9249999999999999,601.4869483703178,556.3754272425439,45.111521127773926,1.0,0.0,-0.0,0.3829717356656092,212.54931329224698,0.925,599.9999999938852,554.9999999943439,45.0,1.0,0.0,-0.0,0.38297173566562265,212.54931329226238,0.925,599.9999999939077,554.9999999943647,45.0,1.0,,,0.101,224.4978363018538,2222.7508544738,2222.7508544738,0.0,68.90527648868779,0.0,,,280.3469546183167,0.0,120.54919048587618,4.0,1461.9202443590978,0.0,-0.0,0.0,93.43132281698993
154,1,155,0.06078,0.0,1461.9202443590978,,,,0,0.0,1,2503.0978090921126,2503.0978090921126,-0.0,400.49564945473804,83.10284726185814,0.0,,,385.3752719728425,2503.0978090921126,2402.973896728428,100.1239123636846,2503.0978090921126,0.0,1.0,0.0,0.0,0.1603743063948876,128.45842399094667,0.96,834.3659363640336,800.9912989094722,33.37463745456137,1.0,0.0,0.0,0.1603743063948876,128.4584239909467,0.96,834.3659363640336,800.9912989094722,33.37463745456137,1.0,0.0,-0.0,0.1603743063948883,128.45842399094906,0.96,834.3659363640452,800.9912989094834,33.374637454561835,,,,852.0471360844015,2402.973896728428,2222.7508544738,180.2230422546321,2402.973896728428,0.0,1.0,-0.0,0.0,0.3836874245290568,213.47425474994506,0.925,601.4869483703171,556.3754272425433,45.11152112777381,1.0,0.0,0.0,0.38368742452905985,213.47425474994702,0.925,601.4869483703178,556.375427242544,45.11152112777381,1.0,0.0,-0.0,0.3829717356656092,212.54931329224698,0.925,599.9999999938852,554.9999999943439,45.0,1.0,0.0,-0.0,0.38297173566562265,212.54931329226238,0.925,599.9999999939077,554.9999999943647,45.0,1.0,,,0.101,224.4978363018538,2222.7508544738,2222.7508544738,0.0,68.90527648868779,0.0,,,280.3469546183166,0.0,120.54919048587614,4.0,1461.9202443590978,0.0,-0.0,0.0,88.85551245214596
155,1,156,0.05905,0.0,1461.9202443590978,,,,0,0.0,1,2503.0978090921126,2503.0978090921126,-0.0,400.49564945473804,83.10284726185814,0.0,,,385.3752719728425,2503.0978090921126,2402.973896728428,100.1239123636846,2503.0978090921126,0.0,1.0,0.0,0.0,0.1603743063948876,128.45842399094667,0.96,834.3659363640336,800.9912989094722,33.37463745456137,1.0,0.0,0.0,0.1603743063948876,128.4584239909467,0.96,834.3659363640336,800.9912989094722,33.37463745456137,1.0,0.0,-0.0,0.1603743063948883,128.45842399094906,0.96,834.3659363640452,800.9912989094834,33.374637454561835,,,,852.0471360844015,2402.973896728428,2222.7508544738,180.2230422546321,2402.973896728428,0.0,1.0,-0.0,0.0,0.3836874245290568,213.47425474994506,0.925,601.4869483703171,556.3754272425433,45.11152112777381,1.0,0.0,0.0,0.38368742452905985,213.47425474994702,0.925,601.4869483703178,556.375427242544,45.11152112777381,1.0,0.0,-0.0,0.3829717356656092,212.54931329224698,0.925,599.9999999938852,554.9999999943439,45.0,1.0,0.0,-0.0,0.38297173566562265,212.54931329226238,0.925,599.9999999939077,554.9999999943647,45.0,1.0,,,0.101,224.4978363018538,2222.7508544738,2222.7508544738,0.0,68.90527648868779,0.0,,,280.3469546183166,0.0,120.54919048587614,4.0,1461.9202443590978,0.0,-0.0,0.0,86.32639042940473
156,1,157,0.06315,0.0,1461.9202443590991,,,,0,0.0,1,2503.0978090921126,2503.0978090921126,-0.0,400.49564945473804,83.10284726185814,0.0,,,385.3752719728425,2503.0978090921126,2402.973896728428,100.1239123636846,2503.0978090921126,0.0,1.0,0.0,0.0,0.1603743063948876,128.45842399094667,0.96,834.3659363640336,800.9912989094722,33.37463745456137,1.0,0.0,0.0,0.1603743063948876,128.4584239909467,0.96,834.3659363640336,800.9912989094722,33.37463745456137,1.0,0.0,-0.0,0.1603743063948883,128.45842399094906,0.96,834.3659363640452,800.9912989094834,33.374637454561835,,,,852.047136084403,2402.973896728428,2222.7508544738,180.2230422546321,2402.973896728428,0.0,1.0,-0.0,0.0,0.3836874245290596,213.47425474994662,0.925,601.4869483703171,556.3754272425433,45.11152112777381,1.0,0.0,0.0,0.38368742452905985,213.47425474994702,0.925,601.4869483703178,556.375427242544,45.11152112777381,1.0,0.0,-0.0,0.3829717356656092,212.54931329224698,0.925,599.9999999938852,554.9999999943439,45.0,1.0,0.0,-0.0,0.38297173566562265,212.54931329226238,0.925,599.9999999939077,554.9999999943647,45.0,1.0,,,0.101,224.4978363018538,2222.7508544738,2222.7508544738,0.0,68.90527648868779,0.0,,,280.3469546183166,0.0,120.54919048587614,4.0,1461.9202443590991,0.0,-0.0,0.0,92.32026343127711
157,1,158,0.06632,0.0,1461.9202443590978,,,,0,0.0,1,2503.0978090921126,2503.0978090921126,-0.0,400.49564945473804,83.10284726185814,0.0,,,385.3752719728425,2503.0978090921126,2402.973896728428,100.1239123636846,2503.0978090921126,0.0,1.0,0.0,0.0,0.1603743063948876,128.45842399094667,0.96,834.3659363640336,800.9912989094722,33.37463745456137,1.0,0.0,0.0,0.1603743063948876,128.4584239909467,0.96,834.3659363640336,800.9912989094722,33.37463745456137,1.0,0.0,-0.0,0.1603743063948883,128.45842399094906,0.96,834.3659363640452,800.9912989094834,33.374637454561835,,,,852.0471360844015,2402.973896728428,2222.7508544738,180.2230422546321,2402.973896728428,0.0,1.0,-0.0,0.0,0.3836874245290568,213.47425474994506,0.925,601.4869483703171,556.3754272425433,45.11152112777381,1.0,0.0,0.0,0.38368742452905985,213.47425474994702,0.925,601.4869483703178,556.375427242544,45.11152112777381,1.0,0.0,-0.0,0.3829717356656092,212.54931329224698,0.925,599.9999999938852,554.9999999943439,45.0,1.0,0.0,-0.0,0.38297173566562265,212.54931329226238,0.925,599.9999999939077,554.9999999943647,45.0,1.0,,,0.101,224.4978363018538,2222.7508544738,2222.7508544738,0.0,68.90527648868779,0.0,,,280.3469546183166,0.0,120.54919048587614,4.0,1461.9202443590978,0.0,-0.0,0.0,96.95455060589536
158,1,159,0.07376,0.0,1461.9202443590978,,,,0,0.0,1,2503.0978090921126,2503.0978090921126,-0.0,400.49564945473804,83.10284726185814,0.0,,,385.3752719728425,2503.0978090921126,2402.973896728428,100.1239123636846,2503.0978090921126,0.0,1.0,0.0,0.0,0.1603743063948876,128.45842399094667,0.96,834.3659363640336,800.9912989094722,33.37463745456137,1.0,0.0,0.0,0.1603743063948876,128.4584239909467,0.96,834.3659363640336,800.9912989094722,33.37463745456137,1.0,0.0,-0.0,0.1603743063948883,128.45842399094906,0.96,834.3659363640452,800.9912989094834,33.374637454561835,,,,852.0471360844014,2402.973896728428,2222.7508544738,180.22304225463222,2402.973896728428,0.0,1.0,-0.0,0.0,0.38368742452905674,213.474254749945,0.9249999999999998,601.4869483703171,556.3754272425432,45.111521127773926,1.0,0.0,0.0,0.38368742452905985,213.47425474994702,0.925,601.4869483703178,556.375427242544,45.11152112777381,1.0,0.0,-0.0,0.3829717356656092,212.54931329224698,0.925,599.9999999938852,554.9999999943439,45.0,1.0,0.0,-0.0,0.38297173566562265,212.54931329226238,0.925,599.9999999939077,554.9999999943647,45.0,1.0,,,0.101,224.4978363018538,2222.7508544738,2222.7508544738,0.0,68.90527648868779,0.0,,,280.3469546183167,0.0,120.54919048587618,4.0,1461.9202443590978,0.0,-0.0,0.0,107.83123722392706
159,1,160,0.0834,0.0,1461.9202443590978,,,,0,0.0,1,2503.0978090921126,2503.0978090921126,-0.0,400.49564945473804,83.10284726185814,0.0,,,385.3752719728425,2503.0978090921126,2402.973896728428,100.1239123636846,2503.0978090921126,0.0,1.0,0.0,0.0,0.1603743063948876,128.45842399094667,0.96,834.3659363640336,800.9912989094722,33.37463745456137,1.0,0.0,0.0,0.1603743063948876,128.4584239909467,0.96,834.3659363640336,800.9912989094722,33.37463745456137,1.0,0.0,-0.0,0.1603743063948883,128.45842399094906,0.96,834.3659363640452,800.9912989094834,33.374637454561835,,,,852.0471360844014,2402.973896728428,2222.7508544738,180.22304225463222,2402.973896728428,0.0,1.0,-0.0,0.0,0.38368742452905674,213.474254749945,0.9249999999999998,601.4869483703171,556.3754272425432,45.111521127773926,1.0,0.0,0.0,0.38368742452905985,213.47425474994702,0.925,601.4869483703178,556.375427242544,45.11152112777381,1.0,0.0,-0.0,0.3829717356656092,212.54931329224698,0.925,599.9999999938852,554.9999999943439,45.0,1.0,0.0,-0.0,0.38297173566562265,212.54931329226238,0.925,599.9999999939077,554.9999999943647,45.0,1.0,,,0.101,224.4978363018538,2222.7508544738,2222.7508544738,0.0,68.90527648868779,0.0,,,280.3469546183167,0.0,120.54919048587618,4.0,1461.9202443590978,0.0,-0.0,0.0,121.92414837954875
160,1,161,0.10749,0.0,1461.9202443590978,,,,0,0.0,1,2503.0978090921126,2503.0978090921126,-0.0,400.49564945473804,83.10284726185814,0.0,,,385.3752719728425,2503.0978090921126,2402.973896728428,100.1239123636846,2503.0978090921126,0.0,1.0,0.0,0.0,0.1603743063948876,128.45842399094667,0.96,834.3659363640336,800.9912989094722,33.37463745456137,1.0,0.0,0.0,0.1603743063948876,128.4584239909467,0.96,834.3659363640336,800.9912989094722,33.37463745456137,1.0,0.0,-0.0,0.1603743063948883,128.45842399094906,0.96,834.3659363640452,800.9912989094834,33.374637454561835,,,,852.0471360844016,2402.973896728428,2222.7508544738,180.2230422546321,2402.973896728428,0.0,1.0,-0.0,0.0,0.3836874245290568,213.47425474994506,0.925,601.4869483703171,556.3754272425433,45.11152112777381,1.0,0.0,0.0,0.38368742452905985,213.47425474994702,0.925,601.4869483703178,556.375427242544,45.11152112777381,1.0,0.0,-0.0,0.3829717356656092,212.54931329224698,0.925,599.9999999938852,554.9999999943439,45.0,1.0,0.0,-0.0,0.38297173566562276,212.54931329226247,0.925,599.9999999939077,554.9999999943647,45.0,1.0,,,0.101,224.4978363018538,2222.7508544738,2222.7508544738,0.0,68.90527648868779,0.0,,,280.3469546183166,0.0,120.54919048587614,4.0,1461.9202443590978,0.0,-0.0,0.0,157.14180706615943
161,1,162,0.72792,0.0,589.4682878497719,,,,0,0.0,1,1083.3333333333333,1083.3333333333333,-0.0,173.33333333333334,35.96666666666667,0.0,,,167.9643461384179,1083.3333333333333,1040.0,43.333333333333336,1083.3333333333333,0.0,1.0,0.0,0.0,0.15846603732638892,89.30456304389672,0.96,587.0380055788004,563.5564853556483,23.481520223152035,1.0,0.0,0.0,0.1650978146973791,78.6597830945212,0.96,496.29532775453305,476.4435146443517,19.85181311018134,-0.0,0.0,1.0,0.271,0.0,0.96,0.0,0.0,0.0,,,,325.55394171135373,1040.0,950.0,90.0,1040.0,0.0,1.0,-0.0,0.0,0.3426883596961616,162.77697085567686,0.913461538461539,520.0,475.0,45.0,1.0,0.0,0.0,0.3426883596961616,162.77697085567686,0.913461538461539,520.0,475.0,45.0,-0.0,0.0,1.0,0.08724817754776784,0.0,0.8800000000000001,0.0,0.0,0.0,-0.0,0.0,1.0,0.08724817754776784,0.0,0.8800000000000001,0.0,0.0,0.0,1.0,,,0.101,95.95,950.0,950.0,0.0,29.45,0.0,,,133.33333333333334,0.0,57.333333333333336,2.0,589.4682878497716,0.0,0.0,0.0,429.08575609160596
162,1,163,1.91079,0.0,569.3082697048851,,,,0,0.0,1,1083.3333333333333,1083.3333333333333,-0.0,173.33333333333334,35.96666666666667,0.0,,,167.9643461384179,1083.3333333333333,1040.0,43.333333333333336,1083.3333333333333,0.0,1.0,0.0,0.0,0.15846603732638892,89.30456304389672,0.96,587.0380055788004,563.5564853556483,23.481520223152035,1.0,0.0,0.0,0.1650978146973791,78.6597830945212,0.96,496.29532775453305,476.4435146443517,19.85181311018134,-0.0,0.0,-0.0,0.271,0.0,0.96,0.0,0.0,0.0,,,,308.9087235664673,1040.0,915.2,124.8,1040.0,0.0,1.0,-0.0,0.0,0.33753138501580776,154.45436178323365,0.88,520.0,457.6,62.4,1.0,0.0,0.0,0.33753138501580776,154.45436178323365,0.88,520.0,457.6,62.4,-0.0,0.0,-0.0,0.08724817754776784,0.0,0.8800000000000001,0.0,0.0,0.0,-0.0,0.0,-0.0,0.08724817754776784,0.0,0.8800000000000001,0.0,0.0,0.0,1.0,,,0.101,92.43519999999992,915.2,915.2,0.0,28.371199999999973,0.0,,,168.13333333333333,0.0,72.29733333333333,2.0,569.3082697048851,0.0,0.0,0.0,1087.8285486693974
163,1,164,0.20267,0.0,589.4682878497715,,,,0,0.0,1,1083.3333333333333,1083.3333333333333,-0.0,173.33333333333334,35.96666666666667,0.0,,,167.9643461384179,1083.3333333333333,1040.0,43.333333333333336,1083.3333333333333,0.0,1.0,0.0,0.0,0.15846603732638892,89.30456304389672,0.96,587.0380055788004,563.5564853556483,23.481520223152035,1.0,0.0,0.0,0.1650978146973791,78.6597830945212,0.96,496.29532775453305,476.4435146443517,19.85181311018134,-0.0,0.0,-0.0,0.271,0.0,0.96,0.0,0.0,0.0,,,,325.5539417113536,1040.0,950.0,90.0,1040.0,0.0,1.0,-0.0,0.0,0.34268835969616157,162.7769708556768,0.9134615384615388,520.0,475.0,45.0,1.0,0.0,0.0,0.34268835969616157,162.7769708556768,0.9134615384615388,520.0,475.0,45.0,-0.0,0.0,-0.0,0.08724817754776784,0.0,0.8800000000000001,0.0,0.0,0.0,-0.0,0.0,-0.0,0.08724817754776784,0.0,0.8800000000000001,0.0,0.0,0.0,1.0,,,0.101,95.95,950.0,950.0,0.0,29.45,0.0,,,133.33333333333334,0.0,57.333333333333336,2.0,589.4682878497715,0.0,0.0,0.0,119.46753789851319
164,1,165,0.13268,0.0,1372.8901514408467,,,,0,0.0,1,2406.25,2406.25,-0.0,385.0,79.88749999999995,0.0,,,366.0565462239591,2406.25,2310.0,96.25,2406.25,0.0,1.0,0.0,0.0,0.15846603732638892,122.01884874131956,0.96,802.0833333333334,770.0,32.083333333333336,1.0,0.0,0.0,0.1584660373263889,122.01884874131967,0.96,802.0833333333334,770.0,32.083333333333336,1.0,1.0,-0.0,0.15846603732638892,122.01884874131989,0.96,802.0833333333334,770.0,32.083333333333336,,,,791.7036052050366,2310.0,2130.0000001173344,180.0,2310.0,0.0,1.0,-0.0,0.0,0.37169183342958073,197.925901301248,0.9220779220779224,577.5,532.5,45.0,1.0,0.0,0.0,0.3716918334295847,197.92590130125296,0.9220779220779224,577.5,532.5,45.0,1.0,1.0,-0.0,0.371691833429586,197.92590130125456,0.9220779220779219,577.5,532.5,45.0,1.0,1.0,-0.0,0.37169183342960743,197.92590130128116,0.922077922077922,577.5,532.5,45.0,1.0,,,0.101,215.1300000118508,2130.0000001173344,2130.0000001173344,0.0,66.03000000363737,0.0,,,276.25,0.0,118.78749999999911,4.0,1372.8901514408467,0.0,-0.0,0.0,182.15506529317153
165,1,166,0.12244,0.0,1372.8901514289803,,,,0,0.0,1,2406.25,2406.25,-0.0,385.0,79.88749999999995,0.0,,,366.05654622395866,2406.25,2310.0,96.25,2406.25,0.0,1.0,0.0,0.0,0.15846603732638892,122.01884874131942,0.96,802.0833333333334,770.0,32.083333333333336,1.0,0.0,0.0,0.15846603732638892,122.01884874131952,0.96,802.0833333333334,770.0,32.083333333333336,1.0,0.0,-0.0,0.15846603732638892,122.01884874131972,0.96,802.0833333333334,770.0,32.083333333333336,,,,791.7036052050215,2310.0,2130.0,180.0,2310.0,0.0,1.0,-0.0,0.0,0.37169183342958595,197.92590130125166,0.922077922077922,577.5,532.5,45.0,1.0,0.0,0.0,0.3716918334295833,197.92590130125114,0.922077922077922,577.5,532.5,45.0,1.0,0.0,-0.0,0.3716918334295846,197.92590130125285,0.9220779220779222,577.5,532.5,45.0,1.0,0.0,-0.0,0.3716918334295951,197.92590130126587,0.9220779220779222,577.5,532.5,45.0,1.0,,,0.101,215.13000000000002,2130.0,2130.0,0.0,66.03,0.0,,,276.25,0.0,118.78749999999911,4.0,1372.8901514289803,0.0,-0.0,0.0,168.09667014096433
166,1,167,0.11797,0.0,1372.890151428995,,,,0,0.0,1,2406.25,2406.25,-0.0,385.0,79.88749999999995,0.0,,,366.05654622395923,2406.25,2310.0,96.25,2406.25,0.0,1.0,0.0,0.0,0.15846603732638895,122.01884874131954,0.96,802.0833333333334,770.0,32.083333333333336,1.0,0.0,0.0,0.15846603732638903,122.01884874131977,0.96,802.0833333333334,770.0,32.083333333333336,1.0,0.0,0.0,0.15846603732638892,122.01884874131989,0.96,802.0833333333334,770.0,32.083333333333336,,,,791.7036052050356,2310.0,2130.0,180.0,2310.0,0.0,1.0,-0.0,0.0,0.37169183342958195,197.92590130124952,0.922077922077922,577.5,532.5,45.0,1.0,0.0,0.0,0.3716918334295833,197.92590130125114,0.922077922077922,577.5,532.5,45.0,1.0,0.0,-0.0,0.371691833429586,197.92590130125456,0.922077922077922,577.5,532.5,45.0,1.0,0.0,-0.0,0.3716918334296067,197.92590130128028,0.922077922077922,577.5,532.5,45.0,1.0,,,0.101,215.13000000000002,2130.0,2130.0,0.0,66.03,0.0,,,276.25,0.0,118.78749999999911,4.0,1372.890151428995,0.0,-0.0,0.0,161.95985116407854
167,1,168,0.11496,0.0,1372.890151428995,,,,0,0.0,1,2406.25,2406.25,-0.0,385.0,79.88749999999995,0.0,,,366.05654622395923,2406.25,2310.0,96.25,2406.25,0.0,1.0,0.0,0.0,0.15846603732638895,122.01884874131954,0.96,802.0833333333334,770.0,32.083333333333336,1.0,0.0,0.0,0.15846603732638903,122.01884874131977,0.96,802.0833333333334,770.0,32.083333333333336,1.0,0.0,0.0,0.15846603732638892,122.01884874131989,0.96,802.0833333333334,770.0,32.083333333333336,,,,791.7036052050356,2310.0,2130.0,180.0,2310.0,0.0,1.0,-0.0,0.0,0.37169183342958195,197.92590130124952,0.922077922077922,577.5,532.5,45.0,1.0,0.0,0.0,0.3716918334295833,197.92590130125114,0.922077922077922,577.5,532.5,45.0,1.0,0.0,0.0,0.371691833429586,197.92590130125456,0.922077922077922,577.5,532.5,45.0,1.0,0.0,0.0,0.3716918334296067,197.92590130128028,0.922077922077922,577.5,532.5,45.0,1.0,,,0.101,215.13000000000002,2130.0,2130.0,0.0,66.03,0.0,,,276.25,0.0,118.78749999999911,4.0,1372.890151428995,0.0,-0.0,0.0,157.8274518082773
