,Day,Time,LMP,bypass_pretreatment_flow,power_from_grid,intake.op_mode,intake.startup,intake.shutdown,intake.energy_intensity,intake.power_consumption,intake.recovery,intake.feed_flowrate,intake.product_flowrate,intake.reject_flowrate,intake.feed_cost,intake.chemical_cost,pretreatment.op_mode,pretreatment.startup,pretreatment.shutdown,pretreatment.power_consumption,pretreatment.feed_flowrate,pretreatment.product_flowrate,pretreatment.reject_flowrate,pretreatment.inlet_flowrate,pretreatment.leftover_flow,pretreatment.uf_pumps[1].op_mode,pretreatment.uf_pumps[1].startup,pretreatment.uf_pumps[1].shutdown,pretreatment.uf_pumps[1].energy_intensity,pretreatment.uf_pumps[1].power_consumption,pretreatment.uf_pumps[1].recovery,pretreatment.uf_pumps[1].feed_flowrate,pretreatment.uf_pumps[1].product_flowrate,pretreatment.uf_pumps[1].reject_flowrate,pretreatment.uf_pumps[2].op_mode,pretreatment.uf_pumps[2].startup,pretreatment.uf_pumps[2].shutdown,pretreatment.uf_pumps[2].energy_intensity,pretreatment.uf_pumps[2].power_consumption,pretreatment.uf_pumps[2].recovery,pretreatment.uf_pumps[2].feed_flowrate,pretreatment.uf_pumps[2].product_flowrate,pretreatment.uf_pumps[2].reject_flowrate,pretreatment.uf_pumps[3].op_mode,pretreatment.uf_pumps[3].startup,pretreatment.uf_pumps[3].shutdown,pretreatment.uf_pumps[3].energy_intensity,pretreatment.uf_pumps[3].power_consumption,pretreatment.uf_pumps[3].recovery,pretreatment.uf_pumps[3].feed_flowrate,pretreatment.uf_pumps[3].product_flowrate,pretreatment.uf_pumps[3].reject_flowrate,reverse_osmosis.op_mode,reverse_osmosis.startup,reverse_osmosis.shutdown,reverse_osmosis.power_consumption,reverse_osmosis.feed_flowrate,reverse_osmosis.product_flowrate,reverse_osmosis.reject_flowrate,reverse_osmosis.inlet_flowrate,reverse_osmosis.leftover_flow,reverse_osmosis.ro_skid[1].op_mode,reverse_osmosis.ro_skid[1].startup,reverse_osmosis.ro_skid[1].shutdown,reverse_osmosis.ro_skid[1].energy_intensity,reverse_osmosis.ro_skid[1].power_consumption,reverse_osmosis.ro_skid[1].recovery,reverse_osmosis.ro_skid[1].feed_flowrate,reverse_osmosis.ro_skid[1].product_flowrate,reverse_osmosis.ro_skid[1].reject_flowrate,reverse_osmosis.ro_skid[2].op_mode,reverse_osmosis.ro_skid[2].startup,reverse_osmosis.ro_skid[2].shutdown,reverse_osmosis.ro_skid[2].energy_intensity,reverse_osmosis.ro_skid[2].power_consumption,reverse_osmosis.ro_skid[2].recovery,reverse_osmosis.ro_skid[2].feed_flowrate,reverse_osmosis.ro_skid[2].product_flowrate,reverse_osmosis.ro_skid[2].reject_flowrate,reverse_osmosis.ro_skid[3].op_mode,reverse_osmosis.ro_skid[3].startup,reverse_osmosis.ro_skid[3].shutdown,reverse_osmosis.ro_skid[3].energy_intensity,reverse_osmosis.ro_skid[3].power_consumption,reverse_osmosis.ro_skid[3].recovery,reverse_osmosis.ro_skid[3].feed_flowrate,reverse_osmosis.ro_skid[3].product_flowrate,reverse_osmosis.ro_skid[3].reject_flowrate,reverse_osmosis.ro_skid[4].op_mode,reverse_osmosis.ro_skid[4].startup,reverse_osmosis.ro_skid[4].shutdown,reverse_osmosis.ro_skid[4].energy_intensity,reverse_osmosis.ro_skid[4].power_consumption,reverse_osmosis.ro_skid[4].recovery,reverse_osmosis.ro_skid[4].feed_flowrate,reverse_osmosis.ro_skid[4].product_flowrate,reverse_osmosis.ro_skid[4].reject_flowrate,posttreatment.op_mode,posttreatment.startup,posttreatment.shutdown,posttreatment.energy_intensity,posttreatment.power_consumption,posttreatment.feed_flowrate,posttreatment.product_flowrate,posttreatment.reject_flowrate,posttreatment.chemical_cost,brine_discharge.op_mode,brine_discharge.startup,brine_discharge.shutdown,brine_discharge.feed_flowrate,brine_discharge.power_consumption,brine_discharge.brine_cost,num_skids_online,net_power_consumption,water_revenue,demand_response_revenue,emissions_cost,energy_cost
0,1,1,0.11506,0.0,0.0,,,,0,0.0,1,0.0,0.0,0.0,0.0,0.0,0.0,,,0.0,0.0,0.0,0.0,0.0,0.0,0.0,0.0,0.0,0.271,0.0,0.96,0.0,0.0,0.0,0.0,0.0,0.0,0.271,0.0,0.96,0.0,0.0,0.0,0.0,0.0,0.0,0.271,0.0,0.96,0.0,0.0,0.0,,,,0.0,0.0,0.0,0.0,0.0,0.0,0.0,0.0,0.0,0.08724817754776784,0.0,0.88,0.0,0.0,0.0,0.0,0.0,0.0,0.08724817754776784,0.0,0.88,0.0,0.0,0.0,0.0,0.0,0.0,0.08724817754776784,0.0,0.88,0.0,0.0,0.0,0.0,0.0,0.0,0.08724817754776784,0.0,0.88,0.0,0.0,0.0,1.0,,,0.101,0.0,0.0,-0.0,0.0,0.0,0.0,,,0.0,0.0,0.0,0.0,0.0,-0.0,0.0,0.0,0.0
1,1,2,0.11506,0.0,0.0,,,,0,0.0,1,0.0,0.0,0.0,0.0,0.0,0.0,,,0.0,0.0,0.0,0.0,0.0,0.0,0.0,0.0,0.0,0.271,0.0,0.96,0.0,0.0,0.0,0.0,0.0,0.0,0.271,0.0,0.96,0.0,0.0,0.0,0.0,0.0,0.0,0.271,0.0,0.96,0.0,0.0,0.0,,,,0.0,0.0,0.0,0.0,0.0,0.0,0.0,0.0,0.0,0.08724817754776784,0.0,0.88,0.0,0.0,0.0,0.0,0.0,0.0,0.08724817754776784,0.0,0.88,0.0,0.0,0.0,0.0,0.0,0.0,0.08724817754776784,0.0,0.88,0.0,0.0,0.0,0.0,0.0,0.0,0.08724817754776784,0.0,0.88,0.0,0.0,0.0,1.0,,,0.101,0.0,0.0,-0.0,0.0,0.0,0.0,,,0.0,0.0,0.0,0.0,0.0,-0.0,0.0,0.0,0.0
2,1,3,0.11506,0.0,0.0,,,,0,0.0,1,0.0,0.0,0.0,0.0,0.0,0.0,,,0.0,0.0,0.0,0.0,0.0,0.0,0.0,0.0,0.0,0.271,0.0,0.96,0.0,0.0,0.0,0.0,0.0,0.0,0.271,0.0,0.96,0.0,0.0,0.0,0.0,0.0,0.0,0.271,0.0,0.96,0.0,0.0,0.0,,,,0.0,0.0,0.0,0.0,0.0,0.0,0.0,0.0,0.0,0.08724817754776784,0.0,0.88,0.0,0.0,0.0,0.0,0.0,0.0,0.08724817754776784,0.0,0.88,0.0,0.0,0.0,0.0,0.0,0.0,0.08724817754776784,0.0,0.88,0.0,0.0,0.0,0.0,0.0,0.0,0.08724817754776784,0.0,0.88,0.0,0.0,0.0,1.0,,,0.101,0.0,0.0,-0.0,0.0,0.0,0.0,,,0.0,0.0,0.0,0.0,0.0,-0.0,0.0,0.0,0.0
3,1,4,0.11506,0.0,0.0,,,,0,0.0,1,0.0,0.0,0.0,0.0,0.0,0.0,,,0.0,0.0,0.0,0.0,0.0,0.0,0.0,0.0,0.0,0.271,0.0,0.96,0.0,0.0,0.0,0.0,0.0,0.0,0.271,0.0,0.96,0.0,0.0,0.0,0.0,0.0,0.0,0.271,0.0,0.96,0.0,0.0,0.0,,,,0.0,0.0,0.0,0.0,0.0,0.0,0.0,0.0,0.0,0.08724817754776784,0.0,0.88,0.0,0.0,0.0,0.0,0.0,0.0,0.08724817754776784,0.0,0.88,0.0,0.0,0.0,0.0,0.0,0.0,0.08724817754776784,0.0,0.88,0.0,0.0,0.0,0.0,0.0,0.0,0.08724817754776784,0.0,0.88,0.0,0.0,0.0,1.0,,,0.101,0.0,0.0,-0.0,0.0,0.0,0.0,,,0.0,0.0,0.0,0.0,0.0,-0.0,0.0,0.0,0.0
4,1,5,0.11506,0.0,0.0,,,,0,0.0,1,0.0,0.0,0.0,0.0,0.0,0.0,,,0.0,0.0,0.0,0.0,0.0,0.0,0.0,0.0,0.0,0.271,0.0,0.96,0.0,0.0,0.0,0.0,0.0,0.0,0.271,0.0,0.96,0.0,0.0,0.0,0.0,0.0,0.0,0.271,0.0,0.96,0.0,0.0,0.0,,,,0.0,0.0,0.0,0.0,0.0,0.0,0.0,0.0,0.0,0.08724817754776784,0.0,0.88,0.0,0.0,0.0,0.0,0.0,0.0,0.08724817754776784,0.0,0.88,0.0,0.0,0.0,0.0,0.0,0.0,0.08724817754776784,0.0,0.88,0.0,0.0,0.0,0.0,0.0,0.0,0.08724817754776784,0.0,0.88,0.0,0.0,0.0,1.0,,,0.101,0.0,0.0,-0.0,0.0,0.0,0.0,,,0.0,0.0,0.0,0.0,0.0,-0.0,0.0,0.0,0.0
5,1,6,0.11506,0.0,0.0,,,,0,0.0,1,0.0,0.0,0.0,0.0,0.0,0.0,,,0.0,0.0,0.0,0.0,0.0,0.0,0.0,0.0,0.0,0.271,0.0,0.96,0.0,0.0,0.0,0.0,0.0,0.0,0.271,0.0,0.96,0.0,0.0,0.0,0.0,0.0,0.0,0.271,0.0,0.96,0.0,0.0,0.0,,,,0.0,0.0,0.0,0.0,0.0,0.0,0.0,0.0,0.0,0.08724817754776784,0.0,0.88,0.0,0.0,0.0,0.0,0.0,0.0,0.08724817754776784,0.0,0.88,0.0,0.0,0.0,0.0,0.0,0.0,0.08724817754776784,0.0,0.88,0.0,0.0,0.0,0.0,0.0,0.0,0.08724817754776784,0.0,0.88,0.0,0.0,0.0,1.0,,,0.101,0.0,0.0,-0.0,0.0,0.0,0.0,,,0.0,0.0,0.0,0.0,0.0,-0.0,0.0,0.0,0.0
6,1,7,0.11506,0.0,0.0,,,,0,0.0,1,0.0,0.0,0.0,0.0,0.0,0.0,,,0.0,0.0,0.0,0.0,0.0,0.0,0.0,0.0,0.0,0.271,0.0,0.96,0.0,0.0,0.0,0.0,0.0,0.0,0.271,0.0,0.96,0.0,0.0,0.0,0.0,0.0,0.0,0.271,0.0,0.96,0.0,0.0,0.0,,,,0.0,0.0,0.0,0.0,0.0,0.0,0.0,0.0,0.0,0.08724817754776784,0.0,0.88,0.0,0.0,0.0,0.0,0.0,0.0,0.08724817754776784,0.0,0.88,0.0,0.0,0.0,0.0,0.0,0.0,0.08724817754776784,0.0,0.88,0.0,0.0,0.0,0.0,0.0,0.0,0.08724817754776784,0.0,0.88,0.0,0.0,0.0,1.0,,,0.101,0.0,0.0,-0.0,0.0,0.0,0.0,,,0.0,0.0,0.0,0.0,0.0,-0.0,0.0,0.0,0.0
7,1,8,0.11506,0.0,0.0,,,,0,0.0,1,0.0,0.0,0.0,0.0,0.0,0.0,,,0.0,0.0,0.0,0.0,0.0,0.0,0.0,0.0,0.0,0.271,0.0,0.96,0.0,0.0,0.0,0.0,0.0,0.0,0.271,0.0,0.96,0.0,0.0,0.0,0.0,0.0,0.0,0.271,0.0,0.96,0.0,0.0,0.0,,,,0.0,0.0,0.0,0.0,0.0,0.0,0.0,0.0,0.0,0.08724817754776784,0.0,0.88,0.0,0.0,0.0,0.0,0.0,0.0,0.08724817754776784,0.0,0.88,0.0,0.0,0.0,0.0,0.0,0.0,0.08724817754776784,0.0,0.88,0.0,0.0,0.0,0.0,0.0,0.0,0.08724817754776784,0.0,0.88,0.0,0.0,0.0,1.0,,,0.101,0.0,0.0,-0.0,0.0,0.0,0.0,,,0.0,0.0,0.0,0.0,0.0,-0.0,0.0,0.0,0.0
8,1,9,0.07074,0.0,0.0,,,,0,0.0,1,0.0,0.0,0.0,0.0,0.0,0.0,,,0.0,0.0,0.0,0.0,0.0,0.0,0.0,0.0,0.0,0.271,0.0,0.96,0.0,0.0,0.0,0.0,0.0,0.0,0.271,0.0,0.96,0.0,0.0,0.0,0.0,0.0,0.0,0.271,0.0,0.96,0.0,0.0,0.0,,,,0.0,0.0,0.0,0.0,0.0,0.0,0.0,0.0,0.0,0.08724817754776784,0.0,0.88,0.0,0.0,0.0,0.0,0.0,0.0,0.08724817754776784,0.0,0.88,0.0,0.0,0.0,0.0,0.0,0.0,0.08724817754776784,0.0,0.88,0.0,0.0,0.0,0.0,0.0,0.0,0.08724817754776784,0.0,0.88,0.0,0.0,0.0,1.0,,,0.101,0.0,0.0,-0.0,0.0,0.0,0.0,,,0.0,0.0,0.0,0.0,0.0,-0.0,0.0,0.0,0.0
9,1,10,0.07074,0.0,0.0,,,,0,0.0,1,0.0,0.0,0.0,0.0,0.0,0.0,,,0.0,0.0,0.0,0.0,0.0,0.0,0.0,0.0,0.0,0.271,0.0,0.96,0.0,0.0,0.0,0.0,0.0,0.0,0.271,0.0,0.96,0.0,0.0,0.0,0.0,0.0,0.0,0.271,0.0,0.96,0.0,0.0,0.0,,,,0.0,0.0,0.0,0.0,0.0,0.0,0.0,0.0,0.0,0.08724817754776784,0.0,0.88,0.0,0.0,0.0,0.0,0.0,0.0,0.08724817754776784,0.0,0.88,0.0,0.0,0.0,0.0,0.0,0.0,0.08724817754776784,0.0,0.88,0.0,0.0,0.0,0.0,0.0,0.0,0.08724817754776784,0.0,0.88,0.0,0.0,0.0,1.0,,,0.101,0.0,0.0,-0.0,0.0,0.0,0.0,,,0.0,0.0,0.0,0.0,0.0,-0.0,0.0,0.0,0.0
10,1,11,0.07074,0.0,0.0,,,,0,0.0,1,0.0,0.0,0.0,0.0,0.0,0.0,,,0.0,0.0,0.0,0.0,0.0,0.0,0.0,0.0,0.0,0.271,0.0,0.96,0.0,0.0,0.0,0.0,0.0,0.0,0.271,0.0,0.96,0.0,0.0,0.0,0.0,0.0,0.0,0.271,0.0,0.96,0.0,0.0,0.0,,,,0.0,0.0,0.0,0.0,0.0,0.0,0.0,0.0,0.0,0.08724817754776784,0.0,0.88,0.0,0.0,0.0,0.0,0.0,0.0,0.08724817754776784,0.0,0.88,0.0,0.0,0.0,0.0,0.0,0.0,0.08724817754776784,0.0,0.88,0.0,0.0,0.0,0.0,0.0,0.0,0.08724817754776784,0.0,0.88,0.0,0.0,0.0,1.0,,,0.101,0.0,0.0,-0.0,0.0,0.0,0.0,,,0.0,0.0,0.0,0.0,0.0,-0.0,0.0,0.0,0.0
11,1,12,0.07074,0.0,0.0,,,,0,0.0,1,0.0,0.0,0.0,0.0,0.0,0.0,,,0.0,0.0,0.0,0.0,0.0,0.0,0.0,0.0,0.0,0.271,0.0,0.96,0.0,0.0,0.0,0.0,0.0,0.0,0.271,0.0,0.96,0.0,0.0,0.0,0.0,0.0,0.0,0.271,0.0,0.96,0.0,0.0,0.0,,,,0.0,0.0,0.0,0.0,0.0,0.0,0.0,0.0,0.0,0.08724817754776784,0.0,0.88,0.0,0.0,0.0,0.0,0.0,0.0,0.08724817754776784,0.0,0.88,0.0,0.0,0.0,0.0,0.0,0.0,0.08724817754776784,0.0,0.88,0.0,0.0,0.0,0.0,0.0,0.0,0.08724817754776784,0.0,0.88,0.0,0.0,0.0,1.0,,,0.101,0.0,0.0,-0.0,0.0,0.0,0.0,,,0.0,0.0,0.0,0.0,0.0,-0.0,0.0,0.0,0.0
12,1,13,0.07074,0.0,0.0,,,,0,0.0,1,0.0,0.0,0.0,0.0,0.0,0.0,,,0.0,0.0,0.0,0.0,0.0,0.0,0.0,0.0,0.0,0.271,0.0,0.96,0.0,0.0,0.0,0.0,0.0,0.0,0.271,0.0,0.96,0.0,0.0,0.0,0.0,0.0,0.0,0.271,0.0,0.96,0.0,0.0,0.0,,,,0.0,0.0,0.0,0.0,0.0,0.0,0.0,0.0,0.0,0.08724817754776784,0.0,0.88,0.0,0.0,0.0,0.0,0.0,0.0,0.08724817754776784,0.0,0.88,0.0,0.0,0.0,0.0,0.0,0.0,0.08724817754776784,0.0,0.88,0.0,0.0,0.0,0.0,0.0,0.0,0.08724817754776784,0.0,0.88,0.0,0.0,0.0,1.0,,,0.101,0.0,0.0,-0.0,0.0,0.0,0.0,,,0.0,0.0,0.0,0.0,0.0,-0.0,0.0,0.0,0.0
13,1,14,0.07074,0.0,0.0,,,,0,0.0,1,0.0,0.0,0.0,0.0,0.0,0.0,,,0.0,0.0,0.0,0.0,0.0,0.0,0.0,0.0,0.0,0.271,0.0,0.96,0.0,0.0,0.0,0.0,0.0,0.0,0.271,0.0,0.96,0.0,0.0,0.0,0.0,0.0,0.0,0.271,0.0,0.96,0.0,0.0,0.0,,,,0.0,0.0,0.0,0.0,0.0,0.0,0.0,0.0,0.0,0.08724817754776784,0.0,0.88,0.0,0.0,0.0,0.0,0.0,0.0,0.08724817754776784,0.0,0.88,0.0,0.0,0.0,0.0,0.0,0.0,0.08724817754776784,0.0,0.88,0.0,0.0,0.0,0.0,0.0,0.0,0.08724817754776784,0.0,0.88,0.0,0.0,0.0,1.0,,,0.101,0.0,0.0,-0.0,0.0,0.0,0.0,,,0.0,0.0,0.0,0.0,0.0,-0.0,0.0,0.0,0.0
14,1,15,0.07074,0.0,0.0,,,,0,0.0,1,0.0,0.0,0.0,0.0,0.0,0.0,,,0.0,0.0,0.0,0.0,0.0,0.0,0.0,0.0,0.0,0.271,0.0,0.96,0.0,0.0,0.0,0.0,0.0,0.0,0.271,0.0,0.96,0.0,0.0,0.0,0.0,0.0,0.0,0.271,0.0,0.96,0.0,0.0,0.0,,,,0.0,0.0,0.0,0.0,0.0,0.0,0.0,0.0,0.0,0.08724817754776784,0.0,0.88,0.0,0.0,0.0,0.0,0.0,0.0,0.08724817754776784,0.0,0.88,0.0,0.0,0.0,0.0,0.0,0.0,0.08724817754776784,0.0,0.88,0.0,0.0,0.0,0.0,0.0,0.0,0.08724817754776784,0.0,0.88,0.0,0.0,0.0,1.0,,,0.101,0.0,0.0,-0.0,0.0,0.0,0.0,,,0.0,0.0,0.0,0.0,0.0,-0.0,0.0,0.0,0.0
15,1,16,0.07074,0.0,0.0,,,,0,0.0,1,0.0,0.0,0.0,0.0,0.0,0.0,,,0.0,0.0,0.0,0.0,0.0,0.0,0.0,0.0,0.0,0.271,0.0,0.96,0.0,0.0,0.0,0.0,0.0,0.0,0.271,0.0,0.96,0.0,0.0,0.0,0.0,0.0,0.0,0.271,0.0,0.96,0.0,0.0,0.0,,,,0.0,0.0,0.0,0.0,0.0,0.0,0.0,0.0,0.0,0.08724817754776784,0.0,0.88,0.0,0.0,0.0,0.0,0.0,0.0,0.08724817754776784,0.0,0.88,0.0,0.0,0.0,0.0,0.0,0.0,0.08724817754776784,0.0,0.88,0.0,0.0,0.0,0.0,0.0,0.0,0.08724817754776784,0.0,0.88,0.0,0.0,0.0,1.0,,,0.101,0.0,0.0,-0.0,0.0,0.0,0.0,,,0.0,0.0,0.0,0.0,0.0,-0.0,0.0,0.0,0.0
16,1,17,0.07074,0.0,0.0,,,,0,0.0,1,0.0,0.0,0.0,0.0,0.0,0.0,,,0.0,0.0,0.0,0.0,0.0,0.0,0.0,0.0,0.0,0.271,0.0,0.96,0.0,0.0,0.0,0.0,0.0,0.0,0.271,0.0,0.96,0.0,0.0,0.0,0.0,0.0,0.0,0.271,0.0,0.96,0.0,0.0,0.0,,,,0.0,0.0,0.0,0.0,0.0,0.0,0.0,0.0,0.0,0.08724817754776784,0.0,0.88,0.0,0.0,0.0,0.0,0.0,0.0,0.08724817754776784,0.0,0.88,0.0,0.0,0.0,0.0,0.0,0.0,0.08724817754776784,0.0,0.88,0.0,0.0,0.0,0.0,0.0,0.0,0.08724817754776784,0.0,0.88,0.0,0.0,0.0,1.0,,,0.101,0.0,0.0,-0.0,0.0,0.0,0.0,,,0.0,0.0,0.0,0.0,0.0,-0.0,0.0,0.0,0.0
17,1,18,0.11566,0.0,0.0,,,,0,0.0,1,0.0,0.0,0.0,0.0,0.0,0.0,,,0.0,0.0,0.0,0.0,0.0,0.0,0.0,0.0,0.0,0.271,0.0,0.96,0.0,0.0,0.0,0.0,0.0,0.0,0.271,0.0,0.96,0.0,0.0,0.0,0.0,0.0,0.0,0.271,0.0,0.96,0.0,0.0,0.0,,,,0.0,0.0,0.0,0.0,0.0,0.0,0.0,0.0,0.0,0.08724817754776784,0.0,0.88,0.0,0.0,0.0,0.0,0.0,0.0,0.08724817754776784,0.0,0.88,0.0,0.0,0.0,0.0,0.0,0.0,0.08724817754776784,0.0,0.88,0.0,0.0,0.0,0.0,0.0,0.0,0.08724817754776784,0.0,0.88,0.0,0.0,0.0,1.0,,,0.101,0.0,0.0,-0.0,0.0,0.0,0.0,,,0.0,0.0,0.0,0.0,0.0,-0.0,0.0,0.0,0.0
18,1,19,0.11566,0.0,0.0,,,,0,0.0,1,0.0,0.0,0.0,0.0,0.0,0.0,,,0.0,0.0,0.0,0.0,0.0,0.0,0.0,0.0,0.0,0.271,0.0,0.96,0.0,0.0,0.0,0.0,0.0,0.0,0.271,0.0,0.96,0.0,0.0,0.0,0.0,0.0,0.0,0.271,0.0,0.96,0.0,0.0,0.0,,,,0.0,0.0,0.0,0.0,0.0,0.0,0.0,0.0,0.0,0.08724817754776784,0.0,0.88,0.0,0.0,0.0,0.0,0.0,0.0,0.08724817754776784,0.0,0.88,0.0,0.0,0.0,0.0,0.0,0.0,0.08724817754776784,0.0,0.88,0.0,0.0,0.0,0.0,0.0,0.0,0.08724817754776784,0.0,0.88,0.0,0.0,0.0,1.0,,,0.101,0.0,0.0,-0.0,0.0,0.0,0.0,,,0.0,0.0,0.0,0.0,0.0,-0.0,0.0,0.0,0.0
19,1,20,0.11566,0.0,0.0,,,,0,0.0,1,0.0,0.0,0.0,0.0,0.0,0.0,,,0.0,0.0,0.0,0.0,0.0,0.0,0.0,0.0,0.0,0.271,0.0,0.96,0.0,0.0,0.0,0.0,0.0,0.0,0.271,0.0,0.96,0.0,0.0,0.0,0.0,0.0,0.0,0.271,0.0,0.96,0.0,0.0,0.0,,,,0.0,0.0,0.0,0.0,0.0,0.0,0.0,0.0,0.0,0.08724817754776784,0.0,0.88,0.0,0.0,0.0,0.0,0.0,0.0,0.08724817754776784,0.0,0.88,0.0,0.0,0.0,0.0,0.0,0.0,0.08724817754776784,0.0,0.88,0.0,0.0,0.0,0.0,0.0,0.0,0.08724817754776784,0.0,0.88,0.0,0.0,0.0,1.0,,,0.101,0.0,0.0,-0.0,0.0,0.0,0.0,,,0.0,0.0,0.0,0.0,0.0,-0.0,0.0,0.0,0.0
20,1,21,0.11566,0.0,0.0,,,,0,0.0,1,0.0,0.0,0.0,0.0,0.0,0.0,,,0.0,0.0,0.0,0.0,0.0,0.0,0.0,0.0,0.0,0.271,0.0,0.96,0.0,0.0,0.0,0.0,0.0,0.0,0.271,0.0,0.96,0.0,0.0,0.0,0.0,0.0,0.0,0.271,0.0,0.96,0.0,0.0,0.0,,,,0.0,0.0,0.0,0.0,0.0,0.0,0.0,0.0,0.0,0.08724817754776784,0.0,0.88,0.0,0.0,0.0,0.0,0.0,0.0,0.08724817754776784,0.0,0.88,0.0,0.0,0.0,0.0,0.0,0.0,0.08724817754776784,0.0,0.88,0.0,0.0,0.0,0.0,0.0,0.0,0.08724817754776784,0.0,0.88,0.0,0.0,0.0,1.0,,,0.101,0.0,0.0,-0.0,0.0,0.0,0.0,,,0.0,0.0,0.0,0.0,0.0,-0.0,0.0,0.0,0.0
21,1,22,0.11566,0.0,0.0,,,,0,0.0,1,0.0,0.0,0.0,0.0,0.0,0.0,,,0.0,0.0,0.0,0.0,0.0,0.0,0.0,0.0,0.0,0.271,0.0,0.96,0.0,0.0,0.0,0.0,0.0,0.0,0.271,0.0,0.96,0.0,0.0,0.0,0.0,0.0,0.0,0.271,0.0,0.96,0.0,0.0,0.0,,,,0.0,0.0,0.0,0.0,0.0,0.0,0.0,0.0,0.0,0.08724817754776784,0.0,0.88,0.0,0.0,0.0,0.0,0.0,0.0,0.08724817754776784,0.0,0.88,0.0,0.0,0.0,0.0,0.0,0.0,0.08724817754776784,0.0,0.88,0.0,0.0,0.0,0.0,0.0,0.0,0.08724817754776784,0.0,0.88,0.0,0.0,0.0,1.0,,,0.101,0.0,0.0,-0.0,0.0,0.0,0.0,,,0.0,0.0,0.0,0.0,0.0,-0.0,0.0,0.0,0.0
22,1,23,0.11506,0.0,0.0,,,,0,0.0,1,0.0,0.0,0.0,0.0,0.0,0.0,,,0.0,0.0,0.0,0.0,0.0,0.0,0.0,0.0,0.0,0.271,0.0,0.96,0.0,0.0,0.0,0.0,0.0,0.0,0.271,0.0,0.96,0.0,0.0,0.0,0.0,0.0,0.0,0.271,0.0,0.96,0.0,0.0,0.0,,,,0.0,0.0,0.0,0.0,0.0,0.0,0.0,0.0,0.0,0.08724817754776784,0.0,0.88,0.0,0.0,0.0,0.0,0.0,0.0,0.08724817754776784,0.0,0.88,0.0,0.0,0.0,0.0,0.0,0.0,0.08724817754776784,0.0,0.88,0.0,0.0,0.0,0.0,0.0,0.0,0.08724817754776784,0.0,0.88,0.0,0.0,0.0,1.0,,,0.101,0.0,0.0,-0.0,0.0,0.0,0.0,,,0.0,0.0,0.0,0.0,0.0,-0.0,0.0,0.0,0.0
23,1,24,0.11506,0.0,0.0,,,,0,0.0,1,0.0,0.0,0.0,0.0,0.0,0.0,,,0.0,0.0,0.0,0.0,0.0,0.0,0.0,0.0,0.0,0.271,0.0,0.96,0.0,0.0,0.0,0.0,0.0,0.0,0.271,0.0,0.96,0.0,0.0,0.0,0.0,0.0,0.0,0.271,0.0,0.96,0.0,0.0,0.0,,,,0.0,0.0,0.0,0.0,0.0,0.0,0.0,0.0,0.0,0.08724817754776784,0.0,0.88,0.0,0.0,0.0,0.0,0.0,0.0,0.08724817754776784,0.0,0.88,0.0,0.0,0.0,0.0,0.0,0.0,0.08724817754776784,0.0,0.88,0.0,0.0,0.0,0.0,0.0,0.0,0.08724817754776784,0.0,0.88,0.0,0.0,0.0,1.0,,,0.101,0.0,0.0,-0.0,0.0,0.0,0.0,,,0.0,0.0,0.0,0.0,0.0,-0.0,0.0,0.0,0.0
24,1,25,0.11506,0.0,0.0,,,,0,0.0,1,0.0,0.0,0.0,0.0,0.0,0.0,,,0.0,0.0,0.0,0.0,0.0,0.0,0.0,0.0,0.0,0.271,0.0,0.96,0.0,0.0,0.0,0.0,0.0,0.0,0.271,0.0,0.96,0.0,0.0,0.0,0.0,0.0,0.0,0.271,0.0,0.96,0.0,0.0,0.0,,,,0.0,0.0,0.0,0.0,0.0,0.0,0.0,0.0,0.0,0.08724817754776784,0.0,0.88,0.0,0.0,0.0,0.0,0.0,0.0,0.08724817754776784,0.0,0.88,0.0,0.0,0.0,0.0,0.0,0.0,0.08724817754776784,0.0,0.88,0.0,0.0,0.0,0.0,0.0,0.0,0.08724817754776784,0.0,0.88,0.0,0.0,0.0,1.0,,,0.101,0.0,0.0,-0.0,0.0,0.0,0.0,,,0.0,0.0,0.0,0.0,0.0,-0.0,0.0,0.0,0.0
25,1,26,0.11506,0.0,0.0,,,,0,0.0,1,0.0,0.0,0.0,0.0,0.0,0.0,,,0.0,0.0,0.0,0.0,0.0,0.0,0.0,0.0,0.0,0.271,0.0,0.96,0.0,0.0,0.0,0.0,0.0,0.0,0.271,0.0,0.96,0.0,0.0,0.0,0.0,0.0,0.0,0.271,0.0,0.96,0.0,0.0,0.0,,,,0.0,0.0,0.0,0.0,0.0,0.0,0.0,0.0,0.0,0.08724817754776784,0.0,0.88,0.0,0.0,0.0,0.0,0.0,0.0,0.08724817754776784,0.0,0.88,0.0,0.0,0.0,0.0,0.0,0.0,0.08724817754776784,0.0,0.88,0.0,0.0,0.0,0.0,0.0,0.0,0.08724817754776784,0.0,0.88,0.0,0.0,0.0,1.0,,,0.101,0.0,0.0,-0.0,0.0,0.0,0.0,,,0.0,0.0,0.0,0.0,0.0,-0.0,0.0,0.0,0.0
26,1,27,0.11506,0.0,0.0,,,,0,0.0,1,0.0,0.0,0.0,0.0,0.0,0.0,,,0.0,0.0,0.0,0.0,0.0,0.0,0.0,0.0,0.0,0.271,0.0,0.96,0.0,0.0,0.0,0.0,0.0,0.0,0.271,0.0,0.96,0.0,0.0,0.0,0.0,0.0,0.0,0.271,0.0,0.96,0.0,0.0,0.0,,,,0.0,0.0,0.0,0.0,0.0,0.0,0.0,0.0,0.0,0.08724817754776784,0.0,0.88,0.0,0.0,0.0,0.0,0.0,0.0,0.08724817754776784,0.0,0.88,0.0,0.0,0.0,0.0,0.0,0.0,0.08724817754776784,0.0,0.88,0.0,0.0,0.0,0.0,0.0,0.0,0.08724817754776784,0.0,0.88,0.0,0.0,0.0,1.0,,,0.101,0.0,0.0,-0.0,0.0,0.0,0.0,,,0.0,0.0,0.0,0.0,0.0,-0.0,0.0,0.0,0.0
27,1,28,0.11506,0.0,0.0,,,,0,0.0,1,0.0,0.0,0.0,0.0,0.0,0.0,,,0.0,0.0,0.0,0.0,0.0,0.0,0.0,0.0,0.0,0.271,0.0,0.96,0.0,0.0,0.0,0.0,0.0,0.0,0.271,0.0,0.96,0.0,0.0,0.0,0.0,0.0,0.0,0.271,0.0,0.96,0.0,0.0,0.0,,,,0.0,0.0,0.0,0.0,0.0,0.0,0.0,0.0,0.0,0.08724817754776784,0.0,0.88,0.0,0.0,0.0,0.0,0.0,0.0,0.08724817754776784,0.0,0.88,0.0,0.0,0.0,0.0,0.0,0.0,0.08724817754776784,0.0,0.88,0.0,0.0,0.0,0.0,0.0,0.0,0.08724817754776784,0.0,0.88,0.0,0.0,0.0,1.0,,,0.101,0.0,0.0,-0.0,0.0,0.0,0.0,,,0.0,0.0,0.0,0.0,0.0,-0.0,0.0,0.0,0.0
28,1,29,0.11506,0.0,0.0,,,,0,0.0,1,0.0,0.0,0.0,0.0,0.0,0.0,,,0.0,0.0,0.0,0.0,0.0,0.0,0.0,0.0,0.0,0.271,0.0,0.96,0.0,0.0,0.0,0.0,0.0,0.0,0.271,0.0,0.96,0.0,0.0,0.0,0.0,0.0,0.0,0.271,0.0,0.96,0.0,0.0,0.0,,,,0.0,0.0,0.0,0.0,0.0,0.0,0.0,0.0,0.0,0.08724817754776784,0.0,0.88,0.0,0.0,0.0,0.0,0.0,0.0,0.08724817754776784,0.0,0.88,0.0,0.0,0.0,0.0,0.0,0.0,0.08724817754776784,0.0,0.88,0.0,0.0,0.0,0.0,0.0,0.0,0.08724817754776784,0.0,0.88,0.0,0.0,0.0,1.0,,,0.101,0.0,0.0,-0.0,0.0,0.0,0.0,,,0.0,0.0,0.0,0.0,0.0,-0.0,0.0,0.0,0.0
29,1,30,0.11506,0.0,0.0,,,,0,0.0,1,0.0,0.0,0.0,0.0,0.0,0.0,,,0.0,0.0,0.0,0.0,0.0,0.0,0.0,0.0,0.0,0.271,0.0,0.96,0.0,0.0,0.0,0.0,0.0,0.0,0.271,0.0,0.96,0.0,0.0,0.0,0.0,0.0,0.0,0.271,0.0,0.96,0.0,0.0,0.0,,,,0.0,0.0,0.0,0.0,0.0,0.0,0.0,0.0,0.0,0.08724817754776784,0.0,0.88,0.0,0.0,0.0,0.0,0.0,0.0,0.08724817754776784,0.0,0.88,0.0,0.0,0.0,0.0,0.0,0.0,0.08724817754776784,0.0,0.88,0.0,0.0,0.0,0.0,0.0,0.0,0.08724817754776784,0.0,0.88,0.0,0.0,0.0,1.0,,,0.101,0.0,0.0,-0.0,0.0,0.0,0.0,,,0.0,0.0,0.0,0.0,0.0,-0.0,0.0,0.0,0.0
30,1,31,0.11506,0.0,0.0,,,,0,0.0,1,0.0,0.0,0.0,0.0,0.0,0.0,,,0.0,0.0,0.0,0.0,0.0,0.0,0.0,0.0,0.0,0.271,0.0,0.96,0.0,0.0,0.0,0.0,0.0,0.0,0.271,0.0,0.96,0.0,0.0,0.0,0.0,0.0,0.0,0.271,0.0,0.96,0.0,0.0,0.0,,,,0.0,0.0,0.0,0.0,0.0,0.0,0.0,0.0,0.0,0.08724817754776784,0.0,0.88,0.0,0.0,0.0,0.0,0.0,0.0,0.08724817754776784,0.0,0.88,0.0,0.0,0.0,0.0,0.0,0.0,0.08724817754776784,0.0,0.88,0.0,0.0,0.0,0.0,0.0,0.0,0.08724817754776784,0.0,0.88,0.0,0.0,0.0,1.0,,,0.101,0.0,0.0,-0.0,0.0,0.0,0.0,,,0.0,0.0,0.0,0.0,0.0,-0.0,0.0,0.0,0.0
31,1,32,0.11506,0.0,0.0,,,,0,0.0,1,0.0,0.0,0.0,0.0,0.0,0.0,,,0.0,0.0,0.0,0.0,0.0,0.0,0.0,0.0,0.0,0.271,0.0,0.96,0.0,0.0,0.0,0.0,0.0,0.0,0.271,0.0,0.96,0.0,0.0,0.0,0.0,0.0,0.0,0.271,0.0,0.96,0.0,0.0,0.0,,,,0.0,0.0,0.0,0.0,0.0,0.0,0.0,0.0,0.0,0.08724817754776784,0.0,0.88,0.0,0.0,0.0,0.0,0.0,0.0,0.08724817754776784,0.0,0.88,0.0,0.0,0.0,0.0,0.0,0.0,0.08724817754776784,0.0,0.88,0.0,0.0,0.0,0.0,0.0,0.0,0.08724817754776784,0.0,0.88,0.0,0.0,0.0,1.0,,,0.101,0.0,0.0,-0.0,0.0,0.0,0.0,,,0.0,0.0,0.0,0.0,0.0,-0.0,0.0,0.0,0.0
32,1,33,0.07074,0.0,0.0,,,,0,0.0,1,0.0,0.0,0.0,0.0,0.0,0.0,,,0.0,0.0,0.0,0.0,0.0,0.0,0.0,0.0,0.0,0.271,0.0,0.96,0.0,0.0,0.0,0.0,0.0,0.0,0.271,0.0,0.96,0.0,0.0,0.0,0.0,0.0,0.0,0.271,0.0,0.96,0.0,0.0,0.0,,,,0.0,0.0,0.0,0.0,0.0,0.0,0.0,0.0,0.0,0.08724817754776784,0.0,0.88,0.0,0.0,0.0,0.0,0.0,0.0,0.08724817754776784,0.0,0.88,0.0,0.0,0.0,0.0,0.0,0.0,0.08724817754776784,0.0,0.88,0.0,0.0,0.0,0.0,0.0,0.0,0.08724817754776784,0.0,0.88,0.0,0.0,0.0,1.0,,,0.101,0.0,0.0,-0.0,0.0,0.0,0.0,,,0.0,0.0,0.0,0.0,0.0,-0.0,0.0,0.0,0.0
33,1,34,0.07074,0.0,0.0,,,,0,0.0,1,0.0,0.0,0.0,0.0,0.0,0.0,,,0.0,0.0,0.0,0.0,0.0,0.0,0.0,0.0,0.0,0.271,0.0,0.96,0.0,0.0,0.0,0.0,0.0,0.0,0.271,0.0,0.96,0.0,0.0,0.0,0.0,0.0,0.0,0.271,0.0,0.96,0.0,0.0,0.0,,,,0.0,0.0,0.0,0.0,0.0,0.0,0.0,0.0,0.0,0.08724817754776784,0.0,0.88,0.0,0.0,0.0,0.0,0.0,0.0,0.08724817754776784,0.0,0.88,0.0,0.0,0.0,0.0,0.0,0.0,0.08724817754776784,0.0,0.88,0.0,0.0,0.0,0.0,0.0,0.0,0.08724817754776784,0.0,0.88,0.0,0.0,0.0,1.0,,,0.101,0.0,0.0,-0.0,0.0,0.0,0.0,,,0.0,0.0,0.0,0.0,0.0,-0.0,0.0,0.0,0.0
34,1,35,0.07074,0.0,0.0,,,,0,0.0,1,0.0,0.0,0.0,0.0,0.0,0.0,,,0.0,0.0,0.0,0.0,0.0,0.0,0.0,0.0,0.0,0.271,0.0,0.96,0.0,0.0,0.0,0.0,0.0,0.0,0.271,0.0,0.96,0.0,0.0,0.0,0.0,0.0,0.0,0.271,0.0,0.96,0.0,0.0,0.0,,,,0.0,0.0,0.0,0.0,0.0,0.0,0.0,0.0,0.0,0.08724817754776784,0.0,0.88,0.0,0.0,0.0,0.0,0.0,0.0,0.08724817754776784,0.0,0.88,0.0,0.0,0.0,0.0,0.0,0.0,0.08724817754776784,0.0,0.88,0.0,0.0,0.0,0.0,0.0,0.0,0.08724817754776784,0.0,0.88,0.0,0.0,0.0,1.0,,,0.101,0.0,0.0,-0.0,0.0,0.0,0.0,,,0.0,0.0,0.0,0.0,0.0,-0.0,0.0,0.0,0.0
35,1,36,0.07074,0.0,0.0,,,,0,0.0,1,0.0,0.0,0.0,0.0,0.0,0.0,,,0.0,0.0,0.0,0.0,0.0,0.0,0.0,0.0,0.0,0.271,0.0,0.96,0.0,0.0,0.0,0.0,0.0,0.0,0.271,0.0,0.96,0.0,0.0,0.0,0.0,0.0,0.0,0.271,0.0,0.96,0.0,0.0,0.0,,,,0.0,0.0,0.0,0.0,0.0,0.0,0.0,0.0,0.0,0.08724817754776784,0.0,0.88,0.0,0.0,0.0,0.0,0.0,0.0,0.08724817754776784,0.0,0.88,0.0,0.0,0.0,0.0,0.0,0.0,0.08724817754776784,0.0,0.88,0.0,0.0,0.0,0.0,0.0,0.0,0.08724817754776784,0.0,0.88,0.0,0.0,0.0,1.0,,,0.101,0.0,0.0,-0.0,0.0,0.0,0.0,,,0.0,0.0,0.0,0.0,0.0,-0.0,0.0,0.0,0.0
36,1,37,0.07074,0.0,0.0,,,,0,0.0,1,0.0,0.0,0.0,0.0,0.0,0.0,,,0.0,0.0,0.0,0.0,0.0,0.0,0.0,0.0,0.0,0.271,0.0,0.96,0.0,0.0,0.0,0.0,0.0,0.0,0.271,0.0,0.96,0.0,0.0,0.0,0.0,0.0,0.0,0.271,0.0,0.96,0.0,0.0,0.0,,,,0.0,0.0,0.0,0.0,0.0,0.0,0.0,0.0,0.0,0.08724817754776784,0.0,0.88,0.0,0.0,0.0,0.0,0.0,0.0,0.08724817754776784,0.0,0.88,0.0,0.0,0.0,0.0,0.0,0.0,0.08724817754776784,0.0,0.88,0.0,0.0,0.0,0.0,0.0,0.0,0.08724817754776784,0.0,0.88,0.0,0.0,0.0,1.0,,,0.101,0.0,0.0,-0.0,0.0,0.0,0.0,,,0.0,0.0,0.0,0.0,0.0,-0.0,0.0,0.0,0.0
37,1,38,0.07074,0.0,0.0,,,,0,0.0,1,0.0,0.0,0.0,0.0,0.0,0.0,,,0.0,0.0,0.0,0.0,0.0,0.0,0.0,0.0,0.0,0.271,0.0,0.96,0.0,0.0,0.0,0.0,0.0,0.0,0.271,0.0,0.96,0.0,0.0,0.0,0.0,0.0,0.0,0.271,0.0,0.96,0.0,0.0,0.0,,,,0.0,0.0,0.0,0.0,0.0,0.0,0.0,0.0,0.0,0.08724817754776784,0.0,0.88,0.0,0.0,0.0,0.0,0.0,0.0,0.08724817754776784,0.0,0.88,0.0,0.0,0.0,0.0,0.0,0.0,0.08724817754776784,0.0,0.88,0.0,0.0,0.0,0.0,0.0,0.0,0.08724817754776784,0.0,0.88,0.0,0.0,0.0,1.0,,,0.101,0.0,0.0,-0.0,0.0,0.0,0.0,,,0.0,0.0,0.0,0.0,0.0,-0.0,0.0,0.0,0.0
38,1,39,0.07074,0.0,0.0,,,,0,0.0,1,0.0,0.0,0.0,0.0,0.0,0.0,,,0.0,0.0,0.0,0.0,0.0,0.0,0.0,0.0,0.0,0.271,0.0,0.96,0.0,0.0,0.0,0.0,0.0,0.0,0.271,0.0,0.96,0.0,0.0,0.0,0.0,0.0,0.0,0.271,0.0,0.96,0.0,0.0,0.0,,,,0.0,0.0,0.0,0.0,0.0,0.0,0.0,0.0,0.0,0.08724817754776784,0.0,0.88,0.0,0.0,0.0,0.0,0.0,0.0,0.08724817754776784,0.0,0.88,0.0,0.0,0.0,0.0,0.0,0.0,0.08724817754776784,0.0,0.88,0.0,0.0,0.0,0.0,0.0,0.0,0.08724817754776784,0.0,0.88,0.0,0.0,0.0,1.0,,,0.101,0.0,0.0,-0.0,0.0,0.0,0.0,,,0.0,0.0,0.0,0.0,0.0,-0.0,0.0,0.0,0.0
39,1,40,0.07074,0.0,0.0,,,,0,0.0,1,0.0,0.0,0.0,0.0,0.0,0.0,,,0.0,0.0,0.0,0.0,0.0,0.0,0.0,0.0,0.0,0.271,0.0,0.96,0.0,0.0,0.0,0.0,0.0,0.0,0.271,0.0,0.96,0.0,0.0,0.0,0.0,0.0,0.0,0.271,0.0,0.96,0.0,0.0,0.0,,,,0.0,0.0,0.0,0.0,0.0,0.0,0.0,0.0,0.0,0.08724817754776784,0.0,0.88,0.0,0.0,0.0,0.0,0.0,0.0,0.08724817754776784,0.0,0.88,0.0,0.0,0.0,0.0,0.0,0.0,0.08724817754776784,0.0,0.88,0.0,0.0,0.0,0.0,0.0,0.0,0.08724817754776784,0.0,0.88,0.0,0.0,0.0,1.0,,,0.101,0.0,0.0,-0.0,0.0,0.0,0.0,,,0.0,0.0,0.0,0.0,0.0,-0.0,0.0,0.0,0.0
40,1,41,0.07074,0.0,0.0,,,,0,0.0,1,0.0,0.0,0.0,0.0,0.0,0.0,,,0.0,0.0,0.0,0.0,0.0,0.0,0.0,0.0,0.0,0.271,0.0,0.96,0.0,0.0,0.0,0.0,0.0,0.0,0.271,0.0,0.96,0.0,0.0,0.0,0.0,0.0,0.0,0.271,0.0,0.96,0.0,0.0,0.0,,,,0.0,0.0,0.0,0.0,0.0,0.0,0.0,0.0,0.0,0.08724817754776784,0.0,0.88,0.0,0.0,0.0,0.0,0.0,0.0,0.08724817754776784,0.0,0.88,0.0,0.0,0.0,0.0,0.0,0.0,0.08724817754776784,0.0,0.88,0.0,0.0,0.0,0.0,0.0,0.0,0.08724817754776784,0.0,0.88,0.0,0.0,0.0,1.0,,,0.101,0.0,0.0,-0.0,0.0,0.0,0.0,,,0.0,0.0,0.0,0.0,0.0,-0.0,0.0,0.0,0.0
41,1,42,0.11566,0.0,0.0,,,,0,0.0,1,0.0,0.0,0.0,0.0,0.0,0.0,,,0.0,0.0,0.0,0.0,0.0,0.0,0.0,0.0,0.0,0.271,0.0,0.96,0.0,0.0,0.0,0.0,0.0,0.0,0.271,0.0,0.96,0.0,0.0,0.0,0.0,0.0,0.0,0.271,0.0,0.96,0.0,0.0,0.0,,,,0.0,0.0,0.0,0.0,0.0,0.0,0.0,0.0,0.0,0.08724817754776784,0.0,0.88,0.0,0.0,0.0,0.0,0.0,0.0,0.08724817754776784,0.0,0.88,0.0,0.0,0.0,0.0,0.0,0.0,0.08724817754776784,0.0,0.88,0.0,0.0,0.0,0.0,0.0,0.0,0.08724817754776784,0.0,0.88,0.0,0.0,0.0,1.0,,,0.101,0.0,0.0,-0.0,0.0,0.0,0.0,,,0.0,0.0,0.0,0.0,0.0,-0.0,0.0,0.0,0.0
42,1,43,0.11566,0.0,0.0,,,,0,0.0,1,0.0,0.0,0.0,0.0,0.0,0.0,,,0.0,0.0,0.0,0.0,0.0,0.0,0.0,0.0,0.0,0.271,0.0,0.96,0.0,0.0,0.0,0.0,0.0,0.0,0.271,0.0,0.96,0.0,0.0,0.0,0.0,0.0,0.0,0.271,0.0,0.96,0.0,0.0,0.0,,,,0.0,0.0,0.0,0.0,0.0,0.0,0.0,0.0,0.0,0.08724817754776784,0.0,0.88,0.0,0.0,0.0,0.0,0.0,0.0,0.08724817754776784,0.0,0.88,0.0,0.0,0.0,0.0,0.0,0.0,0.08724817754776784,0.0,0.88,0.0,0.0,0.0,0.0,0.0,0.0,0.08724817754776784,0.0,0.88,0.0,0.0,0.0,1.0,,,0.101,0.0,0.0,-0.0,0.0,0.0,0.0,,,0.0,0.0,0.0,0.0,0.0,-0.0,0.0,0.0,0.0
43,1,44,0.11566,0.0,0.0,,,,0,0.0,1,0.0,0.0,0.0,0.0,0.0,0.0,,,0.0,0.0,0.0,0.0,0.0,0.0,0.0,0.0,0.0,0.271,0.0,0.96,0.0,0.0,0.0,0.0,0.0,0.0,0.271,0.0,0.96,0.0,0.0,0.0,0.0,0.0,0.0,0.271,0.0,0.96,0.0,0.0,0.0,,,,0.0,0.0,0.0,0.0,0.0,0.0,0.0,0.0,0.0,0.08724817754776784,0.0,0.88,0.0,0.0,0.0,0.0,0.0,0.0,0.08724817754776784,0.0,0.88,0.0,0.0,0.0,0.0,0.0,0.0,0.08724817754776784,0.0,0.88,0.0,0.0,0.0,0.0,0.0,0.0,0.08724817754776784,0.0,0.88,0.0,0.0,0.0,1.0,,,0.101,0.0,0.0,-0.0,0.0,0.0,0.0,,,0.0,0.0,0.0,0.0,0.0,-0.0,0.0,0.0,0.0
44,1,45,0.11566,0.0,0.0,,,,0,0.0,1,0.0,0.0,0.0,0.0,0.0,0.0,,,0.0,0.0,0.0,0.0,0.0,0.0,0.0,0.0,0.0,0.271,0.0,0.96,0.0,0.0,0.0,0.0,0.0,0.0,0.271,0.0,0.96,0.0,0.0,0.0,0.0,0.0,0.0,0.271,0.0,0.96,0.0,0.0,0.0,,,,0.0,0.0,0.0,0.0,0.0,0.0,0.0,0.0,0.0,0.08724817754776784,0.0,0.88,0.0,0.0,0.0,0.0,0.0,0.0,0.08724817754776784,0.0,0.88,0.0,0.0,0.0,0.0,0.0,0.0,0.08724817754776784,0.0,0.88,0.0,0.0,0.0,0.0,0.0,0.0,0.08724817754776784,0.0,0.88,0.0,0.0,0.0,1.0,,,0.101,0.0,0.0,-0.0,0.0,0.0,0.0,,,0.0,0.0,0.0,0.0,0.0,-0.0,0.0,0.0,0.0
45,1,46,0.11566,0.0,0.0,,,,0,0.0,1,0.0,0.0,0.0,0.0,0.0,0.0,,,0.0,0.0,0.0,0.0,0.0,0.0,0.0,0.0,0.0,0.271,0.0,0.96,0.0,0.0,0.0,0.0,0.0,0.0,0.271,0.0,0.96,0.0,0.0,0.0,0.0,0.0,0.0,0.271,0.0,0.96,0.0,0.0,0.0,,,,0.0,0.0,0.0,0.0,0.0,0.0,0.0,0.0,0.0,0.08724817754776784,0.0,0.88,0.0,0.0,0.0,0.0,0.0,0.0,0.08724817754776784,0.0,0.88,0.0,0.0,0.0,0.0,0.0,0.0,0.08724817754776784,0.0,0.88,0.0,0.0,0.0,0.0,0.0,0.0,0.08724817754776784,0.0,0.88,0.0,0.0,0.0,1.0,,,0.101,0.0,0.0,-0.0,0.0,0.0,0.0,,,0.0,0.0,0.0,0.0,0.0,-0.0,0.0,0.0,0.0
46,1,47,0.11506,0.0,0.0,,,,0,0.0,1,0.0,0.0,0.0,0.0,0.0,0.0,,,0.0,0.0,0.0,0.0,0.0,0.0,0.0,0.0,0.0,0.271,0.0,0.96,0.0,0.0,0.0,0.0,0.0,0.0,0.271,0.0,0.96,0.0,0.0,0.0,0.0,0.0,0.0,0.271,0.0,0.96,0.0,0.0,0.0,,,,0.0,0.0,0.0,0.0,0.0,0.0,0.0,0.0,0.0,0.08724817754776784,0.0,0.88,0.0,0.0,0.0,0.0,0.0,0.0,0.08724817754776784,0.0,0.88,0.0,0.0,0.0,0.0,0.0,0.0,0.08724817754776784,0.0,0.88,0.0,0.0,0.0,0.0,0.0,0.0,0.08724817754776784,0.0,0.88,0.0,0.0,0.0,1.0,,,0.101,0.0,0.0,-0.0,0.0,0.0,0.0,,,0.0,0.0,0.0,0.0,0.0,-0.0,0.0,0.0,0.0
47,1,48,0.11506,0.0,0.0,,,,0,0.0,1,0.0,0.0,0.0,0.0,0.0,0.0,,,0.0,0.0,0.0,0.0,0.0,0.0,0.0,0.0,0.0,0.271,0.0,0.96,0.0,0.0,0.0,0.0,0.0,0.0,0.271,0.0,0.96,0.0,0.0,0.0,0.0,0.0,0.0,0.271,0.0,0.96,0.0,0.0,0.0,,,,0.0,0.0,0.0,0.0,0.0,0.0,0.0,0.0,0.0,0.08724817754776784,0.0,0.88,0.0,0.0,0.0,0.0,0.0,0.0,0.08724817754776784,0.0,0.88,0.0,0.0,0.0,0.0,0.0,0.0,0.08724817754776784,0.0,0.88,0.0,0.0,0.0,0.0,0.0,0.0,0.08724817754776784,0.0,0.88,0.0,0.0,0.0,1.0,,,0.101,0.0,0.0,-0.0,0.0,0.0,0.0,,,0.0,0.0,0.0,0.0,0.0,-0.0,0.0,0.0,0.0
48,1,49,0.11506,0.0,0.0,,,,0,0.0,1,0.0,0.0,0.0,0.0,0.0,0.0,,,0.0,0.0,0.0,0.0,0.0,0.0,0.0,0.0,0.0,0.271,0.0,0.96,0.0,0.0,0.0,0.0,0.0,0.0,0.271,0.0,0.96,0.0,0.0,0.0,0.0,0.0,0.0,0.271,0.0,0.96,0.0,0.0,0.0,,,,0.0,0.0,0.0,0.0,0.0,0.0,0.0,0.0,0.0,0.08724817754776784,0.0,0.88,0.0,0.0,0.0,0.0,0.0,0.0,0.08724817754776784,0.0,0.88,0.0,0.0,0.0,0.0,0.0,0.0,0.08724817754776784,0.0,0.88,0.0,0.0,0.0,0.0,0.0,0.0,0.08724817754776784,0.0,0.88,0.0,0.0,0.0,1.0,,,0.101,0.0,0.0,-0.0,0.0,0.0,0.0,,,0.0,0.0,0.0,0.0,0.0,-0.0,0.0,0.0,0.0
49,1,50,0.11506,0.0,0.0,,,,0,0.0,1,0.0,0.0,0.0,0.0,0.0,0.0,,,0.0,0.0,0.0,0.0,0.0,0.0,0.0,0.0,0.0,0.271,0.0,0.96,0.0,0.0,0.0,0.0,0.0,0.0,0.271,0.0,0.96,0.0,0.0,0.0,0.0,0.0,0.0,0.271,0.0,0.96,0.0,0.0,0.0,,,,0.0,0.0,0.0,0.0,0.0,0.0,0.0,0.0,0.0,0.08724817754776784,0.0,0.88,0.0,0.0,0.0,0.0,0.0,0.0,0.08724817754776784,0.0,0.88,0.0,0.0,0.0,0.0,0.0,0.0,0.08724817754776784,0.0,0.88,0.0,0.0,0.0,0.0,0.0,0.0,0.08724817754776784,0.0,0.88,0.0,0.0,0.0,1.0,,,0.101,0.0,0.0,-0.0,0.0,0.0,0.0,,,0.0,0.0,0.0,0.0,0.0,-0.0,0.0,0.0,0.0
50,1,51,0.11506,0.0,0.0,,,,0,0.0,1,0.0,0.0,0.0,0.0,0.0,0.0,,,0.0,0.0,0.0,0.0,0.0,0.0,0.0,0.0,0.0,0.271,0.0,0.96,0.0,0.0,0.0,0.0,0.0,0.0,0.271,0.0,0.96,0.0,0.0,0.0,0.0,0.0,0.0,0.271,0.0,0.96,0.0,0.0,0.0,,,,0.0,0.0,0.0,0.0,0.0,0.0,0.0,0.0,0.0,0.08724817754776784,0.0,0.88,0.0,0.0,0.0,0.0,0.0,0.0,0.08724817754776784,0.0,0.88,0.0,0.0,0.0,0.0,0.0,0.0,0.08724817754776784,0.0,0.88,0.0,0.0,0.0,0.0,0.0,0.0,0.08724817754776784,0.0,0.88,0.0,0.0,0.0,1.0,,,0.101,0.0,0.0,-0.0,0.0,0.0,0.0,,,0.0,0.0,0.0,0.0,0.0,-0.0,0.0,0.0,0.0
51,1,52,0.11506,0.0,0.0,,,,0,0.0,1,0.0,0.0,0.0,0.0,0.0,0.0,,,0.0,0.0,0.0,0.0,0.0,0.0,0.0,0.0,0.0,0.271,0.0,0.96,0.0,0.0,0.0,0.0,0.0,0.0,0.271,0.0,0.96,0.0,0.0,0.0,0.0,0.0,0.0,0.271,0.0,0.96,0.0,0.0,0.0,,,,0.0,0.0,0.0,0.0,0.0,0.0,0.0,0.0,0.0,0.08724817754776784,0.0,0.88,0.0,0.0,0.0,0.0,0.0,0.0,0.08724817754776784,0.0,0.88,0.0,0.0,0.0,0.0,0.0,0.0,0.08724817754776784,0.0,0.88,0.0,0.0,0.0,0.0,0.0,0.0,0.08724817754776784,0.0,0.88,0.0,0.0,0.0,1.0,,,0.101,0.0,0.0,-0.0,0.0,0.0,0.0,,,0.0,0.0,0.0,0.0,0.0,-0.0,0.0,0.0,0.0
52,1,53,0.11506,0.0,0.0,,,,0,0.0,1,0.0,0.0,0.0,0.0,0.0,0.0,,,0.0,0.0,0.0,0.0,0.0,0.0,0.0,0.0,0.0,0.271,0.0,0.96,0.0,0.0,0.0,0.0,0.0,0.0,0.271,0.0,0.96,0.0,0.0,0.0,0.0,0.0,0.0,0.271,0.0,0.96,0.0,0.0,0.0,,,,0.0,0.0,0.0,0.0,0.0,0.0,0.0,0.0,0.0,0.08724817754776784,0.0,0.88,0.0,0.0,0.0,0.0,0.0,0.0,0.08724817754776784,0.0,0.88,0.0,0.0,0.0,0.0,0.0,0.0,0.08724817754776784,0.0,0.88,0.0,0.0,0.0,0.0,0.0,0.0,0.08724817754776784,0.0,0.88,0.0,0.0,0.0,1.0,,,0.101,0.0,0.0,-0.0,0.0,0.0,0.0,,,0.0,0.0,0.0,0.0,0.0,-0.0,0.0,0.0,0.0
53,1,54,0.11506,0.0,0.0,,,,0,0.0,1,0.0,0.0,0.0,0.0,0.0,0.0,,,0.0,0.0,0.0,0.0,0.0,0.0,0.0,0.0,0.0,0.271,0.0,0.96,0.0,0.0,0.0,0.0,0.0,0.0,0.271,0.0,0.96,0.0,0.0,0.0,0.0,0.0,0.0,0.271,0.0,0.96,0.0,0.0,0.0,,,,0.0,0.0,0.0,0.0,0.0,0.0,0.0,0.0,0.0,0.08724817754776784,0.0,0.88,0.0,0.0,0.0,0.0,0.0,0.0,0.08724817754776784,0.0,0.88,0.0,0.0,0.0,0.0,0.0,0.0,0.08724817754776784,0.0,0.88,0.0,0.0,0.0,0.0,0.0,0.0,0.08724817754776784,0.0,0.88,0.0,0.0,0.0,1.0,,,0.101,0.0,0.0,-0.0,0.0,0.0,0.0,,,0.0,0.0,0.0,0.0,0.0,-0.0,0.0,0.0,0.0
54,1,55,0.11506,0.0,0.0,,,,0,0.0,1,0.0,0.0,0.0,0.0,0.0,0.0,,,0.0,0.0,0.0,0.0,0.0,0.0,0.0,0.0,0.0,0.271,0.0,0.96,0.0,0.0,0.0,0.0,0.0,0.0,0.271,0.0,0.96,0.0,0.0,0.0,0.0,0.0,0.0,0.271,0.0,0.96,0.0,0.0,0.0,,,,0.0,0.0,0.0,0.0,0.0,0.0,0.0,0.0,0.0,0.08724817754776784,0.0,0.88,0.0,0.0,0.0,0.0,0.0,0.0,0.08724817754776784,0.0,0.88,0.0,0.0,0.0,0.0,0.0,0.0,0.08724817754776784,0.0,0.88,0.0,0.0,0.0,0.0,0.0,0.0,0.08724817754776784,0.0,0.88,0.0,0.0,0.0,1.0,,,0.101,0.0,0.0,-0.0,0.0,0.0,0.0,,,0.0,0.0,0.0,0.0,0.0,-0.0,0.0,0.0,0.0
55,1,56,0.11506,0.0,0.0,,,,0,0.0,1,0.0,0.0,0.0,0.0,0.0,0.0,,,0.0,0.0,0.0,0.0,0.0,0.0,0.0,0.0,0.0,0.271,0.0,0.96,0.0,0.0,0.0,0.0,0.0,0.0,0.271,0.0,0.96,0.0,0.0,0.0,0.0,0.0,0.0,0.271,0.0,0.96,0.0,0.0,0.0,,,,0.0,0.0,0.0,0.0,0.0,0.0,0.0,0.0,0.0,0.08724817754776784,0.0,0.88,0.0,0.0,0.0,0.0,0.0,0.0,0.08724817754776784,0.0,0.88,0.0,0.0,0.0,0.0,0.0,0.0,0.08724817754776784,0.0,0.88,0.0,0.0,0.0,0.0,0.0,0.0,0.08724817754776784,0.0,0.88,0.0,0.0,0.0,1.0,,,0.101,0.0,0.0,-0.0,0.0,0.0,0.0,,,0.0,0.0,0.0,0.0,0.0,-0.0,0.0,0.0,0.0
56,1,57,0.07074,0.0,0.0,,,,0,0.0,1,0.0,0.0,0.0,0.0,0.0,0.0,,,0.0,0.0,0.0,0.0,0.0,0.0,0.0,0.0,0.0,0.271,0.0,0.96,0.0,0.0,0.0,0.0,0.0,0.0,0.271,0.0,0.96,0.0,0.0,0.0,0.0,0.0,0.0,0.271,0.0,0.96,0.0,0.0,0.0,,,,0.0,0.0,0.0,0.0,0.0,0.0,0.0,0.0,0.0,0.08724817754776784,0.0,0.88,0.0,0.0,0.0,0.0,0.0,0.0,0.08724817754776784,0.0,0.88,0.0,0.0,0.0,0.0,0.0,0.0,0.08724817754776784,0.0,0.88,0.0,0.0,0.0,0.0,0.0,0.0,0.08724817754776784,0.0,0.88,0.0,0.0,0.0,1.0,,,0.101,0.0,0.0,-0.0,0.0,0.0,0.0,,,0.0,0.0,0.0,0.0,0.0,-0.0,0.0,0.0,0.0
57,1,58,0.07074,0.0,0.0,,,,0,0.0,1,0.0,0.0,0.0,0.0,0.0,0.0,,,0.0,0.0,0.0,0.0,0.0,0.0,0.0,0.0,0.0,0.271,0.0,0.96,0.0,0.0,0.0,0.0,0.0,0.0,0.271,0.0,0.96,0.0,0.0,0.0,0.0,0.0,0.0,0.271,0.0,0.96,0.0,0.0,0.0,,,,0.0,0.0,0.0,0.0,0.0,0.0,0.0,0.0,0.0,0.08724817754776784,0.0,0.88,0.0,0.0,0.0,0.0,0.0,0.0,0.08724817754776784,0.0,0.88,0.0,0.0,0.0,0.0,0.0,0.0,0.08724817754776784,0.0,0.88,0.0,0.0,0.0,0.0,0.0,0.0,0.08724817754776784,0.0,0.88,0.0,0.0,0.0,1.0,,,0.101,0.0,0.0,-0.0,0.0,0.0,0.0,,,0.0,0.0,0.0,0.0,0.0,-0.0,0.0,0.0,0.0
58,1,59,0.07074,0.0,0.0,,,,0,0.0,1,0.0,0.0,0.0,0.0,0.0,0.0,,,0.0,0.0,0.0,0.0,0.0,0.0,0.0,0.0,0.0,0.271,0.0,0.96,0.0,0.0,0.0,0.0,0.0,0.0,0.271,0.0,0.96,0.0,0.0,0.0,0.0,0.0,0.0,0.271,0.0,0.96,0.0,0.0,0.0,,,,0.0,0.0,0.0,0.0,0.0,0.0,0.0,0.0,0.0,0.08724817754776784,0.0,0.88,0.0,0.0,0.0,0.0,0.0,0.0,0.08724817754776784,0.0,0.88,0.0,0.0,0.0,0.0,0.0,0.0,0.08724817754776784,0.0,0.88,0.0,0.0,0.0,0.0,0.0,0.0,0.08724817754776784,0.0,0.88,0.0,0.0,0.0,1.0,,,0.101,0.0,0.0,-0.0,0.0,0.0,0.0,,,0.0,0.0,0.0,0.0,0.0,-0.0,0.0,0.0,0.0
59,1,60,0.07074,0.0,0.0,,,,0,0.0,1,0.0,0.0,0.0,0.0,0.0,0.0,,,0.0,0.0,0.0,0.0,0.0,0.0,0.0,0.0,0.0,0.271,0.0,0.96,0.0,0.0,0.0,0.0,0.0,0.0,0.271,0.0,0.96,0.0,0.0,0.0,0.0,0.0,0.0,0.271,0.0,0.96,0.0,0.0,0.0,,,,0.0,0.0,0.0,0.0,0.0,0.0,0.0,0.0,0.0,0.08724817754776784,0.0,0.88,0.0,0.0,0.0,0.0,0.0,0.0,0.08724817754776784,0.0,0.88,0.0,0.0,0.0,0.0,0.0,0.0,0.08724817754776784,0.0,0.88,0.0,0.0,0.0,0.0,0.0,0.0,0.08724817754776784,0.0,0.88,0.0,0.0,0.0,1.0,,,0.101,0.0,0.0,-0.0,0.0,0.0,0.0,,,0.0,0.0,0.0,0.0,0.0,-0.0,0.0,0.0,0.0
60,1,61,0.07074,0.0,0.0,,,,0,0.0,1,0.0,0.0,0.0,0.0,0.0,0.0,,,0.0,0.0,0.0,0.0,0.0,0.0,0.0,0.0,0.0,0.271,0.0,0.96,0.0,0.0,0.0,0.0,0.0,0.0,0.271,0.0,0.96,0.0,0.0,0.0,0.0,0.0,0.0,0.271,0.0,0.96,0.0,0.0,0.0,,,,0.0,0.0,0.0,0.0,0.0,0.0,0.0,0.0,0.0,0.08724817754776784,0.0,0.88,0.0,0.0,0.0,0.0,0.0,0.0,0.08724817754776784,0.0,0.88,0.0,0.0,0.0,0.0,0.0,0.0,0.08724817754776784,0.0,0.88,0.0,0.0,0.0,0.0,0.0,0.0,0.08724817754776784,0.0,0.88,0.0,0.0,0.0,1.0,,,0.101,0.0,0.0,-0.0,0.0,0.0,0.0,,,0.0,0.0,0.0,0.0,0.0,-0.0,0.0,0.0,0.0
61,1,62,0.07074,0.0,0.0,,,,0,0.0,1,0.0,0.0,0.0,0.0,0.0,0.0,,,0.0,0.0,0.0,0.0,0.0,0.0,0.0,0.0,0.0,0.271,0.0,0.96,0.0,0.0,0.0,0.0,0.0,0.0,0.271,0.0,0.96,0.0,0.0,0.0,0.0,0.0,0.0,0.271,0.0,0.96,0.0,0.0,0.0,,,,0.0,0.0,0.0,0.0,0.0,0.0,0.0,0.0,0.0,0.08724817754776784,0.0,0.88,0.0,0.0,0.0,0.0,0.0,0.0,0.08724817754776784,0.0,0.88,0.0,0.0,0.0,0.0,0.0,0.0,0.08724817754776784,0.0,0.88,0.0,0.0,0.0,0.0,0.0,0.0,0.08724817754776784,0.0,0.88,0.0,0.0,0.0,1.0,,,0.101,0.0,0.0,-0.0,0.0,0.0,0.0,,,0.0,0.0,0.0,0.0,0.0,-0.0,0.0,0.0,0.0
62,1,63,0.07074,0.0,0.0,,,,0,0.0,1,0.0,0.0,0.0,0.0,0.0,0.0,,,0.0,0.0,0.0,0.0,0.0,0.0,0.0,0.0,0.0,0.271,0.0,0.96,0.0,0.0,0.0,0.0,0.0,0.0,0.271,0.0,0.96,0.0,0.0,0.0,0.0,0.0,0.0,0.271,0.0,0.96,0.0,0.0,0.0,,,,0.0,0.0,0.0,0.0,0.0,0.0,0.0,0.0,0.0,0.08724817754776784,0.0,0.88,0.0,0.0,0.0,0.0,0.0,0.0,0.08724817754776784,0.0,0.88,0.0,0.0,0.0,0.0,0.0,0.0,0.08724817754776784,0.0,0.88,0.0,0.0,0.0,0.0,0.0,0.0,0.08724817754776784,0.0,0.88,0.0,0.0,0.0,1.0,,,0.101,0.0,0.0,-0.0,0.0,0.0,0.0,,,0.0,0.0,0.0,0.0,0.0,-0.0,0.0,0.0,0.0
63,1,64,0.07074,0.0,0.0,,,,0,0.0,1,0.0,0.0,0.0,0.0,0.0,0.0,,,0.0,0.0,0.0,0.0,0.0,0.0,0.0,0.0,0.0,0.271,0.0,0.96,0.0,0.0,0.0,0.0,0.0,0.0,0.271,0.0,0.96,0.0,0.0,0.0,0.0,0.0,0.0,0.271,0.0,0.96,0.0,0.0,0.0,,,,0.0,0.0,0.0,0.0,0.0,0.0,0.0,0.0,0.0,0.08724817754776784,0.0,0.88,0.0,0.0,0.0,0.0,0.0,0.0,0.08724817754776784,0.0,0.88,0.0,0.0,0.0,0.0,0.0,0.0,0.08724817754776784,0.0,0.88,0.0,0.0,0.0,0.0,0.0,0.0,0.08724817754776784,0.0,0.88,0.0,0.0,0.0,1.0,,,0.101,0.0,0.0,-0.0,0.0,0.0,0.0,,,0.0,0.0,0.0,0.0,0.0,-0.0,0.0,0.0,0.0
64,1,65,0.07074,0.0,0.0,,,,0,0.0,1,0.0,0.0,0.0,0.0,0.0,0.0,,,0.0,0.0,0.0,0.0,0.0,0.0,0.0,0.0,0.0,0.271,0.0,0.96,0.0,0.0,0.0,0.0,0.0,0.0,0.271,0.0,0.96,0.0,0.0,0.0,0.0,0.0,0.0,0.271,0.0,0.96,0.0,0.0,0.0,,,,0.0,0.0,0.0,0.0,0.0,0.0,0.0,0.0,0.0,0.08724817754776784,0.0,0.88,0.0,0.0,0.0,0.0,0.0,0.0,0.08724817754776784,0.0,0.88,0.0,0.0,0.0,0.0,0.0,0.0,0.08724817754776784,0.0,0.88,0.0,0.0,0.0,0.0,0.0,0.0,0.08724817754776784,0.0,0.88,0.0,0.0,0.0,1.0,,,0.101,0.0,0.0,-0.0,0.0,0.0,0.0,,,0.0,0.0,0.0,0.0,0.0,-0.0,0.0,0.0,0.0
65,1,66,0.11566,0.0,0.0,,,,0,0.0,1,0.0,0.0,0.0,0.0,0.0,0.0,,,0.0,0.0,0.0,0.0,0.0,0.0,0.0,0.0,0.0,0.271,0.0,0.96,0.0,0.0,0.0,0.0,0.0,0.0,0.271,0.0,0.96,0.0,0.0,0.0,0.0,0.0,0.0,0.271,0.0,0.96,0.0,0.0,0.0,,,,0.0,0.0,0.0,0.0,0.0,0.0,0.0,0.0,0.0,0.08724817754776784,0.0,0.88,0.0,0.0,0.0,0.0,0.0,0.0,0.08724817754776784,0.0,0.88,0.0,0.0,0.0,0.0,0.0,0.0,0.08724817754776784,0.0,0.88,0.0,0.0,0.0,0.0,0.0,0.0,0.08724817754776784,0.0,0.88,0.0,0.0,0.0,1.0,,,0.101,0.0,0.0,-0.0,0.0,0.0,0.0,,,0.0,0.0,0.0,0.0,0.0,-0.0,0.0,0.0,0.0
66,1,67,0.11566,0.0,0.0,,,,0,0.0,1,0.0,0.0,0.0,0.0,0.0,0.0,,,0.0,0.0,0.0,0.0,0.0,0.0,0.0,0.0,0.0,0.271,0.0,0.96,0.0,0.0,0.0,0.0,0.0,0.0,0.271,0.0,0.96,0.0,0.0,0.0,0.0,0.0,0.0,0.271,0.0,0.96,0.0,0.0,0.0,,,,0.0,0.0,0.0,0.0,0.0,0.0,0.0,0.0,0.0,0.08724817754776784,0.0,0.88,0.0,0.0,0.0,0.0,0.0,0.0,0.08724817754776784,0.0,0.88,0.0,0.0,0.0,0.0,0.0,0.0,0.08724817754776784,0.0,0.88,0.0,0.0,0.0,0.0,0.0,0.0,0.08724817754776784,0.0,0.88,0.0,0.0,0.0,1.0,,,0.101,0.0,0.0,-0.0,0.0,0.0,0.0,,,0.0,0.0,0.0,0.0,0.0,-0.0,0.0,0.0,0.0
67,1,68,0.11566,0.0,0.0,,,,0,0.0,1,0.0,0.0,0.0,0.0,0.0,0.0,,,0.0,0.0,0.0,0.0,0.0,0.0,0.0,0.0,0.0,0.271,0.0,0.96,0.0,0.0,0.0,0.0,0.0,0.0,0.271,0.0,0.96,0.0,0.0,0.0,0.0,0.0,0.0,0.271,0.0,0.96,0.0,0.0,0.0,,,,0.0,0.0,0.0,0.0,0.0,0.0,0.0,0.0,0.0,0.08724817754776784,0.0,0.88,0.0,0.0,0.0,0.0,0.0,0.0,0.08724817754776784,0.0,0.88,0.0,0.0,0.0,0.0,0.0,0.0,0.08724817754776784,0.0,0.88,0.0,0.0,0.0,0.0,0.0,0.0,0.08724817754776784,0.0,0.88,0.0,0.0,0.0,1.0,,,0.101,0.0,0.0,-0.0,0.0,0.0,0.0,,,0.0,0.0,0.0,0.0,0.0,-0.0,0.0,0.0,0.0
68,1,69,0.11566,0.0,0.0,,,,0,0.0,1,0.0,0.0,0.0,0.0,0.0,0.0,,,0.0,0.0,0.0,0.0,0.0,0.0,0.0,0.0,0.0,0.271,0.0,0.96,0.0,0.0,0.0,0.0,0.0,0.0,0.271,0.0,0.96,0.0,0.0,0.0,0.0,0.0,0.0,0.271,0.0,0.96,0.0,0.0,0.0,,,,0.0,0.0,0.0,0.0,0.0,0.0,0.0,0.0,0.0,0.08724817754776784,0.0,0.88,0.0,0.0,0.0,0.0,0.0,0.0,0.08724817754776784,0.0,0.88,0.0,0.0,0.0,0.0,0.0,0.0,0.08724817754776784,0.0,0.88,0.0,0.0,0.0,0.0,0.0,0.0,0.08724817754776784,0.0,0.88,0.0,0.0,0.0,1.0,,,0.101,0.0,0.0,-0.0,0.0,0.0,0.0,,,0.0,0.0,0.0,0.0,0.0,-0.0,0.0,0.0,0.0
69,1,70,0.11566,0.0,0.0,,,,0,0.0,1,0.0,0.0,0.0,0.0,0.0,0.0,,,0.0,0.0,0.0,0.0,0.0,0.0,0.0,0.0,0.0,0.271,0.0,0.96,0.0,0.0,0.0,0.0,0.0,0.0,0.271,0.0,0.96,0.0,0.0,0.0,0.0,0.0,0.0,0.271,0.0,0.96,0.0,0.0,0.0,,,,0.0,0.0,0.0,0.0,0.0,0.0,0.0,0.0,0.0,0.08724817754776784,0.0,0.88,0.0,0.0,0.0,0.0,0.0,0.0,0.08724817754776784,0.0,0.88,0.0,0.0,0.0,0.0,0.0,0.0,0.08724817754776784,0.0,0.88,0.0,0.0,0.0,0.0,0.0,0.0,0.08724817754776784,0.0,0.88,0.0,0.0,0.0,1.0,,,0.101,0.0,0.0,-0.0,0.0,0.0,0.0,,,0.0,0.0,0.0,0.0,0.0,-0.0,0.0,0.0,0.0
70,1,71,0.11506,0.0,0.0,,,,0,0.0,1,0.0,0.0,0.0,0.0,0.0,0.0,,,0.0,0.0,0.0,0.0,0.0,0.0,0.0,0.0,0.0,0.271,0.0,0.96,0.0,0.0,0.0,0.0,0.0,0.0,0.271,0.0,0.96,0.0,0.0,0.0,0.0,0.0,0.0,0.271,0.0,0.96,0.0,0.0,0.0,,,,0.0,0.0,0.0,0.0,0.0,0.0,0.0,0.0,0.0,0.08724817754776784,0.0,0.88,0.0,0.0,0.0,0.0,0.0,0.0,0.08724817754776784,0.0,0.88,0.0,0.0,0.0,0.0,0.0,0.0,0.08724817754776784,0.0,0.88,0.0,0.0,0.0,0.0,0.0,0.0,0.08724817754776784,0.0,0.88,0.0,0.0,0.0,1.0,,,0.101,0.0,0.0,-0.0,0.0,0.0,0.0,,,0.0,0.0,0.0,0.0,0.0,-0.0,0.0,0.0,0.0
71,1,72,0.11506,0.0,0.0,,,,0,0.0,1,0.0,0.0,0.0,0.0,0.0,0.0,,,0.0,0.0,0.0,0.0,0.0,0.0,0.0,0.0,0.0,0.271,0.0,0.96,0.0,0.0,0.0,0.0,0.0,0.0,0.271,0.0,0.96,0.0,0.0,0.0,0.0,0.0,0.0,0.271,0.0,0.96,0.0,0.0,0.0,,,,0.0,0.0,0.0,0.0,0.0,0.0,0.0,0.0,0.0,0.08724817754776784,0.0,0.88,0.0,0.0,0.0,0.0,0.0,0.0,0.08724817754776784,0.0,0.88,0.0,0.0,0.0,0.0,0.0,0.0,0.08724817754776784,0.0,0.88,0.0,0.0,0.0,0.0,0.0,0.0,0.08724817754776784,0.0,0.88,0.0,0.0,0.0,1.0,,,0.101,0.0,0.0,-0.0,0.0,0.0,0.0,,,0.0,0.0,0.0,0.0,0.0,-0.0,0.0,0.0,0.0
72,1,73,0.11506,0.0,0.0,,,,0,0.0,1,0.0,0.0,0.0,0.0,0.0,0.0,,,0.0,0.0,0.0,0.0,0.0,0.0,0.0,0.0,0.0,0.271,0.0,0.96,0.0,0.0,0.0,0.0,0.0,0.0,0.271,0.0,0.96,0.0,0.0,0.0,0.0,0.0,0.0,0.271,0.0,0.96,0.0,0.0,0.0,,,,0.0,0.0,0.0,0.0,0.0,0.0,0.0,0.0,0.0,0.08724817754776784,0.0,0.88,0.0,0.0,0.0,0.0,0.0,0.0,0.08724817754776784,0.0,0.88,0.0,0.0,0.0,0.0,0.0,0.0,0.08724817754776784,0.0,0.88,0.0,0.0,0.0,0.0,0.0,0.0,0.08724817754776784,0.0,0.88,0.0,0.0,0.0,1.0,,,0.101,0.0,0.0,-0.0,0.0,0.0,0.0,,,0.0,0.0,0.0,0.0,0.0,-0.0,0.0,0.0,0.0
73,1,74,0.11506,0.0,0.0,,,,0,0.0,1,0.0,0.0,0.0,0.0,0.0,0.0,,,0.0,0.0,0.0,0.0,0.0,0.0,0.0,0.0,0.0,0.271,0.0,0.96,0.0,0.0,0.0,0.0,0.0,0.0,0.271,0.0,0.96,0.0,0.0,0.0,0.0,0.0,0.0,0.271,0.0,0.96,0.0,0.0,0.0,,,,0.0,0.0,0.0,0.0,0.0,0.0,0.0,0.0,0.0,0.08724817754776784,0.0,0.88,0.0,0.0,0.0,0.0,0.0,0.0,0.08724817754776784,0.0,0.88,0.0,0.0,0.0,0.0,0.0,0.0,0.08724817754776784,0.0,0.88,0.0,0.0,0.0,0.0,0.0,0.0,0.08724817754776784,0.0,0.88,0.0,0.0,0.0,1.0,,,0.101,0.0,0.0,-0.0,0.0,0.0,0.0,,,0.0,0.0,0.0,0.0,0.0,-0.0,0.0,0.0,0.0
74,1,75,0.11506,0.0,0.0,,,,0,0.0,1,0.0,0.0,0.0,0.0,0.0,0.0,,,0.0,0.0,0.0,0.0,0.0,0.0,0.0,0.0,0.0,0.271,0.0,0.96,0.0,0.0,0.0,0.0,0.0,0.0,0.271,0.0,0.96,0.0,0.0,0.0,0.0,0.0,0.0,0.271,0.0,0.96,0.0,0.0,0.0,,,,0.0,0.0,0.0,0.0,0.0,0.0,0.0,0.0,0.0,0.08724817754776784,0.0,0.88,0.0,0.0,0.0,0.0,0.0,0.0,0.08724817754776784,0.0,0.88,0.0,0.0,0.0,0.0,0.0,0.0,0.08724817754776784,0.0,0.88,0.0,0.0,0.0,0.0,0.0,0.0,0.08724817754776784,0.0,0.88,0.0,0.0,0.0,1.0,,,0.101,0.0,0.0,-0.0,0.0,0.0,0.0,,,0.0,0.0,0.0,0.0,0.0,-0.0,0.0,0.0,0.0
75,1,76,0.11506,0.0,0.0,,,,0,0.0,1,0.0,0.0,0.0,0.0,0.0,0.0,,,0.0,0.0,0.0,0.0,0.0,0.0,0.0,0.0,0.0,0.271,0.0,0.96,0.0,0.0,0.0,0.0,0.0,0.0,0.271,0.0,0.96,0.0,0.0,0.0,0.0,0.0,0.0,0.271,0.0,0.96,0.0,0.0,0.0,,,,0.0,0.0,0.0,0.0,0.0,0.0,0.0,0.0,0.0,0.08724817754776784,0.0,0.88,0.0,0.0,0.0,0.0,0.0,0.0,0.08724817754776784,0.0,0.88,0.0,0.0,0.0,0.0,0.0,0.0,0.08724817754776784,0.0,0.88,0.0,0.0,0.0,0.0,0.0,0.0,0.08724817754776784,0.0,0.88,0.0,0.0,0.0,1.0,,,0.101,0.0,0.0,-0.0,0.0,0.0,0.0,,,0.0,0.0,0.0,0.0,0.0,-0.0,0.0,0.0,0.0
76,1,77,0.11506,0.0,0.0,,,,0,0.0,1,0.0,0.0,0.0,0.0,0.0,0.0,,,0.0,0.0,0.0,0.0,0.0,0.0,0.0,0.0,0.0,0.271,0.0,0.96,0.0,0.0,0.0,0.0,0.0,0.0,0.271,0.0,0.96,0.0,0.0,0.0,0.0,0.0,0.0,0.271,0.0,0.96,0.0,0.0,0.0,,,,0.0,0.0,0.0,0.0,0.0,0.0,0.0,0.0,0.0,0.08724817754776784,0.0,0.88,0.0,0.0,0.0,0.0,0.0,0.0,0.08724817754776784,0.0,0.88,0.0,0.0,0.0,0.0,0.0,0.0,0.08724817754776784,0.0,0.88,0.0,0.0,0.0,0.0,0.0,0.0,0.08724817754776784,0.0,0.88,0.0,0.0,0.0,1.0,,,0.101,0.0,0.0,-0.0,0.0,0.0,0.0,,,0.0,0.0,0.0,0.0,0.0,-0.0,0.0,0.0,0.0
77,1,78,0.11506,0.0,0.0,,,,0,0.0,1,0.0,0.0,0.0,0.0,0.0,0.0,,,0.0,0.0,0.0,0.0,0.0,0.0,0.0,0.0,0.0,0.271,0.0,0.96,0.0,0.0,0.0,0.0,0.0,0.0,0.271,0.0,0.96,0.0,0.0,0.0,0.0,0.0,0.0,0.271,0.0,0.96,0.0,0.0,0.0,,,,0.0,0.0,0.0,0.0,0.0,0.0,0.0,0.0,0.0,0.08724817754776784,0.0,0.88,0.0,0.0,0.0,0.0,0.0,0.0,0.08724817754776784,0.0,0.88,0.0,0.0,0.0,0.0,0.0,0.0,0.08724817754776784,0.0,0.88,0.0,0.0,0.0,0.0,0.0,0.0,0.08724817754776784,0.0,0.88,0.0,0.0,0.0,1.0,,,0.101,0.0,0.0,-0.0,0.0,0.0,0.0,,,0.0,0.0,0.0,0.0,0.0,-0.0,0.0,0.0,0.0
78,1,79,0.11506,0.0,0.0,,,,0,0.0,1,0.0,0.0,0.0,0.0,0.0,0.0,,,0.0,0.0,0.0,0.0,0.0,0.0,0.0,0.0,0.0,0.271,0.0,0.96,0.0,0.0,0.0,0.0,0.0,0.0,0.271,0.0,0.96,0.0,0.0,0.0,0.0,0.0,0.0,0.271,0.0,0.96,0.0,0.0,0.0,,,,0.0,0.0,0.0,0.0,0.0,0.0,0.0,0.0,0.0,0.08724817754776784,0.0,0.88,0.0,0.0,0.0,0.0,0.0,0.0,0.08724817754776784,0.0,0.88,0.0,0.0,0.0,0.0,0.0,0.0,0.08724817754776784,0.0,0.88,0.0,0.0,0.0,0.0,0.0,0.0,0.08724817754776784,0.0,0.88,0.0,0.0,0.0,1.0,,,0.101,0.0,0.0,-0.0,0.0,0.0,0.0,,,0.0,0.0,0.0,0.0,0.0,-0.0,0.0,0.0,0.0
79,1,80,0.11506,0.0,0.0,,,,0,0.0,1,0.0,0.0,0.0,0.0,0.0,0.0,,,0.0,0.0,0.0,0.0,0.0,0.0,0.0,0.0,0.0,0.271,0.0,0.96,0.0,0.0,0.0,0.0,0.0,0.0,0.271,0.0,0.96,0.0,0.0,0.0,0.0,0.0,0.0,0.271,0.0,0.96,0.0,0.0,0.0,,,,0.0,0.0,0.0,0.0,0.0,0.0,0.0,0.0,0.0,0.08724817754776784,0.0,0.88,0.0,0.0,0.0,0.0,0.0,0.0,0.08724817754776784,0.0,0.88,0.0,0.0,0.0,0.0,0.0,0.0,0.08724817754776784,0.0,0.88,0.0,0.0,0.0,0.0,0.0,0.0,0.08724817754776784,0.0,0.88,0.0,0.0,0.0,1.0,,,0.101,0.0,0.0,-0.0,0.0,0.0,0.0,,,0.0,0.0,0.0,0.0,0.0,-0.0,0.0,0.0,0.0
80,1,81,0.07074,0.0,0.0,,,,0,0.0,1,0.0,0.0,0.0,0.0,0.0,0.0,,,0.0,0.0,0.0,0.0,0.0,0.0,0.0,0.0,0.0,0.271,0.0,0.96,0.0,0.0,0.0,0.0,0.0,0.0,0.271,0.0,0.96,0.0,0.0,0.0,0.0,0.0,0.0,0.271,0.0,0.96,0.0,0.0,0.0,,,,0.0,0.0,0.0,0.0,0.0,0.0,0.0,0.0,0.0,0.08724817754776784,0.0,0.88,0.0,0.0,0.0,0.0,0.0,0.0,0.08724817754776784,0.0,0.88,0.0,0.0,0.0,0.0,0.0,0.0,0.08724817754776784,0.0,0.88,0.0,0.0,0.0,0.0,0.0,0.0,0.08724817754776784,0.0,0.88,0.0,0.0,0.0,1.0,,,0.101,0.0,0.0,-0.0,0.0,0.0,0.0,,,0.0,0.0,0.0,0.0,0.0,-0.0,0.0,0.0,0.0
81,1,82,0.07074,0.0,0.0,,,,0,0.0,1,0.0,0.0,0.0,0.0,0.0,0.0,,,0.0,0.0,0.0,0.0,0.0,0.0,0.0,0.0,0.0,0.271,0.0,0.96,0.0,0.0,0.0,0.0,0.0,0.0,0.271,0.0,0.96,0.0,0.0,0.0,0.0,0.0,0.0,0.271,0.0,0.96,0.0,0.0,0.0,,,,0.0,0.0,0.0,0.0,0.0,0.0,0.0,0.0,0.0,0.08724817754776784,0.0,0.88,0.0,0.0,0.0,0.0,0.0,0.0,0.08724817754776784,0.0,0.88,0.0,0.0,0.0,0.0,0.0,0.0,0.08724817754776784,0.0,0.88,0.0,0.0,0.0,0.0,0.0,0.0,0.08724817754776784,0.0,0.88,0.0,0.0,0.0,1.0,,,0.101,0.0,0.0,-0.0,0.0,0.0,0.0,,,0.0,0.0,0.0,0.0,0.0,-0.0,0.0,0.0,0.0
82,1,83,0.07074,0.0,0.0,,,,0,0.0,1,0.0,0.0,0.0,0.0,0.0,0.0,,,0.0,0.0,0.0,0.0,0.0,0.0,0.0,0.0,0.0,0.271,0.0,0.96,0.0,0.0,0.0,0.0,0.0,0.0,0.271,0.0,0.96,0.0,0.0,0.0,0.0,0.0,0.0,0.271,0.0,0.96,0.0,0.0,0.0,,,,0.0,0.0,0.0,0.0,0.0,0.0,0.0,0.0,0.0,0.08724817754776784,0.0,0.88,0.0,0.0,0.0,0.0,0.0,0.0,0.08724817754776784,0.0,0.88,0.0,0.0,0.0,0.0,0.0,0.0,0.08724817754776784,0.0,0.88,0.0,0.0,0.0,0.0,0.0,0.0,0.08724817754776784,0.0,0.88,0.0,0.0,0.0,1.0,,,0.101,0.0,0.0,-0.0,0.0,0.0,0.0,,,0.0,0.0,0.0,0.0,0.0,-0.0,0.0,0.0,0.0
83,1,84,0.07074,0.0,0.0,,,,0,0.0,1,0.0,0.0,0.0,0.0,0.0,0.0,,,0.0,0.0,0.0,0.0,0.0,0.0,0.0,0.0,0.0,0.271,0.0,0.96,0.0,0.0,0.0,0.0,0.0,0.0,0.271,0.0,0.96,0.0,0.0,0.0,0.0,0.0,0.0,0.271,0.0,0.96,0.0,0.0,0.0,,,,0.0,0.0,0.0,0.0,0.0,0.0,0.0,0.0,0.0,0.08724817754776784,0.0,0.88,0.0,0.0,0.0,0.0,0.0,0.0,0.08724817754776784,0.0,0.88,0.0,0.0,0.0,0.0,0.0,0.0,0.08724817754776784,0.0,0.88,0.0,0.0,0.0,0.0,0.0,0.0,0.08724817754776784,0.0,0.88,0.0,0.0,0.0,1.0,,,0.101,0.0,0.0,-0.0,0.0,0.0,0.0,,,0.0,0.0,0.0,0.0,0.0,-0.0,0.0,0.0,0.0
84,1,85,0.07074,0.0,0.0,,,,0,0.0,1,0.0,0.0,0.0,0.0,0.0,0.0,,,0.0,0.0,0.0,0.0,0.0,0.0,0.0,0.0,0.0,0.271,0.0,0.96,0.0,0.0,0.0,0.0,0.0,0.0,0.271,0.0,0.96,0.0,0.0,0.0,0.0,0.0,0.0,0.271,0.0,0.96,0.0,0.0,0.0,,,,0.0,0.0,0.0,0.0,0.0,0.0,0.0,0.0,0.0,0.08724817754776784,0.0,0.88,0.0,0.0,0.0,0.0,0.0,0.0,0.08724817754776784,0.0,0.88,0.0,0.0,0.0,0.0,0.0,0.0,0.08724817754776784,0.0,0.88,0.0,0.0,0.0,0.0,0.0,0.0,0.08724817754776784,0.0,0.88,0.0,0.0,0.0,1.0,,,0.101,0.0,0.0,-0.0,0.0,0.0,0.0,,,0.0,0.0,0.0,0.0,0.0,-0.0,0.0,0.0,0.0
85,1,86,0.07074,0.0,0.0,,,,0,0.0,1,0.0,0.0,0.0,0.0,0.0,0.0,,,0.0,0.0,0.0,0.0,0.0,0.0,0.0,0.0,0.0,0.271,0.0,0.96,0.0,0.0,0.0,0.0,0.0,0.0,0.271,0.0,0.96,0.0,0.0,0.0,0.0,0.0,0.0,0.271,0.0,0.96,0.0,0.0,0.0,,,,0.0,0.0,0.0,0.0,0.0,0.0,0.0,0.0,0.0,0.08724817754776784,0.0,0.88,0.0,0.0,0.0,0.0,0.0,0.0,0.08724817754776784,0.0,0.88,0.0,0.0,0.0,0.0,0.0,0.0,0.08724817754776784,0.0,0.88,0.0,0.0,0.0,0.0,0.0,0.0,0.08724817754776784,0.0,0.88,0.0,0.0,0.0,1.0,,,0.101,0.0,0.0,-0.0,0.0,0.0,0.0,,,0.0,0.0,0.0,0.0,0.0,-0.0,0.0,0.0,0.0
86,1,87,0.07074,0.0,0.0,,,,0,0.0,1,0.0,0.0,0.0,0.0,0.0,0.0,,,0.0,0.0,0.0,0.0,0.0,0.0,0.0,0.0,0.0,0.271,0.0,0.96,0.0,0.0,0.0,0.0,0.0,0.0,0.271,0.0,0.96,0.0,0.0,0.0,0.0,0.0,0.0,0.271,0.0,0.96,0.0,0.0,0.0,,,,0.0,0.0,0.0,0.0,0.0,0.0,0.0,0.0,0.0,0.08724817754776784,0.0,0.88,0.0,0.0,0.0,0.0,0.0,0.0,0.08724817754776784,0.0,0.88,0.0,0.0,0.0,0.0,0.0,0.0,0.08724817754776784,0.0,0.88,0.0,0.0,0.0,0.0,0.0,0.0,0.08724817754776784,0.0,0.88,0.0,0.0,0.0,1.0,,,0.101,0.0,0.0,-0.0,0.0,0.0,0.0,,,0.0,0.0,0.0,0.0,0.0,-0.0,0.0,0.0,0.0
87,1,88,0.07074,0.0,0.0,,,,0,0.0,1,0.0,0.0,0.0,0.0,0.0,0.0,,,0.0,0.0,0.0,0.0,0.0,0.0,0.0,0.0,0.0,0.271,0.0,0.96,0.0,0.0,0.0,0.0,0.0,0.0,0.271,0.0,0.96,0.0,0.0,0.0,0.0,0.0,0.0,0.271,0.0,0.96,0.0,0.0,0.0,,,,0.0,0.0,0.0,0.0,0.0,0.0,0.0,0.0,0.0,0.08724817754776784,0.0,0.88,0.0,0.0,0.0,0.0,0.0,0.0,0.08724817754776784,0.0,0.88,0.0,0.0,0.0,0.0,0.0,0.0,0.08724817754776784,0.0,0.88,0.0,0.0,0.0,0.0,0.0,0.0,0.08724817754776784,0.0,0.88,0.0,0.0,0.0,1.0,,,0.101,0.0,0.0,-0.0,0.0,0.0,0.0,,,0.0,0.0,0.0,0.0,0.0,-0.0,0.0,0.0,0.0
88,1,89,0.07074,0.0,0.0,,,,0,0.0,1,0.0,0.0,0.0,0.0,0.0,0.0,,,0.0,0.0,0.0,0.0,0.0,0.0,0.0,0.0,0.0,0.271,0.0,0.96,0.0,0.0,0.0,0.0,0.0,0.0,0.271,0.0,0.96,0.0,0.0,0.0,0.0,0.0,0.0,0.271,0.0,0.96,0.0,0.0,0.0,,,,0.0,0.0,0.0,0.0,0.0,0.0,0.0,0.0,0.0,0.08724817754776784,0.0,0.88,0.0,0.0,0.0,0.0,0.0,0.0,0.08724817754776784,0.0,0.88,0.0,0.0,0.0,0.0,0.0,0.0,0.08724817754776784,0.0,0.88,0.0,0.0,0.0,0.0,0.0,0.0,0.08724817754776784,0.0,0.88,0.0,0.0,0.0,1.0,,,0.101,0.0,0.0,-0.0,0.0,0.0,0.0,,,0.0,0.0,0.0,0.0,0.0,-0.0,0.0,0.0,0.0
89,1,90,0.11566,0.0,0.0,,,,0,0.0,1,0.0,0.0,0.0,0.0,0.0,0.0,,,0.0,0.0,0.0,0.0,0.0,0.0,0.0,0.0,0.0,0.271,0.0,0.96,0.0,0.0,0.0,0.0,0.0,0.0,0.271,0.0,0.96,0.0,0.0,0.0,0.0,0.0,0.0,0.271,0.0,0.96,0.0,0.0,0.0,,,,0.0,0.0,0.0,0.0,0.0,0.0,0.0,0.0,0.0,0.08724817754776784,0.0,0.88,0.0,0.0,0.0,0.0,0.0,0.0,0.08724817754776784,0.0,0.88,0.0,0.0,0.0,0.0,0.0,0.0,0.08724817754776784,0.0,0.88,0.0,0.0,0.0,0.0,0.0,0.0,0.08724817754776784,0.0,0.88,0.0,0.0,0.0,1.0,,,0.101,0.0,0.0,-0.0,0.0,0.0,0.0,,,0.0,0.0,0.0,0.0,0.0,-0.0,0.0,0.0,0.0
90,1,91,0.11566,0.0,0.0,,,,0,0.0,1,0.0,0.0,0.0,0.0,0.0,0.0,,,0.0,0.0,0.0,0.0,0.0,0.0,0.0,0.0,0.0,0.271,0.0,0.96,0.0,0.0,0.0,0.0,0.0,0.0,0.271,0.0,0.96,0.0,0.0,0.0,0.0,0.0,0.0,0.271,0.0,0.96,0.0,0.0,0.0,,,,0.0,0.0,0.0,0.0,0.0,0.0,0.0,0.0,0.0,0.08724817754776784,0.0,0.88,0.0,0.0,0.0,0.0,0.0,0.0,0.08724817754776784,0.0,0.88,0.0,0.0,0.0,0.0,0.0,0.0,0.08724817754776784,0.0,0.88,0.0,0.0,0.0,0.0,0.0,0.0,0.08724817754776784,0.0,0.88,0.0,0.0,0.0,1.0,,,0.101,0.0,0.0,-0.0,0.0,0.0,0.0,,,0.0,0.0,0.0,0.0,0.0,-0.0,0.0,0.0,0.0
91,1,92,0.11566,0.0,0.0,,,,0,0.0,1,0.0,0.0,0.0,0.0,0.0,0.0,,,0.0,0.0,0.0,0.0,0.0,0.0,0.0,0.0,0.0,0.271,0.0,0.96,0.0,0.0,0.0,0.0,0.0,0.0,0.271,0.0,0.96,0.0,0.0,0.0,0.0,0.0,0.0,0.271,0.0,0.96,0.0,0.0,0.0,,,,0.0,0.0,0.0,0.0,0.0,0.0,0.0,0.0,0.0,0.08724817754776784,0.0,0.88,0.0,0.0,0.0,0.0,0.0,0.0,0.08724817754776784,0.0,0.88,0.0,0.0,0.0,0.0,0.0,0.0,0.08724817754776784,0.0,0.88,0.0,0.0,0.0,0.0,0.0,0.0,0.08724817754776784,0.0,0.88,0.0,0.0,0.0,1.0,,,0.101,0.0,0.0,-0.0,0.0,0.0,0.0,,,0.0,0.0,0.0,0.0,0.0,-0.0,0.0,0.0,0.0
92,1,93,0.11566,0.0,0.0,,,,0,0.0,1,0.0,0.0,0.0,0.0,0.0,0.0,,,0.0,0.0,0.0,0.0,0.0,0.0,0.0,0.0,0.0,0.271,0.0,0.96,0.0,0.0,0.0,0.0,0.0,0.0,0.271,0.0,0.96,0.0,0.0,0.0,0.0,0.0,0.0,0.271,0.0,0.96,0.0,0.0,0.0,,,,0.0,0.0,0.0,0.0,0.0,0.0,0.0,0.0,0.0,0.08724817754776784,0.0,0.88,0.0,0.0,0.0,0.0,0.0,0.0,0.08724817754776784,0.0,0.88,0.0,0.0,0.0,0.0,0.0,0.0,0.08724817754776784,0.0,0.88,0.0,0.0,0.0,0.0,0.0,0.0,0.08724817754776784,0.0,0.88,0.0,0.0,0.0,1.0,,,0.101,0.0,0.0,-0.0,0.0,0.0,0.0,,,0.0,0.0,0.0,0.0,0.0,-0.0,0.0,0.0,0.0
93,1,94,0.11566,0.0,0.0,,,,0,0.0,1,0.0,0.0,0.0,0.0,0.0,0.0,,,0.0,0.0,0.0,0.0,0.0,0.0,0.0,0.0,0.0,0.271,0.0,0.96,0.0,0.0,0.0,0.0,0.0,0.0,0.271,0.0,0.96,0.0,0.0,0.0,0.0,0.0,0.0,0.271,0.0,0.96,0.0,0.0,0.0,,,,0.0,0.0,0.0,0.0,0.0,0.0,0.0,0.0,0.0,0.08724817754776784,0.0,0.88,0.0,0.0,0.0,0.0,0.0,0.0,0.08724817754776784,0.0,0.88,0.0,0.0,0.0,0.0,0.0,0.0,0.08724817754776784,0.0,0.88,0.0,0.0,0.0,0.0,0.0,0.0,0.08724817754776784,0.0,0.88,0.0,0.0,0.0,1.0,,,0.101,0.0,0.0,-0.0,0.0,0.0,0.0,,,0.0,0.0,0.0,0.0,0.0,-0.0,0.0,0.0,0.0
94,1,95,0.11506,0.0,0.0,,,,0,0.0,1,0.0,0.0,0.0,0.0,0.0,0.0,,,0.0,0.0,0.0,0.0,0.0,0.0,0.0,0.0,0.0,0.271,0.0,0.96,0.0,0.0,0.0,0.0,0.0,0.0,0.271,0.0,0.96,0.0,0.0,0.0,0.0,0.0,0.0,0.271,0.0,0.96,0.0,0.0,0.0,,,,0.0,0.0,0.0,0.0,0.0,0.0,0.0,0.0,0.0,0.08724817754776784,0.0,0.88,0.0,0.0,0.0,0.0,0.0,0.0,0.08724817754776784,0.0,0.88,0.0,0.0,0.0,0.0,0.0,0.0,0.08724817754776784,0.0,0.88,0.0,0.0,0.0,0.0,0.0,0.0,0.08724817754776784,0.0,0.88,0.0,0.0,0.0,1.0,,,0.101,0.0,0.0,-0.0,0.0,0.0,0.0,,,0.0,0.0,0.0,0.0,0.0,-0.0,0.0,0.0,0.0
95,1,96,0.11506,0.0,0.0,,,,0,0.0,1,0.0,0.0,0.0,0.0,0.0,0.0,,,0.0,0.0,0.0,0.0,0.0,0.0,0.0,0.0,0.0,0.271,0.0,0.96,0.0,0.0,0.0,0.0,0.0,0.0,0.271,0.0,0.96,0.0,0.0,0.0,0.0,0.0,0.0,0.271,0.0,0.96,0.0,0.0,0.0,,,,0.0,0.0,0.0,0.0,0.0,0.0,0.0,0.0,0.0,0.08724817754776784,0.0,0.88,0.0,0.0,0.0,0.0,0.0,0.0,0.08724817754776784,0.0,0.88,0.0,0.0,0.0,0.0,0.0,0.0,0.08724817754776784,0.0,0.88,0.0,0.0,0.0,0.0,0.0,0.0,0.08724817754776784,0.0,0.88,0.0,0.0,0.0,1.0,,,0.101,0.0,0.0,-0.0,0.0,0.0,0.0,,,0.0,0.0,0.0,0.0,0.0,-0.0,0.0,0.0,0.0
96,1,97,0.11506,0.0,0.0,,,,0,0.0,1,0.0,0.0,0.0,0.0,0.0,0.0,,,0.0,0.0,0.0,0.0,0.0,0.0,0.0,0.0,0.0,0.271,0.0,0.96,0.0,0.0,0.0,0.0,0.0,0.0,0.271,0.0,0.96,0.0,0.0,0.0,0.0,0.0,0.0,0.271,0.0,0.96,0.0,0.0,0.0,,,,0.0,0.0,0.0,0.0,0.0,0.0,0.0,0.0,0.0,0.08724817754776784,0.0,0.88,0.0,0.0,0.0,0.0,0.0,0.0,0.08724817754776784,0.0,0.88,0.0,0.0,0.0,0.0,0.0,0.0,0.08724817754776784,0.0,0.88,0.0,0.0,0.0,0.0,0.0,0.0,0.08724817754776784,0.0,0.88,0.0,0.0,0.0,1.0,,,0.101,0.0,0.0,-0.0,0.0,0.0,0.0,,,0.0,0.0,0.0,0.0,0.0,-0.0,0.0,0.0,0.0
97,1,98,0.11506,0.0,0.0,,,,0,0.0,1,0.0,0.0,0.0,0.0,0.0,0.0,,,0.0,0.0,0.0,0.0,0.0,0.0,0.0,0.0,0.0,0.271,0.0,0.96,0.0,0.0,0.0,0.0,0.0,0.0,0.271,0.0,0.96,0.0,0.0,0.0,0.0,0.0,0.0,0.271,0.0,0.96,0.0,0.0,0.0,,,,0.0,0.0,0.0,0.0,0.0,0.0,0.0,0.0,0.0,0.08724817754776784,0.0,0.88,0.0,0.0,0.0,0.0,0.0,0.0,0.08724817754776784,0.0,0.88,0.0,0.0,0.0,0.0,0.0,0.0,0.08724817754776784,0.0,0.88,0.0,0.0,0.0,0.0,0.0,0.0,0.08724817754776784,0.0,0.88,0.0,0.0,0.0,1.0,,,0.101,0.0,0.0,-0.0,0.0,0.0,0.0,,,0.0,0.0,0.0,0.0,0.0,-0.0,0.0,0.0,0.0
98,1,99,0.11506,0.0,0.0,,,,0,0.0,1,0.0,0.0,0.0,0.0,0.0,0.0,,,0.0,0.0,0.0,0.0,0.0,0.0,0.0,0.0,0.0,0.271,0.0,0.96,0.0,0.0,0.0,0.0,0.0,0.0,0.271,0.0,0.96,0.0,0.0,0.0,0.0,0.0,0.0,0.271,0.0,0.96,0.0,0.0,0.0,,,,0.0,0.0,0.0,0.0,0.0,0.0,0.0,0.0,0.0,0.08724817754776784,0.0,0.88,0.0,0.0,0.0,0.0,0.0,0.0,0.08724817754776784,0.0,0.88,0.0,0.0,0.0,0.0,0.0,0.0,0.08724817754776784,0.0,0.88,0.0,0.0,0.0,0.0,0.0,0.0,0.08724817754776784,0.0,0.88,0.0,0.0,0.0,1.0,,,0.101,0.0,0.0,-0.0,0.0,0.0,0.0,,,0.0,0.0,0.0,0.0,0.0,-0.0,0.0,0.0,0.0
99,1,100,0.11506,0.0,0.0,,,,0,0.0,1,0.0,0.0,0.0,0.0,0.0,0.0,,,0.0,0.0,0.0,0.0,0.0,0.0,0.0,0.0,0.0,0.271,0.0,0.96,0.0,0.0,0.0,0.0,0.0,0.0,0.271,0.0,0.96,0.0,0.0,0.0,0.0,0.0,0.0,0.271,0.0,0.96,0.0,0.0,0.0,,,,0.0,0.0,0.0,0.0,0.0,0.0,0.0,0.0,0.0,0.08724817754776784,0.0,0.88,0.0,0.0,0.0,0.0,0.0,0.0,0.08724817754776784,0.0,0.88,0.0,0.0,0.0,0.0,0.0,0.0,0.08724817754776784,0.0,0.88,0.0,0.0,0.0,0.0,0.0,0.0,0.08724817754776784,0.0,0.88,0.0,0.0,0.0,1.0,,,0.101,0.0,0.0,-0.0,0.0,0.0,0.0,,,0.0,0.0,0.0,0.0,0.0,-0.0,0.0,0.0,0.0
100,1,101,0.11506,0.0,0.0,,,,0,0.0,1,0.0,0.0,0.0,0.0,0.0,0.0,,,0.0,0.0,0.0,0.0,0.0,0.0,0.0,0.0,0.0,0.271,0.0,0.96,0.0,0.0,0.0,0.0,0.0,0.0,0.271,0.0,0.96,0.0,0.0,0.0,0.0,0.0,0.0,0.271,0.0,0.96,0.0,0.0,0.0,,,,0.0,0.0,0.0,0.0,0.0,0.0,0.0,0.0,0.0,0.08724817754776784,0.0,0.88,0.0,0.0,0.0,0.0,0.0,0.0,0.08724817754776784,0.0,0.88,0.0,0.0,0.0,0.0,0.0,0.0,0.08724817754776784,0.0,0.88,0.0,0.0,0.0,0.0,0.0,0.0,0.08724817754776784,0.0,0.88,0.0,0.0,0.0,1.0,,,0.101,0.0,0.0,-0.0,0.0,0.0,0.0,,,0.0,0.0,0.0,0.0,0.0,-0.0,0.0,0.0,0.0
101,1,102,0.11506,0.0,0.0,,,,0,0.0,1,0.0,0.0,0.0,0.0,0.0,0.0,,,0.0,0.0,0.0,0.0,0.0,0.0,0.0,0.0,0.0,0.271,0.0,0.96,0.0,0.0,0.0,0.0,0.0,0.0,0.271,0.0,0.96,0.0,0.0,0.0,0.0,0.0,0.0,0.271,0.0,0.96,0.0,0.0,0.0,,,,0.0,0.0,0.0,0.0,0.0,0.0,0.0,0.0,0.0,0.08724817754776784,0.0,0.88,0.0,0.0,0.0,0.0,0.0,0.0,0.08724817754776784,0.0,0.88,0.0,0.0,0.0,0.0,0.0,0.0,0.08724817754776784,0.0,0.88,0.0,0.0,0.0,0.0,0.0,0.0,0.08724817754776784,0.0,0.88,0.0,0.0,0.0,1.0,,,0.101,0.0,0.0,-0.0,0.0,0.0,0.0,,,0.0,0.0,0.0,0.0,0.0,-0.0,0.0,0.0,0.0
102,1,103,0.11506,0.0,0.0,,,,0,0.0,1,0.0,0.0,0.0,0.0,0.0,0.0,,,0.0,0.0,0.0,0.0,0.0,0.0,0.0,0.0,0.0,0.271,0.0,0.96,0.0,0.0,0.0,0.0,0.0,0.0,0.271,0.0,0.96,0.0,0.0,0.0,0.0,0.0,0.0,0.271,0.0,0.96,0.0,0.0,0.0,,,,0.0,0.0,0.0,0.0,0.0,0.0,0.0,0.0,0.0,0.08724817754776784,0.0,0.88,0.0,0.0,0.0,0.0,0.0,0.0,0.08724817754776784,0.0,0.88,0.0,0.0,0.0,0.0,0.0,0.0,0.08724817754776784,0.0,0.88,0.0,0.0,0.0,0.0,0.0,0.0,0.08724817754776784,0.0,0.88,0.0,0.0,0.0,1.0,,,0.101,0.0,0.0,-0.0,0.0,0.0,0.0,,,0.0,0.0,0.0,0.0,0.0,-0.0,0.0,0.0,0.0
103,1,104,0.11506,0.0,0.0,,,,0,0.0,1,0.0,0.0,0.0,0.0,0.0,0.0,,,0.0,0.0,0.0,0.0,0.0,0.0,0.0,0.0,0.0,0.271,0.0,0.96,0.0,0.0,0.0,0.0,0.0,0.0,0.271,0.0,0.96,0.0,0.0,0.0,0.0,0.0,0.0,0.271,0.0,0.96,0.0,0.0,0.0,,,,0.0,0.0,0.0,0.0,0.0,0.0,0.0,0.0,0.0,0.08724817754776784,0.0,0.88,0.0,0.0,0.0,0.0,0.0,0.0,0.08724817754776784,0.0,0.88,0.0,0.0,0.0,0.0,0.0,0.0,0.08724817754776784,0.0,0.88,0.0,0.0,0.0,0.0,0.0,0.0,0.08724817754776784,0.0,0.88,0.0,0.0,0.0,1.0,,,0.101,0.0,0.0,-0.0,0.0,0.0,0.0,,,0.0,0.0,0.0,0.0,0.0,-0.0,0.0,0.0,0.0
104,1,105,0.07074,0.0,0.0,,,,0,0.0,1,0.0,0.0,0.0,0.0,0.0,0.0,,,0.0,0.0,0.0,0.0,0.0,0.0,0.0,0.0,0.0,0.271,0.0,0.96,0.0,0.0,0.0,0.0,0.0,0.0,0.271,0.0,0.96,0.0,0.0,0.0,0.0,0.0,0.0,0.271,0.0,0.96,0.0,0.0,0.0,,,,0.0,0.0,0.0,0.0,0.0,0.0,0.0,0.0,0.0,0.08724817754776784,0.0,0.88,0.0,0.0,0.0,0.0,0.0,0.0,0.08724817754776784,0.0,0.88,0.0,0.0,0.0,0.0,0.0,0.0,0.08724817754776784,0.0,0.88,0.0,0.0,0.0,0.0,0.0,0.0,0.08724817754776784,0.0,0.88,0.0,0.0,0.0,1.0,,,0.101,0.0,0.0,-0.0,0.0,0.0,0.0,,,0.0,0.0,0.0,0.0,0.0,-0.0,0.0,0.0,0.0
105,1,106,0.07074,0.0,0.0,,,,0,0.0,1,0.0,0.0,0.0,0.0,0.0,0.0,,,0.0,0.0,0.0,0.0,0.0,0.0,0.0,0.0,0.0,0.271,0.0,0.96,0.0,0.0,0.0,0.0,0.0,0.0,0.271,0.0,0.96,0.0,0.0,0.0,0.0,0.0,0.0,0.271,0.0,0.96,0.0,0.0,0.0,,,,0.0,0.0,0.0,0.0,0.0,0.0,0.0,0.0,0.0,0.08724817754776784,0.0,0.88,0.0,0.0,0.0,0.0,0.0,0.0,0.08724817754776784,0.0,0.88,0.0,0.0,0.0,0.0,0.0,0.0,0.08724817754776784,0.0,0.88,0.0,0.0,0.0,0.0,0.0,0.0,0.08724817754776784,0.0,0.88,0.0,0.0,0.0,1.0,,,0.101,0.0,0.0,-0.0,0.0,0.0,0.0,,,0.0,0.0,0.0,0.0,0.0,-0.0,0.0,0.0,0.0
106,1,107,0.07074,0.0,0.0,,,,0,0.0,1,0.0,0.0,0.0,0.0,0.0,0.0,,,0.0,0.0,0.0,0.0,0.0,0.0,0.0,0.0,0.0,0.271,0.0,0.96,0.0,0.0,0.0,0.0,0.0,0.0,0.271,0.0,0.96,0.0,0.0,0.0,0.0,0.0,0.0,0.271,0.0,0.96,0.0,0.0,0.0,,,,0.0,0.0,0.0,0.0,0.0,0.0,0.0,0.0,0.0,0.08724817754776784,0.0,0.88,0.0,0.0,0.0,0.0,0.0,0.0,0.08724817754776784,0.0,0.88,0.0,0.0,0.0,0.0,0.0,0.0,0.08724817754776784,0.0,0.88,0.0,0.0,0.0,0.0,0.0,0.0,0.08724817754776784,0.0,0.88,0.0,0.0,0.0,1.0,,,0.101,0.0,0.0,-0.0,0.0,0.0,0.0,,,0.0,0.0,0.0,0.0,0.0,-0.0,0.0,0.0,0.0
107,1,108,0.07074,0.0,0.0,,,,0,0.0,1,0.0,0.0,0.0,0.0,0.0,0.0,,,0.0,0.0,0.0,0.0,0.0,0.0,0.0,0.0,0.0,0.271,0.0,0.96,0.0,0.0,0.0,0.0,0.0,0.0,0.271,0.0,0.96,0.0,0.0,0.0,0.0,0.0,0.0,0.271,0.0,0.96,0.0,0.0,0.0,,,,0.0,0.0,0.0,0.0,0.0,0.0,0.0,0.0,0.0,0.08724817754776784,0.0,0.88,0.0,0.0,0.0,0.0,0.0,0.0,0.08724817754776784,0.0,0.88,0.0,0.0,0.0,0.0,0.0,0.0,0.08724817754776784,0.0,0.88,0.0,0.0,0.0,0.0,0.0,0.0,0.08724817754776784,0.0,0.88,0.0,0.0,0.0,1.0,,,0.101,0.0,0.0,-0.0,0.0,0.0,0.0,,,0.0,0.0,0.0,0.0,0.0,-0.0,0.0,0.0,0.0
108,1,109,0.07074,0.0,0.0,,,,0,0.0,1,0.0,0.0,0.0,0.0,0.0,0.0,,,0.0,0.0,0.0,0.0,0.0,0.0,0.0,0.0,0.0,0.271,0.0,0.96,0.0,0.0,0.0,0.0,0.0,0.0,0.271,0.0,0.96,0.0,0.0,0.0,0.0,0.0,0.0,0.271,0.0,0.96,0.0,0.0,0.0,,,,0.0,0.0,0.0,0.0,0.0,0.0,0.0,0.0,0.0,0.08724817754776784,0.0,0.88,0.0,0.0,0.0,0.0,0.0,0.0,0.08724817754776784,0.0,0.88,0.0,0.0,0.0,0.0,0.0,0.0,0.08724817754776784,0.0,0.88,0.0,0.0,0.0,0.0,0.0,0.0,0.08724817754776784,0.0,0.88,0.0,0.0,0.0,1.0,,,0.101,0.0,0.0,-0.0,0.0,0.0,0.0,,,0.0,0.0,0.0,0.0,0.0,-0.0,0.0,0.0,0.0
109,1,110,0.07074,0.0,0.0,,,,0,0.0,1,0.0,0.0,0.0,0.0,0.0,0.0,,,0.0,0.0,0.0,0.0,0.0,0.0,0.0,0.0,0.0,0.271,0.0,0.96,0.0,0.0,0.0,0.0,0.0,0.0,0.271,0.0,0.96,0.0,0.0,0.0,0.0,0.0,0.0,0.271,0.0,0.96,0.0,0.0,0.0,,,,0.0,0.0,0.0,0.0,0.0,0.0,0.0,0.0,0.0,0.08724817754776784,0.0,0.88,0.0,0.0,0.0,0.0,0.0,0.0,0.08724817754776784,0.0,0.88,0.0,0.0,0.0,0.0,0.0,0.0,0.08724817754776784,0.0,0.88,0.0,0.0,0.0,0.0,0.0,0.0,0.08724817754776784,0.0,0.88,0.0,0.0,0.0,1.0,,,0.101,0.0,0.0,-0.0,0.0,0.0,0.0,,,0.0,0.0,0.0,0.0,0.0,-0.0,0.0,0.0,0.0
110,1,111,0.07074,0.0,0.0,,,,0,0.0,1,0.0,0.0,0.0,0.0,0.0,0.0,,,0.0,0.0,0.0,0.0,0.0,0.0,0.0,0.0,0.0,0.271,0.0,0.96,0.0,0.0,0.0,0.0,0.0,0.0,0.271,0.0,0.96,0.0,0.0,0.0,0.0,0.0,0.0,0.271,0.0,0.96,0.0,0.0,0.0,,,,0.0,0.0,0.0,0.0,0.0,0.0,0.0,0.0,0.0,0.08724817754776784,0.0,0.88,0.0,0.0,0.0,0.0,0.0,0.0,0.08724817754776784,0.0,0.88,0.0,0.0,0.0,0.0,0.0,0.0,0.08724817754776784,0.0,0.88,0.0,0.0,0.0,0.0,0.0,0.0,0.08724817754776784,0.0,0.88,0.0,0.0,0.0,1.0,,,0.101,0.0,0.0,-0.0,0.0,0.0,0.0,,,0.0,0.0,0.0,0.0,0.0,-0.0,0.0,0.0,0.0
111,1,112,0.07074,0.0,0.0,,,,0,0.0,1,0.0,0.0,0.0,0.0,0.0,0.0,,,0.0,0.0,0.0,0.0,0.0,0.0,0.0,0.0,0.0,0.271,0.0,0.96,0.0,0.0,0.0,0.0,0.0,0.0,0.271,0.0,0.96,0.0,0.0,0.0,0.0,0.0,0.0,0.271,0.0,0.96,0.0,0.0,0.0,,,,0.0,0.0,0.0,0.0,0.0,0.0,0.0,0.0,0.0,0.08724817754776784,0.0,0.88,0.0,0.0,0.0,0.0,0.0,0.0,0.08724817754776784,0.0,0.88,0.0,0.0,0.0,0.0,0.0,0.0,0.08724817754776784,0.0,0.88,0.0,0.0,0.0,0.0,0.0,0.0,0.08724817754776784,0.0,0.88,0.0,0.0,0.0,1.0,,,0.101,0.0,0.0,-0.0,0.0,0.0,0.0,,,0.0,0.0,0.0,0.0,0.0,-0.0,0.0,0.0,0.0
112,1,113,0.07074,0.0,0.0,,,,0,0.0,1,0.0,0.0,0.0,0.0,0.0,0.0,,,0.0,0.0,0.0,0.0,0.0,0.0,0.0,0.0,0.0,0.271,0.0,0.96,0.0,0.0,0.0,0.0,0.0,0.0,0.271,0.0,0.96,0.0,0.0,0.0,0.0,0.0,0.0,0.271,0.0,0.96,0.0,0.0,0.0,,,,0.0,0.0,0.0,0.0,0.0,0.0,0.0,0.0,0.0,0.08724817754776784,0.0,0.88,0.0,0.0,0.0,0.0,0.0,0.0,0.08724817754776784,0.0,0.88,0.0,0.0,0.0,0.0,0.0,0.0,0.08724817754776784,0.0,0.88,0.0,0.0,0.0,0.0,0.0,0.0,0.08724817754776784,0.0,0.88,0.0,0.0,0.0,1.0,,,0.101,0.0,0.0,-0.0,0.0,0.0,0.0,,,0.0,0.0,0.0,0.0,0.0,-0.0,0.0,0.0,0.0
113,1,114,0.11566,0.0,0.0,,,,0,0.0,1,0.0,0.0,0.0,0.0,0.0,0.0,,,0.0,0.0,0.0,0.0,0.0,0.0,0.0,0.0,0.0,0.271,0.0,0.96,0.0,0.0,0.0,0.0,0.0,0.0,0.271,0.0,0.96,0.0,0.0,0.0,0.0,0.0,0.0,0.271,0.0,0.96,0.0,0.0,0.0,,,,0.0,0.0,0.0,0.0,0.0,0.0,0.0,0.0,0.0,0.08724817754776784,0.0,0.88,0.0,0.0,0.0,0.0,0.0,0.0,0.08724817754776784,0.0,0.88,0.0,0.0,0.0,0.0,0.0,0.0,0.08724817754776784,0.0,0.88,0.0,0.0,0.0,0.0,0.0,0.0,0.08724817754776784,0.0,0.88,0.0,0.0,0.0,1.0,,,0.101,0.0,0.0,-0.0,0.0,0.0,0.0,,,0.0,0.0,0.0,0.0,0.0,-0.0,0.0,0.0,0.0
114,1,115,0.11566,0.0,0.0,,,,0,0.0,1,0.0,0.0,0.0,0.0,0.0,0.0,,,0.0,0.0,0.0,0.0,0.0,0.0,0.0,0.0,0.0,0.271,0.0,0.96,0.0,0.0,0.0,0.0,0.0,0.0,0.271,0.0,0.96,0.0,0.0,0.0,0.0,0.0,0.0,0.271,0.0,0.96,0.0,0.0,0.0,,,,0.0,0.0,0.0,0.0,0.0,0.0,0.0,0.0,0.0,0.08724817754776784,0.0,0.88,0.0,0.0,0.0,0.0,0.0,0.0,0.08724817754776784,0.0,0.88,0.0,0.0,0.0,0.0,0.0,0.0,0.08724817754776784,0.0,0.88,0.0,0.0,0.0,0.0,0.0,0.0,0.08724817754776784,0.0,0.88,0.0,0.0,0.0,1.0,,,0.101,0.0,0.0,-0.0,0.0,0.0,0.0,,,0.0,0.0,0.0,0.0,0.0,-0.0,0.0,0.0,0.0
115,1,116,0.11566,0.0,0.0,,,,0,0.0,1,0.0,0.0,0.0,0.0,0.0,0.0,,,0.0,0.0,0.0,0.0,0.0,0.0,0.0,0.0,0.0,0.271,0.0,0.96,0.0,0.0,0.0,0.0,0.0,0.0,0.271,0.0,0.96,0.0,0.0,0.0,0.0,0.0,0.0,0.271,0.0,0.96,0.0,0.0,0.0,,,,0.0,0.0,0.0,0.0,0.0,0.0,0.0,0.0,0.0,0.08724817754776784,0.0,0.88,0.0,0.0,0.0,0.0,0.0,0.0,0.08724817754776784,0.0,0.88,0.0,0.0,0.0,0.0,0.0,0.0,0.08724817754776784,0.0,0.88,0.0,0.0,0.0,0.0,0.0,0.0,0.08724817754776784,0.0,0.88,0.0,0.0,0.0,1.0,,,0.101,0.0,0.0,-0.0,0.0,0.0,0.0,,,0.0,0.0,0.0,0.0,0.0,-0.0,0.0,0.0,0.0
116,1,117,0.11566,0.0,0.0,,,,0,0.0,1,0.0,0.0,0.0,0.0,0.0,0.0,,,0.0,0.0,0.0,0.0,0.0,0.0,0.0,0.0,0.0,0.271,0.0,0.96,0.0,0.0,0.0,0.0,0.0,0.0,0.271,0.0,0.96,0.0,0.0,0.0,0.0,0.0,0.0,0.271,0.0,0.96,0.0,0.0,0.0,,,,0.0,0.0,0.0,0.0,0.0,0.0,0.0,0.0,0.0,0.08724817754776784,0.0,0.88,0.0,0.0,0.0,0.0,0.0,0.0,0.08724817754776784,0.0,0.88,0.0,0.0,0.0,0.0,0.0,0.0,0.08724817754776784,0.0,0.88,0.0,0.0,0.0,0.0,0.0,0.0,0.08724817754776784,0.0,0.88,0.0,0.0,0.0,1.0,,,0.101,0.0,0.0,-0.0,0.0,0.0,0.0,,,0.0,0.0,0.0,0.0,0.0,-0.0,0.0,0.0,0.0
117,1,118,0.11566,0.0,0.0,,,,0,0.0,1,0.0,0.0,0.0,0.0,0.0,0.0,,,0.0,0.0,0.0,0.0,0.0,0.0,0.0,0.0,0.0,0.271,0.0,0.96,0.0,0.0,0.0,0.0,0.0,0.0,0.271,0.0,0.96,0.0,0.0,0.0,0.0,0.0,0.0,0.271,0.0,0.96,0.0,0.0,0.0,,,,0.0,0.0,0.0,0.0,0.0,0.0,0.0,0.0,0.0,0.08724817754776784,0.0,0.88,0.0,0.0,0.0,0.0,0.0,0.0,0.08724817754776784,0.0,0.88,0.0,0.0,0.0,0.0,0.0,0.0,0.08724817754776784,0.0,0.88,0.0,0.0,0.0,0.0,0.0,0.0,0.08724817754776784,0.0,0.88,0.0,0.0,0.0,1.0,,,0.101,0.0,0.0,-0.0,0.0,0.0,0.0,,,0.0,0.0,0.0,0.0,0.0,-0.0,0.0,0.0,0.0
118,1,119,0.11506,0.0,0.0,,,,0,0.0,1,0.0,0.0,0.0,0.0,0.0,0.0,,,0.0,0.0,0.0,0.0,0.0,0.0,0.0,0.0,0.0,0.271,0.0,0.96,0.0,0.0,0.0,0.0,0.0,0.0,0.271,0.0,0.96,0.0,0.0,0.0,0.0,0.0,0.0,0.271,0.0,0.96,0.0,0.0,0.0,,,,0.0,0.0,0.0,0.0,0.0,0.0,0.0,0.0,0.0,0.08724817754776784,0.0,0.88,0.0,0.0,0.0,0.0,0.0,0.0,0.08724817754776784,0.0,0.88,0.0,0.0,0.0,0.0,0.0,0.0,0.08724817754776784,0.0,0.88,0.0,0.0,0.0,0.0,0.0,0.0,0.08724817754776784,0.0,0.88,0.0,0.0,0.0,1.0,,,0.101,0.0,0.0,-0.0,0.0,0.0,0.0,,,0.0,0.0,0.0,0.0,0.0,-0.0,0.0,0.0,0.0
119,1,120,0.11506,0.0,0.0,,,,0,0.0,1,0.0,0.0,0.0,0.0,0.0,0.0,,,0.0,0.0,0.0,0.0,0.0,0.0,0.0,0.0,0.0,0.271,0.0,0.96,0.0,0.0,0.0,0.0,0.0,0.0,0.271,0.0,0.96,0.0,0.0,0.0,0.0,0.0,0.0,0.271,0.0,0.96,0.0,0.0,0.0,,,,0.0,0.0,0.0,0.0,0.0,0.0,0.0,0.0,0.0,0.08724817754776784,0.0,0.88,0.0,0.0,0.0,0.0,0.0,0.0,0.08724817754776784,0.0,0.88,0.0,0.0,0.0,0.0,0.0,0.0,0.08724817754776784,0.0,0.88,0.0,0.0,0.0,0.0,0.0,0.0,0.08724817754776784,0.0,0.88,0.0,0.0,0.0,1.0,,,0.101,0.0,0.0,-0.0,0.0,0.0,0.0,,,0.0,0.0,0.0,0.0,0.0,-0.0,0.0,0.0,0.0
120,1,121,0.11506,0.0,0.0,,,,0,0.0,1,0.0,0.0,0.0,0.0,0.0,0.0,,,0.0,0.0,0.0,0.0,0.0,0.0,-0.0,-0.0,0.0,0.271,0.0,0.96,0.0,0.0,0.0,0.0,0.0,0.0,0.27099999999999996,0.0,0.96,0.0,0.0,0.0,-0.0,-0.0,0.0,0.271,0.0,0.96,0.0,0.0,0.0,,,,0.0,0.0,0.0,0.0,0.0,0.0,0.0,0.0,0.0,0.08724817754776784,0.0,0.88,0.0,0.0,0.0,0.0,0.0,0.0,0.08724817754776784,0.0,0.88,0.0,0.0,0.0,-0.0,-0.0,0.0,0.08724817754776784,0.0,0.8800000000000001,0.0,0.0,0.0,-0.0,-0.0,0.0,0.08724817754776784,0.0,0.8800000000000001,0.0,0.0,0.0,1.0,,,0.101,0.0,0.0,0.0,0.0,0.0,0.0,,,0.0,0.0,0.0,0.0,0.0,0.0,0.0,0.0,0.0
121,1,122,0.11506,0.0,569.0854513442447,,,,0,0.0,1,1083.3333333333333,1083.3333333333333,0.0,173.33333333333334,35.96666666666667,0.0,,,167.7415277777778,1083.3333333333333,1040.0,43.333333333333336,1083.3333333333333,0.0,1.0,1.0,0.0,0.1612899305555556,83.87076388888892,0.96,541.6666666666666,520.0,21.666666666666668,1.0,1.0,0.0,0.16128993055555557,83.87076388888889,0.96,541.6666666666666,520.0,21.666666666666668,-0.0,0.0,0.0,0.271,0.0,0.96,0.0,0.0,0.0,,,,308.9087235664671,1040.0,915.2,124.8,1040.0,0.0,1.0,1.0,-0.0,0.33753138501580754,154.45436178323354,0.88,520.0,457.6,62.4,1.0,1.0,0.0,0.33753138501580754,154.45436178323354,0.88,520.0,457.6,62.4,-0.0,0.0,-0.0,0.08724817754776784,0.0,0.8800000000000001,0.0,0.0,0.0,-0.0,0.0,-0.0,0.08724817754776784,0.0,0.8800000000000001,0.0,0.0,0.0,0.0,,,0.101,92.43519999999978,915.2,0.0,915.2,28.37119999999993,1.0,,,1083.3333333333333,0.0,465.8333333333333,2.0,569.0854513442447,0.0,0.0,0.0,65.47897203166879
122,1,123,0.11506,0.0,569.0854513442449,,,,0,0.0,1,1083.3333333333333,1083.3333333333333,0.0,173.33333333333334,35.96666666666667,0.0,,,167.7415277777778,1083.3333333333333,1040.0,43.333333333333336,1083.3333333333333,0.0,1.0,0.0,0.0,0.1612899305555556,83.87076388888892,0.96,541.6666666666666,520.0,21.666666666666668,1.0,0.0,0.0,0.16128993055555557,83.87076388888889,0.96,541.6666666666666,520.0,21.666666666666668,-0.0,0.0,0.0,0.271,0.0,0.96,0.0,0.0,0.0,,,,308.9087235664671,1040.0,915.2,124.8,1040.0,0.0,1.0,-0.0,-0.0,0.33753138501580754,154.45436178323354,0.8800000000000001,520.0,457.6,62.4,1.0,0.0,0.0,0.33753138501580754,154.45436178323354,0.8800000000000001,520.0,457.6,62.4,-0.0,0.0,-0.0,0.08724817754776784,0.0,0.8800000000000001,0.0,0.0,0.0,-0.0,0.0,-0.0,0.08724817754776784,0.0,0.8800000000000001,0.0,0.0,0.0,0.0,,,0.101,92.43520000000001,915.2,0.0,915.2,28.3712,1.0,,,1083.3333333333333,0.0,465.8333333333333,2.0,569.0854513442449,0.0,0.0,0.0,65.47897203166882
123,1,124,0.11506,0.0,589.2454694891326,,,,0,0.0,1,1083.3333333333333,1083.3333333333333,0.0,173.33333333333334,35.96666666666667,0.0,,,167.7415277777778,1083.3333333333333,1040.0,43.333333333333336,1083.3333333333333,0.0,1.0,0.0,0.0,0.1612899305555556,83.87076388888892,0.96,541.6666666666666,520.0,21.666666666666668,1.0,0.0,0.0,0.16128993055555557,83.87076388888889,0.96,541.6666666666666,520.0,21.666666666666668,-0.0,0.0,0.0,0.27099999999999996,0.0,0.96,0.0,0.0,0.0,,,,325.5539417113543,1040.0,950.0,90.0,1040.0,0.0,1.0,-0.0,-0.0,0.34268835969616196,162.7769708556772,0.91346153846154,520.0,475.0,45.0,1.0,0.0,0.0,0.3426883596961619,162.7769708556771,0.9134615384615395,520.0,475.0,45.0,-0.0,0.0,-0.0,0.08724817754776784,0.0,0.8800000000000001,0.0,0.0,0.0,-0.0,0.0,-0.0,0.08724817754776784,0.0,0.8800000000000001,0.0,0.0,0.0,1.0,,,0.101,95.95,950.0,950.0,0.0,29.45,-0.0,,,133.33333333333334,0.0,57.333333333333336,2.0,589.2454694891321,0.0,0.0,0.0,67.7985837194196
124,1,125,0.11506,0.0,589.245469489132,,,,0,0.0,1,1083.3333333333333,1083.3333333333333,0.0,173.33333333333334,35.96666666666667,0.0,,,167.7415277777778,1083.3333333333333,1040.0,43.333333333333336,1083.3333333333333,0.0,1.0,0.0,0.0,0.1612899305555556,83.87076388888892,0.96,541.6666666666666,520.0,21.666666666666668,1.0,0.0,0.0,0.16128993055555557,83.87076388888889,0.96,541.6666666666666,520.0,21.666666666666668,-0.0,0.0,0.0,0.27099999999999996,0.0,0.96,0.0,0.0,0.0,,,,325.5539417113541,1040.0,950.0,90.0,1040.0,0.0,1.0,-0.0,-0.0,0.34268835969616185,162.77697085567706,0.9134615384615397,520.0,475.0,45.0,1.0,0.0,0.0,0.34268835969616185,162.77697085567706,0.9134615384615397,520.0,475.0,45.0,-0.0,0.0,-0.0,0.08724817754776784,0.0,0.8800000000000001,0.0,0.0,0.0,-0.0,0.0,-0.0,0.08724817754776784,0.0,0.8800000000000001,0.0,0.0,0.0,1.0,,,0.101,95.95,950.0,950.0,0.0,29.45,-0.0,,,133.33333333333334,0.0,57.333333333333336,2.0,589.245469489132,0.0,0.0,0.0,67.79858371941953
125,1,126,0.11506,0.0,589.2454694891334,,,,0,0.0,1,1083.3333333333333,1083.3333333333333,0.0,173.33333333333334,35.96666666666667,0.0,,,167.74152777777886,1083.3333333333333,1040.0,43.333333333333336,1083.3333333333333,0.0,1.0,0.0,0.0,0.1612899305555556,83.87076388888892,0.96,541.6666666666666,520.0,21.666666666666668,1.0,0.0,0.0,0.16128993055555485,83.87076388888994,0.96,541.6666666666666,520.0,21.666666666666668,0.0,0.0,0.0,0.271,0.0,0.96,0.0,0.0,0.0,,,,325.5539417113541,1040.0,950.0,90.0,1040.0,0.0,1.0,-0.0,-0.0,0.34268835969616185,162.77697085567706,0.9134615384615395,520.0,475.0,45.0,1.0,0.0,0.0,0.34268835969616185,162.77697085567706,0.9134615384615395,520.0,475.0,45.0,-0.0,0.0,-0.0,0.08724817754776784,0.0,0.8800000000000001,0.0,0.0,0.0,-0.0,0.0,-0.0,0.08724817754776784,0.0,0.8800000000000001,0.0,0.0,0.0,1.0,,,0.101,95.95,950.0,950.0,0.0,29.45,-0.0,,,133.33333333333334,0.0,57.333333333333336,2.0,589.245469489133,0.0,0.0,0.0,67.79858371941968
126,1,127,0.11506,0.0,589.245469489133,,,,0,0.0,1,1083.3333333333333,1083.3333333333333,0.0,173.33333333333334,35.96666666666667,0.0,,,167.74152777777886,1083.3333333333333,1040.0,43.333333333333336,1083.3333333333333,0.0,1.0,0.0,-0.0,0.1612899305555556,83.87076388888892,0.96,541.6666666666666,520.0,21.666666666666668,1.0,0.0,-0.0,0.16128993055555485,83.87076388888994,0.96,541.6666666666666,520.0,21.666666666666668,0.0,0.0,-0.0,0.271,0.0,0.96,0.0,0.0,0.0,,,,325.5539417113541,1040.0,950.0,90.0,1040.0,0.0,1.0,-0.0,-0.0,0.34268835969616185,162.77697085567706,0.9134615384615395,520.0,475.0,45.0,1.0,0.0,0.0,0.34268835969616185,162.77697085567706,0.9134615384615395,520.0,475.0,45.0,-0.0,0.0,-0.0,0.08724817754776784,0.0,0.8800000000000001,0.0,0.0,0.0,-0.0,0.0,-0.0,0.08724817754776784,0.0,0.8800000000000001,0.0,0.0,0.0,1.0,,,0.101,95.95,950.0,950.0,0.0,29.45,-0.0,,,133.33333333333334,0.0,57.333333333333336,2.0,589.245469489133,0.0,0.0,0.0,67.79858371941964
127,1,128,0.11506,0.0,599.2488621007246,,,,0,0.0,1,1096.1517291593502,1096.1517291593502,0.0,175.38427666549603,36.39223740809043,0.0,,,169.248540828242,1096.1517291593502,1052.3056599929673,43.84606916637368,1096.151729159341,0.0,1.0,0.0,-0.0,0.16039238985450582,85.37777693935206,0.96,554.4850624926744,532.3056599929674,22.179402499706995,1.0,0.0,-0.0,0.16128993055555485,83.87076388888994,0.96,541.6666666666666,520.0,21.666666666666668,-0.0,0.0,-0.0,0.271,0.0,0.96,0.0,0.0,0.0,,,,332.80744961319243,1052.3056599929673,962.3056599929723,90.0,1052.3056599929723,0.0,1.0,-0.0,-0.0,0.34891956469368324,170.0304787575159,0.9154621049857066,532.3056599929723,487.3056599929723,45.0,1.0,0.0,0.0,0.3426883596961611,162.77697085567652,0.9134615384615384,520.0,475.0,45.0,-0.0,0.0,-0.0,0.08724817754776784,0.0,0.8800000000000001,0.0,0.0,0.0,0.0,0.0,-0.0,0.08724817754776784,0.0,0.8800000000000001,0.0,0.0,0.0,1.0,,,0.101,97.1928716592902,962.3056599929723,962.3056599929723,0.0,29.83147545978214,-0.0,,,133.8460691663687,0.0,57.55380974153854,2.0,599.2488621007246,0.0,0.0,0.0,68.94957407330938
128,1,129,0.07074,0.0,599.2488621007238,,,,0,0.0,1,1096.1517291593502,1096.1517291593502,0.0,175.38427666549603,36.39223740809043,0.0,,,169.248540828242,1096.1517291593502,1052.3056599929673,43.84606916637368,1096.151729159341,0.0,1.0,0.0,-0.0,0.16039238985450582,85.37777693935206,0.96,554.4850624926744,532.3056599929674,22.179402499706995,1.0,0.0,-0.0,0.16128993055555485,83.87076388888994,0.96,541.6666666666666,520.0,21.666666666666668,0.0,0.0,-0.0,0.271,0.0,0.96,0.0,0.0,0.0,,,,332.80744961319186,1052.3056599929673,962.3056599929699,90.0,1052.3056599929723,0.0,1.0,-0.0,-0.0,0.34891956469368235,170.03047875751534,0.9154621049857059,532.3056599929723,487.3056599929719,45.0,1.0,0.0,0.0,0.3426883596961611,162.77697085567652,0.9134615384615384,520.0,475.0,45.0,-0.0,0.0,-0.0,0.08724817754776784,0.0,0.8800000000000001,0.0,0.0,0.0,-0.0,0.0,-0.0,0.08724817754776784,0.0,0.8800000000000001,0.0,0.0,0.0,1.0,,,0.101,97.19287165928996,962.3056599929699,962.3056599929699,0.0,29.83147545978207,-0.0,,,133.8460691663691,0.0,57.55380974153871,2.0,599.2488621007238,0.0,0.0,0.0,42.390864505005204
129,1,130,0.07074,0.0,599.2488621007242,,,,0,0.0,1,1096.15172915935,1096.15172915935,0.0,175.384276665496,36.39223740809042,0.0,,,169.248540828242,1096.15172915935,1052.3056599929673,43.84606916637368,1096.151729159341,0.0,1.0,0.0,-0.0,0.16039238985450582,85.37777693935206,0.96,554.4850624926744,532.3056599929674,22.179402499706995,1.0,0.0,-0.0,0.16128993055555485,83.87076388888994,0.96,541.6666666666666,520.0,21.666666666666668,-0.0,0.0,-0.0,0.271,0.0,0.96,0.0,0.0,0.0,,,,332.80744961319215,1052.3056599929673,962.3056599929706,90.0,1052.3056599929723,0.0,1.0,-0.0,-0.0,0.3489195646936825,170.03047875751565,0.9154621049857071,532.3056599929723,487.30565999297255,45.0,1.0,0.0,0.0,0.3426883596961611,162.77697085567652,0.9134615384615384,520.0,475.0,45.0,-0.0,0.0,-0.0,0.08724817754776784,0.0,0.8800000000000001,0.0,0.0,0.0,-0.0,0.0,-0.0,0.08724817754776784,0.0,0.8800000000000001,0.0,0.0,0.0,1.0,,,0.101,97.19287165929003,962.3056599929706,962.3056599929706,0.0,29.831475459782087,-0.0,,,133.84606916636847,0.0,57.55380974153844,2.0,599.2488621007242,0.0,0.0,0.0,42.390864505005226
130,1,131,0.07074,0.0,599.2488621007248,,,,0,0.0,1,1096.15172915935,1096.15172915935,0.0,175.384276665496,36.39223740809042,0.0,,,169.248540828242,1096.15172915935,1052.3056599929673,43.84606916637368,1096.151729159341,0.0,1.0,0.0,-0.0,0.16039238985450582,85.37777693935206,0.96,554.4850624926744,532.3056599929674,22.179402499706995,1.0,0.0,-0.0,0.16128993055555485,83.87076388888994,0.96,541.6666666666666,520.0,21.666666666666668,-0.0,0.0,-0.0,0.271,0.0,0.96,0.0,0.0,0.0,,,,332.80744961319243,1052.3056599929673,962.305659992973,90.0,1052.3056599929723,0.0,1.0,-0.0,-0.0,0.3489195646936825,170.03047875751565,0.9154621049857071,532.3056599929723,487.30565999297255,45.0,1.0,0.0,0.0,0.3426883596961613,162.77697085567678,0.9134615384615394,520.0,475.0,45.0,-0.0,0.0,0.0,0.08724817754776784,0.0,0.8800000000000001,0.0,0.0,0.0,-0.0,0.0,0.0,0.08724817754776784,0.0,0.8800000000000001,0.0,0.0,0.0,1.0,,,0.101,97.19287165929028,962.305659992973,962.305659992973,0.0,29.831475459782162,-0.0,,,133.84606916636847,0.0,57.55380974153844,2.0,599.2488621007248,0.0,0.0,0.0,42.39086450500527
131,1,132,0.07074,0.0,599.2488621007249,,,,0,0.0,1,1096.15172915935,1096.15172915935,0.0,175.384276665496,36.39223740809042,0.0,,,169.248540828242,1096.15172915935,1052.3056599929673,43.84606916637368,1096.151729159341,0.0,1.0,0.0,-0.0,0.16039238985450582,85.37777693935206,0.96,554.4850624926744,532.3056599929674,22.179402499706995,1.0,0.0,-0.0,0.16128993055555485,83.87076388888994,0.96,541.6666666666666,520.0,21.666666666666668,0.0,0.0,-0.0,0.271,0.0,0.96,0.0,0.0,0.0,,,,332.8074496131926,1052.3056599929673,962.3056599929732,90.0,1052.3056599929723,0.0,1.0,-0.0,-0.0,0.3489195646936825,170.03047875751565,0.9154621049857071,532.3056599929723,487.30565999297255,45.0,1.0,0.0,0.0,0.34268835969616146,162.77697085567692,0.9134615384615397,520.0,475.0,45.0,-0.0,0.0,-0.0,0.08724817754776784,0.0,0.8800000000000001,0.0,0.0,0.0,-0.0,0.0,-0.0,0.08724817754776784,0.0,0.8800000000000001,0.0,0.0,0.0,1.0,,,0.101,97.1928716592903,962.3056599929732,962.3056599929732,0.0,29.83147545978217,-0.0,,,133.84606916636847,0.0,57.55380974153844,2.0,599.2488621007249,0.0,0.0,0.0,42.390864505005275
132,1,133,0.07074,0.0,599.2488621007244,,,,0,0.0,1,1096.15172915935,1096.15172915935,0.0,175.384276665496,36.39223740809042,0.0,,,169.248540828242,1096.15172915935,1052.3056599929673,43.84606916637368,1096.151729159341,0.0,1.0,0.0,-0.0,0.16039238985450582,85.37777693935206,0.96,554.4850624926744,532.3056599929674,22.179402499706995,1.0,0.0,-0.0,0.16128993055555485,83.87076388888994,0.96,541.6666666666666,520.0,21.666666666666668,0.0,0.0,-0.0,0.271,0.0,0.96,0.0,0.0,0.0,,,,332.80744961319215,1052.3056599929673,962.3056599929726,90.0,1052.3056599929723,0.0,1.0,-0.0,-0.0,0.3489195646936825,170.03047875751565,0.9154621049857071,532.3056599929723,487.30565999297255,45.0,1.0,0.0,0.0,0.3426883596961611,162.77697085567652,0.9134615384615384,520.0,475.0,45.0,-0.0,0.0,-0.0,0.08724817754776784,0.0,0.8800000000000001,0.0,0.0,0.0,-0.0,0.0,-0.0,0.08724817754776784,0.0,0.8800000000000001,0.0,0.0,0.0,1.0,,,0.101,97.19287165929023,962.3056599929726,962.3056599929726,0.0,29.831475459782148,-0.0,,,133.84606916636847,0.0,57.55380974153844,2.0,599.2488621007244,0.0,0.0,0.0,42.39086450500524
133,1,134,0.07074,0.0,599.2488621007249,,,,0,0.0,1,1096.15172915935,1096.15172915935,0.0,175.384276665496,36.39223740809042,0.0,,,169.248540828242,1096.15172915935,1052.3056599929673,43.84606916637368,1096.151729159341,0.0,1.0,0.0,-0.0,0.16039238985450582,85.37777693935206,0.96,554.4850624926744,532.3056599929674,22.179402499706995,1.0,0.0,-0.0,0.16128993055555485,83.87076388888994,0.96,541.6666666666666,520.0,21.666666666666668,0.0,0.0,-0.0,0.271,0.0,0.96,0.0,0.0,0.0,,,,332.8074496131926,1052.3056599929673,962.3056599929733,90.0,1052.3056599929723,0.0,1.0,-0.0,-0.0,0.3489195646936825,170.03047875751565,0.9154621049857071,532.3056599929723,487.30565999297255,45.0,1.0,0.0,0.0,0.3426883596961615,162.77697085567698,0.91346153846154,520.0,475.0,45.0,-0.0,0.0,-0.0,0.08724817754776784,0.0,0.8800000000000001,0.0,0.0,0.0,-0.0,0.0,-0.0,0.08724817754776784,0.0,0.8800000000000001,0.0,0.0,0.0,1.0,,,0.101,97.19287165929032,962.3056599929733,962.3056599929733,0.0,29.831475459782173,-0.0,,,133.84606916636847,0.0,57.55380974153844,2.0,599.2488621007249,0.0,0.0,0.0,42.390864505005275
134,1,135,0.07074,0.0,599.2488621007244,,,,0,0.0,1,1096.15172915935,1096.15172915935,0.0,175.384276665496,36.39223740809042,0.0,,,169.248540828242,1096.15172915935,1052.3056599929673,43.84606916637368,1096.151729159341,0.0,1.0,0.0,-0.0,0.16039238985450582,85.37777693935206,0.96,554.4850624926744,532.3056599929674,22.179402499706995,1.0,0.0,-0.0,0.16128993055555485,83.87076388888994,0.96,541.6666666666666,520.0,21.666666666666668,0.0,0.0,-0.0,0.271,0.0,0.96,0.0,0.0,0.0,,,,332.80744961319215,1052.3056599929673,962.3056599929726,90.0,1052.3056599929723,0.0,1.0,-0.0,-0.0,0.3489195646936825,170.03047875751565,0.9154621049857071,532.3056599929723,487.30565999297255,45.0,1.0,0.0,0.0,0.3426883596961611,162.77697085567652,0.9134615384615384,520.0,475.0,45.0,-0.0,0.0,-0.0,0.08724817754776784,0.0,0.8800000000000001,0.0,0.0,0.0,-0.0,0.0,-0.0,0.08724817754776784,0.0,0.8800000000000001,0.0,0.0,0.0,1.0,,,0.101,97.19287165929023,962.3056599929726,962.3056599929726,0.0,29.831475459782148,-0.0,,,133.84606916636847,0.0,57.55380974153844,2.0,599.2488621007244,0.0,0.0,0.0,42.39086450500524
135,1,136,0.07074,0.0,599.2488621007228,,,,0,0.0,1,1096.15172915935,1096.15172915935,0.0,175.384276665496,36.39223740809042,0.0,,,169.248540828242,1096.15172915935,1052.3056599929673,43.84606916637368,1096.151729159341,0.0,1.0,0.0,-0.0,0.16039238985450582,85.37777693935206,0.96,554.4850624926744,532.3056599929674,22.179402499706995,1.0,0.0,-0.0,0.16128993055555485,83.87076388888994,0.96,541.6666666666666,520.0,21.666666666666668,0.0,0.0,-0.0,0.271,0.0,0.96,0.0,0.0,0.0,,,,332.80744961319084,1052.3056599929673,962.3056599929698,90.0,1052.3056599929723,0.0,1.0,-0.0,-0.0,0.34891956469368174,170.03047875751432,0.915462104985702,532.3056599929723,487.3056599929698,45.0,1.0,0.0,0.0,0.3426883596961611,162.77697085567652,0.9134615384615384,520.0,475.0,45.0,-0.0,0.0,-0.0,0.08724817754776784,0.0,0.8800000000000001,0.0,0.0,0.0,-0.0,0.0,-0.0,0.08724817754776784,0.0,0.8800000000000001,0.0,0.0,0.0,1.0,,,0.101,97.19287165928996,962.3056599929698,962.3056599929698,0.0,29.831475459782066,-0.0,,,133.8460691663712,0.0,57.55380974153961,2.0,599.2488621007228,0.0,0.0,0.0,42.39086450500513
136,1,137,0.07074,0.0,599.2488621007249,,,,0,0.0,1,1096.1517291593502,1096.1517291593502,0.0,175.38427666549603,36.39223740809043,0.0,,,169.248540828242,1096.1517291593502,1052.3056599929673,43.84606916637368,1096.151729159341,0.0,1.0,0.0,-0.0,0.16039238985450582,85.37777693935206,0.96,554.4850624926744,532.3056599929674,22.179402499706995,1.0,0.0,-0.0,0.16128993055555485,83.87076388888994,0.96,541.6666666666666,520.0,21.666666666666668,-0.0,0.0,0.0,0.271,0.0,0.96,0.0,0.0,0.0,,,,332.8074496131926,1052.3056599929673,962.305659992973,90.0,1052.3056599929728,0.0,1.0,-0.0,-0.0,0.34891956469368307,170.03047875751605,0.9154621049857071,532.3056599929728,487.30565999297295,45.0,1.0,0.0,0.0,0.3426883596961611,162.77697085567652,0.9134615384615384,520.0,475.0,45.0,-0.0,0.0,-0.0,0.08724817754776784,0.0,0.8800000000000001,0.0,0.0,0.0,-0.0,0.0,-0.0,0.08724817754776784,0.0,0.8800000000000001,0.0,0.0,0.0,1.0,,,0.101,97.19287165929028,962.305659992973,962.305659992973,0.0,29.831475459782162,-0.0,,,133.84606916636807,0.0,57.55380974153827,2.0,599.2488621007249,0.0,0.0,0.0,42.390864505005275
137,1,138,0.11566,0.0,599.2488621007255,,,,0,0.0,1,1096.1517291593502,1096.1517291593502,0.0,175.38427666549603,36.39223740809043,0.0,,,169.24854082824203,1096.1517291593502,1052.3056599929673,43.84606916637368,1096.151729159341,0.0,1.0,0.0,-0.0,0.16039238985450582,85.37777693935206,0.96,554.4850624926744,532.3056599929674,22.179402499706995,1.0,0.0,-0.0,0.16128993055555485,83.87076388888994,0.96,541.6666666666666,520.0,21.666666666666668,-0.0,0.0,-0.0,0.271,0.0,0.96,0.0,0.0,0.0,,,,332.80744961319317,1052.3056599929673,962.3056599929735,90.0,1052.3056599929728,0.0,1.0,-0.0,-0.0,0.34891956469368307,170.03047875751605,0.9154621049857071,532.3056599929728,487.30565999297295,45.0,1.0,0.0,0.0,0.3426883596961619,162.7769708556771,0.9134615384615395,520.0,475.0,45.0,-0.0,0.0,-0.0,0.08724817754776784,0.0,0.8800000000000001,0.0,0.0,0.0,-0.0,0.0,-0.0,0.08724817754776784,0.0,0.8800000000000001,0.0,0.0,0.0,1.0,,,0.101,97.19287165929033,962.3056599929735,962.3056599929735,0.0,29.831475459782176,-0.0,,,133.8460691663675,0.0,57.553809741538025,2.0,599.2488621007255,0.0,0.0,0.0,69.30912339056992
138,1,139,0.11566,0.0,599.2488621007259,,,,0,0.0,1,1096.1517291593502,1096.1517291593502,0.0,175.38427666549603,36.39223740809043,0.0,,,169.24854082824203,1096.1517291593502,1052.3056599929673,43.84606916637368,1096.151729159341,0.0,1.0,0.0,-0.0,0.16039238985450582,85.37777693935206,0.96,554.4850624926744,532.3056599929674,22.179402499706995,1.0,0.0,-0.0,0.16128993055555485,83.87076388888994,0.96,541.6666666666666,520.0,21.666666666666668,-0.0,0.0,-0.0,0.27099999999999996,0.0,0.96,0.0,0.0,0.0,,,,332.80744961319346,1052.3056599929673,962.3056599929741,90.0,1052.3056599929735,0.0,1.0,-0.0,-0.0,0.3489195646936833,170.0304787575164,0.9154621049857071,532.3056599929735,487.3056599929736,45.0,1.0,0.0,0.0,0.34268835969616185,162.77697085567706,0.9134615384615395,520.0,475.0,45.0,-0.0,0.0,-0.0,0.08724817754776784,0.0,0.8800000000000001,0.0,0.0,0.0,-0.0,0.0,-0.0,0.08724817754776784,0.0,0.8800000000000001,0.0,0.0,0.0,1.0,,,0.101,97.19287165929039,962.3056599929741,962.3056599929741,0.0,29.831475459782197,-0.0,,,133.84606916636687,0.0,57.553809741537755,2.0,599.2488621007259,0.0,0.0,0.0,69.30912339056995
139,1,140,0.11566,0.0,599.2488621007259,,,,0,0.0,1,1096.1517291593502,1096.1517291593502,0.0,175.38427666549603,36.39223740809043,0.0,,,169.24854082824203,1096.1517291593502,1052.3056599929673,43.84606916637368,1096.151729159341,0.0,1.0,0.0,-0.0,0.16039238985450582,85.37777693935206,0.96,554.4850624926744,532.3056599929674,22.179402499706995,1.0,0.0,-0.0,0.16128993055555485,83.87076388888994,0.96,541.6666666666666,520.0,21.666666666666668,-0.0,0.0,-0.0,0.27099999999999996,0.0,0.96,0.0,0.0,0.0,,,,332.80744961319346,1052.3056599929673,962.3056599929741,90.0,1052.3056599929735,0.0,1.0,-0.0,-0.0,0.3489195646936833,170.0304787575164,0.9154621049857071,532.3056599929735,487.3056599929736,45.0,1.0,0.0,0.0,0.34268835969616185,162.77697085567706,0.9134615384615395,520.0,475.0,45.0,-0.0,0.0,-0.0,0.08724817754776784,0.0,0.8800000000000001,0.0,0.0,0.0,-0.0,0.0,-0.0,0.08724817754776784,0.0,0.8800000000000001,0.0,0.0,0.0,1.0,,,0.101,97.19287165929039,962.3056599929741,962.3056599929741,0.0,29.831475459782197,-0.0,,,133.84606916636687,0.0,57.553809741537755,2.0,599.2488621007259,0.0,0.0,0.0,69.30912339056995
140,1,141,0.11566,0.0,599.2488621007258,,,,0,0.0,1,1096.1517291593502,1096.1517291593502,0.0,175.38427666549603,36.39223740809043,0.0,,,169.24854082824197,1096.1517291593502,1052.3056599929673,43.84606916637368,1096.151729159341,0.0,1.0,0.0,-0.0,0.16039238985450582,85.37777693935206,0.96,554.4850624926744,532.3056599929674,22.179402499706995,1.0,0.0,-0.0,0.16128993055555485,83.87076388888994,0.96,541.6666666666666,520.0,21.666666666666668,-0.0,0.0,-0.0,0.27099999999999996,0.0,0.96,0.0,0.0,0.0,,,,332.8074496131934,1052.3056599929673,962.3056599929741,90.0,1052.3056599929735,0.0,1.0,-0.0,-0.0,0.3489195646936832,170.0304787575162,0.9154621049857065,532.3056599929735,487.30565999297323,45.0,1.0,0.0,0.0,0.34268835969616196,162.77697085567723,0.9134615384615401,520.0,475.0,45.0,-0.0,0.0,-0.0,0.08724817754776784,0.0,0.8800000000000001,0.0,0.0,0.0,-0.0,0.0,-0.0,0.08724817754776784,0.0,0.8800000000000001,0.0,0.0,0.0,1.0,,,0.101,97.19287165929039,962.3056599929741,962.3056599929741,0.0,29.831475459782197,-0.0,,,133.84606916636693,0.0,57.553809741537776,2.0,599.2488621007258,0.0,0.0,0.0,69.30912339056994
141,1,142,0.11566,0.0,599.2488621007259,,,,0,0.0,1,1096.1517291593502,1096.1517291593502,0.0,175.38427666549603,36.39223740809043,0.0,,,169.24854082824203,1096.1517291593502,1052.3056599929673,43.84606916637368,1096.151729159341,0.0,1.0,0.0,-0.0,0.16039238985450582,85.37777693935206,0.96,554.4850624926744,532.3056599929674,22.179402499706995,1.0,0.0,-0.0,0.16128993055555485,83.87076388888994,0.96,541.6666666666666,520.0,21.666666666666668,-0.0,0.0,-0.0,0.271,0.0,0.96,0.0,0.0,0.0,,,,332.80744961319346,1052.3056599929673,962.3056599929741,90.0,1052.3056599929735,0.0,1.0,-0.0,-0.0,0.3489195646936833,170.0304787575164,0.9154621049857071,532.3056599929735,487.3056599929736,45.0,1.0,0.0,0.0,0.34268835969616185,162.77697085567706,0.9134615384615395,520.0,475.0,45.0,-0.0,0.0,-0.0,0.08724817754776784,0.0,0.8800000000000001,0.0,0.0,0.0,-0.0,0.0,-0.0,0.08724817754776784,0.0,0.8800000000000001,0.0,0.0,0.0,1.0,,,0.101,97.19287165929039,962.3056599929741,962.3056599929741,0.0,29.831475459782197,-0.0,,,133.84606916636687,0.0,57.553809741537755,2.0,599.2488621007259,0.0,0.0,0.0,69.30912339056995
142,1,143,0.11506,0.0,599.2488621007255,,,,0,0.0,1,1096.1517291593498,1096.1517291593498,0.0,175.38427666549597,36.392237408090416,0.0,,,169.24854082824197,1096.1517291593498,1052.3056599929673,43.84606916637368,1096.151729159341,0.0,1.0,0.0,-0.0,0.16039238985450582,85.37777693935206,0.96,554.4850624926744,532.3056599929674,22.179402499706995,1.0,0.0,-0.0,0.1612899305555549,83.8707638888899,0.96,541.6666666666666,520.0,21.666666666666668,-0.0,0.0,-0.0,0.271,0.0,0.96,0.0,0.0,0.0,,,,332.80744961319317,1052.3056599929673,962.3056599929739,90.0,1052.3056599929737,0.0,1.0,-0.0,-0.0,0.3489195646936836,170.03047875751665,0.9154621049857071,532.3056599929738,487.3056599929739,45.0,1.0,0.0,0.0,0.3426883596961611,162.77697085567652,0.9134615384615384,520.0,475.0,45.0,-0.0,0.0,-0.0,0.08724817754776784,0.0,0.8800000000000001,0.0,0.0,0.0,-0.0,0.0,-0.0,0.08724817754776784,0.0,0.8800000000000001,0.0,0.0,0.0,1.0,,,0.101,97.19287165929038,962.3056599929739,962.3056599929739,0.0,29.83147545978219,-0.0,,,133.84606916636722,0.0,57.553809741537904,2.0,599.2488621007255,0.0,0.0,0.0,68.94957407330948
143,1,144,0.11506,0.0,599.2488621007274,,,,0,0.0,1,1096.1517291593616,1096.1517291593616,0.0,175.38427666549785,36.39223740809081,0.0,,,169.24854082824322,1096.1517291593616,1052.3056599929782,43.846069166374136,1096.1517291593523,0.0,1.0,0.0,-0.0,0.16039238985450507,85.3777769393534,0.96,554.4850624926856,532.3056599929782,22.179402499707447,1.0,0.0,-0.0,0.1612899305555549,83.87076388888983,0.96,541.6666666666666,520.0,21.666666666666668,-0.0,0.0,-0.0,0.271,0.0,0.96,0.0,0.0,0.0,,,,332.80744961319374,1052.3056599929782,962.3056599929741,90.0,1052.3056599929741,0.0,1.0,-0.0,-0.0,0.34891956469368457,170.03047875751722,0.9154621049857071,532.3056599929741,487.3056599929742,45.0,1.0,0.0,0.0,0.3426883596961611,162.77697085567652,0.9134615384615384,520.0,475.0,45.0,-0.0,0.0,-0.0,0.08724817754776784,0.0,0.8800000000000001,0.0,0.0,0.0,-0.0,0.0,-0.0,0.08724817754776784,0.0,0.8800000000000001,0.0,0.0,0.0,1.0,,,0.101,97.19287165929039,962.3056599929741,962.3056599929741,0.0,29.831475459782197,-0.0,,,133.8460691663782,0.0,57.55380974154262,2.0,599.2488621007274,0.0,0.0,0.0,68.94957407330969
144,1,145,0.11506,0.0,599.2488621007265,,,,0,0.0,1,1096.1517291593616,1096.1517291593616,0.0,175.38427666549785,36.39223740809081,0.0,,,169.24854082824322,1096.1517291593616,1052.3056599929782,43.846069166374136,1096.1517291593523,0.0,1.0,0.0,-0.0,0.16039238985450507,85.3777769393534,0.96,554.4850624926856,532.3056599929782,22.179402499707447,1.0,0.0,-0.0,0.16128993055555502,83.87076388888981,0.96,541.6666666666666,520.0,21.666666666666668,-0.0,0.0,-0.0,0.271,0.0,0.96,0.0,0.0,0.0,,,,332.8074496131929,1052.3056599929782,962.3056599929739,90.0,1052.3056599929737,0.0,1.0,-0.0,-0.0,0.348919564693683,170.03047875751636,0.9154621049857071,532.3056599929738,487.3056599929739,45.0,1.0,0.0,0.0,0.3426883596961611,162.77697085567652,0.9134615384615384,520.0,475.0,45.0,-0.0,0.0,-0.0,0.08724817754776784,0.0,0.8800000000000001,0.0,0.0,0.0,-0.0,0.0,-0.0,0.08724817754776784,0.0,0.8800000000000001,0.0,0.0,0.0,1.0,,,0.101,97.19287165929038,962.3056599929739,962.3056599929739,0.0,29.83147545978219,-0.0,,,133.84606916637858,0.0,57.55380974154279,2.0,599.2488621007265,0.0,0.0,0.0,68.94957407330958
145,1,146,0.11506,0.0,599.2488621007265,,,,0,0.0,1,1096.1517291593616,1096.1517291593616,0.0,175.38427666549785,36.39223740809081,0.0,,,169.24854082824322,1096.1517291593616,1052.3056599929782,43.846069166374136,1096.1517291593523,0.0,1.0,0.0,-0.0,0.16039238985450507,85.3777769393534,0.96,554.4850624926856,532.3056599929782,22.179402499707447,1.0,0.0,-0.0,0.16128993055555502,83.87076388888981,0.96,541.6666666666666,520.0,21.666666666666668,-0.0,0.0,-0.0,0.271,0.0,0.96,0.0,0.0,0.0,,,,332.8074496131929,1052.3056599929782,962.3056599929739,90.0,1052.3056599929737,0.0,1.0,-0.0,-0.0,0.348919564693683,170.03047875751636,0.9154621049857071,532.3056599929738,487.3056599929739,45.0,1.0,0.0,0.0,0.3426883596961611,162.77697085567652,0.9134615384615384,520.0,475.0,45.0,-0.0,0.0,-0.0,0.08724817754776784,0.0,0.8800000000000001,0.0,0.0,0.0,-0.0,0.0,-0.0,0.08724817754776784,0.0,0.8800000000000001,0.0,0.0,0.0,1.0,,,0.101,97.19287165929038,962.3056599929739,962.3056599929739,0.0,29.83147545978219,-0.0,,,133.84606916637858,0.0,57.55380974154279,2.0,599.2488621007265,0.0,0.0,0.0,68.94957407330958
146,1,147,0.11506,0.0,599.2488621007268,,,,0,0.0,1,1096.1517291593616,1096.1517291593616,0.0,175.38427666549785,36.39223740809081,0.0,,,169.24854082824322,1096.1517291593616,1052.3056599929782,43.846069166374136,1096.1517291593523,0.0,1.0,0.0,-0.0,0.16039238985450507,85.3777769393534,0.96,554.4850624926856,532.3056599929782,22.179402499707447,1.0,0.0,-0.0,0.16128993055555502,83.87076388888981,0.96,541.6666666666666,520.0,21.666666666666668,-0.0,0.0,-0.0,0.271,0.0,0.96,0.0,0.0,0.0,,,,332.80744961319317,1052.3056599929782,962.3056599929744,90.0,1052.3056599929737,0.0,1.0,-0.0,-0.0,0.348919564693683,170.03047875751636,0.9154621049857071,532.3056599929738,487.3056599929739,45.0,1.0,0.0,0.0,0.3426883596961614,162.7769708556768,0.9134615384615392,520.0,475.0,45.0,-0.0,0.0,-0.0,0.08724817754776784,0.0,0.8800000000000001,0.0,0.0,0.0,-0.0,0.0,-0.0,0.08724817754776784,0.0,0.8800000000000001,0.0,0.0,0.0,1.0,,,0.101,97.19287165929042,962.3056599929744,962.3056599929744,0.0,29.831475459782204,-0.0,,,133.84606916637858,0.0,57.55380974154279,2.0,599.2488621007268,0.0,0.0,0.0,68.94957407330962
147,1,148,0.11506,0.0,599.2488621007265,,,,0,0.0,1,1096.1517291593616,1096.1517291593616,0.0,175.38427666549785,36.39223740809081,0.0,,,169.24854082824322,1096.1517291593616,1052.3056599929782,43.846069166374136,1096.1517291593523,0.0,1.0,0.0,-0.0,0.16039238985450507,85.3777769393534,0.96,554.4850624926856,532.3056599929782,22.179402499707447,1.0,0.0,-0.0,0.16128993055555502,83.87076388888981,0.96,541.6666666666666,520.0,21.666666666666668,-0.0,0.0,-0.0,0.271,0.0,0.96,0.0,0.0,0.0,,,,332.8074496131929,1052.3056599929782,962.3056599929739,90.0,1052.3056599929737,0.0,1.0,-0.0,-0.0,0.348919564693683,170.03047875751636,0.9154621049857071,532.3056599929738,487.3056599929739,45.0,1.0,0.0,0.0,0.3426883596961611,162.77697085567652,0.9134615384615384,520.0,475.0,45.0,-0.0,0.0,-0.0,0.08724817754776784,0.0,0.8800000000000001,0.0,0.0,0.0,-0.0,0.0,-0.0,0.08724817754776784,0.0,0.8800000000000001,0.0,0.0,0.0,1.0,,,0.101,97.19287165929038,962.3056599929739,962.3056599929739,0.0,29.83147545978219,-0.0,,,133.84606916637858,0.0,57.55380974154279,2.0,599.2488621007265,0.0,0.0,0.0,68.94957407330958
148,1,149,0.11506,0.0,599.2488621007265,,,,0,0.0,1,1096.1517291593616,1096.1517291593616,0.0,175.38427666549785,36.39223740809081,0.0,,,169.24854082824322,1096.1517291593616,1052.3056599929782,43.846069166374136,1096.1517291593523,0.0,1.0,0.0,-0.0,0.16039238985450507,85.3777769393534,0.96,554.4850624926856,532.3056599929782,22.179402499707447,1.0,0.0,-0.0,0.16128993055555502,83.87076388888981,0.96,541.6666666666666,520.0,21.666666666666668,-0.0,0.0,-0.0,0.271,0.0,0.96,0.0,0.0,0.0,,,,332.8074496131929,1052.3056599929782,962.3056599929739,90.0,1052.3056599929737,0.0,1.0,-0.0,-0.0,0.348919564693683,170.03047875751636,0.9154621049857071,532.3056599929738,487.3056599929739,45.0,1.0,0.0,0.0,0.3426883596961611,162.77697085567652,0.9134615384615384,520.0,475.0,45.0,-0.0,0.0,-0.0,0.08724817754776784,0.0,0.8800000000000001,0.0,0.0,0.0,-0.0,0.0,-0.0,0.08724817754776784,0.0,0.8800000000000001,0.0,0.0,0.0,1.0,,,0.101,97.19287165929038,962.3056599929739,962.3056599929739,0.0,29.83147545978219,-0.0,,,133.84606916637858,0.0,57.55380974154279,2.0,599.2488621007265,0.0,0.0,0.0,68.94957407330958
149,1,150,0.11506,0.0,599.2488621007265,,,,0,0.0,1,1096.1517291593616,1096.1517291593616,0.0,175.38427666549785,36.39223740809081,0.0,,,169.24854082824322,1096.1517291593616,1052.3056599929782,43.846069166374136,1096.1517291593523,0.0,1.0,0.0,-0.0,0.16039238985450507,85.3777769393534,0.96,554.4850624926856,532.3056599929782,22.179402499707447,1.0,0.0,-0.0,0.16128993055555502,83.87076388888981,0.96,541.6666666666666,520.0,21.666666666666668,-0.0,0.0,-0.0,0.271,0.0,0.96,0.0,0.0,0.0,,,,332.8074496131929,1052.3056599929782,962.3056599929739,90.0,1052.3056599929737,0.0,1.0,-0.0,-0.0,0.348919564693683,170.03047875751636,0.9154621049857071,532.3056599929738,487.3056599929739,45.0,1.0,0.0,0.0,0.3426883596961611,162.77697085567652,0.9134615384615384,520.0,475.0,45.0,-0.0,0.0,-0.0,0.08724817754776784,0.0,0.8800000000000001,0.0,0.0,0.0,-0.0,0.0,-0.0,0.08724817754776784,0.0,0.8800000000000001,0.0,0.0,0.0,1.0,,,0.101,97.19287165929038,962.3056599929739,962.3056599929739,0.0,29.83147545978219,-0.0,,,133.84606916637858,0.0,57.55380974154279,2.0,599.2488621007265,0.0,0.0,0.0,68.94957407330958
150,1,151,0.11506,0.0,599.2488621007265,,,,0,0.0,1,1096.1517291593616,1096.1517291593616,0.0,175.38427666549785,36.39223740809081,0.0,,,169.24854082824322,1096.1517291593616,1052.3056599929782,43.846069166374136,1096.1517291593523,0.0,1.0,0.0,-0.0,0.16039238985450507,85.3777769393534,0.96,554.4850624926856,532.3056599929782,22.179402499707447,1.0,0.0,-0.0,0.16128993055555502,83.87076388888981,0.96,541.6666666666666,520.0,21.666666666666668,-0.0,0.0,-0.0,0.271,0.0,0.96,0.0,0.0,0.0,,,,332.8074496131929,1052.3056599929782,962.3056599929739,90.0,1052.3056599929737,0.0,1.0,-0.0,-0.0,0.348919564693683,170.03047875751636,0.9154621049857071,532.3056599929738,487.3056599929739,45.0,1.0,0.0,0.0,0.3426883596961611,162.77697085567652,0.9134615384615384,520.0,475.0,45.0,-0.0,0.0,-0.0,0.08724817754776784,0.0,0.8800000000000001,0.0,0.0,0.0,-0.0,0.0,-0.0,0.08724817754776784,0.0,0.8800000000000001,0.0,0.0,0.0,1.0,,,0.101,97.19287165929038,962.3056599929739,962.3056599929739,0.0,29.83147545978219,-0.0,,,133.84606916637858,0.0,57.55380974154279,2.0,599.2488621007265,0.0,0.0,0.0,68.94957407330958
151,1,152,0.11506,0.0,599.2488621007265,,,,0,0.0,1,1096.1517291593616,1096.1517291593616,0.0,175.38427666549785,36.39223740809081,0.0,,,169.24854082824322,1096.1517291593616,1052.3056599929782,43.846069166374136,1096.1517291593523,0.0,1.0,0.0,-0.0,0.16039238985450507,85.3777769393534,0.96,554.4850624926856,532.3056599929782,22.179402499707447,1.0,0.0,-0.0,0.16128993055555502,83.87076388888981,0.96,541.6666666666666,520.0,21.666666666666668,-0.0,0.0,-0.0,0.271,0.0,0.96,0.0,0.0,0.0,,,,332.8074496131929,1052.3056599929782,962.3056599929739,90.0,1052.3056599929737,0.0,1.0,-0.0,-0.0,0.348919564693683,170.03047875751636,0.9154621049857071,532.3056599929738,487.3056599929739,45.0,1.0,0.0,0.0,0.3426883596961611,162.77697085567652,0.9134615384615384,520.0,475.0,45.0,-0.0,0.0,-0.0,0.08724817754776784,0.0,0.8800000000000001,0.0,0.0,0.0,-0.0,0.0,-0.0,0.08724817754776784,0.0,0.8800000000000001,0.0,0.0,0.0,1.0,,,0.101,97.19287165929038,962.3056599929739,962.3056599929739,0.0,29.83147545978219,-0.0,,,133.84606916637858,0.0,57.55380974154279,2.0,599.2488621007265,0.0,0.0,0.0,68.94957407330958
152,1,153,0.07074,0.0,599.2488621007265,,,,0,0.0,1,1096.1517291593616,1096.1517291593616,0.0,175.38427666549785,36.39223740809081,0.0,,,169.24854082824322,1096.1517291593616,1052.3056599929782,43.846069166374136,1096.1517291593523,0.0,1.0,0.0,-0.0,0.16039238985450507,85.3777769393534,0.96,554.4850624926856,532.3056599929782,22.179402499707447,1.0,0.0,-0.0,0.16128993055555502,83.87076388888981,0.96,541.6666666666666,520.0,21.666666666666668,-0.0,0.0,-0.0,0.271,0.0,0.96,0.0,0.0,0.0,,,,332.8074496131929,1052.3056599929782,962.3056599929739,90.0,1052.3056599929737,0.0,1.0,-0.0,-0.0,0.348919564693683,170.03047875751636,0.9154621049857071,532.3056599929738,487.3056599929739,45.0,1.0,0.0,0.0,0.3426883596961611,162.77697085567652,0.9134615384615384,520.0,475.0,45.0,-0.0,0.0,-0.0,0.08724817754776784,0.0,0.8800000000000001,0.0,0.0,0.0,-0.0,0.0,-0.0,0.08724817754776784,0.0,0.8800000000000001,0.0,0.0,0.0,1.0,,,0.101,97.19287165929038,962.3056599929739,962.3056599929739,0.0,29.83147545978219,-0.0,,,133.84606916637858,0.0,57.55380974154279,2.0,599.2488621007265,0.0,0.0,0.0,42.39086450500539
153,1,154,0.07074,0.0,599.2488621007265,,,,0,0.0,1,1096.1517291593616,1096.1517291593616,0.0,175.38427666549785,36.39223740809081,0.0,,,169.24854082824322,1096.1517291593616,1052.3056599929782,43.846069166374136,1096.1517291593523,0.0,1.0,0.0,-0.0,0.16039238985450507,85.3777769393534,0.96,554.4850624926856,532.3056599929782,22.179402499707447,1.0,0.0,-0.0,0.16128993055555502,83.87076388888981,0.96,541.6666666666666,520.0,21.666666666666668,-0.0,0.0,-0.0,0.27099999999999996,0.0,0.96,0.0,0.0,0.0,,,,332.8074496131929,1052.3056599929782,962.3056599929739,90.0,1052.3056599929737,0.0,1.0,-0.0,-0.0,0.348919564693683,170.03047875751636,0.9154621049857071,532.3056599929738,487.3056599929739,45.0,1.0,0.0,0.0,0.3426883596961611,162.77697085567652,0.9134615384615384,520.0,475.0,45.0,-0.0,0.0,-0.0,0.08724817754776784,0.0,0.8800000000000001,0.0,0.0,0.0,-0.0,0.0,-0.0,0.08724817754776784,0.0,0.8800000000000001,0.0,0.0,0.0,1.0,,,0.101,97.19287165929038,962.3056599929739,962.3056599929739,0.0,29.83147545978219,-0.0,,,133.84606916637858,0.0,57.55380974154279,2.0,599.2488621007265,0.0,0.0,0.0,42.39086450500539
154,1,155,0.07074,0.0,599.2488621007265,,,,0,0.0,1,1096.1517291593616,1096.1517291593616,0.0,175.38427666549785,36.39223740809081,0.0,,,169.24854082824322,1096.1517291593616,1052.3056599929782,43.846069166374136,1096.1517291593523,0.0,1.0,0.0,-0.0,0.16039238985450507,85.3777769393534,0.96,554.4850624926856,532.3056599929782,22.179402499707447,1.0,0.0,-0.0,0.16128993055555502,83.87076388888981,0.96,541.6666666666666,520.0,21.666666666666668,-0.0,0.0,-0.0,0.271,0.0,0.96,0.0,0.0,0.0,,,,332.8074496131929,1052.3056599929782,962.3056599929739,90.0,1052.3056599929737,0.0,1.0,-0.0,-0.0,0.348919564693683,170.03047875751636,0.9154621049857071,532.3056599929738,487.3056599929739,45.0,1.0,0.0,0.0,0.3426883596961611,162.77697085567652,0.9134615384615384,520.0,475.0,45.0,-0.0,0.0,-0.0,0.08724817754776784,0.0,0.8800000000000001,0.0,0.0,0.0,-0.0,0.0,-0.0,0.08724817754776784,0.0,0.8800000000000001,0.0,0.0,0.0,1.0,,,0.101,97.19287165929038,962.3056599929739,962.3056599929739,0.0,29.83147545978219,-0.0,,,133.84606916637858,0.0,57.55380974154279,2.0,599.2488621007265,0.0,0.0,0.0,42.39086450500539
155,1,156,0.07074,0.0,599.2488621007265,,,,0,0.0,1,1096.1517291593616,1096.1517291593616,0.0,175.38427666549785,36.39223740809081,0.0,,,169.24854082824322,1096.1517291593616,1052.3056599929782,43.846069166374136,1096.1517291593523,0.0,1.0,0.0,-0.0,0.16039238985450507,85.3777769393534,0.96,554.4850624926856,532.3056599929782,22.179402499707447,1.0,0.0,-0.0,0.16128993055555502,83.87076388888981,0.96,541.6666666666666,520.0,21.666666666666668,-0.0,0.0,-0.0,0.271,0.0,0.96,0.0,0.0,0.0,,,,332.8074496131929,1052.3056599929782,962.3056599929739,90.0,1052.3056599929737,0.0,1.0,-0.0,-0.0,0.348919564693683,170.03047875751636,0.9154621049857071,532.3056599929738,487.3056599929739,45.0,1.0,0.0,0.0,0.3426883596961611,162.77697085567652,0.9134615384615384,520.0,475.0,45.0,-0.0,0.0,-0.0,0.08724817754776784,0.0,0.8800000000000001,0.0,0.0,0.0,-0.0,0.0,-0.0,0.08724817754776784,0.0,0.8800000000000001,0.0,0.0,0.0,1.0,,,0.101,97.19287165929038,962.3056599929739,962.3056599929739,0.0,29.83147545978219,-0.0,,,133.84606916637858,0.0,57.55380974154279,2.0,599.2488621007265,0.0,0.0,0.0,42.39086450500539
156,1,157,0.07074,0.0,599.2488621007258,,,,0,0.0,1,1096.1517291593616,1096.1517291593616,0.0,175.38427666549785,36.39223740809081,0.0,,,169.24854082824328,1096.1517291593616,1052.3056599929782,43.846069166374136,1096.1517291593523,0.0,1.0,0.0,-0.0,0.16039238985450507,85.3777769393534,0.96,554.4850624926856,532.3056599929782,22.179402499707447,1.0,0.0,-0.0,0.16128993055555496,83.8707638888899,0.96,541.6666666666666,520.0,21.666666666666668,-0.0,0.0,-0.0,0.271,0.0,0.96,0.0,0.0,0.0,,,,332.80744961319226,1052.3056599929782,962.3056599929723,90.0,1052.3056599929723,0.0,1.0,-0.0,-0.0,0.34891956469368285,170.03047875751574,0.915462104985707,532.3056599929722,487.3056599929724,45.0,1.0,0.0,0.0,0.3426883596961611,162.77697085567652,0.9134615384615384,520.0,475.0,45.0,-0.0,0.0,-0.0,0.08724817754776784,0.0,0.8800000000000001,0.0,0.0,0.0,-0.0,0.0,-0.0,0.08724817754776784,0.0,0.8800000000000001,0.0,0.0,0.0,1.0,,,0.101,97.1928716592902,962.3056599929723,962.3056599929723,0.0,29.83147545978214,-0.0,,,133.8460691663799,0.0,57.553809741543354,2.0,599.2488621007258,0.0,0.0,0.0,42.39086450500534
157,1,158,0.07074,0.0,599.248862100726,,,,0,0.0,1,1096.1517291593616,1096.1517291593616,0.0,175.38427666549785,36.39223740809081,0.0,,,169.24854082824334,1096.1517291593616,1052.3056599929782,43.846069166374136,1096.1517291593523,0.0,1.0,0.0,-0.0,0.16039238985450507,85.3777769393534,0.96,554.4850624926856,532.3056599929782,22.179402499707447,1.0,0.0,-0.0,0.16128993055555488,83.87076388888995,0.96,541.6666666666666,520.0,21.666666666666668,-0.0,0.0,-0.0,0.27099999999999996,0.0,0.96,0.0,0.0,0.0,,,,332.8074496131924,1052.3056599929782,962.3056599929726,90.0,1052.3056599929719,0.0,1.0,-0.0,-0.0,0.3489195646936826,170.03047875751554,0.915462104985707,532.3056599929719,487.3056599929721,45.0,1.0,0.0,0.0,0.3426883596961614,162.7769708556768,0.9134615384615392,520.0,475.0,45.0,-0.0,0.0,-0.0,0.08724817754776784,0.0,0.8800000000000001,0.0,0.0,0.0,-0.0,0.0,-0.0,0.08724817754776784,0.0,0.8800000000000001,0.0,0.0,0.0,1.0,,,0.101,97.19287165929023,962.3056599929726,962.3056599929726,0.0,29.831475459782148,-0.0,,,133.8460691663803,0.0,57.553809741543525,2.0,599.248862100726,0.0,0.0,0.0,42.390864505005354
158,1,159,0.07074,0.0,599.2488621007257,,,,0,0.0,1,1096.1517291593616,1096.1517291593616,0.0,175.38427666549785,36.39223740809081,0.0,,,169.24854082824334,1096.1517291593616,1052.3056599929782,43.846069166374136,1096.1517291593523,0.0,1.0,0.0,-0.0,0.16039238985450507,85.3777769393534,0.96,554.4850624926856,532.3056599929782,22.179402499707447,1.0,0.0,-0.0,0.16128993055555488,83.87076388888995,0.96,541.6666666666666,520.0,21.666666666666668,-0.0,0.0,-0.0,0.27099999999999996,0.0,0.96,0.0,0.0,0.0,,,,332.8074496131921,1052.3056599929782,962.3056599929721,90.0,1052.3056599929719,0.0,1.0,-0.0,-0.0,0.3489195646936826,170.03047875751557,0.9154621049857071,532.3056599929719,487.30565999297215,45.0,1.0,0.0,0.0,0.3426883596961611,162.77697085567652,0.9134615384615384,520.0,475.0,45.0,-0.0,0.0,-0.0,0.08724817754776784,0.0,0.8800000000000001,0.0,0.0,0.0,-0.0,0.0,-0.0,0.08724817754776784,0.0,0.8800000000000001,0.0,0.0,0.0,1.0,,,0.101,97.19287165929019,962.3056599929721,962.3056599929721,0.0,29.831475459782133,-0.0,,,133.84606916638023,0.0,57.553809741543496,2.0,599.2488621007257,0.0,0.0,0.0,42.39086450500533
159,1,160,0.07074,0.0,599.2488621007257,,,,0,0.0,1,1096.1517291593616,1096.1517291593616,0.0,175.38427666549785,36.39223740809081,0.0,,,169.24854082824334,1096.1517291593616,1052.3056599929782,43.846069166374136,1096.1517291593523,0.0,1.0,0.0,-0.0,0.16039238985450507,85.3777769393534,0.96,554.4850624926856,532.3056599929782,22.179402499707447,1.0,0.0,-0.0,0.16128993055555488,83.87076388888995,0.96,541.6666666666666,520.0,21.666666666666668,-0.0,0.0,-0.0,0.27099999999999996,0.0,0.96,0.0,0.0,0.0,,,,332.8074496131921,1052.3056599929782,962.3056599929721,90.0,1052.3056599929719,0.0,1.0,-0.0,-0.0,0.3489195646936826,170.03047875751557,0.9154621049857071,532.3056599929719,487.30565999297215,45.0,1.0,0.0,0.0,0.3426883596961611,162.77697085567652,0.9134615384615384,520.0,475.0,45.0,-0.0,0.0,-0.0,0.08724817754776784,0.0,0.8800000000000001,0.0,0.0,0.0,-0.0,0.0,-0.0,0.08724817754776784,0.0,0.8800000000000001,0.0,0.0,0.0,1.0,,,0.101,97.19287165929019,962.3056599929721,962.3056599929721,0.0,29.831475459782133,-0.0,,,133.84606916638023,0.0,57.553809741543496,2.0,599.2488621007257,0.0,0.0,0.0,42.39086450500533
160,1,161,0.07074,0.0,599.2488621007243,,,,0,0.0,1,1096.1517291593482,1096.1517291593482,0.0,175.3842766654957,36.39223740809036,0.0,,,169.24854082824174,1096.1517291593482,1052.3056599929782,43.846069166374136,1096.1517291593523,0.0,1.0,0.0,-0.0,0.160392389854505,85.37777693935334,0.96,554.4850624926856,532.3056599929782,22.179402499707447,1.0,0.0,-0.0,0.16128993055555582,83.8707638888884,0.96,541.6666666666666,520.0,21.666666666666668,-0.0,0.0,-0.0,0.27099999999999996,0.0,0.96,0.0,0.0,0.0,,,,332.8074496131924,1052.3056599929782,962.3056599929722,90.0,1052.3056599929714,0.0,1.0,-0.0,-0.0,0.3489195646936824,170.03047875751528,0.9154621049857071,532.3056599929713,487.30565999297164,45.0,1.0,0.0,0.0,0.3426883596961615,162.77697085567706,0.9134615384615397,520.0,475.0,45.0,-0.0,0.0,-0.0,0.08724817754776784,0.0,0.8800000000000001,0.0,0.0,0.0,-0.0,0.0,-0.0,0.08724817754776784,0.0,0.8800000000000001,0.0,0.0,0.0,1.0,,,0.101,97.1928716592902,962.3056599929722,962.3056599929722,0.0,29.831475459782137,-0.0,,,133.84606916638063,0.0,57.55380974154367,2.0,599.2488621007243,0.0,0.0,0.0,42.39086450500523
161,1,162,0.11566,0.0,599.2488621007242,,,,0,0.0,1,1096.1517291593482,1096.1517291593482,0.0,175.3842766654957,36.39223740809036,0.0,,,169.2485408282416,1096.1517291593482,1052.3056599929782,43.846069166374136,1096.1517291593523,0.0,1.0,0.0,-0.0,0.160392389854505,85.37777693935334,0.96,554.4850624926856,532.3056599929782,22.179402499707447,1.0,0.0,-0.0,0.16128993055555582,83.8707638888884,0.96,541.6666666666666,520.0,21.666666666666668,-0.0,0.0,-0.0,0.271,0.0,0.96,0.0,0.0,0.0,,,,332.8074496131924,1052.3056599929782,962.3056599929722,90.0,1052.3056599929714,0.0,1.0,-0.0,-0.0,0.3489195646936824,170.03047875751528,0.9154621049857071,532.3056599929713,487.30565999297164,45.0,1.0,0.0,0.0,0.3426883596961619,162.7769708556771,0.9134615384615395,520.0,475.0,45.0,-0.0,0.0,-0.0,0.08724817754776784,0.0,0.8800000000000001,0.0,0.0,0.0,-0.0,0.0,-0.0,0.08724817754776784,0.0,0.8800000000000001,0.0,0.0,0.0,1.0,,,0.101,97.1928716592902,962.3056599929722,962.3056599929722,0.0,29.831475459782137,-0.0,,,133.84606916638006,0.0,57.553809741543425,2.0,599.2488621007242,0.0,0.0,0.0,69.30912339056975
162,1,163,0.11566,0.0,599.2488621007233,,,,0,0.0,1,1096.1517291593482,1096.1517291593482,0.0,175.3842766654957,36.39223740809036,0.0,,,169.24854082824172,1096.1517291593482,1052.3056599929782,43.846069166374136,1096.1517291593523,0.0,1.0,0.0,-0.0,0.160392389854505,85.37777693935334,0.96,554.4850624926856,532.3056599929782,22.179402499707447,1.0,0.0,-0.0,0.1612899305555559,83.87076388888839,0.96,541.6666666666666,520.0,21.666666666666668,-0.0,0.0,-0.0,0.271,0.0,0.96,0.0,0.0,0.0,,,,332.80744961319147,1052.3056599929782,962.3056599929712,90.0,1052.305659992971,0.0,1.0,-0.0,-0.0,0.34891956469368224,170.03047875751503,0.9154621049857071,532.3056599929708,487.3056599929712,45.0,1.0,0.0,0.0,0.34268835969616096,162.77697085567647,0.9134615384615384,520.0,475.0,45.0,-0.0,0.0,-0.0,0.08724817754776784,0.0,0.8800000000000001,0.0,0.0,0.0,-0.0,0.0,-0.0,0.08724817754776784,0.0,0.8800000000000001,0.0,0.0,0.0,1.0,,,0.101,97.19287165929009,962.3056599929712,962.3056599929712,0.0,29.831475459782105,-0.0,,,133.84606916638108,0.0,57.553809741543866,2.0,599.2488621007233,0.0,0.0,0.0,69.30912339056965
163,1,164,0.11566,0.0,599.2488621007233,,,,0,0.0,1,1096.1517291593486,1096.1517291593486,0.0,175.38427666549578,36.392237408090374,0.0,,,169.24854082824191,1096.1517291593486,1052.3056599929782,43.846069166374136,1096.1517291593523,0.0,1.0,0.0,-0.0,0.1603923898545051,85.3777769393534,0.96,554.4850624926856,532.3056599929782,22.179402499707447,1.0,0.0,-0.0,0.16128993055555582,83.87076388888843,0.96,541.6666666666666,520.0,21.666666666666668,-0.0,0.0,-0.0,0.27099999999999996,0.0,0.96,0.0,0.0,0.0,,,,332.8074496131913,1052.3056599929782,962.3056599929708,90.0,1052.3056599929705,0.0,1.0,-0.0,-0.0,0.34891956469368207,170.03047875751483,0.915462104985707,532.3056599929705,487.30565999297085,45.0,1.0,0.0,0.0,0.34268835969616096,162.77697085567647,0.9134615384615384,520.0,475.0,45.0,-0.0,0.0,-0.0,0.08724817754776784,0.0,0.8800000000000001,0.0,0.0,0.0,-0.0,0.0,-0.0,0.08724817754776784,0.0,0.8800000000000001,0.0,0.0,0.0,1.0,,,0.101,97.19287165929006,962.3056599929708,962.3056599929708,0.0,29.831475459782094,-0.0,,,133.84606916638154,0.0,57.553809741544065,2.0,599.2488621007233,0.0,0.0,0.0,69.30912339056965
164,1,165,0.11566,0.0,599.248862100723,,,,0,0.0,1,1096.1517291593486,1096.1517291593486,0.0,175.38427666549578,36.392237408090374,0.0,,,169.24854082824191,1096.1517291593486,1052.3056599929782,43.846069166374136,1096.1517291593523,0.0,1.0,0.0,-0.0,0.1603923898545051,85.3777769393534,0.96,554.4850624926856,532.3056599929782,22.179402499707447,1.0,0.0,-0.0,0.16128993055555582,83.87076388888843,0.96,541.6666666666666,520.0,21.666666666666668,-0.0,0.0,-0.0,0.271,0.0,0.96,0.0,0.0,0.0,,,,332.8074496131911,1052.3056599929782,962.3056599929705,90.0,1052.30565999297,0.0,1.0,-0.0,-0.0,0.3489195646936819,170.03047875751466,0.9154621049857071,532.3056599929702,487.30565999297056,45.0,1.0,0.0,0.0,0.34268835969616096,162.77697085567647,0.9134615384615384,520.0,475.0,45.0,-0.0,0.0,-0.0,0.08724817754776784,0.0,0.8800000000000001,0.0,0.0,0.0,-0.0,0.0,-0.0,0.08724817754776784,0.0,0.8800000000000001,0.0,0.0,0.0,1.0,,,0.101,97.19287165929002,962.3056599929705,962.3056599929705,0.0,29.831475459782084,-0.0,,,133.84606916638194,0.0,57.553809741544235,2.0,599.248862100723,0.0,0.0,0.0,69.30912339056962
165,1,166,0.11566,0.0,599.2488621007228,,,,0,0.0,1,1096.151729159349,1096.151729159349,0.0,175.38427666549586,36.39223740809039,0.0,,,169.24854082824191,1096.151729159349,1052.3056599929782,43.846069166374136,1096.1517291593523,0.0,1.0,0.0,-0.0,0.1603923898545051,85.3777769393534,0.96,554.4850624926856,532.3056599929782,22.179402499707447,1.0,0.0,-0.0,0.16128993055555574,83.87076388888846,0.96,541.6666666666666,520.0,21.666666666666668,-0.0,0.0,-0.0,0.271,0.0,0.96,0.0,0.0,0.0,,,,332.8074496131909,1052.3056599929782,962.3056599929703,90.0,1052.3056599929698,0.0,1.0,-0.0,-0.0,0.3489195646936817,170.03047875751443,0.9154621049857071,532.3056599929698,487.3056599929703,45.0,1.0,0.0,0.0,0.3426883596961609,162.77697085567644,0.9134615384615384,520.0,475.0,45.0,0.0,0.0,-0.0,0.08724817754776784,0.0,0.8800000000000001,0.0,0.0,0.0,0.0,0.0,-0.0,0.08724817754776784,0.0,0.8800000000000001,0.0,0.0,0.0,1.0,,,0.101,97.19287165929,962.3056599929703,962.3056599929703,0.0,29.831475459782077,-0.0,,,133.8460691663821,0.0,57.553809741544306,2.0,599.2488621007228,0.0,0.0,0.0,69.3091233905696
166,1,167,0.11506,0.0,599.2488621007227,,,,0,0.0,1,1096.151729159349,1096.151729159349,0.0,175.38427666549586,36.39223740809039,0.0,,,169.24854082824186,1096.151729159349,1052.3056599929782,43.846069166374136,1096.1517291593523,0.0,1.0,0.0,0.0,0.1603923898545051,85.3777769393534,0.96,554.4850624926856,532.3056599929782,22.179402499707447,1.0,0.0,0.0,0.16128993055555574,83.87076388888846,0.96,541.6666666666666,520.0,21.666666666666668,-0.0,0.0,0.0,0.271,0.0,0.96,0.0,0.0,0.0,,,,332.80744961319084,1052.3056599929782,962.3056599929703,90.0,1052.3056599929698,0.0,1.0,0.0,-0.0,0.3489195646936817,170.03047875751443,0.9154621049857071,532.3056599929698,487.3056599929703,45.0,1.0,0.0,0.0,0.34268835969616085,162.7769708556764,0.9134615384615384,520.0,475.0,45.0,0.0,0.0,-0.0,0.08724817754776784,0.0,0.88,0.0,0.0,0.0,0.0,0.0,-0.0,0.08724817754776784,0.0,0.88,0.0,0.0,0.0,1.0,,,0.101,97.19287165929,962.3056599929703,962.3056599929703,0.0,29.831475459782077,-0.0,,,133.8460691663821,0.0,57.553809741544306,2.0,599.2488621007227,0.0,0.0,0.0,68.94957407330915
167,1,168,0.11506,0.0,0.0,,,,0,0.0,1,0.0,0.0,0.0,0.0,0.0,0.0,,,0.0,0.0,0.0,0.0,0.0,0.0,-0.0,0.0,1.0,0.271,0.0,0.96,0.0,0.0,0.0,-0.0,0.0,1.0,0.271,0.0,0.96,0.0,0.0,0.0,-0.0,0.0,0.0,0.271,0.0,0.96,0.0,0.0,0.0,,,,0.0,0.0,0.0,0.0,0.0,0.0,0.0,0.0,1.0,0.08724817754776784,0.0,0.88,0.0,0.0,0.0,0.0,0.0,1.0,0.08724817754776784,0.0,0.88,0.0,0.0,0.0,0.0,0.0,0.0,0.08724817754776784,0.0,0.88,0.0,0.0,0.0,0.0,0.0,0.0,0.08724817754776784,0.0,0.88,0.0,0.0,0.0,1.0,,,0.101,0.0,0.0,0.0,0.0,0.0,-0.0,,,0.0,0.0,0.0,0.0,0.0,0.0,0.0,0.0,0.0
