,Day,Time,LMP,bypass_pretreatment_flow,power_from_grid,intake.op_mode,intake.startup,intake.shutdown,intake.energy_intensity,intake.power_consumption,intake.recovery,intake.feed_flowrate,intake.product_flowrate,intake.reject_flowrate,intake.feed_cost,intake.chemical_cost,pretreatment.op_mode,pretreatment.startup,pretreatment.shutdown,pretreatment.power_consumption,pretreatment.feed_flowrate,pretreatment.product_flowrate,pretreatment.reject_flowrate,pretreatment.inlet_flowrate,pretreatment.leftover_flow,pretreatment.uf_pumps[1].op_mode,pretreatment.uf_pumps[1].startup,pretreatment.uf_pumps[1].shutdown,pretreatment.uf_pumps[1].energy_intensity,pretreatment.uf_pumps[1].power_consumption,pretreatment.uf_pumps[1].recovery,pretreatment.uf_pumps[1].feed_flowrate,pretreatment.uf_pumps[1].product_flowrate,pretreatment.uf_pumps[1].reject_flowrate,pretreatment.uf_pumps[2].op_mode,pretreatment.uf_pumps[2].startup,pretreatment.uf_pumps[2].shutdown,pretreatment.uf_pumps[2].energy_intensity,pretreatment.uf_pumps[2].power_consumption,pretreatment.uf_pumps[2].recovery,pretreatment.uf_pumps[2].feed_flowrate,pretreatment.uf_pumps[2].product_flowrate,pretreatment.uf_pumps[2].reject_flowrate,pretreatment.uf_pumps[3].op_mode,pretreatment.uf_pumps[3].startup,pretreatment.uf_pumps[3].shutdown,pretreatment.uf_pumps[3].energy_intensity,pretreatment.uf_pumps[3].power_consumption,pretreatment.uf_pumps[3].recovery,pretreatment.uf_pumps[3].feed_flowrate,pretreatment.uf_pumps[3].product_flowrate,pretreatment.uf_pumps[3].reject_flowrate,reverse_osmosis.op_mode,reverse_osmosis.startup,reverse_osmosis.shutdown,reverse_osmosis.power_consumption,reverse_osmosis.feed_flowrate,reverse_osmosis.product_flowrate,reverse_osmosis.reject_flowrate,reverse_osmosis.inlet_flowrate,reverse_osmosis.leftover_flow,reverse_osmosis.ro_skid[1].op_mode,reverse_osmosis.ro_skid[1].startup,reverse_osmosis.ro_skid[1].shutdown,reverse_osmosis.ro_skid[1].energy_intensity,reverse_osmosis.ro_skid[1].power_consumption,reverse_osmosis.ro_skid[1].recovery,reverse_osmosis.ro_skid[1].feed_flowrate,reverse_osmosis.ro_skid[1].product_flowrate,reverse_osmosis.ro_skid[1].reject_flowrate,reverse_osmosis.ro_skid[2].op_mode,reverse_osmosis.ro_skid[2].startup,reverse_osmosis.ro_skid[2].shutdown,reverse_osmosis.ro_skid[2].energy_intensity,reverse_osmosis.ro_skid[2].power_consumption,reverse_osmosis.ro_skid[2].recovery,reverse_osmosis.ro_skid[2].feed_flowrate,reverse_osmosis.ro_skid[2].product_flowrate,reverse_osmosis.ro_skid[2].reject_flowrate,reverse_osmosis.ro_skid[3].op_mode,reverse_osmosis.ro_skid[3].startup,reverse_osmosis.ro_skid[3].shutdown,reverse_osmosis.ro_skid[3].energy_intensity,reverse_osmosis.ro_skid[3].power_consumption,reverse_osmosis.ro_skid[3].recovery,reverse_osmosis.ro_skid[3].feed_flowrate,reverse_osmosis.ro_skid[3].product_flowrate,reverse_osmosis.ro_skid[3].reject_flowrate,reverse_osmosis.ro_skid[4].op_mode,reverse_osmosis.ro_skid[4].startup,reverse_osmosis.ro_skid[4].shutdown,reverse_osmosis.ro_skid[4].energy_intensity,reverse_osmosis.ro_skid[4].power_consumption,reverse_osmosis.ro_skid[4].recovery,reverse_osmosis.ro_skid[4].feed_flowrate,reverse_osmosis.ro_skid[4].product_flowrate,reverse_osmosis.ro_skid[4].reject_flowrate,posttreatment.op_mode,posttreatment.startup,posttreatment.shutdown,posttreatment.energy_intensity,posttreatment.power_consumption,posttreatment.feed_flowrate,posttreatment.product_flowrate,posttreatment.reject_flowrate,posttreatment.chemical_cost,brine_discharge.op_mode,brine_discharge.startup,brine_discharge.shutdown,brine_discharge.feed_flowrate,brine_discharge.power_consumption,brine_discharge.brine_cost,num_skids_online,net_power_consumption,water_revenue,demand_response_revenue,emissions_cost,energy_cost
0,1,1,0.11506,0.0,1101.6742065460726,,,,0,0.0,1,1891.487508765434,1891.487508765434,-0.0,302.63800140246946,62.79738529101241,0.0,,,284.5101503167738,1891.487508765434,1815.828008414817,75.65950035061735,1891.487508765434,0.0,1.0,0.0,0.0,0.1566560832225054,94.95754584463656,0.96,631.4093153620965,606.1529427476127,25.256372614483894,1.0,0.0,0.0,0.15669714010146069,94.77631162104879,0.96,630.0390967016689,604.8375328336022,25.201563868066728,1.0,0.0,0.0,0.15669710906839965,94.77629285108871,0.96,630.0390967016689,604.8375328336022,25.201563868066728,,,,647.5203245431446,1815.828008414817,1679.640907783706,136.1871006311112,1815.8280084148173,-2.2737367544323206e-13,1.0,0.0,0.0,0.3855607468791683,215.9046186811817,0.925,605.3790497698134,559.9756210370774,45.40342873273596,1.0,0.0,0.0,0.3855607468791682,215.9046186811815,0.925,605.379049769813,559.9756210370771,45.40342873273596,1.0,0.0,0.0,0.38541195308173437,215.7110871807813,0.925,605.0699088751909,559.6896657095516,45.380243165639286,0.0,0.0,0.0,0.08724817754776784,0.0,0.88,0.0,0.0,0.0,1.0,,,0.101,169.64373168615433,1679.640907783706,1679.640907783706,0.0,52.068868141294885,0.0,,,211.84660098172833,-1.4210854715202004e-13,91.09403842214319,3.0,1101.6742065460726,0.0,0.0,0.0,126.7586342051911
1,1,2,0.11506,0.0,1101.6742065460726,,,,0,0.0,1,1891.487508765434,1891.487508765434,-0.0,302.63800140246946,62.79738529101241,0.0,,,284.5101503167738,1891.487508765434,1815.828008414817,75.65950035061735,1891.487508765434,0.0,1.0,0.0,0.0,0.1566560832225054,94.95754584463656,0.96,631.4093153620965,606.1529427476127,25.256372614483894,1.0,0.0,0.0,0.15669714010146069,94.77631162104879,0.96,630.0390967016689,604.8375328336022,25.201563868066728,1.0,0.0,0.0,0.15669710906839965,94.77629285108871,0.96,630.0390967016689,604.8375328336022,25.201563868066728,,,,647.5203245431446,1815.828008414817,1679.640907783706,136.1871006311112,1815.8280084148173,-2.2737367544323206e-13,1.0,0.0,0.0,0.3855607468791683,215.9046186811817,0.925,605.3790497698134,559.9756210370774,45.40342873273596,1.0,0.0,0.0,0.3855607468791682,215.9046186811815,0.925,605.379049769813,559.9756210370771,45.40342873273596,1.0,0.0,0.0,0.38541195308173437,215.7110871807813,0.925,605.0699088751909,559.6896657095516,45.380243165639286,0.0,0.0,0.0,0.08724817754776784,0.0,0.88,0.0,0.0,0.0,1.0,,,0.101,169.64373168615433,1679.640907783706,1679.640907783706,0.0,52.068868141294885,0.0,,,211.84660098172833,-1.4210854715202004e-13,91.09403842214319,3.0,1101.6742065460726,0.0,0.0,0.0,126.7586342051911
2,1,3,0.11506,0.0,1101.6742065460726,,,,0,0.0,1,1891.487508765434,1891.487508765434,-0.0,302.63800140246946,62.79738529101241,0.0,,,284.5101503167738,1891.487508765434,1815.828008414817,75.65950035061735,1891.487508765434,0.0,1.0,0.0,0.0,0.1566560832225054,94.95754584463656,0.96,631.4093153620965,606.1529427476127,25.256372614483894,1.0,0.0,0.0,0.15669714010146069,94.77631162104879,0.96,630.0390967016689,604.8375328336022,25.201563868066728,1.0,0.0,0.0,0.15669710906839965,94.77629285108871,0.96,630.0390967016689,604.8375328336022,25.201563868066728,,,,647.5203245431446,1815.828008414817,1679.640907783706,136.1871006311112,1815.8280084148173,-2.2737367544323206e-13,1.0,0.0,0.0,0.3855607468791683,215.9046186811817,0.925,605.3790497698134,559.9756210370774,45.40342873273596,1.0,0.0,0.0,0.3855607468791682,215.9046186811815,0.925,605.379049769813,559.9756210370771,45.40342873273596,1.0,0.0,0.0,0.38541195308173437,215.7110871807813,0.925,605.0699088751909,559.6896657095516,45.380243165639286,0.0,0.0,0.0,0.08724817754776787,0.0,0.8800000000000001,0.0,0.0,0.0,1.0,,,0.101,169.64373168615433,1679.640907783706,1679.640907783706,0.0,52.068868141294885,0.0,,,211.84660098172833,-1.4210854715202004e-13,91.09403842214319,3.0,1101.6742065460726,0.0,0.0,0.0,126.7586342051911
3,1,4,0.11506,0.0,1101.6742065460726,,,,0,0.0,1,1891.487508765434,1891.487508765434,-0.0,302.63800140246946,62.79738529101241,0.0,,,284.5101503167738,1891.487508765434,1815.828008414817,75.65950035061735,1891.487508765434,0.0,1.0,0.0,0.0,0.1566560832225054,94.95754584463656,0.96,631.4093153620965,606.1529427476127,25.256372614483894,1.0,0.0,0.0,0.15669714010146069,94.77631162104879,0.96,630.0390967016689,604.8375328336022,25.201563868066728,1.0,0.0,0.0,0.15669710906839965,94.77629285108871,0.96,630.0390967016689,604.8375328336022,25.201563868066728,,,,647.5203245431446,1815.828008414817,1679.640907783706,136.1871006311112,1815.8280084148173,-2.2737367544323206e-13,1.0,0.0,0.0,0.3855607468791683,215.9046186811817,0.925,605.3790497698134,559.9756210370774,45.40342873273596,1.0,0.0,0.0,0.3855607468791682,215.9046186811815,0.925,605.379049769813,559.9756210370771,45.40342873273596,1.0,0.0,0.0,0.38541195308173437,215.7110871807813,0.925,605.0699088751909,559.6896657095516,45.380243165639286,0.0,0.0,0.0,0.08724817754776787,0.0,0.8800000000000001,0.0,0.0,0.0,1.0,,,0.101,169.64373168615433,1679.640907783706,1679.640907783706,0.0,52.068868141294885,0.0,,,211.84660098172833,-1.4210854715202004e-13,91.09403842214319,3.0,1101.6742065460726,0.0,0.0,0.0,126.7586342051911
4,1,5,0.11506,0.0,1101.6742065460726,,,,0,0.0,1,1891.487508765434,1891.487508765434,-0.0,302.63800140246946,62.79738529101241,0.0,,,284.5101503167738,1891.487508765434,1815.828008414817,75.65950035061735,1891.487508765434,0.0,1.0,0.0,0.0,0.1566560832225054,94.95754584463656,0.96,631.4093153620965,606.1529427476127,25.256372614483894,1.0,0.0,0.0,0.15669714010146069,94.77631162104879,0.96,630.0390967016689,604.8375328336022,25.201563868066728,1.0,0.0,0.0,0.15669710906839965,94.77629285108871,0.96,630.0390967016689,604.8375328336022,25.201563868066728,,,,647.5203245431446,1815.828008414817,1679.640907783706,136.1871006311112,1815.8280084148173,-2.2737367544323206e-13,1.0,0.0,0.0,0.3855607468791683,215.9046186811817,0.925,605.3790497698134,559.9756210370774,45.40342873273596,1.0,0.0,0.0,0.3855607468791682,215.9046186811815,0.925,605.379049769813,559.9756210370771,45.40342873273596,1.0,0.0,0.0,0.38541195308173437,215.7110871807813,0.925,605.0699088751909,559.6896657095516,45.380243165639286,0.0,0.0,0.0,0.08724817754776784,0.0,0.88,0.0,0.0,0.0,1.0,,,0.101,169.64373168615433,1679.640907783706,1679.640907783706,0.0,52.068868141294885,0.0,,,211.84660098172833,-1.4210854715202004e-13,91.09403842214319,3.0,1101.6742065460726,0.0,0.0,0.0,126.7586342051911
5,1,6,0.11506,0.0,1101.6742065460726,,,,0,0.0,1,1891.487508765434,1891.487508765434,-0.0,302.63800140246946,62.79738529101241,0.0,,,284.5101503167738,1891.487508765434,1815.828008414817,75.65950035061735,1891.487508765434,0.0,1.0,0.0,0.0,0.1566560832225054,94.95754584463656,0.96,631.4093153620965,606.1529427476127,25.256372614483894,1.0,0.0,0.0,0.15669714010146069,94.77631162104879,0.96,630.0390967016689,604.8375328336022,25.201563868066728,1.0,0.0,0.0,0.15669710906839965,94.77629285108871,0.96,630.0390967016689,604.8375328336022,25.201563868066728,,,,647.5203245431446,1815.828008414817,1679.640907783706,136.1871006311112,1815.8280084148173,-2.2737367544323206e-13,1.0,0.0,0.0,0.3855607468791683,215.9046186811817,0.925,605.3790497698134,559.9756210370774,45.40342873273596,1.0,0.0,0.0,0.3855607468791682,215.9046186811815,0.925,605.379049769813,559.9756210370771,45.40342873273596,1.0,0.0,0.0,0.38541195308173437,215.7110871807813,0.925,605.0699088751909,559.6896657095516,45.380243165639286,0.0,0.0,0.0,0.08724817754776784,0.0,0.88,0.0,0.0,0.0,1.0,,,0.101,169.64373168615433,1679.640907783706,1679.640907783706,0.0,52.068868141294885,0.0,,,211.84660098172833,-1.4210854715202004e-13,91.09403842214319,3.0,1101.6742065460726,0.0,0.0,0.0,126.7586342051911
6,1,7,0.11506,0.0,1101.6742065460726,,,,0,0.0,1,1891.487508765434,1891.487508765434,-0.0,302.63800140246946,62.79738529101241,0.0,,,284.5101503167738,1891.487508765434,1815.828008414817,75.65950035061735,1891.487508765434,0.0,1.0,0.0,0.0,0.1566560832225054,94.95754584463656,0.96,631.4093153620965,606.1529427476127,25.256372614483894,1.0,0.0,0.0,0.15669714010146069,94.77631162104879,0.96,630.0390967016689,604.8375328336022,25.201563868066728,1.0,0.0,0.0,0.15669710906839965,94.77629285108871,0.96,630.0390967016689,604.8375328336022,25.201563868066728,,,,647.5203245431446,1815.828008414817,1679.640907783706,136.1871006311112,1815.8280084148173,-2.2737367544323206e-13,1.0,0.0,0.0,0.3855607468791683,215.9046186811817,0.925,605.3790497698134,559.9756210370774,45.40342873273596,1.0,0.0,0.0,0.3855607468791682,215.9046186811815,0.925,605.379049769813,559.9756210370771,45.40342873273596,1.0,0.0,0.0,0.38541195308173437,215.7110871807813,0.925,605.0699088751909,559.6896657095516,45.380243165639286,0.0,0.0,0.0,0.08724817754776784,0.0,0.88,0.0,0.0,0.0,1.0,,,0.101,169.64373168615433,1679.640907783706,1679.640907783706,0.0,52.068868141294885,0.0,,,211.84660098172833,-1.4210854715202004e-13,91.09403842214319,3.0,1101.6742065460726,0.0,0.0,0.0,126.7586342051911
7,1,8,0.11506,0.0,1101.6742065460726,,,,0,0.0,1,1891.487508765434,1891.487508765434,-0.0,302.63800140246946,62.79738529101241,0.0,,,284.5101503167738,1891.487508765434,1815.828008414817,75.65950035061735,1891.487508765434,0.0,1.0,0.0,0.0,0.1566560832225054,94.95754584463656,0.96,631.4093153620965,606.1529427476127,25.256372614483894,1.0,0.0,0.0,0.15669714010146069,94.77631162104879,0.96,630.0390967016689,604.8375328336022,25.201563868066728,1.0,0.0,0.0,0.15669710906839965,94.77629285108871,0.96,630.0390967016689,604.8375328336022,25.201563868066728,,,,647.5203245431446,1815.828008414817,1679.640907783706,136.1871006311112,1815.8280084148173,-2.2737367544323206e-13,1.0,0.0,0.0,0.3855607468791683,215.9046186811817,0.925,605.3790497698134,559.9756210370774,45.40342873273596,1.0,0.0,0.0,0.3855607468791682,215.9046186811815,0.925,605.379049769813,559.9756210370771,45.40342873273596,1.0,0.0,0.0,0.38541195308173437,215.7110871807813,0.925,605.0699088751909,559.6896657095516,45.380243165639286,0.0,0.0,0.0,0.08724817754776784,0.0,0.88,0.0,0.0,0.0,1.0,,,0.101,169.64373168615433,1679.640907783706,1679.640907783706,0.0,52.068868141294885,0.0,,,211.84660098172833,-1.4210854715202004e-13,91.09403842214319,3.0,1101.6742065460726,0.0,0.0,0.0,126.7586342051911
8,1,9,0.07074,0.0,1101.6742065460728,,,,0,0.0,1,1891.487508765434,1891.487508765434,-0.0,302.63800140246946,62.79738529101241,0.0,,,284.5101503167739,1891.487508765434,1815.828008414817,75.65950035061735,1891.487508765434,0.0,1.0,0.0,0.0,0.1566560832225054,94.95754584463656,0.96,631.4093153620965,606.1529427476127,25.256372614483894,1.0,0.0,0.0,0.15669714010146069,94.77631162104879,0.96,630.0390967016689,604.8375328336022,25.201563868066728,1.0,0.0,0.0,0.15669710906839965,94.77629285108871,0.96,630.0390967016689,604.8375328336022,25.201563868066728,,,,647.5203245431446,1815.828008414817,1679.640907783706,136.1871006311112,1815.8280084148173,-2.2737367544323206e-13,1.0,0.0,0.0,0.3855607468791683,215.9046186811817,0.925,605.3790497698134,559.9756210370774,45.40342873273596,1.0,0.0,0.0,0.3855607468791682,215.9046186811815,0.925,605.379049769813,559.9756210370771,45.40342873273596,1.0,0.0,0.0,0.38541195308173437,215.7110871807813,0.925,605.0699088751909,559.6896657095516,45.380243165639286,0.0,0.0,0.0,0.08724817754776787,0.0,0.8800000000000001,0.0,0.0,0.0,1.0,,,0.101,169.64373168615433,1679.640907783706,1679.640907783706,0.0,52.068868141294885,0.0,,,211.84660098172833,-2.842170943040401e-14,91.09403842214319,3.0,1101.6742065460728,0.0,0.0,0.0,77.9324333710692
9,1,10,0.07074,0.0,1101.6742065460728,,,,0,0.0,1,1891.487508765434,1891.487508765434,-0.0,302.63800140246946,62.79738529101241,0.0,,,284.5101503167739,1891.487508765434,1815.828008414817,75.65950035061735,1891.487508765434,0.0,1.0,0.0,0.0,0.1566560832225054,94.95754584463656,0.96,631.4093153620965,606.1529427476127,25.256372614483894,1.0,0.0,0.0,0.15669714010146069,94.77631162104879,0.96,630.0390967016689,604.8375328336022,25.201563868066728,1.0,0.0,0.0,0.15669710906839965,94.77629285108871,0.96,630.0390967016689,604.8375328336022,25.201563868066728,,,,647.5203245431446,1815.828008414817,1679.640907783706,136.1871006311112,1815.8280084148173,-2.2737367544323206e-13,1.0,0.0,0.0,0.3855607468791683,215.9046186811817,0.925,605.3790497698134,559.9756210370774,45.40342873273596,1.0,0.0,0.0,0.3855607468791682,215.9046186811815,0.925,605.379049769813,559.9756210370771,45.40342873273596,1.0,0.0,0.0,0.38541195308173437,215.7110871807813,0.925,605.0699088751909,559.6896657095516,45.380243165639286,0.0,0.0,0.0,0.08724817754776784,0.0,0.88,0.0,0.0,0.0,1.0,,,0.101,169.64373168615433,1679.640907783706,1679.640907783706,0.0,52.068868141294885,0.0,,,211.84660098172833,-2.842170943040401e-14,91.09403842214319,3.0,1101.6742065460728,0.0,0.0,0.0,77.9324333710692
10,1,11,0.07074,0.0,1101.6742065460728,,,,0,0.0,1,1891.487508765434,1891.487508765434,-0.0,302.63800140246946,62.79738529101241,0.0,,,284.5101503167739,1891.487508765434,1815.828008414817,75.65950035061735,1891.487508765434,0.0,1.0,0.0,0.0,0.1566560832225054,94.95754584463656,0.96,631.4093153620965,606.1529427476127,25.256372614483894,1.0,0.0,0.0,0.15669714010146069,94.77631162104879,0.96,630.0390967016689,604.8375328336022,25.201563868066728,1.0,0.0,0.0,0.15669710906839965,94.77629285108871,0.96,630.0390967016689,604.8375328336022,25.201563868066728,,,,647.5203245431446,1815.828008414817,1679.640907783706,136.1871006311112,1815.8280084148173,-2.2737367544323206e-13,1.0,0.0,0.0,0.3855607468791683,215.9046186811817,0.925,605.3790497698134,559.9756210370774,45.40342873273596,1.0,0.0,0.0,0.3855607468791682,215.9046186811815,0.925,605.379049769813,559.9756210370771,45.40342873273596,1.0,0.0,0.0,0.38541195308173437,215.7110871807813,0.925,605.0699088751909,559.6896657095516,45.380243165639286,0.0,0.0,0.0,0.08724817754776784,0.0,0.88,0.0,0.0,0.0,1.0,,,0.101,169.64373168615433,1679.640907783706,1679.640907783706,0.0,52.068868141294885,0.0,,,211.84660098172833,-2.842170943040401e-14,91.09403842214319,3.0,1101.6742065460728,0.0,0.0,0.0,77.9324333710692
11,1,12,0.07074,0.0,1101.6742065460728,,,,0,0.0,1,1891.487508765434,1891.487508765434,-0.0,302.63800140246946,62.79738529101241,0.0,,,284.5101503167739,1891.487508765434,1815.828008414817,75.65950035061735,1891.487508765434,0.0,1.0,0.0,0.0,0.1566560832225054,94.95754584463656,0.96,631.4093153620965,606.1529427476127,25.256372614483894,1.0,0.0,0.0,0.15669714010146069,94.77631162104879,0.96,630.0390967016689,604.8375328336022,25.201563868066728,1.0,0.0,0.0,0.15669710906839965,94.77629285108871,0.96,630.0390967016689,604.8375328336022,25.201563868066728,,,,647.5203245431446,1815.828008414817,1679.640907783706,136.1871006311112,1815.8280084148173,-2.2737367544323206e-13,1.0,0.0,0.0,0.3855607468791683,215.9046186811817,0.925,605.3790497698134,559.9756210370774,45.40342873273596,1.0,0.0,0.0,0.3855607468791682,215.9046186811815,0.925,605.379049769813,559.9756210370771,45.40342873273596,1.0,0.0,0.0,0.38541195308173437,215.7110871807813,0.925,605.0699088751909,559.6896657095516,45.380243165639286,0.0,0.0,0.0,0.08724817754776787,0.0,0.8800000000000001,0.0,0.0,0.0,1.0,,,0.101,169.64373168615433,1679.640907783706,1679.640907783706,0.0,52.068868141294885,0.0,,,211.84660098172833,-2.842170943040401e-14,91.09403842214319,3.0,1101.6742065460728,0.0,0.0,0.0,77.9324333710692
12,1,13,0.07074,0.0,1101.6742065460728,,,,0,0.0,1,1891.487508765434,1891.487508765434,-0.0,302.63800140246946,62.79738529101241,0.0,,,284.5101503167739,1891.487508765434,1815.828008414817,75.65950035061735,1891.487508765434,0.0,1.0,0.0,0.0,0.1566560832225054,94.95754584463656,0.96,631.4093153620965,606.1529427476127,25.256372614483894,1.0,0.0,0.0,0.15669714010146069,94.77631162104879,0.96,630.0390967016689,604.8375328336022,25.201563868066728,1.0,0.0,0.0,0.15669710906839965,94.77629285108871,0.96,630.0390967016689,604.8375328336022,25.201563868066728,,,,647.5203245431446,1815.828008414817,1679.640907783706,136.1871006311112,1815.8280084148173,-2.2737367544323206e-13,1.0,0.0,0.0,0.3855607468791683,215.9046186811817,0.925,605.3790497698134,559.9756210370774,45.40342873273596,1.0,0.0,0.0,0.3855607468791682,215.9046186811815,0.925,605.379049769813,559.9756210370771,45.40342873273596,1.0,0.0,0.0,0.38541195308173437,215.7110871807813,0.925,605.0699088751909,559.6896657095516,45.380243165639286,0.0,0.0,0.0,0.08724817754776784,0.0,0.88,0.0,0.0,0.0,1.0,,,0.101,169.64373168615433,1679.640907783706,1679.640907783706,0.0,52.068868141294885,0.0,,,211.84660098172833,-2.842170943040401e-14,91.09403842214319,3.0,1101.6742065460728,0.0,0.0,0.0,77.9324333710692
13,1,14,0.07074,0.0,1101.6742065460728,,,,0,0.0,1,1891.487508765434,1891.487508765434,-0.0,302.63800140246946,62.79738529101241,0.0,,,284.5101503167739,1891.487508765434,1815.828008414817,75.65950035061735,1891.487508765434,0.0,1.0,0.0,0.0,0.1566560832225054,94.95754584463656,0.96,631.4093153620965,606.1529427476127,25.256372614483894,1.0,0.0,0.0,0.15669714010146069,94.77631162104879,0.96,630.0390967016689,604.8375328336022,25.201563868066728,1.0,0.0,0.0,0.15669710906839965,94.77629285108871,0.96,630.0390967016689,604.8375328336022,25.201563868066728,,,,647.5203245431446,1815.828008414817,1679.640907783706,136.1871006311112,1815.8280084148173,-2.2737367544323206e-13,1.0,0.0,0.0,0.3855607468791683,215.9046186811817,0.925,605.3790497698134,559.9756210370774,45.40342873273596,1.0,0.0,0.0,0.3855607468791682,215.9046186811815,0.925,605.379049769813,559.9756210370771,45.40342873273596,1.0,0.0,0.0,0.38541195308173437,215.7110871807813,0.925,605.0699088751909,559.6896657095516,45.380243165639286,0.0,0.0,0.0,0.08724817754776787,0.0,0.8800000000000001,0.0,0.0,0.0,1.0,,,0.101,169.64373168615433,1679.640907783706,1679.640907783706,0.0,52.068868141294885,0.0,,,211.84660098172833,-2.842170943040401e-14,91.09403842214319,3.0,1101.6742065460728,0.0,0.0,0.0,77.9324333710692
14,1,15,0.07074,0.0,1101.6742065460728,,,,0,0.0,1,1891.487508765434,1891.487508765434,-0.0,302.63800140246946,62.79738529101241,0.0,,,284.5101503167739,1891.487508765434,1815.828008414817,75.65950035061735,1891.487508765434,0.0,1.0,0.0,0.0,0.1566560832225054,94.95754584463656,0.96,631.4093153620965,606.1529427476127,25.256372614483894,1.0,0.0,0.0,0.15669714010146069,94.77631162104879,0.96,630.0390967016689,604.8375328336022,25.201563868066728,1.0,0.0,0.0,0.15669710906839965,94.77629285108871,0.96,630.0390967016689,604.8375328336022,25.201563868066728,,,,647.5203245431446,1815.828008414817,1679.640907783706,136.1871006311112,1815.8280084148173,-2.2737367544323206e-13,1.0,0.0,0.0,0.3855607468791683,215.9046186811817,0.925,605.3790497698134,559.9756210370774,45.40342873273596,1.0,0.0,0.0,0.3855607468791682,215.9046186811815,0.925,605.379049769813,559.9756210370771,45.40342873273596,1.0,0.0,0.0,0.38541195308173437,215.7110871807813,0.925,605.0699088751909,559.6896657095516,45.380243165639286,0.0,0.0,0.0,0.08724817754776784,0.0,0.88,0.0,0.0,0.0,1.0,,,0.101,169.64373168615433,1679.640907783706,1679.640907783706,0.0,52.068868141294885,0.0,,,211.84660098172833,-2.842170943040401e-14,91.09403842214319,3.0,1101.6742065460728,0.0,0.0,0.0,77.9324333710692
15,1,16,0.07074,0.0,1101.6742065460726,,,,0,0.0,1,1891.487508765434,1891.487508765434,-0.0,302.63800140246946,62.79738529101241,0.0,,,284.5101503167738,1891.487508765434,1815.828008414817,75.65950035061735,1891.487508765434,0.0,1.0,0.0,0.0,0.1566560832225054,94.95754584463656,0.96,631.4093153620965,606.1529427476127,25.256372614483894,1.0,0.0,0.0,0.15669714010146069,94.77631162104879,0.96,630.0390967016689,604.8375328336022,25.201563868066728,1.0,0.0,0.0,0.15669710906839965,94.77629285108871,0.96,630.0390967016689,604.8375328336022,25.201563868066728,,,,647.5203245431446,1815.828008414817,1679.640907783706,136.1871006311112,1815.8280084148173,-2.2737367544323206e-13,1.0,0.0,0.0,0.3855607468791683,215.9046186811817,0.925,605.3790497698134,559.9756210370774,45.40342873273596,1.0,0.0,0.0,0.3855607468791682,215.9046186811815,0.925,605.379049769813,559.9756210370771,45.40342873273596,1.0,0.0,0.0,0.38541195308173437,215.7110871807813,0.925,605.0699088751909,559.6896657095516,45.380243165639286,0.0,0.0,0.0,0.08724817754776784,0.0,0.88,0.0,0.0,0.0,1.0,,,0.101,169.64373168615433,1679.640907783706,1679.640907783706,0.0,52.068868141294885,0.0,,,211.84660098172833,-1.4210854715202004e-13,91.09403842214319,3.0,1101.6742065460726,0.0,0.0,0.0,77.93243337106917
16,1,17,0.07074,0.0,1101.6739458990405,,,,0,0.0,1,1891.487508765434,1891.487508765434,-0.0,302.63800140246946,62.79738529101241,0.0,,,284.5101503167739,1891.487508765434,1815.828008414817,75.65950035061735,1891.487508765434,0.0,1.0,0.0,0.0,0.1566560832225054,94.95754584463656,0.96,631.4093153620965,606.1529427476127,25.256372614483894,1.0,0.0,0.0,0.15669714010146069,94.77631162104879,0.96,630.0390967016689,604.8375328336022,25.201563868066728,1.0,0.0,0.0,0.15669710906839965,94.77629285108871,0.96,630.0390967016689,604.8375328336022,25.201563868066728,,,,647.5201057508385,1815.828008414817,1679.6404933804756,136.1875150343417,1815.8280084148173,-2.2737367544323206e-13,1.0,0.0,0.0,0.3855607468791683,215.9046186811817,0.925,605.3790497698134,559.9756210370774,45.40342873273596,1.0,0.0,0.0,0.3855607468791682,215.9046186811815,0.925,605.379049769813,559.9756210370771,45.40342873273596,1.0,0.0,0.0,0.38541184752968466,215.7108683884752,0.9249993151151225,605.0699088751909,559.6892513063211,45.380657568869765,0.0,0.0,0.0,0.08724817754776787,0.0,0.8800000000000001,0.0,0.0,0.0,1.0,,,0.101,169.64368983142805,1679.6404933804756,1679.6404933804756,0.0,52.068855294794744,0.0,,,211.8470153849588,5.684341886080802e-14,91.09421661553229,3.0,1101.6739458990405,0.0,0.0,0.0,77.93241493289813
17,1,18,0.11566,0.0,1101.6742065460728,,,,0,0.0,1,1891.487508765434,1891.487508765434,-0.0,302.63800140246946,62.79738529101241,0.0,,,284.5101503167739,1891.487508765434,1815.828008414817,75.65950035061735,1891.487508765434,0.0,1.0,0.0,0.0,0.1566560832225054,94.95754584463656,0.96,631.4093153620965,606.1529427476127,25.256372614483894,1.0,0.0,0.0,0.15669714010146069,94.77631162104879,0.96,630.0390967016689,604.8375328336022,25.201563868066728,1.0,0.0,0.0,0.15669710906839965,94.77629285108871,0.96,630.0390967016689,604.8375328336022,25.201563868066728,,,,647.5203245431446,1815.828008414817,1679.640907783706,136.1871006311112,1815.8280084148173,-2.2737367544323206e-13,1.0,0.0,0.0,0.3855607468791683,215.9046186811817,0.925,605.3790497698134,559.9756210370774,45.40342873273596,1.0,0.0,0.0,0.3855607468791682,215.9046186811815,0.925,605.379049769813,559.9756210370771,45.40342873273596,1.0,0.0,0.0,0.38541195308173437,215.7110871807813,0.925,605.0699088751909,559.6896657095516,45.380243165639286,0.0,0.0,0.0,0.08724817754776787,0.0,0.8800000000000001,0.0,0.0,0.0,1.0,,,0.101,169.64373168615433,1679.640907783706,1679.640907783706,0.0,52.068868141294885,0.0,,,211.84660098172833,-2.842170943040401e-14,91.09403842214319,3.0,1101.6742065460728,0.0,0.0,0.0,127.41963872911877
18,1,19,0.11566,0.0,1101.6737049271242,,,,0,0.0,1,1891.487508765434,1891.487508765434,-0.0,302.63800140246946,62.79738529101241,0.0,,,284.510150316774,1891.487508765434,1815.828008414817,75.65950035061735,1891.487508765434,0.0,1.0,0.0,0.0,0.1566560832225054,94.95754584463656,0.96,631.4093153620965,606.1529427476127,25.256372614483894,1.0,0.0,0.0,0.15669714010146069,94.77631162104879,0.96,630.0390967016689,604.8375328336022,25.201563868066728,1.0,0.0,0.0,0.15669710906839965,94.77629285108871,0.96,630.0390967016689,604.8375328336022,25.201563868066728,,,,647.5199034551778,1815.828008414817,1679.6401104472516,136.18789796756596,1815.8280084148173,-2.2737367544323206e-13,1.0,0.0,0.0,0.38556054389445726,215.9041975932149,0.9249986829136968,605.3790497698134,559.9748237006227,45.40422606919071,1.0,0.0,0.0,0.3855607468791682,215.9046186811815,0.925,605.379049769813,559.9756210370771,45.40342873273596,1.0,0.0,0.0,0.38541195308173437,215.7110871807813,0.925,605.0699088751909,559.6896657095516,45.380243165639286,0.0,0.0,0.0,0.08724817754776787,0.0,0.8800000000000001,0.0,0.0,0.0,1.0,,,0.101,169.64365115517242,1679.6401104472516,1679.6401104472516,0.0,52.0688434238648,0.0,,,211.84739831818308,-2.842170943040401e-14,91.09438127681872,3.0,1101.6737049271242,0.0,0.0,0.0,127.41958071187118
19,1,20,0.11566,0.0,1101.6742065460728,,,,0,0.0,1,1891.487508765434,1891.487508765434,-0.0,302.63800140246946,62.79738529101241,0.0,,,284.5101503167739,1891.487508765434,1815.828008414817,75.65950035061735,1891.487508765434,0.0,1.0,0.0,0.0,0.1566560832225054,94.95754584463656,0.96,631.4093153620965,606.1529427476127,25.256372614483894,1.0,0.0,0.0,0.15669714010146069,94.77631162104879,0.96,630.0390967016689,604.8375328336022,25.201563868066728,1.0,0.0,0.0,0.15669710906839965,94.77629285108871,0.96,630.0390967016689,604.8375328336022,25.201563868066728,,,,647.5203245431446,1815.828008414817,1679.640907783706,136.1871006311112,1815.8280084148173,-2.2737367544323206e-13,1.0,0.0,0.0,0.3855607468791683,215.9046186811817,0.925,605.3790497698134,559.9756210370774,45.40342873273596,1.0,0.0,0.0,0.3855607468791682,215.9046186811815,0.925,605.379049769813,559.9756210370771,45.40342873273596,1.0,0.0,0.0,0.38541195308173437,215.7110871807813,0.925,605.0699088751909,559.6896657095516,45.380243165639286,0.0,0.0,0.0,0.08724817754776784,0.0,0.88,0.0,0.0,0.0,1.0,,,0.101,169.64373168615433,1679.640907783706,1679.640907783706,0.0,52.068868141294885,0.0,,,211.84660098172833,-2.842170943040401e-14,91.09403842214319,3.0,1101.6742065460728,0.0,0.0,0.0,127.41963872911877
20,1,21,0.11566,0.0,1101.6742065460728,,,,0,0.0,1,1891.487508765434,1891.487508765434,-0.0,302.63800140246946,62.79738529101241,0.0,,,284.5101503167739,1891.487508765434,1815.828008414817,75.65950035061735,1891.487508765434,0.0,1.0,0.0,0.0,0.1566560832225054,94.95754584463656,0.96,631.4093153620965,606.1529427476127,25.256372614483894,1.0,0.0,0.0,0.15669714010146069,94.77631162104879,0.96,630.0390967016689,604.8375328336022,25.201563868066728,1.0,0.0,0.0,0.15669710906839965,94.77629285108871,0.96,630.0390967016689,604.8375328336022,25.201563868066728,,,,647.5203245431446,1815.828008414817,1679.640907783706,136.1871006311112,1815.8280084148173,-2.2737367544323206e-13,1.0,0.0,0.0,0.3855607468791683,215.9046186811817,0.925,605.3790497698134,559.9756210370774,45.40342873273596,1.0,0.0,0.0,0.3855607468791682,215.9046186811815,0.925,605.379049769813,559.9756210370771,45.40342873273596,1.0,0.0,0.0,0.38541195308173437,215.7110871807813,0.925,605.0699088751909,559.6896657095516,45.380243165639286,0.0,0.0,0.0,0.08724817754776784,0.0,0.88,0.0,0.0,0.0,1.0,,,0.101,169.64373168615433,1679.640907783706,1679.640907783706,0.0,52.068868141294885,0.0,,,211.84660098172833,-2.842170943040401e-14,91.09403842214319,3.0,1101.6742065460728,0.0,0.0,0.0,127.41963872911877
21,1,22,0.11566,0.0,1101.6742065460728,,,,0,0.0,1,1891.487508765434,1891.487508765434,-0.0,302.63800140246946,62.79738529101241,0.0,,,284.5101503167739,1891.487508765434,1815.828008414817,75.65950035061735,1891.487508765434,0.0,1.0,0.0,0.0,0.1566560832225054,94.95754584463656,0.96,631.4093153620965,606.1529427476127,25.256372614483894,1.0,0.0,0.0,0.15669714010146069,94.77631162104879,0.96,630.0390967016689,604.8375328336022,25.201563868066728,1.0,0.0,0.0,0.15669710906839965,94.77629285108871,0.96,630.0390967016689,604.8375328336022,25.201563868066728,,,,647.5203245431446,1815.828008414817,1679.640907783706,136.1871006311112,1815.8280084148173,-2.2737367544323206e-13,1.0,0.0,0.0,0.3855607468791683,215.9046186811817,0.925,605.3790497698134,559.9756210370774,45.40342873273596,1.0,0.0,0.0,0.3855607468791682,215.9046186811815,0.925,605.379049769813,559.9756210370771,45.40342873273596,1.0,0.0,0.0,0.38541195308173437,215.7110871807813,0.925,605.0699088751909,559.6896657095516,45.380243165639286,0.0,0.0,0.0,0.08724817754776784,0.0,0.88,0.0,0.0,0.0,1.0,,,0.101,169.64373168615433,1679.640907783706,1679.640907783706,0.0,52.068868141294885,0.0,,,211.84660098172833,-2.842170943040401e-14,91.09403842214319,3.0,1101.6742065460728,0.0,0.0,0.0,127.41963872911877
22,1,23,0.11506,0.0,1101.6742065460726,,,,0,0.0,1,1891.487508765434,1891.487508765434,-0.0,302.63800140246946,62.79738529101241,0.0,,,284.5101503167738,1891.487508765434,1815.828008414817,75.65950035061735,1891.487508765434,0.0,1.0,0.0,0.0,0.1566560832225054,94.95754584463656,0.96,631.4093153620965,606.1529427476127,25.256372614483894,1.0,0.0,0.0,0.15669714010146069,94.77631162104879,0.96,630.0390967016689,604.8375328336022,25.201563868066728,1.0,0.0,0.0,0.15669710906839965,94.77629285108871,0.96,630.0390967016689,604.8375328336022,25.201563868066728,,,,647.5203245431446,1815.828008414817,1679.640907783706,136.1871006311112,1815.8280084148173,-2.2737367544323206e-13,1.0,0.0,0.0,0.3855607468791683,215.9046186811817,0.925,605.3790497698134,559.9756210370774,45.40342873273596,1.0,0.0,0.0,0.3855607468791682,215.9046186811815,0.925,605.379049769813,559.9756210370771,45.40342873273596,1.0,0.0,0.0,0.38541195308173437,215.7110871807813,0.925,605.0699088751909,559.6896657095516,45.380243165639286,0.0,0.0,0.0,0.08724817754776784,0.0,0.88,0.0,0.0,0.0,1.0,,,0.101,169.64373168615433,1679.640907783706,1679.640907783706,0.0,52.068868141294885,0.0,,,211.84660098172833,-1.4210854715202004e-13,91.09403842214319,3.0,1101.6742065460726,0.0,0.0,0.0,126.7586342051911
23,1,24,0.11506,0.0,1101.6742065460726,,,,0,0.0,1,1891.487508765434,1891.487508765434,-0.0,302.63800140246946,62.79738529101241,0.0,,,284.5101503167738,1891.487508765434,1815.828008414817,75.65950035061735,1891.487508765434,0.0,1.0,0.0,0.0,0.1566560832225054,94.95754584463656,0.96,631.4093153620965,606.1529427476127,25.256372614483894,1.0,0.0,0.0,0.15669714010146069,94.77631162104879,0.96,630.0390967016689,604.8375328336022,25.201563868066728,1.0,0.0,0.0,0.15669710906839965,94.77629285108871,0.96,630.0390967016689,604.8375328336022,25.201563868066728,,,,647.5203245431446,1815.828008414817,1679.640907783706,136.1871006311112,1815.8280084148173,-2.2737367544323206e-13,1.0,0.0,0.0,0.3855607468791683,215.9046186811817,0.925,605.3790497698134,559.9756210370774,45.40342873273596,1.0,0.0,0.0,0.3855607468791682,215.9046186811815,0.925,605.379049769813,559.9756210370771,45.40342873273596,1.0,0.0,0.0,0.38541195308173437,215.7110871807813,0.925,605.0699088751909,559.6896657095516,45.380243165639286,0.0,0.0,0.0,0.08724817754776784,0.0,0.88,0.0,0.0,0.0,1.0,,,0.101,169.64373168615433,1679.640907783706,1679.640907783706,0.0,52.068868141294885,0.0,,,211.84660098172833,-1.4210854715202004e-13,91.09403842214319,3.0,1101.6742065460726,0.0,0.0,0.0,126.7586342051911
24,1,25,0.11506,0.0,1101.6742065460726,,,,0,0.0,1,1891.487508765434,1891.487508765434,-0.0,302.63800140246946,62.79738529101241,0.0,,,284.5101503167738,1891.487508765434,1815.828008414817,75.65950035061735,1891.487508765434,0.0,1.0,0.0,0.0,0.1566560832225054,94.95754584463656,0.96,631.4093153620965,606.1529427476127,25.256372614483894,1.0,0.0,0.0,0.15669714010146069,94.77631162104879,0.96,630.0390967016689,604.8375328336022,25.201563868066728,1.0,0.0,0.0,0.15669710906839965,94.77629285108871,0.96,630.0390967016689,604.8375328336022,25.201563868066728,,,,647.5203245431446,1815.828008414817,1679.640907783706,136.1871006311112,1815.8280084148173,-2.2737367544323206e-13,1.0,0.0,0.0,0.3855607468791683,215.9046186811817,0.925,605.3790497698134,559.9756210370774,45.40342873273596,1.0,0.0,0.0,0.3855607468791682,215.9046186811815,0.925,605.379049769813,559.9756210370771,45.40342873273596,1.0,0.0,0.0,0.38541195308173437,215.7110871807813,0.925,605.0699088751909,559.6896657095516,45.380243165639286,0.0,0.0,0.0,0.08724817754776784,0.0,0.88,0.0,0.0,0.0,1.0,,,0.101,169.64373168615433,1679.640907783706,1679.640907783706,0.0,52.068868141294885,0.0,,,211.84660098172833,-1.4210854715202004e-13,91.09403842214319,3.0,1101.6742065460726,0.0,0.0,0.0,126.7586342051911
25,1,26,0.11506,0.0,1101.6742065460726,,,,0,0.0,1,1891.487508765434,1891.487508765434,-0.0,302.63800140246946,62.79738529101241,0.0,,,284.5101503167738,1891.487508765434,1815.828008414817,75.65950035061735,1891.487508765434,0.0,1.0,0.0,0.0,0.1566560832225054,94.95754584463656,0.96,631.4093153620965,606.1529427476127,25.256372614483894,1.0,0.0,0.0,0.15669714010146069,94.77631162104879,0.96,630.0390967016689,604.8375328336022,25.201563868066728,1.0,0.0,0.0,0.15669710906839965,94.77629285108871,0.96,630.0390967016689,604.8375328336022,25.201563868066728,,,,647.5203245431446,1815.828008414817,1679.640907783706,136.1871006311112,1815.8280084148173,-2.2737367544323206e-13,1.0,0.0,0.0,0.3855607468791683,215.9046186811817,0.925,605.3790497698134,559.9756210370774,45.40342873273596,1.0,0.0,0.0,0.3855607468791682,215.9046186811815,0.925,605.379049769813,559.9756210370771,45.40342873273596,1.0,0.0,0.0,0.38541195308173437,215.7110871807813,0.925,605.0699088751909,559.6896657095516,45.380243165639286,0.0,0.0,0.0,0.08724817754776784,0.0,0.88,0.0,0.0,0.0,1.0,,,0.101,169.64373168615433,1679.640907783706,1679.640907783706,0.0,52.068868141294885,0.0,,,211.84660098172833,-1.4210854715202004e-13,91.09403842214319,3.0,1101.6742065460726,0.0,0.0,0.0,126.7586342051911
26,1,27,0.11506,0.0,1101.6742065460726,,,,0,0.0,1,1891.487508765434,1891.487508765434,-0.0,302.63800140246946,62.79738529101241,0.0,,,284.5101503167738,1891.487508765434,1815.828008414817,75.65950035061735,1891.487508765434,0.0,1.0,0.0,0.0,0.1566560832225054,94.95754584463656,0.96,631.4093153620965,606.1529427476127,25.256372614483894,1.0,0.0,0.0,0.15669714010146069,94.77631162104879,0.96,630.0390967016689,604.8375328336022,25.201563868066728,1.0,0.0,0.0,0.15669710906839965,94.77629285108871,0.96,630.0390967016689,604.8375328336022,25.201563868066728,,,,647.5203245431446,1815.828008414817,1679.640907783706,136.1871006311112,1815.8280084148173,-2.2737367544323206e-13,1.0,0.0,0.0,0.3855607468791683,215.9046186811817,0.925,605.3790497698134,559.9756210370774,45.40342873273596,1.0,0.0,0.0,0.3855607468791682,215.9046186811815,0.925,605.379049769813,559.9756210370771,45.40342873273596,1.0,0.0,0.0,0.38541195308173437,215.7110871807813,0.925,605.0699088751909,559.6896657095516,45.380243165639286,0.0,0.0,0.0,0.08724817754776784,0.0,0.88,0.0,0.0,0.0,1.0,,,0.101,169.64373168615433,1679.640907783706,1679.640907783706,0.0,52.068868141294885,0.0,,,211.84660098172833,-1.4210854715202004e-13,91.09403842214319,3.0,1101.6742065460726,0.0,0.0,0.0,126.7586342051911
27,1,28,0.11506,0.0,1101.6742065460726,,,,0,0.0,1,1891.487508765434,1891.487508765434,-0.0,302.63800140246946,62.79738529101241,0.0,,,284.5101503167738,1891.487508765434,1815.828008414817,75.65950035061735,1891.487508765434,0.0,1.0,0.0,0.0,0.1566560832225054,94.95754584463656,0.96,631.4093153620965,606.1529427476127,25.256372614483894,1.0,0.0,0.0,0.15669714010146069,94.77631162104879,0.96,630.0390967016689,604.8375328336022,25.201563868066728,1.0,0.0,0.0,0.15669710906839965,94.77629285108871,0.96,630.0390967016689,604.8375328336022,25.201563868066728,,,,647.5203245431446,1815.828008414817,1679.640907783706,136.1871006311112,1815.8280084148173,-2.2737367544323206e-13,1.0,0.0,0.0,0.3855607468791683,215.9046186811817,0.925,605.3790497698134,559.9756210370774,45.40342873273596,1.0,0.0,0.0,0.3855607468791682,215.9046186811815,0.925,605.379049769813,559.9756210370771,45.40342873273596,1.0,0.0,0.0,0.38541195308173437,215.7110871807813,0.925,605.0699088751909,559.6896657095516,45.380243165639286,0.0,0.0,0.0,0.08724817754776784,0.0,0.88,0.0,0.0,0.0,1.0,,,0.101,169.64373168615433,1679.640907783706,1679.640907783706,0.0,52.068868141294885,0.0,,,211.84660098172833,-1.4210854715202004e-13,91.09403842214319,3.0,1101.6742065460726,0.0,0.0,0.0,126.7586342051911
28,1,29,0.11506,0.0,1101.6742065460726,,,,0,0.0,1,1891.487508765434,1891.487508765434,-0.0,302.63800140246946,62.79738529101241,0.0,,,284.5101503167738,1891.487508765434,1815.828008414817,75.65950035061735,1891.487508765434,0.0,1.0,0.0,0.0,0.1566560832225054,94.95754584463656,0.96,631.4093153620965,606.1529427476127,25.256372614483894,1.0,0.0,0.0,0.15669714010146069,94.77631162104879,0.96,630.0390967016689,604.8375328336022,25.201563868066728,1.0,0.0,0.0,0.15669710906839965,94.77629285108871,0.96,630.0390967016689,604.8375328336022,25.201563868066728,,,,647.5203245431446,1815.828008414817,1679.640907783706,136.1871006311112,1815.8280084148173,-2.2737367544323206e-13,1.0,0.0,0.0,0.3855607468791683,215.9046186811817,0.925,605.3790497698134,559.9756210370774,45.40342873273596,1.0,0.0,0.0,0.3855607468791682,215.9046186811815,0.925,605.379049769813,559.9756210370771,45.40342873273596,1.0,0.0,0.0,0.38541195308173437,215.7110871807813,0.925,605.0699088751909,559.6896657095516,45.380243165639286,0.0,0.0,0.0,0.08724817754776784,0.0,0.88,0.0,0.0,0.0,1.0,,,0.101,169.64373168615433,1679.640907783706,1679.640907783706,0.0,52.068868141294885,0.0,,,211.84660098172833,-1.4210854715202004e-13,91.09403842214319,3.0,1101.6742065460726,0.0,0.0,0.0,126.7586342051911
29,1,30,0.11506,0.0,1101.6742065460726,,,,0,0.0,1,1891.487508765434,1891.487508765434,-0.0,302.63800140246946,62.79738529101241,0.0,,,284.5101503167738,1891.487508765434,1815.828008414817,75.65950035061735,1891.487508765434,0.0,1.0,0.0,0.0,0.1566560832225054,94.95754584463656,0.96,631.4093153620965,606.1529427476127,25.256372614483894,1.0,0.0,0.0,0.15669714010146069,94.77631162104879,0.96,630.0390967016689,604.8375328336022,25.201563868066728,1.0,0.0,0.0,0.15669710906839965,94.77629285108871,0.96,630.0390967016689,604.8375328336022,25.201563868066728,,,,647.5203245431446,1815.828008414817,1679.640907783706,136.1871006311112,1815.8280084148173,-2.2737367544323206e-13,1.0,0.0,0.0,0.3855607468791683,215.9046186811817,0.925,605.3790497698134,559.9756210370774,45.40342873273596,1.0,0.0,0.0,0.3855607468791682,215.9046186811815,0.925,605.379049769813,559.9756210370771,45.40342873273596,1.0,0.0,0.0,0.38541195308173437,215.7110871807813,0.925,605.0699088751909,559.6896657095516,45.380243165639286,0.0,0.0,0.0,0.08724817754776787,0.0,0.8800000000000001,0.0,0.0,0.0,1.0,,,0.101,169.64373168615433,1679.640907783706,1679.640907783706,0.0,52.068868141294885,0.0,,,211.84660098172833,-1.4210854715202004e-13,91.09403842214319,3.0,1101.6742065460726,0.0,0.0,0.0,126.7586342051911
30,1,31,0.11506,0.0,1101.6742065460726,,,,0,0.0,1,1891.487508765434,1891.487508765434,-0.0,302.63800140246946,62.79738529101241,0.0,,,284.5101503167738,1891.487508765434,1815.828008414817,75.65950035061735,1891.487508765434,0.0,1.0,0.0,0.0,0.1566560832225054,94.95754584463656,0.96,631.4093153620965,606.1529427476127,25.256372614483894,1.0,0.0,0.0,0.15669714010146069,94.77631162104879,0.96,630.0390967016689,604.8375328336022,25.201563868066728,1.0,0.0,0.0,0.15669710906839965,94.77629285108871,0.96,630.0390967016689,604.8375328336022,25.201563868066728,,,,647.5203245431446,1815.828008414817,1679.640907783706,136.1871006311112,1815.8280084148173,-2.2737367544323206e-13,1.0,0.0,0.0,0.3855607468791683,215.9046186811817,0.925,605.3790497698134,559.9756210370774,45.40342873273596,1.0,0.0,0.0,0.3855607468791682,215.9046186811815,0.925,605.379049769813,559.9756210370771,45.40342873273596,1.0,0.0,0.0,0.38541195308173437,215.7110871807813,0.925,605.0699088751909,559.6896657095516,45.380243165639286,0.0,0.0,0.0,0.08724817754776784,0.0,0.88,0.0,0.0,0.0,1.0,,,0.101,169.64373168615433,1679.640907783706,1679.640907783706,0.0,52.068868141294885,0.0,,,211.84660098172833,-1.4210854715202004e-13,91.09403842214319,3.0,1101.6742065460726,0.0,0.0,0.0,126.7586342051911
31,1,32,0.11506,0.0,1101.6742065460726,,,,0,0.0,1,1891.487508765434,1891.487508765434,-0.0,302.63800140246946,62.79738529101241,0.0,,,284.5101503167738,1891.487508765434,1815.828008414817,75.65950035061735,1891.487508765434,0.0,1.0,0.0,0.0,0.1566560832225054,94.95754584463656,0.96,631.4093153620965,606.1529427476127,25.256372614483894,1.0,0.0,0.0,0.15669714010146069,94.77631162104879,0.96,630.0390967016689,604.8375328336022,25.201563868066728,1.0,0.0,0.0,0.15669710906839965,94.77629285108871,0.96,630.0390967016689,604.8375328336022,25.201563868066728,,,,647.5203245431446,1815.828008414817,1679.640907783706,136.1871006311112,1815.8280084148173,-2.2737367544323206e-13,1.0,0.0,0.0,0.3855607468791683,215.9046186811817,0.925,605.3790497698134,559.9756210370774,45.40342873273596,1.0,0.0,0.0,0.3855607468791682,215.9046186811815,0.925,605.379049769813,559.9756210370771,45.40342873273596,1.0,0.0,0.0,0.38541195308173437,215.7110871807813,0.925,605.0699088751909,559.6896657095516,45.380243165639286,0.0,0.0,0.0,0.08724817754776784,0.0,0.88,0.0,0.0,0.0,1.0,,,0.101,169.64373168615433,1679.640907783706,1679.640907783706,0.0,52.068868141294885,0.0,,,211.84660098172833,-1.4210854715202004e-13,91.09403842214319,3.0,1101.6742065460726,0.0,0.0,0.0,126.7586342051911
32,1,33,0.07074,0.0,1101.6742065460726,,,,0,0.0,1,1891.487508765434,1891.487508765434,-0.0,302.63800140246946,62.79738529101241,0.0,,,284.5101503167738,1891.487508765434,1815.828008414817,75.65950035061735,1891.487508765434,0.0,1.0,0.0,0.0,0.1566560832225054,94.95754584463656,0.96,631.4093153620965,606.1529427476127,25.256372614483894,1.0,0.0,0.0,0.15669714010146069,94.77631162104879,0.96,630.0390967016689,604.8375328336022,25.201563868066728,1.0,0.0,0.0,0.15669710906839965,94.77629285108871,0.96,630.0390967016689,604.8375328336022,25.201563868066728,,,,647.5203245431446,1815.828008414817,1679.640907783706,136.1871006311112,1815.8280084148173,-2.2737367544323206e-13,1.0,0.0,0.0,0.3855607468791683,215.9046186811817,0.925,605.3790497698134,559.9756210370774,45.40342873273596,1.0,0.0,0.0,0.3855607468791682,215.9046186811815,0.925,605.379049769813,559.9756210370771,45.40342873273596,1.0,0.0,0.0,0.38541195308173437,215.7110871807813,0.925,605.0699088751909,559.6896657095516,45.380243165639286,0.0,0.0,0.0,0.08724817754776787,0.0,0.8800000000000001,0.0,0.0,0.0,1.0,,,0.101,169.64373168615433,1679.640907783706,1679.640907783706,0.0,52.068868141294885,0.0,,,211.84660098172833,-1.4210854715202004e-13,91.09403842214319,3.0,1101.6742065460726,0.0,0.0,0.0,77.93243337106917
33,1,34,0.07074,0.0,1101.6742065460728,,,,0,0.0,1,1891.487508765434,1891.487508765434,-0.0,302.63800140246946,62.79738529101241,0.0,,,284.5101503167739,1891.487508765434,1815.828008414817,75.65950035061735,1891.487508765434,0.0,1.0,0.0,0.0,0.1566560832225054,94.95754584463656,0.96,631.4093153620965,606.1529427476127,25.256372614483894,1.0,0.0,0.0,0.15669714010146069,94.77631162104879,0.96,630.0390967016689,604.8375328336022,25.201563868066728,1.0,0.0,0.0,0.15669710906839965,94.77629285108871,0.96,630.0390967016689,604.8375328336022,25.201563868066728,,,,647.5203245431446,1815.828008414817,1679.640907783706,136.1871006311112,1815.8280084148173,-2.2737367544323206e-13,1.0,0.0,0.0,0.3855607468791683,215.9046186811817,0.925,605.3790497698134,559.9756210370774,45.40342873273596,1.0,0.0,0.0,0.3855607468791682,215.9046186811815,0.925,605.379049769813,559.9756210370771,45.40342873273596,1.0,0.0,0.0,0.38541195308173437,215.7110871807813,0.925,605.0699088751909,559.6896657095516,45.380243165639286,0.0,0.0,0.0,0.08724817754776784,0.0,0.88,0.0,0.0,0.0,1.0,,,0.101,169.64373168615433,1679.640907783706,1679.640907783706,0.0,52.068868141294885,0.0,,,211.84660098172833,-2.842170943040401e-14,91.09403842214319,3.0,1101.6742065460728,0.0,0.0,0.0,77.9324333710692
34,1,35,0.07074,0.0,1101.6742065460728,,,,0,0.0,1,1891.487508765434,1891.487508765434,-0.0,302.63800140246946,62.79738529101241,0.0,,,284.5101503167739,1891.487508765434,1815.828008414817,75.65950035061735,1891.487508765434,0.0,1.0,0.0,0.0,0.1566560832225054,94.95754584463656,0.96,631.4093153620965,606.1529427476127,25.256372614483894,1.0,0.0,0.0,0.15669714010146069,94.77631162104879,0.96,630.0390967016689,604.8375328336022,25.201563868066728,1.0,0.0,0.0,0.15669710906839965,94.77629285108871,0.96,630.0390967016689,604.8375328336022,25.201563868066728,,,,647.5203245431446,1815.828008414817,1679.640907783706,136.1871006311112,1815.8280084148173,-2.2737367544323206e-13,1.0,0.0,0.0,0.3855607468791683,215.9046186811817,0.925,605.3790497698134,559.9756210370774,45.40342873273596,1.0,0.0,0.0,0.3855607468791682,215.9046186811815,0.925,605.379049769813,559.9756210370771,45.40342873273596,1.0,0.0,0.0,0.38541195308173437,215.7110871807813,0.925,605.0699088751909,559.6896657095516,45.380243165639286,0.0,0.0,0.0,0.08724817754776784,0.0,0.88,0.0,0.0,0.0,1.0,,,0.101,169.64373168615433,1679.640907783706,1679.640907783706,0.0,52.068868141294885,0.0,,,211.84660098172833,-2.842170943040401e-14,91.09403842214319,3.0,1101.6742065460728,0.0,0.0,0.0,77.9324333710692
35,1,36,0.07074,0.0,1101.6742065460728,,,,0,0.0,1,1891.487508765434,1891.487508765434,-0.0,302.63800140246946,62.79738529101241,0.0,,,284.5101503167739,1891.487508765434,1815.828008414817,75.65950035061735,1891.487508765434,0.0,1.0,0.0,0.0,0.1566560832225054,94.95754584463656,0.96,631.4093153620965,606.1529427476127,25.256372614483894,1.0,0.0,0.0,0.15669714010146069,94.77631162104879,0.96,630.0390967016689,604.8375328336022,25.201563868066728,1.0,0.0,0.0,0.15669710906839965,94.77629285108871,0.96,630.0390967016689,604.8375328336022,25.201563868066728,,,,647.5203245431446,1815.828008414817,1679.640907783706,136.1871006311112,1815.8280084148173,-2.2737367544323206e-13,1.0,0.0,0.0,0.3855607468791683,215.9046186811817,0.925,605.3790497698134,559.9756210370774,45.40342873273596,1.0,0.0,0.0,0.3855607468791682,215.9046186811815,0.925,605.379049769813,559.9756210370771,45.40342873273596,1.0,0.0,0.0,0.38541195308173437,215.7110871807813,0.925,605.0699088751909,559.6896657095516,45.380243165639286,0.0,0.0,0.0,0.08724817754776784,0.0,0.88,0.0,0.0,0.0,1.0,,,0.101,169.64373168615433,1679.640907783706,1679.640907783706,0.0,52.068868141294885,0.0,,,211.84660098172833,-2.842170943040401e-14,91.09403842214319,3.0,1101.6742065460728,0.0,0.0,0.0,77.9324333710692
36,1,37,0.07074,0.0,1101.6742065460728,,,,0,0.0,1,1891.487508765434,1891.487508765434,-0.0,302.63800140246946,62.79738529101241,0.0,,,284.5101503167739,1891.487508765434,1815.828008414817,75.65950035061735,1891.487508765434,0.0,1.0,0.0,0.0,0.1566560832225054,94.95754584463656,0.96,631.4093153620965,606.1529427476127,25.256372614483894,1.0,0.0,0.0,0.15669714010146069,94.77631162104879,0.96,630.0390967016689,604.8375328336022,25.201563868066728,1.0,0.0,0.0,0.15669710906839965,94.77629285108871,0.96,630.0390967016689,604.8375328336022,25.201563868066728,,,,647.5203245431446,1815.828008414817,1679.640907783706,136.1871006311112,1815.8280084148173,-2.2737367544323206e-13,1.0,0.0,0.0,0.3855607468791683,215.9046186811817,0.925,605.3790497698134,559.9756210370774,45.40342873273596,1.0,0.0,0.0,0.3855607468791682,215.9046186811815,0.925,605.379049769813,559.9756210370771,45.40342873273596,1.0,0.0,0.0,0.38541195308173437,215.7110871807813,0.925,605.0699088751909,559.6896657095516,45.380243165639286,0.0,0.0,0.0,0.08724817754776784,0.0,0.88,0.0,0.0,0.0,1.0,,,0.101,169.64373168615433,1679.640907783706,1679.640907783706,0.0,52.068868141294885,0.0,,,211.84660098172833,-2.842170943040401e-14,91.09403842214319,3.0,1101.6742065460728,0.0,0.0,0.0,77.9324333710692
37,1,38,0.07074,0.0,1101.6742065460726,,,,0,0.0,1,1891.487508765434,1891.487508765434,-0.0,302.63800140246946,62.79738529101241,0.0,,,284.5101503167738,1891.487508765434,1815.828008414817,75.65950035061735,1891.487508765434,0.0,1.0,0.0,0.0,0.1566560832225054,94.95754584463656,0.96,631.4093153620965,606.1529427476127,25.256372614483894,1.0,0.0,0.0,0.15669714010146069,94.77631162104879,0.96,630.0390967016689,604.8375328336022,25.201563868066728,1.0,0.0,0.0,0.15669710906839965,94.77629285108871,0.96,630.0390967016689,604.8375328336022,25.201563868066728,,,,647.5203245431446,1815.828008414817,1679.640907783706,136.1871006311112,1815.8280084148173,-2.2737367544323206e-13,1.0,0.0,0.0,0.3855607468791683,215.9046186811817,0.925,605.3790497698134,559.9756210370774,45.40342873273596,1.0,0.0,0.0,0.3855607468791682,215.9046186811815,0.925,605.379049769813,559.9756210370771,45.40342873273596,1.0,0.0,0.0,0.38541195308173437,215.7110871807813,0.925,605.0699088751909,559.6896657095516,45.380243165639286,0.0,0.0,0.0,0.08724817754776784,0.0,0.88,0.0,0.0,0.0,1.0,,,0.101,169.64373168615433,1679.640907783706,1679.640907783706,0.0,52.068868141294885,0.0,,,211.84660098172833,-1.4210854715202004e-13,91.09403842214319,3.0,1101.6742065460726,0.0,0.0,0.0,77.93243337106917
38,1,39,0.07074,0.0,1101.6742065460728,,,,0,0.0,1,1891.487508765434,1891.487508765434,-0.0,302.63800140246946,62.79738529101241,0.0,,,284.5101503167739,1891.487508765434,1815.828008414817,75.65950035061735,1891.487508765434,0.0,1.0,0.0,0.0,0.1566560832225054,94.95754584463656,0.96,631.4093153620965,606.1529427476127,25.256372614483894,1.0,0.0,0.0,0.15669714010146069,94.77631162104879,0.96,630.0390967016689,604.8375328336022,25.201563868066728,1.0,0.0,0.0,0.15669710906839965,94.77629285108871,0.96,630.0390967016689,604.8375328336022,25.201563868066728,,,,647.5203245431446,1815.828008414817,1679.640907783706,136.1871006311112,1815.8280084148173,-2.2737367544323206e-13,1.0,0.0,0.0,0.3855607468791683,215.9046186811817,0.925,605.3790497698134,559.9756210370774,45.40342873273596,1.0,0.0,0.0,0.3855607468791682,215.9046186811815,0.925,605.379049769813,559.9756210370771,45.40342873273596,1.0,0.0,0.0,0.38541195308173437,215.7110871807813,0.925,605.0699088751909,559.6896657095516,45.380243165639286,0.0,0.0,0.0,0.08724817754776784,0.0,0.88,0.0,0.0,0.0,1.0,,,0.101,169.64373168615433,1679.640907783706,1679.640907783706,0.0,52.068868141294885,0.0,,,211.84660098172833,-2.842170943040401e-14,91.09403842214319,3.0,1101.6742065460728,0.0,0.0,0.0,77.9324333710692
39,1,40,0.07074,0.0,1101.6742065460728,,,,0,0.0,1,1891.487508765434,1891.487508765434,-0.0,302.63800140246946,62.79738529101241,0.0,,,284.5101503167739,1891.487508765434,1815.828008414817,75.65950035061735,1891.487508765434,0.0,1.0,0.0,0.0,0.1566560832225054,94.95754584463656,0.96,631.4093153620965,606.1529427476127,25.256372614483894,1.0,0.0,0.0,0.15669714010146069,94.77631162104879,0.96,630.0390967016689,604.8375328336022,25.201563868066728,1.0,0.0,0.0,0.15669710906839965,94.77629285108871,0.96,630.0390967016689,604.8375328336022,25.201563868066728,,,,647.5203245431446,1815.828008414817,1679.640907783706,136.1871006311112,1815.8280084148173,-2.2737367544323206e-13,1.0,0.0,0.0,0.3855607468791683,215.9046186811817,0.925,605.3790497698134,559.9756210370774,45.40342873273596,1.0,0.0,0.0,0.3855607468791682,215.9046186811815,0.925,605.379049769813,559.9756210370771,45.40342873273596,1.0,0.0,0.0,0.38541195308173437,215.7110871807813,0.925,605.0699088751909,559.6896657095516,45.380243165639286,0.0,0.0,0.0,0.08724817754776784,0.0,0.88,0.0,0.0,0.0,1.0,,,0.101,169.64373168615433,1679.640907783706,1679.640907783706,0.0,52.068868141294885,0.0,,,211.84660098172833,-2.842170943040401e-14,91.09403842214319,3.0,1101.6742065460728,0.0,0.0,0.0,77.9324333710692
40,1,41,0.07074,0.0,1101.6742065460728,,,,0,0.0,1,1891.487508765434,1891.487508765434,-0.0,302.63800140246946,62.79738529101241,0.0,,,284.5101503167739,1891.487508765434,1815.828008414817,75.65950035061735,1891.487508765434,0.0,1.0,0.0,0.0,0.1566560832225054,94.95754584463656,0.96,631.4093153620965,606.1529427476127,25.256372614483894,1.0,0.0,0.0,0.15669714010146069,94.77631162104879,0.96,630.0390967016689,604.8375328336022,25.201563868066728,1.0,0.0,0.0,0.15669710906839965,94.77629285108871,0.96,630.0390967016689,604.8375328336022,25.201563868066728,,,,647.5203245431446,1815.828008414817,1679.640907783706,136.1871006311112,1815.8280084148173,-2.2737367544323206e-13,1.0,0.0,0.0,0.3855607468791683,215.9046186811817,0.925,605.3790497698134,559.9756210370774,45.40342873273596,1.0,0.0,0.0,0.3855607468791682,215.9046186811815,0.925,605.379049769813,559.9756210370771,45.40342873273596,1.0,0.0,0.0,0.38541195308173437,215.7110871807813,0.925,605.0699088751909,559.6896657095516,45.380243165639286,0.0,0.0,0.0,0.08724817754776787,0.0,0.8800000000000001,0.0,0.0,0.0,1.0,,,0.101,169.64373168615433,1679.640907783706,1679.640907783706,0.0,52.068868141294885,0.0,,,211.84660098172833,-2.842170943040401e-14,91.09403842214319,3.0,1101.6742065460728,0.0,0.0,0.0,77.9324333710692
41,1,42,0.11566,0.0,1101.6742065460728,,,,0,0.0,1,1891.487508765434,1891.487508765434,-0.0,302.63800140246946,62.79738529101241,0.0,,,284.5101503167739,1891.487508765434,1815.828008414817,75.65950035061735,1891.487508765434,0.0,1.0,0.0,0.0,0.1566560832225054,94.95754584463656,0.96,631.4093153620965,606.1529427476127,25.256372614483894,1.0,0.0,0.0,0.15669714010146069,94.77631162104879,0.96,630.0390967016689,604.8375328336022,25.201563868066728,1.0,0.0,0.0,0.15669710906839965,94.77629285108871,0.96,630.0390967016689,604.8375328336022,25.201563868066728,,,,647.5203245431446,1815.828008414817,1679.640907783706,136.1871006311112,1815.8280084148173,-2.2737367544323206e-13,1.0,0.0,0.0,0.3855607468791683,215.9046186811817,0.925,605.3790497698134,559.9756210370774,45.40342873273596,1.0,0.0,0.0,0.3855607468791682,215.9046186811815,0.925,605.379049769813,559.9756210370771,45.40342873273596,1.0,0.0,0.0,0.38541195308173437,215.7110871807813,0.925,605.0699088751909,559.6896657095516,45.380243165639286,0.0,0.0,0.0,0.08724817754776784,0.0,0.88,0.0,0.0,0.0,1.0,,,0.101,169.64373168615433,1679.640907783706,1679.640907783706,0.0,52.068868141294885,0.0,,,211.84660098172833,-2.842170943040401e-14,91.09403842214319,3.0,1101.6742065460728,0.0,0.0,0.0,127.41963872911877
42,1,43,0.11566,0.0,1101.6742065460728,,,,0,0.0,1,1891.487508765434,1891.487508765434,-0.0,302.63800140246946,62.79738529101241,0.0,,,284.5101503167739,1891.487508765434,1815.828008414817,75.65950035061735,1891.487508765434,0.0,1.0,0.0,0.0,0.1566560832225054,94.95754584463656,0.96,631.4093153620965,606.1529427476127,25.256372614483894,1.0,0.0,0.0,0.15669714010146069,94.77631162104879,0.96,630.0390967016689,604.8375328336022,25.201563868066728,1.0,0.0,0.0,0.15669710906839965,94.77629285108871,0.96,630.0390967016689,604.8375328336022,25.201563868066728,,,,647.5203245431446,1815.828008414817,1679.640907783706,136.1871006311112,1815.8280084148173,-2.2737367544323206e-13,1.0,0.0,0.0,0.3855607468791683,215.9046186811817,0.925,605.3790497698134,559.9756210370774,45.40342873273596,1.0,0.0,0.0,0.3855607468791682,215.9046186811815,0.925,605.379049769813,559.9756210370771,45.40342873273596,1.0,0.0,0.0,0.38541195308173437,215.7110871807813,0.925,605.0699088751909,559.6896657095516,45.380243165639286,0.0,0.0,0.0,0.08724817754776784,0.0,0.88,0.0,0.0,0.0,1.0,,,0.101,169.64373168615433,1679.640907783706,1679.640907783706,0.0,52.068868141294885,0.0,,,211.84660098172833,-2.842170943040401e-14,91.09403842214319,3.0,1101.6742065460728,0.0,0.0,0.0,127.41963872911877
43,1,44,0.11566,0.0,1101.6742065460728,,,,0,0.0,1,1891.487508765434,1891.487508765434,-0.0,302.63800140246946,62.79738529101241,0.0,,,284.5101503167739,1891.487508765434,1815.828008414817,75.65950035061735,1891.487508765434,0.0,1.0,0.0,0.0,0.1566560832225054,94.95754584463656,0.96,631.4093153620965,606.1529427476127,25.256372614483894,1.0,0.0,0.0,0.15669714010146069,94.77631162104879,0.96,630.0390967016689,604.8375328336022,25.201563868066728,1.0,0.0,0.0,0.15669710906839965,94.77629285108871,0.96,630.0390967016689,604.8375328336022,25.201563868066728,,,,647.5203245431446,1815.828008414817,1679.640907783706,136.1871006311112,1815.8280084148173,-2.2737367544323206e-13,1.0,0.0,0.0,0.3855607468791683,215.9046186811817,0.925,605.3790497698134,559.9756210370774,45.40342873273596,1.0,0.0,0.0,0.3855607468791682,215.9046186811815,0.925,605.379049769813,559.9756210370771,45.40342873273596,1.0,0.0,0.0,0.38541195308173437,215.7110871807813,0.925,605.0699088751909,559.6896657095516,45.380243165639286,0.0,0.0,0.0,0.08724817754776784,0.0,0.88,0.0,0.0,0.0,1.0,,,0.101,169.64373168615433,1679.640907783706,1679.640907783706,0.0,52.068868141294885,0.0,,,211.84660098172833,-2.842170943040401e-14,91.09403842214319,3.0,1101.6742065460728,0.0,0.0,0.0,127.41963872911877
44,1,45,0.11566,0.0,1101.6742065460728,,,,0,0.0,1,1891.487508765434,1891.487508765434,-0.0,302.63800140246946,62.79738529101241,0.0,,,284.5101503167739,1891.487508765434,1815.828008414817,75.65950035061735,1891.487508765434,0.0,1.0,0.0,0.0,0.1566560832225054,94.95754584463656,0.96,631.4093153620965,606.1529427476127,25.256372614483894,1.0,0.0,0.0,0.15669714010146069,94.77631162104879,0.96,630.0390967016689,604.8375328336022,25.201563868066728,1.0,0.0,0.0,0.15669710906839965,94.77629285108871,0.96,630.0390967016689,604.8375328336022,25.201563868066728,,,,647.5203245431446,1815.828008414817,1679.640907783706,136.1871006311112,1815.8280084148173,-2.2737367544323206e-13,1.0,0.0,0.0,0.3855607468791683,215.9046186811817,0.925,605.3790497698134,559.9756210370774,45.40342873273596,1.0,0.0,0.0,0.3855607468791682,215.9046186811815,0.925,605.379049769813,559.9756210370771,45.40342873273596,1.0,0.0,0.0,0.38541195308173437,215.7110871807813,0.925,605.0699088751909,559.6896657095516,45.380243165639286,0.0,0.0,0.0,0.08724817754776787,0.0,0.8800000000000001,0.0,0.0,0.0,1.0,,,0.101,169.64373168615433,1679.640907783706,1679.640907783706,0.0,52.068868141294885,0.0,,,211.84660098172833,-2.842170943040401e-14,91.09403842214319,3.0,1101.6742065460728,0.0,0.0,0.0,127.41963872911877
45,1,46,0.11566,0.0,1101.6742065460728,,,,0,0.0,1,1891.487508765434,1891.487508765434,-0.0,302.63800140246946,62.79738529101241,0.0,,,284.5101503167739,1891.487508765434,1815.828008414817,75.65950035061735,1891.487508765434,0.0,1.0,0.0,0.0,0.1566560832225054,94.95754584463656,0.96,631.4093153620965,606.1529427476127,25.256372614483894,1.0,0.0,0.0,0.15669714010146069,94.77631162104879,0.96,630.0390967016689,604.8375328336022,25.201563868066728,1.0,0.0,0.0,0.15669710906839965,94.77629285108871,0.96,630.0390967016689,604.8375328336022,25.201563868066728,,,,647.5203245431446,1815.828008414817,1679.640907783706,136.1871006311112,1815.8280084148173,-2.2737367544323206e-13,1.0,0.0,0.0,0.3855607468791683,215.9046186811817,0.925,605.3790497698134,559.9756210370774,45.40342873273596,1.0,0.0,0.0,0.3855607468791682,215.9046186811815,0.925,605.379049769813,559.9756210370771,45.40342873273596,1.0,0.0,0.0,0.38541195308173437,215.7110871807813,0.925,605.0699088751909,559.6896657095516,45.380243165639286,0.0,0.0,0.0,0.08724817754776787,0.0,0.8800000000000001,0.0,0.0,0.0,1.0,,,0.101,169.64373168615433,1679.640907783706,1679.640907783706,0.0,52.068868141294885,0.0,,,211.84660098172833,-2.842170943040401e-14,91.09403842214319,3.0,1101.6742065460728,0.0,0.0,0.0,127.41963872911877
46,1,47,0.11506,0.0,1101.6742065460726,,,,0,0.0,1,1891.487508765434,1891.487508765434,-0.0,302.63800140246946,62.79738529101241,0.0,,,284.5101503167738,1891.487508765434,1815.828008414817,75.65950035061735,1891.487508765434,0.0,1.0,0.0,0.0,0.1566560832225054,94.95754584463656,0.96,631.4093153620965,606.1529427476127,25.256372614483894,1.0,0.0,0.0,0.15669714010146069,94.77631162104879,0.96,630.0390967016689,604.8375328336022,25.201563868066728,1.0,0.0,0.0,0.15669710906839965,94.77629285108871,0.96,630.0390967016689,604.8375328336022,25.201563868066728,,,,647.5203245431446,1815.828008414817,1679.640907783706,136.1871006311112,1815.8280084148173,-2.2737367544323206e-13,1.0,0.0,0.0,0.3855607468791683,215.9046186811817,0.925,605.3790497698134,559.9756210370774,45.40342873273596,1.0,0.0,0.0,0.3855607468791682,215.9046186811815,0.925,605.379049769813,559.9756210370771,45.40342873273596,1.0,0.0,0.0,0.38541195308173437,215.7110871807813,0.925,605.0699088751909,559.6896657095516,45.380243165639286,0.0,0.0,0.0,0.08724817754776784,0.0,0.88,0.0,0.0,0.0,1.0,,,0.101,169.64373168615433,1679.640907783706,1679.640907783706,0.0,52.068868141294885,0.0,,,211.84660098172833,-1.4210854715202004e-13,91.09403842214319,3.0,1101.6742065460726,0.0,0.0,0.0,126.7586342051911
47,1,48,0.11506,0.0,1101.6742065460726,,,,0,0.0,1,1891.487508765434,1891.487508765434,-0.0,302.63800140246946,62.79738529101241,0.0,,,284.5101503167738,1891.487508765434,1815.828008414817,75.65950035061735,1891.487508765434,0.0,1.0,0.0,0.0,0.1566560832225054,94.95754584463656,0.96,631.4093153620965,606.1529427476127,25.256372614483894,1.0,0.0,0.0,0.15669714010146069,94.77631162104879,0.96,630.0390967016689,604.8375328336022,25.201563868066728,1.0,0.0,0.0,0.15669710906839965,94.77629285108871,0.96,630.0390967016689,604.8375328336022,25.201563868066728,,,,647.5203245431446,1815.828008414817,1679.640907783706,136.1871006311112,1815.8280084148173,-2.2737367544323206e-13,1.0,0.0,0.0,0.3855607468791683,215.9046186811817,0.925,605.3790497698134,559.9756210370774,45.40342873273596,1.0,0.0,0.0,0.3855607468791682,215.9046186811815,0.925,605.379049769813,559.9756210370771,45.40342873273596,1.0,0.0,0.0,0.38541195308173437,215.7110871807813,0.925,605.0699088751909,559.6896657095516,45.380243165639286,0.0,0.0,0.0,0.08724817754776784,0.0,0.88,0.0,0.0,0.0,1.0,,,0.101,169.64373168615433,1679.640907783706,1679.640907783706,0.0,52.068868141294885,0.0,,,211.84660098172833,-1.4210854715202004e-13,91.09403842214319,3.0,1101.6742065460726,0.0,0.0,0.0,126.7586342051911
48,1,49,0.11506,0.0,1101.6742065460726,,,,0,0.0,1,1891.487508765434,1891.487508765434,-0.0,302.63800140246946,62.79738529101241,0.0,,,284.5101503167738,1891.487508765434,1815.828008414817,75.65950035061735,1891.487508765434,0.0,1.0,0.0,0.0,0.1566560832225054,94.95754584463656,0.96,631.4093153620965,606.1529427476127,25.256372614483894,1.0,0.0,0.0,0.15669714010146069,94.77631162104879,0.96,630.0390967016689,604.8375328336022,25.201563868066728,1.0,0.0,0.0,0.15669710906839965,94.77629285108871,0.96,630.0390967016689,604.8375328336022,25.201563868066728,,,,647.5203245431446,1815.828008414817,1679.640907783706,136.1871006311112,1815.8280084148173,-2.2737367544323206e-13,1.0,0.0,0.0,0.3855607468791683,215.9046186811817,0.925,605.3790497698134,559.9756210370774,45.40342873273596,1.0,0.0,0.0,0.3855607468791682,215.9046186811815,0.925,605.379049769813,559.9756210370771,45.40342873273596,1.0,0.0,0.0,0.38541195308173437,215.7110871807813,0.925,605.0699088751909,559.6896657095516,45.380243165639286,0.0,0.0,0.0,0.08724817754776784,0.0,0.88,0.0,0.0,0.0,1.0,,,0.101,169.64373168615433,1679.640907783706,1679.640907783706,0.0,52.068868141294885,0.0,,,211.84660098172833,-1.4210854715202004e-13,91.09403842214319,3.0,1101.6742065460726,0.0,0.0,0.0,126.7586342051911
49,1,50,0.11506,0.0,1101.6742065460728,,,,0,0.0,1,1891.487508765434,1891.487508765434,-0.0,302.63800140246946,62.79738529101241,0.0,,,284.5101503167739,1891.487508765434,1815.828008414817,75.65950035061735,1891.487508765434,0.0,1.0,0.0,0.0,0.1566560832225054,94.95754584463656,0.96,631.4093153620965,606.1529427476127,25.256372614483894,1.0,0.0,0.0,0.15669714010146069,94.77631162104879,0.96,630.0390967016689,604.8375328336022,25.201563868066728,1.0,0.0,0.0,0.15669710906839965,94.77629285108871,0.96,630.0390967016689,604.8375328336022,25.201563868066728,,,,647.5203245431446,1815.828008414817,1679.640907783706,136.1871006311112,1815.8280084148173,-2.2737367544323206e-13,1.0,0.0,0.0,0.3855607468791683,215.9046186811817,0.925,605.3790497698134,559.9756210370774,45.40342873273596,1.0,0.0,0.0,0.3855607468791682,215.9046186811815,0.925,605.379049769813,559.9756210370771,45.40342873273596,1.0,0.0,0.0,0.38541195308173437,215.7110871807813,0.925,605.0699088751909,559.6896657095516,45.380243165639286,0.0,0.0,0.0,0.08724817754776787,0.0,0.8800000000000001,0.0,0.0,0.0,1.0,,,0.101,169.64373168615433,1679.640907783706,1679.640907783706,0.0,52.068868141294885,0.0,,,211.84660098172833,-2.842170943040401e-14,91.09403842214319,3.0,1101.6742065460728,0.0,0.0,0.0,126.75863420519113
50,1,51,0.11506,0.0,1101.6742065460726,,,,0,0.0,1,1891.487508765434,1891.487508765434,-0.0,302.63800140246946,62.79738529101241,0.0,,,284.5101503167738,1891.487508765434,1815.828008414817,75.65950035061735,1891.487508765434,0.0,1.0,0.0,0.0,0.1566560832225054,94.95754584463656,0.96,631.4093153620965,606.1529427476127,25.256372614483894,1.0,0.0,0.0,0.15669714010146069,94.77631162104879,0.96,630.0390967016689,604.8375328336022,25.201563868066728,1.0,0.0,0.0,0.15669710906839965,94.77629285108871,0.96,630.0390967016689,604.8375328336022,25.201563868066728,,,,647.5203245431446,1815.828008414817,1679.640907783706,136.1871006311112,1815.8280084148173,-2.2737367544323206e-13,1.0,0.0,0.0,0.3855607468791683,215.9046186811817,0.925,605.3790497698134,559.9756210370774,45.40342873273596,1.0,0.0,0.0,0.3855607468791682,215.9046186811815,0.925,605.379049769813,559.9756210370771,45.40342873273596,1.0,0.0,0.0,0.38541195308173437,215.7110871807813,0.925,605.0699088751909,559.6896657095516,45.380243165639286,0.0,0.0,0.0,0.08724817754776784,0.0,0.88,0.0,0.0,0.0,1.0,,,0.101,169.64373168615433,1679.640907783706,1679.640907783706,0.0,52.068868141294885,0.0,,,211.84660098172833,-1.4210854715202004e-13,91.09403842214319,3.0,1101.6742065460726,0.0,0.0,0.0,126.7586342051911
51,1,52,0.11506,0.0,1101.6742065460726,,,,0,0.0,1,1891.487508765434,1891.487508765434,-0.0,302.63800140246946,62.79738529101241,0.0,,,284.5101503167738,1891.487508765434,1815.828008414817,75.65950035061735,1891.487508765434,0.0,1.0,0.0,0.0,0.1566560832225054,94.95754584463656,0.96,631.4093153620965,606.1529427476127,25.256372614483894,1.0,0.0,0.0,0.15669714010146069,94.77631162104879,0.96,630.0390967016689,604.8375328336022,25.201563868066728,1.0,0.0,0.0,0.15669710906839965,94.77629285108871,0.96,630.0390967016689,604.8375328336022,25.201563868066728,,,,647.5203245431446,1815.828008414817,1679.640907783706,136.1871006311112,1815.8280084148173,-2.2737367544323206e-13,1.0,0.0,0.0,0.3855607468791683,215.9046186811817,0.925,605.3790497698134,559.9756210370774,45.40342873273596,1.0,0.0,0.0,0.3855607468791682,215.9046186811815,0.925,605.379049769813,559.9756210370771,45.40342873273596,1.0,0.0,0.0,0.38541195308173437,215.7110871807813,0.925,605.0699088751909,559.6896657095516,45.380243165639286,0.0,0.0,0.0,0.08724817754776784,0.0,0.88,0.0,0.0,0.0,1.0,,,0.101,169.64373168615433,1679.640907783706,1679.640907783706,0.0,52.068868141294885,0.0,,,211.84660098172833,-1.4210854715202004e-13,91.09403842214319,3.0,1101.6742065460726,0.0,0.0,0.0,126.7586342051911
52,1,53,0.11506,0.0,1101.6742065460726,,,,0,0.0,1,1891.487508765434,1891.487508765434,-0.0,302.63800140246946,62.79738529101241,0.0,,,284.5101503167738,1891.487508765434,1815.828008414817,75.65950035061735,1891.487508765434,0.0,1.0,0.0,0.0,0.1566560832225054,94.95754584463656,0.96,631.4093153620965,606.1529427476127,25.256372614483894,1.0,0.0,0.0,0.15669714010146069,94.77631162104879,0.96,630.0390967016689,604.8375328336022,25.201563868066728,1.0,0.0,0.0,0.15669710906839965,94.77629285108871,0.96,630.0390967016689,604.8375328336022,25.201563868066728,,,,647.5203245431446,1815.828008414817,1679.640907783706,136.1871006311112,1815.8280084148173,-2.2737367544323206e-13,1.0,0.0,0.0,0.3855607468791683,215.9046186811817,0.925,605.3790497698134,559.9756210370774,45.40342873273596,1.0,0.0,0.0,0.3855607468791682,215.9046186811815,0.925,605.379049769813,559.9756210370771,45.40342873273596,1.0,0.0,0.0,0.38541195308173437,215.7110871807813,0.925,605.0699088751909,559.6896657095516,45.380243165639286,0.0,0.0,0.0,0.08724817754776787,0.0,0.8800000000000001,0.0,0.0,0.0,1.0,,,0.101,169.64373168615433,1679.640907783706,1679.640907783706,0.0,52.068868141294885,0.0,,,211.84660098172833,-1.4210854715202004e-13,91.09403842214319,3.0,1101.6742065460726,0.0,0.0,0.0,126.7586342051911
53,1,54,0.11506,0.0,1101.6742065460726,,,,0,0.0,1,1891.487508765434,1891.487508765434,-0.0,302.63800140246946,62.79738529101241,0.0,,,284.5101503167738,1891.487508765434,1815.828008414817,75.65950035061735,1891.487508765434,0.0,1.0,0.0,0.0,0.1566560832225054,94.95754584463656,0.96,631.4093153620965,606.1529427476127,25.256372614483894,1.0,0.0,0.0,0.15669714010146069,94.77631162104879,0.96,630.0390967016689,604.8375328336022,25.201563868066728,1.0,0.0,0.0,0.15669710906839965,94.77629285108871,0.96,630.0390967016689,604.8375328336022,25.201563868066728,,,,647.5203245431446,1815.828008414817,1679.640907783706,136.1871006311112,1815.8280084148173,-2.2737367544323206e-13,1.0,0.0,0.0,0.3855607468791683,215.9046186811817,0.925,605.3790497698134,559.9756210370774,45.40342873273596,1.0,0.0,0.0,0.3855607468791682,215.9046186811815,0.925,605.379049769813,559.9756210370771,45.40342873273596,1.0,0.0,0.0,0.38541195308173437,215.7110871807813,0.925,605.0699088751909,559.6896657095516,45.380243165639286,0.0,0.0,0.0,0.08724817754776784,0.0,0.88,0.0,0.0,0.0,1.0,,,0.101,169.64373168615433,1679.640907783706,1679.640907783706,0.0,52.068868141294885,0.0,,,211.84660098172833,-1.4210854715202004e-13,91.09403842214319,3.0,1101.6742065460726,0.0,0.0,0.0,126.7586342051911
54,1,55,0.11506,0.0,1101.6742065460728,,,,0,0.0,1,1891.487508765434,1891.487508765434,-0.0,302.63800140246946,62.79738529101241,0.0,,,284.5101503167739,1891.487508765434,1815.828008414817,75.65950035061735,1891.487508765434,0.0,1.0,0.0,0.0,0.1566560832225054,94.95754584463656,0.96,631.4093153620965,606.1529427476127,25.256372614483894,1.0,0.0,0.0,0.15669714010146069,94.77631162104879,0.96,630.0390967016689,604.8375328336022,25.201563868066728,1.0,0.0,0.0,0.15669710906839965,94.77629285108871,0.96,630.0390967016689,604.8375328336022,25.201563868066728,,,,647.5203245431446,1815.828008414817,1679.640907783706,136.1871006311112,1815.8280084148173,-2.2737367544323206e-13,1.0,0.0,0.0,0.3855607468791683,215.9046186811817,0.925,605.3790497698134,559.9756210370774,45.40342873273596,1.0,0.0,0.0,0.3855607468791682,215.9046186811815,0.925,605.379049769813,559.9756210370771,45.40342873273596,1.0,0.0,0.0,0.38541195308173437,215.7110871807813,0.925,605.0699088751909,559.6896657095516,45.380243165639286,0.0,0.0,0.0,0.08724817754776784,0.0,0.88,0.0,0.0,0.0,1.0,,,0.101,169.64373168615433,1679.640907783706,1679.640907783706,0.0,52.068868141294885,0.0,,,211.84660098172833,-2.842170943040401e-14,91.09403842214319,3.0,1101.6742065460728,0.0,0.0,0.0,126.75863420519113
55,1,56,0.11506,0.0,1101.6742065460726,,,,0,0.0,1,1891.487508765434,1891.487508765434,-0.0,302.63800140246946,62.79738529101241,0.0,,,284.5101503167738,1891.487508765434,1815.828008414817,75.65950035061735,1891.487508765434,0.0,1.0,0.0,0.0,0.1566560832225054,94.95754584463656,0.96,631.4093153620965,606.1529427476127,25.256372614483894,1.0,0.0,0.0,0.15669714010146069,94.77631162104879,0.96,630.0390967016689,604.8375328336022,25.201563868066728,1.0,0.0,0.0,0.15669710906839965,94.77629285108871,0.96,630.0390967016689,604.8375328336022,25.201563868066728,,,,647.5203245431446,1815.828008414817,1679.640907783706,136.1871006311112,1815.8280084148173,-2.2737367544323206e-13,1.0,0.0,0.0,0.3855607468791683,215.9046186811817,0.925,605.3790497698134,559.9756210370774,45.40342873273596,1.0,0.0,0.0,0.3855607468791682,215.9046186811815,0.925,605.379049769813,559.9756210370771,45.40342873273596,1.0,0.0,0.0,0.38541195308173437,215.7110871807813,0.925,605.0699088751909,559.6896657095516,45.380243165639286,0.0,0.0,0.0,0.08724817754776784,0.0,0.88,0.0,0.0,0.0,1.0,,,0.101,169.64373168615433,1679.640907783706,1679.640907783706,0.0,52.068868141294885,0.0,,,211.84660098172833,-1.4210854715202004e-13,91.09403842214319,3.0,1101.6742065460726,0.0,0.0,0.0,126.7586342051911
56,1,57,0.07074,0.0,1101.6742065460728,,,,0,0.0,1,1891.487508765434,1891.487508765434,-0.0,302.63800140246946,62.79738529101241,0.0,,,284.5101503167739,1891.487508765434,1815.828008414817,75.65950035061735,1891.487508765434,0.0,1.0,0.0,0.0,0.1566560832225054,94.95754584463656,0.96,631.4093153620965,606.1529427476127,25.256372614483894,1.0,0.0,0.0,0.15669714010146069,94.77631162104879,0.96,630.0390967016689,604.8375328336022,25.201563868066728,1.0,0.0,0.0,0.15669710906839965,94.77629285108871,0.96,630.0390967016689,604.8375328336022,25.201563868066728,,,,647.5203245431446,1815.828008414817,1679.640907783706,136.1871006311112,1815.8280084148173,-2.2737367544323206e-13,1.0,0.0,0.0,0.3855607468791683,215.9046186811817,0.925,605.3790497698134,559.9756210370774,45.40342873273596,1.0,0.0,0.0,0.3855607468791682,215.9046186811815,0.925,605.379049769813,559.9756210370771,45.40342873273596,1.0,0.0,0.0,0.38541195308173437,215.7110871807813,0.925,605.0699088751909,559.6896657095516,45.380243165639286,0.0,0.0,0.0,0.08724817754776784,0.0,0.88,0.0,0.0,0.0,1.0,,,0.101,169.64373168615433,1679.640907783706,1679.640907783706,0.0,52.068868141294885,0.0,,,211.84660098172833,-2.842170943040401e-14,91.09403842214319,3.0,1101.6742065460728,0.0,0.0,0.0,77.9324333710692
57,1,58,0.07074,0.0,1101.6742065460728,,,,0,0.0,1,1891.487508765434,1891.487508765434,-0.0,302.63800140246946,62.79738529101241,0.0,,,284.5101503167739,1891.487508765434,1815.828008414817,75.65950035061735,1891.487508765434,0.0,1.0,0.0,0.0,0.1566560832225054,94.95754584463656,0.96,631.4093153620965,606.1529427476127,25.256372614483894,1.0,0.0,0.0,0.15669714010146069,94.77631162104879,0.96,630.0390967016689,604.8375328336022,25.201563868066728,1.0,0.0,0.0,0.15669710906839965,94.77629285108871,0.96,630.0390967016689,604.8375328336022,25.201563868066728,,,,647.5203245431446,1815.828008414817,1679.640907783706,136.1871006311112,1815.8280084148173,-2.2737367544323206e-13,1.0,0.0,0.0,0.3855607468791683,215.9046186811817,0.925,605.3790497698134,559.9756210370774,45.40342873273596,1.0,0.0,0.0,0.3855607468791682,215.9046186811815,0.925,605.379049769813,559.9756210370771,45.40342873273596,1.0,0.0,0.0,0.38541195308173437,215.7110871807813,0.925,605.0699088751909,559.6896657095516,45.380243165639286,0.0,0.0,0.0,0.08724817754776784,0.0,0.88,0.0,0.0,0.0,1.0,,,0.101,169.64373168615433,1679.640907783706,1679.640907783706,0.0,52.068868141294885,0.0,,,211.84660098172833,-2.842170943040401e-14,91.09403842214319,3.0,1101.6742065460728,0.0,0.0,0.0,77.9324333710692
58,1,59,0.07074,0.0,1101.6742065460726,,,,0,0.0,1,1891.487508765434,1891.487508765434,-0.0,302.63800140246946,62.79738529101241,0.0,,,284.5101503167738,1891.487508765434,1815.828008414817,75.65950035061735,1891.487508765434,0.0,1.0,0.0,0.0,0.1566560832225054,94.95754584463656,0.96,631.4093153620965,606.1529427476127,25.256372614483894,1.0,0.0,0.0,0.15669714010146069,94.77631162104879,0.96,630.0390967016689,604.8375328336022,25.201563868066728,1.0,0.0,0.0,0.15669710906839965,94.77629285108871,0.96,630.0390967016689,604.8375328336022,25.201563868066728,,,,647.5203245431446,1815.828008414817,1679.640907783706,136.1871006311112,1815.8280084148173,-2.2737367544323206e-13,1.0,0.0,0.0,0.3855607468791683,215.9046186811817,0.925,605.3790497698134,559.9756210370774,45.40342873273596,1.0,0.0,0.0,0.3855607468791682,215.9046186811815,0.925,605.379049769813,559.9756210370771,45.40342873273596,1.0,0.0,0.0,0.38541195308173437,215.7110871807813,0.925,605.0699088751909,559.6896657095516,45.380243165639286,0.0,0.0,0.0,0.08724817754776784,0.0,0.88,0.0,0.0,0.0,1.0,,,0.101,169.64373168615433,1679.640907783706,1679.640907783706,0.0,52.068868141294885,0.0,,,211.84660098172833,-1.4210854715202004e-13,91.09403842214319,3.0,1101.6742065460726,0.0,0.0,0.0,77.93243337106917
59,1,60,0.07074,0.0,1101.6742065460728,,,,0,0.0,1,1891.487508765434,1891.487508765434,-0.0,302.63800140246946,62.79738529101241,0.0,,,284.5101503167739,1891.487508765434,1815.828008414817,75.65950035061735,1891.487508765434,0.0,1.0,0.0,0.0,0.1566560832225054,94.95754584463656,0.96,631.4093153620965,606.1529427476127,25.256372614483894,1.0,0.0,0.0,0.15669714010146069,94.77631162104879,0.96,630.0390967016689,604.8375328336022,25.201563868066728,1.0,0.0,0.0,0.15669710906839965,94.77629285108871,0.96,630.0390967016689,604.8375328336022,25.201563868066728,,,,647.5203245431446,1815.828008414817,1679.640907783706,136.1871006311112,1815.8280084148173,-2.2737367544323206e-13,1.0,0.0,0.0,0.3855607468791683,215.9046186811817,0.925,605.3790497698134,559.9756210370774,45.40342873273596,1.0,0.0,0.0,0.3855607468791682,215.9046186811815,0.925,605.379049769813,559.9756210370771,45.40342873273596,1.0,0.0,0.0,0.38541195308173437,215.7110871807813,0.925,605.0699088751909,559.6896657095516,45.380243165639286,0.0,0.0,0.0,0.08724817754776784,0.0,0.88,0.0,0.0,0.0,1.0,,,0.101,169.64373168615433,1679.640907783706,1679.640907783706,0.0,52.068868141294885,0.0,,,211.84660098172833,-2.842170943040401e-14,91.09403842214319,3.0,1101.6742065460728,0.0,0.0,0.0,77.9324333710692
60,1,61,0.07074,0.0,1101.6742065460728,,,,0,0.0,1,1891.487508765434,1891.487508765434,-0.0,302.63800140246946,62.79738529101241,0.0,,,284.5101503167739,1891.487508765434,1815.828008414817,75.65950035061735,1891.487508765434,0.0,1.0,0.0,0.0,0.1566560832225054,94.95754584463656,0.96,631.4093153620965,606.1529427476127,25.256372614483894,1.0,0.0,0.0,0.15669714010146069,94.77631162104879,0.96,630.0390967016689,604.8375328336022,25.201563868066728,1.0,0.0,0.0,0.15669710906839965,94.77629285108871,0.96,630.0390967016689,604.8375328336022,25.201563868066728,,,,647.5203245431446,1815.828008414817,1679.640907783706,136.1871006311112,1815.8280084148173,-2.2737367544323206e-13,1.0,0.0,0.0,0.3855607468791683,215.9046186811817,0.925,605.3790497698134,559.9756210370774,45.40342873273596,1.0,0.0,0.0,0.3855607468791682,215.9046186811815,0.925,605.379049769813,559.9756210370771,45.40342873273596,1.0,0.0,0.0,0.38541195308173437,215.7110871807813,0.925,605.0699088751909,559.6896657095516,45.380243165639286,0.0,0.0,0.0,0.08724817754776784,0.0,0.88,0.0,0.0,0.0,1.0,,,0.101,169.64373168615433,1679.640907783706,1679.640907783706,0.0,52.068868141294885,0.0,,,211.84660098172833,-2.842170943040401e-14,91.09403842214319,3.0,1101.6742065460728,0.0,0.0,0.0,77.9324333710692
61,1,62,0.07074,0.0,1101.6742065460728,,,,0,0.0,1,1891.487508765434,1891.487508765434,-0.0,302.63800140246946,62.79738529101241,0.0,,,284.5101503167739,1891.487508765434,1815.828008414817,75.65950035061735,1891.487508765434,0.0,1.0,0.0,0.0,0.1566560832225054,94.95754584463656,0.96,631.4093153620965,606.1529427476127,25.256372614483894,1.0,0.0,0.0,0.15669714010146069,94.77631162104879,0.96,630.0390967016689,604.8375328336022,25.201563868066728,1.0,0.0,0.0,0.15669710906839965,94.77629285108871,0.96,630.0390967016689,604.8375328336022,25.201563868066728,,,,647.5203245431446,1815.828008414817,1679.640907783706,136.1871006311112,1815.8280084148173,-2.2737367544323206e-13,1.0,0.0,0.0,0.3855607468791683,215.9046186811817,0.925,605.3790497698134,559.9756210370774,45.40342873273596,1.0,0.0,0.0,0.3855607468791682,215.9046186811815,0.925,605.379049769813,559.9756210370771,45.40342873273596,1.0,0.0,0.0,0.38541195308173437,215.7110871807813,0.925,605.0699088751909,559.6896657095516,45.380243165639286,0.0,0.0,0.0,0.08724817754776784,0.0,0.88,0.0,0.0,0.0,1.0,,,0.101,169.64373168615433,1679.640907783706,1679.640907783706,0.0,52.068868141294885,0.0,,,211.84660098172833,-2.842170943040401e-14,91.09403842214319,3.0,1101.6742065460728,0.0,0.0,0.0,77.9324333710692
62,1,63,0.07074,0.0,1101.6742065460728,,,,0,0.0,1,1891.487508765434,1891.487508765434,-0.0,302.63800140246946,62.79738529101241,0.0,,,284.5101503167739,1891.487508765434,1815.828008414817,75.65950035061735,1891.487508765434,0.0,1.0,0.0,0.0,0.1566560832225054,94.95754584463656,0.96,631.4093153620965,606.1529427476127,25.256372614483894,1.0,0.0,0.0,0.15669714010146069,94.77631162104879,0.96,630.0390967016689,604.8375328336022,25.201563868066728,1.0,0.0,0.0,0.15669710906839965,94.77629285108871,0.96,630.0390967016689,604.8375328336022,25.201563868066728,,,,647.5203245431446,1815.828008414817,1679.640907783706,136.1871006311112,1815.8280084148173,-2.2737367544323206e-13,1.0,0.0,0.0,0.3855607468791683,215.9046186811817,0.925,605.3790497698134,559.9756210370774,45.40342873273596,1.0,0.0,0.0,0.3855607468791682,215.9046186811815,0.925,605.379049769813,559.9756210370771,45.40342873273596,1.0,0.0,0.0,0.38541195308173437,215.7110871807813,0.925,605.0699088751909,559.6896657095516,45.380243165639286,0.0,0.0,0.0,0.08724817754776784,0.0,0.88,0.0,0.0,0.0,1.0,,,0.101,169.64373168615433,1679.640907783706,1679.640907783706,0.0,52.068868141294885,0.0,,,211.84660098172833,-2.842170943040401e-14,91.09403842214319,3.0,1101.6742065460728,0.0,0.0,0.0,77.9324333710692
63,1,64,0.07074,0.0,1101.6742065460728,,,,0,0.0,1,1891.487508765434,1891.487508765434,-0.0,302.63800140246946,62.79738529101241,0.0,,,284.5101503167739,1891.487508765434,1815.828008414817,75.65950035061735,1891.487508765434,0.0,1.0,0.0,0.0,0.1566560832225054,94.95754584463656,0.96,631.4093153620965,606.1529427476127,25.256372614483894,1.0,0.0,0.0,0.15669714010146069,94.77631162104879,0.96,630.0390967016689,604.8375328336022,25.201563868066728,1.0,0.0,0.0,0.15669710906839965,94.77629285108871,0.96,630.0390967016689,604.8375328336022,25.201563868066728,,,,647.5203245431446,1815.828008414817,1679.640907783706,136.1871006311112,1815.8280084148173,-2.2737367544323206e-13,1.0,0.0,0.0,0.3855607468791683,215.9046186811817,0.925,605.3790497698134,559.9756210370774,45.40342873273596,1.0,0.0,0.0,0.3855607468791682,215.9046186811815,0.925,605.379049769813,559.9756210370771,45.40342873273596,1.0,0.0,0.0,0.38541195308173437,215.7110871807813,0.925,605.0699088751909,559.6896657095516,45.380243165639286,0.0,0.0,0.0,0.08724817754776784,0.0,0.88,0.0,0.0,0.0,1.0,,,0.101,169.64373168615433,1679.640907783706,1679.640907783706,0.0,52.068868141294885,0.0,,,211.84660098172833,-2.842170943040401e-14,91.09403842214319,3.0,1101.6742065460728,0.0,0.0,0.0,77.9324333710692
64,1,65,0.07074,0.0,1101.6742065460728,,,,0,0.0,1,1891.487508765434,1891.487508765434,-0.0,302.63800140246946,62.79738529101241,0.0,,,284.5101503167739,1891.487508765434,1815.828008414817,75.65950035061735,1891.487508765434,0.0,1.0,0.0,0.0,0.1566560832225054,94.95754584463656,0.96,631.4093153620965,606.1529427476127,25.256372614483894,1.0,0.0,0.0,0.15669714010146069,94.77631162104879,0.96,630.0390967016689,604.8375328336022,25.201563868066728,1.0,0.0,0.0,0.15669710906839965,94.77629285108871,0.96,630.0390967016689,604.8375328336022,25.201563868066728,,,,647.5203245431446,1815.828008414817,1679.640907783706,136.1871006311112,1815.8280084148173,-2.2737367544323206e-13,1.0,0.0,0.0,0.3855607468791683,215.9046186811817,0.925,605.3790497698134,559.9756210370774,45.40342873273596,1.0,0.0,0.0,0.3855607468791682,215.9046186811815,0.925,605.379049769813,559.9756210370771,45.40342873273596,1.0,0.0,0.0,0.38541195308173437,215.7110871807813,0.925,605.0699088751909,559.6896657095516,45.380243165639286,0.0,0.0,0.0,0.08724817754776787,0.0,0.8800000000000001,0.0,0.0,0.0,1.0,,,0.101,169.64373168615433,1679.640907783706,1679.640907783706,0.0,52.068868141294885,0.0,,,211.84660098172833,-2.842170943040401e-14,91.09403842214319,3.0,1101.6742065460728,0.0,0.0,0.0,77.9324333710692
65,1,66,0.11566,0.0,1101.674206546073,,,,0,0.0,1,1891.487508765434,1891.487508765434,-0.0,302.63800140246946,62.79738529101241,0.0,,,284.5101503167741,1891.487508765434,1815.828008414817,75.65950035061735,1891.487508765434,0.0,1.0,0.0,0.0,0.1566560832225054,94.95754584463656,0.96,631.4093153620965,606.1529427476127,25.256372614483894,1.0,0.0,0.0,0.15669714010146069,94.77631162104879,0.96,630.0390967016689,604.8375328336022,25.201563868066728,1.0,0.0,0.0,0.15669710906839965,94.77629285108871,0.96,630.0390967016689,604.8375328336022,25.201563868066728,,,,647.5203245431446,1815.828008414817,1679.640907783706,136.1871006311112,1815.8280084148173,-2.2737367544323206e-13,1.0,0.0,0.0,0.3855607468791683,215.9046186811817,0.925,605.3790497698134,559.9756210370774,45.40342873273596,1.0,0.0,0.0,0.3855607468791682,215.9046186811815,0.925,605.379049769813,559.9756210370771,45.40342873273596,1.0,0.0,0.0,0.38541195308173437,215.7110871807813,0.925,605.0699088751909,559.6896657095516,45.380243165639286,0.0,0.0,0.0,0.08724817754776784,0.0,0.88,0.0,0.0,0.0,1.0,,,0.101,169.64373168615433,1679.640907783706,1679.640907783706,0.0,52.068868141294885,0.0,,,211.84660098172833,-2.842170943040401e-14,91.09403842214319,3.0,1101.674206546073,0.0,0.0,0.0,127.4196387291188
66,1,67,0.11566,0.0,1101.6742065460728,,,,0,0.0,1,1891.487508765434,1891.487508765434,-0.0,302.63800140246946,62.79738529101241,0.0,,,284.5101503167739,1891.487508765434,1815.828008414817,75.65950035061735,1891.487508765434,0.0,1.0,0.0,0.0,0.1566560832225054,94.95754584463656,0.96,631.4093153620965,606.1529427476127,25.256372614483894,1.0,0.0,0.0,0.15669714010146069,94.77631162104879,0.96,630.0390967016689,604.8375328336022,25.201563868066728,1.0,0.0,0.0,0.15669710906839965,94.77629285108871,0.96,630.0390967016689,604.8375328336022,25.201563868066728,,,,647.5203245431446,1815.828008414817,1679.640907783706,136.1871006311112,1815.8280084148173,-2.2737367544323206e-13,1.0,0.0,0.0,0.3855607468791683,215.9046186811817,0.925,605.3790497698134,559.9756210370774,45.40342873273596,1.0,0.0,0.0,0.3855607468791682,215.9046186811815,0.925,605.379049769813,559.9756210370771,45.40342873273596,1.0,0.0,0.0,0.38541195308173437,215.7110871807813,0.925,605.0699088751909,559.6896657095516,45.380243165639286,0.0,0.0,0.0,0.08724817754776784,0.0,0.88,0.0,0.0,0.0,1.0,,,0.101,169.64373168615433,1679.640907783706,1679.640907783706,0.0,52.068868141294885,0.0,,,211.84660098172833,-2.842170943040401e-14,91.09403842214319,3.0,1101.6742065460728,0.0,0.0,0.0,127.41963872911877
67,1,68,0.11566,0.0,1101.6742065460728,,,,0,0.0,1,1891.487508765434,1891.487508765434,-0.0,302.63800140246946,62.79738529101241,0.0,,,284.5101503167739,1891.487508765434,1815.828008414817,75.65950035061735,1891.487508765434,0.0,1.0,0.0,0.0,0.1566560832225054,94.95754584463656,0.96,631.4093153620965,606.1529427476127,25.256372614483894,1.0,0.0,0.0,0.15669714010146069,94.77631162104879,0.96,630.0390967016689,604.8375328336022,25.201563868066728,1.0,0.0,0.0,0.15669710906839965,94.77629285108871,0.96,630.0390967016689,604.8375328336022,25.201563868066728,,,,647.5203245431446,1815.828008414817,1679.640907783706,136.1871006311112,1815.8280084148173,-2.2737367544323206e-13,1.0,0.0,0.0,0.3855607468791683,215.9046186811817,0.925,605.3790497698134,559.9756210370774,45.40342873273596,1.0,0.0,0.0,0.3855607468791682,215.9046186811815,0.925,605.379049769813,559.9756210370771,45.40342873273596,1.0,0.0,0.0,0.38541195308173437,215.7110871807813,0.925,605.0699088751909,559.6896657095516,45.380243165639286,0.0,0.0,0.0,0.08724817754776784,0.0,0.88,0.0,0.0,0.0,1.0,,,0.101,169.64373168615433,1679.640907783706,1679.640907783706,0.0,52.068868141294885,0.0,,,211.84660098172833,-2.842170943040401e-14,91.09403842214319,3.0,1101.6742065460728,0.0,0.0,0.0,127.41963872911877
68,1,69,0.11566,0.0,1101.6742065460728,,,,0,0.0,1,1891.487508765434,1891.487508765434,-0.0,302.63800140246946,62.79738529101241,0.0,,,284.5101503167739,1891.487508765434,1815.828008414817,75.65950035061735,1891.487508765434,0.0,1.0,0.0,0.0,0.1566560832225054,94.95754584463656,0.96,631.4093153620965,606.1529427476127,25.256372614483894,1.0,0.0,0.0,0.15669714010146069,94.77631162104879,0.96,630.0390967016689,604.8375328336022,25.201563868066728,1.0,0.0,0.0,0.15669710906839965,94.77629285108871,0.96,630.0390967016689,604.8375328336022,25.201563868066728,,,,647.5203245431446,1815.828008414817,1679.640907783706,136.1871006311112,1815.8280084148173,-2.2737367544323206e-13,1.0,0.0,0.0,0.3855607468791683,215.9046186811817,0.925,605.3790497698134,559.9756210370774,45.40342873273596,1.0,0.0,0.0,0.3855607468791682,215.9046186811815,0.925,605.379049769813,559.9756210370771,45.40342873273596,1.0,0.0,0.0,0.38541195308173437,215.7110871807813,0.925,605.0699088751909,559.6896657095516,45.380243165639286,0.0,0.0,0.0,0.08724817754776787,0.0,0.8800000000000001,0.0,0.0,0.0,1.0,,,0.101,169.64373168615433,1679.640907783706,1679.640907783706,0.0,52.068868141294885,0.0,,,211.84660098172833,-2.842170943040401e-14,91.09403842214319,3.0,1101.6742065460728,0.0,0.0,0.0,127.41963872911877
69,1,70,0.11566,0.0,1101.6742065460728,,,,0,0.0,1,1891.487508765434,1891.487508765434,-0.0,302.63800140246946,62.79738529101241,0.0,,,284.5101503167739,1891.487508765434,1815.828008414817,75.65950035061735,1891.487508765434,0.0,1.0,0.0,0.0,0.1566560832225054,94.95754584463656,0.96,631.4093153620965,606.1529427476127,25.256372614483894,1.0,0.0,0.0,0.15669714010146069,94.77631162104879,0.96,630.0390967016689,604.8375328336022,25.201563868066728,1.0,0.0,0.0,0.15669710906839965,94.77629285108871,0.96,630.0390967016689,604.8375328336022,25.201563868066728,,,,647.5203245431446,1815.828008414817,1679.640907783706,136.1871006311112,1815.8280084148173,-2.2737367544323206e-13,1.0,0.0,0.0,0.3855607468791683,215.9046186811817,0.925,605.3790497698134,559.9756210370774,45.40342873273596,1.0,0.0,0.0,0.3855607468791682,215.9046186811815,0.925,605.379049769813,559.9756210370771,45.40342873273596,1.0,0.0,0.0,0.38541195308173437,215.7110871807813,0.925,605.0699088751909,559.6896657095516,45.380243165639286,0.0,0.0,0.0,0.08724817754776784,0.0,0.88,0.0,0.0,0.0,1.0,,,0.101,169.64373168615433,1679.640907783706,1679.640907783706,0.0,52.068868141294885,0.0,,,211.84660098172833,-2.842170943040401e-14,91.09403842214319,3.0,1101.6742065460728,0.0,0.0,0.0,127.41963872911877
70,1,71,0.11506,0.0,1101.6742065460726,,,,0,0.0,1,1891.487508765434,1891.487508765434,-0.0,302.63800140246946,62.79738529101241,0.0,,,284.5101503167738,1891.487508765434,1815.828008414817,75.65950035061735,1891.487508765434,0.0,1.0,0.0,0.0,0.1566560832225054,94.95754584463656,0.96,631.4093153620965,606.1529427476127,25.256372614483894,1.0,0.0,0.0,0.15669714010146069,94.77631162104879,0.96,630.0390967016689,604.8375328336022,25.201563868066728,1.0,0.0,0.0,0.15669710906839965,94.77629285108871,0.96,630.0390967016689,604.8375328336022,25.201563868066728,,,,647.5203245431446,1815.828008414817,1679.640907783706,136.1871006311112,1815.8280084148173,-2.2737367544323206e-13,1.0,0.0,0.0,0.3855607468791683,215.9046186811817,0.925,605.3790497698134,559.9756210370774,45.40342873273596,1.0,0.0,0.0,0.3855607468791682,215.9046186811815,0.925,605.379049769813,559.9756210370771,45.40342873273596,1.0,0.0,0.0,0.38541195308173437,215.7110871807813,0.925,605.0699088751909,559.6896657095516,45.380243165639286,0.0,0.0,0.0,0.08724817754776784,0.0,0.88,0.0,0.0,0.0,1.0,,,0.101,169.64373168615433,1679.640907783706,1679.640907783706,0.0,52.068868141294885,0.0,,,211.84660098172833,-1.4210854715202004e-13,91.09403842214319,3.0,1101.6742065460726,0.0,0.0,0.0,126.7586342051911
71,1,72,0.11506,0.0,1101.6742065460726,,,,0,0.0,1,1891.487508765434,1891.487508765434,-0.0,302.63800140246946,62.79738529101241,0.0,,,284.5101503167739,1891.487508765434,1815.828008414817,75.65950035061735,1891.487508765434,0.0,1.0,0.0,0.0,0.1566560832225054,94.95754584463656,0.96,631.4093153620965,606.1529427476127,25.256372614483894,1.0,0.0,0.0,0.15669714010146069,94.77631162104879,0.96,630.0390967016689,604.8375328336022,25.201563868066728,1.0,0.0,0.0,0.15669710906839965,94.77629285108871,0.96,630.0390967016689,604.8375328336022,25.201563868066728,,,,647.5203245431445,1815.828008414817,1679.6409077837059,136.18710063111132,1815.8280084148173,-2.2737367544323206e-13,1.0,0.0,0.0,0.3855607468791683,215.9046186811817,0.925,605.3790497698134,559.9756210370774,45.40342873273596,1.0,0.0,0.0,0.3855607468791682,215.9046186811815,0.925,605.379049769813,559.9756210370771,45.40342873273596,1.0,0.0,0.0,0.38541195308173437,215.71108718078125,0.9249999999999999,605.0699088751909,559.6896657095515,45.3802431656394,0.0,0.0,0.0,0.08724817754776784,0.0,0.88,0.0,0.0,0.0,1.0,,,0.101,169.6437316861543,1679.6409077837059,1679.6409077837059,0.0,52.06886814129488,0.0,,,211.84660098172844,-1.1368683772161603e-13,91.09403842214323,3.0,1101.6742065460726,0.0,0.0,0.0,126.7586342051911
72,1,73,0.11506,0.0,1101.6742065460726,,,,0,0.0,1,1891.487508765434,1891.487508765434,-0.0,302.63800140246946,62.79738529101241,0.0,,,284.5101503167738,1891.487508765434,1815.828008414817,75.65950035061735,1891.487508765434,0.0,1.0,0.0,0.0,0.1566560832225054,94.95754584463656,0.96,631.4093153620965,606.1529427476127,25.256372614483894,1.0,0.0,0.0,0.15669714010146069,94.77631162104879,0.96,630.0390967016689,604.8375328336022,25.201563868066728,1.0,0.0,0.0,0.15669710906839965,94.77629285108871,0.96,630.0390967016689,604.8375328336022,25.201563868066728,,,,647.5203245431446,1815.828008414817,1679.640907783706,136.1871006311112,1815.8280084148173,-2.2737367544323206e-13,1.0,0.0,0.0,0.3855607468791683,215.9046186811817,0.925,605.3790497698134,559.9756210370774,45.40342873273596,1.0,0.0,0.0,0.3855607468791682,215.9046186811815,0.925,605.379049769813,559.9756210370771,45.40342873273596,1.0,0.0,0.0,0.38541195308173437,215.7110871807813,0.925,605.0699088751909,559.6896657095516,45.380243165639286,0.0,0.0,0.0,0.08724817754776784,0.0,0.88,0.0,0.0,0.0,1.0,,,0.101,169.64373168615433,1679.640907783706,1679.640907783706,0.0,52.068868141294885,0.0,,,211.84660098172833,-1.4210854715202004e-13,91.09403842214319,3.0,1101.6742065460726,0.0,0.0,0.0,126.7586342051911
73,1,74,0.11506,0.0,1101.6742065460726,,,,0,0.0,1,1891.487508765434,1891.487508765434,-0.0,302.63800140246946,62.79738529101241,0.0,,,284.5101503167738,1891.487508765434,1815.828008414817,75.65950035061735,1891.487508765434,0.0,1.0,0.0,0.0,0.1566560832225054,94.95754584463656,0.96,631.4093153620965,606.1529427476127,25.256372614483894,1.0,0.0,0.0,0.15669714010146069,94.77631162104879,0.96,630.0390967016689,604.8375328336022,25.201563868066728,1.0,0.0,0.0,0.15669710906839965,94.77629285108871,0.96,630.0390967016689,604.8375328336022,25.201563868066728,,,,647.5203245431446,1815.828008414817,1679.640907783706,136.1871006311112,1815.8280084148173,-2.2737367544323206e-13,1.0,0.0,0.0,0.3855607468791683,215.9046186811817,0.925,605.3790497698134,559.9756210370774,45.40342873273596,1.0,0.0,0.0,0.3855607468791682,215.9046186811815,0.925,605.379049769813,559.9756210370771,45.40342873273596,1.0,0.0,0.0,0.38541195308173437,215.7110871807813,0.925,605.0699088751909,559.6896657095516,45.380243165639286,0.0,0.0,0.0,0.08724817754776787,0.0,0.8800000000000001,0.0,0.0,0.0,1.0,,,0.101,169.64373168615433,1679.640907783706,1679.640907783706,0.0,52.068868141294885,0.0,,,211.84660098172833,-1.4210854715202004e-13,91.09403842214319,3.0,1101.6742065460726,0.0,0.0,0.0,126.7586342051911
74,1,75,0.11506,0.0,1101.6742065460726,,,,0,0.0,1,1891.487508765434,1891.487508765434,-0.0,302.63800140246946,62.79738529101241,0.0,,,284.5101503167738,1891.487508765434,1815.828008414817,75.65950035061735,1891.487508765434,0.0,1.0,0.0,0.0,0.1566560832225054,94.95754584463656,0.96,631.4093153620965,606.1529427476127,25.256372614483894,1.0,0.0,0.0,0.15669714010146069,94.77631162104879,0.96,630.0390967016689,604.8375328336022,25.201563868066728,1.0,0.0,0.0,0.15669710906839965,94.77629285108871,0.96,630.0390967016689,604.8375328336022,25.201563868066728,,,,647.5203245431446,1815.828008414817,1679.640907783706,136.1871006311112,1815.8280084148173,-2.2737367544323206e-13,1.0,0.0,0.0,0.3855607468791683,215.9046186811817,0.925,605.3790497698134,559.9756210370774,45.40342873273596,1.0,0.0,0.0,0.3855607468791682,215.9046186811815,0.925,605.379049769813,559.9756210370771,45.40342873273596,1.0,0.0,0.0,0.38541195308173437,215.7110871807813,0.925,605.0699088751909,559.6896657095516,45.380243165639286,0.0,0.0,0.0,0.08724817754776784,0.0,0.88,0.0,0.0,0.0,1.0,,,0.101,169.64373168615433,1679.640907783706,1679.640907783706,0.0,52.068868141294885,0.0,,,211.84660098172833,-1.4210854715202004e-13,91.09403842214319,3.0,1101.6742065460726,0.0,0.0,0.0,126.7586342051911
75,1,76,0.11506,0.0,1101.6742065460726,,,,0,0.0,1,1891.487508765434,1891.487508765434,-0.0,302.63800140246946,62.79738529101241,0.0,,,284.5101503167738,1891.487508765434,1815.828008414817,75.65950035061735,1891.487508765434,0.0,1.0,0.0,0.0,0.1566560832225054,94.95754584463656,0.96,631.4093153620965,606.1529427476127,25.256372614483894,1.0,0.0,0.0,0.15669714010146069,94.77631162104879,0.96,630.0390967016689,604.8375328336022,25.201563868066728,1.0,0.0,0.0,0.15669710906839965,94.77629285108871,0.96,630.0390967016689,604.8375328336022,25.201563868066728,,,,647.5203245431446,1815.828008414817,1679.640907783706,136.1871006311112,1815.8280084148173,-2.2737367544323206e-13,1.0,0.0,0.0,0.3855607468791683,215.9046186811817,0.925,605.3790497698134,559.9756210370774,45.40342873273596,1.0,0.0,0.0,0.3855607468791682,215.9046186811815,0.925,605.379049769813,559.9756210370771,45.40342873273596,1.0,0.0,0.0,0.38541195308173437,215.7110871807813,0.925,605.0699088751909,559.6896657095516,45.380243165639286,0.0,0.0,0.0,0.08724817754776787,0.0,0.8800000000000001,0.0,0.0,0.0,1.0,,,0.101,169.64373168615433,1679.640907783706,1679.640907783706,0.0,52.068868141294885,0.0,,,211.84660098172833,-1.4210854715202004e-13,91.09403842214319,3.0,1101.6742065460726,0.0,0.0,0.0,126.7586342051911
76,1,77,0.11506,0.0,1101.6742065460726,,,,0,0.0,1,1891.487508765434,1891.487508765434,-0.0,302.63800140246946,62.79738529101241,0.0,,,284.5101503167738,1891.487508765434,1815.828008414817,75.65950035061735,1891.487508765434,0.0,1.0,0.0,0.0,0.1566560832225054,94.95754584463656,0.96,631.4093153620965,606.1529427476127,25.256372614483894,1.0,0.0,0.0,0.15669714010146069,94.77631162104879,0.96,630.0390967016689,604.8375328336022,25.201563868066728,1.0,0.0,0.0,0.15669710906839965,94.77629285108871,0.96,630.0390967016689,604.8375328336022,25.201563868066728,,,,647.5203245431446,1815.828008414817,1679.640907783706,136.1871006311112,1815.8280084148173,-2.2737367544323206e-13,1.0,0.0,0.0,0.3855607468791683,215.9046186811817,0.925,605.3790497698134,559.9756210370774,45.40342873273596,1.0,0.0,0.0,0.3855607468791682,215.9046186811815,0.925,605.379049769813,559.9756210370771,45.40342873273596,1.0,0.0,0.0,0.38541195308173437,215.7110871807813,0.925,605.0699088751909,559.6896657095516,45.380243165639286,0.0,0.0,0.0,0.08724817754776784,0.0,0.88,0.0,0.0,0.0,1.0,,,0.101,169.64373168615433,1679.640907783706,1679.640907783706,0.0,52.068868141294885,0.0,,,211.84660098172833,-1.4210854715202004e-13,91.09403842214319,3.0,1101.6742065460726,0.0,0.0,0.0,126.7586342051911
77,1,78,0.11506,0.0,1101.6742065460728,,,,0,0.0,1,1891.487508765434,1891.487508765434,-0.0,302.63800140246946,62.79738529101241,0.0,,,284.5101503167739,1891.487508765434,1815.828008414817,75.65950035061735,1891.487508765434,0.0,1.0,0.0,0.0,0.1566560832225054,94.95754584463656,0.96,631.4093153620965,606.1529427476127,25.256372614483894,1.0,0.0,0.0,0.15669714010146069,94.77631162104879,0.96,630.0390967016689,604.8375328336022,25.201563868066728,1.0,0.0,0.0,0.15669710906839965,94.77629285108871,0.96,630.0390967016689,604.8375328336022,25.201563868066728,,,,647.5203245431446,1815.828008414817,1679.640907783706,136.1871006311112,1815.8280084148173,-2.2737367544323206e-13,1.0,0.0,0.0,0.3855607468791683,215.9046186811817,0.925,605.3790497698134,559.9756210370774,45.40342873273596,1.0,0.0,0.0,0.3855607468791682,215.9046186811815,0.925,605.379049769813,559.9756210370771,45.40342873273596,1.0,0.0,0.0,0.38541195308173437,215.7110871807813,0.925,605.0699088751909,559.6896657095516,45.380243165639286,0.0,0.0,0.0,0.08724817754776787,0.0,0.8800000000000001,0.0,0.0,0.0,1.0,,,0.101,169.64373168615433,1679.640907783706,1679.640907783706,0.0,52.068868141294885,0.0,,,211.84660098172833,-2.842170943040401e-14,91.09403842214319,3.0,1101.6742065460728,0.0,0.0,0.0,126.75863420519113
78,1,79,0.11506,0.0,1101.6742065460726,,,,0,0.0,1,1891.487508765434,1891.487508765434,-0.0,302.63800140246946,62.79738529101241,0.0,,,284.5101503167738,1891.487508765434,1815.828008414817,75.65950035061735,1891.487508765434,0.0,1.0,0.0,0.0,0.1566560832225054,94.95754584463656,0.96,631.4093153620965,606.1529427476127,25.256372614483894,1.0,0.0,0.0,0.15669714010146069,94.77631162104879,0.96,630.0390967016689,604.8375328336022,25.201563868066728,1.0,0.0,0.0,0.15669710906839965,94.77629285108871,0.96,630.0390967016689,604.8375328336022,25.201563868066728,,,,647.5203245431446,1815.828008414817,1679.640907783706,136.1871006311112,1815.8280084148173,-2.2737367544323206e-13,1.0,0.0,0.0,0.3855607468791683,215.9046186811817,0.925,605.3790497698134,559.9756210370774,45.40342873273596,1.0,0.0,0.0,0.3855607468791682,215.9046186811815,0.925,605.379049769813,559.9756210370771,45.40342873273596,1.0,0.0,0.0,0.38541195308173437,215.7110871807813,0.925,605.0699088751909,559.6896657095516,45.380243165639286,0.0,0.0,0.0,0.08724817754776784,0.0,0.88,0.0,0.0,0.0,1.0,,,0.101,169.64373168615433,1679.640907783706,1679.640907783706,0.0,52.068868141294885,0.0,,,211.84660098172833,-1.4210854715202004e-13,91.09403842214319,3.0,1101.6742065460726,0.0,0.0,0.0,126.7586342051911
79,1,80,0.11506,0.0,1101.6742065460726,,,,0,0.0,1,1891.487508765434,1891.487508765434,-0.0,302.63800140246946,62.79738529101241,0.0,,,284.5101503167738,1891.487508765434,1815.828008414817,75.65950035061735,1891.487508765434,0.0,1.0,0.0,0.0,0.1566560832225054,94.95754584463656,0.96,631.4093153620965,606.1529427476127,25.256372614483894,1.0,0.0,0.0,0.15669714010146069,94.77631162104879,0.96,630.0390967016689,604.8375328336022,25.201563868066728,1.0,0.0,0.0,0.15669710906839965,94.77629285108871,0.96,630.0390967016689,604.8375328336022,25.201563868066728,,,,647.5203245431446,1815.828008414817,1679.640907783706,136.1871006311112,1815.8280084148173,-2.2737367544323206e-13,1.0,0.0,0.0,0.3855607468791683,215.9046186811817,0.925,605.3790497698134,559.9756210370774,45.40342873273596,1.0,0.0,0.0,0.3855607468791682,215.9046186811815,0.925,605.379049769813,559.9756210370771,45.40342873273596,1.0,0.0,0.0,0.38541195308173437,215.7110871807813,0.925,605.0699088751909,559.6896657095516,45.380243165639286,0.0,0.0,0.0,0.08724817754776784,0.0,0.88,0.0,0.0,0.0,1.0,,,0.101,169.64373168615433,1679.640907783706,1679.640907783706,0.0,52.068868141294885,0.0,,,211.84660098172833,-1.4210854715202004e-13,91.09403842214319,3.0,1101.6742065460726,0.0,0.0,0.0,126.7586342051911
80,1,81,0.07074,0.0,1101.6742065460728,,,,0,0.0,1,1891.487508765434,1891.487508765434,-0.0,302.63800140246946,62.79738529101241,0.0,,,284.5101503167739,1891.487508765434,1815.828008414817,75.65950035061735,1891.487508765434,0.0,1.0,0.0,0.0,0.1566560832225054,94.95754584463656,0.96,631.4093153620965,606.1529427476127,25.256372614483894,1.0,0.0,0.0,0.15669714010146069,94.77631162104879,0.96,630.0390967016689,604.8375328336022,25.201563868066728,1.0,0.0,0.0,0.15669710906839965,94.77629285108871,0.96,630.0390967016689,604.8375328336022,25.201563868066728,,,,647.5203245431446,1815.828008414817,1679.640907783706,136.1871006311112,1815.8280084148173,-2.2737367544323206e-13,1.0,0.0,0.0,0.3855607468791683,215.9046186811817,0.925,605.3790497698134,559.9756210370774,45.40342873273596,1.0,0.0,0.0,0.3855607468791682,215.9046186811815,0.925,605.379049769813,559.9756210370771,45.40342873273596,1.0,0.0,0.0,0.38541195308173437,215.7110871807813,0.925,605.0699088751909,559.6896657095516,45.380243165639286,0.0,0.0,0.0,0.08724817754776784,0.0,0.88,0.0,0.0,0.0,1.0,,,0.101,169.64373168615433,1679.640907783706,1679.640907783706,0.0,52.068868141294885,0.0,,,211.84660098172833,-2.842170943040401e-14,91.09403842214319,3.0,1101.6742065460728,0.0,0.0,0.0,77.9324333710692
81,1,82,0.07074,0.0,1101.6742065460728,,,,0,0.0,1,1891.487508765434,1891.487508765434,-0.0,302.63800140246946,62.79738529101241,0.0,,,284.5101503167739,1891.487508765434,1815.828008414817,75.65950035061735,1891.487508765434,0.0,1.0,0.0,0.0,0.1566560832225054,94.95754584463656,0.96,631.4093153620965,606.1529427476127,25.256372614483894,1.0,0.0,0.0,0.15669714010146069,94.77631162104879,0.96,630.0390967016689,604.8375328336022,25.201563868066728,1.0,0.0,0.0,0.15669710906839965,94.77629285108871,0.96,630.0390967016689,604.8375328336022,25.201563868066728,,,,647.5203245431446,1815.828008414817,1679.640907783706,136.1871006311112,1815.8280084148173,-2.2737367544323206e-13,1.0,0.0,0.0,0.3855607468791683,215.9046186811817,0.925,605.3790497698134,559.9756210370774,45.40342873273596,1.0,0.0,0.0,0.3855607468791682,215.9046186811815,0.925,605.379049769813,559.9756210370771,45.40342873273596,1.0,0.0,0.0,0.38541195308173437,215.7110871807813,0.925,605.0699088751909,559.6896657095516,45.380243165639286,0.0,0.0,0.0,0.08724817754776784,0.0,0.88,0.0,0.0,0.0,1.0,,,0.101,169.64373168615433,1679.640907783706,1679.640907783706,0.0,52.068868141294885,0.0,,,211.84660098172833,-2.842170943040401e-14,91.09403842214319,3.0,1101.6742065460728,0.0,0.0,0.0,77.9324333710692
82,1,83,0.07074,0.0,1101.6742065460726,,,,0,0.0,1,1891.487508765434,1891.487508765434,-0.0,302.63800140246946,62.79738529101241,0.0,,,284.5101503167738,1891.487508765434,1815.828008414817,75.65950035061735,1891.487508765434,0.0,1.0,0.0,0.0,0.1566560832225054,94.95754584463656,0.96,631.4093153620965,606.1529427476127,25.256372614483894,1.0,0.0,0.0,0.15669714010146069,94.77631162104879,0.96,630.0390967016689,604.8375328336022,25.201563868066728,1.0,0.0,0.0,0.15669710906839965,94.77629285108871,0.96,630.0390967016689,604.8375328336022,25.201563868066728,,,,647.5203245431446,1815.828008414817,1679.640907783706,136.1871006311112,1815.8280084148173,-2.2737367544323206e-13,1.0,0.0,0.0,0.3855607468791683,215.9046186811817,0.925,605.3790497698134,559.9756210370774,45.40342873273596,1.0,0.0,0.0,0.3855607468791682,215.9046186811815,0.925,605.379049769813,559.9756210370771,45.40342873273596,1.0,0.0,0.0,0.38541195308173437,215.7110871807813,0.925,605.0699088751909,559.6896657095516,45.380243165639286,0.0,0.0,0.0,0.08724817754776787,0.0,0.8800000000000001,0.0,0.0,0.0,1.0,,,0.101,169.64373168615433,1679.640907783706,1679.640907783706,0.0,52.068868141294885,0.0,,,211.84660098172833,-1.4210854715202004e-13,91.09403842214319,3.0,1101.6742065460726,0.0,0.0,0.0,77.93243337106917
83,1,84,0.07074,0.0,1101.6742065460726,,,,0,0.0,1,1891.487508765434,1891.487508765434,-0.0,302.63800140246946,62.79738529101241,0.0,,,284.5101503167738,1891.487508765434,1815.828008414817,75.65950035061735,1891.487508765434,0.0,1.0,0.0,0.0,0.1566560832225054,94.95754584463656,0.96,631.4093153620965,606.1529427476127,25.256372614483894,1.0,0.0,0.0,0.15669714010146069,94.77631162104879,0.96,630.0390967016689,604.8375328336022,25.201563868066728,1.0,0.0,0.0,0.15669710906839965,94.77629285108871,0.96,630.0390967016689,604.8375328336022,25.201563868066728,,,,647.5203245431446,1815.828008414817,1679.640907783706,136.1871006311112,1815.8280084148173,-2.2737367544323206e-13,1.0,0.0,0.0,0.3855607468791683,215.9046186811817,0.925,605.3790497698134,559.9756210370774,45.40342873273596,1.0,0.0,0.0,0.3855607468791682,215.9046186811815,0.925,605.379049769813,559.9756210370771,45.40342873273596,1.0,0.0,0.0,0.38541195308173437,215.7110871807813,0.925,605.0699088751909,559.6896657095516,45.380243165639286,0.0,0.0,0.0,0.08724817754776784,0.0,0.88,0.0,0.0,0.0,1.0,,,0.101,169.64373168615433,1679.640907783706,1679.640907783706,0.0,52.068868141294885,0.0,,,211.84660098172833,-1.4210854715202004e-13,91.09403842214319,3.0,1101.6742065460726,0.0,0.0,0.0,77.93243337106917
84,1,85,0.07074,0.0,1101.6742065460728,,,,0,0.0,1,1891.487508765434,1891.487508765434,-0.0,302.63800140246946,62.79738529101241,0.0,,,284.5101503167739,1891.487508765434,1815.828008414817,75.65950035061735,1891.487508765434,0.0,1.0,0.0,0.0,0.1566560832225054,94.95754584463656,0.96,631.4093153620965,606.1529427476127,25.256372614483894,1.0,0.0,0.0,0.15669714010146069,94.77631162104879,0.96,630.0390967016689,604.8375328336022,25.201563868066728,1.0,0.0,0.0,0.15669710906839965,94.77629285108871,0.96,630.0390967016689,604.8375328336022,25.201563868066728,,,,647.5203245431446,1815.828008414817,1679.640907783706,136.1871006311112,1815.8280084148173,-2.2737367544323206e-13,1.0,0.0,0.0,0.3855607468791683,215.9046186811817,0.925,605.3790497698134,559.9756210370774,45.40342873273596,1.0,0.0,0.0,0.3855607468791682,215.9046186811815,0.925,605.379049769813,559.9756210370771,45.40342873273596,1.0,0.0,0.0,0.38541195308173437,215.7110871807813,0.925,605.0699088751909,559.6896657095516,45.380243165639286,0.0,0.0,0.0,0.08724817754776784,0.0,0.88,0.0,0.0,0.0,1.0,,,0.101,169.64373168615433,1679.640907783706,1679.640907783706,0.0,52.068868141294885,0.0,,,211.84660098172833,-2.842170943040401e-14,91.09403842214319,3.0,1101.6742065460728,0.0,0.0,0.0,77.9324333710692
85,1,86,0.07074,0.0,1101.6742065460728,,,,0,0.0,1,1891.487508765434,1891.487508765434,-0.0,302.63800140246946,62.79738529101241,0.0,,,284.5101503167739,1891.487508765434,1815.828008414817,75.65950035061735,1891.487508765434,0.0,1.0,0.0,0.0,0.1566560832225054,94.95754584463656,0.96,631.4093153620965,606.1529427476127,25.256372614483894,1.0,0.0,0.0,0.15669714010146069,94.77631162104879,0.96,630.0390967016689,604.8375328336022,25.201563868066728,1.0,0.0,0.0,0.15669710906839965,94.77629285108871,0.96,630.0390967016689,604.8375328336022,25.201563868066728,,,,647.5203245431446,1815.828008414817,1679.640907783706,136.1871006311112,1815.8280084148173,-2.2737367544323206e-13,1.0,0.0,0.0,0.3855607468791683,215.9046186811817,0.925,605.3790497698134,559.9756210370774,45.40342873273596,1.0,0.0,0.0,0.3855607468791682,215.9046186811815,0.925,605.379049769813,559.9756210370771,45.40342873273596,1.0,0.0,0.0,0.38541195308173437,215.7110871807813,0.925,605.0699088751909,559.6896657095516,45.380243165639286,0.0,0.0,0.0,0.08724817754776787,0.0,0.8800000000000001,0.0,0.0,0.0,1.0,,,0.101,169.64373168615433,1679.640907783706,1679.640907783706,0.0,52.068868141294885,0.0,,,211.84660098172833,-2.842170943040401e-14,91.09403842214319,3.0,1101.6742065460728,0.0,0.0,0.0,77.9324333710692
86,1,87,0.07074,0.0,1101.6742065460728,,,,0,0.0,1,1891.487508765434,1891.487508765434,-0.0,302.63800140246946,62.79738529101241,0.0,,,284.5101503167739,1891.487508765434,1815.828008414817,75.65950035061735,1891.487508765434,0.0,1.0,0.0,0.0,0.1566560832225054,94.95754584463656,0.96,631.4093153620965,606.1529427476127,25.256372614483894,1.0,0.0,0.0,0.15669714010146069,94.77631162104879,0.96,630.0390967016689,604.8375328336022,25.201563868066728,1.0,0.0,0.0,0.15669710906839965,94.77629285108871,0.96,630.0390967016689,604.8375328336022,25.201563868066728,,,,647.5203245431446,1815.828008414817,1679.640907783706,136.1871006311112,1815.8280084148173,-2.2737367544323206e-13,1.0,0.0,0.0,0.3855607468791683,215.9046186811817,0.925,605.3790497698134,559.9756210370774,45.40342873273596,1.0,0.0,0.0,0.3855607468791682,215.9046186811815,0.925,605.379049769813,559.9756210370771,45.40342873273596,1.0,0.0,0.0,0.38541195308173437,215.7110871807813,0.925,605.0699088751909,559.6896657095516,45.380243165639286,0.0,0.0,0.0,0.08724817754776784,0.0,0.88,0.0,0.0,0.0,1.0,,,0.101,169.64373168615433,1679.640907783706,1679.640907783706,0.0,52.068868141294885,0.0,,,211.84660098172833,-2.842170943040401e-14,91.09403842214319,3.0,1101.6742065460728,0.0,0.0,0.0,77.9324333710692
87,1,88,0.07074,0.0,1101.6742065460728,,,,0,0.0,1,1891.487508765434,1891.487508765434,-0.0,302.63800140246946,62.79738529101241,0.0,,,284.5101503167739,1891.487508765434,1815.828008414817,75.65950035061735,1891.487508765434,0.0,1.0,0.0,0.0,0.1566560832225054,94.95754584463656,0.96,631.4093153620965,606.1529427476127,25.256372614483894,1.0,0.0,0.0,0.15669714010146069,94.77631162104879,0.96,630.0390967016689,604.8375328336022,25.201563868066728,1.0,0.0,0.0,0.15669710906839965,94.77629285108871,0.96,630.0390967016689,604.8375328336022,25.201563868066728,,,,647.5203245431446,1815.828008414817,1679.640907783706,136.1871006311112,1815.8280084148173,-2.2737367544323206e-13,1.0,0.0,0.0,0.3855607468791683,215.9046186811817,0.925,605.3790497698134,559.9756210370774,45.40342873273596,1.0,0.0,0.0,0.3855607468791682,215.9046186811815,0.925,605.379049769813,559.9756210370771,45.40342873273596,1.0,0.0,0.0,0.38541195308173437,215.7110871807813,0.925,605.0699088751909,559.6896657095516,45.380243165639286,0.0,0.0,0.0,0.08724817754776784,0.0,0.88,0.0,0.0,0.0,1.0,,,0.101,169.64373168615433,1679.640907783706,1679.640907783706,0.0,52.068868141294885,0.0,,,211.84660098172833,-2.842170943040401e-14,91.09403842214319,3.0,1101.6742065460728,0.0,0.0,0.0,77.9324333710692
88,1,89,0.07074,0.0,1101.6742065460728,,,,0,0.0,1,1891.487508765434,1891.487508765434,-0.0,302.63800140246946,62.79738529101241,0.0,,,284.5101503167739,1891.487508765434,1815.828008414817,75.65950035061735,1891.487508765434,0.0,1.0,0.0,0.0,0.1566560832225054,94.95754584463656,0.96,631.4093153620965,606.1529427476127,25.256372614483894,1.0,0.0,0.0,0.15669714010146069,94.77631162104879,0.96,630.0390967016689,604.8375328336022,25.201563868066728,1.0,0.0,0.0,0.15669710906839965,94.77629285108871,0.96,630.0390967016689,604.8375328336022,25.201563868066728,,,,647.5203245431446,1815.828008414817,1679.640907783706,136.1871006311112,1815.8280084148173,-2.2737367544323206e-13,1.0,0.0,0.0,0.3855607468791683,215.9046186811817,0.925,605.3790497698134,559.9756210370774,45.40342873273596,1.0,0.0,0.0,0.3855607468791682,215.9046186811815,0.925,605.379049769813,559.9756210370771,45.40342873273596,1.0,0.0,0.0,0.38541195308173437,215.7110871807813,0.925,605.0699088751909,559.6896657095516,45.380243165639286,0.0,0.0,0.0,0.08724817754776784,0.0,0.88,0.0,0.0,0.0,1.0,,,0.101,169.64373168615433,1679.640907783706,1679.640907783706,0.0,52.068868141294885,0.0,,,211.84660098172833,-2.842170943040401e-14,91.09403842214319,3.0,1101.6742065460728,0.0,0.0,0.0,77.9324333710692
89,1,90,0.11566,0.0,1101.674206546073,,,,0,0.0,1,1891.487508765434,1891.487508765434,-0.0,302.63800140246946,62.79738529101241,0.0,,,284.5101503167741,1891.487508765434,1815.828008414817,75.65950035061735,1891.487508765434,0.0,1.0,0.0,0.0,0.1566560832225054,94.95754584463656,0.96,631.4093153620965,606.1529427476127,25.256372614483894,1.0,0.0,0.0,0.15669714010146069,94.77631162104879,0.96,630.0390967016689,604.8375328336022,25.201563868066728,1.0,0.0,0.0,0.15669710906839965,94.77629285108871,0.96,630.0390967016689,604.8375328336022,25.201563868066728,,,,647.5203245431446,1815.828008414817,1679.640907783706,136.1871006311112,1815.8280084148173,-2.2737367544323206e-13,1.0,0.0,0.0,0.3855607468791683,215.9046186811817,0.925,605.3790497698134,559.9756210370774,45.40342873273596,1.0,0.0,0.0,0.3855607468791682,215.9046186811815,0.925,605.379049769813,559.9756210370771,45.40342873273596,1.0,0.0,0.0,0.38541195308173437,215.7110871807813,0.925,605.0699088751909,559.6896657095516,45.380243165639286,0.0,0.0,0.0,0.08724817754776784,0.0,0.88,0.0,0.0,0.0,1.0,,,0.101,169.64373168615433,1679.640907783706,1679.640907783706,0.0,52.068868141294885,0.0,,,211.84660098172833,-2.842170943040401e-14,91.09403842214319,3.0,1101.674206546073,0.0,0.0,0.0,127.4196387291188
90,1,91,0.11566,0.0,1101.6742065460728,,,,0,0.0,1,1891.487508765434,1891.487508765434,-0.0,302.63800140246946,62.79738529101241,0.0,,,284.5101503167739,1891.487508765434,1815.828008414817,75.65950035061735,1891.487508765434,0.0,1.0,0.0,0.0,0.1566560832225054,94.95754584463656,0.96,631.4093153620965,606.1529427476127,25.256372614483894,1.0,0.0,0.0,0.15669714010146069,94.77631162104879,0.96,630.0390967016689,604.8375328336022,25.201563868066728,1.0,0.0,0.0,0.15669710906839965,94.77629285108871,0.96,630.0390967016689,604.8375328336022,25.201563868066728,,,,647.5203245431446,1815.828008414817,1679.640907783706,136.1871006311112,1815.8280084148173,-2.2737367544323206e-13,1.0,0.0,0.0,0.3855607468791683,215.9046186811817,0.925,605.3790497698134,559.9756210370774,45.40342873273596,1.0,0.0,0.0,0.3855607468791682,215.9046186811815,0.925,605.379049769813,559.9756210370771,45.40342873273596,1.0,0.0,0.0,0.38541195308173437,215.7110871807813,0.925,605.0699088751909,559.6896657095516,45.380243165639286,0.0,0.0,0.0,0.08724817754776784,0.0,0.88,0.0,0.0,0.0,1.0,,,0.101,169.64373168615433,1679.640907783706,1679.640907783706,0.0,52.068868141294885,0.0,,,211.84660098172833,-2.842170943040401e-14,91.09403842214319,3.0,1101.6742065460728,0.0,0.0,0.0,127.41963872911877
91,1,92,0.11566,0.0,1101.6742065460728,,,,0,0.0,1,1891.487508765434,1891.487508765434,-0.0,302.63800140246946,62.79738529101241,0.0,,,284.5101503167739,1891.487508765434,1815.828008414817,75.65950035061735,1891.487508765434,0.0,1.0,0.0,0.0,0.1566560832225054,94.95754584463656,0.96,631.4093153620965,606.1529427476127,25.256372614483894,1.0,0.0,0.0,0.15669714010146069,94.77631162104879,0.96,630.0390967016689,604.8375328336022,25.201563868066728,1.0,0.0,0.0,0.15669710906839965,94.77629285108871,0.96,630.0390967016689,604.8375328336022,25.201563868066728,,,,647.5203245431446,1815.828008414817,1679.640907783706,136.1871006311112,1815.8280084148173,-2.2737367544323206e-13,1.0,0.0,0.0,0.3855607468791683,215.9046186811817,0.925,605.3790497698134,559.9756210370774,45.40342873273596,1.0,0.0,0.0,0.3855607468791682,215.9046186811815,0.925,605.379049769813,559.9756210370771,45.40342873273596,1.0,0.0,0.0,0.38541195308173437,215.7110871807813,0.925,605.0699088751909,559.6896657095516,45.380243165639286,0.0,0.0,0.0,0.08724817754776784,0.0,0.88,0.0,0.0,0.0,1.0,,,0.101,169.64373168615433,1679.640907783706,1679.640907783706,0.0,52.068868141294885,0.0,,,211.84660098172833,-2.842170943040401e-14,91.09403842214319,3.0,1101.6742065460728,0.0,0.0,0.0,127.41963872911877
92,1,93,0.11566,0.0,1101.6742065460728,,,,0,0.0,1,1891.487508765434,1891.487508765434,-0.0,302.63800140246946,62.79738529101241,0.0,,,284.5101503167739,1891.487508765434,1815.828008414817,75.65950035061735,1891.487508765434,0.0,1.0,0.0,0.0,0.1566560832225054,94.95754584463656,0.96,631.4093153620965,606.1529427476127,25.256372614483894,1.0,0.0,0.0,0.15669714010146069,94.77631162104879,0.96,630.0390967016689,604.8375328336022,25.201563868066728,1.0,0.0,0.0,0.15669710906839965,94.77629285108871,0.96,630.0390967016689,604.8375328336022,25.201563868066728,,,,647.5203245431446,1815.828008414817,1679.640907783706,136.1871006311112,1815.8280084148173,-2.2737367544323206e-13,1.0,0.0,0.0,0.3855607468791683,215.9046186811817,0.925,605.3790497698134,559.9756210370774,45.40342873273596,1.0,0.0,0.0,0.3855607468791682,215.9046186811815,0.925,605.379049769813,559.9756210370771,45.40342873273596,1.0,0.0,0.0,0.38541195308173437,215.7110871807813,0.925,605.0699088751909,559.6896657095516,45.380243165639286,0.0,0.0,0.0,0.08724817754776784,0.0,0.88,0.0,0.0,0.0,1.0,,,0.101,169.64373168615433,1679.640907783706,1679.640907783706,0.0,52.068868141294885,0.0,,,211.84660098172833,-2.842170943040401e-14,91.09403842214319,3.0,1101.6742065460728,0.0,0.0,0.0,127.41963872911877
93,1,94,0.11566,0.0,1101.6742065460728,,,,0,0.0,1,1891.487508765434,1891.487508765434,-0.0,302.63800140246946,62.79738529101241,0.0,,,284.5101503167739,1891.487508765434,1815.828008414817,75.65950035061735,1891.487508765434,0.0,1.0,0.0,0.0,0.1566560832225054,94.95754584463656,0.96,631.4093153620965,606.1529427476127,25.256372614483894,1.0,0.0,0.0,0.15669714010146069,94.77631162104879,0.96,630.0390967016689,604.8375328336022,25.201563868066728,1.0,0.0,0.0,0.15669710906839965,94.77629285108871,0.96,630.0390967016689,604.8375328336022,25.201563868066728,,,,647.5203245431446,1815.828008414817,1679.640907783706,136.1871006311112,1815.8280084148173,-2.2737367544323206e-13,1.0,0.0,0.0,0.3855607468791683,215.9046186811817,0.925,605.3790497698134,559.9756210370774,45.40342873273596,1.0,0.0,0.0,0.3855607468791682,215.9046186811815,0.925,605.379049769813,559.9756210370771,45.40342873273596,1.0,0.0,0.0,0.38541195308173437,215.7110871807813,0.925,605.0699088751909,559.6896657095516,45.380243165639286,0.0,0.0,0.0,0.08724817754776784,0.0,0.88,0.0,0.0,0.0,1.0,,,0.101,169.64373168615433,1679.640907783706,1679.640907783706,0.0,52.068868141294885,0.0,,,211.84660098172833,-2.842170943040401e-14,91.09403842214319,3.0,1101.6742065460728,0.0,0.0,0.0,127.41963872911877
94,1,95,0.11506,0.0,1101.6742065460726,,,,0,0.0,1,1891.487508765434,1891.487508765434,-0.0,302.63800140246946,62.79738529101241,0.0,,,284.5101503167738,1891.487508765434,1815.828008414817,75.65950035061735,1891.487508765434,0.0,1.0,0.0,0.0,0.1566560832225054,94.95754584463656,0.96,631.4093153620965,606.1529427476127,25.256372614483894,1.0,0.0,0.0,0.15669714010146069,94.77631162104879,0.96,630.0390967016689,604.8375328336022,25.201563868066728,1.0,0.0,0.0,0.15669710906839965,94.77629285108871,0.96,630.0390967016689,604.8375328336022,25.201563868066728,,,,647.5203245431446,1815.828008414817,1679.640907783706,136.1871006311112,1815.8280084148173,-2.2737367544323206e-13,1.0,0.0,0.0,0.3855607468791683,215.9046186811817,0.925,605.3790497698134,559.9756210370774,45.40342873273596,1.0,0.0,0.0,0.3855607468791682,215.9046186811815,0.925,605.379049769813,559.9756210370771,45.40342873273596,1.0,0.0,0.0,0.38541195308173437,215.7110871807813,0.925,605.0699088751909,559.6896657095516,45.380243165639286,0.0,0.0,0.0,0.08724817754776784,0.0,0.88,0.0,0.0,0.0,1.0,,,0.101,169.64373168615433,1679.640907783706,1679.640907783706,0.0,52.068868141294885,0.0,,,211.84660098172833,-1.4210854715202004e-13,91.09403842214319,3.0,1101.6742065460726,0.0,0.0,0.0,126.7586342051911
95,1,96,0.11506,0.0,1101.6742065460728,,,,0,0.0,1,1891.487508765434,1891.487508765434,-0.0,302.63800140246946,62.79738529101241,0.0,,,284.5101503167739,1891.487508765434,1815.828008414817,75.65950035061735,1891.487508765434,0.0,1.0,0.0,0.0,0.1566560832225054,94.95754584463656,0.96,631.4093153620965,606.1529427476127,25.256372614483894,1.0,0.0,0.0,0.15669714010146069,94.77631162104879,0.96,630.0390967016689,604.8375328336022,25.201563868066728,1.0,0.0,0.0,0.15669710906839965,94.77629285108871,0.96,630.0390967016689,604.8375328336022,25.201563868066728,,,,647.5203245431446,1815.828008414817,1679.640907783706,136.1871006311112,1815.8280084148173,-2.2737367544323206e-13,1.0,0.0,0.0,0.3855607468791683,215.9046186811817,0.925,605.3790497698134,559.9756210370774,45.40342873273596,1.0,0.0,0.0,0.3855607468791682,215.9046186811815,0.925,605.379049769813,559.9756210370771,45.40342873273596,1.0,0.0,0.0,0.38541195308173437,215.7110871807813,0.925,605.0699088751909,559.6896657095516,45.380243165639286,0.0,0.0,0.0,0.08724817754776784,0.0,0.88,0.0,0.0,0.0,1.0,,,0.101,169.64373168615433,1679.640907783706,1679.640907783706,0.0,52.068868141294885,0.0,,,211.84660098172833,-2.842170943040401e-14,91.09403842214319,3.0,1101.6742065460728,0.0,0.0,0.0,126.75863420519113
96,1,97,0.11506,0.0,1101.6742065460726,,,,0,0.0,1,1891.487508765434,1891.487508765434,-0.0,302.63800140246946,62.79738529101241,0.0,,,284.5101503167738,1891.487508765434,1815.828008414817,75.65950035061735,1891.487508765434,0.0,1.0,0.0,0.0,0.1566560832225054,94.95754584463656,0.96,631.4093153620965,606.1529427476127,25.256372614483894,1.0,0.0,0.0,0.15669714010146069,94.77631162104879,0.96,630.0390967016689,604.8375328336022,25.201563868066728,1.0,0.0,0.0,0.15669710906839965,94.77629285108871,0.96,630.0390967016689,604.8375328336022,25.201563868066728,,,,647.5203245431446,1815.828008414817,1679.640907783706,136.1871006311112,1815.8280084148173,-2.2737367544323206e-13,1.0,0.0,0.0,0.3855607468791683,215.9046186811817,0.925,605.3790497698134,559.9756210370774,45.40342873273596,1.0,0.0,0.0,0.3855607468791682,215.9046186811815,0.925,605.379049769813,559.9756210370771,45.40342873273596,1.0,0.0,0.0,0.38541195308173437,215.7110871807813,0.925,605.0699088751909,559.6896657095516,45.380243165639286,0.0,0.0,0.0,0.08724817754776784,0.0,0.88,0.0,0.0,0.0,1.0,,,0.101,169.64373168615433,1679.640907783706,1679.640907783706,0.0,52.068868141294885,0.0,,,211.84660098172833,-1.4210854715202004e-13,91.09403842214319,3.0,1101.6742065460726,0.0,0.0,0.0,126.7586342051911
97,1,98,0.11506,0.0,1101.6742065460726,,,,0,0.0,1,1891.487508765434,1891.487508765434,-0.0,302.63800140246946,62.79738529101241,0.0,,,284.5101503167738,1891.487508765434,1815.828008414817,75.65950035061735,1891.487508765434,0.0,1.0,0.0,0.0,0.1566560832225054,94.95754584463656,0.96,631.4093153620965,606.1529427476127,25.256372614483894,1.0,0.0,0.0,0.15669714010146069,94.77631162104879,0.96,630.0390967016689,604.8375328336022,25.201563868066728,1.0,0.0,0.0,0.15669710906839965,94.77629285108871,0.96,630.0390967016689,604.8375328336022,25.201563868066728,,,,647.5203245431446,1815.828008414817,1679.640907783706,136.1871006311112,1815.8280084148173,-2.2737367544323206e-13,1.0,0.0,0.0,0.3855607468791683,215.9046186811817,0.925,605.3790497698134,559.9756210370774,45.40342873273596,1.0,0.0,0.0,0.3855607468791682,215.9046186811815,0.925,605.379049769813,559.9756210370771,45.40342873273596,1.0,0.0,0.0,0.38541195308173437,215.7110871807813,0.925,605.0699088751909,559.6896657095516,45.380243165639286,0.0,0.0,0.0,0.08724817754776784,0.0,0.88,0.0,0.0,0.0,1.0,,,0.101,169.64373168615433,1679.640907783706,1679.640907783706,0.0,52.068868141294885,0.0,,,211.84660098172833,-1.4210854715202004e-13,91.09403842214319,3.0,1101.6742065460726,0.0,0.0,0.0,126.7586342051911
98,1,99,0.11506,0.0,1101.6742065460726,,,,0,0.0,1,1891.487508765434,1891.487508765434,-0.0,302.63800140246946,62.79738529101241,0.0,,,284.5101503167738,1891.487508765434,1815.828008414817,75.65950035061735,1891.487508765434,0.0,1.0,0.0,0.0,0.1566560832225054,94.95754584463656,0.96,631.4093153620965,606.1529427476127,25.256372614483894,1.0,0.0,0.0,0.15669714010146069,94.77631162104879,0.96,630.0390967016689,604.8375328336022,25.201563868066728,1.0,0.0,0.0,0.15669710906839965,94.77629285108871,0.96,630.0390967016689,604.8375328336022,25.201563868066728,,,,647.5203245431446,1815.828008414817,1679.640907783706,136.1871006311112,1815.8280084148173,-2.2737367544323206e-13,1.0,0.0,0.0,0.3855607468791683,215.9046186811817,0.925,605.3790497698134,559.9756210370774,45.40342873273596,1.0,0.0,0.0,0.3855607468791682,215.9046186811815,0.925,605.379049769813,559.9756210370771,45.40342873273596,1.0,0.0,0.0,0.38541195308173437,215.7110871807813,0.925,605.0699088751909,559.6896657095516,45.380243165639286,0.0,0.0,0.0,0.08724817754776784,0.0,0.88,0.0,0.0,0.0,1.0,,,0.101,169.64373168615433,1679.640907783706,1679.640907783706,0.0,52.068868141294885,0.0,,,211.84660098172833,-1.4210854715202004e-13,91.09403842214319,3.0,1101.6742065460726,0.0,0.0,0.0,126.7586342051911
99,1,100,0.11506,0.0,1101.6742065460728,,,,0,0.0,1,1891.487508765434,1891.487508765434,-0.0,302.63800140246946,62.79738529101241,0.0,,,284.5101503167739,1891.487508765434,1815.828008414817,75.65950035061735,1891.487508765434,0.0,1.0,0.0,0.0,0.1566560832225054,94.95754584463656,0.96,631.4093153620965,606.1529427476127,25.256372614483894,1.0,0.0,0.0,0.15669714010146069,94.77631162104879,0.96,630.0390967016689,604.8375328336022,25.201563868066728,1.0,0.0,0.0,0.15669710906839965,94.77629285108871,0.96,630.0390967016689,604.8375328336022,25.201563868066728,,,,647.5203245431446,1815.828008414817,1679.640907783706,136.1871006311112,1815.8280084148173,-2.2737367544323206e-13,1.0,0.0,0.0,0.3855607468791683,215.9046186811817,0.925,605.3790497698134,559.9756210370774,45.40342873273596,1.0,0.0,0.0,0.3855607468791682,215.9046186811815,0.925,605.379049769813,559.9756210370771,45.40342873273596,1.0,0.0,0.0,0.38541195308173437,215.7110871807813,0.925,605.0699088751909,559.6896657095516,45.380243165639286,0.0,0.0,0.0,0.08724817754776784,0.0,0.88,0.0,0.0,0.0,1.0,,,0.101,169.64373168615433,1679.640907783706,1679.640907783706,0.0,52.068868141294885,0.0,,,211.84660098172833,-2.842170943040401e-14,91.09403842214319,3.0,1101.6742065460728,0.0,0.0,0.0,126.75863420519113
100,1,101,0.11506,0.0,1101.6742065460726,,,,0,0.0,1,1891.487508765434,1891.487508765434,-0.0,302.63800140246946,62.79738529101241,0.0,,,284.5101503167738,1891.487508765434,1815.828008414817,75.65950035061735,1891.487508765434,0.0,1.0,0.0,0.0,0.1566560832225054,94.95754584463656,0.96,631.4093153620965,606.1529427476127,25.256372614483894,1.0,0.0,0.0,0.15669714010146069,94.77631162104879,0.96,630.0390967016689,604.8375328336022,25.201563868066728,1.0,0.0,0.0,0.15669710906839965,94.77629285108871,0.96,630.0390967016689,604.8375328336022,25.201563868066728,,,,647.5203245431446,1815.828008414817,1679.640907783706,136.1871006311112,1815.8280084148173,-2.2737367544323206e-13,1.0,0.0,0.0,0.3855607468791683,215.9046186811817,0.925,605.3790497698134,559.9756210370774,45.40342873273596,1.0,0.0,0.0,0.3855607468791682,215.9046186811815,0.925,605.379049769813,559.9756210370771,45.40342873273596,1.0,0.0,0.0,0.38541195308173437,215.7110871807813,0.925,605.0699088751909,559.6896657095516,45.380243165639286,0.0,0.0,0.0,0.08724817754776784,0.0,0.88,0.0,0.0,0.0,1.0,,,0.101,169.64373168615433,1679.640907783706,1679.640907783706,0.0,52.068868141294885,0.0,,,211.84660098172833,-1.4210854715202004e-13,91.09403842214319,3.0,1101.6742065460726,0.0,0.0,0.0,126.7586342051911
101,1,102,0.11506,0.0,1101.6742065460726,,,,0,0.0,1,1891.487508765434,1891.487508765434,-0.0,302.63800140246946,62.79738529101241,0.0,,,284.5101503167738,1891.487508765434,1815.828008414817,75.65950035061735,1891.487508765434,0.0,1.0,0.0,0.0,0.1566560832225054,94.95754584463656,0.96,631.4093153620965,606.1529427476127,25.256372614483894,1.0,0.0,0.0,0.15669714010146069,94.77631162104879,0.96,630.0390967016689,604.8375328336022,25.201563868066728,1.0,0.0,0.0,0.15669710906839965,94.77629285108871,0.96,630.0390967016689,604.8375328336022,25.201563868066728,,,,647.5203245431446,1815.828008414817,1679.640907783706,136.1871006311112,1815.8280084148173,-2.2737367544323206e-13,1.0,0.0,0.0,0.3855607468791683,215.9046186811817,0.925,605.3790497698134,559.9756210370774,45.40342873273596,1.0,0.0,0.0,0.3855607468791682,215.9046186811815,0.925,605.379049769813,559.9756210370771,45.40342873273596,1.0,0.0,0.0,0.38541195308173437,215.7110871807813,0.925,605.0699088751909,559.6896657095516,45.380243165639286,0.0,0.0,0.0,0.08724817754776784,0.0,0.88,0.0,0.0,0.0,1.0,,,0.101,169.64373168615433,1679.640907783706,1679.640907783706,0.0,52.068868141294885,0.0,,,211.84660098172833,-1.4210854715202004e-13,91.09403842214319,3.0,1101.6742065460726,0.0,0.0,0.0,126.7586342051911
102,1,103,0.11506,0.0,1101.6742065460726,,,,0,0.0,1,1891.487508765434,1891.487508765434,-0.0,302.63800140246946,62.79738529101241,0.0,,,284.5101503167738,1891.487508765434,1815.828008414817,75.65950035061735,1891.487508765434,0.0,1.0,0.0,0.0,0.1566560832225054,94.95754584463656,0.96,631.4093153620965,606.1529427476127,25.256372614483894,1.0,0.0,0.0,0.15669714010146069,94.77631162104879,0.96,630.0390967016689,604.8375328336022,25.201563868066728,1.0,0.0,0.0,0.15669710906839965,94.77629285108871,0.96,630.0390967016689,604.8375328336022,25.201563868066728,,,,647.5203245431446,1815.828008414817,1679.640907783706,136.1871006311112,1815.8280084148173,-2.2737367544323206e-13,1.0,0.0,0.0,0.3855607468791683,215.9046186811817,0.925,605.3790497698134,559.9756210370774,45.40342873273596,1.0,0.0,0.0,0.3855607468791682,215.9046186811815,0.925,605.379049769813,559.9756210370771,45.40342873273596,1.0,0.0,0.0,0.38541195308173437,215.7110871807813,0.925,605.0699088751909,559.6896657095516,45.380243165639286,0.0,0.0,0.0,0.08724817754776784,0.0,0.88,0.0,0.0,0.0,1.0,,,0.101,169.64373168615433,1679.640907783706,1679.640907783706,0.0,52.068868141294885,0.0,,,211.84660098172833,-1.4210854715202004e-13,91.09403842214319,3.0,1101.6742065460726,0.0,0.0,0.0,126.7586342051911
103,1,104,0.11506,0.0,1101.6742065460726,,,,0,0.0,1,1891.487508765434,1891.487508765434,-0.0,302.63800140246946,62.79738529101241,0.0,,,284.5101503167738,1891.487508765434,1815.828008414817,75.65950035061735,1891.487508765434,0.0,1.0,0.0,0.0,0.1566560832225054,94.95754584463656,0.96,631.4093153620965,606.1529427476127,25.256372614483894,1.0,0.0,0.0,0.15669714010146069,94.77631162104879,0.96,630.0390967016689,604.8375328336022,25.201563868066728,1.0,0.0,0.0,0.15669710906839965,94.77629285108871,0.96,630.0390967016689,604.8375328336022,25.201563868066728,,,,647.5203245431446,1815.828008414817,1679.640907783706,136.1871006311112,1815.8280084148173,-2.2737367544323206e-13,1.0,0.0,0.0,0.3855607468791683,215.9046186811817,0.925,605.3790497698134,559.9756210370774,45.40342873273596,1.0,0.0,0.0,0.3855607468791682,215.9046186811815,0.925,605.379049769813,559.9756210370771,45.40342873273596,1.0,0.0,0.0,0.38541195308173437,215.7110871807813,0.925,605.0699088751909,559.6896657095516,45.380243165639286,0.0,0.0,0.0,0.08724817754776784,0.0,0.88,0.0,0.0,0.0,1.0,,,0.101,169.64373168615433,1679.640907783706,1679.640907783706,0.0,52.068868141294885,0.0,,,211.84660098172833,-1.4210854715202004e-13,91.09403842214319,3.0,1101.6742065460726,0.0,0.0,0.0,126.7586342051911
104,1,105,0.07074,0.0,1101.6742065460728,,,,0,0.0,1,1891.487508765434,1891.487508765434,-0.0,302.63800140246946,62.79738529101241,0.0,,,284.5101503167739,1891.487508765434,1815.828008414817,75.65950035061735,1891.487508765434,0.0,1.0,0.0,0.0,0.1566560832225054,94.95754584463656,0.96,631.4093153620965,606.1529427476127,25.256372614483894,1.0,0.0,0.0,0.15669714010146069,94.77631162104879,0.96,630.0390967016689,604.8375328336022,25.201563868066728,1.0,0.0,0.0,0.15669710906839965,94.77629285108871,0.96,630.0390967016689,604.8375328336022,25.201563868066728,,,,647.5203245431446,1815.828008414817,1679.640907783706,136.1871006311112,1815.8280084148173,-2.2737367544323206e-13,1.0,0.0,0.0,0.3855607468791683,215.9046186811817,0.925,605.3790497698134,559.9756210370774,45.40342873273596,1.0,0.0,0.0,0.3855607468791682,215.9046186811815,0.925,605.379049769813,559.9756210370771,45.40342873273596,1.0,0.0,0.0,0.38541195308173437,215.7110871807813,0.925,605.0699088751909,559.6896657095516,45.380243165639286,0.0,0.0,0.0,0.08724817754776787,0.0,0.8800000000000001,0.0,0.0,0.0,1.0,,,0.101,169.64373168615433,1679.640907783706,1679.640907783706,0.0,52.068868141294885,0.0,,,211.84660098172833,-2.842170943040401e-14,91.09403842214319,3.0,1101.6742065460728,0.0,0.0,0.0,77.9324333710692
105,1,106,0.07074,0.0,1101.6742065460728,,,,0,0.0,1,1891.487508765434,1891.487508765434,-0.0,302.63800140246946,62.79738529101241,0.0,,,284.5101503167739,1891.487508765434,1815.828008414817,75.65950035061735,1891.487508765434,0.0,1.0,0.0,0.0,0.1566560832225054,94.95754584463656,0.96,631.4093153620965,606.1529427476127,25.256372614483894,1.0,0.0,0.0,0.15669714010146069,94.77631162104879,0.96,630.0390967016689,604.8375328336022,25.201563868066728,1.0,0.0,0.0,0.15669710906839965,94.77629285108871,0.96,630.0390967016689,604.8375328336022,25.201563868066728,,,,647.5203245431446,1815.828008414817,1679.640907783706,136.1871006311112,1815.8280084148173,-2.2737367544323206e-13,1.0,0.0,0.0,0.3855607468791683,215.9046186811817,0.925,605.3790497698134,559.9756210370774,45.40342873273596,1.0,0.0,0.0,0.3855607468791682,215.9046186811815,0.925,605.379049769813,559.9756210370771,45.40342873273596,1.0,0.0,0.0,0.38541195308173437,215.7110871807813,0.925,605.0699088751909,559.6896657095516,45.380243165639286,0.0,0.0,0.0,0.08724817754776787,0.0,0.8800000000000001,0.0,0.0,0.0,1.0,,,0.101,169.64373168615433,1679.640907783706,1679.640907783706,0.0,52.068868141294885,0.0,,,211.84660098172833,-2.842170943040401e-14,91.09403842214319,3.0,1101.6742065460728,0.0,0.0,0.0,77.9324333710692
106,1,107,0.07074,0.0,1101.6742065460728,,,,0,0.0,1,1891.487508765434,1891.487508765434,-0.0,302.63800140246946,62.79738529101241,0.0,,,284.5101503167739,1891.487508765434,1815.828008414817,75.65950035061735,1891.487508765434,0.0,1.0,0.0,0.0,0.1566560832225054,94.95754584463656,0.96,631.4093153620965,606.1529427476127,25.256372614483894,1.0,0.0,0.0,0.15669714010146069,94.77631162104879,0.96,630.0390967016689,604.8375328336022,25.201563868066728,1.0,0.0,0.0,0.15669710906839965,94.77629285108871,0.96,630.0390967016689,604.8375328336022,25.201563868066728,,,,647.5203245431446,1815.828008414817,1679.640907783706,136.1871006311112,1815.8280084148173,-2.2737367544323206e-13,1.0,0.0,0.0,0.3855607468791683,215.9046186811817,0.925,605.3790497698134,559.9756210370774,45.40342873273596,1.0,0.0,0.0,0.3855607468791682,215.9046186811815,0.925,605.379049769813,559.9756210370771,45.40342873273596,1.0,0.0,0.0,0.38541195308173437,215.7110871807813,0.925,605.0699088751909,559.6896657095516,45.380243165639286,0.0,0.0,0.0,0.08724817754776784,0.0,0.88,0.0,0.0,0.0,1.0,,,0.101,169.64373168615433,1679.640907783706,1679.640907783706,0.0,52.068868141294885,0.0,,,211.84660098172833,-2.842170943040401e-14,91.09403842214319,3.0,1101.6742065460728,0.0,0.0,0.0,77.9324333710692
107,1,108,0.07074,0.0,1101.6742065460728,,,,0,0.0,1,1891.487508765434,1891.487508765434,-0.0,302.63800140246946,62.79738529101241,0.0,,,284.5101503167739,1891.487508765434,1815.828008414817,75.65950035061735,1891.487508765434,0.0,1.0,0.0,0.0,0.1566560832225054,94.95754584463656,0.96,631.4093153620965,606.1529427476127,25.256372614483894,1.0,0.0,0.0,0.15669714010146069,94.77631162104879,0.96,630.0390967016689,604.8375328336022,25.201563868066728,1.0,0.0,0.0,0.15669710906839965,94.77629285108871,0.96,630.0390967016689,604.8375328336022,25.201563868066728,,,,647.5203245431446,1815.828008414817,1679.640907783706,136.1871006311112,1815.8280084148173,-2.2737367544323206e-13,1.0,0.0,0.0,0.3855607468791683,215.9046186811817,0.925,605.3790497698134,559.9756210370774,45.40342873273596,1.0,0.0,0.0,0.3855607468791682,215.9046186811815,0.925,605.379049769813,559.9756210370771,45.40342873273596,1.0,0.0,0.0,0.38541195308173437,215.7110871807813,0.925,605.0699088751909,559.6896657095516,45.380243165639286,0.0,0.0,0.0,0.08724817754776787,0.0,0.8800000000000001,0.0,0.0,0.0,1.0,,,0.101,169.64373168615433,1679.640907783706,1679.640907783706,0.0,52.068868141294885,0.0,,,211.84660098172833,-2.842170943040401e-14,91.09403842214319,3.0,1101.6742065460728,0.0,0.0,0.0,77.9324333710692
108,1,109,0.07074,0.0,1101.6742065460728,,,,0,0.0,1,1891.487508765434,1891.487508765434,-0.0,302.63800140246946,62.79738529101241,0.0,,,284.5101503167739,1891.487508765434,1815.828008414817,75.65950035061735,1891.487508765434,0.0,1.0,0.0,0.0,0.1566560832225054,94.95754584463656,0.96,631.4093153620965,606.1529427476127,25.256372614483894,1.0,0.0,0.0,0.15669714010146069,94.77631162104879,0.96,630.0390967016689,604.8375328336022,25.201563868066728,1.0,0.0,0.0,0.15669710906839965,94.77629285108871,0.96,630.0390967016689,604.8375328336022,25.201563868066728,,,,647.5203245431446,1815.828008414817,1679.640907783706,136.1871006311112,1815.8280084148173,-2.2737367544323206e-13,1.0,0.0,0.0,0.3855607468791683,215.9046186811817,0.925,605.3790497698134,559.9756210370774,45.40342873273596,1.0,0.0,0.0,0.3855607468791682,215.9046186811815,0.925,605.379049769813,559.9756210370771,45.40342873273596,1.0,0.0,0.0,0.38541195308173437,215.7110871807813,0.925,605.0699088751909,559.6896657095516,45.380243165639286,0.0,0.0,0.0,0.08724817754776784,0.0,0.88,0.0,0.0,0.0,1.0,,,0.101,169.64373168615433,1679.640907783706,1679.640907783706,0.0,52.068868141294885,0.0,,,211.84660098172833,-2.842170943040401e-14,91.09403842214319,3.0,1101.6742065460728,0.0,0.0,0.0,77.9324333710692
109,1,110,0.07074,0.0,1101.6742065460726,,,,0,0.0,1,1891.487508765434,1891.487508765434,-0.0,302.63800140246946,62.79738529101241,0.0,,,284.5101503167738,1891.487508765434,1815.828008414817,75.65950035061735,1891.487508765434,0.0,1.0,0.0,0.0,0.1566560832225054,94.95754584463656,0.96,631.4093153620965,606.1529427476127,25.256372614483894,1.0,0.0,0.0,0.15669714010146069,94.77631162104879,0.96,630.0390967016689,604.8375328336022,25.201563868066728,1.0,0.0,0.0,0.15669710906839965,94.77629285108871,0.96,630.0390967016689,604.8375328336022,25.201563868066728,,,,647.5203245431446,1815.828008414817,1679.640907783706,136.1871006311112,1815.8280084148173,-2.2737367544323206e-13,1.0,0.0,0.0,0.3855607468791683,215.9046186811817,0.925,605.3790497698134,559.9756210370774,45.40342873273596,1.0,0.0,0.0,0.3855607468791682,215.9046186811815,0.925,605.379049769813,559.9756210370771,45.40342873273596,1.0,0.0,0.0,0.38541195308173437,215.7110871807813,0.925,605.0699088751909,559.6896657095516,45.380243165639286,0.0,0.0,0.0,0.08724817754776784,0.0,0.88,0.0,0.0,0.0,1.0,,,0.101,169.64373168615433,1679.640907783706,1679.640907783706,0.0,52.068868141294885,0.0,,,211.84660098172833,-1.4210854715202004e-13,91.09403842214319,3.0,1101.6742065460726,0.0,0.0,0.0,77.93243337106917
110,1,111,0.07074,0.0,1101.6742065460728,,,,0,0.0,1,1891.487508765434,1891.487508765434,-0.0,302.63800140246946,62.79738529101241,0.0,,,284.5101503167739,1891.487508765434,1815.828008414817,75.65950035061735,1891.487508765434,0.0,1.0,0.0,0.0,0.1566560832225054,94.95754584463656,0.96,631.4093153620965,606.1529427476127,25.256372614483894,1.0,0.0,0.0,0.15669714010146069,94.77631162104879,0.96,630.0390967016689,604.8375328336022,25.201563868066728,1.0,0.0,0.0,0.15669710906839965,94.77629285108871,0.96,630.0390967016689,604.8375328336022,25.201563868066728,,,,647.5203245431446,1815.828008414817,1679.640907783706,136.1871006311112,1815.8280084148173,-2.2737367544323206e-13,1.0,0.0,0.0,0.3855607468791683,215.9046186811817,0.925,605.3790497698134,559.9756210370774,45.40342873273596,1.0,0.0,0.0,0.3855607468791682,215.9046186811815,0.925,605.379049769813,559.9756210370771,45.40342873273596,1.0,0.0,0.0,0.38541195308173437,215.7110871807813,0.925,605.0699088751909,559.6896657095516,45.380243165639286,0.0,0.0,0.0,0.08724817754776787,0.0,0.8800000000000001,0.0,0.0,0.0,1.0,,,0.101,169.64373168615433,1679.640907783706,1679.640907783706,0.0,52.068868141294885,0.0,,,211.84660098172833,-2.842170943040401e-14,91.09403842214319,3.0,1101.6742065460728,0.0,0.0,0.0,77.9324333710692
111,1,112,0.07074,0.0,1101.6742065460728,,,,0,0.0,1,1891.487508765434,1891.487508765434,-0.0,302.63800140246946,62.79738529101241,0.0,,,284.5101503167739,1891.487508765434,1815.828008414817,75.65950035061735,1891.487508765434,0.0,1.0,0.0,0.0,0.1566560832225054,94.95754584463656,0.96,631.4093153620965,606.1529427476127,25.256372614483894,1.0,0.0,0.0,0.15669714010146069,94.77631162104879,0.96,630.0390967016689,604.8375328336022,25.201563868066728,1.0,0.0,0.0,0.15669710906839965,94.77629285108871,0.96,630.0390967016689,604.8375328336022,25.201563868066728,,,,647.5203245431446,1815.828008414817,1679.640907783706,136.1871006311112,1815.8280084148173,-2.2737367544323206e-13,1.0,0.0,0.0,0.3855607468791683,215.9046186811817,0.925,605.3790497698134,559.9756210370774,45.40342873273596,1.0,0.0,0.0,0.3855607468791682,215.9046186811815,0.925,605.379049769813,559.9756210370771,45.40342873273596,1.0,0.0,0.0,0.38541195308173437,215.7110871807813,0.925,605.0699088751909,559.6896657095516,45.380243165639286,0.0,0.0,0.0,0.08724817754776784,0.0,0.88,0.0,0.0,0.0,1.0,,,0.101,169.64373168615433,1679.640907783706,1679.640907783706,0.0,52.068868141294885,0.0,,,211.84660098172833,-2.842170943040401e-14,91.09403842214319,3.0,1101.6742065460728,0.0,0.0,0.0,77.9324333710692
112,1,113,0.07074,0.0,1101.6742065460728,,,,0,0.0,1,1891.487508765434,1891.487508765434,-0.0,302.63800140246946,62.79738529101241,0.0,,,284.5101503167739,1891.487508765434,1815.828008414817,75.65950035061735,1891.487508765434,0.0,1.0,0.0,0.0,0.1566560832225054,94.95754584463656,0.96,631.4093153620965,606.1529427476127,25.256372614483894,1.0,0.0,0.0,0.15669714010146069,94.77631162104879,0.96,630.0390967016689,604.8375328336022,25.201563868066728,1.0,0.0,0.0,0.15669710906839965,94.77629285108871,0.96,630.0390967016689,604.8375328336022,25.201563868066728,,,,647.5203245431446,1815.828008414817,1679.640907783706,136.1871006311112,1815.8280084148173,-2.2737367544323206e-13,1.0,0.0,0.0,0.3855607468791683,215.9046186811817,0.925,605.3790497698134,559.9756210370774,45.40342873273596,1.0,0.0,0.0,0.3855607468791682,215.9046186811815,0.925,605.379049769813,559.9756210370771,45.40342873273596,1.0,0.0,0.0,0.38541195308173437,215.7110871807813,0.925,605.0699088751909,559.6896657095516,45.380243165639286,0.0,0.0,0.0,0.08724817754776784,0.0,0.88,0.0,0.0,0.0,1.0,,,0.101,169.64373168615433,1679.640907783706,1679.640907783706,0.0,52.068868141294885,0.0,,,211.84660098172833,-2.842170943040401e-14,91.09403842214319,3.0,1101.6742065460728,0.0,0.0,0.0,77.9324333710692
113,1,114,0.11566,0.0,1101.6742065460728,,,,0,0.0,1,1891.487508765434,1891.487508765434,-0.0,302.63800140246946,62.79738529101241,0.0,,,284.5101503167739,1891.487508765434,1815.828008414817,75.65950035061735,1891.487508765434,0.0,1.0,0.0,0.0,0.1566560832225054,94.95754584463656,0.96,631.4093153620965,606.1529427476127,25.256372614483894,1.0,0.0,0.0,0.15669714010146069,94.77631162104879,0.96,630.0390967016689,604.8375328336022,25.201563868066728,1.0,0.0,0.0,0.15669710906839965,94.77629285108871,0.96,630.0390967016689,604.8375328336022,25.201563868066728,,,,647.5203245431446,1815.828008414817,1679.640907783706,136.1871006311112,1815.8280084148173,-2.2737367544323206e-13,1.0,0.0,0.0,0.3855607468791683,215.9046186811817,0.925,605.3790497698134,559.9756210370774,45.40342873273596,1.0,0.0,0.0,0.3855607468791682,215.9046186811815,0.925,605.379049769813,559.9756210370771,45.40342873273596,1.0,0.0,0.0,0.38541195308173437,215.7110871807813,0.925,605.0699088751909,559.6896657095516,45.380243165639286,0.0,0.0,0.0,0.08724817754776784,0.0,0.88,0.0,0.0,0.0,1.0,,,0.101,169.64373168615433,1679.640907783706,1679.640907783706,0.0,52.068868141294885,0.0,,,211.84660098172833,-2.842170943040401e-14,91.09403842214319,3.0,1101.6742065460728,0.0,0.0,0.0,127.41963872911877
114,1,115,0.11566,0.0,1101.674206546073,,,,0,0.0,1,1891.487508765434,1891.487508765434,-0.0,302.63800140246946,62.79738529101241,0.0,,,284.5101503167741,1891.487508765434,1815.828008414817,75.65950035061735,1891.487508765434,0.0,1.0,0.0,0.0,0.1566560832225054,94.95754584463656,0.96,631.4093153620965,606.1529427476127,25.256372614483894,1.0,0.0,0.0,0.15669714010146069,94.77631162104879,0.96,630.0390967016689,604.8375328336022,25.201563868066728,1.0,0.0,0.0,0.15669710906839965,94.77629285108871,0.96,630.0390967016689,604.8375328336022,25.201563868066728,,,,647.5203245431446,1815.828008414817,1679.640907783706,136.1871006311112,1815.8280084148173,-2.2737367544323206e-13,1.0,0.0,0.0,0.3855607468791683,215.9046186811817,0.925,605.3790497698134,559.9756210370774,45.40342873273596,1.0,0.0,0.0,0.3855607468791682,215.9046186811815,0.925,605.379049769813,559.9756210370771,45.40342873273596,1.0,0.0,0.0,0.38541195308173437,215.7110871807813,0.925,605.0699088751909,559.6896657095516,45.380243165639286,0.0,0.0,0.0,0.08724817754776784,0.0,0.88,0.0,0.0,0.0,1.0,,,0.101,169.64373168615433,1679.640907783706,1679.640907783706,0.0,52.068868141294885,0.0,,,211.84660098172833,-2.842170943040401e-14,91.09403842214319,3.0,1101.674206546073,0.0,0.0,0.0,127.4196387291188
115,1,116,0.11566,0.0,1101.6742065460728,,,,0,0.0,1,1891.487508765434,1891.487508765434,-0.0,302.63800140246946,62.79738529101241,0.0,,,284.5101503167739,1891.487508765434,1815.828008414817,75.65950035061735,1891.487508765434,0.0,1.0,0.0,0.0,0.1566560832225054,94.95754584463656,0.96,631.4093153620965,606.1529427476127,25.256372614483894,1.0,0.0,0.0,0.15669714010146069,94.77631162104879,0.96,630.0390967016689,604.8375328336022,25.201563868066728,1.0,0.0,0.0,0.15669710906839965,94.77629285108871,0.96,630.0390967016689,604.8375328336022,25.201563868066728,,,,647.5203245431446,1815.828008414817,1679.640907783706,136.1871006311112,1815.8280084148173,-2.2737367544323206e-13,1.0,0.0,0.0,0.3855607468791683,215.9046186811817,0.925,605.3790497698134,559.9756210370774,45.40342873273596,1.0,0.0,0.0,0.3855607468791682,215.9046186811815,0.925,605.379049769813,559.9756210370771,45.40342873273596,1.0,0.0,0.0,0.38541195308173437,215.7110871807813,0.925,605.0699088751909,559.6896657095516,45.380243165639286,0.0,0.0,0.0,0.08724817754776784,0.0,0.88,0.0,0.0,0.0,1.0,,,0.101,169.64373168615433,1679.640907783706,1679.640907783706,0.0,52.068868141294885,0.0,,,211.84660098172833,-2.842170943040401e-14,91.09403842214319,3.0,1101.6742065460728,0.0,0.0,0.0,127.41963872911877
116,1,117,0.11566,0.0,1101.674206546073,,,,0,0.0,1,1891.487508765434,1891.487508765434,-0.0,302.63800140246946,62.79738529101241,0.0,,,284.5101503167741,1891.487508765434,1815.828008414817,75.65950035061735,1891.487508765434,0.0,1.0,0.0,0.0,0.1566560832225054,94.95754584463656,0.96,631.4093153620965,606.1529427476127,25.256372614483894,1.0,0.0,0.0,0.15669714010146069,94.77631162104879,0.96,630.0390967016689,604.8375328336022,25.201563868066728,1.0,0.0,0.0,0.15669710906839965,94.77629285108871,0.96,630.0390967016689,604.8375328336022,25.201563868066728,,,,647.5203245431446,1815.828008414817,1679.640907783706,136.1871006311112,1815.8280084148173,-2.2737367544323206e-13,1.0,0.0,0.0,0.3855607468791683,215.9046186811817,0.925,605.3790497698134,559.9756210370774,45.40342873273596,1.0,0.0,0.0,0.3855607468791682,215.9046186811815,0.925,605.379049769813,559.9756210370771,45.40342873273596,1.0,0.0,0.0,0.38541195308173437,215.7110871807813,0.925,605.0699088751909,559.6896657095516,45.380243165639286,0.0,0.0,0.0,0.08724817754776787,0.0,0.8800000000000001,0.0,0.0,0.0,1.0,,,0.101,169.64373168615433,1679.640907783706,1679.640907783706,0.0,52.068868141294885,0.0,,,211.84660098172833,-2.842170943040401e-14,91.09403842214319,3.0,1101.674206546073,0.0,0.0,0.0,127.4196387291188
117,1,118,0.11566,0.0,1101.6742065460728,,,,0,0.0,1,1891.487508765434,1891.487508765434,-0.0,302.63800140246946,62.79738529101241,0.0,,,284.5101503167739,1891.487508765434,1815.828008414817,75.65950035061735,1891.487508765434,0.0,1.0,0.0,0.0,0.1566560832225054,94.95754584463656,0.96,631.4093153620965,606.1529427476127,25.256372614483894,1.0,0.0,0.0,0.15669714010146069,94.77631162104879,0.96,630.0390967016689,604.8375328336022,25.201563868066728,1.0,0.0,0.0,0.15669710906839965,94.77629285108871,0.96,630.0390967016689,604.8375328336022,25.201563868066728,,,,647.5203245431446,1815.828008414817,1679.640907783706,136.1871006311112,1815.8280084148173,-2.2737367544323206e-13,1.0,0.0,0.0,0.3855607468791683,215.9046186811817,0.925,605.3790497698134,559.9756210370774,45.40342873273596,1.0,0.0,0.0,0.3855607468791682,215.9046186811815,0.925,605.379049769813,559.9756210370771,45.40342873273596,1.0,0.0,0.0,0.38541195308173437,215.7110871807813,0.925,605.0699088751909,559.6896657095516,45.380243165639286,0.0,0.0,0.0,0.08724817754776784,0.0,0.88,0.0,0.0,0.0,1.0,,,0.101,169.64373168615433,1679.640907783706,1679.640907783706,0.0,52.068868141294885,0.0,,,211.84660098172833,-2.842170943040401e-14,91.09403842214319,3.0,1101.6742065460728,0.0,0.0,0.0,127.41963872911877
118,1,119,0.11506,0.0,1101.6742065460726,,,,0,0.0,1,1891.487508765434,1891.487508765434,-0.0,302.63800140246946,62.79738529101241,0.0,,,284.5101503167738,1891.487508765434,1815.828008414817,75.65950035061735,1891.487508765434,0.0,1.0,0.0,0.0,0.1566560832225054,94.95754584463656,0.96,631.4093153620965,606.1529427476127,25.256372614483894,1.0,0.0,0.0,0.15669714010146069,94.77631162104879,0.96,630.0390967016689,604.8375328336022,25.201563868066728,1.0,0.0,0.0,0.15669710906839965,94.77629285108871,0.96,630.0390967016689,604.8375328336022,25.201563868066728,,,,647.5203245431446,1815.828008414817,1679.640907783706,136.1871006311112,1815.8280084148173,-2.2737367544323206e-13,1.0,0.0,0.0,0.3855607468791683,215.9046186811817,0.925,605.3790497698134,559.9756210370774,45.40342873273596,1.0,0.0,0.0,0.3855607468791682,215.9046186811815,0.925,605.379049769813,559.9756210370771,45.40342873273596,1.0,0.0,0.0,0.38541195308173437,215.7110871807813,0.925,605.0699088751909,559.6896657095516,45.380243165639286,0.0,0.0,0.0,0.08724817754776784,0.0,0.88,0.0,0.0,0.0,1.0,,,0.101,169.64373168615433,1679.640907783706,1679.640907783706,0.0,52.068868141294885,0.0,,,211.84660098172833,-1.4210854715202004e-13,91.09403842214319,3.0,1101.6742065460726,0.0,0.0,0.0,126.7586342051911
119,1,120,0.11506,0.0,1101.6742065460726,,,,0,0.0,1,1891.487508765434,1891.487508765434,-0.0,302.63800140246946,62.79738529101241,0.0,,,284.5101503167738,1891.487508765434,1815.828008414817,75.65950035061735,1891.487508765434,0.0,1.0,0.0,0.0,0.1566560832225054,94.95754584463656,0.96,631.4093153620965,606.1529427476127,25.256372614483894,1.0,0.0,0.0,0.15669714010146069,94.77631162104879,0.96,630.0390967016689,604.8375328336022,25.201563868066728,1.0,0.0,0.0,0.15669710906839965,94.77629285108871,0.96,630.0390967016689,604.8375328336022,25.201563868066728,,,,647.5203245431446,1815.828008414817,1679.640907783706,136.1871006311112,1815.8280084148173,-2.2737367544323206e-13,1.0,0.0,0.0,0.3855607468791683,215.9046186811817,0.925,605.3790497698134,559.9756210370774,45.40342873273596,1.0,0.0,0.0,0.3855607468791682,215.9046186811815,0.925,605.379049769813,559.9756210370771,45.40342873273596,1.0,0.0,0.0,0.38541195308173437,215.7110871807813,0.925,605.0699088751909,559.6896657095516,45.380243165639286,0.0,0.0,0.0,0.08724817754776784,0.0,0.88,0.0,0.0,0.0,1.0,,,0.101,169.64373168615433,1679.640907783706,1679.640907783706,0.0,52.068868141294885,0.0,,,211.84660098172833,-1.4210854715202004e-13,91.09403842214319,3.0,1101.6742065460726,0.0,0.0,0.0,126.7586342051911
120,1,121,0.11506,0.0,1101.6742065460726,,,,0,0.0,1,1891.487508765434,1891.487508765434,-0.0,302.63800140246946,62.79738529101241,0.0,,,284.5101503167738,1891.487508765434,1815.828008414817,75.65950035061735,1891.487508765434,0.0,1.0,0.0,0.0,0.1566560832225054,94.95754584463656,0.96,631.4093153620965,606.1529427476127,25.256372614483894,1.0,0.0,0.0,0.15669714010146069,94.77631162104879,0.96,630.0390967016689,604.8375328336022,25.201563868066728,1.0,0.0,0.0,0.15669710906839965,94.77629285108871,0.96,630.0390967016689,604.8375328336022,25.201563868066728,,,,647.5203245431446,1815.828008414817,1679.640907783706,136.1871006311112,1815.8280084148173,-2.2737367544323206e-13,1.0,0.0,0.0,0.3855607468791683,215.9046186811817,0.925,605.3790497698134,559.9756210370774,45.40342873273596,1.0,0.0,0.0,0.3855607468791682,215.9046186811815,0.925,605.379049769813,559.9756210370771,45.40342873273596,1.0,0.0,0.0,0.38541195308173437,215.7110871807813,0.925,605.0699088751909,559.6896657095516,45.380243165639286,0.0,0.0,0.0,0.08724817754776784,0.0,0.88,0.0,0.0,0.0,1.0,,,0.101,169.64373168615433,1679.640907783706,1679.640907783706,0.0,52.068868141294885,0.0,,,211.84660098172833,-1.4210854715202004e-13,91.09403842214319,3.0,1101.6742065460726,0.0,0.0,0.0,126.7586342051911
121,1,122,0.11506,0.0,1101.6742065460726,,,,0,0.0,1,1891.487508765434,1891.487508765434,-0.0,302.63800140246946,62.79738529101241,0.0,,,284.5101503167738,1891.487508765434,1815.828008414817,75.65950035061735,1891.487508765434,0.0,1.0,0.0,0.0,0.1566560832225054,94.95754584463656,0.96,631.4093153620965,606.1529427476127,25.256372614483894,1.0,0.0,0.0,0.15669714010146069,94.77631162104879,0.96,630.0390967016689,604.8375328336022,25.201563868066728,1.0,0.0,0.0,0.15669710906839965,94.77629285108871,0.96,630.0390967016689,604.8375328336022,25.201563868066728,,,,647.5203245431446,1815.828008414817,1679.640907783706,136.1871006311112,1815.8280084148173,-2.2737367544323206e-13,1.0,0.0,0.0,0.3855607468791683,215.9046186811817,0.925,605.3790497698134,559.9756210370774,45.40342873273596,1.0,0.0,0.0,0.3855607468791682,215.9046186811815,0.925,605.379049769813,559.9756210370771,45.40342873273596,1.0,0.0,0.0,0.38541195308173437,215.7110871807813,0.925,605.0699088751909,559.6896657095516,45.380243165639286,0.0,0.0,0.0,0.08724817754776784,0.0,0.88,0.0,0.0,0.0,1.0,,,0.101,169.64373168615433,1679.640907783706,1679.640907783706,0.0,52.068868141294885,0.0,,,211.84660098172833,-1.4210854715202004e-13,91.09403842214319,3.0,1101.6742065460726,0.0,0.0,0.0,126.7586342051911
122,1,123,0.11506,0.0,1101.6742065460726,,,,0,0.0,1,1891.487508765434,1891.487508765434,-0.0,302.63800140246946,62.79738529101241,0.0,,,284.5101503167738,1891.487508765434,1815.828008414817,75.65950035061735,1891.487508765434,0.0,1.0,0.0,0.0,0.1566560832225054,94.95754584463656,0.96,631.4093153620965,606.1529427476127,25.256372614483894,1.0,0.0,0.0,0.15669714010146069,94.77631162104879,0.96,630.0390967016689,604.8375328336022,25.201563868066728,1.0,0.0,0.0,0.15669710906839965,94.77629285108871,0.96,630.0390967016689,604.8375328336022,25.201563868066728,,,,647.5203245431446,1815.828008414817,1679.640907783706,136.1871006311112,1815.8280084148173,-2.2737367544323206e-13,1.0,0.0,0.0,0.3855607468791683,215.9046186811817,0.925,605.3790497698134,559.9756210370774,45.40342873273596,1.0,0.0,0.0,0.3855607468791682,215.9046186811815,0.925,605.379049769813,559.9756210370771,45.40342873273596,1.0,0.0,0.0,0.38541195308173437,215.7110871807813,0.925,605.0699088751909,559.6896657095516,45.380243165639286,0.0,0.0,0.0,0.08724817754776784,0.0,0.88,0.0,0.0,0.0,1.0,,,0.101,169.64373168615433,1679.640907783706,1679.640907783706,0.0,52.068868141294885,0.0,,,211.84660098172833,-1.4210854715202004e-13,91.09403842214319,3.0,1101.6742065460726,0.0,0.0,0.0,126.7586342051911
123,1,124,0.11506,0.0,1101.6742065460728,,,,0,0.0,1,1891.487508765434,1891.487508765434,-0.0,302.63800140246946,62.79738529101241,0.0,,,284.5101503167739,1891.487508765434,1815.828008414817,75.65950035061735,1891.487508765434,0.0,1.0,0.0,0.0,0.1566560832225054,94.95754584463656,0.96,631.4093153620965,606.1529427476127,25.256372614483894,1.0,0.0,0.0,0.15669714010146069,94.77631162104879,0.96,630.0390967016689,604.8375328336022,25.201563868066728,1.0,0.0,0.0,0.15669710906839965,94.77629285108871,0.96,630.0390967016689,604.8375328336022,25.201563868066728,,,,647.5203245431446,1815.828008414817,1679.640907783706,136.1871006311112,1815.8280084148173,-2.2737367544323206e-13,1.0,0.0,0.0,0.3855607468791683,215.9046186811817,0.925,605.3790497698134,559.9756210370774,45.40342873273596,1.0,0.0,0.0,0.3855607468791682,215.9046186811815,0.925,605.379049769813,559.9756210370771,45.40342873273596,1.0,0.0,0.0,0.38541195308173437,215.7110871807813,0.925,605.0699088751909,559.6896657095516,45.380243165639286,0.0,0.0,0.0,0.08724817754776784,0.0,0.88,0.0,0.0,0.0,1.0,,,0.101,169.64373168615433,1679.640907783706,1679.640907783706,0.0,52.068868141294885,0.0,,,211.84660098172833,-2.842170943040401e-14,91.09403842214319,3.0,1101.6742065460728,0.0,0.0,0.0,126.75863420519113
124,1,125,0.11506,0.0,1101.6742065460726,,,,0,0.0,1,1891.487508765434,1891.487508765434,-0.0,302.63800140246946,62.79738529101241,0.0,,,284.5101503167738,1891.487508765434,1815.828008414817,75.65950035061735,1891.487508765434,0.0,1.0,0.0,0.0,0.1566560832225054,94.95754584463656,0.96,631.4093153620965,606.1529427476127,25.256372614483894,1.0,0.0,0.0,0.15669714010146069,94.77631162104879,0.96,630.0390967016689,604.8375328336022,25.201563868066728,1.0,0.0,0.0,0.15669710906839965,94.77629285108871,0.96,630.0390967016689,604.8375328336022,25.201563868066728,,,,647.5203245431446,1815.828008414817,1679.640907783706,136.1871006311112,1815.8280084148173,-2.2737367544323206e-13,1.0,0.0,0.0,0.3855607468791683,215.9046186811817,0.925,605.3790497698134,559.9756210370774,45.40342873273596,1.0,0.0,0.0,0.3855607468791682,215.9046186811815,0.925,605.379049769813,559.9756210370771,45.40342873273596,1.0,0.0,0.0,0.38541195308173437,215.7110871807813,0.925,605.0699088751909,559.6896657095516,45.380243165639286,0.0,0.0,0.0,0.08724817754776784,0.0,0.88,0.0,0.0,0.0,1.0,,,0.101,169.64373168615433,1679.640907783706,1679.640907783706,0.0,52.068868141294885,0.0,,,211.84660098172833,-1.4210854715202004e-13,91.09403842214319,3.0,1101.6742065460726,0.0,0.0,0.0,126.7586342051911
125,1,126,0.11506,0.0,1101.6742065460726,,,,0,0.0,1,1891.487508765434,1891.487508765434,-0.0,302.63800140246946,62.79738529101241,0.0,,,284.5101503167738,1891.487508765434,1815.828008414817,75.65950035061735,1891.487508765434,0.0,1.0,0.0,0.0,0.1566560832225054,94.95754584463656,0.96,631.4093153620965,606.1529427476127,25.256372614483894,1.0,0.0,0.0,0.15669714010146069,94.77631162104879,0.96,630.0390967016689,604.8375328336022,25.201563868066728,1.0,0.0,0.0,0.15669710906839965,94.77629285108871,0.96,630.0390967016689,604.8375328336022,25.201563868066728,,,,647.5203245431446,1815.828008414817,1679.640907783706,136.1871006311112,1815.8280084148173,-2.2737367544323206e-13,1.0,0.0,0.0,0.3855607468791683,215.9046186811817,0.925,605.3790497698134,559.9756210370774,45.40342873273596,1.0,0.0,0.0,0.3855607468791682,215.9046186811815,0.925,605.379049769813,559.9756210370771,45.40342873273596,1.0,0.0,0.0,0.38541195308173437,215.7110871807813,0.925,605.0699088751909,559.6896657095516,45.380243165639286,0.0,0.0,0.0,0.08724817754776784,0.0,0.88,0.0,0.0,0.0,1.0,,,0.101,169.64373168615433,1679.640907783706,1679.640907783706,0.0,52.068868141294885,0.0,,,211.84660098172833,-1.4210854715202004e-13,91.09403842214319,3.0,1101.6742065460726,0.0,0.0,0.0,126.7586342051911
126,1,127,0.11506,0.0,1101.6742065460726,,,,0,0.0,1,1891.487508765434,1891.487508765434,-0.0,302.63800140246946,62.79738529101241,0.0,,,284.5101503167738,1891.487508765434,1815.828008414817,75.65950035061735,1891.487508765434,0.0,1.0,0.0,0.0,0.1566560832225054,94.95754584463656,0.96,631.4093153620965,606.1529427476127,25.256372614483894,1.0,0.0,0.0,0.15669714010146069,94.77631162104879,0.96,630.0390967016689,604.8375328336022,25.201563868066728,1.0,0.0,0.0,0.15669710906839965,94.77629285108871,0.96,630.0390967016689,604.8375328336022,25.201563868066728,,,,647.5203245431446,1815.828008414817,1679.640907783706,136.1871006311112,1815.8280084148173,-2.2737367544323206e-13,1.0,0.0,0.0,0.3855607468791683,215.9046186811817,0.925,605.3790497698134,559.9756210370774,45.40342873273596,1.0,0.0,0.0,0.3855607468791682,215.9046186811815,0.925,605.379049769813,559.9756210370771,45.40342873273596,1.0,0.0,0.0,0.38541195308173437,215.7110871807813,0.925,605.0699088751909,559.6896657095516,45.380243165639286,0.0,0.0,0.0,0.08724817754776787,0.0,0.8800000000000001,0.0,0.0,0.0,1.0,,,0.101,169.64373168615433,1679.640907783706,1679.640907783706,0.0,52.068868141294885,0.0,,,211.84660098172833,-1.4210854715202004e-13,91.09403842214319,3.0,1101.6742065460726,0.0,0.0,0.0,126.7586342051911
127,1,128,0.11506,0.0,1101.6742065460726,,,,0,0.0,1,1891.487508765434,1891.487508765434,-0.0,302.63800140246946,62.79738529101241,0.0,,,284.5101503167738,1891.487508765434,1815.828008414817,75.65950035061735,1891.487508765434,0.0,1.0,0.0,0.0,0.1566560832225054,94.95754584463656,0.96,631.4093153620965,606.1529427476127,25.256372614483894,1.0,0.0,0.0,0.15669714010146069,94.77631162104879,0.96,630.0390967016689,604.8375328336022,25.201563868066728,1.0,0.0,0.0,0.15669710906839965,94.77629285108871,0.96,630.0390967016689,604.8375328336022,25.201563868066728,,,,647.5203245431446,1815.828008414817,1679.640907783706,136.1871006311112,1815.8280084148173,-2.2737367544323206e-13,1.0,0.0,0.0,0.3855607468791683,215.9046186811817,0.925,605.3790497698134,559.9756210370774,45.40342873273596,1.0,0.0,0.0,0.3855607468791682,215.9046186811815,0.925,605.379049769813,559.9756210370771,45.40342873273596,1.0,0.0,0.0,0.38541195308173437,215.7110871807813,0.925,605.0699088751909,559.6896657095516,45.380243165639286,0.0,0.0,0.0,0.08724817754776784,0.0,0.88,0.0,0.0,0.0,1.0,,,0.101,169.64373168615433,1679.640907783706,1679.640907783706,0.0,52.068868141294885,0.0,,,211.84660098172833,-1.4210854715202004e-13,91.09403842214319,3.0,1101.6742065460726,0.0,0.0,0.0,126.7586342051911
128,1,129,0.07074,0.0,1101.6742065460728,,,,0,0.0,1,1891.487508765434,1891.487508765434,-0.0,302.63800140246946,62.79738529101241,0.0,,,284.5101503167739,1891.487508765434,1815.828008414817,75.65950035061735,1891.487508765434,0.0,1.0,0.0,0.0,0.1566560832225054,94.95754584463656,0.96,631.4093153620965,606.1529427476127,25.256372614483894,1.0,0.0,0.0,0.15669714010146069,94.77631162104879,0.96,630.0390967016689,604.8375328336022,25.201563868066728,1.0,0.0,0.0,0.15669710906839965,94.77629285108871,0.96,630.0390967016689,604.8375328336022,25.201563868066728,,,,647.5203245431446,1815.828008414817,1679.640907783706,136.1871006311112,1815.8280084148173,-2.2737367544323206e-13,1.0,0.0,0.0,0.3855607468791683,215.9046186811817,0.925,605.3790497698134,559.9756210370774,45.40342873273596,1.0,0.0,0.0,0.3855607468791682,215.9046186811815,0.925,605.379049769813,559.9756210370771,45.40342873273596,1.0,0.0,0.0,0.38541195308173437,215.7110871807813,0.925,605.0699088751909,559.6896657095516,45.380243165639286,0.0,0.0,0.0,0.08724817754776787,0.0,0.8800000000000001,0.0,0.0,0.0,1.0,,,0.101,169.64373168615433,1679.640907783706,1679.640907783706,0.0,52.068868141294885,0.0,,,211.84660098172833,-2.842170943040401e-14,91.09403842214319,3.0,1101.6742065460728,0.0,0.0,0.0,77.9324333710692
129,1,130,0.07074,0.0,1101.6742065460728,,,,0,0.0,1,1891.487508765434,1891.487508765434,-0.0,302.63800140246946,62.79738529101241,0.0,,,284.5101503167739,1891.487508765434,1815.828008414817,75.65950035061735,1891.487508765434,0.0,1.0,0.0,0.0,0.1566560832225054,94.95754584463656,0.96,631.4093153620965,606.1529427476127,25.256372614483894,1.0,0.0,0.0,0.15669714010146069,94.77631162104879,0.96,630.0390967016689,604.8375328336022,25.201563868066728,1.0,0.0,0.0,0.15669710906839965,94.77629285108871,0.96,630.0390967016689,604.8375328336022,25.201563868066728,,,,647.5203245431446,1815.828008414817,1679.640907783706,136.1871006311112,1815.8280084148173,-2.2737367544323206e-13,1.0,0.0,0.0,0.3855607468791683,215.9046186811817,0.925,605.3790497698134,559.9756210370774,45.40342873273596,1.0,0.0,0.0,0.3855607468791682,215.9046186811815,0.925,605.379049769813,559.9756210370771,45.40342873273596,1.0,0.0,0.0,0.38541195308173437,215.7110871807813,0.925,605.0699088751909,559.6896657095516,45.380243165639286,0.0,0.0,0.0,0.08724817754776784,0.0,0.88,0.0,0.0,0.0,1.0,,,0.101,169.64373168615433,1679.640907783706,1679.640907783706,0.0,52.068868141294885,0.0,,,211.84660098172833,-2.842170943040401e-14,91.09403842214319,3.0,1101.6742065460728,0.0,0.0,0.0,77.9324333710692
130,1,131,0.07074,0.0,1101.6742065460728,,,,0,0.0,1,1891.487508765434,1891.487508765434,-0.0,302.63800140246946,62.79738529101241,0.0,,,284.5101503167739,1891.487508765434,1815.828008414817,75.65950035061735,1891.487508765434,0.0,1.0,0.0,0.0,0.1566560832225054,94.95754584463656,0.96,631.4093153620965,606.1529427476127,25.256372614483894,1.0,0.0,0.0,0.15669714010146069,94.77631162104879,0.96,630.0390967016689,604.8375328336022,25.201563868066728,1.0,0.0,0.0,0.15669710906839965,94.77629285108871,0.96,630.0390967016689,604.8375328336022,25.201563868066728,,,,647.5203245431446,1815.828008414817,1679.640907783706,136.1871006311112,1815.8280084148173,-2.2737367544323206e-13,1.0,0.0,0.0,0.3855607468791683,215.9046186811817,0.925,605.3790497698134,559.9756210370774,45.40342873273596,1.0,0.0,0.0,0.3855607468791682,215.9046186811815,0.925,605.379049769813,559.9756210370771,45.40342873273596,1.0,0.0,0.0,0.38541195308173437,215.7110871807813,0.925,605.0699088751909,559.6896657095516,45.380243165639286,0.0,0.0,0.0,0.08724817754776784,0.0,0.88,0.0,0.0,0.0,1.0,,,0.101,169.64373168615433,1679.640907783706,1679.640907783706,0.0,52.068868141294885,0.0,,,211.84660098172833,-2.842170943040401e-14,91.09403842214319,3.0,1101.6742065460728,0.0,0.0,0.0,77.9324333710692
131,1,132,0.07074,0.0,1101.6742065460728,,,,0,0.0,1,1891.487508765434,1891.487508765434,-0.0,302.63800140246946,62.79738529101241,0.0,,,284.5101503167739,1891.487508765434,1815.828008414817,75.65950035061735,1891.487508765434,0.0,1.0,0.0,0.0,0.1566560832225054,94.95754584463656,0.96,631.4093153620965,606.1529427476127,25.256372614483894,1.0,0.0,0.0,0.15669714010146069,94.77631162104879,0.96,630.0390967016689,604.8375328336022,25.201563868066728,1.0,0.0,0.0,0.15669710906839965,94.77629285108871,0.96,630.0390967016689,604.8375328336022,25.201563868066728,,,,647.5203245431446,1815.828008414817,1679.640907783706,136.1871006311112,1815.8280084148173,-2.2737367544323206e-13,1.0,0.0,0.0,0.3855607468791683,215.9046186811817,0.925,605.3790497698134,559.9756210370774,45.40342873273596,1.0,0.0,0.0,0.3855607468791682,215.9046186811815,0.925,605.379049769813,559.9756210370771,45.40342873273596,1.0,0.0,0.0,0.38541195308173437,215.7110871807813,0.925,605.0699088751909,559.6896657095516,45.380243165639286,0.0,0.0,0.0,0.08724817754776787,0.0,0.8800000000000001,0.0,0.0,0.0,1.0,,,0.101,169.64373168615433,1679.640907783706,1679.640907783706,0.0,52.068868141294885,0.0,,,211.84660098172833,-2.842170943040401e-14,91.09403842214319,3.0,1101.6742065460728,0.0,0.0,0.0,77.9324333710692
132,1,133,0.07074,0.0,1101.6742065460728,,,,0,0.0,1,1891.487508765434,1891.487508765434,-0.0,302.63800140246946,62.79738529101241,0.0,,,284.5101503167739,1891.487508765434,1815.828008414817,75.65950035061735,1891.487508765434,0.0,1.0,0.0,0.0,0.1566560832225054,94.95754584463656,0.96,631.4093153620965,606.1529427476127,25.256372614483894,1.0,0.0,0.0,0.15669714010146069,94.77631162104879,0.96,630.0390967016689,604.8375328336022,25.201563868066728,1.0,0.0,0.0,0.15669710906839965,94.77629285108871,0.96,630.0390967016689,604.8375328336022,25.201563868066728,,,,647.5203245431446,1815.828008414817,1679.640907783706,136.1871006311112,1815.8280084148173,-2.2737367544323206e-13,1.0,0.0,0.0,0.3855607468791683,215.9046186811817,0.925,605.3790497698134,559.9756210370774,45.40342873273596,1.0,0.0,0.0,0.3855607468791682,215.9046186811815,0.925,605.379049769813,559.9756210370771,45.40342873273596,1.0,0.0,0.0,0.38541195308173437,215.7110871807813,0.925,605.0699088751909,559.6896657095516,45.380243165639286,0.0,0.0,0.0,0.08724817754776787,0.0,0.8800000000000001,0.0,0.0,0.0,1.0,,,0.101,169.64373168615433,1679.640907783706,1679.640907783706,0.0,52.068868141294885,0.0,,,211.84660098172833,-2.842170943040401e-14,91.09403842214319,3.0,1101.6742065460728,0.0,0.0,0.0,77.9324333710692
133,1,134,0.07074,0.0,1101.6742065460728,,,,0,0.0,1,1891.487508765434,1891.487508765434,-0.0,302.63800140246946,62.79738529101241,0.0,,,284.5101503167739,1891.487508765434,1815.828008414817,75.65950035061735,1891.487508765434,0.0,1.0,0.0,0.0,0.1566560832225054,94.95754584463656,0.96,631.4093153620965,606.1529427476127,25.256372614483894,1.0,0.0,0.0,0.15669714010146069,94.77631162104879,0.96,630.0390967016689,604.8375328336022,25.201563868066728,1.0,0.0,0.0,0.15669710906839965,94.77629285108871,0.96,630.0390967016689,604.8375328336022,25.201563868066728,,,,647.5203245431446,1815.828008414817,1679.640907783706,136.1871006311112,1815.8280084148173,-2.2737367544323206e-13,1.0,0.0,0.0,0.3855607468791683,215.9046186811817,0.925,605.3790497698134,559.9756210370774,45.40342873273596,1.0,0.0,0.0,0.3855607468791682,215.9046186811815,0.925,605.379049769813,559.9756210370771,45.40342873273596,1.0,0.0,0.0,0.38541195308173437,215.7110871807813,0.925,605.0699088751909,559.6896657095516,45.380243165639286,0.0,0.0,0.0,0.08724817754776784,0.0,0.88,0.0,0.0,0.0,1.0,,,0.101,169.64373168615433,1679.640907783706,1679.640907783706,0.0,52.068868141294885,0.0,,,211.84660098172833,-2.842170943040401e-14,91.09403842214319,3.0,1101.6742065460728,0.0,0.0,0.0,77.9324333710692
134,1,135,0.07074,0.0,1101.6742065460728,,,,0,0.0,1,1891.487508765434,1891.487508765434,-0.0,302.63800140246946,62.79738529101241,0.0,,,284.5101503167739,1891.487508765434,1815.828008414817,75.65950035061735,1891.487508765434,0.0,1.0,0.0,0.0,0.1566560832225054,94.95754584463656,0.96,631.4093153620965,606.1529427476127,25.256372614483894,1.0,0.0,0.0,0.15669714010146069,94.77631162104879,0.96,630.0390967016689,604.8375328336022,25.201563868066728,1.0,0.0,0.0,0.15669710906839965,94.77629285108871,0.96,630.0390967016689,604.8375328336022,25.201563868066728,,,,647.5203245431446,1815.828008414817,1679.640907783706,136.1871006311112,1815.8280084148173,-2.2737367544323206e-13,1.0,0.0,0.0,0.3855607468791683,215.9046186811817,0.925,605.3790497698134,559.9756210370774,45.40342873273596,1.0,0.0,0.0,0.3855607468791682,215.9046186811815,0.925,605.379049769813,559.9756210370771,45.40342873273596,1.0,0.0,0.0,0.38541195308173437,215.7110871807813,0.925,605.0699088751909,559.6896657095516,45.380243165639286,0.0,0.0,0.0,0.08724817754776784,0.0,0.88,0.0,0.0,0.0,1.0,,,0.101,169.64373168615433,1679.640907783706,1679.640907783706,0.0,52.068868141294885,0.0,,,211.84660098172833,-2.842170943040401e-14,91.09403842214319,3.0,1101.6742065460728,0.0,0.0,0.0,77.9324333710692
135,1,136,0.07074,0.0,1101.6742065460728,,,,0,0.0,1,1891.487508765434,1891.487508765434,-0.0,302.63800140246946,62.79738529101241,0.0,,,284.5101503167739,1891.487508765434,1815.828008414817,75.65950035061735,1891.487508765434,0.0,1.0,0.0,0.0,0.1566560832225054,94.95754584463656,0.96,631.4093153620965,606.1529427476127,25.256372614483894,1.0,0.0,0.0,0.15669714010146069,94.77631162104879,0.96,630.0390967016689,604.8375328336022,25.201563868066728,1.0,0.0,0.0,0.15669710906839965,94.77629285108871,0.96,630.0390967016689,604.8375328336022,25.201563868066728,,,,647.5203245431446,1815.828008414817,1679.640907783706,136.1871006311112,1815.8280084148173,-2.2737367544323206e-13,1.0,0.0,0.0,0.3855607468791683,215.9046186811817,0.925,605.3790497698134,559.9756210370774,45.40342873273596,1.0,0.0,0.0,0.3855607468791682,215.9046186811815,0.925,605.379049769813,559.9756210370771,45.40342873273596,1.0,0.0,0.0,0.38541195308173437,215.7110871807813,0.925,605.0699088751909,559.6896657095516,45.380243165639286,0.0,0.0,0.0,0.08724817754776784,0.0,0.88,0.0,0.0,0.0,1.0,,,0.101,169.64373168615433,1679.640907783706,1679.640907783706,0.0,52.068868141294885,0.0,,,211.84660098172833,-2.842170943040401e-14,91.09403842214319,3.0,1101.6742065460728,0.0,0.0,0.0,77.9324333710692
136,1,137,0.07074,0.0,1101.6742065460728,,,,0,0.0,1,1891.487508765434,1891.487508765434,-0.0,302.63800140246946,62.79738529101241,0.0,,,284.5101503167739,1891.487508765434,1815.828008414817,75.65950035061735,1891.487508765434,0.0,1.0,0.0,0.0,0.1566560832225054,94.95754584463656,0.96,631.4093153620965,606.1529427476127,25.256372614483894,1.0,0.0,0.0,0.15669714010146069,94.77631162104879,0.96,630.0390967016689,604.8375328336022,25.201563868066728,1.0,0.0,0.0,0.15669710906839965,94.77629285108871,0.96,630.0390967016689,604.8375328336022,25.201563868066728,,,,647.5203245431446,1815.828008414817,1679.640907783706,136.1871006311112,1815.8280084148173,-2.2737367544323206e-13,1.0,0.0,0.0,0.3855607468791683,215.9046186811817,0.925,605.3790497698134,559.9756210370774,45.40342873273596,1.0,0.0,0.0,0.3855607468791682,215.9046186811815,0.925,605.379049769813,559.9756210370771,45.40342873273596,1.0,0.0,0.0,0.38541195308173437,215.7110871807813,0.925,605.0699088751909,559.6896657095516,45.380243165639286,0.0,0.0,0.0,0.08724817754776784,0.0,0.88,0.0,0.0,0.0,1.0,,,0.101,169.64373168615433,1679.640907783706,1679.640907783706,0.0,52.068868141294885,0.0,,,211.84660098172833,-2.842170943040401e-14,91.09403842214319,3.0,1101.6742065460728,0.0,0.0,0.0,77.9324333710692
137,1,138,0.11566,0.0,1101.6742065460728,,,,0,0.0,1,1891.487508765434,1891.487508765434,-0.0,302.63800140246946,62.79738529101241,0.0,,,284.5101503167739,1891.487508765434,1815.828008414817,75.65950035061735,1891.487508765434,0.0,1.0,0.0,0.0,0.1566560832225054,94.95754584463656,0.96,631.4093153620965,606.1529427476127,25.256372614483894,1.0,0.0,0.0,0.15669714010146069,94.77631162104879,0.96,630.0390967016689,604.8375328336022,25.201563868066728,1.0,0.0,0.0,0.15669710906839965,94.77629285108871,0.96,630.0390967016689,604.8375328336022,25.201563868066728,,,,647.5203245431446,1815.828008414817,1679.640907783706,136.1871006311112,1815.8280084148173,-2.2737367544323206e-13,1.0,0.0,0.0,0.3855607468791683,215.9046186811817,0.925,605.3790497698134,559.9756210370774,45.40342873273596,1.0,0.0,0.0,0.3855607468791682,215.9046186811815,0.925,605.379049769813,559.9756210370771,45.40342873273596,1.0,0.0,0.0,0.38541195308173437,215.7110871807813,0.925,605.0699088751909,559.6896657095516,45.380243165639286,0.0,0.0,0.0,0.08724817754776787,0.0,0.8800000000000001,0.0,0.0,0.0,1.0,,,0.101,169.64373168615433,1679.640907783706,1679.640907783706,0.0,52.068868141294885,0.0,,,211.84660098172833,-2.842170943040401e-14,91.09403842214319,3.0,1101.6742065460728,0.0,0.0,0.0,127.41963872911877
138,1,139,0.11566,0.0,1101.6742065460728,,,,0,0.0,1,1891.487508765434,1891.487508765434,-0.0,302.63800140246946,62.79738529101241,0.0,,,284.5101503167739,1891.487508765434,1815.828008414817,75.65950035061735,1891.487508765434,0.0,1.0,0.0,0.0,0.1566560832225054,94.95754584463656,0.96,631.4093153620965,606.1529427476127,25.256372614483894,1.0,0.0,0.0,0.15669714010146069,94.77631162104879,0.96,630.0390967016689,604.8375328336022,25.201563868066728,1.0,0.0,0.0,0.15669710906839965,94.77629285108871,0.96,630.0390967016689,604.8375328336022,25.201563868066728,,,,647.5203245431446,1815.828008414817,1679.640907783706,136.1871006311112,1815.8280084148173,-2.2737367544323206e-13,1.0,0.0,0.0,0.3855607468791683,215.9046186811817,0.925,605.3790497698134,559.9756210370774,45.40342873273596,1.0,0.0,0.0,0.3855607468791682,215.9046186811815,0.925,605.379049769813,559.9756210370771,45.40342873273596,1.0,0.0,0.0,0.38541195308173437,215.7110871807813,0.925,605.0699088751909,559.6896657095516,45.380243165639286,0.0,0.0,0.0,0.08724817754776784,0.0,0.88,0.0,0.0,0.0,1.0,,,0.101,169.64373168615433,1679.640907783706,1679.640907783706,0.0,52.068868141294885,0.0,,,211.84660098172833,-2.842170943040401e-14,91.09403842214319,3.0,1101.6742065460728,0.0,0.0,0.0,127.41963872911877
139,1,140,0.11566,0.0,1101.6742065460728,,,,0,0.0,1,1891.487508765434,1891.487508765434,-0.0,302.63800140246946,62.79738529101241,0.0,,,284.5101503167739,1891.487508765434,1815.828008414817,75.65950035061735,1891.487508765434,0.0,1.0,0.0,0.0,0.1566560832225054,94.95754584463656,0.96,631.4093153620965,606.1529427476127,25.256372614483894,1.0,0.0,0.0,0.15669714010146069,94.77631162104879,0.96,630.0390967016689,604.8375328336022,25.201563868066728,1.0,0.0,0.0,0.15669710906839965,94.77629285108871,0.96,630.0390967016689,604.8375328336022,25.201563868066728,,,,647.5203245431446,1815.828008414817,1679.640907783706,136.1871006311112,1815.8280084148173,-2.2737367544323206e-13,1.0,0.0,0.0,0.3855607468791683,215.9046186811817,0.925,605.3790497698134,559.9756210370774,45.40342873273596,1.0,0.0,0.0,0.3855607468791682,215.9046186811815,0.925,605.379049769813,559.9756210370771,45.40342873273596,1.0,0.0,0.0,0.38541195308173437,215.7110871807813,0.925,605.0699088751909,559.6896657095516,45.380243165639286,0.0,0.0,0.0,0.08724817754776784,0.0,0.88,0.0,0.0,0.0,1.0,,,0.101,169.64373168615433,1679.640907783706,1679.640907783706,0.0,52.068868141294885,0.0,,,211.84660098172833,-2.842170943040401e-14,91.09403842214319,3.0,1101.6742065460728,0.0,0.0,0.0,127.41963872911877
140,1,141,0.11566,0.0,1101.6742065460728,,,,0,0.0,1,1891.487508765434,1891.487508765434,-0.0,302.63800140246946,62.79738529101241,0.0,,,284.5101503167739,1891.487508765434,1815.828008414817,75.65950035061735,1891.487508765434,0.0,1.0,0.0,0.0,0.1566560832225054,94.95754584463656,0.96,631.4093153620965,606.1529427476127,25.256372614483894,1.0,0.0,0.0,0.15669714010146069,94.77631162104879,0.96,630.0390967016689,604.8375328336022,25.201563868066728,1.0,0.0,0.0,0.15669710906839965,94.77629285108871,0.96,630.0390967016689,604.8375328336022,25.201563868066728,,,,647.5203245431446,1815.828008414817,1679.640907783706,136.1871006311112,1815.8280084148173,-2.2737367544323206e-13,1.0,0.0,0.0,0.3855607468791683,215.9046186811817,0.925,605.3790497698134,559.9756210370774,45.40342873273596,1.0,0.0,0.0,0.3855607468791682,215.9046186811815,0.925,605.379049769813,559.9756210370771,45.40342873273596,1.0,0.0,0.0,0.38541195308173437,215.7110871807813,0.925,605.0699088751909,559.6896657095516,45.380243165639286,0.0,0.0,0.0,0.08724817754776784,0.0,0.88,0.0,0.0,0.0,1.0,,,0.101,169.64373168615433,1679.640907783706,1679.640907783706,0.0,52.068868141294885,0.0,,,211.84660098172833,-2.842170943040401e-14,91.09403842214319,3.0,1101.6742065460728,0.0,0.0,0.0,127.41963872911877
141,1,142,0.11566,0.0,1101.674206546073,,,,0,0.0,1,1891.487508765434,1891.487508765434,-0.0,302.63800140246946,62.79738529101241,0.0,,,284.5101503167741,1891.487508765434,1815.828008414817,75.65950035061735,1891.487508765434,0.0,1.0,0.0,0.0,0.1566560832225054,94.95754584463656,0.96,631.4093153620965,606.1529427476127,25.256372614483894,1.0,0.0,0.0,0.15669714010146069,94.77631162104879,0.96,630.0390967016689,604.8375328336022,25.201563868066728,1.0,0.0,0.0,0.15669710906839965,94.77629285108871,0.96,630.0390967016689,604.8375328336022,25.201563868066728,,,,647.5203245431446,1815.828008414817,1679.640907783706,136.1871006311112,1815.8280084148173,-2.2737367544323206e-13,1.0,0.0,0.0,0.3855607468791683,215.9046186811817,0.925,605.3790497698134,559.9756210370774,45.40342873273596,1.0,0.0,0.0,0.3855607468791682,215.9046186811815,0.925,605.379049769813,559.9756210370771,45.40342873273596,1.0,0.0,0.0,0.38541195308173437,215.7110871807813,0.925,605.0699088751909,559.6896657095516,45.380243165639286,0.0,0.0,0.0,0.08724817754776784,0.0,0.88,0.0,0.0,0.0,1.0,,,0.101,169.64373168615433,1679.640907783706,1679.640907783706,0.0,52.068868141294885,0.0,,,211.84660098172833,-2.842170943040401e-14,91.09403842214319,3.0,1101.674206546073,0.0,0.0,0.0,127.4196387291188
142,1,143,0.11506,0.0,1101.6741668919044,,,,0,0.0,1,1891.487508765434,1891.487508765434,-0.0,302.63800140246946,62.79738529101241,0.0,,,284.5101503167739,1891.487508765434,1815.828008414817,75.65950035061735,1891.487508765434,0.0,1.0,0.0,0.0,0.1566560832225054,94.95754584463656,0.96,631.4093153620965,606.1529427476127,25.256372614483894,1.0,0.0,0.0,0.15669714010146069,94.77631162104879,0.96,630.0390967016689,604.8375328336022,25.201563868066728,1.0,0.0,0.0,0.15669710906839965,94.77629285108871,0.96,630.0390967016689,604.8375328336022,25.201563868066728,,,,647.5202912566455,1815.828008414817,1679.6408447374743,136.18716367734305,1815.8280084148173,-2.2737367544323206e-13,1.0,0.0,0.0,0.3855607468791683,215.9046186811817,0.925,605.3790497698134,559.9756210370774,45.40342873273596,1.0,0.0,0.0,0.3855607468791682,215.9046186811815,0.925,605.379049769813,559.9756210370771,45.40342873273596,1.0,0.0,0.0,0.38541193702331955,215.71105389428214,0.9249998958033925,605.0699088751909,559.6896026633198,45.38030621187113,0.0,0.0,0.0,0.08724817754776784,0.0,0.88,0.0,0.0,0.0,1.0,,,0.101,169.6437253184849,1679.6408447374743,1679.6408447374743,0.0,52.068866186861705,0.0,,,211.84666402796017,1.4210854715202004e-13,91.09406553202287,3.0,1101.6741668919044,0.0,0.0,0.0,126.75862964258252
143,1,144,0.11506,0.0,1101.6742065460726,,,,0,0.0,1,1891.487508765434,1891.487508765434,-0.0,302.63800140246946,62.79738529101241,0.0,,,284.5101503167738,1891.487508765434,1815.828008414817,75.65950035061735,1891.487508765434,0.0,1.0,0.0,0.0,0.1566560832225054,94.95754584463656,0.96,631.4093153620965,606.1529427476127,25.256372614483894,1.0,0.0,0.0,0.15669714010146069,94.77631162104879,0.96,630.0390967016689,604.8375328336022,25.201563868066728,1.0,0.0,0.0,0.15669710906839965,94.77629285108871,0.96,630.0390967016689,604.8375328336022,25.201563868066728,,,,647.5203245431446,1815.828008414817,1679.640907783706,136.1871006311112,1815.8280084148173,-2.2737367544323206e-13,1.0,0.0,0.0,0.3855607468791683,215.9046186811817,0.925,605.3790497698134,559.9756210370774,45.40342873273596,1.0,0.0,0.0,0.3855607468791682,215.9046186811815,0.925,605.379049769813,559.9756210370771,45.40342873273596,1.0,0.0,0.0,0.38541195308173437,215.7110871807813,0.925,605.0699088751909,559.6896657095516,45.380243165639286,0.0,0.0,0.0,0.08724817754776784,0.0,0.88,0.0,0.0,0.0,1.0,,,0.101,169.64373168615433,1679.640907783706,1679.640907783706,0.0,52.068868141294885,0.0,,,211.84660098172833,-1.4210854715202004e-13,91.09403842214319,3.0,1101.6742065460726,0.0,0.0,0.0,126.7586342051911
144,1,145,0.11506,0.0,1101.6742065460726,,,,0,0.0,1,1891.487508765434,1891.487508765434,-0.0,302.63800140246946,62.79738529101241,0.0,,,284.5101503167738,1891.487508765434,1815.828008414817,75.65950035061735,1891.487508765434,0.0,1.0,0.0,0.0,0.1566560832225054,94.95754584463656,0.96,631.4093153620965,606.1529427476127,25.256372614483894,1.0,0.0,0.0,0.15669714010146069,94.77631162104879,0.96,630.0390967016689,604.8375328336022,25.201563868066728,1.0,0.0,0.0,0.15669710906839965,94.77629285108871,0.96,630.0390967016689,604.8375328336022,25.201563868066728,,,,647.5203245431446,1815.828008414817,1679.640907783706,136.1871006311112,1815.8280084148173,-2.2737367544323206e-13,1.0,0.0,0.0,0.3855607468791683,215.9046186811817,0.925,605.3790497698134,559.9756210370774,45.40342873273596,1.0,0.0,0.0,0.3855607468791682,215.9046186811815,0.925,605.379049769813,559.9756210370771,45.40342873273596,1.0,0.0,0.0,0.38541195308173437,215.7110871807813,0.925,605.0699088751909,559.6896657095516,45.380243165639286,0.0,0.0,0.0,0.08724817754776784,0.0,0.88,0.0,0.0,0.0,1.0,,,0.101,169.64373168615433,1679.640907783706,1679.640907783706,0.0,52.068868141294885,0.0,,,211.84660098172833,-1.4210854715202004e-13,91.09403842214319,3.0,1101.6742065460726,0.0,0.0,0.0,126.7586342051911
145,1,146,0.11506,0.0,1101.6742065460726,,,,0,0.0,1,1891.487508765434,1891.487508765434,-0.0,302.63800140246946,62.79738529101241,0.0,,,284.5101503167738,1891.487508765434,1815.828008414817,75.65950035061735,1891.487508765434,0.0,1.0,0.0,0.0,0.1566560832225054,94.95754584463656,0.96,631.4093153620965,606.1529427476127,25.256372614483894,1.0,0.0,0.0,0.15669714010146069,94.77631162104879,0.96,630.0390967016689,604.8375328336022,25.201563868066728,1.0,0.0,0.0,0.15669710906839965,94.77629285108871,0.96,630.0390967016689,604.8375328336022,25.201563868066728,,,,647.5203245431446,1815.828008414817,1679.640907783706,136.1871006311112,1815.8280084148173,-2.2737367544323206e-13,1.0,0.0,0.0,0.3855607468791683,215.9046186811817,0.925,605.3790497698134,559.9756210370774,45.40342873273596,1.0,0.0,0.0,0.3855607468791682,215.9046186811815,0.925,605.379049769813,559.9756210370771,45.40342873273596,1.0,0.0,0.0,0.38541195308173437,215.7110871807813,0.925,605.0699088751909,559.6896657095516,45.380243165639286,0.0,0.0,0.0,0.08724817754776784,0.0,0.88,0.0,0.0,0.0,1.0,,,0.101,169.64373168615433,1679.640907783706,1679.640907783706,0.0,52.068868141294885,0.0,,,211.84660098172833,-1.4210854715202004e-13,91.09403842214319,3.0,1101.6742065460726,0.0,0.0,0.0,126.7586342051911
146,1,147,0.11506,0.0,1101.6742065460726,,,,0,0.0,1,1891.487508765434,1891.487508765434,-0.0,302.63800140246946,62.79738529101241,0.0,,,284.5101503167738,1891.487508765434,1815.828008414817,75.65950035061735,1891.487508765434,0.0,1.0,0.0,0.0,0.1566560832225054,94.95754584463656,0.96,631.4093153620965,606.1529427476127,25.256372614483894,1.0,0.0,0.0,0.15669714010146069,94.77631162104879,0.96,630.0390967016689,604.8375328336022,25.201563868066728,1.0,0.0,0.0,0.15669710906839965,94.77629285108871,0.96,630.0390967016689,604.8375328336022,25.201563868066728,,,,647.5203245431446,1815.828008414817,1679.640907783706,136.1871006311112,1815.8280084148173,-2.2737367544323206e-13,1.0,0.0,0.0,0.3855607468791683,215.9046186811817,0.925,605.3790497698134,559.9756210370774,45.40342873273596,1.0,0.0,0.0,0.3855607468791682,215.9046186811815,0.925,605.379049769813,559.9756210370771,45.40342873273596,1.0,0.0,0.0,0.38541195308173437,215.7110871807813,0.925,605.0699088751909,559.6896657095516,45.380243165639286,0.0,0.0,0.0,0.08724817754776784,0.0,0.88,0.0,0.0,0.0,1.0,,,0.101,169.64373168615433,1679.640907783706,1679.640907783706,0.0,52.068868141294885,0.0,,,211.84660098172833,-1.4210854715202004e-13,91.09403842214319,3.0,1101.6742065460726,0.0,0.0,0.0,126.7586342051911
147,1,148,0.11506,0.0,1101.6742065460728,,,,0,0.0,1,1891.487508765434,1891.487508765434,-0.0,302.63800140246946,62.79738529101241,0.0,,,284.5101503167739,1891.487508765434,1815.828008414817,75.65950035061735,1891.487508765434,0.0,1.0,0.0,0.0,0.1566560832225054,94.95754584463656,0.96,631.4093153620965,606.1529427476127,25.256372614483894,1.0,0.0,0.0,0.15669714010146069,94.77631162104879,0.96,630.0390967016689,604.8375328336022,25.201563868066728,1.0,0.0,0.0,0.15669710906839965,94.77629285108871,0.96,630.0390967016689,604.8375328336022,25.201563868066728,,,,647.5203245431446,1815.828008414817,1679.640907783706,136.1871006311112,1815.8280084148173,-2.2737367544323206e-13,1.0,0.0,0.0,0.3855607468791683,215.9046186811817,0.925,605.3790497698134,559.9756210370774,45.40342873273596,1.0,0.0,0.0,0.3855607468791682,215.9046186811815,0.925,605.379049769813,559.9756210370771,45.40342873273596,1.0,0.0,0.0,0.38541195308173437,215.7110871807813,0.925,605.0699088751909,559.6896657095516,45.380243165639286,0.0,0.0,0.0,0.08724817754776784,0.0,0.88,0.0,0.0,0.0,1.0,,,0.101,169.64373168615433,1679.640907783706,1679.640907783706,0.0,52.068868141294885,0.0,,,211.84660098172833,-2.842170943040401e-14,91.09403842214319,3.0,1101.6742065460728,0.0,0.0,0.0,126.75863420519113
148,1,149,0.11506,0.0,1101.6742065460726,,,,0,0.0,1,1891.487508765434,1891.487508765434,-0.0,302.63800140246946,62.79738529101241,0.0,,,284.5101503167738,1891.487508765434,1815.828008414817,75.65950035061735,1891.487508765434,0.0,1.0,0.0,0.0,0.1566560832225054,94.95754584463656,0.96,631.4093153620965,606.1529427476127,25.256372614483894,1.0,0.0,0.0,0.15669714010146069,94.77631162104879,0.96,630.0390967016689,604.8375328336022,25.201563868066728,1.0,0.0,0.0,0.15669710906839965,94.77629285108871,0.96,630.0390967016689,604.8375328336022,25.201563868066728,,,,647.5203245431446,1815.828008414817,1679.640907783706,136.1871006311112,1815.8280084148173,-2.2737367544323206e-13,1.0,0.0,0.0,0.3855607468791683,215.9046186811817,0.925,605.3790497698134,559.9756210370774,45.40342873273596,1.0,0.0,0.0,0.3855607468791682,215.9046186811815,0.925,605.379049769813,559.9756210370771,45.40342873273596,1.0,0.0,0.0,0.38541195308173437,215.7110871807813,0.925,605.0699088751909,559.6896657095516,45.380243165639286,0.0,0.0,0.0,0.08724817754776784,0.0,0.88,0.0,0.0,0.0,1.0,,,0.101,169.64373168615433,1679.640907783706,1679.640907783706,0.0,52.068868141294885,0.0,,,211.84660098172833,-1.4210854715202004e-13,91.09403842214319,3.0,1101.6742065460726,0.0,0.0,0.0,126.7586342051911
149,1,150,0.11506,0.0,1101.6742065460728,,,,0,0.0,1,1891.487508765434,1891.487508765434,-0.0,302.63800140246946,62.79738529101241,0.0,,,284.5101503167739,1891.487508765434,1815.828008414817,75.65950035061735,1891.487508765434,0.0,1.0,0.0,0.0,0.1566560832225054,94.95754584463656,0.96,631.4093153620965,606.1529427476127,25.256372614483894,1.0,0.0,0.0,0.15669714010146069,94.77631162104879,0.96,630.0390967016689,604.8375328336022,25.201563868066728,1.0,0.0,0.0,0.15669710906839965,94.77629285108871,0.96,630.0390967016689,604.8375328336022,25.201563868066728,,,,647.5203245431446,1815.828008414817,1679.640907783706,136.1871006311112,1815.8280084148173,-2.2737367544323206e-13,1.0,0.0,0.0,0.3855607468791683,215.9046186811817,0.925,605.3790497698134,559.9756210370774,45.40342873273596,1.0,0.0,0.0,0.3855607468791682,215.9046186811815,0.925,605.379049769813,559.9756210370771,45.40342873273596,1.0,0.0,0.0,0.38541195308173437,215.7110871807813,0.925,605.0699088751909,559.6896657095516,45.380243165639286,0.0,0.0,0.0,0.08724817754776787,0.0,0.8800000000000001,0.0,0.0,0.0,1.0,,,0.101,169.64373168615433,1679.640907783706,1679.640907783706,0.0,52.068868141294885,0.0,,,211.84660098172833,-2.842170943040401e-14,91.09403842214319,3.0,1101.6742065460728,0.0,0.0,0.0,126.75863420519113
150,1,151,0.11506,0.0,1101.6742065460726,,,,0,0.0,1,1891.487508765434,1891.487508765434,-0.0,302.63800140246946,62.79738529101241,0.0,,,284.5101503167738,1891.487508765434,1815.828008414817,75.65950035061735,1891.487508765434,0.0,1.0,0.0,0.0,0.1566560832225054,94.95754584463656,0.96,631.4093153620965,606.1529427476127,25.256372614483894,1.0,0.0,0.0,0.15669714010146069,94.77631162104879,0.96,630.0390967016689,604.8375328336022,25.201563868066728,1.0,0.0,0.0,0.15669710906839965,94.77629285108871,0.96,630.0390967016689,604.8375328336022,25.201563868066728,,,,647.5203245431446,1815.828008414817,1679.640907783706,136.1871006311112,1815.8280084148173,-2.2737367544323206e-13,1.0,0.0,0.0,0.3855607468791683,215.9046186811817,0.925,605.3790497698134,559.9756210370774,45.40342873273596,1.0,0.0,0.0,0.3855607468791682,215.9046186811815,0.925,605.379049769813,559.9756210370771,45.40342873273596,1.0,0.0,0.0,0.38541195308173437,215.7110871807813,0.925,605.0699088751909,559.6896657095516,45.380243165639286,0.0,0.0,0.0,0.08724817754776784,0.0,0.88,0.0,0.0,0.0,1.0,,,0.101,169.64373168615433,1679.640907783706,1679.640907783706,0.0,52.068868141294885,0.0,,,211.84660098172833,-1.4210854715202004e-13,91.09403842214319,3.0,1101.6742065460726,0.0,0.0,0.0,126.7586342051911
151,1,152,0.11506,0.0,1101.6742065460726,,,,0,0.0,1,1891.487508765434,1891.487508765434,-0.0,302.63800140246946,62.79738529101241,0.0,,,284.5101503167738,1891.487508765434,1815.828008414817,75.65950035061735,1891.487508765434,0.0,1.0,0.0,0.0,0.1566560832225054,94.95754584463656,0.96,631.4093153620965,606.1529427476127,25.256372614483894,1.0,0.0,0.0,0.15669714010146069,94.77631162104879,0.96,630.0390967016689,604.8375328336022,25.201563868066728,1.0,0.0,0.0,0.15669710906839965,94.77629285108871,0.96,630.0390967016689,604.8375328336022,25.201563868066728,,,,647.5203245431446,1815.828008414817,1679.640907783706,136.1871006311112,1815.8280084148173,-2.2737367544323206e-13,1.0,0.0,0.0,0.3855607468791683,215.9046186811817,0.925,605.3790497698134,559.9756210370774,45.40342873273596,1.0,0.0,0.0,0.3855607468791682,215.9046186811815,0.925,605.379049769813,559.9756210370771,45.40342873273596,1.0,0.0,0.0,0.38541195308173437,215.7110871807813,0.925,605.0699088751909,559.6896657095516,45.380243165639286,0.0,0.0,0.0,0.08724817754776787,0.0,0.8800000000000001,0.0,0.0,0.0,1.0,,,0.101,169.64373168615433,1679.640907783706,1679.640907783706,0.0,52.068868141294885,0.0,,,211.84660098172833,-1.4210854715202004e-13,91.09403842214319,3.0,1101.6742065460726,0.0,0.0,0.0,126.7586342051911
152,1,153,0.07074,0.0,1101.6742065460728,,,,0,0.0,1,1891.487508765434,1891.487508765434,-0.0,302.63800140246946,62.79738529101241,0.0,,,284.5101503167739,1891.487508765434,1815.828008414817,75.65950035061735,1891.487508765434,0.0,1.0,0.0,0.0,0.1566560832225054,94.95754584463656,0.96,631.4093153620965,606.1529427476127,25.256372614483894,1.0,0.0,0.0,0.15669714010146069,94.77631162104879,0.96,630.0390967016689,604.8375328336022,25.201563868066728,1.0,0.0,0.0,0.15669710906839965,94.77629285108871,0.96,630.0390967016689,604.8375328336022,25.201563868066728,,,,647.5203245431446,1815.828008414817,1679.640907783706,136.1871006311112,1815.8280084148173,-2.2737367544323206e-13,1.0,0.0,0.0,0.3855607468791683,215.9046186811817,0.925,605.3790497698134,559.9756210370774,45.40342873273596,1.0,0.0,0.0,0.3855607468791682,215.9046186811815,0.925,605.379049769813,559.9756210370771,45.40342873273596,1.0,0.0,0.0,0.38541195308173437,215.7110871807813,0.925,605.0699088751909,559.6896657095516,45.380243165639286,0.0,0.0,0.0,0.08724817754776787,0.0,0.8800000000000001,0.0,0.0,0.0,1.0,,,0.101,169.64373168615433,1679.640907783706,1679.640907783706,0.0,52.068868141294885,0.0,,,211.84660098172833,-2.842170943040401e-14,91.09403842214319,3.0,1101.6742065460728,0.0,0.0,0.0,77.9324333710692
153,1,154,0.07074,0.0,1101.6742065460728,,,,0,0.0,1,1891.487508765434,1891.487508765434,-0.0,302.63800140246946,62.79738529101241,0.0,,,284.5101503167739,1891.487508765434,1815.828008414817,75.65950035061735,1891.487508765434,0.0,1.0,0.0,0.0,0.1566560832225054,94.95754584463656,0.96,631.4093153620965,606.1529427476127,25.256372614483894,1.0,0.0,0.0,0.15669714010146069,94.77631162104879,0.96,630.0390967016689,604.8375328336022,25.201563868066728,1.0,0.0,0.0,0.15669710906839965,94.77629285108871,0.96,630.0390967016689,604.8375328336022,25.201563868066728,,,,647.5203245431446,1815.828008414817,1679.640907783706,136.1871006311112,1815.8280084148173,-2.2737367544323206e-13,1.0,0.0,0.0,0.3855607468791683,215.9046186811817,0.925,605.3790497698134,559.9756210370774,45.40342873273596,1.0,0.0,0.0,0.3855607468791682,215.9046186811815,0.925,605.379049769813,559.9756210370771,45.40342873273596,1.0,0.0,0.0,0.38541195308173437,215.7110871807813,0.925,605.0699088751909,559.6896657095516,45.380243165639286,0.0,0.0,0.0,0.08724817754776784,0.0,0.88,0.0,0.0,0.0,1.0,,,0.101,169.64373168615433,1679.640907783706,1679.640907783706,0.0,52.068868141294885,0.0,,,211.84660098172833,-2.842170943040401e-14,91.09403842214319,3.0,1101.6742065460728,0.0,0.0,0.0,77.9324333710692
154,1,155,0.07074,0.0,1101.674206546073,,,,0,0.0,1,1891.487508765434,1891.487508765434,-0.0,302.63800140246946,62.79738529101241,0.0,,,284.510150316774,1891.487508765434,1815.828008414817,75.65950035061735,1891.487508765434,0.0,1.0,0.0,0.0,0.1566560832225054,94.95754584463656,0.96,631.4093153620965,606.1529427476127,25.256372614483894,1.0,0.0,0.0,0.15669714010146069,94.77631162104879,0.96,630.0390967016689,604.8375328336022,25.201563868066728,1.0,0.0,0.0,0.15669710906839965,94.77629285108871,0.96,630.0390967016689,604.8375328336022,25.201563868066728,,,,647.5203245431446,1815.828008414817,1679.640907783706,136.1871006311112,1815.8280084148173,-2.2737367544323206e-13,1.0,0.0,0.0,0.3855607468791683,215.9046186811817,0.925,605.3790497698134,559.9756210370774,45.40342873273596,1.0,0.0,0.0,0.3855607468791682,215.9046186811815,0.925,605.379049769813,559.9756210370771,45.40342873273596,1.0,0.0,0.0,0.38541195308173437,215.7110871807813,0.925,605.0699088751909,559.6896657095516,45.380243165639286,0.0,0.0,0.0,0.08724817754776784,0.0,0.88,0.0,0.0,0.0,1.0,,,0.101,169.64373168615433,1679.640907783706,1679.640907783706,0.0,52.068868141294885,0.0,,,211.84660098172833,8.526512829121202e-14,91.09403842214319,3.0,1101.674206546073,0.0,0.0,0.0,77.93243337106921
155,1,156,0.07074,0.0,1101.6742065460728,,,,0,0.0,1,1891.487508765434,1891.487508765434,-0.0,302.63800140246946,62.79738529101241,0.0,,,284.5101503167739,1891.487508765434,1815.828008414817,75.65950035061735,1891.487508765434,0.0,1.0,0.0,0.0,0.1566560832225054,94.95754584463656,0.96,631.4093153620965,606.1529427476127,25.256372614483894,1.0,0.0,0.0,0.15669714010146069,94.77631162104879,0.96,630.0390967016689,604.8375328336022,25.201563868066728,1.0,0.0,0.0,0.15669710906839965,94.77629285108871,0.96,630.0390967016689,604.8375328336022,25.201563868066728,,,,647.5203245431446,1815.828008414817,1679.640907783706,136.1871006311112,1815.8280084148173,-2.2737367544323206e-13,1.0,0.0,0.0,0.3855607468791683,215.9046186811817,0.925,605.3790497698134,559.9756210370774,45.40342873273596,1.0,0.0,0.0,0.3855607468791682,215.9046186811815,0.925,605.379049769813,559.9756210370771,45.40342873273596,1.0,0.0,0.0,0.38541195308173437,215.7110871807813,0.925,605.0699088751909,559.6896657095516,45.380243165639286,0.0,0.0,0.0,0.08724817754776784,0.0,0.88,0.0,0.0,0.0,1.0,,,0.101,169.64373168615433,1679.640907783706,1679.640907783706,0.0,52.068868141294885,0.0,,,211.84660098172833,-2.842170943040401e-14,91.09403842214319,3.0,1101.6742065460728,0.0,0.0,0.0,77.9324333710692
156,1,157,0.07074,0.0,1101.6742065460726,,,,0,0.0,1,1891.487508765434,1891.487508765434,-0.0,302.63800140246946,62.79738529101241,0.0,,,284.5101503167738,1891.487508765434,1815.828008414817,75.65950035061735,1891.487508765434,0.0,1.0,0.0,0.0,0.1566560832225054,94.95754584463656,0.96,631.4093153620965,606.1529427476127,25.256372614483894,1.0,0.0,0.0,0.15669714010146069,94.77631162104879,0.96,630.0390967016689,604.8375328336022,25.201563868066728,1.0,0.0,0.0,0.15669710906839965,94.77629285108871,0.96,630.0390967016689,604.8375328336022,25.201563868066728,,,,647.5203245431446,1815.828008414817,1679.640907783706,136.1871006311112,1815.8280084148173,-2.2737367544323206e-13,1.0,0.0,0.0,0.3855607468791683,215.9046186811817,0.925,605.3790497698134,559.9756210370774,45.40342873273596,1.0,0.0,0.0,0.3855607468791682,215.9046186811815,0.925,605.379049769813,559.9756210370771,45.40342873273596,1.0,0.0,0.0,0.38541195308173437,215.7110871807813,0.925,605.0699088751909,559.6896657095516,45.380243165639286,0.0,0.0,0.0,0.08724817754776787,0.0,0.8800000000000001,0.0,0.0,0.0,1.0,,,0.101,169.64373168615433,1679.640907783706,1679.640907783706,0.0,52.068868141294885,0.0,,,211.84660098172833,-1.4210854715202004e-13,91.09403842214319,3.0,1101.6742065460726,0.0,0.0,0.0,77.93243337106917
157,1,158,0.07074,0.0,1101.6742065460728,,,,0,0.0,1,1891.487508765434,1891.487508765434,-0.0,302.63800140246946,62.79738529101241,0.0,,,284.5101503167739,1891.487508765434,1815.828008414817,75.65950035061735,1891.487508765434,0.0,1.0,0.0,0.0,0.1566560832225054,94.95754584463656,0.96,631.4093153620965,606.1529427476127,25.256372614483894,1.0,0.0,0.0,0.15669714010146069,94.77631162104879,0.96,630.0390967016689,604.8375328336022,25.201563868066728,1.0,0.0,0.0,0.15669710906839965,94.77629285108871,0.96,630.0390967016689,604.8375328336022,25.201563868066728,,,,647.5203245431446,1815.828008414817,1679.640907783706,136.1871006311112,1815.8280084148173,-2.2737367544323206e-13,1.0,0.0,0.0,0.3855607468791683,215.9046186811817,0.925,605.3790497698134,559.9756210370774,45.40342873273596,1.0,0.0,0.0,0.3855607468791682,215.9046186811815,0.925,605.379049769813,559.9756210370771,45.40342873273596,1.0,0.0,0.0,0.38541195308173437,215.7110871807813,0.925,605.0699088751909,559.6896657095516,45.380243165639286,0.0,0.0,0.0,0.08724817754776787,0.0,0.8800000000000001,0.0,0.0,0.0,1.0,,,0.101,169.64373168615433,1679.640907783706,1679.640907783706,0.0,52.068868141294885,0.0,,,211.84660098172833,-2.842170943040401e-14,91.09403842214319,3.0,1101.6742065460728,0.0,0.0,0.0,77.9324333710692
158,1,159,0.07074,0.0,1101.6742065460728,,,,0,0.0,1,1891.487508765434,1891.487508765434,-0.0,302.63800140246946,62.79738529101241,0.0,,,284.5101503167739,1891.487508765434,1815.828008414817,75.65950035061735,1891.487508765434,0.0,1.0,0.0,0.0,0.1566560832225054,94.95754584463656,0.96,631.4093153620965,606.1529427476127,25.256372614483894,1.0,0.0,0.0,0.15669714010146069,94.77631162104879,0.96,630.0390967016689,604.8375328336022,25.201563868066728,1.0,0.0,0.0,0.15669710906839965,94.77629285108871,0.96,630.0390967016689,604.8375328336022,25.201563868066728,,,,647.5203245431446,1815.828008414817,1679.640907783706,136.1871006311112,1815.8280084148173,-2.2737367544323206e-13,1.0,0.0,0.0,0.3855607468791683,215.9046186811817,0.925,605.3790497698134,559.9756210370774,45.40342873273596,1.0,0.0,0.0,0.3855607468791682,215.9046186811815,0.925,605.379049769813,559.9756210370771,45.40342873273596,1.0,0.0,0.0,0.38541195308173437,215.7110871807813,0.925,605.0699088751909,559.6896657095516,45.380243165639286,0.0,0.0,0.0,0.08724817754776784,0.0,0.88,0.0,0.0,0.0,1.0,,,0.101,169.64373168615433,1679.640907783706,1679.640907783706,0.0,52.068868141294885,0.0,,,211.84660098172833,-2.842170943040401e-14,91.09403842214319,3.0,1101.6742065460728,0.0,0.0,0.0,77.9324333710692
159,1,160,0.07074,0.0,1101.674206546073,,,,0,0.0,1,1891.487508765434,1891.487508765434,-0.0,302.63800140246946,62.79738529101241,0.0,,,284.510150316774,1891.487508765434,1815.828008414817,75.65950035061735,1891.487508765434,0.0,1.0,0.0,0.0,0.1566560832225054,94.95754584463656,0.96,631.4093153620965,606.1529427476127,25.256372614483894,1.0,0.0,0.0,0.15669714010146069,94.77631162104879,0.96,630.0390967016689,604.8375328336022,25.201563868066728,1.0,0.0,0.0,0.15669710906839965,94.77629285108871,0.96,630.0390967016689,604.8375328336022,25.201563868066728,,,,647.5203245431446,1815.828008414817,1679.640907783706,136.1871006311112,1815.8280084148173,-2.2737367544323206e-13,1.0,0.0,0.0,0.3855607468791683,215.9046186811817,0.925,605.3790497698134,559.9756210370774,45.40342873273596,1.0,0.0,0.0,0.3855607468791682,215.9046186811815,0.925,605.379049769813,559.9756210370771,45.40342873273596,1.0,0.0,0.0,0.38541195308173437,215.7110871807813,0.925,605.0699088751909,559.6896657095516,45.380243165639286,0.0,0.0,0.0,0.08724817754776784,0.0,0.88,0.0,0.0,0.0,1.0,,,0.101,169.64373168615433,1679.640907783706,1679.640907783706,0.0,52.068868141294885,0.0,,,211.84660098172833,8.526512829121202e-14,91.09403842214319,3.0,1101.674206546073,0.0,0.0,0.0,77.93243337106921
160,1,161,0.07074,0.0,1101.6742065460728,,,,0,0.0,1,1891.487508765434,1891.487508765434,-0.0,302.63800140246946,62.79738529101241,0.0,,,284.5101503167739,1891.487508765434,1815.828008414817,75.65950035061735,1891.487508765434,0.0,1.0,0.0,0.0,0.1566560832225054,94.95754584463656,0.96,631.4093153620965,606.1529427476127,25.256372614483894,1.0,0.0,0.0,0.15669714010146069,94.77631162104879,0.96,630.0390967016689,604.8375328336022,25.201563868066728,1.0,0.0,0.0,0.15669710906839965,94.77629285108871,0.96,630.0390967016689,604.8375328336022,25.201563868066728,,,,647.5203245431446,1815.828008414817,1679.640907783706,136.1871006311112,1815.8280084148173,-2.2737367544323206e-13,1.0,0.0,0.0,0.3855607468791683,215.9046186811817,0.925,605.3790497698134,559.9756210370774,45.40342873273596,1.0,0.0,0.0,0.3855607468791682,215.9046186811815,0.925,605.379049769813,559.9756210370771,45.40342873273596,1.0,0.0,0.0,0.38541195308173437,215.7110871807813,0.925,605.0699088751909,559.6896657095516,45.380243165639286,0.0,0.0,0.0,0.08724817754776787,0.0,0.8800000000000001,0.0,0.0,0.0,1.0,,,0.101,169.64373168615433,1679.640907783706,1679.640907783706,0.0,52.068868141294885,0.0,,,211.84660098172833,-2.842170943040401e-14,91.09403842214319,3.0,1101.6742065460728,0.0,0.0,0.0,77.9324333710692
161,1,162,0.11566,0.0,1101.6742065460728,,,,0,0.0,1,1891.487508765434,1891.487508765434,-0.0,302.63800140246946,62.79738529101241,0.0,,,284.5101503167739,1891.487508765434,1815.828008414817,75.65950035061735,1891.487508765434,0.0,1.0,0.0,0.0,0.1566560832225054,94.95754584463656,0.96,631.4093153620965,606.1529427476127,25.256372614483894,1.0,0.0,0.0,0.15669714010146069,94.77631162104879,0.96,630.0390967016689,604.8375328336022,25.201563868066728,1.0,0.0,0.0,0.15669710906839965,94.77629285108871,0.96,630.0390967016689,604.8375328336022,25.201563868066728,,,,647.5203245431446,1815.828008414817,1679.640907783706,136.1871006311112,1815.8280084148173,-2.2737367544323206e-13,1.0,0.0,0.0,0.3855607468791683,215.9046186811817,0.925,605.3790497698134,559.9756210370774,45.40342873273596,1.0,0.0,0.0,0.3855607468791682,215.9046186811815,0.925,605.379049769813,559.9756210370771,45.40342873273596,1.0,0.0,0.0,0.38541195308173437,215.7110871807813,0.925,605.0699088751909,559.6896657095516,45.380243165639286,0.0,0.0,0.0,0.08724817754776784,0.0,0.88,0.0,0.0,0.0,1.0,,,0.101,169.64373168615433,1679.640907783706,1679.640907783706,0.0,52.068868141294885,0.0,,,211.84660098172833,-2.842170943040401e-14,91.09403842214319,3.0,1101.6742065460728,0.0,0.0,0.0,127.41963872911877
162,1,163,0.11566,0.0,1101.6742065460728,,,,0,0.0,1,1891.487508765434,1891.487508765434,-0.0,302.63800140246946,62.79738529101241,0.0,,,284.5101503167739,1891.487508765434,1815.828008414817,75.65950035061735,1891.487508765434,0.0,1.0,0.0,0.0,0.1566560832225054,94.95754584463656,0.96,631.4093153620965,606.1529427476127,25.256372614483894,1.0,0.0,0.0,0.15669714010146069,94.77631162104879,0.96,630.0390967016689,604.8375328336022,25.201563868066728,1.0,0.0,0.0,0.15669710906839965,94.77629285108871,0.96,630.0390967016689,604.8375328336022,25.201563868066728,,,,647.5203245431446,1815.828008414817,1679.640907783706,136.1871006311112,1815.8280084148173,-2.2737367544323206e-13,1.0,0.0,0.0,0.3855607468791683,215.9046186811817,0.925,605.3790497698134,559.9756210370774,45.40342873273596,1.0,0.0,0.0,0.3855607468791682,215.9046186811815,0.925,605.379049769813,559.9756210370771,45.40342873273596,1.0,0.0,0.0,0.38541195308173437,215.7110871807813,0.925,605.0699088751909,559.6896657095516,45.380243165639286,0.0,0.0,0.0,0.08724817754776784,0.0,0.88,0.0,0.0,0.0,1.0,,,0.101,169.64373168615433,1679.640907783706,1679.640907783706,0.0,52.068868141294885,0.0,,,211.84660098172833,-2.842170943040401e-14,91.09403842214319,3.0,1101.6742065460728,0.0,0.0,0.0,127.41963872911877
163,1,164,0.11566,0.0,1101.6742065460728,,,,0,0.0,1,1891.487508765434,1891.487508765434,-0.0,302.63800140246946,62.79738529101241,0.0,,,284.5101503167739,1891.487508765434,1815.828008414817,75.65950035061735,1891.487508765434,0.0,1.0,0.0,0.0,0.1566560832225054,94.95754584463656,0.96,631.4093153620965,606.1529427476127,25.256372614483894,1.0,0.0,0.0,0.15669714010146069,94.77631162104879,0.96,630.0390967016689,604.8375328336022,25.201563868066728,1.0,0.0,0.0,0.15669710906839965,94.77629285108871,0.96,630.0390967016689,604.8375328336022,25.201563868066728,,,,647.5203245431446,1815.828008414817,1679.640907783706,136.1871006311112,1815.8280084148173,-2.2737367544323206e-13,1.0,0.0,0.0,0.3855607468791683,215.9046186811817,0.925,605.3790497698134,559.9756210370774,45.40342873273596,1.0,0.0,0.0,0.3855607468791682,215.9046186811815,0.925,605.379049769813,559.9756210370771,45.40342873273596,1.0,0.0,0.0,0.38541195308173437,215.7110871807813,0.925,605.0699088751909,559.6896657095516,45.380243165639286,0.0,0.0,0.0,0.08724817754776784,0.0,0.88,0.0,0.0,0.0,1.0,,,0.101,169.64373168615433,1679.640907783706,1679.640907783706,0.0,52.068868141294885,0.0,,,211.84660098172833,-2.842170943040401e-14,91.09403842214319,3.0,1101.6742065460728,0.0,0.0,0.0,127.41963872911877
164,1,165,0.11566,0.0,1101.6742065460728,,,,0,0.0,1,1891.487508765434,1891.487508765434,-0.0,302.63800140246946,62.79738529101241,0.0,,,284.5101503167739,1891.487508765434,1815.828008414817,75.65950035061735,1891.487508765434,0.0,1.0,0.0,0.0,0.1566560832225054,94.95754584463656,0.96,631.4093153620965,606.1529427476127,25.256372614483894,1.0,0.0,0.0,0.15669714010146069,94.77631162104879,0.96,630.0390967016689,604.8375328336022,25.201563868066728,1.0,0.0,0.0,0.15669710906839965,94.77629285108871,0.96,630.0390967016689,604.8375328336022,25.201563868066728,,,,647.5203245431446,1815.828008414817,1679.640907783706,136.1871006311112,1815.8280084148173,-2.2737367544323206e-13,1.0,0.0,0.0,0.3855607468791683,215.9046186811817,0.925,605.3790497698134,559.9756210370774,45.40342873273596,1.0,0.0,0.0,0.3855607468791682,215.9046186811815,0.925,605.379049769813,559.9756210370771,45.40342873273596,1.0,0.0,0.0,0.38541195308173437,215.7110871807813,0.925,605.0699088751909,559.6896657095516,45.380243165639286,0.0,0.0,0.0,0.08724817754776784,0.0,0.88,0.0,0.0,0.0,1.0,,,0.101,169.64373168615433,1679.640907783706,1679.640907783706,0.0,52.068868141294885,0.0,,,211.84660098172833,-2.842170943040401e-14,91.09403842214319,3.0,1101.6742065460728,0.0,0.0,0.0,127.41963872911877
165,1,166,0.11566,0.0,1101.674206546073,,,,0,0.0,1,1891.487508765434,1891.487508765434,-0.0,302.63800140246946,62.79738529101241,0.0,,,284.5101503167741,1891.487508765434,1815.828008414817,75.65950035061735,1891.487508765434,0.0,1.0,0.0,0.0,0.1566560832225054,94.95754584463656,0.96,631.4093153620965,606.1529427476127,25.256372614483894,1.0,0.0,0.0,0.15669714010146069,94.77631162104879,0.96,630.0390967016689,604.8375328336022,25.201563868066728,1.0,0.0,0.0,0.15669710906839965,94.77629285108871,0.96,630.0390967016689,604.8375328336022,25.201563868066728,,,,647.5203245431446,1815.828008414817,1679.640907783706,136.1871006311112,1815.8280084148173,-2.2737367544323206e-13,1.0,0.0,0.0,0.3855607468791683,215.9046186811817,0.925,605.3790497698134,559.9756210370774,45.40342873273596,1.0,0.0,0.0,0.3855607468791682,215.9046186811815,0.925,605.379049769813,559.9756210370771,45.40342873273596,1.0,0.0,0.0,0.38541195308173437,215.7110871807813,0.925,605.0699088751909,559.6896657095516,45.380243165639286,0.0,0.0,0.0,0.08724817754776784,0.0,0.88,0.0,0.0,0.0,1.0,,,0.101,169.64373168615433,1679.640907783706,1679.640907783706,0.0,52.068868141294885,0.0,,,211.84660098172833,-2.842170943040401e-14,91.09403842214319,3.0,1101.674206546073,0.0,0.0,0.0,127.4196387291188
166,1,167,0.11506,0.0,1101.6742065460726,,,,0,0.0,1,1891.487508765434,1891.487508765434,-0.0,302.63800140246946,62.79738529101241,0.0,,,284.5101503167738,1891.487508765434,1815.828008414817,75.65950035061735,1891.487508765434,0.0,1.0,0.0,0.0,0.1566560832225054,94.95754584463656,0.96,631.4093153620965,606.1529427476127,25.256372614483894,1.0,0.0,0.0,0.15669714010146069,94.77631162104879,0.96,630.0390967016689,604.8375328336022,25.201563868066728,1.0,0.0,0.0,0.15669710906839965,94.77629285108871,0.96,630.0390967016689,604.8375328336022,25.201563868066728,,,,647.5203245431446,1815.828008414817,1679.640907783706,136.1871006311112,1815.8280084148173,-2.2737367544323206e-13,1.0,0.0,0.0,0.3855607468791683,215.9046186811817,0.925,605.3790497698134,559.9756210370774,45.40342873273596,1.0,0.0,0.0,0.3855607468791682,215.9046186811815,0.925,605.379049769813,559.9756210370771,45.40342873273596,1.0,0.0,0.0,0.38541195308173437,215.7110871807813,0.925,605.0699088751909,559.6896657095516,45.380243165639286,0.0,0.0,0.0,0.08724817754776784,0.0,0.88,0.0,0.0,0.0,1.0,,,0.101,169.64373168615433,1679.640907783706,1679.640907783706,0.0,52.068868141294885,0.0,,,211.84660098172833,-1.4210854715202004e-13,91.09403842214319,3.0,1101.6742065460726,0.0,0.0,0.0,126.7586342051911
167,1,168,0.11506,0.0,1101.6742065460728,,,,0,0.0,1,1891.487508765434,1891.487508765434,-0.0,302.63800140246946,62.79738529101241,0.0,,,284.5101503167739,1891.487508765434,1815.828008414817,75.65950035061735,1891.487508765434,0.0,1.0,0.0,0.0,0.1566560832225054,94.95754584463656,0.96,631.4093153620965,606.1529427476127,25.256372614483894,1.0,0.0,0.0,0.15669714010146069,94.77631162104879,0.96,630.0390967016689,604.8375328336022,25.201563868066728,1.0,0.0,0.0,0.15669710906839965,94.77629285108871,0.96,630.0390967016689,604.8375328336022,25.201563868066728,,,,647.5203245431446,1815.828008414817,1679.640907783706,136.1871006311112,1815.8280084148173,-2.2737367544323206e-13,1.0,0.0,0.0,0.3855607468791683,215.9046186811817,0.925,605.3790497698134,559.9756210370774,45.40342873273596,1.0,0.0,0.0,0.3855607468791682,215.9046186811815,0.925,605.379049769813,559.9756210370771,45.40342873273596,1.0,0.0,0.0,0.38541195308173437,215.7110871807813,0.925,605.0699088751909,559.6896657095516,45.380243165639286,0.0,0.0,0.0,0.08724817754776784,0.0,0.88,0.0,0.0,0.0,1.0,,,0.101,169.64373168615433,1679.640907783706,1679.640907783706,0.0,52.068868141294885,0.0,,,211.84660098172833,-2.842170943040401e-14,91.09403842214319,3.0,1101.6742065460728,0.0,0.0,0.0,126.75863420519113
