,Day,Time,LMP,bypass_pretreatment_flow,power_from_grid,intake.op_mode,intake.startup,intake.shutdown,intake.energy_intensity,intake.power_consumption,intake.recovery,intake.feed_flowrate,intake.product_flowrate,intake.reject_flowrate,intake.feed_cost,intake.chemical_cost,pretreatment.op_mode,pretreatment.startup,pretreatment.shutdown,pretreatment.power_consumption,pretreatment.feed_flowrate,pretreatment.product_flowrate,pretreatment.reject_flowrate,pretreatment.inlet_flowrate,pretreatment.leftover_flow,pretreatment.uf_pumps[1].op_mode,pretreatment.uf_pumps[1].startup,pretreatment.uf_pumps[1].shutdown,pretreatment.uf_pumps[1].energy_intensity,pretreatment.uf_pumps[1].power_consumption,pretreatment.uf_pumps[1].recovery,pretreatment.uf_pumps[1].feed_flowrate,pretreatment.uf_pumps[1].product_flowrate,pretreatment.uf_pumps[1].reject_flowrate,pretreatment.uf_pumps[2].op_mode,pretreatment.uf_pumps[2].startup,pretreatment.uf_pumps[2].shutdown,pretreatment.uf_pumps[2].energy_intensity,pretreatment.uf_pumps[2].power_consumption,pretreatment.uf_pumps[2].recovery,pretreatment.uf_pumps[2].feed_flowrate,pretreatment.uf_pumps[2].product_flowrate,pretreatment.uf_pumps[2].reject_flowrate,pretreatment.uf_pumps[3].op_mode,pretreatment.uf_pumps[3].startup,pretreatment.uf_pumps[3].shutdown,pretreatment.uf_pumps[3].energy_intensity,pretreatment.uf_pumps[3].power_consumption,pretreatment.uf_pumps[3].recovery,pretreatment.uf_pumps[3].feed_flowrate,pretreatment.uf_pumps[3].product_flowrate,pretreatment.uf_pumps[3].reject_flowrate,reverse_osmosis.op_mode,reverse_osmosis.startup,reverse_osmosis.shutdown,reverse_osmosis.power_consumption,reverse_osmosis.feed_flowrate,reverse_osmosis.product_flowrate,reverse_osmosis.reject_flowrate,reverse_osmosis.inlet_flowrate,reverse_osmosis.leftover_flow,reverse_osmosis.ro_skid[1].op_mode,reverse_osmosis.ro_skid[1].startup,reverse_osmosis.ro_skid[1].shutdown,reverse_osmosis.ro_skid[1].energy_intensity,reverse_osmosis.ro_skid[1].power_consumption,reverse_osmosis.ro_skid[1].recovery,reverse_osmosis.ro_skid[1].feed_flowrate,reverse_osmosis.ro_skid[1].product_flowrate,reverse_osmosis.ro_skid[1].reject_flowrate,reverse_osmosis.ro_skid[2].op_mode,reverse_osmosis.ro_skid[2].startup,reverse_osmosis.ro_skid[2].shutdown,reverse_osmosis.ro_skid[2].energy_intensity,reverse_osmosis.ro_skid[2].power_consumption,reverse_osmosis.ro_skid[2].recovery,reverse_osmosis.ro_skid[2].feed_flowrate,reverse_osmosis.ro_skid[2].product_flowrate,reverse_osmosis.ro_skid[2].reject_flowrate,reverse_osmosis.ro_skid[3].op_mode,reverse_osmosis.ro_skid[3].startup,reverse_osmosis.ro_skid[3].shutdown,reverse_osmosis.ro_skid[3].energy_intensity,reverse_osmosis.ro_skid[3].power_consumption,reverse_osmosis.ro_skid[3].recovery,reverse_osmosis.ro_skid[3].feed_flowrate,reverse_osmosis.ro_skid[3].product_flowrate,reverse_osmosis.ro_skid[3].reject_flowrate,reverse_osmosis.ro_skid[4].op_mode,reverse_osmosis.ro_skid[4].startup,reverse_osmosis.ro_skid[4].shutdown,reverse_osmosis.ro_skid[4].energy_intensity,reverse_osmosis.ro_skid[4].power_consumption,reverse_osmosis.ro_skid[4].recovery,reverse_osmosis.ro_skid[4].feed_flowrate,reverse_osmosis.ro_skid[4].product_flowrate,reverse_osmosis.ro_skid[4].reject_flowrate,posttreatment.op_mode,posttreatment.startup,posttreatment.shutdown,posttreatment.energy_intensity,posttreatment.power_consumption,posttreatment.feed_flowrate,posttreatment.product_flowrate,posttreatment.reject_flowrate,posttreatment.chemical_cost,brine_discharge.op_mode,brine_discharge.startup,brine_discharge.shutdown,brine_discharge.feed_flowrate,brine_discharge.power_consumption,brine_discharge.brine_cost,num_skids_online,net_power_consumption,water_revenue,demand_response_revenue,emissions_cost,energy_cost
0,1,1,0.1016,0.0,1143.9432836161582,,,,0,0.0,1,1942.2399168621178,1942.2399168621178,-0.0,310.7583866979389,64.48236523982231,0.0,,,291.3515544319098,1942.2399168621178,1864.5503201876331,77.68959667448473,1942.2399168621178,0.0,1.0,0.0,0.0,0.15600372765475068,98.70682432496449,0.96,659.0843066223804,632.7209343574851,26.363372264895247,1.0,0.0,0.0,0.15617047470386478,97.50000932165621,0.96,650.3310558711208,624.317813636276,26.013242234844824,1.0,0.0,0.0,0.15661384101984857,95.14472078528932,0.96,632.8245543686166,607.511572193872,25.31298217474466,,,,678.3961155207181,1864.5503201876331,1724.7090461735656,139.84127401407272,1864.5503201876386,-5.4569682106375694e-12,1.0,0,0,0.39487327421387586,228.18646512383657,0.925,624.7271884765074,577.8726493407694,46.85453913573804,1.0,0,0,0.3943785062797508,227.525554961204,0.925,623.6992356691745,576.9217929939865,46.77744267518801,1.0,0,0,0.3907323903190587,222.68409543567756,0.925,616.1238960419565,569.9146038388099,46.209292203146674,0.0,0,0,0.08724817754776784,0.0,0.88,0.0,0.0,0.0,1.0,,,0.101,174.19561366353014,1724.7090461735656,1724.7090461735656,0.0,53.46598043138054,0.0,,,217.530870688552,1.1368683772161603e-13,93.53827439607736,3.0,1143.9432836161582,0.0,-0.0,0.0,116.22463761540166
1,1,2,0.1016,0.0,1143.9432836161564,,,,0,0.0,1,1942.2399168621191,1942.2399168621191,-0.0,310.75838669793905,64.48236523982236,0.0,,,291.35155443191,1942.2399168621191,1864.550320187634,77.68959667448485,1942.2399168621191,0.0,1.0,0.0,0.0,0.15600372765475068,98.70682432496449,0.96,659.0843066223804,632.7209343574851,26.363372264895247,1.0,0.0,0.0,0.15617047470386478,97.50000932165638,0.96,650.3310558711221,624.3178136362772,26.013242234844938,1.0,0.0,0.0,0.15661384101984857,95.14472078528932,0.96,632.8245543686166,607.511572193872,25.31298217474466,,,,678.3961155207165,1864.550320187634,1724.7090461735636,139.8412740140726,1864.5503201876363,-2.2737367544323206e-12,1.0,0,0,0.3948732742138753,228.18646512383577,0.925,624.7271884765062,577.8726493407682,46.85453913573792,1.0,0,0,0.3943785062797508,227.525554961204,0.925,623.6992356691745,576.9217929939865,46.77744267518801,1.0,0,0,0.39073239031905815,222.6840954356768,0.925,616.1238960419554,569.9146038388087,46.209292203146674,0.0,0,0,0.08724817754776784,0.0,0.88,0.0,0.0,0.0,1.0,,,0.101,174.19561366352994,1724.7090461735636,1724.7090461735636,0.0,53.46598043138047,0.0,,,217.53087068855518,-1.4210854715202004e-13,93.53827439607873,3.0,1143.9432836161564,0.0,-0.0,0.0,116.22463761540148
2,1,3,0.1016,0.0,1143.9432836161568,,,,0,0.0,1,1942.2399168621205,1942.2399168621205,-0.0,310.7583866979393,64.4823652398224,0.0,,,291.35155443191036,1942.2399168621205,1864.5503201876354,77.68959667448496,1942.2399168621205,0.0,1.0,0.0,0.0,0.15600372765475068,98.70682432496449,0.96,659.0843066223804,632.7209343574851,26.363372264895247,1.0,0.0,0.0,0.15617047470386478,97.50000932165638,0.96,650.3310558711221,624.3178136362772,26.013242234844938,1.0,0.0,0.0,0.15661384101984852,95.14472078528951,0.96,632.8245543686181,607.5115721938733,25.312982174744775,,,,678.3961155207164,1864.5503201876354,1724.7090461735634,139.8412740140726,1864.5503201876359,-4.547473508864641e-13,1.0,0,0,0.3948732742138753,228.18646512383577,0.925,624.7271884765062,577.8726493407682,46.85453913573792,1.0,0,0,0.39437850627975013,227.5255549612031,0.925,623.6992356691733,576.9217929939853,46.77744267518801,1.0,0,0,0.3907323903190587,222.68409543567756,0.925,616.1238960419565,569.9146038388099,46.209292203146674,0.0,0,0,0.08724817754776784,0.0,0.88,0.0,0.0,0.0,1.0,,,0.101,174.1956136635299,1724.7090461735634,1724.7090461735634,0.0,53.465980431380466,0.0,,,217.53087068855712,1.1368683772161603e-13,93.53827439607956,3.0,1143.9432836161568,0.0,-0.0,0.0,116.22463761540153
3,1,4,0.1016,0.0,1143.9432836161532,,,,0,0.0,1,1942.2399168621205,1942.2399168621205,-0.0,310.7583866979393,64.4823652398224,0.0,,,291.35155443191013,1942.2399168621205,1864.5503201876354,77.68959667448496,1942.2399168621205,0.0,1.0,0.0,0.0,0.15600372765475068,98.70682432496449,0.96,659.0843066223804,632.7209343574851,26.363372264895247,1.0,0.0,0.0,0.15617047470386478,97.50000932165638,0.96,650.3310558711221,624.3178136362772,26.013242234844938,1.0,0.0,0.0,0.15661384101984852,95.14472078528951,0.96,632.8245543686181,607.5115721938733,25.312982174744775,,,,678.3961155207135,1864.5503201876354,1724.7090461735588,139.84127401407216,1864.5503201876309,4.547473508864641e-12,1.0,0,0,0.39487327421387475,228.18646512383506,0.925,624.727188476505,577.8726493407672,46.85453913573781,1.0,0,0,0.3943785062797508,227.525554961204,0.925,623.6992356691745,576.9217929939865,46.77744267518801,1.0,0,0,0.3907323903190564,222.6840954356744,0.925,616.1238960419515,569.9146038388052,46.20929220314633,0.0,0,0,0.08724817754776784,0.0,0.88,0.0,0.0,0.0,1.0,,,0.101,174.19561366352946,1724.7090461735588,1724.7090461735588,0.0,53.46598043138032,0.0,,,217.53087068856166,1.1368683772161603e-13,93.53827439608152,3.0,1143.9432836161532,0.0,-0.0,0.0,116.22463761540115
4,1,5,0.1016,0.0,1143.943283616157,,,,0,0.0,1,1942.2399168621205,1942.2399168621205,-0.0,310.7583866979393,64.4823652398224,0.0,,,291.35155443191013,1942.2399168621205,1864.5503201876354,77.68959667448496,1942.2399168621205,0.0,1.0,0.0,0.0,0.15600372765475068,98.70682432496449,0.96,659.0843066223804,632.7209343574851,26.363372264895247,1.0,0.0,0.0,0.15617047470386478,97.50000932165638,0.96,650.3310558711221,624.3178136362772,26.013242234844938,1.0,0.0,0.0,0.15661384101984852,95.14472078528951,0.96,632.8245543686181,607.5115721938733,25.312982174744775,,,,678.3961155207169,1864.5503201876354,1724.7090461735643,139.8412740140726,1864.5503201876368,-1.3642420526593924e-12,1.0,0,0,0.39487327421387475,228.18646512383512,0.925,624.7271884765051,577.8726493407673,46.85453913573781,1.0,0,0,0.3943785062797508,227.525554961204,0.925,623.6992356691745,576.9217929939865,46.77744267518801,1.0,0,0,0.39073239031905893,222.68409543567782,0.925,616.123896041957,569.9146038388102,46.20929220314679,0.0,0,0,0.08724817754776784,0.0,0.88,0.0,0.0,0.0,1.0,,,0.101,174.19561366353,1724.7090461735643,1724.7090461735643,0.0,53.465980431380494,0.0,,,217.5308706885562,2.842170943040401e-14,93.53827439607916,3.0,1143.943283616157,0.0,-0.0,0.0,116.22463761540155
5,1,6,0.1016,0.0,1143.9432836161575,,,,0,0.0,1,1942.2399168621205,1942.2399168621205,-0.0,310.7583866979393,64.4823652398224,0.0,,,291.35155443191013,1942.2399168621205,1864.5503201876354,77.68959667448496,1942.2399168621205,0.0,1.0,0.0,0.0,0.15600372765475068,98.70682432496449,0.96,659.0843066223804,632.7209343574851,26.363372264895247,1.0,0.0,0.0,0.15617047470386478,97.50000932165638,0.96,650.3310558711221,624.3178136362772,26.013242234844938,1.0,0.0,0.0,0.15661384101984852,95.14472078528951,0.96,632.8245543686181,607.5115721938733,25.312982174744775,,,,678.3961155207173,1864.5503201876354,1724.7090461735647,139.8412740140726,1864.5503201876372,-1.8189894035458565e-12,1.0,0,0,0.3948732742138753,228.18646512383577,0.925,624.7271884765062,577.8726493407682,46.85453913573792,1.0,0,0,0.3943785062797508,227.525554961204,0.925,623.6992356691745,576.9217929939865,46.77744267518801,1.0,0,0,0.3907323903190587,222.68409543567756,0.925,616.1238960419565,569.9146038388099,46.209292203146674,0.0,0,0,0.08724817754776784,0.0,0.88,0.0,0.0,0.0,1.0,,,0.101,174.19561366353005,1724.7090461735647,1724.7090461735647,0.0,53.46598043138051,0.0,,,217.53087068855575,-2.842170943040401e-14,93.53827439607898,3.0,1143.9432836161575,0.0,-0.0,0.0,116.22463761540159
6,1,7,0.1016,0.0,1143.9432836161573,,,,0,0.0,1,1942.2399168621205,1942.2399168621205,-0.0,310.7583866979393,64.4823652398224,0.0,,,291.35155443191013,1942.2399168621205,1864.5503201876354,77.68959667448496,1942.2399168621205,0.0,1.0,0.0,0.0,0.15600372765475068,98.70682432496449,0.96,659.0843066223804,632.7209343574851,26.363372264895247,1.0,0.0,0.0,0.15617047470386478,97.50000932165638,0.96,650.3310558711221,624.3178136362772,26.013242234844938,1.0,0.0,0.0,0.15661384101984852,95.14472078528951,0.96,632.8245543686181,607.5115721938733,25.312982174744775,,,,678.3961155207171,1864.5503201876354,1724.7090461735643,139.8412740140726,1864.5503201876368,-1.3642420526593924e-12,1.0,0,0,0.3948732742138753,228.18646512383577,0.925,624.7271884765062,577.8726493407682,46.85453913573792,1.0,0,0,0.3943785062797506,227.52555496120374,0.925,623.6992356691742,576.9217929939862,46.77744267518801,1.0,0,0,0.3907323903190587,222.68409543567756,0.925,616.1238960419565,569.9146038388099,46.209292203146674,0.0,0,0,0.08724817754776784,0.0,0.88,0.0,0.0,0.0,1.0,,,0.101,174.19561366353,1724.7090461735643,1724.7090461735643,0.0,53.465980431380494,0.0,,,217.5308706885562,2.842170943040401e-14,93.53827439607916,3.0,1143.9432836161573,0.0,-0.0,0.0,116.22463761540158
7,1,8,0.1016,0.0,1143.943283616157,,,,0,0.0,1,1942.239916862121,1942.239916862121,-0.0,310.75838669793933,64.48236523982241,0.0,,,291.35155443191024,1942.239916862121,1864.5503201876359,77.68959667448496,1942.239916862121,0.0,1.0,0.0,0.0,0.1560037276547507,98.70682432496437,0.96,659.0843066223795,632.7209343574842,26.363372264895247,1.0,0.0,0.0,0.15617047470386478,97.50000932165638,0.96,650.3310558711221,624.3178136362772,26.013242234844938,1.0,0.0,0.0,0.15661384101984857,95.14472078528973,0.96,632.8245543686194,607.5115721938746,25.312982174744775,,,,678.3961155207169,1864.5503201876359,1724.7090461735638,139.8412740140726,1864.5503201876363,-4.547473508864641e-13,1.0,0,0,0.3948732742138753,228.18646512383577,0.925,624.7271884765062,577.8726493407682,46.85453913573792,1.0,0,0,0.39437850627975046,227.52555496120354,0.925,623.6992356691738,576.9217929939858,46.77744267518801,1.0,0,0,0.3907323903190587,222.68409543567756,0.925,616.1238960419565,569.9146038388099,46.209292203146674,0.0,0,0,0.08724817754776784,0.0,0.88,0.0,0.0,0.0,1.0,,,0.101,174.19561366352997,1724.7090461735638,1724.7090461735638,0.0,53.46598043138048,0.0,,,217.53087068855712,-5.684341886080802e-14,93.53827439607956,3.0,1143.943283616157,0.0,-0.0,0.0,116.22463761540155
8,1,9,0.1016,0.0,1143.9432836161577,,,,0,0.0,1,1942.2399168621223,1942.2399168621223,-0.0,310.75838669793956,64.48236523982246,0.0,,,291.3515544319106,1942.2399168621223,1864.5503201876372,77.68959667448507,1942.2399168621223,0.0,1.0,0.0,0.0,0.1560037276547507,98.70682432496437,0.96,659.0843066223795,632.7209343574842,26.363372264895247,1.0,0.0,0.0,0.15617047470386478,97.50000932165638,0.96,650.3310558711221,624.3178136362772,26.013242234844938,1.0,0.0,0.0,0.15661384101984852,95.14472078528992,0.96,632.8245543686209,607.511572193876,25.31298217474489,,,,678.3961155207172,1864.5503201876372,1724.7090461735645,139.8412740140726,1864.5503201876372,-0.0,1.0,0,0,0.3948732742138753,228.18646512383577,0.925,624.7271884765062,577.8726493407682,46.85453913573792,1.0,0,0,0.3943785062797507,227.52555496120388,0.925,623.6992356691744,576.9217929939864,46.77744267518801,1.0,0,0,0.3907323903190587,222.68409543567756,0.925,616.1238960419565,569.9146038388099,46.209292203146674,0.0,0,0,0.08724817754776784,0.0,0.88,0.0,0.0,0.0,1.0,,,0.101,174.19561366353003,1724.7090461735645,1724.7090461735645,0.0,53.4659804313805,0.0,,,217.53087068855768,-1.1368683772161603e-13,93.5382743960798,3.0,1143.9432836161577,0.0,-0.0,0.0,116.22463761540162
9,1,10,0.1016,0.0,1143.9432836161577,,,,0,0.0,1,1942.2399168621223,1942.2399168621223,-0.0,310.75838669793956,64.48236523982246,0.0,,,291.3515544319106,1942.2399168621223,1864.5503201876372,77.68959667448507,1942.2399168621223,0.0,1.0,0.0,0.0,0.1560037276547507,98.70682432496437,0.96,659.0843066223795,632.7209343574842,26.363372264895247,1.0,0.0,0.0,0.15617047470386478,97.50000932165638,0.96,650.3310558711221,624.3178136362772,26.013242234844938,1.0,0.0,0.0,0.15661384101984852,95.14472078528992,0.96,632.8245543686209,607.511572193876,25.31298217474489,,,,678.3961155207172,1864.5503201876372,1724.7090461735645,139.8412740140726,1864.5503201876372,-0.0,1.0,0,0,0.3948732742138752,228.1864651238357,0.925,624.7271884765061,577.8726493407681,46.85453913573792,1.0,0,0,0.3943785062797508,227.525554961204,0.925,623.6992356691745,576.9217929939865,46.77744267518801,1.0,0,0,0.3907323903190587,222.68409543567756,0.925,616.1238960419565,569.9146038388099,46.209292203146674,0.0,0,0,0.08724817754776784,0.0,0.88,0.0,0.0,0.0,1.0,,,0.101,174.19561366353003,1724.7090461735645,1724.7090461735645,0.0,53.4659804313805,0.0,,,217.53087068855768,-1.1368683772161603e-13,93.5382743960798,3.0,1143.9432836161577,0.0,-0.0,0.0,116.22463761540162
10,1,11,0.1016,0.0,1143.9432836161557,,,,0,0.0,1,1942.2399168621223,1942.2399168621223,-0.0,310.75838669793956,64.48236523982246,0.0,,,291.3515544319106,1942.2399168621223,1864.5503201876372,77.68959667448507,1942.2399168621223,0.0,1.0,0.0,0.0,0.1560037276547507,98.70682432496437,0.96,659.0843066223795,632.7209343574842,26.363372264895247,1.0,0.0,0.0,0.15617047470386478,97.50000932165638,0.96,650.3310558711221,624.3178136362772,26.013242234844938,1.0,0.0,0.0,0.15661384101984852,95.14472078528992,0.96,632.8245543686209,607.511572193876,25.31298217474489,,,,678.3961155207154,1864.5503201876372,1724.7090461735618,139.8412740140725,1864.5503201876343,2.9558577807620168e-12,1.0,0,0,0.3948732742138753,228.18646512383577,0.925,624.7271884765062,577.8726493407682,46.85453913573792,1.0,0,0,0.39437850627975013,227.5255549612031,0.925,623.6992356691733,576.9217929939853,46.77744267518801,1.0,0,0,0.39073239031905793,222.6840954356765,0.925,616.1238960419548,569.9146038388083,46.20929220314656,0.0,0,0,0.08724817754776784,0.0,0.88,0.0,0.0,0.0,1.0,,,0.101,174.19561366352974,1724.7090461735618,1724.7090461735618,0.0,53.465980431380416,0.0,,,217.53087068856053,-5.684341886080802e-14,93.53827439608102,3.0,1143.9432836161557,0.0,-0.0,0.0,116.2246376154014
11,1,12,0.1016,0.0,1143.9432836161582,,,,0,0.0,1,1942.239916862124,1942.239916862124,-0.0,310.75838669793984,64.48236523982251,0.0,,,291.3515544319107,1942.239916862124,1864.5503201876386,77.68959667448507,1942.239916862124,0.0,1.0,0.0,0.0,0.1560037276547507,98.70682432496437,0.96,659.0843066223795,632.7209343574842,26.363372264895247,1.0,0.0,0.0,0.15617047470386478,97.50000932165638,0.96,650.3310558711221,624.3178136362772,26.013242234844938,1.0,0.0,0.0,0.15661384101984846,95.14472078529012,0.96,632.8245543686223,607.5115721938774,25.31298217474489,,,,678.3961155207173,1864.5503201876386,1724.7090461735647,139.8412740140726,1864.5503201876372,1.3642420526593924e-12,1.0,0,0,0.3948732742138753,228.18646512383577,0.925,624.7271884765062,577.8726493407682,46.85453913573792,1.0,0,0,0.3943785062797508,227.525554961204,0.925,623.6992356691745,576.9217929939865,46.77744267518801,1.0,0,0,0.3907323903190587,222.68409543567756,0.925,616.1238960419565,569.9146038388099,46.209292203146674,0.0,0,0,0.08724817754776784,0.0,0.88,0.0,0.0,0.0,1.0,,,0.101,174.19561366353005,1724.7090461735647,1724.7090461735647,0.0,53.46598043138051,0.0,,,217.53087068855905,8.526512829121202e-14,93.53827439608038,3.0,1143.9432836161582,0.0,-0.0,0.0,116.22463761540166
12,1,13,0.1016,0.0,1143.9432836161575,,,,0,0.0,1,1942.2399168621255,1942.2399168621255,-0.0,310.75838669794007,64.48236523982257,0.0,,,291.3515544319107,1942.2399168621255,1864.55032018764,77.68959667448519,1942.2399168621255,0.0,1.0,0.0,0.0,0.1560037276547507,98.70682432496437,0.96,659.0843066223795,632.7209343574842,26.363372264895247,1.0,0.0,0.0,0.15617047470386478,97.50000932165638,0.96,650.3310558711221,624.3178136362772,26.013242234844938,1.0,0.0,0.0,0.15661384101984835,95.14472078529026,0.96,632.8245543686238,607.5115721938788,25.312982174745002,,,,678.3961155207168,1864.55032018764,1724.7090461735638,139.8412740140726,1864.5503201876363,3.637978807091713e-12,1.0,0,0,0.3948732742138752,228.1864651238357,0.925,624.7271884765061,577.8726493407681,46.85453913573792,1.0,0,0,0.39437850627975046,227.52555496120354,0.925,623.6992356691738,576.9217929939858,46.77744267518801,1.0,0,0,0.3907323903190587,222.68409543567756,0.925,616.1238960419565,569.9146038388099,46.209292203146674,0.0,0,0,0.08724817754776784,0.0,0.88,0.0,0.0,0.0,1.0,,,0.101,174.19561366352997,1724.7090461735638,1724.7090461735638,0.0,53.46598043138048,0.0,,,217.53087068856144,5.684341886080802e-14,93.53827439608142,3.0,1143.9432836161575,0.0,-0.0,0.0,116.22463761540159
13,1,14,0.1016,0.0,1143.9432836161582,,,,0,0.0,1,1942.2399168621255,1942.2399168621255,-0.0,310.75838669794007,64.48236523982257,0.0,,,291.3515544319109,1942.2399168621255,1864.55032018764,77.68959667448519,1942.2399168621255,0.0,1.0,0.0,0.0,0.1560037276547507,98.70682432496437,0.96,659.0843066223795,632.7209343574842,26.363372264895247,1.0,0.0,0.0,0.15617047470386478,97.50000932165638,0.96,650.3310558711221,624.3178136362772,26.013242234844938,1.0,0.0,0.0,0.15661384101984835,95.14472078529026,0.96,632.8245543686238,607.5115721938788,25.312982174745002,,,,678.3961155207173,1864.55032018764,1724.7090461735647,139.8412740140726,1864.5503201876372,2.7284841053187847e-12,1.0,0,0,0.3948732742138753,228.18646512383577,0.925,624.7271884765062,577.8726493407682,46.85453913573792,1.0,0,0,0.3943785062797508,227.525554961204,0.925,623.6992356691745,576.9217929939865,46.77744267518801,1.0,0,0,0.3907323903190587,222.68409543567756,0.925,616.1238960419565,569.9146038388099,46.209292203146674,0.0,0,0,0.08724817754776784,0.0,0.88,0.0,0.0,0.0,1.0,,,0.101,174.19561366353005,1724.7090461735647,1724.7090461735647,0.0,53.46598043138051,0.0,,,217.53087068856053,-1.4210854715202004e-13,93.53827439608102,3.0,1143.9432836161582,0.0,-0.0,0.0,116.22463761540166
14,1,15,0.1016,0.0,1143.943283616157,,,,0,0.0,1,1942.2399168621255,1942.2399168621255,-0.0,310.75838669794007,64.48236523982257,0.0,,,291.3515544319107,1942.2399168621255,1864.55032018764,77.68959667448519,1942.2399168621255,0.0,1.0,0.0,0.0,0.1560037276547507,98.70682432496437,0.96,659.0843066223795,632.7209343574842,26.363372264895247,1.0,0.0,0.0,0.15617047470386478,97.50000932165638,0.96,650.3310558711221,624.3178136362772,26.013242234844938,1.0,0.0,0.0,0.15661384101984835,95.14472078529026,0.96,632.8245543686238,607.5115721938788,25.312982174745002,,,,678.3961155207164,1864.55032018764,1724.7090461735634,139.8412740140726,1864.5503201876359,4.092726157978177e-12,1.0,0,0,0.3948732742138751,228.18646512383552,0.925,624.7271884765058,577.8726493407679,46.85453913573792,1.0,0,0,0.39437850627975024,227.52555496120328,0.925,623.6992356691735,576.9217929939855,46.77744267518801,1.0,0,0,0.3907323903190587,222.68409543567756,0.925,616.1238960419565,569.9146038388099,46.209292203146674,0.0,0,0,0.08724817754776784,0.0,0.88,0.0,0.0,0.0,1.0,,,0.101,174.1956136635299,1724.7090461735634,1724.7090461735634,0.0,53.465980431380466,0.0,,,217.5308706885619,0.0,93.5382743960816,3.0,1143.943283616157,0.0,-0.0,0.0,116.22463761540155
15,1,16,0.1016,0.0,1143.9432836161568,,,,0,0.0,1,1942.2399168621246,1942.2399168621246,-0.0,310.75838669793995,64.48236523982254,0.0,,,291.3515544319108,1942.2399168621246,1864.5503201876395,77.68959667448507,1942.2399168621246,0.0,1.0,0.0,0.0,0.15600372765475076,98.70682432496427,0.96,659.0843066223786,632.7209343574834,26.363372264895133,1.0,0.0,0.0,0.15617047470386478,97.50000932165638,0.96,650.3310558711221,624.3178136362772,26.013242234844938,1.0,0.0,0.0,0.15661384101984835,95.14472078529026,0.96,632.8245543686238,607.5115721938788,25.312982174745002,,,,678.3961155207161,1864.5503201876395,1724.7090461735627,139.8412740140725,1864.550320187635,4.547473508864641e-12,1.0,0,0,0.3948732742138754,228.18646512383594,0.925,624.7271884765064,577.8726493407685,46.85453913573792,1.0,0,0,0.3943785062797497,227.52555496120252,0.925,623.6992356691723,576.9217929939844,46.7774426751879,1.0,0,0,0.3907323903190587,222.68409543567756,0.925,616.1238960419565,569.9146038388099,46.209292203146674,0.0,0,0,0.08724817754776784,0.0,0.88,0.0,0.0,0.0,1.0,,,0.101,174.19561366352985,1724.7090461735627,1724.7090461735627,0.0,53.465980431380444,0.0,,,217.53087068856212,5.684341886080802e-14,93.5382743960817,3.0,1143.9432836161568,0.0,-0.0,0.0,116.22463761540153
16,1,17,0.1016,0.0,1143.9432836161589,,,,0,0.0,1,1942.2399168621246,1942.2399168621246,-0.0,310.75838669793995,64.48236523982254,0.0,,,291.3515544319109,1942.2399168621246,1864.5503201876395,77.68959667448507,1942.2399168621246,0.0,1.0,0.0,0.0,0.15600372765475076,98.70682432496427,0.96,659.0843066223786,632.7209343574834,26.363372264895133,1.0,0.0,0.0,0.15617047470386478,97.50000932165638,0.96,650.3310558711221,624.3178136362772,26.013242234844938,1.0,0.0,0.0,0.15661384101984835,95.14472078529026,0.96,632.8245543686238,607.5115721938788,25.312982174745002,,,,678.3961155207178,1864.5503201876395,1724.7090461735654,139.84127401407272,1864.5503201876381,1.3642420526593924e-12,1.0,0,0,0.3948732742138753,228.18646512383577,0.925,624.7271884765062,577.8726493407682,46.85453913573792,1.0,0,0,0.3943785062797508,227.525554961204,0.925,623.6992356691745,576.9217929939865,46.77744267518801,1.0,0,0,0.39073239031905915,222.68409543567807,0.925,616.1238960419573,569.9146038388105,46.20929220314679,0.0,0,0,0.08724817754776784,0.0,0.88,0.0,0.0,0.0,1.0,,,0.101,174.1956136635301,1724.7090461735654,1724.7090461735654,0.0,53.46598043138053,0.0,,,217.53087068855916,2.842170943040401e-14,93.53827439608044,3.0,1143.9432836161589,0.0,-0.0,0.0,116.22463761540173
17,1,18,0.15246,0.0,885.2759174559416,,,,0,0.0,1,1625.0,1625.0,-0.0,260.0,53.95,0.0,,,253.02000488891144,1625.0,1560.0,65.00000000000006,1625.0,0.0,1.0,0.0,0.0,0.1560037276547508,98.70682432496417,0.96,659.0843066223778,632.7209343574826,26.363372264895133,1.0,0.0,0.0,0.16456647737001748,79.30526561504172,0.96,501.9834719837411,481.9041331043914,20.079338879349677,1.0,0.0,0.0,0.16841521484257468,75.0079149489057,0.96,463.93222139388126,445.374932538126,18.557288855755246,,,,488.33091256703005,1560.0,1425.0,135.0000000000016,1560.0000000000018,-1.8189894035458565e-12,1.0,0,0,0.3426883596961613,162.7769708556766,0.9134615384615387,519.9999999999999,475.0,44.999999999999886,1.0,0,0,0.34268835969616135,162.77697085567664,0.9134615384615384,520.0,475.0,45.0,1.0,0,0,0.34268835969616174,162.77697085567684,0.9134615384615355,520.0000000000017,475.0,45.000000000001705,0.0,0,0,0.08724817754776784,0.0,0.88,0.0,0.0,0.0,1.0,,,0.101,143.925,1425.0,1425.0,0.0,44.175,0.0,,,199.99999999999983,5.684341886080802e-14,85.99999999999993,3.0,885.2759174559415,0.0,0.0,0.0,134.96916637533286
18,1,19,0.15246,0.0,885.2759174559421,,,,0,0.0,1,1625.0,1625.0,-0.0,260.0,53.95,0.0,,,253.02000488891167,1625.0,1560.0,65.00000000000006,1625.0,0.0,1.0,0.0,0.0,0.1560037276547508,98.70682432496417,0.96,659.0843066223778,632.7209343574826,26.363372264895133,1.0,0.0,0.0,0.16456647737001748,79.30526561504172,0.96,501.9834719837411,481.9041331043914,20.079338879349677,1.0,0.0,0.0,0.16841521484257468,75.0079149489057,0.96,463.93222139388126,445.374932538126,18.557288855755246,,,,488.3309125670305,1560.0,1425.0,135.00000000000534,1560.0000000000055,-5.4569682106375694e-12,1.0,0,0,0.34268835969616257,162.77697085567723,0.9134615384615283,520.0000000000058,475.0,45.0000000000058,1.0,0,0,0.34268835969616135,162.77697085567664,0.9134615384615384,520.0,475.0,45.0,1.0,0,0,0.3426883596961613,162.7769708556766,0.9134615384615392,519.9999999999995,475.0,44.999999999999545,0.0,0,0,0.08724817754776784,0.0,0.88,0.0,0.0,0.0,1.0,,,0.101,143.925,1425.0,1425.0,0.0,44.175,0.0,,,199.99999999999994,-5.684341886080802e-14,85.99999999999997,3.0,885.2759174559421,0.0,0.0,0.0,134.96916637533295
19,1,20,0.15246,0.0,885.2759174559413,,,,0,0.0,1,1625.0,1625.0,-0.0,260.0,53.95,0.0,,,253.0200048889115,1625.0,1560.0,65.00000000000006,1625.0,0.0,1.0,0.0,0.0,0.1560037276547508,98.70682432496417,0.96,659.0843066223778,632.7209343574826,26.363372264895133,1.0,0.0,0.0,0.16456647737001748,79.30526561504172,0.96,501.9834719837411,481.9041331043914,20.079338879349677,1.0,0.0,0.0,0.16841521484257468,75.0079149489057,0.96,463.93222139388126,445.374932538126,18.557288855755246,,,,488.33091256702977,1560.0,1425.0,134.9999999999984,1559.9999999999982,1.8189894035458565e-12,1.0,0,0,0.3426883596961612,162.77697085567655,0.91346153846154,519.9999999999991,475.0,44.99999999999909,1.0,0,0,0.3426883596961613,162.7769708556766,0.913461538461539,519.9999999999997,475.0,44.99999999999966,1.0,0,0,0.3426883596961613,162.7769708556766,0.913461538461539,519.9999999999997,475.0,44.99999999999966,0.0,0,0,0.08724817754776784,0.0,0.88,0.0,0.0,0.0,1.0,,,0.101,143.925,1425.0,1425.0,0.0,44.175,0.0,,,200.00000000000028,0.0,86.00000000000013,3.0,885.2759174559412,0.0,0.0,0.0,134.96916637533283
20,1,21,0.15246,0.0,885.2759174559415,,,,0,0.0,1,1625.0,1625.0,-0.0,260.0,53.95,0.0,,,253.02000488891167,1625.0,1560.0,65.00000000000006,1625.0,0.0,1.0,0.0,0.0,0.1560037276547508,98.70682432496417,0.96,659.0843066223778,632.7209343574826,26.363372264895133,1.0,0.0,0.0,0.16456647737001748,79.30526561504172,0.96,501.9834719837411,481.9041331043914,20.079338879349677,1.0,0.0,0.0,0.16841521484257468,75.0079149489057,0.96,463.93222139388126,445.374932538126,18.557288855755246,,,,488.3309125670298,1560.0,1425.0,134.99999999999898,1559.999999999999,9.094947017729282e-13,1.0,0,0,0.3426883596961613,162.7769708556766,0.9134615384615391,519.9999999999997,475.0,44.99999999999966,1.0,0,0,0.3426883596961613,162.7769708556766,0.913461538461539,519.9999999999997,475.0,44.99999999999966,1.0,0,0,0.3426883596961613,162.7769708556766,0.913461538461539,519.9999999999997,475.0,44.99999999999966,0.0,0,0,0.08724817754776784,0.0,0.88,0.0,0.0,0.0,1.0,,,0.101,143.925,1425.0,1425.0,0.0,44.175,0.0,,,199.99999999999994,-5.684341886080802e-14,85.99999999999997,3.0,885.2759174559415,0.0,0.0,0.0,134.96916637533283
21,1,22,0.15246,0.0,885.2759174559415,,,,0,0.0,1,1625.0,1625.0,-0.0,260.0,53.95,0.0,,,253.02000488891156,1625.0,1560.0,65.00000000000006,1625.0,0.0,1.0,0.0,0.0,0.1560037276547508,98.70682432496417,0.96,659.0843066223778,632.7209343574826,26.363372264895133,1.0,0.0,0.0,0.16456647737001748,79.30526561504172,0.96,501.9834719837411,481.9041331043914,20.079338879349677,1.0,0.0,0.0,0.16841521484257468,75.0079149489057,0.96,463.93222139388126,445.374932538126,18.557288855755246,,,,488.33091256702994,1560.0,1425.0,135.0,1560.0,-0.0,1.0,0,0,0.34268835969616135,162.77697085567664,0.9134615384615384,520.0,475.0,45.0,1.0,0,0,0.3426883596961614,162.77697085567667,0.9134615384615379,520.0000000000003,475.0,45.00000000000034,1.0,0,0,0.3426883596961613,162.7769708556766,0.913461538461539,519.9999999999997,475.0,44.99999999999966,0.0,0,0,0.08724817754776784,0.0,0.88,0.0,0.0,0.0,1.0,,,0.101,143.925,1425.0,1425.0,0.0,44.175,0.0,,,200.00000000000006,-5.684341886080802e-14,86.00000000000003,3.0,885.2759174559415,0.0,0.0,0.0,134.96916637533283
22,1,23,0.1016,0.0,1143.3208203343959,,,,0,0.0,1,1941.37971390658,1941.37971390658,-0.0,310.6207542250528,64.45380650169845,0.0,,,291.21764543635425,1941.37971390658,1863.7245253503165,77.65518855626328,1941.37971390658,0.0,1.0,0.0,0.0,0.1560037276547508,98.70682432496416,0.96,659.0843066223777,632.7209343574825,26.363372264895133,1.0,0.0,0.0,0.15634568693782816,96.46427646465706,0.96,642.7015882907538,616.9935247591236,25.70806353163016,1.0,0.0,0.0,0.1564250326315903,96.04654464673308,0.96,639.5938189934485,614.0100662337105,25.58375275973799,,,,677.9847111171875,1863.7245253503165,1723.9451859490496,139.77933940127423,1863.7245253503238,-7.275957614183426e-12,1.0,0,0,0.39981772078659583,234.84293374702673,0.925,635.0,587.375,47.625,1.0,0,0,0.3915520382314972,223.76800462020003,0.925,617.8268345602047,571.4898219681894,46.3370125920153,1.0,0,0,0.38821694529345063,219.37377274996075,0.925,610.8976907901191,565.0803639808602,45.81732680925893,0.0,0,0,0.08724817754776784,0.0,0.88,0.0,0.0,0.0,1.0,,,0.101,174.11846378085403,1723.9451859490496,1723.9451859490496,0.0,53.44230076442054,0.0,,,217.43452795753024,5.684341886080802e-14,93.496847021738,3.0,1143.3208203343959,0.0,-0.0,0.0,116.16139534597461
23,1,24,0.1016,0.0,1143.3208203343997,,,,0,0.0,1,1941.3797139065723,1941.3797139065723,-0.0,310.6207542250516,64.4538065016982,0.0,,,291.21764543635265,1941.3797139065723,1863.7245253503092,77.65518855626294,1941.3797139065723,0.0,1.0,0.0,0.0,0.1560037276547504,98.70682432496368,0.96,659.0843066223761,632.720934357481,26.36337226489502,1.0,0.0,0.0,0.15634568693782777,96.4642764646567,0.96,642.701588290753,616.9935247591228,25.70806353163016,1.0,0.0,0.0,0.1564250326315905,96.04654464673241,0.96,639.5938189934432,614.0100662337054,25.583752759737763,,,,677.9847111171924,1863.7245253503092,1723.9451859490566,139.7793394012748,1863.7245253503315,-2.2282620193436742e-11,1.0,0,0,0.39981772078659583,234.84293374702673,0.925,635.0,587.375,47.625,1.0,0,0,0.3915520382314971,223.76800462019986,0.925,617.8268345602045,571.4898219681892,46.3370125920153,1.0,0,0,0.3882169452934545,219.37377274996584,0.925,610.8976907901271,565.0803639808676,45.8173268092595,0.0,0,0,0.08724817754776784,0.0,0.88,0.0,0.0,0.0,1.0,,,0.101,174.11846378085474,1723.9451859490566,1723.9451859490566,0.0,53.44230076442076,0.0,,,217.43452795751546,-8.526512829121202e-14,93.49684702173164,3.0,1143.3208203343997,0.0,-0.0,0.0,116.16139534597501
24,1,25,0.1016,0.0,1143.3208203344018,,,,0,0.0,1,1941.3797139065887,1941.3797139065887,-0.0,310.6207542250542,64.45380650169875,0.0,,,291.21764543635527,1941.3797139065887,1863.7245253503252,77.65518855626362,1941.3797139065887,0.0,1.0,0.0,0.0,0.15600372765475085,98.70682432496369,0.96,659.0843066223744,632.7209343574793,26.36337226489502,1.0,0.0,0.0,0.15634568693782777,96.46427646465858,0.96,642.7015882907655,616.9935247591349,25.708063531630614,1.0,0.0,0.0,0.15642503263159038,96.0465446467332,0.96,639.5938189934488,614.0100662337109,25.58375275973799,,,,677.9847111171919,1863.7245253503252,1723.9451859490557,139.7793394012748,1863.7245253503306,-5.4569682106375694e-12,1.0,0,0,0.39981772078659583,234.84293374702673,0.925,635.0,587.375,47.625,1.0,0,0,0.39155203823149676,223.76800462019938,0.925,617.8268345602037,571.4898219681884,46.3370125920153,1.0,0,0,0.3882169452934544,219.37377274996567,0.925,610.8976907901268,565.0803639808673,45.8173268092595,0.0,0,0,0.08724817754776784,0.0,0.88,0.0,0.0,0.0,1.0,,,0.101,174.11846378085463,1723.9451859490557,1723.9451859490557,0.0,53.44230076442073,0.0,,,217.43452795753296,2.842170943040401e-14,93.49684702173917,3.0,1143.3208203344018,0.0,-0.0,0.0,116.16139534597522
25,1,26,0.1016,0.0,1143.3208203343968,,,,0,0.0,1,1941.3797139065678,1941.3797139065678,-0.0,310.62075422505086,64.45380650169805,0.0,,,291.2176454363523,1941.3797139065678,1863.7245253503047,77.65518855626283,1941.3797139065678,0.0,1.0,0.0,0.0,0.15600372765475087,98.70682432496368,0.96,659.0843066223741,632.7209343574791,26.36337226489502,1.0,0.0,0.0,0.15634568693782822,96.46427646465666,0.96,642.7015882907508,616.9935247591208,25.708063531630046,1.0,0.0,0.0,0.15642503263159038,96.04654464673227,0.96,639.5938189934427,614.010066233705,25.583752759737763,,,,677.98471111719,1863.7245253503047,1723.9451859490532,139.77933940127457,1863.7245253503277,-2.2964741219766438e-11,1.0,0,0,0.39981772078659583,234.84293374702673,0.925,635.0,587.375,47.625,1.0,0,0,0.39155203823149676,223.76800462019938,0.925,617.8268345602037,571.4898219681884,46.3370125920153,1.0,0,0,0.3882169452934531,219.3737727499639,0.925,610.897690790124,565.0803639808647,45.81732680925927,0.0,0,0,0.08724817754776784,0.0,0.88,0.0,0.0,0.0,1.0,,,0.101,174.1184637808544,1723.9451859490532,1723.9451859490532,0.0,53.44230076442065,0.0,,,217.43452795751443,2.842170943040401e-14,93.4968470217312,3.0,1143.3208203343968,0.0,-0.0,0.0,116.16139534597471
26,1,27,0.1016,0.0,1143.3208203343988,,,,0,0.0,1,1941.3797139065873,1941.3797139065873,-0.0,310.620754225054,64.4538065016987,0.0,,,291.2176454363548,1941.3797139065873,1863.7245253503236,77.65518855626362,1941.3797139065873,0.0,1.0,0.0,0.0,0.15600372765475035,98.70682432496368,0.96,659.0843066223764,632.7209343574813,26.363372264895133,1.0,0.0,0.0,0.15634568693782777,96.46427646465858,0.96,642.7015882907655,616.9935247591349,25.708063531630614,1.0,0.0,0.0,0.15642503263159038,96.04654464673266,0.96,639.5938189934453,614.0100662337074,25.583752759737877,,,,677.9847111171898,1863.7245253503236,1723.9451859490528,139.77933940127457,1863.7245253503274,-3.865352482534945e-12,1.0,0,0,0.39981772078659583,234.84293374702673,0.925,635.0,587.375,47.625,1.0,0,0,0.39155203823149676,223.76800462019938,0.925,617.8268345602037,571.4898219681884,46.3370125920153,1.0,0,0,0.38821694529345285,219.37377274996365,0.925,610.8976907901236,565.0803639808644,45.81732680925927,0.0,0,0,0.08724817754776784,0.0,0.88,0.0,0.0,0.0,1.0,,,0.101,174.11846378085434,1723.9451859490528,1723.9451859490528,0.0,53.44230076442064,0.0,,,217.43452795753433,-1.4210854715202004e-13,93.49684702173975,3.0,1143.3208203343988,0.0,-0.0,0.0,116.16139534597491
27,1,28,0.1016,0.0,1143.3208203343993,,,,0,0.0,1,1941.3797139065866,1941.3797139065866,-0.0,310.6207542250539,64.45380650169868,0.0,,,291.21764543635504,1941.3797139065866,1863.724525350323,77.65518855626351,1941.3797139065866,0.0,1.0,0.0,0.0,0.15600372765475082,98.70682432496417,0.96,659.0843066223777,632.7209343574825,26.363372264895133,1.0,0.0,0.0,0.15634568693782772,96.46427646465929,0.96,642.7015882907705,616.9935247591396,25.70806353163084,1.0,0.0,0.0,0.15642503263159044,96.04654464673166,0.96,639.5938189934384,614.0100662337009,25.583752759737536,,,,677.9847111171898,1863.724525350323,1723.9451859490528,139.77933940127457,1863.7245253503274,-4.547473508864641e-12,1.0,0,0,0.39981772078659583,234.84293374702673,0.925,635.0,587.375,47.625,1.0,0,0,0.39155203823149676,223.76800462019938,0.925,617.8268345602037,571.4898219681884,46.3370125920153,1.0,0,0,0.38821694529345285,219.37377274996365,0.925,610.8976907901236,565.0803639808644,45.81732680925927,0.0,0,0,0.08724817754776784,0.0,0.88,0.0,0.0,0.0,1.0,,,0.101,174.11846378085434,1723.9451859490528,1723.9451859490528,0.0,53.44230076442064,0.0,,,217.43452795753353,8.526512829121202e-14,93.49684702173941,3.0,1143.3208203343993,0.0,-0.0,0.0,116.16139534597497
28,1,29,0.1016,0.0,1143.3208203343993,,,,0,0.0,1,1941.3797139065914,1941.3797139065914,-0.0,310.6207542250546,64.45380650169884,0.0,,,291.2176454363556,1941.3797139065914,1863.7245253503274,77.65518855626362,1941.3797139065914,0.0,1.0,0.0,0.0,0.1560037276547508,98.70682432496417,0.96,659.0843066223778,632.7209343574826,26.363372264895133,1.0,0.0,0.0,0.15634568693782777,96.46427646465905,0.96,642.7015882907685,616.9935247591378,25.708063531630728,1.0,0.0,0.0,0.15642503263159038,96.04654464673261,0.96,639.5938189934449,614.0100662337071,25.583752759737763,,,,677.9847111171894,1863.7245253503274,1723.9451859490523,139.77933940127446,1863.724525350327,4.547473508864641e-13,1.0,0,0,0.39981772078659583,234.84293374702673,0.925,635.0,587.375,47.625,1.0,0,0,0.3915520382314964,223.768004620199,0.925,617.8268345602031,571.4898219681879,46.337012592015185,1.0,0,0,0.38821694529345285,219.37377274996365,0.925,610.8976907901236,565.0803639808644,45.81732680925927,0.0,0,0,0.08724817754776784,0.0,0.88,0.0,0.0,0.0,1.0,,,0.101,174.11846378085428,1723.9451859490523,1723.9451859490523,0.0,53.44230076442062,0.0,,,217.43452795753853,2.842170943040401e-14,93.49684702174157,3.0,1143.3208203343993,0.0,-0.0,0.0,116.16139534597497
29,1,30,0.1016,0.0,1143.3208203343984,,,,0,0.0,1,1941.3797139065884,1941.3797139065884,-0.0,310.62075422505416,64.45380650169874,0.0,,,291.21764543635527,1941.3797139065884,1863.724525350325,77.65518855626362,1941.3797139065884,0.0,1.0,0.0,0.0,0.15600372765475085,98.70682432496419,0.96,659.0843066223777,632.7209343574825,26.363372264895133,1.0,0.0,0.0,0.15634568693782788,96.46427646465888,0.96,642.7015882907671,616.9935247591363,25.708063531630728,1.0,0.0,0.0,0.15642503263159044,96.04654464673249,0.96,639.5938189934438,614.0100662337061,25.583752759737763,,,,677.9847111171888,1863.724525350325,1723.9451859490512,139.77933940127434,1863.7245253503256,-6.821210263296962e-13,1.0,0,0,0.39981772078659583,234.84293374702673,0.925,635.0,587.375,47.625,1.0,0,0,0.391552038231496,223.76800462019835,0.925,617.826834560202,571.4898219681869,46.33701259201507,1.0,0,0,0.38821694529345285,219.37377274996365,0.925,610.8976907901236,565.0803639808644,45.81732680925927,0.0,0,0,0.08724817754776784,0.0,0.88,0.0,0.0,0.0,1.0,,,0.101,174.11846378085417,1723.9451859490512,1723.9451859490512,0.0,53.44230076442059,0.0,,,217.43452795753728,1.4210854715202004e-13,93.49684702174103,3.0,1143.3208203343984,0.0,-0.0,0.0,116.16139534597487
30,1,31,0.1016,0.0,1143.3208203343988,,,,0,0.0,1,1941.3797139065848,1941.3797139065848,-0.0,310.6207542250536,64.45380650169862,0.0,,,291.21764543635504,1941.3797139065848,1863.7245253503215,77.6551885562634,1941.3797139065848,0.0,1.0,0.0,0.0,0.15600372765475148,98.7068243249642,0.96,659.084306622375,632.72093435748,26.36337226489502,1.0,0.0,0.0,0.15634568693782777,96.46427646465948,0.96,642.7015882907714,616.9935247591405,25.70806353163084,1.0,0.0,0.0,0.15642503263159044,96.04654464673166,0.96,639.5938189934384,614.0100662337009,25.583752759737536,,,,677.9847111171895,1863.7245253503215,1723.9451859490525,139.77933940127446,1863.724525350327,-5.4569682106375694e-12,1.0,0,0,0.39981772078659583,234.84293374702673,0.925,635.0,587.375,47.625,1.0,0,0,0.39155203823149654,223.76800462019912,0.925,617.8268345602032,571.489821968188,46.337012592015185,1.0,0,0,0.38821694529345285,219.37377274996365,0.925,610.8976907901236,565.0803639808644,45.81732680925927,0.0,0,0,0.08724817754776784,0.0,0.88,0.0,0.0,0.0,1.0,,,0.101,174.1184637808543,1723.9451859490525,1723.9451859490525,0.0,53.44230076442063,0.0,,,217.4345279575324,0.0,93.49684702173893,3.0,1143.3208203343988,0.0,-0.0,0.0,116.16139534597491
31,1,32,0.1016,0.0,1143.3208203343995,,,,0,0.0,1,1941.3797139065878,1941.3797139065878,-0.0,310.62075422505404,64.45380650169871,0.0,,,291.2176454363554,1941.3797139065878,1863.7245253503243,77.65518855626362,1941.3797139065878,0.0,1.0,0.0,0.0,0.1560037276547508,98.70682432496416,0.96,659.0843066223777,632.7209343574825,26.363372264895133,1.0,0.0,0.0,0.15634568693782772,96.4642764646596,0.96,642.7015882907725,616.9935247591416,25.708063531630955,1.0,0.0,0.0,0.15642503263159066,96.0465446467317,0.96,639.5938189934378,614.0100662337003,25.583752759737536,,,,677.9847111171898,1863.7245253503243,1723.9451859490528,139.77933940127457,1863.7245253503274,-3.183231456205249e-12,1.0,0,0,0.39981772078659583,234.84293374702673,0.925,635.0,587.375,47.625,1.0,0,0,0.39155203823149676,223.76800462019938,0.925,617.8268345602037,571.4898219681884,46.3370125920153,1.0,0,0,0.38821694529345285,219.37377274996365,0.925,610.8976907901236,565.0803639808644,45.81732680925927,0.0,0,0,0.08724817754776784,0.0,0.88,0.0,0.0,0.0,1.0,,,0.101,174.11846378085434,1723.9451859490528,1723.9451859490528,0.0,53.44230076442064,0.0,,,217.434527957535,-2.842170943040401e-14,93.49684702174005,3.0,1143.3208203343995,0.0,-0.0,0.0,116.16139534597498
32,1,33,0.1016,0.0,1143.3208203344025,,,,0,0.0,1,1941.3797139065832,1941.3797139065832,-0.0,310.6207542250533,64.45380650169857,0.0,,,291.2176454363546,1941.3797139065832,1863.7245253503197,77.6551885562634,1941.3797139065832,0.0,1.0,0.0,0.0,0.1560037276547507,98.70682432496423,0.96,659.0843066223784,632.7209343574833,26.363372264895133,1.0,0.0,0.0,0.15634568693782774,96.46427646465939,0.96,642.7015882907709,616.9935247591401,25.70806353163084,1.0,0.0,0.0,0.15642503263159066,96.0465446467311,0.96,639.5938189934338,614.0100662336964,25.583752759737422,,,,677.9847111171931,1863.7245253503197,1723.9451859490578,139.7793394012749,1863.7245253503324,-1.2732925824820995e-11,1.0,0,0,0.39981772078659583,234.84293374702673,0.925,635.0,587.375,47.625,1.0,0,0,0.39155203823149676,223.76800462019938,0.925,617.8268345602037,571.4898219681884,46.3370125920153,1.0,0,0,0.3882169452934554,219.373772749967,0.925,610.8976907901289,565.0803639808693,45.81732680925961,0.0,0,0,0.08724817754776784,0.0,0.88,0.0,0.0,0.0,1.0,,,0.101,174.11846378085485,1723.9451859490578,1723.9451859490578,0.0,53.44230076442079,0.0,,,217.43452795752557,-8.526512829121202e-14,93.496847021736,3.0,1143.3208203344025,0.0,-0.0,0.0,116.16139534597528
33,1,34,0.1016,0.0,1143.3208203343977,,,,0,0.0,1,1941.3797139065784,1941.3797139065784,-0.0,310.62075422505256,64.45380650169841,0.0,,,291.21764543635413,1941.3797139065784,1863.7245253503152,77.65518855626317,1941.3797139065784,0.0,1.0,0.0,0.0,0.1560037276547508,98.70682432496416,0.96,659.0843066223777,632.7209343574825,26.363372264895133,1.0,0.0,0.0,0.15634568693782772,96.46427646465929,0.96,642.7015882907705,616.9935247591396,25.70806353163084,1.0,0.0,0.0,0.15642503263159077,96.04654464673064,0.96,639.5938189934302,614.010066233693,25.583752759737195,,,,677.9847111171892,1863.7245253503152,1723.945185949052,139.77933940127446,1863.7245253503265,-1.1368683772161603e-11,1.0,0,0,0.39981772078659583,234.84293374702673,0.925,635.0,587.375,47.625,1.0,0,0,0.3915520382314963,223.76800462019884,0.925,617.8268345602029,571.4898219681877,46.337012592015185,1.0,0,0,0.38821694529345285,219.37377274996365,0.925,610.8976907901236,565.0803639808644,45.81732680925927,0.0,0,0,0.08724817754776784,0.0,0.88,0.0,0.0,0.0,1.0,,,0.101,174.11846378085428,1723.945185949052,1723.945185949052,0.0,53.442300764420615,0.0,,,217.43452795752626,2.842170943040401e-14,93.49684702173629,3.0,1143.3208203343977,0.0,-0.0,0.0,116.1613953459748
34,1,35,0.1016,0.0,1143.3208203343995,,,,0,0.0,1,1941.3797139065894,1941.3797139065894,-0.0,310.6207542250543,64.45380650169876,0.0,,,291.2176454363554,1941.3797139065894,1863.7245253503256,77.65518855626362,1941.3797139065894,0.0,1.0,0.0,0.0,0.15600372765475085,98.70682432496419,0.96,659.0843066223777,632.7209343574825,26.363372264895133,1.0,0.0,0.0,0.15634568693782783,96.46427646465929,0.96,642.70158829077,616.9935247591392,25.70806353163084,1.0,0.0,0.0,0.15642503263159044,96.04654464673214,0.96,639.5938189934416,614.0100662337039,25.58375275973765,,,,677.9847111171898,1863.7245253503256,1723.9451859490528,139.77933940127457,1863.7245253503274,-1.8189894035458565e-12,1.0,0,0,0.39981772078659583,234.84293374702673,0.925,635.0,587.375,47.625,1.0,0,0,0.39155203823149676,223.76800462019938,0.925,617.8268345602037,571.4898219681884,46.3370125920153,1.0,0,0,0.38821694529345285,219.37377274996365,0.925,610.8976907901236,565.0803639808644,45.81732680925927,0.0,0,0,0.08724817754776784,0.0,0.88,0.0,0.0,0.0,1.0,,,0.101,174.11846378085434,1723.9451859490528,1723.9451859490528,0.0,53.44230076442064,0.0,,,217.43452795753637,-2.842170943040401e-14,93.49684702174063,3.0,1143.3208203343995,0.0,-0.0,0.0,116.16139534597498
35,1,36,0.1016,0.0,1143.3208203343984,,,,0,0.0,1,1941.379713906585,1941.379713906585,-0.0,310.6207542250536,64.45380650169862,0.0,,,291.2176454363549,1941.379713906585,1863.7245253503215,77.6551885562634,1941.379713906585,0.0,1.0,0.0,0.0,0.15600372765475085,98.70682432496399,0.96,659.0843066223763,632.7209343574813,26.36337226489502,1.0,0.0,0.0,0.15634568693782777,96.46427646465865,0.96,642.7015882907659,616.9935247591353,25.708063531630614,1.0,0.0,0.0,0.1564250326315905,96.04654464673236,0.96,639.5938189934428,614.0100662337051,25.583752759737763,,,,677.9847111171892,1863.7245253503215,1723.945185949052,139.77933940127434,1863.7245253503263,-4.774847184307873e-12,1.0,0,0,0.39981772078659583,234.84293374702673,0.925,635.0,587.375,47.625,1.0,0,0,0.39155203823149654,223.76800462019915,0.925,617.8268345602033,571.4898219681882,46.337012592015185,1.0,0,0,0.38821694529345263,219.37377274996334,0.925,610.8976907901231,565.0803639808639,45.81732680925916,0.0,0,0,0.08724817754776784,0.0,0.88,0.0,0.0,0.0,1.0,,,0.101,174.11846378085428,1723.945185949052,1723.945185949052,0.0,53.442300764420615,0.0,,,217.43452795753296,-8.526512829121202e-14,93.49684702173917,3.0,1143.3208203343984,0.0,-0.0,0.0,116.16139534597487
36,1,37,0.1016,0.0,1143.3208203343993,,,,0,0.0,1,1941.3797139065878,1941.3797139065878,-0.0,310.62075422505404,64.45380650169871,0.0,,,291.21764543635527,1941.3797139065878,1863.724525350324,77.65518855626362,1941.3797139065878,0.0,1.0,0.0,0.0,0.15600372765475085,98.70682432496419,0.96,659.0843066223777,632.7209343574825,26.363372264895133,1.0,0.0,0.0,0.15634568693782783,96.46427646465881,0.96,642.7015882907668,616.9935247591361,25.708063531630728,1.0,0.0,0.0,0.15642503263159052,96.04654464673243,0.96,639.5938189934432,614.0100662337054,25.583752759737763,,,,677.9847111171898,1863.724525350324,1723.9451859490528,139.77933940127457,1863.7245253503274,-3.410605131648481e-12,1.0,0,0,0.39981772078659583,234.84293374702673,0.925,635.0,587.375,47.625,1.0,0,0,0.39155203823149676,223.76800462019938,0.925,617.8268345602037,571.4898219681884,46.3370125920153,1.0,0,0,0.38821694529345285,219.37377274996365,0.925,610.8976907901236,565.0803639808644,45.81732680925927,0.0,0,0,0.08724817754776784,0.0,0.88,0.0,0.0,0.0,1.0,,,0.101,174.11846378085434,1723.9451859490528,1723.9451859490528,0.0,53.44230076442064,0.0,,,217.43452795753478,-1.4210854715202004e-13,93.49684702173995,3.0,1143.3208203343993,0.0,-0.0,0.0,116.16139534597497
37,1,38,0.1016,0.0,1143.3208203343988,,,,0,0.0,1,1941.3797139065796,1941.3797139065796,-0.0,310.62075422505274,64.45380650169844,0.0,,,291.2176454363546,1941.3797139065796,1863.7245253503165,77.65518855626317,1941.3797139065796,0.0,1.0,0.0,0.0,0.15600372765475135,98.7068243249642,0.96,659.0843066223756,632.7209343574806,26.36337226489502,1.0,0.0,0.0,0.15634568693782802,96.4642764646579,0.96,642.7015882907599,616.9935247591295,25.708063531630387,1.0,0.0,0.0,0.15642503263159038,96.04654464673249,0.96,639.5938189934441,614.0100662337063,25.583752759737763,,,,677.9847111171898,1863.7245253503165,1723.9451859490528,139.77933940127457,1863.7245253503274,-1.0913936421275139e-11,1.0,0,0,0.39981772078659583,234.84293374702673,0.925,635.0,587.375,47.625,1.0,0,0,0.39155203823149676,223.76800462019938,0.925,617.8268345602037,571.4898219681884,46.3370125920153,1.0,0,0,0.38821694529345285,219.37377274996365,0.925,610.8976907901236,565.0803639808644,45.81732680925927,0.0,0,0,0.08724817754776784,0.0,0.88,0.0,0.0,0.0,1.0,,,0.101,174.11846378085434,1723.9451859490528,1723.9451859490528,0.0,53.44230076442064,0.0,,,217.43452795752683,8.526512829121202e-14,93.49684702173653,3.0,1143.3208203343988,0.0,-0.0,0.0,116.16139534597491
38,1,39,0.1016,0.0,1143.3208203343988,,,,0,0.0,1,1941.3797139065841,1941.3797139065841,-0.0,310.6207542250535,64.4538065016986,0.0,,,291.2176454363546,1941.3797139065841,1863.7245253503206,77.65518855626351,1941.3797139065841,0.0,1.0,0.0,0.0,0.1560037276547508,98.70682432496417,0.96,659.0843066223778,632.7209343574826,26.363372264895133,1.0,0.0,0.0,0.15634568693782772,96.4642764646579,0.96,642.7015882907612,616.9935247591307,25.7080635316305,1.0,0.0,0.0,0.15642503263159038,96.04654464673264,0.96,639.5938189934452,614.0100662337073,25.583752759737877,,,,677.9847111171898,1863.7245253503206,1723.9451859490528,139.77933940127457,1863.7245253503274,-6.821210263296962e-12,1.0,0,0,0.39981772078659583,234.84293374702673,0.925,635.0,587.375,47.625,1.0,0,0,0.39155203823149676,223.76800462019938,0.925,617.8268345602037,571.4898219681884,46.3370125920153,1.0,0,0,0.38821694529345285,219.37377274996365,0.925,610.8976907901236,565.0803639808644,45.81732680925927,0.0,0,0,0.08724817754776784,0.0,0.88,0.0,0.0,0.0,1.0,,,0.101,174.11846378085434,1723.9451859490528,1723.9451859490528,0.0,53.44230076442064,0.0,,,217.43452795753126,8.526512829121202e-14,93.49684702173845,3.0,1143.3208203343988,0.0,-0.0,0.0,116.16139534597491
39,1,40,0.1016,0.0,1143.3208203343986,,,,0,0.0,1,1941.379713906586,1941.379713906586,-0.0,310.62075422505376,64.45380650169865,0.0,,,291.21764543635516,1941.379713906586,1863.7245253503224,77.65518855626351,1941.379713906586,0.0,1.0,0.0,0.0,0.15600372765475082,98.70682432496417,0.96,659.0843066223777,632.7209343574825,26.363372264895133,1.0,0.0,0.0,0.15634568693782777,96.4642764646587,0.96,642.7015882907662,616.9935247591355,25.708063531630614,1.0,0.0,0.0,0.15642503263159052,96.04654464673229,0.96,639.5938189934423,614.0100662337045,25.583752759737763,,,,677.9847111171892,1863.7245253503224,1723.9451859490518,139.77933940127446,1863.7245253503265,-4.092726157978177e-12,1.0,0,0,0.39981772078659583,234.84293374702673,0.925,635.0,587.375,47.625,1.0,0,0,0.39155203823149676,223.76800462019938,0.925,617.8268345602037,571.4898219681884,46.3370125920153,1.0,0,0,0.3882169452934524,219.37377274996308,0.925,610.8976907901227,565.0803639808636,45.81732680925916,0.0,0,0,0.08724817754776784,0.0,0.88,0.0,0.0,0.0,1.0,,,0.101,174.11846378085426,1723.9451859490518,1723.9451859490518,0.0,53.44230076442061,0.0,,,217.43452795753387,-5.684341886080802e-14,93.49684702173957,3.0,1143.3208203343986,0.0,-0.0,0.0,116.1613953459749
40,1,41,0.1016,0.0,1143.3208203344059,,,,0,0.0,1,1941.3797139065928,1941.3797139065928,-0.0,310.62075422505484,64.45380650169888,0.0,,,291.2176454363557,1941.3797139065928,1863.7245253503288,77.65518855626374,1941.3797139065928,0.0,1.0,0.0,0.0,0.15600372765475076,98.7068243249642,0.96,659.0843066223781,632.720934357483,26.363372264895133,1.0,0.0,0.0,0.15634568693782772,96.46427646465855,0.96,642.7015882907655,616.9935247591349,25.708063531630614,1.0,0.0,0.0,0.15642503263159052,96.0465446467333,0.96,639.593818993449,614.010066233711,25.58375275973799,,,,677.984711117195,1863.7245253503288,1723.9451859490605,139.77933940127514,1863.7245253503356,-6.821210263296962e-12,1.0,0,0,0.39981772078659583,234.84293374702673,0.925,635.0,587.375,47.625,1.0,0,0,0.3915520382315012,223.76800462020526,0.925,617.8268345602129,571.4898219681969,46.33701259201598,1.0,0,0,0.3882169452934524,219.37377274996308,0.925,610.8976907901227,565.0803639808636,45.81732680925916,0.0,0,0,0.08724817754776784,0.0,0.88,0.0,0.0,0.0,1.0,,,0.101,174.1184637808551,1723.9451859490605,1723.9451859490605,0.0,53.44230076442088,0.0,,,217.43452795753205,0.0,93.49684702173879,3.0,1143.3208203344059,0.0,-0.0,0.0,116.16139534597563
41,1,42,0.15246,0.0,885.319152115708,,,,0,0.0,1,1625.0,1625.0,-0.0,260.0,53.95,0.0,,,253.06323954867833,1625.0,1560.0,65.00000000000006,1625.0,0.0,1.0,0.0,0.0,0.15600372765475085,98.70682432496419,0.96,659.0843066223777,632.7209343574825,26.363372264895133,1.0,0.0,0.0,0.16241407508336908,82.16688575632648,0.96,526.9894616722029,505.90988320531477,21.07957846688811,1.0,0.0,0.0,0.17132133168791036,72.18952946738762,0.96,438.9262317054195,421.3691824372027,17.557049268216815,,,,488.3309125670297,1560.0,1425.0,134.99999999999864,1559.9999999999986,1.3642420526593924e-12,1.0,0,0,0.34268835969616135,162.77697085567664,0.9134615384615384,520.0,475.0,45.0,1.0,0,0,0.34268835969616107,162.7769708556765,0.9134615384615407,519.9999999999987,475.0,44.99999999999875,1.0,0,0,0.3426883596961613,162.7769708556766,0.9134615384615387,519.9999999999999,475.0,44.999999999999886,0.0,0,0,0.08724817754776784,0.0,0.88,0.0,0.0,0.0,1.0,,,0.101,143.925,1425.0,1425.0,0.0,44.175,0.0,,,200.00000000000006,-5.684341886080802e-14,86.00000000000003,3.0,885.319152115708,0.0,0.0,0.0,134.97575793156085
42,1,43,0.15246,0.0,885.3191521157077,,,,0,0.0,1,1624.9999999999986,1624.9999999999986,-0.0,259.9999999999998,53.94999999999995,0.0,,,253.06323954867787,1624.9999999999986,1559.9999999999986,64.99999999999994,1624.9999999999986,0.0,1.0,0.0,0.0,0.15600372765475085,98.70682432496399,0.96,659.0843066223763,632.7209343574813,26.36337226489502,1.0,0.0,0.0,0.16241407508336908,82.16688575632648,0.96,526.9894616722029,505.90988320531477,21.07957846688811,1.0,0.0,0.0,0.17132133168791036,72.18952946738762,0.96,438.9262317054195,421.3691824372027,17.557049268216815,,,,488.3309125670297,1559.9999999999986,1425.0,134.99999999999864,1559.9999999999986,-0.0,1.0,0,0,0.34268835969616135,162.77697085567664,0.9134615384615384,520.0,475.0,45.0,1.0,0,0,0.3426883596961613,162.7769708556766,0.9134615384615387,519.9999999999999,475.0,44.999999999999886,1.0,0,0,0.34268835969616107,162.7769708556765,0.9134615384615407,519.9999999999987,475.0,44.99999999999875,0.0,0,0,0.08724817754776784,0.0,0.88,0.0,0.0,0.0,1.0,,,0.101,143.925,1425.0,1425.0,0.0,44.175,0.0,,,199.99999999999858,5.684341886080802e-14,85.99999999999939,3.0,885.3191521157075,0.0,0.0,0.0,134.9757579315608
43,1,44,0.15246,0.0,885.3191521157082,,,,0,0.0,1,1625.0,1625.0,-0.0,260.0,53.95,0.0,,,253.06323954867833,1625.0,1560.0,65.00000000000006,1625.0,0.0,1.0,0.0,0.0,0.1560037276547508,98.70682432496416,0.96,659.0843066223777,632.7209343574825,26.363372264895133,1.0,0.0,0.0,0.16241407508336908,82.16688575632648,0.96,526.9894616722029,505.90988320531477,21.07957846688811,1.0,0.0,0.0,0.17132133168791036,72.18952946738762,0.96,438.9262317054195,421.3691824372027,17.557049268216815,,,,488.33091256702994,1560.0,1425.0,134.9999999999999,1560.0,-0.0,1.0,0,0,0.3426883596961613,162.7769708556766,0.913461538461539,519.9999999999997,475.0,44.99999999999966,1.0,0,0,0.3426883596961615,162.77697085567672,0.9134615384615374,520.0000000000006,475.0,45.00000000000057,1.0,0,0,0.3426883596961613,162.7769708556766,0.913461538461539,519.9999999999997,475.0,44.99999999999966,0.0,0,0,0.08724817754776784,0.0,0.88,0.0,0.0,0.0,1.0,,,0.101,143.925,1425.0,1425.0,0.0,44.175,0.0,,,199.99999999999994,-5.684341886080802e-14,85.99999999999997,3.0,885.3191521157082,0.0,0.0,0.0,134.97575793156088
44,1,45,0.15246,0.0,885.3191521157084,,,,0,0.0,1,1625.0,1625.0,-0.0,260.0,53.95,0.0,,,253.06323954867833,1625.0,1560.0,65.00000000000006,1625.0,0.0,1.0,0.0,0.0,0.1560037276547508,98.70682432496416,0.96,659.0843066223777,632.7209343574825,26.363372264895133,1.0,0.0,0.0,0.16241407508336908,82.16688575632648,0.96,526.9894616722029,505.90988320531477,21.07957846688811,1.0,0.0,0.0,0.17132133168791036,72.18952946738762,0.96,438.9262317054195,421.3691824372027,17.557049268216815,,,,488.33091256703017,1560.0,1425.0,135.0000000000024,1560.0000000000023,-2.2737367544323206e-12,1.0,0,0,0.3426883596961613,162.7769708556766,0.913461538461539,519.9999999999997,475.0,44.99999999999966,1.0,0,0,0.34268835969616135,162.77697085567664,0.9134615384615384,520.0,475.0,45.0,1.0,0,0,0.34268835969616196,162.77697085567692,0.9134615384615337,520.0000000000027,475.0,45.00000000000273,0.0,0,0,0.08724817754776784,0.0,0.88,0.0,0.0,0.0,1.0,,,0.101,143.925,1425.0,1425.0,0.0,44.175,0.0,,,200.00000000000017,-5.684341886080802e-14,86.00000000000007,3.0,885.3191521157084,0.0,0.0,0.0,134.97575793156093
45,1,46,0.15246,0.0,885.3191521157075,,,,0,0.0,1,1624.9999999999986,1624.9999999999986,-0.0,259.9999999999998,53.94999999999995,0.0,,,253.06323954867798,1624.9999999999986,1559.9999999999986,64.99999999999994,1624.9999999999986,0.0,1.0,0.0,0.0,0.15600372765475085,98.70682432496399,0.96,659.0843066223763,632.7209343574813,26.36337226489502,1.0,0.0,0.0,0.16241407508336908,82.16688575632648,0.96,526.9894616722029,505.90988320531477,21.07957846688811,1.0,0.0,0.0,0.17132133168791036,72.18952946738762,0.96,438.9262317054195,421.3691824372027,17.557049268216815,,,,488.3309125670296,1559.9999999999986,1425.0,134.9999999999975,1559.9999999999973,1.3642420526593924e-12,1.0,0,0,0.34268835969616135,162.77697085567664,0.9134615384615384,520.0,475.0,45.0,1.0,0,0,0.34268835969616107,162.7769708556765,0.9134615384615407,519.9999999999987,475.0,44.99999999999875,1.0,0,0,0.34268835969616107,162.7769708556765,0.9134615384615407,519.9999999999987,475.0,44.99999999999875,0.0,0,0,0.08724817754776784,0.0,0.88,0.0,0.0,0.0,1.0,,,0.101,143.925,1425.0,1425.0,0.0,44.175,0.0,,,199.9999999999988,-5.684341886080802e-14,85.99999999999949,3.0,885.3191521157075,0.0,0.0,0.0,134.9757579315608
46,1,47,0.1016,0.0,1143.542878834477,,,,0,0.0,1,1941.6423223497634,1941.6423223497634,-0.0,310.66277157596215,64.46252510201215,0.0,,,291.25235609389847,1941.6423223497634,1863.9766294557728,77.66569289399058,1941.6423223497634,0.0,1.0,0.0,0.0,0.15600372765475073,98.70682432496419,0.96,659.0843066223781,632.720934357483,26.363372264895133,1.0,0.0,0.0,0.1563814344457216,96.27276588446725,0.96,641.2790078636923,615.6278475491446,25.651160314547724,1.0,0.0,0.0,0.15638143444572136,96.27276588446719,0.96,641.2790078636929,615.6278475491451,25.651160314547724,,,,678.1485061336709,1863.9766294557728,1724.1783822466093,139.79824720918452,1863.976629455794,-2.114575181622058e-11,1.0,0,0,0.39981772078659583,234.84293374702673,0.925,635.0,587.375,47.625,1.0,0,0,0.3918936580663833,224.22052792820253,0.925,618.536599773532,572.1463547905171,46.390244983014895,1.0,0,0,0.38799666665882016,219.08504445844167,0.925,610.4400296822619,564.6570274560922,45.78300222616963,0.0,0,0,0.08724817754776784,0.0,0.88,0.0,0.0,0.0,1.0,,,0.101,174.14201660690756,1724.1783822466093,1724.1783822466093,0.0,53.44952984964489,0.0,,,217.46394010315396,8.526512829121202e-14,93.5094942443562,3.0,1143.542878834477,0.0,-0.0,0.0,116.18395648958287
47,1,48,0.1016,0.0,1143.5428788344727,,,,0,0.0,1,1941.6423223497686,1941.6423223497686,-0.0,310.662771575963,64.46252510201232,0.0,,,291.2523560938995,1941.6423223497686,1863.9766294557776,77.66569289399081,1941.6423223497686,0.0,1.0,0.0,0.0,0.1560037276547508,98.70682432496416,0.96,659.0843066223777,632.7209343574825,26.363372264895133,1.0,0.0,0.0,0.1563814344457213,96.27276588446747,0.96,641.279007863695,615.6278475491472,25.651160314547838,1.0,0.0,0.0,0.156381434445722,96.272765884468,0.96,641.2790078636957,615.6278475491479,25.651160314547838,,,,678.1485061336664,1863.9766294557776,1724.1783822466027,139.79824720918396,1863.9766294557867,-9.094947017729282e-12,1.0,0,0,0.39981772078659583,234.84293374702673,0.925,635.0,587.375,47.625,1.0,0,0,0.3918936580663799,224.22052792819795,0.925,618.5365997735247,572.1463547905104,46.39024498301433,1.0,0,0,0.38799666665882016,219.08504445844167,0.925,610.4400296822619,564.6570274560922,45.78300222616963,0.0,0,0,0.08724817754776784,0.0,0.88,0.0,0.0,0.0,1.0,,,0.101,174.14201660690688,1724.1783822466027,1724.1783822466027,0.0,53.449529849644684,0.0,,,217.46394010316567,-2.842170943040401e-14,93.50949424436124,3.0,1143.5428788344727,0.0,-0.0,0.0,116.18395648958243
48,1,49,0.1016,0.0,1143.5428788344775,,,,0,0.0,1,1941.6423223497734,1941.6423223497734,-0.0,310.66277157596375,64.46252510201248,0.0,,,291.2523560938997,1941.6423223497734,1863.9766294557826,77.66569289399104,1941.6423223497734,0.0,1.0,0.0,0.0,0.1560037276547508,98.70682432496416,0.96,659.0843066223777,632.7209343574825,26.363372264895133,1.0,0.0,0.0,0.1563814344457213,96.27276588446784,0.96,641.2790078636975,615.6278475491496,25.65116031454795,1.0,0.0,0.0,0.15638143444572122,96.27276588446792,0.96,641.2790078636983,615.6278475491504,25.65116031454795,,,,678.1485061336703,1863.9766294557826,1724.1783822466082,139.7982472091844,1863.9766294557926,-1.000444171950221e-11,1.0,0,0,0.39981772078659583,234.84293374702673,0.925,635.0,587.375,47.625,1.0,0,0,0.3918936580663829,224.22052792820193,0.925,618.536599773531,572.1463547905162,46.39024498301478,1.0,0,0,0.38799666665882004,219.0850444584416,0.925,610.4400296822618,564.6570274560921,45.78300222616963,0.0,0,0,0.08724817754776784,0.0,0.88,0.0,0.0,0.0,1.0,,,0.101,174.14201660690745,1724.1783822466082,1724.1783822466082,0.0,53.449529849644854,0.0,,,217.46394010316544,8.526512829121202e-14,93.50949424436114,3.0,1143.5428788344775,0.0,-0.0,0.0,116.18395648958291
49,1,50,0.1016,0.0,1143.5428788345198,,,,0,0.0,1,1941.6423223498323,1941.6423223498323,-0.0,310.6627715759732,64.46252510201444,0.0,,,291.25235609390825,1941.6423223498323,1863.976629455839,77.66569289399342,1941.6423223498323,0.0,1.0,0.0,0.0,0.1560037276547498,98.70682432497233,0.96,659.0843066224365,632.720934357539,26.36337226489752,1.0,0.0,0.0,0.15638143444572147,96.27276588446792,0.96,641.2790078636973,615.6278475491494,25.65116031454795,1.0,0.0,0.0,0.15638143444572125,96.27276588446799,0.96,641.2790078636987,615.6278475491507,25.65116031454795,,,,678.1485061336997,1863.976629455839,1724.178382246651,139.79824720918793,1863.976629455839,-0.0,1.0,0,0,0.39981772078659583,234.84293374702673,0.925,635.0,587.375,47.625,1.0,0,0,0.3918936580664051,224.22052792823135,0.925,618.5365997735771,572.1463547905588,46.390244983018306,1.0,0,0,0.38799666665882016,219.08504445844167,0.925,610.4400296822619,564.6570274560922,45.78300222616963,0.0,0,0,0.08724817754776784,0.0,0.88,0.0,0.0,0.0,1.0,,,0.101,174.14201660691177,1724.178382246651,1724.178382246651,0.0,53.449529849646176,0.0,,,217.46394010318136,8.526512829121202e-14,93.50949424436799,3.0,1143.5428788345198,0.0,-0.0,0.0,116.1839564895872
50,1,51,0.1016,0.0,1143.5428788345364,,,,0,0.0,1,1941.6423223498305,1941.6423223498305,-0.0,310.6627715759729,64.46252510201437,0.0,,,291.2523560939078,1941.6423223498305,1863.9766294558372,77.66569289399331,1941.6423223498305,0.0,1.0,0.0,0.0,0.15600372765475035,98.70682432497235,0.96,659.0843066224343,632.7209343575369,26.363372264897407,1.0,0.0,0.0,0.15638143444572147,96.2727658844678,0.96,641.2790078636965,615.6278475491487,25.651160314547838,1.0,0.0,0.0,0.156381434445721,96.272765884468,0.96,641.2790078636998,615.6278475491517,25.651160314548065,,,,678.1485061337146,1863.9766294558372,1724.1783822466728,139.79824720918964,1863.9766294558626,-2.546585164964199e-11,1.0,0,0,0.39981772078659583,234.84293374702673,0.925,635.0,587.375,47.625,1.0,0,0,0.3918936580664051,224.22052792823135,0.925,618.5365997735771,572.1463547905588,46.390244983018306,1.0,0,0,0.3879966666588315,219.0850444584566,0.925,610.4400296822855,564.6570274561142,45.783002226171334,0.0,0,0,0.08724817754776784,0.0,0.88,0.0,0.0,0.0,1.0,,,0.101,174.14201660691396,1724.1783822466728,1724.1783822466728,0.0,53.44952984964686,0.0,,,217.46394010315748,5.684341886080802e-14,93.50949424435771,3.0,1143.5428788345364,0.0,-0.0,0.0,116.1839564895889
51,1,52,0.1016,0.0,1143.5428788344802,,,,0,0.0,1,1941.6423223497793,1941.6423223497793,-0.0,310.6627715759647,64.46252510201268,0.0,,,291.2523560938995,1941.6423223497793,1863.976629455788,77.66569289399126,1941.6423223497793,0.0,1.0,0.0,0.0,0.15600372765475073,98.70682432496494,0.96,659.0843066223831,632.7209343574877,26.36337226489536,1.0,0.0,0.0,0.15638143444571967,96.27276588446688,0.96,641.2790078636978,615.6278475491498,25.65116031454795,1.0,0.0,0.0,0.15638143444572122,96.27276588446792,0.96,641.2790078636983,615.6278475491504,25.65116031454795,,,,678.148506133673,1863.976629455788,1724.1783822466118,139.79824720918464,1863.9766294557962,-8.185452315956354e-12,1.0,0,0,0.39981772078659583,234.84293374702673,0.925,635.0,587.375,47.625,1.0,0,0,0.39189365806640786,224.22052792823501,0.925,618.5365997735828,572.1463547905641,46.39024498301865,1.0,0,0,0.38799666665879684,219.08504445841118,0.925,610.4400296822135,564.6570274560476,45.78300222616599,0.0,0,0,0.08724817754776784,0.0,0.88,0.0,0.0,0.0,1.0,,,0.101,174.14201660690782,1724.1783822466118,1724.1783822466118,0.0,53.44952984964497,0.0,,,217.46394010316772,-5.684341886080802e-14,93.50949424436212,3.0,1143.5428788344802,0.0,-0.0,0.0,116.18395648958318
52,1,53,0.1016,0.0,1143.5428788345112,,,,0,0.0,1,1941.642322349765,1941.642322349765,-0.0,310.6627715759624,64.4625251020122,0.0,,,291.2523560938996,1941.642322349765,1863.976629455774,77.6656928939907,1941.642322349765,0.0,1.0,0.0,0.0,0.15600372765475073,98.7068243249649,0.96,659.0843066223829,632.7209343574875,26.36337226489536,1.0,0.0,0.0,0.15638143444572156,96.27276588446689,0.96,641.2790078636901,615.6278475491425,25.65116031454761,1.0,0.0,0.0,0.15638143444572294,96.272765884468,0.96,641.2790078636918,615.6278475491441,25.651160314547724,,,,678.1485061336997,1863.976629455774,1724.178382246651,139.79824720918793,1863.976629455839,-6.502887117676437e-11,1.0,0,0,0.39981772078659583,234.84293374702673,0.925,635.0,587.375,47.625,1.0,0,0,0.3918936580664051,224.22052792823135,0.925,618.5365997735771,572.1463547905588,46.390244983018306,1.0,0,0,0.38799666665882016,219.08504445844167,0.925,610.4400296822619,564.6570274560922,45.78300222616963,0.0,0,0,0.08724817754776784,0.0,0.88,0.0,0.0,0.0,1.0,,,0.101,174.14201660691177,1724.178382246651,1724.178382246651,0.0,53.449529849646176,0.0,,,217.4639401031136,8.526512829121202e-14,93.50949424433885,3.0,1143.5428788345112,0.0,-0.0,0.0,116.18395648958632
53,1,54,0.1016,0.0,1143.5428788344655,,,,0,0.0,1,1941.6423223497648,1941.6423223497648,-0.0,310.6627715759624,64.4625251020122,0.0,,,291.2523560938986,1941.6423223497648,1863.976629455774,77.6656928939907,1941.6423223497648,0.0,1.0,0.0,0.0,0.15600372765475073,98.70682432496494,0.96,659.0843066223831,632.7209343574877,26.36337226489536,1.0,0.0,0.0,0.15638143444572153,96.27276588446631,0.96,641.2790078636864,615.6278475491389,25.651160314547496,1.0,0.0,0.0,0.15638143444572142,96.27276588446756,0.96,641.2790078636951,615.6278475491473,25.651160314547838,,,,678.1485061336608,1863.976629455774,1724.178382246594,139.79824720918327,1863.9766294557771,-3.183231456205249e-12,1.0,0,0,0.39981772078659583,234.84293374702673,0.925,635.0,587.375,47.625,1.0,0,0,0.39189365806640475,224.2205279282309,0.925,618.5365997735763,572.1463547905581,46.39024498301819,1.0,0,0,0.38799666665879085,219.08504445840325,0.925,610.4400296822009,564.6570274560358,45.78300222616508,0.0,0,0,0.08724817754776784,0.0,0.88,0.0,0.0,0.0,1.0,,,0.101,174.14201660690603,1724.178382246594,1724.178382246594,0.0,53.449529849644414,0.0,,,217.46394010317078,2.842170943040401e-14,93.50949424436344,3.0,1143.5428788344655,0.0,-0.0,0.0,116.18395648958169
54,1,55,0.1016,0.0,1143.542878834532,,,,0,0.0,1,1941.6423223498232,1941.6423223498232,-0.0,310.6627715759717,64.46252510201413,0.0,,,291.2523560938996,1941.6423223498232,1863.9766294558299,77.66569289399297,1941.6423223498232,0.0,1.0,0.0,0.0,0.1560037276547508,98.70682432496494,0.96,659.0843066223829,632.7209343574875,26.36337226489536,1.0,0.0,0.0,0.15638143444572153,96.27276588446738,0.96,641.2790078636934,615.6278475491457,25.651160314547724,1.0,0.0,0.0,0.15638143444570882,96.27276588446755,0.96,641.2790078637468,615.6278475491969,25.651160314549884,,,,678.148506133718,1863.9766294558299,1724.1783822466775,139.79824720918998,1863.9766294558676,-3.774403012357652e-11,1.0,0,0,0.39981772078659583,234.84293374702673,0.925,635.0,587.375,47.625,1.0,0,0,0.39189365806641885,224.2205279282496,0.925,618.5365997736056,572.1463547905853,46.39024498302035,1.0,0,0,0.38799666665882016,219.08504445844167,0.925,610.4400296822619,564.6570274560922,45.78300222616963,0.0,0,0,0.08724817754776784,0.0,0.88,0.0,0.0,0.0,1.0,,,0.101,174.14201660691444,1724.1783822466775,1724.1783822466775,0.0,53.449529849647,0.0,,,217.4639401031452,2.842170943040401e-14,93.50949424435244,3.0,1143.542878834532,0.0,-0.0,0.0,116.18395648958845
55,1,56,0.1016,0.0,1143.5428788345102,,,,0,0.0,1,1941.642322349761,1941.642322349761,-0.0,310.66277157596176,64.46252510201207,0.0,,,291.2523560938989,1941.642322349761,1863.9766294557703,77.66569289399047,1941.642322349761,0.0,1.0,0.0,0.0,0.1560037276547506,98.70682432496494,0.96,659.0843066223837,632.7209343574883,26.36337226489536,1.0,0.0,0.0,0.15638143444572164,96.27276588446648,0.96,641.2790078636871,615.6278475491396,25.651160314547496,1.0,0.0,0.0,0.15638143444572264,96.27276588446756,0.96,641.2790078636901,615.6278475491425,25.65116031454761,,,,678.1485061336997,1863.9766294557703,1724.178382246651,139.79824720918793,1863.976629455839,-6.866684998385608e-11,1.0,0,0,0.39981772078659583,234.84293374702673,0.925,635.0,587.375,47.625,1.0,0,0,0.3918936580664051,224.22052792823135,0.925,618.5365997735771,572.1463547905588,46.390244983018306,1.0,0,0,0.38799666665882016,219.08504445844167,0.925,610.4400296822619,564.6570274560922,45.78300222616963,0.0,0,0,0.08724817754776784,0.0,0.88,0.0,0.0,0.0,1.0,,,0.101,174.14201660691177,1724.178382246651,1724.178382246651,0.0,53.449529849646176,0.0,,,217.46394010310973,-1.4210854715202004e-13,93.50949424433719,3.0,1143.5428788345102,0.0,-0.0,0.0,116.18395648958624
56,1,57,0.1016,0.0,1143.5428788345175,,,,0,0.0,1,1941.6423223498243,1941.6423223498243,-0.0,310.6627715759719,64.46252510201417,0.0,,,291.25235609390654,1941.6423223498243,1863.9766294558312,77.66569289399308,1941.6423223498243,0.0,1.0,0.0,0.0,0.15600372765475073,98.7068243249649,0.96,659.0843066223829,632.7209343574875,26.36337226489536,1.0,0.0,0.0,0.15638143444572153,96.27276588446631,0.96,641.2790078636864,615.6278475491389,25.651160314547496,1.0,0.0,0.0,0.15638143444571992,96.27276588447565,0.96,641.2790078637552,615.627847549205,25.651160314550225,,,,678.1485061336992,1863.9766294558312,1724.1783822466505,139.79824720918782,1863.976629455838,-6.821210263296962e-12,1.0,0,0,0.39981772078659583,234.84293374702673,0.925,635.0,587.375,47.625,1.0,0,0,0.39189365806640475,224.2205279282309,0.925,618.5365997735763,572.1463547905581,46.39024498301819,1.0,0,0,0.38799666665882016,219.08504445844167,0.925,610.4400296822619,564.6570274560922,45.78300222616963,0.0,0,0,0.08724817754776784,0.0,0.88,0.0,0.0,0.0,1.0,,,0.101,174.1420166069117,1724.1783822466505,1724.1783822466505,0.0,53.44952984964616,0.0,,,217.46394010317408,2.842170943040401e-14,93.50949424436486,3.0,1143.5428788345175,0.0,-0.0,0.0,116.18395648958698
57,1,58,0.1016,0.0,1143.5428788345262,,,,0,0.0,1,1941.642322349881,1941.642322349881,-0.0,310.66277157598097,64.46252510201604,0.0,,,291.2523560939145,1941.642322349881,1863.9766294558858,77.66569289399524,1941.642322349881,0.0,1.0,0.0,0.0,0.15600372765475073,98.70682432496494,0.96,659.0843066223831,632.7209343574877,26.36337226489536,1.0,0.0,0.0,0.15638143444572003,96.27276588447458,0.96,641.2790078637476,615.6278475491977,25.651160314549884,1.0,0.0,0.0,0.15638143444572,96.27276588447499,0.96,641.2790078637504,615.6278475492004,25.651160314549998,,,,678.1485061336998,1863.9766294558858,1724.1783822466512,139.79824720918793,1863.976629455839,4.6838977141305804e-11,1.0,0,0,0.39981772078659583,234.84293374702673,0.925,635.0,587.375,47.625,1.0,0,0,0.3918936580664052,224.22052792823143,0.925,618.5365997735772,572.1463547905589,46.390244983018306,1.0,0,0,0.38799666665882016,219.08504445844167,0.925,610.4400296822619,564.6570274560922,45.78300222616963,0.0,0,0,0.08724817754776784,0.0,0.88,0.0,0.0,0.0,1.0,,,0.101,174.14201660691177,1724.1783822466512,1724.1783822466512,0.0,53.44952984964618,0.0,,,217.46394010323002,8.526512829121202e-14,93.5094942443889,3.0,1143.5428788345262,0.0,-0.0,0.0,116.18395648958786
58,1,59,0.1016,0.0,1143.5428788345619,,,,0,0.0,1,1941.642322349881,1941.642322349881,-0.0,310.66277157598097,64.46252510201604,0.0,,,291.2523560939144,1941.642322349881,1863.9766294558856,77.66569289399536,1941.642322349881,0.0,1.0,0.0,0.0,0.15600372765475065,98.70682432496488,0.96,659.0843066223831,632.7209343574877,26.36337226489536,1.0,0.0,0.0,0.15638143444572006,96.27276588447467,0.96,641.2790078637481,615.6278475491981,25.651160314549998,1.0,0.0,0.0,0.15638143444571992,96.27276588447484,0.96,641.2790078637497,615.6278475491997,25.651160314549998,,,,678.1485061337311,1863.9766294558856,1724.1783822466964,139.79824720919157,1863.976629455888,-2.5011104298755527e-12,1.0,0,0,0.39981772078659583,234.84293374702673,0.925,635.0,587.375,47.625,1.0,0,0,0.39189365806642873,224.2205279282627,0.925,618.5365997736262,572.1463547906043,46.390244983021944,1.0,0,0,0.38799666665882016,219.08504445844167,0.925,610.4400296822619,564.6570274560922,45.78300222616963,0.0,0,0,0.08724817754776784,0.0,0.88,0.0,0.0,0.0,1.0,,,0.101,174.14201660691634,1724.1783822466964,1724.1783822466964,0.0,53.44952984964759,0.0,,,217.46394010318443,5.684341886080802e-14,93.50949424436931,3.0,1143.5428788345619,0.0,-0.0,0.0,116.18395648959148
59,1,60,0.1016,0.0,1143.5428788345266,,,,0,0.0,1,1941.6423223498875,1941.6423223498875,-0.0,310.662771575982,64.46252510201627,0.0,,,291.2523560939152,1941.6423223498875,1863.976629455892,77.66569289399547,1941.6423223498875,0.0,1.0,0.0,0.0,0.15600372765475073,98.70682432496518,0.96,659.0843066223847,632.7209343574893,26.36337226489536,1.0,0.0,0.0,0.15638143444572003,96.27276588447458,0.96,641.2790078637476,615.6278475491977,25.651160314549884,1.0,0.0,0.0,0.15638143444571984,96.2727658844756,0.96,641.2790078637552,615.627847549205,25.651160314550225,,,,678.1485061336997,1863.976629455892,1724.178382246651,139.79824720918793,1863.976629455839,5.297806637827307e-11,1.0,0,0,0.39981772078659583,234.84293374702673,0.925,635.0,587.375,47.625,1.0,0,0,0.3918936580664051,224.22052792823135,0.925,618.5365997735771,572.1463547905588,46.390244983018306,1.0,0,0,0.38799666665882016,219.08504445844167,0.925,610.4400296822619,564.6570274560922,45.78300222616963,0.0,0,0,0.08724817754776784,0.0,0.88,0.0,0.0,0.0,1.0,,,0.101,174.14201660691177,1724.178382246651,1724.178382246651,0.0,53.449529849646176,0.0,,,217.46394010323638,-2.842170943040401e-14,93.50949424439165,3.0,1143.5428788345266,0.0,-0.0,0.0,116.1839564895879
60,1,61,0.1016,0.0,1143.542878834567,,,,0,0.0,1,1941.642322349887,1941.642322349887,-0.0,310.66277157598194,64.46252510201626,0.0,,,291.2523560939152,1941.642322349887,1863.9766294558917,77.66569289399547,1941.642322349887,0.0,1.0,0.0,0.0,0.15600372765475062,98.70682432496508,0.96,659.0843066223845,632.7209343574891,26.36337226489536,1.0,0.0,0.0,0.15638143444572003,96.27276588447458,0.96,641.2790078637476,615.6278475491977,25.651160314549884,1.0,0.0,0.0,0.15638143444571984,96.2727658844756,0.96,641.2790078637552,615.627847549205,25.651160314550225,,,,678.148506133735,1863.9766294558917,1724.1783822467028,139.79824720919214,1863.976629455895,-3.183231456205249e-12,1.0,0,0,0.39981772078659583,234.84293374702673,0.925,635.0,587.375,47.625,1.0,0,0,0.3918936580664051,224.22052792823135,0.925,618.5365997735771,572.1463547905588,46.390244983018306,1.0,0,0,0.38799666665884713,219.08504445847703,0.925,610.4400296823179,564.6570274561441,45.783002226173835,0.0,0,0,0.08724817754776784,0.0,0.88,0.0,0.0,0.0,1.0,,,0.101,174.142016606917,1724.1783822467028,1724.1783822467028,0.0,53.44952984964779,0.0,,,217.46394010318443,-1.4210854715202004e-13,93.50949424436931,3.0,1143.542878834567,0.0,-0.0,0.0,116.183956489592
61,1,62,0.1016,0.0,1143.5428788345257,,,,0,0.0,1,1941.6423223498803,1941.6423223498803,-0.0,310.66277157598086,64.46252510201603,0.0,,,291.2523560939143,1941.6423223498803,1863.9766294558851,77.66569289399536,1941.6423223498803,0.0,1.0,0.0,0.0,0.15600372765475068,98.70682432496503,0.96,659.0843066223839,632.7209343574885,26.36337226489536,1.0,0.0,0.0,0.15638143444572006,96.27276588447467,0.96,641.2790078637481,615.6278475491981,25.651160314549998,1.0,0.0,0.0,0.15638143444572009,96.27276588447472,0.96,641.2790078637483,615.6278475491983,25.651160314549998,,,,678.1485061336997,1863.9766294558851,1724.178382246651,139.79824720918793,1863.976629455839,4.615685611497611e-11,1.0,0,0,0.39981772078659583,234.84293374702673,0.925,635.0,587.375,47.625,1.0,0,0,0.3918936580664051,224.22052792823135,0.925,618.5365997735771,572.1463547905588,46.390244983018306,1.0,0,0,0.38799666665882016,219.08504445844167,0.925,610.4400296822619,564.6570274560922,45.78300222616963,0.0,0,0,0.08724817754776784,0.0,0.88,0.0,0.0,0.0,1.0,,,0.101,174.14201660691177,1724.178382246651,1724.178382246651,0.0,53.449529849646176,0.0,,,217.46394010322945,-2.842170943040401e-14,93.50949424438866,3.0,1143.5428788345257,0.0,-0.0,0.0,116.18395648958781
62,1,63,0.1016,0.0,1143.5428788345666,,,,0,0.0,1,1941.642322349882,1941.642322349882,-0.0,310.66277157598114,64.46252510201609,0.0,,,291.2523560939143,1941.642322349882,1863.9766294558867,77.66569289399536,1941.642322349882,0.0,1.0,0.0,0.0,0.15600372765475065,98.70682432496491,0.96,659.0843066223833,632.720934357488,26.36337226489536,1.0,0.0,0.0,0.1563814344457198,96.27276588447465,0.96,641.279007863749,615.627847549199,25.651160314549998,1.0,0.0,0.0,0.15638143444571992,96.27276588447484,0.96,641.2790078637497,615.6278475491997,25.651160314549998,,,,678.1485061337354,1863.9766294558867,1724.178382246703,139.79824720919203,1863.976629455895,-8.185452315956354e-12,1.0,0,0,0.39981772078659583,234.84293374702673,0.925,635.0,587.375,47.625,1.0,0,0,0.3918936580664326,224.22052792826784,0.925,618.5365997736343,572.1463547906118,46.39024498302251,1.0,0,0,0.3879966666588195,219.08504445844088,0.925,610.4400296822606,564.6570274560911,45.783002226169515,0.0,0,0,0.08724817754776784,0.0,0.88,0.0,0.0,0.0,1.0,,,0.101,174.14201660691703,1724.178382246703,1724.178382246703,0.0,53.449529849647796,0.0,,,217.4639401031792,-5.684341886080802e-14,93.50949424436705,3.0,1143.5428788345666,0.0,-0.0,0.0,116.18395648959196
63,1,64,0.1016,0.0,1143.5428788345253,,,,0,0.0,1,1941.6423223498782,1941.6423223498782,-0.0,310.6627715759805,64.46252510201596,0.0,,,291.25235609391495,1941.6423223498782,1863.976629455883,77.66569289399524,1941.6423223498782,0.0,1.0,0.0,0.0,0.1560037276547507,98.70682432496491,0.96,659.0843066223831,632.7209343574877,26.36337226489536,1.0,0.0,0.0,0.1563814344457202,96.27276588447461,0.96,641.2790078637471,615.6278475491972,25.651160314549884,1.0,0.0,0.0,0.1563814344457216,96.27276588447562,0.96,641.2790078637481,615.6278475491981,25.651160314549998,,,,678.1485061336987,1863.976629455883,1724.1783822466496,139.79824720918782,1863.9766294558374,4.5702108764089644e-11,1.0,0,0,0.39981772078659583,234.84293374702673,0.925,635.0,587.375,47.625,1.0,0,0,0.3918936580664051,224.22052792823135,0.925,618.5365997735771,572.1463547905588,46.390244983018306,1.0,0,0,0.3879966666588194,219.08504445844068,0.925,610.4400296822603,564.6570274560908,45.783002226169515,0.0,0,0,0.08724817754776784,0.0,0.88,0.0,0.0,0.0,1.0,,,0.101,174.14201660691162,1724.1783822466496,1724.1783822466496,0.0,53.44952984964613,0.0,,,217.46394010322877,0.0,93.50949424438836,3.0,1143.5428788345253,0.0,-0.0,0.0,116.18395648958776
64,1,65,0.1016,0.0,1143.5428788345682,,,,0,0.0,1,1941.642322349887,1941.642322349887,-0.0,310.66277157598194,64.46252510201626,0.0,,,291.25235609391507,1941.642322349887,1863.9766294558915,77.66569289399558,1941.642322349887,0.0,1.0,0.0,0.0,0.15600372765475073,98.70682432496494,0.96,659.0843066223831,632.7209343574877,26.36337226489536,1.0,0.0,0.0,0.15638143444572,96.27276588447474,0.96,641.2790078637488,615.6278475491988,25.651160314549998,1.0,0.0,0.0,0.15638143444571984,96.2727658844756,0.96,641.2790078637552,615.627847549205,25.651160314550225,,,,678.1485061337361,1863.9766294558915,1724.1783822467037,139.79824720919214,1863.9766294558958,-4.320099833421409e-12,1.0,0,0,0.39981772078659583,234.84293374702673,0.925,635.0,587.375,47.625,1.0,0,0,0.3918936580664325,224.2205279282677,0.925,618.5365997736341,572.1463547906116,46.39024498302251,1.0,0,0,0.38799666665882016,219.08504445844167,0.925,610.4400296822619,564.6570274560922,45.78300222616963,0.0,0,0,0.08724817754776784,0.0,0.88,0.0,0.0,0.0,1.0,,,0.101,174.14201660691708,1724.1783822467037,1724.1783822467037,0.0,53.44952984964782,0.0,,,217.4639401031834,0.0,93.50949424436887,3.0,1143.5428788345682,0.0,-0.0,0.0,116.18395648959213
65,1,66,0.15246,0.0,885.2659924467741,,,,0,0.0,1,1624.9999999999968,1624.9999999999968,-0.0,259.9999999999995,53.949999999999896,0.0,,,253.01007987974424,1624.9999999999968,1559.9999999999968,64.99999999999989,1624.9999999999968,0.0,1.0,0.0,0.0,0.15600372765474735,98.70682432496214,0.96,659.0843066223787,632.7209343574835,26.363372264895133,1.0,0.0,0.0,0.16640433422042705,77.151627777391,0.96,482.95784668880873,463.63953282125635,19.318313867552376,1.0,0.0,0.0,0.16640433422042694,77.15162777739107,0.96,482.95784668880947,463.6395328212571,19.318313867552376,,,,488.33091256702994,1559.9999999999968,1425.0,135.00000000000023,1560.0000000000005,-3.637978807091713e-12,1.0,0,0,0.3426883596961615,162.77697085567672,0.9134615384615371,520.0000000000008,475.0,45.000000000000796,1.0,0,0,0.3426883596961613,162.7769708556766,0.9134615384615392,519.9999999999995,475.0,44.999999999999545,1.0,0,0,0.3426883596961613,162.7769708556766,0.9134615384615387,519.9999999999999,475.0,44.999999999999886,0.0,0,0,0.08724817754776784,0.0,0.88,0.0,0.0,0.0,1.0,,,0.101,143.925,1425.0,1425.0,0.0,44.175,0.0,,,199.99999999999648,-5.684341886080802e-14,85.99999999999848,3.0,885.2659924467741,0.0,0.0,0.0,134.9676532084352
66,1,67,0.15246,0.0,885.265992446777,,,,0,0.0,1,1624.9999999999993,1624.9999999999993,-0.0,259.9999999999999,53.949999999999974,0.0,,,253.01007987974674,1624.9999999999993,1559.999999999999,65.00000000000006,1624.9999999999993,0.0,1.0,0.0,0.0,0.15600372765475073,98.7068243249649,0.96,659.0843066223829,632.7209343574875,26.36337226489536,1.0,0.0,0.0,0.16640433422042705,77.151627777391,0.96,482.95784668880873,463.63953282125635,19.318313867552376,1.0,0.0,0.0,0.16640433422042716,77.15162777739087,0.96,482.9578466888076,463.6395328212553,19.31831386755232,,,,488.33091256703017,1559.999999999999,1425.0,135.00000000000227,1560.0000000000023,-3.183231456205249e-12,1.0,0,0,0.34268835969616135,162.77697085567664,0.9134615384615384,520.0,475.0,45.0,1.0,0,0,0.34268835969616196,162.77697085567692,0.9134615384615337,520.0000000000027,475.0,45.00000000000273,1.0,0,0,0.3426883596961613,162.7769708556766,0.9134615384615392,519.9999999999995,475.0,44.999999999999545,0.0,0,0,0.08724817754776784,0.0,0.88,0.0,0.0,0.0,1.0,,,0.101,143.925,1425.0,1425.0,0.0,44.175,0.0,,,199.99999999999915,5.684341886080802e-14,85.99999999999963,3.0,885.2659924467769,0.0,0.0,0.0,134.96765320843562
67,1,68,0.15246,0.0,885.2659924467769,,,,0,0.0,1,1624.9999999999966,1624.9999999999966,-0.0,259.99999999999943,53.94999999999989,0.0,,,253.01007987974674,1624.9999999999966,1559.9999999999966,64.99999999999989,1624.9999999999966,0.0,1.0,0.0,0.0,0.15600372765475107,98.70682432496493,0.96,659.0843066223816,632.7209343574864,26.363372264895247,1.0,0.0,0.0,0.1664043342204272,77.15162777739084,0.96,482.95784668880736,463.63953282125505,19.31831386755232,1.0,0.0,0.0,0.16640433422042716,77.15162777739087,0.96,482.9578466888076,463.6395328212553,19.31831386755232,,,,488.33091256703017,1559.9999999999966,1425.0,135.00000000000261,1560.0000000000025,-5.9117155615240335e-12,1.0,0,0,0.34268835969616157,162.77697085567675,0.9134615384615367,520.000000000001,475.0,45.00000000000102,1.0,0,0,0.3426883596961613,162.7769708556766,0.9134615384615392,519.9999999999995,475.0,44.999999999999545,1.0,0,0,0.3426883596961618,162.77697085567686,0.9134615384615348,520.000000000002,475.0,45.000000000002046,0.0,0,0,0.08724817754776784,0.0,0.88,0.0,0.0,0.0,1.0,,,0.101,143.925,1425.0,1425.0,0.0,44.175,0.0,,,199.9999999999966,-5.684341886080802e-14,85.99999999999854,3.0,885.2659924467769,0.0,0.0,0.0,134.96765320843562
68,1,69,0.15246,0.0,885.2659924467766,,,,0,0.0,1,1624.9999999999973,1624.9999999999973,-0.0,259.99999999999955,53.94999999999991,0.0,,,253.0100798797465,1624.9999999999973,1559.9999999999973,65.0,1624.9999999999973,0.0,1.0,0.0,0.0,0.15600372765475073,98.7068243249649,0.96,659.0843066223829,632.7209343574875,26.36337226489536,1.0,0.0,0.0,0.16640433422042705,77.15162777739096,0.96,482.9578466888085,463.6395328212561,19.318313867552376,1.0,0.0,0.0,0.1664043342204272,77.15162777739062,0.96,482.95784668880594,463.6395328212537,19.318313867552263,,,,488.33091256703017,1559.9999999999973,1425.0,135.00000000000261,1560.0000000000027,-5.4569682106375694e-12,1.0,0,0,0.34268835969616135,162.77697085567664,0.9134615384615384,520.0,475.0,45.0,1.0,0,0,0.3426883596961613,162.7769708556766,0.9134615384615387,519.9999999999999,475.0,44.999999999999886,1.0,0,0,0.34268835969616196,162.77697085567692,0.9134615384615337,520.0000000000027,475.0,45.00000000000273,0.0,0,0,0.08724817754776784,0.0,0.88,0.0,0.0,0.0,1.0,,,0.101,143.925,1425.0,1425.0,0.0,44.175,0.0,,,199.99999999999716,-5.684341886080802e-14,85.99999999999878,3.0,885.2659924467766,0.0,0.0,0.0,134.96765320843556
69,1,70,0.15246,0.0,885.2659924467762,,,,0,0.0,1,1624.9999999999984,1624.9999999999984,-0.0,259.9999999999998,53.949999999999946,0.0,,,253.0100798797465,1624.9999999999984,1559.9999999999984,65.0,1624.9999999999984,0.0,1.0,0.0,0.0,0.15600372765475073,98.70682432496463,0.96,659.0843066223811,632.7209343574858,26.363372264895247,1.0,0.0,0.0,0.16640433422042705,77.15162777739096,0.96,482.9578466888085,463.6395328212561,19.318313867552376,1.0,0.0,0.0,0.16640433422042694,77.15162777739096,0.96,482.9578466888088,463.6395328212564,19.318313867552376,,,,488.3309125670297,1559.9999999999984,1425.0,134.99999999999795,1559.9999999999977,6.821210263296962e-13,1.0,0,0,0.3426883596961613,162.7769708556766,0.9134615384615392,519.9999999999995,475.0,44.999999999999545,1.0,0,0,0.3426883596961613,162.7769708556766,0.913461538461539,519.9999999999997,475.0,44.99999999999966,1.0,0,0,0.34268835969616107,162.7769708556765,0.9134615384615407,519.9999999999987,475.0,44.99999999999875,0.0,0,0,0.08724817754776784,0.0,0.88,0.0,0.0,0.0,1.0,,,0.101,143.925,1425.0,1425.0,0.0,44.175,0.0,,,199.99999999999864,-5.684341886080802e-14,85.99999999999942,3.0,885.2659924467762,0.0,0.0,0.0,134.9676532084355
70,1,71,0.1016,0.0,1144.0368540950853,,,,0,0.0,1,1942.225170655628,1942.225170655628,-0.0,310.7560273049005,64.48187566576685,0.0,,,291.3495858677537,1942.225170655628,1864.536163829403,77.68900682622518,1942.225170655628,0.0,1.0,0.0,0.0,0.15600372765475085,98.70682432496463,0.96,659.0843066223806,632.7209343574854,26.363372264895247,1.0,0.0,0.0,0.15617055264728516,97.49950528155046,0.96,650.3273693195018,624.3142745467218,26.01309477278005,1.0,0.0,0.0,0.15661416741798231,95.14325626123873,0.96,632.8134947137456,607.5009549251957,25.312539788549884,,,,678.4929771215698,1864.536163829403,1724.6959515421975,139.8402122872052,1864.5361638294028,2.2737367544323206e-13,1.0,0,0,0.39981772078659583,234.84293374702673,0.925,635.0,587.375,47.625,1.0,0,0,0.39111179314010747,223.18549986444006,0.925,616.9121609397146,570.643748869236,46.268412070478576,1.0,0,0,0.3890478432345489,220.46454351010306,0.925,612.6240028896882,566.6772026729616,45.946800216726615,0.0,0,0,0.08724817754776784,0.0,0.88,0.0,0.0,0.0,1.0,,,0.101,174.19429110576195,1724.6959515421975,1724.6959515421975,0.0,53.46557449780812,0.0,,,217.5292191134306,-8.526512829121202e-14,93.53756421877516,3.0,1144.0368540950853,0.0,-0.0,0.0,116.23414437606067
71,1,72,0.1016,0.0,1144.0368541271055,,,,0,0.0,1,1942.225170693926,1942.225170693926,-0.0,310.75602731102816,64.48187566703834,0.0,,,291.34958587307847,1942.225170693926,1864.5361638661693,77.68900682775711,1942.225170693926,0.0,1.0,0.0,0.0,0.15600372765410137,98.70682433028936,0.96,659.0843066606787,632.7209343942516,26.363372266427177,1.0,0.0,0.0,0.15617055264728516,97.49950528155046,0.96,650.3273693195018,624.3142745467218,26.01309477278005,1.0,0.0,0.0,0.15661416741798231,95.14325626123873,0.96,632.8134947137456,607.5009549251957,25.312539788549884,,,,678.4929771448301,1864.5361638661693,1724.6959515762082,139.84021228996278,1864.5361638661711,-1.8189894035458565e-12,1.0,0,0,0.39981772078659583,234.84293374702673,0.925,635.0,587.375,47.625,1.0,0,0,0.3911117931401047,223.1854998644364,0.925,616.9121609397088,570.6437488692306,46.26841207047812,1.0,0,0,0.3890478432522487,220.464543533367,0.925,612.6240029264623,566.6772027069776,45.94680021948466,0.0,0,0,0.08724817754776784,0.0,0.88,0.0,0.0,0.0,1.0,,,0.101,174.19429110919705,1724.6959515762082,1724.6959515762082,0.0,53.46557449886245,0.0,,,217.52921911771807,-1.4210854715202004e-13,93.53756422061876,3.0,1144.0368541271055,0.0,-0.0,0.0,116.23414437931392
72,1,73,0.1016,0.0,1144.0368541271055,,,,0,0.0,1,1942.225170693926,1942.225170693926,-0.0,310.75602731102816,64.48187566703834,0.0,,,291.34958587307847,1942.225170693926,1864.5361638661693,77.68900682775711,1942.225170693926,0.0,1.0,0.0,0.0,0.15600372765410137,98.70682433028936,0.96,659.0843066606787,632.7209343942516,26.363372266427177,1.0,0.0,0.0,0.15617055264728516,97.49950528155046,0.96,650.3273693195018,624.3142745467218,26.01309477278005,1.0,0.0,0.0,0.15661416741798231,95.14325626123873,0.96,632.8134947137456,607.5009549251957,25.312539788549884,,,,678.4929771448301,1864.5361638661693,1724.6959515762082,139.84021228996278,1864.5361638661711,-1.8189894035458565e-12,1.0,0,0,0.39981772078659583,234.84293374702673,0.925,635.0,587.375,47.625,1.0,0,0,0.3911117931401047,223.1854998644364,0.925,616.9121609397088,570.6437488692306,46.26841207047812,1.0,0,0,0.3890478432522487,220.464543533367,0.925,612.6240029264623,566.6772027069776,45.94680021948466,0.0,0,0,0.08724817754776784,0.0,0.88,0.0,0.0,0.0,1.0,,,0.101,174.19429110919705,1724.6959515762082,1724.6959515762082,0.0,53.46557449886245,0.0,,,217.52921911771807,-1.4210854715202004e-13,93.53756422061876,3.0,1144.0368541271055,0.0,-0.0,0.0,116.23414437931392
73,1,74,0.1016,0.0,1144.0368541271052,,,,0,0.0,1,1942.225170693925,1942.225170693925,-0.0,310.756027311028,64.48187566703831,0.0,,,291.3495858730781,1942.225170693925,1864.536163866168,77.68900682775711,1942.225170693925,0.0,1.0,0.0,0.0,0.15600372765410142,98.7068243302892,0.96,659.0843066606775,632.7209343942503,26.363372266427177,1.0,0.0,0.0,0.15617055264728516,97.49950528155046,0.96,650.3273693195018,624.3142745467218,26.01309477278005,1.0,0.0,0.0,0.15661416741798231,95.14325626123873,0.96,632.8134947137456,607.5009549251957,25.312539788549884,,,,678.4929771448301,1864.536163866168,1724.6959515762082,139.84021228996278,1864.5361638661711,-3.183231456205249e-12,1.0,0,0,0.39981772078659583,234.84293374702673,0.925,635.0,587.375,47.625,1.0,0,0,0.3911117931401047,223.1854998644364,0.925,616.9121609397088,570.6437488692306,46.26841207047812,1.0,0,0,0.3890478432522487,220.464543533367,0.925,612.6240029264623,566.6772027069776,45.94680021948466,0.0,0,0,0.08724817754776784,0.0,0.88,0.0,0.0,0.0,1.0,,,0.101,174.19429110919705,1724.6959515762082,1724.6959515762082,0.0,53.46557449886245,0.0,,,217.5292191177167,-2.842170943040401e-14,93.53756422061818,3.0,1144.0368541271052,0.0,-0.0,0.0,116.23414437931389
74,1,75,0.1016,0.0,1144.0368541271052,,,,0,0.0,1,1942.2251706939242,1942.2251706939242,-0.0,310.7560273110279,64.48187566703828,0.0,,,291.3495858730781,1942.2251706939242,1864.536163866167,77.68900682775711,1942.2251706939242,0.0,1.0,0.0,0.0,0.15600372765410142,98.70682433028902,0.96,659.0843066606762,632.7209343942492,26.363372266427064,1.0,0.0,0.0,0.15617055264728516,97.49950528155051,0.96,650.3273693195023,624.3142745467221,26.013094772780164,1.0,0.0,0.0,0.15661416741798231,95.14325626123873,0.96,632.8134947137456,607.5009549251957,25.312539788549884,,,,678.4929771448301,1864.536163866167,1724.6959515762082,139.84021228996278,1864.5361638661711,-4.092726157978177e-12,1.0,0,0,0.39981772078659583,234.84293374702673,0.925,635.0,587.375,47.625,1.0,0,0,0.3911117931401047,223.1854998644364,0.925,616.9121609397088,570.6437488692306,46.26841207047812,1.0,0,0,0.3890478432522487,220.464543533367,0.925,612.6240029264623,566.6772027069776,45.94680021948466,0.0,0,0,0.08724817754776784,0.0,0.88,0.0,0.0,0.0,1.0,,,0.101,174.19429110919705,1724.6959515762082,1724.6959515762082,0.0,53.46557449886245,0.0,,,217.5292191177158,-2.842170943040401e-14,93.5375642206178,3.0,1144.0368541271052,0.0,-0.0,0.0,116.23414437931389
75,1,76,0.1016,0.0,1144.0368541271052,,,,0,0.0,1,1942.2251706939242,1942.2251706939242,-0.0,310.7560273110279,64.48187566703828,0.0,,,291.3495858730781,1942.2251706939242,1864.536163866167,77.68900682775711,1942.2251706939242,0.0,1.0,0.0,0.0,0.15600372765410142,98.70682433028902,0.96,659.0843066606762,632.7209343942492,26.363372266427064,1.0,0.0,0.0,0.15617055264728516,97.49950528155051,0.96,650.3273693195023,624.3142745467221,26.013094772780164,1.0,0.0,0.0,0.15661416741798231,95.14325626123873,0.96,632.8134947137456,607.5009549251957,25.312539788549884,,,,678.4929771448301,1864.536163866167,1724.6959515762082,139.84021228996278,1864.5361638661711,-4.092726157978177e-12,1.0,0,0,0.39981772078659583,234.84293374702673,0.925,635.0,587.375,47.625,1.0,0,0,0.3911117931401047,223.1854998644364,0.925,616.9121609397088,570.6437488692306,46.26841207047812,1.0,0,0,0.3890478432522487,220.464543533367,0.925,612.6240029264623,566.6772027069776,45.94680021948466,0.0,0,0,0.08724817754776784,0.0,0.88,0.0,0.0,0.0,1.0,,,0.101,174.19429110919705,1724.6959515762082,1724.6959515762082,0.0,53.46557449886245,0.0,,,217.5292191177158,-2.842170943040401e-14,93.5375642206178,3.0,1144.0368541271052,0.0,-0.0,0.0,116.23414437931389
76,1,77,0.1016,0.0,1144.036854127105,,,,0,0.0,1,1942.2251706939242,1942.2251706939242,-0.0,310.7560273110279,64.48187566703828,0.0,,,291.349585873078,1942.2251706939242,1864.536163866167,77.68900682775711,1942.2251706939242,0.0,1.0,0.0,0.0,0.15600372765410142,98.70682433028902,0.96,659.0843066606762,632.7209343942492,26.363372266427064,1.0,0.0,0.0,0.15617055264728516,97.49950528155051,0.96,650.3273693195023,624.3142745467221,26.013094772780164,1.0,0.0,0.0,0.15661416741798231,95.14325626123873,0.96,632.8134947137456,607.5009549251957,25.312539788549884,,,,678.4929771448299,1864.536163866167,1724.6959515762078,139.84021228996278,1864.5361638661707,-3.637978807091713e-12,1.0,0,0,0.39981772078659583,234.84293374702673,0.925,635.0,587.375,47.625,1.0,0,0,0.3911117931401047,223.1854998644364,0.925,616.9121609397088,570.6437488692306,46.26841207047812,1.0,0,0,0.3890478432522485,220.46454353336674,0.925,612.6240029264619,566.6772027069773,45.94680021948466,0.0,0,0,0.08724817754776784,0.0,0.88,0.0,0.0,0.0,1.0,,,0.101,174.194291109197,1724.6959515762078,1724.6959515762078,0.0,53.46557449886244,0.0,,,217.52921911771625,1.4210854715202004e-13,93.53756422061798,3.0,1144.036854127105,0.0,-0.0,0.0,116.23414437931386
77,1,78,0.1016,0.0,1144.0368541271055,,,,0,0.0,1,1942.225170693925,1942.225170693925,-0.0,310.756027311028,64.48187566703831,0.0,,,291.34958587307824,1942.225170693925,1864.5361638661677,77.68900682775711,1942.225170693925,0.0,1.0,0.0,0.0,0.15600372765410142,98.70682433028902,0.96,659.0843066606762,632.7209343942492,26.363372266427064,1.0,0.0,0.0,0.15617055264728516,97.49950528155051,0.96,650.3273693195023,624.3142745467221,26.013094772780164,1.0,0.0,0.0,0.15661416741798226,95.14325626123882,0.96,632.8134947137464,607.5009549251965,25.312539788549884,,,,678.4929771448301,1864.5361638661677,1724.6959515762082,139.84021228996278,1864.5361638661711,-3.410605131648481e-12,1.0,0,0,0.39981772078659583,234.84293374702673,0.925,635.0,587.375,47.625,1.0,0,0,0.3911117931401047,223.1854998644364,0.925,616.9121609397088,570.6437488692306,46.26841207047812,1.0,0,0,0.3890478432522487,220.464543533367,0.925,612.6240029264623,566.6772027069776,45.94680021948466,0.0,0,0,0.08724817754776784,0.0,0.88,0.0,0.0,0.0,1.0,,,0.101,174.19429110919705,1724.6959515762082,1724.6959515762082,0.0,53.46557449886245,0.0,,,217.52921911771648,8.526512829121202e-14,93.53756422061808,3.0,1144.0368541271055,0.0,-0.0,0.0,116.23414437931392
78,1,79,0.1016,0.0,1144.0368541271052,,,,0,0.0,1,1942.225170693925,1942.225170693925,-0.0,310.756027311028,64.48187566703831,0.0,,,291.34958587307824,1942.225170693925,1864.5361638661677,77.68900682775711,1942.225170693925,0.0,1.0,0.0,0.0,0.15600372765410142,98.70682433028902,0.96,659.0843066606762,632.7209343942492,26.363372266427064,1.0,0.0,0.0,0.15617055264728516,97.49950528155051,0.96,650.3273693195023,624.3142745467221,26.013094772780164,1.0,0.0,0.0,0.15661416741798226,95.14325626123882,0.96,632.8134947137464,607.5009549251965,25.312539788549884,,,,678.49297714483,1864.5361638661677,1724.695951576208,139.84021228996278,1864.5361638661707,-2.9558577807620168e-12,1.0,0,0,0.39981772078659583,234.84293374702673,0.925,635.0,587.375,47.625,1.0,0,0,0.3911117931401046,223.18549986443622,0.925,616.9121609397085,570.6437488692304,46.26841207047812,1.0,0,0,0.3890478432522487,220.464543533367,0.925,612.6240029264623,566.6772027069776,45.94680021948466,0.0,0,0,0.08724817754776784,0.0,0.88,0.0,0.0,0.0,1.0,,,0.101,174.19429110919702,1724.695951576208,1724.695951576208,0.0,53.465574498862445,0.0,,,217.52921911771693,0.0,93.53756422061828,3.0,1144.0368541271052,0.0,-0.0,0.0,116.23414437931389
79,1,80,0.1016,0.0,1144.036854127105,,,,0,0.0,1,1942.225170693925,1942.225170693925,-0.0,310.756027311028,64.48187566703831,0.0,,,291.34958587307835,1942.225170693925,1864.5361638661677,77.68900682775711,1942.225170693925,0.0,1.0,0.0,0.0,0.15600372765410142,98.70682433028902,0.96,659.0843066606762,632.7209343942492,26.363372266427064,1.0,0.0,0.0,0.15617055264728516,97.49950528155051,0.96,650.3273693195023,624.3142745467221,26.013094772780164,1.0,0.0,0.0,0.15661416741798226,95.14325626123882,0.96,632.8134947137464,607.5009549251965,25.312539788549884,,,,678.4929771448296,1864.5361638661677,1724.6959515762076,139.84021228996278,1864.5361638661702,-2.5011104298755527e-12,1.0,0,0,0.39981772078659583,234.84293374702673,0.925,635.0,587.375,47.625,1.0,0,0,0.39111179314010436,223.18549986443588,0.925,616.912160939708,570.6437488692299,46.26841207047812,1.0,0,0,0.3890478432522487,220.464543533367,0.925,612.6240029264623,566.6772027069776,45.94680021948466,0.0,0,0,0.08724817754776784,0.0,0.88,0.0,0.0,0.0,1.0,,,0.101,174.19429110919697,1724.6959515762076,1724.6959515762076,0.0,53.46557449886243,0.0,,,217.5292191177174,5.684341886080802e-14,93.53756422061848,3.0,1144.036854127105,0.0,-0.0,0.0,116.23414437931386
80,1,81,0.1016,0.0,1144.0368541271046,,,,0,0.0,1,1942.2251706939235,1942.2251706939235,-0.0,310.75602731102776,64.48187566703827,0.0,,,291.349585873078,1942.2251706939235,1864.5361638661664,77.689006827757,1942.2251706939235,0.0,1.0,0.0,0.0,0.15600372765410142,98.70682433028902,0.96,659.0843066606762,632.7209343942492,26.363372266427064,1.0,0.0,0.0,0.15617055264728522,97.49950528155033,0.96,650.3273693195008,624.3142745467208,26.01309477278005,1.0,0.0,0.0,0.15661416741798226,95.14325626123882,0.96,632.8134947137464,607.5009549251965,25.312539788549884,,,,678.4929771448295,1864.5361638661664,1724.6959515762073,139.84021228996266,1864.53616386617,-3.637978807091713e-12,1.0,0,0,0.39981772078659583,234.84293374702673,0.925,635.0,587.375,47.625,1.0,0,0,0.39111179314010425,223.18549986443577,0.925,616.9121609397077,570.6437488692297,46.26841207047801,1.0,0,0,0.3890478432522487,220.464543533367,0.925,612.6240029264623,566.6772027069776,45.94680021948466,0.0,0,0,0.08724817754776784,0.0,0.88,0.0,0.0,0.0,1.0,,,0.101,174.19429110919694,1724.6959515762073,1724.6959515762073,0.0,53.46557449886242,0.0,,,217.52921911771602,8.526512829121202e-14,93.5375642206179,3.0,1144.0368541271046,0.0,-0.0,0.0,116.23414437931382
81,1,82,0.1016,0.0,1144.036854127105,,,,0,0.0,1,1942.2251706939235,1942.2251706939235,-0.0,310.75602731102776,64.48187566703827,0.0,,,291.349585873078,1942.2251706939235,1864.5361638661664,77.689006827757,1942.2251706939235,0.0,1.0,0.0,0.0,0.15600372765410142,98.70682433028902,0.96,659.0843066606762,632.7209343942492,26.363372266427064,1.0,0.0,0.0,0.15617055264728522,97.49950528155033,0.96,650.3273693195008,624.3142745467208,26.01309477278005,1.0,0.0,0.0,0.15661416741798226,95.14325626123882,0.96,632.8134947137464,607.5009549251965,25.312539788549884,,,,678.4929771448299,1864.5361638661664,1724.6959515762078,139.84021228996278,1864.5361638661707,-4.320099833421409e-12,1.0,0,0,0.39981772078659583,234.84293374702673,0.925,635.0,587.375,47.625,1.0,0,0,0.3911117931401047,223.1854998644364,0.925,616.9121609397088,570.6437488692306,46.26841207047812,1.0,0,0,0.3890478432522485,220.46454353336674,0.925,612.6240029264619,566.6772027069773,45.94680021948466,0.0,0,0,0.08724817754776784,0.0,0.88,0.0,0.0,0.0,1.0,,,0.101,174.194291109197,1724.6959515762078,1724.6959515762078,0.0,53.46557449886244,0.0,,,217.52921911771546,1.4210854715202004e-13,93.53756422061764,3.0,1144.036854127105,0.0,-0.0,0.0,116.23414437931386
82,1,83,0.1016,0.0,1144.0368541271052,,,,0,0.0,1,1942.2251706939235,1942.2251706939235,-0.0,310.75602731102776,64.48187566703827,0.0,,,291.3495858730781,1942.2251706939235,1864.5361638661664,77.689006827757,1942.2251706939235,0.0,1.0,0.0,0.0,0.15600372765410142,98.70682433028902,0.96,659.0843066606762,632.7209343942492,26.363372266427064,1.0,0.0,0.0,0.15617055264728522,97.49950528155033,0.96,650.3273693195008,624.3142745467208,26.01309477278005,1.0,0.0,0.0,0.15661416741798226,95.14325626123882,0.96,632.8134947137464,607.5009549251965,25.312539788549884,,,,678.4929771448301,1864.5361638661664,1724.6959515762082,139.84021228996278,1864.5361638661711,-4.774847184307873e-12,1.0,0,0,0.39981772078659583,234.84293374702673,0.925,635.0,587.375,47.625,1.0,0,0,0.3911117931401047,223.1854998644364,0.925,616.9121609397088,570.6437488692306,46.26841207047812,1.0,0,0,0.3890478432522487,220.464543533367,0.925,612.6240029264623,566.6772027069776,45.94680021948466,0.0,0,0,0.08724817754776784,0.0,0.88,0.0,0.0,0.0,1.0,,,0.101,174.19429110919705,1724.6959515762082,1724.6959515762082,0.0,53.46557449886245,0.0,,,217.529219117715,-2.842170943040401e-14,93.53756422061745,3.0,1144.0368541271052,0.0,-0.0,0.0,116.23414437931389
83,1,84,0.1016,0.0,1144.0368541271043,,,,0,0.0,1,1942.2251706939235,1942.2251706939235,-0.0,310.75602731102776,64.48187566703827,0.0,,,291.349585873078,1942.2251706939235,1864.5361638661664,77.689006827757,1942.2251706939235,0.0,1.0,0.0,0.0,0.15600372765410142,98.70682433028902,0.96,659.0843066606762,632.7209343942492,26.363372266427064,1.0,0.0,0.0,0.15617055264728522,97.49950528155033,0.96,650.3273693195008,624.3142745467208,26.01309477278005,1.0,0.0,0.0,0.15661416741798226,95.14325626123882,0.96,632.8134947137464,607.5009549251965,25.312539788549884,,,,678.4929771448294,1864.5361638661664,1724.6959515762073,139.84021228996266,1864.5361638661702,-3.865352482534945e-12,1.0,0,0,0.39981772078659583,234.84293374702673,0.925,635.0,587.375,47.625,1.0,0,0,0.3911117931401047,223.1854998644364,0.925,616.9121609397088,570.6437488692306,46.26841207047812,1.0,0,0,0.38904784325224817,220.46454353336634,0.925,612.6240029264612,566.6772027069767,45.946800219484544,0.0,0,0,0.08724817754776784,0.0,0.88,0.0,0.0,0.0,1.0,,,0.101,174.19429110919694,1724.6959515762073,1724.6959515762073,0.0,53.46557449886242,0.0,,,217.5292191177158,-2.842170943040401e-14,93.5375642206178,3.0,1144.0368541271043,0.0,-0.0,0.0,116.23414437931379
84,1,85,0.1016,0.0,1144.0368541271055,,,,0,0.0,1,1942.2251706939235,1942.2251706939235,-0.0,310.75602731102776,64.48187566703827,0.0,,,291.34958587307824,1942.2251706939235,1864.5361638661664,77.689006827757,1942.2251706939235,0.0,1.0,0.0,0.0,0.15600372765410142,98.70682433028902,0.96,659.0843066606762,632.7209343942492,26.363372266427064,1.0,0.0,0.0,0.15617055264728522,97.49950528155033,0.96,650.3273693195008,624.3142745467208,26.01309477278005,1.0,0.0,0.0,0.15661416741798226,95.14325626123882,0.96,632.8134947137464,607.5009549251965,25.312539788549884,,,,678.4929771448301,1864.5361638661664,1724.6959515762082,139.84021228996278,1864.5361638661711,-4.774847184307873e-12,1.0,0,0,0.39981772078659583,234.84293374702673,0.925,635.0,587.375,47.625,1.0,0,0,0.3911117931401047,223.1854998644364,0.925,616.9121609397088,570.6437488692306,46.26841207047812,1.0,0,0,0.3890478432522487,220.464543533367,0.925,612.6240029264623,566.6772027069776,45.94680021948466,0.0,0,0,0.08724817754776784,0.0,0.88,0.0,0.0,0.0,1.0,,,0.101,174.19429110919705,1724.6959515762082,1724.6959515762082,0.0,53.46557449886245,0.0,,,217.529219117715,8.526512829121202e-14,93.53756422061745,3.0,1144.0368541271055,0.0,-0.0,0.0,116.23414437931392
85,1,86,0.1016,0.0,1144.0368541271046,,,,0,0.0,1,1942.2251706939235,1942.2251706939235,-0.0,310.75602731102776,64.48187566703827,0.0,,,291.3495858730781,1942.2251706939235,1864.5361638661664,77.689006827757,1942.2251706939235,0.0,1.0,0.0,0.0,0.15600372765410142,98.70682433028902,0.96,659.0843066606762,632.7209343942492,26.363372266427064,1.0,0.0,0.0,0.15617055264728522,97.49950528155033,0.96,650.3273693195008,624.3142745467208,26.01309477278005,1.0,0.0,0.0,0.15661416741798226,95.14325626123882,0.96,632.8134947137464,607.5009549251965,25.312539788549884,,,,678.4929771448294,1864.5361638661664,1724.6959515762073,139.84021228996266,1864.53616386617,-3.637978807091713e-12,1.0,0,0,0.39981772078659583,234.84293374702673,0.925,635.0,587.375,47.625,1.0,0,0,0.3911117931401047,223.1854998644364,0.925,616.9121609397088,570.6437488692306,46.26841207047812,1.0,0,0,0.38904784325224817,220.46454353336628,0.925,612.6240029264611,566.6772027069766,45.946800219484544,0.0,0,0,0.08724817754776784,0.0,0.88,0.0,0.0,0.0,1.0,,,0.101,174.19429110919694,1724.6959515762073,1724.6959515762073,0.0,53.46557449886242,0.0,,,217.52921911771602,8.526512829121202e-14,93.5375642206179,3.0,1144.0368541271046,0.0,-0.0,0.0,116.23414437931382
86,1,87,0.1016,0.0,1144.0368541271055,,,,0,0.0,1,1942.2251706939235,1942.2251706939235,-0.0,310.75602731102776,64.48187566703827,0.0,,,291.34958587307824,1942.2251706939235,1864.5361638661664,77.689006827757,1942.2251706939235,0.0,1.0,0.0,0.0,0.15600372765410142,98.70682433028902,0.96,659.0843066606762,632.7209343942492,26.363372266427064,1.0,0.0,0.0,0.15617055264728522,97.49950528155033,0.96,650.3273693195008,624.3142745467208,26.01309477278005,1.0,0.0,0.0,0.15661416741798226,95.14325626123882,0.96,632.8134947137464,607.5009549251965,25.312539788549884,,,,678.4929771448301,1864.5361638661664,1724.6959515762082,139.84021228996278,1864.5361638661711,-4.774847184307873e-12,1.0,0,0,0.39981772078659583,234.84293374702673,0.925,635.0,587.375,47.625,1.0,0,0,0.3911117931401047,223.1854998644364,0.925,616.9121609397088,570.6437488692306,46.26841207047812,1.0,0,0,0.3890478432522487,220.464543533367,0.925,612.6240029264623,566.6772027069776,45.94680021948466,0.0,0,0,0.08724817754776784,0.0,0.88,0.0,0.0,0.0,1.0,,,0.101,174.19429110919705,1724.6959515762082,1724.6959515762082,0.0,53.46557449886245,0.0,,,217.529219117715,8.526512829121202e-14,93.53756422061745,3.0,1144.0368541271055,0.0,-0.0,0.0,116.23414437931392
87,1,88,0.1016,0.0,1144.0368541271055,,,,0,0.0,1,1942.2251706939235,1942.2251706939235,-0.0,310.75602731102776,64.48187566703827,0.0,,,291.34958587307824,1942.2251706939235,1864.5361638661664,77.689006827757,1942.2251706939235,0.0,1.0,0.0,0.0,0.15600372765410142,98.70682433028902,0.96,659.0843066606762,632.7209343942492,26.363372266427064,1.0,0.0,0.0,0.15617055264728522,97.49950528155033,0.96,650.3273693195008,624.3142745467208,26.01309477278005,1.0,0.0,0.0,0.15661416741798226,95.14325626123882,0.96,632.8134947137464,607.5009549251965,25.312539788549884,,,,678.4929771448301,1864.5361638661664,1724.6959515762082,139.84021228996278,1864.5361638661711,-4.774847184307873e-12,1.0,0,0,0.39981772078659583,234.84293374702673,0.925,635.0,587.375,47.625,1.0,0,0,0.3911117931401047,223.1854998644364,0.925,616.9121609397088,570.6437488692306,46.26841207047812,1.0,0,0,0.3890478432522487,220.464543533367,0.925,612.6240029264623,566.6772027069776,45.94680021948466,0.0,0,0,0.08724817754776784,0.0,0.88,0.0,0.0,0.0,1.0,,,0.101,174.19429110919705,1724.6959515762082,1724.6959515762082,0.0,53.46557449886245,0.0,,,217.529219117715,8.526512829121202e-14,93.53756422061745,3.0,1144.0368541271055,0.0,-0.0,0.0,116.23414437931392
88,1,89,0.1016,0.0,1144.036854127106,,,,0,0.0,1,1942.2251706939235,1942.2251706939235,-0.0,310.75602731102776,64.48187566703827,0.0,,,291.3495858730781,1942.2251706939235,1864.5361638661664,77.689006827757,1942.2251706939235,0.0,1.0,0.0,0.0,0.15600372765410142,98.70682433028902,0.96,659.0843066606762,632.7209343942492,26.363372266427064,1.0,0.0,0.0,0.15617055264728522,97.49950528155033,0.96,650.3273693195008,624.3142745467208,26.01309477278005,1.0,0.0,0.0,0.15661416741798226,95.14325626123882,0.96,632.8134947137464,607.5009549251965,25.312539788549884,,,,678.4929771448308,1864.5361638661664,1724.6959515762092,139.8402122899629,1864.5361638661723,-5.9117155615240335e-12,1.0,0,0,0.39981772078659583,234.84293374702673,0.925,635.0,587.375,47.625,1.0,0,0,0.3911117931401047,223.1854998644364,0.925,616.9121609397088,570.6437488692306,46.26841207047812,1.0,0,0,0.3890478432522493,220.4645435333677,0.925,612.6240029264634,566.6772027069786,45.94680021948477,0.0,0,0,0.08724817754776784,0.0,0.88,0.0,0.0,0.0,1.0,,,0.101,174.19429110919714,1724.6959515762092,1724.6959515762092,0.0,53.46557449886248,0.0,,,217.52921911771398,-1.1368683772161603e-13,93.53756422061701,3.0,1144.036854127106,0.0,-0.0,0.0,116.23414437931396
89,1,90,0.15246,0.0,883.8682042336967,,,,0,0.0,1,1625.0,1625.0,-0.0,260.0,53.95,0.0,,,251.6122916666668,1625.0,1560.0,64.99999999999989,1625.0,0.0,1.0,0.0,0.0,0.16128993055555593,83.87076388888909,0.96,541.6666666666666,520.0,21.66666666666663,1.0,0.0,0.0,0.16128993055555554,83.87076388888889,0.96,541.6666666666666,520.0,21.66666666666663,1.0,0.0,0.0,0.16128993055555543,83.87076388888883,0.96,541.6666666666666,520.0,21.66666666666663,,,,488.3309125670298,1560.0,1425.0,134.9999999999992,1559.999999999999,9.094947017729282e-13,1.0,0,0,0.3426883596961613,162.7769708556766,0.9134615384615387,519.9999999999999,475.0,44.999999999999886,1.0,0,0,0.3426883596961613,162.7769708556766,0.913461538461539,519.9999999999997,475.0,44.99999999999966,1.0,0,0,0.3426883596961613,162.7769708556766,0.913461538461539,519.9999999999997,475.0,44.99999999999966,0.0,0,0,0.08724817754776784,0.0,0.88,0.0,0.0,0.0,1.0,,,0.101,143.925,1425.0,1425.0,0.0,44.175,0.0,,,200.0,5.684341886080802e-14,86.0,3.0,883.8682042336966,0.0,0.0,0.0,134.7545464174694
90,1,91,0.15246,0.0,883.8682042336966,,,,0,0.0,1,1625.0,1625.0,-0.0,260.0,53.95,0.0,,,251.61229166666692,1625.0,1560.0,64.99999999999989,1625.0,0.0,1.0,0.0,0.0,0.16128993055555593,83.87076388888909,0.96,541.6666666666666,520.0,21.66666666666663,1.0,0.0,0.0,0.16128993055555554,83.87076388888889,0.96,541.6666666666666,520.0,21.66666666666663,1.0,0.0,0.0,0.16128993055555543,83.87076388888883,0.96,541.6666666666666,520.0,21.66666666666663,,,,488.3309125670297,1560.0,1425.0,134.99999999999807,1559.9999999999982,1.8189894035458565e-12,1.0,0,0,0.3426883596961613,162.7769708556766,0.913461538461539,519.9999999999997,475.0,44.99999999999966,1.0,0,0,0.34268835969616107,162.7769708556765,0.9134615384615407,519.9999999999987,475.0,44.99999999999875,1.0,0,0,0.3426883596961613,162.7769708556766,0.913461538461539,519.9999999999997,475.0,44.99999999999966,0.0,0,0,0.08724817754776784,0.0,0.88,0.0,0.0,0.0,1.0,,,0.101,143.925,1425.0,1425.0,0.0,44.175,0.0,,,199.99999999999977,-5.684341886080802e-14,85.9999999999999,3.0,883.8682042336966,0.0,0.0,0.0,134.75454641746938
91,1,92,0.15246,0.0,883.8682042336967,,,,0,0.0,1,1625.0,1625.0,-0.0,260.0,53.95,0.0,,,251.6122916666668,1625.0,1560.0,64.99999999999989,1625.0,0.0,1.0,0.0,0.0,0.16128993055555593,83.87076388888909,0.96,541.6666666666666,520.0,21.66666666666663,1.0,0.0,0.0,0.16128993055555554,83.87076388888889,0.96,541.6666666666666,520.0,21.66666666666663,1.0,0.0,0.0,0.16128993055555543,83.87076388888883,0.96,541.6666666666666,520.0,21.66666666666663,,,,488.3309125670298,1560.0,1425.0,134.99999999999898,1559.999999999999,9.094947017729282e-13,1.0,0,0,0.3426883596961613,162.7769708556766,0.913461538461539,519.9999999999997,475.0,44.99999999999966,1.0,0,0,0.3426883596961613,162.7769708556766,0.9134615384615391,519.9999999999997,475.0,44.99999999999966,1.0,0,0,0.3426883596961613,162.7769708556766,0.913461538461539,519.9999999999997,475.0,44.99999999999966,0.0,0,0,0.08724817754776784,0.0,0.88,0.0,0.0,0.0,1.0,,,0.101,143.925,1425.0,1425.0,0.0,44.175,0.0,,,199.99999999999977,5.684341886080802e-14,85.9999999999999,3.0,883.8682042336966,0.0,0.0,0.0,134.7545464174694
92,1,93,0.15246,0.0,883.8682042336966,,,,0,0.0,1,1625.0,1625.0,-0.0,260.0,53.95,0.0,,,251.61229166666692,1625.0,1560.0,64.99999999999989,1625.0,0.0,1.0,0.0,0.0,0.16128993055555593,83.87076388888909,0.96,541.6666666666666,520.0,21.66666666666663,1.0,0.0,0.0,0.16128993055555554,83.87076388888889,0.96,541.6666666666666,520.0,21.66666666666663,1.0,0.0,0.0,0.16128993055555543,83.87076388888883,0.96,541.6666666666666,520.0,21.66666666666663,,,,488.3309125670297,1560.0,1425.0,134.99999999999807,1559.9999999999982,1.8189894035458565e-12,1.0,0,0,0.3426883596961613,162.7769708556766,0.913461538461539,519.9999999999997,475.0,44.99999999999966,1.0,0,0,0.3426883596961613,162.7769708556766,0.913461538461539,519.9999999999997,475.0,44.99999999999966,1.0,0,0,0.34268835969616107,162.7769708556765,0.9134615384615407,519.9999999999987,475.0,44.99999999999875,0.0,0,0,0.08724817754776784,0.0,0.88,0.0,0.0,0.0,1.0,,,0.101,143.925,1425.0,1425.0,0.0,44.175,0.0,,,199.99999999999977,-5.684341886080802e-14,85.9999999999999,3.0,883.8682042336966,0.0,0.0,0.0,134.75454641746938
93,1,94,0.15246,0.0,883.8682042336968,,,,0,0.0,1,1625.0,1625.0,-0.0,260.0,53.95,0.0,,,251.6122916666667,1625.0,1560.0,64.99999999999989,1625.0,0.0,1.0,0.0,0.0,0.16128993055555593,83.87076388888909,0.96,541.6666666666666,520.0,21.66666666666663,1.0,0.0,0.0,0.16128993055555543,83.87076388888883,0.96,541.6666666666666,520.0,21.66666666666663,1.0,0.0,0.0,0.16128993055555543,83.87076388888883,0.96,541.6666666666666,520.0,21.66666666666663,,,,488.33091256703017,1560.0,1425.0,135.00000000000205,1560.0000000000018,-1.8189894035458565e-12,1.0,0,0,0.3426883596961613,162.7769708556766,0.913461538461539,519.9999999999997,475.0,44.99999999999966,1.0,0,0,0.34268835969616196,162.77697085567692,0.9134615384615337,520.0000000000027,475.0,45.00000000000273,1.0,0,0,0.3426883596961613,162.7769708556766,0.913461538461539,519.9999999999997,475.0,44.99999999999966,0.0,0,0,0.08724817754776784,0.0,0.88,0.0,0.0,0.0,1.0,,,0.101,143.925,1425.0,1425.0,0.0,44.175,0.0,,,200.0000000000001,-5.684341886080802e-14,86.00000000000004,3.0,883.8682042336968,0.0,0.0,0.0,134.7545464174694
94,1,95,0.1016,0.0,1143.0244296445098,,,,0,0.0,1,1938.9424466377204,1938.9424466377204,-0.0,310.23079146203526,64.37288922837232,0.0,,,292.7516847004423,1938.9424466377204,1861.3847487722119,77.55769786550877,1938.9424466377204,0.0,1.0,0.0,0.0,0.15573475024361708,105.56565499779413,0.96,706.0994658161885,677.855487183541,28.243978632647554,1.0,0.0,0.0,0.15570566634302532,103.31526581375957,0.96,691.1763141548655,663.5292615886709,27.64705256619459,1.0,0.0,0.0,0.16128993055555543,83.87076388888883,0.96,541.6666666666666,520.0,21.66666666666663,,,,676.3728747900225,1861.3847487722119,1721.780892614306,139.60385615791654,1861.3847487722223,-1.0459189070388675e-11,1.0,0,0,0.3956030926335785,229.16307290672603,0.925,626.2434930743452,579.2752310937693,46.9682619805759,1.0,0,0,0.3916939925869577,223.9559885707735,0.925,618.1217655129689,571.7626330994963,46.359132413472594,1.0,0,0,0.39116345219345783,223.2538133125229,0.925,617.0194901849082,570.7430284210402,46.27646176386804,0.0,0,0,0.08724817754776784,0.0,0.88,0.0,0.0,0.0,1.0,,,0.101,173.89987015404492,1721.780892614306,1721.780892614306,0.0,53.37520767104348,0.0,,,217.16155402341485,1.4210854715202004e-13,93.37946823006838,3.0,1143.0244296445098,0.0,-0.0,0.0,116.1312820518822
95,1,96,0.1016,0.0,1143.0244296445014,,,,0,0.0,1,1938.9424466377204,1938.9424466377204,-0.0,310.23079146203526,64.37288922837232,0.0,,,292.7516847004424,1938.9424466377204,1861.3847487722119,77.55769786550877,1938.9424466377204,0.0,1.0,0.0,0.0,0.15573475024361708,105.56565499779413,0.96,706.0994658161885,677.855487183541,28.243978632647554,1.0,0.0,0.0,0.15570566634302532,103.31526581375957,0.96,691.1763141548655,663.5292615886709,27.64705256619459,1.0,0.0,0.0,0.16128993055555543,83.87076388888883,0.96,541.6666666666666,520.0,21.66666666666663,,,,676.3728747900152,1861.3847487722119,1721.7808926142952,139.60385615791563,1861.384748772211,9.094947017729282e-13,1.0,0,0,0.3956030926335776,229.1630729067249,0.925,626.2434930743434,579.2752310937677,46.968261980575676,1.0,0,0,0.39169399258695314,223.95598857076752,0.925,618.1217655129595,571.7626330994876,46.35913241347191,1.0,0,0,0.3911634521934577,223.25381331252274,0.925,617.019490184908,570.74302842104,46.27646176386804,0.0,0,0,0.08724817754776784,0.0,0.88,0.0,0.0,0.0,1.0,,,0.101,173.89987015404384,1721.7808926142952,1721.7808926142952,0.0,53.37520767104315,0.0,,,217.1615540234253,-2.842170943040401e-14,93.37946823007289,3.0,1143.0244296445014,0.0,-0.0,0.0,116.13128205188134
96,1,97,0.1016,0.0,1143.0244296445062,,,,0,0.0,1,1938.9424466377204,1938.9424466377204,-0.0,310.23079146203526,64.37288922837232,0.0,,,292.7516847004423,1938.9424466377204,1861.3847487722119,77.55769786550877,1938.9424466377204,0.0,1.0,0.0,0.0,0.15573475024361708,105.56565499779413,0.96,706.0994658161885,677.855487183541,28.243978632647554,1.0,0.0,0.0,0.15570566634302532,103.31526581375957,0.96,691.1763141548655,663.5292615886709,27.64705256619459,1.0,0.0,0.0,0.16128993055555543,83.87076388888883,0.96,541.6666666666666,520.0,21.66666666666663,,,,676.3728747900194,1861.3847487722119,1721.7808926143016,139.6038561579162,1861.3847487722176,-5.6843418860808015e-12,1.0,0,0,0.3956030926335785,229.16307290672603,0.925,626.2434930743452,579.2752310937693,46.9682619805759,1.0,0,0,0.3916939925869525,223.95598857076664,0.925,618.1217655129582,571.7626330994864,46.3591324134718,1.0,0,0,0.3911634521934607,223.25381331252672,0.925,617.0194901849143,570.7430284210458,46.2764617638685,0.0,0,0,0.08724817754776784,0.0,0.88,0.0,0.0,0.0,1.0,,,0.101,173.89987015404446,1721.7808926143016,1721.7808926143016,0.0,53.37520767104335,0.0,,,217.16155402341928,2.842170943040401e-14,93.37946823007029,3.0,1143.0244296445062,0.0,-0.0,0.0,116.13128205188183
97,1,98,0.1016,0.0,1143.024429644502,,,,0,0.0,1,1938.9424466377204,1938.9424466377204,-0.0,310.23079146203526,64.37288922837232,0.0,,,292.7516847004423,1938.9424466377204,1861.3847487722119,77.55769786550877,1938.9424466377204,0.0,1.0,0.0,0.0,0.15573475024361708,105.56565499779413,0.96,706.0994658161885,677.855487183541,28.243978632647554,1.0,0.0,0.0,0.15570566634302532,103.31526581375957,0.96,691.1763141548655,663.5292615886709,27.64705256619459,1.0,0.0,0.0,0.16128993055555538,83.8707638888888,0.96,541.6666666666666,520.0,21.66666666666663,,,,676.3728747900159,1861.3847487722119,1721.7808926142961,139.60385615791586,1861.3847487722123,-4.547473508864641e-13,1.0,0,0,0.3956030926335785,229.16307290672603,0.925,626.2434930743452,579.2752310937693,46.9682619805759,1.0,0,0,0.3916939925869526,223.95598857076675,0.925,618.1217655129583,571.7626330994865,46.3591324134718,1.0,0,0,0.39116345219345805,223.25381331252316,0.925,617.0194901849087,570.7430284210405,46.276461763868156,0.0,0,0,0.08724817754776784,0.0,0.88,0.0,0.0,0.0,1.0,,,0.101,173.89987015404392,1721.7808926142961,1721.7808926142961,0.0,53.37520767104318,0.0,,,217.16155402342417,0.0,93.37946823007239,3.0,1143.024429644502,0.0,-0.0,0.0,116.13128205188141
98,1,99,0.1016,0.0,1143.024429644502,,,,0,0.0,1,1938.9424466377204,1938.9424466377204,-0.0,310.23079146203526,64.37288922837232,0.0,,,292.7516847004424,1938.9424466377204,1861.3847487722119,77.55769786550877,1938.9424466377204,0.0,1.0,0.0,0.0,0.15573475024361708,105.56565499779413,0.96,706.0994658161885,677.855487183541,28.243978632647554,1.0,0.0,0.0,0.15570566634302532,103.31526581375957,0.96,691.1763141548655,663.5292615886709,27.64705256619459,1.0,0.0,0.0,0.16128993055555538,83.8707638888888,0.96,541.6666666666666,520.0,21.66666666666663,,,,676.3728747900157,1861.3847487722119,1721.7808926142961,139.60385615791586,1861.3847487722119,-0.0,1.0,0,0,0.3956030926335785,229.16307290672597,0.925,626.2434930743451,579.2752310937692,46.9682619805759,1.0,0,0,0.3916939925869525,223.9559885707666,0.925,618.1217655129581,571.7626330994863,46.3591324134718,1.0,0,0,0.39116345219345805,223.25381331252316,0.925,617.0194901849087,570.7430284210405,46.276461763868156,0.0,0,0,0.08724817754776784,0.0,0.88,0.0,0.0,0.0,1.0,,,0.101,173.89987015404392,1721.7808926142961,1721.7808926142961,0.0,53.37520767104318,0.0,,,217.16155402342463,1.1368683772161603e-13,93.37946823007259,3.0,1143.024429644502,0.0,-0.0,0.0,116.13128205188141
99,1,100,0.1016,0.0,1143.024429644501,,,,0,0.0,1,1938.9424466377222,1938.9424466377222,-0.0,310.23079146203554,64.37288922837237,0.0,,,292.7516847004425,1938.9424466377222,1861.3847487722132,77.55769786550889,1938.9424466377222,0.0,1.0,0.0,0.0,0.15573475024361708,105.56565499779413,0.96,706.0994658161885,677.855487183541,28.243978632647554,1.0,0.0,0.0,0.15570566634302532,103.3152658137598,0.96,691.1763141548671,663.5292615886724,27.647052566194702,1.0,0.0,0.0,0.16128993055555538,83.8707638888888,0.96,541.6666666666666,520.0,21.66666666666663,,,,676.3728747900147,1861.3847487722132,1721.7808926142945,139.60385615791563,1861.38474877221,3.183231456205249e-12,1.0,0,0,0.3956030926335785,229.16307290672603,0.925,626.2434930743452,579.2752310937693,46.9682619805759,1.0,0,0,0.3916939925869518,223.95598857076578,0.925,618.1217655129568,571.7626330994851,46.359132413471684,1.0,0,0,0.39116345219345783,223.2538133125229,0.925,617.0194901849082,570.7430284210402,46.27646176386804,0.0,0,0,0.08724817754776784,0.0,0.88,0.0,0.0,0.0,1.0,,,0.101,173.89987015404375,1721.7808926142945,1721.7808926142945,0.0,53.37520767104313,0.0,,,217.1615540234277,-5.684341886080802e-14,93.37946823007391,3.0,1143.024429644501,0.0,-0.0,0.0,116.1312820518813
100,1,101,0.1016,0.0,1143.0244296445026,,,,0,0.0,1,1938.9424466377222,1938.9424466377222,-0.0,310.23079146203554,64.37288922837237,0.0,,,292.75168470044264,1938.9424466377222,1861.3847487722132,77.55769786550889,1938.9424466377222,0.0,1.0,0.0,0.0,0.15573475024361708,105.56565499779413,0.96,706.0994658161885,677.855487183541,28.243978632647554,1.0,0.0,0.0,0.15570566634302532,103.3152658137598,0.96,691.1763141548671,663.5292615886724,27.647052566194702,1.0,0.0,0.0,0.16128993055555538,83.8707638888888,0.96,541.6666666666666,520.0,21.66666666666663,,,,676.3728747900159,1861.3847487722132,1721.7808926142961,139.60385615791586,1861.3847487722123,9.094947017729282e-13,1.0,0,0,0.3956030926335785,229.16307290672603,0.925,626.2434930743452,579.2752310937693,46.9682619805759,1.0,0,0,0.3916939925869526,223.95598857076675,0.925,618.1217655129583,571.7626330994865,46.3591324134718,1.0,0,0,0.39116345219345805,223.25381331252316,0.925,617.0194901849087,570.7430284210405,46.276461763868156,0.0,0,0,0.08724817754776784,0.0,0.88,0.0,0.0,0.0,1.0,,,0.101,173.89987015404392,1721.7808926142961,1721.7808926142961,0.0,53.37520767104318,0.0,,,217.16155402342565,1.1368683772161603e-13,93.37946823007303,3.0,1143.0244296445026,0.0,-0.0,0.0,116.13128205188146
101,1,102,0.1016,0.0,1143.024429644503,,,,0,0.0,1,1938.9424466377222,1938.9424466377222,-0.0,310.23079146203554,64.37288922837237,0.0,,,292.7516847004424,1938.9424466377222,1861.3847487722132,77.55769786550889,1938.9424466377222,0.0,1.0,0.0,0.0,0.15573475024361708,105.56565499779413,0.96,706.0994658161885,677.855487183541,28.243978632647554,1.0,0.0,0.0,0.15570566634302532,103.3152658137598,0.96,691.1763141548671,663.5292615886724,27.647052566194702,1.0,0.0,0.0,0.16128993055555538,83.8707638888888,0.96,541.6666666666666,520.0,21.66666666666663,,,,676.3728747900166,1861.3847487722132,1721.7808926142975,139.60385615791586,1861.3847487722132,-0.0,1.0,0,0,0.39560309263357907,229.16307290672674,0.925,626.2434930743462,579.2752310937703,46.9682619805759,1.0,0,0,0.3916939925869526,223.95598857076675,0.925,618.1217655129583,571.7626330994865,46.3591324134718,1.0,0,0,0.39116345219345805,223.25381331252316,0.925,617.0194901849087,570.7430284210405,46.276461763868156,0.0,0,0,0.08724817754776784,0.0,0.88,0.0,0.0,0.0,1.0,,,0.101,173.89987015404407,1721.7808926142975,1721.7808926142975,0.0,53.37520767104322,0.0,,,217.16155402342474,-2.842170943040401e-14,93.37946823007263,3.0,1143.024429644503,0.0,-0.0,0.0,116.1312820518815
102,1,103,0.1016,0.0,1143.0244296445069,,,,0,0.0,1,1938.9424466377222,1938.9424466377222,-0.0,310.23079146203554,64.37288922837237,0.0,,,292.7516847004424,1938.9424466377222,1861.3847487722132,77.557697865509,1938.9424466377222,0.0,1.0,0.0,0.0,0.1557347502436171,105.56565499779391,0.96,706.099465816187,677.8554871835395,28.243978632647554,1.0,0.0,0.0,0.15570566634302527,103.31526581375999,0.96,691.1763141548687,663.5292615886739,27.647052566194816,1.0,0.0,0.0,0.16128993055555538,83.8707638888888,0.96,541.6666666666666,520.0,21.66666666666663,,,,676.37287479002,1861.3847487722132,1721.780892614302,139.6038561579163,1861.3847487722182,-5.002220859751105e-12,1.0,0,0,0.3956030926335785,229.16307290672603,0.925,626.2434930743452,579.2752310937693,46.9682619805759,1.0,0,0,0.3916939925869525,223.95598857076664,0.925,618.1217655129582,571.7626330994864,46.3591324134718,1.0,0,0,0.39116345219346116,223.25381331252726,0.925,617.0194901849151,570.7430284210465,46.27646176386861,0.0,0,0,0.08724817754776784,0.0,0.88,0.0,0.0,0.0,1.0,,,0.101,173.89987015404452,1721.780892614302,1721.780892614302,0.0,53.37520767104336,0.0,,,217.1615540234203,-2.842170943040401e-14,93.37946823007073,3.0,1143.0244296445069,0.0,-0.0,0.0,116.1312820518819
103,1,104,0.1016,0.0,1143.0244296445057,,,,0,0.0,1,1938.9424466377222,1938.9424466377222,-0.0,310.23079146203554,64.37288922837237,0.0,,,292.75168470044287,1938.9424466377222,1861.3847487722132,77.557697865509,1938.9424466377222,0.0,1.0,0.0,0.0,0.1557347502436171,105.56565499779391,0.96,706.099465816187,677.8554871835395,28.243978632647554,1.0,0.0,0.0,0.15570566634302527,103.31526581375999,0.96,691.1763141548687,663.5292615886739,27.647052566194816,1.0,0.0,0.0,0.16128993055555538,83.8707638888888,0.96,541.6666666666666,520.0,21.66666666666663,,,,676.3728747900186,1861.3847487722132,1721.7808926143002,139.60385615791608,1861.3847487722164,-3.183231456205249e-12,1.0,0,0,0.3956030926335806,229.16307290672881,0.925,626.2434930743494,579.2752310937733,46.96826198057613,1.0,0,0,0.3916939925869525,223.95598857076664,0.925,618.1217655129582,571.7626330994864,46.3591324134718,1.0,0,0,0.39116345219345805,223.25381331252316,0.925,617.0194901849087,570.7430284210405,46.276461763868156,0.0,0,0,0.08724817754776784,0.0,0.88,0.0,0.0,0.0,1.0,,,0.101,173.89987015404432,1721.7808926143002,1721.7808926143002,0.0,53.375207671043306,0.0,,,217.1615540234219,-5.684341886080802e-14,93.37946823007141,3.0,1143.0244296445057,0.0,-0.0,0.0,116.13128205188178
104,1,105,0.1016,0.0,1143.0244296445023,,,,0,0.0,1,1938.9424466377222,1938.9424466377222,-0.0,310.23079146203554,64.37288922837237,0.0,,,292.7516847004425,1938.9424466377222,1861.3847487722132,77.557697865509,1938.9424466377222,0.0,1.0,0.0,0.0,0.1557347502436171,105.56565499779391,0.96,706.099465816187,677.8554871835395,28.243978632647554,1.0,0.0,0.0,0.15570566634302527,103.31526581375999,0.96,691.1763141548687,663.5292615886739,27.647052566194816,1.0,0.0,0.0,0.16128993055555538,83.8707638888888,0.96,541.6666666666666,520.0,21.66666666666663,,,,676.3728747900159,1861.3847487722132,1721.7808926142961,139.60385615791586,1861.3847487722119,1.3642420526593924e-12,1.0,0,0,0.3956030926335785,229.16307290672603,0.925,626.2434930743452,579.2752310937693,46.9682619805759,1.0,0,0,0.3916939925869525,223.95598857076664,0.925,618.1217655129582,571.7626330994864,46.3591324134718,1.0,0,0,0.39116345219345805,223.25381331252316,0.925,617.0194901849087,570.7430284210405,46.276461763868156,0.0,0,0,0.08724817754776784,0.0,0.88,0.0,0.0,0.0,1.0,,,0.101,173.89987015404392,1721.7808926142961,1721.7808926142961,0.0,53.37520767104318,0.0,,,217.16155402342622,0.0,93.37946823007327,3.0,1143.0244296445023,0.0,-0.0,0.0,116.13128205188143
105,1,106,0.1016,0.0,1143.0244296445019,,,,0,0.0,1,1938.9424466377222,1938.9424466377222,-0.0,310.23079146203554,64.37288922837237,0.0,,,292.7516847004425,1938.9424466377222,1861.3847487722132,77.557697865509,1938.9424466377222,0.0,1.0,0.0,0.0,0.1557347502436171,105.56565499779391,0.96,706.099465816187,677.8554871835395,28.243978632647554,1.0,0.0,0.0,0.15570566634302527,103.31526581375999,0.96,691.1763141548687,663.5292615886739,27.647052566194816,1.0,0.0,0.0,0.16128993055555538,83.8707638888888,0.96,541.6666666666666,520.0,21.66666666666663,,,,676.3728747900155,1861.3847487722132,1721.7808926142957,139.60385615791586,1861.3847487722114,1.8189894035458565e-12,1.0,0,0,0.3956030926335785,229.16307290672603,0.925,626.2434930743452,579.2752310937693,46.9682619805759,1.0,0,0,0.39169399258695226,223.95598857076635,0.925,618.1217655129577,571.7626330994859,46.3591324134718,1.0,0,0,0.39116345219345805,223.25381331252316,0.925,617.0194901849087,570.7430284210405,46.276461763868156,0.0,0,0,0.08724817754776784,0.0,0.88,0.0,0.0,0.0,1.0,,,0.101,173.89987015404387,1721.7808926142957,1721.7808926142957,0.0,53.375207671043164,0.0,,,217.16155402342667,-5.684341886080802e-14,93.37946823007347,3.0,1143.0244296445019,0.0,-0.0,0.0,116.13128205188139
106,1,107,0.1016,0.0,1143.024429644502,,,,0,0.0,1,1938.9424466377222,1938.9424466377222,-0.0,310.23079146203554,64.37288922837237,0.0,,,292.7516847004425,1938.9424466377222,1861.3847487722132,77.557697865509,1938.9424466377222,0.0,1.0,0.0,0.0,0.1557347502436171,105.56565499779391,0.96,706.099465816187,677.8554871835395,28.243978632647554,1.0,0.0,0.0,0.15570566634302527,103.31526581375999,0.96,691.1763141548687,663.5292615886739,27.647052566194816,1.0,0.0,0.0,0.16128993055555538,83.8707638888888,0.96,541.6666666666666,520.0,21.66666666666663,,,,676.3728747900158,1861.3847487722132,1721.7808926142961,139.60385615791586,1861.3847487722119,1.3642420526593924e-12,1.0,0,0,0.3956030926335785,229.16307290672597,0.925,626.2434930743451,579.2752310937692,46.9682619805759,1.0,0,0,0.3916939925869525,223.95598857076664,0.925,618.1217655129582,571.7626330994864,46.3591324134718,1.0,0,0,0.39116345219345805,223.25381331252316,0.925,617.0194901849087,570.7430284210405,46.276461763868156,0.0,0,0,0.08724817754776784,0.0,0.88,0.0,0.0,0.0,1.0,,,0.101,173.89987015404392,1721.7808926142961,1721.7808926142961,0.0,53.37520767104318,0.0,,,217.16155402342622,-1.1368683772161603e-13,93.37946823007327,3.0,1143.024429644502,0.0,-0.0,0.0,116.13128205188141
107,1,108,0.1016,0.0,1143.024429644502,,,,0,0.0,1,1938.9424466377222,1938.9424466377222,-0.0,310.23079146203554,64.37288922837237,0.0,,,292.75168470044275,1938.9424466377222,1861.3847487722132,77.557697865509,1938.9424466377222,0.0,1.0,0.0,0.0,0.1557347502436171,105.56565499779391,0.96,706.099465816187,677.8554871835395,28.243978632647554,1.0,0.0,0.0,0.15570566634302527,103.31526581375999,0.96,691.1763141548687,663.5292615886739,27.647052566194816,1.0,0.0,0.0,0.16128993055555538,83.8707638888888,0.96,541.6666666666666,520.0,21.66666666666663,,,,676.3728747900154,1861.3847487722132,1721.7808926142952,139.60385615791586,1861.3847487722114,1.8189894035458565e-12,1.0,0,0,0.3956030926335785,229.16307290672603,0.925,626.2434930743452,579.2752310937693,46.9682619805759,1.0,0,0,0.39169399258695214,223.95598857076615,0.925,618.1217655129574,571.7626330994856,46.3591324134718,1.0,0,0,0.39116345219345805,223.25381331252316,0.925,617.0194901849087,570.7430284210405,46.276461763868156,0.0,0,0,0.08724817754776784,0.0,0.88,0.0,0.0,0.0,1.0,,,0.101,173.89987015404384,1721.7808926142952,1721.7808926142952,0.0,53.37520767104315,0.0,,,217.16155402342667,8.526512829121202e-14,93.37946823007347,3.0,1143.024429644502,0.0,-0.0,0.0,116.13128205188141
108,1,109,0.1016,0.0,1143.0244296445003,,,,0,0.0,1,1938.9424466377222,1938.9424466377222,-0.0,310.23079146203554,64.37288922837237,0.0,,,292.7516847004425,1938.9424466377222,1861.3847487722132,77.557697865509,1938.9424466377222,0.0,1.0,0.0,0.0,0.1557347502436171,105.56565499779391,0.96,706.099465816187,677.8554871835395,28.243978632647554,1.0,0.0,0.0,0.15570566634302527,103.31526581375999,0.96,691.1763141548687,663.5292615886739,27.647052566194816,1.0,0.0,0.0,0.16128993055555538,83.8707638888888,0.96,541.6666666666666,520.0,21.66666666666663,,,,676.3728747900141,1861.3847487722132,1721.7808926142934,139.60385615791574,1861.3847487722092,4.092726157978177e-12,1.0,0,0,0.3956030926335785,229.16307290672597,0.925,626.2434930743451,579.2752310937692,46.9682619805759,1.0,0,0,0.3916939925869519,223.9559885707659,0.925,618.121765512957,571.7626330994852,46.3591324134718,1.0,0,0,0.3911634521934573,223.25381331252214,0.925,617.0194901849071,570.7430284210391,46.27646176386804,0.0,0,0,0.08724817754776784,0.0,0.88,0.0,0.0,0.0,1.0,,,0.101,173.89987015404364,1721.7808926142934,1721.7808926142934,0.0,53.37520767104309,0.0,,,217.16155402342883,5.684341886080802e-14,93.3794682300744,3.0,1143.0244296445003,0.0,-0.0,0.0,116.13128205188123
109,1,110,0.1016,0.0,1143.024429644497,,,,0,0.0,1,1938.9424466377222,1938.9424466377222,-0.0,310.23079146203554,64.37288922837237,0.0,,,292.75168470044264,1938.9424466377222,1861.3847487722132,77.557697865509,1938.9424466377222,0.0,1.0,0.0,0.0,0.1557347502436171,105.56565499779391,0.96,706.099465816187,677.8554871835395,28.243978632647554,1.0,0.0,0.0,0.15570566634302527,103.31526581375999,0.96,691.1763141548687,663.5292615886739,27.647052566194816,1.0,0.0,0.0,0.16128993055555538,83.8707638888888,0.96,541.6666666666666,520.0,21.66666666666663,,,,676.3728747900111,1861.3847487722132,1721.7808926142893,139.6038561579153,1861.3847487722046,8.640199666842818e-12,1.0,0,0,0.39560309263357585,229.16307290672242,0.925,626.2434930743395,579.2752310937641,46.96826198057545,1.0,0,0,0.3916939925869527,223.95598857076686,0.925,618.1217655129585,571.7626330994866,46.35913241347191,1.0,0,0,0.39116345219345705,223.25381331252183,0.925,617.0194901849065,570.7430284210386,46.27646176386793,0.0,0,0,0.08724817754776784,0.0,0.88,0.0,0.0,0.0,1.0,,,0.101,173.89987015404324,1721.7808926142893,1721.7808926142893,0.0,53.375207671042965,0.0,,,217.16155402343293,1.1368683772161603e-13,93.37946823007616,3.0,1143.024429644497,0.0,-0.0,0.0,116.1312820518809
110,1,111,0.1016,0.0,1143.024429644502,,,,0,0.0,1,1938.9424466377222,1938.9424466377222,-0.0,310.23079146203554,64.37288922837237,0.0,,,292.75168470044264,1938.9424466377222,1861.3847487722132,77.557697865509,1938.9424466377222,0.0,1.0,0.0,0.0,0.1557347502436171,105.56565499779391,0.96,706.099465816187,677.8554871835395,28.243978632647554,1.0,0.0,0.0,0.15570566634302527,103.31526581375999,0.96,691.1763141548687,663.5292615886739,27.647052566194816,1.0,0.0,0.0,0.16128993055555538,83.8707638888888,0.96,541.6666666666666,520.0,21.66666666666663,,,,676.3728747900157,1861.3847487722132,1721.7808926142957,139.60385615791586,1861.3847487722117,1.5916157281026244e-12,1.0,0,0,0.3956030926335785,229.16307290672603,0.925,626.2434930743452,579.2752310937693,46.9682619805759,1.0,0,0,0.3916939925869527,223.95598857076686,0.925,618.1217655129585,571.7626330994866,46.35913241347191,1.0,0,0,0.3911634521934577,223.2538133125227,0.925,617.0194901849079,570.7430284210399,46.27646176386804,0.0,0,0,0.08724817754776784,0.0,0.88,0.0,0.0,0.0,1.0,,,0.101,173.89987015404387,1721.7808926142957,1721.7808926142957,0.0,53.375207671043164,0.0,,,217.16155402342645,-5.684341886080802e-14,93.37946823007337,3.0,1143.024429644502,0.0,-0.0,0.0,116.13128205188141
111,1,112,0.1016,0.0,1143.0244296445012,,,,0,0.0,1,1938.9424466377222,1938.9424466377222,-0.0,310.23079146203554,64.37288922837237,0.0,,,292.7516847004425,1938.9424466377222,1861.3847487722137,77.55769786550889,1938.9424466377222,0.0,1.0,0.0,0.0,0.1557347502436171,105.56565499779414,0.96,706.0994658161885,677.855487183541,28.243978632647554,1.0,0.0,0.0,0.15570566634302527,103.3152658137598,0.96,691.1763141548673,663.5292615886726,27.647052566194702,1.0,0.0,0.0,0.16128993055555538,83.8707638888888,0.96,541.6666666666666,520.0,21.66666666666663,,,,676.372874790015,1861.3847487722137,1721.7808926142948,139.60385615791574,1861.3847487722107,2.9558577807620168e-12,1.0,0,0,0.3956030926335783,229.16307290672572,0.925,626.2434930743447,579.2752310937689,46.96826198057579,1.0,0,0,0.3916939925869527,223.95598857076686,0.925,618.1217655129585,571.7626330994866,46.35913241347191,1.0,0,0,0.3911634521934575,223.2538133125224,0.925,617.0194901849075,570.7430284210394,46.27646176386804,0.0,0,0,0.08724817754776784,0.0,0.88,0.0,0.0,0.0,1.0,,,0.101,173.89987015404378,1721.7808926142948,1721.7808926142948,0.0,53.375207671043135,0.0,,,217.16155402342758,-8.526512829121202e-14,93.37946823007385,3.0,1143.0244296445012,0.0,-0.0,0.0,116.13128205188131
112,1,113,0.1016,0.0,1143.024429644502,,,,0,0.0,1,1938.9424466377227,1938.9424466377227,-0.0,310.23079146203565,64.3728892283724,0.0,,,292.75168470044264,1938.9424466377227,1861.3847487722137,77.557697865509,1938.9424466377227,0.0,1.0,0.0,0.0,0.1557347502436171,105.56565499779435,0.96,706.09946581619,677.8554871835423,28.243978632647668,1.0,0.0,0.0,0.15570566634302535,103.31526581375964,0.96,691.176314154866,663.5292615886713,27.647052566194702,1.0,0.0,0.0,0.16128993055555538,83.8707638888888,0.96,541.6666666666666,520.0,21.66666666666663,,,,676.3728747900157,1861.3847487722137,1721.7808926142957,139.60385615791586,1861.3847487722117,2.0463630789890885e-12,1.0,0,0,0.3956030926335785,229.16307290672603,0.925,626.2434930743452,579.2752310937693,46.9682619805759,1.0,0,0,0.3916939925869527,223.95598857076686,0.925,618.1217655129585,571.7626330994866,46.35913241347191,1.0,0,0,0.3911634521934577,223.2538133125227,0.925,617.0194901849079,570.7430284210399,46.27646176386804,0.0,0,0,0.08724817754776784,0.0,0.88,0.0,0.0,0.0,1.0,,,0.101,173.89987015404387,1721.7808926142957,1721.7808926142957,0.0,53.375207671043164,0.0,,,217.1615540234269,-5.684341886080802e-14,93.37946823007357,3.0,1143.024429644502,0.0,-0.0,0.0,116.13128205188141
113,1,114,0.15246,0.0,885.1253721071288,,,,0,0.0,1,1625.008220201125,1625.008220201125,-0.0,260.00131523218,53.95027291067735,0.0,,,252.86405788864386,1625.008220201125,1560.0078913930797,65.00032880804508,1625.008220201125,0.0,1.0,0.0,0.0,0.15610999002074796,97.90584304167096,0.96,653.2910107473122,627.1593703174196,26.131640429892514,1.0,0.0,0.0,0.16611294475580213,77.4791074234866,0.96,485.8586047269074,466.42426053783106,19.43434418907634,1.0,0.0,0.0,0.16611294475580238,77.47910742348638,0.96,485.85860472690536,466.4242605378291,19.434344189076228,,,,488.33551718778347,1560.0078913930797,1425.0078913930838,134.99999999999915,1560.007891393083,-3.183231456205249e-12,1.0,0,0,0.34269236032906947,162.7815754764302,0.9134628517281804,520.0078913930834,475.00789139308387,44.99999999999949,1.0,0,0,0.3426883596961613,162.7769708556766,0.913461538461539,519.9999999999997,475.0,44.99999999999966,1.0,0,0,0.34268835969616135,162.77697085567664,0.9134615384615384,520.0,475.0,45.0,0.0,0,0,0.08724817754776784,0.0,0.88,0.0,0.0,0.0,1.0,,,0.101,143.92579703070146,1425.0078913930838,1425.0078913930838,0.0,44.1752446331856,0.0,,,200.00032880804105,0.0,86.00014138745765,3.0,885.1253721071288,0.0,0.0,0.0,134.94621423145287
114,1,115,0.15246,0.0,885.1253721071305,,,,0,0.0,1,1625.0082202011256,1625.0082202011256,-0.0,260.0013152321801,53.95027291067737,0.0,,,252.86405788864408,1625.0082202011256,1560.0078913930806,65.00032880804514,1625.0082202011256,0.0,1.0,0.0,0.0,0.15610999002074796,97.90584304167096,0.96,653.2910107473122,627.1593703174196,26.131640429892514,1.0,0.0,0.0,0.16611294475580213,77.4791074234866,0.96,485.8586047269074,466.42426053783106,19.43434418907634,1.0,0.0,0.0,0.16611294475580235,77.4791074234865,0.96,485.85860472690615,466.42426053782987,19.434344189076285,,,,488.3355171877847,1560.0078913930806,1425.0078913930859,135.00000000000006,1560.007891393086,-5.4569682106375694e-12,1.0,0,0,0.34269236032907024,162.78157547643127,0.9134628517281832,520.007891393084,475.0078913930859,44.999999999998124,1.0,0,0,0.34268835969616135,162.77697085567664,0.9134615384615384,520.0,475.0,45.0,1.0,0,0,0.3426883596961618,162.77697085567686,0.9134615384615351,520.0000000000019,475.0,45.00000000000193,0.0,0,0,0.08724817754776784,0.0,0.88,0.0,0.0,0.0,1.0,,,0.101,143.9257970307017,1425.0078913930859,1425.0078913930859,0.0,44.17524463318566,0.0,,,200.00032880803974,0.0,86.00014138745709,3.0,885.1253721071305,0.0,0.0,0.0,134.94621423145313
115,1,116,0.15246,0.0,885.1253721071314,,,,0,0.0,1,1625.0082202011265,1625.0082202011265,-0.0,260.0013152321802,53.9502729106774,0.0,,,252.86405788864408,1625.0082202011265,1560.0078913930815,65.00032880804514,1625.0082202011265,0.0,1.0,0.0,0.0,0.15610999002074796,97.90584304167096,0.96,653.2910107473122,627.1593703174196,26.131640429892514,1.0,0.0,0.0,0.16611294475580213,77.4791074234866,0.96,485.8586047269074,466.42426053783106,19.43434418907634,1.0,0.0,0.0,0.16611294475580224,77.4791074234866,0.96,485.85860472690706,466.4242605378308,19.434344189076285,,,,488.3355171877855,1560.0078913930815,1425.007891393087,135.0000000000012,1560.0078913930884,-6.821210263296962e-12,1.0,0,0,0.34269236032907147,162.78157547643224,0.9134628517281779,520.0078913930884,475.00789139308705,45.00000000000131,1.0,0,0,0.34268835969616135,162.77697085567664,0.9134615384615384,520.0,475.0,45.0,1.0,0,0,0.3426883596961613,162.7769708556766,0.9134615384615387,519.9999999999999,475.0,44.999999999999886,0.0,0,0,0.08724817754776784,0.0,0.88,0.0,0.0,0.0,1.0,,,0.101,143.9257970307018,1425.007891393087,1425.007891393087,0.0,44.1752446331857,0.0,,,200.0003288080395,0.0,86.00014138745699,3.0,885.1253721071314,0.0,0.0,0.0,134.94621423145327
116,1,117,0.15246,0.0,885.1253721071308,,,,0,0.0,1,1625.0082202011265,1625.0082202011265,-0.0,260.0013152321802,53.9502729106774,0.0,,,252.86405788864397,1625.0082202011265,1560.0078913930815,65.00032880804514,1625.0082202011265,0.0,1.0,0.0,0.0,0.15610999002074796,97.90584304167096,0.96,653.2910107473122,627.1593703174196,26.131640429892514,1.0,0.0,0.0,0.16611294475580213,77.4791074234866,0.96,485.8586047269074,466.42426053783106,19.43434418907634,1.0,0.0,0.0,0.16611294475580224,77.4791074234866,0.96,485.85860472690706,466.4242605378308,19.434344189076285,,,,488.33551718778506,1560.0078913930815,1425.0078913930865,134.99999999999943,1560.007891393086,-4.547473508864641e-12,1.0,0,0,0.3426923603290709,162.78157547643178,0.9134628517281804,520.0078913930863,475.00789139308654,44.99999999999977,1.0,0,0,0.3426883596961613,162.7769708556766,0.913461538461539,519.9999999999997,475.0,44.99999999999966,1.0,0,0,0.34268835969616135,162.77697085567664,0.9134615384615384,520.0,475.0,45.0,0.0,0,0,0.08724817754776784,0.0,0.88,0.0,0.0,0.0,1.0,,,0.101,143.92579703070174,1425.0078913930865,1425.0078913930865,0.0,44.175244633185685,0.0,,,200.00032880804002,5.684341886080802e-14,86.0001413874572,3.0,885.1253721071307,0.0,0.0,0.0,134.94621423145318
117,1,118,0.15246,0.0,885.1253721071303,,,,0,0.0,1,1625.0082202011272,1625.0082202011272,-0.0,260.00131523218033,53.95027291067742,0.0,,,252.86405788864403,1625.0082202011272,1560.0078913930822,65.0003288080452,1625.0082202011272,0.0,1.0,0.0,0.0,0.15610999002074788,97.9058430416709,0.96,653.2910107473122,627.1593703174196,26.131640429892514,1.0,0.0,0.0,0.16611294475580213,77.4791074234866,0.96,485.8586047269074,466.42426053783106,19.43434418907634,1.0,0.0,0.0,0.16611294475580213,77.47910742348667,0.96,485.85860472690786,466.4242605378315,19.43434418907634,,,,488.33551718778455,1560.0078913930822,1425.0078913930859,134.99999999999847,1560.0078913930843,-2.0463630789890885e-12,1.0,0,0,0.3426923603290706,162.7815754764314,0.9134628517281804,520.0078913930856,475.0078913930859,44.999999999999716,1.0,0,0,0.34268835969616135,162.77697085567664,0.9134615384615384,520.0,475.0,45.0,1.0,0,0,0.34268835969616107,162.7769708556765,0.9134615384615407,519.9999999999987,475.0,44.99999999999875,0.0,0,0,0.08724817754776784,0.0,0.88,0.0,0.0,0.0,1.0,,,0.101,143.9257970307017,1425.0078913930859,1425.0078913930859,0.0,44.17524463318566,0.0,,,200.00032880804162,-5.684341886080802e-14,86.00014138745789,3.0,885.1253721071303,0.0,0.0,0.0,134.9462142314531
118,1,119,0.1016,0.0,1143.9125896830433,,,,0,0.0,1,1942.3071062135193,1942.3071062135193,-0.0,310.7691369941631,64.48459592628885,0.0,,,291.3414888401784,1942.3071062135193,1864.6148219649783,77.69228424854089,1942.3071062135193,0.0,1.0,0.0,0.0,0.15610999002074788,97.9058430416709,0.96,653.2910107473122,627.1593703174196,26.131640429892514,1.0,0.0,0.0,0.15610999002074782,97.90584304167133,0.96,653.2910107473152,627.1593703174226,26.131640429892627,1.0,0.0,0.0,0.15653025749178945,95.52980275683628,0.96,635.7250847188918,610.2960813301361,25.429003388755746,,,,678.3769788293154,1864.6148219649783,1724.694277361877,139.84007654285472,1864.5343539047317,0.08046806024663056,1.0,0,0,0.3943102440924421,227.4344443105132,0.925,623.5574109828137,576.7906051591027,46.766805823711024,1.0,0,0,0.3942715136994044,227.3827581893143,0.925,623.4769429219184,576.7161722027746,46.76077071914381,1.0,0,0,0.39139472822757504,223.55977632948787,0.925,617.4999999999995,571.1874999999997,46.312499999999886,0.0,0,0,0.08724817754776784,0.0,0.88,0.0,0.0,0.0,1.0,,,0.101,174.1941220135496,1724.694277361877,1724.694277361877,0.0,53.465522598218186,0.0,,,217.61282885164223,-5.684341886080802e-14,93.57351640620615,3.0,1143.9125896830433,0.0,-0.0,0.0,116.22151911179719
119,1,120,0.1016,0.0,1143.9125896830424,,,,0,0.0,1,1942.3071062135173,1942.3071062135173,-0.0,310.76913699416275,64.48459592628878,0.0,,,291.34148884017793,1942.3071062135173,1864.6148219649765,77.69228424854077,1942.3071062135173,0.0,1.0,0.0,0.0,0.15610999002074788,97.9058430416709,0.96,653.2910107473122,627.1593703174196,26.131640429892514,1.0,0.0,0.0,0.15610999002074782,97.90584304167133,0.96,653.2910107473152,627.1593703174226,26.131640429892627,1.0,0.0,0.0,0.1565302574917892,95.52980275683583,0.96,635.7250847188899,610.2960813301343,25.429003388755632,,,,678.3769788293148,1864.6148219649765,1724.6942773618762,139.8400765428546,1864.5343539047308,0.08046806024572106,1.0,0,0,0.39431024409244164,227.43444431051262,0.925,623.5574109828128,576.7906051591019,46.76680582371091,1.0,0,0,0.3942715136994044,227.3827581893143,0.925,623.4769429219184,576.7161722027746,46.76077071914381,1.0,0,0,0.39139472822757504,223.55977632948787,0.925,617.4999999999995,571.1874999999997,46.312499999999886,0.0,0,0,0.08724817754776784,0.0,0.88,0.0,0.0,0.0,1.0,,,0.101,174.1941220135495,1724.6942773618762,1724.6942773618762,0.0,53.46552259821816,0.0,,,217.6128288516411,1.4210854715202004e-13,93.57351640620567,3.0,1143.9125896830424,0.0,-0.0,0.0,116.2215191117971
120,1,121,0.1016,0.0,1143.9125896830424,,,,0,0.0,1,1942.3071062135205,1942.3071062135205,-0.0,310.76913699416326,64.48459592628888,0.0,,,291.3414888401783,1942.3071062135205,1864.6148219649795,77.69228424854089,1942.3071062135205,0.0,1.0,0.0,0.0,0.15610999002074788,97.9058430416709,0.96,653.2910107473122,627.1593703174196,26.131640429892514,1.0,0.0,0.0,0.15610999002074782,97.90584304167133,0.96,653.2910107473152,627.1593703174226,26.131640429892627,1.0,0.0,0.0,0.15653025749178906,95.5298027568362,0.96,635.7250847188928,610.2960813301371,25.429003388755746,,,,678.3769788293146,1864.6148219649795,1724.6942773618757,139.84007654285472,1864.5343539047303,0.08046806024913167,1.0,0,0,0.3943102440924414,227.4344443105123,0.925,623.5574109828124,576.7906051591015,46.76680582371091,1.0,0,0,0.39427151369940416,227.38275818931405,0.925,623.4769429219181,576.7161722027743,46.76077071914381,1.0,0,0,0.39139472822757526,223.55977632948816,0.925,617.5,571.1875,46.3125,0.0,0,0,0.08724817754776784,0.0,0.88,0.0,0.0,0.0,1.0,,,0.101,174.19412201354945,1724.6942773618757,1724.6942773618757,0.0,53.46552259821814,0.0,,,217.61282885164474,8.526512829121202e-14,93.57351640620723,3.0,1143.9125896830424,0.0,-0.0,0.0,116.2215191117971
121,1,122,0.1016,0.0,1143.912589682941,,,,0,0.0,1,1942.30710621352,1942.30710621352,-0.0,310.7691369941632,64.48459592628886,0.0,,,291.3414888400771,1942.30710621352,1864.614821964979,77.69228424854089,1942.30710621352,0.0,1.0,0.0,0.0,0.15610999002074788,97.9058430416709,0.96,653.2910107473122,627.1593703174196,26.131640429892514,1.0,0.0,0.0,0.15610999002074782,97.90584304167133,0.96,653.2910107473152,627.1593703174226,26.131640429892627,1.0,0.0,0.0,0.15653025749162316,95.5298027567349,0.96,635.7250847188925,610.2960813301368,25.429003388755746,,,,678.3769788293146,1864.614821964979,1724.6942773618757,139.84007654285472,1864.5343539047306,0.08046806024844955,1.0,0,0,0.3943102440924414,227.4344443105123,0.925,623.5574109828124,576.7906051591015,46.76680582371091,1.0,0,0,0.3942715136994045,227.38275818931442,0.925,623.4769429219186,576.7161722027747,46.76077071914392,1.0,0,0,0.39139472822757504,223.55977632948787,0.925,617.4999999999995,571.1874999999997,46.312499999999886,0.0,0,0,0.08724817754776784,0.0,0.88,0.0,0.0,0.0,1.0,,,0.101,174.19412201354945,1724.6942773618757,1724.6942773618757,0.0,53.46552259821814,0.0,,,217.61282885164405,-1.4210854715202004e-13,93.57351640620693,3.0,1143.912589682941,0.0,-0.0,0.0,116.22151911178679
122,1,123,0.1016,0.0,1143.9125896829046,,,,0,0.0,1,1942.307106213516,1942.307106213516,-0.0,310.7691369941626,64.48459592628873,0.0,,,291.34148884004094,1942.307106213516,1864.614821964975,77.69228424854066,1942.307106213516,0.0,1.0,0.0,0.0,0.15610999002074788,97.9058430416709,0.96,653.2910107473122,627.1593703174196,26.131640429892514,1.0,0.0,0.0,0.15610999002074782,97.90584304167133,0.96,653.2910107473152,627.1593703174226,26.131640429892627,1.0,0.0,0.0,0.15653025749156493,95.52980275669874,0.96,635.7250847188883,610.2960813301328,25.42900338875552,,,,678.3769788293143,1864.614821964975,1724.6942773618753,139.84007654285472,1864.53435390473,0.08046806024481157,1.0,0,0,0.3943102440924414,227.4344443105123,0.925,623.5574109828124,576.7906051591015,46.76680582371091,1.0,0,0,0.3942715136994045,227.38275818931442,0.925,623.4769429219186,576.7161722027747,46.76077071914392,1.0,0,0,0.3913947282275748,223.5597763294876,0.925,617.4999999999991,571.1874999999992,46.312499999999886,0.0,0,0,0.08724817754776784,0.0,0.88,0.0,0.0,0.0,1.0,,,0.101,174.19412201354942,1724.6942773618753,1724.6942773618753,0.0,53.465522598218136,0.0,,,217.6128288516402,-1.1368683772161603e-13,93.57351640620529,3.0,1143.9125896829046,0.0,-0.0,0.0,116.2215191117831
123,1,124,0.1016,0.0,1143.9125896831342,,,,0,0.0,1,1942.3071062141908,1942.3071062141908,-0.0,310.7691369942705,64.48459592631113,0.0,,,291.34148884026774,1942.3071062141908,1864.614821965623,77.69228424856772,1942.3071062141908,0.0,1.0,0.0,0.0,0.15610999002074788,97.9058430416709,0.96,653.2910107473122,627.1593703174196,26.131640429892514,1.0,0.0,0.0,0.15610999002074782,97.90584304167133,0.96,653.2910107473152,627.1593703174226,26.131640429892627,1.0,0.0,0.0,0.15653025749177035,95.5298027569255,0.96,635.7250847195631,610.2960813307806,25.429003388782576,,,,678.3769788293166,1864.614821965623,1724.694277361879,139.84007654285494,1864.534353904734,0.08046806088896119,1.0,0,0,0.3943102440924413,227.43444431051213,0.925,623.5574109828121,576.7906051591012,46.76680582371091,1.0,0,0,0.3942715136994065,227.38275818931717,0.925,623.476942921923,576.7161722027788,46.76077071914415,1.0,0,0,0.3913947282275746,223.5597763294873,0.925,617.4999999999987,571.1874999999989,46.312499999999886,0.0,0,0,0.08724817754776784,0.0,0.88,0.0,0.0,0.0,1.0,,,0.101,174.1941220135498,1724.694277361879,1724.694277361879,0.0,53.46552259821824,0.0,,,217.61282885231162,8.526512829121202e-14,93.573516406494,3.0,1143.9125896831342,0.0,-0.0,0.0,116.22151911180643
124,1,125,0.1016,0.0,1143.9125896831301,,,,0,0.0,1,1942.307106214189,1942.307106214189,-0.0,310.76913699427024,64.48459592631107,0.0,,,291.3414888402675,1942.307106214189,1864.6148219656213,77.6922842485676,1942.307106214189,0.0,1.0,0.0,0.0,0.15610999002074788,97.9058430416709,0.96,653.2910107473122,627.1593703174196,26.131640429892514,1.0,0.0,0.0,0.15610999002074782,97.90584304167133,0.96,653.2910107473152,627.1593703174226,26.131640429892627,1.0,0.0,0.0,0.15653025749177038,95.52980275692529,0.96,635.7250847195616,610.2960813307791,25.429003388782462,,,,678.3769788293134,1864.6148219656213,1724.6942773618744,139.8400765428546,1864.5343539047287,0.08046806089259917,1.0,0,0,0.3943102440924411,227.43444431051188,0.925,623.5574109828117,576.7906051591009,46.7668058237108,1.0,0,0,0.3942715136994045,227.38275818931442,0.925,623.4769429219186,576.7161722027747,46.76077071914392,1.0,0,0,0.3913947282275745,223.55977632948714,0.925,617.4999999999984,571.1874999999985,46.312499999999886,0.0,0,0,0.08724817754776784,0.0,0.88,0.0,0.0,0.0,1.0,,,0.101,174.19412201354933,1724.6942773618744,1724.6942773618744,0.0,53.46552259821811,0.0,,,217.6128288523148,-1.4210854715202004e-13,93.57351640649536,3.0,1143.9125896831301,0.0,-0.0,0.0,116.22151911180602
125,1,126,0.1016,0.0,1143.9125896831324,,,,0,0.0,1,1942.3071062141908,1942.3071062141908,-0.0,310.7691369942705,64.48459592631113,0.0,,,291.3414888402675,1942.3071062141908,1864.614821965623,77.69228424856772,1942.3071062141908,0.0,1.0,0.0,0.0,0.15610999002074788,97.9058430416709,0.96,653.2910107473122,627.1593703174196,26.131640429892514,1.0,0.0,0.0,0.15610999002074782,97.90584304167133,0.96,653.2910107473152,627.1593703174226,26.131640429892627,1.0,0.0,0.0,0.15653025749177035,95.5298027569255,0.96,635.7250847195631,610.2960813307806,25.429003388782576,,,,678.3769788293154,1864.614821965623,1724.694277361877,139.84007654285483,1864.5343539047317,0.08046806089123493,1.0,0,0,0.3943102440924413,227.43444431051213,0.925,623.5574109828121,576.7906051591012,46.76680582371091,1.0,0,0,0.3942715136994045,227.38275818931442,0.925,623.4769429219186,576.7161722027747,46.76077071914392,1.0,0,0,0.3913947282275757,223.5597763294888,0.925,617.500000000001,571.187500000001,46.3125,0.0,0,0,0.08724817754776784,0.0,0.88,0.0,0.0,0.0,1.0,,,0.101,174.1941220135496,1724.694277361877,1724.694277361877,0.0,53.465522598218186,0.0,,,217.61282885231378,-5.684341886080802e-14,93.57351640649493,3.0,1143.9125896831324,0.0,-0.0,0.0,116.22151911180624
126,1,127,0.1016,0.0,1143.9125896831313,,,,0,0.0,1,1942.3071062141876,1942.3071062141876,-0.0,310.76913699427,64.48459592631103,0.0,,,291.34148884026695,1942.3071062141876,1864.6148219656197,77.6922842485676,1942.3071062141876,0.0,1.0,0.0,0.0,0.15610999002074788,97.9058430416709,0.96,653.2910107473122,627.1593703174196,26.131640429892514,1.0,0.0,0.0,0.15610999002074782,97.90584304167085,0.96,653.291010747312,627.1593703174195,26.131640429892514,1.0,0.0,0.0,0.15653025749177035,95.5298027569255,0.96,635.7250847195631,610.2960813307806,25.429003388782576,,,,678.3769788293148,1864.6148219656197,1724.694277361876,139.84007654285483,1864.534353904731,0.08046806088873382,1.0,0,0,0.3943102440924414,227.4344443105123,0.925,623.5574109828124,576.7906051591015,46.76680582371091,1.0,0,0,0.3942715136994045,227.38275818931447,0.925,623.4769429219187,576.7161722027748,46.76077071914392,1.0,0,0,0.39139472822757515,223.559776329488,0.925,617.4999999999998,571.1874999999998,46.3125,0.0,0,0,0.08724817754776784,0.0,0.88,0.0,0.0,0.0,1.0,,,0.101,174.19412201354947,1724.694277361876,1724.694277361876,0.0,53.46552259821815,0.0,,,217.61282885231117,5.684341886080802e-14,93.5735164064938,3.0,1143.9125896831313,0.0,-0.0,0.0,116.22151911180613
127,1,128,0.1016,0.0,1143.912589683131,,,,0,0.0,1,1942.3071062141905,1942.3071062141905,-0.0,310.76913699427047,64.48459592631113,0.0,,,291.3414888402672,1942.3071062141905,1864.614821965623,77.69228424856772,1942.3071062141905,0.0,1.0,0.0,0.0,0.15610999002074788,97.9058430416709,0.96,653.2910107473122,627.1593703174196,26.131640429892514,1.0,0.0,0.0,0.15610999002074782,97.90584304167085,0.96,653.291010747312,627.1593703174195,26.131640429892514,1.0,0.0,0.0,0.1565302574917697,95.52980275692556,0.96,635.7250847195662,610.2960813307835,25.42900338878269,,,,678.3769788293143,1864.614821965623,1724.6942773618753,139.84007654285472,1864.5343539047303,0.08046806089259917,1.0,0,0,0.3943102440924413,227.4344443105121,0.925,623.557410982812,576.7906051591011,46.76680582371091,1.0,0,0,0.3942715136994045,227.38275818931442,0.925,623.4769429219186,576.7161722027747,46.76077071914392,1.0,0,0,0.39139472822757504,223.55977632948787,0.925,617.4999999999995,571.1874999999997,46.312499999999886,0.0,0,0,0.08724817754776784,0.0,0.88,0.0,0.0,0.0,1.0,,,0.101,174.19412201354942,1724.6942773618753,1724.6942773618753,0.0,53.465522598218136,0.0,,,217.61282885231503,1.1368683772161603e-13,93.57351640649546,3.0,1143.912589683131,0.0,-0.0,0.0,116.2215191118061
128,1,129,0.1016,0.0,1143.912589683131,,,,0,0.0,1,1942.3071062141871,1942.3071062141871,-0.0,310.76913699426996,64.48459592631102,0.0,,,291.3414888402672,1942.3071062141871,1864.6148219656193,77.6922842485676,1942.3071062141871,0.0,1.0,0.0,0.0,0.15610999002074788,97.90584304167083,0.96,653.2910107473117,627.1593703174192,26.131640429892514,1.0,0.0,0.0,0.15610999002074782,97.90584304167085,0.96,653.291010747312,627.1593703174195,26.131640429892514,1.0,0.0,0.0,0.15653025749177035,95.5298027569255,0.96,635.7250847195631,610.2960813307806,25.429003388782576,,,,678.3769788293146,1864.6148219656193,1724.6942773618757,139.84007654285472,1864.5343539047306,0.08046806088873382,1.0,0,0,0.3943102440924414,227.4344443105123,0.925,623.5574109828124,576.7906051591015,46.76680582371091,1.0,0,0,0.3942715136994045,227.38275818931442,0.925,623.4769429219186,576.7161722027747,46.76077071914392,1.0,0,0,0.39139472822757504,223.55977632948787,0.925,617.4999999999995,571.1874999999997,46.312499999999886,0.0,0,0,0.08724817754776784,0.0,0.88,0.0,0.0,0.0,1.0,,,0.101,174.19412201354945,1724.6942773618757,1724.6942773618757,0.0,53.46552259821814,0.0,,,217.61282885231105,-1.4210854715202004e-13,93.57351640649375,3.0,1143.912589683131,0.0,-0.0,0.0,116.2215191118061
129,1,130,0.1016,0.0,1143.9125896831356,,,,0,0.0,1,1942.3071062141876,1942.3071062141876,-0.0,310.76913699427,64.48459592631103,0.0,,,291.34148884026706,1942.3071062141876,1864.6148219656197,77.6922842485676,1942.3071062141876,0.0,1.0,0.0,0.0,0.15610999002074788,97.9058430416709,0.96,653.2910107473122,627.1593703174196,26.131640429892514,1.0,0.0,0.0,0.15610999002074782,97.90584304167085,0.96,653.291010747312,627.1593703174195,26.131640429892514,1.0,0.0,0.0,0.15653025749177035,95.5298027569255,0.96,635.7250847195631,610.2960813307806,25.429003388782576,,,,678.3769788293185,1864.6148219656197,1724.6942773618816,139.84007654285517,1864.5343539047367,0.08046806088304947,1.0,0,0,0.3943102440924414,227.4344443105123,0.925,623.5574109828124,576.7906051591015,46.76680582371091,1.0,0,0,0.39427151369940716,227.38275818931805,0.925,623.4769429219243,576.7161722027801,46.76077071914426,1.0,0,0,0.39139472822757526,223.55977632948816,0.925,617.5,571.1875,46.3125,0.0,0,0,0.08724817754776784,0.0,0.88,0.0,0.0,0.0,1.0,,,0.101,174.19412201355004,1724.6942773618816,1724.6942773618816,0.0,53.46552259821833,0.0,,,217.61282885230582,-5.684341886080802e-14,93.5735164064915,3.0,1143.9125896831356,0.0,-0.0,0.0,116.22151911180657
130,1,131,0.1016,0.0,1143.9125896831313,,,,0,0.0,1,1942.307106214188,1942.307106214188,-0.0,310.76913699427007,64.48459592631104,0.0,,,291.34148884026695,1942.307106214188,1864.6148219656202,77.6922842485676,1942.307106214188,0.0,1.0,0.0,0.0,0.15610999002074788,97.9058430416709,0.96,653.2910107473122,627.1593703174196,26.131640429892514,1.0,0.0,0.0,0.1561099900207479,97.9058430416709,0.96,653.291010747312,627.1593703174195,26.131640429892514,1.0,0.0,0.0,0.15653025749177035,95.52980275692558,0.96,635.7250847195636,610.296081330781,25.429003388782576,,,,678.3769788293148,1864.6148219656202,1724.694277361876,139.84007654285483,1864.5343539047308,0.08046806088941594,1.0,0,0,0.3943102440924414,227.4344443105123,0.925,623.5574109828124,576.7906051591015,46.76680582371091,1.0,0,0,0.3942715136994045,227.38275818931442,0.925,623.4769429219186,576.7161722027747,46.76077071914392,1.0,0,0,0.39139472822757515,223.559776329488,0.925,617.4999999999998,571.1874999999998,46.3125,0.0,0,0,0.08724817754776784,0.0,0.88,0.0,0.0,0.0,1.0,,,0.101,174.19412201354947,1724.694277361876,1724.694277361876,0.0,53.46552259821815,0.0,,,217.61282885231185,5.684341886080802e-14,93.5735164064941,3.0,1143.9125896831313,0.0,-0.0,0.0,116.22151911180613
131,1,132,0.1016,0.0,1143.912589683129,,,,0,0.0,1,1942.307106214178,1942.307106214178,-0.0,310.7691369942685,64.48459592631072,0.0,,,291.3414888402657,1942.307106214178,1864.6148219656106,77.69228424856726,1942.307106214178,0.0,1.0,0.0,0.0,0.15610999002074807,97.90584304166958,0.96,653.2910107473026,627.1593703174104,26.131640429892173,1.0,0.0,0.0,0.1561099900207479,97.9058430416709,0.96,653.291010747312,627.1593703174195,26.131640429892514,1.0,0.0,0.0,0.15653025749177038,95.52980275692556,0.96,635.7250847195634,610.2960813307808,25.429003388782576,,,,678.3769788293139,1864.6148219656106,1724.694277361875,139.84007654285472,1864.5343539047296,0.08046806088100311,1.0,0,0,0.39431024409244086,227.43444431051157,0.925,623.5574109828112,576.7906051591004,46.7668058237108,1.0,0,0,0.3942715136994045,227.38275818931442,0.925,623.4769429219186,576.7161722027747,46.76077071914392,1.0,0,0,0.39139472822757515,223.559776329488,0.925,617.4999999999998,571.1874999999998,46.3125,0.0,0,0,0.08724817754776784,0.0,0.88,0.0,0.0,0.0,1.0,,,0.101,174.1941220135494,1724.694277361875,1724.694277361875,0.0,53.46552259821813,0.0,,,217.61282885230298,2.842170943040401e-14,93.57351640649028,3.0,1143.912589683129,0.0,-0.0,0.0,116.2215191118059
132,1,133,0.1016,0.0,1143.912589683131,,,,0,0.0,1,1942.3071062141803,1942.3071062141803,-0.0,310.7691369942689,64.48459592631079,0.0,,,291.3414888402672,1942.3071062141803,1864.6148219656131,77.69228424856726,1942.3071062141803,0.0,1.0,0.0,0.0,0.15610999002074788,97.9058430416709,0.96,653.2910107473122,627.1593703174196,26.131640429892514,1.0,0.0,0.0,0.1561099900207479,97.9058430416709,0.96,653.291010747312,627.1593703174195,26.131640429892514,1.0,0.0,0.0,0.15653025749177216,95.52980275692555,0.96,635.7250847195561,610.2960813307739,25.429003388782235,,,,678.3769788293143,1864.6148219656131,1724.6942773618753,139.84007654285574,1864.534353904731,0.08046806088213998,1.0,0,0,0.3943102440924414,227.4344443105123,0.925,623.5574109828124,576.7906051591015,46.76680582371091,1.0,0,0,0.3942715136994047,227.38275818931453,0.9249999999999984,623.4769429219197,576.7161722027747,46.76077071914494,1.0,0,0,0.3913947282275747,223.55977632948742,0.925,617.4999999999989,571.187499999999,46.312499999999886,0.0,0,0,0.08724817754776784,0.0,0.88,0.0,0.0,0.0,1.0,,,0.101,174.19412201354942,1724.6942773618753,1724.6942773618753,0.0,53.465522598218136,0.0,,,217.61282885230514,1.1368683772161603e-13,93.57351640649121,3.0,1143.912589683131,0.0,-0.0,0.0,116.2215191118061
133,1,134,0.1016,0.0,1143.9125896831313,,,,0,0.0,1,1942.307106214188,1942.307106214188,-0.0,310.76913699427007,64.48459592631104,0.0,,,291.3414888402674,1942.307106214188,1864.6148219656202,77.6922842485676,1942.307106214188,0.0,1.0,0.0,0.0,0.15610999002074788,97.9058430416709,0.96,653.2910107473122,627.1593703174196,26.131640429892514,1.0,0.0,0.0,0.1561099900207479,97.9058430416709,0.96,653.291010747312,627.1593703174195,26.131640429892514,1.0,0.0,0.0,0.15653025749177038,95.52980275692559,0.96,635.7250847195636,610.296081330781,25.429003388782576,,,,678.3769788293145,1864.6148219656202,1724.6942773618757,139.84007654285472,1864.5343539047303,0.08046806088987069,1.0,0,0,0.3943102440924411,227.43444431051188,0.925,623.5574109828117,576.7906051591009,46.7668058237108,1.0,0,0,0.3942715136994045,227.38275818931442,0.925,623.4769429219186,576.7161722027747,46.76077071914392,1.0,0,0,0.39139472822757526,223.55977632948816,0.925,617.5,571.1875,46.3125,0.0,0,0,0.08724817754776784,0.0,0.88,0.0,0.0,0.0,1.0,,,0.101,174.19412201354945,1724.6942773618757,1724.6942773618757,0.0,53.46552259821814,0.0,,,217.6128288523122,-2.842170943040401e-14,93.57351640649424,3.0,1143.9125896831313,0.0,-0.0,0.0,116.22151911180613
134,1,135,0.1016,0.0,1143.9125896831263,,,,0,0.0,1,1942.3071062141876,1942.3071062141876,-0.0,310.76913699427,64.48459592631103,0.0,,,291.3414888402672,1942.3071062141876,1864.6148219656197,77.6922842485676,1942.3071062141876,0.0,1.0,0.0,0.0,0.15610999002074788,97.9058430416709,0.96,653.2910107473122,627.1593703174196,26.131640429892514,1.0,0.0,0.0,0.1561099900207479,97.9058430416709,0.96,653.291010747312,627.1593703174195,26.131640429892514,1.0,0.0,0.0,0.15653025749177035,95.5298027569255,0.96,635.7250847195631,610.2960813307806,25.429003388782576,,,,678.3769788293102,1864.6148219656197,1724.6942773618694,139.84007654285426,1864.5343539047237,0.08046806089600977,1.0,0,0,0.3943102440924384,227.43444431050833,0.925,623.5574109828062,576.7906051590958,46.766805823710456,1.0,0,0,0.3942715136994045,227.38275818931442,0.925,623.4769429219186,576.7161722027747,46.76077071914392,1.0,0,0,0.3913947282275747,223.55977632948742,0.925,617.4999999999989,571.187499999999,46.312499999999886,0.0,0,0,0.08724817754776784,0.0,0.88,0.0,0.0,0.0,1.0,,,0.101,174.19412201354882,1724.6942773618694,1724.6942773618694,0.0,53.46552259821795,0.0,,,217.61282885231788,2.842170943040401e-14,93.57351640649668,3.0,1143.9125896831263,0.0,-0.0,0.0,116.22151911180562
135,1,136,0.1016,0.0,1143.9717935329181,,,,0,0.0,1,1942.3071062141785,1942.3071062141785,-0.0,310.76913699426854,64.48459592631073,0.0,,,291.3414888402659,1942.3071062141785,1864.614821965611,77.69228424856726,1942.3071062141785,0.0,1.0,0.0,0.0,0.15610999002074805,97.90584304166961,0.96,653.2910107473028,627.1593703174107,26.131640429892173,1.0,0.0,0.0,0.1561099900207479,97.9058430416709,0.96,653.291010747312,627.1593703174195,26.131640429892514,1.0,0.0,0.0,0.15653025749177024,95.5298027569255,0.96,635.7250847195636,610.296081330781,25.429003388782576,,,,678.4286649505135,1864.614821965611,1724.7687103182043,139.84611164742182,1864.614821965626,-1.5006662579253316e-11,1.0,0,0,0.3943102440924411,227.43444431051188,0.925,623.5574109828117,576.7906051591009,46.7668058237108,1.0,0,0,0.39431024409244186,227.4344443105129,0.925,623.5574109828134,576.7906051591024,46.766805823711024,1.0,0,0,0.3913947282275757,223.55977632948876,0.925,617.5000000000009,571.1875000000009,46.3125,0.0,0,0,0.08724817754776784,0.0,0.88,0.0,0.0,0.0,1.0,,,0.101,174.20163974213864,1724.7687103182043,1724.7687103182043,0.0,53.46783001986433,0.0,,,217.53839589597408,5.684341886080802e-14,93.54151023526885,3.0,1143.9717935329181,0.0,-0.0,0.0,116.22753422294447
136,1,137,0.1016,0.0,1143.9717935329195,,,,0,0.0,1,1942.307106214188,1942.307106214188,-0.0,310.76913699427007,64.48459592631104,0.0,,,291.3414888402672,1942.307106214188,1864.6148219656202,77.6922842485676,1942.307106214188,0.0,1.0,0.0,0.0,0.15610999002074788,97.9058430416709,0.96,653.2910107473122,627.1593703174196,26.131640429892514,1.0,0.0,0.0,0.1561099900207479,97.9058430416709,0.96,653.291010747312,627.1593703174195,26.131640429892514,1.0,0.0,0.0,0.15653025749177035,95.52980275692558,0.96,635.7250847195636,610.296081330781,25.429003388782576,,,,678.4286649505136,1864.6148219656202,1724.7687103182043,139.84611164742182,1864.614821965626,-5.9117155615240335e-12,1.0,0,0,0.39431024409244175,227.43444431051282,0.925,623.5574109828132,576.7906051591023,46.76680582371091,1.0,0,0,0.39431024409244186,227.4344443105129,0.925,623.5574109828134,576.7906051591024,46.766805823711024,1.0,0,0,0.39139472822757504,223.55977632948787,0.925,617.4999999999995,571.1874999999997,46.312499999999886,0.0,0,0,0.08724817754776784,0.0,0.88,0.0,0.0,0.0,1.0,,,0.101,174.20163974213864,1724.7687103182043,1724.7687103182043,0.0,53.46783001986433,0.0,,,217.5383958959835,5.684341886080802e-14,93.54151023527291,3.0,1143.9717935329195,0.0,-0.0,0.0,116.22753422294461
137,1,138,0.13994,0.0,1143.9717935329181,,,,0,0.0,1,1942.307106214188,1942.307106214188,-0.0,310.76913699427007,64.48459592631104,0.0,,,291.3414888402673,1942.307106214188,1864.6148219656202,77.6922842485676,1942.307106214188,0.0,1.0,0.0,0.0,0.15610999002074788,97.9058430416709,0.96,653.2910107473122,627.1593703174196,26.131640429892514,1.0,0.0,0.0,0.1561099900207479,97.9058430416709,0.96,653.291010747312,627.1593703174195,26.131640429892514,1.0,0.0,0.0,0.15653025749177035,95.52980275692558,0.96,635.7250847195636,610.296081330781,25.429003388782576,,,,678.4286649505125,1864.6148219656202,1724.7687103182025,139.8461116474217,1864.6148219656243,-4.092726157978177e-12,1.0,0,0,0.3943102440924414,227.4344443105123,0.925,623.5574109828124,576.7906051591015,46.76680582371091,1.0,0,0,0.3943102440924414,227.4344443105123,0.925,623.5574109828124,576.7906051591015,46.76680582371091,1.0,0,0,0.39139472822757504,223.55977632948787,0.925,617.4999999999995,571.1874999999997,46.312499999999886,0.0,0,0,0.08724817754776784,0.0,0.88,0.0,0.0,0.0,1.0,,,0.101,174.20163974213847,1724.7687103182025,1724.7687103182025,0.0,53.46783001986427,0.0,,,217.53839589598522,-1.1368683772161603e-13,93.54151023527365,3.0,1143.9717935329181,0.0,-0.0,0.0,160.08741278699657
138,1,139,0.13994,0.0,1143.971793532923,,,,0,0.0,1,1942.307106214178,1942.307106214178,-0.0,310.7691369942685,64.48459592631072,0.0,,,291.3414888402659,1942.307106214178,1864.614821965611,77.69228424856726,1942.307106214178,0.0,1.0,0.0,0.0,0.15610999002074805,97.90584304166975,0.96,653.2910107473037,627.1593703174116,26.131640429892173,1.0,0.0,0.0,0.1561099900207479,97.9058430416709,0.96,653.291010747312,627.1593703174195,26.131640429892514,1.0,0.0,0.0,0.15653025749177038,95.52980275692542,0.96,635.7250847195625,610.2960813307799,25.429003388782576,,,,678.4286649505177,1864.614821965611,1724.7687103182102,139.84611164742228,1864.6148219656325,-2.1373125491663814e-11,1.0,0,0,0.3943102440924414,227.4344443105123,0.925,623.5574109828124,576.7906051591015,46.76680582371091,1.0,0,0,0.3943102440924453,227.43444431051753,0.925,623.5574109828206,576.7906051591091,46.76680582371148,1.0,0,0,0.39139472822757504,223.55977632948787,0.925,617.4999999999995,571.1874999999997,46.312499999999886,0.0,0,0,0.08724817754776784,0.0,0.88,0.0,0.0,0.0,1.0,,,0.101,174.20163974213924,1724.7687103182102,1724.7687103182102,0.0,53.467830019864515,0.0,,,217.53839589596816,2.842170943040401e-14,93.54151023526632,3.0,1143.971793532923,0.0,-0.0,0.0,160.08741278699725
139,1,140,0.13994,0.0,1143.971793532919,,,,0,0.0,1,1942.3071062141876,1942.3071062141876,-0.0,310.76913699427,64.48459592631103,0.0,,,291.3414888402673,1942.3071062141876,1864.6148219656197,77.6922842485676,1942.3071062141876,0.0,1.0,0.0,0.0,0.15610999002074788,97.9058430416709,0.96,653.2910107473122,627.1593703174196,26.131640429892514,1.0,0.0,0.0,0.1561099900207479,97.9058430416709,0.96,653.291010747312,627.1593703174195,26.131640429892514,1.0,0.0,0.0,0.15653025749177035,95.5298027569255,0.96,635.7250847195631,610.2960813307806,25.429003388782576,,,,678.428664950513,1864.6148219656197,1724.7687103182034,139.84611164742182,1864.6148219656252,-5.4569682106375694e-12,1.0,0,0,0.3943102440924411,227.43444431051188,0.925,623.5574109828117,576.7906051591009,46.7668058237108,1.0,0,0,0.394310244092442,227.43444431051302,0.925,623.5574109828135,576.7906051591025,46.766805823711024,1.0,0,0,0.39139472822757526,223.55977632948816,0.925,617.5,571.1875,46.3125,0.0,0,0,0.08724817754776784,0.0,0.88,0.0,0.0,0.0,1.0,,,0.101,174.20163974213855,1724.7687103182034,1724.7687103182034,0.0,53.4678300198643,0.0,,,217.53839589598397,1.4210854715202004e-13,93.54151023527311,3.0,1143.971793532919,0.0,-0.0,0.0,160.0874127869967
140,1,141,0.13994,0.0,1143.9717935329184,,,,0,0.0,1,1942.3071062141853,1942.3071062141853,-0.0,310.7691369942697,64.48459592631096,0.0,,,291.34148884026706,1942.3071062141853,1864.614821965618,77.69228424856749,1942.3071062141853,0.0,1.0,0.0,0.0,0.15610999002074788,97.9058430416709,0.96,653.2910107473122,627.1593703174196,26.131640429892514,1.0,0.0,0.0,0.1561099900207479,97.9058430416709,0.96,653.291010747312,627.1593703174195,26.131640429892514,1.0,0.0,0.0,0.15653025749177094,95.52980275692556,0.96,635.7250847195611,610.2960813307786,25.429003388782462,,,,678.4286649505128,1864.614821965618,1724.768710318203,139.8461116474217,1864.6148219656247,-6.821210263296962e-12,1.0,0,0,0.39431024409244153,227.43444431051245,0.925,623.5574109828126,576.7906051591017,46.76680582371091,1.0,0,0,0.39431024409244164,227.43444431051262,0.925,623.5574109828128,576.7906051591019,46.76680582371091,1.0,0,0,0.39139472822757493,223.55977632948773,0.925,617.4999999999993,571.1874999999994,46.312499999999886,0.0,0,0,0.08724817754776784,0.0,0.88,0.0,0.0,0.0,1.0,,,0.101,174.2016397421385,1724.768710318203,1724.768710318203,0.0,53.46783001986429,0.0,,,217.53839589598238,-2.842170943040401e-14,93.54151023527243,3.0,1143.9717935329184,0.0,-0.0,0.0,160.0874127869966
141,1,142,0.13994,0.0,1143.9717935329202,,,,0,0.0,1,1942.3071062141785,1942.3071062141785,-0.0,310.76913699426854,64.48459592631073,0.0,,,291.3414888402657,1942.3071062141785,1864.614821965611,77.69228424856726,1942.3071062141785,0.0,1.0,0.0,0.0,0.15610999002074788,97.9058430416709,0.96,653.2910107473122,627.1593703174196,26.131640429892514,1.0,0.0,0.0,0.15610999002074805,97.90584304166966,0.96,653.2910107473032,627.159370317411,26.131640429892173,1.0,0.0,0.0,0.15653025749177035,95.5298027569255,0.96,635.7250847195631,610.2960813307806,25.429003388782576,,,,678.4286649505156,1864.614821965611,1724.768710318207,139.84611164742216,1864.614821965629,-1.7962520360015333e-11,1.0,0,0,0.3943102440924414,227.4344443105123,0.925,623.5574109828124,576.7906051591015,46.76680582371091,1.0,0,0,0.39431024409244353,227.4344443105151,0.925,623.5574109828167,576.7906051591054,46.76680582371125,1.0,0,0,0.39139472822757526,223.55977632948816,0.925,617.5,571.1875,46.3125,0.0,0,0,0.08724817754776784,0.0,0.88,0.0,0.0,0.0,1.0,,,0.101,174.20163974213892,1724.768710318207,1724.768710318207,0.0,53.467830019864415,0.0,,,217.53839589597146,0.0,93.54151023526772,3.0,1143.9717935329202,0.0,-0.0,0.0,160.08741278699685
142,1,143,0.1016,0.0,1143.971793532919,,,,0,0.0,1,1942.3071062141876,1942.3071062141876,-0.0,310.76913699427,64.48459592631103,0.0,,,291.34148884026706,1942.3071062141876,1864.6148219656197,77.6922842485676,1942.3071062141876,0.0,1.0,0.0,0.0,0.15610999002074788,97.9058430416709,0.96,653.2910107473122,627.1593703174196,26.131640429892514,1.0,0.0,0.0,0.1561099900207479,97.9058430416709,0.96,653.291010747312,627.1593703174195,26.131640429892514,1.0,0.0,0.0,0.15653025749177035,95.5298027569255,0.96,635.7250847195631,610.2960813307806,25.429003388782576,,,,678.4286649505134,1864.6148219656197,1724.7687103182038,139.84611164742194,1864.6148219656257,-5.9117155615240335e-12,1.0,0,0,0.3943102440924414,227.4344443105123,0.925,623.5574109828124,576.7906051591015,46.76680582371091,1.0,0,0,0.39431024409244186,227.4344443105129,0.925,623.5574109828134,576.7906051591024,46.766805823711024,1.0,0,0,0.39139472822757526,223.55977632948816,0.925,617.5,571.1875,46.3125,0.0,0,0,0.08724817754776784,0.0,0.88,0.0,0.0,0.0,1.0,,,0.101,174.2016397421386,1724.7687103182038,1724.7687103182038,0.0,53.467830019864316,0.0,,,217.53839589598363,-2.842170943040401e-14,93.54151023527295,3.0,1143.971793532919,0.0,-0.0,0.0,116.22753422294457
143,1,144,0.1016,0.0,1143.9717935329181,,,,0,0.0,1,1942.3071062141858,1942.3071062141858,-0.0,310.76913699426973,64.48459592631097,0.0,,,291.34148884026706,1942.3071062141858,1864.614821965618,77.69228424856749,1942.3071062141858,0.0,1.0,0.0,0.0,0.15610999002074788,97.9058430416709,0.96,653.2910107473122,627.1593703174196,26.131640429892514,1.0,0.0,0.0,0.15610999002074794,97.90584304167068,0.96,653.2910107473103,627.1593703174179,26.1316404298924,1.0,0.0,0.0,0.15653025749177035,95.5298027569255,0.96,635.7250847195631,610.2960813307806,25.429003388782576,,,,678.4286649505127,1864.614821965618,1724.768710318203,139.84611164742182,1864.6148219656245,-6.59383658785373e-12,1.0,0,0,0.3943102440924414,227.4344443105123,0.925,623.5574109828124,576.7906051591015,46.76680582371091,1.0,0,0,0.39431024409244186,227.4344443105129,0.925,623.5574109828134,576.7906051591024,46.766805823711024,1.0,0,0,0.3913947282275747,223.55977632948742,0.925,617.4999999999989,571.187499999999,46.312499999999886,0.0,0,0,0.08724817754776784,0.0,0.88,0.0,0.0,0.0,1.0,,,0.101,174.2016397421385,1724.768710318203,1724.768710318203,0.0,53.46783001986429,0.0,,,217.53839589598272,-1.4210854715202004e-13,93.54151023527257,3.0,1143.9717935329181,0.0,-0.0,0.0,116.22753422294447
144,1,145,0.1016,0.0,1143.971793532919,,,,0,0.0,1,1942.3071062141876,1942.3071062141876,-0.0,310.76913699427,64.48459592631103,0.0,,,291.3414888402672,1942.3071062141876,1864.6148219656197,77.6922842485676,1942.3071062141876,0.0,1.0,0.0,0.0,0.15610999002074788,97.9058430416709,0.96,653.2910107473122,627.1593703174196,26.131640429892514,1.0,0.0,0.0,0.1561099900207479,97.9058430416709,0.96,653.291010747312,627.1593703174195,26.131640429892514,1.0,0.0,0.0,0.15653025749177035,95.5298027569255,0.96,635.7250847195631,610.2960813307806,25.429003388782576,,,,678.4286649505132,1864.6148219656197,1724.7687103182034,139.84611164742182,1864.6148219656252,-5.4569682106375694e-12,1.0,0,0,0.3943102440924414,227.4344443105123,0.925,623.5574109828124,576.7906051591015,46.76680582371091,1.0,0,0,0.39431024409244186,227.4344443105129,0.925,623.5574109828134,576.7906051591024,46.766805823711024,1.0,0,0,0.39139472822757504,223.55977632948787,0.925,617.4999999999995,571.1874999999997,46.312499999999886,0.0,0,0,0.08724817754776784,0.0,0.88,0.0,0.0,0.0,1.0,,,0.101,174.20163974213855,1724.7687103182034,1724.7687103182034,0.0,53.4678300198643,0.0,,,217.53839589598397,1.4210854715202004e-13,93.54151023527311,3.0,1143.971793532919,0.0,-0.0,0.0,116.22753422294457
145,1,146,0.1016,0.0,1143.9717935329174,,,,0,0.0,1,1942.3071062141858,1942.3071062141858,-0.0,310.76913699426973,64.48459592631097,0.0,,,291.34148884026706,1942.3071062141858,1864.6148219656184,77.69228424856749,1942.3071062141858,0.0,1.0,0.0,0.0,0.15610999002074788,97.9058430416709,0.96,653.2910107473122,627.1593703174196,26.131640429892514,1.0,0.0,0.0,0.1561099900207479,97.9058430416709,0.96,653.291010747312,627.1593703174195,26.131640429892514,1.0,0.0,0.0,0.15653025749177038,95.52980275692529,0.96,635.7250847195616,610.2960813307791,25.429003388782462,,,,678.4286649505119,1864.6148219656184,1724.768710318202,139.8461116474217,1864.6148219656236,-5.229594535194337e-12,1.0,0,0,0.3943102440924411,227.43444431051188,0.925,623.5574109828117,576.7906051591009,46.7668058237108,1.0,0,0,0.39431024409244186,227.4344443105129,0.925,623.5574109828134,576.7906051591024,46.766805823711024,1.0,0,0,0.3913947282275745,223.55977632948714,0.925,617.4999999999984,571.1874999999985,46.312499999999886,0.0,0,0,0.08724817754776784,0.0,0.88,0.0,0.0,0.0,1.0,,,0.101,174.2016397421384,1724.768710318202,1724.768710318202,0.0,53.46783001986426,0.0,,,217.53839589598397,5.684341886080802e-14,93.54151023527311,3.0,1143.9717935329174,0.0,-0.0,0.0,116.22753422294441
146,1,147,0.1016,0.0,1143.9717935329184,,,,0,0.0,1,1942.3071062141876,1942.3071062141876,-0.0,310.76913699427,64.48459592631103,0.0,,,291.3414888402672,1942.3071062141876,1864.6148219656197,77.6922842485676,1942.3071062141876,0.0,1.0,0.0,0.0,0.15610999002074788,97.9058430416709,0.96,653.2910107473122,627.1593703174196,26.131640429892514,1.0,0.0,0.0,0.1561099900207479,97.9058430416709,0.96,653.291010747312,627.1593703174195,26.131640429892514,1.0,0.0,0.0,0.15653025749177035,95.5298027569255,0.96,635.7250847195631,610.2960813307806,25.429003388782576,,,,678.4286649505127,1864.6148219656197,1724.768710318203,139.84611164742182,1864.6148219656247,-5.002220859751105e-12,1.0,0,0,0.3943102440924414,227.4344443105123,0.925,623.5574109828124,576.7906051591015,46.76680582371091,1.0,0,0,0.39431024409244153,227.43444431051245,0.925,623.5574109828126,576.7906051591017,46.76680582371091,1.0,0,0,0.39139472822757515,223.559776329488,0.925,617.4999999999998,571.1874999999998,46.3125,0.0,0,0,0.08724817754776784,0.0,0.88,0.0,0.0,0.0,1.0,,,0.101,174.2016397421385,1724.768710318203,1724.768710318203,0.0,53.46783001986429,0.0,,,217.53839589598442,-2.842170943040401e-14,93.5415102352733,3.0,1143.9717935329184,0.0,-0.0,0.0,116.2275342229445
147,1,148,0.1016,0.0,1143.9717935329218,,,,0,0.0,1,1942.307106214179,1942.307106214179,-0.0,310.76913699426865,64.48459592631075,0.0,,,291.3414888402659,1942.307106214179,1864.6148219656116,77.69228424856726,1942.307106214179,0.0,1.0,0.0,0.0,0.15610999002074788,97.9058430416709,0.96,653.2910107473122,627.1593703174196,26.131640429892514,1.0,0.0,0.0,0.15610999002074805,97.90584304166966,0.96,653.2910107473032,627.159370317411,26.131640429892173,1.0,0.0,0.0,0.15653025749177024,95.5298027569255,0.96,635.7250847195636,610.296081330781,25.429003388782576,,,,678.4286649505168,1864.6148219656116,1724.7687103182088,139.84611164742228,1864.614821965631,-1.9554136088117957e-11,1.0,0,0,0.3943102440924414,227.4344443105123,0.925,623.5574109828124,576.7906051591015,46.76680582371091,1.0,0,0,0.3943102440924443,227.4344443105161,0.925,623.5574109828183,576.7906051591069,46.766805823711366,1.0,0,0,0.3913947282275754,223.55977632948833,0.925,617.5000000000003,571.1875000000003,46.3125,0.0,0,0,0.08724817754776784,0.0,0.88,0.0,0.0,0.0,1.0,,,0.101,174.2016397421391,1724.7687103182088,1724.7687103182088,0.0,53.46783001986447,0.0,,,217.53839589596998,-5.684341886080802e-14,93.5415102352671,3.0,1143.9717935329218,0.0,-0.0,0.0,116.22753422294484
148,1,149,0.1016,0.0,1143.971793532919,,,,0,0.0,1,1942.3071062141873,1942.3071062141873,-0.0,310.76913699426996,64.48459592631102,0.0,,,291.3414888402672,1942.3071062141873,1864.6148219656197,77.6922842485676,1942.3071062141873,0.0,1.0,0.0,0.0,0.15610999002074788,97.9058430416709,0.96,653.2910107473122,627.1593703174196,26.131640429892514,1.0,0.0,0.0,0.1561099900207479,97.9058430416709,0.96,653.291010747312,627.1593703174195,26.131640429892514,1.0,0.0,0.0,0.1565302574917705,95.52980275692558,0.96,635.725084719563,610.2960813307805,25.429003388782576,,,,678.4286649505132,1864.6148219656197,1724.7687103182034,139.84611164742182,1864.6148219656254,-5.6843418860808015e-12,1.0,0,0,0.3943102440924414,227.4344443105123,0.925,623.5574109828124,576.7906051591015,46.76680582371091,1.0,0,0,0.394310244092442,227.43444431051302,0.925,623.5574109828135,576.7906051591025,46.766805823711024,1.0,0,0,0.39139472822757504,223.55977632948787,0.925,617.4999999999995,571.1874999999997,46.312499999999886,0.0,0,0,0.08724817754776784,0.0,0.88,0.0,0.0,0.0,1.0,,,0.101,174.20163974213855,1724.7687103182034,1724.7687103182034,0.0,53.4678300198643,0.0,,,217.53839589598374,1.4210854715202004e-13,93.54151023527301,3.0,1143.971793532919,0.0,-0.0,0.0,116.22753422294457
149,1,150,0.1016,0.0,1143.9717935329174,,,,0,0.0,1,1942.307106214179,1942.307106214179,-0.0,310.76913699426865,64.48459592631075,0.0,,,291.3414888402659,1942.307106214179,1864.6148219656116,77.69228424856726,1942.307106214179,0.0,1.0,0.0,0.0,0.15610999002074788,97.9058430416709,0.96,653.2910107473122,627.1593703174196,26.131640429892514,1.0,0.0,0.0,0.15610999002074805,97.90584304166973,0.96,653.2910107473036,627.1593703174115,26.131640429892173,1.0,0.0,0.0,0.15653025749177035,95.5298027569255,0.96,635.7250847195631,610.2960813307806,25.429003388782576,,,,678.4286649505129,1864.6148219656116,1724.7687103182034,139.84611164742182,1864.6148219656252,-1.3642420526593924e-11,1.0,0,0,0.3943102440924411,227.43444431051188,0.925,623.5574109828117,576.7906051591009,46.7668058237108,1.0,0,0,0.39431024409244186,227.4344443105129,0.925,623.5574109828134,576.7906051591024,46.766805823711024,1.0,0,0,0.39139472822757526,223.55977632948816,0.925,617.5,571.1875,46.3125,0.0,0,0,0.08724817754776784,0.0,0.88,0.0,0.0,0.0,1.0,,,0.101,174.20163974213855,1724.7687103182034,1724.7687103182034,0.0,53.4678300198643,0.0,,,217.53839589597544,2.842170943040401e-14,93.54151023526944,3.0,1143.9717935329174,0.0,-0.0,0.0,116.22753422294441
150,1,151,0.1016,0.0,1143.971793532919,,,,0,0.0,1,1942.3071062141883,1942.3071062141883,-0.0,310.7691369942701,64.48459592631104,0.0,,,291.3414888402672,1942.3071062141883,1864.6148219656206,77.6922842485676,1942.3071062141883,0.0,1.0,0.0,0.0,0.15610999002074788,97.9058430416709,0.96,653.2910107473122,627.1593703174196,26.131640429892514,1.0,0.0,0.0,0.1561099900207479,97.9058430416709,0.96,653.291010747312,627.1593703174195,26.131640429892514,1.0,0.0,0.0,0.15653025749177032,95.5298027569256,0.96,635.7250847195639,610.2960813307814,25.429003388782576,,,,678.4286649505132,1864.6148219656206,1724.7687103182036,139.84611164742182,1864.6148219656254,-4.774847184307873e-12,1.0,0,0,0.3943102440924414,227.4344443105123,0.925,623.5574109828124,576.7906051591015,46.76680582371091,1.0,0,0,0.39431024409244175,227.43444431051282,0.925,623.5574109828132,576.7906051591023,46.76680582371091,1.0,0,0,0.39139472822757515,223.559776329488,0.925,617.4999999999998,571.1874999999998,46.3125,0.0,0,0,0.08724817754776784,0.0,0.88,0.0,0.0,0.0,1.0,,,0.101,174.20163974213858,1724.7687103182036,1724.7687103182036,0.0,53.46783001986431,0.0,,,217.53839589598465,1.1368683772161603e-13,93.54151023527339,3.0,1143.971793532919,0.0,-0.0,0.0,116.22753422294457
151,1,152,0.1016,0.0,1143.971793532919,,,,0,0.0,1,1942.307106214188,1942.307106214188,-0.0,310.76913699427007,64.48459592631104,0.0,,,291.3414888402672,1942.307106214188,1864.6148219656202,77.6922842485676,1942.307106214188,0.0,1.0,0.0,0.0,0.15610999002074788,97.9058430416709,0.96,653.2910107473122,627.1593703174196,26.131640429892514,1.0,0.0,0.0,0.1561099900207479,97.9058430416709,0.96,653.291010747312,627.1593703174195,26.131640429892514,1.0,0.0,0.0,0.15653025749177024,95.5298027569255,0.96,635.7250847195636,610.296081330781,25.429003388782576,,,,678.4286649505132,1864.6148219656202,1724.7687103182034,139.84611164742182,1864.6148219656252,-5.002220859751105e-12,1.0,0,0,0.3943102440924414,227.4344443105123,0.925,623.5574109828124,576.7906051591015,46.76680582371091,1.0,0,0,0.39431024409244186,227.4344443105129,0.925,623.5574109828134,576.7906051591024,46.766805823711024,1.0,0,0,0.39139472822757504,223.55977632948787,0.925,617.4999999999995,571.1874999999997,46.312499999999886,0.0,0,0,0.08724817754776784,0.0,0.88,0.0,0.0,0.0,1.0,,,0.101,174.20163974213855,1724.7687103182034,1724.7687103182034,0.0,53.4678300198643,0.0,,,217.53839589598442,1.4210854715202004e-13,93.5415102352733,3.0,1143.971793532919,0.0,-0.0,0.0,116.22753422294457
152,1,153,0.1016,0.0,1143.9717935329186,,,,0,0.0,1,1942.307106214188,1942.307106214188,-0.0,310.76913699427007,64.48459592631104,0.0,,,291.3414888402673,1942.307106214188,1864.6148219656202,77.6922842485676,1942.307106214188,0.0,1.0,0.0,0.0,0.15610999002074788,97.9058430416709,0.96,653.2910107473122,627.1593703174196,26.131640429892514,1.0,0.0,0.0,0.1561099900207479,97.9058430416709,0.96,653.291010747312,627.1593703174195,26.131640429892514,1.0,0.0,0.0,0.15653025749177024,95.5298027569255,0.96,635.7250847195636,610.296081330781,25.429003388782576,,,,678.4286649505129,1864.6148219656202,1724.768710318203,139.84611164742284,1864.6148219656259,-5.6843418860808015e-12,1.0,0,0,0.3943102440924417,227.43444431051245,0.9249999999999984,623.5574109828135,576.7906051591015,46.76680582371205,1.0,0,0,0.39431024409244164,227.43444431051262,0.925,623.5574109828128,576.7906051591019,46.76680582371091,1.0,0,0,0.39139472822757504,223.55977632948787,0.925,617.4999999999995,571.1874999999997,46.312499999999886,0.0,0,0,0.08724817754776784,0.0,0.88,0.0,0.0,0.0,1.0,,,0.101,174.2016397421385,1724.768710318203,1724.768710318203,0.0,53.46783001986429,0.0,,,217.53839589598476,-1.4210854715202004e-13,93.54151023527345,3.0,1143.9717935329186,0.0,-0.0,0.0,116.22753422294453
153,1,154,0.1016,0.0,1143.9717935329186,,,,0,0.0,1,1942.3071062141698,1942.3071062141698,-0.0,310.76913699426717,64.48459592631043,0.0,,,291.3414888402647,1942.3071062141698,1864.614821965603,77.69228424856692,1942.3071062141698,0.0,1.0,0.0,0.0,0.1561099900207481,97.90584304166968,0.96,653.2910107473031,627.1593703174109,26.131640429892173,1.0,0.0,0.0,0.15610999002074805,97.90584304166975,0.96,653.2910107473037,627.1593703174116,26.131640429892173,1.0,0.0,0.0,0.15653025749177035,95.5298027569255,0.96,635.7250847195631,610.2960813307806,25.429003388782576,,,,678.4286649505151,1864.614821965603,1724.7687103182063,139.84611164742205,1864.6148219656284,-2.546585164964199e-11,1.0,0,0,0.3943102440924411,227.43444431051188,0.925,623.5574109828117,576.7906051591009,46.7668058237108,1.0,0,0,0.39431024409244364,227.43444431051523,0.925,623.5574109828169,576.7906051591057,46.76680582371125,1.0,0,0,0.39139472822757515,223.559776329488,0.925,617.4999999999998,571.1874999999998,46.3125,0.0,0,0,0.08724817754776784,0.0,0.88,0.0,0.0,0.0,1.0,,,0.101,174.20163974213884,1724.7687103182063,1724.7687103182063,0.0,53.467830019864394,0.0,,,217.5383958959635,-2.842170943040401e-14,93.54151023526431,3.0,1143.9717935329186,0.0,-0.0,0.0,116.22753422294453
154,1,155,0.1016,0.0,1143.9717935329186,,,,0,0.0,1,1942.307106214188,1942.307106214188,-0.0,310.76913699427007,64.48459592631104,0.0,,,291.3414888402672,1942.307106214188,1864.6148219656202,77.6922842485676,1942.307106214188,0.0,1.0,0.0,0.0,0.15610999002074788,97.9058430416709,0.96,653.2910107473122,627.1593703174196,26.131640429892514,1.0,0.0,0.0,0.1561099900207479,97.9058430416709,0.96,653.291010747312,627.1593703174195,26.131640429892514,1.0,0.0,0.0,0.15653025749177024,95.5298027569255,0.96,635.7250847195636,610.296081330781,25.429003388782576,,,,678.4286649505129,1864.6148219656202,1724.7687103182031,139.84611164742182,1864.614821965625,-4.774847184307873e-12,1.0,0,0,0.3943102440924414,227.4344443105123,0.925,623.5574109828124,576.7906051591015,46.76680582371091,1.0,0,0,0.39431024409244153,227.43444431051245,0.925,623.5574109828126,576.7906051591017,46.76680582371091,1.0,0,0,0.39139472822757526,223.55977632948816,0.925,617.5,571.1875,46.3125,0.0,0,0,0.08724817754776784,0.0,0.88,0.0,0.0,0.0,1.0,,,0.101,174.20163974213852,1724.7687103182031,1724.7687103182031,0.0,53.467830019864294,0.0,,,217.53839589598465,-5.684341886080802e-14,93.54151023527339,3.0,1143.9717935329186,0.0,-0.0,0.0,116.22753422294453
155,1,156,0.1016,0.0,1143.971793532919,,,,0,0.0,1,1942.307106214188,1942.307106214188,-0.0,310.76913699427007,64.48459592631104,0.0,,,291.3414888402673,1942.307106214188,1864.6148219656202,77.6922842485676,1942.307106214188,0.0,1.0,0.0,0.0,0.15610999002074788,97.9058430416709,0.96,653.2910107473122,627.1593703174196,26.131640429892514,1.0,0.0,0.0,0.1561099900207479,97.9058430416709,0.96,653.291010747312,627.1593703174195,26.131640429892514,1.0,0.0,0.0,0.15653025749177024,95.5298027569255,0.96,635.7250847195636,610.296081330781,25.429003388782576,,,,678.428664950513,1864.6148219656202,1724.7687103182034,139.84611164742182,1864.6148219656252,-5.002220859751105e-12,1.0,0,0,0.3943102440924411,227.43444431051188,0.925,623.5574109828117,576.7906051591009,46.7668058237108,1.0,0,0,0.394310244092442,227.43444431051302,0.925,623.5574109828135,576.7906051591025,46.766805823711024,1.0,0,0,0.39139472822757526,223.55977632948816,0.925,617.5,571.1875,46.3125,0.0,0,0,0.08724817754776784,0.0,0.88,0.0,0.0,0.0,1.0,,,0.101,174.20163974213855,1724.7687103182034,1724.7687103182034,0.0,53.4678300198643,0.0,,,217.53839589598442,1.4210854715202004e-13,93.5415102352733,3.0,1143.971793532919,0.0,-0.0,0.0,116.22753422294457
156,1,157,0.1016,0.0,1143.9717935329172,,,,0,0.0,1,1942.3071062141876,1942.3071062141876,-0.0,310.76913699427,64.48459592631103,0.0,,,291.3414888402672,1942.3071062141876,1864.6148219656197,77.6922842485676,1942.3071062141876,0.0,1.0,0.0,0.0,0.15610999002074788,97.9058430416709,0.96,653.2910107473122,627.1593703174196,26.131640429892514,1.0,0.0,0.0,0.1561099900207479,97.9058430416709,0.96,653.291010747312,627.1593703174195,26.131640429892514,1.0,0.0,0.0,0.15653025749177035,95.5298027569255,0.96,635.7250847195631,610.2960813307806,25.429003388782576,,,,678.4286649505116,1864.6148219656197,1724.7687103182013,139.8461116474217,1864.6148219656232,-3.410605131648481e-12,1.0,0,0,0.39431024409244064,227.43444431051125,0.925,623.5574109828108,576.7906051591,46.7668058237108,1.0,0,0,0.3943102440924414,227.43444431051233,0.925,623.5574109828125,576.7906051591016,46.76680582371091,1.0,0,0,0.39139472822757515,223.559776329488,0.925,617.4999999999998,571.1874999999998,46.3125,0.0,0,0,0.08724817754776784,0.0,0.88,0.0,0.0,0.0,1.0,,,0.101,174.20163974213835,1724.7687103182013,1724.7687103182013,0.0,53.46783001986424,0.0,,,217.5383958959859,1.1368683772161603e-13,93.54151023527393,3.0,1143.9717935329172,0.0,-0.0,0.0,116.22753422294439
157,1,158,0.1016,0.0,1143.9717935329172,,,,0,0.0,1,1942.307106214179,1942.307106214179,-0.0,310.76913699426865,64.48459592631075,0.0,,,291.3414888402659,1942.307106214179,1864.6148219656116,77.69228424856726,1942.307106214179,0.0,1.0,0.0,0.0,0.15610999002074788,97.9058430416709,0.96,653.2910107473122,627.1593703174196,26.131640429892514,1.0,0.0,0.0,0.15610999002074805,97.90584304166966,0.96,653.2910107473032,627.159370317411,26.131640429892173,1.0,0.0,0.0,0.15653025749177035,95.52980275692558,0.96,635.7250847195636,610.296081330781,25.429003388782576,,,,678.4286649505127,1864.6148219656116,1724.7687103182027,139.84611164742182,1864.6148219656245,-1.2960299500264227e-11,1.0,0,0,0.3943102440924414,227.4344443105123,0.925,623.5574109828124,576.7906051591015,46.76680582371091,1.0,0,0,0.3943102440924414,227.43444431051233,0.925,623.5574109828125,576.7906051591016,46.76680582371091,1.0,0,0,0.39139472822757515,223.559776329488,0.925,617.4999999999998,571.1874999999998,46.3125,0.0,0,0,0.08724817754776784,0.0,0.88,0.0,0.0,0.0,1.0,,,0.101,174.2016397421385,1724.7687103182027,1724.7687103182027,0.0,53.46783001986428,0.0,,,217.53839589597612,8.526512829121202e-14,93.54151023526973,3.0,1143.9717935329172,0.0,-0.0,0.0,116.22753422294439
158,1,159,0.1016,0.0,1143.9717935329188,,,,0,0.0,1,1942.3071062141871,1942.3071062141871,-0.0,310.76913699426996,64.48459592631102,0.0,,,291.34148884026706,1942.3071062141871,1864.6148219656193,77.6922842485676,1942.3071062141871,0.0,1.0,0.0,0.0,0.15610999002074788,97.90584304167085,0.96,653.2910107473118,627.1593703174193,26.131640429892514,1.0,0.0,0.0,0.1561099900207479,97.9058430416709,0.96,653.291010747312,627.1593703174195,26.131640429892514,1.0,0.0,0.0,0.15653025749177035,95.5298027569255,0.96,635.7250847195631,610.2960813307806,25.429003388782576,,,,678.4286649505132,1864.6148219656193,1724.7687103182034,139.84611164742182,1864.6148219656252,-5.9117155615240335e-12,1.0,0,0,0.3943102440924414,227.4344443105123,0.925,623.5574109828124,576.7906051591015,46.76680582371091,1.0,0,0,0.3943102440924414,227.43444431051233,0.925,623.5574109828125,576.7906051591016,46.76680582371091,1.0,0,0,0.3913947282275755,223.5597763294885,0.925,617.5000000000006,571.1875000000006,46.3125,0.0,0,0,0.08724817754776784,0.0,0.88,0.0,0.0,0.0,1.0,,,0.101,174.20163974213855,1724.7687103182034,1724.7687103182034,0.0,53.4678300198643,0.0,,,217.5383958959835,2.842170943040401e-14,93.54151023527291,3.0,1143.9717935329188,0.0,-0.0,0.0,116.22753422294454
159,1,160,0.1016,0.0,1143.971793532919,,,,0,0.0,1,1942.3071062141876,1942.3071062141876,-0.0,310.76913699427,64.48459592631103,0.0,,,291.34148884026706,1942.3071062141876,1864.6148219656197,77.6922842485676,1942.3071062141876,0.0,1.0,0.0,0.0,0.15610999002074788,97.9058430416709,0.96,653.2910107473122,627.1593703174196,26.131640429892514,1.0,0.0,0.0,0.1561099900207479,97.9058430416709,0.96,653.291010747312,627.1593703174195,26.131640429892514,1.0,0.0,0.0,0.15653025749177035,95.5298027569255,0.96,635.7250847195631,610.2960813307806,25.429003388782576,,,,678.4286649505134,1864.6148219656197,1724.7687103182038,139.84611164742194,1864.6148219656257,-5.9117155615240335e-12,1.0,0,0,0.3943102440924414,227.4344443105123,0.925,623.5574109828124,576.7906051591015,46.76680582371091,1.0,0,0,0.39431024409244186,227.4344443105129,0.925,623.5574109828134,576.7906051591024,46.766805823711024,1.0,0,0,0.39139472822757526,223.5597763294882,0.925,617.5000000000001,571.1875000000001,46.3125,0.0,0,0,0.08724817754776784,0.0,0.88,0.0,0.0,0.0,1.0,,,0.101,174.2016397421386,1724.7687103182038,1724.7687103182038,0.0,53.467830019864316,0.0,,,217.53839589598363,-2.842170943040401e-14,93.54151023527295,3.0,1143.971793532919,0.0,-0.0,0.0,116.22753422294457
160,1,161,0.1016,0.0,1143.9717935329197,,,,0,0.0,1,1942.3071062141876,1942.3071062141876,-0.0,310.76913699427,64.48459592631103,0.0,,,291.3414888402672,1942.3071062141876,1864.6148219656197,77.6922842485676,1942.3071062141876,0.0,1.0,0.0,0.0,0.15610999002074788,97.9058430416709,0.96,653.2910107473122,627.1593703174196,26.131640429892514,1.0,0.0,0.0,0.1561099900207479,97.9058430416709,0.96,653.291010747312,627.1593703174195,26.131640429892514,1.0,0.0,0.0,0.15653025749177035,95.5298027569255,0.96,635.7250847195631,610.2960813307806,25.429003388782576,,,,678.4286649505138,1864.6148219656197,1724.7687103182047,139.84611164742194,1864.6148219656266,-6.821210263296962e-12,1.0,0,0,0.39431024409244175,227.43444431051282,0.925,623.5574109828132,576.7906051591023,46.76680582371091,1.0,0,0,0.39431024409244186,227.4344443105129,0.925,623.5574109828134,576.7906051591024,46.766805823711024,1.0,0,0,0.39139472822757526,223.55977632948816,0.925,617.5,571.1875,46.3125,0.0,0,0,0.08724817754776784,0.0,0.88,0.0,0.0,0.0,1.0,,,0.101,174.2016397421387,1724.7687103182047,1724.7687103182047,0.0,53.467830019864344,0.0,,,217.53839589598272,0.0,93.54151023527257,3.0,1143.9717935329197,0.0,-0.0,0.0,116.22753422294464
161,1,162,0.13994,0.0,1143.971793532919,,,,0,0.0,1,1942.3071062141867,1942.3071062141867,-0.0,310.7691369942699,64.484595926311,0.0,,,291.3414888402672,1942.3071062141867,1864.6148219656193,77.6922842485676,1942.3071062141867,0.0,1.0,0.0,0.0,0.15610999002074788,97.9058430416709,0.96,653.2910107473122,627.1593703174196,26.131640429892514,1.0,0.0,0.0,0.1561099900207479,97.9058430416709,0.96,653.291010747312,627.1593703174195,26.131640429892514,1.0,0.0,0.0,0.15653025749177038,95.52980275692542,0.96,635.7250847195625,610.2960813307799,25.429003388782576,,,,678.4286649505134,1864.6148219656193,1724.7687103182038,139.84611164742194,1864.6148219656257,-6.366462912410498e-12,1.0,0,0,0.3943102440924414,227.4344443105123,0.925,623.5574109828124,576.7906051591015,46.76680582371091,1.0,0,0,0.39431024409244186,227.4344443105129,0.925,623.5574109828134,576.7906051591024,46.766805823711024,1.0,0,0,0.39139472822757526,223.55977632948816,0.925,617.5,571.1875,46.3125,0.0,0,0,0.08724817754776784,0.0,0.88,0.0,0.0,0.0,1.0,,,0.101,174.2016397421386,1724.7687103182038,1724.7687103182038,0.0,53.467830019864316,0.0,,,217.53839589598317,-1.4210854715202004e-13,93.54151023527277,3.0,1143.971793532919,0.0,-0.0,0.0,160.0874127869967
162,1,163,0.13994,0.0,1143.9717935329184,,,,0,0.0,1,1942.3071062141876,1942.3071062141876,-0.0,310.76913699427,64.48459592631103,0.0,,,291.3414888402672,1942.3071062141876,1864.6148219656197,77.6922842485676,1942.3071062141876,0.0,1.0,0.0,0.0,0.15610999002074788,97.9058430416709,0.96,653.2910107473122,627.1593703174196,26.131640429892514,1.0,0.0,0.0,0.1561099900207479,97.9058430416709,0.96,653.291010747312,627.1593703174195,26.131640429892514,1.0,0.0,0.0,0.15653025749177035,95.5298027569255,0.96,635.7250847195631,610.2960813307806,25.429003388782576,,,,678.4286649505127,1864.6148219656197,1724.768710318203,139.84611164742182,1864.6148219656247,-5.002220859751105e-12,1.0,0,0,0.3943102440924414,227.4344443105123,0.925,623.5574109828124,576.7906051591015,46.76680582371091,1.0,0,0,0.394310244092442,227.43444431051302,0.925,623.5574109828135,576.7906051591025,46.766805823711024,1.0,0,0,0.3913947282275747,223.55977632948742,0.925,617.4999999999989,571.187499999999,46.312499999999886,0.0,0,0,0.08724817754776784,0.0,0.88,0.0,0.0,0.0,1.0,,,0.101,174.2016397421385,1724.768710318203,1724.768710318203,0.0,53.46783001986429,0.0,,,217.53839589598442,-2.842170943040401e-14,93.5415102352733,3.0,1143.9717935329184,0.0,-0.0,0.0,160.0874127869966
163,1,164,0.13994,0.0,1143.9717935329177,,,,0,0.0,1,1942.307106214188,1942.307106214188,-0.0,310.76913699427007,64.48459592631104,0.0,,,291.34148884026695,1942.307106214188,1864.6148219656202,77.6922842485676,1942.307106214188,0.0,1.0,0.0,0.0,0.15610999002074788,97.9058430416709,0.96,653.2910107473122,627.1593703174196,26.131640429892514,1.0,0.0,0.0,0.1561099900207479,97.9058430416709,0.96,653.291010747312,627.1593703174195,26.131640429892514,1.0,0.0,0.0,0.15653025749177024,95.5298027569255,0.96,635.7250847195636,610.296081330781,25.429003388782576,,,,678.4286649505123,1864.6148219656202,1724.768710318202,139.84611164742182,1864.6148219656238,-3.637978807091713e-12,1.0,0,0,0.3943102440924414,227.4344443105123,0.925,623.5574109828124,576.7906051591015,46.76680582371091,1.0,0,0,0.39431024409244186,227.4344443105129,0.925,623.5574109828134,576.7906051591024,46.766805823711024,1.0,0,0,0.3913947282275744,223.55977632948697,0.925,617.4999999999982,571.1874999999983,46.312499999999886,0.0,0,0,0.08724817754776784,0.0,0.88,0.0,0.0,0.0,1.0,,,0.101,174.2016397421384,1724.768710318202,1724.768710318202,0.0,53.46783001986426,0.0,,,217.5383958959858,5.684341886080802e-14,93.54151023527389,3.0,1143.9717935329177,0.0,-0.0,0.0,160.0874127869965
164,1,165,0.13994,0.0,1143.9717935329188,,,,0,0.0,1,1942.307106214188,1942.307106214188,-0.0,310.76913699427007,64.48459592631104,0.0,,,291.3414888402673,1942.307106214188,1864.6148219656202,77.6922842485676,1942.307106214188,0.0,1.0,0.0,0.0,0.15610999002074788,97.9058430416709,0.96,653.2910107473122,627.1593703174196,26.131640429892514,1.0,0.0,0.0,0.1561099900207479,97.9058430416709,0.96,653.291010747312,627.1593703174195,26.131640429892514,1.0,0.0,0.0,0.15653025749177024,95.5298027569255,0.96,635.7250847195636,610.296081330781,25.429003388782576,,,,678.4286649505129,1864.6148219656202,1724.7687103182031,139.84611164742182,1864.614821965625,-4.774847184307873e-12,1.0,0,0,0.3943102440924414,227.4344443105123,0.925,623.5574109828124,576.7906051591015,46.76680582371091,1.0,0,0,0.39431024409244153,227.43444431051245,0.925,623.5574109828126,576.7906051591017,46.76680582371091,1.0,0,0,0.39139472822757526,223.55977632948816,0.925,617.5,571.1875,46.3125,0.0,0,0,0.08724817754776784,0.0,0.88,0.0,0.0,0.0,1.0,,,0.101,174.20163974213852,1724.7687103182031,1724.7687103182031,0.0,53.467830019864294,0.0,,,217.53839589598465,5.684341886080802e-14,93.54151023527339,3.0,1143.9717935329188,0.0,-0.0,0.0,160.08741278699668
165,1,166,0.13994,0.0,1143.97179353292,,,,0,0.0,1,1942.307106214195,1942.307106214195,-0.0,310.7691369942712,64.48459592631127,0.0,,,291.3414888402681,1942.307106214195,1864.6148219656272,77.69228424856783,1942.307106214195,0.0,1.0,0.0,0.0,0.15610999002074788,97.9058430416709,0.96,653.2910107473122,627.1593703174196,26.131640429892514,1.0,0.0,0.0,0.1561099900207479,97.9058430416709,0.96,653.291010747312,627.1593703174195,26.131640429892514,1.0,0.0,0.0,0.15653025749177005,95.52980275692647,0.96,635.7250847195708,610.296081330788,25.429003388782803,,,,678.4286649505132,1864.6148219656272,1724.7687103182036,139.84611164742194,1864.6148219656254,1.8189894035458565e-12,1.0,0,0,0.3943102440924414,227.4344443105123,0.925,623.5574109828124,576.7906051591015,46.76680582371091,1.0,0,0,0.39431024409244186,227.4344443105129,0.925,623.5574109828134,576.7906051591024,46.766805823711024,1.0,0,0,0.39139472822757515,223.559776329488,0.925,617.4999999999998,571.1874999999998,46.3125,0.0,0,0,0.08724817754776784,0.0,0.88,0.0,0.0,0.0,1.0,,,0.101,174.20163974213858,1724.7687103182036,1724.7687103182036,0.0,53.46783001986431,0.0,,,217.53839589599158,1.1368683772161603e-13,93.54151023527638,3.0,1143.97179353292,0.0,-0.0,0.0,160.08741278699682
166,1,167,0.1016,0.0,1143.9717935329154,,,,0,0.0,1,1942.307106214183,1942.307106214183,-0.0,310.7691369942693,64.48459592631087,0.0,,,291.3414888402666,1942.307106214183,1864.6148219656159,77.69228424856738,1942.307106214183,0.0,1.0,0.0,0.0,0.15610999002074802,97.90584304166994,0.96,653.2910107473051,627.1593703174129,26.131640429892173,1.0,0.0,0.0,0.1561099900207479,97.9058430416709,0.96,653.291010747312,627.1593703174195,26.131640429892514,1.0,0.0,0.0,0.15653025749177019,95.52980275692585,0.96,635.7250847195661,610.2960813307834,25.42900338878269,,,,678.4286649505107,1864.6148219656159,1724.7687103182002,139.84611164742148,1864.6148219656216,-5.6843418860808015e-12,1.0,0,0,0.39431024409243975,227.43444431051003,0.925,623.5574109828088,576.7906051590982,46.76680582371068,1.0,0,0,0.39431024409244175,227.43444431051282,0.925,623.5574109828132,576.7906051591023,46.76680582371091,1.0,0,0,0.39139472822757504,223.55977632948787,0.925,617.4999999999995,571.1874999999997,46.312499999999886,0.0,0,0,0.08724817754776784,0.0,0.88,0.0,0.0,0.0,1.0,,,0.101,174.20163974213824,1724.7687103182002,1724.7687103182002,0.0,53.4678300198642,0.0,,,217.53839589598317,-1.1368683772161603e-13,93.54151023527277,3.0,1143.9717935329154,0.0,-0.0,0.0,116.2275342229442
167,1,168,0.1016,0.0,1143.971793532919,,,,0,0.0,1,1942.307106214188,1942.307106214188,-0.0,310.76913699427007,64.48459592631104,0.0,,,291.3414888402672,1942.307106214188,1864.6148219656202,77.6922842485676,1942.307106214188,0.0,1.0,0.0,0.0,0.15610999002074788,97.9058430416709,0.96,653.2910107473122,627.1593703174196,26.131640429892514,1.0,0.0,0.0,0.1561099900207479,97.9058430416709,0.96,653.291010747312,627.1593703174195,26.131640429892514,1.0,0.0,0.0,0.15653025749177032,95.52980275692556,0.96,635.7250847195636,610.296081330781,25.429003388782576,,,,678.4286649505132,1864.6148219656202,1724.7687103182034,139.84611164742182,1864.6148219656252,-5.002220859751105e-12,1.0,0,0,0.3943102440924414,227.4344443105123,0.925,623.5574109828124,576.7906051591015,46.76680582371091,1.0,0,0,0.39431024409244186,227.4344443105129,0.925,623.5574109828134,576.7906051591024,46.766805823711024,1.0,0,0,0.39139472822757504,223.55977632948787,0.925,617.4999999999995,571.1874999999997,46.312499999999886,0.0,0,0,0.08724817754776784,0.0,0.88,0.0,0.0,0.0,1.0,,,0.101,174.20163974213855,1724.7687103182034,1724.7687103182034,0.0,53.4678300198643,0.0,,,217.53839589598442,1.4210854715202004e-13,93.5415102352733,3.0,1143.971793532919,0.0,-0.0,0.0,116.22753422294457
