,Day,Time,LMP,bypass_pretreatment_flow,power_from_grid,intake.op_mode,intake.startup,intake.shutdown,intake.energy_intensity,intake.power_consumption,intake.recovery,intake.feed_flowrate,intake.product_flowrate,intake.reject_flowrate,intake.feed_cost,intake.chemical_cost,pretreatment.op_mode,pretreatment.startup,pretreatment.shutdown,pretreatment.power_consumption,pretreatment.feed_flowrate,pretreatment.product_flowrate,pretreatment.reject_flowrate,pretreatment.inlet_flowrate,pretreatment.leftover_flow,pretreatment.uf_pumps[1].op_mode,pretreatment.uf_pumps[1].startup,pretreatment.uf_pumps[1].shutdown,pretreatment.uf_pumps[1].energy_intensity,pretreatment.uf_pumps[1].power_consumption,pretreatment.uf_pumps[1].recovery,pretreatment.uf_pumps[1].feed_flowrate,pretreatment.uf_pumps[1].product_flowrate,pretreatment.uf_pumps[1].reject_flowrate,pretreatment.uf_pumps[2].op_mode,pretreatment.uf_pumps[2].startup,pretreatment.uf_pumps[2].shutdown,pretreatment.uf_pumps[2].energy_intensity,pretreatment.uf_pumps[2].power_consumption,pretreatment.uf_pumps[2].recovery,pretreatment.uf_pumps[2].feed_flowrate,pretreatment.uf_pumps[2].product_flowrate,pretreatment.uf_pumps[2].reject_flowrate,pretreatment.uf_pumps[3].op_mode,pretreatment.uf_pumps[3].startup,pretreatment.uf_pumps[3].shutdown,pretreatment.uf_pumps[3].energy_intensity,pretreatment.uf_pumps[3].power_consumption,pretreatment.uf_pumps[3].recovery,pretreatment.uf_pumps[3].feed_flowrate,pretreatment.uf_pumps[3].product_flowrate,pretreatment.uf_pumps[3].reject_flowrate,reverse_osmosis.op_mode,reverse_osmosis.startup,reverse_osmosis.shutdown,reverse_osmosis.power_consumption,reverse_osmosis.feed_flowrate,reverse_osmosis.product_flowrate,reverse_osmosis.reject_flowrate,reverse_osmosis.inlet_flowrate,reverse_osmosis.leftover_flow,reverse_osmosis.ro_skid[1].op_mode,reverse_osmosis.ro_skid[1].startup,reverse_osmosis.ro_skid[1].shutdown,reverse_osmosis.ro_skid[1].energy_intensity,reverse_osmosis.ro_skid[1].power_consumption,reverse_osmosis.ro_skid[1].recovery,reverse_osmosis.ro_skid[1].feed_flowrate,reverse_osmosis.ro_skid[1].product_flowrate,reverse_osmosis.ro_skid[1].reject_flowrate,reverse_osmosis.ro_skid[2].op_mode,reverse_osmosis.ro_skid[2].startup,reverse_osmosis.ro_skid[2].shutdown,reverse_osmosis.ro_skid[2].energy_intensity,reverse_osmosis.ro_skid[2].power_consumption,reverse_osmosis.ro_skid[2].recovery,reverse_osmosis.ro_skid[2].feed_flowrate,reverse_osmosis.ro_skid[2].product_flowrate,reverse_osmosis.ro_skid[2].reject_flowrate,reverse_osmosis.ro_skid[3].op_mode,reverse_osmosis.ro_skid[3].startup,reverse_osmosis.ro_skid[3].shutdown,reverse_osmosis.ro_skid[3].energy_intensity,reverse_osmosis.ro_skid[3].power_consumption,reverse_osmosis.ro_skid[3].recovery,reverse_osmosis.ro_skid[3].feed_flowrate,reverse_osmosis.ro_skid[3].product_flowrate,reverse_osmosis.ro_skid[3].reject_flowrate,reverse_osmosis.ro_skid[4].op_mode,reverse_osmosis.ro_skid[4].startup,reverse_osmosis.ro_skid[4].shutdown,reverse_osmosis.ro_skid[4].energy_intensity,reverse_osmosis.ro_skid[4].power_consumption,reverse_osmosis.ro_skid[4].recovery,reverse_osmosis.ro_skid[4].feed_flowrate,reverse_osmosis.ro_skid[4].product_flowrate,reverse_osmosis.ro_skid[4].reject_flowrate,posttreatment.op_mode,posttreatment.startup,posttreatment.shutdown,posttreatment.energy_intensity,posttreatment.power_consumption,posttreatment.feed_flowrate,posttreatment.product_flowrate,posttreatment.reject_flowrate,posttreatment.chemical_cost,brine_discharge.op_mode,brine_discharge.startup,brine_discharge.shutdown,brine_discharge.feed_flowrate,brine_discharge.power_consumption,brine_discharge.brine_cost,num_skids_online,net_power_consumption,water_revenue,demand_response_revenue,emissions_cost,energy_cost
0,1,1,0.1016,0.0,1314.8881804887983,,,,0,0.0,1,2337.499999999999,2337.499999999999,-0.0,373.9999999999999,77.60499999999998,0.0,,,353.31283827046366,2337.499999999999,2243.9999999999986,93.50000000000011,2337.499999999999,0.0,1.0,0.0,0.0,0.15774028109828678,119.15910023335285,0.96,786.8888141877668,755.4132616202561,31.475552567510704,1.0,0.0,0.0,0.15773728739518916,119.14736242882573,0.96,786.8262343856272,755.3531850102021,31.47304937542515,1.0,0.0,0.0,0.15684821716051936,115.00637560828496,0.96,763.7849514266048,733.2335533695406,30.55139805706426,,,,753.1416422183347,2243.9999999999986,2063.7,180.29999999999984,2244.0,-1.3642420526593924e-12,1.0,0.0,0.0,0.38393436338958564,213.79385025349077,0.925,602,556.85,45.14999999999998,1.0,0.0,0.0,0.38393436338958564,213.79385025349077,0.925,602,556.85,45.14999999999998,1.0,0.0,0.0,0.3426883596961613,162.7769708556766,0.9134615384615387,519.9999999999999,475.0,44.999999999999886,1.0,0.0,0.0,0.34268835969616135,162.77697085567664,0.9134615384615384,520.0,475.0,45.0,1.0,,,0.101,208.4337,2063.7,2063.7,0.0,63.97469999999999,0.0,,,273.7999999999986,-5.684341886080802e-14,117.7339999999994,4.0,1314.8881804887983,0.0,-0.0,0.0,133.5926391376619
1,1,2,0.1016,0.0,1314.8881804887983,,,,0,0.0,1,2337.499999999999,2337.499999999999,-0.0,373.9999999999999,77.60499999999998,0.0,,,353.31283827046366,2337.499999999999,2243.9999999999986,93.50000000000011,2337.499999999999,0.0,1.0,0.0,0.0,0.15774028109828678,119.15910023335285,0.96,786.8888141877668,755.4132616202561,31.475552567510704,1.0,0.0,0.0,0.15773728739518916,119.14736242882573,0.96,786.8262343856272,755.3531850102021,31.47304937542515,1.0,0.0,0.0,0.15684821716051936,115.00637560828496,0.96,763.7849514266048,733.2335533695406,30.55139805706426,,,,753.1416422183347,2243.9999999999986,2063.7,180.29999999999984,2244.0,-1.3642420526593924e-12,1.0,0.0,0.0,0.38393436338958564,213.79385025349077,0.925,602,556.85,45.14999999999998,1.0,0.0,0.0,0.38393436338958564,213.79385025349077,0.925,602,556.85,45.14999999999998,1.0,0.0,0.0,0.3426883596961613,162.7769708556766,0.9134615384615387,519.9999999999999,475.0,44.999999999999886,1.0,0.0,0.0,0.34268835969616135,162.77697085567664,0.9134615384615384,520.0,475.0,45.0,1.0,,,0.101,208.4337,2063.7,2063.7,0.0,63.97469999999999,0.0,,,273.7999999999986,-5.684341886080802e-14,117.7339999999994,4.0,1314.8881804887983,0.0,-0.0,0.0,133.5926391376619
2,1,3,0.1016,0.0,1314.8881804887983,,,,0,0.0,1,2337.499999999999,2337.499999999999,-0.0,373.9999999999999,77.60499999999998,0.0,,,353.31283827046366,2337.499999999999,2243.9999999999986,93.50000000000011,2337.499999999999,0.0,1.0,0.0,0.0,0.15774028109828678,119.15910023335285,0.96,786.8888141877668,755.4132616202561,31.475552567510704,1.0,0.0,0.0,0.15773728739518916,119.14736242882573,0.96,786.8262343856272,755.3531850102021,31.47304937542515,1.0,0.0,0.0,0.15684821716051936,115.00637560828496,0.96,763.7849514266048,733.2335533695406,30.55139805706426,,,,753.1416422183347,2243.9999999999986,2063.7,180.29999999999995,2244.0,-1.3642420526593924e-12,1.0,0.0,0.0,0.38393436338958564,213.79385025349077,0.925,602,556.85,45.14999999999998,1.0,0.0,0.0,0.38393436338958564,213.79385025349077,0.925,602,556.85,45.14999999999998,1.0,0.0,0.0,0.3426883596961613,162.7769708556766,0.9134615384615387,519.9999999999999,475.0,44.999999999999886,1.0,0.0,0.0,0.3426883596961614,162.77697085567667,0.9134615384615382,520.0000000000001,475.0,45.000000000000114,1.0,,,0.101,208.4337,2063.7,2063.7,0.0,63.97469999999999,0.0,,,273.7999999999987,-5.684341886080802e-14,117.73399999999944,4.0,1314.8881804887983,0.0,-0.0,0.0,133.5926391376619
3,1,4,0.1016,0.0,1314.8881804887983,,,,0,0.0,1,2337.499999999999,2337.499999999999,-0.0,373.9999999999999,77.60499999999998,0.0,,,353.31283827046366,2337.499999999999,2243.9999999999986,93.50000000000011,2337.499999999999,0.0,1.0,0.0,0.0,0.15774028109828678,119.15910023335285,0.96,786.8888141877668,755.4132616202561,31.475552567510704,1.0,0.0,0.0,0.15773728739518916,119.14736242882573,0.96,786.8262343856272,755.3531850102021,31.47304937542515,1.0,0.0,0.0,0.15684821716051936,115.00637560828496,0.96,763.7849514266048,733.2335533695406,30.55139805706426,,,,753.1416422183347,2243.9999999999986,2063.7,180.29999999999984,2244.0,-1.3642420526593924e-12,1.0,0.0,0.0,0.38393436338958564,213.79385025349077,0.925,602,556.85,45.14999999999998,1.0,0.0,0.0,0.38393436338958564,213.79385025349077,0.925,602,556.85,45.14999999999998,1.0,0.0,0.0,0.3426883596961613,162.7769708556766,0.9134615384615387,519.9999999999999,475.0,44.999999999999886,1.0,0.0,0.0,0.34268835969616135,162.77697085567664,0.9134615384615384,520.0,475.0,45.0,1.0,,,0.101,208.4337,2063.7,2063.7,0.0,63.97469999999999,0.0,,,273.7999999999986,-5.684341886080802e-14,117.7339999999994,4.0,1314.8881804887983,0.0,-0.0,0.0,133.5926391376619
4,1,5,0.1016,0.0,1314.8881804887985,,,,0,0.0,1,2337.499999999999,2337.499999999999,-0.0,373.9999999999999,77.60499999999998,0.0,,,353.31283827046377,2337.499999999999,2243.9999999999986,93.50000000000011,2337.499999999999,0.0,1.0,0.0,0.0,0.15774028109828678,119.15910023335285,0.96,786.8888141877668,755.4132616202561,31.475552567510704,1.0,0.0,0.0,0.15773728739518916,119.14736242882573,0.96,786.8262343856272,755.3531850102021,31.47304937542515,1.0,0.0,0.0,0.15684821716051936,115.00637560828496,0.96,763.7849514266048,733.2335533695406,30.55139805706426,,,,753.1416422183347,2243.9999999999986,2063.7,180.29999999999984,2244.0,-1.3642420526593924e-12,1.0,0.0,0.0,0.38393436338958564,213.79385025349077,0.925,602,556.85,45.14999999999998,1.0,0.0,0.0,0.38393436338958564,213.79385025349077,0.925,602,556.85,45.14999999999998,1.0,0.0,0.0,0.3426883596961613,162.7769708556766,0.9134615384615387,519.9999999999999,475.0,44.999999999999886,1.0,0.0,0.0,0.34268835969616135,162.77697085567664,0.9134615384615384,520.0,475.0,45.0,1.0,,,0.101,208.4337,2063.7,2063.7,0.0,63.97469999999999,0.0,,,273.7999999999986,5.684341886080802e-14,117.7339999999994,4.0,1314.8881804887985,0.0,-0.0,0.0,133.59263913766193
5,1,6,0.1016,0.0,1314.8881804887983,,,,0,0.0,1,2337.499999999999,2337.499999999999,-0.0,373.9999999999999,77.60499999999998,0.0,,,353.31283827046366,2337.499999999999,2243.9999999999986,93.50000000000011,2337.499999999999,0.0,1.0,0.0,0.0,0.15774028109828678,119.15910023335285,0.96,786.8888141877668,755.4132616202561,31.475552567510704,1.0,0.0,0.0,0.15773728739518916,119.14736242882573,0.96,786.8262343856272,755.3531850102021,31.47304937542515,1.0,0.0,0.0,0.15684821716051936,115.00637560828496,0.96,763.7849514266048,733.2335533695406,30.55139805706426,,,,753.1416422183348,2243.9999999999986,2063.7,180.29999999999995,2244.0,-1.3642420526593924e-12,1.0,0.0,0.0,0.38393436338958564,213.79385025349077,0.925,602,556.85,45.14999999999998,1.0,0.0,0.0,0.38393436338958564,213.79385025349077,0.925,602,556.85,45.14999999999998,1.0,0.0,0.0,0.34268835969616135,162.77697085567664,0.9134615384615384,520.0,475.0,45.0,1.0,0.0,0.0,0.34268835969616135,162.77697085567664,0.9134615384615384,520.0,475.0,45.0,1.0,,,0.101,208.4337,2063.7,2063.7,0.0,63.97469999999999,0.0,,,273.7999999999987,-1.7053025658242404e-13,117.73399999999944,4.0,1314.8881804887983,0.0,-0.0,0.0,133.5926391376619
6,1,7,0.1016,0.0,1314.8881804887983,,,,0,0.0,1,2337.499999999999,2337.499999999999,-0.0,373.9999999999999,77.60499999999998,0.0,,,353.31283827046343,2337.499999999999,2243.9999999999986,93.50000000000011,2337.499999999999,0.0,1.0,0.0,0.0,0.15774028109828678,119.15910023335285,0.96,786.8888141877668,755.4132616202561,31.475552567510704,1.0,0.0,0.0,0.15773728739518916,119.14736242882573,0.96,786.8262343856272,755.3531850102021,31.47304937542515,1.0,0.0,0.0,0.15684821716051936,115.00637560828496,0.96,763.7849514266048,733.2335533695406,30.55139805706426,,,,753.1416422183349,2243.9999999999986,2063.7,180.30000000000007,2244.0,-1.3642420526593924e-12,1.0,0.0,0.0,0.38393436338958564,213.79385025349077,0.925,602,556.85,45.14999999999998,1.0,0.0,0.0,0.38393436338958564,213.79385025349077,0.925,602,556.85,45.14999999999998,1.0,0.0,0.0,0.34268835969616135,162.77697085567664,0.9134615384615384,520.0,475.0,45.0,1.0,0.0,0.0,0.3426883596961614,162.77697085567667,0.9134615384615382,520.0000000000001,475.0,45.000000000000114,1.0,,,0.101,208.4337,2063.7,2063.7,0.0,63.97469999999999,0.0,,,273.7999999999988,-5.684341886080802e-14,117.73399999999948,4.0,1314.8881804887983,0.0,-0.0,0.0,133.5926391376619
7,1,8,0.1016,0.0,1314.888094814119,,,,0,0.0,1,2337.499999999999,2337.499999999999,-0.0,373.9999999999999,77.60499999999998,0.0,,,353.31283827046377,2337.499999999999,2243.9999999999986,93.50000000000011,2337.499999999999,0.0,1.0,0.0,0.0,0.15774028109828678,119.15910023335285,0.96,786.8888141877668,755.4132616202561,31.475552567510704,1.0,0.0,0.0,0.15773728739518916,119.14736242882573,0.96,786.8262343856272,755.3531850102021,31.47304937542515,1.0,0.0,0.0,0.15684821716051936,115.00637560828496,0.96,763.7849514266048,733.2335533695406,30.55139805706426,,,,753.1415713488211,2243.9999999999986,2063.6998534142003,180.30014658579955,2244.0,-1.3642420526593924e-12,1.0,0.0,0.0,0.38393436338958564,213.79385025349077,0.925,602,556.85,45.14999999999998,1.0,0.0,0.0,0.38393436338958564,213.79385025349077,0.925,602,556.85,45.14999999999998,1.0,0.0,0.0,0.3426883162513764,162.77689998616293,0.9134612565657702,519.9999999999999,474.9998534142004,45.000146585799484,1.0,0.0,0.0,0.3426883596961614,162.77697085567667,0.9134615384615382,520.0000000000001,475.0,45.000000000000114,1.0,,,0.101,208.43368519483425,2063.6998534142003,2063.6998534142003,0.0,63.97469545584021,0.0,,,273.8001465857983,-5.684341886080802e-14,117.73406303189327,4.0,1314.888094814119,0.0,-0.0,0.0,133.5926304331145
8,1,9,0.1016,0.0,1314.8881804887983,,,,0,0.0,1,2337.499999999999,2337.499999999999,-0.0,373.9999999999999,77.60499999999998,0.0,,,353.31283827046343,2337.499999999999,2243.9999999999986,93.50000000000011,2337.499999999999,0.0,1.0,0.0,0.0,0.15774028109828678,119.15910023335285,0.96,786.8888141877668,755.4132616202561,31.475552567510704,1.0,0.0,0.0,0.15773728739518916,119.14736242882573,0.96,786.8262343856272,755.3531850102021,31.47304937542515,1.0,0.0,0.0,0.15684821716051936,115.00637560828496,0.96,763.7849514266048,733.2335533695406,30.55139805706426,,,,753.1416422183349,2243.9999999999986,2063.7,180.30000000000007,2244.0,-1.3642420526593924e-12,1.0,0.0,0.0,0.38393436338958564,213.79385025349077,0.925,602,556.85,45.14999999999998,1.0,0.0,0.0,0.38393436338958564,213.79385025349077,0.925,602,556.85,45.14999999999998,1.0,0.0,0.0,0.34268835969616135,162.77697085567664,0.9134615384615384,520.0,475.0,45.0,1.0,0.0,0.0,0.3426883596961614,162.77697085567667,0.9134615384615382,520.0000000000001,475.0,45.000000000000114,1.0,,,0.101,208.4337,2063.7,2063.7,0.0,63.97469999999999,0.0,,,273.7999999999988,-5.684341886080802e-14,117.73399999999948,4.0,1314.8881804887983,0.0,-0.0,0.0,133.5926391376619
9,1,10,0.1016,0.0,1314.8881804887983,,,,0,0.0,1,2337.499999999999,2337.499999999999,-0.0,373.9999999999999,77.60499999999998,0.0,,,353.31283827046343,2337.499999999999,2243.9999999999986,93.50000000000011,2337.499999999999,0.0,1.0,0.0,0.0,0.15774028109828678,119.15910023335285,0.96,786.8888141877668,755.4132616202561,31.475552567510704,1.0,0.0,0.0,0.15773728739518916,119.14736242882573,0.96,786.8262343856272,755.3531850102021,31.47304937542515,1.0,0.0,0.0,0.15684821716051936,115.00637560828496,0.96,763.7849514266048,733.2335533695406,30.55139805706426,,,,753.1416422183349,2243.9999999999986,2063.7,180.30000000000007,2244.0,-1.3642420526593924e-12,1.0,0.0,0.0,0.38393436338958564,213.79385025349077,0.925,602,556.85,45.14999999999998,1.0,0.0,0.0,0.38393436338958564,213.79385025349077,0.925,602,556.85,45.14999999999998,1.0,0.0,0.0,0.34268835969616135,162.77697085567664,0.9134615384615384,520.0,475.0,45.0,1.0,0.0,0.0,0.3426883596961614,162.77697085567667,0.9134615384615382,520.0000000000001,475.0,45.000000000000114,1.0,,,0.101,208.4337,2063.7,2063.7,0.0,63.97469999999999,0.0,,,273.7999999999988,-5.684341886080802e-14,117.73399999999948,4.0,1314.8881804887983,0.0,-0.0,0.0,133.5926391376619
10,1,11,0.1016,0.0,1093.2706233483532,,,,0,0.0,1,1881.2487740871495,1881.2487740871495,-0.0,300.99980385394394,62.45745929969336,0.0,,,283.16436591791035,1881.2487740871495,1805.9988231236634,75.24995096348607,1881.2487740871495,0.0,1.0,0.0,0.0,0.15679110195225818,94.3884278989971,0.96,627.084559246184,602.0011768763366,25.083382369847413,1.0,0.0,0.0,0.15679095271265545,94.38796900945654,0.96,627.0821074204828,601.9988231236634,25.08328429681933,1.0,0.0,0.0,0.15679095271265545,94.38796900945654,0.96,627.0821074204828,601.9988231236634,25.08328429681933,,,,641.3808173801146,1805.9988231236634,1670.5489113893886,135.44991173427468,1805.9988231236634,-0.0,1.0,0.0,0.0,0.38393436338958564,213.79385025349077,0.925,602,556.85,45.14999999999998,1.0,0.0,0.0,0.38393436338958564,213.79385025349077,0.925,602,556.85,45.14999999999998,1.0,0.0,0.0,0.3839337969426927,213.79311687313304,0.925,601.9988231236634,556.8489113893887,45.149911734274724,0.0,0.0,1.0,0.08724817754776787,0.0,0.8800000000000001,0.0,0.0,0.0,1.0,,,0.101,168.72544005032827,1670.5489113893886,1670.5489113893886,0.0,51.787016253071045,0.0,,,210.69986269776075,-8.526512829121202e-14,90.60094096003712,3.0,1093.2706233483532,0.0,-0.0,0.0,111.07629533219269
11,1,12,0.1016,0.0,1093.2706233483532,,,,0,0.0,1,1881.2487740871495,1881.2487740871495,-0.0,300.99980385394394,62.45745929969336,0.0,,,283.16436591791035,1881.2487740871495,1805.9988231236634,75.24995096348607,1881.2487740871495,0.0,1.0,0.0,0.0,0.15679110195225818,94.3884278989971,0.96,627.084559246184,602.0011768763366,25.083382369847413,1.0,0.0,0.0,0.15679095271265545,94.38796900945654,0.96,627.0821074204828,601.9988231236634,25.08328429681933,1.0,0.0,0.0,0.15679095271265545,94.38796900945654,0.96,627.0821074204828,601.9988231236634,25.08328429681933,,,,641.3808173801146,1805.9988231236634,1670.5489113893886,135.44991173427468,1805.9988231236634,-0.0,1.0,0.0,0.0,0.38393436338958564,213.79385025349077,0.925,602,556.85,45.14999999999998,1.0,0.0,0.0,0.38393436338958564,213.79385025349077,0.925,602,556.85,45.14999999999998,1.0,0.0,0.0,0.3839337969426927,213.79311687313304,0.925,601.9988231236634,556.8489113893887,45.149911734274724,0.0,0.0,0.0,0.08724817754776787,0.0,0.8800000000000001,0.0,0.0,0.0,1.0,,,0.101,168.72544005032827,1670.5489113893886,1670.5489113893886,0.0,51.787016253071045,0.0,,,210.69986269776075,-8.526512829121202e-14,90.60094096003712,3.0,1093.2706233483532,0.0,-0.0,0.0,111.07629533219269
12,1,13,0.1016,0.0,1093.2706233483532,,,,0,0.0,1,1881.2487740871495,1881.2487740871495,-0.0,300.99980385394394,62.45745929969336,0.0,,,283.16436591791035,1881.2487740871495,1805.9988231236634,75.24995096348607,1881.2487740871495,0.0,1.0,0.0,0.0,0.15679110195225818,94.3884278989971,0.96,627.084559246184,602.0011768763366,25.083382369847413,1.0,0.0,0.0,0.15679095271265545,94.38796900945654,0.96,627.0821074204828,601.9988231236634,25.08328429681933,1.0,0.0,0.0,0.15679095271265545,94.38796900945654,0.96,627.0821074204828,601.9988231236634,25.08328429681933,,,,641.3808173801146,1805.9988231236634,1670.5489113893886,135.44991173427468,1805.9988231236634,-0.0,1.0,0.0,0.0,0.38393436338958564,213.79385025349077,0.925,602,556.85,45.14999999999998,1.0,0.0,0.0,0.38393436338958564,213.79385025349077,0.925,602,556.85,45.14999999999998,1.0,0.0,0.0,0.3839337969426927,213.79311687313304,0.925,601.9988231236634,556.8489113893887,45.149911734274724,0.0,0.0,0.0,0.08724817754776784,0.0,0.88,0.0,0.0,0.0,1.0,,,0.101,168.72544005032827,1670.5489113893886,1670.5489113893886,0.0,51.787016253071045,0.0,,,210.69986269776075,-8.526512829121202e-14,90.60094096003712,3.0,1093.2706233483532,0.0,-0.0,0.0,111.07629533219269
13,1,14,0.1016,0.0,1093.2706233483532,,,,0,0.0,1,1881.2487740871495,1881.2487740871495,-0.0,300.99980385394394,62.45745929969336,0.0,,,283.16436591791035,1881.2487740871495,1805.9988231236634,75.24995096348607,1881.2487740871495,0.0,1.0,0.0,0.0,0.15679110195225818,94.3884278989971,0.96,627.084559246184,602.0011768763366,25.083382369847413,1.0,0.0,0.0,0.15679095271265545,94.38796900945654,0.96,627.0821074204828,601.9988231236634,25.08328429681933,1.0,0.0,0.0,0.15679095271265545,94.38796900945654,0.96,627.0821074204828,601.9988231236634,25.08328429681933,,,,641.3808173801146,1805.9988231236634,1670.5489113893886,135.44991173427468,1805.9988231236634,-0.0,1.0,0.0,0.0,0.38393436338958564,213.79385025349077,0.925,602,556.85,45.14999999999998,1.0,0.0,0.0,0.38393436338958564,213.79385025349077,0.925,602,556.85,45.14999999999998,1.0,0.0,0.0,0.3839337969426927,213.79311687313304,0.925,601.9988231236634,556.8489113893887,45.149911734274724,0.0,0.0,0.0,0.08724817754776784,0.0,0.88,0.0,0.0,0.0,1.0,,,0.101,168.72544005032827,1670.5489113893886,1670.5489113893886,0.0,51.787016253071045,0.0,,,210.69986269776075,-8.526512829121202e-14,90.60094096003712,3.0,1093.2706233483532,0.0,-0.0,0.0,111.07629533219269
14,1,15,0.1016,0.0,1093.2706233483532,,,,0,0.0,1,1881.2487740871495,1881.2487740871495,-0.0,300.99980385394394,62.45745929969336,0.0,,,283.16436591791035,1881.2487740871495,1805.9988231236634,75.24995096348607,1881.2487740871495,0.0,1.0,0.0,0.0,0.15679110195225818,94.3884278989971,0.96,627.084559246184,602.0011768763366,25.083382369847413,1.0,0.0,0.0,0.15679095271265545,94.38796900945654,0.96,627.0821074204828,601.9988231236634,25.08328429681933,1.0,0.0,0.0,0.15679095271265545,94.38796900945654,0.96,627.0821074204828,601.9988231236634,25.08328429681933,,,,641.3808173801146,1805.9988231236634,1670.5489113893886,135.44991173427468,1805.9988231236634,-0.0,1.0,0.0,0.0,0.38393436338958564,213.79385025349077,0.925,602,556.85,45.14999999999998,1.0,0.0,0.0,0.38393436338958564,213.79385025349077,0.925,602,556.85,45.14999999999998,1.0,0.0,0.0,0.3839337969426927,213.79311687313304,0.925,601.9988231236634,556.8489113893887,45.149911734274724,0.0,0.0,0.0,0.08724817754776784,0.0,0.88,0.0,0.0,0.0,1.0,,,0.101,168.72544005032827,1670.5489113893886,1670.5489113893886,0.0,51.787016253071045,0.0,,,210.69986269776075,-8.526512829121202e-14,90.60094096003712,3.0,1093.2706233483532,0.0,-0.0,0.0,111.07629533219269
15,1,16,0.1016,0.0,1093.2706233483532,,,,0,0.0,1,1881.2487740871495,1881.2487740871495,-0.0,300.99980385394394,62.45745929969336,0.0,,,283.16436591791035,1881.2487740871495,1805.9988231236634,75.24995096348607,1881.2487740871495,0.0,1.0,0.0,0.0,0.15679110195225818,94.3884278989971,0.96,627.084559246184,602.0011768763366,25.083382369847413,1.0,0.0,0.0,0.15679095271265545,94.38796900945654,0.96,627.0821074204828,601.9988231236634,25.08328429681933,1.0,0.0,0.0,0.15679095271265545,94.38796900945654,0.96,627.0821074204828,601.9988231236634,25.08328429681933,,,,641.3808173801146,1805.9988231236634,1670.5489113893886,135.44991173427468,1805.9988231236634,-0.0,1.0,0.0,0.0,0.38393436338958564,213.79385025349077,0.925,602,556.85,45.14999999999998,1.0,0.0,0.0,0.38393436338958564,213.79385025349077,0.925,602,556.85,45.14999999999998,1.0,0.0,0.0,0.3839337969426927,213.79311687313304,0.925,601.9988231236634,556.8489113893887,45.149911734274724,0.0,0.0,0.0,0.08724817754776784,0.0,0.88,0.0,0.0,0.0,1.0,,,0.101,168.72544005032827,1670.5489113893886,1670.5489113893886,0.0,51.787016253071045,0.0,,,210.69986269776075,-8.526512829121202e-14,90.60094096003712,3.0,1093.2706233483532,0.0,-0.0,0.0,111.07629533219269
16,1,17,0.1016,0.0,1093.2706233483536,,,,0,0.0,1,1881.2487740871495,1881.2487740871495,-0.0,300.99980385394394,62.45745929969336,0.0,,,283.1643659179106,1881.2487740871495,1805.9988231236634,75.24995096348607,1881.2487740871495,0.0,1.0,0.0,0.0,0.15679110195225818,94.3884278989971,0.96,627.084559246184,602.0011768763366,25.083382369847413,1.0,0.0,0.0,0.15679095271265545,94.38796900945654,0.96,627.0821074204828,601.9988231236634,25.08328429681933,1.0,0.0,0.0,0.15679095271265545,94.38796900945654,0.96,627.0821074204828,601.9988231236634,25.08328429681933,,,,641.3808173801146,1805.9988231236634,1670.5489113893886,135.44991173427468,1805.9988231236634,-0.0,1.0,0.0,0.0,0.38393436338958564,213.79385025349077,0.925,602,556.85,45.14999999999998,1.0,0.0,0.0,0.38393436338958564,213.79385025349077,0.925,602,556.85,45.14999999999998,1.0,0.0,0.0,0.3839337969426927,213.79311687313304,0.925,601.9988231236634,556.8489113893887,45.149911734274724,0.0,0.0,0.0,0.08724817754776784,0.0,0.88,0.0,0.0,0.0,1.0,,,0.101,168.72544005032827,1670.5489113893886,1670.5489113893886,0.0,51.787016253071045,0.0,,,210.69986269776075,1.4210854715202004e-13,90.60094096003712,3.0,1093.2706233483536,0.0,-0.0,0.0,111.07629533219273
17,1,18,0.15246,0.0,728.8477974154351,,,,0,0.0,1,1254.1666666666667,1254.1666666666667,-0.0,200.66666666666669,41.638333333333335,0.0,,,188.7763969084536,1254.1666666666667,1204.0,50.16666666666674,1254.1666666666667,0.0,1.0,0.0,0.0,0.15679110195225818,94.3884278989971,0.96,627.084559246184,602.0011768763366,25.083382369847413,1.0,0.0,0.0,0.15679095271265545,94.38796900945654,0.96,627.0821074204828,601.9988231236634,25.08328429681933,0.0,0.0,1.0,0.271,0.0,0.96,0.0,0.0,-0.0,,,,427.58770050698155,1204.0,1113.7,90.29999999999995,1204.0,-0.0,1.0,0.0,0.0,0.38393436338958564,213.79385025349077,0.925,602,556.85,45.14999999999998,1.0,0.0,0.0,0.38393436338958564,213.79385025349077,0.925,602,556.85,45.14999999999998,0.0,0.0,1.0,0.08724817754776787,0.0,0.8800000000000001,0.0,0.0,0.0,0.0,0.0,0.0,0.08724817754776784,0.0,0.88,0.0,0.0,0.0,1.0,,,0.101,112.48370000000001,1113.7,1113.7,0.0,34.5247,0.0,,,140.4666666666667,-7.105427357601002e-14,60.40066666666668,2.0,728.847797415435,0.0,0.0,0.0,111.12013519395725
18,1,19,0.15246,0.0,728.8477974154353,,,,0,0.0,1,1254.1666666666667,1254.1666666666667,-0.0,200.66666666666669,41.638333333333335,0.0,,,188.7763969084537,1254.1666666666667,1204.0,50.16666666666674,1254.1666666666667,0.0,1.0,0.0,0.0,0.15679110195225818,94.3884278989971,0.96,627.084559246184,602.0011768763366,25.083382369847413,1.0,0.0,0.0,0.15679095271265545,94.38796900945654,0.96,627.0821074204828,601.9988231236634,25.08328429681933,0.0,0.0,0.0,0.271,0.0,0.96,0.0,0.0,-0.0,,,,427.58770050698155,1204.0,1113.7,90.29999999999995,1204.0,-0.0,1.0,0.0,0.0,0.38393436338958564,213.79385025349077,0.925,602,556.85,45.14999999999998,1.0,0.0,0.0,0.38393436338958564,213.79385025349077,0.925,602,556.85,45.14999999999998,0.0,0.0,0.0,0.08724817754776787,0.0,0.8800000000000001,0.0,0.0,0.0,0.0,0.0,0.0,0.08724817754776784,0.0,0.88,0.0,0.0,0.0,1.0,,,0.101,112.48370000000001,1113.7,1113.7,0.0,34.5247,0.0,,,140.4666666666667,-7.105427357601002e-14,60.40066666666668,2.0,728.8477974154351,0.0,0.0,0.0,111.12013519395727
19,1,20,0.15246,0.0,728.8477974154353,,,,0,0.0,1,1254.1666666666667,1254.1666666666667,-0.0,200.66666666666669,41.638333333333335,0.0,,,188.7763969084537,1254.1666666666667,1204.0,50.16666666666674,1254.1666666666667,0.0,1.0,0.0,0.0,0.15679110195225818,94.3884278989971,0.96,627.084559246184,602.0011768763366,25.083382369847413,1.0,0.0,0.0,0.15679095271265545,94.38796900945654,0.96,627.0821074204828,601.9988231236634,25.08328429681933,0.0,0.0,0.0,0.271,0.0,0.96,0.0,0.0,-0.0,,,,427.58770050698155,1204.0,1113.7,90.29999999999995,1204.0,-0.0,1.0,0.0,0.0,0.38393436338958564,213.79385025349077,0.925,602,556.85,45.14999999999998,1.0,0.0,0.0,0.38393436338958564,213.79385025349077,0.925,602,556.85,45.14999999999998,0.0,0.0,0.0,0.08724817754776787,0.0,0.8800000000000001,0.0,0.0,0.0,0.0,0.0,0.0,0.08724817754776784,0.0,0.88,0.0,0.0,0.0,1.0,,,0.101,112.48370000000001,1113.7,1113.7,0.0,34.5247,0.0,,,140.4666666666667,-7.105427357601002e-14,60.40066666666668,2.0,728.8477974154351,0.0,0.0,0.0,111.12013519395727
20,1,21,0.15246,0.0,728.8477974154353,,,,0,0.0,1,1254.1666666666667,1254.1666666666667,-0.0,200.66666666666669,41.638333333333335,0.0,,,188.7763969084537,1254.1666666666667,1204.0,50.16666666666674,1254.1666666666667,0.0,1.0,0.0,0.0,0.15679110195225818,94.3884278989971,0.96,627.084559246184,602.0011768763366,25.083382369847413,1.0,0.0,0.0,0.15679095271265545,94.38796900945654,0.96,627.0821074204828,601.9988231236634,25.08328429681933,0.0,0.0,0.0,0.271,0.0,0.96,0.0,0.0,-0.0,,,,427.58770050698155,1204.0,1113.7,90.29999999999995,1204.0,-0.0,1.0,0.0,0.0,0.38393436338958564,213.79385025349077,0.925,602,556.85,45.14999999999998,1.0,0.0,0.0,0.38393436338958564,213.79385025349077,0.925,602,556.85,45.14999999999998,0.0,0.0,0.0,0.08724817754776787,0.0,0.8800000000000001,0.0,0.0,0.0,0.0,0.0,0.0,0.08724817754776784,0.0,0.88,0.0,0.0,0.0,1.0,,,0.101,112.48370000000001,1113.7,1113.7,0.0,34.5247,0.0,,,140.4666666666667,-7.105427357601002e-14,60.40066666666668,2.0,728.8477974154351,0.0,0.0,0.0,111.12013519395727
21,1,22,0.15246,0.0,728.8477974154353,,,,0,0.0,1,1254.1666666666667,1254.1666666666667,-0.0,200.66666666666669,41.638333333333335,0.0,,,188.7763969084537,1254.1666666666667,1204.0,50.16666666666674,1254.1666666666667,0.0,1.0,0.0,0.0,0.15679110195225818,94.3884278989971,0.96,627.084559246184,602.0011768763366,25.083382369847413,1.0,0.0,0.0,0.15679095271265545,94.38796900945654,0.96,627.0821074204828,601.9988231236634,25.08328429681933,0.0,0.0,0.0,0.271,0.0,0.96,0.0,0.0,-0.0,,,,427.58770050698155,1204.0,1113.7,90.29999999999995,1204.0,-0.0,1.0,0.0,0.0,0.38393436338958564,213.79385025349077,0.925,602,556.85,45.14999999999998,1.0,0.0,0.0,0.38393436338958564,213.79385025349077,0.925,602,556.85,45.14999999999998,0.0,0.0,0.0,0.08724817754776787,0.0,0.8800000000000001,0.0,0.0,0.0,0.0,0.0,0.0,0.08724817754776787,0.0,0.8800000000000001,0.0,0.0,0.0,1.0,,,0.101,112.48370000000001,1113.7,1113.7,0.0,34.5247,0.0,,,140.4666666666667,-7.105427357601002e-14,60.40066666666668,2.0,728.8477974154351,0.0,0.0,0.0,111.12013519395727
22,1,23,0.1016,0.0,1093.2705831959292,,,,0,0.0,1,1881.2487740871495,1881.2487740871495,-0.0,300.99980385394394,62.45745929969336,0.0,,,283.1643257654862,1881.2487740871495,1805.9988231236634,75.24995096348607,1881.2487740871495,0.0,1.0,0.0,0.0,0.15679110195225818,94.3884278989971,0.96,627.084559246184,602.0011768763366,25.083382369847413,1.0,0.0,0.0,0.15679095271265545,94.38796900945654,0.96,627.0821074204828,601.9988231236634,25.08328429681933,1.0,1.0,0.0,0.1567908860141456,94.38792885703211,0.96,627.0821074204828,601.9988231236634,25.08328429681933,,,,641.3808173801146,1805.9988231236634,1670.5489113893886,135.44991173427468,1805.9988231236634,-0.0,1.0,0.0,0.0,0.38393436338958564,213.79385025349077,0.925,602,556.85,45.14999999999998,1.0,0.0,0.0,0.38393436338958564,213.79385025349077,0.925,602,556.85,45.14999999999998,1.0,1.0,0.0,0.3839337969426927,213.79311687313304,0.925,601.9988231236634,556.8489113893887,45.149911734274724,0.0,0.0,0.0,0.08724817754776784,0.0,0.88,0.0,0.0,0.0,1.0,,,0.101,168.72544005032827,1670.5489113893886,1670.5489113893886,0.0,51.787016253071045,0.0,,,210.69986269776075,1.4210854715202004e-13,90.60094096003712,3.0,1093.2705831959292,0.0,-0.0,0.0,111.07629125270641
23,1,24,0.1016,0.0,1093.2705831959288,,,,0,0.0,1,1881.2487740871495,1881.2487740871495,-0.0,300.99980385394394,62.45745929969336,0.0,,,283.16432576548596,1881.2487740871495,1805.9988231236634,75.24995096348607,1881.2487740871495,0.0,1.0,0.0,0.0,0.15679110195225818,94.3884278989971,0.96,627.084559246184,602.0011768763366,25.083382369847413,1.0,0.0,0.0,0.15679095271265545,94.38796900945654,0.96,627.0821074204828,601.9988231236634,25.08328429681933,1.0,0.0,0.0,0.1567908860141456,94.38792885703211,0.96,627.0821074204828,601.9988231236634,25.08328429681933,,,,641.3808173801146,1805.9988231236634,1670.5489113893886,135.44991173427468,1805.9988231236634,-0.0,1.0,0.0,0.0,0.38393436338958564,213.79385025349077,0.925,602,556.85,45.14999999999998,1.0,0.0,0.0,0.38393436338958564,213.79385025349077,0.925,602,556.85,45.14999999999998,1.0,0.0,0.0,0.3839337969426927,213.79311687313304,0.925,601.9988231236634,556.8489113893887,45.149911734274724,0.0,0.0,0.0,0.08724817754776784,0.0,0.88,0.0,0.0,0.0,1.0,,,0.101,168.72544005032827,1670.5489113893886,1670.5489113893886,0.0,51.787016253071045,0.0,,,210.69986269776075,-8.526512829121202e-14,90.60094096003712,3.0,1093.2705831959288,0.0,-0.0,0.0,111.07629125270635
24,1,25,0.1016,0.0,1093.2705831959292,,,,0,0.0,1,1881.2487740871495,1881.2487740871495,-0.0,300.99980385394394,62.45745929969336,0.0,,,283.1643257654862,1881.2487740871495,1805.9988231236634,75.24995096348607,1881.2487740871495,0.0,1.0,0.0,0.0,0.15679110195225818,94.3884278989971,0.96,627.084559246184,602.0011768763366,25.083382369847413,1.0,0.0,0.0,0.15679095271265545,94.38796900945654,0.96,627.0821074204828,601.9988231236634,25.08328429681933,1.0,0.0,0.0,0.1567908860141456,94.38792885703211,0.96,627.0821074204828,601.9988231236634,25.08328429681933,,,,641.3808173801146,1805.9988231236634,1670.5489113893886,135.44991173427468,1805.9988231236634,-0.0,1.0,0.0,0.0,0.38393436338958564,213.79385025349077,0.925,602,556.85,45.14999999999998,1.0,0.0,0.0,0.38393436338958564,213.79385025349077,0.925,602,556.85,45.14999999999998,1.0,0.0,0.0,0.3839337969426927,213.79311687313304,0.925,601.9988231236634,556.8489113893887,45.149911734274724,0.0,0.0,0.0,0.08724817754776787,0.0,0.8800000000000001,0.0,0.0,0.0,1.0,,,0.101,168.72544005032827,1670.5489113893886,1670.5489113893886,0.0,51.787016253071045,0.0,,,210.69986269776075,1.4210854715202004e-13,90.60094096003712,3.0,1093.2705831959292,0.0,-0.0,0.0,111.07629125270641
25,1,26,0.1016,0.0,1093.2705831959292,,,,0,0.0,1,1881.2487740871495,1881.2487740871495,-0.0,300.99980385394394,62.45745929969336,0.0,,,283.1643257654862,1881.2487740871495,1805.9988231236634,75.24995096348607,1881.2487740871495,0.0,1.0,0.0,0.0,0.15679110195225818,94.3884278989971,0.96,627.084559246184,602.0011768763366,25.083382369847413,1.0,0.0,0.0,0.15679095271265545,94.38796900945654,0.96,627.0821074204828,601.9988231236634,25.08328429681933,1.0,0.0,0.0,0.1567908860141456,94.38792885703211,0.96,627.0821074204828,601.9988231236634,25.08328429681933,,,,641.3808173801146,1805.9988231236634,1670.5489113893886,135.44991173427468,1805.9988231236634,-0.0,1.0,0.0,0.0,0.38393436338958564,213.79385025349077,0.925,602,556.85,45.14999999999998,1.0,0.0,0.0,0.38393436338958564,213.79385025349077,0.925,602,556.85,45.14999999999998,1.0,0.0,0.0,0.3839337969426927,213.79311687313304,0.925,601.9988231236634,556.8489113893887,45.149911734274724,0.0,0.0,0.0,0.08724817754776787,0.0,0.8800000000000001,0.0,0.0,0.0,1.0,,,0.101,168.72544005032827,1670.5489113893886,1670.5489113893886,0.0,51.787016253071045,0.0,,,210.69986269776075,1.4210854715202004e-13,90.60094096003712,3.0,1093.2705831959292,0.0,-0.0,0.0,111.07629125270641
26,1,27,0.1016,0.0,1093.2705831959292,,,,0,0.0,1,1881.2487740871495,1881.2487740871495,-0.0,300.99980385394394,62.45745929969336,0.0,,,283.1643257654862,1881.2487740871495,1805.9988231236634,75.24995096348607,1881.2487740871495,0.0,1.0,0.0,0.0,0.15679110195225818,94.3884278989971,0.96,627.084559246184,602.0011768763366,25.083382369847413,1.0,0.0,0.0,0.15679095271265545,94.38796900945654,0.96,627.0821074204828,601.9988231236634,25.08328429681933,1.0,0.0,0.0,0.1567908860141456,94.38792885703211,0.96,627.0821074204828,601.9988231236634,25.08328429681933,,,,641.3808173801146,1805.9988231236634,1670.5489113893886,135.44991173427468,1805.9988231236634,-0.0,1.0,0.0,0.0,0.38393436338958564,213.79385025349077,0.925,602,556.85,45.14999999999998,1.0,0.0,0.0,0.38393436338958564,213.79385025349077,0.925,602,556.85,45.14999999999998,1.0,0.0,0.0,0.3839337969426927,213.79311687313304,0.925,601.9988231236634,556.8489113893887,45.149911734274724,0.0,0.0,0.0,0.08724817754776784,0.0,0.88,0.0,0.0,0.0,1.0,,,0.101,168.72544005032827,1670.5489113893886,1670.5489113893886,0.0,51.787016253071045,0.0,,,210.69986269776075,1.4210854715202004e-13,90.60094096003712,3.0,1093.2705831959292,0.0,-0.0,0.0,111.07629125270641
27,1,28,0.1016,0.0,1093.2705831959292,,,,0,0.0,1,1881.2487740871495,1881.2487740871495,-0.0,300.99980385394394,62.45745929969336,0.0,,,283.1643257654862,1881.2487740871495,1805.9988231236634,75.24995096348607,1881.2487740871495,0.0,1.0,0.0,0.0,0.15679110195225818,94.3884278989971,0.96,627.084559246184,602.0011768763366,25.083382369847413,1.0,0.0,0.0,0.15679095271265545,94.38796900945654,0.96,627.0821074204828,601.9988231236634,25.08328429681933,1.0,0.0,0.0,0.1567908860141456,94.38792885703211,0.96,627.0821074204828,601.9988231236634,25.08328429681933,,,,641.3808173801146,1805.9988231236634,1670.5489113893886,135.44991173427468,1805.9988231236634,-0.0,1.0,0.0,0.0,0.38393436338958564,213.79385025349077,0.925,602,556.85,45.14999999999998,1.0,0.0,0.0,0.38393436338958564,213.79385025349077,0.925,602,556.85,45.14999999999998,1.0,0.0,0.0,0.3839337969426927,213.79311687313304,0.925,601.9988231236634,556.8489113893887,45.149911734274724,0.0,0.0,0.0,0.08724817754776787,0.0,0.8800000000000001,0.0,0.0,0.0,1.0,,,0.101,168.72544005032827,1670.5489113893886,1670.5489113893886,0.0,51.787016253071045,0.0,,,210.69986269776075,1.4210854715202004e-13,90.60094096003712,3.0,1093.2705831959292,0.0,-0.0,0.0,111.07629125270641
28,1,29,0.1016,0.0,1093.2705831959292,,,,0,0.0,1,1881.2487740871495,1881.2487740871495,-0.0,300.99980385394394,62.45745929969336,0.0,,,283.1643257654862,1881.2487740871495,1805.9988231236634,75.24995096348607,1881.2487740871495,0.0,1.0,0.0,0.0,0.15679110195225818,94.3884278989971,0.96,627.084559246184,602.0011768763366,25.083382369847413,1.0,0.0,0.0,0.15679095271265545,94.38796900945654,0.96,627.0821074204828,601.9988231236634,25.08328429681933,1.0,0.0,0.0,0.1567908860141456,94.38792885703211,0.96,627.0821074204828,601.9988231236634,25.08328429681933,,,,641.3808173801146,1805.9988231236634,1670.5489113893886,135.44991173427468,1805.9988231236634,-0.0,1.0,0.0,0.0,0.38393436338958564,213.79385025349077,0.925,602,556.85,45.14999999999998,1.0,0.0,0.0,0.38393436338958564,213.79385025349077,0.925,602,556.85,45.14999999999998,1.0,0.0,0.0,0.3839337969426927,213.79311687313304,0.925,601.9988231236634,556.8489113893887,45.149911734274724,0.0,0.0,0.0,0.08724817754776787,0.0,0.8800000000000001,0.0,0.0,0.0,1.0,,,0.101,168.72544005032827,1670.5489113893886,1670.5489113893886,0.0,51.787016253071045,0.0,,,210.69986269776075,1.4210854715202004e-13,90.60094096003712,3.0,1093.2705831959292,0.0,-0.0,0.0,111.07629125270641
29,1,30,0.1016,0.0,1093.2705831959288,,,,0,0.0,1,1881.2487740871495,1881.2487740871495,-0.0,300.99980385394394,62.45745929969336,0.0,,,283.16432576548596,1881.2487740871495,1805.9988231236634,75.24995096348607,1881.2487740871495,0.0,1.0,0.0,0.0,0.15679110195225818,94.3884278989971,0.96,627.084559246184,602.0011768763366,25.083382369847413,1.0,0.0,0.0,0.15679095271265545,94.38796900945654,0.96,627.0821074204828,601.9988231236634,25.08328429681933,1.0,0.0,0.0,0.1567908860141456,94.38792885703211,0.96,627.0821074204828,601.9988231236634,25.08328429681933,,,,641.3808173801146,1805.9988231236634,1670.5489113893886,135.44991173427468,1805.9988231236634,-0.0,1.0,0.0,0.0,0.38393436338958564,213.79385025349077,0.925,602,556.85,45.14999999999998,1.0,0.0,0.0,0.38393436338958564,213.79385025349077,0.925,602,556.85,45.14999999999998,1.0,0.0,0.0,0.3839337969426927,213.79311687313304,0.925,601.9988231236634,556.8489113893887,45.149911734274724,0.0,0.0,0.0,0.08724817754776787,0.0,0.8800000000000001,0.0,0.0,0.0,1.0,,,0.101,168.72544005032827,1670.5489113893886,1670.5489113893886,0.0,51.787016253071045,0.0,,,210.69986269776075,-8.526512829121202e-14,90.60094096003712,3.0,1093.2705831959288,0.0,-0.0,0.0,111.07629125270635
30,1,31,0.1016,0.0,1093.2705831959292,,,,0,0.0,1,1881.2487740871495,1881.2487740871495,-0.0,300.99980385394394,62.45745929969336,0.0,,,283.1643257654862,1881.2487740871495,1805.9988231236634,75.24995096348607,1881.2487740871495,0.0,1.0,0.0,0.0,0.15679110195225818,94.3884278989971,0.96,627.084559246184,602.0011768763366,25.083382369847413,1.0,0.0,0.0,0.15679095271265545,94.38796900945654,0.96,627.0821074204828,601.9988231236634,25.08328429681933,1.0,0.0,0.0,0.1567908860141456,94.38792885703211,0.96,627.0821074204828,601.9988231236634,25.08328429681933,,,,641.3808173801146,1805.9988231236634,1670.5489113893886,135.44991173427468,1805.9988231236634,-0.0,1.0,0.0,0.0,0.38393436338958564,213.79385025349077,0.925,602,556.85,45.14999999999998,1.0,0.0,0.0,0.38393436338958564,213.79385025349077,0.925,602,556.85,45.14999999999998,1.0,0.0,0.0,0.3839337969426927,213.79311687313304,0.925,601.9988231236634,556.8489113893887,45.149911734274724,0.0,0.0,0.0,0.08724817754776787,0.0,0.8800000000000001,0.0,0.0,0.0,1.0,,,0.101,168.72544005032827,1670.5489113893886,1670.5489113893886,0.0,51.787016253071045,0.0,,,210.69986269776075,1.4210854715202004e-13,90.60094096003712,3.0,1093.2705831959292,0.0,-0.0,0.0,111.07629125270641
31,1,32,0.1016,0.0,1093.2705831959288,,,,0,0.0,1,1881.2487740871495,1881.2487740871495,-0.0,300.99980385394394,62.45745929969336,0.0,,,283.16432576548596,1881.2487740871495,1805.9988231236634,75.24995096348607,1881.2487740871495,0.0,1.0,0.0,0.0,0.15679110195225818,94.3884278989971,0.96,627.084559246184,602.0011768763366,25.083382369847413,1.0,0.0,0.0,0.15679095271265545,94.38796900945654,0.96,627.0821074204828,601.9988231236634,25.08328429681933,1.0,0.0,0.0,0.1567908860141456,94.38792885703211,0.96,627.0821074204828,601.9988231236634,25.08328429681933,,,,641.3808173801146,1805.9988231236634,1670.5489113893886,135.44991173427468,1805.9988231236634,-0.0,1.0,0.0,0.0,0.38393436338958564,213.79385025349077,0.925,602,556.85,45.14999999999998,1.0,0.0,0.0,0.38393436338958564,213.79385025349077,0.925,602,556.85,45.14999999999998,1.0,0.0,0.0,0.3839337969426927,213.79311687313304,0.925,601.9988231236634,556.8489113893887,45.149911734274724,0.0,0.0,0.0,0.08724817754776787,0.0,0.8800000000000001,0.0,0.0,0.0,1.0,,,0.101,168.72544005032827,1670.5489113893886,1670.5489113893886,0.0,51.787016253071045,0.0,,,210.69986269776075,-8.526512829121202e-14,90.60094096003712,3.0,1093.2705831959288,0.0,-0.0,0.0,111.07629125270635
32,1,33,0.1016,0.0,1093.2705831959292,,,,0,0.0,1,1881.2487740871495,1881.2487740871495,-0.0,300.99980385394394,62.45745929969336,0.0,,,283.1643257654862,1881.2487740871495,1805.9988231236634,75.24995096348607,1881.2487740871495,0.0,1.0,0.0,0.0,0.15679110195225818,94.3884278989971,0.96,627.084559246184,602.0011768763366,25.083382369847413,1.0,0.0,0.0,0.15679095271265545,94.38796900945654,0.96,627.0821074204828,601.9988231236634,25.08328429681933,1.0,0.0,0.0,0.1567908860141456,94.38792885703211,0.96,627.0821074204828,601.9988231236634,25.08328429681933,,,,641.3808173801146,1805.9988231236634,1670.5489113893886,135.44991173427468,1805.9988231236634,-0.0,1.0,0.0,0.0,0.38393436338958564,213.79385025349077,0.925,602,556.85,45.14999999999998,1.0,0.0,0.0,0.38393436338958564,213.79385025349077,0.925,602,556.85,45.14999999999998,1.0,0.0,0.0,0.3839337969426927,213.79311687313304,0.925,601.9988231236634,556.8489113893887,45.149911734274724,0.0,0.0,0.0,0.08724817754776787,0.0,0.8800000000000001,0.0,0.0,0.0,1.0,,,0.101,168.72544005032827,1670.5489113893886,1670.5489113893886,0.0,51.787016253071045,0.0,,,210.69986269776075,1.4210854715202004e-13,90.60094096003712,3.0,1093.2705831959292,0.0,-0.0,0.0,111.07629125270641
33,1,34,0.1016,0.0,1093.2705831959292,,,,0,0.0,1,1881.2487740871495,1881.2487740871495,-0.0,300.99980385394394,62.45745929969336,0.0,,,283.1643257654862,1881.2487740871495,1805.9988231236634,75.24995096348607,1881.2487740871495,0.0,1.0,0.0,0.0,0.15679110195225818,94.3884278989971,0.96,627.084559246184,602.0011768763366,25.083382369847413,1.0,0.0,0.0,0.15679095271265545,94.38796900945654,0.96,627.0821074204828,601.9988231236634,25.08328429681933,1.0,0.0,0.0,0.1567908860141456,94.38792885703211,0.96,627.0821074204828,601.9988231236634,25.08328429681933,,,,641.3808173801146,1805.9988231236634,1670.5489113893886,135.44991173427468,1805.9988231236634,-0.0,1.0,0.0,0.0,0.38393436338958564,213.79385025349077,0.925,602,556.85,45.14999999999998,1.0,0.0,0.0,0.38393436338958564,213.79385025349077,0.925,602,556.85,45.14999999999998,1.0,0.0,0.0,0.3839337969426927,213.79311687313304,0.925,601.9988231236634,556.8489113893887,45.149911734274724,0.0,0.0,0.0,0.08724817754776787,0.0,0.8800000000000001,0.0,0.0,0.0,1.0,,,0.101,168.72544005032827,1670.5489113893886,1670.5489113893886,0.0,51.787016253071045,0.0,,,210.69986269776075,1.4210854715202004e-13,90.60094096003712,3.0,1093.2705831959292,0.0,-0.0,0.0,111.07629125270641
34,1,35,0.1016,0.0,1093.2705831959292,,,,0,0.0,1,1881.2487740871495,1881.2487740871495,-0.0,300.99980385394394,62.45745929969336,0.0,,,283.1643257654862,1881.2487740871495,1805.9988231236634,75.24995096348607,1881.2487740871495,0.0,1.0,0.0,0.0,0.15679110195225818,94.3884278989971,0.96,627.084559246184,602.0011768763366,25.083382369847413,1.0,0.0,0.0,0.15679095271265545,94.38796900945654,0.96,627.0821074204828,601.9988231236634,25.08328429681933,1.0,0.0,0.0,0.1567908860141456,94.38792885703211,0.96,627.0821074204828,601.9988231236634,25.08328429681933,,,,641.3808173801146,1805.9988231236634,1670.5489113893886,135.44991173427468,1805.9988231236634,-0.0,1.0,0.0,0.0,0.38393436338958564,213.79385025349077,0.925,602,556.85,45.14999999999998,1.0,0.0,0.0,0.38393436338958564,213.79385025349077,0.925,602,556.85,45.14999999999998,1.0,0.0,0.0,0.3839337969426927,213.79311687313304,0.925,601.9988231236634,556.8489113893887,45.149911734274724,0.0,0.0,0.0,0.08724817754776784,0.0,0.88,0.0,0.0,0.0,1.0,,,0.101,168.72544005032827,1670.5489113893886,1670.5489113893886,0.0,51.787016253071045,0.0,,,210.69986269776075,1.4210854715202004e-13,90.60094096003712,3.0,1093.2705831959292,0.0,-0.0,0.0,111.07629125270641
35,1,36,0.1016,0.0,1093.2705831959292,,,,0,0.0,1,1881.2487740871495,1881.2487740871495,-0.0,300.99980385394394,62.45745929969336,0.0,,,283.1643257654862,1881.2487740871495,1805.9988231236634,75.24995096348607,1881.2487740871495,0.0,1.0,0.0,0.0,0.15679110195225818,94.3884278989971,0.96,627.084559246184,602.0011768763366,25.083382369847413,1.0,0.0,0.0,0.15679095271265545,94.38796900945654,0.96,627.0821074204828,601.9988231236634,25.08328429681933,1.0,0.0,0.0,0.1567908860141456,94.38792885703211,0.96,627.0821074204828,601.9988231236634,25.08328429681933,,,,641.3808173801146,1805.9988231236634,1670.5489113893886,135.44991173427468,1805.9988231236634,-0.0,1.0,0.0,0.0,0.38393436338958564,213.79385025349077,0.925,602,556.85,45.14999999999998,1.0,0.0,0.0,0.38393436338958564,213.79385025349077,0.925,602,556.85,45.14999999999998,1.0,0.0,0.0,0.3839337969426927,213.79311687313304,0.925,601.9988231236634,556.8489113893887,45.149911734274724,0.0,0.0,0.0,0.08724817754776787,0.0,0.8800000000000001,0.0,0.0,0.0,1.0,,,0.101,168.72544005032827,1670.5489113893886,1670.5489113893886,0.0,51.787016253071045,0.0,,,210.69986269776075,1.4210854715202004e-13,90.60094096003712,3.0,1093.2705831959292,0.0,-0.0,0.0,111.07629125270641
36,1,37,0.1016,0.0,1093.2705831959288,,,,0,0.0,1,1881.2487740871495,1881.2487740871495,-0.0,300.99980385394394,62.45745929969336,0.0,,,283.16432576548596,1881.2487740871495,1805.9988231236634,75.24995096348607,1881.2487740871495,0.0,1.0,0.0,0.0,0.15679110195225818,94.3884278989971,0.96,627.084559246184,602.0011768763366,25.083382369847413,1.0,0.0,0.0,0.15679095271265545,94.38796900945654,0.96,627.0821074204828,601.9988231236634,25.08328429681933,1.0,0.0,0.0,0.1567908860141456,94.38792885703211,0.96,627.0821074204828,601.9988231236634,25.08328429681933,,,,641.3808173801146,1805.9988231236634,1670.5489113893886,135.44991173427468,1805.9988231236634,-0.0,1.0,0.0,0.0,0.38393436338958564,213.79385025349077,0.925,602,556.85,45.14999999999998,1.0,0.0,0.0,0.38393436338958564,213.79385025349077,0.925,602,556.85,45.14999999999998,1.0,0.0,0.0,0.3839337969426927,213.79311687313304,0.925,601.9988231236634,556.8489113893887,45.149911734274724,0.0,0.0,0.0,0.08724817754776787,0.0,0.8800000000000001,0.0,0.0,0.0,1.0,,,0.101,168.72544005032827,1670.5489113893886,1670.5489113893886,0.0,51.787016253071045,0.0,,,210.69986269776075,-8.526512829121202e-14,90.60094096003712,3.0,1093.2705831959288,0.0,-0.0,0.0,111.07629125270635
37,1,38,0.1016,0.0,1093.2705831959288,,,,0,0.0,1,1881.2487740871495,1881.2487740871495,-0.0,300.99980385394394,62.45745929969336,0.0,,,283.16432576548596,1881.2487740871495,1805.9988231236634,75.24995096348607,1881.2487740871495,0.0,1.0,0.0,0.0,0.15679110195225818,94.3884278989971,0.96,627.084559246184,602.0011768763366,25.083382369847413,1.0,0.0,0.0,0.15679095271265545,94.38796900945654,0.96,627.0821074204828,601.9988231236634,25.08328429681933,1.0,0.0,0.0,0.1567908860141456,94.38792885703211,0.96,627.0821074204828,601.9988231236634,25.08328429681933,,,,641.3808173801146,1805.9988231236634,1670.5489113893886,135.44991173427468,1805.9988231236634,-0.0,1.0,0.0,0.0,0.38393436338958564,213.79385025349077,0.925,602,556.85,45.14999999999998,1.0,0.0,0.0,0.38393436338958564,213.79385025349077,0.925,602,556.85,45.14999999999998,1.0,0.0,0.0,0.3839337969426927,213.79311687313304,0.925,601.9988231236634,556.8489113893887,45.149911734274724,0.0,0.0,0.0,0.08724817754776784,0.0,0.88,0.0,0.0,0.0,1.0,,,0.101,168.72544005032827,1670.5489113893886,1670.5489113893886,0.0,51.787016253071045,0.0,,,210.69986269776075,-8.526512829121202e-14,90.60094096003712,3.0,1093.2705831959288,0.0,-0.0,0.0,111.07629125270635
38,1,39,0.1016,0.0,1093.2705831959292,,,,0,0.0,1,1881.2487740871495,1881.2487740871495,-0.0,300.99980385394394,62.45745929969336,0.0,,,283.1643257654862,1881.2487740871495,1805.9988231236634,75.24995096348607,1881.2487740871495,0.0,1.0,0.0,0.0,0.15679110195225818,94.3884278989971,0.96,627.084559246184,602.0011768763366,25.083382369847413,1.0,0.0,0.0,0.15679095271265545,94.38796900945654,0.96,627.0821074204828,601.9988231236634,25.08328429681933,1.0,0.0,0.0,0.1567908860141456,94.38792885703211,0.96,627.0821074204828,601.9988231236634,25.08328429681933,,,,641.3808173801146,1805.9988231236634,1670.5489113893886,135.44991173427468,1805.9988231236634,-0.0,1.0,0.0,0.0,0.38393436338958564,213.79385025349077,0.925,602,556.85,45.14999999999998,1.0,0.0,0.0,0.38393436338958564,213.79385025349077,0.925,602,556.85,45.14999999999998,1.0,0.0,0.0,0.3839337969426927,213.79311687313304,0.925,601.9988231236634,556.8489113893887,45.149911734274724,0.0,0.0,0.0,0.08724817754776784,0.0,0.88,0.0,0.0,0.0,1.0,,,0.101,168.72544005032827,1670.5489113893886,1670.5489113893886,0.0,51.787016253071045,0.0,,,210.69986269776075,1.4210854715202004e-13,90.60094096003712,3.0,1093.2705831959292,0.0,-0.0,0.0,111.07629125270641
39,1,40,0.1016,0.0,1093.2705831959288,,,,0,0.0,1,1881.2487740871495,1881.2487740871495,-0.0,300.99980385394394,62.45745929969336,0.0,,,283.16432576548596,1881.2487740871495,1805.9988231236634,75.24995096348607,1881.2487740871495,0.0,1.0,0.0,0.0,0.15679110195225818,94.3884278989971,0.96,627.084559246184,602.0011768763366,25.083382369847413,1.0,0.0,0.0,0.15679095271265545,94.38796900945654,0.96,627.0821074204828,601.9988231236634,25.08328429681933,1.0,0.0,0.0,0.1567908860141456,94.38792885703211,0.96,627.0821074204828,601.9988231236634,25.08328429681933,,,,641.3808173801145,1805.9988231236634,1670.5489113893886,135.4499117342748,1805.9988231236634,-0.0,1.0,0.0,0.0,0.38393436338958564,213.79385025349077,0.925,602,556.85,45.14999999999998,1.0,0.0,0.0,0.38393436338958564,213.79385025349077,0.925,602,556.85,45.14999999999998,1.0,0.0,0.0,0.38393379694269264,213.79311687313296,0.9249999999999998,601.9988231236634,556.8489113893886,45.14991173427484,0.0,0.0,0.0,0.08724817754776787,0.0,0.8800000000000001,0.0,0.0,0.0,1.0,,,0.101,168.72544005032827,1670.5489113893886,1670.5489113893886,0.0,51.787016253071045,0.0,,,210.69986269776086,2.842170943040401e-14,90.60094096003716,3.0,1093.2705831959288,0.0,-0.0,0.0,111.07629125270635
40,1,41,0.1016,0.0,728.8477974154353,,,,0,0.0,1,1254.1666666666667,1254.1666666666667,-0.0,200.66666666666669,41.638333333333335,0.0,,,188.77639690845376,1254.1666666666667,1204.0,50.16666666666674,1254.1666666666667,0.0,1.0,0.0,0.0,0.15679110195225818,94.3884278989971,0.96,627.084559246184,602.0011768763366,25.083382369847413,1.0,0.0,0.0,0.15679095271265545,94.38796900945654,0.96,627.0821074204828,601.9988231236634,25.08328429681933,0.0,0.0,1.0,0.271,0.0,0.96,0.0,0.0,-0.0,,,,427.58770050698155,1204.0,1113.7,90.29999999999995,1204.0,-0.0,1.0,0.0,0.0,0.38393436338958564,213.79385025349077,0.925,602,556.85,45.14999999999998,1.0,0.0,0.0,0.38393436338958564,213.79385025349077,0.925,602,556.85,45.14999999999998,0.0,0.0,1.0,0.08724817754776787,0.0,0.8800000000000001,0.0,0.0,0.0,0.0,0.0,0.0,0.08724817754776784,0.0,0.88,0.0,0.0,0.0,1.0,,,0.101,112.48370000000001,1113.7,1113.7,0.0,34.5247,0.0,,,140.4666666666667,-7.105427357601002e-14,60.40066666666668,2.0,728.8477974154351,0.0,0.0,0.0,74.05093621740822
41,1,42,0.15246,0.0,728.8477974154353,,,,0,0.0,1,1254.1666666666667,1254.1666666666667,-0.0,200.66666666666669,41.638333333333335,0.0,,,188.7763969084537,1254.1666666666667,1204.0,50.16666666666674,1254.1666666666667,0.0,1.0,0.0,0.0,0.15679110195225818,94.3884278989971,0.96,627.084559246184,602.0011768763366,25.083382369847413,1.0,0.0,0.0,0.15679095271265545,94.38796900945654,0.96,627.0821074204828,601.9988231236634,25.08328429681933,0.0,0.0,0.0,0.271,0.0,0.96,0.0,0.0,-0.0,,,,427.58770050698155,1204.0,1113.7,90.29999999999995,1204.0,-0.0,1.0,0.0,0.0,0.38393436338958564,213.79385025349077,0.925,602,556.85,45.14999999999998,1.0,0.0,0.0,0.38393436338958564,213.79385025349077,0.925,602,556.85,45.14999999999998,0.0,0.0,0.0,0.08724817754776787,0.0,0.8800000000000001,0.0,0.0,0.0,0.0,0.0,0.0,0.08724817754776784,0.0,0.88,0.0,0.0,0.0,1.0,,,0.101,112.48370000000001,1113.7,1113.7,0.0,34.5247,0.0,,,140.4666666666667,-7.105427357601002e-14,60.40066666666668,2.0,728.8477974154351,0.0,0.0,0.0,111.12013519395727
42,1,43,0.15246,0.0,728.8477974154353,,,,0,0.0,1,1254.1666666666667,1254.1666666666667,-0.0,200.66666666666669,41.638333333333335,0.0,,,188.7763969084537,1254.1666666666667,1204.0,50.16666666666674,1254.1666666666667,0.0,1.0,0.0,0.0,0.15679110195225818,94.3884278989971,0.96,627.084559246184,602.0011768763366,25.083382369847413,1.0,0.0,0.0,0.15679095271265545,94.38796900945654,0.96,627.0821074204828,601.9988231236634,25.08328429681933,0.0,0.0,0.0,0.271,0.0,0.96,0.0,0.0,-0.0,,,,427.58770050698155,1204.0,1113.7,90.29999999999995,1204.0,-0.0,1.0,0.0,0.0,0.38393436338958564,213.79385025349077,0.925,602,556.85,45.14999999999998,1.0,0.0,0.0,0.38393436338958564,213.79385025349077,0.925,602,556.85,45.14999999999998,0.0,0.0,0.0,0.08724817754776787,0.0,0.8800000000000001,0.0,0.0,0.0,0.0,0.0,0.0,0.08724817754776784,0.0,0.88,0.0,0.0,0.0,1.0,,,0.101,112.48370000000001,1113.7,1113.7,0.0,34.5247,0.0,,,140.4666666666667,-7.105427357601002e-14,60.40066666666668,2.0,728.8477974154351,0.0,0.0,0.0,111.12013519395727
43,1,44,0.15246,0.0,728.8477974154353,,,,0,0.0,1,1254.1666666666667,1254.1666666666667,-0.0,200.66666666666669,41.638333333333335,0.0,,,188.7763969084537,1254.1666666666667,1204.0,50.16666666666674,1254.1666666666667,0.0,1.0,0.0,0.0,0.15679110195225818,94.3884278989971,0.96,627.084559246184,602.0011768763366,25.083382369847413,1.0,0.0,0.0,0.15679095271265545,94.38796900945654,0.96,627.0821074204828,601.9988231236634,25.08328429681933,0.0,0.0,0.0,0.271,0.0,0.96,0.0,0.0,-0.0,,,,427.58770050698155,1204.0,1113.7,90.29999999999995,1204.0,-0.0,1.0,0.0,0.0,0.38393436338958564,213.79385025349077,0.925,602,556.85,45.14999999999998,1.0,0.0,0.0,0.38393436338958564,213.79385025349077,0.925,602,556.85,45.14999999999998,0.0,0.0,0.0,0.08724817754776787,0.0,0.8800000000000001,0.0,0.0,0.0,0.0,0.0,0.0,0.08724817754776784,0.0,0.88,0.0,0.0,0.0,1.0,,,0.101,112.48370000000001,1113.7,1113.7,0.0,34.5247,0.0,,,140.4666666666667,-7.105427357601002e-14,60.40066666666668,2.0,728.8477974154351,0.0,0.0,0.0,111.12013519395727
44,1,45,0.15246,0.0,728.8477974154353,,,,0,0.0,1,1254.1666666666667,1254.1666666666667,-0.0,200.66666666666669,41.638333333333335,0.0,,,188.7763969084537,1254.1666666666667,1204.0,50.16666666666674,1254.1666666666667,0.0,1.0,0.0,0.0,0.15679110195225818,94.3884278989971,0.96,627.084559246184,602.0011768763366,25.083382369847413,1.0,0.0,0.0,0.15679095271265545,94.38796900945654,0.96,627.0821074204828,601.9988231236634,25.08328429681933,0.0,0.0,0.0,0.271,0.0,0.96,0.0,0.0,-0.0,,,,427.58770050698155,1204.0,1113.7,90.29999999999995,1204.0,-0.0,1.0,0.0,0.0,0.38393436338958564,213.79385025349077,0.925,602,556.85,45.14999999999998,1.0,0.0,0.0,0.38393436338958564,213.79385025349077,0.925,602,556.85,45.14999999999998,0.0,0.0,0.0,0.08724817754776787,0.0,0.8800000000000001,0.0,0.0,0.0,0.0,0.0,0.0,0.08724817754776784,0.0,0.88,0.0,0.0,0.0,1.0,,,0.101,112.48370000000001,1113.7,1113.7,0.0,34.5247,0.0,,,140.4666666666667,-7.105427357601002e-14,60.40066666666668,2.0,728.8477974154351,0.0,0.0,0.0,111.12013519395727
45,1,46,0.15246,0.0,728.8477974154353,,,,0,0.0,1,1254.1666666666667,1254.1666666666667,-0.0,200.66666666666669,41.638333333333335,0.0,,,188.7763969084537,1254.1666666666667,1204.0,50.16666666666674,1254.1666666666667,0.0,1.0,0.0,0.0,0.15679110195225818,94.3884278989971,0.96,627.084559246184,602.0011768763366,25.083382369847413,1.0,0.0,0.0,0.15679095271265545,94.38796900945654,0.96,627.0821074204828,601.9988231236634,25.08328429681933,0.0,0.0,0.0,0.271,0.0,0.96,0.0,0.0,-0.0,,,,427.58770050698155,1204.0,1113.7,90.29999999999995,1204.0,-0.0,1.0,0.0,0.0,0.38393436338958564,213.79385025349077,0.925,602,556.85,45.14999999999998,1.0,0.0,0.0,0.38393436338958564,213.79385025349077,0.925,602,556.85,45.14999999999998,0.0,0.0,0.0,0.08724817754776787,0.0,0.8800000000000001,0.0,0.0,0.0,0.0,0.0,0.0,0.08724817754776787,0.0,0.8800000000000001,0.0,0.0,0.0,1.0,,,0.101,112.48370000000001,1113.7,1113.7,0.0,34.5247,0.0,,,140.4666666666667,-7.105427357601002e-14,60.40066666666668,2.0,728.8477974154351,0.0,0.0,0.0,111.12013519395727
46,1,47,0.1016,0.0,1093.2705848528863,,,,0,0.0,1,1881.2487740871495,1881.2487740871495,-0.0,300.99980385394394,62.45745929969336,0.0,,,283.1643274224432,1881.2487740871495,1805.9988231236634,75.24995096348607,1881.2487740871495,0.0,1.0,0.0,0.0,0.15679110195225818,94.3884278989971,0.96,627.084559246184,602.0011768763366,25.083382369847413,1.0,0.0,0.0,0.15679095271265545,94.38796900945654,0.96,627.0821074204828,601.9988231236634,25.08328429681933,1.0,1.0,0.0,0.15679088876657174,94.38793051398942,0.96,627.0821074204828,601.9988231236634,25.08328429681933,,,,641.3808173801146,1805.9988231236634,1670.5489113893886,135.44991173427468,1805.9988231236634,-0.0,1.0,0.0,0.0,0.38393436338958564,213.79385025349077,0.925,602,556.85,45.14999999999998,1.0,0.0,0.0,0.38393436338958564,213.79385025349077,0.925,602,556.85,45.14999999999998,1.0,1.0,0.0,0.3839337969426927,213.79311687313304,0.925,601.9988231236634,556.8489113893887,45.149911734274724,0.0,0.0,0.0,0.08724817754776787,0.0,0.8800000000000001,0.0,0.0,0.0,1.0,,,0.101,168.72544005032827,1670.5489113893886,1670.5489113893886,0.0,51.787016253071045,0.0,,,210.69986269776075,1.4210854715202004e-13,90.60094096003712,3.0,1093.2705848528863,0.0,-0.0,0.0,111.07629142105324
47,1,48,0.1016,0.0,1093.2705848528863,,,,0,0.0,1,1881.2487740871495,1881.2487740871495,-0.0,300.99980385394394,62.45745929969336,0.0,,,283.1643274224432,1881.2487740871495,1805.9988231236634,75.24995096348607,1881.2487740871495,0.0,1.0,0.0,0.0,0.15679110195225818,94.3884278989971,0.96,627.084559246184,602.0011768763366,25.083382369847413,1.0,0.0,0.0,0.15679095271265545,94.38796900945654,0.96,627.0821074204828,601.9988231236634,25.08328429681933,1.0,0.0,0.0,0.15679088876657174,94.38793051398942,0.96,627.0821074204828,601.9988231236634,25.08328429681933,,,,641.3808173801146,1805.9988231236634,1670.5489113893886,135.44991173427468,1805.9988231236634,-0.0,1.0,0.0,0.0,0.38393436338958564,213.79385025349077,0.925,602,556.85,45.14999999999998,1.0,0.0,0.0,0.38393436338958564,213.79385025349077,0.925,602,556.85,45.14999999999998,1.0,0.0,0.0,0.3839337969426927,213.79311687313304,0.925,601.9988231236634,556.8489113893887,45.149911734274724,0.0,0.0,0.0,0.08724817754776784,0.0,0.88,0.0,0.0,0.0,1.0,,,0.101,168.72544005032827,1670.5489113893886,1670.5489113893886,0.0,51.787016253071045,0.0,,,210.69986269776075,1.4210854715202004e-13,90.60094096003712,3.0,1093.2705848528863,0.0,-0.0,0.0,111.07629142105324
48,1,49,0.1016,0.0,1093.2705848528863,,,,0,0.0,1,1881.2487740871495,1881.2487740871495,-0.0,300.99980385394394,62.45745929969336,0.0,,,283.1643274224432,1881.2487740871495,1805.9988231236634,75.24995096348607,1881.2487740871495,0.0,1.0,0.0,0.0,0.15679110195225818,94.3884278989971,0.96,627.084559246184,602.0011768763366,25.083382369847413,1.0,0.0,0.0,0.15679095271265545,94.38796900945654,0.96,627.0821074204828,601.9988231236634,25.08328429681933,1.0,0.0,0.0,0.15679088876657174,94.38793051398942,0.96,627.0821074204828,601.9988231236634,25.08328429681933,,,,641.3808173801146,1805.9988231236634,1670.5489113893886,135.44991173427468,1805.9988231236634,-0.0,1.0,0.0,0.0,0.38393436338958564,213.79385025349077,0.925,602,556.85,45.14999999999998,1.0,0.0,0.0,0.38393436338958564,213.79385025349077,0.925,602,556.85,45.14999999999998,1.0,0.0,0.0,0.3839337969426927,213.79311687313304,0.925,601.9988231236634,556.8489113893887,45.149911734274724,0.0,0.0,0.0,0.08724817754776787,0.0,0.8800000000000001,0.0,0.0,0.0,1.0,,,0.101,168.72544005032827,1670.5489113893886,1670.5489113893886,0.0,51.787016253071045,0.0,,,210.69986269776075,1.4210854715202004e-13,90.60094096003712,3.0,1093.2705848528863,0.0,-0.0,0.0,111.07629142105324
49,1,50,0.1016,0.0,1093.2705848528863,,,,0,0.0,1,1881.2487740871495,1881.2487740871495,-0.0,300.99980385394394,62.45745929969336,0.0,,,283.1643274224432,1881.2487740871495,1805.9988231236634,75.24995096348607,1881.2487740871495,0.0,1.0,0.0,0.0,0.15679110195225818,94.3884278989971,0.96,627.084559246184,602.0011768763366,25.083382369847413,1.0,0.0,0.0,0.15679095271265545,94.38796900945654,0.96,627.0821074204828,601.9988231236634,25.08328429681933,1.0,0.0,0.0,0.15679088876657174,94.38793051398942,0.96,627.0821074204828,601.9988231236634,25.08328429681933,,,,641.3808173801146,1805.9988231236634,1670.5489113893886,135.44991173427468,1805.9988231236634,-0.0,1.0,0.0,0.0,0.38393436338958564,213.79385025349077,0.925,602,556.85,45.14999999999998,1.0,0.0,0.0,0.38393436338958564,213.79385025349077,0.925,602,556.85,45.14999999999998,1.0,0.0,0.0,0.3839337969426927,213.79311687313304,0.925,601.9988231236634,556.8489113893887,45.149911734274724,0.0,0.0,0.0,0.08724817754776784,0.0,0.88,0.0,0.0,0.0,1.0,,,0.101,168.72544005032827,1670.5489113893886,1670.5489113893886,0.0,51.787016253071045,0.0,,,210.69986269776075,1.4210854715202004e-13,90.60094096003712,3.0,1093.2705848528863,0.0,-0.0,0.0,111.07629142105324
50,1,51,0.1016,0.0,1093.2705848528863,,,,0,0.0,1,1881.2487740871495,1881.2487740871495,-0.0,300.99980385394394,62.45745929969336,0.0,,,283.1643274224432,1881.2487740871495,1805.9988231236634,75.24995096348607,1881.2487740871495,0.0,1.0,0.0,0.0,0.15679110195225818,94.3884278989971,0.96,627.084559246184,602.0011768763366,25.083382369847413,1.0,0.0,0.0,0.15679095271265545,94.38796900945654,0.96,627.0821074204828,601.9988231236634,25.08328429681933,1.0,0.0,0.0,0.15679088876657174,94.38793051398942,0.96,627.0821074204828,601.9988231236634,25.08328429681933,,,,641.3808173801146,1805.9988231236634,1670.5489113893886,135.44991173427468,1805.9988231236634,-0.0,1.0,0.0,0.0,0.38393436338958564,213.79385025349077,0.925,602,556.85,45.14999999999998,1.0,0.0,0.0,0.38393436338958564,213.79385025349077,0.925,602,556.85,45.14999999999998,1.0,0.0,0.0,0.3839337969426927,213.79311687313304,0.925,601.9988231236634,556.8489113893887,45.149911734274724,0.0,0.0,0.0,0.08724817754776787,0.0,0.8800000000000001,0.0,0.0,0.0,1.0,,,0.101,168.72544005032827,1670.5489113893886,1670.5489113893886,0.0,51.787016253071045,0.0,,,210.69986269776075,1.4210854715202004e-13,90.60094096003712,3.0,1093.2705848528863,0.0,-0.0,0.0,111.07629142105324
51,1,52,0.1016,0.0,1093.2705848528863,,,,0,0.0,1,1881.2487740871495,1881.2487740871495,-0.0,300.99980385394394,62.45745929969336,0.0,,,283.1643274224432,1881.2487740871495,1805.9988231236634,75.24995096348607,1881.2487740871495,0.0,1.0,0.0,0.0,0.15679110195225818,94.3884278989971,0.96,627.084559246184,602.0011768763366,25.083382369847413,1.0,0.0,0.0,0.15679095271265545,94.38796900945654,0.96,627.0821074204828,601.9988231236634,25.08328429681933,1.0,0.0,0.0,0.15679088876657174,94.38793051398942,0.96,627.0821074204828,601.9988231236634,25.08328429681933,,,,641.3808173801146,1805.9988231236634,1670.5489113893886,135.44991173427468,1805.9988231236634,-0.0,1.0,0.0,0.0,0.38393436338958564,213.79385025349077,0.925,602,556.85,45.14999999999998,1.0,0.0,0.0,0.38393436338958564,213.79385025349077,0.925,602,556.85,45.14999999999998,1.0,0.0,0.0,0.3839337969426927,213.79311687313304,0.925,601.9988231236634,556.8489113893887,45.149911734274724,0.0,0.0,0.0,0.08724817754776787,0.0,0.8800000000000001,0.0,0.0,0.0,1.0,,,0.101,168.72544005032827,1670.5489113893886,1670.5489113893886,0.0,51.787016253071045,0.0,,,210.69986269776075,1.4210854715202004e-13,90.60094096003712,3.0,1093.2705848528863,0.0,-0.0,0.0,111.07629142105324
52,1,53,0.1016,0.0,1093.2705848528863,,,,0,0.0,1,1881.2487740871495,1881.2487740871495,-0.0,300.99980385394394,62.45745929969336,0.0,,,283.1643274224432,1881.2487740871495,1805.9988231236634,75.24995096348607,1881.2487740871495,0.0,1.0,0.0,0.0,0.15679110195225818,94.3884278989971,0.96,627.084559246184,602.0011768763366,25.083382369847413,1.0,0.0,0.0,0.15679095271265545,94.38796900945654,0.96,627.0821074204828,601.9988231236634,25.08328429681933,1.0,0.0,0.0,0.15679088876657174,94.38793051398942,0.96,627.0821074204828,601.9988231236634,25.08328429681933,,,,641.3808173801146,1805.9988231236634,1670.5489113893886,135.44991173427468,1805.9988231236634,-0.0,1.0,0.0,0.0,0.38393436338958564,213.79385025349077,0.925,602,556.85,45.14999999999998,1.0,0.0,0.0,0.38393436338958564,213.79385025349077,0.925,602,556.85,45.14999999999998,1.0,0.0,0.0,0.3839337969426927,213.79311687313304,0.925,601.9988231236634,556.8489113893887,45.149911734274724,0.0,0.0,0.0,0.08724817754776787,0.0,0.8800000000000001,0.0,0.0,0.0,1.0,,,0.101,168.72544005032827,1670.5489113893886,1670.5489113893886,0.0,51.787016253071045,0.0,,,210.69986269776075,1.4210854715202004e-13,90.60094096003712,3.0,1093.2705848528863,0.0,-0.0,0.0,111.07629142105324
53,1,54,0.1016,0.0,1093.2705848528863,,,,0,0.0,1,1881.2487740871495,1881.2487740871495,-0.0,300.99980385394394,62.45745929969336,0.0,,,283.1643274224432,1881.2487740871495,1805.9988231236634,75.24995096348607,1881.2487740871495,0.0,1.0,0.0,0.0,0.15679110195225818,94.3884278989971,0.96,627.084559246184,602.0011768763366,25.083382369847413,1.0,0.0,0.0,0.15679095271265545,94.38796900945654,0.96,627.0821074204828,601.9988231236634,25.08328429681933,1.0,0.0,0.0,0.15679088876657174,94.38793051398942,0.96,627.0821074204828,601.9988231236634,25.08328429681933,,,,641.3808173801146,1805.9988231236634,1670.5489113893886,135.44991173427468,1805.9988231236634,-0.0,1.0,0.0,0.0,0.38393436338958564,213.79385025349077,0.925,602,556.85,45.14999999999998,1.0,0.0,0.0,0.38393436338958564,213.79385025349077,0.925,602,556.85,45.14999999999998,1.0,0.0,0.0,0.3839337969426927,213.79311687313304,0.925,601.9988231236634,556.8489113893887,45.149911734274724,0.0,0.0,0.0,0.08724817754776787,0.0,0.8800000000000001,0.0,0.0,0.0,1.0,,,0.101,168.72544005032827,1670.5489113893886,1670.5489113893886,0.0,51.787016253071045,0.0,,,210.69986269776075,1.4210854715202004e-13,90.60094096003712,3.0,1093.2705848528863,0.0,-0.0,0.0,111.07629142105324
54,1,55,0.1016,0.0,1093.2705848528863,,,,0,0.0,1,1881.2487740871495,1881.2487740871495,-0.0,300.99980385394394,62.45745929969336,0.0,,,283.1643274224432,1881.2487740871495,1805.9988231236634,75.24995096348607,1881.2487740871495,0.0,1.0,0.0,0.0,0.15679110195225818,94.3884278989971,0.96,627.084559246184,602.0011768763366,25.083382369847413,1.0,0.0,0.0,0.15679095271265545,94.38796900945654,0.96,627.0821074204828,601.9988231236634,25.08328429681933,1.0,0.0,0.0,0.15679088876657174,94.38793051398942,0.96,627.0821074204828,601.9988231236634,25.08328429681933,,,,641.3808173801146,1805.9988231236634,1670.5489113893886,135.44991173427468,1805.9988231236634,-0.0,1.0,0.0,0.0,0.38393436338958564,213.79385025349077,0.925,602,556.85,45.14999999999998,1.0,0.0,0.0,0.38393436338958564,213.79385025349077,0.925,602,556.85,45.14999999999998,1.0,0.0,0.0,0.3839337969426927,213.79311687313304,0.925,601.9988231236634,556.8489113893887,45.149911734274724,0.0,0.0,0.0,0.08724817754776787,0.0,0.8800000000000001,0.0,0.0,0.0,1.0,,,0.101,168.72544005032827,1670.5489113893886,1670.5489113893886,0.0,51.787016253071045,0.0,,,210.69986269776075,1.4210854715202004e-13,90.60094096003712,3.0,1093.2705848528863,0.0,-0.0,0.0,111.07629142105324
55,1,56,0.1016,0.0,1093.2705848528863,,,,0,0.0,1,1881.2487740871495,1881.2487740871495,-0.0,300.99980385394394,62.45745929969336,0.0,,,283.1643274224432,1881.2487740871495,1805.9988231236634,75.24995096348607,1881.2487740871495,0.0,1.0,0.0,0.0,0.15679110195225818,94.3884278989971,0.96,627.084559246184,602.0011768763366,25.083382369847413,1.0,0.0,0.0,0.15679095271265545,94.38796900945654,0.96,627.0821074204828,601.9988231236634,25.08328429681933,1.0,0.0,0.0,0.15679088876657174,94.38793051398942,0.96,627.0821074204828,601.9988231236634,25.08328429681933,,,,641.3808173801146,1805.9988231236634,1670.5489113893886,135.44991173427468,1805.9988231236634,-0.0,1.0,0.0,0.0,0.38393436338958564,213.79385025349077,0.925,602,556.85,45.14999999999998,1.0,0.0,0.0,0.38393436338958564,213.79385025349077,0.925,602,556.85,45.14999999999998,1.0,0.0,0.0,0.3839337969426927,213.79311687313304,0.925,601.9988231236634,556.8489113893887,45.149911734274724,0.0,0.0,0.0,0.08724817754776787,0.0,0.8800000000000001,0.0,0.0,0.0,1.0,,,0.101,168.72544005032827,1670.5489113893886,1670.5489113893886,0.0,51.787016253071045,0.0,,,210.69986269776075,1.4210854715202004e-13,90.60094096003712,3.0,1093.2705848528863,0.0,-0.0,0.0,111.07629142105324
56,1,57,0.1016,0.0,1093.2705848528863,,,,0,0.0,1,1881.2487740871495,1881.2487740871495,-0.0,300.99980385394394,62.45745929969336,0.0,,,283.1643274224434,1881.2487740871495,1805.9988231236634,75.24995096348607,1881.2487740871495,0.0,1.0,0.0,0.0,0.15679110195225818,94.3884278989971,0.96,627.084559246184,602.0011768763366,25.083382369847413,1.0,0.0,0.0,0.15679095271265545,94.38796900945654,0.96,627.0821074204828,601.9988231236634,25.08328429681933,1.0,0.0,0.0,0.15679088876657174,94.38793051398942,0.96,627.0821074204828,601.9988231236634,25.08328429681933,,,,641.3808173801146,1805.9988231236634,1670.5489113893886,135.44991173427468,1805.9988231236634,-0.0,1.0,0.0,0.0,0.38393436338958564,213.79385025349077,0.925,602,556.85,45.14999999999998,1.0,0.0,0.0,0.38393436338958564,213.79385025349077,0.925,602,556.85,45.14999999999998,1.0,0.0,0.0,0.3839337969426927,213.79311687313304,0.925,601.9988231236634,556.8489113893887,45.149911734274724,0.0,0.0,0.0,0.08724817754776787,0.0,0.8800000000000001,0.0,0.0,0.0,1.0,,,0.101,168.72544005032827,1670.5489113893886,1670.5489113893886,0.0,51.787016253071045,0.0,,,210.69986269776075,-8.526512829121202e-14,90.60094096003712,3.0,1093.2705848528863,0.0,-0.0,0.0,111.07629142105324
57,1,58,0.1016,0.0,1093.2705848528863,,,,0,0.0,1,1881.2487740871495,1881.2487740871495,-0.0,300.99980385394394,62.45745929969336,0.0,,,283.1643274224432,1881.2487740871495,1805.9988231236634,75.24995096348607,1881.2487740871495,0.0,1.0,0.0,0.0,0.15679110195225818,94.3884278989971,0.96,627.084559246184,602.0011768763366,25.083382369847413,1.0,0.0,0.0,0.15679095271265545,94.38796900945654,0.96,627.0821074204828,601.9988231236634,25.08328429681933,1.0,0.0,0.0,0.15679088876657174,94.38793051398942,0.96,627.0821074204828,601.9988231236634,25.08328429681933,,,,641.3808173801146,1805.9988231236634,1670.5489113893886,135.44991173427468,1805.9988231236634,-0.0,1.0,0.0,0.0,0.38393436338958564,213.79385025349077,0.925,602,556.85,45.14999999999998,1.0,0.0,0.0,0.38393436338958564,213.79385025349077,0.925,602,556.85,45.14999999999998,1.0,0.0,0.0,0.3839337969426927,213.79311687313304,0.925,601.9988231236634,556.8489113893887,45.149911734274724,0.0,0.0,0.0,0.08724817754776787,0.0,0.8800000000000001,0.0,0.0,0.0,1.0,,,0.101,168.72544005032827,1670.5489113893886,1670.5489113893886,0.0,51.787016253071045,0.0,,,210.69986269776075,1.4210854715202004e-13,90.60094096003712,3.0,1093.2705848528863,0.0,-0.0,0.0,111.07629142105324
58,1,59,0.1016,0.0,1093.2705848528863,,,,0,0.0,1,1881.2487740871495,1881.2487740871495,-0.0,300.99980385394394,62.45745929969336,0.0,,,283.1643274224432,1881.2487740871495,1805.9988231236634,75.24995096348607,1881.2487740871495,0.0,1.0,0.0,0.0,0.15679110195225818,94.3884278989971,0.96,627.084559246184,602.0011768763366,25.083382369847413,1.0,0.0,0.0,0.15679095271265545,94.38796900945654,0.96,627.0821074204828,601.9988231236634,25.08328429681933,1.0,0.0,0.0,0.15679088876657174,94.38793051398942,0.96,627.0821074204828,601.9988231236634,25.08328429681933,,,,641.3808173801146,1805.9988231236634,1670.5489113893886,135.44991173427468,1805.9988231236634,-0.0,1.0,0.0,0.0,0.38393436338958564,213.79385025349077,0.925,602,556.85,45.14999999999998,1.0,0.0,0.0,0.38393436338958564,213.79385025349077,0.925,602,556.85,45.14999999999998,1.0,0.0,0.0,0.3839337969426927,213.79311687313304,0.925,601.9988231236634,556.8489113893887,45.149911734274724,0.0,0.0,0.0,0.08724817754776787,0.0,0.8800000000000001,0.0,0.0,0.0,1.0,,,0.101,168.72544005032827,1670.5489113893886,1670.5489113893886,0.0,51.787016253071045,0.0,,,210.69986269776075,1.4210854715202004e-13,90.60094096003712,3.0,1093.2705848528863,0.0,-0.0,0.0,111.07629142105324
59,1,60,0.1016,0.0,1093.2705848528863,,,,0,0.0,1,1881.2487740871495,1881.2487740871495,-0.0,300.99980385394394,62.45745929969336,0.0,,,283.1643274224432,1881.2487740871495,1805.9988231236634,75.24995096348607,1881.2487740871495,0.0,1.0,0.0,0.0,0.15679110195225818,94.3884278989971,0.96,627.084559246184,602.0011768763366,25.083382369847413,1.0,0.0,0.0,0.15679095271265545,94.38796900945654,0.96,627.0821074204828,601.9988231236634,25.08328429681933,1.0,0.0,0.0,0.15679088876657174,94.38793051398942,0.96,627.0821074204828,601.9988231236634,25.08328429681933,,,,641.3808173801146,1805.9988231236634,1670.5489113893886,135.44991173427468,1805.9988231236634,-0.0,1.0,0.0,0.0,0.38393436338958564,213.79385025349077,0.925,602,556.85,45.14999999999998,1.0,0.0,0.0,0.38393436338958564,213.79385025349077,0.925,602,556.85,45.14999999999998,1.0,0.0,0.0,0.3839337969426927,213.79311687313304,0.925,601.9988231236634,556.8489113893887,45.149911734274724,0.0,0.0,0.0,0.08724817754776787,0.0,0.8800000000000001,0.0,0.0,0.0,1.0,,,0.101,168.72544005032827,1670.5489113893886,1670.5489113893886,0.0,51.787016253071045,0.0,,,210.69986269776075,1.4210854715202004e-13,90.60094096003712,3.0,1093.2705848528863,0.0,-0.0,0.0,111.07629142105324
60,1,61,0.1016,0.0,1093.2705848528863,,,,0,0.0,1,1881.2487740871495,1881.2487740871495,-0.0,300.99980385394394,62.45745929969336,0.0,,,283.1643274224432,1881.2487740871495,1805.9988231236634,75.24995096348607,1881.2487740871495,0.0,1.0,0.0,0.0,0.15679110195225818,94.3884278989971,0.96,627.084559246184,602.0011768763366,25.083382369847413,1.0,0.0,0.0,0.15679095271265545,94.38796900945654,0.96,627.0821074204828,601.9988231236634,25.08328429681933,1.0,0.0,0.0,0.15679088876657174,94.38793051398942,0.96,627.0821074204828,601.9988231236634,25.08328429681933,,,,641.3808173801146,1805.9988231236634,1670.5489113893886,135.44991173427468,1805.9988231236634,-0.0,1.0,0.0,0.0,0.38393436338958564,213.79385025349077,0.925,602,556.85,45.14999999999998,1.0,0.0,0.0,0.38393436338958564,213.79385025349077,0.925,602,556.85,45.14999999999998,1.0,0.0,0.0,0.3839337969426927,213.79311687313304,0.925,601.9988231236634,556.8489113893887,45.149911734274724,0.0,0.0,0.0,0.08724817754776787,0.0,0.8800000000000001,0.0,0.0,0.0,1.0,,,0.101,168.72544005032827,1670.5489113893886,1670.5489113893886,0.0,51.787016253071045,0.0,,,210.69986269776075,1.4210854715202004e-13,90.60094096003712,3.0,1093.2705848528863,0.0,-0.0,0.0,111.07629142105324
61,1,62,0.1016,0.0,1093.2705848528863,,,,0,0.0,1,1881.2487740871495,1881.2487740871495,-0.0,300.99980385394394,62.45745929969336,0.0,,,283.1643274224434,1881.2487740871495,1805.9988231236634,75.24995096348607,1881.2487740871495,0.0,1.0,0.0,0.0,0.15679110195225818,94.3884278989971,0.96,627.084559246184,602.0011768763366,25.083382369847413,1.0,0.0,0.0,0.15679095271265545,94.38796900945654,0.96,627.0821074204828,601.9988231236634,25.08328429681933,1.0,0.0,0.0,0.15679088876657174,94.38793051398942,0.96,627.0821074204828,601.9988231236634,25.08328429681933,,,,641.3808173801146,1805.9988231236634,1670.5489113893886,135.44991173427468,1805.9988231236634,-0.0,1.0,0.0,0.0,0.38393436338958564,213.79385025349077,0.925,602,556.85,45.14999999999998,1.0,0.0,0.0,0.38393436338958564,213.79385025349077,0.925,602,556.85,45.14999999999998,1.0,0.0,0.0,0.3839337969426927,213.79311687313304,0.925,601.9988231236634,556.8489113893887,45.149911734274724,0.0,0.0,0.0,0.08724817754776784,0.0,0.88,0.0,0.0,0.0,1.0,,,0.101,168.72544005032827,1670.5489113893886,1670.5489113893886,0.0,51.787016253071045,0.0,,,210.69986269776075,-8.526512829121202e-14,90.60094096003712,3.0,1093.2705848528863,0.0,-0.0,0.0,111.07629142105324
62,1,63,0.1016,0.0,1093.2705848528863,,,,0,0.0,1,1881.2487740871495,1881.2487740871495,-0.0,300.99980385394394,62.45745929969336,0.0,,,283.1643274224432,1881.2487740871495,1805.9988231236634,75.24995096348607,1881.2487740871495,0.0,1.0,0.0,0.0,0.15679110195225818,94.3884278989971,0.96,627.084559246184,602.0011768763366,25.083382369847413,1.0,0.0,0.0,0.15679095271265545,94.38796900945654,0.96,627.0821074204828,601.9988231236634,25.08328429681933,1.0,0.0,0.0,0.15679088876657174,94.38793051398942,0.96,627.0821074204828,601.9988231236634,25.08328429681933,,,,641.3808173801146,1805.9988231236634,1670.5489113893886,135.44991173427468,1805.9988231236634,-0.0,1.0,0.0,0.0,0.38393436338958564,213.79385025349077,0.925,602,556.85,45.14999999999998,1.0,0.0,0.0,0.38393436338958564,213.79385025349077,0.925,602,556.85,45.14999999999998,1.0,0.0,0.0,0.3839337969426927,213.79311687313304,0.925,601.9988231236634,556.8489113893887,45.149911734274724,0.0,0.0,0.0,0.08724817754776784,0.0,0.88,0.0,0.0,0.0,1.0,,,0.101,168.72544005032827,1670.5489113893886,1670.5489113893886,0.0,51.787016253071045,0.0,,,210.69986269776075,1.4210854715202004e-13,90.60094096003712,3.0,1093.2705848528863,0.0,-0.0,0.0,111.07629142105324
63,1,64,0.1016,0.0,1093.2705848528863,,,,0,0.0,1,1881.2487740871495,1881.2487740871495,-0.0,300.99980385394394,62.45745929969336,0.0,,,283.1643274224432,1881.2487740871495,1805.9988231236634,75.24995096348607,1881.2487740871495,0.0,1.0,0.0,0.0,0.15679110195225818,94.3884278989971,0.96,627.084559246184,602.0011768763366,25.083382369847413,1.0,0.0,0.0,0.15679095271265545,94.38796900945654,0.96,627.0821074204828,601.9988231236634,25.08328429681933,1.0,0.0,0.0,0.15679088876657174,94.38793051398942,0.96,627.0821074204828,601.9988231236634,25.08328429681933,,,,641.3808173801146,1805.9988231236634,1670.5489113893886,135.44991173427468,1805.9988231236634,-0.0,1.0,0.0,0.0,0.38393436338958564,213.79385025349077,0.925,602,556.85,45.14999999999998,1.0,0.0,0.0,0.38393436338958564,213.79385025349077,0.925,602,556.85,45.14999999999998,1.0,0.0,0.0,0.3839337969426927,213.79311687313304,0.925,601.9988231236634,556.8489113893887,45.149911734274724,0.0,0.0,0.0,0.08724817754776784,0.0,0.88,0.0,0.0,0.0,1.0,,,0.101,168.72544005032827,1670.5489113893886,1670.5489113893886,0.0,51.787016253071045,0.0,,,210.69986269776075,1.4210854715202004e-13,90.60094096003712,3.0,1093.2705848528863,0.0,-0.0,0.0,111.07629142105324
64,1,65,0.1016,0.0,1093.2705848528863,,,,0,0.0,1,1881.2487740871495,1881.2487740871495,-0.0,300.99980385394394,62.45745929969336,0.0,,,283.1643274224434,1881.2487740871495,1805.9988231236634,75.24995096348607,1881.2487740871495,0.0,1.0,0.0,0.0,0.15679110195225818,94.3884278989971,0.96,627.084559246184,602.0011768763366,25.083382369847413,1.0,0.0,0.0,0.15679095271265545,94.38796900945654,0.96,627.0821074204828,601.9988231236634,25.08328429681933,1.0,0.0,0.0,0.15679088876657174,94.38793051398942,0.96,627.0821074204828,601.9988231236634,25.08328429681933,,,,641.3808173801146,1805.9988231236634,1670.5489113893886,135.44991173427468,1805.9988231236634,-0.0,1.0,0.0,0.0,0.38393436338958564,213.79385025349077,0.925,602,556.85,45.14999999999998,1.0,0.0,0.0,0.38393436338958564,213.79385025349077,0.925,602,556.85,45.14999999999998,1.0,0.0,0.0,0.3839337969426927,213.79311687313304,0.925,601.9988231236634,556.8489113893887,45.149911734274724,0.0,0.0,0.0,0.08724817754776784,0.0,0.88,0.0,0.0,0.0,1.0,,,0.101,168.72544005032827,1670.5489113893886,1670.5489113893886,0.0,51.787016253071045,0.0,,,210.69986269776075,-8.526512829121202e-14,90.60094096003712,3.0,1093.2705848528863,0.0,-0.0,0.0,111.07629142105324
65,1,66,0.15246,0.0,728.8477974154353,,,,0,0.0,1,1254.1666666666667,1254.1666666666667,-0.0,200.66666666666669,41.638333333333335,0.0,,,188.7763969084537,1254.1666666666667,1204.0,50.16666666666674,1254.1666666666667,0.0,1.0,0.0,0.0,0.15679110195225818,94.3884278989971,0.96,627.084559246184,602.0011768763366,25.083382369847413,1.0,0.0,0.0,0.15679095271265545,94.38796900945654,0.96,627.0821074204828,601.9988231236634,25.08328429681933,0.0,0.0,1.0,0.271,0.0,0.96,0.0,0.0,-0.0,,,,427.58770050698155,1204.0,1113.7,90.29999999999995,1204.0,-0.0,1.0,0.0,0.0,0.38393436338958564,213.79385025349077,0.925,602,556.85,45.14999999999998,1.0,0.0,0.0,0.38393436338958564,213.79385025349077,0.925,602,556.85,45.14999999999998,0.0,0.0,1.0,0.08724817754776787,0.0,0.8800000000000001,0.0,0.0,0.0,0.0,0.0,0.0,0.08724817754776784,0.0,0.88,0.0,0.0,0.0,1.0,,,0.101,112.48370000000001,1113.7,1113.7,0.0,34.5247,0.0,,,140.4666666666667,-7.105427357601002e-14,60.40066666666668,2.0,728.8477974154351,0.0,0.0,0.0,111.12013519395727
66,1,67,0.15246,0.0,728.8477974154353,,,,0,0.0,1,1254.1666666666667,1254.1666666666667,-0.0,200.66666666666669,41.638333333333335,0.0,,,188.7763969084537,1254.1666666666667,1204.0,50.16666666666674,1254.1666666666667,0.0,1.0,0.0,0.0,0.15679110195225818,94.3884278989971,0.96,627.084559246184,602.0011768763366,25.083382369847413,1.0,0.0,0.0,0.15679095271265545,94.38796900945654,0.96,627.0821074204828,601.9988231236634,25.08328429681933,0.0,0.0,0.0,0.271,0.0,0.96,0.0,0.0,-0.0,,,,427.58770050698155,1204.0,1113.7,90.29999999999995,1204.0,-0.0,1.0,0.0,0.0,0.38393436338958564,213.79385025349077,0.925,602,556.85,45.14999999999998,1.0,0.0,0.0,0.38393436338958564,213.79385025349077,0.925,602,556.85,45.14999999999998,0.0,0.0,0.0,0.08724817754776787,0.0,0.8800000000000001,0.0,0.0,0.0,0.0,0.0,0.0,0.08724817754776784,0.0,0.88,0.0,0.0,0.0,1.0,,,0.101,112.48370000000001,1113.7,1113.7,0.0,34.5247,0.0,,,140.4666666666667,-7.105427357601002e-14,60.40066666666668,2.0,728.8477974154351,0.0,0.0,0.0,111.12013519395727
67,1,68,0.15246,0.0,728.8477974154353,,,,0,0.0,1,1254.1666666666667,1254.1666666666667,-0.0,200.66666666666669,41.638333333333335,0.0,,,188.7763969084537,1254.1666666666667,1204.0,50.16666666666674,1254.1666666666667,0.0,1.0,0.0,0.0,0.15679110195225818,94.3884278989971,0.96,627.084559246184,602.0011768763366,25.083382369847413,1.0,0.0,0.0,0.15679095271265545,94.38796900945654,0.96,627.0821074204828,601.9988231236634,25.08328429681933,0.0,0.0,0.0,0.271,0.0,0.96,0.0,0.0,-0.0,,,,427.58770050698155,1204.0,1113.7,90.29999999999995,1204.0,-0.0,1.0,0.0,0.0,0.38393436338958564,213.79385025349077,0.925,602,556.85,45.14999999999998,1.0,0.0,0.0,0.38393436338958564,213.79385025349077,0.925,602,556.85,45.14999999999998,0.0,0.0,0.0,0.08724817754776787,0.0,0.8800000000000001,0.0,0.0,0.0,0.0,0.0,0.0,0.08724817754776784,0.0,0.88,0.0,0.0,0.0,1.0,,,0.101,112.48370000000001,1113.7,1113.7,0.0,34.5247,0.0,,,140.4666666666667,-7.105427357601002e-14,60.40066666666668,2.0,728.8477974154351,0.0,0.0,0.0,111.12013519395727
68,1,69,0.15246,0.0,728.8477974154353,,,,0,0.0,1,1254.1666666666667,1254.1666666666667,-0.0,200.66666666666669,41.638333333333335,0.0,,,188.7763969084537,1254.1666666666667,1204.0,50.16666666666674,1254.1666666666667,0.0,1.0,0.0,0.0,0.15679110195225818,94.3884278989971,0.96,627.084559246184,602.0011768763366,25.083382369847413,1.0,0.0,0.0,0.15679095271265545,94.38796900945654,0.96,627.0821074204828,601.9988231236634,25.08328429681933,0.0,0.0,0.0,0.271,0.0,0.96,0.0,0.0,-0.0,,,,427.58770050698155,1204.0,1113.7,90.29999999999995,1204.0,-0.0,1.0,0.0,0.0,0.38393436338958564,213.79385025349077,0.925,602,556.85,45.14999999999998,1.0,0.0,0.0,0.38393436338958564,213.79385025349077,0.925,602,556.85,45.14999999999998,0.0,0.0,0.0,0.08724817754776787,0.0,0.8800000000000001,0.0,0.0,0.0,0.0,0.0,0.0,0.08724817754776784,0.0,0.88,0.0,0.0,0.0,1.0,,,0.101,112.48370000000001,1113.7,1113.7,0.0,34.5247,0.0,,,140.4666666666667,-7.105427357601002e-14,60.40066666666668,2.0,728.8477974154351,0.0,0.0,0.0,111.12013519395727
69,1,70,0.15246,0.0,728.8477974154353,,,,0,0.0,1,1254.1666666666667,1254.1666666666667,-0.0,200.66666666666669,41.638333333333335,0.0,,,188.7763969084537,1254.1666666666667,1204.0,50.16666666666674,1254.1666666666667,0.0,1.0,0.0,0.0,0.15679110195225818,94.3884278989971,0.96,627.084559246184,602.0011768763366,25.083382369847413,1.0,0.0,0.0,0.15679095271265545,94.38796900945654,0.96,627.0821074204828,601.9988231236634,25.08328429681933,0.0,0.0,0.0,0.271,0.0,0.96,0.0,0.0,-0.0,,,,427.58770050698155,1204.0,1113.7,90.29999999999995,1204.0,-0.0,1.0,0.0,0.0,0.38393436338958564,213.79385025349077,0.925,602,556.85,45.14999999999998,1.0,0.0,0.0,0.38393436338958564,213.79385025349077,0.925,602,556.85,45.14999999999998,0.0,0.0,0.0,0.08724817754776787,0.0,0.8800000000000001,0.0,0.0,0.0,0.0,0.0,0.0,0.08724817754776787,0.0,0.8800000000000001,0.0,0.0,0.0,1.0,,,0.101,112.48370000000001,1113.7,1113.7,0.0,34.5247,0.0,,,140.4666666666667,-7.105427357601002e-14,60.40066666666668,2.0,728.8477974154351,0.0,0.0,0.0,111.12013519395727
70,1,71,0.1016,0.0,1314.8879095662526,,,,0,0.0,1,2337.591514159041,2337.591514159041,-0.0,374.0146422654465,77.60803827008016,0.0,,,353.25242824608506,2337.591514159041,2244.087853592679,93.50366056636176,2337.591514159041,0.0,1.0,0.0,0.0,0.1574310777988633,117.82325880035431,0.96,779.5955091355872,748.4116887701637,31.18382036542357,1.0,0.0,0.0,0.15743056809653874,117.8228773331768,0.96,779.5955091355871,748.4116887701637,31.183820365423458,1.0,1.0,0.0,0.15738242065760183,117.60629211255363,0.96,778.4004958878663,747.2644760523516,31.13601983551473,,,,753.1929081073063,2244.087853592679,2063.7878535926857,180.30000000000052,2244.087853592686,-6.821210263296962e-12,1.0,0.0,0.0,0.38393436338958564,213.79385025349077,0.925,602,556.85,45.14999999999998,1.0,0.0,0.0,0.38393436338958564,213.79385025349077,0.925,602,556.85,45.14999999999998,1.0,1.0,0.0,0.3427328977436837,162.82823674464802,0.9134761565971076,520.0878535926854,475.0878535926854,45.0,1.0,1.0,0.0,0.3426883596961615,162.77697085567672,0.9134615384615374,520.0000000000006,475.0,45.00000000000057,1.0,,,0.101,208.44257321286128,2063.7878535926857,2063.7878535926857,0.0,63.977423461373256,0.0,,,273.80366056635546,-2.842170943040401e-14,117.73557404353285,4.0,1314.8879095662526,0.0,-0.0,0.0,133.59261161193126
71,1,72,0.1016,0.0,1314.8879095662526,,,,0,0.0,1,2337.591514159041,2337.591514159041,-0.0,374.0146422654465,77.60803827008016,0.0,,,353.25242824608506,2337.591514159041,2244.087853592679,93.50366056636176,2337.591514159041,0.0,1.0,0.0,0.0,0.1574310777988633,117.82325880035431,0.96,779.5955091355872,748.4116887701637,31.18382036542357,1.0,0.0,0.0,0.15743056809653874,117.8228773331768,0.96,779.5955091355871,748.4116887701637,31.183820365423458,1.0,0.0,0.0,0.15738242065760183,117.60629211255363,0.96,778.4004958878663,747.2644760523516,31.13601983551473,,,,753.1929081073063,2244.087853592679,2063.7878535926857,180.30000000000052,2244.087853592686,-6.821210263296962e-12,1.0,0.0,0.0,0.38393436338958564,213.79385025349077,0.925,602,556.85,45.14999999999998,1.0,0.0,0.0,0.38393436338958564,213.79385025349077,0.925,602,556.85,45.14999999999998,1.0,0.0,0.0,0.3427328977436837,162.82823674464802,0.9134761565971076,520.0878535926854,475.0878535926854,45.0,1.0,0.0,0.0,0.3426883596961615,162.77697085567672,0.9134615384615374,520.0000000000006,475.0,45.00000000000057,1.0,,,0.101,208.44257321286128,2063.7878535926857,2063.7878535926857,0.0,63.977423461373256,0.0,,,273.80366056635546,-2.842170943040401e-14,117.73557404353285,4.0,1314.8879095662526,0.0,-0.0,0.0,133.59261161193126
72,1,73,0.1016,0.0,1314.8879095662526,,,,0,0.0,1,2337.591514159041,2337.591514159041,-0.0,374.0146422654465,77.60803827008016,0.0,,,353.25242824608506,2337.591514159041,2244.087853592679,93.50366056636176,2337.591514159041,0.0,1.0,0.0,0.0,0.1574310777988633,117.82325880035431,0.96,779.5955091355872,748.4116887701637,31.18382036542357,1.0,0.0,0.0,0.15743056809653874,117.8228773331768,0.96,779.5955091355871,748.4116887701637,31.183820365423458,1.0,0.0,0.0,0.15738242065760183,117.60629211255363,0.96,778.4004958878663,747.2644760523516,31.13601983551473,,,,753.1929081073063,2244.087853592679,2063.7878535926857,180.30000000000052,2244.087853592686,-6.821210263296962e-12,1.0,0.0,0.0,0.38393436338958564,213.79385025349077,0.925,602,556.85,45.14999999999998,1.0,0.0,0.0,0.38393436338958564,213.79385025349077,0.925,602,556.85,45.14999999999998,1.0,0.0,0.0,0.3427328977436837,162.82823674464802,0.9134761565971076,520.0878535926854,475.0878535926854,45.0,1.0,0.0,0.0,0.3426883596961615,162.77697085567672,0.9134615384615374,520.0000000000006,475.0,45.00000000000057,1.0,,,0.101,208.44257321286128,2063.7878535926857,2063.7878535926857,0.0,63.977423461373256,0.0,,,273.80366056635546,-2.842170943040401e-14,117.73557404353285,4.0,1314.8879095662526,0.0,-0.0,0.0,133.59261161193126
73,1,74,0.1016,0.0,1314.8879095662526,,,,0,0.0,1,2337.591514159041,2337.591514159041,-0.0,374.0146422654465,77.60803827008016,0.0,,,353.25242824608506,2337.591514159041,2244.087853592679,93.50366056636176,2337.591514159041,0.0,1.0,0.0,0.0,0.1574310777988633,117.82325880035431,0.96,779.5955091355872,748.4116887701637,31.18382036542357,1.0,0.0,0.0,0.15743056809653874,117.8228773331768,0.96,779.5955091355871,748.4116887701637,31.183820365423458,1.0,0.0,0.0,0.15738242065760183,117.60629211255363,0.96,778.4004958878663,747.2644760523516,31.13601983551473,,,,753.1929081073063,2244.087853592679,2063.7878535926857,180.30000000000052,2244.087853592686,-6.821210263296962e-12,1.0,0.0,0.0,0.38393436338958564,213.79385025349077,0.925,602,556.85,45.14999999999998,1.0,0.0,0.0,0.38393436338958564,213.79385025349077,0.925,602,556.85,45.14999999999998,1.0,0.0,0.0,0.3427328977436837,162.82823674464802,0.9134761565971076,520.0878535926854,475.0878535926854,45.0,1.0,0.0,0.0,0.3426883596961615,162.77697085567672,0.9134615384615374,520.0000000000006,475.0,45.00000000000057,1.0,,,0.101,208.44257321286128,2063.7878535926857,2063.7878535926857,0.0,63.977423461373256,0.0,,,273.80366056635546,-2.842170943040401e-14,117.73557404353285,4.0,1314.8879095662526,0.0,-0.0,0.0,133.59261161193126
74,1,75,0.1016,0.0,1314.8879095662526,,,,0,0.0,1,2337.591514159041,2337.591514159041,-0.0,374.0146422654465,77.60803827008016,0.0,,,353.25242824608506,2337.591514159041,2244.087853592679,93.50366056636176,2337.591514159041,0.0,1.0,0.0,0.0,0.1574310777988633,117.82325880035431,0.96,779.5955091355872,748.4116887701637,31.18382036542357,1.0,0.0,0.0,0.15743056809653874,117.8228773331768,0.96,779.5955091355871,748.4116887701637,31.183820365423458,1.0,0.0,0.0,0.15738242065760183,117.60629211255363,0.96,778.4004958878663,747.2644760523516,31.13601983551473,,,,753.1929081073063,2244.087853592679,2063.7878535926857,180.30000000000052,2244.087853592686,-6.821210263296962e-12,1.0,0.0,0.0,0.38393436338958564,213.79385025349077,0.925,602,556.85,45.14999999999998,1.0,0.0,0.0,0.38393436338958564,213.79385025349077,0.925,602,556.85,45.14999999999998,1.0,0.0,0.0,0.3427328977436837,162.82823674464802,0.9134761565971076,520.0878535926854,475.0878535926854,45.0,1.0,0.0,0.0,0.3426883596961615,162.77697085567672,0.9134615384615374,520.0000000000006,475.0,45.00000000000057,1.0,,,0.101,208.44257321286128,2063.7878535926857,2063.7878535926857,0.0,63.977423461373256,0.0,,,273.80366056635546,-2.842170943040401e-14,117.73557404353285,4.0,1314.8879095662526,0.0,-0.0,0.0,133.59261161193126
75,1,76,0.1016,0.0,1314.8879095662526,,,,0,0.0,1,2337.591514159041,2337.591514159041,-0.0,374.0146422654465,77.60803827008016,0.0,,,353.25242824608506,2337.591514159041,2244.087853592679,93.50366056636176,2337.591514159041,0.0,1.0,0.0,0.0,0.1574310777988633,117.82325880035431,0.96,779.5955091355872,748.4116887701637,31.18382036542357,1.0,0.0,0.0,0.15743056809653874,117.8228773331768,0.96,779.5955091355871,748.4116887701637,31.183820365423458,1.0,0.0,0.0,0.15738242065760183,117.60629211255363,0.96,778.4004958878663,747.2644760523516,31.13601983551473,,,,753.1929081073063,2244.087853592679,2063.7878535926857,180.3000000000004,2244.087853592686,-6.821210263296962e-12,1.0,0.0,0.0,0.38393436338958564,213.79385025349077,0.925,602,556.85,45.14999999999998,1.0,0.0,0.0,0.38393436338958564,213.79385025349077,0.925,602,556.85,45.14999999999998,1.0,0.0,0.0,0.3427328977436837,162.82823674464802,0.9134761565971076,520.0878535926854,475.0878535926854,45.0,1.0,0.0,0.0,0.34268835969616146,162.7769708556767,0.9134615384615377,520.0000000000005,475.0,45.000000000000455,1.0,,,0.101,208.44257321286128,2063.7878535926857,2063.7878535926857,0.0,63.977423461373256,0.0,,,273.80366056635535,-2.842170943040401e-14,117.7355740435328,4.0,1314.8879095662526,0.0,-0.0,0.0,133.59261161193126
76,1,77,0.1016,0.0,1314.8879095662526,,,,0,0.0,1,2337.591514159041,2337.591514159041,-0.0,374.0146422654465,77.60803827008016,0.0,,,353.25242824608506,2337.591514159041,2244.087853592679,93.50366056636176,2337.591514159041,0.0,1.0,0.0,0.0,0.1574310777988633,117.82325880035431,0.96,779.5955091355872,748.4116887701637,31.18382036542357,1.0,0.0,0.0,0.15743056809653874,117.8228773331768,0.96,779.5955091355871,748.4116887701637,31.183820365423458,1.0,0.0,0.0,0.15738242065760183,117.60629211255363,0.96,778.4004958878663,747.2644760523516,31.13601983551473,,,,753.1929081073063,2244.087853592679,2063.7878535926857,180.30000000000052,2244.087853592686,-6.821210263296962e-12,1.0,0.0,0.0,0.38393436338958564,213.79385025349077,0.925,602,556.85,45.14999999999998,1.0,0.0,0.0,0.38393436338958564,213.79385025349077,0.925,602,556.85,45.14999999999998,1.0,0.0,0.0,0.3427328977436837,162.82823674464802,0.9134761565971076,520.0878535926854,475.0878535926854,45.0,1.0,0.0,0.0,0.3426883596961615,162.77697085567672,0.9134615384615374,520.0000000000006,475.0,45.00000000000057,1.0,,,0.101,208.44257321286128,2063.7878535926857,2063.7878535926857,0.0,63.977423461373256,0.0,,,273.80366056635546,-2.842170943040401e-14,117.73557404353285,4.0,1314.8879095662526,0.0,-0.0,0.0,133.59261161193126
77,1,78,0.1016,0.0,1314.8879095662523,,,,0,0.0,1,2337.591514159041,2337.591514159041,-0.0,374.0146422654465,77.60803827008016,0.0,,,353.25242824608495,2337.591514159041,2244.087853592679,93.50366056636176,2337.591514159041,0.0,1.0,0.0,0.0,0.1574310777988633,117.82325880035431,0.96,779.5955091355872,748.4116887701637,31.18382036542357,1.0,0.0,0.0,0.15743056809653874,117.8228773331768,0.96,779.5955091355871,748.4116887701637,31.183820365423458,1.0,0.0,0.0,0.15738242065760183,117.60629211255363,0.96,778.4004958878663,747.2644760523516,31.13601983551473,,,,753.1929081073063,2244.087853592679,2063.7878535926857,180.30000000000052,2244.087853592686,-6.821210263296962e-12,1.0,0.0,0.0,0.38393436338958564,213.79385025349077,0.925,602,556.85,45.14999999999998,1.0,0.0,0.0,0.38393436338958564,213.79385025349077,0.925,602,556.85,45.14999999999998,1.0,0.0,0.0,0.3427328977436837,162.82823674464802,0.9134761565971076,520.0878535926854,475.0878535926854,45.0,1.0,0.0,0.0,0.3426883596961615,162.77697085567672,0.9134615384615374,520.0000000000006,475.0,45.00000000000057,1.0,,,0.101,208.44257321286128,2063.7878535926857,2063.7878535926857,0.0,63.977423461373256,0.0,,,273.80366056635546,-1.4210854715202004e-13,117.73557404353285,4.0,1314.8879095662523,0.0,-0.0,0.0,133.59261161193123
78,1,79,0.1016,0.0,1314.8879095662526,,,,0,0.0,1,2337.591514159041,2337.591514159041,-0.0,374.0146422654465,77.60803827008016,0.0,,,353.25242824608506,2337.591514159041,2244.087853592679,93.50366056636176,2337.591514159041,0.0,1.0,0.0,0.0,0.1574310777988633,117.82325880035431,0.96,779.5955091355872,748.4116887701637,31.18382036542357,1.0,0.0,0.0,0.15743056809653874,117.8228773331768,0.96,779.5955091355871,748.4116887701637,31.183820365423458,1.0,0.0,0.0,0.15738242065760183,117.60629211255363,0.96,778.4004958878663,747.2644760523516,31.13601983551473,,,,753.1929081073063,2244.087853592679,2063.7878535926857,180.30000000000052,2244.087853592686,-6.821210263296962e-12,1.0,0.0,0.0,0.38393436338958564,213.79385025349077,0.925,602,556.85,45.14999999999998,1.0,0.0,0.0,0.38393436338958564,213.79385025349077,0.925,602,556.85,45.14999999999998,1.0,0.0,0.0,0.3427328977436837,162.82823674464802,0.9134761565971076,520.0878535926854,475.0878535926854,45.0,1.0,0.0,0.0,0.3426883596961615,162.77697085567672,0.9134615384615374,520.0000000000006,475.0,45.00000000000057,1.0,,,0.101,208.44257321286128,2063.7878535926857,2063.7878535926857,0.0,63.977423461373256,0.0,,,273.80366056635546,-2.842170943040401e-14,117.73557404353285,4.0,1314.8879095662526,0.0,-0.0,0.0,133.59261161193126
79,1,80,0.1016,0.0,1314.8879095662523,,,,0,0.0,1,2337.591514159041,2337.591514159041,-0.0,374.0146422654465,77.60803827008016,0.0,,,353.25242824608495,2337.591514159041,2244.087853592679,93.50366056636176,2337.591514159041,0.0,1.0,0.0,0.0,0.1574310777988633,117.82325880035431,0.96,779.5955091355872,748.4116887701637,31.18382036542357,1.0,0.0,0.0,0.15743056809653874,117.8228773331768,0.96,779.5955091355871,748.4116887701637,31.183820365423458,1.0,0.0,0.0,0.15738242065760183,117.60629211255363,0.96,778.4004958878663,747.2644760523516,31.13601983551473,,,,753.1929081073063,2244.087853592679,2063.7878535926857,180.30000000000052,2244.087853592686,-6.821210263296962e-12,1.0,0.0,0.0,0.38393436338958564,213.79385025349077,0.925,602,556.85,45.14999999999998,1.0,0.0,0.0,0.38393436338958564,213.79385025349077,0.925,602,556.85,45.14999999999998,1.0,0.0,0.0,0.3427328977436837,162.82823674464802,0.9134761565971076,520.0878535926854,475.0878535926854,45.0,1.0,0.0,0.0,0.3426883596961615,162.77697085567672,0.9134615384615374,520.0000000000006,475.0,45.00000000000057,1.0,,,0.101,208.44257321286128,2063.7878535926857,2063.7878535926857,0.0,63.977423461373256,0.0,,,273.80366056635546,-1.4210854715202004e-13,117.73557404353285,4.0,1314.8879095662523,0.0,-0.0,0.0,133.59261161193123
80,1,81,0.1016,0.0,1314.8879095662526,,,,0,0.0,1,2337.591514159041,2337.591514159041,-0.0,374.0146422654465,77.60803827008016,0.0,,,353.25242824608506,2337.591514159041,2244.087853592679,93.50366056636176,2337.591514159041,0.0,1.0,0.0,0.0,0.1574310777988633,117.82325880035431,0.96,779.5955091355872,748.4116887701637,31.18382036542357,1.0,0.0,0.0,0.15743056809653874,117.8228773331768,0.96,779.5955091355871,748.4116887701637,31.183820365423458,1.0,0.0,0.0,0.15738242065760183,117.60629211255363,0.96,778.4004958878663,747.2644760523516,31.13601983551473,,,,753.1929081073063,2244.087853592679,2063.7878535926857,180.30000000000052,2244.087853592686,-6.821210263296962e-12,1.0,0.0,0.0,0.38393436338958564,213.79385025349077,0.925,602,556.85,45.14999999999998,1.0,0.0,0.0,0.38393436338958564,213.79385025349077,0.925,602,556.85,45.14999999999998,1.0,0.0,0.0,0.3427328977436837,162.82823674464802,0.9134761565971076,520.0878535926854,475.0878535926854,45.0,1.0,0.0,0.0,0.3426883596961615,162.77697085567672,0.9134615384615374,520.0000000000006,475.0,45.00000000000057,1.0,,,0.101,208.44257321286128,2063.7878535926857,2063.7878535926857,0.0,63.977423461373256,0.0,,,273.80366056635546,-2.842170943040401e-14,117.73557404353285,4.0,1314.8879095662526,0.0,-0.0,0.0,133.59261161193126
81,1,82,0.1016,0.0,1314.8879095662523,,,,0,0.0,1,2337.591514159041,2337.591514159041,-0.0,374.0146422654465,77.60803827008016,0.0,,,353.25242824608495,2337.591514159041,2244.087853592679,93.50366056636176,2337.591514159041,0.0,1.0,0.0,0.0,0.1574310777988633,117.82325880035431,0.96,779.5955091355872,748.4116887701637,31.18382036542357,1.0,0.0,0.0,0.15743056809653874,117.8228773331768,0.96,779.5955091355871,748.4116887701637,31.183820365423458,1.0,0.0,0.0,0.15738242065760183,117.60629211255363,0.96,778.4004958878663,747.2644760523516,31.13601983551473,,,,753.1929081073063,2244.087853592679,2063.7878535926857,180.30000000000052,2244.087853592686,-6.821210263296962e-12,1.0,0.0,0.0,0.38393436338958564,213.79385025349077,0.925,602,556.85,45.14999999999998,1.0,0.0,0.0,0.38393436338958564,213.79385025349077,0.925,602,556.85,45.14999999999998,1.0,0.0,0.0,0.3427328977436837,162.82823674464802,0.9134761565971076,520.0878535926854,475.0878535926854,45.0,1.0,0.0,0.0,0.3426883596961615,162.77697085567672,0.9134615384615374,520.0000000000006,475.0,45.00000000000057,1.0,,,0.101,208.44257321286128,2063.7878535926857,2063.7878535926857,0.0,63.977423461373256,0.0,,,273.80366056635546,-1.4210854715202004e-13,117.73557404353285,4.0,1314.8879095662523,0.0,-0.0,0.0,133.59261161193123
82,1,83,0.1016,0.0,1314.8879095662523,,,,0,0.0,1,2337.591514159041,2337.591514159041,-0.0,374.0146422654465,77.60803827008016,0.0,,,353.25242824608495,2337.591514159041,2244.087853592679,93.50366056636176,2337.591514159041,0.0,1.0,0.0,0.0,0.1574310777988633,117.82325880035431,0.96,779.5955091355872,748.4116887701637,31.18382036542357,1.0,0.0,0.0,0.15743056809653874,117.8228773331768,0.96,779.5955091355871,748.4116887701637,31.183820365423458,1.0,0.0,0.0,0.15738242065760183,117.60629211255363,0.96,778.4004958878663,747.2644760523516,31.13601983551473,,,,753.1929081073063,2244.087853592679,2063.7878535926857,180.30000000000052,2244.087853592686,-6.821210263296962e-12,1.0,0.0,0.0,0.38393436338958564,213.79385025349077,0.925,602,556.85,45.14999999999998,1.0,0.0,0.0,0.38393436338958564,213.79385025349077,0.925,602,556.85,45.14999999999998,1.0,0.0,0.0,0.3427328977436837,162.82823674464802,0.9134761565971076,520.0878535926854,475.0878535926854,45.0,1.0,0.0,0.0,0.3426883596961615,162.77697085567672,0.9134615384615374,520.0000000000006,475.0,45.00000000000057,1.0,,,0.101,208.44257321286128,2063.7878535926857,2063.7878535926857,0.0,63.977423461373256,0.0,,,273.80366056635546,-1.4210854715202004e-13,117.73557404353285,4.0,1314.8879095662523,0.0,-0.0,0.0,133.59261161193123
83,1,84,0.1016,0.0,1314.8879095662523,,,,0,0.0,1,2337.591514159041,2337.591514159041,-0.0,374.0146422654465,77.60803827008016,0.0,,,353.25242824608495,2337.591514159041,2244.087853592679,93.50366056636176,2337.591514159041,0.0,1.0,0.0,0.0,0.1574310777988633,117.82325880035431,0.96,779.5955091355872,748.4116887701637,31.18382036542357,1.0,0.0,0.0,0.15743056809653874,117.8228773331768,0.96,779.5955091355871,748.4116887701637,31.183820365423458,1.0,0.0,0.0,0.15738242065760183,117.60629211255363,0.96,778.4004958878663,747.2644760523516,31.13601983551473,,,,753.1929081073063,2244.087853592679,2063.7878535926857,180.30000000000052,2244.087853592686,-6.821210263296962e-12,1.0,0.0,0.0,0.38393436338958564,213.79385025349077,0.925,602,556.85,45.14999999999998,1.0,0.0,0.0,0.38393436338958564,213.79385025349077,0.925,602,556.85,45.14999999999998,1.0,0.0,0.0,0.3427328977436837,162.82823674464802,0.9134761565971076,520.0878535926854,475.0878535926854,45.0,1.0,0.0,0.0,0.3426883596961615,162.77697085567672,0.9134615384615374,520.0000000000006,475.0,45.00000000000057,1.0,,,0.101,208.44257321286128,2063.7878535926857,2063.7878535926857,0.0,63.977423461373256,0.0,,,273.80366056635546,-1.4210854715202004e-13,117.73557404353285,4.0,1314.8879095662523,0.0,-0.0,0.0,133.59261161193123
84,1,85,0.1016,0.0,1314.8879095662526,,,,0,0.0,1,2337.591514159041,2337.591514159041,-0.0,374.0146422654465,77.60803827008016,0.0,,,353.25242824608506,2337.591514159041,2244.087853592679,93.50366056636176,2337.591514159041,0.0,1.0,0.0,0.0,0.1574310777988633,117.82325880035431,0.96,779.5955091355872,748.4116887701637,31.18382036542357,1.0,0.0,0.0,0.15743056809653874,117.8228773331768,0.96,779.5955091355871,748.4116887701637,31.183820365423458,1.0,0.0,0.0,0.15738242065760183,117.60629211255363,0.96,778.4004958878663,747.2644760523516,31.13601983551473,,,,753.1929081073063,2244.087853592679,2063.7878535926857,180.30000000000052,2244.087853592686,-6.821210263296962e-12,1.0,0.0,0.0,0.38393436338958564,213.79385025349077,0.925,602,556.85,45.14999999999998,1.0,0.0,0.0,0.38393436338958564,213.79385025349077,0.925,602,556.85,45.14999999999998,1.0,0.0,0.0,0.3427328977436837,162.82823674464802,0.9134761565971076,520.0878535926854,475.0878535926854,45.0,1.0,0.0,0.0,0.3426883596961615,162.77697085567672,0.9134615384615374,520.0000000000006,475.0,45.00000000000057,1.0,,,0.101,208.44257321286128,2063.7878535926857,2063.7878535926857,0.0,63.977423461373256,0.0,,,273.80366056635546,-2.842170943040401e-14,117.73557404353285,4.0,1314.8879095662526,0.0,-0.0,0.0,133.59261161193126
85,1,86,0.1016,0.0,1314.8879095662523,,,,0,0.0,1,2337.591514159041,2337.591514159041,-0.0,374.0146422654465,77.60803827008016,0.0,,,353.25242824608495,2337.591514159041,2244.087853592679,93.50366056636176,2337.591514159041,0.0,1.0,0.0,0.0,0.1574310777988633,117.82325880035431,0.96,779.5955091355872,748.4116887701637,31.18382036542357,1.0,0.0,0.0,0.15743056809653874,117.8228773331768,0.96,779.5955091355871,748.4116887701637,31.183820365423458,1.0,0.0,0.0,0.15738242065760183,117.60629211255363,0.96,778.4004958878663,747.2644760523516,31.13601983551473,,,,753.1929081073063,2244.087853592679,2063.7878535926857,180.30000000000052,2244.087853592686,-6.821210263296962e-12,1.0,0.0,0.0,0.38393436338958564,213.79385025349077,0.925,602,556.85,45.14999999999998,1.0,0.0,0.0,0.38393436338958564,213.79385025349077,0.925,602,556.85,45.14999999999998,1.0,0.0,0.0,0.3427328977436837,162.82823674464802,0.9134761565971076,520.0878535926854,475.0878535926854,45.0,1.0,0.0,0.0,0.3426883596961615,162.77697085567672,0.9134615384615374,520.0000000000006,475.0,45.00000000000057,1.0,,,0.101,208.44257321286128,2063.7878535926857,2063.7878535926857,0.0,63.977423461373256,0.0,,,273.80366056635546,-1.4210854715202004e-13,117.73557404353285,4.0,1314.8879095662523,0.0,-0.0,0.0,133.59261161193123
86,1,87,0.1016,0.0,1314.8879095662523,,,,0,0.0,1,2337.591514159041,2337.591514159041,-0.0,374.0146422654465,77.60803827008016,0.0,,,353.25242824608495,2337.591514159041,2244.087853592679,93.50366056636176,2337.591514159041,0.0,1.0,0.0,0.0,0.1574310777988633,117.82325880035431,0.96,779.5955091355872,748.4116887701637,31.18382036542357,1.0,0.0,0.0,0.15743056809653874,117.8228773331768,0.96,779.5955091355871,748.4116887701637,31.183820365423458,1.0,0.0,0.0,0.15738242065760183,117.60629211255363,0.96,778.4004958878663,747.2644760523516,31.13601983551473,,,,753.1929081073063,2244.087853592679,2063.7878535926857,180.30000000000052,2244.087853592686,-6.821210263296962e-12,1.0,0.0,0.0,0.38393436338958564,213.79385025349077,0.925,602,556.85,45.14999999999998,1.0,0.0,0.0,0.38393436338958564,213.79385025349077,0.925,602,556.85,45.14999999999998,1.0,0.0,0.0,0.3427328977436837,162.82823674464802,0.9134761565971076,520.0878535926854,475.0878535926854,45.0,1.0,0.0,0.0,0.3426883596961615,162.77697085567672,0.9134615384615374,520.0000000000006,475.0,45.00000000000057,1.0,,,0.101,208.44257321286128,2063.7878535926857,2063.7878535926857,0.0,63.977423461373256,0.0,,,273.80366056635546,-1.4210854715202004e-13,117.73557404353285,4.0,1314.8879095662523,0.0,-0.0,0.0,133.59261161193123
87,1,88,0.1016,0.0,1314.8879095662526,,,,0,0.0,1,2337.591514159041,2337.591514159041,-0.0,374.0146422654465,77.60803827008016,0.0,,,353.25242824608506,2337.591514159041,2244.087853592679,93.50366056636176,2337.591514159041,0.0,1.0,0.0,0.0,0.1574310777988633,117.82325880035431,0.96,779.5955091355872,748.4116887701637,31.18382036542357,1.0,0.0,0.0,0.15743056809653874,117.8228773331768,0.96,779.5955091355871,748.4116887701637,31.183820365423458,1.0,0.0,0.0,0.15738242065760183,117.60629211255363,0.96,778.4004958878663,747.2644760523516,31.13601983551473,,,,753.1929081073063,2244.087853592679,2063.7878535926857,180.30000000000052,2244.087853592686,-6.821210263296962e-12,1.0,0.0,0.0,0.38393436338958564,213.79385025349077,0.925,602,556.85,45.14999999999998,1.0,0.0,0.0,0.38393436338958564,213.79385025349077,0.925,602,556.85,45.14999999999998,1.0,0.0,0.0,0.3427328977436837,162.82823674464802,0.9134761565971076,520.0878535926854,475.0878535926854,45.0,1.0,0.0,0.0,0.3426883596961615,162.77697085567672,0.9134615384615374,520.0000000000006,475.0,45.00000000000057,1.0,,,0.101,208.44257321286128,2063.7878535926857,2063.7878535926857,0.0,63.977423461373256,0.0,,,273.80366056635546,-2.842170943040401e-14,117.73557404353285,4.0,1314.8879095662526,0.0,-0.0,0.0,133.59261161193126
88,1,89,0.1016,0.0,1023.5414055219766,,,,0,0.0,1,1795.9248474923809,1795.9248474923809,-0.0,287.3479755987809,59.624704936747044,0.0,,,272.6578950574858,1795.9248474923809,1724.0878535926854,71.83699389969536,1795.9248474923809,0.0,1.0,0.0,0.0,0.15678253692770933,94.42313063880233,0.96,627.3493826299286,602.2554073247314,25.093975305197205,1.0,0.0,0.0,0.1567996016616387,94.35331243352714,0.96,626.8172840367381,601.7445926752686,25.072691361469538,1.0,0.0,0.0,0.16128323591046412,83.88145198515602,0.96,541.7581808257141,520.0878535926855,21.670327233028615,,,,590.4159372516295,1724.0878535926854,1588.7878535926855,135.29999999999995,1724.0878535926854,-0.0,1.0,0.0,0.0,0.38393436338958564,213.79385025349077,0.925,602,556.85,45.14999999999998,1.0,0.0,0.0,0.38393436338958564,213.79385025349077,0.925,602,556.85,45.14999999999998,1.0,0.0,0.0,0.3427328977436837,162.82823674464802,0.9134761565971076,520.0878535926854,475.0878535926854,45.0,0.0,0.0,1.0,0.08724817754776784,0.0,0.88,0.0,0.0,0.0,1.0,,,0.101,160.46757321286125,1588.7878535926855,1588.7878535926855,0.0,49.25242346137325,0.0,,,207.1369938996953,-2.842170943040401e-14,89.06890737686898,3.0,1023.5414055219766,0.0,0.0,0.0,103.99180680103281
89,1,90,0.15246,0.0,728.8478435793111,,,,0,0.0,1,1254.1666666666667,1254.1666666666667,-0.0,200.66666666666669,41.638333333333335,0.0,,,188.77644307232953,1254.1666666666667,1204.0,50.16666666666674,1254.1666666666667,0.0,1.0,0.0,0.0,0.15678253692770933,94.42313063880233,0.96,627.3493826299286,602.2554073247314,25.093975305197205,1.0,0.0,0.0,0.1567996016616387,94.35331243352714,0.96,626.8172840367381,601.7445926752686,25.072691361469538,0.0,0.0,1.0,0.271,0.0,0.96,0.0,0.0,-0.0,,,,427.58770050698155,1204.0,1113.7,90.29999999999995,1204.0,-0.0,1.0,0.0,0.0,0.38393436338958564,213.79385025349077,0.925,602,556.85,45.14999999999998,1.0,0.0,0.0,0.38393436338958564,213.79385025349077,0.925,602,556.85,45.14999999999998,0.0,0.0,1.0,0.08724817754776787,0.0,0.8800000000000001,0.0,0.0,0.0,0.0,0.0,0.0,0.08724817754776784,0.0,0.88,0.0,0.0,0.0,1.0,,,0.101,112.48370000000001,1113.7,1113.7,0.0,34.5247,0.0,,,140.4666666666667,-7.105427357601002e-14,60.40066666666668,2.0,728.847843579311,0.0,0.0,0.0,111.12014223210177
90,1,91,0.15246,0.0,728.8478435793111,,,,0,0.0,1,1254.1666666666667,1254.1666666666667,-0.0,200.66666666666669,41.638333333333335,0.0,,,188.77644307232953,1254.1666666666667,1204.0,50.16666666666674,1254.1666666666667,0.0,1.0,0.0,0.0,0.15678253692770933,94.42313063880233,0.96,627.3493826299286,602.2554073247314,25.093975305197205,1.0,0.0,0.0,0.1567996016616387,94.35331243352714,0.96,626.8172840367381,601.7445926752686,25.072691361469538,0.0,0.0,0.0,0.271,0.0,0.96,0.0,0.0,-0.0,,,,427.58770050698155,1204.0,1113.7,90.29999999999995,1204.0,-0.0,1.0,0.0,0.0,0.38393436338958564,213.79385025349077,0.925,602,556.85,45.14999999999998,1.0,0.0,0.0,0.38393436338958564,213.79385025349077,0.925,602,556.85,45.14999999999998,0.0,0.0,0.0,0.08724817754776787,0.0,0.8800000000000001,0.0,0.0,0.0,0.0,0.0,0.0,0.08724817754776784,0.0,0.88,0.0,0.0,0.0,1.0,,,0.101,112.48370000000001,1113.7,1113.7,0.0,34.5247,0.0,,,140.4666666666667,-7.105427357601002e-14,60.40066666666668,2.0,728.847843579311,0.0,0.0,0.0,111.12014223210177
91,1,92,0.15246,0.0,728.8478435793111,,,,0,0.0,1,1254.1666666666667,1254.1666666666667,-0.0,200.66666666666669,41.638333333333335,0.0,,,188.77644307232953,1254.1666666666667,1204.0,50.16666666666674,1254.1666666666667,0.0,1.0,0.0,0.0,0.15678253692770933,94.42313063880233,0.96,627.3493826299286,602.2554073247314,25.093975305197205,1.0,0.0,0.0,0.1567996016616387,94.35331243352714,0.96,626.8172840367381,601.7445926752686,25.072691361469538,0.0,0.0,0.0,0.271,0.0,0.96,0.0,0.0,-0.0,,,,427.58770050698155,1204.0,1113.7,90.29999999999995,1204.0,-0.0,1.0,0.0,0.0,0.38393436338958564,213.79385025349077,0.925,602,556.85,45.14999999999998,1.0,0.0,0.0,0.38393436338958564,213.79385025349077,0.925,602,556.85,45.14999999999998,0.0,0.0,0.0,0.08724817754776787,0.0,0.8800000000000001,0.0,0.0,0.0,0.0,0.0,0.0,0.08724817754776784,0.0,0.88,0.0,0.0,0.0,1.0,,,0.101,112.48370000000001,1113.7,1113.7,0.0,34.5247,0.0,,,140.4666666666667,-7.105427357601002e-14,60.40066666666668,2.0,728.847843579311,0.0,0.0,0.0,111.12014223210177
92,1,93,0.15246,0.0,728.8478435793111,,,,0,0.0,1,1254.1666666666667,1254.1666666666667,-0.0,200.66666666666669,41.638333333333335,0.0,,,188.77644307232953,1254.1666666666667,1204.0,50.16666666666674,1254.1666666666667,0.0,1.0,0.0,0.0,0.15678253692770933,94.42313063880233,0.96,627.3493826299286,602.2554073247314,25.093975305197205,1.0,0.0,0.0,0.1567996016616387,94.35331243352714,0.96,626.8172840367381,601.7445926752686,25.072691361469538,0.0,0.0,0.0,0.271,0.0,0.96,0.0,0.0,-0.0,,,,427.58770050698155,1204.0,1113.7,90.29999999999995,1204.0,-0.0,1.0,0.0,0.0,0.38393436338958564,213.79385025349077,0.925,602,556.85,45.14999999999998,1.0,0.0,0.0,0.38393436338958564,213.79385025349077,0.925,602,556.85,45.14999999999998,0.0,0.0,0.0,0.08724817754776787,0.0,0.8800000000000001,0.0,0.0,0.0,0.0,0.0,0.0,0.08724817754776784,0.0,0.88,0.0,0.0,0.0,1.0,,,0.101,112.48370000000001,1113.7,1113.7,0.0,34.5247,0.0,,,140.4666666666667,-7.105427357601002e-14,60.40066666666668,2.0,728.847843579311,0.0,0.0,0.0,111.12014223210177
93,1,94,0.15246,0.0,728.8478435793111,,,,0,0.0,1,1254.1666666666667,1254.1666666666667,-0.0,200.66666666666669,41.638333333333335,0.0,,,188.77644307232953,1254.1666666666667,1204.0,50.16666666666674,1254.1666666666667,0.0,1.0,0.0,0.0,0.15678253692770933,94.42313063880233,0.96,627.3493826299286,602.2554073247314,25.093975305197205,1.0,0.0,0.0,0.1567996016616387,94.35331243352714,0.96,626.8172840367381,601.7445926752686,25.072691361469538,0.0,0.0,0.0,0.271,0.0,0.96,0.0,0.0,-0.0,,,,427.58770050698155,1204.0,1113.7,90.29999999999995,1204.0,-0.0,1.0,0.0,0.0,0.38393436338958564,213.79385025349077,0.925,602,556.85,45.14999999999998,1.0,0.0,0.0,0.38393436338958564,213.79385025349077,0.925,602,556.85,45.14999999999998,0.0,0.0,0.0,0.08724817754776787,0.0,0.8800000000000001,0.0,0.0,0.0,0.0,0.0,0.0,0.08724817754776787,0.0,0.8800000000000001,0.0,0.0,0.0,1.0,,,0.101,112.48370000000001,1113.7,1113.7,0.0,34.5247,0.0,,,140.4666666666667,-7.105427357601002e-14,60.40066666666668,2.0,728.847843579311,0.0,0.0,0.0,111.12014223210177
94,1,95,0.1016,0.0,1093.0538322872267,,,,0,0.0,1,1880.9839507034048,1880.9839507034048,-0.0,300.9574321125448,62.44866716335304,0.0,,,283.12972326330305,1880.9839507034048,1805.7445926752684,75.23935802813628,1880.9839507034048,0.0,1.0,0.0,0.0,0.15678253692770933,94.42313063880233,0.96,627.3493826299286,602.2554073247314,25.093975305197205,1.0,0.0,0.0,0.1567996016616387,94.35331243352714,0.96,626.8172840367381,601.7445926752686,25.072691361469538,1.0,1.0,0.0,0.15679954807984597,94.35328019097311,0.96,626.8172840367381,601.7445926752686,25.072691361469538,,,,641.2224204532365,1805.7445926752684,1670.3137482246236,135.43084445064494,1805.7445926752684,-0.0,1.0,0.0,0.0,0.38393436338958564,213.79385025349077,0.925,602,556.85,45.14999999999998,1.0,0.0,0.0,0.38393436338958564,213.79385025349077,0.925,602,556.85,45.14999999999998,1.0,1.0,0.0,0.3838114323041152,213.63471994625493,0.9250000000000003,601.7445926752686,556.6137482246236,45.130844450644986,0.0,0.0,0.0,0.08724817754776784,0.0,0.88,0.0,0.0,0.0,1.0,,,0.101,168.701688570687,1670.3137482246236,1670.3137482246236,0.0,51.77972619496333,0.0,,,210.67020247878122,1.1368683772161603e-13,90.58818706587593,3.0,1093.0538322872267,0.0,-0.0,0.0,111.05426936038222
95,1,96,0.1016,0.0,1093.0538322872262,,,,0,0.0,1,1880.9839507034048,1880.9839507034048,-0.0,300.9574321125448,62.44866716335304,0.0,,,283.1297232633028,1880.9839507034048,1805.7445926752684,75.23935802813628,1880.9839507034048,0.0,1.0,0.0,0.0,0.15678253692770933,94.42313063880233,0.96,627.3493826299286,602.2554073247314,25.093975305197205,1.0,0.0,0.0,0.1567996016616387,94.35331243352714,0.96,626.8172840367381,601.7445926752686,25.072691361469538,1.0,0.0,0.0,0.15679954807984597,94.35328019097311,0.96,626.8172840367381,601.7445926752686,25.072691361469538,,,,641.2224204532364,1805.7445926752684,1670.3137482246234,135.43084445064505,1805.7445926752684,-0.0,1.0,0.0,0.0,0.38393436338958564,213.79385025349077,0.925,602,556.85,45.14999999999998,1.0,0.0,0.0,0.38393436338958564,213.79385025349077,0.925,602,556.85,45.14999999999998,1.0,0.0,0.0,0.3838114323041152,213.63471994625488,0.925,601.7445926752686,556.6137482246235,45.1308444506451,0.0,0.0,0.0,0.08724817754776784,0.0,0.88,0.0,0.0,0.0,1.0,,,0.101,168.70168857068697,1670.3137482246234,1670.3137482246234,0.0,51.779726194963324,0.0,,,210.67020247878133,2.842170943040401e-14,90.58818706587597,3.0,1093.0538322872262,0.0,-0.0,0.0,111.05426936038218
96,1,97,0.1016,0.0,1093.0538322872262,,,,0,0.0,1,1880.9839507034048,1880.9839507034048,-0.0,300.9574321125448,62.44866716335304,0.0,,,283.1297232633028,1880.9839507034048,1805.7445926752684,75.23935802813628,1880.9839507034048,0.0,1.0,0.0,0.0,0.15678253692770933,94.42313063880233,0.96,627.3493826299286,602.2554073247314,25.093975305197205,1.0,0.0,0.0,0.1567996016616387,94.35331243352714,0.96,626.8172840367381,601.7445926752686,25.072691361469538,1.0,0.0,0.0,0.15679954807984597,94.35328019097311,0.96,626.8172840367381,601.7445926752686,25.072691361469538,,,,641.2224204532364,1805.7445926752684,1670.3137482246234,135.43084445064505,1805.7445926752684,-0.0,1.0,0.0,0.0,0.38393436338958564,213.79385025349077,0.925,602,556.85,45.14999999999998,1.0,0.0,0.0,0.38393436338958564,213.79385025349077,0.925,602,556.85,45.14999999999998,1.0,0.0,0.0,0.3838114323041152,213.63471994625488,0.925,601.7445926752686,556.6137482246235,45.1308444506451,0.0,0.0,0.0,0.08724817754776784,0.0,0.88,0.0,0.0,0.0,1.0,,,0.101,168.70168857068697,1670.3137482246234,1670.3137482246234,0.0,51.779726194963324,0.0,,,210.67020247878133,2.842170943040401e-14,90.58818706587597,3.0,1093.0538322872262,0.0,-0.0,0.0,111.05426936038218
97,1,98,0.1016,0.0,1093.0538322872262,,,,0,0.0,1,1880.9839507034048,1880.9839507034048,-0.0,300.9574321125448,62.44866716335304,0.0,,,283.1297232633028,1880.9839507034048,1805.7445926752684,75.23935802813628,1880.9839507034048,0.0,1.0,0.0,0.0,0.15678253692770933,94.42313063880233,0.96,627.3493826299286,602.2554073247314,25.093975305197205,1.0,0.0,0.0,0.1567996016616387,94.35331243352714,0.96,626.8172840367381,601.7445926752686,25.072691361469538,1.0,0.0,0.0,0.15679954807984597,94.35328019097311,0.96,626.8172840367381,601.7445926752686,25.072691361469538,,,,641.2224204532364,1805.7445926752684,1670.3137482246234,135.43084445064505,1805.7445926752684,-0.0,1.0,0.0,0.0,0.38393436338958564,213.79385025349077,0.925,602,556.85,45.14999999999998,1.0,0.0,0.0,0.38393436338958564,213.79385025349077,0.925,602,556.85,45.14999999999998,1.0,0.0,0.0,0.3838114323041152,213.63471994625488,0.925,601.7445926752686,556.6137482246235,45.1308444506451,0.0,0.0,0.0,0.08724817754776784,0.0,0.88,0.0,0.0,0.0,1.0,,,0.101,168.70168857068697,1670.3137482246234,1670.3137482246234,0.0,51.779726194963324,0.0,,,210.67020247878133,2.842170943040401e-14,90.58818706587597,3.0,1093.0538322872262,0.0,-0.0,0.0,111.05426936038218
98,1,99,0.1016,0.0,1093.0538322872262,,,,0,0.0,1,1880.9839507034048,1880.9839507034048,-0.0,300.9574321125448,62.44866716335304,0.0,,,283.1297232633028,1880.9839507034048,1805.7445926752684,75.23935802813628,1880.9839507034048,0.0,1.0,0.0,0.0,0.15678253692770933,94.42313063880233,0.96,627.3493826299286,602.2554073247314,25.093975305197205,1.0,0.0,0.0,0.1567996016616387,94.35331243352714,0.96,626.8172840367381,601.7445926752686,25.072691361469538,1.0,0.0,0.0,0.15679954807984597,94.35328019097311,0.96,626.8172840367381,601.7445926752686,25.072691361469538,,,,641.2224204532364,1805.7445926752684,1670.3137482246234,135.43084445064505,1805.7445926752684,-0.0,1.0,0.0,0.0,0.38393436338958564,213.79385025349077,0.925,602,556.85,45.14999999999998,1.0,0.0,0.0,0.38393436338958564,213.79385025349077,0.925,602,556.85,45.14999999999998,1.0,0.0,0.0,0.3838114323041152,213.63471994625488,0.925,601.7445926752686,556.6137482246235,45.1308444506451,0.0,0.0,0.0,0.08724817754776784,0.0,0.88,0.0,0.0,0.0,1.0,,,0.101,168.70168857068697,1670.3137482246234,1670.3137482246234,0.0,51.779726194963324,0.0,,,210.67020247878133,2.842170943040401e-14,90.58818706587597,3.0,1093.0538322872262,0.0,-0.0,0.0,111.05426936038218
99,1,100,0.1016,0.0,1093.053832287226,,,,0,0.0,1,1880.9839507034048,1880.9839507034048,-0.0,300.9574321125448,62.44866716335304,0.0,,,283.1297232633026,1880.9839507034048,1805.7445926752684,75.23935802813628,1880.9839507034048,0.0,1.0,0.0,0.0,0.15678253692770933,94.42313063880233,0.96,627.3493826299286,602.2554073247314,25.093975305197205,1.0,0.0,0.0,0.1567996016616387,94.35331243352714,0.96,626.8172840367381,601.7445926752686,25.072691361469538,1.0,0.0,0.0,0.15679954807984597,94.35328019097311,0.96,626.8172840367381,601.7445926752686,25.072691361469538,,,,641.2224204532364,1805.7445926752684,1670.3137482246234,135.43084445064505,1805.7445926752684,-0.0,1.0,0.0,0.0,0.38393436338958564,213.79385025349077,0.925,602,556.85,45.14999999999998,1.0,0.0,0.0,0.38393436338958564,213.79385025349077,0.925,602,556.85,45.14999999999998,1.0,0.0,0.0,0.3838114323041152,213.63471994625488,0.925,601.7445926752686,556.6137482246235,45.1308444506451,0.0,0.0,0.0,0.08724817754776784,0.0,0.88,0.0,0.0,0.0,1.0,,,0.101,168.70168857068697,1670.3137482246234,1670.3137482246234,0.0,51.779726194963324,0.0,,,210.67020247878133,2.842170943040401e-14,90.58818706587597,3.0,1093.053832287226,0.0,-0.0,0.0,111.05426936038215
100,1,101,0.1016,0.0,1093.0538322872262,,,,0,0.0,1,1880.9839507034048,1880.9839507034048,-0.0,300.9574321125448,62.44866716335304,0.0,,,283.1297232633028,1880.9839507034048,1805.7445926752684,75.23935802813628,1880.9839507034048,0.0,1.0,0.0,0.0,0.15678253692770933,94.42313063880233,0.96,627.3493826299286,602.2554073247314,25.093975305197205,1.0,0.0,0.0,0.1567996016616387,94.35331243352714,0.96,626.8172840367381,601.7445926752686,25.072691361469538,1.0,0.0,0.0,0.15679954807984597,94.35328019097311,0.96,626.8172840367381,601.7445926752686,25.072691361469538,,,,641.2224204532364,1805.7445926752684,1670.3137482246234,135.43084445064505,1805.7445926752684,-0.0,1.0,0.0,0.0,0.38393436338958564,213.79385025349077,0.925,602,556.85,45.14999999999998,1.0,0.0,0.0,0.38393436338958564,213.79385025349077,0.925,602,556.85,45.14999999999998,1.0,0.0,0.0,0.3838114323041152,213.63471994625488,0.925,601.7445926752686,556.6137482246235,45.1308444506451,0.0,0.0,0.0,0.08724817754776787,0.0,0.8800000000000001,0.0,0.0,0.0,1.0,,,0.101,168.70168857068697,1670.3137482246234,1670.3137482246234,0.0,51.779726194963324,0.0,,,210.67020247878133,2.842170943040401e-14,90.58818706587597,3.0,1093.0538322872262,0.0,-0.0,0.0,111.05426936038218
101,1,102,0.1016,0.0,1093.0538322872262,,,,0,0.0,1,1880.9839507034048,1880.9839507034048,-0.0,300.9574321125448,62.44866716335304,0.0,,,283.1297232633028,1880.9839507034048,1805.7445926752684,75.23935802813628,1880.9839507034048,0.0,1.0,0.0,0.0,0.15678253692770933,94.42313063880233,0.96,627.3493826299286,602.2554073247314,25.093975305197205,1.0,0.0,0.0,0.1567996016616387,94.35331243352714,0.96,626.8172840367381,601.7445926752686,25.072691361469538,1.0,0.0,0.0,0.15679954807984597,94.35328019097311,0.96,626.8172840367381,601.7445926752686,25.072691361469538,,,,641.2224204532364,1805.7445926752684,1670.3137482246234,135.43084445064505,1805.7445926752684,-0.0,1.0,0.0,0.0,0.38393436338958564,213.79385025349077,0.925,602,556.85,45.14999999999998,1.0,0.0,0.0,0.38393436338958564,213.79385025349077,0.925,602,556.85,45.14999999999998,1.0,0.0,0.0,0.3838114323041152,213.63471994625488,0.925,601.7445926752686,556.6137482246235,45.1308444506451,0.0,0.0,0.0,0.08724817754776787,0.0,0.8800000000000001,0.0,0.0,0.0,1.0,,,0.101,168.70168857068697,1670.3137482246234,1670.3137482246234,0.0,51.779726194963324,0.0,,,210.67020247878133,2.842170943040401e-14,90.58818706587597,3.0,1093.0538322872262,0.0,-0.0,0.0,111.05426936038218
102,1,103,0.1016,0.0,1093.0538322872262,,,,0,0.0,1,1880.9839507034048,1880.9839507034048,-0.0,300.9574321125448,62.44866716335304,0.0,,,283.1297232633028,1880.9839507034048,1805.7445926752684,75.23935802813628,1880.9839507034048,0.0,1.0,0.0,0.0,0.15678253692770933,94.42313063880233,0.96,627.3493826299286,602.2554073247314,25.093975305197205,1.0,0.0,0.0,0.1567996016616387,94.35331243352714,0.96,626.8172840367381,601.7445926752686,25.072691361469538,1.0,0.0,0.0,0.15679954807984597,94.35328019097311,0.96,626.8172840367381,601.7445926752686,25.072691361469538,,,,641.2224204532364,1805.7445926752684,1670.3137482246234,135.43084445064505,1805.7445926752684,-0.0,1.0,0.0,0.0,0.38393436338958564,213.79385025349077,0.925,602,556.85,45.14999999999998,1.0,0.0,0.0,0.38393436338958564,213.79385025349077,0.925,602,556.85,45.14999999999998,1.0,0.0,0.0,0.3838114323041152,213.63471994625488,0.925,601.7445926752686,556.6137482246235,45.1308444506451,0.0,0.0,0.0,0.08724817754776787,0.0,0.8800000000000001,0.0,0.0,0.0,1.0,,,0.101,168.70168857068697,1670.3137482246234,1670.3137482246234,0.0,51.779726194963324,0.0,,,210.67020247878133,2.842170943040401e-14,90.58818706587597,3.0,1093.0538322872262,0.0,-0.0,0.0,111.05426936038218
103,1,104,0.1016,0.0,1093.053832287226,,,,0,0.0,1,1880.9839507034048,1880.9839507034048,-0.0,300.9574321125448,62.44866716335304,0.0,,,283.1297232633026,1880.9839507034048,1805.7445926752684,75.23935802813628,1880.9839507034048,0.0,1.0,0.0,0.0,0.15678253692770933,94.42313063880233,0.96,627.3493826299286,602.2554073247314,25.093975305197205,1.0,0.0,0.0,0.1567996016616387,94.35331243352714,0.96,626.8172840367381,601.7445926752686,25.072691361469538,1.0,0.0,0.0,0.15679954807984597,94.35328019097311,0.96,626.8172840367381,601.7445926752686,25.072691361469538,,,,641.2224204532364,1805.7445926752684,1670.3137482246234,135.43084445064505,1805.7445926752684,-0.0,1.0,0.0,0.0,0.38393436338958564,213.79385025349077,0.925,602,556.85,45.14999999999998,1.0,0.0,0.0,0.38393436338958564,213.79385025349077,0.925,602,556.85,45.14999999999998,1.0,0.0,0.0,0.3838114323041152,213.63471994625488,0.925,601.7445926752686,556.6137482246235,45.1308444506451,0.0,0.0,0.0,0.08724817754776787,0.0,0.8800000000000001,0.0,0.0,0.0,1.0,,,0.101,168.70168857068697,1670.3137482246234,1670.3137482246234,0.0,51.779726194963324,0.0,,,210.67020247878133,2.842170943040401e-14,90.58818706587597,3.0,1093.053832287226,0.0,-0.0,0.0,111.05426936038215
104,1,105,0.1016,0.0,1093.0538322872262,,,,0,0.0,1,1880.9839507034048,1880.9839507034048,-0.0,300.9574321125448,62.44866716335304,0.0,,,283.1297232633028,1880.9839507034048,1805.7445926752684,75.23935802813628,1880.9839507034048,0.0,1.0,0.0,0.0,0.15678253692770933,94.42313063880233,0.96,627.3493826299286,602.2554073247314,25.093975305197205,1.0,0.0,0.0,0.1567996016616387,94.35331243352714,0.96,626.8172840367381,601.7445926752686,25.072691361469538,1.0,0.0,0.0,0.15679954807984597,94.35328019097311,0.96,626.8172840367381,601.7445926752686,25.072691361469538,,,,641.2224204532364,1805.7445926752684,1670.3137482246234,135.43084445064505,1805.7445926752684,-0.0,1.0,0.0,0.0,0.38393436338958564,213.79385025349077,0.925,602,556.85,45.14999999999998,1.0,0.0,0.0,0.38393436338958564,213.79385025349077,0.925,602,556.85,45.14999999999998,1.0,0.0,0.0,0.3838114323041152,213.63471994625488,0.925,601.7445926752686,556.6137482246235,45.1308444506451,0.0,0.0,0.0,0.08724817754776787,0.0,0.8800000000000001,0.0,0.0,0.0,1.0,,,0.101,168.70168857068697,1670.3137482246234,1670.3137482246234,0.0,51.779726194963324,0.0,,,210.67020247878133,2.842170943040401e-14,90.58818706587597,3.0,1093.0538322872262,0.0,-0.0,0.0,111.05426936038218
105,1,106,0.1016,0.0,1093.0538322872262,,,,0,0.0,1,1880.9839507034048,1880.9839507034048,-0.0,300.9574321125448,62.44866716335304,0.0,,,283.1297232633028,1880.9839507034048,1805.7445926752684,75.23935802813628,1880.9839507034048,0.0,1.0,0.0,0.0,0.15678253692770933,94.42313063880233,0.96,627.3493826299286,602.2554073247314,25.093975305197205,1.0,0.0,0.0,0.1567996016616387,94.35331243352714,0.96,626.8172840367381,601.7445926752686,25.072691361469538,1.0,0.0,0.0,0.15679954807984597,94.35328019097311,0.96,626.8172840367381,601.7445926752686,25.072691361469538,,,,641.2224204532364,1805.7445926752684,1670.3137482246234,135.43084445064505,1805.7445926752684,-0.0,1.0,0.0,0.0,0.38393436338958564,213.79385025349077,0.925,602,556.85,45.14999999999998,1.0,0.0,0.0,0.38393436338958564,213.79385025349077,0.925,602,556.85,45.14999999999998,1.0,0.0,0.0,0.3838114323041152,213.63471994625488,0.925,601.7445926752686,556.6137482246235,45.1308444506451,0.0,0.0,0.0,0.08724817754776787,0.0,0.8800000000000001,0.0,0.0,0.0,1.0,,,0.101,168.70168857068697,1670.3137482246234,1670.3137482246234,0.0,51.779726194963324,0.0,,,210.67020247878133,2.842170943040401e-14,90.58818706587597,3.0,1093.0538322872262,0.0,-0.0,0.0,111.05426936038218
106,1,107,0.1016,0.0,1093.0538322872262,,,,0,0.0,1,1880.9839507034048,1880.9839507034048,-0.0,300.9574321125448,62.44866716335304,0.0,,,283.1297232633028,1880.9839507034048,1805.7445926752684,75.23935802813628,1880.9839507034048,0.0,1.0,0.0,0.0,0.15678253692770933,94.42313063880233,0.96,627.3493826299286,602.2554073247314,25.093975305197205,1.0,0.0,0.0,0.1567996016616387,94.35331243352714,0.96,626.8172840367381,601.7445926752686,25.072691361469538,1.0,0.0,0.0,0.15679954807984597,94.35328019097311,0.96,626.8172840367381,601.7445926752686,25.072691361469538,,,,641.2224204532364,1805.7445926752684,1670.3137482246234,135.43084445064505,1805.7445926752684,-0.0,1.0,0.0,0.0,0.38393436338958564,213.79385025349077,0.925,602,556.85,45.14999999999998,1.0,0.0,0.0,0.38393436338958564,213.79385025349077,0.925,602,556.85,45.14999999999998,1.0,0.0,0.0,0.3838114323041152,213.63471994625488,0.925,601.7445926752686,556.6137482246235,45.1308444506451,0.0,0.0,0.0,0.08724817754776784,0.0,0.88,0.0,0.0,0.0,1.0,,,0.101,168.70168857068697,1670.3137482246234,1670.3137482246234,0.0,51.779726194963324,0.0,,,210.67020247878133,2.842170943040401e-14,90.58818706587597,3.0,1093.0538322872262,0.0,-0.0,0.0,111.05426936038218
107,1,108,0.1016,0.0,1093.053832287226,,,,0,0.0,1,1880.9839507034048,1880.9839507034048,-0.0,300.9574321125448,62.44866716335304,0.0,,,283.1297232633026,1880.9839507034048,1805.7445926752684,75.23935802813628,1880.9839507034048,0.0,1.0,0.0,0.0,0.15678253692770933,94.42313063880233,0.96,627.3493826299286,602.2554073247314,25.093975305197205,1.0,0.0,0.0,0.1567996016616387,94.35331243352714,0.96,626.8172840367381,601.7445926752686,25.072691361469538,1.0,0.0,0.0,0.15679954807984597,94.35328019097311,0.96,626.8172840367381,601.7445926752686,25.072691361469538,,,,641.2224204532364,1805.7445926752684,1670.3137482246234,135.43084445064505,1805.7445926752684,-0.0,1.0,0.0,0.0,0.38393436338958564,213.79385025349077,0.925,602,556.85,45.14999999999998,1.0,0.0,0.0,0.38393436338958564,213.79385025349077,0.925,602,556.85,45.14999999999998,1.0,0.0,0.0,0.3838114323041152,213.63471994625488,0.925,601.7445926752686,556.6137482246235,45.1308444506451,0.0,0.0,0.0,0.08724817754776784,0.0,0.88,0.0,0.0,0.0,1.0,,,0.101,168.70168857068697,1670.3137482246234,1670.3137482246234,0.0,51.779726194963324,0.0,,,210.67020247878133,2.842170943040401e-14,90.58818706587597,3.0,1093.053832287226,0.0,-0.0,0.0,111.05426936038215
108,1,109,0.1016,0.0,1093.0538322872262,,,,0,0.0,1,1880.9839507034048,1880.9839507034048,-0.0,300.9574321125448,62.44866716335304,0.0,,,283.1297232633028,1880.9839507034048,1805.7445926752684,75.23935802813628,1880.9839507034048,0.0,1.0,0.0,0.0,0.15678253692770933,94.42313063880233,0.96,627.3493826299286,602.2554073247314,25.093975305197205,1.0,0.0,0.0,0.1567996016616387,94.35331243352714,0.96,626.8172840367381,601.7445926752686,25.072691361469538,1.0,0.0,0.0,0.15679954807984597,94.35328019097311,0.96,626.8172840367381,601.7445926752686,25.072691361469538,,,,641.2224204532364,1805.7445926752684,1670.3137482246234,135.43084445064505,1805.7445926752684,-0.0,1.0,0.0,0.0,0.38393436338958564,213.79385025349077,0.925,602,556.85,45.14999999999998,1.0,0.0,0.0,0.38393436338958564,213.79385025349077,0.925,602,556.85,45.14999999999998,1.0,0.0,0.0,0.3838114323041152,213.63471994625488,0.925,601.7445926752686,556.6137482246235,45.1308444506451,0.0,0.0,0.0,0.08724817754776787,0.0,0.8800000000000001,0.0,0.0,0.0,1.0,,,0.101,168.70168857068697,1670.3137482246234,1670.3137482246234,0.0,51.779726194963324,0.0,,,210.67020247878133,2.842170943040401e-14,90.58818706587597,3.0,1093.0538322872262,0.0,-0.0,0.0,111.05426936038218
109,1,110,0.1016,0.0,1093.0538322872262,,,,0,0.0,1,1880.9839507034048,1880.9839507034048,-0.0,300.9574321125448,62.44866716335304,0.0,,,283.1297232633028,1880.9839507034048,1805.7445926752684,75.23935802813628,1880.9839507034048,0.0,1.0,0.0,0.0,0.15678253692770933,94.42313063880233,0.96,627.3493826299286,602.2554073247314,25.093975305197205,1.0,0.0,0.0,0.1567996016616387,94.35331243352714,0.96,626.8172840367381,601.7445926752686,25.072691361469538,1.0,0.0,0.0,0.15679954807984597,94.35328019097311,0.96,626.8172840367381,601.7445926752686,25.072691361469538,,,,641.2224204532364,1805.7445926752684,1670.3137482246234,135.43084445064505,1805.7445926752684,-0.0,1.0,0.0,0.0,0.38393436338958564,213.79385025349077,0.925,602,556.85,45.14999999999998,1.0,0.0,0.0,0.38393436338958564,213.79385025349077,0.925,602,556.85,45.14999999999998,1.0,0.0,0.0,0.3838114323041152,213.63471994625488,0.925,601.7445926752686,556.6137482246235,45.1308444506451,0.0,0.0,0.0,0.08724817754776787,0.0,0.8800000000000001,0.0,0.0,0.0,1.0,,,0.101,168.70168857068697,1670.3137482246234,1670.3137482246234,0.0,51.779726194963324,0.0,,,210.67020247878133,2.842170943040401e-14,90.58818706587597,3.0,1093.0538322872262,0.0,-0.0,0.0,111.05426936038218
110,1,111,0.1016,0.0,1093.053832287226,,,,0,0.0,1,1880.9839507034048,1880.9839507034048,-0.0,300.9574321125448,62.44866716335304,0.0,,,283.1297232633026,1880.9839507034048,1805.7445926752684,75.23935802813628,1880.9839507034048,0.0,1.0,0.0,0.0,0.15678253692770933,94.42313063880233,0.96,627.3493826299286,602.2554073247314,25.093975305197205,1.0,0.0,0.0,0.1567996016616387,94.35331243352714,0.96,626.8172840367381,601.7445926752686,25.072691361469538,1.0,0.0,0.0,0.15679954807984597,94.35328019097311,0.96,626.8172840367381,601.7445926752686,25.072691361469538,,,,641.2224204532364,1805.7445926752684,1670.3137482246234,135.43084445064505,1805.7445926752684,-0.0,1.0,0.0,0.0,0.38393436338958564,213.79385025349077,0.925,602,556.85,45.14999999999998,1.0,0.0,0.0,0.38393436338958564,213.79385025349077,0.925,602,556.85,45.14999999999998,1.0,0.0,0.0,0.3838114323041152,213.63471994625488,0.925,601.7445926752686,556.6137482246235,45.1308444506451,0.0,0.0,0.0,0.08724817754776787,0.0,0.8800000000000001,0.0,0.0,0.0,1.0,,,0.101,168.70168857068697,1670.3137482246234,1670.3137482246234,0.0,51.779726194963324,0.0,,,210.67020247878133,2.842170943040401e-14,90.58818706587597,3.0,1093.053832287226,0.0,-0.0,0.0,111.05426936038215
111,1,112,0.1016,0.0,1093.0538322872262,,,,0,0.0,1,1880.9839507034048,1880.9839507034048,-0.0,300.9574321125448,62.44866716335304,0.0,,,283.1297232633028,1880.9839507034048,1805.7445926752684,75.23935802813628,1880.9839507034048,0.0,1.0,0.0,0.0,0.15678253692770933,94.42313063880233,0.96,627.3493826299286,602.2554073247314,25.093975305197205,1.0,0.0,0.0,0.1567996016616387,94.35331243352714,0.96,626.8172840367381,601.7445926752686,25.072691361469538,1.0,0.0,0.0,0.15679954807984597,94.35328019097311,0.96,626.8172840367381,601.7445926752686,25.072691361469538,,,,641.2224204532364,1805.7445926752684,1670.3137482246234,135.43084445064505,1805.7445926752684,-0.0,1.0,0.0,0.0,0.38393436338958564,213.79385025349077,0.925,602,556.85,45.14999999999998,1.0,0.0,0.0,0.38393436338958564,213.79385025349077,0.925,602,556.85,45.14999999999998,1.0,0.0,0.0,0.3838114323041152,213.63471994625488,0.925,601.7445926752686,556.6137482246235,45.1308444506451,0.0,0.0,0.0,0.08724817754776787,0.0,0.8800000000000001,0.0,0.0,0.0,1.0,,,0.101,168.70168857068697,1670.3137482246234,1670.3137482246234,0.0,51.779726194963324,0.0,,,210.67020247878133,2.842170943040401e-14,90.58818706587597,3.0,1093.0538322872262,0.0,-0.0,0.0,111.05426936038218
112,1,113,0.1016,0.0,1093.0538322872262,,,,0,0.0,1,1880.9839507034048,1880.9839507034048,-0.0,300.9574321125448,62.44866716335304,0.0,,,283.1297232633028,1880.9839507034048,1805.7445926752684,75.23935802813628,1880.9839507034048,0.0,1.0,0.0,0.0,0.15678253692770933,94.42313063880233,0.96,627.3493826299286,602.2554073247314,25.093975305197205,1.0,0.0,0.0,0.1567996016616387,94.35331243352714,0.96,626.8172840367381,601.7445926752686,25.072691361469538,1.0,0.0,0.0,0.15679954807984597,94.35328019097311,0.96,626.8172840367381,601.7445926752686,25.072691361469538,,,,641.2224204532364,1805.7445926752684,1670.3137482246234,135.43084445064505,1805.7445926752684,-0.0,1.0,0.0,0.0,0.38393436338958564,213.79385025349077,0.925,602,556.85,45.14999999999998,1.0,0.0,0.0,0.38393436338958564,213.79385025349077,0.925,602,556.85,45.14999999999998,1.0,0.0,0.0,0.3838114323041152,213.63471994625488,0.925,601.7445926752686,556.6137482246235,45.1308444506451,0.0,0.0,0.0,0.08724817754776787,0.0,0.8800000000000001,0.0,0.0,0.0,1.0,,,0.101,168.70168857068697,1670.3137482246234,1670.3137482246234,0.0,51.779726194963324,0.0,,,210.67020247878133,2.842170943040401e-14,90.58818706587597,3.0,1093.0538322872262,0.0,-0.0,0.0,111.05426936038218
113,1,114,0.15246,0.0,728.8478435793111,,,,0,0.0,1,1254.1666666666667,1254.1666666666667,-0.0,200.66666666666669,41.638333333333335,0.0,,,188.77644307232953,1254.1666666666667,1204.0,50.16666666666674,1254.1666666666667,0.0,1.0,0.0,0.0,0.15678253692770933,94.42313063880233,0.96,627.3493826299286,602.2554073247314,25.093975305197205,1.0,0.0,0.0,0.1567996016616387,94.35331243352714,0.96,626.8172840367381,601.7445926752686,25.072691361469538,0.0,0.0,1.0,0.271,0.0,0.96,0.0,0.0,-0.0,,,,427.58770050698155,1204.0,1113.7,90.29999999999995,1204.0,-0.0,1.0,0.0,0.0,0.38393436338958564,213.79385025349077,0.925,602,556.85,45.14999999999998,1.0,0.0,0.0,0.38393436338958564,213.79385025349077,0.925,602,556.85,45.14999999999998,0.0,0.0,1.0,0.08724817754776787,0.0,0.8800000000000001,0.0,0.0,0.0,0.0,0.0,0.0,0.08724817754776787,0.0,0.8800000000000001,0.0,0.0,0.0,1.0,,,0.101,112.48370000000001,1113.7,1113.7,0.0,34.5247,0.0,,,140.4666666666667,-7.105427357601002e-14,60.40066666666668,2.0,728.847843579311,0.0,0.0,0.0,111.12014223210177
114,1,115,0.15246,0.0,728.8478435793111,,,,0,0.0,1,1254.1666666666667,1254.1666666666667,-0.0,200.66666666666669,41.638333333333335,0.0,,,188.77644307232953,1254.1666666666667,1204.0,50.16666666666674,1254.1666666666667,0.0,1.0,0.0,0.0,0.15678253692770933,94.42313063880233,0.96,627.3493826299286,602.2554073247314,25.093975305197205,1.0,0.0,0.0,0.1567996016616387,94.35331243352714,0.96,626.8172840367381,601.7445926752686,25.072691361469538,0.0,0.0,0.0,0.271,0.0,0.96,0.0,0.0,-0.0,,,,427.58770050698155,1204.0,1113.7,90.29999999999995,1204.0,-0.0,1.0,0.0,0.0,0.38393436338958564,213.79385025349077,0.925,602,556.85,45.14999999999998,1.0,0.0,0.0,0.38393436338958564,213.79385025349077,0.925,602,556.85,45.14999999999998,0.0,0.0,0.0,0.08724817754776787,0.0,0.8800000000000001,0.0,0.0,0.0,0.0,0.0,0.0,0.08724817754776787,0.0,0.8800000000000001,0.0,0.0,0.0,1.0,,,0.101,112.48370000000001,1113.7,1113.7,0.0,34.5247,0.0,,,140.4666666666667,-7.105427357601002e-14,60.40066666666668,2.0,728.847843579311,0.0,0.0,0.0,111.12014223210177
115,1,116,0.15246,0.0,728.8478435793111,,,,0,0.0,1,1254.1666666666667,1254.1666666666667,-0.0,200.66666666666669,41.638333333333335,0.0,,,188.77644307232953,1254.1666666666667,1204.0,50.16666666666674,1254.1666666666667,0.0,1.0,0.0,0.0,0.15678253692770933,94.42313063880233,0.96,627.3493826299286,602.2554073247314,25.093975305197205,1.0,0.0,0.0,0.1567996016616387,94.35331243352714,0.96,626.8172840367381,601.7445926752686,25.072691361469538,0.0,0.0,0.0,0.271,0.0,0.96,0.0,0.0,-0.0,,,,427.58770050698155,1204.0,1113.7,90.29999999999995,1204.0,-0.0,1.0,0.0,0.0,0.38393436338958564,213.79385025349077,0.925,602,556.85,45.14999999999998,1.0,0.0,0.0,0.38393436338958564,213.79385025349077,0.925,602,556.85,45.14999999999998,0.0,0.0,0.0,0.08724817754776787,0.0,0.8800000000000001,0.0,0.0,0.0,0.0,0.0,0.0,0.08724817754776787,0.0,0.8800000000000001,0.0,0.0,0.0,1.0,,,0.101,112.48370000000001,1113.7,1113.7,0.0,34.5247,0.0,,,140.4666666666667,-7.105427357601002e-14,60.40066666666668,2.0,728.847843579311,0.0,0.0,0.0,111.12014223210177
116,1,117,0.15246,0.0,728.8478435793111,,,,0,0.0,1,1254.1666666666667,1254.1666666666667,-0.0,200.66666666666669,41.638333333333335,0.0,,,188.77644307232953,1254.1666666666667,1204.0,50.16666666666674,1254.1666666666667,0.0,1.0,0.0,0.0,0.15678253692770933,94.42313063880233,0.96,627.3493826299286,602.2554073247314,25.093975305197205,1.0,0.0,0.0,0.1567996016616387,94.35331243352714,0.96,626.8172840367381,601.7445926752686,25.072691361469538,0.0,0.0,0.0,0.271,0.0,0.96,0.0,0.0,-0.0,,,,427.58770050698155,1204.0,1113.7,90.29999999999995,1204.0,-0.0,1.0,0.0,0.0,0.38393436338958564,213.79385025349077,0.925,602,556.85,45.14999999999998,1.0,0.0,0.0,0.38393436338958564,213.79385025349077,0.925,602,556.85,45.14999999999998,0.0,0.0,0.0,0.08724817754776787,0.0,0.8800000000000001,0.0,0.0,0.0,0.0,0.0,0.0,0.08724817754776787,0.0,0.8800000000000001,0.0,0.0,0.0,1.0,,,0.101,112.48370000000001,1113.7,1113.7,0.0,34.5247,0.0,,,140.4666666666667,-7.105427357601002e-14,60.40066666666668,2.0,728.847843579311,0.0,0.0,0.0,111.12014223210177
117,1,118,0.15246,0.0,728.8478435793111,,,,0,0.0,1,1254.1666666666667,1254.1666666666667,-0.0,200.66666666666669,41.638333333333335,0.0,,,188.77644307232953,1254.1666666666667,1204.0,50.16666666666674,1254.1666666666667,0.0,1.0,0.0,0.0,0.15678253692770933,94.42313063880233,0.96,627.3493826299286,602.2554073247314,25.093975305197205,1.0,0.0,0.0,0.1567996016616387,94.35331243352714,0.96,626.8172840367381,601.7445926752686,25.072691361469538,0.0,0.0,0.0,0.271,0.0,0.96,0.0,0.0,-0.0,,,,427.58770050698155,1204.0,1113.7,90.29999999999995,1204.0,-0.0,1.0,0.0,0.0,0.38393436338958564,213.79385025349077,0.925,602,556.85,45.14999999999998,1.0,0.0,0.0,0.38393436338958564,213.79385025349077,0.925,602,556.85,45.14999999999998,0.0,0.0,0.0,0.08724817754776787,0.0,0.8800000000000001,0.0,0.0,0.0,0.0,0.0,0.0,0.08724817754776787,0.0,0.8800000000000001,0.0,0.0,0.0,1.0,,,0.101,112.48370000000001,1113.7,1113.7,0.0,34.5247,0.0,,,140.4666666666667,-7.105427357601002e-14,60.40066666666668,2.0,728.847843579311,0.0,0.0,0.0,111.12014223210177
118,1,119,0.1016,0.0,1098.7486590070012,,,,0,0.0,1,1881.2500000000002,1881.2500000000002,-0.0,301.00000000000006,62.45750000000001,0.0,,,288.6415582465288,1881.2500000000002,1806.0,75.25000000000011,1881.2500000000002,0.0,1.0,0.0,0.0,0.15756738984758567,118.42277846035206,0.96,782.8844598842621,751.5690814888916,31.315378395370544,1.0,0.0,0.0,0.1567996016616387,94.35331243352714,0.96,626.8172840367381,601.7445926752686,25.072691361469538,1.0,1.0,0.0,0.16758948309863594,75.86546735264909,0.96,471.5482560789999,452.68632583583985,18.86193024316003,,,,641.3815507604722,1806.0,1670.5500000000002,135.44999999999936,1805.9999999999995,4.547473508864641e-13,1.0,0.0,0.0,0.38393436338958564,213.79385025349077,0.925,602,556.85,45.14999999999998,1.0,0.0,0.0,0.38393436338958564,213.79385025349077,0.925,602,556.85,45.14999999999998,1.0,1.0,0.0,0.3839343633895855,213.7938502534907,0.9250000000000009,601.9999999999994,556.85,45.14999999999941,0.0,0.0,0.0,0.08724817754776784,0.0,0.88,0.0,0.0,0.0,1.0,,,0.101,168.72555000000003,1670.5500000000002,1670.5500000000002,0.0,51.78705000000001,0.0,,,210.69999999999993,8.526512829121202e-14,90.60099999999997,3.0,1098.7486590070012,0.0,-0.0,0.0,111.63286375511132
119,1,120,0.1016,0.0,1098.748659007001,,,,0,0.0,1,1881.2500000000002,1881.2500000000002,-0.0,301.00000000000006,62.45750000000001,0.0,,,288.6415582465286,1881.2500000000002,1806.0,75.25000000000011,1881.2500000000002,0.0,1.0,0.0,0.0,0.15756738984758567,118.42277846035206,0.96,782.8844598842621,751.5690814888916,31.315378395370544,1.0,0.0,0.0,0.1567996016616387,94.35331243352714,0.96,626.8172840367381,601.7445926752686,25.072691361469538,1.0,0.0,0.0,0.16758948309863594,75.86546735264909,0.96,471.5482560789999,452.68632583583985,18.86193024316003,,,,641.3815507604724,1806.0,1670.5500000000002,135.44999999999993,1806.0,-0.0,1.0,0.0,0.0,0.38393436338958564,213.79385025349077,0.925,602,556.85,45.14999999999998,1.0,0.0,0.0,0.38393436338958564,213.79385025349077,0.925,602,556.85,45.14999999999998,1.0,0.0,0.0,0.38393436338958564,213.79385025349077,0.925,602.0,556.85,45.14999999999998,0.0,0.0,0.0,0.08724817754776784,0.0,0.88,0.0,0.0,0.0,1.0,,,0.101,168.72555000000003,1670.5500000000002,1670.5500000000002,0.0,51.78705000000001,0.0,,,210.70000000000005,-2.842170943040401e-14,90.60100000000001,3.0,1098.748659007001,0.0,-0.0,0.0,111.63286375511129
120,1,121,0.1016,0.0,1314.887909501,,,,0,0.0,1,2337.5699673737045,2337.5699673737045,-0.0,374.01119477979273,77.607322916807,0.0,,,353.2665884410727,2337.5699673737045,2244.0671686787564,93.5027986949483,2337.5699673737045,0.0,1.0,0.0,0.0,0.15756738984758567,118.42277846035206,0.96,782.8844598842621,751.5690814888916,31.315378395370544,1.0,0.0,0.0,0.15756703110680478,118.42250884187288,0.96,782.8844598842621,751.5690814888916,31.315378395370544,1.0,0.0,0.0,0.15712882103826464,116.42130113884758,0.96,771.8010476051804,740.9290057009732,30.872041904207208,,,,753.1808370233729,2244.0671686787564,2063.767168678756,180.3000001627512,2244.0671688415077,0.0,1.0,0.0,0.0,0.38393436338958564,213.79385025349077,0.925,602,556.85,45.14999999999998,1.0,0.0,0.0,0.38393436338958564,213.79385025349077,0.925,602,556.85,45.14999999999998,1.0,0.0,0.0,0.3427224114719073,162.81616566071474,0.9134727149514312,520.0671688415076,475.0671686787564,45.000000162751235,1.0,1.0,0.0,0.34268835969616135,162.77697085567664,0.9134615384615384,520.0,475.0,45.0,1.0,,,0.101,208.44048403655438,2063.767168678756,2063.767168678756,0.0,63.97678222904144,0.0,,,273.8027988576995,0.0,117.73520350881078,4.0,1314.887909501,0.0,-0.0,0.0,133.59261160530158
121,1,122,0.1016,0.0,1314.887909501,,,,0,0.0,1,2337.5699673737045,2337.5699673737045,-0.0,374.01119477979273,77.607322916807,0.0,,,353.2665884410727,2337.5699673737045,2244.0671686787564,93.5027986949483,2337.5699673737045,0.0,1.0,0.0,0.0,0.15756738984758567,118.42277846035206,0.96,782.8844598842621,751.5690814888916,31.315378395370544,1.0,0.0,0.0,0.15756703110680478,118.42250884187288,0.96,782.8844598842621,751.5690814888916,31.315378395370544,1.0,0.0,0.0,0.15712882103826464,116.42130113884758,0.96,771.8010476051804,740.9290057009732,30.872041904207208,,,,753.1808370233729,2244.0671686787564,2063.767168678756,180.3000001627512,2244.0671688415077,0.0,1.0,0.0,0.0,0.38393436338958564,213.79385025349077,0.925,602,556.85,45.14999999999998,1.0,0.0,0.0,0.38393436338958564,213.79385025349077,0.925,602,556.85,45.14999999999998,1.0,0.0,0.0,0.3427224114719073,162.81616566071474,0.9134727149514312,520.0671688415076,475.0671686787564,45.000000162751235,1.0,0.0,0.0,0.34268835969616135,162.77697085567664,0.9134615384615384,520.0,475.0,45.0,1.0,,,0.101,208.44048403655438,2063.767168678756,2063.767168678756,0.0,63.97678222904144,0.0,,,273.8027988576995,0.0,117.73520350881078,4.0,1314.887909501,0.0,-0.0,0.0,133.59261160530158
122,1,123,0.1016,0.0,1314.887909501,,,,0,0.0,1,2337.5699673737045,2337.5699673737045,-0.0,374.01119477979273,77.607322916807,0.0,,,353.2665884410727,2337.5699673737045,2244.0671686787564,93.5027986949483,2337.5699673737045,0.0,1.0,0.0,0.0,0.15756738984758567,118.42277846035206,0.96,782.8844598842621,751.5690814888916,31.315378395370544,1.0,0.0,0.0,0.15756703110680478,118.42250884187288,0.96,782.8844598842621,751.5690814888916,31.315378395370544,1.0,0.0,0.0,0.15712882103826464,116.42130113884758,0.96,771.8010476051804,740.9290057009732,30.872041904207208,,,,753.1808370233729,2244.0671686787564,2063.767168678756,180.3000001627512,2244.0671688415077,0.0,1.0,0.0,0.0,0.38393436338958564,213.79385025349077,0.925,602,556.85,45.14999999999998,1.0,0.0,0.0,0.38393436338958564,213.79385025349077,0.925,602,556.85,45.14999999999998,1.0,0.0,0.0,0.3427224114719073,162.81616566071474,0.9134727149514312,520.0671688415076,475.0671686787564,45.000000162751235,1.0,0.0,0.0,0.34268835969616135,162.77697085567664,0.9134615384615384,520.0,475.0,45.0,1.0,,,0.101,208.44048403655438,2063.767168678756,2063.767168678756,0.0,63.97678222904144,0.0,,,273.8027988576995,0.0,117.73520350881078,4.0,1314.887909501,0.0,-0.0,0.0,133.59261160530158
123,1,124,0.1016,0.0,1314.887909501,,,,0,0.0,1,2337.5699673737045,2337.5699673737045,-0.0,374.01119477979273,77.607322916807,0.0,,,353.2665884410727,2337.5699673737045,2244.0671686787564,93.5027986949483,2337.5699673737045,0.0,1.0,0.0,0.0,0.15756738984758567,118.42277846035206,0.96,782.8844598842621,751.5690814888916,31.315378395370544,1.0,0.0,0.0,0.15756703110680478,118.42250884187288,0.96,782.8844598842621,751.5690814888916,31.315378395370544,1.0,0.0,0.0,0.15712882103826464,116.42130113884758,0.96,771.8010476051804,740.9290057009732,30.872041904207208,,,,753.1808370233729,2244.0671686787564,2063.767168678756,180.3000001627512,2244.0671688415077,0.0,1.0,0.0,0.0,0.38393436338958564,213.79385025349077,0.925,602,556.85,45.14999999999998,1.0,0.0,0.0,0.38393436338958564,213.79385025349077,0.925,602,556.85,45.14999999999998,1.0,0.0,0.0,0.3427224114719073,162.81616566071474,0.9134727149514312,520.0671688415076,475.0671686787564,45.000000162751235,1.0,0.0,0.0,0.34268835969616135,162.77697085567664,0.9134615384615384,520.0,475.0,45.0,1.0,,,0.101,208.44048403655438,2063.767168678756,2063.767168678756,0.0,63.97678222904144,0.0,,,273.8027988576995,0.0,117.73520350881078,4.0,1314.887909501,0.0,-0.0,0.0,133.59261160530158
124,1,125,0.1016,0.0,1314.887909501,,,,0,0.0,1,2337.5699673737045,2337.5699673737045,-0.0,374.01119477979273,77.607322916807,0.0,,,353.2665884410727,2337.5699673737045,2244.0671686787564,93.5027986949483,2337.5699673737045,0.0,1.0,0.0,0.0,0.15756738984758567,118.42277846035206,0.96,782.8844598842621,751.5690814888916,31.315378395370544,1.0,0.0,0.0,0.15756703110680478,118.42250884187288,0.96,782.8844598842621,751.5690814888916,31.315378395370544,1.0,0.0,0.0,0.15712882103826464,116.42130113884758,0.96,771.8010476051804,740.9290057009732,30.872041904207208,,,,753.1808370233729,2244.0671686787564,2063.767168678756,180.3000001627512,2244.0671688415077,0.0,1.0,0.0,0.0,0.38393436338958564,213.79385025349077,0.925,602,556.85,45.14999999999998,1.0,0.0,0.0,0.38393436338958564,213.79385025349077,0.925,602,556.85,45.14999999999998,1.0,0.0,0.0,0.3427224114719073,162.81616566071474,0.9134727149514312,520.0671688415076,475.0671686787564,45.000000162751235,1.0,0.0,0.0,0.34268835969616135,162.77697085567664,0.9134615384615384,520.0,475.0,45.0,1.0,,,0.101,208.44048403655438,2063.767168678756,2063.767168678756,0.0,63.97678222904144,0.0,,,273.8027988576995,0.0,117.73520350881078,4.0,1314.887909501,0.0,-0.0,0.0,133.59261160530158
125,1,126,0.1016,0.0,1314.8879095009997,,,,0,0.0,1,2337.5699673737045,2337.5699673737045,-0.0,374.01119477979273,77.607322916807,0.0,,,353.2665884410726,2337.5699673737045,2244.0671686787564,93.5027986949483,2337.5699673737045,0.0,1.0,0.0,0.0,0.15756738984758567,118.42277846035206,0.96,782.8844598842621,751.5690814888916,31.315378395370544,1.0,0.0,0.0,0.15756703110680478,118.42250884187288,0.96,782.8844598842621,751.5690814888916,31.315378395370544,1.0,0.0,0.0,0.15712882103826464,116.42130113884758,0.96,771.8010476051804,740.9290057009732,30.872041904207208,,,,753.1808370233729,2244.0671686787564,2063.767168678756,180.3000001627512,2244.0671688415077,0.0,1.0,0.0,0.0,0.38393436338958564,213.79385025349077,0.925,602,556.85,45.14999999999998,1.0,0.0,0.0,0.38393436338958564,213.79385025349077,0.925,602,556.85,45.14999999999998,1.0,0.0,0.0,0.3427224114719073,162.81616566071474,0.9134727149514312,520.0671688415076,475.0671686787564,45.000000162751235,1.0,0.0,0.0,0.34268835969616135,162.77697085567664,0.9134615384615384,520.0,475.0,45.0,1.0,,,0.101,208.44048403655438,2063.767168678756,2063.767168678756,0.0,63.97678222904144,0.0,,,273.8027988576995,-1.1368683772161603e-13,117.73520350881078,4.0,1314.8879095009997,0.0,-0.0,0.0,133.59261160530156
126,1,127,0.1016,0.0,1314.8879095009997,,,,0,0.0,1,2337.5699673737045,2337.5699673737045,-0.0,374.01119477979273,77.607322916807,0.0,,,353.2665884410726,2337.5699673737045,2244.0671686787564,93.5027986949483,2337.5699673737045,0.0,1.0,0.0,0.0,0.15756738984758567,118.42277846035206,0.96,782.8844598842621,751.5690814888916,31.315378395370544,1.0,0.0,0.0,0.15756703110680478,118.42250884187288,0.96,782.8844598842621,751.5690814888916,31.315378395370544,1.0,0.0,0.0,0.15712882103826464,116.42130113884758,0.96,771.8010476051804,740.9290057009732,30.872041904207208,,,,753.1808370233729,2244.0671686787564,2063.767168678756,180.3000001627512,2244.0671688415077,0.0,1.0,0.0,0.0,0.38393436338958564,213.79385025349077,0.925,602,556.85,45.14999999999998,1.0,0.0,0.0,0.38393436338958564,213.79385025349077,0.925,602,556.85,45.14999999999998,1.0,0.0,0.0,0.3427224114719073,162.81616566071474,0.9134727149514312,520.0671688415076,475.0671686787564,45.000000162751235,1.0,0.0,0.0,0.34268835969616135,162.77697085567664,0.9134615384615384,520.0,475.0,45.0,1.0,,,0.101,208.44048403655438,2063.767168678756,2063.767168678756,0.0,63.97678222904144,0.0,,,273.8027988576995,-1.1368683772161603e-13,117.73520350881078,4.0,1314.8879095009997,0.0,-0.0,0.0,133.59261160530156
127,1,128,0.1016,0.0,1314.8879095009997,,,,0,0.0,1,2337.5699673737045,2337.5699673737045,-0.0,374.01119477979273,77.607322916807,0.0,,,353.2665884410726,2337.5699673737045,2244.0671686787564,93.5027986949483,2337.5699673737045,0.0,1.0,0.0,0.0,0.15756738984758567,118.42277846035206,0.96,782.8844598842621,751.5690814888916,31.315378395370544,1.0,0.0,0.0,0.15756703110680478,118.42250884187288,0.96,782.8844598842621,751.5690814888916,31.315378395370544,1.0,0.0,0.0,0.15712882103826464,116.42130113884758,0.96,771.8010476051804,740.9290057009732,30.872041904207208,,,,753.1808370233729,2244.0671686787564,2063.767168678756,180.3000001627512,2244.0671688415077,0.0,1.0,0.0,0.0,0.38393436338958564,213.79385025349077,0.925,602,556.85,45.14999999999998,1.0,0.0,0.0,0.38393436338958564,213.79385025349077,0.925,602,556.85,45.14999999999998,1.0,0.0,0.0,0.3427224114719073,162.81616566071474,0.9134727149514312,520.0671688415076,475.0671686787564,45.000000162751235,1.0,0.0,0.0,0.34268835969616135,162.77697085567664,0.9134615384615384,520.0,475.0,45.0,1.0,,,0.101,208.44048403655438,2063.767168678756,2063.767168678756,0.0,63.97678222904144,0.0,,,273.8027988576995,-1.1368683772161603e-13,117.73520350881078,4.0,1314.8879095009997,0.0,-0.0,0.0,133.59261160530156
128,1,129,0.1016,0.0,1314.8879095009997,,,,0,0.0,1,2337.5699673737045,2337.5699673737045,-0.0,374.01119477979273,77.607322916807,0.0,,,353.2665884410726,2337.5699673737045,2244.0671686787564,93.5027986949483,2337.5699673737045,0.0,1.0,0.0,0.0,0.15756738984758567,118.42277846035206,0.96,782.8844598842621,751.5690814888916,31.315378395370544,1.0,0.0,0.0,0.15756703110680478,118.42250884187288,0.96,782.8844598842621,751.5690814888916,31.315378395370544,1.0,0.0,0.0,0.15712882103826464,116.42130113884758,0.96,771.8010476051804,740.9290057009732,30.872041904207208,,,,753.1808370233729,2244.0671686787564,2063.767168678756,180.3000001627512,2244.0671688415077,0.0,1.0,0.0,0.0,0.38393436338958564,213.79385025349077,0.925,602,556.85,45.14999999999998,1.0,0.0,0.0,0.38393436338958564,213.79385025349077,0.925,602,556.85,45.14999999999998,1.0,0.0,0.0,0.3427224114719073,162.81616566071474,0.9134727149514312,520.0671688415076,475.0671686787564,45.000000162751235,1.0,0.0,0.0,0.34268835969616135,162.77697085567664,0.9134615384615384,520.0,475.0,45.0,1.0,,,0.101,208.44048403655438,2063.767168678756,2063.767168678756,0.0,63.97678222904144,0.0,,,273.8027988576995,-1.1368683772161603e-13,117.73520350881078,4.0,1314.8879095009997,0.0,-0.0,0.0,133.59261160530156
129,1,130,0.1016,0.0,1314.887909501,,,,0,0.0,1,2337.5699673737045,2337.5699673737045,-0.0,374.01119477979273,77.607322916807,0.0,,,353.2665884410727,2337.5699673737045,2244.0671686787564,93.5027986949483,2337.5699673737045,0.0,1.0,0.0,0.0,0.15756738984758567,118.42277846035206,0.96,782.8844598842621,751.5690814888916,31.315378395370544,1.0,0.0,0.0,0.15756703110680478,118.42250884187288,0.96,782.8844598842621,751.5690814888916,31.315378395370544,1.0,0.0,0.0,0.15712882103826464,116.42130113884758,0.96,771.8010476051804,740.9290057009732,30.872041904207208,,,,753.1808370233729,2244.0671686787564,2063.767168678756,180.3000001627512,2244.0671688415077,0.0,1.0,0.0,0.0,0.38393436338958564,213.79385025349077,0.925,602,556.85,45.14999999999998,1.0,0.0,0.0,0.38393436338958564,213.79385025349077,0.925,602,556.85,45.14999999999998,1.0,0.0,0.0,0.3427224114719073,162.81616566071474,0.9134727149514312,520.0671688415076,475.0671686787564,45.000000162751235,1.0,0.0,0.0,0.34268835969616135,162.77697085567664,0.9134615384615384,520.0,475.0,45.0,1.0,,,0.101,208.44048403655438,2063.767168678756,2063.767168678756,0.0,63.97678222904144,0.0,,,273.8027988576995,0.0,117.73520350881078,4.0,1314.887909501,0.0,-0.0,0.0,133.59261160530158
130,1,131,0.1016,0.0,1314.887909501,,,,0,0.0,1,2337.5699673737045,2337.5699673737045,-0.0,374.01119477979273,77.607322916807,0.0,,,353.2665884410727,2337.5699673737045,2244.0671686787564,93.5027986949483,2337.5699673737045,0.0,1.0,0.0,0.0,0.15756738984758567,118.42277846035206,0.96,782.8844598842621,751.5690814888916,31.315378395370544,1.0,0.0,0.0,0.15756703110680478,118.42250884187288,0.96,782.8844598842621,751.5690814888916,31.315378395370544,1.0,0.0,0.0,0.15712882103826464,116.42130113884758,0.96,771.8010476051804,740.9290057009732,30.872041904207208,,,,753.1808370233729,2244.0671686787564,2063.767168678756,180.3000001627512,2244.0671688415077,0.0,1.0,0.0,0.0,0.38393436338958564,213.79385025349077,0.925,602,556.85,45.14999999999998,1.0,0.0,0.0,0.38393436338958564,213.79385025349077,0.925,602,556.85,45.14999999999998,1.0,0.0,0.0,0.3427224114719073,162.81616566071474,0.9134727149514312,520.0671688415076,475.0671686787564,45.000000162751235,1.0,0.0,0.0,0.34268835969616135,162.77697085567664,0.9134615384615384,520.0,475.0,45.0,1.0,,,0.101,208.44048403655438,2063.767168678756,2063.767168678756,0.0,63.97678222904144,0.0,,,273.8027988576995,0.0,117.73520350881078,4.0,1314.887909501,0.0,-0.0,0.0,133.59261160530158
131,1,132,0.1016,0.0,1314.887909501,,,,0,0.0,1,2337.5699673737045,2337.5699673737045,-0.0,374.01119477979273,77.607322916807,0.0,,,353.2665884410727,2337.5699673737045,2244.0671686787564,93.5027986949483,2337.5699673737045,0.0,1.0,0.0,0.0,0.15756738984758567,118.42277846035206,0.96,782.8844598842621,751.5690814888916,31.315378395370544,1.0,0.0,0.0,0.15756703110680478,118.42250884187288,0.96,782.8844598842621,751.5690814888916,31.315378395370544,1.0,0.0,0.0,0.15712882103826464,116.42130113884758,0.96,771.8010476051804,740.9290057009732,30.872041904207208,,,,753.1808370233729,2244.0671686787564,2063.767168678756,180.3000001627512,2244.0671688415077,0.0,1.0,0.0,0.0,0.38393436338958564,213.79385025349077,0.925,602,556.85,45.14999999999998,1.0,0.0,0.0,0.38393436338958564,213.79385025349077,0.925,602,556.85,45.14999999999998,1.0,0.0,0.0,0.3427224114719073,162.81616566071474,0.9134727149514312,520.0671688415076,475.0671686787564,45.000000162751235,1.0,0.0,0.0,0.34268835969616135,162.77697085567664,0.9134615384615384,520.0,475.0,45.0,1.0,,,0.101,208.44048403655438,2063.767168678756,2063.767168678756,0.0,63.97678222904144,0.0,,,273.8027988576995,0.0,117.73520350881078,4.0,1314.887909501,0.0,-0.0,0.0,133.59261160530158
132,1,133,0.1016,0.0,1314.887909501,,,,0,0.0,1,2337.5699673737045,2337.5699673737045,-0.0,374.01119477979273,77.607322916807,0.0,,,353.2665884410727,2337.5699673737045,2244.0671686787564,93.5027986949483,2337.5699673737045,0.0,1.0,0.0,0.0,0.15756738984758567,118.42277846035206,0.96,782.8844598842621,751.5690814888916,31.315378395370544,1.0,0.0,0.0,0.15756703110680478,118.42250884187288,0.96,782.8844598842621,751.5690814888916,31.315378395370544,1.0,0.0,0.0,0.15712882103826464,116.42130113884758,0.96,771.8010476051804,740.9290057009732,30.872041904207208,,,,753.1808370233729,2244.0671686787564,2063.767168678756,180.3000001627512,2244.0671688415077,0.0,1.0,0.0,0.0,0.38393436338958564,213.79385025349077,0.925,602,556.85,45.14999999999998,1.0,0.0,0.0,0.38393436338958564,213.79385025349077,0.925,602,556.85,45.14999999999998,1.0,0.0,0.0,0.3427224114719073,162.81616566071474,0.9134727149514312,520.0671688415076,475.0671686787564,45.000000162751235,1.0,0.0,0.0,0.34268835969616135,162.77697085567664,0.9134615384615384,520.0,475.0,45.0,1.0,,,0.101,208.44048403655438,2063.767168678756,2063.767168678756,0.0,63.97678222904144,0.0,,,273.8027988576995,0.0,117.73520350881078,4.0,1314.887909501,0.0,-0.0,0.0,133.59261160530158
133,1,134,0.1016,0.0,1097.8549150140439,,,,0,0.0,1,1880.2868613569904,1880.2868613569904,-0.0,300.84589781711844,62.42552379705208,0.0,,,288.4099965027217,1880.2868613569904,1805.0753869027105,75.21147445427965,1880.2868613569904,0.0,1.0,0.0,0.0,0.15756738984758567,118.42277846035206,0.96,782.8844598842621,751.5690814888916,31.315378395370544,1.0,0.0,0.0,0.15703808203175934,93.44168090757785,0.96,619.818346094178,595.0256122504109,24.79273384376711,1.0,0.0,0.0,0.1669547666372725,76.54553713479174,0.96,477.5840553785502,458.4806931634082,19.103362215142,,,,640.8057504899363,1805.0753869027105,1669.6947328850074,135.38065401770325,1805.0753869027108,-2.2737367544323206e-13,1.0,0.0,0.0,0.38393436338958564,213.79385025349077,0.925,602,556.85,45.14999999999998,1.0,0.0,0.0,0.38393436338958564,213.79385025349077,0.925,602,556.85,45.14999999999998,1.0,0.0,0.0,0.3834893342902461,213.21804998295468,0.925,601.0753869027106,555.9947328850074,45.080654017703296,0.0,0.0,1.0,0.08724817754776787,0.0,0.8800000000000001,0.0,0.0,0.0,1.0,,,0.101,168.63916802138576,1669.6947328850074,1669.6947328850074,0.0,51.76053671943523,0.0,,,210.59212847198268,1.4210854715202004e-13,90.55461524295255,3.0,1097.8549150140439,0.0,-0.0,0.0,111.54205936542685
134,1,135,0.1016,0.0,1097.8549150140439,,,,0,0.0,1,1880.2868613569904,1880.2868613569904,-0.0,300.84589781711844,62.42552379705208,0.0,,,288.4099965027217,1880.2868613569904,1805.0753869027105,75.21147445427965,1880.2868613569904,0.0,1.0,0.0,0.0,0.15756738984758567,118.42277846035206,0.96,782.8844598842621,751.5690814888916,31.315378395370544,1.0,0.0,0.0,0.15703808203175934,93.44168090757785,0.96,619.818346094178,595.0256122504109,24.79273384376711,1.0,0.0,0.0,0.1669547666372725,76.54553713479174,0.96,477.5840553785502,458.4806931634082,19.103362215142,,,,640.8057504899363,1805.0753869027105,1669.6947328850074,135.38065401770325,1805.0753869027108,-2.2737367544323206e-13,1.0,0.0,0.0,0.38393436338958564,213.79385025349077,0.925,602,556.85,45.14999999999998,1.0,0.0,0.0,0.38393436338958564,213.79385025349077,0.925,602,556.85,45.14999999999998,1.0,0.0,0.0,0.3834893342902461,213.21804998295468,0.925,601.0753869027106,555.9947328850074,45.080654017703296,0.0,0.0,0.0,0.08724817754776787,0.0,0.8800000000000001,0.0,0.0,0.0,1.0,,,0.101,168.63916802138576,1669.6947328850074,1669.6947328850074,0.0,51.76053671943523,0.0,,,210.59212847198268,1.4210854715202004e-13,90.55461524295255,3.0,1097.8549150140439,0.0,-0.0,0.0,111.54205936542685
135,1,136,0.1016,0.0,1092.5165491912908,,,,0,0.0,1,1880.2868613569901,1880.2868613569901,-0.0,300.84589781711844,62.42552379705207,0.0,,,283.07163067996885,1880.2868613569901,1805.0753869027105,75.2114744542796,1880.2868613569901,0.0,1.0,0.0,0.0,0.1563975445926606,96.18826886481315,0.96,640.6501691686343,615.0241624018889,25.626006766745377,1.0,0.0,0.0,0.15703808203175934,93.44168090757785,0.96,619.818346094178,595.0256122504109,24.79273384376711,1.0,0.0,0.0,0.15703808203175934,93.44168090757785,0.96,619.818346094178,595.0256122504109,24.79273384376711,,,,640.8057504899363,1805.0753869027105,1669.6947328850074,135.38065401770325,1805.0753869027108,-2.2737367544323206e-13,1.0,0.0,0.0,0.38393436338958564,213.79385025349077,0.925,602,556.85,45.14999999999998,1.0,0.0,0.0,0.38393436338958564,213.79385025349077,0.925,602,556.85,45.14999999999998,1.0,0.0,0.0,0.3834893342902461,213.21804998295468,0.925,601.0753869027106,555.9947328850074,45.080654017703296,0.0,0.0,0.0,0.08724817754776787,0.0,0.8800000000000001,0.0,0.0,0.0,1.0,,,0.101,168.63916802138576,1669.6947328850074,1669.6947328850074,0.0,51.76053671943523,0.0,,,210.59212847198262,-8.526512829121202e-14,90.55461524295252,3.0,1092.5165491912908,0.0,-0.0,0.0,110.99968139783513
136,1,137,0.1016,0.0,1092.5165491912908,,,,0,0.0,1,1880.2868613569901,1880.2868613569901,-0.0,300.84589781711844,62.42552379705207,0.0,,,283.07163067996885,1880.2868613569901,1805.0753869027105,75.2114744542796,1880.2868613569901,0.0,1.0,0.0,0.0,0.1563975445926606,96.18826886481315,0.96,640.6501691686343,615.0241624018889,25.626006766745377,1.0,0.0,0.0,0.15703808203175934,93.44168090757785,0.96,619.818346094178,595.0256122504109,24.79273384376711,1.0,0.0,0.0,0.15703808203175934,93.44168090757785,0.96,619.818346094178,595.0256122504109,24.79273384376711,,,,640.8057504899363,1805.0753869027105,1669.6947328850074,135.38065401770325,1805.0753869027108,-2.2737367544323206e-13,1.0,0.0,0.0,0.38393436338958564,213.79385025349077,0.925,602,556.85,45.14999999999998,1.0,0.0,0.0,0.38393436338958564,213.79385025349077,0.925,602,556.85,45.14999999999998,1.0,0.0,0.0,0.3834893342902461,213.21804998295468,0.925,601.0753869027106,555.9947328850074,45.080654017703296,0.0,0.0,0.0,0.08724817754776787,0.0,0.8800000000000001,0.0,0.0,0.0,1.0,,,0.101,168.63916802138576,1669.6947328850074,1669.6947328850074,0.0,51.76053671943523,0.0,,,210.59212847198262,-8.526512829121202e-14,90.55461524295252,3.0,1092.5165491912908,0.0,-0.0,0.0,110.99968139783513
137,1,138,0.13994,0.0,1092.5165491912912,,,,0,0.0,1,1880.2868613569901,1880.2868613569901,-0.0,300.84589781711844,62.42552379705207,0.0,,,283.0716306799691,1880.2868613569901,1805.0753869027105,75.2114744542796,1880.2868613569901,0.0,1.0,0.0,0.0,0.1563975445926606,96.18826886481315,0.96,640.6501691686343,615.0241624018889,25.626006766745377,1.0,0.0,0.0,0.15703808203175934,93.44168090757785,0.96,619.818346094178,595.0256122504109,24.79273384376711,1.0,0.0,0.0,0.15703808203175934,93.44168090757785,0.96,619.818346094178,595.0256122504109,24.79273384376711,,,,640.8057504899363,1805.0753869027105,1669.6947328850074,135.38065401770325,1805.0753869027108,-2.2737367544323206e-13,1.0,0.0,0.0,0.38393436338958564,213.79385025349077,0.925,602,556.85,45.14999999999998,1.0,0.0,0.0,0.38393436338958564,213.79385025349077,0.925,602,556.85,45.14999999999998,1.0,0.0,0.0,0.3834893342902461,213.21804998295468,0.925,601.0753869027106,555.9947328850074,45.080654017703296,0.0,0.0,0.0,0.08724817754776787,0.0,0.8800000000000001,0.0,0.0,0.0,1.0,,,0.101,168.63916802138576,1669.6947328850074,1669.6947328850074,0.0,51.76053671943523,0.0,,,210.59212847198262,1.4210854715202004e-13,90.55461524295252,3.0,1092.5165491912912,0.0,-0.0,0.0,152.8867658938293
138,1,139,0.13994,0.0,1092.5165491912908,,,,0,0.0,1,1880.2868613569901,1880.2868613569901,-0.0,300.84589781711844,62.42552379705207,0.0,,,283.07163067996885,1880.2868613569901,1805.0753869027105,75.2114744542796,1880.2868613569901,0.0,1.0,0.0,0.0,0.1563975445926606,96.18826886481315,0.96,640.6501691686343,615.0241624018889,25.626006766745377,1.0,0.0,0.0,0.15703808203175934,93.44168090757785,0.96,619.818346094178,595.0256122504109,24.79273384376711,1.0,0.0,0.0,0.15703808203175934,93.44168090757785,0.96,619.818346094178,595.0256122504109,24.79273384376711,,,,640.8057504899363,1805.0753869027105,1669.6947328850074,135.38065401770325,1805.0753869027108,-2.2737367544323206e-13,1.0,0.0,0.0,0.38393436338958564,213.79385025349077,0.925,602,556.85,45.14999999999998,1.0,0.0,0.0,0.38393436338958564,213.79385025349077,0.925,602,556.85,45.14999999999998,1.0,0.0,0.0,0.3834893342902461,213.21804998295468,0.925,601.0753869027106,555.9947328850074,45.080654017703296,0.0,0.0,0.0,0.08724817754776787,0.0,0.8800000000000001,0.0,0.0,0.0,1.0,,,0.101,168.63916802138576,1669.6947328850074,1669.6947328850074,0.0,51.76053671943523,0.0,,,210.59212847198262,-8.526512829121202e-14,90.55461524295252,3.0,1092.5165491912908,0.0,-0.0,0.0,152.88676589382925
139,1,140,0.13994,0.0,1092.5165491912912,,,,0,0.0,1,1880.2868613569901,1880.2868613569901,-0.0,300.84589781711844,62.42552379705207,0.0,,,283.0716306799691,1880.2868613569901,1805.0753869027105,75.2114744542796,1880.2868613569901,0.0,1.0,0.0,0.0,0.1563975445926606,96.18826886481315,0.96,640.6501691686343,615.0241624018889,25.626006766745377,1.0,0.0,0.0,0.15703808203175934,93.44168090757785,0.96,619.818346094178,595.0256122504109,24.79273384376711,1.0,0.0,0.0,0.15703808203175934,93.44168090757785,0.96,619.818346094178,595.0256122504109,24.79273384376711,,,,640.8057504899363,1805.0753869027105,1669.6947328850074,135.38065401770325,1805.0753869027108,-2.2737367544323206e-13,1.0,0.0,0.0,0.38393436338958564,213.79385025349077,0.925,602,556.85,45.14999999999998,1.0,0.0,0.0,0.38393436338958564,213.79385025349077,0.925,602,556.85,45.14999999999998,1.0,0.0,0.0,0.3834893342902461,213.21804998295468,0.925,601.0753869027106,555.9947328850074,45.080654017703296,0.0,0.0,0.0,0.08724817754776787,0.0,0.8800000000000001,0.0,0.0,0.0,1.0,,,0.101,168.63916802138576,1669.6947328850074,1669.6947328850074,0.0,51.76053671943523,0.0,,,210.59212847198262,1.4210854715202004e-13,90.55461524295252,3.0,1092.5165491912912,0.0,-0.0,0.0,152.8867658938293
140,1,141,0.13994,0.0,1092.5165491912908,,,,0,0.0,1,1880.2868613569901,1880.2868613569901,-0.0,300.84589781711844,62.42552379705207,0.0,,,283.07163067996885,1880.2868613569901,1805.0753869027105,75.2114744542796,1880.2868613569901,0.0,1.0,0.0,0.0,0.1563975445926606,96.18826886481315,0.96,640.6501691686343,615.0241624018889,25.626006766745377,1.0,0.0,0.0,0.15703808203175934,93.44168090757785,0.96,619.818346094178,595.0256122504109,24.79273384376711,1.0,0.0,0.0,0.15703808203175934,93.44168090757785,0.96,619.818346094178,595.0256122504109,24.79273384376711,,,,640.8057504899363,1805.0753869027105,1669.6947328850074,135.38065401770325,1805.0753869027108,-2.2737367544323206e-13,1.0,0.0,0.0,0.38393436338958564,213.79385025349077,0.925,602,556.85,45.14999999999998,1.0,0.0,0.0,0.38393436338958564,213.79385025349077,0.925,602,556.85,45.14999999999998,1.0,0.0,0.0,0.3834893342902461,213.21804998295468,0.925,601.0753869027106,555.9947328850074,45.080654017703296,0.0,0.0,0.0,0.08724817754776787,0.0,0.8800000000000001,0.0,0.0,0.0,1.0,,,0.101,168.63916802138576,1669.6947328850074,1669.6947328850074,0.0,51.76053671943523,0.0,,,210.59212847198262,-8.526512829121202e-14,90.55461524295252,3.0,1092.5165491912908,0.0,-0.0,0.0,152.88676589382925
141,1,142,0.13994,0.0,1092.5165491912908,,,,0,0.0,1,1880.2868613569901,1880.2868613569901,-0.0,300.84589781711844,62.42552379705207,0.0,,,283.07163067996885,1880.2868613569901,1805.0753869027105,75.2114744542796,1880.2868613569901,0.0,1.0,0.0,0.0,0.1563975445926606,96.18826886481315,0.96,640.6501691686343,615.0241624018889,25.626006766745377,1.0,0.0,0.0,0.15703808203175934,93.44168090757785,0.96,619.818346094178,595.0256122504109,24.79273384376711,1.0,0.0,0.0,0.15703808203175934,93.44168090757785,0.96,619.818346094178,595.0256122504109,24.79273384376711,,,,640.8057504899363,1805.0753869027105,1669.6947328850074,135.38065401770325,1805.0753869027108,-2.2737367544323206e-13,1.0,0.0,0.0,0.38393436338958564,213.79385025349077,0.925,602,556.85,45.14999999999998,1.0,0.0,0.0,0.38393436338958564,213.79385025349077,0.925,602,556.85,45.14999999999998,1.0,0.0,0.0,0.3834893342902461,213.21804998295468,0.925,601.0753869027106,555.9947328850074,45.080654017703296,0.0,0.0,0.0,0.08724817754776787,0.0,0.8800000000000001,0.0,0.0,0.0,1.0,,,0.101,168.63916802138576,1669.6947328850074,1669.6947328850074,0.0,51.76053671943523,0.0,,,210.59212847198262,-8.526512829121202e-14,90.55461524295252,3.0,1092.5165491912908,0.0,-0.0,0.0,152.88676589382925
142,1,143,0.1016,0.0,1092.5165491912912,,,,0,0.0,1,1880.2868613569901,1880.2868613569901,-0.0,300.84589781711844,62.42552379705207,0.0,,,283.0716306799691,1880.2868613569901,1805.0753869027105,75.2114744542796,1880.2868613569901,0.0,1.0,0.0,0.0,0.1563975445926606,96.18826886481315,0.96,640.6501691686343,615.0241624018889,25.626006766745377,1.0,0.0,0.0,0.15703808203175934,93.44168090757785,0.96,619.818346094178,595.0256122504109,24.79273384376711,1.0,0.0,0.0,0.15703808203175934,93.44168090757785,0.96,619.818346094178,595.0256122504109,24.79273384376711,,,,640.8057504899363,1805.0753869027105,1669.6947328850074,135.38065401770325,1805.0753869027108,-2.2737367544323206e-13,1.0,0.0,0.0,0.38393436338958564,213.79385025349077,0.925,602,556.85,45.14999999999998,1.0,0.0,0.0,0.38393436338958564,213.79385025349077,0.925,602,556.85,45.14999999999998,1.0,0.0,0.0,0.3834893342902461,213.21804998295468,0.925,601.0753869027106,555.9947328850074,45.080654017703296,0.0,0.0,0.0,0.08724817754776787,0.0,0.8800000000000001,0.0,0.0,0.0,1.0,,,0.101,168.63916802138576,1669.6947328850074,1669.6947328850074,0.0,51.76053671943523,0.0,,,210.59212847198262,1.4210854715202004e-13,90.55461524295252,3.0,1092.5165491912912,0.0,-0.0,0.0,110.99968139783519
143,1,144,0.1016,0.0,1092.5165491912908,,,,0,0.0,1,1880.2868613569901,1880.2868613569901,-0.0,300.84589781711844,62.42552379705207,0.0,,,283.07163067996885,1880.2868613569901,1805.0753869027105,75.2114744542796,1880.2868613569901,0.0,1.0,0.0,0.0,0.1563975445926606,96.18826886481315,0.96,640.6501691686343,615.0241624018889,25.626006766745377,1.0,0.0,0.0,0.15703808203175934,93.44168090757785,0.96,619.818346094178,595.0256122504109,24.79273384376711,1.0,0.0,0.0,0.15703808203175934,93.44168090757785,0.96,619.818346094178,595.0256122504109,24.79273384376711,,,,640.8057504899363,1805.0753869027105,1669.6947328850074,135.38065401770325,1805.0753869027108,-2.2737367544323206e-13,1.0,0.0,0.0,0.38393436338958564,213.79385025349077,0.925,602,556.85,45.14999999999998,1.0,0.0,0.0,0.38393436338958564,213.79385025349077,0.925,602,556.85,45.14999999999998,1.0,0.0,0.0,0.3834893342902461,213.21804998295468,0.925,601.0753869027106,555.9947328850074,45.080654017703296,0.0,0.0,0.0,0.08724817754776787,0.0,0.8800000000000001,0.0,0.0,0.0,1.0,,,0.101,168.63916802138576,1669.6947328850074,1669.6947328850074,0.0,51.76053671943523,0.0,,,210.59212847198262,-8.526512829121202e-14,90.55461524295252,3.0,1092.5165491912908,0.0,-0.0,0.0,110.99968139783513
144,1,145,0.1016,0.0,1092.5165491912908,,,,0,0.0,1,1880.2868613569901,1880.2868613569901,-0.0,300.84589781711844,62.42552379705207,0.0,,,283.07163067996885,1880.2868613569901,1805.0753869027105,75.2114744542796,1880.2868613569901,0.0,1.0,0.0,0.0,0.1563975445926606,96.18826886481315,0.96,640.6501691686343,615.0241624018889,25.626006766745377,1.0,0.0,0.0,0.15703808203175934,93.44168090757785,0.96,619.818346094178,595.0256122504109,24.79273384376711,1.0,0.0,0.0,0.15703808203175934,93.44168090757785,0.96,619.818346094178,595.0256122504109,24.79273384376711,,,,640.8057504899363,1805.0753869027105,1669.6947328850074,135.38065401770325,1805.0753869027108,-2.2737367544323206e-13,1.0,0.0,0.0,0.38393436338958564,213.79385025349077,0.925,602,556.85,45.14999999999998,1.0,0.0,0.0,0.38393436338958564,213.79385025349077,0.925,602,556.85,45.14999999999998,1.0,0.0,0.0,0.3834893342902461,213.21804998295468,0.925,601.0753869027106,555.9947328850074,45.080654017703296,0.0,0.0,0.0,0.08724817754776787,0.0,0.8800000000000001,0.0,0.0,0.0,1.0,,,0.101,168.63916802138576,1669.6947328850074,1669.6947328850074,0.0,51.76053671943523,0.0,,,210.59212847198262,-8.526512829121202e-14,90.55461524295252,3.0,1092.5165491912908,0.0,-0.0,0.0,110.99968139783513
145,1,146,0.1016,0.0,1092.5165491912912,,,,0,0.0,1,1880.2868613569901,1880.2868613569901,-0.0,300.84589781711844,62.42552379705207,0.0,,,283.0716306799691,1880.2868613569901,1805.0753869027105,75.2114744542796,1880.2868613569901,0.0,1.0,0.0,0.0,0.1563975445926606,96.18826886481315,0.96,640.6501691686343,615.0241624018889,25.626006766745377,1.0,0.0,0.0,0.15703808203175934,93.44168090757785,0.96,619.818346094178,595.0256122504109,24.79273384376711,1.0,0.0,0.0,0.15703808203175934,93.44168090757785,0.96,619.818346094178,595.0256122504109,24.79273384376711,,,,640.8057504899363,1805.0753869027105,1669.6947328850074,135.38065401770325,1805.0753869027108,-2.2737367544323206e-13,1.0,0.0,0.0,0.38393436338958564,213.79385025349077,0.925,602,556.85,45.14999999999998,1.0,0.0,0.0,0.38393436338958564,213.79385025349077,0.925,602,556.85,45.14999999999998,1.0,0.0,0.0,0.3834893342902461,213.21804998295468,0.925,601.0753869027106,555.9947328850074,45.080654017703296,0.0,0.0,0.0,0.08724817754776787,0.0,0.8800000000000001,0.0,0.0,0.0,1.0,,,0.101,168.63916802138576,1669.6947328850074,1669.6947328850074,0.0,51.76053671943523,0.0,,,210.59212847198262,1.4210854715202004e-13,90.55461524295252,3.0,1092.5165491912912,0.0,-0.0,0.0,110.99968139783519
146,1,147,0.1016,0.0,1092.5165491912912,,,,0,0.0,1,1880.2868613569901,1880.2868613569901,-0.0,300.84589781711844,62.42552379705207,0.0,,,283.0716306799691,1880.2868613569901,1805.0753869027105,75.2114744542796,1880.2868613569901,0.0,1.0,0.0,0.0,0.1563975445926606,96.18826886481315,0.96,640.6501691686343,615.0241624018889,25.626006766745377,1.0,0.0,0.0,0.15703808203175934,93.44168090757785,0.96,619.818346094178,595.0256122504109,24.79273384376711,1.0,0.0,0.0,0.15703808203175934,93.44168090757785,0.96,619.818346094178,595.0256122504109,24.79273384376711,,,,640.8057504899363,1805.0753869027105,1669.6947328850074,135.38065401770325,1805.0753869027108,-2.2737367544323206e-13,1.0,0.0,0.0,0.38393436338958564,213.79385025349077,0.925,602,556.85,45.14999999999998,1.0,0.0,0.0,0.38393436338958564,213.79385025349077,0.925,602,556.85,45.14999999999998,1.0,0.0,0.0,0.3834893342902461,213.21804998295468,0.925,601.0753869027106,555.9947328850074,45.080654017703296,0.0,0.0,0.0,0.08724817754776784,0.0,0.88,0.0,0.0,0.0,1.0,,,0.101,168.63916802138576,1669.6947328850074,1669.6947328850074,0.0,51.76053671943523,0.0,,,210.59212847198262,1.4210854715202004e-13,90.55461524295252,3.0,1092.5165491912912,0.0,-0.0,0.0,110.99968139783519
147,1,148,0.1016,0.0,1092.5165491912908,,,,0,0.0,1,1880.2868613569901,1880.2868613569901,-0.0,300.84589781711844,62.42552379705207,0.0,,,283.07163067996885,1880.2868613569901,1805.0753869027105,75.2114744542796,1880.2868613569901,0.0,1.0,0.0,0.0,0.1563975445926606,96.18826886481315,0.96,640.6501691686343,615.0241624018889,25.626006766745377,1.0,0.0,0.0,0.15703808203175934,93.44168090757785,0.96,619.818346094178,595.0256122504109,24.79273384376711,1.0,0.0,0.0,0.15703808203175934,93.44168090757785,0.96,619.818346094178,595.0256122504109,24.79273384376711,,,,640.8057504899363,1805.0753869027105,1669.6947328850074,135.38065401770325,1805.0753869027108,-2.2737367544323206e-13,1.0,0.0,0.0,0.38393436338958564,213.79385025349077,0.925,602,556.85,45.14999999999998,1.0,0.0,0.0,0.38393436338958564,213.79385025349077,0.925,602,556.85,45.14999999999998,1.0,0.0,0.0,0.3834893342902461,213.21804998295468,0.925,601.0753869027106,555.9947328850074,45.080654017703296,0.0,0.0,0.0,0.08724817754776787,0.0,0.8800000000000001,0.0,0.0,0.0,1.0,,,0.101,168.63916802138576,1669.6947328850074,1669.6947328850074,0.0,51.76053671943523,0.0,,,210.59212847198262,-8.526512829121202e-14,90.55461524295252,3.0,1092.5165491912908,0.0,-0.0,0.0,110.99968139783513
148,1,149,0.1016,0.0,1092.5165491912908,,,,0,0.0,1,1880.2868613569901,1880.2868613569901,-0.0,300.84589781711844,62.42552379705207,0.0,,,283.07163067996885,1880.2868613569901,1805.0753869027105,75.2114744542796,1880.2868613569901,0.0,1.0,0.0,0.0,0.1563975445926606,96.18826886481315,0.96,640.6501691686343,615.0241624018889,25.626006766745377,1.0,0.0,0.0,0.15703808203175934,93.44168090757785,0.96,619.818346094178,595.0256122504109,24.79273384376711,1.0,0.0,0.0,0.15703808203175934,93.44168090757785,0.96,619.818346094178,595.0256122504109,24.79273384376711,,,,640.8057504899363,1805.0753869027105,1669.6947328850074,135.38065401770325,1805.0753869027108,-2.2737367544323206e-13,1.0,0.0,0.0,0.38393436338958564,213.79385025349077,0.925,602,556.85,45.14999999999998,1.0,0.0,0.0,0.38393436338958564,213.79385025349077,0.925,602,556.85,45.14999999999998,1.0,0.0,0.0,0.3834893342902461,213.21804998295468,0.925,601.0753869027106,555.9947328850074,45.080654017703296,0.0,0.0,0.0,0.08724817754776787,0.0,0.8800000000000001,0.0,0.0,0.0,1.0,,,0.101,168.63916802138576,1669.6947328850074,1669.6947328850074,0.0,51.76053671943523,0.0,,,210.59212847198262,-8.526512829121202e-14,90.55461524295252,3.0,1092.5165491912908,0.0,-0.0,0.0,110.99968139783513
149,1,150,0.1016,0.0,1092.5165491912908,,,,0,0.0,1,1880.2868613569901,1880.2868613569901,-0.0,300.84589781711844,62.42552379705207,0.0,,,283.07163067996885,1880.2868613569901,1805.0753869027105,75.2114744542796,1880.2868613569901,0.0,1.0,0.0,0.0,0.1563975445926606,96.18826886481315,0.96,640.6501691686343,615.0241624018889,25.626006766745377,1.0,0.0,0.0,0.15703808203175934,93.44168090757785,0.96,619.818346094178,595.0256122504109,24.79273384376711,1.0,0.0,0.0,0.15703808203175934,93.44168090757785,0.96,619.818346094178,595.0256122504109,24.79273384376711,,,,640.8057504899363,1805.0753869027105,1669.6947328850074,135.38065401770325,1805.0753869027108,-2.2737367544323206e-13,1.0,0.0,0.0,0.38393436338958564,213.79385025349077,0.925,602,556.85,45.14999999999998,1.0,0.0,0.0,0.38393436338958564,213.79385025349077,0.925,602,556.85,45.14999999999998,1.0,0.0,0.0,0.3834893342902461,213.21804998295468,0.925,601.0753869027106,555.9947328850074,45.080654017703296,0.0,0.0,0.0,0.08724817754776787,0.0,0.8800000000000001,0.0,0.0,0.0,1.0,,,0.101,168.63916802138576,1669.6947328850074,1669.6947328850074,0.0,51.76053671943523,0.0,,,210.59212847198262,-8.526512829121202e-14,90.55461524295252,3.0,1092.5165491912908,0.0,-0.0,0.0,110.99968139783513
150,1,151,0.1016,0.0,1092.5165491912912,,,,0,0.0,1,1880.2868613569901,1880.2868613569901,-0.0,300.84589781711844,62.42552379705207,0.0,,,283.0716306799691,1880.2868613569901,1805.0753869027105,75.2114744542796,1880.2868613569901,0.0,1.0,0.0,0.0,0.1563975445926606,96.18826886481315,0.96,640.6501691686343,615.0241624018889,25.626006766745377,1.0,0.0,0.0,0.15703808203175934,93.44168090757785,0.96,619.818346094178,595.0256122504109,24.79273384376711,1.0,0.0,0.0,0.15703808203175934,93.44168090757785,0.96,619.818346094178,595.0256122504109,24.79273384376711,,,,640.8057504899363,1805.0753869027105,1669.6947328850074,135.38065401770325,1805.0753869027108,-2.2737367544323206e-13,1.0,0.0,0.0,0.38393436338958564,213.79385025349077,0.925,602,556.85,45.14999999999998,1.0,0.0,0.0,0.38393436338958564,213.79385025349077,0.925,602,556.85,45.14999999999998,1.0,0.0,0.0,0.3834893342902461,213.21804998295468,0.925,601.0753869027106,555.9947328850074,45.080654017703296,0.0,0.0,0.0,0.08724817754776787,0.0,0.8800000000000001,0.0,0.0,0.0,1.0,,,0.101,168.63916802138576,1669.6947328850074,1669.6947328850074,0.0,51.76053671943523,0.0,,,210.59212847198262,1.4210854715202004e-13,90.55461524295252,3.0,1092.5165491912912,0.0,-0.0,0.0,110.99968139783519
151,1,152,0.1016,0.0,1092.5165491912908,,,,0,0.0,1,1880.2868613569901,1880.2868613569901,-0.0,300.84589781711844,62.42552379705207,0.0,,,283.07163067996885,1880.2868613569901,1805.0753869027105,75.2114744542796,1880.2868613569901,0.0,1.0,0.0,0.0,0.1563975445926606,96.18826886481315,0.96,640.6501691686343,615.0241624018889,25.626006766745377,1.0,0.0,0.0,0.15703808203175934,93.44168090757785,0.96,619.818346094178,595.0256122504109,24.79273384376711,1.0,0.0,0.0,0.15703808203175934,93.44168090757785,0.96,619.818346094178,595.0256122504109,24.79273384376711,,,,640.8057504899363,1805.0753869027105,1669.6947328850074,135.38065401770325,1805.0753869027108,-2.2737367544323206e-13,1.0,0.0,0.0,0.38393436338958564,213.79385025349077,0.925,602,556.85,45.14999999999998,1.0,0.0,0.0,0.38393436338958564,213.79385025349077,0.925,602,556.85,45.14999999999998,1.0,0.0,0.0,0.3834893342902461,213.21804998295468,0.925,601.0753869027106,555.9947328850074,45.080654017703296,0.0,0.0,0.0,0.08724817754776787,0.0,0.8800000000000001,0.0,0.0,0.0,1.0,,,0.101,168.63916802138576,1669.6947328850074,1669.6947328850074,0.0,51.76053671943523,0.0,,,210.59212847198262,-8.526512829121202e-14,90.55461524295252,3.0,1092.5165491912908,0.0,-0.0,0.0,110.99968139783513
152,1,153,0.1016,0.0,1092.5165491912908,,,,0,0.0,1,1880.2868613569901,1880.2868613569901,-0.0,300.84589781711844,62.42552379705207,0.0,,,283.07163067996885,1880.2868613569901,1805.0753869027105,75.2114744542796,1880.2868613569901,0.0,1.0,0.0,0.0,0.1563975445926606,96.18826886481315,0.96,640.6501691686343,615.0241624018889,25.626006766745377,1.0,0.0,0.0,0.15703808203175934,93.44168090757785,0.96,619.818346094178,595.0256122504109,24.79273384376711,1.0,0.0,0.0,0.15703808203175934,93.44168090757785,0.96,619.818346094178,595.0256122504109,24.79273384376711,,,,640.8057504899363,1805.0753869027105,1669.6947328850074,135.38065401770325,1805.0753869027108,-2.2737367544323206e-13,1.0,0.0,0.0,0.38393436338958564,213.79385025349077,0.925,602,556.85,45.14999999999998,1.0,0.0,0.0,0.38393436338958564,213.79385025349077,0.925,602,556.85,45.14999999999998,1.0,0.0,0.0,0.3834893342902461,213.21804998295468,0.925,601.0753869027106,555.9947328850074,45.080654017703296,0.0,0.0,0.0,0.08724817754776787,0.0,0.8800000000000001,0.0,0.0,0.0,1.0,,,0.101,168.63916802138576,1669.6947328850074,1669.6947328850074,0.0,51.76053671943523,0.0,,,210.59212847198262,-8.526512829121202e-14,90.55461524295252,3.0,1092.5165491912908,0.0,-0.0,0.0,110.99968139783513
153,1,154,0.1016,0.0,1092.5165491912908,,,,0,0.0,1,1880.2868613569901,1880.2868613569901,-0.0,300.84589781711844,62.42552379705207,0.0,,,283.07163067996885,1880.2868613569901,1805.0753869027105,75.2114744542796,1880.2868613569901,0.0,1.0,0.0,0.0,0.1563975445926606,96.18826886481315,0.96,640.6501691686343,615.0241624018889,25.626006766745377,1.0,0.0,0.0,0.15703808203175934,93.44168090757785,0.96,619.818346094178,595.0256122504109,24.79273384376711,1.0,0.0,0.0,0.15703808203175934,93.44168090757785,0.96,619.818346094178,595.0256122504109,24.79273384376711,,,,640.8057504899363,1805.0753869027105,1669.6947328850074,135.38065401770325,1805.0753869027108,-2.2737367544323206e-13,1.0,0.0,0.0,0.38393436338958564,213.79385025349077,0.925,602,556.85,45.14999999999998,1.0,0.0,0.0,0.38393436338958564,213.79385025349077,0.925,602,556.85,45.14999999999998,1.0,0.0,0.0,0.3834893342902461,213.21804998295468,0.925,601.0753869027106,555.9947328850074,45.080654017703296,0.0,0.0,0.0,0.08724817754776787,0.0,0.8800000000000001,0.0,0.0,0.0,1.0,,,0.101,168.63916802138576,1669.6947328850074,1669.6947328850074,0.0,51.76053671943523,0.0,,,210.59212847198262,-8.526512829121202e-14,90.55461524295252,3.0,1092.5165491912908,0.0,-0.0,0.0,110.99968139783513
154,1,155,0.1016,0.0,1092.5165491912908,,,,0,0.0,1,1880.2868613569901,1880.2868613569901,-0.0,300.84589781711844,62.42552379705207,0.0,,,283.07163067996885,1880.2868613569901,1805.0753869027105,75.2114744542796,1880.2868613569901,0.0,1.0,0.0,0.0,0.1563975445926606,96.18826886481315,0.96,640.6501691686343,615.0241624018889,25.626006766745377,1.0,0.0,0.0,0.15703808203175934,93.44168090757785,0.96,619.818346094178,595.0256122504109,24.79273384376711,1.0,0.0,0.0,0.15703808203175934,93.44168090757785,0.96,619.818346094178,595.0256122504109,24.79273384376711,,,,640.8057504899363,1805.0753869027105,1669.6947328850074,135.38065401770325,1805.0753869027108,-2.2737367544323206e-13,1.0,0.0,0.0,0.38393436338958564,213.79385025349077,0.925,602,556.85,45.14999999999998,1.0,0.0,0.0,0.38393436338958564,213.79385025349077,0.925,602,556.85,45.14999999999998,1.0,0.0,0.0,0.3834893342902461,213.21804998295468,0.925,601.0753869027106,555.9947328850074,45.080654017703296,0.0,0.0,0.0,0.08724817754776787,0.0,0.8800000000000001,0.0,0.0,0.0,1.0,,,0.101,168.63916802138576,1669.6947328850074,1669.6947328850074,0.0,51.76053671943523,0.0,,,210.59212847198262,-8.526512829121202e-14,90.55461524295252,3.0,1092.5165491912908,0.0,-0.0,0.0,110.99968139783513
155,1,156,0.1016,0.0,1092.5165491912908,,,,0,0.0,1,1880.2868613569901,1880.2868613569901,-0.0,300.84589781711844,62.42552379705207,0.0,,,283.07163067996885,1880.2868613569901,1805.0753869027105,75.2114744542796,1880.2868613569901,0.0,1.0,0.0,0.0,0.1563975445926606,96.18826886481315,0.96,640.6501691686343,615.0241624018889,25.626006766745377,1.0,0.0,0.0,0.15703808203175934,93.44168090757785,0.96,619.818346094178,595.0256122504109,24.79273384376711,1.0,0.0,0.0,0.15703808203175934,93.44168090757785,0.96,619.818346094178,595.0256122504109,24.79273384376711,,,,640.8057504899363,1805.0753869027105,1669.6947328850074,135.38065401770325,1805.0753869027108,-2.2737367544323206e-13,1.0,0.0,0.0,0.38393436338958564,213.79385025349077,0.925,602,556.85,45.14999999999998,1.0,0.0,0.0,0.38393436338958564,213.79385025349077,0.925,602,556.85,45.14999999999998,1.0,0.0,0.0,0.3834893342902461,213.21804998295468,0.925,601.0753869027106,555.9947328850074,45.080654017703296,0.0,0.0,0.0,0.08724817754776787,0.0,0.8800000000000001,0.0,0.0,0.0,1.0,,,0.101,168.63916802138576,1669.6947328850074,1669.6947328850074,0.0,51.76053671943523,0.0,,,210.59212847198262,-8.526512829121202e-14,90.55461524295252,3.0,1092.5165491912908,0.0,-0.0,0.0,110.99968139783513
156,1,157,0.1016,0.0,1092.5165491912912,,,,0,0.0,1,1880.2868613569901,1880.2868613569901,-0.0,300.84589781711844,62.42552379705207,0.0,,,283.0716306799691,1880.2868613569901,1805.0753869027105,75.2114744542796,1880.2868613569901,0.0,1.0,0.0,0.0,0.1563975445926606,96.18826886481315,0.96,640.6501691686343,615.0241624018889,25.626006766745377,1.0,0.0,0.0,0.15703808203175934,93.44168090757785,0.96,619.818346094178,595.0256122504109,24.79273384376711,1.0,0.0,0.0,0.15703808203175934,93.44168090757785,0.96,619.818346094178,595.0256122504109,24.79273384376711,,,,640.8057504899363,1805.0753869027105,1669.6947328850074,135.38065401770325,1805.0753869027108,-2.2737367544323206e-13,1.0,0.0,0.0,0.38393436338958564,213.79385025349077,0.925,602,556.85,45.14999999999998,1.0,0.0,0.0,0.38393436338958564,213.79385025349077,0.925,602,556.85,45.14999999999998,1.0,0.0,0.0,0.3834893342902461,213.21804998295468,0.925,601.0753869027106,555.9947328850074,45.080654017703296,0.0,0.0,0.0,0.08724817754776787,0.0,0.8800000000000001,0.0,0.0,0.0,1.0,,,0.101,168.63916802138576,1669.6947328850074,1669.6947328850074,0.0,51.76053671943523,0.0,,,210.59212847198262,1.4210854715202004e-13,90.55461524295252,3.0,1092.5165491912912,0.0,-0.0,0.0,110.99968139783519
157,1,158,0.1016,0.0,1092.5165491912908,,,,0,0.0,1,1880.2868613569901,1880.2868613569901,-0.0,300.84589781711844,62.42552379705207,0.0,,,283.07163067996885,1880.2868613569901,1805.0753869027105,75.2114744542796,1880.2868613569901,0.0,1.0,0.0,0.0,0.1563975445926606,96.18826886481315,0.96,640.6501691686343,615.0241624018889,25.626006766745377,1.0,0.0,0.0,0.15703808203175934,93.44168090757785,0.96,619.818346094178,595.0256122504109,24.79273384376711,1.0,0.0,0.0,0.15703808203175934,93.44168090757785,0.96,619.818346094178,595.0256122504109,24.79273384376711,,,,640.8057504899363,1805.0753869027105,1669.6947328850074,135.38065401770325,1805.0753869027108,-2.2737367544323206e-13,1.0,0.0,0.0,0.38393436338958564,213.79385025349077,0.925,602,556.85,45.14999999999998,1.0,0.0,0.0,0.38393436338958564,213.79385025349077,0.925,602,556.85,45.14999999999998,1.0,0.0,0.0,0.3834893342902461,213.21804998295468,0.925,601.0753869027106,555.9947328850074,45.080654017703296,0.0,0.0,0.0,0.08724817754776787,0.0,0.8800000000000001,0.0,0.0,0.0,1.0,,,0.101,168.63916802138576,1669.6947328850074,1669.6947328850074,0.0,51.76053671943523,0.0,,,210.59212847198262,-8.526512829121202e-14,90.55461524295252,3.0,1092.5165491912908,0.0,-0.0,0.0,110.99968139783513
158,1,159,0.1016,0.0,1092.5165491912912,,,,0,0.0,1,1880.2868613569901,1880.2868613569901,-0.0,300.84589781711844,62.42552379705207,0.0,,,283.0716306799691,1880.2868613569901,1805.0753869027105,75.2114744542796,1880.2868613569901,0.0,1.0,0.0,0.0,0.1563975445926606,96.18826886481315,0.96,640.6501691686343,615.0241624018889,25.626006766745377,1.0,0.0,0.0,0.15703808203175934,93.44168090757785,0.96,619.818346094178,595.0256122504109,24.79273384376711,1.0,0.0,0.0,0.15703808203175934,93.44168090757785,0.96,619.818346094178,595.0256122504109,24.79273384376711,,,,640.8057504899363,1805.0753869027105,1669.6947328850074,135.38065401770325,1805.0753869027108,-2.2737367544323206e-13,1.0,0.0,0.0,0.38393436338958564,213.79385025349077,0.925,602,556.85,45.14999999999998,1.0,0.0,0.0,0.38393436338958564,213.79385025349077,0.925,602,556.85,45.14999999999998,1.0,0.0,0.0,0.3834893342902461,213.21804998295468,0.925,601.0753869027106,555.9947328850074,45.080654017703296,0.0,0.0,0.0,0.08724817754776787,0.0,0.8800000000000001,0.0,0.0,0.0,1.0,,,0.101,168.63916802138576,1669.6947328850074,1669.6947328850074,0.0,51.76053671943523,0.0,,,210.59212847198262,1.4210854715202004e-13,90.55461524295252,3.0,1092.5165491912912,0.0,-0.0,0.0,110.99968139783519
159,1,160,0.1016,0.0,1092.5165491912908,,,,0,0.0,1,1880.2868613569901,1880.2868613569901,-0.0,300.84589781711844,62.42552379705207,0.0,,,283.07163067996885,1880.2868613569901,1805.0753869027105,75.2114744542796,1880.2868613569901,0.0,1.0,0.0,0.0,0.1563975445926606,96.18826886481315,0.96,640.6501691686343,615.0241624018889,25.626006766745377,1.0,0.0,0.0,0.15703808203175934,93.44168090757785,0.96,619.818346094178,595.0256122504109,24.79273384376711,1.0,0.0,0.0,0.15703808203175934,93.44168090757785,0.96,619.818346094178,595.0256122504109,24.79273384376711,,,,640.8057504899363,1805.0753869027105,1669.6947328850074,135.38065401770325,1805.0753869027108,-2.2737367544323206e-13,1.0,0.0,0.0,0.38393436338958564,213.79385025349077,0.925,602,556.85,45.14999999999998,1.0,0.0,0.0,0.38393436338958564,213.79385025349077,0.925,602,556.85,45.14999999999998,1.0,0.0,0.0,0.3834893342902461,213.21804998295468,0.925,601.0753869027106,555.9947328850074,45.080654017703296,0.0,0.0,0.0,0.08724817754776787,0.0,0.8800000000000001,0.0,0.0,0.0,1.0,,,0.101,168.63916802138576,1669.6947328850074,1669.6947328850074,0.0,51.76053671943523,0.0,,,210.59212847198262,-8.526512829121202e-14,90.55461524295252,3.0,1092.5165491912908,0.0,-0.0,0.0,110.99968139783513
160,1,161,0.1016,0.0,1092.5165491912908,,,,0,0.0,1,1880.2868613569901,1880.2868613569901,-0.0,300.84589781711844,62.42552379705207,0.0,,,283.07163067996885,1880.2868613569901,1805.0753869027105,75.2114744542796,1880.2868613569901,0.0,1.0,0.0,0.0,0.1563975445926606,96.18826886481315,0.96,640.6501691686343,615.0241624018889,25.626006766745377,1.0,0.0,0.0,0.15703808203175934,93.44168090757785,0.96,619.818346094178,595.0256122504109,24.79273384376711,1.0,0.0,0.0,0.15703808203175934,93.44168090757785,0.96,619.818346094178,595.0256122504109,24.79273384376711,,,,640.8057504899363,1805.0753869027105,1669.6947328850074,135.38065401770325,1805.0753869027108,-2.2737367544323206e-13,1.0,0.0,0.0,0.38393436338958564,213.79385025349077,0.925,602,556.85,45.14999999999998,1.0,0.0,0.0,0.38393436338958564,213.79385025349077,0.925,602,556.85,45.14999999999998,1.0,0.0,0.0,0.3834893342902461,213.21804998295468,0.925,601.0753869027106,555.9947328850074,45.080654017703296,0.0,0.0,0.0,0.08724817754776787,0.0,0.8800000000000001,0.0,0.0,0.0,1.0,,,0.101,168.63916802138576,1669.6947328850074,1669.6947328850074,0.0,51.76053671943523,0.0,,,210.59212847198262,-8.526512829121202e-14,90.55461524295252,3.0,1092.5165491912908,0.0,-0.0,0.0,110.99968139783513
161,1,162,0.13994,0.0,1092.5165491912908,,,,0,0.0,1,1880.2868613569901,1880.2868613569901,-0.0,300.84589781711844,62.42552379705207,0.0,,,283.07163067996885,1880.2868613569901,1805.0753869027105,75.2114744542796,1880.2868613569901,0.0,1.0,0.0,0.0,0.1563975445926606,96.18826886481315,0.96,640.6501691686343,615.0241624018889,25.626006766745377,1.0,0.0,0.0,0.15703808203175934,93.44168090757785,0.96,619.818346094178,595.0256122504109,24.79273384376711,1.0,0.0,0.0,0.15703808203175934,93.44168090757785,0.96,619.818346094178,595.0256122504109,24.79273384376711,,,,640.8057504899363,1805.0753869027105,1669.6947328850074,135.38065401770325,1805.0753869027108,-2.2737367544323206e-13,1.0,0.0,0.0,0.38393436338958564,213.79385025349077,0.925,602,556.85,45.14999999999998,1.0,0.0,0.0,0.38393436338958564,213.79385025349077,0.925,602,556.85,45.14999999999998,1.0,0.0,0.0,0.3834893342902461,213.21804998295468,0.925,601.0753869027106,555.9947328850074,45.080654017703296,0.0,0.0,0.0,0.08724817754776787,0.0,0.8800000000000001,0.0,0.0,0.0,1.0,,,0.101,168.63916802138576,1669.6947328850074,1669.6947328850074,0.0,51.76053671943523,0.0,,,210.59212847198262,-8.526512829121202e-14,90.55461524295252,3.0,1092.5165491912908,0.0,-0.0,0.0,152.88676589382925
162,1,163,0.13994,0.0,1092.5165491912912,,,,0,0.0,1,1880.2868613569901,1880.2868613569901,-0.0,300.84589781711844,62.42552379705207,0.0,,,283.0716306799691,1880.2868613569901,1805.0753869027105,75.2114744542796,1880.2868613569901,0.0,1.0,0.0,0.0,0.1563975445926606,96.18826886481315,0.96,640.6501691686343,615.0241624018889,25.626006766745377,1.0,0.0,0.0,0.15703808203175934,93.44168090757785,0.96,619.818346094178,595.0256122504109,24.79273384376711,1.0,0.0,0.0,0.15703808203175934,93.44168090757785,0.96,619.818346094178,595.0256122504109,24.79273384376711,,,,640.8057504899363,1805.0753869027105,1669.6947328850074,135.38065401770325,1805.0753869027108,-2.2737367544323206e-13,1.0,0.0,0.0,0.38393436338958564,213.79385025349077,0.925,602,556.85,45.14999999999998,1.0,0.0,0.0,0.38393436338958564,213.79385025349077,0.925,602,556.85,45.14999999999998,1.0,0.0,0.0,0.3834893342902461,213.21804998295468,0.925,601.0753869027106,555.9947328850074,45.080654017703296,0.0,0.0,0.0,0.08724817754776787,0.0,0.8800000000000001,0.0,0.0,0.0,1.0,,,0.101,168.63916802138576,1669.6947328850074,1669.6947328850074,0.0,51.76053671943523,0.0,,,210.59212847198262,1.4210854715202004e-13,90.55461524295252,3.0,1092.5165491912912,0.0,-0.0,0.0,152.8867658938293
163,1,164,0.13994,0.0,1092.5165491912912,,,,0,0.0,1,1880.2868613569901,1880.2868613569901,-0.0,300.84589781711844,62.42552379705207,0.0,,,283.0716306799691,1880.2868613569901,1805.0753869027105,75.2114744542796,1880.2868613569901,0.0,1.0,0.0,0.0,0.1563975445926606,96.18826886481315,0.96,640.6501691686343,615.0241624018889,25.626006766745377,1.0,0.0,0.0,0.15703808203175934,93.44168090757785,0.96,619.818346094178,595.0256122504109,24.79273384376711,1.0,0.0,0.0,0.15703808203175934,93.44168090757785,0.96,619.818346094178,595.0256122504109,24.79273384376711,,,,640.8057504899363,1805.0753869027105,1669.6947328850074,135.38065401770325,1805.0753869027108,-2.2737367544323206e-13,1.0,0.0,0.0,0.38393436338958564,213.79385025349077,0.925,602,556.85,45.14999999999998,1.0,0.0,0.0,0.38393436338958564,213.79385025349077,0.925,602,556.85,45.14999999999998,1.0,0.0,0.0,0.3834893342902461,213.21804998295468,0.925,601.0753869027106,555.9947328850074,45.080654017703296,0.0,0.0,0.0,0.08724817754776787,0.0,0.8800000000000001,0.0,0.0,0.0,1.0,,,0.101,168.63916802138576,1669.6947328850074,1669.6947328850074,0.0,51.76053671943523,0.0,,,210.59212847198262,1.4210854715202004e-13,90.55461524295252,3.0,1092.5165491912912,0.0,-0.0,0.0,152.8867658938293
164,1,165,0.13994,0.0,1092.5165491912912,,,,0,0.0,1,1880.2868613569901,1880.2868613569901,-0.0,300.84589781711844,62.42552379705207,0.0,,,283.0716306799691,1880.2868613569901,1805.0753869027105,75.2114744542796,1880.2868613569901,0.0,1.0,0.0,0.0,0.1563975445926606,96.18826886481315,0.96,640.6501691686343,615.0241624018889,25.626006766745377,1.0,0.0,0.0,0.15703808203175934,93.44168090757785,0.96,619.818346094178,595.0256122504109,24.79273384376711,1.0,0.0,0.0,0.15703808203175934,93.44168090757785,0.96,619.818346094178,595.0256122504109,24.79273384376711,,,,640.8057504899363,1805.0753869027105,1669.6947328850074,135.38065401770325,1805.0753869027108,-2.2737367544323206e-13,1.0,0.0,0.0,0.38393436338958564,213.79385025349077,0.925,602,556.85,45.14999999999998,1.0,0.0,0.0,0.38393436338958564,213.79385025349077,0.925,602,556.85,45.14999999999998,1.0,0.0,0.0,0.3834893342902461,213.21804998295468,0.925,601.0753869027106,555.9947328850074,45.080654017703296,0.0,0.0,0.0,0.08724817754776787,0.0,0.8800000000000001,0.0,0.0,0.0,1.0,,,0.101,168.63916802138576,1669.6947328850074,1669.6947328850074,0.0,51.76053671943523,0.0,,,210.59212847198262,1.4210854715202004e-13,90.55461524295252,3.0,1092.5165491912912,0.0,-0.0,0.0,152.8867658938293
165,1,166,0.13994,0.0,1092.5165491912908,,,,0,0.0,1,1880.2868613569901,1880.2868613569901,-0.0,300.84589781711844,62.42552379705207,0.0,,,283.07163067996885,1880.2868613569901,1805.0753869027105,75.2114744542796,1880.2868613569901,0.0,1.0,0.0,0.0,0.1563975445926606,96.18826886481315,0.96,640.6501691686343,615.0241624018889,25.626006766745377,1.0,0.0,0.0,0.15703808203175934,93.44168090757785,0.96,619.818346094178,595.0256122504109,24.79273384376711,1.0,0.0,0.0,0.15703808203175934,93.44168090757785,0.96,619.818346094178,595.0256122504109,24.79273384376711,,,,640.8057504899363,1805.0753869027105,1669.6947328850074,135.38065401770325,1805.0753869027108,-2.2737367544323206e-13,1.0,0.0,0.0,0.38393436338958564,213.79385025349077,0.925,602,556.85,45.14999999999998,1.0,0.0,0.0,0.38393436338958564,213.79385025349077,0.925,602,556.85,45.14999999999998,1.0,0.0,0.0,0.3834893342902461,213.21804998295468,0.925,601.0753869027106,555.9947328850074,45.080654017703296,0.0,0.0,0.0,0.08724817754776787,0.0,0.8800000000000001,0.0,0.0,0.0,1.0,,,0.101,168.63916802138576,1669.6947328850074,1669.6947328850074,0.0,51.76053671943523,0.0,,,210.59212847198262,-8.526512829121202e-14,90.55461524295252,3.0,1092.5165491912908,0.0,-0.0,0.0,152.88676589382925
166,1,167,0.1016,0.0,1092.5165491912912,,,,0,0.0,1,1880.2868613569901,1880.2868613569901,-0.0,300.84589781711844,62.42552379705207,0.0,,,283.0716306799691,1880.2868613569901,1805.0753869027105,75.2114744542796,1880.2868613569901,0.0,1.0,0.0,0.0,0.1563975445926606,96.18826886481315,0.96,640.6501691686343,615.0241624018889,25.626006766745377,1.0,0.0,0.0,0.15703808203175934,93.44168090757785,0.96,619.818346094178,595.0256122504109,24.79273384376711,1.0,0.0,0.0,0.15703808203175934,93.44168090757785,0.96,619.818346094178,595.0256122504109,24.79273384376711,,,,640.8057504899363,1805.0753869027105,1669.6947328850074,135.38065401770325,1805.0753869027108,-2.2737367544323206e-13,1.0,0.0,0.0,0.38393436338958564,213.79385025349077,0.925,602,556.85,45.14999999999998,1.0,0.0,0.0,0.38393436338958564,213.79385025349077,0.925,602,556.85,45.14999999999998,1.0,0.0,0.0,0.3834893342902461,213.21804998295468,0.925,601.0753869027106,555.9947328850074,45.080654017703296,0.0,0.0,0.0,0.08724817754776787,0.0,0.8800000000000001,0.0,0.0,0.0,1.0,,,0.101,168.63916802138576,1669.6947328850074,1669.6947328850074,0.0,51.76053671943523,0.0,,,210.59212847198262,1.4210854715202004e-13,90.55461524295252,3.0,1092.5165491912912,0.0,-0.0,0.0,110.99968139783519
167,1,168,0.1016,0.0,1092.5165491912912,,,,0,0.0,1,1880.2868613569901,1880.2868613569901,-0.0,300.84589781711844,62.42552379705207,0.0,,,283.0716306799691,1880.2868613569901,1805.0753869027105,75.2114744542796,1880.2868613569901,0.0,1.0,0.0,0.0,0.1563975445926606,96.18826886481315,0.96,640.6501691686343,615.0241624018889,25.626006766745377,1.0,0.0,0.0,0.15703808203175934,93.44168090757785,0.96,619.818346094178,595.0256122504109,24.79273384376711,1.0,0.0,0.0,0.15703808203175934,93.44168090757785,0.96,619.818346094178,595.0256122504109,24.79273384376711,,,,640.8057504899363,1805.0753869027105,1669.6947328850074,135.38065401770325,1805.0753869027108,-2.2737367544323206e-13,1.0,0.0,0.0,0.38393436338958564,213.79385025349077,0.925,602,556.85,45.14999999999998,1.0,0.0,0.0,0.38393436338958564,213.79385025349077,0.925,602,556.85,45.14999999999998,1.0,0.0,0.0,0.3834893342902461,213.21804998295468,0.925,601.0753869027106,555.9947328850074,45.080654017703296,0.0,0.0,0.0,0.08724817754776784,0.0,0.88,0.0,0.0,0.0,1.0,,,0.101,168.63916802138576,1669.6947328850074,1669.6947328850074,0.0,51.76053671943523,0.0,,,210.59212847198262,1.4210854715202004e-13,90.55461524295252,3.0,1092.5165491912912,0.0,-0.0,0.0,110.99968139783519
