,Day,Time,LMP,bypass_pretreatment_flow,power_from_grid,intake.op_mode,intake.startup,intake.shutdown,intake.energy_intensity,intake.power_consumption,intake.recovery,intake.feed_flowrate,intake.product_flowrate,intake.reject_flowrate,intake.feed_cost,intake.chemical_cost,pretreatment.op_mode,pretreatment.startup,pretreatment.shutdown,pretreatment.power_consumption,pretreatment.feed_flowrate,pretreatment.product_flowrate,pretreatment.reject_flowrate,pretreatment.inlet_flowrate,pretreatment.leftover_flow,pretreatment.uf_pumps[1].op_mode,pretreatment.uf_pumps[1].startup,pretreatment.uf_pumps[1].shutdown,pretreatment.uf_pumps[1].energy_intensity,pretreatment.uf_pumps[1].power_consumption,pretreatment.uf_pumps[1].recovery,pretreatment.uf_pumps[1].feed_flowrate,pretreatment.uf_pumps[1].product_flowrate,pretreatment.uf_pumps[1].reject_flowrate,pretreatment.uf_pumps[2].op_mode,pretreatment.uf_pumps[2].startup,pretreatment.uf_pumps[2].shutdown,pretreatment.uf_pumps[2].energy_intensity,pretreatment.uf_pumps[2].power_consumption,pretreatment.uf_pumps[2].recovery,pretreatment.uf_pumps[2].feed_flowrate,pretreatment.uf_pumps[2].product_flowrate,pretreatment.uf_pumps[2].reject_flowrate,pretreatment.uf_pumps[3].op_mode,pretreatment.uf_pumps[3].startup,pretreatment.uf_pumps[3].shutdown,pretreatment.uf_pumps[3].energy_intensity,pretreatment.uf_pumps[3].power_consumption,pretreatment.uf_pumps[3].recovery,pretreatment.uf_pumps[3].feed_flowrate,pretreatment.uf_pumps[3].product_flowrate,pretreatment.uf_pumps[3].reject_flowrate,reverse_osmosis.op_mode,reverse_osmosis.startup,reverse_osmosis.shutdown,reverse_osmosis.power_consumption,reverse_osmosis.feed_flowrate,reverse_osmosis.product_flowrate,reverse_osmosis.reject_flowrate,reverse_osmosis.inlet_flowrate,reverse_osmosis.leftover_flow,reverse_osmosis.ro_skid[1].op_mode,reverse_osmosis.ro_skid[1].startup,reverse_osmosis.ro_skid[1].shutdown,reverse_osmosis.ro_skid[1].energy_intensity,reverse_osmosis.ro_skid[1].power_consumption,reverse_osmosis.ro_skid[1].recovery,reverse_osmosis.ro_skid[1].feed_flowrate,reverse_osmosis.ro_skid[1].product_flowrate,reverse_osmosis.ro_skid[1].reject_flowrate,reverse_osmosis.ro_skid[2].op_mode,reverse_osmosis.ro_skid[2].startup,reverse_osmosis.ro_skid[2].shutdown,reverse_osmosis.ro_skid[2].energy_intensity,reverse_osmosis.ro_skid[2].power_consumption,reverse_osmosis.ro_skid[2].recovery,reverse_osmosis.ro_skid[2].feed_flowrate,reverse_osmosis.ro_skid[2].product_flowrate,reverse_osmosis.ro_skid[2].reject_flowrate,reverse_osmosis.ro_skid[3].op_mode,reverse_osmosis.ro_skid[3].startup,reverse_osmosis.ro_skid[3].shutdown,reverse_osmosis.ro_skid[3].energy_intensity,reverse_osmosis.ro_skid[3].power_consumption,reverse_osmosis.ro_skid[3].recovery,reverse_osmosis.ro_skid[3].feed_flowrate,reverse_osmosis.ro_skid[3].product_flowrate,reverse_osmosis.ro_skid[3].reject_flowrate,reverse_osmosis.ro_skid[4].op_mode,reverse_osmosis.ro_skid[4].startup,reverse_osmosis.ro_skid[4].shutdown,reverse_osmosis.ro_skid[4].energy_intensity,reverse_osmosis.ro_skid[4].power_consumption,reverse_osmosis.ro_skid[4].recovery,reverse_osmosis.ro_skid[4].feed_flowrate,reverse_osmosis.ro_skid[4].product_flowrate,reverse_osmosis.ro_skid[4].reject_flowrate,posttreatment.op_mode,posttreatment.startup,posttreatment.shutdown,posttreatment.energy_intensity,posttreatment.power_consumption,posttreatment.feed_flowrate,posttreatment.product_flowrate,posttreatment.reject_flowrate,posttreatment.chemical_cost,brine_discharge.op_mode,brine_discharge.startup,brine_discharge.shutdown,brine_discharge.feed_flowrate,brine_discharge.power_consumption,brine_discharge.brine_cost,num_skids_online,net_power_consumption,water_revenue,demand_response_revenue,emissions_cost,energy_cost
0,1,1,0.1016,0.0,1143.3521185009704,,,,0,0.0,1,1941.5900565108948,1941.5900565108948,-0.0,310.6544090417432,64.46078987616171,0.0,,,291.2374638782891,1941.5900565108948,1863.9264542504588,77.66360226043594,1941.5900565108948,0.0,1.0,0.0,0.0,0.156036092933299,98.44870872796336,0.96,657.2244685858207,630.9354898423878,26.288978743432835,1.0,0.0,0.0,0.1563586114703434,96.39437757516276,0.96,642.1827939625368,616.4954822040353,25.68731175850155,1.0,0.0,0.0,0.15635861147034347,96.39437757516286,0.96,642.1827939625373,616.4954822040357,25.68731175850155,,,,677.9773256343328,1863.9264542504588,1724.131970181669,139.79448406878385,1863.926454250453,5.9117155615240335e-12,1.0,0,0,0.3936093592595752,226.49999795738526,0.925,622.1012201469291,575.4436286359095,46.65759151101963,1.0,0,0,0.39303726811521955,225.73866383847377,0.925,620.9126170517618,574.3441707728797,46.56844627888211,1.0,0,0,0.39303726811521966,225.73866383847388,0.925,620.9126170517619,574.3441707728798,46.56844627888211,0.0,0,0,0.08724817754776784,0.0,0.88,0.0,0.0,0.0,1.0,,,0.101,174.13732898834857,1724.131970181669,1724.131970181669,0.0,53.44809107563174,0.0,,,217.4580863292257,-8.526512829121202e-14,93.50697712156705,3.0,1143.3521185009704,0.0,-0.0,0.0,116.16457523969859
1,1,2,0.1016,0.0,1143.3521185009827,,,,0,0.0,1,1941.5900565108857,1941.5900565108857,-0.0,310.6544090417417,64.4607898761614,0.0,,,291.2374638782878,1941.5900565108857,1863.9264542504502,77.66360226043548,1941.5900565108857,0.0,1.0,0.0,0.0,0.15603609293329915,98.4487087279634,0.96,657.2244685858204,630.9354898423876,26.288978743432835,1.0,0.0,0.0,0.1563586114703436,96.39437757516217,0.96,642.1827939625321,616.4954822040307,25.687311758501323,1.0,0.0,0.0,0.1563586114703435,96.39437757516228,0.96,642.1827939625332,616.4954822040319,25.687311758501323,,,,677.9773256343447,1863.9264542504502,1724.131970181686,139.7944840687852,1863.9264542504711,-2.091837814077735e-11,1.0,0,0,0.3936093592595842,226.4999979573972,0.925,622.1012201469476,575.4436286359266,46.657591511020996,1.0,0,0,0.39303726811521955,225.7386638384737,0.925,620.9126170517617,574.3441707728796,46.56844627888211,1.0,0,0,0.39303726811521955,225.73866383847377,0.925,620.9126170517618,574.3441707728797,46.56844627888211,0.0,0,0,0.08724817754776784,0.0,0.88,0.0,0.0,0.0,1.0,,,0.101,174.1373289883503,1724.131970181686,1724.131970181686,0.0,53.44809107563227,0.0,,,217.45808632919977,-1.1368683772161603e-13,93.5069771215559,3.0,1143.3521185009827,0.0,-0.0,0.0,116.16457523969983
2,1,3,0.1016,0.0,1143.3521185009677,,,,0,0.0,1,1941.590056510878,1941.590056510878,-0.0,310.6544090417405,64.46078987616114,0.0,,,291.2374638782869,1941.590056510878,1863.926454250443,77.66360226043525,1941.590056510878,0.0,1.0,0.0,0.0,0.1560360929332991,98.44870872796233,0.96,657.2244685858135,630.9354898423809,26.288978743432608,1.0,0.0,0.0,0.1563586114703436,96.39437757516217,0.96,642.1827939625321,616.4954822040307,25.687311758501323,1.0,0.0,0.0,0.15635861147034358,96.39437757516222,0.96,642.1827939625325,616.4954822040312,25.687311758501323,,,,677.9773256343324,1863.926454250443,1724.1319701816683,139.79448406878385,1863.926454250452,-9.094947017729282e-12,1.0,0,0,0.3936093592595752,226.49999795738526,0.925,622.1012201469291,575.4436286359095,46.65759151101963,1.0,0,0,0.39303726811521944,225.73866383847357,0.925,620.9126170517615,574.3441707728794,46.56844627888211,1.0,0,0,0.39303726811521944,225.7386638384736,0.925,620.9126170517616,574.3441707728795,46.56844627888211,0.0,0,0,0.08724817754776784,0.0,0.88,0.0,0.0,0.0,1.0,,,0.101,174.13732898834851,1724.1319701816683,1724.1319701816683,0.0,53.448091075631716,0.0,,,217.45808632921,-1.4210854715202004e-13,93.5069771215603,3.0,1143.3521185009677,0.0,-0.0,0.0,116.16457523969831
3,1,4,0.1016,0.0,1143.3521185009752,,,,0,0.0,1,1941.5900565108952,1941.5900565108952,-0.0,310.65440904174324,64.46078987616173,0.0,,,291.23746387828953,1941.5900565108952,1863.9264542504593,77.66360226043582,1941.5900565108952,0.0,1.0,0.0,0.0,0.15603609293329906,98.44870872796372,0.96,657.2244685858228,630.9354898423899,26.28897874343295,1.0,0.0,0.0,0.15635861147034336,96.39437757516347,0.96,642.1827939625417,616.4954822040401,25.687311758501664,1.0,0.0,0.0,0.15635861147034363,96.394377575162,0.96,642.1827939625307,616.4954822040295,25.68731175850121,,,,677.9773256343365,1863.9264542504593,1724.1319701816742,139.7944840687844,1863.9264542504586,6.821210263296962e-13,1.0,0,0,0.3936093592595741,226.49999795738378,0.925,622.1012201469268,575.4436286359073,46.65759151101952,1.0,0,0,0.39303726811522155,225.73866383847633,0.925,620.9126170517658,574.3441707728833,46.56844627888245,1.0,0,0,0.39303726811522155,225.73866383847638,0.925,620.9126170517659,574.3441707728834,46.56844627888245,0.0,0,0,0.08724817754776784,0.0,0.88,0.0,0.0,0.0,1.0,,,0.101,174.1373289883491,1724.1319701816742,1724.1319701816742,0.0,53.4480910756319,0.0,,,217.45808632922092,5.684341886080802e-14,93.50697712156499,3.0,1143.3521185009752,0.0,-0.0,0.0,116.16457523969908
4,1,5,0.1016,0.0,1143.352118500967,,,,0,0.0,1,1941.5900565108818,1941.5900565108818,-0.0,310.6544090417411,64.46078987616127,0.0,,,291.2374638782876,1941.5900565108818,1863.9264542504466,77.66360226043537,1941.5900565108818,0.0,1.0,0.0,0.0,0.15603609293329915,98.44870872796372,0.96,657.2244685858225,630.9354898423895,26.28897874343295,1.0,0.0,0.0,0.15635861147034355,96.39437757516167,0.96,642.182793962529,616.4954822040278,25.68731175850121,1.0,0.0,0.0,0.15635861147034372,96.394377575162,0.96,642.1827939625304,616.4954822040291,25.68731175850121,,,,677.977325634331,1863.9264542504466,1724.1319701816665,139.79448406878373,1863.92645425045,-3.410605131648481e-12,1.0,0,0,0.39360935925957397,226.4999979573836,0.925,622.1012201469266,575.4436286359071,46.65759151101952,1.0,0,0,0.39303726811521944,225.7386638384736,0.925,620.9126170517616,574.3441707728795,46.56844627888211,1.0,0,0,0.39303726811521955,225.73866383847377,0.925,620.9126170517618,574.3441707728797,46.56844627888211,0.0,0,0,0.08724817754776784,0.0,0.88,0.0,0.0,0.0,1.0,,,0.101,174.13732898834832,1724.1319701816665,1724.1319701816665,0.0,53.44809107563166,0.0,,,217.4580863292157,5.684341886080802e-14,93.50697712156274,3.0,1143.352118500967,0.0,-0.0,0.0,116.16457523969824
5,1,6,0.1016,0.0,1143.3521185009797,,,,0,0.0,1,1941.5900565108668,1941.5900565108668,-0.0,310.6544090417387,64.46078987616077,0.0,,,291.23746387828555,1941.5900565108668,1863.926454250432,77.66360226043469,1941.5900565108668,0.0,1.0,0.0,0.0,0.1560360929332993,98.44870872796199,0.96,657.2244685858103,630.9354898423779,26.28897874343238,1.0,0.0,0.0,0.15635861147034363,96.39437757516156,0.96,642.1827939625277,616.4954822040266,25.687311758501096,1.0,0.0,0.0,0.1563586114703437,96.39437757516168,0.96,642.1827939625285,616.4954822040273,25.68731175850121,,,,677.977325634344,1863.926454250432,1724.1319701816851,139.7944840687851,1863.9264542504702,-3.8198777474462986e-11,1.0,0,0,0.3936093592595834,226.49999795739618,0.925,622.101220146946,575.4436286359252,46.65759151102088,1.0,0,0,0.39303726811521944,225.7386638384736,0.925,620.9126170517616,574.3441707728795,46.56844627888211,1.0,0,0,0.3930372681152199,225.73866383847422,0.925,620.9126170517625,574.3441707728804,46.56844627888211,0.0,0,0,0.08724817754776784,0.0,0.88,0.0,0.0,0.0,1.0,,,0.101,174.13732898835022,1724.1319701816851,1724.1319701816851,0.0,53.44809107563224,0.0,,,217.45808632918158,-2.842170943040401e-14,93.50697712154808,3.0,1143.3521185009797,0.0,-0.0,0.0,116.16457523969953
6,1,7,0.1016,0.0,1143.352118500952,,,,0,0.0,1,1941.5900565108614,1941.5900565108614,-0.0,310.65440904173784,64.4607898761606,0.0,,,291.2374638782868,1941.5900565108614,1863.926454250427,77.66360226043457,1941.5900565108614,0.0,1.0,0.0,0.0,0.15603609293329915,98.44870872796237,0.96,657.2244685858135,630.9354898423809,26.288978743432608,1.0,0.0,0.0,0.15635861147034377,96.39437757516079,0.96,642.182793962522,616.4954822040212,25.68731175850087,1.0,0.0,0.0,0.1563586114703474,96.39437757516362,0.96,642.182793962526,616.4954822040249,25.687311758501096,,,,677.9773256343187,1863.926454250427,1724.1319701816483,139.79448406878237,1863.9264542504307,-3.637978807091713e-12,1.0,0,0,0.39360935925957186,226.49999795738074,0.925,622.1012201469221,575.4436286359029,46.65759151101918,1.0,0,0,0.39303726811521933,225.73866383847337,0.925,620.9126170517611,574.344170772879,46.56844627888211,1.0,0,0,0.39303726811521267,225.7386638384646,0.925,620.9126170517475,574.3441707728664,46.56844627888108,0.0,0,0,0.08724817754776784,0.0,0.88,0.0,0.0,0.0,1.0,,,0.101,174.1373289883465,1724.1319701816483,1724.1319701816483,0.0,53.4480910756311,0.0,,,217.4580863292133,-5.684341886080802e-14,93.50697712156172,3.0,1143.352118500952,0.0,-0.0,0.0,116.16457523969672
7,1,8,0.1016,0.0,1143.3521185009713,,,,0,0.0,1,1941.5900565108732,1941.5900565108732,-0.0,310.6544090417397,64.46078987616099,0.0,,,291.2374638782861,1941.5900565108732,1863.9264542504382,77.66360226043503,1941.5900565108732,0.0,1.0,0.0,0.0,0.15603609293329937,98.44870872796199,0.96,657.22446858581,630.9354898423776,26.28897874343238,1.0,0.0,0.0,0.15635861147034374,96.3943775751613,0.96,642.1827939625257,616.4954822040246,25.687311758501096,1.0,0.0,0.0,0.15635861147034338,96.39437757516288,0.96,642.1827939625376,616.4954822040361,25.68731175850155,,,,677.9773256343362,1863.9264542504382,1724.1319701816738,139.7944840687842,1863.9264542504582,-2.000888343900442e-11,1.0,0,0,0.3936093592595773,226.49999795738805,0.925,622.1012201469334,575.4436286359135,46.65759151101997,1.0,0,0,0.3930372681152198,225.73866383847405,0.925,620.9126170517623,574.3441707728801,46.56844627888211,1.0,0,0,0.3930372681152199,225.73866383847422,0.925,620.9126170517625,574.3441707728804,46.56844627888211,0.0,0,0,0.08724817754776784,0.0,0.88,0.0,0.0,0.0,1.0,,,0.101,174.13732898834905,1724.1319701816738,1724.1319701816738,0.0,53.448091075631886,0.0,,,217.4580863291992,-1.1368683772161603e-13,93.50697712155565,3.0,1143.3521185009713,0.0,-0.0,0.0,116.16457523969868
8,1,9,0.1016,0.0,1143.352118500973,,,,0,0.0,1,1941.5900565108998,1941.5900565108998,-0.0,310.654409041744,64.46078987616187,0.0,,,291.2374638782891,1941.5900565108998,1863.9264542504638,77.66360226043605,1941.5900565108998,0.0,1.0,0.0,0.0,0.15603609293329915,98.44870872796291,0.96,657.2244685858171,630.9354898423844,26.288978743432722,1.0,0.0,0.0,0.1563586114703418,96.39437757516234,0.96,642.1827939625406,616.4954822040389,25.687311758501664,1.0,0.0,0.0,0.15635861147034336,96.39437757516353,0.96,642.1827939625421,616.4954822040404,25.687311758501664,,,,677.9773256343349,1863.9264542504638,1724.131970181672,139.79448406878407,1863.9264542504561,7.73070496506989e-12,1.0,0,0,0.3936093592595763,226.4999979573867,0.925,622.1012201469314,575.4436286359115,46.65759151101986,1.0,0,0,0.3930372681152198,225.73866383847403,0.925,620.9126170517621,574.34417077288,46.56844627888211,1.0,0,0,0.3930372681152199,225.73866383847422,0.925,620.9126170517625,574.3441707728804,46.56844627888211,0.0,0,0,0.08724817754776784,0.0,0.88,0.0,0.0,0.0,1.0,,,0.101,174.13732898834888,1724.131970181672,1724.131970181672,0.0,53.44809107563183,0.0,,,217.45808632922785,5.684341886080802e-14,93.50697712156797,3.0,1143.352118500973,0.0,-0.0,0.0,116.16457523969883
9,1,10,0.1016,0.0,1143.352118500969,,,,0,0.0,1,1941.5900565108966,1941.5900565108966,-0.0,310.65440904174346,64.46078987616177,0.0,,,291.2374638782892,1941.5900565108966,1863.9264542504607,77.66360226043605,1941.5900565108966,0.0,1.0,0.0,0.0,0.15603609293329918,98.44870872796291,0.96,657.224468585817,630.9354898423843,26.288978743432722,1.0,0.0,0.0,0.15635861147034344,96.39437757516322,0.96,642.1827939625398,616.4954822040381,25.687311758501664,1.0,0.0,0.0,0.156358611470343,96.39437757516295,0.96,642.1827939625398,616.4954822040381,25.687311758501664,,,,677.9773256343314,1863.9264542504607,1724.131970181667,139.79448406878373,1863.9264542504504,1.0231815394945443e-11,1.0,0,0,0.3936093592595762,226.49999795738654,0.925,622.1012201469312,575.4436286359113,46.65759151101986,1.0,0,0,0.39303726811521733,225.73866383847079,0.925,620.9126170517571,574.3441707728754,46.568446278881765,1.0,0,0,0.3930372681152198,225.73866383847405,0.925,620.9126170517623,574.3441707728801,46.56844627888211,0.0,0,0,0.08724817754776784,0.0,0.88,0.0,0.0,0.0,1.0,,,0.101,174.13732898834837,1724.131970181667,1724.131970181667,0.0,53.44809107563167,0.0,,,217.45808632923,1.1368683772161603e-13,93.50697712156891,3.0,1143.352118500969,0.0,-0.0,0.0,116.16457523969845
10,1,11,0.1016,0.0,1143.3521185009129,,,,0,0.0,1,1941.590056510818,1941.590056510818,-0.0,310.6544090417309,64.46078987615915,0.0,,,291.23746387827873,1941.590056510818,1863.9264542503852,77.66360226043287,1941.590056510818,0.0,1.0,0.0,0.0,0.15603609293330056,98.44870872795215,0.96,657.2244685857394,630.9354898423097,26.288978743429652,1.0,0.0,0.0,0.1563586114703435,96.39437757516313,0.96,642.1827939625389,616.4954822040373,25.68731175850155,1.0,0.0,0.0,0.1563586114703434,96.3943775751632,0.96,642.1827939625398,616.4954822040381,25.687311758501664,,,,677.9773256342916,1863.9264542503852,1724.1319701816092,139.79448406877907,1863.9264542503884,-3.183231456205249e-12,1.0,0,0,0.3936093592595422,226.49999795734135,0.925,622.1012201468607,575.4436286358462,46.657591511014516,1.0,0,0,0.39303726811521966,225.73866383847388,0.925,620.9126170517619,574.3441707728798,46.56844627888211,1.0,0,0,0.39303726811522155,225.73866383847633,0.925,620.9126170517658,574.3441707728833,46.56844627888245,0.0,0,0,0.08724817754776784,0.0,0.88,0.0,0.0,0.0,1.0,,,0.101,174.13732898834255,1724.1319701816092,1724.1319701816092,0.0,53.44809107562988,0.0,,,217.45808632920875,2.842170943040401e-14,93.50697712155976,3.0,1143.3521185009129,0.0,-0.0,0.0,116.16457523969274
11,1,12,0.1016,0.0,1143.3521185008929,,,,0,0.0,1,1941.5900565107793,1941.5900565107793,-0.0,310.6544090417247,64.46078987615788,0.0,,,291.2374638782734,1941.5900565107793,1863.9264542503481,77.66360226043128,1941.5900565107793,0.0,1.0,0.0,0.0,0.15603609293330103,98.44870872794868,0.96,657.2244685857142,630.9354898422856,26.28897874342863,1.0,0.0,0.0,0.15635861147034374,96.3943775751618,0.96,642.182793962529,616.4954822040278,25.68731175850121,1.0,0.0,0.0,0.15635861147034355,96.39437757516276,0.96,642.1827939625362,616.4954822040347,25.687311758501437,,,,677.9773256342788,1863.9264542503481,1724.131970181591,139.79448406877748,1863.9264542503686,-2.0463630789890885e-11,1.0,0,0,0.39360935925953233,226.49999795732816,0.925,622.10122014684,575.443628635827,46.657591511012924,1.0,0,0,0.3930372681152198,225.73866383847403,0.925,620.9126170517621,574.34417077288,46.56844627888211,1.0,0,0,0.39303726811522177,225.7386638384767,0.925,620.9126170517663,574.3441707728839,46.56844627888245,0.0,0,0,0.08724817754776784,0.0,0.88,0.0,0.0,0.0,1.0,,,0.101,174.1373289883407,1724.131970181591,1724.131970181591,0.0,53.44809107562932,0.0,,,217.4580863291883,-5.684341886080802e-14,93.50697712155096,3.0,1143.3521185008929,0.0,-0.0,0.0,116.1645752396907
12,1,13,0.1016,0.0,1143.3521185008908,,,,0,0.0,1,1941.5900565107868,1941.5900565107868,-0.0,310.6544090417259,64.46078987615812,0.0,,,291.2374638782743,1941.5900565107868,1863.9264542503552,77.66360226043162,1941.5900565107868,0.0,1.0,0.0,0.0,0.15603609293330076,98.44870872794995,0.96,657.2244685857238,630.9354898422948,26.28897874342897,1.0,0.0,0.0,0.15635861147034366,96.3943775751621,0.96,642.1827939625314,616.49548220403,25.687311758501323,1.0,0.0,0.0,0.15635861147034347,96.39437757516201,0.96,642.1827939625316,616.4954822040303,25.687311758501323,,,,677.9773256342763,1863.9264542503552,1724.1319701815871,139.79448406877725,1863.9264542503643,-9.094947017729282e-12,1.0,0,0,0.39360935925953244,226.49999795732828,0.925,622.1012201468402,575.4436286358272,46.65759151101304,1.0,0,0,0.3930372681152198,225.73866383847403,0.925,620.9126170517621,574.34417077288,46.56844627888211,1.0,0,0,0.3930372681152198,225.73866383847403,0.925,620.9126170517621,574.34417077288,46.56844627888211,0.0,0,0,0.08724817754776784,0.0,0.88,0.0,0.0,0.0,1.0,,,0.101,174.1373289883403,1724.1319701815871,1724.1319701815871,0.0,53.4480910756292,0.0,,,217.45808632919977,-1.1368683772161603e-13,93.5069771215559,3.0,1143.3521185008908,0.0,-0.0,0.0,116.1645752396905
13,1,14,0.1016,0.0,1143.352118500965,,,,0,0.0,1,1941.5900565108077,1941.5900565108077,-0.0,310.65440904172925,64.46078987615881,0.0,,,291.23746387827794,1941.5900565108077,1863.9264542503752,77.6636022604323,1941.5900565108077,0.0,1.0,0.0,0.0,0.1560360929333021,98.4487087279509,0.96,657.2244685857245,630.9354898422955,26.28897874342897,1.0,0.0,0.0,0.1563586114703433,96.39437757516333,0.96,642.182793962541,616.4954822040394,25.687311758501664,1.0,0.0,0.0,0.15635861147034336,96.39437757516355,0.96,642.1827939625422,616.4954822040405,25.687311758501664,,,,677.9773256343376,1863.9264542503752,1724.1319701816756,139.79448406878453,1863.9264542504602,-8.503775461576879e-11,1.0,0,0,0.3936093592595704,226.49999795737884,0.925,622.1012201469191,575.4436286359002,46.65759151101895,1.0,0,0,0.39303726811522366,225.7386638384792,0.925,620.9126170517703,574.3441707728875,46.56844627888279,1.0,0,0,0.3930372681152239,225.7386638384795,0.925,620.9126170517708,574.344170772888,46.56844627888279,0.0,0,0,0.08724817754776784,0.0,0.88,0.0,0.0,0.0,1.0,,,0.101,174.13732898834925,1724.1319701816756,1724.1319701816756,0.0,53.44809107563194,0.0,,,217.4580863291318,1.4210854715202004e-13,93.50697712152667,3.0,1143.352118500965,0.0,-0.0,0.0,116.16457523969804
14,1,15,0.1016,0.0,1143.3521185009704,,,,0,0.0,1,1941.590056510885,1941.590056510885,-0.0,310.6544090417416,64.46078987616139,0.0,,,291.2374638782886,1941.590056510885,1863.9264542504498,77.66360226043548,1941.590056510885,0.0,1.0,0.0,0.0,0.15603609293330073,98.44870872796086,0.96,657.2244685857968,630.9354898423649,26.288978743431926,1.0,0.0,0.0,0.15635861147034333,96.39437757516377,0.96,642.1827939625439,616.4954822040421,25.687311758501778,1.0,0.0,0.0,0.1563586114703433,96.39437757516383,0.96,642.1827939625443,616.4954822040426,25.687311758501778,,,,677.977325634333,1863.9264542504498,1724.1319701816692,139.79448406878385,1863.926454250453,-3.183231456205249e-12,1.0,0,0,0.3936093592595754,226.49999795738552,0.925,622.1012201469294,575.4436286359098,46.65759151101963,1.0,0,0,0.39303726811521955,225.7386638384737,0.925,620.9126170517617,574.3441707728796,46.56844627888211,1.0,0,0,0.39303726811521955,225.73866383847377,0.925,620.9126170517618,574.3441707728797,46.56844627888211,0.0,0,0,0.08724817754776784,0.0,0.88,0.0,0.0,0.0,1.0,,,0.101,174.1373289883486,1724.1319701816692,1724.1319701816692,0.0,53.448091075631744,0.0,,,217.45808632921614,1.1368683772161603e-13,93.50697712156294,3.0,1143.3521185009704,0.0,-0.0,0.0,116.16457523969859
15,1,16,0.1016,0.0,1143.352118500967,,,,0,0.0,1,1941.590056510881,1941.590056510881,-0.0,310.65440904174096,64.46078987616124,0.0,,,291.2374638782876,1941.590056510881,1863.9264542504457,77.66360226043537,1941.590056510881,0.0,1.0,0.0,0.0,0.15603609293329987,98.44870872796072,0.96,657.2244685857995,630.9354898423675,26.28897874343204,1.0,0.0,0.0,0.15635861147034344,96.39437757516336,0.96,642.1827939625407,616.495482204039,25.687311758501664,1.0,0.0,0.0,0.15635861147034325,96.39437757516326,0.96,642.1827939625408,616.4954822040391,25.687311758501664,,,,677.9773256343311,1863.9264542504457,1724.1319701816662,139.79448406878373,1863.9264542504502,-4.547473508864641e-12,1.0,0,0,0.3936093592595744,226.49999795738418,0.925,622.1012201469274,575.4436286359079,46.65759151101952,1.0,0,0,0.39303726811521933,225.73866383847337,0.925,620.9126170517611,574.344170772879,46.56844627888211,1.0,0,0,0.39303726811521944,225.73866383847357,0.925,620.9126170517615,574.3441707728794,46.56844627888211,0.0,0,0,0.08724817754776784,0.0,0.88,0.0,0.0,0.0,1.0,,,0.101,174.13732898834832,1724.1319701816662,1724.1319701816662,0.0,53.44809107563165,0.0,,,217.45808632921455,-5.684341886080802e-14,93.50697712156226,3.0,1143.352118500967,0.0,-0.0,0.0,116.16457523969824
16,1,17,0.1016,0.0,1143.3521185009718,,,,0,0.0,1,1941.590056510886,1941.590056510886,-0.0,310.65440904174176,64.46078987616141,0.0,,,291.2374638782878,1941.590056510886,1863.9264542504507,77.66360226043548,1941.590056510886,0.0,1.0,0.0,0.0,0.15603609293329931,98.44870872796226,0.96,657.224468585812,630.9354898423795,26.288978743432494,1.0,0.0,0.0,0.15635861147034344,96.39437757516257,0.96,642.1827939625354,616.4954822040339,25.687311758501437,1.0,0.0,0.0,0.15635861147034336,96.39437757516302,0.96,642.1827939625387,616.4954822040371,25.68731175850155,,,,677.9773256343351,1863.9264542504507,1724.1319701816722,139.7944840687842,1863.9264542504561,-5.4569682106375694e-12,1.0,0,0,0.39360935925957763,226.4999979573885,0.925,622.1012201469342,575.4436286359141,46.65759151102009,1.0,0,0,0.3930372681152192,225.73866383847326,0.925,620.9126170517609,574.3441707728789,46.56844627888199,1.0,0,0,0.39303726811521933,225.7386638384734,0.925,620.9126170517612,574.3441707728791,46.56844627888211,0.0,0,0,0.08724817754776784,0.0,0.88,0.0,0.0,0.0,1.0,,,0.101,174.1373289883489,1724.1319701816722,1724.1319701816722,0.0,53.44809107563184,0.0,,,217.4580863292142,-8.526512829121202e-14,93.50697712156212,3.0,1143.3521185009718,0.0,-0.0,0.0,116.16457523969872
17,1,18,0.15246,0.0,885.2687420466716,,,,0,0.0,1,1625.0648057008293,1625.0648057008293,-0.0,260.0103689121327,53.95215154926753,0.0,,,252.97069220140804,1625.0648057008293,1560.0622134727962,65.00259222803322,1625.0648057008293,0.0,1.0,0.0,0.0,0.1560360929332995,98.44870872795993,0.96,657.2244685857956,630.9354898423638,26.288978743431812,1.0,0.0,0.0,0.1655921870420339,78.07669520734683,0.96,491.1457013388048,471.4998732852526,19.645828053552236,1.0,0.0,0.0,0.16704720933319378,76.44528826610137,0.96,476.69463577622884,457.62685034517966,19.067785431049174,,,,488.3668437380127,1560.0622134727962,1425.0614466064444,135.00076686635515,1560.0622134727994,-3.183231456205249e-12,1.0,0,0,0.3427006273101889,162.7909815904059,0.9134641652930519,520.0246466535913,475.023879787237,45.0007668663543,1.0,0,0,0.342700854581623,162.79135235551965,0.9134656399661428,520.0246466535939,475.02464665359247,45.00000000000142,1.0,0,0,0.3426949097202066,162.7845097920871,0.9134636885836072,520.0129201656143,475.0129201656149,44.99999999999943,0.0,0,0,0.08724817754776784,0.0,0.88,0.0,0.0,0.0,1.0,,,0.101,143.9312061072509,1425.0614466064444,1425.0614466064444,0.0,44.17690484479978,0.0,,,200.0033590943852,0.0,86.00144441058563,3.0,885.2687420466716,0.0,0.0,0.0,134.96807241243556
18,1,19,0.15246,0.0,885.2687420491364,,,,0,0.0,1,1625.0648057008252,1625.0648057008252,-0.0,260.01036891213204,53.9521515492674,0.0,,,252.97069220140747,1625.0648057008252,1560.0622134727919,65.00259222803311,1625.0648057008252,0.0,1.0,0.0,0.0,0.1560360929332995,98.4487087279596,0.96,657.2244685857935,630.9354898423617,26.288978743431812,1.0,0.0,0.0,0.16559218704203457,78.07669520734605,0.96,491.14570133879795,471.499873285246,19.645828053551952,1.0,0.0,0.0,0.1670472093331932,76.44528826610188,0.96,476.69463577623367,457.6268503451843,19.067785431049344,,,,488.366843740052,1560.0622134727919,1425.0614466106629,135.00076686213458,1560.0622134727973,-5.4569682106375694e-12,1.0,0,0,0.34270085458162247,162.79135235551922,0.9134656399661458,520.0246466535917,475.024646653592,44.999999999999716,1.0,0,0,0.3427006273114396,162.79098159244595,0.9134641653011643,520.0246466535921,475.02387979145635,45.00076686213572,1.0,0,0,0.34269490972020633,162.78450979208685,0.9134636885836076,520.0129201656137,475.0129201656145,44.99999999999915,0.0,0,0,0.08724817754776784,0.0,0.88,0.0,0.0,0.0,1.0,,,0.101,143.93120610767696,1425.0614466106629,1425.0614466106629,0.0,44.17690484493055,0.0,,,200.00335909016223,2.842170943040401e-14,86.00144440876976,3.0,885.2687420491364,0.0,0.0,0.0,134.96807241281135
19,1,20,0.15246,0.0,885.2687420466553,,,,0,0.0,1,1625.0648057008182,1625.0648057008182,-0.0,260.0103689121309,53.952151549267164,0.0,,,252.97069220140344,1625.0648057008182,1560.0622134727855,65.00259222803282,1625.0648057008182,0.0,1.0,0.0,0.0,0.15603609293329967,98.44870872795885,0.96,657.2244685857878,630.9354898423562,26.288978743431585,1.0,0.0,0.0,0.16559218704202786,78.07669520734278,0.96,491.14570133879727,471.49987328524537,19.645828053551895,1.0,0.0,0.0,0.16704720933319334,76.44528826610185,0.96,476.6946357762331,457.62685034518375,19.067785431049344,,,,488.36684373800284,1560.0622134727855,1425.061446606426,135.0007668663642,1560.06221347279,-4.547473508864641e-12,1.0,0,0,0.34270085458162225,162.79135235551902,0.9134656399661457,520.0246466535914,475.0246466535917,44.999999999999716,1.0,0,0,0.3427006273101868,162.79098159040188,0.9134641652930313,520.0246466535934,475.0238797872283,45.000766866365154,1.0,0,0,0.34269490972020206,162.7845097920819,0.9134636885836058,520.0129201656054,475.01292016560603,44.99999999999932,0.0,0,0,0.08724817754776784,0.0,0.88,0.0,0.0,0.0,1.0,,,0.101,143.93120610724904,1425.061446606426,1425.061446606426,0.0,44.1769048447992,0.0,,,200.00335909439247,-2.842170943040401e-14,86.00144441058876,3.0,885.2687420466553,0.0,0.0,0.0,134.9680724124331
20,1,21,0.15246,0.0,885.2687420466686,,,,0,0.0,1,1625.0648057008084,1625.0648057008084,-0.0,260.01036891212937,53.95215154926684,0.0,,,252.97069220140634,1625.0648057008084,1560.0622134727762,65.00259222803243,1625.0648057008084,0.0,1.0,0.0,0.0,0.15603609293329923,98.44870872796241,0.96,657.2244685858135,630.9354898423809,26.288978743432608,1.0,0.0,0.0,0.16559218704203824,78.07669520734206,0.96,491.1457013387619,471.49987328521144,19.645828053550474,1.0,0.0,0.0,0.16704720933319334,76.44528826610185,0.96,476.6946357762331,457.62685034518375,19.067785431049344,,,,488.36684373883895,1560.0622134727762,1425.0614465982508,135.00076687453043,1560.062213472781,-4.774847184307873e-12,1.0,0,0,0.3427008545816205,162.79135235551695,0.9134656399661452,520.0246466535879,475.02464665358815,44.999999999999716,1.0,0,0,0.34270085458162003,162.79135235551672,0.9134656399661484,520.0246466535859,475.02464665358804,44.9999999999979,1.0,0,0,0.34269468244122075,162.78413902780528,0.9134622138615296,520.0129201656074,475.0121532910746,45.000766874532815,0.0,0,0,0.08724817754776784,0.0,0.88,0.0,0.0,0.0,1.0,,,0.101,143.93120610642333,1425.0614465982508,1425.0614465982508,0.0,44.176904844545774,0.0,,,200.00335910255808,2.842170943040401e-14,86.00144441409998,3.0,885.2687420466686,0.0,0.0,0.0,134.9680724124351
21,1,22,0.15246,0.0,885.268742056076,,,,0,0.0,1,1625.064805700759,1625.064805700759,-0.0,260.01036891212146,53.9521515492652,0.0,,,252.97069220139934,1625.064805700759,1560.0622134727287,65.00259222803038,1625.064805700759,0.0,1.0,0.0,0.0,0.15603609293330017,98.44870872795512,0.96,657.2244685857607,630.9354898423303,26.288978743430448,1.0,0.0,0.0,0.16559218704203807,78.07669520734221,0.96,491.14570133876333,471.4998732852128,19.64582805355053,1.0,0.0,0.0,0.16704720933319311,76.44528826610204,0.96,476.6946357762349,457.6268503451855,19.0677854310494,,,,488.3668437457981,1560.0622134727287,1425.0614466225604,135.00076685017558,1560.062213472736,-7.275957614183426e-12,1.0,0,0,0.3427008545816205,162.79135235551806,0.9134656399661598,520.0246466535831,475.0246466535914,44.9999999999917,1.0,0,0,0.3427006273149775,162.79098159821925,0.9134641653241408,520.0246466535856,475.0238798033988,45.00076685018678,1.0,0,0,0.34269490972018346,162.78450979206082,0.9134636885836038,520.0129201655674,475.0129201655703,44.9999999999971,0.0,0,0,0.08724817754776784,0.0,0.88,0.0,0.0,0.0,1.0,,,0.101,143.9312061088786,1425.0614466225604,1425.0614466225604,0.0,44.176904845299376,0.0,,,200.00335907819868,0.0,86.00144440362543,3.0,885.268742056076,0.0,0.0,0.0,134.96807241386935
22,1,23,0.1016,0.0,1143.3849064065214,,,,0,0.0,1,1941.6266576451076,1941.6266576451076,-0.0,310.6602652232172,64.46200503381758,0.0,,,291.242394941821,1941.6266576451076,1863.9615913393031,77.66506630580443,1941.6266576451076,0.0,1.0,0.0,0.0,0.15603609293330015,98.44870872795505,0.96,657.2244685857604,630.93548984233,26.288978743430448,1.0,0.0,0.0,0.15635594025559435,96.40876182147399,0.96,642.2895951370305,616.5980113315492,25.691583805481287,1.0,0.0,0.0,0.15636037022019217,96.38492439239168,0.96,642.1125939223166,616.4280901654239,25.684503756892695,,,,678.0018997938259,1863.9615913393031,1724.164471988856,139.7971193504476,1863.9615913393036,-4.547473508864641e-13,1.0,0,0,0.39369859487610914,226.6188653851685,0.925,622.2866202025982,575.6151236874034,46.671496515194804,1.0,0,0,0.39369859487610914,226.6188653851686,0.925,622.2866202025984,575.6151236874036,46.671496515194804,1.0,0,0,0.3923036177056781,224.76416902348893,0.925,619.3883509341068,572.9342246140488,46.45412632005798,0.0,0,0,0.08724817754776784,0.0,0.88,0.0,0.0,0.0,1.0,,,0.101,174.14061167087445,1724.164471988856,1724.164471988856,0.0,53.44909863165453,0.0,,,217.46218565625156,2.842170943040401e-14,93.50873983218817,3.0,1143.3849064065214,0.0,-0.0,0.0,116.16790649090257
23,1,24,0.1016,0.0,1143.3849064065282,,,,0,0.0,1,1941.626657645109,1941.626657645109,-0.0,310.66026522321744,64.46200503381762,0.0,,,291.2423949418212,1941.626657645109,1863.9615913393045,77.66506630580432,1941.626657645109,0.0,1.0,0.0,0.0,0.1560360929333002,98.44870872795522,0.96,657.2244685857613,630.9354898423309,26.288978743430448,1.0,0.0,0.0,0.15635594025559407,96.4087618214733,0.96,642.2895951370269,616.5980113315459,25.69158380548106,1.0,0.0,0.0,0.15636037022019217,96.38492439239232,0.96,642.1125939223208,616.428090165428,25.68450375689281,,,,678.0018997938317,1863.9615913393045,1724.1644719888639,139.79711935044827,1863.9615913393122,-7.73070496506989e-12,1.0,0,0,0.3936985948761097,226.61886538516927,0.925,622.2866202025995,575.6151236874045,46.67149651519492,1.0,0,0,0.39369859487611214,226.6188653851725,0.925,622.2866202026045,575.6151236874092,46.67149651519526,1.0,0,0,0.3923036177056789,224.76416902348993,0.925,619.3883509341083,572.9342246140502,46.454126320058094,0.0,0,0,0.08724817754776784,0.0,0.88,0.0,0.0,0.0,1.0,,,0.101,174.14061167087527,1724.1644719888639,1724.1644719888639,0.0,53.44909863165478,0.0,,,217.46218565624486,0.0,93.50873983218528,3.0,1143.3849064065282,0.0,-0.0,0.0,116.16790649090326
24,1,25,0.1016,0.0,1143.384906406517,,,,0,0.0,1,1941.626657645088,1941.626657645088,-0.0,310.6602652232141,64.46200503381692,0.0,,,291.24239494181813,1941.626657645088,1863.9615913392845,77.66506630580363,1941.626657645088,0.0,1.0,0.0,0.0,0.1560360929333002,98.4487087279538,0.96,657.2244685857519,630.9354898423218,26.288978743430107,1.0,0.0,0.0,0.15635594025559446,96.4087618214734,0.96,642.289595137026,616.598011331545,25.69158380548106,1.0,0.0,0.0,0.1563603702201923,96.38492439239083,0.96,642.1125939223103,616.4280901654179,25.684503756892468,,,,678.0018997938247,1863.9615913392845,1724.164471988854,139.7971193504476,1863.9615913393015,-1.7053025658242404e-11,1.0,0,0,0.39369859487610936,226.61886538516885,0.925,622.2866202025989,575.615123687404,46.67149651519492,1.0,0,0,0.3936985948761095,226.618865385169,0.925,622.2866202025991,575.6151236874042,46.67149651519492,1.0,0,0,0.39230361770567657,224.76416902348683,0.925,619.3883509341035,572.9342246140458,46.45412632005775,0.0,0,0,0.08724817754776784,0.0,0.88,0.0,0.0,0.0,1.0,,,0.101,174.14061167087428,1724.164471988854,1724.164471988854,0.0,53.44909863165448,0.0,,,217.46218565623417,-2.842170943040401e-14,93.5087398321807,3.0,1143.384906406517,0.0,-0.0,0.0,116.16790649090213
25,1,26,0.1016,0.0,1143.3849064065193,,,,0,0.0,1,1941.6266576451021,1941.6266576451021,-0.0,310.66026522321636,64.46200503381739,0.0,,,291.24239494181995,1941.6266576451021,1863.961591339298,77.66506630580409,1941.6266576451021,0.0,1.0,0.0,0.0,0.15603609293330015,98.44870872795522,0.96,657.2244685857615,630.9354898423311,26.288978743430448,1.0,0.0,0.0,0.15635594025559454,96.4087618214732,0.96,642.2895951370243,616.5980113315434,25.691583805480946,1.0,0.0,0.0,0.1563603702201922,96.38492439239164,0.96,642.1125939223163,616.4280901654236,25.684503756892695,,,,678.0018997938251,1863.961591339298,1724.1644719888545,139.7971193504476,1863.9615913393022,-4.320099833421409e-12,1.0,0,0,0.3936985948761088,226.61886538516808,0.925,622.2866202025976,575.6151236874028,46.671496515194804,1.0,0,0,0.3936985948761089,226.6188653851682,0.925,622.2866202025978,575.615123687403,46.671496515194804,1.0,0,0,0.3923036177056781,224.76416902348885,0.925,619.3883509341066,572.9342246140486,46.45412632005798,0.0,0,0,0.08724817754776784,0.0,0.88,0.0,0.0,0.0,1.0,,,0.101,174.1406116708743,1724.1644719888545,1724.1644719888545,0.0,53.44909863165449,0.0,,,217.46218565624736,-5.684341886080802e-14,93.50873983218636,3.0,1143.3849064065193,0.0,-0.0,0.0,116.16790649090237
26,1,27,0.1016,0.0,1143.3849064065325,,,,0,0.0,1,1941.6266576450987,1941.6266576450987,-0.0,310.6602652232158,64.46200503381728,0.0,,,291.2423949418197,1941.6266576450987,1863.9615913392947,77.66506630580398,1941.6266576450987,0.0,1.0,0.0,0.0,0.15603609293329992,98.4487087279564,0.96,657.2244685857703,630.9354898423395,26.28897874343079,1.0,0.0,0.0,0.15635594025559413,96.40876182147467,0.96,642.2895951370359,616.5980113315544,25.691583805481514,1.0,0.0,0.0,0.1563603702201928,96.38492439238847,0.96,642.1125939222925,616.4280901654008,25.684503756891672,,,,678.0018997938369,1863.9615913392947,1724.1644719888714,139.79711935044895,1863.9615913393204,-2.5693225325085223e-11,1.0,0,0,0.3936985948761219,226.6188653851855,0.925,622.2866202026248,575.615123687428,46.67149651519685,1.0,0,0,0.39369859487610437,226.61886538516217,0.925,622.2866202025884,575.6151236873943,46.67149651519412,1.0,0,0,0.39230361770567834,224.7641690234892,0.925,619.3883509341072,572.9342246140492,46.45412632005798,0.0,0,0,0.08724817754776784,0.0,0.88,0.0,0.0,0.0,1.0,,,0.101,174.140611670876,1724.1644719888714,1724.1644719888714,0.0,53.44909863165501,0.0,,,217.46218565622723,-5.684341886080802e-14,93.50873983217771,3.0,1143.3849064065325,0.0,-0.0,0.0,116.1679064909037
27,1,28,0.1016,0.0,1143.3849064065428,,,,0,0.0,1,1941.6266576451317,1941.6266576451317,-0.0,310.6602652232211,64.46200503381837,0.0,,,291.2423949418237,1941.6266576451317,1863.9615913393263,77.66506630580534,1941.6266576451317,0.0,1.0,0.0,0.0,0.15603609293330106,98.44870872794804,0.96,657.2244685857098,630.9354898422814,26.2889787434284,1.0,0.0,0.0,0.15635594025559413,96.40876182147458,0.96,642.2895951370352,616.5980113315538,25.6915838054814,1.0,0.0,0.0,0.15636037022019045,96.3849243924011,0.96,642.1125939223865,616.428090165491,25.684503756895538,,,,678.0018997938422,1863.9615913393263,1724.1644719888793,139.79711935044952,1863.9615913393286,-2.2737367544323206e-12,1.0,0,0,0.39369859487611425,226.61886538517538,0.925,622.286620202609,575.6151236874134,46.6714965151956,1.0,0,0,0.39369859487611447,226.61886538517558,0.925,622.2866202026094,575.6151236874136,46.67149651519571,1.0,0,0,0.3923036177056799,224.7641690234913,0.925,619.3883509341105,572.9342246140523,46.45412632005821,0.0,0,0,0.08724817754776784,0.0,0.88,0.0,0.0,0.0,1.0,,,0.101,174.1406116708768,1724.1644719888793,1724.1644719888793,0.0,53.44909863165526,0.0,,,217.4621856562526,5.684341886080802e-14,93.50873983218861,3.0,1143.3849064065428,0.0,-0.0,0.0,116.16790649090474
28,1,29,0.1016,0.0,1143.3849064065375,,,,0,0.0,1,1941.626657645123,1941.626657645123,-0.0,310.6602652232197,64.46200503381809,0.0,,,291.2423949418221,1941.626657645123,1863.9615913393184,77.66506630580488,1941.626657645123,0.0,1.0,0.0,0.0,0.15603609293329862,98.44870872795674,0.96,657.2244685857781,630.935489842347,26.28897874343113,1.0,0.0,0.0,0.15635594025559607,96.40876182146431,0.96,642.2895951369588,616.5980113314805,25.69158380547833,1.0,0.0,0.0,0.15636037022019061,96.38492439240119,0.96,642.1125939223863,616.4280901654909,25.684503756895424,,,,678.001899793839,1863.9615913393184,1724.1644719888745,139.79711935044918,1863.9615913393238,-5.4569682106375694e-12,1.0,0,0,0.3936985948761137,226.61886538517462,0.925,622.2866202026079,575.6151236874123,46.6714965151956,1.0,0,0,0.39369859487611414,226.6188653851752,0.925,622.2866202026088,575.6151236874132,46.6714965151956,1.0,0,0,0.39230361770567834,224.7641690234892,0.925,619.3883509341072,572.9342246140492,46.45412632005798,0.0,0,0,0.08724817754776784,0.0,0.88,0.0,0.0,0.0,1.0,,,0.101,174.14061167087635,1724.1644719888745,1724.1644719888745,0.0,53.44909863165511,0.0,,,217.4621856562486,5.684341886080802e-14,93.5087398321869,3.0,1143.3849064065375,0.0,-0.0,0.0,116.16790649090422
29,1,30,0.1016,0.0,1143.384906406524,,,,0,0.0,1,1941.6266576451048,1941.6266576451048,-0.0,310.66026522321675,64.46200503381748,0.0,,,291.24239494182086,1941.6266576451048,1863.9615913393004,77.66506630580432,1941.6266576451048,0.0,1.0,0.0,0.0,0.1560360929332988,98.44870872796557,0.96,657.2244685858363,630.9354898424028,26.288978743433518,1.0,0.0,0.0,0.15635594025559615,96.40876182146424,0.96,642.289595136958,616.5980113314797,25.69158380547833,1.0,0.0,0.0,0.15636037022019236,96.38492439239086,0.96,642.1125939223103,616.4280901654179,25.684503756892468,,,,678.0018997938283,1863.9615913393004,1724.164471988859,139.79711935044793,1863.961591339307,-6.59383658785373e-12,1.0,0,0,0.3936985948761099,226.61886538516956,0.925,622.2866202025999,575.615123687405,46.67149651519492,1.0,0,0,0.39369859487611014,226.61886538516984,0.925,622.2866202026004,575.6151236874053,46.67149651519503,1.0,0,0,0.3923036177056781,224.7641690234889,0.925,619.3883509341067,572.9342246140487,46.45412632005798,0.0,0,0,0.08724817754776784,0.0,0.88,0.0,0.0,0.0,1.0,,,0.101,174.1406116708748,1724.164471988859,1724.164471988859,0.0,53.44909863165463,0.0,,,217.46218565624565,-8.526512829121202e-14,93.50873983218563,3.0,1143.384906406524,0.0,-0.0,0.0,116.16790649090282
30,1,31,0.1016,0.0,1143.3849064065198,,,,0,0.0,1,1941.626657645105,1941.626657645105,-0.0,310.6602652232168,64.46200503381749,0.0,,,291.2423949418203,1941.626657645105,1863.9615913393009,77.6650663058042,1941.626657645105,0.0,1.0,0.0,0.0,0.15603609293329967,98.44870872795478,0.96,657.2244685857606,630.9354898423302,26.288978743430448,1.0,0.0,0.0,0.15635594025559452,96.40876182147271,0.96,642.2895951370211,616.5980113315403,25.691583805480832,1.0,0.0,0.0,0.156360370220192,96.38492439239258,0.96,642.1125939223232,616.4280901654303,25.684503756892923,,,,678.0018997938253,1863.9615913393009,1724.164471988855,139.7971193504476,1863.9615913393022,-1.3642420526593924e-12,1.0,0,0,0.3936985948761097,226.6188653851693,0.925,622.2866202025996,575.6151236874047,46.67149651519492,1.0,0,0,0.3936985948761098,226.6188653851694,0.925,622.2866202025997,575.6151236874048,46.67149651519492,1.0,0,0,0.39230361770567634,224.76416902348655,0.925,619.3883509341031,572.9342246140453,46.45412632005775,0.0,0,0,0.08724817754776784,0.0,0.88,0.0,0.0,0.0,1.0,,,0.101,174.14061167087436,1724.164471988855,1724.164471988855,0.0,53.44909863165451,0.0,,,217.46218565625043,-1.1368683772161603e-13,93.50873983218769,3.0,1143.3849064065198,0.0,-0.0,0.0,116.16790649090241
31,1,32,0.1016,0.0,1143.384906406533,,,,0,0.0,1,1941.6266576450853,1941.6266576450853,-0.0,310.6602652232136,64.46200503381684,0.0,,,291.242394941822,1941.6266576450853,1863.961591339282,77.6650663058034,1941.6266576450853,0.0,1.0,0.0,0.0,0.1560360929333071,98.44870872795671,0.96,657.2244685857421,630.9354898423124,26.288978743429652,1.0,0.0,0.0,0.15635594025559463,96.40876182147274,0.96,642.2895951370209,616.5980113315401,25.691583805480832,1.0,0.0,0.0,0.15636037022019192,96.38492439239239,0.96,642.1125939223224,616.4280901654295,25.684503756892923,,,,678.0018997938353,1863.961591339282,1724.164471988869,139.79711935044872,1863.9615913393177,-3.5697667044587433e-11,1.0,0,0,0.3936985948761089,226.6188653851682,0.925,622.2866202025978,575.615123687403,46.671496515194804,1.0,0,0,0.3936985948761109,226.6188653851709,0.925,622.2866202026021,575.6151236874069,46.671496515195145,1.0,0,0,0.39230361770568356,224.76416902349612,0.925,619.388350934118,572.9342246140592,46.454126320058776,0.0,0,0,0.08724817754776784,0.0,0.88,0.0,0.0,0.0,1.0,,,0.101,174.14061167087578,1724.164471988869,1724.164471988869,0.0,53.44909863165494,0.0,,,217.46218565621643,-5.684341886080802e-14,93.50873983217306,3.0,1143.384906406533,0.0,-0.0,0.0,116.16790649090375
32,1,33,0.1016,0.0,1143.3849064065223,,,,0,0.0,1,1941.6266576451046,1941.6266576451046,-0.0,310.66026522321675,64.46200503381748,0.0,,,291.2423949418204,1941.6266576451046,1863.9615913393004,77.6650663058042,1941.6266576451046,0.0,1.0,0.0,0.0,0.15603609293330029,98.44870872795393,0.96,657.2244685857523,630.9354898423222,26.288978743430107,1.0,0.0,0.0,0.1563559402555943,96.40876182147431,0.96,642.2895951370327,616.5980113315514,25.691583805481287,1.0,0.0,0.0,0.15636037022019222,96.38492439239216,0.96,642.1125939223195,616.4280901654267,25.68450375689281,,,,678.0018997938273,1863.9615913393004,1724.1644719888577,139.79711935044782,1863.9615913393056,-5.229594535194337e-12,1.0,0,0,0.3936985948761086,226.61886538516774,0.925,622.2866202025971,575.6151236874023,46.671496515194804,1.0,0,0,0.39369859487610914,226.61886538516853,0.925,622.2866202025983,575.6151236874035,46.671496515194804,1.0,0,0,0.3923036177056798,224.7641690234911,0.925,619.3883509341101,572.9342246140519,46.45412632005821,0.0,0,0,0.08724817754776784,0.0,0.88,0.0,0.0,0.0,1.0,,,0.101,174.14061167087465,1724.1644719888577,1724.1644719888577,0.0,53.449098631654586,0.0,,,217.4621856562468,-5.684341886080802e-14,93.50873983218612,3.0,1143.3849064065223,0.0,-0.0,0.0,116.16790649090267
33,1,34,0.1016,0.0,1143.3849064065216,,,,0,0.0,1,1941.6266576451035,1941.6266576451035,-0.0,310.6602652232166,64.46200503381743,0.0,,,291.2423949418197,1941.6266576451035,1863.9615913392995,77.6650663058042,1941.6266576451035,0.0,1.0,0.0,0.0,0.15603609293329904,98.44870872795445,0.96,657.2244685857611,630.9354898423306,26.288978743430448,1.0,0.0,0.0,0.15635594025559452,96.40876182147308,0.96,642.2895951370236,616.5980113315427,25.691583805480946,1.0,0.0,0.0,0.15636037022019225,96.38492439239205,0.96,642.1125939223188,616.4280901654259,25.68450375689281,,,,678.0018997938273,1863.9615913392995,1724.1644719888577,139.79711935044782,1863.9615913393054,-5.9117155615240335e-12,1.0,0,0,0.3936985948761088,226.61886538516808,0.925,622.2866202025976,575.6151236874028,46.671496515194804,1.0,0,0,0.3936985948761089,226.61886538516822,0.925,622.2866202025979,575.6151236874031,46.671496515194804,1.0,0,0,0.3923036177056797,224.76416902349098,0.925,619.38835093411,572.9342246140518,46.45412632005821,0.0,0,0,0.08724817754776784,0.0,0.88,0.0,0.0,0.0,1.0,,,0.101,174.14061167087465,1724.1644719888577,1724.1644719888577,0.0,53.449098631654586,0.0,,,217.4621856562461,-5.684341886080802e-14,93.50873983218582,3.0,1143.3849064065216,0.0,-0.0,0.0,116.1679064909026
34,1,35,0.1016,0.0,1143.384906404256,,,,0,0.0,1,1941.6266576450616,1941.6266576450616,-0.0,310.6602652232099,64.46200503381604,0.0,,,291.2423949427754,1941.6266576450616,1863.961591339259,77.66506630580261,1941.6266576450616,0.0,1.0,0.0,0.0,0.15603609293482365,98.44870872891251,0.96,657.2244685857352,630.9354898423057,26.288978743429425,1.0,0.0,0.0,0.1563559402555945,96.40876182147281,0.96,642.289595137022,616.5980113315411,25.691583805480946,1.0,0.0,0.0,0.1563603702201925,96.38492439239005,0.96,642.1125939223044,616.4280901654122,25.68450375689224,,,,678.0018997910158,1863.961591339259,1724.1644719848018,139.79711935011892,1863.961591334921,4.3380623537814245e-09,1.0,0,0,0.39369859487399395,226.6188653823506,0.925,622.2866201982038,575.6151236833385,46.671496514865225,1.0,0,0,0.3936985948761136,226.61886538517444,0.925,622.2866202026075,575.615123687412,46.671496515195486,1.0,0,0,0.39230361770567956,224.76416902349078,0.925,619.3883509341097,572.9342246140515,46.45412632005821,0.0,0,0,0.08724817754776784,0.0,0.88,0.0,0.0,0.0,1.0,,,0.101,174.140611670465,1724.1644719848018,1724.1644719848018,0.0,53.449098631528855,0.0,,,217.4621856602596,-1.4210854715202004e-13,93.50873983391162,3.0,1143.384906404256,0.0,-0.0,0.0,116.16790649067241
35,1,36,0.1016,0.0,1143.3849064064912,,,,0,0.0,1,1941.6266576450657,1941.6266576450657,-0.0,310.6602652232105,64.46200503381618,0.0,,,291.2423949418152,1941.6266576450657,1863.9615913392631,77.66506630580272,1941.6266576450657,0.0,1.0,0.0,0.0,0.15603609293330065,98.44870872795128,0.96,657.2244685857331,630.9354898423038,26.28897874342931,1.0,0.0,0.0,0.1563559402555943,96.40876182147409,0.96,642.2895951370313,616.59801133155,25.691583805481287,1.0,0.0,0.0,0.15636037022019253,96.3849243923896,0.96,642.1125939223014,616.4280901654092,25.684503756892127,,,,678.0018997938048,1863.9615913392631,1724.164471988825,139.7971193504451,1863.9615913392702,-7.048583938740194e-12,1.0,0,0,0.3936985948761097,226.6188653851693,0.925,622.2866202025996,575.6151236874047,46.67149651519492,1.0,0,0,0.3936985948761128,226.61886538517342,0.925,622.286620202606,575.6151236874106,46.67149651519537,1.0,0,0,0.3923036177056579,224.76416902346207,0.925,619.3883509340646,572.9342246140098,46.4541263200548,0.0,0,0,0.08724817754776784,0.0,0.88,0.0,0.0,0.0,1.0,,,0.101,174.14061167087132,1724.164471988825,1724.164471988825,0.0,53.44909863165358,0.0,,,217.46218565624076,-1.4210854715202004e-13,93.50873983218352,3.0,1143.3849064064912,0.0,-0.0,0.0,116.1679064908995
36,1,37,0.1016,0.0,1143.3849064064852,,,,0,0.0,1,1941.626657645058,1941.626657645058,-0.0,310.6602652232093,64.46200503381593,0.0,,,291.24239494181404,1941.626657645058,1863.9615913392554,77.6650663058025,1941.626657645058,0.0,1.0,0.0,0.0,0.15603609293330092,98.44870872794907,0.96,657.2244685857172,630.9354898422885,26.288978743428743,1.0,0.0,0.0,0.15635594025559435,96.40876182147399,0.96,642.2895951370305,616.5980113315492,25.691583805481287,1.0,0.0,0.0,0.1563603702201923,96.38492439239083,0.96,642.1125939223103,616.4280901654179,25.684503756892468,,,,678.0018997938005,1863.9615913392554,1724.1644719888188,139.79711935044463,1863.9615913392636,-8.185452315956354e-12,1.0,0,0,0.3936985948761097,226.6188653851693,0.925,622.2866202025996,575.6151236874047,46.67149651519492,1.0,0,0,0.3936985948761098,226.61886538516944,0.925,622.2866202025998,575.6151236874049,46.67149651519492,1.0,0,0,0.3923036177056576,224.76416902346165,0.925,619.3883509340641,572.9342246140093,46.4541263200548,0.0,0,0,0.08724817754776784,0.0,0.88,0.0,0.0,0.0,1.0,,,0.101,174.14061167087073,1724.1644719888188,1724.1644719888188,0.0,53.449098631653385,0.0,,,217.46218565623894,0.0,93.50873983218274,3.0,1143.3849064064852,0.0,-0.0,0.0,116.1679064908989
37,1,38,0.1016,0.0,1143.3849064064666,,,,0,0.0,1,1941.626657645018,1941.626657645018,-0.0,310.6602652232029,64.46200503381459,0.0,,,291.2423949418087,1941.626657645018,1863.9615913392172,77.66506630580079,1941.626657645018,0.0,1.0,0.0,0.0,0.15603609293330092,98.44870872794903,0.96,657.224468585717,630.9354898422882,26.288978743428743,1.0,0.0,0.0,0.1563559402555944,96.40876182147397,0.96,642.28959513703,616.5980113315488,25.691583805481173,1.0,0.0,0.0,0.15636037022019342,96.3849243923856,0.96,642.112593922271,616.4280901653801,25.684503756890877,,,,678.0018997937889,1863.9615913392172,1724.164471988802,139.79711935044327,1863.9615913392454,-2.8194335754960775e-11,1.0,0,0,0.3936985948761099,226.61886538516956,0.925,622.2866202025999,575.615123687405,46.67149651519492,1.0,0,0,0.39369859487611014,226.61886538516987,0.925,622.2866202026005,575.6151236874055,46.67149651519503,1.0,0,0,0.39230361770564837,224.7641690234494,0.925,619.3883509340449,572.9342246139915,46.45412632005332,0.0,0,0,0.08724817754776784,0.0,0.88,0.0,0.0,0.0,1.0,,,0.101,174.14061167086902,1724.164471988802,1724.164471988802,0.0,53.44909863165286,0.0,,,217.46218565621587,0.0,93.50873983217282,3.0,1143.3849064064666,0.0,-0.0,0.0,116.167906490897
38,1,39,0.1016,0.0,1143.3849064064816,,,,0,0.0,1,1941.6266576450573,1941.6266576450573,-0.0,310.6602652232092,64.4620050338159,0.0,,,291.2423949418136,1941.6266576450573,1863.961591339255,77.66506630580238,1941.6266576450573,0.0,1.0,0.0,0.0,0.15603609293330087,98.44870872794974,0.96,657.2244685857219,630.935489842293,26.288978743428856,1.0,0.0,0.0,0.15635594025559252,96.40876182147848,0.96,642.2895951370679,616.5980113315851,25.691583805482765,1.0,0.0,0.0,0.15636037022019353,96.38492439238517,0.96,642.1125939222677,616.428090165377,25.684503756890763,,,,678.0018997937976,1863.961591339255,1724.1644719888147,139.7971193504444,1863.961591339259,-4.092726157978177e-12,1.0,0,0,0.39369859487611003,226.61886538516967,0.925,622.2866202026001,575.6151236874051,46.67149651519503,1.0,0,0,0.39369859487611003,226.61886538516973,0.925,622.2866202026003,575.6151236874052,46.67149651519503,1.0,0,0,0.39230361770565503,224.76416902345824,0.925,619.3883509340586,572.9342246140043,46.45412632005434,0.0,0,0,0.08724817754776784,0.0,0.88,0.0,0.0,0.0,1.0,,,0.101,174.1406116708703,1724.1644719888147,1724.1644719888147,0.0,53.44909863165326,0.0,,,217.4621856562427,8.526512829121202e-14,93.50873983218436,3.0,1143.3849064064816,0.0,-0.0,0.0,116.16790649089853
39,1,40,0.1016,0.0,1143.3849064064966,,,,0,0.0,1,1941.626657645064,1941.626657645064,-0.0,310.6602652232102,64.46200503381613,0.0,,,291.24239494181677,1941.626657645064,1863.9615913392613,77.66506630580261,1941.626657645064,0.0,1.0,0.0,0.0,0.1560360929333009,98.4487087279571,0.96,657.224468585771,630.9354898423401,26.288978743430903,1.0,0.0,0.0,0.1563559402555944,96.40876182147342,0.96,642.2895951370264,616.5980113315453,25.69158380548106,1.0,0.0,0.0,0.15636037022019542,96.3849243923862,0.96,642.1125939222667,616.428090165376,25.68450375689065,,,,678.001899793808,1863.9615913392613,1724.16447198883,139.79711935044566,1863.9615913392754,-1.4097167877480388e-11,1.0,0,0,0.3936985948761099,226.61886538516956,0.925,622.2866202025999,575.615123687405,46.67149651519492,1.0,0,0,0.39369859487611036,226.61886538517012,0.9249999999999999,622.286620202601,575.6151236874058,46.671496515195145,1.0,0,0,0.3923036177056627,224.76416902346836,0.925,619.3883509340745,572.934224614019,46.45412632005559,0.0,0,0,0.08724817754776784,0.0,0.88,0.0,0.0,0.0,1.0,,,0.101,174.14061167087183,1724.16447198883,1724.16447198883,0.0,53.449098631653726,0.0,,,217.46218565623417,2.842170943040401e-14,93.5087398321807,3.0,1143.3849064064966,0.0,-0.0,0.0,116.16790649090005
40,1,41,0.1016,0.0,1143.384906406488,,,,0,0.0,1,1941.6266576450737,1941.6266576450737,-0.0,310.6602652232118,64.46200503381645,0.0,,,291.2423949418094,1941.6266576450737,1863.9615913392709,77.66506630580295,1941.6266576450737,0.0,1.0,0.0,0.0,0.15603609293328863,98.44870872794964,0.96,657.2244685857728,630.9354898423419,26.288978743430903,1.0,0.0,0.0,0.1563559402555945,96.40876182147343,0.96,642.2895951370261,616.5980113315451,25.69158380548106,1.0,0.0,0.0,0.1563603702201932,96.38492439238604,0.96,642.1125939222748,616.4280901653838,25.68450375689099,,,,678.0018997938071,1863.9615913392709,1724.1644719888284,139.7971193504453,1863.9615913392736,-2.7284841053187847e-12,1.0,0,0,0.3936985948761098,226.6188653851694,0.925,622.2866202025997,575.6151236874048,46.67149651519492,1.0,0,0,0.3936985948761099,226.61886538516956,0.925,622.2866202025999,575.615123687405,46.67149651519492,1.0,0,0,0.39230361770566247,224.7641690234681,0.925,619.3883509340741,572.9342246140186,46.45412632005548,0.0,0,0,0.08724817754776784,0.0,0.88,0.0,0.0,0.0,1.0,,,0.101,174.14061167087166,1724.1644719888284,1724.1644719888284,0.0,53.449098631653676,0.0,,,217.46218565624554,-1.4210854715202004e-13,93.50873983218558,3.0,1143.384906406488,0.0,-0.0,0.0,116.16790649089917
41,1,42,0.15246,0.0,885.268742800279,,,,0,0.0,1,1625.1046027159402,1625.1046027159402,-0.0,260.01673643455047,53.95347281016922,0.0,,,252.97368392160934,1625.1046027159402,1560.1004186073026,65.00418410863773,1625.1046027159402,0.0,1.0,0.0,0.0,0.1560360929332888,98.44870872794945,0.96,657.2244685857709,630.93548984234,26.288978743430903,1.0,0.0,0.0,0.16629936360998146,77.26905141243263,0.96,483.99821547154124,464.6382868526796,19.35992861886166,1.0,0.0,0.0,0.16631107198328499,77.25592378122734,0.96,483.88191865862814,464.52664191228297,19.35527674634517,,,,488.3650301648696,1560.1004186073026,1425.0497892455453,135.05062936176455,1560.1004186073096,-7.048583938740194e-12,1.0,0,0,0.3426903246558972,162.77202484750964,0.9133697507715868,520.033472869102,474.9828435073344,45.05062936176756,1.0,0,0,0.34270532911169854,162.7965026586798,0.9134671086618206,520.0334728691033,475.03347286910514,44.99999999999818,1.0,0,0,0.34270532911169893,162.79650265868017,0.9134671086618196,520.0334728691045,475.03347286910565,44.999999999998806,0.0,0,0,0.08724817754776784,0.0,0.88,0.0,0.0,0.0,1.0,,,0.101,143.93002871380008,1425.0497892455453,1425.0497892455453,0.0,44.1765434666119,0.0,,,200.05481347039523,0.0,86.02356979226995,3.0,885.268742800279,0.0,0.0,0.0,134.96807252733055
42,1,43,0.15246,0.0,885.2687428002436,,,,0,0.0,1,1625.1046027159364,1625.1046027159364,-0.0,260.01673643454984,53.95347281016909,0.0,,,252.97368392160865,1625.1046027159364,1560.1004186072992,65.0041841086375,1625.1046027159364,0.0,1.0,0.0,0.0,0.15603609293330095,98.44870872794914,0.96,657.2244685857175,630.9354898422888,26.288978743428743,1.0,0.0,0.0,0.16629936360998246,77.26905141243154,0.96,483.99821547153147,464.6382868526702,19.35992861886126,1.0,0.0,0.0,0.166311071983266,77.25592378122802,0.96,483.8819186586876,464.5266419123401,19.3552767463475,,,,488.36503016484073,1560.1004186072992,1425.0497892454866,135.0506293618161,1560.1004186073028,-3.637978807091713e-12,1.0,0,0,0.3427053291116907,162.796502658671,0.913467108661821,520.0334728690868,475.03347286909025,44.99999999999659,1.0,0,0,0.34270532911170026,162.79650265868148,0.9134671086618178,520.0334728691076,475.03347286910764,45.0,1.0,0,0,0.3426903246558851,162.77202484748827,0.913369750771488,520.0334728691083,474.9828435072888,45.05062936181952,0.0,0,0,0.08724817754776784,0.0,0.88,0.0,0.0,0.0,1.0,,,0.101,143.93002871379417,1425.0497892454866,1425.0497892454866,0.0,44.176543466610084,0.0,,,200.05481347044997,0.0,86.02356979229349,3.0,885.2687428002436,0.0,0.0,0.0,134.96807252732515
43,1,44,0.15246,0.0,885.2687430367171,,,,0,0.0,1,1625.1046027160257,1625.1046027160257,-0.0,260.0167364345641,53.95347281017205,0.0,,,252.9736839215999,1625.1046027160257,1560.1004186073847,65.00418410864103,1625.1046027160257,0.0,1.0,0.0,0.0,0.1560360929332614,98.44870872794915,0.96,657.2244685858842,630.9354898424489,26.288978743435337,1.0,0.0,0.0,0.1662993636099825,77.26905141243151,0.96,483.99821547153124,464.63828685267,19.35992861886126,1.0,0.0,0.0,0.1663110719832737,77.25592378121925,0.96,483.88191865861035,464.5266419122659,19.35527674634443,,,,488.36503035615317,1560.1004186073847,1425.049789692713,135.05062891459391,1560.1004186073067,7.79891706770286e-11,1.0,0,0,0.34270507901703384,162.7960946494308,0.9134654858979889,520.0334728690877,475.03262897757986,45.000843891507884,1.0,0,0,0.3427053291116995,162.7965026586801,0.913467108661811,520.0334728691083,475.03347286910474,45.00000000000358,1.0,0,0,0.34269057488308285,162.7724330480422,0.9133713743953147,520.0334728691107,474.98368784602826,45.04978502308245,0.0,0,0,0.08724817754776784,0.0,0.88,0.0,0.0,0.0,1.0,,,0.101,143.93002875896403,1425.049789692713,1425.049789692713,0.0,44.1765434804741,0.0,,,200.05481302331293,-2.842170943040401e-14,86.02356960002456,3.0,885.2687430367171,0.0,0.0,0.0,134.9680725633779
44,1,45,0.15246,0.0,885.2687428061636,,,,0,0.0,1,1625.1046027160226,1625.1046027160226,-0.0,260.0167364345636,53.95347281017195,0.0,,,252.97368392162247,1625.1046027160226,1560.1004186073815,65.00418410864091,1625.1046027160226,0.0,1.0,0.0,0.0,0.1560360929332979,98.44870872797215,0.96,657.224468585884,630.9354898424486,26.288978743435337,1.0,0.0,0.0,0.16629936360998254,77.26905141243132,0.96,483.9982154715299,464.63828685266867,19.359928618861204,1.0,0.0,0.0,0.16631107198327377,77.255923781219,0.96,483.8819186586085,464.52664191226415,19.355276746344373,,,,488.3650301697265,1560.1004186073815,1425.049789255591,135.0506293517202,1560.1004186073112,7.02584657119587e-11,1.0,0,0,0.3427053291116974,162.79650265867843,0.9134671086618203,520.0334728691009,475.0334728691028,44.999999999998124,1.0,0,0,0.3426903246588758,162.77202485236825,0.9133697507909088,520.0334728691034,474.9828435173838,45.050629351719635,1.0,0,0,0.3427053291116991,162.7965026586798,0.9134671086618129,520.0334728691068,475.0334728691044,45.000000000002444,0.0,0,0,0.08724817754776784,0.0,0.88,0.0,0.0,0.0,1.0,,,0.101,143.93002871481468,1425.049789255591,1425.049789255591,0.0,44.17654346692332,0.0,,,200.05481346043138,-1.1368683772161603e-13,86.0235697879855,3.0,885.2687428061635,0.0,0.0,0.0,134.9680725282277
45,1,46,0.15246,0.0,885.2687428002386,,,,0,0.0,1,1625.104602716008,1625.104602716008,-0.0,260.01673643456127,53.95347281017147,0.0,,,252.97368392162065,1625.104602716008,1560.1004186073676,65.0041841086404,1625.104602716008,0.0,1.0,0.0,0.0,0.15603609293329812,98.44870872797073,0.96,657.2244685858736,630.9354898424386,26.288978743434996,1.0,0.0,0.0,0.16629936360998285,77.26905141243093,0.96,483.9982154715265,464.63828685266543,19.35992861886109,1.0,0.0,0.0,0.16631107198327405,77.25592378121905,0.96,483.88191865860796,464.52664191226364,19.355276746344316,,,,488.3650301648268,1560.1004186073676,1425.0497892454566,135.0506293618534,1560.1004186073098,5.775291356258094e-11,1.0,0,0,0.34269032465587224,162.77202484746863,0.9133697507714209,520.0334728691032,474.9828435072493,45.05062936185391,1.0,0,0,0.3427053291116981,162.79650265867903,0.9134671086618176,520.0334728691033,475.03347286910355,44.99999999999977,1.0,0,0,0.34270532911169815,162.79650265867912,0.9134671086618177,520.0334728691034,475.0334728691037,44.999999999999716,0.0,0,0,0.08724817754776784,0.0,0.88,0.0,0.0,0.0,1.0,,,0.101,143.93002871379113,1425.0497892454566,1425.0497892454566,0.0,44.176543466609154,0.0,,,200.05481347055155,2.842170943040401e-14,86.02356979233717,3.0,885.2687428002386,0.0,0.0,0.0,134.96807252732438
46,1,47,0.1016,0.0,1143.3674384467056,,,,0,0.0,1,1941.6030527399546,1941.6030527399546,-0.0,310.6564884383927,64.4612213509665,0.0,,,291.23921408178774,1941.6030527399546,1863.9389306303565,77.66412210959834,1941.6030527399546,0.0,1.0,0.0,0.0,0.15603609293329823,98.44870872797094,0.96,657.2244685858745,630.9354898424396,26.288978743434996,1.0,0.0,0.0,0.1563584487895827,96.3952526769082,0.96,642.1892920770389,616.5017203939573,25.687571683081615,1.0,0.0,0.0,0.15635844878958266,96.39525267690853,0.96,642.1892920770413,616.5017203939595,25.68757168308173,,,,677.9897297707765,1863.9389306303565,1724.143510833083,139.79541979727685,1863.9389306303597,-3.183231456205249e-12,1.0,0,0,0.3945249329314229,227.72105340743403,0.925,624.0034584719738,577.2031990865758,46.80025938539802,1.0,0,0,0.39258248380658445,225.13433818167064,0.925,619.9677360791919,573.4701558732526,46.49758020593936,1.0,0,0,0.39258248380658534,225.13433818167186,0.925,619.9677360791939,573.4701558732544,46.49758020593947,0.0,0,0,0.08724817754776784,0.0,0.88,0.0,0.0,0.0,1.0,,,0.101,174.13849459414138,1724.143510833083,1724.143510833083,0.0,53.44844883582557,0.0,,,217.459541906872,-5.684341886080802e-14,93.50760301995496,3.0,1143.3674384467056,0.0,-0.0,0.0,116.16613174618529
47,1,48,0.1016,0.0,1143.3674384467058,,,,0,0.0,1,1941.603052739955,1941.603052739955,-0.0,310.65648843839284,64.46122135096651,0.0,,,291.23921408178796,1941.603052739955,1863.9389306303567,77.66412210959822,1941.603052739955,0.0,1.0,0.0,0.0,0.15603609293329815,98.44870872797212,0.96,657.2244685858827,630.9354898424474,26.288978743435337,1.0,0.0,0.0,0.15635844878958277,96.39525267690794,0.96,642.1892920770368,616.5017203939553,25.6875716830815,1.0,0.0,0.0,0.15635844878958272,96.39525267690769,0.96,642.1892920770354,616.501720393954,25.687571683081387,,,,677.9897297707764,1863.9389306303567,1724.1435108330827,139.79541979727685,1863.9389306303597,-2.9558577807620168e-12,1.0,0,0,0.3945249329314222,227.72105340743315,0.925,624.0034584719724,577.2031990865745,46.80025938539791,1.0,0,0,0.3925824838065852,225.1343381816717,0.925,619.9677360791936,573.4701558732542,46.49758020593947,1.0,0,0,0.3925824838065851,225.1343381816716,0.925,619.9677360791935,573.470155873254,46.49758020593947,0.0,0,0,0.08724817754776784,0.0,0.88,0.0,0.0,0.0,1.0,,,0.101,174.13849459414138,1724.1435108330827,1724.1435108330827,0.0,53.448448835825566,0.0,,,217.45954190687212,5.684341886080802e-14,93.50760301995501,3.0,1143.3674384467058,0.0,-0.0,0.0,116.1661317461853
48,1,49,0.1016,0.0,1143.3674384467072,,,,0,0.0,1,1941.6030527399564,1941.6030527399564,-0.0,310.656488438393,64.46122135096655,0.0,,,291.23921408178796,1941.6030527399564,1863.9389306303583,77.66412210959822,1941.6030527399564,0.0,1.0,0.0,0.0,0.15603609293329757,98.44870872797533,0.96,657.2244685859066,630.9354898424704,26.288978743436246,1.0,0.0,0.0,0.15635844878958305,96.3952526769062,0.96,642.189292077024,616.5017203939431,25.687571683080932,1.0,0.0,0.0,0.15635844878958285,96.39525267690634,0.96,642.1892920770258,616.5017203939448,25.687571683081046,,,,677.9897297707776,1863.9389306303583,1724.1435108330843,139.79541979727708,1863.9389306303613,-2.9558577807620168e-12,1.0,0,0,0.3945249329314221,227.72105340743295,0.925,624.0034584719721,577.2031990865742,46.80025938539791,1.0,0,0,0.392582483806585,225.13433818167144,0.925,619.9677360791933,573.4701558732538,46.49758020593947,1.0,0,0,0.39258248380658634,225.13433818167314,0.925,619.9677360791959,573.4701558732562,46.4975802059397,0.0,0,0,0.08724817754776784,0.0,0.88,0.0,0.0,0.0,1.0,,,0.101,174.13849459414152,1724.1435108330843,1724.1435108330843,0.0,53.448448835825616,0.0,,,217.45954190687235,1.4210854715202004e-13,93.50760301995511,3.0,1143.3674384467072,0.0,-0.0,0.0,116.16613174618544
49,1,50,0.1016,0.0,1143.3674384467095,,,,0,0.0,1,1941.6030527399507,1941.6030527399507,-0.0,310.6564884383921,64.46122135096637,0.0,,,291.23921408178705,1941.6030527399507,1863.9389306303524,77.66412210959811,1941.6030527399507,0.0,1.0,0.0,0.0,0.1560360929332975,98.44870872797519,0.96,657.2244685859059,630.9354898424697,26.288978743436246,1.0,0.0,0.0,0.1563584487895831,96.39525267690581,0.96,642.1892920770214,616.5017203939404,25.687571683080932,1.0,0.0,0.0,0.1563584487895831,96.3952526769061,0.96,642.1892920770232,616.5017203939423,25.687571683080932,,,,677.9897297707805,1863.9389306303524,1724.1435108330884,139.7954197972772,1863.9389306303656,-1.318767317570746e-11,1.0,0,0,0.3945249329314219,227.7210534074327,0.925,624.0034584719716,577.2031990865738,46.800259385397794,1.0,0,0,0.3925824838065869,225.1343381816739,0.925,619.967736079197,573.4701558732573,46.4975802059397,1.0,0,0,0.3925824838065869,225.1343381816739,0.925,619.967736079197,573.4701558732573,46.4975802059397,0.0,0,0,0.08724817754776784,0.0,0.88,0.0,0.0,0.0,1.0,,,0.101,174.13849459414195,1724.1435108330884,1724.1435108330884,0.0,53.44844883582574,0.0,,,217.4595419068621,-5.684341886080802e-14,93.50760301995071,3.0,1143.3674384467095,0.0,-0.0,0.0,116.16613174618567
50,1,51,0.1016,0.0,1143.3674384467072,,,,0,0.0,1,1941.6030527399562,1941.6030527399562,-0.0,310.656488438393,64.46122135096654,0.0,,,291.2392140817875,1941.6030527399562,1863.9389306303578,77.66412210959834,1941.6030527399562,0.0,1.0,0.0,0.0,0.15603609293329745,98.44870872797553,0.96,657.2244685859084,630.9354898424721,26.28897874343636,1.0,0.0,0.0,0.15635844878958322,96.39525267690595,0.96,642.1892920770218,616.5017203939409,25.687571683080932,1.0,0.0,0.0,0.1563584487895821,96.3952526769059,0.96,642.1892920770259,616.5017203939449,25.687571683081046,,,,677.989729770778,1863.9389306303578,1724.143510833085,139.79541979727696,1863.938930630362,-4.092726157978177e-12,1.0,0,0,0.3945249329314219,227.72105340743263,0.925,624.0034584719715,577.2031990865737,46.800259385397794,1.0,0,0,0.3925824838065859,225.13433818167263,0.925,619.9677360791951,573.4701558732555,46.497580205939585,1.0,0,0,0.392582483806586,225.13433818167272,0.925,619.9677360791952,573.4701558732556,46.497580205939585,0.0,0,0,0.08724817754776784,0.0,0.88,0.0,0.0,0.0,1.0,,,0.101,174.1384945941416,1724.143510833085,1724.143510833085,0.0,53.44844883582564,0.0,,,217.4595419068712,5.684341886080802e-14,93.50760301995462,3.0,1143.3674384467072,0.0,-0.0,0.0,116.16613174618544
51,1,52,0.1016,0.0,1143.3674384466995,,,,0,0.0,1,1941.6030527399446,1941.6030527399446,-0.0,310.65648843839114,64.46122135096616,0.0,,,291.2392140817883,1941.6030527399446,1863.9389306303467,77.66412210959788,1941.6030527399446,0.0,1.0,0.0,0.0,0.15603609293329745,98.4487087279762,0.96,657.224468585913,630.9354898424764,26.288978743436587,1.0,0.0,0.0,0.15635844878958635,96.39525267690581,0.96,642.189292077008,616.5017203939276,25.687571683080364,1.0,0.0,0.0,0.1563584487895831,96.39525267690615,0.96,642.1892920770235,616.5017203939426,25.687571683080932,,,,677.9897297707707,1863.9389306303467,1724.1435108330743,139.79541979727617,1863.9389306303506,-3.865352482534945e-12,1.0,0,0,0.39452493293141677,227.72105340742584,0.925,624.0034584719609,577.2031990865639,46.800259385397,1.0,0,0,0.39258248380658567,225.13433818167232,0.925,619.9677360791947,573.4701558732551,46.497580205939585,1.0,0,0,0.3925824838065859,225.13433818167258,0.925,619.967736079195,573.4701558732554,46.497580205939585,0.0,0,0,0.08724817754776784,0.0,0.88,0.0,0.0,0.0,1.0,,,0.101,174.13849459414052,1724.1435108330743,1724.1435108330743,0.0,53.4484488358253,0.0,,,217.4595419068702,-1.1368683772161603e-13,93.50760301995417,3.0,1143.3674384466995,0.0,-0.0,0.0,116.16613174618466
52,1,53,0.1016,0.0,1143.3674384467395,,,,0,0.0,1,1941.6030527399926,1941.6030527399926,-0.0,310.6564884383988,64.46122135096775,0.0,,,291.2392140817925,1941.6030527399926,1863.9389306303929,77.66412210959982,1941.6030527399926,0.0,1.0,0.0,0.0,0.15603609293329673,98.44870872798174,0.96,657.224468585953,630.9354898425148,26.28897874343818,1.0,0.0,0.0,0.1563584487895831,96.3952526769018,0.96,642.1892920769945,616.5017203939148,25.687571683079796,1.0,0.0,0.0,0.15635844878958247,96.39525267690898,0.96,642.189292077045,616.5017203939632,25.687571683081842,,,,677.989729770802,1863.9389306303929,1724.1435108331193,139.79541979727992,1863.9389306303992,-6.366462912410498e-12,1.0,0,0,0.39452493293143986,227.7210534074567,0.925,624.003458472009,577.2031990866084,46.800259385400636,1.0,0,0,0.39258248380658567,225.13433818167232,0.925,619.9677360791947,573.4701558732551,46.497580205939585,1.0,0,0,0.3925824838065862,225.134338181673,0.925,619.9677360791957,573.470155873256,46.4975802059397,0.0,0,0,0.08724817754776784,0.0,0.88,0.0,0.0,0.0,1.0,,,0.101,174.13849459414507,1724.1435108331193,1724.1435108331193,0.0,53.448448835826696,0.0,,,217.45954190687337,-1.1368683772161603e-13,93.50760301995555,3.0,1143.3674384467395,0.0,-0.0,0.0,116.16613174618873
53,1,54,0.1016,0.0,1143.367438404612,,,,0,0.0,1,1941.603052680066,1941.603052680066,-0.0,310.6564884288106,64.46122134897819,0.0,,,291.23921408179206,1941.603052680066,1863.9389305728635,77.66412210720273,1941.603052680066,0.0,1.0,0.0,0.0,0.15603609294752457,98.44870872797537,0.96,657.2244685259828,630.9354897849435,26.288978741039386,1.0,0.0,0.0,0.1563584487895827,96.39525267690834,0.96,642.1892920770398,616.5017203939582,25.687571683081615,1.0,0.0,0.0,0.15635844878958155,96.39525267690819,0.96,642.1892920770434,616.5017203939617,25.68757168308173,,,,677.9897297340472,1863.9389305728635,1724.143510779927,139.79541979296698,1863.9389305728942,-3.069544618483633e-11,1.0,0,0,0.39452493293143975,227.7210534074565,0.925,624.0034584720087,577.203199086608,46.800259385400636,1.0,0,0,0.3925824838065858,225.13433818167246,0.925,619.9677360791949,573.4701558732553,46.497580205939585,1.0,0,0,0.39258248377890814,225.1343381449181,0.925,619.9677360216905,573.4701558200637,46.49758020162676,0.0,0,0,0.08724817754776784,0.0,0.88,0.0,0.0,0.0,1.0,,,0.101,174.13849458877263,1724.143510779927,1724.143510779927,0.0,53.44844883417774,0.0,,,217.45954190013902,5.684341886080802e-14,93.50760301705978,3.0,1143.367438404612,0.0,-0.0,0.0,116.16613174190856
54,1,55,0.1016,0.0,1143.3674384361552,,,,0,0.0,1,1941.6030526800646,1941.6030526800646,-0.0,310.65648842881035,64.46122134897814,0.0,,,291.23921407349053,1941.6030526800646,1863.9389305728619,77.66412210720262,1941.6030526800646,0.0,1.0,0.0,0.0,0.156036092934367,98.44870871967409,0.96,657.2244685259848,630.9354897849454,26.288978741039386,1.0,0.0,0.0,0.15635844878958266,96.3952526769082,0.96,642.189292077039,616.5017203939574,25.687571683081615,1.0,0.0,0.0,0.15635844878958227,96.39525267690821,0.96,642.1892920770407,616.5017203939591,25.687571683081615,,,,677.9897297688107,1863.9389305728619,1724.1435108302378,139.7954197970463,1863.9389306272842,0.0,1.0,0,0,0.3945249329314042,227.72105340740907,0.925,624.0034584719349,577.2031990865398,46.800259385395066,1.0,0,0,0.39258248380658545,225.134338181672,0.925,619.9677360791942,573.4701558732546,46.497580205939585,1.0,0,0,0.39258248380512273,225.13433817972958,0.925,619.9677360761551,573.4701558704435,46.49758020571164,0.0,0,0,0.08724817754776784,0.0,0.88,0.0,0.0,0.0,1.0,,,0.101,174.13849459385403,1724.1435108302378,1724.1435108302378,0.0,53.44844883573737,0.0,,,217.4595419042489,0.0,93.50760301882703,3.0,1143.3674384361552,0.0,-0.0,0.0,116.16613174511336
55,1,56,0.1016,0.0,1143.3674384460555,,,,0,0.0,1,1941.6030527399316,1941.6030527399316,-0.0,310.6564884383891,64.46122135096573,0.0,,,291.23921408115325,1941.6030527399316,1863.9389306303342,77.66412210959732,1941.6030527399316,0.0,1.0,0.0,0.0,0.15603609293229817,98.44870872733487,0.96,657.2244685858406,630.9354898424069,26.28897874343363,1.0,0.0,0.0,0.15635844878958255,96.39525267690914,0.96,642.1892920770457,616.5017203939639,25.687571683081842,1.0,0.0,0.0,0.15635844878958244,96.395252676909,0.96,642.1892920770453,616.5017203939634,25.687571683081842,,,,677.9897297707629,1863.9389306303342,1724.1435108330634,139.79541979727537,1863.9389306303387,-4.547473508864641e-12,1.0,0,0,0.3945249329314041,227.721053407409,0.925,624.0034584719348,577.2031990865397,46.800259385395066,1.0,0,0,0.3925824838065891,225.13433818167687,0.925,619.9677360792018,573.4701558732617,46.49758020594015,1.0,0,0,0.3925824838065892,225.13433818167704,0.925,619.967736079202,573.4701558732619,46.49758020594015,0.0,0,0,0.08724817754776784,0.0,0.88,0.0,0.0,0.0,1.0,,,0.101,174.13849459413942,1724.1435108330634,1724.1435108330634,0.0,53.44844883582496,0.0,,,217.45954190686814,-2.842170943040401e-14,93.5076030199533,3.0,1143.3674384460555,0.0,-0.0,0.0,116.16613174611923
56,1,57,0.1016,0.0,1143.367438446709,,,,0,0.0,1,1941.6030527399523,1941.6030527399523,-0.0,310.6564884383924,64.46122135096641,0.0,,,291.2392140817865,1941.6030527399523,1863.9389306303542,77.66412210959822,1941.6030527399523,0.0,1.0,0.0,0.0,0.1560360929332978,98.44870872797307,0.96,657.2244685858907,630.935489842455,26.288978743435678,1.0,0.0,0.0,0.15635844878958072,96.3952526769058,0.96,642.189292077031,616.5017203939498,25.687571683081273,1.0,0.0,0.0,0.15635844878958371,96.39525267690759,0.96,642.1892920770306,616.5017203939493,25.687571683081273,,,,677.9897297707806,1863.9389306303542,1724.1435108330886,139.7954197972773,1863.938930630366,-1.1823431123048067e-11,1.0,0,0,0.3945249329314253,227.72105340743727,0.925,624.0034584719788,577.2031990865804,46.80025938539836,1.0,0,0,0.3925824838065851,225.1343381816716,0.925,619.9677360791935,573.470155873254,46.49758020593947,1.0,0,0,0.3925824838065852,225.13433818167175,0.925,619.9677360791937,573.4701558732543,46.49758020593947,0.0,0,0,0.08724817754776784,0.0,0.88,0.0,0.0,0.0,1.0,,,0.101,174.13849459414197,1724.1435108330886,1724.1435108330886,0.0,53.448448835825744,0.0,,,217.4595419068637,-8.526512829121202e-14,93.50760301995139,3.0,1143.367438446709,0.0,-0.0,0.0,116.16613174618563
57,1,58,0.1016,0.0,1143.367438446713,,,,0,0.0,1,1941.6030527399623,1941.6030527399623,-0.0,310.656488438394,64.46122135096675,0.0,,,291.2392140817889,1941.6030527399623,1863.9389306303638,77.66412210959857,1941.6030527399623,0.0,1.0,0.0,0.0,0.15603609293329768,98.44870872797455,0.96,657.2244685859009,630.9354898424649,26.28897874343602,1.0,0.0,0.0,0.15635844878958288,96.39525267690706,0.96,642.1892920770306,616.5017203939493,25.687571683081273,1.0,0.0,0.0,0.15635844878958302,96.39525267690719,0.96,642.1892920770308,616.5017203939495,25.687571683081273,,,,677.9897297707821,1863.9389306303638,1724.1435108330909,139.79541979727753,1863.9389306303683,-4.547473508864641e-12,1.0,0,0,0.3945249329314211,227.7210534074316,0.925,624.0034584719699,577.2031990865722,46.80025938539768,1.0,0,0,0.392582483806585,225.13433818167144,0.925,619.9677360791933,573.4701558732538,46.49758020593947,1.0,0,0,0.3925824838065908,225.13433818167903,0.925,619.9677360792051,573.4701558732647,46.49758020594038,0.0,0,0,0.08724817754776784,0.0,0.88,0.0,0.0,0.0,1.0,,,0.101,174.1384945941422,1724.1435108330909,1724.1435108330909,0.0,53.448448835825815,0.0,,,217.45954190687155,-8.526512829121202e-14,93.50760301995477,3.0,1143.367438446713,0.0,-0.0,0.0,116.16613174618604
58,1,59,0.1016,0.0,1143.3674384467,,,,0,0.0,1,1941.603052739948,1941.603052739948,-0.0,310.6564884383917,64.46122135096627,0.0,,,291.23921408178694,1941.603052739948,1863.93893063035,77.664122109598,1941.603052739948,0.0,1.0,0.0,0.0,0.15603609293329765,98.44870872797446,0.96,657.2244685859005,630.9354898424644,26.28897874343602,1.0,0.0,0.0,0.15635844878958335,96.39525267690517,0.96,642.189292077016,616.5017203939353,25.687571683080705,1.0,0.0,0.0,0.15635844878958288,96.39525267690719,0.96,642.1892920770314,616.5017203939501,25.687571683081273,,,,677.9897297707721,1863.93893063035,1724.1435108330766,139.7954197972764,1863.9389306303528,-2.9558577807620168e-12,1.0,0,0,0.3945249329314192,227.72105340742914,0.9249999999999999,624.0034584719662,577.2031990865687,46.80025938539745,1.0,0,0,0.392582483806585,225.13433818167144,0.925,619.9677360791933,573.4701558732538,46.49758020593947,1.0,0,0,0.3925824838065851,225.13433818167155,0.925,619.9677360791934,573.4701558732539,46.49758020593947,0.0,0,0,0.08724817754776784,0.0,0.88,0.0,0.0,0.0,1.0,,,0.101,174.13849459414075,1724.1435108330766,1724.1435108330766,0.0,53.448448835825374,0.0,,,217.45954190687144,1.1368683772161603e-13,93.50760301995471,3.0,1143.3674384467,0.0,-0.0,0.0,116.1661317461847
59,1,60,0.1016,0.0,1143.3674384466997,,,,0,0.0,1,1941.6030527399475,1941.6030527399475,-0.0,310.6564884383916,64.46122135096626,0.0,,,291.23921408178705,1941.6030527399475,1863.9389306303497,77.664122109598,1941.6030527399475,0.0,1.0,0.0,0.0,0.15603609293329773,98.44870872797475,0.96,657.2244685859021,630.9354898424659,26.288978743436132,1.0,0.0,0.0,0.15635844878958344,96.39525267690622,0.96,642.1892920770226,616.5017203939417,25.687571683080932,1.0,0.0,0.0,0.156358448789583,96.395252676906,0.96,642.189292077023,616.501720393942,25.687571683080932,,,,677.989729770772,1863.9389306303497,1724.143510833076,139.79541979727628,1863.9389306303524,-2.7284841053187847e-12,1.0,0,0,0.394524932931419,227.72105340742883,0.925,624.0034584719656,577.2031990865682,46.80025938539734,1.0,0,0,0.3925824838065851,225.13433818167155,0.925,619.9677360791934,573.4701558732539,46.49758020593947,1.0,0,0,0.3925824838065851,225.1343381816716,0.925,619.9677360791935,573.470155873254,46.49758020593947,0.0,0,0,0.08724817754776784,0.0,0.88,0.0,0.0,0.0,1.0,,,0.101,174.1384945941407,1724.143510833076,1724.143510833076,0.0,53.44844883582536,0.0,,,217.45954190687155,-5.684341886080802e-14,93.50760301995477,3.0,1143.3674384466997,0.0,-0.0,0.0,116.16613174618469
60,1,61,0.1016,0.0,1143.3674384467058,,,,0,0.0,1,1941.603052739938,1941.603052739938,-0.0,310.6564884383901,64.46122135096594,0.0,,,291.2392140817865,1941.603052739938,1863.9389306303406,77.66412210959754,1941.603052739938,0.0,1.0,0.0,0.0,0.15603609293329765,98.44870872797489,0.96,657.2244685859033,630.9354898424672,26.288978743436132,1.0,0.0,0.0,0.1563584487895848,96.3952526769061,0.96,642.1892920770163,616.5017203939356,25.687571683080705,1.0,0.0,0.0,0.156358448789583,96.39525267690533,0.96,642.1892920770184,616.5017203939377,25.687571683080705,,,,677.9897297707777,1863.9389306303406,1724.1435108330845,139.79541979727696,1863.9389306303615,-2.091837814077735e-11,1.0,0,0,0.39452493293141966,227.72105340742974,0.925,624.0034584719671,577.2031990865696,46.80025938539745,1.0,0,0,0.3925824838065829,225.1343381816686,0.925,619.9677360791887,573.4701558732496,46.49758020593913,1.0,0,0,0.392582483806591,225.13433818167934,0.925,619.9677360792056,573.4701558732652,46.49758020594038,0.0,0,0,0.08724817754776784,0.0,0.88,0.0,0.0,0.0,1.0,,,0.101,174.13849459414155,1724.1435108330845,1724.1435108330845,0.0,53.44844883582562,0.0,,,217.4595419068536,1.1368683772161603e-13,93.50760301994704,3.0,1143.3674384467058,0.0,-0.0,0.0,116.1661317461853
61,1,62,0.1016,0.0,1143.367438446695,,,,0,0.0,1,1941.603052739938,1941.603052739938,-0.0,310.6564884383901,64.46122135096594,0.0,,,291.23921408178546,1941.603052739938,1863.9389306303406,77.66412210959754,1941.603052739938,0.0,1.0,0.0,0.0,0.1560360929332976,98.44870872797465,0.96,657.2244685859021,630.9354898424659,26.288978743436132,1.0,0.0,0.0,0.15635844878958333,96.39525267690496,0.96,642.1892920770147,616.5017203939341,25.68757168308059,1.0,0.0,0.0,0.15635844878958302,96.39525267690577,0.96,642.1892920770213,616.5017203939404,25.68757168308082,,,,677.9897297707693,1863.9389306303406,1724.1435108330722,139.79541979727605,1863.9389306303483,-7.73070496506989e-12,1.0,0,0,0.3945249329314161,227.72105340742496,0.925,624.0034584719597,577.2031990865627,46.800259385397,1.0,0,0,0.39258248380658534,225.1343381816719,0.925,619.967736079194,573.4701558732545,46.49758020593947,1.0,0,0,0.3925824838065858,225.13433818167243,0.925,619.9677360791948,573.4701558732552,46.497580205939585,0.0,0,0,0.08724817754776784,0.0,0.88,0.0,0.0,0.0,1.0,,,0.101,174.1384945941403,1724.1435108330722,1724.1435108330722,0.0,53.44844883582524,0.0,,,217.45954190686587,-1.1368683772161603e-13,93.50760301995233,3.0,1143.367438446695,0.0,-0.0,0.0,116.16613174618419
62,1,63,0.1016,0.0,1143.3674384467058,,,,0,0.0,1,1941.6030527399507,1941.6030527399507,-0.0,310.6564884383921,64.46122135096637,0.0,,,291.2392140817873,1941.6030527399507,1863.9389306303528,77.66412210959811,1941.6030527399507,0.0,1.0,0.0,0.0,0.1560360929332979,98.4487087279732,0.96,657.224468585891,630.9354898424554,26.288978743435678,1.0,0.0,0.0,0.15635844878958302,96.39525267690703,0.96,642.1892920770297,616.5017203939485,25.68757168308116,1.0,0.0,0.0,0.15635844878958294,96.39525267690703,0.96,642.1892920770301,616.5017203939489,25.687571683081273,,,,677.9897297707771,1863.9389306303528,1724.1435108330838,139.79541979727696,1863.9389306303606,-7.73070496506989e-12,1.0,0,0,0.3945249329314223,227.72105340743326,0.925,624.0034584719725,577.2031990865746,46.80025938539791,1.0,0,0,0.39258248380658534,225.1343381816719,0.925,619.967736079194,573.4701558732545,46.49758020593947,1.0,0,0,0.39258248380658545,225.134338181672,0.925,619.9677360791942,573.4701558732546,46.497580205939585,0.0,0,0,0.08724817754776784,0.0,0.88,0.0,0.0,0.0,1.0,,,0.101,174.1384945941415,1724.1435108330838,1724.1435108330838,0.0,53.4484488358256,0.0,,,217.45954190686734,-5.684341886080802e-14,93.50760301995295,3.0,1143.3674384467058,0.0,-0.0,0.0,116.1661317461853
63,1,64,0.1016,0.0,1143.3674384467129,,,,0,0.0,1,1941.603052739963,1941.603052739963,-0.0,310.6564884383941,64.46122135096677,0.0,,,291.23921408178796,1941.603052739963,1863.9389306303642,77.66412210959857,1941.603052739963,0.0,1.0,0.0,0.0,0.15603609293329573,98.44870872797655,0.96,657.2244685859225,630.9354898424856,26.288978743436928,1.0,0.0,0.0,0.1563584487895832,96.39525267690487,0.96,642.1892920770147,616.5017203939341,25.68757168308059,1.0,0.0,0.0,0.15635844878958305,96.39525267690644,0.96,642.1892920770257,616.5017203939447,25.687571683081046,,,,677.9897297707827,1863.9389306303642,1724.1435108330918,139.79541979727765,1863.9389306303692,-5.002220859751105e-12,1.0,0,0,0.3945249329314229,227.72105340743397,0.925,624.0034584719737,577.2031990865756,46.80025938539802,1.0,0,0,0.3925824838065891,225.13433818167687,0.925,619.9677360792018,573.4701558732617,46.49758020594015,1.0,0,0,0.39258248380658534,225.1343381816719,0.925,619.967736079194,573.4701558732545,46.49758020593947,0.0,0,0,0.08724817754776784,0.0,0.88,0.0,0.0,0.0,1.0,,,0.101,174.1384945941423,1724.1435108330918,1724.1435108330918,0.0,53.44844883582584,0.0,,,217.4595419068712,-5.684341886080802e-14,93.50760301995462,3.0,1143.3674384467129,0.0,-0.0,0.0,116.16613174618602
64,1,65,0.1016,0.0,1143.3674384467429,,,,0,0.0,1,1941.6030527399776,1941.6030527399776,-0.0,310.6564884383964,64.46122135096725,0.0,,,291.2392140817907,1941.6030527399776,1863.9389306303783,77.66412210959913,1941.6030527399776,0.0,1.0,0.0,0.0,0.15603609293329737,98.44870872797921,0.96,657.2244685859334,630.935489842496,26.288978743437383,1.0,0.0,0.0,0.1563584487895831,96.3952526769056,0.96,642.1892920770199,616.5017203939391,25.68757168308082,1.0,0.0,0.0,0.15635844878958252,96.39525267690588,0.96,642.1892920770241,616.5017203939432,25.687571683080932,,,,677.9897297708064,1863.9389306303783,1724.1435108331261,139.7954197972805,1863.9389306304065,-2.8194335754960775e-11,1.0,0,0,0.3945249329314229,227.72105340743397,0.925,624.0034584719737,577.2031990865756,46.80025938539802,1.0,0,0,0.3925824838065928,225.1343381816817,0.925,619.9677360792093,573.4701558732686,46.49758020594072,1.0,0,0,0.39258248380659955,225.1343381816907,0.925,619.9677360792234,573.4701558732817,46.497580205941745,0.0,0,0,0.08724817754776784,0.0,0.88,0.0,0.0,0.0,1.0,,,0.101,174.13849459414575,1724.1435108331261,1724.1435108331261,0.0,53.44844883582691,0.0,,,217.45954190685143,0.0,93.50760301994612,3.0,1143.3674384467429,0.0,-0.0,0.0,116.16613174618907
65,1,66,0.15246,0.0,885.2186130686268,,,,0,0.0,1,1624.9999999999995,1624.9999999999995,-0.0,259.99999999999994,53.94999999999999,0.0,,,252.96270050159706,1624.9999999999995,1559.9999999999995,65.0,1624.9999999999995,0.0,1.0,0.0,0.0,0.1560360929332969,98.44870872797686,0.96,657.2244685859197,630.9354898424829,26.288978743436815,1.0,0.0,0.0,0.16577769166134484,77.86194368844404,0.96,489.2467166680975,469.6768480013736,19.56986866672389,1.0,0.0,0.0,0.16685700204791873,76.65204808517616,0.96,478.5288147459824,459.3876621561431,19.141152589839294,,,,488.3309125670298,1559.9999999999995,1425.0,134.9999999999991,1559.999999999999,4.547473508864641e-13,1.0,0,0,0.3426883596961613,162.7769708556766,0.9134615384615391,519.9999999999997,475.0,44.99999999999966,1.0,0,0,0.34268835969616124,162.77697085567658,0.9134615384615395,519.9999999999994,475.0,44.99999999999943,1.0,0,0,0.34268835969616135,162.77697085567664,0.9134615384615384,520.0,475.0,45.0,0.0,0,0,0.08724817754776784,0.0,0.88,0.0,0.0,0.0,1.0,,,0.101,143.925,1425.0,1425.0,0.0,44.175,0.0,,,199.99999999999955,-5.684341886080802e-14,85.9999999999998,3.0,885.2186130686268,0.0,0.0,0.0,134.96042974844286
66,1,67,0.15246,0.0,885.2186130686268,,,,0,0.0,1,1624.9999999999986,1624.9999999999986,-0.0,259.9999999999998,53.94999999999995,0.0,,,252.96270050159706,1624.9999999999986,1559.9999999999984,65.0,1624.9999999999986,0.0,1.0,0.0,0.0,0.15603609293329743,98.44870872797678,0.96,657.224468585917,630.9354898424803,26.2889787434367,1.0,0.0,0.0,0.16577769166134443,77.86194368844377,0.96,489.24671666809706,469.6768480013732,19.56986866672389,1.0,0.0,0.0,0.1668570020479185,76.6520480851764,0.96,478.5288147459845,459.3876621561451,19.141152589839407,,,,488.3309125670298,1559.9999999999984,1425.0,134.99999999999977,1560.0,-1.5916157281026244e-12,1.0,0,0,0.3426883596961613,162.7769708556766,0.9134615384615387,519.9999999999999,475.0,44.999999999999886,1.0,0,0,0.34268835969616135,162.77697085567664,0.9134615384615384,520.0,475.0,45.0,1.0,0,0,0.3426883596961613,162.7769708556766,0.9134615384615387,519.9999999999999,475.0,44.999999999999886,0.0,0,0,0.08724817754776784,0.0,0.88,0.0,0.0,0.0,1.0,,,0.101,143.925,1425.0,1425.0,0.0,44.175,0.0,,,199.99999999999818,-5.684341886080802e-14,85.99999999999922,3.0,885.2186130686268,0.0,0.0,0.0,134.96042974844286
67,1,68,0.15246,0.0,885.2186130686263,,,,0,0.0,1,1624.9999999999986,1624.9999999999986,-0.0,259.9999999999998,53.94999999999995,0.0,,,252.9627005015965,1624.9999999999986,1559.9999999999986,65.0,1624.9999999999986,0.0,1.0,0.0,0.0,0.15603609293329743,98.4487087279767,0.96,657.2244685859164,630.9354898424797,26.2889787434367,1.0,0.0,0.0,0.16577769166134432,77.86194368844397,0.96,489.2467166680986,469.67684800137465,19.56986866672395,1.0,0.0,0.0,0.16685700204791779,76.65204808517595,0.96,478.5288147459837,459.38766215614436,19.14115258983935,,,,488.3309125670297,1559.9999999999986,1425.0,134.99999999999784,1559.9999999999977,9.094947017729282e-13,1.0,0,0,0.342688359696161,162.7769708556765,0.9134615384615412,519.9999999999984,475.0,44.99999999999841,1.0,0,0,0.34268835969616124,162.77697085567658,0.9134615384615395,519.9999999999994,475.0,44.99999999999943,1.0,0,0,0.34268835969616135,162.77697085567664,0.9134615384615384,520.0,475.0,45.0,0.0,0,0,0.08724817754776784,0.0,0.88,0.0,0.0,0.0,1.0,,,0.101,143.925,1425.0,1425.0,0.0,44.175,0.0,,,199.99999999999875,5.684341886080802e-14,85.99999999999946,3.0,885.2186130686262,0.0,0.0,0.0,134.96042974844278
68,1,69,0.15246,0.0,885.2186130686265,,,,0,0.0,1,1624.9999999999984,1624.9999999999984,-0.0,259.9999999999998,53.949999999999946,0.0,,,252.96270050159671,1624.9999999999984,1559.9999999999986,64.99999999999994,1624.9999999999984,0.0,1.0,0.0,0.0,0.15603609293329734,98.44870872797681,0.96,657.2244685859174,630.9354898424807,26.2889787434367,1.0,0.0,0.0,0.16577769166134435,77.86194368844397,0.96,489.24671666809854,469.6768480013746,19.56986866672395,1.0,0.0,0.0,0.1668570020479184,76.65204808517603,0.96,478.5288147459825,459.3876621561432,19.141152589839294,,,,488.3309125670297,1559.9999999999986,1425.0,134.99999999999784,1559.9999999999977,9.094947017729282e-13,1.0,0,0,0.34268835969616124,162.77697085567658,0.9134615384615395,519.9999999999994,475.0,44.99999999999943,1.0,0,0,0.3426883596961611,162.77697085567652,0.9134615384615402,519.999999999999,475.0,44.99999999999898,1.0,0,0,0.34268835969616124,162.77697085567658,0.9134615384615395,519.9999999999994,475.0,44.99999999999943,0.0,0,0,0.08724817754776784,0.0,0.88,0.0,0.0,0.0,1.0,,,0.101,143.925,1425.0,1425.0,0.0,44.175,0.0,,,199.9999999999987,5.684341886080802e-14,85.99999999999943,3.0,885.2186130686264,0.0,0.0,0.0,134.9604297484428
69,1,70,0.15246,0.0,885.2186130686229,,,,0,0.0,1,1624.999999999993,1624.999999999993,-0.0,259.99999999999886,53.94999999999977,0.0,,,252.9627005015929,1624.999999999993,1559.9999999999932,64.99999999999983,1624.999999999993,0.0,1.0,0.0,0.0,0.15603609293329954,98.44870872796007,0.96,657.2244685857966,630.9354898423646,26.288978743431926,1.0,0.0,0.0,0.16577769166134473,77.86194368844355,0.96,489.2467166680948,469.67684800137096,19.569868666723835,1.0,0.0,0.0,0.16685700204790596,76.65204808518942,0.96,478.5288147461017,459.38766215625765,19.14115258984407,,,,488.3309125670299,1559.9999999999932,1425.0,134.99999999999966,1559.9999999999995,-6.366462912410498e-12,1.0,0,0,0.34268835969616135,162.77697085567664,0.9134615384615384,520.0,475.0,45.0,1.0,0,0,0.34268835969616135,162.77697085567664,0.9134615384615384,520.0,475.0,45.0,1.0,0,0,0.3426883596961613,162.7769708556766,0.9134615384615391,519.9999999999997,475.0,44.99999999999966,0.0,0,0,0.08724817754776784,0.0,0.88,0.0,0.0,0.0,1.0,,,0.101,143.925,1425.0,1425.0,0.0,44.175,0.0,,,199.99999999999312,1.1368683772161603e-13,85.99999999999704,3.0,885.2186130686229,0.0,0.0,0.0,134.96042974844227
70,1,71,0.1016,0.0,1143.353578767668,,,,0,0.0,1,1941.5922170477907,1941.5922170477907,-0.0,310.6547547276465,64.46086160598665,0.0,,,291.2377548365706,1941.5922170477907,1863.928528365879,77.66368868191171,1941.5922170477907,0.0,1.0,0.0,0.0,0.1560360929332995,98.44870872796012,0.96,657.224468585797,630.9354898423651,26.288978743431926,1.0,0.0,0.0,0.15635858442434664,96.3945230543051,0.96,642.1838742309958,616.4965192617559,25.68735496923989,1.0,0.0,0.0,0.15635858442434644,96.39452305430532,0.96,642.183874230998,616.4965192617581,25.68735496923989,,,,677.9783011685149,1863.928528365879,1724.1338887384409,139.79463962744103,1863.928528365882,-2.9558577807620168e-12,1.0,0,0,0.39330435124237617,226.09393927791115,0.925,621.4675213440889,574.8574572432823,46.61006410080665,1.0,0,0,0.3933043512423735,226.09393927790765,0.925,621.4675213440835,574.8574572432773,46.6100641008062,1.0,0,0,0.3930761913057691,225.7904226126962,0.925,620.9934856777096,574.4189742518814,46.57451142582818,0.0,0,0,0.08724817754776784,0.0,0.88,0.0,0.0,0.0,1.0,,,0.101,174.13752276258253,1724.1338887384409,1724.1338887384409,0.0,53.44815055089167,0.0,,,217.45832830934978,0.0,93.50708117302041,3.0,1143.353578767668,0.0,-0.0,0.0,116.16472360279506
71,1,72,0.1016,0.0,1143.3535787676728,,,,0,0.0,1,1941.5922170477963,1941.5922170477963,-0.0,310.6547547276474,64.46086160598684,0.0,,,291.2377548365713,1941.5922170477963,1863.9285283658842,77.66368868191205,1941.5922170477963,0.0,1.0,0.0,0.0,0.15603609293329956,98.44870872796007,0.96,657.2244685857964,630.9354898423645,26.288978743431926,1.0,0.0,0.0,0.1563585844243465,96.39452305430501,0.96,642.1838742309958,616.4965192617559,25.68735496923989,1.0,0.0,0.0,0.15635858442434641,96.39452305430619,0.96,642.183874231004,616.4965192617638,25.687354969240232,,,,677.9783011685186,1863.9285283658842,1724.1338887384463,139.79463962744148,1863.9285283658878,-3.637978807091713e-12,1.0,0,0,0.3933043512423764,226.09393927791143,0.925,621.4675213440894,574.8574572432827,46.61006410080665,1.0,0,0,0.39330435124237606,226.09393927791098,0.925,621.4675213440887,574.857457243282,46.61006410080665,1.0,0,0,0.3930761913057691,225.7904226126962,0.925,620.9934856777096,574.4189742518814,46.57451142582818,0.0,0,0,0.08724817754776784,0.0,0.88,0.0,0.0,0.0,1.0,,,0.101,174.1375227625831,1724.1338887384463,1724.1338887384463,0.0,53.44815055089184,0.0,,,217.4583283093499,-1.1368683772161603e-13,93.50708117302045,3.0,1143.3535787676728,0.0,-0.0,0.0,116.16472360279556
72,1,73,0.1016,0.0,1143.3535787676765,,,,0,0.0,1,1941.5922170477922,1941.5922170477922,-0.0,310.6547547276468,64.46086160598671,0.0,,,291.23775483657073,1941.5922170477922,1863.9285283658805,77.66368868191171,1941.5922170477922,0.0,1.0,0.0,0.0,0.15603609293329934,98.44870872796156,0.96,657.2244685858072,630.935489842375,26.288978743432267,1.0,0.0,0.0,0.1563585844243466,96.39452305430443,0.96,642.1838742309914,616.4965192617517,25.687354969239664,1.0,0.0,0.0,0.15635858442434655,96.39452305430471,0.96,642.1838742309935,616.4965192617537,25.687354969239777,,,,677.9783011685222,1863.9285283658805,1724.1338887384513,139.79463962744194,1863.9285283658933,-1.2732925824820995e-11,1.0,0,0,0.3933043512423774,226.09393927791277,0.925,621.4675213440916,574.8574572432847,46.61006410080688,1.0,0,0,0.3933043512423775,226.09393927791288,0.925,621.4675213440917,574.8574572432848,46.61006410080688,1.0,0,0,0.3930761913057693,225.7904226126965,0.925,620.99348567771,574.4189742518819,46.57451142582818,0.0,0,0,0.08724817754776784,0.0,0.88,0.0,0.0,0.0,1.0,,,0.101,174.1375227625836,1724.1338887384513,1724.1338887384513,0.0,53.44815055089199,0.0,,,217.4583283093409,-2.842170943040401e-14,93.50708117301659,3.0,1143.3535787676765,0.0,-0.0,0.0,116.16472360279593
73,1,74,0.1016,0.0,1143.3535787676758,,,,0,0.0,1,1941.5922170477954,1941.5922170477954,-0.0,310.6547547276473,64.4608616059868,0.0,,,291.23775483657164,1941.5922170477954,1863.9285283658837,77.66368868191182,1941.5922170477954,0.0,1.0,0.0,0.0,0.15603609293329945,98.44870872796155,0.96,657.2244685858067,630.9354898423744,26.288978743432267,1.0,0.0,0.0,0.15635858442434655,96.3945230543052,0.96,642.1838742309967,616.4965192617568,25.68735496923989,1.0,0.0,0.0,0.15635858442434677,96.39452305430466,0.96,642.1838742309922,616.4965192617525,25.687354969239664,,,,677.9783011685208,1863.9285283658837,1724.133888738449,139.7946396274417,1863.928528365891,-7.275957614183426e-12,1.0,0,0,0.3933043512423764,226.0939392779114,0.925,621.4675213440893,574.8574572432826,46.61006410080665,1.0,0,0,0.3933043512423764,226.09393927791143,0.925,621.4675213440894,574.8574572432827,46.61006410080665,1.0,0,0,0.39307619130577043,225.7904226126979,0.925,620.9934856777122,574.4189742518838,46.574511425828405,0.0,0,0,0.08724817754776784,0.0,0.88,0.0,0.0,0.0,1.0,,,0.101,174.13752276258336,1724.133888738449,1724.133888738449,0.0,53.44815055089192,0.0,,,217.45832830934626,-2.842170943040401e-14,93.50708117301889,3.0,1143.3535787676758,0.0,-0.0,0.0,116.16472360279586
74,1,75,0.1016,0.0,1143.3535787676726,,,,0,0.0,1,1941.5922170477952,1941.5922170477952,-0.0,310.65475472764723,64.4608616059868,0.0,,,291.2377548365715,1941.5922170477952,1863.9285283658835,77.66368868191182,1941.5922170477952,0.0,1.0,0.0,0.0,0.15603609293329962,98.4487087279594,0.96,657.2244685857917,630.93548984236,26.2889787434317,1.0,0.0,0.0,0.15635858442434653,96.3945230543058,0.96,642.1838742310008,616.4965192617608,25.687354969240005,1.0,0.0,0.0,0.15635858442434644,96.39452305430603,0.96,642.1838742310027,616.4965192617626,25.68735496924012,,,,677.9783011685181,1863.9285283658835,1724.1338887384454,139.79463962744137,1863.928528365887,-3.410605131648481e-12,1.0,0,0,0.39330435124237617,226.0939392779111,0.925,621.4675213440888,574.8574572432822,46.61006410080665,1.0,0,0,0.39330435124237584,226.09393927791066,0.925,621.4675213440881,574.8574572432816,46.61006410080654,1.0,0,0,0.3930761913057692,225.79042261269635,0.925,620.9934856777098,574.4189742518817,46.57451142582818,0.0,0,0,0.08724817754776784,0.0,0.88,0.0,0.0,0.0,1.0,,,0.101,174.137522762583,1724.1338887384454,1724.1338887384454,0.0,53.44815055089181,0.0,,,217.45832830934978,0.0,93.50708117302041,3.0,1143.3535787676726,0.0,-0.0,0.0,116.16472360279553
75,1,76,0.1016,0.0,1143.3535787676685,,,,0,0.0,1,1941.592217047789,1941.592217047789,-0.0,310.65475472764626,64.4608616059866,0.0,,,291.2377548365705,1941.592217047789,1863.9285283658776,77.6636886819116,1941.592217047789,0.0,1.0,0.0,0.0,0.15603609293329967,98.44870872795896,0.96,657.2244685857885,630.9354898423569,26.288978743431585,1.0,0.0,0.0,0.15635858442434653,96.39452305430571,0.96,642.1838742310002,616.4965192617602,25.687354969240005,1.0,0.0,0.0,0.15635858442434644,96.39452305430568,0.96,642.1838742310003,616.4965192617603,25.687354969240005,,,,677.9783011685154,1863.9285283658776,1724.1338887384413,139.79463962744114,1863.9285283658824,-4.774847184307873e-12,1.0,0,0,0.3933043512423795,226.09393927791555,0.925,621.4675213440958,574.8574572432886,46.61006410080711,1.0,0,0,0.3933043512423796,226.09393927791567,0.9249999999999999,621.467521344096,574.8574572432888,46.61006410080722,1.0,0,0,0.39307619130576,225.7904226126841,0.925,620.9934856776907,574.4189742518639,46.57451142582681,0.0,0,0,0.08724817754776784,0.0,0.88,0.0,0.0,0.0,1.0,,,0.101,174.1375227625826,1724.1338887384413,1724.1338887384413,0.0,53.44815055089168,0.0,,,217.45832830934796,5.684341886080802e-14,93.50708117301963,3.0,1143.3535787676685,0.0,-0.0,0.0,116.16472360279512
76,1,77,0.1016,0.0,1143.353578767664,,,,0,0.0,1,1941.5922170478034,1941.5922170478034,-0.0,310.65475472764854,64.46086160598708,0.0,,,291.23775483657244,1941.5922170478034,1863.928528365891,77.66368868191216,1941.5922170478034,0.0,1.0,0.0,0.0,0.1560360929332995,98.44870872796075,0.96,657.2244685858011,630.9354898423691,26.28897874343204,1.0,0.0,0.0,0.15635858442434655,96.39452305430578,0.96,642.1838742310006,616.4965192617606,25.687354969240005,1.0,0.0,0.0,0.15635858442434641,96.39452305430585,0.96,642.1838742310017,616.4965192617616,25.68735496924012,,,,677.9783011685097,1863.928528365891,1724.1338887384334,139.79463962744035,1863.9285283658737,1.7280399333685637e-11,1.0,0,0,0.3933043512423757,226.09393927791052,0.925,621.4675213440879,574.8574572432814,46.61006410080654,1.0,0,0,0.3933043512423795,226.09393927791555,0.925,621.4675213440958,574.8574572432886,46.61006410080711,1.0,0,0,0.39307619130575966,225.79042261268367,0.925,620.99348567769,574.4189742518633,46.5745114258267,0.0,0,0,0.08724817754776784,0.0,0.88,0.0,0.0,0.0,1.0,,,0.101,174.1375227625818,1724.1338887384334,1724.1338887384334,0.0,53.448150550891434,0.0,,,217.4583283093698,5.684341886080802e-14,93.50708117302901,3.0,1143.353578767664,0.0,-0.0,0.0,116.16472360279465
77,1,78,0.1016,0.0,1143.3535787676758,,,,0,0.0,1,1941.5922170477993,1941.5922170477993,-0.0,310.6547547276479,64.46086160598693,0.0,,,291.23775483657187,1941.5922170477993,1863.9285283658874,77.66368868191205,1941.5922170477993,0.0,1.0,0.0,0.0,0.1560360929332995,98.44870872796027,0.96,657.2244685857979,630.935489842366,26.288978743431926,1.0,0.0,0.0,0.15635858442434653,96.39452305430571,0.96,642.1838742310002,616.4965192617602,25.687354969240005,1.0,0.0,0.0,0.15635858442434647,96.39452305430581,0.96,642.1838742310011,616.496519261761,25.68735496924012,,,,677.9783011685206,1863.9285283658874,1724.1338887384488,139.7946396274417,1863.9285283658908,-3.410605131648481e-12,1.0,0,0,0.3933043512423763,226.09393927791123,0.925,621.467521344089,574.8574572432824,46.61006410080665,1.0,0,0,0.3933043512423763,226.0939392779113,0.925,621.4675213440892,574.8574572432825,46.61006410080665,1.0,0,0,0.39307619130577054,225.79042261269805,0.925,620.9934856777124,574.418974251884,46.574511425828405,0.0,0,0,0.08724817754776784,0.0,0.88,0.0,0.0,0.0,1.0,,,0.101,174.13752276258333,1724.1338887384488,1724.1338887384488,0.0,53.44815055089191,0.0,,,217.45832830935035,0.0,93.50708117302065,3.0,1143.3535787676758,0.0,-0.0,0.0,116.16472360279586
78,1,79,0.1016,0.0,1143.3535787676597,,,,0,0.0,1,1941.5922170477784,1941.5922170477784,-0.0,310.65475472764456,64.46086160598624,0.0,,,291.237754836569,1941.5922170477784,1863.9285283658674,77.66368868191114,1941.5922170477784,0.0,1.0,0.0,0.0,0.15603609293329948,98.44870872795981,0.96,657.224468585795,630.9354898423632,26.288978743431812,1.0,0.0,0.0,0.15635858442434675,96.39452305430451,0.96,642.1838742309914,616.4965192617517,25.687354969239664,1.0,0.0,0.0,0.15635858442434666,96.39452305430456,0.96,642.1838742309919,616.4965192617523,25.687354969239664,,,,677.9783011685089,1863.9285283658674,1724.1338887384322,139.79463962744035,1863.9285283658724,-5.002220859751105e-12,1.0,0,0,0.39330435124237617,226.0939392779111,0.925,621.4675213440888,574.8574572432822,46.61006410080665,1.0,0,0,0.3933043512423763,226.09393927791123,0.925,621.467521344089,574.8574572432824,46.61006410080665,1.0,0,0,0.3930761913057619,225.7904226126866,0.925,620.9934856776946,574.4189742518676,46.57451142582704,0.0,0,0,0.08724817754776784,0.0,0.88,0.0,0.0,0.0,1.0,,,0.101,174.13752276258165,1724.1338887384322,1724.1338887384322,0.0,53.4481505508914,0.0,,,217.45832830934648,8.526512829121202e-14,93.50708117301899,3.0,1143.3535787676597,0.0,-0.0,0.0,116.16472360279421
79,1,80,0.1016,0.0,1143.3535787676678,,,,0,0.0,1,1941.5922170477866,1941.5922170477866,-0.0,310.65475472764587,64.46086160598651,0.0,,,291.2377548365703,1941.5922170477866,1863.9285283658749,77.6636886819116,1941.5922170477866,0.0,1.0,0.0,0.0,0.1560360929332995,98.44870872796075,0.96,657.2244685858011,630.9354898423691,26.28897874343204,1.0,0.0,0.0,0.15635858442434664,96.3945230543046,0.96,642.1838742309925,616.4965192617527,25.687354969239777,1.0,0.0,0.0,0.15635858442434664,96.39452305430466,0.96,642.1838742309928,616.4965192617531,25.687354969239777,,,,677.978301168515,1863.9285283658749,1724.133888738441,139.79463962744103,1863.9285283658821,-7.275957614183426e-12,1.0,0,0,0.3933043512423757,226.09393927791058,0.925,621.467521344088,574.8574572432815,46.61006410080654,1.0,0,0,0.39330435124237584,226.09393927791072,0.925,621.4675213440883,574.8574572432817,46.61006410080654,1.0,0,0,0.3930761913057673,225.7904226126938,0.925,620.9934856777058,574.4189742518779,46.57451142582795,0.0,0,0,0.08724817754776784,0.0,0.88,0.0,0.0,0.0,1.0,,,0.101,174.13752276258256,1724.133888738441,1724.133888738441,0.0,53.448150550891675,0.0,,,217.45832830934535,-2.842170943040401e-14,93.50708117301849,3.0,1143.3535787676678,0.0,-0.0,0.0,116.16472360279505
80,1,81,0.1016,0.0,1143.3535787676658,,,,0,0.0,1,1941.5922170477884,1941.5922170477884,-0.0,310.65475472764615,64.46086160598658,0.0,,,291.2377548365704,1941.5922170477884,1863.9285283658767,77.6636886819116,1941.5922170477884,0.0,1.0,0.0,0.0,0.15603609293329937,98.44870872796064,0.96,657.224468585801,630.935489842369,26.28897874343204,1.0,0.0,0.0,0.15635858442434664,96.39452305430477,0.96,642.1838742309935,616.4965192617537,25.687354969239777,1.0,0.0,0.0,0.15635858442434672,96.39452305430486,0.96,642.1838742309938,616.496519261754,25.687354969239777,,,,677.9783011685132,1863.9285283658767,1724.1338887384381,139.79463962744092,1863.9285283658792,-2.5011104298755527e-12,1.0,0,0,0.39330435124237617,226.0939392779111,0.925,621.4675213440888,574.8574572432822,46.61006410080665,1.0,0,0,0.39330435124237606,226.09393927791095,0.925,621.4675213440886,574.8574572432819,46.61006410080665,1.0,0,0,0.3930761913057653,225.79042261269117,0.925,620.9934856777018,574.4189742518741,46.57451142582761,0.0,0,0,0.08724817754776784,0.0,0.88,0.0,0.0,0.0,1.0,,,0.101,174.13752276258225,1724.1338887384381,1724.1338887384381,0.0,53.44815055089158,0.0,,,217.45832830935,-5.684341886080802e-14,93.5070811730205,3.0,1143.3535787676658,0.0,-0.0,0.0,116.16472360279484
81,1,82,0.1016,0.0,1143.353578767685,,,,0,0.0,1,1941.592217047809,1941.592217047809,-0.0,310.65475472764945,64.46086160598726,0.0,,,291.23775483657323,1941.592217047809,1863.9285283658967,77.66368868191239,1941.592217047809,0.0,1.0,0.0,0.0,0.15603609293329926,98.44870872796275,0.96,657.2244685858155,630.9354898423829,26.288978743432608,1.0,0.0,0.0,0.15635858442434653,96.39452305430571,0.96,642.1838742310002,616.4965192617602,25.687354969240005,1.0,0.0,0.0,0.15635858442434672,96.39452305430478,0.96,642.1838742309933,616.4965192617535,25.687354969239777,,,,677.9783011685273,1863.9285283658967,1724.1338887384586,139.79463962744262,1863.9285283659015,-4.774847184307873e-12,1.0,0,0,0.39330435124237595,226.09393927791083,0.925,621.4675213440885,574.8574572432818,46.61006410080665,1.0,0,0,0.39330435124237606,226.09393927791098,0.9249999999999999,621.4675213440887,574.857457243282,46.61006410080665,1.0,0,0,0.3930761913057761,225.7904226127055,0.925,620.9934856777242,574.4189742518948,46.574511425829314,0.0,0,0,0.08724817754776784,0.0,0.88,0.0,0.0,0.0,1.0,,,0.101,174.13752276258433,1724.1338887384586,1724.1338887384586,0.0,53.448150550892215,0.0,,,217.45832830935024,2.842170943040401e-14,93.5070811730206,3.0,1143.353578767685,0.0,-0.0,0.0,116.16472360279678
82,1,83,0.1016,0.0,1143.35357876769,,,,0,0.0,1,1941.5922170478173,1941.5922170478173,-0.0,310.65475472765075,64.46086160598753,0.0,,,291.23775483657414,1941.5922170478173,1863.9285283659042,77.66368868191284,1941.5922170478173,0.0,1.0,0.0,0.0,0.1560360929332991,98.44870872796233,0.96,657.2244685858135,630.9354898423809,26.288978743432608,1.0,0.0,0.0,0.15635858442434653,96.39452305430541,0.96,642.1838742309983,616.4965192617583,25.687354969240005,1.0,0.0,0.0,0.1563585844243464,96.39452305430639,0.96,642.1838742310053,616.4965192617651,25.687354969240232,,,,677.978301168531,1863.9285283659042,1724.1338887384638,139.79463962744285,1863.928528365907,-2.7284841053187847e-12,1.0,0,0,0.3933043512423777,226.09393927791325,0.925,621.4675213440922,574.8574572432854,46.61006410080688,1.0,0,0,0.39330435124237784,226.09393927791334,0.925,621.4675213440923,574.8574572432855,46.61006410080688,1.0,0,0,0.3930761913057752,225.7904226127043,0.925,620.9934856777222,574.4189742518931,46.57451142582909,0.0,0,0,0.08724817754776784,0.0,0.88,0.0,0.0,0.0,1.0,,,0.101,174.13752276258487,1724.1338887384638,1724.1338887384638,0.0,53.44815055089238,0.0,,,217.45832830935296,-5.684341886080802e-14,93.50708117302177,3.0,1143.35357876769,0.0,-0.0,0.0,116.1647236027973
83,1,84,0.1016,0.0,1143.3535787676844,,,,0,0.0,1,1941.5922170477957,1941.5922170477957,-0.0,310.6547547276473,64.46086160598682,0.0,,,291.23775483657107,1941.5922170477957,1863.9285283658837,77.66368868191194,1941.5922170477957,0.0,1.0,0.0,0.0,0.1560360929332994,98.44870872796041,0.96,657.2244685857994,630.9354898423674,26.28897874343204,1.0,0.0,0.0,0.15635858442434653,96.39452305430537,0.96,642.183874230998,616.4965192617581,25.68735496923989,1.0,0.0,0.0,0.15635858442434647,96.39452305430537,0.96,642.1838742309983,616.4965192617583,25.687354969240005,,,,677.9783011685288,1863.9285283658837,1724.1338887384609,139.79463962744273,1863.9285283659037,-2.000888343900442e-11,1.0,0,0,0.3933043512423755,226.09393927791027,0.925,621.4675213440876,574.857457243281,46.61006410080654,1.0,0,0,0.39330435124237784,226.09393927791334,0.9249999999999999,621.4675213440925,574.8574572432855,46.610064100806994,1.0,0,0,0.39307619130577587,225.79042261270519,0.925,620.9934856777236,574.4189742518944,46.5745114258292,0.0,0,0,0.08724817754776784,0.0,0.88,0.0,0.0,0.0,1.0,,,0.101,174.13752276258455,1724.1338887384609,1724.1338887384609,0.0,53.44815055089229,0.0,,,217.45832830933466,2.842170943040401e-14,93.5070811730139,3.0,1143.3535787676844,0.0,-0.0,0.0,116.16472360279674
84,1,85,0.1016,0.0,1143.353578767696,,,,0,0.0,1,1941.5922170478061,1941.5922170478061,-0.0,310.654754727649,64.46086160598716,0.0,,,291.2377548365728,1941.5922170478061,1863.9285283658937,77.66368868191239,1941.5922170478061,0.0,1.0,0.0,0.0,0.15603609293329934,98.44870872796011,0.96,657.2244685857976,630.9354898423657,26.288978743431926,1.0,0.0,0.0,0.1563585844243464,96.39452305430619,0.96,642.1838742310041,616.4965192617639,25.687354969240232,1.0,0.0,0.0,0.15635858442434644,96.3945230543063,0.96,642.1838742310046,616.4965192617643,25.687354969240232,,,,677.9783011685373,1863.9285283658937,1724.1338887384732,139.79463962744364,1863.9285283659167,-2.2964741219766438e-11,1.0,0,0,0.3933043512423757,226.09393927791058,0.925,621.467521344088,574.8574572432815,46.61006410080654,1.0,0,0,0.39330435124237584,226.09393927791066,0.925,621.4675213440881,574.8574572432816,46.61006410080654,1.0,0,0,0.3930761913057841,225.79042261271607,0.925,620.9934856777406,574.4189742519101,46.574511425830565,0.0,0,0,0.08724817754776784,0.0,0.88,0.0,0.0,0.0,1.0,,,0.101,174.1375227625858,1724.1338887384732,1724.1338887384732,0.0,53.44815055089267,0.0,,,217.45832830933307,1.4210854715202004e-13,93.50708117301322,3.0,1143.353578767696,0.0,-0.0,0.0,116.1647236027979
85,1,86,0.1016,0.0,1143.3535787676751,,,,0,0.0,1,1941.5922170478143,1941.5922170478143,-0.0,310.6547547276503,64.46086160598743,0.0,,,291.23775483657346,1941.5922170478143,1863.9285283659015,77.66368868191262,1941.5922170478143,0.0,1.0,0.0,0.0,0.15603609293329948,98.44870872796012,0.96,657.2244685857971,630.9354898423652,26.288978743431926,1.0,0.0,0.0,0.15635858442434544,96.3945230543062,0.96,642.183874231008,616.4965192617676,25.687354969240346,1.0,0.0,0.0,0.1563585844243463,96.3945230543069,0.96,642.1838742310091,616.4965192617688,25.687354969240346,,,,677.9783011685186,1863.9285283659015,1724.1338887384459,139.79463962744148,1863.9285283658874,1.4097167877480388e-11,1.0,0,0,0.39330435124237617,226.0939392779111,0.925,621.4675213440888,574.8574572432822,46.61006410080665,1.0,0,0,0.3933043512423764,226.0939392779114,0.925,621.4675213440893,574.8574572432826,46.61006410080665,1.0,0,0,0.393076191305769,225.79042261269603,0.925,620.9934856777094,574.4189742518812,46.57451142582818,0.0,0,0,0.08724817754776784,0.0,0.88,0.0,0.0,0.0,1.0,,,0.101,174.13752276258305,1724.1338887384459,1724.1338887384459,0.0,53.448150550891825,0.0,,,217.4583283093682,5.684341886080802e-14,93.50708117302833,3.0,1143.3535787676751,0.0,-0.0,0.0,116.16472360279579
86,1,87,0.1016,0.0,1143.3535787676753,,,,0,0.0,1,1941.592217047782,1941.592217047782,-0.0,310.6547547276451,64.46086160598637,0.0,,,291.2377548365714,1941.592217047782,1863.9285283658705,77.66368868191148,1941.592217047782,0.0,1.0,0.0,0.0,0.15603609293330276,98.4487087279587,0.96,657.2244685857738,630.9354898423428,26.288978743431016,1.0,0.0,0.0,0.15635858442434644,96.3945230543062,0.96,642.183874231004,616.4965192617638,25.687354969240232,1.0,0.0,0.0,0.1563585844243463,96.39452305430615,0.96,642.1838742310041,616.4965192617639,25.687354969240232,,,,677.9783011685206,1863.9285283658705,1724.133888738449,139.7946396274416,1863.9285283658905,-2.000888343900442e-11,1.0,0,0,0.39330435124237584,226.09393927791072,0.925,621.4675213440883,574.8574572432817,46.61006410080654,1.0,0,0,0.39330435124237806,226.09393927791365,0.925,621.4675213440928,574.8574572432859,46.61006410080688,1.0,0,0,0.3930761913057691,225.7904226126962,0.925,620.9934856777096,574.4189742518814,46.57451142582818,0.0,0,0,0.08724817754776784,0.0,0.88,0.0,0.0,0.0,1.0,,,0.101,174.13752276258336,1724.133888738449,1724.133888738449,0.0,53.44815055089192,0.0,,,217.45832830933307,-2.842170943040401e-14,93.50708117301322,3.0,1143.3535787676753,0.0,-0.0,0.0,116.16472360279582
87,1,88,0.1016,0.0,1143.3535787676688,,,,0,0.0,1,1941.5922170477907,1941.5922170477907,-0.0,310.6547547276465,64.46086160598665,0.0,,,291.23775483656937,1941.5922170477907,1863.9285283658792,77.66368868191171,1941.5922170477907,0.0,1.0,0.0,0.0,0.15603609293329734,98.44870872795863,0.96,657.2244685857962,630.9354898423643,26.288978743431926,1.0,0.0,0.0,0.15635858442434653,96.39452305430525,0.96,642.1838742309972,616.4965192617573,25.68735496923989,1.0,0.0,0.0,0.15635858442434655,96.39452305430532,0.96,642.1838742309975,616.4965192617576,25.68735496923989,,,,677.9783011685167,1863.9285283658792,1724.1338887384431,139.79463962744114,1863.9285283658844,-5.229594535194337e-12,1.0,0,0,0.3933043512423757,226.09393927791058,0.925,621.467521344088,574.8574572432815,46.61006410080654,1.0,0,0,0.39330435124237584,226.09393927791066,0.925,621.4675213440881,574.8574572432816,46.61006410080654,1.0,0,0,0.39307619130576854,225.79042261269544,0.925,620.9934856777083,574.4189742518803,46.574511425828064,0.0,0,0,0.08724817754776784,0.0,0.88,0.0,0.0,0.0,1.0,,,0.101,174.13752276258276,1724.1338887384431,1724.1338887384431,0.0,53.44815055089174,0.0,,,217.45832830934762,-1.1368683772161603e-13,93.50708117301947,3.0,1143.3535787676688,0.0,-0.0,0.0,116.16472360279514
88,1,89,0.1016,0.0,1143.353578767665,,,,0,0.0,1,1941.5922170477597,1941.5922170477597,-0.0,310.65475472764155,64.46086160598563,0.0,,,291.2377548365662,1941.5922170477597,1863.9285283658492,77.66368868191046,1941.5922170477597,0.0,1.0,0.0,0.0,0.15603609293329992,98.44870872795698,0.96,657.2244685857743,630.9354898423433,26.288978743431016,1.0,0.0,0.0,0.15635858442434658,96.39452305430513,0.96,642.1838742309961,616.4965192617562,25.68735496923989,1.0,0.0,0.0,0.15635858442434666,96.39452305430413,0.96,642.1838742309891,616.4965192617495,25.68735496923955,,,,677.9783011685163,1863.9285283658492,1724.1338887384427,139.79463962744114,1863.928528365884,-3.4788172342814505e-11,1.0,0,0,0.3933043512423757,226.09393927791058,0.925,621.467521344088,574.8574572432815,46.61006410080654,1.0,0,0,0.39330435124237584,226.09393927791072,0.925,621.4675213440883,574.8574572432817,46.61006410080654,1.0,0,0,0.3930761913057682,225.79042261269498,0.925,620.9934856777077,574.4189742518796,46.574511425828064,0.0,0,0,0.08724817754776784,0.0,0.88,0.0,0.0,0.0,1.0,,,0.101,174.13752276258273,1724.1338887384427,1724.1338887384427,0.0,53.448150550891725,0.0,,,217.4583283093168,-8.526512829121202e-14,93.50708117300623,3.0,1143.353578767665,0.0,-0.0,0.0,116.16472360279477
89,1,90,0.15246,0.0,885.2690544972146,,,,0,0.0,1,1625.1044540058078,1625.1044540058078,-0.0,260.01671264092926,53.95346787299282,0.0,,,252.9736670444421,1625.1044540058078,1560.1002758455754,65.00417816023241,1625.1044540058078,0.0,1.0,0.0,0.0,0.15603609293329943,98.44870872795974,0.96,657.2244685857947,630.9354898423629,26.288978743431812,1.0,0.0,0.0,0.1663037028360374,77.2641853060628,0.96,483.95510736061374,464.59690306618916,19.35820429442458,1.0,0.0,0.0,0.1663067462218276,77.26077301041924,0.96,483.92487805939936,464.56788293702334,19.35699512237602,,,,488.365299489359,1560.1002758455754,1425.050375875381,135.04989997020124,1560.1002758455822,-6.821210263296962e-12,1.0,0,0,0.342705304986934,162.79647489020803,0.9134671007433617,520.0334252818606,475.0334252818608,44.99999999999977,1.0,0,0,0.3427053049869341,162.79647489020812,0.9134671007433618,520.0334252818607,475.03342528186096,44.999999999999716,1.0,0,0,0.3426905166913742,162.77234970894287,0.913371145430153,520.0334252818609,474.98352531165915,45.04989997020175,0.0,0,0,0.08724817754776784,0.0,0.88,0.0,0.0,0.0,1.0,,,0.101,143.93008796341348,1425.050375875381,1425.050375875381,0.0,44.17656165213681,0.0,,,200.05407813042683,0.0,86.02325359608353,3.0,885.2690544972146,0.0,0.0,0.0,134.96812004864535
90,1,91,0.15246,0.0,885.2687430326159,,,,0,0.0,1,1625.1044540057792,1625.1044540057792,-0.0,260.01671264092465,53.95346787299187,0.0,,,252.97366704443863,1625.1044540057792,1560.100275845548,65.00417816023116,1625.1044540057792,0.0,1.0,0.0,0.0,0.15603609293329943,98.44870872796024,0.96,657.224468585798,630.9354898423661,26.288978743431926,1.0,0.0,0.0,0.1663037028360376,77.26418530606237,0.96,483.95510736061044,464.59690306618603,19.35820429442441,1.0,0.0,0.0,0.16630674622183061,77.26077301041607,0.96,483.9248780593706,464.5678829369958,19.356995122374826,,,,488.3650418381107,1560.100275845548,1425.0498430699656,135.05043277561504,1560.1002758455807,-3.2741809263825417e-11,1.0,0,0,0.3427053049869333,162.79647489020735,0.9134671007433632,520.0334252818586,475.0334252818598,44.999999999998806,1.0,0,0,0.3427046483547326,162.79540364884295,0.9134628401206069,520.0334252818609,475.03120961561604,45.002215666244865,1.0,0,0,0.34269101542199965,162.7731632990604,0.9133743814929686,520.0334252818611,474.98520817248976,45.048217109371365,0.0,0,0,0.08724817754776784,0.0,0.88,0.0,0.0,0.0,1.0,,,0.101,143.93003415006655,1425.0498430699656,1425.0498430699656,0.0,44.176545135168936,0.0,,,200.05461093581346,1.1368683772161603e-13,86.02348270239979,3.0,885.268743032616,0.0,0.0,0.0,134.96807256275264
91,1,92,0.15246,0.0,885.2687428002257,,,,0,0.0,1,1625.10445400577,1625.10445400577,-0.0,260.01671264092323,53.95346787299157,0.0,,,252.97366704443795,1625.10445400577,1560.1002758455393,65.00417816023088,1625.10445400577,0.0,1.0,0.0,0.0,0.15603609293329945,98.44870872796024,0.96,657.2244685857979,630.935489842366,26.288978743431926,1.0,0.0,0.0,0.1663037028360386,77.26418530606152,0.96,483.9551073606023,464.5969030661782,19.358204294424127,1.0,0.0,0.0,0.16630674622183067,77.26077301041599,0.96,483.9248780593699,464.5678829369951,19.356995122374826,,,,488.36504165682385,1560.1002758455393,1425.049842563999,135.05043328162031,1560.100275845619,-7.980816008057445e-11,1.0,0,0,0.3427053049869405,162.7964748902156,0.9134671007433651,520.033425281873,475.03342528187386,44.99999999999909,1.0,0,0,0.3427053049869403,162.7964748902153,0.9134671007433638,520.0334252818731,475.0334252818733,44.99999999999977,1.0,0,0,0.3426903586398451,162.77209187639295,0.9133701198971916,520.0334252818732,474.9829920002517,45.05043328162145,0.0,0,0,0.08724817754776784,0.0,0.88,0.0,0.0,0.0,1.0,,,0.101,143.93003409896392,1425.049842563999,1425.049842563999,0.0,44.17654511948397,0.0,,,200.05461144177139,5.684341886080802e-14,86.0234829199617,3.0,885.2687428002257,0.0,0.0,0.0,134.96807252732242
92,1,93,0.15246,0.0,885.2687428002904,,,,0,0.0,1,1625.104454005852,1625.104454005852,-0.0,260.0167126409363,53.95346787299429,0.0,,,252.9736670444471,1625.104454005852,1560.1002758456182,65.00417816023412,1625.104454005852,0.0,1.0,0.0,0.0,0.15603609293329956,98.44870872795903,0.96,657.2244685857894,630.9354898423578,26.288978743431585,1.0,0.0,0.0,0.1663037028360374,77.2641853060628,0.96,483.95510736061374,464.59690306618916,19.35820429442458,1.0,0.0,0.0,0.16630674622182268,77.26077301042491,0.96,483.92487805944904,464.5678829370711,19.356995122377953,,,,488.36504165686983,1560.1002758456182,1425.0498425640935,135.05043328152806,1560.1002758456216,-3.410605131648481e-12,1.0,0,0,0.3426903586398733,162.77209187643868,0.9133701198973708,520.0334252818744,474.9829920003461,45.05043328152834,1.0,0,0,0.3427053049869404,162.79647489021536,0.9134671007433633,520.0334252818733,475.0334252818733,45.0,1.0,0,0,0.34270530498694074,162.79647489021576,0.913467100743364,520.0334252818737,475.03342528187403,44.999999999999716,0.0,0,0,0.08724817754776784,0.0,0.88,0.0,0.0,0.0,1.0,,,0.101,143.93003409897347,1425.0498425640935,1425.0498425640935,0.0,44.176545119486896,0.0,,,200.05461144175877,0.0,86.02348291995627,3.0,885.2687428002904,0.0,0.0,0.0,134.96807252733228
93,1,94,0.15246,0.0,885.2687430393792,,,,0,0.0,1,1625.1044540058501,1625.1044540058501,-0.0,260.016712640936,53.953467872994224,0.0,,,252.97366704444653,1625.1044540058501,1560.100275845616,65.00417816023406,1625.1044540058501,0.0,1.0,0.0,0.0,0.1560360929332996,98.4487087279589,0.96,657.2244685857885,630.9354898423569,26.288978743431585,1.0,0.0,0.0,0.16630370283603704,77.2641853060625,0.96,483.9551073606129,464.59690306618836,19.358204294424525,1.0,0.0,0.0,0.16630674622182273,77.26077301042487,0.96,483.92487805944864,464.5678829370707,19.356995122377953,,,,488.365041850352,1560.100275845616,1425.0498430156497,135.0504328299757,1560.1002758456252,-9.322320693172514e-12,1.0,0,0,0.34270530498694135,162.79647489021653,0.9134671007433647,520.0334252818749,475.0334252818754,44.99999999999949,1.0,0,0,0.3427050546690069,162.7960665167762,0.9134654765307764,520.0334252818751,475.0325806370399,45.00084464483518,1.0,0,0,0.3426906090916296,162.77250044335926,0.913371744978272,520.0334252818753,474.9838370967343,45.04958818514103,0.0,0,0,0.08724817754776784,0.0,0.88,0.0,0.0,0.0,1.0,,,0.101,143.93003414458062,1425.0498430156497,1425.0498430156497,0.0,44.17654513348514,0.0,,,200.05461099020044,2.842170943040401e-14,86.0234827257862,3.0,885.2687430393792,0.0,0.0,0.0,134.96807256378375
94,1,95,0.1016,0.0,1143.3535717519962,,,,0,0.0,1,1941.5922008002776,1941.5922008002776,-0.0,310.65475212804444,64.46086106656922,0.0,,,291.2377526485252,1941.5922008002776,1863.9285127682665,77.66368803201112,1941.5922008002776,0.0,1.0,0.0,0.0,0.15603609293329931,98.44870872796226,0.96,657.224468585812,630.9354898423795,26.288978743432494,1.0,0.0,0.0,0.15635858462773405,96.39452196028138,0.96,642.1838661072322,616.496511462943,25.687354644289258,1.0,0.0,0.0,0.15635858462773394,96.39452196028147,0.96,642.1838661072333,616.4965114629439,25.68735464428937,,,,677.9782977980949,1863.9285127682665,1724.133874310654,139.7946384576204,1863.9285127682742,-7.73070496506989e-12,1.0,0,0,0.3933080325050835,226.09883802932512,0.925,621.475169706227,574.8645319782601,46.610637727966946,1.0,0,0,0.39330803250508395,226.09883802932575,0.925,621.475169706228,574.864531978261,46.61063772796706,1.0,0,0,0.3930688212730067,225.780621739444,0.925,620.9781733558194,574.404810354133,46.5733630016864,0.0,0,0,0.08724817754776784,0.0,0.88,0.0,0.0,0.0,1.0,,,0.101,174.13752130537605,1724.133874310654,1724.133874310654,0.0,53.44815010363027,0.0,,,217.4583264896238,8.526512829121202e-14,93.50708039053823,3.0,1143.3535717519962,0.0,-0.0,0.0,116.1647228900028
95,1,96,0.1016,0.0,1143.3535717519935,,,,0,0.0,1,1941.5922008002806,1941.5922008002806,-0.0,310.6547521280449,64.46086106656932,0.0,,,291.23775264852543,1941.5922008002806,1863.9285127682692,77.66368803201124,1941.5922008002806,0.0,1.0,0.0,0.0,0.15603609293329965,98.44870872795991,0.96,657.224468585795,630.9354898423632,26.288978743431812,1.0,0.0,0.0,0.15635858462773378,96.3945219602827,0.96,642.1838661072422,616.4965114629525,25.687354644289712,1.0,0.0,0.0,0.1563585846277337,96.39452196028283,0.96,642.1838661072434,616.4965114629537,25.687354644289712,,,,677.9782977980925,1863.9285127682692,1724.1338743106505,139.79463845762018,1863.928512768271,-1.8189894035458565e-12,1.0,0,0,0.3933080325050834,226.098838029325,0.925,621.4751697062269,574.86453197826,46.610637727966946,1.0,0,0,0.3933080325050835,226.09883802932512,0.925,621.475169706227,574.8645319782601,46.610637727966946,1.0,0,0,0.39306882127300546,225.78062173944238,0.925,620.9781733558169,574.4048103541306,46.57336300168629,0.0,0,0,0.08724817754776784,0.0,0.88,0.0,0.0,0.0,1.0,,,0.101,174.1375213053757,1724.1338743106505,1724.1338743106505,0.0,53.44815010363017,0.0,,,217.4583264896296,-1.4210854715202004e-13,93.50708039054072,3.0,1143.3535717519935,0.0,-0.0,0.0,116.16472289000254
96,1,97,0.1016,0.0,1143.3535717519876,,,,0,0.0,1,1941.5922008002829,1941.5922008002829,-0.0,310.6547521280453,64.4608610665694,0.0,,,291.2377526485259,1941.5922008002829,1863.9285127682717,77.66368803201135,1941.5922008002829,0.0,1.0,0.0,0.0,0.1560360929332996,98.44870872795984,0.96,657.2244685857947,630.9354898423629,26.288978743431812,1.0,0.0,0.0,0.15635858462773383,96.39452196028269,0.96,642.1838661072419,616.4965114629522,25.687354644289712,1.0,0.0,0.0,0.15635858462773372,96.3945219602833,0.96,642.1838661072463,616.4965114629565,25.687354644289826,,,,677.9782977980867,1863.9285127682717,1724.133874310642,139.7946384576195,1863.9285127682617,1.000444171950221e-11,1.0,0,0,0.3933080325050833,226.0988380293248,0.925,621.4751697062266,574.8645319782596,46.610637727966946,1.0,0,0,0.3933080325050863,226.09883802932882,0.925,621.4751697062328,574.8645319782654,46.6106377279674,1.0,0,0,0.39306882127299847,225.78062173943303,0.925,620.9781733558023,574.4048103541171,46.57336300168515,0.0,0,0,0.08724817754776784,0.0,0.88,0.0,0.0,0.0,1.0,,,0.101,174.13752130537486,1724.133874310642,1724.133874310642,0.0,53.44815010362991,0.0,,,217.45832648964085,1.4210854715202004e-13,93.50708039054557,3.0,1143.3535717519876,0.0,-0.0,0.0,116.16472289000194
97,1,98,0.1016,0.0,1143.3535717519762,,,,0,0.0,1,1941.592200800236,1941.592200800236,-0.0,310.6547521280378,64.46086106656783,0.0,,,291.23775264851895,1941.592200800236,1863.9285127682267,77.66368803200953,1941.592200800236,0.0,1.0,0.0,0.0,0.15603609293330048,98.44870872795312,0.96,657.2244685857461,630.9354898423162,26.28897874342988,1.0,0.0,0.0,0.15635858462773378,96.39452196028299,0.96,642.1838661072442,616.4965114629543,25.687354644289826,1.0,0.0,0.0,0.1563585846277329,96.39452196028272,0.96,642.1838661072459,616.496511462956,25.687354644289826,,,,677.9782977980828,1863.9285127682267,1724.1338743106367,139.79463845761904,1863.928512768256,-2.9331204132176936e-11,1.0,0,0,0.3933080325050835,226.09883802932512,0.925,621.475169706227,574.8645319782601,46.610637727966946,1.0,0,0,0.3933080325050836,226.09883802932526,0.925,621.4751697062273,574.8645319782603,46.61063772796706,1.0,0,0,0.393068821272998,225.78062173943252,0.925,620.9781733558015,574.4048103541164,46.57336300168504,0.0,0,0,0.08724817754776784,0.0,0.88,0.0,0.0,0.0,1.0,,,0.101,174.13752130537432,1724.1338743106367,1724.1338743106367,0.0,53.448150103629736,0.0,,,217.45832648959924,1.1368683772161603e-13,93.50708039052768,3.0,1143.3535717519762,0.0,-0.0,0.0,116.16472289000077
98,1,99,0.1016,0.0,1143.3535717519817,,,,0,0.0,1,1941.592200800263,1941.592200800263,-0.0,310.6547521280421,64.46086106656874,0.0,,,291.23775264852475,1941.592200800263,1863.9285127682526,77.66368803201055,1941.592200800263,0.0,1.0,0.0,0.0,0.15603609293330223,98.44870872795947,0.96,657.2244685857811,630.9354898423499,26.288978743431244,1.0,0.0,0.0,0.1563585846277339,96.39452196028249,0.96,642.1838661072403,616.4965114629507,25.6873546442896,1.0,0.0,0.0,0.15635858462773372,96.39452196028259,0.96,642.1838661072417,616.496511462952,25.687354644289712,,,,677.9782977980827,1863.9285127682526,1724.1338743106367,139.79463845761893,1863.9285127682556,-2.9558577807620168e-12,1.0,0,0,0.3933080325050835,226.09883802932512,0.925,621.475169706227,574.8645319782601,46.610637727966946,1.0,0,0,0.3933080325050835,226.09883802932512,0.925,621.475169706227,574.8645319782601,46.610637727966946,1.0,0,0,0.393068821272998,225.78062173943252,0.925,620.9781733558015,574.4048103541164,46.57336300168504,0.0,0,0,0.08724817754776784,0.0,0.88,0.0,0.0,0.0,1.0,,,0.101,174.13752130537432,1724.1338743106367,1724.1338743106367,0.0,53.448150103629736,0.0,,,217.45832648962653,-1.1368683772161603e-13,93.5070803905394,3.0,1143.3535717519817,0.0,-0.0,0.0,116.16472289000133
99,1,100,0.1016,0.0,1143.3535717519821,,,,0,0.0,1,1941.5922008002822,1941.5922008002822,-0.0,310.6547521280452,64.46086106656936,0.0,,,291.23775264852566,1941.5922008002822,1863.9285127682706,77.66368803201135,1941.5922008002822,0.0,1.0,0.0,0.0,0.1560360929332997,98.4487087279585,0.96,657.2244685857854,630.935489842354,26.28897874343147,1.0,0.0,0.0,0.15635858462773375,96.39452196028358,0.96,642.1838661072482,616.4965114629582,25.68735464428994,1.0,0.0,0.0,0.15635858462773367,96.3945219602836,0.96,642.1838661072486,616.4965114629587,25.68735464428994,,,,677.9782977980823,1863.9285127682706,1724.1338743106362,139.79463845761904,1863.9285127682551,1.546140993013978e-11,1.0,0,0,0.39330803250508317,226.0988380293247,0.925,621.4751697062264,574.8645319782595,46.610637727966946,1.0,0,0,0.3933080325050836,226.09883802932526,0.925,621.4751697062273,574.8645319782603,46.61063772796706,1.0,0,0,0.3930688212729979,225.78062173943235,0.925,620.9781733558012,574.4048103541162,46.57336300168504,0.0,0,0,0.08724817754776784,0.0,0.88,0.0,0.0,0.0,1.0,,,0.101,174.13752130537426,1724.1338743106362,1724.1338743106362,0.0,53.44815010362972,0.0,,,217.45832648964586,-5.684341886080802e-14,93.50708039054771,3.0,1143.3535717519821,0.0,-0.0,0.0,116.16472289000139
100,1,101,0.1016,0.0,1143.3535717519808,,,,0,0.0,1,1941.5922008002458,1941.5922008002458,-0.0,310.6547521280393,64.46086106656816,0.0,,,291.2377526485209,1941.5922008002458,1863.928512768236,77.66368803200987,1941.5922008002458,0.0,1.0,0.0,0.0,0.1560360929332998,98.44870872795798,0.96,657.2244685857813,630.9354898423501,26.288978743431244,1.0,0.0,0.0,0.15635858462773403,96.39452196028081,0.96,642.1838661072286,616.4965114629395,25.687354644289144,1.0,0.0,0.0,0.15635858462773392,96.39452196028185,0.96,642.183866107236,616.4965114629465,25.687354644289485,,,,677.9782977980854,1863.928512768236,1724.1338743106403,139.79463845761927,1863.9285127682597,-2.3646862246096134e-11,1.0,0,0,0.3933080325050833,226.0988380293248,0.925,621.4751697062266,574.8645319782596,46.610637727966946,1.0,0,0,0.3933080325050835,226.09883802932512,0.925,621.475169706227,574.8645319782601,46.610637727966946,1.0,0,0,0.39306882127300025,225.78062173943545,0.925,620.978173355806,574.4048103541206,46.57336300168538,0.0,0,0,0.08724817754776784,0.0,0.88,0.0,0.0,0.0,1.0,,,0.101,174.1375213053747,1724.1338743106403,1724.1338743106403,0.0,53.44815010362985,0.0,,,217.4583264896055,-1.4210854715202004e-13,93.50708039053036,3.0,1143.3535717519808,0.0,-0.0,0.0,116.16472289000124
101,1,102,0.1016,0.0,1143.353571751988,,,,0,0.0,1,1941.5922008002499,1941.5922008002499,-0.0,310.65475212804,64.4608610665683,0.0,,,291.2377526485219,1941.5922008002499,1863.9285127682397,77.6636880320101,1941.5922008002499,0.0,1.0,0.0,0.0,0.1560360929333011,98.44870872795855,0.96,657.2244685857798,630.9354898423486,26.288978743431244,1.0,0.0,0.0,0.15635858462773386,96.39452196028164,0.96,642.1838661072347,616.4965114629454,25.68735464428937,1.0,0.0,0.0,0.15635858462773386,96.3945219602817,0.96,642.1838661072352,616.4965114629457,25.687354644289485,,,,677.9782977980908,1863.9285127682397,1724.133874310648,139.79463845762007,1863.9285127682683,-2.864908310584724e-11,1.0,0,0,0.3933080325050833,226.0988380293248,0.925,621.4751697062266,574.8645319782596,46.610637727966946,1.0,0,0,0.39330803250508606,226.0988380293285,0.925,621.4751697062324,574.864531978265,46.6106377279674,1.0,0,0,0.3930688212730018,225.7806217394375,0.925,620.9781733558093,574.4048103541236,46.57336300168572,0.0,0,0,0.08724817754776784,0.0,0.88,0.0,0.0,0.0,1.0,,,0.101,174.13752130537546,1724.133874310648,1724.133874310648,0.0,53.44815010363009,0.0,,,217.45832648960152,-1.1368683772161603e-13,93.50708039052866,3.0,1143.353571751988,0.0,-0.0,0.0,116.16472289000198
102,1,103,0.1016,0.0,1143.3535717519878,,,,0,0.0,1,1941.5922008002726,1941.5922008002726,-0.0,310.65475212804364,64.46086106656905,0.0,,,291.23775264852395,1941.5922008002726,1863.9285127682615,77.66368803201101,1941.5922008002726,0.0,1.0,0.0,0.0,0.15603609293329976,98.44870872795761,0.96,657.2244685857792,630.9354898423479,26.288978743431244,1.0,0.0,0.0,0.15635858462773308,96.39452196028327,0.96,642.1838661072488,616.4965114629589,25.68735464428994,1.0,0.0,0.0,0.15635858462773375,96.39452196028304,0.96,642.1838661072446,616.4965114629548,25.687354644289826,,,,677.9782977980888,1863.9285127682615,1724.1338743106453,139.79463845761984,1863.9285127682651,-3.637978807091713e-12,1.0,0,0,0.39330803250508517,226.09883802932734,0.925,621.4751697062305,574.8645319782632,46.61063772796729,1.0,0,0,0.39330803250508517,226.09883802932737,0.925,621.4751697062306,574.8645319782634,46.61063772796729,1.0,0,0,0.39306882127299925,225.7806217394341,0.925,620.978173355804,574.4048103541187,46.573363001685266,0.0,0,0,0.08724817754776784,0.0,0.88,0.0,0.0,0.0,1.0,,,0.101,174.13752130537517,1724.1338743106453,1724.1338743106453,0.0,53.448150103630006,0.0,,,217.4583264896272,-5.684341886080802e-14,93.5070803905397,3.0,1143.3535717519878,0.0,-0.0,0.0,116.16472289000195
103,1,104,0.1016,0.0,1143.3535717519912,,,,0,0.0,1,1941.5922008002665,1941.5922008002665,-0.0,310.6547521280426,64.46086106656885,0.0,,,291.2377526485235,1941.5922008002665,1863.9285127682556,77.66368803201078,1941.5922008002665,0.0,1.0,0.0,0.0,0.15603609293329984,98.44870872795765,0.96,657.2244685857792,630.9354898423479,26.288978743431244,1.0,0.0,0.0,0.15635858462773386,96.3945219602829,0.96,642.1838661072431,616.4965114629534,25.687354644289712,1.0,0.0,0.0,0.1563585846277338,96.39452196028299,0.96,642.1838661072441,616.4965114629542,25.687354644289826,,,,677.9782977980922,1863.9285127682556,1724.13387431065,139.7946384576203,1863.9285127682704,-1.4779288903810084e-11,1.0,0,0,0.39330803250508206,226.09883802932322,0.925,621.4751697062242,574.8645319782573,46.61063772796683,1.0,0,0,0.39330803250508517,226.09883802932728,0.925,621.4751697062304,574.8645319782631,46.61063772796729,1.0,0,0,0.393068821273005,225.78062173944176,0.925,620.9781733558159,574.4048103541297,46.573363001686175,0.0,0,0,0.08724817754776784,0.0,0.88,0.0,0.0,0.0,1.0,,,0.101,174.13752130537566,1724.13387431065,1724.13387431065,0.0,53.448150103630155,0.0,,,217.4583264896163,-8.526512829121202e-14,93.50708039053501,3.0,1143.3535717519912,0.0,-0.0,0.0,116.16472289000231
104,1,105,0.1016,0.0,1143.3535717519926,,,,0,0.0,1,1941.592200800275,1941.592200800275,-0.0,310.654752128044,64.46086106656912,0.0,,,291.2377526485245,1941.592200800275,1863.9285127682638,77.66368803201112,1941.592200800275,0.0,1.0,0.0,0.0,0.15603609293329945,98.4487087279588,0.96,657.2244685857884,630.9354898423568,26.288978743431585,1.0,0.0,0.0,0.1563585846277338,96.39452196028282,0.96,642.1838661072428,616.4965114629531,25.687354644289712,1.0,0.0,0.0,0.1563585846277337,96.39452196028289,0.96,642.1838661072438,616.496511462954,25.687354644289826,,,,677.9782977980924,1863.9285127682638,1724.1338743106503,139.79463845762018,1863.9285127682706,-6.821210263296962e-12,1.0,0,0,0.39330803250508484,226.0988380293269,0.925,621.4751697062298,574.8645319782627,46.61063772796717,1.0,0,0,0.39330803250508506,226.09883802932714,0.925,621.4751697062302,574.8645319782629,46.61063772796729,1.0,0,0,0.39306882127300247,225.78062173943837,0.925,620.9781733558106,574.4048103541248,46.57336300168572,0.0,0,0,0.08724817754776784,0.0,0.88,0.0,0.0,0.0,1.0,,,0.101,174.13752130537569,1724.1338743106503,1724.1338743106503,0.0,53.44815010363016,0.0,,,217.45832648962448,0.0,93.50708039053852,3.0,1143.3535717519926,0.0,-0.0,0.0,116.16472289000244
105,1,106,0.1016,0.0,1143.3535717519999,,,,0,0.0,1,1941.5922008002794,1941.5922008002794,-0.0,310.6547521280447,64.46086106656928,0.0,,,291.23775264852577,1941.5922008002794,1863.9285127682683,77.66368803201124,1941.5922008002794,0.0,1.0,0.0,0.0,0.15603609293330006,98.4487087279588,0.96,657.2244685857859,630.9354898423544,26.28897874343147,1.0,0.0,0.0,0.15635858462773372,96.3945219602833,0.96,642.1838661072463,616.4965114629565,25.687354644289826,1.0,0.0,0.0,0.1563585846277337,96.39452196028343,0.96,642.1838661072474,616.4965114629574,25.68735464428994,,,,677.9782977980977,1863.9285127682683,1724.1338743106583,139.79463845762075,1863.928512768279,-1.0686562745831907e-11,1.0,0,0,0.39330803250508695,226.09883802932973,0.925,621.4751697062343,574.8645319782668,46.610637727967514,1.0,0,0,0.39330803250508706,226.0988380293299,0.925,621.4751697062345,574.864531978267,46.610637727967514,1.0,0,0,0.39306882127300224,225.78062173943812,0.925,620.9781733558102,574.4048103541245,46.57336300168572,0.0,0,0,0.08724817754776784,0.0,0.88,0.0,0.0,0.0,1.0,,,0.101,174.13752130537648,1724.1338743106583,1724.1338743106583,0.0,53.448150103630404,0.0,,,217.4583264896213,-1.1368683772161603e-13,93.50708039053715,3.0,1143.3535717519999,0.0,-0.0,0.0,116.16472289000318
106,1,107,0.1016,0.0,1143.3535717519867,,,,0,0.0,1,1941.5922008002676,1941.5922008002676,-0.0,310.65475212804284,64.46086106656888,0.0,,,291.23775264852475,1941.5922008002676,1863.928512768257,77.66368803201078,1941.5922008002676,0.0,1.0,0.0,0.0,0.15603609293330126,98.44870872795865,0.96,657.2244685857797,630.9354898423485,26.288978743431244,1.0,0.0,0.0,0.15635858462773386,96.39452196028297,0.96,642.1838661072436,616.4965114629539,25.687354644289712,1.0,0.0,0.0,0.15635858462773378,96.39452196028299,0.96,642.1838661072442,616.4965114629543,25.687354644289826,,,,677.9782977980869,1863.928512768257,1724.1338743106426,139.7946384576196,1863.928512768262,-5.002220859751105e-12,1.0,0,0,0.39330803250508306,226.0988380293245,0.925,621.4751697062261,574.8645319782592,46.610637727966946,1.0,0,0,0.39330803250508306,226.09883802932455,0.925,621.4751697062262,574.8645319782593,46.610637727966946,1.0,0,0,0.39306882127300213,225.78062173943792,0.925,620.9781733558099,574.4048103541242,46.57336300168572,0.0,0,0,0.08724817754776784,0.0,0.88,0.0,0.0,0.0,1.0,,,0.101,174.13752130537492,1724.1338743106426,1724.1338743106426,0.0,53.44815010362992,0.0,,,217.4583264896254,8.526512829121202e-14,93.50708039053892,3.0,1143.3535717519867,0.0,-0.0,0.0,116.16472289000184
107,1,108,0.1016,0.0,1143.353571751993,,,,0,0.0,1,1941.592200800275,1941.592200800275,-0.0,310.654752128044,64.46086106656912,0.0,,,291.23775264852486,1941.592200800275,1863.9285127682638,77.66368803201101,1941.592200800275,0.0,1.0,0.0,0.0,0.15603609293329967,98.44870872795896,0.96,657.2244685857885,630.9354898423569,26.288978743431585,1.0,0.0,0.0,0.15635858462773386,96.3945219602829,0.96,642.1838661072431,616.4965114629534,25.687354644289712,1.0,0.0,0.0,0.15635858462773378,96.39452196028289,0.96,642.1838661072434,616.4965114629537,25.687354644289712,,,,677.9782977980924,1863.9285127682638,1724.1338743106503,139.79463845762018,1863.9285127682706,-6.821210263296962e-12,1.0,0,0,0.3933080325050837,226.09883802932544,0.925,621.4751697062276,574.8645319782605,46.61063772796706,1.0,0,0,0.39330803250508384,226.09883802932558,0.925,621.4751697062278,574.8645319782607,46.61063772796706,1.0,0,0,0.3930688212730047,225.78062173944136,0.925,620.9781733558152,574.4048103541292,46.57336300168606,0.0,0,0,0.08724817754776784,0.0,0.88,0.0,0.0,0.0,1.0,,,0.101,174.13752130537569,1724.1338743106503,1724.1338743106503,0.0,53.44815010363016,0.0,,,217.45832648962437,1.1368683772161603e-13,93.50708039053848,3.0,1143.353571751993,0.0,-0.0,0.0,116.1647228900025
108,1,109,0.1016,0.0,1143.3535717519953,,,,0,0.0,1,1941.5922008002976,1941.5922008002976,-0.0,310.6547521280476,64.46086106656988,0.0,,,291.2377526485278,1941.5922008002976,1863.9285127682856,77.66368803201192,1941.5922008002976,0.0,1.0,0.0,0.0,0.1560360929332993,98.44870872796199,0.96,657.2244685858103,630.9354898423779,26.28897874343238,1.0,0.0,0.0,0.15635858462773383,96.39452196028289,0.96,642.1838661072431,616.4965114629534,25.687354644289712,1.0,0.0,0.0,0.15635858462773378,96.39452196028299,0.96,642.1838661072442,616.4965114629543,25.687354644289826,,,,677.978297798092,1863.9285127682856,1724.1338743106498,139.79463845762018,1863.92851276827,1.5688783605583012e-11,1.0,0,0,0.3933080325050836,226.09883802932526,0.925,621.4751697062273,574.8645319782603,46.61063772796706,1.0,0,0,0.3933080325050837,226.09883802932544,0.925,621.4751697062276,574.8645319782605,46.61063772796706,1.0,0,0,0.3930688212730046,225.7806217394412,0.925,620.978173355815,574.4048103541289,46.57336300168606,0.0,0,0,0.08724817754776784,0.0,0.88,0.0,0.0,0.0,1.0,,,0.101,174.13752130537566,1724.1338743106498,1724.1338743106498,0.0,53.44815010363015,0.0,,,217.4583264896478,-8.526512829121202e-14,93.50708039054855,3.0,1143.3535717519953,0.0,-0.0,0.0,116.16472289000272
109,1,110,0.1016,0.0,1143.3535717520008,,,,0,0.0,1,1941.5922008002995,1941.5922008002995,-0.0,310.6547521280479,64.46086106656995,0.0,,,291.23775264852816,1941.5922008002995,1863.9285127682874,77.66368803201203,1941.5922008002995,0.0,1.0,0.0,0.0,0.1560360929332992,98.44870872796194,0.96,657.2244685858103,630.9354898423779,26.28897874343238,1.0,0.0,0.0,0.15635858462773383,96.39452196028299,0.96,642.183866107244,616.4965114629541,25.687354644289826,1.0,0.0,0.0,0.1563585846277337,96.39452196028311,0.96,642.1838661072453,616.4965114629555,25.687354644289826,,,,677.9782977980963,1863.9285127682874,1724.1338743106562,139.79463845762064,1863.9285127682767,1.0686562745831907e-11,1.0,0,0,0.3933080325050853,226.09883802932754,0.925,621.4751697062309,574.8645319782636,46.61063772796729,1.0,0,0,0.3933080325050854,226.09883802932768,0.925,621.4751697062311,574.8645319782638,46.61063772796729,1.0,0,0,0.39306882127300447,225.78062173944105,0.925,620.9781733558148,574.4048103541287,46.57336300168606,0.0,0,0,0.08724817754776784,0.0,0.88,0.0,0.0,0.0,1.0,,,0.101,174.13752130537628,1724.1338743106562,1724.1338743106562,0.0,53.44815010363034,0.0,,,217.45832648964335,8.526512829121202e-14,93.50708039054665,3.0,1143.3535717520008,0.0,-0.0,0.0,116.16472289000328
110,1,111,0.1016,0.0,1143.353571751992,,,,0,0.0,1,1941.5922008002667,1941.5922008002667,-0.0,310.6547521280427,64.46086106656885,0.0,,,291.23775264851986,1941.5922008002667,1863.928512768256,77.66368803201078,1941.5922008002667,0.0,1.0,0.0,0.0,0.15603609293329246,98.448708727962,0.96,657.2244685858392,630.9354898424056,26.28897874343363,1.0,0.0,0.0,0.15635858462773386,96.39452196028289,0.96,642.183866107243,616.4965114629533,25.687354644289712,1.0,0.0,0.0,0.15635858462773525,96.39452196027494,0.96,642.1838661071845,616.496511462897,25.68735464428744,,,,677.9782977980958,1863.928512768256,1724.1338743106553,139.79463845762052,1863.9285127682758,-1.978150976356119e-11,1.0,0,0,0.3933080325050826,226.09883802932393,0.925,621.4751697062252,574.8645319782584,46.61063772796683,1.0,0,0,0.3933080325050853,226.09883802932754,0.925,621.4751697062309,574.8645319782636,46.61063772796729,1.0,0,0,0.3930688212730069,225.78062173944429,0.925,620.9781733558198,574.4048103541334,46.5733630016864,0.0,0,0,0.08724817754776784,0.0,0.88,0.0,0.0,0.0,1.0,,,0.101,174.1375213053762,1724.1338743106553,1724.1338743106553,0.0,53.44815010363031,0.0,,,217.45832648961152,5.684341886080802e-14,93.50708039053295,3.0,1143.353571751992,0.0,-0.0,0.0,116.16472289000238
111,1,112,0.1016,0.0,1143.3535717519003,,,,0,0.0,1,1941.592200800147,1941.592200800147,-0.0,310.6547521280235,64.46086106656489,0.0,,,291.2377526485227,1941.592200800147,1863.9285127681412,77.6636880320059,1941.592200800147,0.0,1.0,0.0,0.0,0.1560360929333055,98.44870872796189,0.96,657.2244685857835,630.9354898423521,26.288978743431358,1.0,0.0,0.0,0.1563585846277353,96.39452196027435,0.96,642.1838661071803,616.4965114628931,25.68735464428721,1.0,0.0,0.0,0.1563585846277543,96.39452196028653,0.96,642.1838661071833,616.496511462896,25.687354644287325,,,,677.9782977980134,1863.9285127681412,1724.1338743105362,139.7946384576111,1863.9285127681474,-6.139089236967266e-12,1.0,0,0,0.39330803250508284,226.09883802932424,0.925,621.4751697062258,574.8645319782588,46.610637727966946,1.0,0,0,0.39330803250508295,226.09883802932436,0.925,621.4751697062259,574.8645319782589,46.610637727966946,1.0,0,0,0.3930688212729472,225.78062173936482,0.925,620.9781733556957,574.4048103540185,46.573363001677194,0.0,0,0,0.08724817754776784,0.0,0.88,0.0,0.0,0.0,1.0,,,0.101,174.13752130536417,1724.1338743105362,1724.1338743105362,0.0,53.448150103626624,0.0,,,217.45832648961084,2.842170943040401e-14,93.50708039053266,3.0,1143.3535717519003,0.0,-0.0,0.0,116.16472288999306
112,1,113,0.1016,0.0,1143.353571752028,,,,0,0.0,1,1941.5922008003267,1941.5922008003267,-0.0,310.6547521280523,64.46086106657084,0.0,,,291.23775264853157,1941.5922008003267,1863.9285127683133,77.66368803201317,1941.5922008003267,0.0,1.0,0.0,0.0,0.1560360929332996,98.44870872795845,0.96,657.2244685857854,630.935489842354,26.28897874343147,1.0,0.0,0.0,0.15635858462773308,96.39452196028651,0.96,642.1838661072704,616.4965114629796,25.68735464429085,1.0,0.0,0.0,0.15635858462773303,96.39452196028655,0.96,642.1838661072709,616.49651146298,25.68735464429085,,,,677.9782977981171,1863.9285127683133,1724.1338743106862,139.79463845762302,1863.9285127683092,4.092726157978177e-12,1.0,0,0,0.3933080325050827,226.0988380293241,0.925,621.4751697062254,574.8645319782586,46.61063772796683,1.0,0,0,0.3933080325051027,226.0988380293507,0.925,621.475169706267,574.864531978297,46.610637727970015,1.0,0,0,0.39306882127300535,225.78062173944227,0.925,620.9781733558167,574.4048103541305,46.573363001686175,0.0,0,0,0.08724817754776784,0.0,0.88,0.0,0.0,0.0,1.0,,,0.101,174.13752130537932,1724.1338743106862,1724.1338743106862,0.0,53.44815010363127,0.0,,,217.45832648964029,1.1368683772161603e-13,93.50708039054533,3.0,1143.353571752028,0.0,-0.0,0.0,116.16472289000605
113,1,114,0.15246,0.0,885.2177950463207,,,,0,0.0,1,1625.0000000000016,1625.0000000000016,-0.0,260.0000000000003,53.95000000000005,0.0,,,252.96188247929115,1625.0000000000016,1560.0000000000014,65.00000000000017,1625.0000000000016,0.0,1.0,0.0,0.0,0.15603609293329931,98.44870872796126,0.96,657.2244685858054,630.9354898423732,26.288978743432267,1.0,0.0,0.0,0.16626383082931545,77.30893825125702,0.96,484.35154904133896,464.9774870796854,19.37406196165358,1.0,0.0,0.0,0.16635723832145655,77.20423550007263,0.96,483.4239823728571,464.0870230779428,19.336959294914323,,,,488.3309125670295,1560.0000000000014,1425.0,134.99999999999602,1559.999999999996,5.4569682106375694e-12,1.0,0,0,0.34268835969616085,162.7769708556764,0.9134615384615422,519.9999999999978,475.0,44.99999999999784,1.0,0,0,0.3426883596961611,162.77697085567652,0.9134615384615402,519.999999999999,475.0,44.99999999999898,1.0,0,0,0.3426883596961612,162.77697085567655,0.9134615384615398,519.9999999999992,475.0,44.999999999999204,0.0,0,0,0.08724817754776784,0.0,0.88,0.0,0.0,0.0,1.0,,,0.101,143.925,1425.0,1425.0,0.0,44.175,0.0,,,200.00000000000165,5.684341886080802e-14,86.00000000000071,3.0,885.2177950463206,0.0,0.0,0.0,134.96030503276208
114,1,115,0.15246,0.0,885.2177950463188,,,,0,0.0,1,1624.999999999994,1624.999999999994,-0.0,259.99999999999903,53.949999999999804,0.0,,,252.9618824792891,1624.999999999994,1559.9999999999945,64.99999999999977,1624.999999999994,0.0,1.0,0.0,0.0,0.1560360929332996,98.44870872795919,0.96,657.2244685857903,630.9354898423587,26.288978743431585,1.0,0.0,0.0,0.16626383082931545,77.30893825125695,0.96,484.35154904133856,464.977487079685,19.37406196165358,1.0,0.0,0.0,0.16635723832145397,77.20423550007274,0.96,483.4239823728653,464.0870230779507,19.336959294914607,,,,488.3309125670297,1559.9999999999945,1425.0,134.99999999999818,1559.9999999999982,-3.637978807091713e-12,1.0,0,0,0.3426883596961612,162.77697085567655,0.9134615384615397,519.9999999999993,475.0,44.99999999999932,1.0,0,0,0.34268835969616135,162.77697085567664,0.9134615384615384,520.0,475.0,45.0,1.0,0,0,0.34268835969616107,162.7769708556765,0.9134615384615404,519.9999999999989,475.0,44.99999999999886,0.0,0,0,0.08724817754776784,0.0,0.88,0.0,0.0,0.0,1.0,,,0.101,143.925,1425.0,1425.0,0.0,44.175,0.0,,,199.99999999999432,-5.684341886080802e-14,85.99999999999756,3.0,885.2177950463188,0.0,0.0,0.0,134.96030503276177
115,1,116,0.15246,0.0,885.2177950463196,,,,0,0.0,1,1624.9999999999975,1624.9999999999975,-0.0,259.9999999999996,53.94999999999992,0.0,,,252.96188247928944,1624.9999999999975,1559.9999999999975,64.99999999999994,1624.9999999999975,0.0,1.0,0.0,0.0,0.1560360929333,98.44870872795973,0.96,657.2244685857922,630.9354898423605,26.2889787434317,1.0,0.0,0.0,0.16626383082931567,77.30893825125678,0.96,484.35154904133674,464.97748707968327,19.374061961653467,1.0,0.0,0.0,0.16635723832145288,77.20423550007274,0.96,483.42398237286847,464.0870230779537,19.336959294914777,,,,488.33091256703005,1559.9999999999975,1425.0,135.00000000000193,1560.000000000002,-4.547473508864641e-12,1.0,0,0,0.3426883596961612,162.77697085567655,0.9134615384615397,519.9999999999993,475.0,44.99999999999932,1.0,0,0,0.3426883596961613,162.7769708556766,0.913461538461539,519.9999999999997,475.0,44.99999999999966,1.0,0,0,0.34268835969616196,162.77697085567692,0.9134615384615332,520.000000000003,475.0,45.000000000002956,0.0,0,0,0.08724817754776784,0.0,0.88,0.0,0.0,0.0,1.0,,,0.101,143.925,1425.0,1425.0,0.0,44.175,0.0,,,199.99999999999733,5.684341886080802e-14,85.99999999999885,3.0,885.2177950463195,0.0,0.0,0.0,134.96030503276188
116,1,117,0.15246,0.0,885.2177950463196,,,,0,0.0,1,1625.0000000000025,1625.0000000000025,-0.0,260.0000000000004,53.95000000000008,0.0,,,252.96188247928967,1625.0000000000025,1560.0000000000023,65.00000000000017,1625.0000000000025,0.0,1.0,0.0,0.0,0.15603609293329962,98.4487087279594,0.96,657.2244685857917,630.93548984236,26.2889787434317,1.0,0.0,0.0,0.1662638308293149,77.30893825125756,0.96,484.35154904134396,464.9774870796902,19.37406196165375,1.0,0.0,0.0,0.16635723832145294,77.20423550007251,0.96,483.4239823728669,464.08702307795215,19.33695929491472,,,,488.3309125670298,1560.0000000000023,1425.0,134.9999999999992,1559.999999999999,3.183231456205249e-12,1.0,0,0,0.3426883596961613,162.7769708556766,0.9134615384615387,519.9999999999999,475.0,44.999999999999886,1.0,0,0,0.3426883596961613,162.7769708556766,0.913461538461539,519.9999999999997,475.0,44.99999999999966,1.0,0,0,0.3426883596961613,162.7769708556766,0.9134615384615391,519.9999999999997,475.0,44.99999999999966,0.0,0,0,0.08724817754776784,0.0,0.88,0.0,0.0,0.0,1.0,,,0.101,143.925,1425.0,1425.0,0.0,44.175,0.0,,,200.00000000000256,5.684341886080802e-14,86.0000000000011,3.0,885.2177950463195,0.0,0.0,0.0,134.96030503276188
117,1,118,0.15246,0.0,885.2177950463182,,,,0,0.0,1,1624.9999999999955,1624.9999999999955,-0.0,259.99999999999926,53.94999999999985,0.0,,,252.96188247928853,1624.9999999999955,1559.9999999999957,64.99999999999983,1624.9999999999955,0.0,1.0,0.0,0.0,0.15603609293329995,98.44870872795728,0.96,657.2244685857761,630.9354898423451,26.288978743431016,1.0,0.0,0.0,0.1662638308293141,77.30893825125848,0.96,484.35154904135203,464.97748707969794,19.374061961654093,1.0,0.0,0.0,0.166357238321453,77.20423550007263,0.96,483.4239823728674,464.08702307795267,19.33695929491472,,,,488.3309125670296,1559.9999999999957,1425.0,134.99999999999727,1559.9999999999973,-1.5916157281026244e-12,1.0,0,0,0.34268835969616107,162.7769708556765,0.9134615384615407,519.9999999999987,475.0,44.99999999999875,1.0,0,0,0.3426883596961613,162.7769708556766,0.913461538461539,519.9999999999997,475.0,44.99999999999966,1.0,0,0,0.3426883596961611,162.77697085567652,0.9134615384615405,519.9999999999989,475.0,44.99999999999886,0.0,0,0,0.08724817754776784,0.0,0.88,0.0,0.0,0.0,1.0,,,0.101,143.925,1425.0,1425.0,0.0,44.175,0.0,,,199.9999999999955,5.684341886080802e-14,85.99999999999807,3.0,885.2177950463181,0.0,0.0,0.0,134.96030503276168
118,1,119,0.1016,0.0,1143.3910977538274,,,,0,0.0,1,1941.6370085639485,1941.6370085639485,-0.0,310.66192137023177,64.46234868432309,0.0,,,291.2437879099251,1941.6370085639485,1863.9715282213906,77.665480342558,1941.6370085639485,0.0,1.0,0.0,0.0,0.1560360929332998,98.44870872795728,0.96,657.2244685857768,630.9354898423456,26.28897874343113,1.0,0.0,0.0,0.1563565167592313,96.4056546780979,0.96,642.2665267670912,616.5758656964076,25.690661070683632,1.0,0.0,0.0,0.15635953265952904,96.3894245038697,0.96,642.1460132110803,616.4601726826371,25.685840528443237,,,,678.0057698198185,1863.9715282213906,1724.1736636047895,139.79786461660444,1863.9715282213938,-3.183231456205249e-12,1.0,0,0,0.3932351967389922,226.00192327327272,0.925,621.3238427404644,574.7245545349297,46.599288205534776,1.0,0,0,0.3932351967389922,226.00192327327278,0.925,621.3238427404646,574.7245545349298,46.599288205534776,1.0,0,0,0.39323519673899243,226.00192327327298,0.925,621.3238427404649,574.72455453493,46.59928820553489,0.0,0,0,0.08724817754776784,0.0,0.88,0.0,0.0,0.0,1.0,,,0.101,174.14154002408375,1724.1736636047895,1724.1736636047895,0.0,53.44938357174847,0.0,,,217.46334495915926,-2.842170943040401e-14,93.50923833243849,3.0,1143.3910977538274,0.0,-0.0,0.0,116.16853553178885
119,1,120,0.1016,0.0,1143.3910977538212,,,,0,0.0,1,1941.6370085639564,1941.6370085639564,-0.0,310.661921370233,64.46234868432336,0.0,,,291.2437879099132,1941.6370085639564,1863.9715282213979,77.66548034255834,1941.6370085639564,0.0,1.0,0.0,0.0,0.15603609293327875,98.4487087279467,0.96,657.2244685857947,630.9354898423629,26.288978743431812,1.0,0.0,0.0,0.15635651675922999,96.40565467809675,0.96,642.2665267670891,616.5758656964055,25.690661070683632,1.0,0.0,0.0,0.15635953265953106,96.38942450386978,0.96,642.1460132110725,616.4601726826296,25.685840528442895,,,,678.0057698198236,1863.9715282213979,1724.1736636047967,139.797864616605,1863.971528221402,-4.092726157978177e-12,1.0,0,0,0.3932351967389921,226.00192327327258,0.925,621.3238427404642,574.7245545349294,46.599288205534776,1.0,0,0,0.3932351967389943,226.0019232732755,0.925,621.3238427404688,574.7245545349336,46.59928820553512,1.0,0,0,0.3932351967389943,226.00192327327554,0.925,621.3238427404689,574.7245545349338,46.59928820553512,0.0,0,0,0.08724817754776784,0.0,0.88,0.0,0.0,0.0,1.0,,,0.101,174.1415400240845,1724.1736636047967,1724.1736636047967,0.0,53.4493835717487,0.0,,,217.46334495915926,-8.526512829121202e-14,93.50923833243849,3.0,1143.3910977538212,0.0,-0.0,0.0,116.16853553178824
120,1,121,0.1016,0.0,1143.3910977538442,,,,0,0.0,1,1941.6370085638882,1941.6370085638882,-0.0,310.6619213702221,64.46234868432109,0.0,,,291.2437879099284,1941.6370085638882,1863.9715282213328,77.66548034255572,1941.6370085638882,0.0,1.0,0.0,0.0,0.15603609293329992,98.44870872795643,0.96,657.2244685857706,630.9354898423397,26.288978743430903,1.0,0.0,0.0,0.1563565167592314,96.40565467809728,0.96,642.2665267670867,616.5758656964032,25.690661070683518,1.0,0.0,0.0,0.15635953265954858,96.38942450387435,0.96,642.1460132110311,616.4601726825898,25.685840528441304,,,,678.0057698198303,1863.9715282213328,1724.1736636048067,139.7978646166058,1863.9715282214124,-7.958078640513122e-11,1.0,0,0,0.39323519673899376,226.00192327327483,0.925,621.3238427404677,574.7245545349327,46.599288205535004,1.0,0,0,0.3932351967389941,226.00192327327525,0.925,621.3238427404684,574.7245545349333,46.59928820553512,1.0,0,0,0.39323519673899787,226.00192327328023,0.925,621.3238427404762,574.7245545349405,46.599288205535686,0.0,0,0,0.08724817754776784,0.0,0.88,0.0,0.0,0.0,1.0,,,0.101,174.1415400240855,1724.1736636048067,1724.1736636048067,0.0,53.44938357174901,0.0,,,217.46334495908195,-5.684341886080802e-14,93.50923833240523,3.0,1143.3910977538442,0.0,-0.0,0.0,116.16853553179057
121,1,122,0.1016,0.0,1143.3910977538485,,,,0,0.0,1,1941.6370085639728,1941.6370085639728,-0.0,310.66192137023563,64.4623486843239,0.0,,,291.24378790992864,1941.6370085639728,1863.9715282214138,77.66548034255902,1941.6370085639728,0.0,1.0,0.0,0.0,0.15603609293329856,98.44870872795693,0.96,657.2244685857796,630.9354898423484,26.288978743431244,1.0,0.0,0.0,0.15635651675923143,96.4056546780972,0.96,642.2665267670861,616.5758656964026,25.690661070683518,1.0,0.0,0.0,0.15635953265953023,96.38942450387447,0.96,642.1460132111071,616.4601726826628,25.68584052844426,,,,678.005769819834,1863.9715282214138,1724.1736636048117,139.79786461660626,1863.971528221418,-4.320099833421409e-12,1.0,0,0,0.39323519673899243,226.00192327327298,0.925,621.3238427404649,574.72455453493,46.59928820553489,1.0,0,0,0.39323519673899965,226.00192327328264,0.925,621.3238427404799,574.724554534944,46.59928820553591,1.0,0,0,0.39323519673899643,226.00192327327838,0.925,621.3238427404733,574.7245545349379,46.59928820553546,0.0,0,0,0.08724817754776784,0.0,0.88,0.0,0.0,0.0,1.0,,,0.101,174.141540024086,1724.1736636048117,1724.1736636048117,0.0,53.449383571749166,0.0,,,217.46334495916096,-1.1368683772161603e-13,93.50923833243921,3.0,1143.3910977538485,0.0,-0.0,0.0,116.16853553179101
122,1,123,0.1016,0.0,1143.391097753834,,,,0,0.0,1,1941.6370085639464,1941.6370085639464,-0.0,310.6619213702314,64.46234868432302,0.0,,,291.243787909926,1941.6370085639464,1863.9715282213888,77.66548034255788,1941.6370085639464,0.0,1.0,0.0,0.0,0.15603609293329998,98.44870872795708,0.96,657.2244685857747,630.9354898423437,26.288978743431016,1.0,0.0,0.0,0.15635651675923215,96.40565467809361,0.96,642.2665267670592,616.5758656963768,25.69066107068238,1.0,0.0,0.0,0.15635953265953006,96.38942450387518,0.96,642.1460132111125,616.460172682668,25.685840528444487,,,,678.0057698198234,1863.9715282213888,1724.1736636047965,139.797864616605,1863.9715282214015,-1.2732925824820995e-11,1.0,0,0,0.3932351967389879,226.00192327326698,0.925,621.3238427404555,574.7245545349214,46.599288205534094,1.0,0,0,0.3932351967389963,226.00192327327818,0.925,621.323842740473,574.7245545349375,46.59928820553546,1.0,0,0,0.3932351967389963,226.0019232732782,0.925,621.3238427404731,574.7245545349376,46.59928820553546,0.0,0,0,0.08724817754776784,0.0,0.88,0.0,0.0,0.0,1.0,,,0.101,174.14154002408446,1724.1736636047965,1724.1736636047965,0.0,53.44938357174869,0.0,,,217.46334495915016,5.684341886080802e-14,93.50923833243456,3.0,1143.391097753834,0.0,-0.0,0.0,116.16853553178953
123,1,124,0.1016,0.0,1143.3910977538312,,,,0,0.0,1,1941.637008563951,1941.637008563951,-0.0,310.66192137023216,64.46234868432317,0.0,,,291.2437879099265,1941.637008563951,1863.9715282213929,77.665480342558,1941.637008563951,0.0,1.0,0.0,0.0,0.15603609293329992,98.44870872795727,0.96,657.2244685857761,630.9354898423451,26.288978743431016,1.0,0.0,0.0,0.15635651675923212,96.40565467809375,0.96,642.2665267670602,616.5758656963778,25.69066107068238,1.0,0.0,0.0,0.15635953265952995,96.38942450387543,0.96,642.1460132111147,616.4601726826701,25.6858405284446,,,,678.0057698198208,1863.9715282213929,1724.1736636047926,139.79786461660467,1863.9715282213974,-4.547473508864641e-12,1.0,0,0,0.39323519673899276,226.00192327327343,0.925,621.3238427404656,574.7245545349307,46.59928820553489,1.0,0,0,0.3932351967389929,226.0019232732736,0.925,621.3238427404658,574.7245545349309,46.59928820553489,1.0,0,0,0.393235196738993,226.00192327327375,0.925,621.323842740466,574.7245545349311,46.59928820553489,0.0,0,0,0.08724817754776784,0.0,0.88,0.0,0.0,0.0,1.0,,,0.101,174.14154002408407,1724.1736636047926,1724.1736636047926,0.0,53.44938357174857,0.0,,,217.46334495915812,-1.1368683772161603e-13,93.50923833243799,3.0,1143.3910977538312,0.0,-0.0,0.0,116.16853553178925
124,1,125,0.1016,0.0,1143.3910977538303,,,,0,0.0,1,1941.6370085639514,1941.6370085639514,-0.0,310.6619213702322,64.46234868432319,0.0,,,291.24378790992637,1941.6370085639514,1863.9715282213933,77.66548034255823,1941.6370085639514,0.0,1.0,0.0,0.0,0.1560360929332996,98.4487087279589,0.96,657.2244685857885,630.9354898423569,26.288978743431585,1.0,0.0,0.0,0.15635651675923137,96.40565467809758,0.96,642.2665267670889,616.5758656964052,25.690661070683632,1.0,0.0,0.0,0.15635953265953062,96.38942450386976,0.96,642.1460132110742,616.4601726826312,25.68584052844301,,,,678.00576981982,1863.9715282213933,1724.1736636047917,139.79786461660467,1863.9715282213965,-3.183231456205249e-12,1.0,0,0,0.39323519673899254,226.00192327327318,0.925,621.3238427404652,574.7245545349303,46.59928820553489,1.0,0,0,0.39323519673899265,226.00192327327335,0.925,621.3238427404655,574.7245545349306,46.59928820553489,1.0,0,0,0.39323519673899276,226.0019232732735,0.925,621.3238427404657,574.7245545349308,46.59928820553489,0.0,0,0,0.08724817754776784,0.0,0.88,0.0,0.0,0.0,1.0,,,0.101,174.14154002408398,1724.1736636047917,1724.1736636047917,0.0,53.44938357174854,0.0,,,217.4633449591597,-2.842170943040401e-14,93.50923833243867,3.0,1143.3910977538303,0.0,-0.0,0.0,116.16853553178916
125,1,126,0.1016,0.0,1143.3910977538214,,,,0,0.0,1,1941.637008563948,1941.637008563948,-0.0,310.6619213702317,64.46234868432308,0.0,,,291.2437879099199,1941.637008563948,1863.9715282213901,77.665480342558,1941.637008563948,0.0,1.0,0.0,0.0,0.15603609293329976,98.44870872795892,0.96,657.2244685857879,630.9354898423563,26.288978743431585,1.0,0.0,0.0,0.15635651675922116,96.40565467809034,0.96,642.2665267670825,616.5758656963992,25.69066107068329,1.0,0.0,0.0,0.15635953265953084,96.38942450387042,0.96,642.1460132110776,616.4601726826345,25.685840528443123,,,,678.0057698198178,1863.9715282213901,1724.1736636047885,139.79786461660444,1863.971528221393,-2.9558577807620168e-12,1.0,0,0,0.39323519673899254,226.00192327327318,0.925,621.3238427404652,574.7245545349303,46.59928820553489,1.0,0,0,0.3932351967389919,226.0019232732723,0.925,621.3238427404639,574.7245545349291,46.599288205534776,1.0,0,0,0.393235196738992,226.0019232732724,0.925,621.323842740464,574.7245545349292,46.599288205534776,0.0,0,0,0.08724817754776784,0.0,0.88,0.0,0.0,0.0,1.0,,,0.101,174.14154002408367,1724.1736636047885,1724.1736636047885,0.0,53.44938357174844,0.0,,,217.46334495915949,5.684341886080802e-14,93.50923833243857,3.0,1143.3910977538214,0.0,-0.0,0.0,116.16853553178825
126,1,127,0.1016,0.0,1143.391097753844,,,,0,0.0,1,1941.6370085639119,1941.6370085639119,-0.0,310.6619213702259,64.46234868432188,0.0,,,291.24378790994285,1941.6370085639119,1863.9715282213556,77.66548034255663,1941.6370085639119,0.0,1.0,0.0,0.0,0.15603609293329976,98.44870872795725,0.96,657.2244685857768,630.9354898423456,26.28897874343113,1.0,0.0,0.0,0.1563565167592316,96.40565467809668,0.96,642.2665267670819,616.5758656963986,25.69066107068329,1.0,0.0,0.0,0.1563595326595664,96.38942450388869,0.96,642.1460132110534,616.4601726826112,25.685840528442213,,,,678.0057698198175,1863.9715282213556,1724.1736636047879,139.79786461660456,1863.9715282213924,-3.6834535421803594e-11,1.0,0,0,0.39323519673899066,226.00192327327062,0.9249999999999999,621.3238427404613,574.7245545349266,46.59928820553466,1.0,0,0,0.39323519673899276,226.0019232732734,0.9249999999999999,621.3238427404656,574.7245545349306,46.599288205535004,1.0,0,0,0.39323519673899276,226.0019232732735,0.925,621.3238427404657,574.7245545349308,46.59928820553489,0.0,0,0,0.08724817754776784,0.0,0.88,0.0,0.0,0.0,1.0,,,0.101,174.14154002408358,1724.1736636047879,1724.1736636047879,0.0,53.44938357174842,0.0,,,217.46334495912436,2.842170943040401e-14,93.50923833242346,3.0,1143.391097753844,0.0,-0.0,0.0,116.16853553179054
127,1,128,0.1016,0.0,1143.3910977538299,,,,0,0.0,1,1941.637008563951,1941.637008563951,-0.0,310.66192137023216,64.46234868432317,0.0,,,291.2437879099265,1941.637008563951,1863.9715282213929,77.66548034255811,1941.637008563951,0.0,1.0,0.0,0.0,0.1560360929332997,98.44870872795812,0.96,657.2244685857828,630.9354898423514,26.288978743431358,1.0,0.0,0.0,0.1563565167592313,96.4056546780979,0.96,642.2665267670912,616.5758656964076,25.690661070683632,1.0,0.0,0.0,0.15635953265953095,96.38942450387037,0.96,642.1460132110769,616.4601726826338,25.685840528443123,,,,678.0057698198195,1863.9715282213929,1724.1736636047908,139.79786461660467,1863.9715282213956,-2.7284841053187847e-12,1.0,0,0,0.39323519673899243,226.00192327327304,0.925,621.323842740465,574.7245545349301,46.59928820553489,1.0,0,0,0.39323519673899254,226.00192327327318,0.925,621.3238427404652,574.7245545349303,46.59928820553489,1.0,0,0,0.39323519673899265,226.0019232732733,0.925,621.3238427404654,574.7245545349305,46.59928820553489,0.0,0,0,0.08724817754776784,0.0,0.88,0.0,0.0,0.0,1.0,,,0.101,174.1415400240839,1724.1736636047908,1724.1736636047908,0.0,53.44938357174851,0.0,,,217.46334495916005,-5.684341886080802e-14,93.50923833243883,3.0,1143.3910977538299,0.0,-0.0,0.0,116.1685355317891
128,1,129,0.1016,0.0,1143.3910977538283,,,,0,0.0,1,1941.6370085639594,1941.6370085639594,-0.0,310.66192137023353,64.46234868432346,0.0,,,291.2437879099276,1941.6370085639594,1863.971528221401,77.66548034255845,1941.6370085639594,0.0,1.0,0.0,0.0,0.1560360929332997,98.44870872795806,0.96,657.2244685857825,630.9354898423511,26.288978743431358,1.0,0.0,0.0,0.1563565167592313,96.40565467809787,0.96,642.2665267670911,616.5758656964075,25.690661070683632,1.0,0.0,0.0,0.15635953265953073,96.38942450387157,0.96,642.1460132110858,616.4601726826423,25.685840528443464,,,,678.0057698198171,1863.971528221401,1724.1736636047876,139.79786461660433,1863.971528221392,9.094947017729282e-12,1.0,0,0,0.3932351967389919,226.00192327327227,0.925,621.3238427404638,574.724554534929,46.599288205534776,1.0,0,0,0.393235196738992,226.0019232732724,0.925,621.323842740464,574.7245545349292,46.599288205534776,1.0,0,0,0.393235196738992,226.00192327327247,0.925,621.3238427404641,574.7245545349293,46.599288205534776,0.0,0,0,0.08724817754776784,0.0,0.88,0.0,0.0,0.0,1.0,,,0.101,174.14154002408355,1724.1736636047876,1724.1736636047876,0.0,53.44938357174841,0.0,,,217.46334495917188,-5.684341886080802e-14,93.5092383324439,3.0,1143.3910977538283,0.0,-0.0,0.0,116.16853553178895
129,1,130,0.1016,0.0,1143.3910977538296,,,,0,0.0,1,1941.6370085639512,1941.6370085639512,-0.0,310.6619213702322,64.46234868432317,0.0,,,291.24378790992637,1941.6370085639512,1863.971528221393,77.66548034255823,1941.6370085639512,0.0,1.0,0.0,0.0,0.15603609293329992,98.44870872795643,0.96,657.2244685857706,630.9354898423397,26.288978743430903,1.0,0.0,0.0,0.1563565167592312,96.40565467809884,0.96,642.266526767098,616.575865696414,25.690661070683973,1.0,0.0,0.0,0.1563595326595308,96.38942450387113,0.96,642.1460132110826,616.4601726826393,25.68584052844335,,,,678.0057698198194,1863.971528221393,1724.1736636047908,139.79786461660456,1863.9715282213956,-2.5011104298755527e-12,1.0,0,0,0.39323519673899254,226.00192327327318,0.925,621.3238427404652,574.7245545349303,46.59928820553489,1.0,0,0,0.3932351967389922,226.00192327327272,0.925,621.3238427404644,574.7245545349297,46.599288205534776,1.0,0,0,0.39323519673899276,226.0019232732735,0.925,621.3238427404657,574.7245545349308,46.59928820553489,0.0,0,0,0.08724817754776784,0.0,0.88,0.0,0.0,0.0,1.0,,,0.101,174.1415400240839,1724.1736636047908,1724.1736636047908,0.0,53.44938357174851,0.0,,,217.46334495916028,-5.684341886080802e-14,93.50923833243893,3.0,1143.3910977538296,0.0,-0.0,0.0,116.16853553178909
130,1,131,0.1016,0.0,1143.39109775384,,,,0,0.0,1,1941.6370085639533,1941.6370085639533,-0.0,310.6619213702325,64.46234868432325,0.0,,,291.2437879099265,1941.6370085639533,1863.971528221395,77.66548034255823,1941.6370085639533,0.0,1.0,0.0,0.0,0.15603609293329965,98.44870872795799,0.96,657.2244685857822,630.9354898423509,26.288978743431358,1.0,0.0,0.0,0.15635651675923132,96.4056546780975,0.96,642.2665267670885,616.575865696405,25.690661070683518,1.0,0.0,0.0,0.15635953265953068,96.38942450387101,0.96,642.1460132110824,616.460172682639,25.68584052844335,,,,678.0057698198284,1863.971528221395,1724.1736636048036,139.7978646166057,1863.9715282214092,-1.432454155292362e-11,1.0,0,0,0.39323519673899476,226.00192327327608,0.925,621.3238427404697,574.7245545349344,46.59928820553523,1.0,0,0,0.39323519673899476,226.0019232732761,0.925,621.3238427404698,574.7245545349346,46.59928820553523,1.0,0,0,0.3932351967389949,226.00192327327622,0.925,621.3238427404699,574.7245545349347,46.59928820553523,0.0,0,0,0.08724817754776784,0.0,0.88,0.0,0.0,0.0,1.0,,,0.101,174.14154002408517,1724.1736636048036,1724.1736636048036,0.0,53.44938357174891,0.0,,,217.4633449591496,2.842170943040401e-14,93.50923833243432,3.0,1143.39109775384,0.0,-0.0,0.0,116.16853553179014
131,1,132,0.1016,0.0,1143.3910977537798,,,,0,0.0,1,1941.637008563942,1941.637008563942,-0.0,310.6619213702307,64.46234868432288,0.0,,,291.2437879099251,1941.637008563942,1863.9715282213838,77.66548034255766,1941.637008563942,0.0,1.0,0.0,0.0,0.1560360929333002,98.4487087279538,0.96,657.2244685857519,630.9354898423218,26.288978743430107,1.0,0.0,0.0,0.15635651675923132,96.40565467809749,0.96,642.2665267670884,616.5758656964049,25.690661070683518,1.0,0.0,0.0,0.15635953265953034,96.38942450387367,0.96,642.1460132111014,616.4601726826573,25.685840528444032,,,,678.0057698197771,1863.9715282213838,1724.1736636047294,139.79786461659955,1863.9715282213292,5.4569682106375694e-11,1.0,0,0,0.393235196738961,226.0019232732312,0.925,621.3238427403995,574.7245545348696,46.59928820552989,1.0,0,0,0.39323519673899276,226.00192327327343,0.925,621.3238427404656,574.7245545349307,46.59928820553489,1.0,0,0,0.393235196738992,226.00192327327247,0.925,621.3238427404641,574.7245545349293,46.599288205534776,0.0,0,0,0.08724817754776784,0.0,0.88,0.0,0.0,0.0,1.0,,,0.101,174.14154002407767,1724.1736636047294,1724.1736636047294,0.0,53.44938357174661,0.0,,,217.46334495921178,-8.526512829121202e-14,93.50923833246107,3.0,1143.3910977537798,0.0,-0.0,0.0,116.16853553178403
132,1,133,0.1016,0.0,1143.3910977538294,,,,0,0.0,1,1941.6370085639467,1941.6370085639467,-0.0,310.6619213702315,64.46234868432303,0.0,,,291.24378790992625,1941.6370085639467,1863.9715282213888,77.665480342558,1941.6370085639467,0.0,1.0,0.0,0.0,0.15603609293330123,98.44870872795609,0.96,657.2244685857628,630.9354898423322,26.28897874343056,1.0,0.0,0.0,0.15635651675923085,96.40565467809796,0.96,642.2665267670935,616.5758656964098,25.690661070683745,1.0,0.0,0.0,0.15635953265953054,96.38942450387212,0.96,642.1460132110903,616.4601726826467,25.68584052844369,,,,678.0057698198192,1863.9715282213888,1724.1736636047904,139.79786461660467,1863.971528221395,-6.139089236967266e-12,1.0,0,0,0.39323519673899243,226.00192327327298,0.925,621.3238427404649,574.72455453493,46.59928820553489,1.0,0,0,0.39323519673899243,226.00192327327304,0.925,621.323842740465,574.7245545349301,46.59928820553489,1.0,0,0,0.39323519673899254,226.00192327327315,0.925,621.3238427404651,574.7245545349302,46.59928820553489,0.0,0,0,0.08724817754776784,0.0,0.88,0.0,0.0,0.0,1.0,,,0.101,174.14154002408384,1724.1736636047904,1724.1736636047904,0.0,53.4493835717485,0.0,,,217.46334495915653,1.1368683772161603e-13,93.5092383324373,3.0,1143.3910977538294,0.0,-0.0,0.0,116.16853553178906
133,1,134,0.1016,0.0,1143.3910977538337,,,,0,0.0,1,1941.6370085639537,1941.6370085639537,-0.0,310.6619213702326,64.46234868432326,0.0,,,291.24378790992637,1941.6370085639537,1863.9715282213956,77.66548034255834,1941.6370085639537,0.0,1.0,0.0,0.0,0.1560360929332991,98.44870872795603,0.96,657.2244685857714,630.9354898423405,26.288978743430903,1.0,0.0,0.0,0.15635651675923115,96.40565467809789,0.96,642.2665267670918,616.5758656964081,25.690661070683745,1.0,0.0,0.0,0.1563595326595305,96.38942450387215,0.96,642.1460132110906,616.4601726826469,25.68584052844369,,,,678.005769819823,1863.9715282213956,1724.1736636047958,139.797864616605,1863.9715282214006,-5.002220859751105e-12,1.0,0,0,0.3932351967389923,226.00192327327287,0.925,621.3238427404647,574.7245545349299,46.599288205534776,1.0,0,0,0.3932351967389939,226.00192327327494,0.925,621.323842740468,574.7245545349328,46.59928820553512,1.0,0,0,0.393235196738994,226.00192327327508,0.925,621.3238427404682,574.7245545349331,46.59928820553512,0.0,0,0,0.08724817754776784,0.0,0.88,0.0,0.0,0.0,1.0,,,0.101,174.14154002408438,1724.1736636047958,1724.1736636047958,0.0,53.44938357174867,0.0,,,217.46334495915835,2.842170943040401e-14,93.50923833243809,3.0,1143.3910977538337,0.0,-0.0,0.0,116.1685355317895
134,1,135,0.1016,0.0,1143.3910977538262,,,,0,0.0,1,1941.6370085639455,1941.6370085639455,-0.0,310.6619213702313,64.46234868432299,0.0,,,291.2437879099258,1941.6370085639455,1863.9715282213876,77.66548034255788,1941.6370085639455,0.0,1.0,0.0,0.0,0.1560360929333001,98.44870872795468,0.96,657.2244685857581,630.9354898423278,26.288978743430334,1.0,0.0,0.0,0.1563565167592313,96.4056546780979,0.96,642.2665267670912,616.5758656964076,25.690661070683632,1.0,0.0,0.0,0.15635953265953062,96.38942450387304,0.96,642.1460132110961,616.4601726826522,25.68584052844392,,,,678.0057698198168,1863.9715282213876,1724.173663604787,139.79786461660422,1863.971528221391,-3.410605131648481e-12,1.0,0,0,0.39323519673899154,226.0019232732718,0.925,621.323842740463,574.7245545349283,46.59928820553466,1.0,0,0,0.39323519673899165,226.00192327327196,0.925,621.3238427404632,574.7245545349285,46.59928820553466,1.0,0,0,0.39323519673899243,226.00192327327304,0.925,621.323842740465,574.7245545349301,46.59928820553489,0.0,0,0,0.08724817754776784,0.0,0.88,0.0,0.0,0.0,1.0,,,0.101,174.1415400240835,1724.173663604787,1724.173663604787,0.0,53.44938357174839,0.0,,,217.4633449591587,1.1368683772161603e-13,93.50923833243823,3.0,1143.3910977538262,0.0,-0.0,0.0,116.16853553178873
135,1,136,0.1016,0.0,1143.3910977538158,,,,0,0.0,1,1941.637008563862,1941.637008563862,-0.0,310.66192137021795,64.46234868432022,0.0,,,291.2437879099142,1941.637008563862,1863.9715282213074,77.66548034255459,1941.637008563862,0.0,1.0,0.0,0.0,0.15603609293330037,98.44870872795322,0.96,657.2244685857472,630.9354898423173,26.28897874342988,1.0,0.0,0.0,0.15635651675923284,96.40565467808952,0.96,642.2665267670292,616.5758656963479,25.690661070681244,1.0,0.0,0.0,0.15635953265953062,96.3894245038715,0.96,642.1460132110858,616.4601726826423,25.685840528443464,,,,678.0057698198179,1863.9715282213074,1724.1736636047885,139.79786461660433,1863.9715282213929,-8.549250196665525e-11,1.0,0,0,0.39323519673898844,226.0019232732677,0.925,621.3238427404566,574.7245545349224,46.59928820553421,1.0,0,0,0.39323519673899165,226.00192327327196,0.925,621.3238427404632,574.7245545349285,46.59928820553466,1.0,0,0,0.39323519673899643,226.00192327327832,0.925,621.3238427404732,574.7245545349377,46.59928820553546,0.0,0,0,0.08724817754776784,0.0,0.88,0.0,0.0,0.0,1.0,,,0.101,174.14154002408367,1724.1736636047885,1724.1736636047885,0.0,53.44938357174844,0.0,,,217.46334495907342,-5.684341886080802e-14,93.50923833240157,3.0,1143.3910977538158,0.0,-0.0,0.0,116.16853553178768
136,1,137,0.1016,0.0,1143.3910977538303,,,,0,0.0,1,1941.6370085639387,1941.6370085639387,-0.0,310.6619213702302,64.46234868432276,0.0,,,291.24378790992466,1941.6370085639387,1863.971528221381,77.66548034255754,1941.6370085639387,0.0,1.0,0.0,0.0,0.15603609293330042,98.44870872795322,0.96,657.224468585747,630.9354898423171,26.28897874342988,1.0,0.0,0.0,0.15635651675923137,96.40565467809743,0.96,642.2665267670878,616.5758656964043,25.690661070683518,1.0,0.0,0.0,0.15635953265953015,96.3894245038739,0.96,642.1460132111037,616.4601726826595,25.685840528444146,,,,678.0057698198215,1863.971528221381,1724.173663604794,139.79786461660467,1863.9715282213983,-1.7280399333685637e-11,1.0,0,0,0.39323519673899165,226.00192327327196,0.925,621.3238427404632,574.7245545349285,46.59928820553466,1.0,0,0,0.39323519673899365,226.00192327327468,0.925,621.3238427404675,574.7245545349325,46.599288205535004,1.0,0,0,0.39323519673899376,226.00192327327483,0.925,621.3238427404677,574.7245545349327,46.599288205535004,0.0,0,0,0.08724817754776784,0.0,0.88,0.0,0.0,0.0,1.0,,,0.101,174.1415400240842,1724.173663604794,1724.173663604794,0.0,53.44938357174861,0.0,,,217.46334495914493,-2.842170943040401e-14,93.50923833243232,3.0,1143.3910977538303,0.0,-0.0,0.0,116.16853553178916
137,1,138,0.13994,0.0,1143.391097753825,,,,0,0.0,1,1941.6370085639164,1941.6370085639164,-0.0,310.66192137022665,64.46234868432202,0.0,,,291.2437879099217,1941.6370085639164,1863.9715282213597,77.66548034255675,1941.6370085639164,0.0,1.0,0.0,0.0,0.15603609293330042,98.44870872795315,0.96,657.2244685857465,630.9354898423167,26.28897874342988,1.0,0.0,0.0,0.15635651675923135,96.4056546780974,0.96,642.2665267670877,616.5758656964042,25.690661070683518,1.0,0.0,0.0,0.15635953265953068,96.38942450387097,0.96,642.146013211082,616.4601726826387,25.68584052844335,,,,678.0057698198194,1863.9715282213597,1724.1736636047908,139.79786461660456,1863.9715282213951,-3.54702933691442e-11,1.0,0,0,0.3932351967389919,226.00192327327227,0.925,621.3238427404638,574.724554534929,46.599288205534776,1.0,0,0,0.39323519673899276,226.0019232732735,0.925,621.3238427404657,574.7245545349308,46.59928820553489,1.0,0,0,0.3932351967389929,226.00192327327363,0.925,621.3238427404659,574.724554534931,46.59928820553489,0.0,0,0,0.08724817754776784,0.0,0.88,0.0,0.0,0.0,1.0,,,0.101,174.1415400240839,1724.1736636047908,1724.1736636047908,0.0,53.44938357174851,0.0,,,217.46334495912583,5.684341886080802e-14,93.5092383324241,3.0,1143.391097753825,0.0,-0.0,0.0,160.0061502196703
138,1,139,0.13994,0.0,1143.3910977538312,,,,0,0.0,1,1941.6370085639514,1941.6370085639514,-0.0,310.6619213702322,64.46234868432319,0.0,,,291.2437879099265,1941.6370085639514,1863.9715282213933,77.66548034255811,1941.6370085639514,0.0,1.0,0.0,0.0,0.1560360929332998,98.44870872795742,0.96,657.2244685857777,630.9354898423466,26.28897874343113,1.0,0.0,0.0,0.15635651675923132,96.4056546780975,0.96,642.2665267670885,616.575865696405,25.690661070683518,1.0,0.0,0.0,0.1563595326595309,96.38942450387158,0.96,642.1460132110852,616.4601726826418,25.685840528443464,,,,678.0057698198208,1863.9715282213933,1724.1736636047926,139.79786461660467,1863.9715282213974,-4.092726157978177e-12,1.0,0,0,0.39323519673899276,226.00192327327343,0.925,621.3238427404656,574.7245545349307,46.59928820553489,1.0,0,0,0.3932351967389929,226.0019232732736,0.925,621.3238427404658,574.7245545349309,46.59928820553489,1.0,0,0,0.393235196738993,226.00192327327375,0.925,621.323842740466,574.7245545349311,46.59928820553489,0.0,0,0,0.08724817754776784,0.0,0.88,0.0,0.0,0.0,1.0,,,0.101,174.14154002408407,1724.1736636047926,1724.1736636047926,0.0,53.44938357174857,0.0,,,217.4633449591587,-1.1368683772161603e-13,93.50923833243823,3.0,1143.3910977538312,0.0,-0.0,0.0,160.00615021967116
139,1,140,0.13994,0.0,1143.391097753823,,,,0,0.0,1,1941.6370085639514,1941.6370085639514,-0.0,310.6619213702322,64.46234868432319,0.0,,,291.2437879099185,1941.6370085639514,1863.9715282213933,77.66548034255823,1941.6370085639514,0.0,1.0,0.0,0.0,0.15603609293329995,98.44870872795737,0.96,657.2244685857768,630.9354898423456,26.28897874343113,1.0,0.0,0.0,0.15635651675923123,96.40565467809846,0.96,642.2665267670952,616.5758656964114,25.69066107068386,1.0,0.0,0.0,0.15635953265951752,96.38942450386246,0.96,642.1460132110794,616.4601726826362,25.685840528443237,,,,678.0057698198206,1863.9715282213933,1724.1736636047926,139.79786461660467,1863.971528221397,-3.637978807091713e-12,1.0,0,0,0.39323519673899276,226.00192327327343,0.925,621.3238427404656,574.7245545349307,46.59928820553489,1.0,0,0,0.39323519673899276,226.0019232732735,0.925,621.3238427404657,574.7245545349308,46.59928820553489,1.0,0,0,0.3932351967389929,226.0019232732736,0.925,621.3238427404658,574.7245545349309,46.59928820553489,0.0,0,0,0.08724817754776784,0.0,0.88,0.0,0.0,0.0,1.0,,,0.101,174.14154002408407,1724.1736636047926,1724.1736636047926,0.0,53.44938357174857,0.0,,,217.46334495915926,-1.1368683772161603e-13,93.50923833243849,3.0,1143.391097753823,0.0,-0.0,0.0,160.00615021967002
140,1,141,0.13994,0.0,1143.391097753828,,,,0,0.0,1,1941.6370085639473,1941.6370085639473,-0.0,310.6619213702316,64.46234868432305,0.0,,,291.243787909926,1941.6370085639473,1863.9715282213895,77.66548034255788,1941.6370085639473,0.0,1.0,0.0,0.0,0.1560360929332999,98.44870872795721,0.96,657.2244685857759,630.9354898423449,26.288978743431016,1.0,0.0,0.0,0.1563565167592313,96.40565467809837,0.96,642.2665267670944,616.5758656964107,25.690661070683745,1.0,0.0,0.0,0.15635953265953084,96.3894245038703,0.96,642.1460132110769,616.4601726826338,25.685840528443123,,,,678.0057698198182,1863.9715282213895,1724.173663604789,139.79786461660433,1863.9715282213933,-3.865352482534945e-12,1.0,0,0,0.3932351967389921,226.00192327327258,0.925,621.3238427404642,574.7245545349294,46.599288205534776,1.0,0,0,0.3932351967389922,226.00192327327272,0.925,621.3238427404644,574.7245545349297,46.599288205534776,1.0,0,0,0.3932351967389922,226.00192327327278,0.925,621.3238427404646,574.7245545349298,46.599288205534776,0.0,0,0,0.08724817754776784,0.0,0.88,0.0,0.0,0.0,1.0,,,0.101,174.1415400240837,1724.173663604789,1724.173663604789,0.0,53.449383571748456,0.0,,,217.46334495915835,1.4210854715202004e-13,93.50923833243809,3.0,1143.391097753828,0.0,-0.0,0.0,160.0061502196707
141,1,142,0.13994,0.0,1143.3910977538267,,,,0,0.0,1,1941.637008563943,1941.637008563943,-0.0,310.6619213702309,64.4623486843229,0.0,,,291.24378790992546,1941.637008563943,1863.9715282213851,77.66548034255788,1941.637008563943,0.0,1.0,0.0,0.0,0.15603609293329967,98.44870872795896,0.96,657.2244685857885,630.9354898423569,26.288978743431585,1.0,0.0,0.0,0.15635651675923162,96.4056546780961,0.96,642.266526767078,616.5758656963948,25.690661070683177,1.0,0.0,0.0,0.15635953265953084,96.38942450387027,0.96,642.1460132110767,616.4601726826336,25.685840528443123,,,,678.0057698198175,1863.9715282213851,1724.1736636047879,139.79786461660433,1863.9715282213922,-7.048583938740194e-12,1.0,0,0,0.393235196738992,226.0019232732724,0.925,621.323842740464,574.7245545349292,46.599288205534776,1.0,0,0,0.393235196738992,226.00192327327247,0.925,621.3238427404641,574.7245545349293,46.599288205534776,1.0,0,0,0.3932351967389921,226.00192327327258,0.925,621.3238427404642,574.7245545349294,46.599288205534776,0.0,0,0,0.08724817754776784,0.0,0.88,0.0,0.0,0.0,1.0,,,0.101,174.14154002408358,1724.1736636047879,1724.1736636047879,0.0,53.44938357174842,0.0,,,217.46334495915517,1.4210854715202004e-13,93.50923833243672,3.0,1143.3910977538267,0.0,-0.0,0.0,160.0061502196705
142,1,143,0.1016,0.0,1143.3910977538292,,,,0,0.0,1,1941.6370085639528,1941.6370085639528,-0.0,310.66192137023245,64.46234868432323,0.0,,,291.2437879099267,1941.6370085639528,1863.9715282213945,77.66548034255823,1941.6370085639528,0.0,1.0,0.0,0.0,0.1560360929332999,98.44870872795734,0.96,657.2244685857768,630.9354898423456,26.28897874343113,1.0,0.0,0.0,0.1563565167592317,96.4056546780961,0.96,642.2665267670776,616.5758656963944,25.690661070683177,1.0,0.0,0.0,0.1563595326595303,96.38942450387316,0.96,642.1460132110982,616.4601726826543,25.68584052844392,,,,678.0057698198186,1863.9715282213945,1724.17366360479,139.79786461660444,1863.9715282213942,2.2737367544323206e-13,1.0,0,0,0.3932351967389923,226.00192327327287,0.925,621.3238427404647,574.7245545349299,46.599288205534776,1.0,0,0,0.3932351967389922,226.00192327327278,0.925,621.3238427404646,574.7245545349298,46.599288205534776,1.0,0,0,0.39323519673899243,226.00192327327298,0.925,621.3238427404649,574.72455453493,46.59928820553489,0.0,0,0,0.08724817754776784,0.0,0.88,0.0,0.0,0.0,1.0,,,0.101,174.14154002408378,1724.17366360479,1724.17366360479,0.0,53.449383571748484,0.0,,,217.4633449591629,5.684341886080802e-14,93.50923833244005,3.0,1143.3910977538292,0.0,-0.0,0.0,116.16853553178903
143,1,144,0.1016,0.0,1143.3910977538285,,,,0,0.0,1,1941.6370085639337,1941.6370085639337,-0.0,310.6619213702294,64.4623486843226,0.0,,,291.24378790992114,1941.6370085639337,1863.9715282213765,77.66548034255732,1941.6370085639337,0.0,1.0,0.0,0.0,0.15603609293329487,98.44870872795494,0.96,657.2244685857818,630.9354898423505,26.288978743431244,1.0,0.0,0.0,0.15635651675923168,96.40565467809606,0.96,642.2665267670774,616.5758656963943,25.690661070683063,1.0,0.0,0.0,0.156359532659531,96.38942450387009,0.96,642.1460132110748,616.4601726826318,25.68584052844301,,,,678.0057698198231,1863.9715282213765,1724.1736636047958,139.797864616605,1863.971528221401,-2.4556356947869062e-11,1.0,0,0,0.39323519673899265,226.00192327327335,0.925,621.3238427404655,574.7245545349306,46.59928820553489,1.0,0,0,0.39323519673899276,226.00192327327343,0.925,621.3238427404656,574.7245545349307,46.59928820553489,1.0,0,0,0.3932351967389949,226.00192327327622,0.925,621.3238427404699,574.7245545349347,46.59928820553523,0.0,0,0,0.08724817754776784,0.0,0.88,0.0,0.0,0.0,1.0,,,0.101,174.14154002408438,1724.1736636047958,1724.1736636047958,0.0,53.44938357174867,0.0,,,217.46334495913777,-8.526512829121202e-14,93.50923833242923,3.0,1143.3910977538285,0.0,-0.0,0.0,116.16853553178898
144,1,145,0.1016,0.0,1143.391097753841,,,,0,0.0,1,1941.6370085638641,1941.6370085638641,-0.0,310.6619213702183,64.46234868432029,0.0,,,291.24378790993,1941.6370085638641,1863.9715282213092,77.66548034255459,1941.6370085638641,0.0,1.0,0.0,0.0,0.15603609293329695,98.44870872797974,0.96,657.2244685859387,630.935489842501,26.28897874343761,1.0,0.0,0.0,0.15635651675926066,96.40565467808023,0.96,642.2665267668528,616.5758656961788,25.690661070674082,1.0,0.0,0.0,0.15635953265953106,96.38942450386978,0.96,642.1460132110725,616.4601726826296,25.685840528442895,,,,678.0057698198261,1863.9715282213092,1724.1736636048008,139.79786461660524,1863.971528221406,-9.686118573881686e-11,1.0,0,0,0.3932351967389929,226.00192327327363,0.925,621.3238427404659,574.724554534931,46.59928820553489,1.0,0,0,0.39323519673899665,226.00192327327866,0.925,621.3238427404738,574.7245545349383,46.59928820553546,1.0,0,0,0.3932351967389931,226.00192327327392,0.925,621.3238427404663,574.7245545349314,46.59928820553489,0.0,0,0,0.08724817754776784,0.0,0.88,0.0,0.0,0.0,1.0,,,0.101,174.1415400240849,1724.1736636048008,1724.1736636048008,0.0,53.449383571748825,0.0,,,217.46334495906297,-2.842170943040401e-14,93.50923833239708,3.0,1143.391097753841,0.0,-0.0,0.0,116.16853553179024
145,1,146,0.1016,0.0,1143.391097753829,,,,0,0.0,1,1941.6370085639378,1941.6370085639378,-0.0,310.66192137023006,64.46234868432273,0.0,,,291.24378790992466,1941.6370085639378,1863.9715282213801,77.66548034255766,1941.6370085639378,0.0,1.0,0.0,0.0,0.15603609293321774,98.44870872792939,0.96,657.2244685859362,630.9354898424987,26.288978743437497,1.0,0.0,0.0,0.15635651675933443,96.40565467812594,0.96,642.2665267668544,616.5758656961802,25.690661070674196,1.0,0.0,0.0,0.156359532659512,96.38942450386925,0.96,642.1460132111473,616.4601726827013,25.685840528445965,,,,678.0057698198203,1863.9715282213801,1724.1736636047922,139.79786461660467,1863.971528221397,-1.6825651982799172e-11,1.0,0,0,0.3932351967389922,226.00192327327278,0.925,621.3238427404646,574.7245545349298,46.599288205534776,1.0,0,0,0.39323519673899276,226.00192327327343,0.925,621.3238427404656,574.7245545349307,46.59928820553489,1.0,0,0,0.3932351967389932,226.00192327327406,0.925,621.3238427404666,574.7245545349316,46.599288205535004,0.0,0,0,0.08724817754776784,0.0,0.88,0.0,0.0,0.0,1.0,,,0.101,174.141540024084,1724.1736636047922,1724.1736636047922,0.0,53.449383571748555,0.0,,,217.4633449591455,-5.684341886080802e-14,93.50923833243256,3.0,1143.391097753829,0.0,-0.0,0.0,116.16853553178902
146,1,147,0.1016,0.0,1143.3910977538226,,,,0,0.0,1,1941.637008563957,1941.637008563957,-0.0,310.66192137023313,64.46234868432337,0.0,,,291.24378790991443,1941.637008563957,1863.9715282213986,77.66548034255834,1941.637008563957,0.0,1.0,0.0,0.0,0.15603609293329712,98.4487087279792,0.96,657.2244685859343,630.935489842497,26.288978743437383,1.0,0.0,0.0,0.15635651675923484,96.40565467807905,0.96,642.2665267669511,616.575865696273,25.69066107067806,1.0,0.0,0.0,0.15635953265950914,96.3894245038561,0.96,642.1460132110715,616.4601726826286,25.685840528442895,,,,678.0057698198237,1863.9715282213986,1724.1736636047972,139.797864616605,1863.9715282214022,-3.637978807091713e-12,1.0,0,0,0.3932351967389922,226.00192327327272,0.925,621.3238427404644,574.7245545349297,46.599288205534776,1.0,0,0,0.3932351967389923,226.00192327327287,0.925,621.3238427404647,574.7245545349299,46.599288205534776,1.0,0,0,0.3932351967389963,226.0019232732782,0.925,621.3238427404731,574.7245545349376,46.59928820553546,0.0,0,0,0.08724817754776784,0.0,0.88,0.0,0.0,0.0,1.0,,,0.101,174.14154002408452,1724.1736636047972,1724.1736636047972,0.0,53.44938357174871,0.0,,,217.4633449591597,-1.1368683772161603e-13,93.50923833243867,3.0,1143.3910977538226,0.0,-0.0,0.0,116.16853553178836
147,1,148,0.1016,0.0,1143.3910977538308,,,,0,0.0,1,1941.6370085639446,1941.6370085639446,-0.0,310.66192137023114,64.46234868432296,0.0,,,291.243787909926,1941.6370085639446,1863.971528221387,77.66548034255788,1941.6370085639446,0.0,1.0,0.0,0.0,0.15603609293329784,98.44870872797321,0.96,657.2244685858914,630.9354898424557,26.288978743435678,1.0,0.0,0.0,0.15635651675923415,96.40565467808194,0.96,642.2665267669732,616.5758656962943,25.69066107067897,1.0,0.0,0.0,0.15635953265953084,96.38942450387079,0.96,642.1460132110801,616.4601726826369,25.685840528443237,,,,678.0057698198208,1863.971528221387,1724.1736636047929,139.79786461660467,1863.9715282213974,-1.0459189070388675e-11,1.0,0,0,0.3932351967389922,226.00192327327278,0.925,621.3238427404646,574.7245545349298,46.599288205534776,1.0,0,0,0.3932351967389921,226.0019232732726,0.925,621.3238427404643,574.7245545349296,46.599288205534776,1.0,0,0,0.3932351967389942,226.0019232732754,0.925,621.3238427404686,574.7245545349335,46.59928820553512,0.0,0,0,0.08724817754776784,0.0,0.88,0.0,0.0,0.0,1.0,,,0.101,174.1415400240841,1724.1736636047929,1724.1736636047929,0.0,53.44938357174858,0.0,,,217.4633449591521,-1.4210854715202004e-13,93.5092383324354,3.0,1143.3910977538308,0.0,-0.0,0.0,116.1685355317892
148,1,149,0.1016,0.0,1143.3910977538267,,,,0,0.0,1,1941.6370085639478,1941.6370085639478,-0.0,310.66192137023165,64.46234868432306,0.0,,,291.2437879099259,1941.6370085639478,1863.97152822139,77.665480342558,1941.6370085639478,0.0,1.0,0.0,0.0,0.15603609293329984,98.44870872795735,0.96,657.2244685857771,630.935489842346,26.28897874343113,1.0,0.0,0.0,0.15635651675923126,96.40565467809787,0.96,642.2665267670912,616.5758656964076,25.690661070683632,1.0,0.0,0.0,0.15635953265953073,96.38942450387063,0.96,642.1460132110795,616.4601726826363,25.685840528443237,,,,678.0057698198171,1863.97152822139,1724.1736636047876,139.79786461660433,1863.971528221392,-2.0463630789890885e-12,1.0,0,0,0.393235196738992,226.0019232732724,0.925,621.323842740464,574.7245545349292,46.599288205534776,1.0,0,0,0.3932351967389919,226.00192327327227,0.925,621.3238427404638,574.724554534929,46.599288205534776,1.0,0,0,0.393235196738992,226.00192327327247,0.925,621.3238427404641,574.7245545349293,46.599288205534776,0.0,0,0,0.08724817754776784,0.0,0.88,0.0,0.0,0.0,1.0,,,0.101,174.14154002408355,1724.1736636047876,1724.1736636047876,0.0,53.44938357174841,0.0,,,217.46334495916028,5.684341886080802e-14,93.50923833243893,3.0,1143.3910977538267,0.0,-0.0,0.0,116.16853553178879
149,1,150,0.1016,0.0,1143.3910977538226,,,,0,0.0,1,1941.6370085639353,1941.6370085639353,-0.0,310.66192137022966,64.46234868432265,0.0,,,291.2437879099242,1941.6370085639353,1863.9715282213776,77.66548034255754,1941.6370085639353,0.0,1.0,0.0,0.0,0.1560360929332999,98.4487087279573,0.96,657.2244685857765,630.9354898423454,26.28897874343113,1.0,0.0,0.0,0.1563565167592316,96.40565467809566,0.96,642.2665267670751,616.575865696392,25.690661070683063,1.0,0.0,0.0,0.15635953265953068,96.3894245038712,0.96,642.1460132110835,616.4601726826402,25.68584052844335,,,,678.005769819815,1863.9715282213776,1724.1736636047845,139.797864616604,1863.9715282213883,-1.0686562745831907e-11,1.0,0,0,0.3932351967389913,226.00192327327153,0.925,621.3238427404626,574.724554534928,46.59928820553466,1.0,0,0,0.39323519673899143,226.00192327327164,0.925,621.3238427404627,574.7245545349281,46.59928820553466,1.0,0,0,0.39323519673899154,226.00192327327184,0.925,621.3238427404631,574.7245545349284,46.59928820553466,0.0,0,0,0.08724817754776784,0.0,0.88,0.0,0.0,0.0,1.0,,,0.101,174.14154002408324,1724.1736636047845,1724.1736636047845,0.0,53.44938357174832,0.0,,,217.46334495915085,1.4210854715202004e-13,93.50923833243486,3.0,1143.3910977538226,0.0,-0.0,0.0,116.16853553178836
150,1,151,0.1016,0.0,1143.391097753823,,,,0,0.0,1,1941.637008563943,1941.637008563943,-0.0,310.6619213702309,64.4623486843229,0.0,,,291.24378790992535,1941.637008563943,1863.9715282213851,77.66548034255788,1941.637008563943,0.0,1.0,0.0,0.0,0.1560360929332999,98.4487087279573,0.96,657.2244685857765,630.9354898423454,26.28897874343113,1.0,0.0,0.0,0.1563565167592315,96.40565467809681,0.96,642.2665267670832,616.5758656963998,25.690661070683404,1.0,0.0,0.0,0.1563595326595308,96.38942450387123,0.96,642.1460132110833,616.46017268264,25.68584052844335,,,,678.0057698198146,1863.9715282213851,1724.173663604784,139.797864616604,1863.9715282213879,-2.7284841053187847e-12,1.0,0,0,0.3932351967389912,226.0019232732714,0.925,621.3238427404624,574.7245545349277,46.59928820553466,1.0,0,0,0.3932351967389913,226.00192327327153,0.925,621.3238427404626,574.724554534928,46.59928820553466,1.0,0,0,0.39323519673899143,226.0019232732717,0.925,621.3238427404629,574.7245545349282,46.59928820553466,0.0,0,0,0.08724817754776784,0.0,0.88,0.0,0.0,0.0,1.0,,,0.101,174.14154002408318,1724.173663604784,1724.173663604784,0.0,53.44938357174831,0.0,,,217.46334495915914,-1.4210854715202004e-13,93.50923833243843,3.0,1143.391097753823,0.0,-0.0,0.0,116.16853553178842
151,1,152,0.1016,0.0,1143.3910977538221,,,,0,0.0,1,1941.6370085639487,1941.6370085639487,-0.0,310.6619213702318,64.4623486843231,0.0,,,291.2437879099192,1941.6370085639487,1863.9715282213906,77.665480342558,1941.6370085639487,0.0,1.0,0.0,0.0,0.15603609293328877,98.4487087279504,0.96,657.2244685857773,630.9354898423462,26.28897874343113,1.0,0.0,0.0,0.15635651675923132,96.4056546780975,0.96,642.2665267670885,616.575865696405,25.690661070683518,1.0,0.0,0.0,0.1563595326595308,96.38942450387118,0.96,642.146013211083,616.4601726826396,25.68584052844335,,,,678.005769819819,1863.9715282213906,1724.1736636047904,139.79786461660467,1863.9715282213947,-4.092726157978177e-12,1.0,0,0,0.39323519673899243,226.00192327327298,0.925,621.3238427404649,574.72455453493,46.59928820553489,1.0,0,0,0.39323519673899243,226.00192327327304,0.925,621.323842740465,574.7245545349301,46.59928820553489,1.0,0,0,0.39323519673899243,226.00192327327298,0.925,621.3238427404649,574.72455453493,46.59928820553489,0.0,0,0,0.08724817754776784,0.0,0.88,0.0,0.0,0.0,1.0,,,0.101,174.14154002408384,1724.1736636047904,1724.1736636047904,0.0,53.4493835717485,0.0,,,217.46334495915858,1.1368683772161603e-13,93.50923833243819,3.0,1143.3910977538221,0.0,-0.0,0.0,116.16853553178832
152,1,153,0.1016,0.0,1143.391097753828,,,,0,0.0,1,1941.6370085639476,1941.6370085639476,-0.0,310.6619213702316,64.46234868432306,0.0,,,291.24378790992614,1941.6370085639476,1863.9715282213895,77.665480342558,1941.6370085639476,0.0,1.0,0.0,0.0,0.1560360929332999,98.44870872795698,0.96,657.2244685857744,630.9354898423434,26.288978743431016,1.0,0.0,0.0,0.15635651675923137,96.40565467809792,0.96,642.266526767091,616.5758656964074,25.690661070683632,1.0,0.0,0.0,0.1563595326595309,96.38942450387113,0.96,642.1460132110822,616.4601726826388,25.68584052844335,,,,678.005769819818,1863.9715282213895,1724.173663604789,139.79786461660456,1863.9715282213933,-3.865352482534945e-12,1.0,0,0,0.39323519673899177,226.00192327327215,0.925,621.3238427404636,574.7245545349289,46.599288205534776,1.0,0,0,0.39323519673899243,226.00192327327298,0.925,621.3238427404649,574.72455453493,46.59928820553489,1.0,0,0,0.39323519673899243,226.00192327327298,0.925,621.3238427404649,574.72455453493,46.59928820553489,0.0,0,0,0.08724817754776784,0.0,0.88,0.0,0.0,0.0,1.0,,,0.101,174.1415400240837,1724.173663604789,1724.173663604789,0.0,53.449383571748456,0.0,,,217.4633449591587,1.4210854715202004e-13,93.50923833243823,3.0,1143.391097753828,0.0,-0.0,0.0,116.16853553178892
153,1,154,0.1016,0.0,1143.3910977538296,,,,0,0.0,1,1941.6370085639483,1941.6370085639483,-0.0,310.6619213702317,64.46234868432309,0.0,,,291.24378790992716,1941.6370085639483,1863.9715282213904,77.66548034255788,1941.6370085639483,0.0,1.0,0.0,0.0,0.15603609293330156,98.44870872795738,0.96,657.22446858577,630.9354898423392,26.28897874343079,1.0,0.0,0.0,0.1563565167592311,96.40565467809868,0.96,642.2665267670973,616.5758656964134,25.69066107068386,1.0,0.0,0.0,0.15635953265953087,96.38942450387096,0.96,642.1460132110811,616.4601726826379,25.685840528443237,,,,678.0057698198186,1863.9715282213904,1724.17366360479,139.79786461660444,1863.9715282213942,-3.865352482534945e-12,1.0,0,0,0.3932351967389922,226.00192327327278,0.925,621.3238427404646,574.7245545349298,46.599288205534776,1.0,0,0,0.3932351967389923,226.00192327327287,0.925,621.3238427404647,574.7245545349299,46.599288205534776,1.0,0,0,0.39323519673899243,226.00192327327298,0.925,621.3238427404649,574.72455453493,46.59928820553489,0.0,0,0,0.08724817754776784,0.0,0.88,0.0,0.0,0.0,1.0,,,0.101,174.14154002408378,1724.17366360479,1724.17366360479,0.0,53.449383571748484,0.0,,,217.46334495915846,5.684341886080802e-14,93.50923833243813,3.0,1143.3910977538296,0.0,-0.0,0.0,116.16853553178909
154,1,155,0.1016,0.0,1143.3910977538328,,,,0,0.0,1,1941.6370085639442,1941.6370085639442,-0.0,310.6619213702311,64.46234868432295,0.0,,,291.24378790992694,1941.6370085639442,1863.9715282213863,77.66548034255788,1941.6370085639442,0.0,1.0,0.0,0.0,0.15603609293329984,98.44870872795765,0.96,657.2244685857792,630.9354898423479,26.288978743431244,1.0,0.0,0.0,0.15635651675923112,96.40565467809861,0.96,642.2665267670967,616.5758656964128,25.69066107068386,1.0,0.0,0.0,0.15635953265953348,96.38942450387064,0.96,642.1460132110684,616.4601726826256,25.68584052844278,,,,678.0057698198217,1863.9715282213863,1724.173663604794,139.79786461660478,1863.9715282213988,-1.2505552149377763e-11,1.0,0,0,0.3932351967389923,226.00192327327287,0.925,621.3238427404647,574.7245545349299,46.599288205534776,1.0,0,0,0.39323519673899243,226.00192327327298,0.925,621.3238427404649,574.72455453493,46.59928820553489,1.0,0,0,0.39323519673899454,226.00192327327582,0.925,621.3238427404692,574.7245545349341,46.59928820553512,0.0,0,0,0.08724817754776784,0.0,0.88,0.0,0.0,0.0,1.0,,,0.101,174.1415400240842,1724.173663604794,1724.173663604794,0.0,53.44938357174861,0.0,,,217.46334495915016,-2.842170943040401e-14,93.50923833243456,3.0,1143.3910977538328,0.0,-0.0,0.0,116.1685355317894
155,1,156,0.1016,0.0,1143.391097753823,,,,0,0.0,1,1941.637008563952,1941.637008563952,-0.0,310.66192137023233,64.4623486843232,0.0,,,291.2437879099185,1941.637008563952,1863.9715282213938,77.66548034255811,1941.637008563952,0.0,1.0,0.0,0.0,0.15603609293329984,98.44870872795731,0.96,657.2244685857768,630.9354898423456,26.28897874343113,1.0,0.0,0.0,0.1563565167592178,96.40565467809004,0.96,642.2665267670943,616.5758656964106,25.690661070683745,1.0,0.0,0.0,0.15635953265953093,96.38942450387094,0.96,642.1460132110808,616.4601726826376,25.685840528443237,,,,678.0057698198204,1863.9715282213938,1724.1736636047922,139.79786461660467,1863.971528221397,-3.183231456205249e-12,1.0,0,0,0.393235196738993,226.00192327327375,0.925,621.323842740466,574.7245545349311,46.59928820553489,1.0,0,0,0.39323519673899265,226.0019232732733,0.925,621.3238427404654,574.7245545349305,46.59928820553489,1.0,0,0,0.39323519673899265,226.00192327327335,0.925,621.3238427404655,574.7245545349306,46.59928820553489,0.0,0,0,0.08724817754776784,0.0,0.88,0.0,0.0,0.0,1.0,,,0.101,174.141540024084,1724.1736636047922,1724.1736636047922,0.0,53.449383571748555,0.0,,,217.4633449591596,5.684341886080802e-14,93.50923833243863,3.0,1143.391097753823,0.0,-0.0,0.0,116.16853553178842
156,1,157,0.1016,0.0,1143.3910977538287,,,,0,0.0,1,1941.6370085639323,1941.6370085639323,-0.0,310.6619213702292,64.46234868432255,0.0,,,291.24378790992535,1941.6370085639323,1863.9715282213747,77.66548034255732,1941.6370085639323,0.0,1.0,0.0,0.0,0.15603609293330245,98.4487087279551,0.96,657.2244685857511,630.935489842321,26.288978743430107,1.0,0.0,0.0,0.15635651675923112,96.40565467809905,0.96,642.2665267670997,616.5758656964157,25.690661070683973,1.0,0.0,0.0,0.15635953265953084,96.38942450387098,0.96,642.1460132110814,616.4601726826381,25.685840528443237,,,,678.0057698198194,1863.9715282213747,1724.1736636047908,139.79786461660456,1863.9715282213956,-2.091837814077735e-11,1.0,0,0,0.3932351967389929,226.00192327327363,0.925,621.3238427404659,574.724554534931,46.59928820553489,1.0,0,0,0.3932351967389923,226.00192327327287,0.925,621.3238427404647,574.7245545349299,46.599288205534776,1.0,0,0,0.39323519673899243,226.00192327327298,0.925,621.3238427404649,574.72455453493,46.59928820553489,0.0,0,0,0.08724817754776784,0.0,0.88,0.0,0.0,0.0,1.0,,,0.101,174.1415400240839,1724.1736636047908,1724.1736636047908,0.0,53.44938357174851,0.0,,,217.46334495914095,5.684341886080802e-14,93.50923833243061,3.0,1143.3910977538287,0.0,-0.0,0.0,116.16853553178899
157,1,158,0.1016,0.0,1143.3910977538333,,,,0,0.0,1,1941.6370085639317,1941.6370085639317,-0.0,310.6619213702291,64.46234868432254,0.0,,,291.24378790992796,1941.6370085639317,1863.9715282213742,77.66548034255732,1941.6370085639317,0.0,1.0,0.0,0.0,0.15603609293330725,98.44870872795788,0.96,657.2244685857494,630.9354898423194,26.288978743429993,1.0,0.0,0.0,0.15635651675923132,96.40565467809847,0.96,642.266526767095,616.5758656964111,25.69066107068386,1.0,0.0,0.0,0.15635953265953062,96.38942450387171,0.96,642.1460132110872,616.4601726826437,25.685840528443464,,,,678.0057698198211,1863.9715282213742,1724.1736636047933,139.79786461660467,1863.9715282213979,-2.3646862246096134e-11,1.0,0,0,0.3932351967389922,226.00192327327272,0.925,621.3238427404644,574.7245545349297,46.599288205534776,1.0,0,0,0.3932351967389923,226.00192327327287,0.925,621.3238427404647,574.7245545349299,46.599288205534776,1.0,0,0,0.3932351967389943,226.00192327327554,0.925,621.3238427404689,574.7245545349338,46.59928820553512,0.0,0,0,0.08724817754776784,0.0,0.88,0.0,0.0,0.0,1.0,,,0.101,174.14154002408412,1724.1736636047933,1724.1736636047933,0.0,53.44938357174859,0.0,,,217.46334495913834,5.684341886080802e-14,93.50923833242949,3.0,1143.3910977538333,0.0,-0.0,0.0,116.16853553178946
158,1,159,0.1016,0.0,1143.3910977538287,,,,0,0.0,1,1941.6370085639448,1941.6370085639448,-0.0,310.6619213702312,64.46234868432298,0.0,,,291.24378790992625,1941.6370085639448,1863.971528221387,77.66548034255788,1941.6370085639448,0.0,1.0,0.0,0.0,0.156036092933301,98.44870872795681,0.96,657.2244685857686,630.9354898423378,26.28897874343079,1.0,0.0,0.0,0.15635651675923137,96.40565467809765,0.96,642.2665267670893,616.5758656964057,25.690661070683632,1.0,0.0,0.0,0.15635953265953062,96.38942450387168,0.96,642.1460132110869,616.4601726826435,25.685840528443464,,,,678.0057698198187,1863.971528221387,1724.17366360479,139.79786461660456,1863.9715282213942,-7.275957614183426e-12,1.0,0,0,0.3932351967389922,226.00192327327278,0.925,621.3238427404646,574.7245545349298,46.599288205534776,1.0,0,0,0.39323519673899243,226.00192327327298,0.925,621.3238427404649,574.72455453493,46.59928820553489,1.0,0,0,0.39323519673899243,226.00192327327298,0.925,621.3238427404649,574.72455453493,46.59928820553489,0.0,0,0,0.08724817754776784,0.0,0.88,0.0,0.0,0.0,1.0,,,0.101,174.14154002408378,1724.17366360479,1724.17366360479,0.0,53.449383571748484,0.0,,,217.46334495915517,-5.684341886080802e-14,93.50923833243672,3.0,1143.3910977538287,0.0,-0.0,0.0,116.16853553178899
159,1,160,0.1016,0.0,1143.3910977538228,,,,0,0.0,1,1941.6370085639428,1941.6370085639428,-0.0,310.66192137023086,64.4623486843229,0.0,,,291.2437879099201,1941.6370085639428,1863.9715282213851,77.66548034255766,1941.6370085639428,0.0,1.0,0.0,0.0,0.1560360929332914,98.44870872795063,0.96,657.2244685857677,630.935489842337,26.288978743430675,1.0,0.0,0.0,0.1563565167592314,96.40565467809756,0.96,642.2665267670885,616.575865696405,25.690661070683518,1.0,0.0,0.0,0.1563595326595308,96.38942450387172,0.96,642.1460132110866,616.4601726826431,25.685840528443464,,,,678.0057698198189,1863.9715282213851,1724.17366360479,139.79786461660456,1863.9715282213947,-9.549694368615746e-12,1.0,0,0,0.3932351967389923,226.00192327327287,0.925,621.3238427404647,574.7245545349299,46.599288205534776,1.0,0,0,0.39323519673899243,226.00192327327298,0.925,621.3238427404649,574.72455453493,46.59928820553489,1.0,0,0,0.39323519673899243,226.00192327327304,0.925,621.323842740465,574.7245545349301,46.59928820553489,0.0,0,0,0.08724817754776784,0.0,0.88,0.0,0.0,0.0,1.0,,,0.101,174.14154002408378,1724.17366360479,1724.17366360479,0.0,53.449383571748484,0.0,,,217.46334495915266,5.684341886080802e-14,93.50923833243564,3.0,1143.3910977538228,0.0,-0.0,0.0,116.1685355317884
160,1,161,0.1016,0.0,1143.3910977538224,,,,0,0.0,1,1941.6370085639483,1941.6370085639483,-0.0,310.6619213702317,64.46234868432309,0.0,,,291.24378790991966,1941.6370085639483,1863.9715282213904,77.665480342558,1941.6370085639483,0.0,1.0,0.0,0.0,0.15603609293328888,98.44870872795228,0.96,657.2244685857894,630.9354898423578,26.288978743431585,1.0,0.0,0.0,0.1563565167592318,96.40565467809544,0.96,642.266526767073,616.57586569639,25.69066107068295,1.0,0.0,0.0,0.15635953265953076,96.38942450387161,0.96,642.1460132110859,616.4601726826425,25.685840528443464,,,,678.0057698198189,1863.9715282213904,1724.17366360479,139.79786461660456,1863.9715282213945,-4.092726157978177e-12,1.0,0,0,0.3932351967389923,226.00192327327287,0.925,621.3238427404647,574.7245545349299,46.599288205534776,1.0,0,0,0.39323519673899243,226.00192327327298,0.925,621.3238427404649,574.72455453493,46.59928820553489,1.0,0,0,0.39323519673899243,226.00192327327298,0.925,621.3238427404649,574.72455453493,46.59928820553489,0.0,0,0,0.08724817754776784,0.0,0.88,0.0,0.0,0.0,1.0,,,0.101,174.14154002408378,1724.17366360479,1724.17366360479,0.0,53.449383571748484,0.0,,,217.46334495915846,5.684341886080802e-14,93.50923833243813,3.0,1143.3910977538224,0.0,-0.0,0.0,116.16853553178835
161,1,162,0.13994,0.0,1143.3910977538362,,,,0,0.0,1,1941.6370085639564,1941.6370085639564,-0.0,310.661921370233,64.46234868432336,0.0,,,291.2437879099276,1941.6370085639564,1863.9715282213979,77.66548034255845,1941.6370085639564,0.0,1.0,0.0,0.0,0.15603609293329995,98.44870872795737,0.96,657.2244685857768,630.9354898423456,26.28897874343113,1.0,0.0,0.0,0.15635651675923115,96.40565467810086,0.96,642.2665267671116,616.5758656964271,25.69066107068454,1.0,0.0,0.0,0.15635953265953118,96.38942450386918,0.96,642.1460132110681,616.4601726826253,25.68584052844278,,,,678.005769819824,1863.9715282213979,1724.1736636047976,139.797864616605,1863.9715282214024,-4.547473508864641e-12,1.0,0,0,0.39323519673899376,226.00192327327483,0.925,621.3238427404677,574.7245545349327,46.599288205535004,1.0,0,0,0.39323519673899354,226.0019232732745,0.925,621.3238427404673,574.7245545349323,46.599288205535004,1.0,0,0,0.39323519673899365,226.00192327327468,0.925,621.3238427404675,574.7245545349325,46.599288205535004,0.0,0,0,0.08724817754776784,0.0,0.88,0.0,0.0,0.0,1.0,,,0.101,174.14154002408458,1724.1736636047976,1724.1736636047976,0.0,53.449383571748726,0.0,,,217.46334495915892,5.684341886080802e-14,93.50923833243833,3.0,1143.3910977538362,0.0,-0.0,0.0,160.00615021967184
162,1,163,0.13994,0.0,1143.3910977538221,,,,0,0.0,1,1941.6370085638978,1941.6370085638978,-0.0,310.66192137022364,64.46234868432141,0.0,,,291.2437879099193,1941.6370085638978,1863.971528221342,77.66548034255595,1941.6370085638978,0.0,1.0,0.0,0.0,0.1560360929332999,98.44870872795734,0.96,657.2244685857768,630.9354898423456,26.28897874343113,1.0,0.0,0.0,0.15635651675923232,96.40565467809212,0.96,642.2665267670485,616.5758656963666,25.690661070681927,1.0,0.0,0.0,0.15635953265953106,96.38942450386978,0.96,642.1460132110725,616.4601726826296,25.685840528442895,,,,678.0057698198191,1863.971528221342,1724.1736636047904,139.79786461660467,1863.971528221395,-5.297806637827307e-11,1.0,0,0,0.39323519673899243,226.00192327327298,0.925,621.3238427404649,574.72455453493,46.59928820553489,1.0,0,0,0.39323519673899243,226.00192327327298,0.925,621.3238427404649,574.72455453493,46.59928820553489,1.0,0,0,0.39323519673899254,226.00192327327315,0.925,621.3238427404651,574.7245545349302,46.59928820553489,0.0,0,0,0.08724817754776784,0.0,0.88,0.0,0.0,0.0,1.0,,,0.101,174.14154002408384,1724.1736636047904,1724.1736636047904,0.0,53.4493835717485,0.0,,,217.46334495910764,-1.1368683772161603e-13,93.50923833241629,3.0,1143.3910977538221,0.0,-0.0,0.0,160.00615021966988
163,1,164,0.13994,0.0,1143.391097753829,,,,0,0.0,1,1941.6370085639485,1941.6370085639485,-0.0,310.66192137023177,64.46234868432309,0.0,,,291.24378790992625,1941.6370085639485,1863.9715282213906,77.665480342558,1941.6370085639485,0.0,1.0,0.0,0.0,0.15603609293329995,98.44870872795713,0.96,657.2244685857751,630.935489842344,26.288978743431016,1.0,0.0,0.0,0.1563565167592324,96.405654678092,0.96,642.2665267670475,616.5758656963656,25.690661070681927,1.0,0.0,0.0,0.1563595326595298,96.389424503877,0.96,642.1460132111258,616.4601726826808,25.685840528445055,,,,678.005769819819,1863.9715282213906,1724.17366360479,139.79786461660456,1863.9715282213945,-3.865352482534945e-12,1.0,0,0,0.3932351967389922,226.00192327327278,0.925,621.3238427404646,574.7245545349298,46.599288205534776,1.0,0,0,0.39323519673899243,226.00192327327298,0.925,621.3238427404649,574.72455453493,46.59928820553489,1.0,0,0,0.39323519673899254,226.00192327327315,0.925,621.3238427404651,574.7245545349302,46.59928820553489,0.0,0,0,0.08724817754776784,0.0,0.88,0.0,0.0,0.0,1.0,,,0.101,174.14154002408378,1724.17366360479,1724.17366360479,0.0,53.449383571748484,0.0,,,217.4633449591587,-5.684341886080802e-14,93.50923833243823,3.0,1143.391097753829,0.0,-0.0,0.0,160.00615021967084
164,1,165,0.13994,0.0,1143.3910977538226,,,,0,0.0,1,1941.637008563972,1941.637008563972,-0.0,310.6619213702355,64.46234868432387,0.0,,,291.24378790991693,1941.637008563972,1863.9715282214129,77.66548034255902,1941.637008563972,0.0,1.0,0.0,0.0,0.15603609293328027,98.44870872794424,0.96,657.2244685857719,630.935489842341,26.288978743430903,1.0,0.0,0.0,0.15635651675923168,96.40565467809576,0.96,642.2665267670754,616.5758656963924,25.690661070683063,1.0,0.0,0.0,0.1563595326595298,96.3894245038768,0.96,642.1460132111246,616.4601726826795,25.685840528445055,,,,678.0057698198214,1863.9715282214129,1724.1736636047935,139.79786461660467,1863.9715282213983,1.4551915228366852e-11,1.0,0,0,0.393235196738993,226.00192327327375,0.925,621.323842740466,574.7245545349311,46.59928820553489,1.0,0,0,0.393235196738993,226.00192327327375,0.925,621.323842740466,574.7245545349311,46.59928820553489,1.0,0,0,0.3932351967389931,226.00192327327392,0.925,621.3238427404663,574.7245545349314,46.59928820553489,0.0,0,0,0.08724817754776784,0.0,0.88,0.0,0.0,0.0,1.0,,,0.101,174.14154002408415,1724.1736636047935,1724.1736636047935,0.0,53.4493835717486,0.0,,,217.46334495917824,1.4210854715202004e-13,93.50923833244664,3.0,1143.3910977538226,0.0,-0.0,0.0,160.00615021966993
165,1,166,0.13994,0.0,1143.3910977538312,,,,0,0.0,1,1941.6370085639505,1941.6370085639505,-0.0,310.6619213702321,64.46234868432316,0.0,,,291.24378790992637,1941.6370085639505,1863.9715282213924,77.66548034255811,1941.6370085639505,0.0,1.0,0.0,0.0,0.15603609293329962,98.44870872795903,0.96,657.2244685857892,630.9354898423576,26.288978743431585,1.0,0.0,0.0,0.1563565167592316,96.40565467809566,0.96,642.2665267670751,616.575865696392,25.690661070683063,1.0,0.0,0.0,0.15635953265953076,96.38942450387165,0.96,642.1460132110863,616.4601726826428,25.685840528443464,,,,678.0057698198208,1863.9715282213924,1724.1736636047926,139.79786461660467,1863.9715282213974,-5.002220859751105e-12,1.0,0,0,0.39323519673899276,226.00192327327343,0.925,621.3238427404656,574.7245545349307,46.59928820553489,1.0,0,0,0.3932351967389929,226.0019232732736,0.925,621.3238427404658,574.7245545349309,46.59928820553489,1.0,0,0,0.393235196738993,226.00192327327375,0.925,621.323842740466,574.7245545349311,46.59928820553489,0.0,0,0,0.08724817754776784,0.0,0.88,0.0,0.0,0.0,1.0,,,0.101,174.14154002408407,1724.1736636047926,1724.1736636047926,0.0,53.44938357174857,0.0,,,217.46334495915778,0.0,93.50923833243785,3.0,1143.3910977538312,0.0,-0.0,0.0,160.00615021967116
166,1,167,0.1016,0.0,1143.3910977538294,,,,0,0.0,1,1941.6370085639508,1941.6370085639508,-0.0,310.6619213702321,64.46234868432316,0.0,,,291.2437879099248,1941.6370085639508,1863.9715282213926,77.66548034255823,1941.6370085639508,0.0,1.0,0.0,0.0,0.15603609293329973,98.44870872795897,0.96,657.2244685857884,630.9354898423568,26.288978743431585,1.0,0.0,0.0,0.15635651675923146,96.40565467809724,0.96,642.2665267670862,616.5758656964027,25.690661070683518,1.0,0.0,0.0,0.1563595326595282,96.38942450386857,0.96,642.1460132110763,616.4601726826331,25.685840528443123,,,,678.0057698198204,1863.9715282213926,1724.1736636047924,139.79786461660467,1863.971528221397,-4.320099833421409e-12,1.0,0,0,0.39323519673899243,226.00192327327298,0.925,621.3238427404649,574.72455453493,46.59928820553489,1.0,0,0,0.393235196738993,226.00192327327375,0.925,621.323842740466,574.7245545349311,46.59928820553489,1.0,0,0,0.393235196738993,226.0019232732738,0.925,621.3238427404661,574.7245545349313,46.59928820553489,0.0,0,0,0.08724817754776784,0.0,0.88,0.0,0.0,0.0,1.0,,,0.101,174.14154002408404,1724.1736636047924,1724.1736636047924,0.0,53.44938357174856,0.0,,,217.46334495915858,1.4210854715202004e-13,93.50923833243819,3.0,1143.3910977538294,0.0,-0.0,0.0,116.16853553178906
167,1,168,0.1016,0.0,1143.3910977538242,,,,0,0.0,1,1941.6370085639533,1941.6370085639533,-0.0,310.6619213702325,64.46234868432325,0.0,,,291.24378790991864,1941.6370085639533,1863.9715282213951,77.66548034255811,1941.6370085639533,0.0,1.0,0.0,0.0,0.1560360929332863,98.44870872795286,0.96,657.2244685858041,630.9354898423719,26.288978743432153,1.0,0.0,0.0,0.1563565167592315,96.4056546780972,0.96,642.2665267670857,616.5758656964023,25.690661070683404,1.0,0.0,0.0,0.15635953265953118,96.38942450386848,0.96,642.1460132110634,616.4601726826209,25.685840528442554,,,,678.0057698198214,1863.9715282213951,1724.1736636047935,139.79786461660467,1863.9715282213983,-3.183231456205249e-12,1.0,0,0,0.3932351967389929,226.00192327327363,0.925,621.3238427404659,574.724554534931,46.59928820553489,1.0,0,0,0.393235196738993,226.0019232732738,0.925,621.3238427404661,574.7245545349313,46.59928820553489,1.0,0,0,0.3932351967389931,226.00192327327392,0.925,621.3238427404663,574.7245545349314,46.59928820553489,0.0,0,0,0.08724817754776784,0.0,0.88,0.0,0.0,0.0,1.0,,,0.101,174.14154002408415,1724.1736636047935,1724.1736636047935,0.0,53.4493835717486,0.0,,,217.4633449591596,2.842170943040401e-14,93.50923833243863,3.0,1143.3910977538242,0.0,-0.0,0.0,116.16853553178854
